Time/Residue,AFR1_R1.xvg,AFR1_R2.xvg,Average
0,0.000492,0.0004982,0.0004951
0.01,0.0900119,0.0826582,0.08633505
0.02,0.09357,0.0936364,0.0936032
0.03,0.100997,0.1063044,0.1036507
0.04,0.09942,0.1238999,0.11165995
0.05,0.0955735,0.1311026,0.11333805
0.06,0.1046088,0.1170153,0.11081205
0.07,0.1123343,0.1212517,0.116793
0.08,0.1180001,0.1204037,0.1192019
0.09,0.1163047,0.1217655,0.1190351
0.1,0.1152368,0.1160072,0.115622
0.11,0.1252647,0.1218853,0.123575
0.12,0.1279986,0.1262048,0.1271017
0.13,0.1271202,0.1334047,0.13026245
0.14,0.1133224,0.1413172,0.1273198
0.15,0.1122077,0.13264,0.12242385
0.16,0.098382,0.1427905,0.12058625
0.17,0.1239342,0.1358608,0.1298975
0.18,0.1184855,0.1478569,0.1331712
0.19,0.1128924,0.1527348,0.1328136
0.2,0.1099247,0.1356808,0.12280275
0.21,0.1239861,0.1377992,0.13089265
0.22,0.1245792,0.1347988,0.129689
0.23,0.119668,0.1347694,0.1272187
0.24,0.1186591,0.1422942,0.13047665
0.25,0.1327181,0.1376805,0.1351993
0.26,0.1189797,0.1450409,0.1320103
0.27,0.124591,0.1513324,0.1379617
0.28,0.1172845,0.1516079,0.1344462
0.29,0.1249179,0.1659752,0.14544655
0.3,0.1183467,0.1579009,0.1381238
0.31,0.1327728,0.1582059,0.14548935
0.32,0.1241686,0.1597522,0.1419604
0.33,0.1264832,0.1437718,0.1351275
0.34,0.121633,0.1376534,0.1296432
0.35,0.126399,0.1337671,0.13008305
0.36,0.130618,0.1372713,0.13394465
0.37,0.1302975,0.1325404,0.13141895
0.38,0.1318554,0.140022,0.1359387
0.39,0.1205524,0.1315317,0.12604205
0.4,0.1251705,0.1382548,0.13171265
0.41,0.1318658,0.128942,0.1304039
0.42,0.1258607,0.1319941,0.1289274
0.43,0.1233506,0.1298523,0.12660145
0.44,0.1274387,0.1269678,0.12720325
0.45,0.1308306,0.1312179,0.13102425
0.46,0.1445428,0.1316192,0.138081
0.47,0.128293,0.1310351,0.12966405
0.48,0.1318319,0.1240809,0.1279564
0.49,0.1283694,0.1282489,0.12830915
0.5,0.1246025,0.13827,0.13143625
0.5100001,0.1318767,0.1366521,0.1342644
0.52,0.1296621,0.1409864,0.13532425
0.53,0.1346963,0.1431705,0.1389334
0.54,0.1270864,0.1414851,0.13428575
0.55,0.1336211,0.1410545,0.1373378
0.56,0.1353751,0.1528061,0.1440906
0.5700001,0.1345152,0.1533151,0.14391515
0.58,0.1465972,0.1516,0.1490986
0.59,0.1445952,0.1600264,0.1523108
0.6,0.1544045,0.165227,0.15981575
0.61,0.1387131,0.1517694,0.14524125
0.62,0.1547673,0.1502497,0.1525085
0.6300001,0.1545009,0.1592162,0.15685855
0.64,0.1505242,0.151067,0.1507956
0.65,0.1508158,0.1494354,0.1501256
0.66,0.1373591,0.1460056,0.14168235
0.67,0.1470274,0.141349,0.1441882
0.68,0.1403262,0.1475253,0.14392575
0.6900001,0.1411021,0.1542265,0.1476643
0.7,0.1433194,0.1466075,0.14496345
0.71,0.146898,0.1522209,0.14955945
0.72,0.1448413,0.1685292,0.15668525
0.73,0.143343,0.1512731,0.14730805
0.74,0.1433028,0.1587852,0.151044
0.7500001,0.153313,0.1593416,0.1563273
0.7600001,0.1503598,0.1595591,0.15495945
0.77,0.1464296,0.1566011,0.15151535
0.78,0.1482951,0.1580409,0.153168
0.79,0.1489893,0.1627768,0.15588305
0.8,0.1498585,0.1586382,0.15424835
0.8100001,0.137604,0.1639378,0.1507709
0.8200001,0.1508724,0.156016,0.1534442
0.83,0.1496819,0.155918,0.15279995
0.84,0.1424922,0.1596392,0.1510657
0.85,0.1461204,0.1521051,0.14911275
0.86,0.1605155,0.1463904,0.15345295
0.8700001,0.1475973,0.1474492,0.14752325
0.8800001,0.1455225,0.1527238,0.14912315
0.89,0.1446285,0.1458926,0.14526055
0.9,0.1573199,0.1521333,0.1547266
0.91,0.1449199,0.1473215,0.1461207
0.92,0.1534001,0.151167,0.15228355
0.9300001,0.1626959,0.1509488,0.15682235
0.9400001,0.1561519,0.1457643,0.1509581
0.95,0.149778,0.1590604,0.1544192
0.96,0.1733719,0.1644604,0.16891615
0.97,0.138981,0.1628251,0.15090305
0.98,0.1526604,0.1522406,0.1524505
0.9900001,0.1550033,0.1470014,0.15100235
1,0.1556769,0.149217,0.15244695
1.01,0.1638724,0.1630879,0.16348015
1.0200001,0.1727943,0.1614739,0.1671341
1.0300001,0.1677975,0.1492827,0.1585401
1.0400001,0.1612413,0.149589,0.15541515
1.0500001,0.1618815,0.1546963,0.1582889
1.0600001,0.157577,0.153602,0.1555895
1.0700001,0.1559251,0.1529974,0.15446125
1.08,0.1544086,0.1573315,0.15587005
1.09,0.1548004,0.1465813,0.15069085
1.1,0.1475325,0.1536587,0.1505956
1.11,0.1463926,0.1549705,0.15068155
1.12,0.1497832,0.1496465,0.14971485
1.13,0.1492691,0.1594243,0.1543467
1.1400001,0.142198,0.1565917,0.14939485
1.1500001,0.1442661,0.1509272,0.14759665
1.1600001,0.1577035,0.167507,0.16260525
1.1700001,0.1565635,0.1707804,0.16367195
1.1800001,0.1547124,0.1576708,0.1561916
1.1900001,0.1462796,0.1667788,0.1565292
1.2,0.1586966,0.153155,0.1559258
1.21,0.1617968,0.1532608,0.1575288
1.22,0.1567991,0.1385997,0.1476994
1.23,0.1603947,0.147575,0.15398485
1.24,0.1579582,0.1599015,0.15892985
1.25,0.1494799,0.1516599,0.1505699
1.2600001,0.1570327,0.149874,0.15345335
1.2700001,0.1572655,0.1582951,0.1577803
1.2800001,0.161523,0.1541656,0.1578443
1.2900001,0.1561443,0.1549324,0.15553835
1.3000001,0.1543997,0.1602268,0.15731325
1.3100001,0.1541828,0.1499377,0.15206025
1.3200001,0.1579948,0.1570994,0.1575471
1.33,0.1655719,0.1636466,0.16460925
1.34,0.1575272,0.1586372,0.1580822
1.35,0.1680497,0.1568194,0.16243455
1.36,0.1626038,0.1741854,0.1683946
1.3700001,0.155709,0.1633595,0.15953425
1.3800001,0.1522334,0.1696267,0.16093005
1.3900001,0.1584568,0.1568796,0.1576682
1.4000001,0.1545836,0.166421,0.1605023
1.4100001,0.1558681,0.1646839,0.160276
1.4200001,0.1547085,0.1606079,0.1576582
1.4300001,0.1625492,0.1658822,0.1642157
1.4400001,0.1618077,0.1581176,0.15996265
1.45,0.1550359,0.1540443,0.1545401
1.46,0.1595399,0.1571219,0.1583309
1.47,0.1625471,0.1528658,0.15770645
1.48,0.1681829,0.1498138,0.15899835
1.4900001,0.1775726,0.1624916,0.1700321
1.5000001,0.1595276,0.1613154,0.1604215
1.5100001,0.1690224,0.154698,0.1618602
1.5200001,0.1640092,0.1567598,0.1603845
1.5300001,0.1604047,0.1639014,0.16215305
1.5400001,0.1530233,0.1500589,0.1515411
1.5500001,0.1578493,0.1627987,0.160324
1.5600001,0.1523279,0.161833,0.15708045
1.5700001,0.1461655,0.1547417,0.1504536
1.58,0.1498282,0.1565765,0.15320235
1.59,0.1558128,0.1703764,0.1630946
1.6,0.1649457,0.1798332,0.17238945
1.6100001,0.1665746,0.166006,0.1662903
1.6200001,0.1566991,0.1631153,0.1599072
1.6300001,0.1639938,0.170795,0.1673944
1.6400001,0.1635869,0.1695502,0.16656855
1.6500001,0.1561789,0.1952428,0.17571085
1.6600001,0.163995,0.181613,0.172804
1.6700001,0.1653156,0.1789052,0.1721104
1.6800001,0.1681179,0.1741296,0.17112375
1.6900001,0.1628193,0.1832614,0.17304035
1.7,0.1528933,0.1872588,0.17007605
1.71,0.1577448,0.1900788,0.1739118
1.72,0.1643033,0.1909145,0.1776089
1.7300001,0.1680496,0.1772824,0.172666
1.7400001,0.164238,0.184072,0.174155
1.7500001,0.1731401,0.175242,0.17419105
1.7600001,0.1703682,0.1832515,0.17680985
1.7700001,0.1642448,0.1962592,0.180252
1.7800001,0.1652027,0.1877661,0.1764844
1.7900001,0.1670229,0.1875195,0.1772712
1.8000001,0.1685258,0.1838886,0.1762072
1.8100001,0.154345,0.1857218,0.1700334
1.8200001,0.1596112,0.1853033,0.17245725
1.83,0.1567453,0.1844553,0.1706003
1.84,0.1647584,0.1989887,0.18187355
1.8500001,0.1607621,0.203723,0.18224255
1.8600001,0.1522734,0.1954058,0.1738396
1.8700001,0.1529572,0.1947425,0.17384985
1.8800001,0.1674478,0.1880967,0.17777225
1.8900001,0.1603171,0.1770392,0.16867815
1.9000001,0.1645758,0.1769673,0.17077155
1.9100001,0.1748729,0.1826179,0.1787454
1.9200001,0.1776294,0.1764568,0.1770431
1.9300001,0.1708806,0.1821934,0.176537
1.9400001,0.1593673,0.1877581,0.1735627
1.95,0.1731983,0.1918921,0.1825452
1.96,0.1689654,0.1926093,0.18078735
1.9700001,0.1758967,0.2094895,0.1926931
1.9800001,0.1687528,0.1932915,0.18102215
1.9900001,0.1669493,0.1986445,0.1827969
2,0.1760798,0.194141,0.1851104
2.01,0.1692048,0.2008569,0.18503085
2.02,0.1683702,0.2042704,0.1863203
2.0300002,0.1600878,0.2068496,0.1834687
2.0400002,0.1669439,0.1964308,0.18168735
2.0500002,0.1637384,0.2027041,0.18322125
2.0600002,0.1701673,0.1937796,0.18197345
2.0700002,0.1680735,0.1823639,0.1752187
2.0800002,0.1801184,0.1800129,0.18006565
2.0900002,0.1718225,0.184807,0.17831475
2.1000001,0.1823022,0.1854348,0.1838685
2.1100001,0.1774848,0.198925,0.1882049
2.1200001,0.1732009,0.2023306,0.18776575
2.1300001,0.1765676,0.1970458,0.1868067
2.1400001,0.1808557,0.1824522,0.18165395
2.1500001,0.1656568,0.1823903,0.17402355
2.1600001,0.1716471,0.1816662,0.17665665
2.1700001,0.161538,0.1909727,0.17625535
2.1800001,0.1675696,0.176278,0.1719238
2.1900001,0.1721874,0.1772158,0.1747016
2.2,0.1718069,0.1880108,0.17990885
2.21,0.1746996,0.1848347,0.17976715
2.22,0.1681522,0.1917489,0.17995055
2.23,0.1663601,0.1804269,0.1733935
2.24,0.1793057,0.1945075,0.1869066
2.25,0.176424,0.1975391,0.18698155
2.26,0.1765184,0.1870646,0.1817915
2.2700002,0.1610977,0.1807383,0.170918
2.2800002,0.172431,0.187119,0.179775
2.2900002,0.173836,0.1926901,0.18326305
2.3000002,0.1744046,0.1829253,0.17866495
2.3100002,0.172587,0.1776897,0.17513835
2.3200002,0.1658419,0.1757894,0.17081565
2.3300002,0.1769877,0.1864094,0.18169855
2.3400002,0.1727912,0.1953134,0.1840523
2.3500001,0.1675793,0.1906673,0.1791233
2.3600001,0.1745426,0.1989169,0.18672975
2.3700001,0.1707555,0.200036,0.18539575
2.3800001,0.1693714,0.19779,0.1835807
2.3900001,0.1703619,0.1952068,0.18278435
2.4000001,0.1770368,0.2145758,0.1958063
2.4100001,0.178273,0.2019376,0.1901053
2.4200001,0.1671628,0.2043935,0.18577815
2.4300001,0.1750423,0.2078131,0.1914277
2.4400001,0.1790701,0.2054682,0.19226915
2.45,0.1737533,0.2001303,0.1869418
2.46,0.1774643,0.2018832,0.18967375
2.47,0.1691292,0.1919338,0.1805315
2.48,0.1809383,0.1884275,0.1846829
2.49,0.1822943,0.1923711,0.1873327
2.5,0.1845461,0.1945311,0.1895386
2.5100002,0.1854883,0.1871527,0.1863205
2.5200002,0.1734679,0.1957494,0.18460865
2.5300002,0.1814566,0.1908769,0.18616675
2.5400002,0.1736412,0.1930087,0.18332495
2.5500002,0.1831943,0.1941272,0.18866075
2.5600002,0.1771798,0.1803712,0.1787755
2.5700002,0.1743406,0.1729683,0.17365445
2.5800002,0.1858316,0.1838365,0.18483405
2.5900002,0.1808074,0.188433,0.1846202
2.6000001,0.1685111,0.180489,0.17450005
2.6100001,0.1681744,0.1882665,0.17822045
2.6200001,0.1740662,0.1956097,0.18483795
2.6300001,0.1781877,0.1841815,0.1811846
2.6400001,0.1894164,0.1781895,0.18380295
2.6500001,0.1805191,0.1758374,0.17817825
2.6600001,0.1762343,0.1747569,0.1754956
2.6700001,0.176822,0.179175,0.1779985
2.6800001,0.175724,0.1793995,0.17756175
2.6900001,0.1789696,0.1719687,0.17546915
2.7,0.1944424,0.1731638,0.1838031
2.71,0.1870323,0.1661183,0.1765753
2.72,0.1893135,0.1663476,0.17783055
2.73,0.185835,0.1691988,0.1775169
2.7400002,0.1780772,0.1667503,0.17241375
2.7500002,0.182885,0.1773934,0.1801392
2.7600002,0.1817868,0.1840245,0.18290565
2.7700002,0.1866767,0.1823757,0.1845262
2.7800002,0.1778772,0.1712794,0.1745783
2.7900002,0.1707456,0.162087,0.1664163
2.8000002,0.1858909,0.1655689,0.1757299
2.8100002,0.1831911,0.1692695,0.1762303
2.8200002,0.1752506,0.178688,0.1769693
2.8300002,0.1758891,0.1766138,0.17625145
2.8400002,0.1791471,0.1799387,0.1795429
2.8500001,0.1763857,0.177685,0.17703535
2.8600001,0.1734533,0.182377,0.17791515
2.8700001,0.1739561,0.1833825,0.1786693
2.8800001,0.1710831,0.1920028,0.18154295
2.8900001,0.169213,0.1912831,0.18024805
2.9000001,0.1730358,0.1778737,0.17545475
2.9100001,0.1777941,0.1815998,0.17969695
2.9200001,0.1634484,0.1774954,0.1704719
2.9300001,0.1735586,0.1895183,0.18153845
2.9400001,0.168287,0.1841073,0.17619715
2.95,0.1817324,0.1803364,0.1810344
2.96,0.1681368,0.1853245,0.17673065
2.97,0.1731131,0.1827672,0.17794015
2.9800003,0.1647085,0.1896468,0.17717765
2.9900002,0.166688,0.1812821,0.17398505
3.0000002,0.1583085,0.1818587,0.1700836
3.0100002,0.1632206,0.1843615,0.17379105
3.0200002,0.1612183,0.1821629,0.1716906
3.0300002,0.1631198,0.1884683,0.17579405
3.0400002,0.1622926,0.1806899,0.17149125
3.0500002,0.166468,0.1881887,0.17732835
3.0600002,0.1704328,0.1903017,0.18036725
3.0700002,0.1648307,0.197122,0.18097635
3.0800002,0.1784894,0.1868045,0.18264695
3.0900002,0.1702823,0.1962792,0.18328075
3.1000001,0.1797444,0.1908206,0.1852825
3.1100001,0.1762124,0.1910892,0.1836508
3.1200001,0.1763412,0.2002329,0.18828705
3.1300001,0.1647086,0.1986082,0.1816584
3.1400001,0.1645612,0.1913382,0.1779497
3.1500001,0.1588004,0.1951215,0.17696095
3.1600001,0.1706854,0.1877776,0.1792315
3.1700001,0.1635205,0.1876235,0.175572
3.1800001,0.1646797,0.1890291,0.1768544
3.1900001,0.164335,0.1874128,0.1758739
3.2,0.1653828,0.2038538,0.1846183
3.21,0.1667634,0.1992433,0.18300335
3.2200003,0.1654027,0.1967231,0.1810629
3.2300003,0.15781,0.1986554,0.1782327
3.2400002,0.1656459,0.1995696,0.18260775
3.2500002,0.160111,0.1986204,0.1793657
3.2600002,0.1615351,0.1986795,0.1801073
3.2700002,0.1663465,0.195837,0.18109175
3.2800002,0.1602832,0.1935055,0.17689435
3.2900002,0.1605388,0.1909608,0.1757498
3.3000002,0.155587,0.1901816,0.1728843
3.3100002,0.1527711,0.1857047,0.1692379
3.3200002,0.1494765,0.1874201,0.1684483
3.3300002,0.1517064,0.1967892,0.1742478
3.3400002,0.1535871,0.1948723,0.1742297
3.3500001,0.1601829,0.1996348,0.17990885
3.3600001,0.1643198,0.1930131,0.17866645
3.3700001,0.1643617,0.1887399,0.1765508
3.3800001,0.1647913,0.1938514,0.17932135
3.3900001,0.1755416,0.1883478,0.1819447
3.4000001,0.1646103,0.1860778,0.17534405
3.4100001,0.1596454,0.1929846,0.176315
3.4200001,0.1626742,0.1964208,0.1795475
3.4300001,0.1641661,0.1873218,0.17574395
3.4400001,0.1692159,0.1893163,0.1792661
3.45,0.1707006,0.187521,0.1791108
3.4600003,0.1751391,0.1883747,0.1817569
3.4700003,0.1748321,0.1833861,0.1791091
3.4800003,0.1784587,0.1740021,0.1762304
3.4900002,0.1622964,0.1825982,0.1724473
3.5000002,0.1702446,0.1829913,0.17661795
3.5100002,0.1678648,0.1727626,0.1703137
3.5200002,0.1730481,0.1665853,0.1698167
3.5300002,0.1829996,0.1789654,0.1809825
3.5400002,0.1792796,0.1692243,0.17425195
3.5500002,0.1831559,0.1762462,0.17970105
3.5600002,0.1865923,0.1769135,0.1817529
3.5700002,0.1770949,0.177079,0.17708695
3.5800002,0.1693035,0.1717141,0.1705088
3.5900002,0.1752668,0.1703557,0.17281125
3.6000001,0.1821459,0.1758006,0.17897325
3.6100001,0.1699811,0.179066,0.17452355
3.6200001,0.1644337,0.1742257,0.1693297
3.6300001,0.1564035,0.1835818,0.16999265
3.6400001,0.1589668,0.1787317,0.16884925
3.6500001,0.1604361,0.1733383,0.1668872
3.6600001,0.1700861,0.1799533,0.1750197
3.6700001,0.1770115,0.1978549,0.1874332
3.6800001,0.1794636,0.1899737,0.18471865
3.6900001,0.1766388,0.1850203,0.18082955
3.7000003,0.1724559,0.1854087,0.1789323
3.7100003,0.1804454,0.1907714,0.1856084
3.7200003,0.1811652,0.1737833,0.17747425
3.7300003,0.1844131,0.1795346,0.18197385
3.7400002,0.1850312,0.1810083,0.18301975
3.7500002,0.1934527,0.1834802,0.18846645
3.7600002,0.1803676,0.1773168,0.1788422
3.7700002,0.1895664,0.180868,0.1852172
3.7800002,0.1858394,0.1849879,0.18541365
3.7900002,0.1943122,0.1894305,0.19187135
3.8000002,0.2005733,0.1944408,0.19750705
3.8100002,0.192864,0.1811083,0.18698615
3.8200002,0.1852282,0.1790186,0.1821234
3.8300002,0.1917313,0.1750369,0.1833841
3.8400002,0.184799,0.18987,0.1873345
3.8500001,0.1849286,0.1865625,0.18574555
3.8600001,0.1798831,0.1908246,0.18535385
3.8700001,0.1778423,0.1816781,0.1797602
3.8800001,0.1706544,0.182025,0.1763397
3.8900001,0.1750682,0.1898558,0.182462
3.9000001,0.1799254,0.1851836,0.1825545
3.9100001,0.1751381,0.1931472,0.18414265
3.9200001,0.1721183,0.2054357,0.188777
3.9300003,0.1792225,0.2044021,0.1918123
3.9400003,0.1851215,0.2031808,0.19415115
3.9500003,0.178537,0.2006541,0.18959555
3.9600003,0.1806072,0.1963812,0.1884942
3.9700003,0.1707575,0.1984888,0.18462315
3.9800003,0.1800356,0.2021808,0.1911082
3.9900002,0.1668404,0.2025165,0.18467845
4,0.1710857,0.1987559,0.1849208
4.0100002,0.172699,0.20698,0.1898395
4.02,0.1671107,0.2016199,0.1843653
4.0300002,0.1837941,0.2104936,0.19714385
4.04,0.1837709,0.1925791,0.188175
4.0500002,0.1863229,0.203453,0.19488795
4.0600004,0.186805,0.2074562,0.1971306
4.0700002,0.1819719,0.2049831,0.1934775
4.0800004,0.167935,0.1994977,0.18371635
4.0900002,0.1579863,0.1919438,0.17496505
4.1000004,0.1603484,0.1904046,0.1753765
4.1100001,0.1619775,0.2042618,0.18311965
4.1200004,0.1525035,0.1962504,0.17437695
4.1300001,0.1518609,0.1941261,0.1729935
4.1400003,0.1474399,0.2015541,0.174497
4.1500001,0.1584001,0.2098758,0.18413795
4.1600003,0.1645694,0.2058195,0.18519445
4.1700001,0.1579186,0.1961042,0.1770114
4.1800003,0.1578494,0.1945583,0.17620385
4.1900001,0.1475067,0.1872614,0.16738405
4.2000003,0.1598575,0.1829623,0.1714099
4.21,0.1591901,0.1979233,0.1785567
4.2200003,0.1591015,0.199653,0.17937725
4.23,0.1669709,0.1904286,0.17869975
4.2400002,0.1658905,0.1900108,0.17795065
4.25,0.1635179,0.1878918,0.17570485
4.2600002,0.163163,0.1917545,0.17745875
4.27,0.169083,0.1912818,0.1801824
4.2800002,0.16775,0.1860572,0.1769036
4.2900004,0.1611105,0.1916545,0.1763825
4.3000002,0.1598849,0.182716,0.17130045
4.3100004,0.1784652,0.1997153,0.18909025
4.3200002,0.1741155,0.1989649,0.1865402
4.3300004,0.1676618,0.2060592,0.1868605
4.3400002,0.1602044,0.2026053,0.18140485
4.3500004,0.1646929,0.2046462,0.18466955
4.3600001,0.1694107,0.2084038,0.18890725
4.3700004,0.1635352,0.19979,0.1816626
4.3800001,0.1653237,0.2024302,0.18387695
4.3900003,0.1651899,0.1994912,0.18234055
4.4000001,0.1653245,0.1988956,0.18211005
4.4100003,0.1623561,0.2076862,0.18502115
4.4200001,0.1650581,0.2031381,0.1840981
4.4300003,0.1577881,0.1935412,0.17566465
4.4400001,0.1673497,0.185381,0.17636535
4.4500003,0.1703126,0.1929869,0.18164975
4.46,0.1766673,0.1882056,0.18243645
4.4700003,0.1851941,0.1908221,0.1880081
4.48,0.1685576,0.1850425,0.17680005
4.4900002,0.1733105,0.1876311,0.1804708
4.5,0.1671042,0.1876041,0.17735415
4.5100002,0.1652519,0.1932135,0.1792327
4.52,0.1748151,0.1984095,0.1866123
4.5300002,0.1729798,0.2055196,0.1892497
4.5400004,0.1711529,0.1980774,0.18461515
4.5500002,0.1648443,0.196728,0.18078615
4.5600004,0.1657935,0.2009493,0.1833714
4.5700002,0.1676586,0.190834,0.1792463
4.5800004,0.1660987,0.1923328,0.17921575
4.5900002,0.1735612,0.1974667,0.18551395
4.6000004,0.1800967,0.1833338,0.18171525
4.6100001,0.1725765,0.1947188,0.18364765
4.6200004,0.176136,0.1953648,0.1857504
4.6300001,0.1794695,0.1964242,0.18794685
4.6400003,0.1804306,0.1926006,0.1865156
4.6500001,0.177899,0.1925053,0.18520215
4.6600003,0.1760462,0.1915568,0.1838015
4.6700001,0.1818788,0.2070418,0.1944603
4.6800003,0.1759614,0.198708,0.1873347
4.6900001,0.1865405,0.1987206,0.19263055
4.7000003,0.1806798,0.209499,0.1950894
4.71,0.1829035,0.2059865,0.194445
4.7200003,0.1837219,0.2012355,0.1924787
4.73,0.1860708,0.205632,0.1958514
4.7400002,0.1825673,0.2055129,0.1940401
4.75,0.1871927,0.1888123,0.1880025
4.7600002,0.1814364,0.2158084,0.1986224
4.7700005,0.1855121,0.2023008,0.19390645
4.7800002,0.1836357,0.1914034,0.18751955
4.7900004,0.1752672,0.2074304,0.1913488
4.8000002,0.1824601,0.1873918,0.18492595
4.8100004,0.192096,0.1964494,0.1942727
4.8200002,0.1922897,0.2064621,0.1993759
4.8300004,0.1884064,0.1870649,0.18773565
4.8400002,0.1839298,0.1913151,0.18762245
4.8500004,0.1880427,0.1914425,0.1897426
4.8600001,0.1763598,0.2025287,0.18944425
4.8700004,0.179312,0.2016931,0.19050255
4.8800001,0.1787724,0.1986548,0.1887136
4.8900003,0.1698842,0.2031707,0.18652745
4.9000001,0.1719607,0.2015774,0.18676905
4.9100003,0.172589,0.1903884,0.1814887
4.9200001,0.175289,0.2013215,0.18830525
4.9300003,0.1684996,0.200946,0.1847228
4.9400001,0.1758753,0.201807,0.18884115
4.9500003,0.1737946,0.1987183,0.18625645
4.96,0.1715533,0.2146001,0.1930767
4.9700003,0.1848734,0.2061382,0.1955058
4.98,0.1754771,0.1962217,0.1858494
4.9900002,0.173477,0.2054772,0.1894771
5,0.1784127,0.2046368,0.19152475
5.0100002,0.1828647,0.2033874,0.19312605
5.0200005,0.1759583,0.2077845,0.1918714
5.0300002,0.1822779,0.1999833,0.1911306
5.0400004,0.1800764,0.1975042,0.1887903
5.0500002,0.170567,0.1945868,0.1825769
5.0600004,0.1691146,0.2033924,0.1862535
5.0700002,0.171001,0.207394,0.1891975
5.0800004,0.1771407,0.2253596,0.20125015
5.0900002,0.1753496,0.2082729,0.19181125
5.1000004,0.1725431,0.2156868,0.19411495
5.1100001,0.1710657,0.2126004,0.19183305
5.1200004,0.1702804,0.2123501,0.19131525
5.1300001,0.1664212,0.210322,0.1883716
5.1400003,0.1748119,0.2158763,0.1953441
5.1500001,0.1783458,0.2123526,0.1953492
5.1600003,0.1707186,0.2194998,0.1951092
5.1700001,0.1752747,0.2275241,0.2013994
5.1800003,0.1711736,0.215298,0.1932358
5.1900001,0.1683219,0.2150449,0.1916834
5.2000003,0.1664427,0.2164553,0.191449
5.21,0.1802642,0.2262001,0.20323215
5.2200003,0.1772286,0.212413,0.1948208
5.23,0.1785584,0.2256376,0.202098
5.2400002,0.1695739,0.2140051,0.1917895
5.2500005,0.1721015,0.2132122,0.19265685
5.2600002,0.1737611,0.2175294,0.19564525
5.2700005,0.1717431,0.2143834,0.19306325
5.2800002,0.1746397,0.220499,0.19756935
5.2900004,0.1830163,0.2185832,0.20079975
5.3000002,0.1789002,0.2167963,0.19784825
5.3100004,0.168878,0.2205762,0.1947271
5.3200002,0.1739668,0.2184833,0.19622505
5.3300004,0.1682902,0.2242825,0.19628635
5.3400002,0.1795519,0.2203078,0.19992985
5.3500004,0.1764562,0.2146439,0.19555005
5.3600001,0.1814861,0.2215275,0.2015068
5.3700004,0.1824851,0.2149477,0.1987164
5.3800001,0.1753599,0.2104097,0.1928848
5.3900003,0.1825774,0.230216,0.2063967
5.4000001,0.1708017,0.2159454,0.19337355
5.4100003,0.1816795,0.218482,0.20008075
5.4200001,0.1695911,0.2132282,0.19140965
5.4300003,0.1720747,0.2010226,0.18654865
5.4400001,0.168488,0.2152937,0.19189085
5.4500003,0.174187,0.2075859,0.19088645
5.46,0.176982,0.2017627,0.18937235
5.4700003,0.1693293,0.2142544,0.19179185
5.4800005,0.1780265,0.2141971,0.1961118
5.4900002,0.1812869,0.2216191,0.201453
5.5000005,0.1627126,0.225121,0.1939168
5.5100002,0.1780597,0.2175719,0.1978158
5.5200005,0.1643863,0.2174802,0.19093325
5.5300002,0.1730753,0.2237196,0.19839745
5.5400004,0.1788086,0.2276607,0.20323465
5.5500002,0.1677932,0.2245527,0.19617295
5.5600004,0.1611664,0.2147331,0.18794975
5.5700002,0.1666771,0.2183982,0.19253765
5.5800004,0.174479,0.2071866,0.1908328
5.5900002,0.1792302,0.2176235,0.19842685
5.6000004,0.1762618,0.2133467,0.19480425
5.6100001,0.1714041,0.217694,0.19454905
5.6200004,0.1736211,0.2116506,0.19263585
5.6300001,0.1689149,0.2180434,0.19347915
5.6400003,0.1751888,0.2256142,0.2004015
5.6500001,0.1728046,0.2259711,0.19938785
5.6600003,0.1740913,0.219599,0.19684515
5.6700001,0.183384,0.2385018,0.2109429
5.6800003,0.1837769,0.2156294,0.19970315
5.6900001,0.1771004,0.221081,0.1990907
5.7000003,0.1768607,0.213837,0.19534885
5.71,0.1858762,0.2072384,0.1965573
5.7200003,0.1774113,0.1920315,0.1847214
5.7300005,0.1852736,0.2022493,0.19376145
5.7400002,0.1866314,0.2139096,0.2002705
5.7500005,0.1984082,0.2150147,0.20671145
5.7600002,0.198976,0.2164039,0.20768995
5.7700005,0.1973501,0.2208704,0.20911025
5.7800002,0.1940846,0.2143608,0.2042227
5.7900004,0.1912025,0.2168772,0.20403985
5.8000002,0.1970713,0.2369293,0.2170003
5.8100004,0.1944032,0.2356235,0.21501335
5.8200002,0.1884931,0.2180527,0.2032729
5.8300004,0.1813513,0.2265287,0.20394
5.8400002,0.1762215,0.2231501,0.1996858
5.8500004,0.1858309,0.2338721,0.2098515
5.8600001,0.1800507,0.2230772,0.20156395
5.8700004,0.1819897,0.2151332,0.19856145
5.8800001,0.1777777,0.2118403,0.194809
5.8900003,0.1841076,0.2155879,0.19984775
5.9000001,0.1795626,0.2204756,0.2000191
5.9100003,0.1818362,0.2188779,0.20035705
5.9200001,0.1782827,0.2176578,0.19797025
5.9300003,0.1763023,0.2237326,0.20001745
5.9400001,0.1774768,0.2252124,0.2013446
5.9500003,0.1791281,0.2258134,0.20247075
5.9600005,0.1794231,0.2331797,0.2063014
5.9700003,0.1818804,0.2172441,0.19956225
5.9800005,0.1935755,0.2227204,0.20814795
5.9900002,0.1862968,0.228793,0.2075449
6.0000005,0.1866196,0.2238757,0.20524765
6.0100002,0.1856341,0.2287432,0.20718865
6.0200005,0.1955633,0.2344829,0.2150231
6.0300002,0.1970408,0.2330295,0.21503515
6.0400004,0.1907559,0.2354923,0.2131241
6.0500002,0.1973233,0.2457779,0.2215506
6.0600004,0.1841926,0.2443443,0.21426845
6.0700002,0.181473,0.2320758,0.2067744
6.0800004,0.1802372,0.2406299,0.21043355
6.0900002,0.1855255,0.2324312,0.20897835
6.1000004,0.1809534,0.2308103,0.20588185
6.1100001,0.1836285,0.2160784,0.19985345
6.1200004,0.1819422,0.2238337,0.20288795
6.1300001,0.1899429,0.2269302,0.20843655
6.1400003,0.1909984,0.2180694,0.2045339
6.1500001,0.1834584,0.208715,0.1960867
6.1600003,0.1829733,0.2097152,0.19634425
6.1700001,0.1857928,0.217994,0.2018934
6.1800003,0.1943082,0.2146805,0.20449435
6.1900001,0.1903315,0.2208108,0.20557115
6.2000003,0.1950027,0.2176101,0.2063064
6.2100005,0.1925376,0.2160753,0.20430645
6.2200003,0.1872078,0.212588,0.1998979
6.2300005,0.1871665,0.2155461,0.2013563
6.2400002,0.1960645,0.2181681,0.2071163
6.2500005,0.2013358,0.2150333,0.20818455
6.2600002,0.1895543,0.2195271,0.2045407
6.2700005,0.1809257,0.2163774,0.19865155
6.2800002,0.1898211,0.2156711,0.2027461
6.2900004,0.1890787,0.2206962,0.20488745
6.3000002,0.1908019,0.2161577,0.2034798
6.3100004,0.1851106,0.2170633,0.20108695
6.3200002,0.1784577,0.2191481,0.1988029
6.3300004,0.1874764,0.2063699,0.19692315
6.3400002,0.1900581,0.2137154,0.20188675
6.3500004,0.1951515,0.2107446,0.20294805
6.3600001,0.1910706,0.2129504,0.2020105
6.3700004,0.192078,0.2160954,0.2040867
6.3800001,0.187358,0.2176826,0.2025203
6.3900003,0.1913771,0.2223321,0.2068546
6.4000001,0.1944964,0.2145257,0.20451105
6.4100003,0.2031379,0.2144352,0.20878655
6.4200001,0.1963489,0.2119937,0.2041713
6.4300003,0.2044933,0.2156276,0.21006045
6.4400005,0.2018895,0.209503,0.20569625
6.4500003,0.1974943,0.1977749,0.1976346
6.4600005,0.2018157,0.2040076,0.20291165
6.4700003,0.1971702,0.1945614,0.1958658
6.4800005,0.1990516,0.2082546,0.2036531
6.4900002,0.1908186,0.2086934,0.199756
6.5000005,0.1888343,0.2016438,0.19523905
6.5100002,0.1879059,0.2022079,0.1950569
6.5200005,0.1867078,0.1910236,0.1888657
6.5300002,0.1957847,0.2130357,0.2044102
6.5400004,0.1942758,0.2134723,0.20387405
6.5500002,0.1857405,0.2166373,0.2011889
6.5600004,0.1942427,0.2268761,0.2105594
6.5700002,0.1893719,0.2137983,0.2015851
6.5800004,0.1803756,0.2092768,0.1948262
6.5900002,0.1896536,0.2138251,0.20173935
6.6000004,0.1880568,0.2243937,0.20622525
6.6100001,0.1853276,0.2176213,0.20147445
6.6200004,0.1787605,0.2110836,0.19492205
6.6300001,0.1865223,0.2166612,0.20159175
6.6400003,0.1777749,0.2125474,0.19516115
6.6500001,0.1784439,0.2210841,0.199764
6.6600003,0.1868062,0.223486,0.2051461
6.6700006,0.1834388,0.220876,0.2021574
6.6800003,0.1841919,0.2159485,0.2000702
6.6900005,0.1781171,0.2169303,0.1975237
6.7000003,0.1775177,0.209804,0.19366085
6.7100005,0.179017,0.2134323,0.19622465
6.7200003,0.1756292,0.2086376,0.1921334
6.7300005,0.1806707,0.2122229,0.1964468
6.7400002,0.1757233,0.2060454,0.19088435
6.7500005,0.1770463,0.2047794,0.19091285
6.7600002,0.1901913,0.2026037,0.1963975
6.7700005,0.1822248,0.2123018,0.1972633
6.7800002,0.1804464,0.204941,0.1926937
6.7900004,0.1857708,0.2043447,0.19505775
6.8000002,0.1748828,0.2054963,0.19018955
6.8100004,0.1758441,0.2137048,0.19477445
6.8200002,0.1779948,0.2155289,0.19676185
6.8300004,0.1817927,0.2105327,0.1961627
6.8400002,0.1813125,0.2190295,0.200171
6.8500004,0.1879789,0.2153,0.20163945
6.8600001,0.1779131,0.234238,0.20607555
6.8700004,0.182028,0.2256998,0.2038639
6.8800001,0.1766853,0.2308617,0.2037735
6.8900003,0.1830364,0.2290718,0.2060541
6.9000001,0.179787,0.22982,0.2048035
6.9100003,0.1862505,0.2279744,0.20711245
6.9200006,0.1788403,0.2369587,0.2078995
6.9300003,0.1800233,0.22471,0.20236665
6.9400005,0.1872069,0.2249544,0.20608065
6.9500003,0.1778051,0.2349863,0.2063957
6.9600005,0.1923517,0.2221406,0.20724615
6.9700003,0.1931617,0.2294554,0.21130855
6.9800005,0.1893504,0.2349493,0.21214985
6.9900002,0.1820874,0.2395548,0.2108211
7.0000005,0.181884,0.2372612,0.2095726
7.0100002,0.185723,0.2223416,0.2040323
7.0200005,0.1839884,0.2354824,0.2097354
7.0300002,0.1840149,0.2209213,0.2024681
7.0400004,0.1841007,0.2195489,0.2018248
7.0500002,0.1839693,0.2182059,0.2010876
7.0600004,0.1811263,0.2234374,0.20228185
7.0700002,0.1765534,0.2260066,0.20128
7.0800004,0.1811313,0.2344516,0.20779145
7.0900002,0.1777279,0.2337813,0.2057546
7.1000004,0.1740598,0.2326894,0.2033746
7.1100001,0.1755714,0.2336373,0.20460435
7.1200004,0.173972,0.220186,0.197079
7.1300001,0.1657421,0.2193983,0.1925702
7.1400003,0.1648861,0.2133538,0.18911995
7.1500006,0.181452,0.2189108,0.2001814
7.1600003,0.1689901,0.2058274,0.18740875
7.1700006,0.1681364,0.2269032,0.1975198
7.1800003,0.1717274,0.2200055,0.19586645
7.1900005,0.1717009,0.2269116,0.19930625
7.2000003,0.1689417,0.2214232,0.19518245
7.2100005,0.1700104,0.2277342,0.1988723
7.2200003,0.1694857,0.2318876,0.20068665
7.2300005,0.1711426,0.2312818,0.2012122
7.2400002,0.1761304,0.2137916,0.194961
7.2500005,0.1822894,0.2218331,0.20206125
7.2600002,0.1827627,0.2181864,0.20047455
7.2700005,0.175469,0.21891,0.1971895
7.2800002,0.1738584,0.2219659,0.19791215
7.2900004,0.1724069,0.2254026,0.19890475
7.3000002,0.1751202,0.2346599,0.20489005
7.3100004,0.1713039,0.2338781,0.202591
7.3200002,0.1746364,0.2283148,0.2014756
7.3300004,0.1704468,0.2198764,0.1951616
7.3400002,0.1863842,0.2213929,0.20388855
7.3500004,0.1779728,0.2202108,0.1990918
7.3600001,0.1742785,0.2212636,0.19777105
7.3700004,0.1751985,0.2237169,0.1994577
7.3800001,0.1762944,0.2301761,0.20323525
7.3900003,0.1799044,0.230131,0.2050177
7.4000006,0.1744463,0.2139702,0.19420825
7.4100003,0.1697319,0.2187892,0.19426055
7.4200006,0.1606479,0.2146842,0.18766605
7.4300003,0.166561,0.225579,0.19607
7.4400005,0.159973,0.2375119,0.19874245
7.4500003,0.1652528,0.2272021,0.19622745
7.4600005,0.1757343,0.2255822,0.20065825
7.4700003,0.1728769,0.2287495,0.2008132
7.4800005,0.1687917,0.2318708,0.20033125
7.4900002,0.1701296,0.2317038,0.2009167
7.5000005,0.16541,0.2304013,0.19790565
7.5100002,0.1646075,0.2225195,0.1935635
7.5200005,0.1679954,0.2259219,0.19695865
7.5300002,0.1687005,0.2284424,0.19857145
7.5400004,0.1759634,0.2181551,0.19705925
7.5500002,0.1619734,0.2262054,0.1940894
7.5600004,0.1693173,0.2100919,0.1897046
7.5700002,0.1635686,0.2333176,0.1984431
7.5800004,0.1646922,0.2365352,0.2006137
7.5900002,0.1721599,0.2337314,0.20294565
7.6000004,0.1717372,0.228211,0.1999741
7.6100001,0.1674152,0.2346767,0.20104595
7.6200004,0.17077,0.2252554,0.1980127
7.6300006,0.1662809,0.2329892,0.19963505
7.6400003,0.1681744,0.2254696,0.196822
7.6500006,0.1707284,0.2219204,0.1963244
7.6600003,0.1672987,0.2234402,0.19536945
7.6700006,0.155912,0.2229979,0.18945495
7.6800003,0.1596009,0.2121169,0.1858589
7.6900005,0.1580604,0.2075716,0.182816
7.7000003,0.1532257,0.213708,0.18346685
7.7100005,0.1583031,0.2095726,0.18393785
7.7200003,0.1601997,0.2162922,0.18824595
7.7300005,0.1689549,0.2222027,0.1955788
7.7400002,0.1684698,0.215501,0.1919854
7.7500005,0.1645165,0.2155079,0.1900122
7.7600002,0.1688974,0.2052808,0.1870891
7.7700005,0.1699069,0.197216,0.18356145
7.7800002,0.1725173,0.1982971,0.1854072
7.7900004,0.1650907,0.2032457,0.1841682
7.8000002,0.1618119,0.2032649,0.1825384
7.8100004,0.1636447,0.2059909,0.1848178
7.8200002,0.1614527,0.2055207,0.1834867
7.8300004,0.165021,0.2180989,0.19155995
7.8400002,0.1640306,0.2106004,0.1873155
7.8500004,0.159044,0.2230175,0.19103075
7.8600006,0.1599411,0.2268261,0.1933836
7.8700004,0.1674861,0.2106551,0.1890706
7.8800006,0.1627932,0.2178889,0.19034105
7.8900003,0.1602356,0.219956,0.1900958
7.9000006,0.1626386,0.2186404,0.1906395
7.9100003,0.1674727,0.2154292,0.19145095
7.9200006,0.1643835,0.2083987,0.1863911
7.9300003,0.1625365,0.2065266,0.18453155
7.9400005,0.1676178,0.2113037,0.18946075
7.9500003,0.16121,0.2101651,0.18568755
7.9600005,0.1633265,0.2139738,0.18865015
7.9700003,0.1563922,0.2188621,0.18762715
7.9800005,0.1651485,0.2210758,0.19311215
7.9900002,0.164305,0.2146798,0.1894924
8,0.1537817,0.2118521,0.1828169
8.0100002,0.1607592,0.2091933,0.18497625
8.0200005,0.1661995,0.1939581,0.1800788
8.0300007,0.1717647,0.1954349,0.1835998
8.04,0.1633075,0.2108067,0.1870571
8.0500002,0.1584989,0.2098832,0.18419105
8.0600004,0.1676167,0.197921,0.18276885
8.0700006,0.1671845,0.2094345,0.1883095
8.0799999,0.1683851,0.2003165,0.1843508
8.0900002,0.1625407,0.2084166,0.18547865
8.1000004,0.1639028,0.2119709,0.18793685
8.1100006,0.1718251,0.2110009,0.191413
8.1200008,0.1627572,0.2172411,0.18999915
8.1300001,0.1663444,0.2200353,0.19318985
8.1400003,0.1652543,0.2184817,0.191868
8.1500006,0.1713899,0.2216532,0.19652155
8.1600008,0.1612723,0.2260901,0.1936812
8.1700001,0.1694448,0.2178271,0.19363595
8.1800003,0.1594309,0.2271691,0.1933
8.1900005,0.1575297,0.2177183,0.187624
8.2000008,0.1571552,0.222649,0.1899021
8.21,0.1603764,0.2255908,0.1929836
8.2200003,0.1549766,0.225417,0.1901968
8.2300005,0.1584985,0.2139483,0.1862234
8.2400007,0.1606081,0.228535,0.19457155
8.25,0.1636363,0.2184982,0.19106725
8.2600002,0.1644629,0.2227803,0.1936216
8.2700005,0.1604691,0.2184733,0.1894712
8.2800007,0.1673152,0.2154423,0.19137875
8.29,0.1549916,0.2163488,0.1856702
8.3000002,0.1602828,0.2095875,0.18493515
8.3100004,0.1607508,0.209169,0.1849599
8.3200006,0.1627502,0.2257067,0.19422845
8.3299999,0.1583289,0.2271973,0.1927631
8.3400002,0.154809,0.233999,0.194404
8.3500004,0.1573747,0.2260646,0.19171965
8.3600006,0.1634817,0.2310305,0.1972561
8.3700008,0.1619994,0.2302161,0.19610775
8.3800001,0.1600732,0.2270269,0.19355005
8.3900003,0.1567365,0.2274812,0.19210885
8.4000006,0.1605539,0.2344111,0.1974825
8.4100008,0.1664419,0.2321128,0.19927735
8.4200001,0.1707572,0.2453567,0.20805695
8.4300003,0.167083,0.2264499,0.19676645
8.4400005,0.1639811,0.2411708,0.20257595
8.4500008,0.1547985,0.2382676,0.19653305
8.46,0.1665006,0.2225393,0.19451995
8.4700003,0.1581264,0.2220268,0.1900766
8.4800005,0.1689734,0.2210082,0.1949908
8.4900007,0.1649434,0.2127746,0.188859
8.5,0.1625191,0.2159872,0.18925315
8.5100002,0.1605053,0.2138111,0.1871582
8.5200005,0.1495644,0.2183718,0.1839681
8.5300007,0.1697152,0.2108332,0.1902742
8.54,0.1728606,0.2218665,0.19736355
8.5500002,0.1752033,0.2177224,0.19646285
8.5600004,0.1706651,0.2219551,0.1963101
8.5700006,0.1642724,0.22954,0.1969062
8.5800009,0.1528631,0.2203833,0.1866232
8.5900002,0.1595773,0.2203448,0.18996105
8.6000004,0.1655671,0.2249061,0.1952366
8.6100006,0.1773104,0.2200172,0.1986638
8.6200008,0.1692726,0.229399,0.1993358
8.6300001,0.1672259,0.2166978,0.19196185
8.6400003,0.1618142,0.2173112,0.1895627
8.6500006,0.1653242,0.2255548,0.1954395
8.6600008,0.1643801,0.218165,0.19127255
8.6700001,0.1670707,0.207037,0.18705385
8.6800003,0.1684051,0.2159379,0.1921715
8.6900005,0.1706014,0.2112228,0.1909121
8.7000008,0.1689973,0.2208161,0.1949067
8.71,0.1695227,0.2122488,0.19088575
8.7200003,0.1762892,0.2211289,0.19870905
8.7300005,0.1633996,0.2369878,0.2001937
8.7400007,0.1620788,0.2129382,0.1875085
8.75,0.1686736,0.2257872,0.1972304
8.7600002,0.1659192,0.2200629,0.19299105
8.7700005,0.1736863,0.2252223,0.1994543
8.7800007,0.1681313,0.2139255,0.1910284
8.79,0.1671493,0.2315525,0.1993509
8.8000002,0.1580979,0.224326,0.19121195
8.8100004,0.1662275,0.2159397,0.1910836
8.8200006,0.1642735,0.2180628,0.19116815
8.8300009,0.1609802,0.2160313,0.18850575
8.8400002,0.1700433,0.2091673,0.1896053
8.8500004,0.1662092,0.2054727,0.18584095
8.8600006,0.1581861,0.2153466,0.18676635
8.8700008,0.1637425,0.2082311,0.1859868
8.8800001,0.1720618,0.2013008,0.1866813
8.8900003,0.166903,0.2075397,0.18722135
8.9000006,0.1645738,0.2216587,0.19311625
8.9100008,0.1639369,0.2100723,0.1870046
8.9200001,0.1663549,0.2215747,0.1939648
8.9300003,0.1660162,0.2098183,0.18791725
8.9400005,0.1631835,0.2212058,0.19219465
8.9500008,0.1639287,0.2174154,0.19067205
8.96,0.1625829,0.2183403,0.1904616
8.9700003,0.1640386,0.2198372,0.1919379
8.9800005,0.1642908,0.2202146,0.1922527
8.9900007,0.1644921,0.2182681,0.1913801
9,0.1615787,0.2247856,0.19318215
9.0100002,0.1631806,0.2290143,0.19609745
9.0200005,0.1547671,0.2221031,0.1884351
9.0300007,0.1569211,0.2358993,0.1964102
9.04,0.151123,0.232282,0.1917025
9.0500002,0.156911,0.2291853,0.19304815
9.0600004,0.1491039,0.2408577,0.1949808
9.0700006,0.1514337,0.2356098,0.19352175
9.0800009,0.1505889,0.2352408,0.19291485
9.0900002,0.1580832,0.2289203,0.19350175
9.1000004,0.1552112,0.228083,0.1916471
9.1100006,0.1574224,0.2329353,0.19517885
9.1200008,0.1573765,0.2226753,0.1900259
9.1300001,0.155274,0.2328444,0.1940592
9.1400003,0.1476523,0.2308027,0.1892275
9.1500006,0.1449907,0.2347424,0.18986655
9.1600008,0.1468302,0.2550246,0.2009274
9.1700001,0.1510523,0.2320394,0.19154585
9.1800003,0.1473388,0.2296912,0.188515
9.1900005,0.1474107,0.2282464,0.18782855
9.2000008,0.1500335,0.2366753,0.1933544
9.21,0.1482508,0.2216693,0.18496005
9.2200003,0.151224,0.2165902,0.1839071
9.2300005,0.1522745,0.2257363,0.1890054
9.2400007,0.1545601,0.235085,0.19482255
9.25,0.1479104,0.2515241,0.19971725
9.2600002,0.1533772,0.2438148,0.198596
9.2700005,0.1456459,0.2404231,0.1930345
9.2800007,0.1499047,0.2388441,0.1943744
9.2900009,0.150877,0.2309655,0.19092125
9.3000002,0.1512899,0.2297986,0.19054425
9.3100004,0.1608877,0.2330573,0.1969725
9.3200006,0.1581942,0.2406413,0.19941775
9.3300009,0.1593371,0.2397199,0.1995285
9.3400002,0.1562352,0.2341414,0.1951883
9.3500004,0.1513078,0.2254457,0.18837675
9.3600006,0.1601414,0.219894,0.1900177
9.3700008,0.1518725,0.2169962,0.18443435
9.3800001,0.1529386,0.2280188,0.1904787
9.3900003,0.1546141,0.2215412,0.18807765
9.4000006,0.1610865,0.2336238,0.19735515
9.4100008,0.1647333,0.2277902,0.19626175
9.4200001,0.1656958,0.2389812,0.2023385
9.4300003,0.1616788,0.2300307,0.19585475
9.4400005,0.164409,0.2353035,0.19985625
9.4500008,0.1643385,0.2324056,0.19837205
9.46,0.1754949,0.2301723,0.2028336
9.4700003,0.1583468,0.2195037,0.18892525
9.4800005,0.1641314,0.224083,0.1941072
9.4900007,0.1665528,0.2291906,0.1978717
9.5,0.1692728,0.2246099,0.19694135
9.5100002,0.1557479,0.2315415,0.1936447
9.5200005,0.159267,0.2342088,0.1967379
9.5300007,0.1541313,0.24447,0.19930065
9.5400009,0.1651623,0.2393022,0.20223225
9.5500002,0.1672003,0.2440503,0.2056253
9.5600004,0.1701051,0.240238,0.20517155
9.5700006,0.1708805,0.2461525,0.2085165
9.5800009,0.1661713,0.2471199,0.2066456
9.5900002,0.1582194,0.2372309,0.19772515
9.6000004,0.1740894,0.2446077,0.20934855
9.6100006,0.1827801,0.2415015,0.2121408
9.6200008,0.1733714,0.2413832,0.2073773
9.6300001,0.1771858,0.2296708,0.2034283
9.6400003,0.1810317,0.2434925,0.2122621
9.6500006,0.1773032,0.2284897,0.20289645
9.6600008,0.1737925,0.2296711,0.2017318
9.6700001,0.1758552,0.2239034,0.1998793
9.6800003,0.1809386,0.2276896,0.2043141
9.6900005,0.1739282,0.2306643,0.20229625
9.7000008,0.1740369,0.236852,0.20544445
9.71,0.1696891,0.2360675,0.2028783
9.7200003,0.1754945,0.2182989,0.1968967
9.7300005,0.1718369,0.2358668,0.20385185
9.7400007,0.1768987,0.2232326,0.20006565
9.75,0.1857366,0.2283689,0.20705275
9.7600002,0.1831196,0.2315555,0.20733755
9.7700005,0.1840233,0.2291319,0.2065776
9.7800007,0.1857132,0.2374077,0.21156045
9.7900009,0.1737313,0.2418216,0.20777645
9.8000002,0.1707117,0.237318,0.20401485
9.8100004,0.168472,0.2301904,0.1993312
9.8200006,0.1627291,0.2250958,0.19391245
9.8300009,0.1773584,0.2344139,0.20588615
9.8400002,0.1849263,0.2200473,0.2024868
9.8500004,0.1759047,0.236482,0.20619335
9.8600006,0.164104,0.2340238,0.1990639
9.8700008,0.1756766,0.2377464,0.2067115
9.8800001,0.1705768,0.226603,0.1985899
9.8900003,0.187519,0.2145226,0.2010208
9.9000006,0.179688,0.2249094,0.2022987
9.9100008,0.1673785,0.2184428,0.19291065
9.9200001,0.1610666,0.2083804,0.1847235
9.9300003,0.1729459,0.223893,0.19841945
9.9400005,0.1640424,0.2109674,0.1875049
9.9500008,0.1565355,0.2219048,0.18922015
9.96,0.1603717,0.2205398,0.19045575
9.9700003,0.1573875,0.2234101,0.1903988
9.9800005,0.1651187,0.2145073,0.189813
9.9900007,0.1681804,0.2315173,0.19984885
10,0.1684167,0.2255524,0.19698455
10.0100002,0.1576019,0.2215632,0.18958255
10.0200005,0.1661764,0.2262957,0.19623605
10.0300007,0.1702127,0.2209306,0.19557165
10.0400009,0.1684303,0.2201975,0.1943139
10.0500002,0.1793526,0.2258496,0.2026011
10.0600004,0.1685615,0.2169428,0.19275215
10.0700006,0.1664066,0.2231217,0.19476415
10.0800009,0.1745326,0.2217369,0.19813475
10.0900002,0.1744041,0.2168154,0.19560975
10.1000004,0.1680049,0.2281594,0.19808215
10.1100006,0.1704449,0.228805,0.19962495
10.1200008,0.1718569,0.2223047,0.1970808
10.1300001,0.1701134,0.2278457,0.19897955
10.1400003,0.1648739,0.2272683,0.1960711
10.1500006,0.1782537,0.23577,0.20701185
10.1600008,0.1799846,0.2350145,0.20749955
10.1700001,0.1740041,0.2372975,0.2056508
10.1800003,0.1688834,0.2291987,0.19904105
10.1900005,0.1619395,0.2318798,0.19690965
10.2000008,0.1640904,0.2283542,0.1962223
10.21,0.1757308,0.2149096,0.1953202
10.2200003,0.1760521,0.2301745,0.2031133
10.2300005,0.1779909,0.2301545,0.2040727
10.2400007,0.1837523,0.2285348,0.20614355
10.250001,0.1754789,0.2239327,0.1997058
10.2600002,0.1824316,0.2267995,0.20461555
10.2700005,0.1887342,0.2308655,0.20979985
10.2800007,0.1824856,0.2361758,0.2093307
10.2900009,0.1952113,0.2397083,0.2174598
10.3000002,0.1872571,0.2368708,0.21206395
10.3100004,0.1903112,0.2327604,0.2115358
10.3200006,0.1884289,0.2352603,0.2118446
10.3300009,0.1916151,0.22528,0.20844755
10.3400002,0.1863008,0.2278962,0.2070985
10.3500004,0.184888,0.2279935,0.20644075
10.3600006,0.1907552,0.2388524,0.2148038
10.3700008,0.1996313,0.2293565,0.2144939
10.3800001,0.182269,0.2321196,0.2071943
10.3900003,0.1769043,0.2290079,0.2029561
10.4000006,0.1769091,0.2270446,0.20197685
10.4100008,0.1749348,0.2352748,0.2051048
10.4200001,0.169276,0.2381309,0.20370345
10.4300003,0.1717776,0.2276839,0.19973075
10.4400005,0.1695761,0.2274058,0.19849095
10.4500008,0.1612381,0.2343878,0.19781295
10.46,0.1746084,0.2239999,0.19930415
10.4700003,0.1834177,0.2136084,0.19851305
10.4800005,0.1806437,0.2135207,0.1970822
10.4900007,0.1875845,0.2221606,0.20487255
10.500001,0.1804193,0.2204573,0.2004383
10.5100002,0.1765675,0.2256475,0.2011075
10.5200005,0.1739819,0.2163812,0.19518155
10.5300007,0.1669433,0.2160947,0.191519
10.5400009,0.1745745,0.2255986,0.20008655
10.5500002,0.1732472,0.223771,0.1985091
10.5600004,0.1907914,0.2242796,0.2075355
10.5700006,0.1939149,0.2139344,0.20392465
10.5800009,0.1867371,0.2320171,0.2093771
10.5900002,0.1859716,0.2220763,0.20402395
10.6000004,0.1847798,0.2223004,0.2035401
10.6100006,0.1747949,0.2146522,0.19472355
10.6200008,0.1866282,0.233959,0.2102936
10.6300001,0.1711304,0.2274808,0.1993056
10.6400003,0.1795663,0.2160991,0.1978327
10.6500006,0.1767368,0.2193332,0.198035
10.6600008,0.1685497,0.2142325,0.1913911
10.6700001,0.169774,0.2154103,0.19259215
10.6800003,0.1780634,0.2252615,0.20166245
10.6900005,0.176607,0.2270946,0.2018508
10.7000008,0.1768799,0.2340976,0.20548875
10.71,0.1801157,0.243611,0.21186335
10.7200003,0.1631776,0.2334839,0.19833075
10.7300005,0.1594623,0.2335801,0.1965212
10.7400007,0.1729391,0.2341843,0.2035617
10.750001,0.1757208,0.236297,0.2060089
10.7600002,0.1774116,0.2191021,0.19825685
10.7700005,0.1715741,0.2322144,0.20189425
10.7800007,0.1750274,0.2128106,0.193919
10.7900009,0.1761209,0.2116146,0.19386775
10.8000002,0.170058,0.2017534,0.1859057
10.8100004,0.1856809,0.2032806,0.19448075
10.8200006,0.1805911,0.2098412,0.19521615
10.8300009,0.1811042,0.2109065,0.19600535
10.8400002,0.1864476,0.205044,0.1957458
10.8500004,0.1809035,0.2065463,0.1937249
10.8600006,0.1849799,0.21004,0.19750995
10.8700008,0.196446,0.2227995,0.20962275
10.8800001,0.1987525,0.2125661,0.2056593
10.8900003,0.1919113,0.2180304,0.20497085
10.9000006,0.1885643,0.2066574,0.19761085
10.9100008,0.1851584,0.1904778,0.1878181
10.9200001,0.1964044,0.199494,0.1979492
10.9300003,0.1914441,0.1980148,0.19472945
10.9400005,0.1883633,0.2019407,0.195152
10.9500008,0.1846096,0.1974203,0.19101495
10.960001,0.1959043,0.1997243,0.1978143
10.9700003,0.1963751,0.2178145,0.2070948
10.9800005,0.183806,0.2218291,0.20281755
10.9900007,0.1873151,0.2267723,0.2070437
11.000001,0.1817383,0.2239623,0.2028503
11.0100002,0.1827738,0.220547,0.2016604
11.0200005,0.1836188,0.2254179,0.20451835
11.0300007,0.1909974,0.2172446,0.204121
11.0400009,0.1911023,0.2261129,0.2086076
11.0500002,0.1790203,0.2248413,0.2019308
11.0600004,0.1806455,0.2401685,0.210407
11.0700006,0.1907617,0.2303168,0.21053925
11.0800009,0.1918629,0.2264328,0.20914785
11.0900002,0.1926738,0.2125206,0.2025972
11.1000004,0.1854484,0.2173185,0.20138345
11.1100006,0.181032,0.2264848,0.2037584
11.1200008,0.1935395,0.2180937,0.2058166
11.1300001,0.1832501,0.2252,0.20422505
11.1400003,0.1805874,0.2105049,0.19554615
11.1500006,0.1792885,0.2107929,0.1950407
11.1600008,0.1815935,0.2297062,0.20564985
11.1700001,0.1830948,0.2128861,0.19799045
11.1800003,0.1810755,0.2124346,0.19675505
11.1900005,0.1876878,0.2011754,0.1944316
11.2000008,0.1942629,0.2216338,0.20794835
11.210001,0.1906648,0.2201998,0.2054323
11.2200003,0.1789512,0.2299286,0.2044399
11.2300005,0.1825938,0.2131953,0.19789455
11.2400007,0.189234,0.2068897,0.19806185
11.250001,0.1897057,0.1932448,0.19147525
11.2600002,0.1769406,0.2018554,0.189398
11.2700005,0.1899301,0.2057388,0.19783445
11.2800007,0.1883964,0.2102593,0.19932785
11.2900009,0.1853294,0.2038482,0.1945888
11.3000002,0.1847609,0.2163179,0.2005394
11.3100004,0.184946,0.2098264,0.1973862
11.3200006,0.1838699,0.212524,0.19819695
11.3300009,0.1807321,0.2159849,0.1983585
11.3400002,0.1809135,0.219177,0.20004525
11.3500004,0.1789033,0.222368,0.20063565
11.3600006,0.1814034,0.2112197,0.19631155
11.3700008,0.1864384,0.2179088,0.2021736
11.3800001,0.177471,0.2237619,0.20061645
11.3900003,0.1789154,0.2250075,0.20196145
11.4000006,0.1822311,0.2342139,0.2082225
11.4100008,0.1801183,0.2310994,0.20560885
11.4200001,0.190308,0.2361477,0.21322785
11.4300003,0.1866534,0.2392446,0.212949
11.4400005,0.1829018,0.2323033,0.20760255
11.4500008,0.1851305,0.2315785,0.2083545
11.460001,0.1796982,0.2305611,0.20512965
11.4700003,0.179259,0.2309235,0.20509125
11.4800005,0.1834027,0.2298204,0.20661155
11.4900007,0.1939759,0.2285757,0.2112758
11.500001,0.200002,0.2325396,0.2162708
11.5100002,0.2005958,0.233452,0.2170239
11.5200005,0.2149368,0.229302,0.2221194
11.5300007,0.2193894,0.2308854,0.2251374
11.5400009,0.2112859,0.2327006,0.22199325
11.5500002,0.2049963,0.2353537,0.220175
11.5600004,0.2010612,0.2418664,0.2214638
11.5700006,0.1958216,0.2450418,0.2204317
11.5800009,0.2030825,0.2326802,0.21788135
11.5900002,0.2036053,0.2390715,0.2213384
11.6000004,0.2044366,0.2385803,0.22150845
11.6100006,0.1980446,0.2373861,0.21771535
11.6200008,0.206117,0.2437184,0.2249177
11.6300001,0.2005818,0.2403002,0.220441
11.6400003,0.1964049,0.2519824,0.22419365
11.6500006,0.1952854,0.2580681,0.22667675
11.6600008,0.1996155,0.2696569,0.2346362
11.670001,0.1906198,0.2605622,0.225591
11.6800003,0.194431,0.2453189,0.21987495
11.6900005,0.1986265,0.2461344,0.22238045
11.7000008,0.1875602,0.2479038,0.217732
11.710001,0.198017,0.2539509,0.22598395
11.7200003,0.1924396,0.2454424,0.218941
11.7300005,0.1912385,0.2599065,0.2255725
11.7400007,0.1886493,0.2437999,0.2162246
11.750001,0.1778976,0.2496648,0.2137812
11.7600002,0.1756005,0.2511961,0.2133983
11.7700005,0.1952769,0.2574712,0.22637405
11.7800007,0.1972641,0.2530302,0.22514715
11.7900009,0.1991342,0.2521815,0.22565785
11.8000002,0.1981969,0.2513011,0.224749
11.8100004,0.1960182,0.2559908,0.2260045
11.8200006,0.2012783,0.2408389,0.2210586
11.8300009,0.1968153,0.2538822,0.22534875
11.8400002,0.1831023,0.2557209,0.2194116
11.8500004,0.1780122,0.2439789,0.21099555
11.8600006,0.1838237,0.257576,0.22069985
11.8700008,0.1746282,0.2500502,0.2123392
11.8800001,0.1872022,0.2396392,0.2134207
11.8900003,0.1843671,0.2398965,0.2121318
11.9000006,0.1867461,0.2595045,0.2231253
11.9100008,0.176921,0.2491142,0.2130176
11.920001,0.1672385,0.2327265,0.1999825
11.9300003,0.1762616,0.2395758,0.2079187
11.9400005,0.1773144,0.2407557,0.20903505
11.9500008,0.169958,0.2307941,0.20037605
11.960001,0.1703042,0.2426832,0.2064937
11.9700003,0.1669556,0.2467054,0.2068305
11.9800005,0.1903768,0.2439711,0.21717395
11.9900007,0.1905911,0.2419351,0.2162631
12.000001,0.1934781,0.2368229,0.2151505
12.0100002,0.1842307,0.2481327,0.2161817
12.0200005,0.2046122,0.2466143,0.22561325
12.0300007,0.2057192,0.2372014,0.2214603
12.0400009,0.1988765,0.227734,0.21330525
12.0500002,0.2044367,0.2445417,0.2244892
12.0600004,0.1841889,0.2319952,0.20809205
12.0700006,0.1895549,0.2249223,0.2072386
12.0800009,0.1865521,0.2213386,0.20394535
12.0900002,0.1925793,0.2213821,0.2069807
12.1000004,0.1866521,0.2320073,0.2093297
12.1100006,0.1968635,0.2406383,0.2187509
12.1200008,0.1906227,0.2414943,0.2160585
12.1300001,0.1868096,0.240479,0.2136443
12.1400003,0.1927138,0.2203851,0.20654945
12.1500006,0.2012236,0.2349841,0.21810385
12.1600008,0.1958953,0.2282944,0.21209485
12.170001,0.1869984,0.2241842,0.2055913
12.1800003,0.191399,0.2198376,0.2056183
12.1900005,0.1901276,0.2241528,0.2071402
12.2000008,0.1913009,0.2217108,0.20650585
12.210001,0.1954664,0.2309523,0.21320935
12.2200003,0.2035592,0.2339845,0.21877185
12.2300005,0.2026028,0.231336,0.2169694
12.2400007,0.196446,0.2316364,0.2140412
12.250001,0.1970493,0.2240319,0.2105406
12.2600002,0.2007281,0.2254856,0.21310685
12.2700005,0.2035494,0.228417,0.2159832
12.2800007,0.2002657,0.2268234,0.21354455
12.2900009,0.2018877,0.2304858,0.21618675
12.3000002,0.199155,0.2313907,0.21527285
12.3100004,0.1833725,0.2337215,0.208547
12.3200006,0.1895791,0.2228145,0.2061968
12.3300009,0.1962451,0.2281597,0.2122024
12.3400002,0.1929521,0.2303223,0.2116372
12.3500004,0.202623,0.2296987,0.21616085
12.3600006,0.2015998,0.2316676,0.2166337
12.3700008,0.203401,0.2212279,0.21231445
12.3800001,0.2082646,0.2214632,0.2148639
12.3900003,0.2187764,0.2330366,0.2259065
12.4000006,0.1945897,0.2279278,0.21125875
12.4100008,0.1971903,0.2197136,0.20845195
12.420001,0.1769721,0.232454,0.20471305
12.4300003,0.181585,0.2312751,0.20643005
12.4400005,0.1889137,0.2321675,0.2105406
12.4500008,0.1915798,0.2341972,0.2128885
12.460001,0.1929895,0.2366123,0.2148009
12.4700003,0.1848653,0.2263844,0.20562485
12.4800005,0.1838143,0.2442251,0.2140197
12.4900007,0.1803137,0.2401829,0.2102483
12.500001,0.182986,0.2382862,0.2106361
12.5100002,0.1739904,0.2571752,0.2155828
12.5200005,0.1917673,0.2590382,0.22540275
12.5300007,0.1896959,0.231908,0.21080195
12.5400009,0.1855272,0.2347907,0.21015895
12.5500002,0.1850057,0.2433522,0.21417895
12.5600004,0.1833137,0.239021,0.21116735
12.5700006,0.1886981,0.2429167,0.2158074
12.5800009,0.190452,0.2515254,0.2209887
12.5900002,0.1918493,0.2545381,0.2231937
12.6000004,0.1896903,0.2511506,0.22042045
12.6100006,0.1942516,0.2486491,0.22145035
12.6200008,0.1845337,0.2507927,0.2176632
12.6300011,0.1843987,0.2493709,0.2168848
12.6400003,0.1933256,0.2307877,0.21205665
12.6500006,0.1945203,0.2468295,0.2206749
12.6600008,0.200182,0.2303673,0.21527465
12.670001,0.1882331,0.2373378,0.21278545
12.6800003,0.1935604,0.2454919,0.21952615
12.6900005,0.1924871,0.2492532,0.22087015
12.7000008,0.1954035,0.2440655,0.2197345
12.710001,0.1941409,0.2355837,0.2148623
12.7200003,0.2028805,0.2468147,0.2248476
12.7300005,0.1939193,0.2460361,0.2199777
12.7400007,0.2057833,0.2415163,0.2236498
12.750001,0.194529,0.2314386,0.2129838
12.7600002,0.1870661,0.2356224,0.21134425
12.7700005,0.1977756,0.2313026,0.2145391
12.7800007,0.2047509,0.2306871,0.217719
12.7900009,0.2058836,0.2364688,0.2211762
12.8000002,0.1936108,0.2313053,0.21245805
12.8100004,0.1974928,0.228629,0.2130609
12.8200006,0.1993418,0.2294654,0.2144036
12.8300009,0.2029063,0.2278429,0.2153746
12.8400002,0.2104622,0.2261809,0.21832155
12.8500004,0.2118087,0.2274926,0.21965065
12.8600006,0.2182107,0.221135,0.21967285
12.8700008,0.1988389,0.2131729,0.2060059
12.8800011,0.2029382,0.2187773,0.21085775
12.8900003,0.1903359,0.231563,0.21094945
12.9000006,0.191975,0.2269592,0.2094671
12.9100008,0.1986524,0.2193062,0.2089793
12.920001,0.2118668,0.2250056,0.2184362
12.9300003,0.214118,0.2282685,0.22119325
12.9400005,0.2004811,0.2291809,0.214831
12.9500008,0.2079771,0.2272435,0.2176103
12.960001,0.1976087,0.2263943,0.2120015
12.9700003,0.2010199,0.2396231,0.2203215
12.9800005,0.1997921,0.2299115,0.2148518
12.9900007,0.2023325,0.2224128,0.21237265
13.000001,0.2034404,0.2326732,0.2180568
13.0100002,0.2079536,0.2102244,0.209089
13.0200005,0.2067658,0.2091875,0.20797665
13.0300007,0.2133658,0.2096117,0.21148875
13.0400009,0.2242663,0.2020779,0.2131721
13.0500002,0.2192986,0.2132007,0.21624965
13.0600004,0.1986054,0.2239881,0.21129675
13.0700006,0.1965763,0.2175187,0.2070475
13.0800009,0.2053352,0.2293191,0.21732715
13.0900002,0.2070239,0.2173484,0.21218615
13.1000004,0.197416,0.2137954,0.2056057
13.1100006,0.198743,0.2161563,0.20744965
13.1200008,0.2087056,0.220363,0.2145343
13.1300011,0.2147909,0.222084,0.21843745
13.1400003,0.1960406,0.2179237,0.20698215
13.1500006,0.2005175,0.2177174,0.20911745
13.1600008,0.2091837,0.22298,0.21608185
13.170001,0.2116291,0.2288359,0.2202325
13.1800003,0.2107917,0.2169665,0.2138791
13.1900005,0.2110065,0.220623,0.21581475
13.2000008,0.2010596,0.2213695,0.21121455
13.210001,0.202997,0.2269877,0.21499235
13.2200003,0.2026798,0.2357412,0.2192105
13.2300005,0.2028432,0.2257512,0.2142972
13.2400007,0.2033972,0.2355506,0.2194739
13.250001,0.2230927,0.2303678,0.22673025
13.2600002,0.1969949,0.2253679,0.2111814
13.2700005,0.2004311,0.2280713,0.2142512
13.2800007,0.2038019,0.2265249,0.2151634
13.2900009,0.1964747,0.2242998,0.21038725
13.3000002,0.1970538,0.2297947,0.21342425
13.3100004,0.2019521,0.2191528,0.21055245
13.3200006,0.1979457,0.2190147,0.2084802
13.3300009,0.213642,0.2165189,0.21508045
13.3400011,0.2130626,0.2220103,0.21753645
13.3500004,0.2062102,0.2182473,0.21222875
13.3600006,0.1975514,0.2231609,0.21035615
13.3700008,0.1943661,0.220435,0.20740055
13.3800011,0.2042469,0.2308979,0.2175724
13.3900003,0.2124495,0.2264941,0.2194718
13.4000006,0.1936162,0.2363843,0.21500025
13.4100008,0.1855994,0.2305496,0.2080745
13.420001,0.1944347,0.2365084,0.21547155
13.4300003,0.1941403,0.225235,0.20968765
13.4400005,0.1865622,0.2295279,0.20804505
13.4500008,0.187236,0.2318364,0.2095362
13.460001,0.186368,0.231509,0.2089385
13.4700003,0.1880691,0.2412282,0.21464865
13.4800005,0.1968366,0.2247585,0.21079755
13.4900007,0.202553,0.2237905,0.21317175
13.500001,0.189415,0.2324549,0.21093495
13.5100002,0.1947981,0.236046,0.21542205
13.5200005,0.2044879,0.2312118,0.21784985
13.5300007,0.2029064,0.2304879,0.21669715
13.5400009,0.208326,0.2347956,0.2215608
13.5500002,0.2044412,0.2357821,0.22011165
13.5600004,0.2005731,0.2182566,0.20941485
13.5700006,0.2084605,0.2254361,0.2169483
13.5800009,0.2048243,0.2187766,0.21180045
13.5900011,0.1977488,0.2144098,0.2060793
13.6000004,0.186534,0.2185797,0.20255685
13.6100006,0.1915914,0.2128974,0.2022444
13.6200008,0.2025656,0.2202646,0.2114151
13.6300011,0.1907095,0.2139306,0.20232005
13.6400003,0.1908492,0.2212292,0.2060392
13.6500006,0.1999472,0.2308108,0.215379
13.6600008,0.2013842,0.235548,0.2184661
13.670001,0.1922017,0.2284079,0.2103048
13.6800003,0.1921531,0.2305336,0.21134335
13.6900005,0.1928454,0.2257275,0.20928645
13.7000008,0.1922508,0.2222233,0.20723705
13.710001,0.1880852,0.2234817,0.20578345
13.7200003,0.1929866,0.2213481,0.20716735
13.7300005,0.1888451,0.2150344,0.20193975
13.7400007,0.1857948,0.215608,0.2007014
13.750001,0.1859092,0.2120027,0.19895595
13.7600002,0.1851622,0.2125292,0.1988457
13.7700005,0.1800722,0.2101244,0.1950983
13.7800007,0.1834224,0.2047581,0.19409025
13.7900009,0.1772891,0.214639,0.19596405
13.8000002,0.1663533,0.2116346,0.18899395
13.8100004,0.1788389,0.2031023,0.1909706
13.8200006,0.1738005,0.2170566,0.19542855
13.8300009,0.1747166,0.2209232,0.1978199
13.8400011,0.1733658,0.2202056,0.1967857
13.8500004,0.1729769,0.211069,0.19202295
13.8600006,0.1752444,0.2090567,0.19215055
13.8700008,0.1743997,0.2187181,0.1965589
13.8800011,0.1718963,0.2165497,0.194223
13.8900003,0.1787565,0.2135115,0.196134
13.9000006,0.1744094,0.2200308,0.1972201
13.9100008,0.1826087,0.2162649,0.1994368
13.920001,0.1784154,0.215981,0.1971982
13.9300003,0.1771409,0.2181301,0.1976355
13.9400005,0.1723141,0.2185833,0.1954487
13.9500008,0.1735487,0.2085911,0.1910699
13.960001,0.1729935,0.2174843,0.1952389
13.9700003,0.1733263,0.2214178,0.19737205
13.9800005,0.1766392,0.2180918,0.1973655
13.9900007,0.1731281,0.2226721,0.1979001
14.000001,0.1685644,0.2262336,0.197399
14.0100002,0.1795209,0.2308968,0.20520885
14.0200005,0.1675547,0.227714,0.19763435
14.0300007,0.172161,0.2240348,0.1980979
14.0400009,0.1555443,0.2228026,0.18917345
14.0500002,0.1686395,0.2344929,0.2015662
14.0600004,0.1799762,0.233626,0.2068011
14.0700006,0.1772848,0.2258649,0.20157485
14.0800009,0.1778074,0.2319966,0.204902
14.0900011,0.1678167,0.2300449,0.1989308
14.1000004,0.1653783,0.2273708,0.19637455
14.1100006,0.1679144,0.2336531,0.20078375
14.1200008,0.1630514,0.2344635,0.19875745
14.1300011,0.1765609,0.2414236,0.20899225
14.1400003,0.1729885,0.2347879,0.2038882
14.1500006,0.1659543,0.2275767,0.1967655
14.1600008,0.1700224,0.2260859,0.19805415
14.170001,0.1690697,0.2275026,0.19828615
14.1800003,0.1668098,0.2354264,0.2011181
14.1900005,0.1667945,0.2287628,0.19777865
14.2000008,0.1671325,0.2412893,0.2042109
14.210001,0.1592567,0.2346921,0.1969744
14.2200003,0.1773571,0.2361168,0.20673695
14.2300005,0.1744646,0.2341255,0.20429505
14.2400007,0.1747377,0.2335055,0.2041216
14.250001,0.1720613,0.2389388,0.20550005
14.2600002,0.1754932,0.2271254,0.2013093
14.2700005,0.1895743,0.2309042,0.21023925
14.2800007,0.1802261,0.2393002,0.20976315
14.2900009,0.1749465,0.2387688,0.20685765
14.3000011,0.1725409,0.2365122,0.20452655
14.3100004,0.1701189,0.2413776,0.20574825
14.3200006,0.175806,0.2341193,0.20496265
14.3300009,0.1761263,0.2200086,0.19806745
14.3400011,0.1772872,0.2229778,0.2001325
14.3500004,0.1733301,0.2135288,0.19342945
14.3600006,0.1739696,0.2145132,0.1942414
14.3700008,0.1710439,0.224624,0.19783395
14.3800011,0.1737668,0.2274989,0.20063285
14.3900003,0.1729668,0.2185427,0.19575475
14.4000006,0.1706365,0.2328074,0.20172195
14.4100008,0.1711021,0.2268792,0.19899065
14.420001,0.1661779,0.240882,0.20352995
14.4300003,0.1792848,0.2400358,0.2096603
14.4400005,0.1708269,0.2458829,0.2083549
14.4500008,0.1791874,0.2362639,0.20772565
14.460001,0.1722705,0.2326711,0.2024708
14.4700003,0.1869206,0.2336897,0.21030515
14.4800005,0.1777873,0.2360483,0.2069178
14.4900007,0.1866344,0.2298571,0.20824575
14.500001,0.1881362,0.2363568,0.2122465
14.5100002,0.1771492,0.2330604,0.2051048
14.5200005,0.1800811,0.2353354,0.20770825
14.5300007,0.1730522,0.2283278,0.20069
14.5400009,0.1695852,0.2243007,0.19694295
14.5500011,0.1791018,0.2293092,0.2042055
14.5600004,0.1742831,0.2242462,0.19926465
14.5700006,0.1814288,0.2131522,0.1972905
14.5800009,0.1723385,0.2212131,0.1967758
14.5900011,0.1715576,0.2197602,0.1956589
14.6000004,0.1765728,0.2129392,0.194756
14.6100006,0.1682875,0.2293639,0.1988257
14.6200008,0.1751935,0.2113739,0.1932837
14.6300011,0.1733872,0.2111976,0.1922924
14.6400003,0.1638988,0.2213118,0.1926053
14.6500006,0.1592975,0.2256174,0.19245745
14.6600008,0.1603123,0.2289749,0.1946436
14.670001,0.1718784,0.2283886,0.2001335
14.6800003,0.1666185,0.2189716,0.19279505
14.6900005,0.1729135,0.2259493,0.1994314
14.7000008,0.1713972,0.2202487,0.19582295
14.710001,0.1836738,0.2230239,0.20334885
14.7200003,0.1754165,0.2129624,0.19418945
14.7300005,0.1754121,0.2081994,0.19180575
14.7400007,0.1779372,0.1986442,0.1882907
14.750001,0.1803198,0.2121559,0.19623785
14.7600002,0.1691131,0.1992345,0.1841738
14.7700005,0.1736926,0.2050451,0.18936885
14.7800007,0.1824904,0.2053772,0.1939338
14.7900009,0.1850087,0.2048436,0.19492615
14.8000011,0.1771733,0.2155633,0.1963683
14.8100004,0.1790962,0.2113665,0.19523135
14.8200006,0.1829214,0.2041125,0.19351695
14.8300009,0.1828771,0.2128288,0.19785295
14.8400011,0.1769203,0.2141986,0.19555945
14.8500004,0.1856903,0.2102682,0.19797925
14.8600006,0.1722377,0.2107273,0.1914825
14.8700008,0.176303,0.2001156,0.1882093
14.8800011,0.182223,0.2092625,0.19574275
14.8900003,0.1762369,0.1984252,0.18733105
14.9000006,0.1764891,0.2083613,0.1924252
14.9100008,0.1840477,0.2025337,0.1932907
14.920001,0.1857651,0.2156782,0.20072165
14.9300003,0.1839891,0.2059165,0.1949528
14.9400005,0.1785539,0.2106723,0.1946131
14.9500008,0.1877228,0.2150387,0.20138075
14.960001,0.1905068,0.2207689,0.20563785
14.9700003,0.1958773,0.2279588,0.21191805
14.9800005,0.1909098,0.238081,0.2144954
14.9900007,0.1969167,0.2285794,0.21274805
15.000001,0.1918295,0.2142482,0.20303885
15.0100012,0.1902879,0.2251751,0.2077315
15.0200005,0.176098,0.2270223,0.20156015
15.0300007,0.195224,0.2264621,0.21084305
15.0400009,0.2052635,0.2270263,0.2161449
15.0500011,0.2020154,0.2094345,0.20572495
15.0600004,0.1979039,0.2138021,0.205853
15.0700006,0.1900834,0.2207645,0.20542395
15.0800009,0.1892799,0.2262422,0.20776105
15.0900011,0.1923076,0.2237167,0.20801215
15.1000004,0.1951336,0.2259313,0.21053245
15.1100006,0.1873291,0.2203173,0.2038232
15.1200008,0.1802604,0.2162757,0.19826805
15.1300011,0.1805281,0.2150619,0.197795
15.1400003,0.1912895,0.2050451,0.1981673
15.1500006,0.1893975,0.2166031,0.2030003
15.1600008,0.1861895,0.2248195,0.2055045
15.170001,0.1874066,0.2293373,0.20837195
15.1800003,0.1953098,0.2312973,0.21330355
15.1900005,0.1798366,0.2251448,0.2024907
15.2000008,0.1849061,0.2203927,0.2026494
15.210001,0.1927757,0.2199194,0.20634755
15.2200003,0.1970711,0.227068,0.21206955
15.2300005,0.1871976,0.2228774,0.2050375
15.2400007,0.1852175,0.224659,0.20493825
15.250001,0.1967071,0.2314041,0.2140556
15.2600012,0.1925991,0.2235813,0.2080902
15.2700005,0.1850855,0.2137496,0.19941755
15.2800007,0.1890029,0.2186673,0.2038351
15.2900009,0.1853764,0.2220865,0.20373145
15.3000011,0.1876662,0.2209594,0.2043128
15.3100004,0.1798968,0.2143367,0.19711675
15.3200006,0.1752568,0.2159578,0.1956073
15.3300009,0.180199,0.2211143,0.20065665
15.3400011,0.177889,0.2183106,0.1980998
15.3500004,0.1865217,0.2080579,0.1972898
15.3600006,0.191018,0.2106193,0.20081865
15.3700008,0.1839142,0.2152391,0.19957665
15.3800011,0.1799302,0.2164775,0.19820385
15.3900003,0.1788775,0.219969,0.19942325
15.4000006,0.1755225,0.2225046,0.19901355
15.4100008,0.1829345,0.2273639,0.2051492
15.420001,0.1871339,0.223422,0.20527795
15.4300003,0.1871777,0.2086176,0.19789765
15.4400005,0.18848,0.2082769,0.19837845
15.4500008,0.179869,0.2113518,0.1956104
15.460001,0.1921494,0.20967,0.2009097
15.4700003,0.1872287,0.2202857,0.2037572
15.4800005,0.1944658,0.2179439,0.20620485
15.4900007,0.1859274,0.2221224,0.2040249
15.500001,0.1875047,0.2103211,0.1989129
15.5100012,0.1973961,0.197629,0.19751255
15.5200005,0.1937101,0.2035021,0.1986061
15.5300007,0.1867672,0.2062135,0.19649035
15.5400009,0.1808318,0.2166516,0.1987417
15.5500011,0.1893185,0.209186,0.19925225
15.5600004,0.1939853,0.2130244,0.20350485
15.5700006,0.191061,0.2043508,0.1977059
15.5800009,0.1984734,0.2070345,0.20275395
15.5900011,0.1901703,0.2082376,0.19920395
15.6000004,0.2033342,0.1899628,0.1966485
15.6100006,0.1952152,0.1965099,0.19586255
15.6200008,0.1906256,0.1919618,0.1912937
15.6300011,0.1938051,0.1919981,0.1929016
15.6400003,0.198625,0.193496,0.1960605
15.6500006,0.1918099,0.1873397,0.1895748
15.6600008,0.1941919,0.2008095,0.1975007
15.670001,0.2069598,0.2015689,0.20426435
15.6800003,0.2114772,0.2017322,0.2066047
15.6900005,0.2000169,0.2129182,0.20646755
15.7000008,0.1979906,0.1958174,0.196904
15.710001,0.1945664,0.2037951,0.19918075
15.7200012,0.1991383,0.2106756,0.20490695
15.7300005,0.2043219,0.2100497,0.2071858
15.7400007,0.2086379,0.2098802,0.20925905
15.750001,0.2124667,0.2146994,0.21358305
15.7600012,0.2100305,0.2256529,0.2178417
15.7700005,0.2109097,0.2185555,0.2147326
15.7800007,0.199874,0.2120035,0.20593875
15.7900009,0.1908954,0.2080058,0.1994506
15.8000011,0.1945438,0.214471,0.2045074
15.8100004,0.2032177,0.2110673,0.2071425
15.8200006,0.1933925,0.2124153,0.2029039
15.8300009,0.1865285,0.2137506,0.20013955
15.8400011,0.1941078,0.2199638,0.2070358
15.8500004,0.1924023,0.2211069,0.2067546
15.8600006,0.1906888,0.2183115,0.20450015
15.8700008,0.1917483,0.2105369,0.2011426
15.8800011,0.1900644,0.2017891,0.19592675
15.8900003,0.1894868,0.2118297,0.20065825
15.9000006,0.2026695,0.2045565,0.203613
15.9100008,0.2040579,0.207319,0.20568845
15.920001,0.1902363,0.2131476,0.20169195
15.9300003,0.1948202,0.208653,0.2017366
15.9400005,0.1994858,0.18733,0.1934079
15.9500008,0.2000208,0.2046905,0.20235565
15.960001,0.1885008,0.2051076,0.1968042
15.9700012,0.1845487,0.1992842,0.19191645
15.9800005,0.1810425,0.2020119,0.1915272
15.9900007,0.1762788,0.1937531,0.18501595
16,0.1747611,0.1968322,0.18579665
16.0100002,0.1812355,0.2008453,0.1910404
16.0200005,0.1843934,0.2100175,0.19720545
16.0300007,0.182053,0.2052599,0.19365645
16.0400009,0.1763655,0.2043382,0.19035185
16.0500011,0.1801029,0.1941945,0.1871487
16.0600014,0.1736074,0.1995087,0.18655805
16.0700016,0.1846528,0.2058116,0.1952322
16.0799999,0.1734695,0.2192849,0.1963772
16.0900002,0.1866321,0.2087509,0.1976915
16.1000004,0.1940982,0.2157249,0.20491155
16.1100006,0.182139,0.2131352,0.1976371
16.1200008,0.1862312,0.2045287,0.19537995
16.1300011,0.1846096,0.2096787,0.19714415
16.1400013,0.1899329,0.2072382,0.19858555
16.1500015,0.1931982,0.2088297,0.20101395
16.1599998,0.1900152,0.2027233,0.19636925
16.1700001,0.1824458,0.1984684,0.1904571
16.1800003,0.1861151,0.1946616,0.19038835
16.1900005,0.1873528,0.2031603,0.19525655
16.2000008,0.1821539,0.2109643,0.1965591
16.210001,0.1878136,0.2016981,0.19475585
16.2200012,0.1853085,0.2046606,0.19498455
16.2300014,0.1881069,0.1936287,0.1908678
16.2400017,0.1853555,0.1947702,0.19006285
16.25,0.1891666,0.1986757,0.19392115
16.2600002,0.1834642,0.189902,0.1866831
16.2700005,0.1822733,0.1840378,0.18315555
16.2800007,0.1874413,0.1957516,0.19159645
16.2900009,0.1693494,0.1858271,0.17758825
16.3000011,0.1811791,0.1969335,0.1890563
16.3100014,0.1820687,0.1984909,0.1902798
16.3200016,0.1809801,0.1945256,0.18775285
16.3299999,0.1830246,0.1954167,0.18922065
16.3400002,0.1799969,0.2039175,0.1919572
16.3500004,0.1836248,0.1935662,0.1885955
16.3600006,0.1795287,0.1981491,0.1888389
16.3700008,0.1912577,0.1955724,0.19341505
16.3800011,0.191818,0.2073247,0.19957135
16.3900013,0.2024173,0.1973023,0.1998598
16.4000015,0.1779943,0.1971,0.18754715
16.4099998,0.1746504,0.1924641,0.18355725
16.4200001,0.1809628,0.203402,0.1921824
16.4300003,0.1754072,0.1884718,0.1819395
16.4400005,0.1769024,0.1971443,0.18702335
16.4500008,0.1866429,0.1931218,0.18988235
16.460001,0.1822447,0.1943006,0.18827265
16.4700012,0.1784911,0.1891567,0.1838239
16.4800014,0.1856846,0.1812699,0.18347725
16.4900017,0.1859981,0.1857611,0.1858796
16.5,0.1894961,0.1913396,0.19041785
16.5100002,0.2005073,0.1927138,0.19661055
16.5200005,0.1873874,0.1878741,0.18763075
16.5300007,0.1956353,0.192007,0.19382115
16.5400009,0.1968787,0.1886568,0.19276775
16.5500011,0.1933556,0.1891076,0.1912316
16.5600014,0.1898105,0.190941,0.19037575
16.5700016,0.1996731,0.1830368,0.19135495
16.5799999,0.2006941,0.1896302,0.19516215
16.5900002,0.2062567,0.1852669,0.1957618
16.6000004,0.1920174,0.1720494,0.1820334
16.6100006,0.187636,0.1914526,0.1895443
16.6200008,0.1972352,0.1896878,0.1934615
16.6300011,0.2068495,0.1957269,0.2012882
16.6400013,0.2006819,0.1894696,0.19507575
16.6500015,0.19463,0.2003642,0.1974971
16.6599998,0.2093903,0.1863959,0.1978931
16.6700001,0.2064175,0.1968759,0.2016467
16.6800003,0.1986893,0.1956704,0.19717985
16.6900005,0.1922109,0.1807659,0.1864884
16.7000008,0.203644,0.1948096,0.1992268
16.710001,0.1896099,0.1882559,0.1889329
16.7200012,0.1948691,0.1856296,0.19024935
16.7300014,0.1900075,0.1845099,0.1872587
16.7400017,0.2001807,0.1915282,0.19585445
16.75,0.2086139,0.1851559,0.1968849
16.7600002,0.2110764,0.1967694,0.2039229
16.7700005,0.2040839,0.1918689,0.1979764
16.7800007,0.1973432,0.1904414,0.1938923
16.7900009,0.1924689,0.1900092,0.19123905
16.8000011,0.1998477,0.1879374,0.19389255
16.8100014,0.2004226,0.1946636,0.1975431
16.8200016,0.2071587,0.1935882,0.20037345
16.8299999,0.203262,0.1984084,0.2008352
16.8400002,0.1987501,0.2024194,0.20058475
16.8500004,0.200902,0.1932527,0.19707735
16.8600006,0.2133785,0.1956035,0.204491
16.8700008,0.21232,0.1961202,0.2042201
16.8800011,0.2063204,0.1893473,0.19783385
16.8900013,0.2087983,0.1915973,0.2001978
16.9000015,0.200542,0.190178,0.19536
16.9100018,0.1947909,0.1972559,0.1960234
16.9200001,0.2076435,0.1944241,0.2010338
16.9300003,0.1978669,0.1992096,0.19853825
16.9400005,0.1981689,0.1965119,0.1973404
16.9500008,0.2099259,0.193465,0.20169545
16.960001,0.2129134,0.1889792,0.2009463
16.9700012,0.2033582,0.1932493,0.19830375
16.9800014,0.204381,0.19073,0.1975555
16.9900017,0.2026893,0.1828659,0.1927776
17,0.2071789,0.1861569,0.1966679
17.0100002,0.2071513,0.1817161,0.1944337
17.0200005,0.211877,0.1942379,0.20305745
17.0300007,0.2105027,0.1860107,0.1982567
17.0400009,0.2007614,0.1861059,0.19343365
17.0500011,0.2004103,0.190367,0.19538865
17.0600014,0.2076379,0.1821043,0.1948711
17.0700016,0.2011357,0.1884331,0.1947844
17.0799999,0.2090049,0.1817894,0.19539715
17.0900002,0.2146612,0.1912623,0.20296175
17.1000004,0.2043579,0.1880331,0.1961955
17.1100006,0.2102969,0.1842976,0.19729725
17.1200008,0.2080918,0.1782287,0.19316025
17.1300011,0.2085553,0.194481,0.20151815
17.1400013,0.2060226,0.1824863,0.19425445
17.1500015,0.1998381,0.1939784,0.19690825
17.1600018,0.2067266,0.1900612,0.1983939
17.1700001,0.188735,0.1914906,0.1901128
17.1800003,0.1938923,0.191054,0.19247315
17.1900005,0.1903954,0.1905128,0.1904541
17.2000008,0.2136733,0.2039993,0.2088363
17.210001,0.2082296,0.2090552,0.2086424
17.2200012,0.2044005,0.1996101,0.2020053
17.2300014,0.2151708,0.1881078,0.2016393
17.2400017,0.2199727,0.190881,0.20542685
17.25,0.2026502,0.1908459,0.19674805
17.2600002,0.1964313,0.1839596,0.19019545
17.2700005,0.2032277,0.1869727,0.1951002
17.2800007,0.2062629,0.196944,0.20160345
17.2900009,0.2080561,0.1896913,0.1988737
17.3000011,0.2136692,0.1916481,0.20265865
17.3100014,0.2199285,0.2009931,0.2104608
17.3200016,0.2132218,0.1956293,0.20442555
17.3299999,0.2048941,0.195698,0.20029605
17.3400002,0.2006939,0.1955725,0.1981332
17.3500004,0.2013995,0.1913924,0.19639595
17.3600006,0.2091063,0.1871758,0.19814105
17.3700008,0.2048013,0.1930393,0.1989203
17.3800011,0.2019601,0.1903445,0.1961523
17.3900013,0.1944936,0.1934487,0.19397115
17.4000015,0.2034502,0.1981706,0.2008104
17.4100018,0.2044805,0.2060104,0.20524545
17.4200001,0.2149727,0.2016598,0.20831625
17.4300003,0.2067387,0.1992694,0.20300405
17.4400005,0.2085411,0.2051369,0.206839
17.4500008,0.2070689,0.197154,0.20211145
17.460001,0.2106306,0.1998023,0.20521645
17.4700012,0.2082845,0.1837246,0.19600455
17.4800014,0.2121319,0.1992772,0.20570455
17.4900017,0.2088808,0.1922445,0.20056265
17.5,0.2122666,0.1913078,0.2017872
17.5100002,0.2164438,0.1845242,0.200484
17.5200005,0.2014071,0.1928948,0.19715095
17.5300007,0.2083512,0.1909185,0.19963485
17.5400009,0.2004899,0.1893396,0.19491475
17.5500011,0.2019353,0.1928807,0.197408
17.5600014,0.2047807,0.1852365,0.1950086
17.5700016,0.2133235,0.1779934,0.19565845
17.5799999,0.2120826,0.1806103,0.19634645
17.5900002,0.2050758,0.1800655,0.19257065
17.6000004,0.2014325,0.1890922,0.19526235
17.6100006,0.2021076,0.1927471,0.19742735
17.6200008,0.2065584,0.191081,0.1988197
17.6300011,0.2020457,0.1952226,0.19863415
17.6400013,0.2006431,0.1852344,0.19293875
17.6500015,0.2026432,0.1982663,0.20045475
17.6600018,0.1960718,0.202086,0.1990789
17.6700001,0.1973005,0.1961154,0.19670795
17.6800003,0.2014104,0.191705,0.1965577
17.6900005,0.1973588,0.1941284,0.1957436
17.7000008,0.1941954,0.1930716,0.1936335
17.710001,0.2010338,0.1907883,0.19591105
17.7200012,0.2012646,0.1921018,0.1966832
17.7300014,0.1935157,0.1897423,0.191629
17.7400017,0.1952239,0.189813,0.19251845
17.75,0.1998185,0.1883441,0.1940813
17.7600002,0.2074715,0.1790731,0.1932723
17.7700005,0.204059,0.1822543,0.19315665
17.7800007,0.2094602,0.1867575,0.19810885
17.7900009,0.2100629,0.1875635,0.1988132
17.8000011,0.1973852,0.1822202,0.1898027
17.8100014,0.2135191,0.1828114,0.19816525
17.8200016,0.1988394,0.1865188,0.1926791
17.8299999,0.204665,0.1879232,0.1962941
17.8400002,0.2065036,0.1766853,0.19159445
17.8500004,0.2089468,0.1886464,0.1987966
17.8600006,0.2017687,0.1801511,0.1909599
17.8700008,0.2024731,0.1841277,0.1933004
17.8800011,0.1926881,0.1892969,0.1909925
17.8900013,0.2018843,0.1897627,0.1958235
17.9000015,0.2055343,0.1976666,0.20160045
17.9100018,0.2032575,0.1855811,0.1944193
17.9200001,0.203919,0.1898631,0.19689105
17.9300003,0.2080223,0.1884084,0.19821535
17.9400005,0.1998213,0.1875526,0.19368695
17.9500008,0.1985587,0.1930264,0.19579255
17.960001,0.2026755,0.1956193,0.1991474
17.9700012,0.2034638,0.1956703,0.19956705
17.9800014,0.2026885,0.1901978,0.19644315
17.9900017,0.2000848,0.2021234,0.2011041
18,0.2036273,0.1974034,0.20051535
18.0100002,0.2043772,0.1911677,0.19777245
18.0200005,0.1966544,0.1947174,0.1956859
18.0300007,0.2006663,0.1937255,0.1971959
18.0400009,0.1814572,0.1962534,0.1888553
18.0500011,0.1845993,0.1946343,0.1896168
18.0600014,0.1943436,0.1873691,0.19085635
18.0700016,0.1932297,0.1880836,0.19065665
18.0799999,0.1909115,0.1871655,0.1890385
18.0900002,0.1985281,0.184647,0.19158755
18.1000004,0.197058,0.1951289,0.19609345
18.1100006,0.1991261,0.1923194,0.19572275
18.1200008,0.1849908,0.1861495,0.18557015
18.1300011,0.1925885,0.1871974,0.18989295
18.1400013,0.191728,0.1889235,0.19032575
18.1500015,0.1854519,0.1875688,0.18651035
18.1600018,0.1924947,0.1885876,0.19054115
18.1700001,0.1992118,0.1916905,0.19545115
18.1800003,0.1924324,0.1935527,0.19299255
18.1900005,0.1888834,0.1777303,0.18330685
18.2000008,0.1885652,0.1811743,0.18486975
18.210001,0.1927164,0.1890268,0.1908716
18.2200012,0.2024153,0.184363,0.19338915
18.2300014,0.196261,0.1886152,0.1924381
18.2400017,0.1968024,0.1815715,0.18918695
18.25,0.193293,0.1817887,0.18754085
18.2600002,0.206787,0.1804687,0.19362785
18.2700005,0.2042327,0.1742453,0.189239
18.2800007,0.209255,0.1832128,0.1962339
18.2900009,0.2084026,0.1837434,0.196073
18.3000011,0.1952783,0.1845113,0.1898948
18.3100014,0.2061194,0.1858118,0.1959656
18.3200016,0.1983173,0.1909965,0.1946569
18.3299999,0.1948921,0.1928124,0.19385225
18.3400002,0.1927233,0.2075902,0.20015675
18.3500004,0.1908671,0.2032629,0.197065
18.3600006,0.196702,0.1944335,0.19556775
18.3700008,0.2045895,0.1928422,0.19871585
18.3800011,0.2039457,0.1933922,0.19866895
18.3900013,0.1981669,0.1965933,0.1973801
18.4000015,0.1984458,0.1872456,0.1928457
18.4100018,0.2151676,0.1868655,0.20101655
18.4200001,0.2207602,0.1944458,0.207603
18.4300003,0.1993463,0.1944538,0.19690005
18.4400005,0.2095537,0.1890291,0.1992914
18.4500008,0.2121243,0.1864459,0.1992851
18.460001,0.2124308,0.1950332,0.203732
18.4700012,0.2208381,0.1945498,0.20769395
18.4800014,0.2094629,0.1879832,0.19872305
18.4900017,0.2093639,0.1975597,0.2034618
18.5,0.2025514,0.1985263,0.20053885
18.5100002,0.2094337,0.1999807,0.2047072
18.5200005,0.2069681,0.2072488,0.20710845
18.5300007,0.2048306,0.1981965,0.20151355
18.5400009,0.2023651,0.1883966,0.19538085
18.5500011,0.2012325,0.1934963,0.1973644
18.5600014,0.2006331,0.1996848,0.20015895
18.5700016,0.1995703,0.2030142,0.20129225
18.5800018,0.1942987,0.1980003,0.1961495
18.5900002,0.1979931,0.192444,0.19521855
18.6000004,0.2108959,0.1988161,0.204856
18.6100006,0.2042913,0.1953756,0.19983345
18.6200008,0.2099862,0.2010983,0.20554225
18.6300011,0.206344,0.2062406,0.2062923
18.6400013,0.2032918,0.1966688,0.1999803
18.6500015,0.1958527,0.206435,0.20114385
18.6600018,0.2032097,0.2057788,0.20449425
18.6700001,0.2034374,0.1967002,0.2000688
18.6800003,0.2079318,0.1874502,0.197691
18.6900005,0.1926364,0.1924884,0.1925624
18.7000008,0.198255,0.1879652,0.1931101
18.710001,0.2095566,0.1831889,0.19637275
18.7200012,0.1999866,0.1945035,0.19724505
18.7300014,0.2023794,0.1956158,0.1989976
18.7400017,0.2080898,0.1972271,0.20265845
18.75,0.1873104,0.1929169,0.19011365
18.7600002,0.1939792,0.1908206,0.1923999
18.7700005,0.1995421,0.2011281,0.2003351
18.7800007,0.1978422,0.1909754,0.1944088
18.7900009,0.2071183,0.1919814,0.19954985
18.8000011,0.2074932,0.2017549,0.20462405
18.8100014,0.1987562,0.1908432,0.1947997
18.8200016,0.1998309,0.1980975,0.1989642
18.8300018,0.196008,0.192627,0.1943175
18.8400002,0.2063769,0.1973833,0.2018801
18.8500004,0.217887,0.1970145,0.20745075
18.8600006,0.214762,0.1904532,0.2026076
18.8700008,0.2181948,0.1966775,0.20743615
18.8800011,0.2201826,0.194426,0.2073043
18.8900013,0.2178681,0.1861297,0.2019989
18.9000015,0.2149697,0.1882073,0.2015885
18.9100018,0.2180597,0.1859058,0.20198275
18.9200001,0.210974,0.1877506,0.1993623
18.9300003,0.2152663,0.1940763,0.2046713
18.9400005,0.2086682,0.1946428,0.2016555
18.9500008,0.2044889,0.1932587,0.1988738
18.960001,0.205259,0.1895642,0.1974116
18.9700012,0.1998292,0.1937992,0.1968142
18.9800014,0.1982099,0.2003166,0.19926325
18.9900017,0.2074071,0.1964091,0.2019081
19,0.2076886,0.1934962,0.2005924
19.0100002,0.2114392,0.1953459,0.20339255
19.0200005,0.2034103,0.1941138,0.19876205
19.0300007,0.2051267,0.1984199,0.2017733
19.0400009,0.1991875,0.1980996,0.19864355
19.0500011,0.2037176,0.2061248,0.2049212
19.0600014,0.219969,0.201492,0.2107305
19.0700016,0.2151383,0.2004107,0.2077745
19.0800018,0.2169347,0.1987061,0.2078204
19.0900002,0.2161128,0.1998317,0.20797225
19.1000004,0.2005203,0.2022206,0.20137045
19.1100006,0.2031438,0.202558,0.2028509
19.1200008,0.2129712,0.1991165,0.20604385
19.1300011,0.2006923,0.2023559,0.2015241
19.1400013,0.2051797,0.2033208,0.20425025
19.1500015,0.2028732,0.195636,0.1992546
19.1600018,0.2113051,0.1969526,0.20412885
19.1700001,0.2098496,0.1942162,0.2020329
19.1800003,0.2021348,0.1869843,0.19455955
19.1900005,0.2045614,0.1919224,0.1982419
19.2000008,0.2265642,0.1950154,0.2107898
19.210001,0.2130368,0.197946,0.2054914
19.2200012,0.2073373,0.1950955,0.2012164
19.2300014,0.2114234,0.1936025,0.20251295
19.2400017,0.2109085,0.1995799,0.2052442
19.25,0.2107594,0.1971142,0.2039368
19.2600002,0.2077124,0.1882273,0.19796985
19.2700005,0.2176599,0.1857067,0.2016833
19.2800007,0.2097013,0.1854199,0.1975606
19.2900009,0.2068793,0.1831634,0.19502135
19.3000011,0.202172,0.1925873,0.19737965
19.3100014,0.2058255,0.1858815,0.1958535
19.3200016,0.1976599,0.1892586,0.19345925
19.3300018,0.1938827,0.1848588,0.18937075
19.3400002,0.1983002,0.1886002,0.1934502
19.3500004,0.1982324,0.186341,0.1922867
19.3600006,0.2003103,0.179928,0.19011915
19.3700008,0.191319,0.190401,0.19086
19.3800011,0.1965587,0.1919993,0.194279
19.3900013,0.1952235,0.2031762,0.19919985
19.4000015,0.1845771,0.1889103,0.1867437
19.4100018,0.1936924,0.1957865,0.19473945
19.4200001,0.1970984,0.1935642,0.1953313
19.4300003,0.2011116,0.2020459,0.20157875
19.4400005,0.2014206,0.1977711,0.19959585
19.4500008,0.2057986,0.1977268,0.2017627
19.460001,0.2205945,0.1854757,0.2030351
19.4700012,0.2091732,0.1935006,0.2013369
19.4800014,0.2063472,0.1930189,0.19968305
19.4900017,0.2135813,0.1926093,0.2030953
19.5,0.2120623,0.1951875,0.2036249
19.5100002,0.20758,0.19663,0.202105
19.5200005,0.2046298,0.1872557,0.19594275
19.5300007,0.195859,0.1996783,0.19776865
19.5400009,0.2079281,0.2031225,0.2055253
19.5500011,0.2071502,0.1968397,0.20199495
19.5600014,0.207958,0.189116,0.198537
19.5700016,0.2049309,0.2019721,0.2034515
19.5800018,0.2056109,0.2055196,0.20556525
19.5900002,0.2037983,0.2123907,0.2080945
19.6000004,0.2052285,0.2005743,0.2029014
19.6100006,0.2011777,0.2074625,0.2043201
19.6200008,0.2045051,0.1964956,0.20050035
19.6300011,0.2027972,0.1975678,0.2001825
19.6400013,0.2105324,0.1889203,0.19972635
19.6500015,0.2026068,0.1943412,0.198474
19.6600018,0.2018272,0.1994013,0.20061425
19.6700001,0.2058344,0.2040078,0.2049211
19.6800003,0.206824,0.1963816,0.2016028
19.6900005,0.2047671,0.205313,0.20504005
19.7000008,0.2045278,0.2034845,0.20400615
19.710001,0.2038247,0.2104465,0.2071356
19.7200012,0.1941003,0.2012673,0.1976838
19.7300014,0.1980488,0.2014889,0.19976885
19.7400017,0.2027483,0.1939014,0.19832485
19.75,0.1873027,0.1992161,0.1932594
19.7600002,0.1940139,0.1927865,0.1934002
19.7700005,0.1845062,0.1987245,0.19161535
19.7800007,0.1912708,0.1970355,0.19415315
19.7900009,0.2039594,0.2021725,0.20306595
19.8000011,0.2026552,0.2078445,0.20524985
19.8100014,0.2104587,0.2050111,0.2077349
19.8200016,0.1964915,0.2006266,0.19855905
19.8300018,0.1983972,0.195676,0.1970366
19.8400002,0.2106834,0.2041165,0.20739995
19.8500004,0.2035427,0.205366,0.20445435
19.8600006,0.2090307,0.2010244,0.20502755
19.8700008,0.2182505,0.1987249,0.2084877
19.8800011,0.2172423,0.2018211,0.2095317
19.8900013,0.2046446,0.2017352,0.2031899
19.9000015,0.2026685,0.1985326,0.20060055
19.9100018,0.221999,0.2017321,0.21186555
19.9200001,0.2078427,0.1964524,0.20214755
19.9300003,0.2183738,0.1958329,0.20710335
19.9400005,0.2102894,0.2027338,0.2065116
19.9500008,0.2293839,0.202165,0.21577445
19.960001,0.2145144,0.2012131,0.20786375
19.9700012,0.2167466,0.2021896,0.2094681
19.9800014,0.2152738,0.2064733,0.21087355
19.9900017,0.2149549,0.2110754,0.21301515
20,0.2132615,0.1937637,0.2035126
20.0100002,0.2033396,0.2024118,0.2028757
20.0200005,0.2064495,0.1972471,0.2018483
20.0300007,0.2046948,0.1968927,0.20079375
20.0400009,0.207608,0.2029761,0.20529205
20.0500011,0.2117843,0.1989973,0.2053908
20.0600014,0.2100506,0.1994378,0.2047442
20.0700016,0.2011266,0.1982494,0.199688
20.0800018,0.2058665,0.201398,0.20363225
20.0900002,0.2127992,0.2006246,0.2067119
20.1000004,0.2187977,0.1997257,0.2092617
20.1100006,0.2104966,0.2046073,0.20755195
20.1200008,0.2153223,0.1975412,0.20643175
20.1300011,0.2121924,0.1974291,0.20481075
20.1400013,0.1996893,0.2024115,0.2010504
20.1500015,0.2128521,0.201445,0.20714855
20.1600018,0.2100609,0.2050536,0.20755725
20.1700001,0.2189324,0.1956531,0.20729275
20.1800003,0.2141759,0.19833,0.20625295
20.1900005,0.2152985,0.1898459,0.2025722
20.2000008,0.214593,0.1901051,0.20234905
20.210001,0.215197,0.1803427,0.19776985
20.2200012,0.2113297,0.1871233,0.1992265
20.2300014,0.2167445,0.1826858,0.19971515
20.2400017,0.2111333,0.1867189,0.1989261
20.2500019,0.2115035,0.1856134,0.19855845
20.2600002,0.2076007,0.1901589,0.1988798
20.2700005,0.2031062,0.1898025,0.19645435
20.2800007,0.1984828,0.1884477,0.19346525
20.2900009,0.2054417,0.1926182,0.19902995
20.3000011,0.2020781,0.1895931,0.1958356
20.3100014,0.2042098,0.2001496,0.2021797
20.3200016,0.2007266,0.1899668,0.1953467
20.3300018,0.1940949,0.1991348,0.19661485
20.3400002,0.1964533,0.2000995,0.1982764
20.3500004,0.2010981,0.1992236,0.20016085
20.3600006,0.1975379,0.2000404,0.19878915
20.3700008,0.20054,0.1987168,0.1996284
20.3800011,0.2010966,0.2018018,0.2014492
20.3900013,0.2065792,0.1941079,0.20034355
20.4000015,0.2043306,0.1885944,0.1964625
20.4100018,0.2157369,0.1863242,0.20103055
20.4200001,0.2087036,0.1966155,0.20265955
20.4300003,0.2093093,0.1983108,0.20381005
20.4400005,0.1997762,0.2012186,0.2004974
20.4500008,0.2084135,0.2004499,0.2044317
20.460001,0.217539,0.1937889,0.20566395
20.4700012,0.2065737,0.1938127,0.2001932
20.4800014,0.2108651,0.1964916,0.20367835
20.4900017,0.2193369,0.1940939,0.2067154
20.5000019,0.21121,0.1942131,0.20271155
20.5100002,0.2067574,0.2070906,0.206924
20.5200005,0.2214935,0.2077558,0.21462465
20.5300007,0.214479,0.2072642,0.2108716
20.5400009,0.2146538,0.2010432,0.2078485
20.5500011,0.2224622,0.2024483,0.21245525
20.5600014,0.2158641,0.2000817,0.2079729
20.5700016,0.2161129,0.2078765,0.2119947
20.5800018,0.211874,0.2050356,0.2084548
20.5900002,0.2151555,0.1987832,0.20696935
20.6000004,0.2159062,0.2012138,0.20856
20.6100006,0.2124524,0.1966598,0.2045561
20.6200008,0.2052692,0.2027419,0.20400555
20.6300011,0.2119078,0.1936718,0.2027898
20.6400013,0.2028418,0.2023927,0.20261725
20.6500015,0.2011756,0.1908499,0.19601275
20.6600018,0.2048466,0.1935644,0.1992055
20.6700001,0.2104487,0.1988877,0.2046682
20.6800003,0.2244104,0.1973196,0.210865
20.6900005,0.2187334,0.1924494,0.2055914
20.7000008,0.2189917,0.1976941,0.2083429
20.710001,0.2316823,0.1970505,0.2143664
20.7200012,0.2294822,0.1987236,0.2141029
20.7300014,0.2110358,0.1954365,0.20323615
20.7400017,0.2224577,0.2014103,0.211934
20.7500019,0.2197327,0.1941824,0.20695755
20.7600002,0.2130255,0.1947262,0.20387585
20.7700005,0.2222339,0.1922765,0.2072552
20.7800007,0.2073782,0.1975911,0.20248465
20.7900009,0.2055907,0.2135566,0.20957365
20.8000011,0.2083808,0.1966629,0.20252185
20.8100014,0.2127965,0.1868005,0.1997985
20.8200016,0.2005151,0.1881079,0.1943115
20.8300018,0.2201153,0.1970267,0.208571
20.8400002,0.2140619,0.1884341,0.201248
20.8500004,0.2170519,0.1909479,0.2039999
20.8600006,0.2032198,0.192674,0.1979469
20.8700008,0.2054204,0.2041073,0.20476385
20.8800011,0.2021253,0.1983077,0.2002165
20.8900013,0.2205158,0.1954682,0.207992
20.9000015,0.2086377,0.1994562,0.20404695
20.9100018,0.2093105,0.1955074,0.20240895
20.9200001,0.2142459,0.2078955,0.2110707
20.9300003,0.2111108,0.2029518,0.2070313
20.9400005,0.2071491,0.2064019,0.2067755
20.9500008,0.2060046,0.207495,0.2067498
20.960001,0.1957942,0.1956217,0.19570795
20.9700012,0.2059383,0.1930393,0.1994888
20.9800014,0.200328,0.2054495,0.20288875
20.9900017,0.1881566,0.2050801,0.19661835
21.0000019,0.1976104,0.2057026,0.2016565
21.0100002,0.1922145,0.1989778,0.19559615
21.0200005,0.1962087,0.2070462,0.20162745
21.0300007,0.1987827,0.2071175,0.2029501
21.0400009,0.2040876,0.1981215,0.20110455
21.0500011,0.2021735,0.2042521,0.2032128
21.0600014,0.2037304,0.1955012,0.1996158
21.0700016,0.2062841,0.2045498,0.20541695
21.0800018,0.2015952,0.1990376,0.2003164
21.0900002,0.1978798,0.1865059,0.19219285
21.1000004,0.1981911,0.1980961,0.1981436
21.1100006,0.2049661,0.2024386,0.20370235
21.1200008,0.1999778,0.2007491,0.20036345
21.1300011,0.2079922,0.1946504,0.2013213
21.1400013,0.2024119,0.1935304,0.19797115
21.1500015,0.2090257,0.1939232,0.20147445
21.1600018,0.2022422,0.195508,0.1988751
21.1700001,0.2034011,0.202248,0.20282455
21.1800003,0.1929584,0.1975772,0.1952678
21.1900005,0.1960859,0.1963332,0.19620955
21.2000008,0.2002821,0.1891437,0.1947129
21.210001,0.2064188,0.1980163,0.20221755
21.2200012,0.210041,0.1946041,0.20232255
21.2300014,0.2172963,0.1980819,0.2076891
21.2400017,0.2079585,0.2021481,0.2050533
21.2500019,0.2067964,0.2000189,0.20340765
21.2600002,0.2141554,0.193662,0.2039087
21.2700005,0.2017393,0.1920083,0.1968738
21.2800007,0.2029905,0.1958511,0.1994208
21.2900009,0.2081961,0.2015156,0.20485585
21.3000011,0.2079316,0.194645,0.2012883
21.3100014,0.2021807,0.2049558,0.20356825
21.3200016,0.2039414,0.1984977,0.20121955
21.3300018,0.1981841,0.2004188,0.19930145
21.3400002,0.204354,0.1977905,0.20107225
21.3500004,0.205542,0.1961578,0.2008499
21.3600006,0.2009048,0.1906981,0.19580145
21.3700008,0.2011643,0.1985121,0.1998382
21.3800011,0.209877,0.1889654,0.1994212
21.3900013,0.2080572,0.1857738,0.1969155
21.4000015,0.2152508,0.194773,0.2050119
21.4100018,0.2064911,0.1996469,0.203069
21.4200001,0.1982263,0.1884148,0.19332055
21.4300003,0.2079336,0.2006321,0.20428285
21.4400005,0.2108546,0.1971622,0.2040084
21.4500008,0.2111069,0.1934948,0.20230085
21.460001,0.2056219,0.1951958,0.20040885
21.4700012,0.1980696,0.2016705,0.19987005
21.4800014,0.2013695,0.1968812,0.19912535
21.4900017,0.1931106,0.2067941,0.19995235
21.5000019,0.2009754,0.2040497,0.20251255
21.5100002,0.2014477,0.2109196,0.20618365
21.5200005,0.1970447,0.2015568,0.19930075
21.5300007,0.1924054,0.2071485,0.19977695
21.5400009,0.203311,0.2080511,0.20568105
21.5500011,0.2017207,0.2037331,0.2027269
21.5600014,0.2022246,0.2058223,0.20402345
21.5700016,0.2085519,0.204769,0.20666045
21.5800018,0.1962916,0.1935656,0.1949286
21.5900002,0.1902326,0.1999032,0.1950679
21.6000004,0.2023762,0.1997755,0.20107585
21.6100006,0.1985139,0.1911903,0.1948521
21.6200008,0.194313,0.1963552,0.1953341
21.6300011,0.1987901,0.2057084,0.20224925
21.6400013,0.2003423,0.2064685,0.2034054
21.6500015,0.2075412,0.2006545,0.20409785
21.6600018,0.2021441,0.2019784,0.20206125
21.6700001,0.2012827,0.1957403,0.1985115
21.6800003,0.1994216,0.2075887,0.20350515
21.6900005,0.2028943,0.2008764,0.20188535
21.7000008,0.1972457,0.1909645,0.1941051
21.710001,0.2035099,0.1962754,0.19989265
21.7200012,0.2034437,0.1923969,0.1979203
21.7300014,0.2038163,0.2001218,0.20196905
21.7400017,0.2006679,0.199125,0.19989645
21.7500019,0.2092671,0.2031105,0.2061888
21.7600002,0.2091414,0.2038564,0.2064989
21.7700005,0.2059972,0.2071438,0.2065705
21.7800007,0.1993331,0.2086794,0.20400625
21.7900009,0.2146873,0.2024719,0.2085796
21.8000011,0.2074202,0.2162385,0.21182935
21.8100014,0.2012661,0.2101604,0.20571325
21.8200016,0.2120548,0.202691,0.2073729
21.8300018,0.207894,0.209854,0.208874
21.8400002,0.2121926,0.208618,0.2104053
21.8500004,0.2012096,0.2174496,0.2093296
21.8600006,0.2043431,0.21336,0.20885155
21.8700008,0.2092172,0.203059,0.2061381
21.8800011,0.2068521,0.2161608,0.21150645
21.8900013,0.2021265,0.1933071,0.1977168
21.9000015,0.1976236,0.1935591,0.19559135
21.9100018,0.2004673,0.1972208,0.19884405
21.920002,0.2115546,0.2063636,0.2089591
21.9300003,0.2184025,0.1975971,0.2079998
21.9400005,0.2027201,0.200823,0.20177155
21.9500008,0.2029558,0.1973427,0.20014925
21.960001,0.1983619,0.1956231,0.1969925
21.9700012,0.206473,0.1993653,0.20291915
21.9800014,0.2066501,0.1918864,0.19926825
21.9900017,0.208909,0.2022357,0.20557235
22.0000019,0.2090503,0.2069837,0.208017
22.0100002,0.2095333,0.2074756,0.20850445
22.0200005,0.1997201,0.2023779,0.201049
22.0300007,0.2061369,0.2061245,0.2061307
22.0400009,0.217918,0.205439,0.2116785
22.0500011,0.212103,0.204938,0.2085205
22.0600014,0.2087713,0.2035497,0.2061605
22.0700016,0.2104853,0.1947154,0.20260035
22.0800018,0.2041277,0.1941326,0.19913015
22.0900002,0.1978253,0.1975332,0.19767925
22.1000004,0.2047434,0.1995326,0.202138
22.1100006,0.2000917,0.209335,0.20471335
22.1200008,0.1957618,0.2128444,0.2043031
22.1300011,0.2013035,0.2075781,0.2044408
22.1400013,0.2032672,0.2042175,0.20374235
22.1500015,0.2022751,0.1973336,0.19980435
22.1600018,0.202736,0.1974734,0.2001047
22.170002,0.2020789,0.1967141,0.1993965
22.1800003,0.1962092,0.2091044,0.2026568
22.1900005,0.2000027,0.1987141,0.1993584
22.2000008,0.1965328,0.1965779,0.19655535
22.210001,0.193325,0.1873072,0.1903161
22.2200012,0.1954316,0.1958337,0.19563265
22.2300014,0.1989211,0.1951021,0.1970116
22.2400017,0.1999421,0.1965968,0.19826945
22.2500019,0.2055823,0.1988099,0.2021961
22.2600002,0.200739,0.1929342,0.1968366
22.2700005,0.2058797,0.2074815,0.2066806
22.2800007,0.216022,0.2038755,0.20994875
22.2900009,0.2063639,0.2126486,0.20950625
22.3000011,0.1999612,0.2077412,0.2038512
22.3100014,0.2050239,0.2064458,0.20573485
22.3200016,0.2021046,0.2034218,0.2027632
22.3300018,0.2060476,0.2038391,0.20494335
22.3400002,0.2030889,0.2008356,0.20196225
22.3500004,0.2043451,0.2054125,0.2048788
22.3600006,0.2072715,0.203876,0.20557375
22.3700008,0.204775,0.19657,0.2006725
22.3800011,0.2049677,0.2022641,0.2036159
22.3900013,0.2066596,0.2094508,0.2080552
22.4000015,0.1997336,0.1964647,0.19809915
22.4100018,0.1962561,0.2038692,0.20006265
22.420002,0.1942242,0.1919047,0.19306445
22.4300003,0.2000601,0.1977154,0.19888775
22.4400005,0.2025131,0.1965909,0.199552
22.4500008,0.1992602,0.2031438,0.201202
22.460001,0.1992818,0.2071791,0.20323045
22.4700012,0.2029611,0.1971586,0.20005985
22.4800014,0.200141,0.2080981,0.20411955
22.4900017,0.205373,0.2061868,0.2057799
22.5000019,0.2067189,0.2164697,0.2115943
22.5100002,0.2041717,0.2146884,0.20943005
22.5200005,0.2023253,0.2093203,0.2058228
22.5300007,0.1998549,0.2063003,0.2030776
22.5400009,0.1988256,0.1902947,0.19456015
22.5500011,0.1867405,0.2014211,0.1940808
22.5600014,0.1953745,0.2080868,0.20173065
22.5700016,0.1975815,0.1998129,0.1986972
22.5800018,0.1977493,0.2021083,0.1999288
22.5900002,0.1972494,0.205049,0.2011492
22.6000004,0.2013569,0.2019965,0.2016767
22.6100006,0.1912525,0.2055188,0.19838565
22.6200008,0.1944434,0.2010721,0.19775775
22.6300011,0.2079085,0.1978922,0.20290035
22.6400013,0.1990478,0.1957565,0.19740215
22.6500015,0.1969289,0.1971578,0.19704335
22.6600018,0.1962579,0.1916687,0.1939633
22.670002,0.1979138,0.1934478,0.1956808
22.6800003,0.1965914,0.1956115,0.19610145
22.6900005,0.1987739,0.1928812,0.19582755
22.7000008,0.2004019,0.1997313,0.2000666
22.710001,0.200444,0.1966467,0.19854535
22.7200012,0.1891387,0.2014843,0.1953115
22.7300014,0.1952927,0.1984076,0.19685015
22.7400017,0.198615,0.1961088,0.1973619
22.7500019,0.1915127,0.1988734,0.19519305
22.7600002,0.1964163,0.2026491,0.1995327
22.7700005,0.1994209,0.1976563,0.1985386
22.7800007,0.1942903,0.2062557,0.200273
22.7900009,0.1910851,0.2178863,0.2044857
22.8000011,0.2058354,0.2017583,0.20379685
22.8100014,0.1983408,0.2025507,0.20044575
22.8200016,0.2017652,0.1926823,0.19722375
22.8300018,0.2037921,0.1880005,0.1958963
22.8400002,0.1975099,0.192054,0.19478195
22.8500004,0.1976039,0.1997144,0.19865915
22.8600006,0.193414,0.1943125,0.19386325
22.8700008,0.2047847,0.200529,0.20265685
22.8800011,0.1983685,0.2079811,0.2031748
22.8900013,0.1992369,0.2112394,0.20523815
22.9000015,0.2046317,0.2066925,0.2056621
22.9100018,0.200718,0.2086523,0.20468515
22.920002,0.2082504,0.2177109,0.21298065
22.9300003,0.1944805,0.2027187,0.1985996
22.9400005,0.1998164,0.2005736,0.200195
22.9500008,0.206249,0.2082056,0.2072273
22.960001,0.20314,0.2106698,0.2069049
22.9700012,0.205966,0.2172645,0.21161525
22.9800014,0.2064042,0.2063214,0.2063628
22.9900017,0.2025633,0.2084881,0.2055257
23.0000019,0.2074933,0.207117,0.20730515
23.0100002,0.2139458,0.2035999,0.20877285
23.0200005,0.2156692,0.2152818,0.2154755
23.0300007,0.2140034,0.1995192,0.2067613
23.0400009,0.2041906,0.2024247,0.20330765
23.0500011,0.2056195,0.210523,0.20807125
23.0600014,0.2058882,0.1956841,0.20078615
23.0700016,0.2020281,0.1982733,0.2001507
23.0800018,0.201166,0.2044794,0.2028227
23.0900002,0.2075929,0.2039058,0.20574935
23.1000004,0.2093764,0.1982097,0.20379305
23.1100006,0.2051545,0.1962067,0.2006806
23.1200008,0.1983631,0.201531,0.19994705
23.1300011,0.1999659,0.2069585,0.2034622
23.1400013,0.2022416,0.207397,0.2048193
23.1500015,0.197721,0.2060058,0.2018634
23.1600018,0.1996899,0.1979113,0.1988006
23.170002,0.1917618,0.1975301,0.19464595
23.1800003,0.2015673,0.1980771,0.1998222
23.1900005,0.1967173,0.1987971,0.1977572
23.2000008,0.1991101,0.2063012,0.20270565
23.210001,0.2007055,0.1967376,0.19872155
23.2200012,0.1924198,0.2059798,0.1991998
23.2300014,0.1913795,0.1997467,0.1955631
23.2400017,0.1944589,0.207799,0.20112895
23.2500019,0.190355,0.2069388,0.1986469
23.2600002,0.1990318,0.2039408,0.2014863
23.2700005,0.1996632,0.2029674,0.2013153
23.2800007,0.2067738,0.2082468,0.2075103
23.2900009,0.2012537,0.1997713,0.2005125
23.3000011,0.2001199,0.2095783,0.2048491
23.3100014,0.2002483,0.215523,0.20788565
23.3200016,0.2000028,0.2032566,0.2016297
23.3300018,0.2038749,0.1994139,0.2016444
23.3400021,0.1995396,0.2035314,0.2015355
23.3500004,0.206002,0.211056,0.208529
23.3600006,0.2025823,0.2034658,0.20302405
23.3700008,0.2081443,0.1995053,0.2038248
23.3800011,0.205256,0.2009712,0.2031136
23.3900013,0.1989685,0.2079332,0.20345085
23.4000015,0.2054552,0.2070164,0.2062358
23.4100018,0.2074355,0.2060588,0.20674715
23.420002,0.2017156,0.2009207,0.20131815
23.4300003,0.2006437,0.2052415,0.2029426
23.4400005,0.204379,0.1998935,0.20213625
23.4500008,0.2058753,0.2051986,0.20553695
23.460001,0.2005131,0.2009412,0.20072715
23.4700012,0.1995203,0.2111228,0.20532155
23.4800014,0.2026338,0.2097418,0.2061878
23.4900017,0.2045624,0.2030259,0.20379415
23.5000019,0.2097723,0.2079277,0.20885
23.5100002,0.1964559,0.2132336,0.20484475
23.5200005,0.2030326,0.2064309,0.20473175
23.5300007,0.2016277,0.2082024,0.20491505
23.5400009,0.2036946,0.2098289,0.20676175
23.5500011,0.1971857,0.2207838,0.20898475
23.5600014,0.1940403,0.213831,0.20393565
23.5700016,0.2035891,0.2133424,0.20846575
23.5800018,0.2016151,0.2074095,0.2045123
23.5900021,0.206707,0.2106912,0.2086991
23.6000004,0.2083019,0.2112646,0.20978325
23.6100006,0.2094782,0.2248259,0.21715205
23.6200008,0.2028094,0.2193994,0.2111044
23.6300011,0.2005087,0.2060299,0.2032693
23.6400013,0.1996889,0.2059841,0.2028365
23.6500015,0.2024641,0.2087577,0.2056109
23.6600018,0.2046275,0.2130182,0.20882285
23.670002,0.1989514,0.2078822,0.2034168
23.6800003,0.2001847,0.2037804,0.20198255
23.6900005,0.2010902,0.1994404,0.2002653
23.7000008,0.1967593,0.2077164,0.20223785
23.710001,0.1960279,0.2015578,0.19879285
23.7200012,0.1903267,0.1979395,0.1941331
23.7300014,0.1948589,0.2172624,0.20606065
23.7400017,0.198707,0.2107895,0.20474825
23.7500019,0.197614,0.198165,0.1978895
23.7600002,0.2005761,0.2049497,0.2027629
23.7700005,0.1933132,0.2073424,0.2003278
23.7800007,0.2044009,0.2014821,0.2029415
23.7900009,0.2031338,0.2082087,0.20567125
23.8000011,0.2019331,0.2017016,0.20181735
23.8100014,0.2030344,0.2005947,0.20181455
23.8200016,0.2011203,0.2022271,0.2016737
23.8300018,0.2099277,0.1979245,0.2039261
23.8400021,0.1975184,0.202774,0.2001462
23.8500004,0.1966363,0.2045629,0.2005996
23.8600006,0.2000916,0.2000797,0.20008565
23.8700008,0.1977267,0.2121082,0.20491745
23.8800011,0.1992866,0.211983,0.2056348
23.8900013,0.204425,0.2094335,0.20692925
23.9000015,0.191747,0.2109562,0.2013516
23.9100018,0.1970974,0.2116863,0.20439185
23.920002,0.1952845,0.2051536,0.20021905
23.9300003,0.1982099,0.2123473,0.2052786
23.9400005,0.1961393,0.2087532,0.20244625
23.9500008,0.1963779,0.2092423,0.2028101
23.960001,0.1956621,0.2115016,0.20358185
23.9700012,0.1904769,0.2094364,0.19995665
23.9800014,0.2036013,0.221817,0.21270915
23.9900017,0.2011885,0.2236326,0.21241055
24.0000019,0.1978091,0.2182923,0.2080507
24.0100002,0.1910347,0.2195323,0.2052835
24.0200005,0.18931,0.2206166,0.2049633
24.0300007,0.18682,0.2251944,0.2060072
24.0400009,0.1901731,0.2209922,0.20558265
24.0500011,0.1914246,0.2085449,0.19998475
24.0600014,0.1899352,0.2088633,0.19939925
24.0700016,0.1924768,0.2204871,0.20648195
24.0800018,0.1941445,0.2310291,0.2125868
24.0900021,0.196336,0.222886,0.209611
24.1000004,0.2014574,0.222016,0.2117367
24.1100006,0.1883683,0.224787,0.20657765
24.1200008,0.1955835,0.2205715,0.2080775
24.1300011,0.1990884,0.2207771,0.20993275
24.1400013,0.1950773,0.2223325,0.2087049
24.1500015,0.1978286,0.2228535,0.21034105
24.1600018,0.1969472,0.2314528,0.2142
24.170002,0.1994764,0.2234252,0.2114508
24.1800003,0.1982515,0.2202043,0.2092279
24.1900005,0.1859902,0.2162821,0.20113615
24.2000008,0.1945434,0.2204536,0.2074985
24.210001,0.1933677,0.2256386,0.20950315
24.2200012,0.1995754,0.2216255,0.21060045
24.2300014,0.1937183,0.2258605,0.2097894
24.2400017,0.196205,0.2187545,0.20747975
24.2500019,0.1998178,0.2219834,0.2109006
24.2600002,0.1999592,0.2269778,0.2134685
24.2700005,0.1965215,0.218514,0.20751775
24.2800007,0.2024823,0.2368065,0.2196444
24.2900009,0.1950253,0.2276685,0.2113469
24.3000011,0.1956302,0.2274672,0.2115487
24.3100014,0.193434,0.228205,0.2108195
24.3200016,0.2154512,0.2361452,0.2257982
24.3300018,0.2097288,0.2259946,0.2178617
24.3400021,0.1963371,0.2240278,0.21018245
24.3500004,0.2016448,0.2196741,0.21065945
24.3600006,0.2115291,0.2213905,0.2164598
24.3700008,0.2100646,0.2254392,0.2177519
24.3800011,0.1971306,0.2217889,0.20945975
24.3900013,0.2098143,0.2215078,0.21566105
24.4000015,0.2114369,0.2191902,0.21531355
24.4100018,0.2024111,0.2322218,0.21731645
24.420002,0.212418,0.2438202,0.2281191
24.4300003,0.2066257,0.2323745,0.2195001
24.4400005,0.20525,0.2266597,0.21595485
24.4500008,0.2086149,0.2203544,0.21448465
24.460001,0.2049388,0.2234941,0.21421645
24.4700012,0.2048477,0.2328151,0.2188314
24.4800014,0.1994948,0.2344398,0.2169673
24.4900017,0.2186609,0.2288446,0.22375275
24.5000019,0.2101177,0.2306837,0.2204007
24.5100002,0.1949382,0.2332803,0.21410925
24.5200005,0.2005007,0.2321817,0.2163412
24.5300007,0.196033,0.2339803,0.21500665
24.5400009,0.1952614,0.2247974,0.2100294
24.5500011,0.2028967,0.2188616,0.21087915
24.5600014,0.2014404,0.2362676,0.218854
24.5700016,0.2039982,0.2256096,0.2148039
24.5800018,0.205337,0.2344776,0.2199073
24.5900021,0.2009334,0.2260656,0.2134995
24.6000004,0.2003148,0.2225296,0.2114222
24.6100006,0.2117402,0.2340029,0.22287155
24.6200008,0.2090499,0.2355772,0.22231355
24.6300011,0.1951232,0.2337089,0.21441605
24.6400013,0.2036042,0.2314783,0.21754125
24.6500015,0.1950487,0.2298188,0.21243375
24.6600018,0.1992413,0.233189,0.21621515
24.670002,0.2046022,0.2282922,0.2164472
24.6800003,0.215465,0.2305107,0.22298785
24.6900005,0.2188119,0.2424449,0.2306284
24.7000008,0.2056859,0.2463482,0.22601705
24.710001,0.2117668,0.2477704,0.2297686
24.7200012,0.2094926,0.2434215,0.22645705
24.7300014,0.2069681,0.2400424,0.22350525
24.7400017,0.2073733,0.2257619,0.2165676
24.7500019,0.2001127,0.2452005,0.2226566
24.7600002,0.2051783,0.2344771,0.2198277
24.7700005,0.2128688,0.2254276,0.2191482
24.7800007,0.216601,0.2290382,0.2228196
24.7900009,0.2101514,0.2214988,0.2158251
24.8000011,0.2143557,0.2251694,0.21976255
24.8100014,0.2070723,0.2267769,0.2169246
24.8200016,0.2028171,0.2317477,0.2172824
24.8300018,0.2126771,0.2314714,0.22207425
24.8400021,0.2078417,0.2356914,0.22176655
24.8500004,0.2082193,0.227514,0.21786665
24.8600006,0.2080075,0.2386617,0.2233346
24.8700008,0.2020908,0.230668,0.2163794
24.8800011,0.2072542,0.2243088,0.2157815
24.8900013,0.2127167,0.2378132,0.22526495
24.9000015,0.2168463,0.2341442,0.22549525
24.9100018,0.2111897,0.228919,0.22005435
24.920002,0.2114381,0.2310402,0.22123915
24.9300003,0.2087018,0.2169695,0.21283565
24.9400005,0.210509,0.2210345,0.21577175
24.9500008,0.2181948,0.228339,0.2232669
24.960001,0.1998284,0.2341233,0.21697585
24.9700012,0.2073984,0.2477027,0.22755055
24.9800014,0.2098264,0.2308748,0.2203506
24.9900017,0.2090618,0.2279073,0.21848455
25.0000019,0.2061639,0.2273612,0.21676255
25.0100021,0.2164583,0.230077,0.22326765
25.0200005,0.212919,0.2308661,0.22189255
25.0300007,0.2154091,0.2402912,0.22785015
25.0400009,0.2104885,0.2374087,0.2239486
25.0500011,0.2149334,0.2327468,0.2238401
25.0600014,0.2143444,0.2187849,0.21656465
25.0700016,0.2020646,0.2167581,0.20941135
25.0800018,0.2023009,0.2224857,0.2123933
25.0900021,0.2049785,0.2242397,0.2146091
25.1000004,0.2150037,0.2283047,0.2216542
25.1100006,0.222828,0.2382949,0.23056145
25.1200008,0.2055059,0.2297718,0.21763885
25.1300011,0.2071377,0.2252504,0.21619405
25.1400013,0.2140029,0.2323533,0.2231781
25.1500015,0.2088515,0.228046,0.21844875
25.1600018,0.2141251,0.2350948,0.22460995
25.170002,0.2046736,0.2207806,0.2127271
25.1800003,0.2047366,0.2234516,0.2140941
25.1900005,0.2038258,0.2199004,0.2118631
25.2000008,0.2022869,0.2090965,0.2056917
25.210001,0.2051224,0.2147353,0.20992885
25.2200012,0.2060443,0.214375,0.21020965
25.2300014,0.2111972,0.2134558,0.2123265
25.2400017,0.2089692,0.2148545,0.21191185
25.2500019,0.2088231,0.2127179,0.2107705
25.2600021,0.2101267,0.2091272,0.20962695
25.2700005,0.2119316,0.2146864,0.213309
25.2800007,0.215158,0.2232462,0.2192021
25.2900009,0.2121822,0.2198676,0.2160249
25.3000011,0.2021569,0.2361691,0.219163
25.3100014,0.2092824,0.2215493,0.21541585
25.3200016,0.2068617,0.211868,0.20936485
25.3300018,0.214957,0.2231943,0.21907565
25.3400021,0.2067112,0.2126208,0.209666
25.3500004,0.2004353,0.2245397,0.2124875
25.3600006,0.2024228,0.2205367,0.21147975
25.3700008,0.2019072,0.216891,0.2093991
25.3800011,0.2127818,0.2261102,0.219446
25.3900013,0.2225027,0.2243113,0.223407
25.4000015,0.2093267,0.2314538,0.22039025
25.4100018,0.1993461,0.2258146,0.21258035
25.420002,0.2025359,0.217415,0.20997545
25.4300003,0.2025569,0.2145446,0.20855075
25.4400005,0.2125067,0.208314,0.21041035
25.4500008,0.2173393,0.218211,0.21777515
25.460001,0.205512,0.2226223,0.21406715
25.4700012,0.2075316,0.205886,0.2067088
25.4800014,0.2004946,0.2110604,0.2057775
25.4900017,0.208478,0.2096911,0.20908455
25.5000019,0.2131163,0.2124611,0.2127887
25.5100021,0.2122471,0.2107141,0.2114806
25.5200005,0.2025007,0.2217874,0.21214405
25.5300007,0.2018031,0.2151554,0.20847925
25.5400009,0.1978089,0.2163418,0.20707535
25.5500011,0.2002311,0.2215846,0.21090785
25.5600014,0.2069765,0.2128053,0.2098909
25.5700016,0.206543,0.2122788,0.2094109
25.5800018,0.2066628,0.2110612,0.208862
25.5900021,0.2031066,0.2227433,0.21292495
25.6000004,0.2058644,0.2297594,0.2178119
25.6100006,0.2092686,0.2247573,0.21701295
25.6200008,0.2083735,0.2232896,0.21583155
25.6300011,0.2135826,0.2178969,0.21573975
25.6400013,0.2072546,0.2222478,0.2147512
25.6500015,0.2071795,0.2253628,0.21627115
25.6600018,0.2089441,0.2341122,0.22152815
25.670002,0.2067457,0.2262595,0.2165026
25.6800003,0.2049727,0.2231875,0.2140801
25.6900005,0.1963671,0.2333879,0.2148775
25.7000008,0.2047892,0.2261411,0.21546515
25.710001,0.1997315,0.2238111,0.2117713
25.7200012,0.1991894,0.2198306,0.20951
25.7300014,0.211021,0.2171447,0.21408285
25.7400017,0.2047871,0.2218229,0.213305
25.7500019,0.2084147,0.2254664,0.21694055
25.7600021,0.2019999,0.217167,0.20958345
25.7700005,0.2046503,0.2177166,0.21118345
25.7800007,0.2041813,0.2169055,0.2105434
25.7900009,0.2060573,0.2197263,0.2128918
25.8000011,0.2068798,0.2285839,0.21773185
25.8100014,0.199869,0.2159038,0.2078864
25.8200016,0.2039162,0.2223296,0.2131229
25.8300018,0.2136303,0.2165871,0.2151087
25.8400021,0.2037546,0.2204745,0.21211455
25.8500004,0.2062402,0.2237895,0.21501485
25.8600006,0.2068441,0.2196316,0.21323785
25.8700008,0.2045978,0.2239604,0.2142791
25.8800011,0.2096988,0.2195733,0.21463605
25.8900013,0.2018265,0.217519,0.20967275
25.9000015,0.2068905,0.2078918,0.20739115
25.9100018,0.2032678,0.2213179,0.21229285
25.920002,0.2114991,0.2265027,0.2190009
25.9300003,0.2150214,0.2121461,0.21358375
25.9400005,0.214571,0.2097355,0.21215325
25.9500008,0.2094109,0.2087997,0.2091053
25.960001,0.2055725,0.2102217,0.2078971
25.9700012,0.200033,0.21142,0.2057265
25.9800014,0.2123445,0.2076636,0.21000405
25.9900017,0.2084166,0.2180858,0.2132512
26.0000019,0.2129791,0.2216351,0.2173071
26.0100021,0.2219587,0.2274977,0.2247282
26.0200005,0.214892,0.2193976,0.2171448
26.0300007,0.2222565,0.220326,0.22129125
26.0400009,0.2253144,0.2262342,0.2257743
26.0500011,0.2233832,0.2230792,0.2232312
26.0600014,0.2266137,0.2084341,0.2175239
26.0700016,0.2289174,0.224685,0.2268012
26.0800018,0.2191861,0.2162303,0.2177082
26.0900021,0.2202513,0.2166905,0.2184709
26.1000004,0.215767,0.2181596,0.2169633
26.1100006,0.2280307,0.2232643,0.2256475
26.1200008,0.2279977,0.2279463,0.227972
26.1300011,0.2164443,0.2287089,0.2225766
26.1400013,0.2247242,0.2342879,0.22950605
26.1500015,0.2282467,0.2345908,0.23141875
26.1600018,0.217728,0.2360538,0.2268909
26.170002,0.2253062,0.2248374,0.2250718
26.1800003,0.2281196,0.2180754,0.2230975
26.1900005,0.2291664,0.2155187,0.22234255
26.2000008,0.2342917,0.2135691,0.2239304
26.210001,0.2396214,0.230066,0.2348437
26.2200012,0.2323854,0.2252602,0.2288228
26.2300014,0.2254277,0.2316313,0.2285295
26.2400017,0.2363063,0.2249088,0.23060755
26.2500019,0.2224214,0.2212497,0.22183555
26.2600021,0.2249554,0.2276984,0.2263269
26.2700005,0.2181568,0.2314481,0.22480245
26.2800007,0.2198803,0.2338154,0.22684785
26.2900009,0.2141127,0.2382581,0.2261854
26.3000011,0.2064898,0.2345112,0.2205005
26.3100014,0.2271657,0.2247898,0.22597775
26.3200016,0.2312708,0.2307668,0.2310188
26.3300018,0.2328578,0.2324142,0.232636
26.3400021,0.2326879,0.233126,0.23290695
26.3500004,0.2274143,0.226691,0.22705265
26.3600006,0.2227934,0.2255882,0.2241908
26.3700008,0.2280678,0.2353478,0.2317078
26.3800011,0.2149011,0.2244902,0.21969565
26.3900013,0.2211299,0.2206358,0.22088285
26.4000015,0.2243086,0.2233986,0.2238536
26.4100018,0.2259598,0.2197494,0.2228546
26.420002,0.2444209,0.2187422,0.23158155
26.4300003,0.2318181,0.2232176,0.22751785
26.4400005,0.2351111,0.2272217,0.2311664
26.4500008,0.2307168,0.2205681,0.22564245
26.460001,0.2259765,0.2187409,0.2223587
26.4700012,0.2176679,0.2178609,0.2177644
26.4800014,0.2226195,0.2227572,0.22268835
26.4900017,0.2252526,0.221113,0.2231828
26.5000019,0.2239863,0.2186184,0.22130235
26.5100021,0.2319407,0.2171187,0.2245297
26.5200005,0.2186652,0.2171825,0.21792385
26.5300007,0.2084796,0.2197137,0.21409665
26.5400009,0.2072402,0.221512,0.2143761
26.5500011,0.2104054,0.2086032,0.2095043
26.5600014,0.2082743,0.2121683,0.2102213
26.5700016,0.2108427,0.2194234,0.21513305
26.5800018,0.2112451,0.2029284,0.20708675
26.5900021,0.2050809,0.2032546,0.20416775
26.6000004,0.2047666,0.2261237,0.21544515
26.6100006,0.2083179,0.2139981,0.211158
26.6200008,0.2054849,0.2075451,0.206515
26.6300011,0.1966175,0.2194461,0.2080318
26.6400013,0.2037767,0.2237564,0.21376655
26.6500015,0.1948248,0.2118429,0.20333385
26.6600018,0.203097,0.2209338,0.2120154
26.670002,0.2055633,0.2332231,0.2193932
26.6800022,0.2051777,0.2264129,0.2157953
26.6900005,0.198892,0.2202629,0.20957745
26.7000008,0.1954411,0.2198878,0.20766445
26.710001,0.2010392,0.2251626,0.2131009
26.7200012,0.2048699,0.2245359,0.2147029
26.7300014,0.2029264,0.2295422,0.2162343
26.7400017,0.1977033,0.2221048,0.20990405
26.7500019,0.1962814,0.2160028,0.2061421
26.7600021,0.2010757,0.2233177,0.2121967
26.7700005,0.1934846,0.2189126,0.2061986
26.7800007,0.2014016,0.2218139,0.21160775
26.7900009,0.2023618,0.2189136,0.2106377
26.8000011,0.2034898,0.216112,0.2098009
26.8100014,0.2093723,0.2211684,0.21527035
26.8200016,0.2127156,0.2187933,0.21575445
26.8300018,0.210696,0.2236458,0.2171709
26.8400021,0.2036858,0.2103891,0.20703745
26.8500004,0.1954736,0.2188227,0.20714815
26.8600006,0.2072901,0.2222719,0.214781
26.8700008,0.1926125,0.2218263,0.2072194
26.8800011,0.2030553,0.2164923,0.2097738
26.8900013,0.2007318,0.2090881,0.20490995
26.9000015,0.2104948,0.21098,0.2107374
26.9100018,0.2084882,0.2108551,0.20967165
26.920002,0.2028312,0.2068121,0.20482165
26.9300022,0.2035037,0.20759,0.20554685
26.9400005,0.2014361,0.2190901,0.2102631
26.9500008,0.2015701,0.2153571,0.2084636
26.960001,0.2026196,0.2195874,0.2111035
26.9700012,0.2075643,0.2178069,0.2126856
26.9800014,0.2093184,0.2073576,0.208338
26.9900017,0.2104562,0.210486,0.2104711
27.0000019,0.2124601,0.2119797,0.2122199
27.0100021,0.2075038,0.2069415,0.20722265
27.0200005,0.2045761,0.2123093,0.2084427
27.0300007,0.2044777,0.2069594,0.20571855
27.0400009,0.2173303,0.2084641,0.2128972
27.0500011,0.2197879,0.2040489,0.2119184
27.0600014,0.221836,0.2127761,0.21730605
27.0700016,0.2247243,0.2064457,0.215585
27.0800018,0.2214158,0.2091568,0.2152863
27.0900021,0.2146949,0.2093675,0.2120312
27.1000004,0.2177599,0.2027359,0.2102479
27.1100006,0.2134949,0.2012074,0.20735115
27.1200008,0.2085688,0.2066435,0.20760615
27.1300011,0.2154839,0.2196445,0.2175642
27.1400013,0.210325,0.2146462,0.2124856
27.1500015,0.2087719,0.2196157,0.2141938
27.1600018,0.2151431,0.2136357,0.2143894
27.170002,0.2113979,0.2175086,0.21445325
27.1800022,0.2213762,0.2063022,0.2138392
27.1900005,0.2157959,0.2072466,0.21152125
27.2000008,0.2115518,0.2110889,0.21132035
27.210001,0.2160191,0.2136116,0.21481535
27.2200012,0.2131941,0.2151336,0.21416385
27.2300014,0.2112746,0.2231731,0.21722385
27.2400017,0.2190471,0.2211204,0.22008375
27.2500019,0.2157093,0.2119047,0.213807
27.2600021,0.203631,0.2311242,0.2173776
27.2700005,0.2091649,0.2206231,0.214894
27.2800007,0.2070289,0.2165049,0.2117669
27.2900009,0.2077782,0.2239712,0.2158747
27.3000011,0.2041682,0.215688,0.2099281
27.3100014,0.2048436,0.2155481,0.21019585
27.3200016,0.2051036,0.2218599,0.21348175
27.3300018,0.2023394,0.2234817,0.21291055
27.3400021,0.2048766,0.2293673,0.21712195
27.3500004,0.2040363,0.2195142,0.21177525
27.3600006,0.2070317,0.226183,0.21660735
27.3700008,0.2104476,0.218696,0.2145718
27.3800011,0.2015689,0.2179445,0.2097567
27.3900013,0.1984054,0.2249588,0.2116821
27.4000015,0.2012716,0.2234868,0.2123792
27.4100018,0.1998253,0.2229435,0.2113844
27.420002,0.2039245,0.223553,0.21373875
27.4300022,0.1959476,0.2250306,0.2104891
27.4400005,0.2044598,0.2279976,0.2162287
27.4500008,0.198383,0.2187053,0.20854415
27.460001,0.2045873,0.2209721,0.2127797
27.4700012,0.2064506,0.2314973,0.21897395
27.4800014,0.2066828,0.2183288,0.2125058
27.4900017,0.2050432,0.2223889,0.21371605
27.5000019,0.1979536,0.2195744,0.208764
27.5100021,0.2071459,0.2067388,0.20694235
27.5200005,0.1977793,0.2124671,0.2051232
27.5300007,0.1933186,0.2178655,0.20559205
27.5400009,0.2080196,0.2153032,0.2116614
27.5500011,0.2024602,0.2144617,0.20846095
27.5600014,0.2076382,0.2229079,0.21527305
27.5700016,0.2033865,0.2239218,0.21365415
27.5800018,0.2040455,0.2218171,0.2129313
27.5900021,0.2082739,0.2190918,0.21368285
27.6000004,0.1949208,0.2149905,0.20495565
27.6100006,0.2047539,0.2056918,0.20522285
27.6200008,0.198036,0.2037415,0.20088875
27.6300011,0.2012229,0.2136946,0.20745875
27.6400013,0.213555,0.2153836,0.2144693
27.6500015,0.213125,0.2168126,0.2149688
27.6600018,0.202061,0.2217146,0.2118878
27.670002,0.2095929,0.2240456,0.21681925
27.6800022,0.2145481,0.2116008,0.21307445
27.6900005,0.2149491,0.2166894,0.21581925
27.7000008,0.2146418,0.2139423,0.21429205
27.710001,0.2063935,0.2085148,0.20745415
27.7200012,0.2098988,0.2187375,0.21431815
27.7300014,0.2056865,0.2100861,0.2078863
27.7400017,0.2014474,0.2130099,0.20722865
27.7500019,0.2044467,0.2054834,0.20496505
27.7600021,0.2037537,0.2084143,0.206084
27.7700005,0.2010777,0.2169538,0.20901575
27.7800007,0.2021028,0.2081354,0.2051191
27.7900009,0.204727,0.2058483,0.20528765
27.8000011,0.2052978,0.2172803,0.21128905
27.8100014,0.1984973,0.2210115,0.2097544
27.8200016,0.2035799,0.2153033,0.2094416
27.8300018,0.2036836,0.2238029,0.21374325
27.8400021,0.2002444,0.2171138,0.2086791
27.8500004,0.2034631,0.2274085,0.2154358
27.8600006,0.2067437,0.2336359,0.2201898
27.8700008,0.1982058,0.2240905,0.21114815
27.8800011,0.2016914,0.2300935,0.21589245
27.8900013,0.2113792,0.2184671,0.21492315
27.9000015,0.2037897,0.2206115,0.2122006
27.9100018,0.2170796,0.2181224,0.217601
27.920002,0.2085712,0.214339,0.2114551
27.9300022,0.2111377,0.2267217,0.2189297
27.9400005,0.2156985,0.2362136,0.22595605
27.9500008,0.2210821,0.2345759,0.227829
27.960001,0.210123,0.2270899,0.21860645
27.9700012,0.2082562,0.2252923,0.21677425
27.9800014,0.2184673,0.2202007,0.219334
27.9900017,0.2090278,0.2163107,0.21266925
28.0000019,0.203787,0.2252048,0.2144959
28.0100021,0.2102869,0.227504,0.21889545
28.0200005,0.2136774,0.2197257,0.21670155
28.0300007,0.2135262,0.2131076,0.2133169
28.0400009,0.207385,0.219355,0.21337
28.0500011,0.1944634,0.2142012,0.2043323
28.0600014,0.1940022,0.2123161,0.20315915
28.0700016,0.2051163,0.2143759,0.2097461
28.0800018,0.2007414,0.2168391,0.20879025
28.0900021,0.2081933,0.2064219,0.2073076
28.1000004,0.2143581,0.2133225,0.2138403
28.1100006,0.1982237,0.2138181,0.2060209
28.1200008,0.1999374,0.2118305,0.20588395
28.1300011,0.2081598,0.2153669,0.21176335
28.1400013,0.2069097,0.2282655,0.2175876
28.1500015,0.2110797,0.2167868,0.21393325
28.1600018,0.2099442,0.2172488,0.2135965
28.170002,0.2013009,0.2137494,0.20752515
28.1800022,0.2078043,0.2263976,0.21710095
28.1900005,0.21722,0.2191224,0.2181712
28.2000008,0.2225399,0.2201538,0.22134685
28.210001,0.2243878,0.2106713,0.21752955
28.2200012,0.2038765,0.2074153,0.2056459
28.2300014,0.2232349,0.2058659,0.2145504
28.2400017,0.219903,0.2156096,0.2177563
28.2500019,0.2159385,0.2109084,0.21342345
28.2600021,0.2204294,0.2193145,0.21987195
28.2700005,0.214229,0.2171036,0.2156663
28.2800007,0.2101472,0.2212084,0.2156778
28.2900009,0.21473,0.2272283,0.22097915
28.3000011,0.2252807,0.2126254,0.21895305
28.3100014,0.2171248,0.2153511,0.21623795
28.3200016,0.2156343,0.2115352,0.21358475
28.3300018,0.2076565,0.2210317,0.2143441
28.3400021,0.2145231,0.2089039,0.2117135
28.3500023,0.2109612,0.2269643,0.21896275
28.3600006,0.1999686,0.2217721,0.21087035
28.3700008,0.2017052,0.2251546,0.2134299
28.3800011,0.2011441,0.2285739,0.214859
28.3900013,0.2092605,0.2162598,0.21276015
28.4000015,0.2181687,0.2359099,0.2270393
28.4100018,0.207742,0.2192292,0.2134856
28.420002,0.2090052,0.2236599,0.21633255
28.4300022,0.2116477,0.222087,0.21686735
28.4400005,0.2052812,0.2191164,0.2121988
28.4500008,0.2078649,0.2201527,0.2140088
28.460001,0.208247,0.2275188,0.2178829
28.4700012,0.205171,0.2145912,0.2098811
28.4800014,0.2053987,0.2178917,0.2116452
28.4900017,0.2069087,0.2069903,0.2069495
28.5000019,0.2009187,0.2096641,0.2052914
28.5100021,0.2035529,0.2077336,0.20564325
28.5200005,0.2041195,0.2145032,0.20931135
28.5300007,0.2109313,0.2222392,0.21658525
28.5400009,0.2016295,0.2131512,0.20739035
28.5500011,0.2010432,0.2112624,0.2061528
28.5600014,0.2019229,0.2091848,0.20555385
28.5700016,0.19314,0.2149441,0.20404205
28.5800018,0.2068682,0.2140794,0.2104738
28.5900021,0.2122077,0.219163,0.21568535
28.6000023,0.2108591,0.2120868,0.21147295
28.6100006,0.2066872,0.2140044,0.2103458
28.6200008,0.2074717,0.2163833,0.2119275
28.6300011,0.206668,0.2142209,0.21044445
28.6400013,0.1962152,0.213778,0.2049966
28.6500015,0.211624,0.2132571,0.21244055
28.6600018,0.2122281,0.2156738,0.21395095
28.670002,0.1951089,0.2301472,0.21262805
28.6800022,0.2016956,0.227689,0.2146923
28.6900005,0.2039389,0.2250163,0.2144776
28.7000008,0.2078349,0.2340633,0.2209491
28.710001,0.2112502,0.2204611,0.21585565
28.7200012,0.2035921,0.2174507,0.2105214
28.7300014,0.2113629,0.2205925,0.2159777
28.7400017,0.2042453,0.2213047,0.212775
28.7500019,0.2029166,0.2210747,0.21199565
28.7600021,0.2021997,0.2204624,0.21133105
28.7700005,0.2041505,0.2243269,0.2142387
28.7800007,0.2056753,0.2216104,0.21364285
28.7900009,0.2049803,0.2144833,0.2097318
28.8000011,0.2025324,0.2145197,0.20852605
28.8100014,0.1990542,0.2156172,0.2073357
28.8200016,0.2007686,0.210835,0.2058018
28.8300018,0.2002191,0.2091374,0.20467825
28.8400021,0.2180343,0.2187284,0.21838135
28.8500023,0.2041407,0.2137903,0.2089655
28.8600006,0.2032819,0.2175464,0.21041415
28.8700008,0.1979871,0.2290735,0.2135303
28.8800011,0.1938387,0.2205991,0.2072189
28.8900013,0.1902747,0.2139022,0.20208845
28.9000015,0.1984425,0.2183719,0.2084072
28.9100018,0.2016339,0.2162186,0.20892625
28.920002,0.2041852,0.2165925,0.21038885
28.9300022,0.2034761,0.2157911,0.2096336
28.9400005,0.2027107,0.2274095,0.2150601
28.9500008,0.2066696,0.2302455,0.21845755
28.960001,0.1987675,0.2135677,0.2061676
28.9700012,0.205778,0.217354,0.211566
28.9800014,0.2078173,0.214136,0.21097665
28.9900017,0.2079199,0.2094485,0.2086842
29.0000019,0.2102392,0.2251364,0.2176878
29.0100021,0.2051516,0.2181361,0.21164385
29.0200005,0.2020526,0.2119906,0.2070216
29.0300007,0.1994802,0.2117458,0.205613
29.0400009,0.2052737,0.2111412,0.20820745
29.0500011,0.1983693,0.2063583,0.2023638
29.0600014,0.1967562,0.2078891,0.20232265
29.0700016,0.197928,0.2104213,0.20417465
29.0800018,0.2054981,0.2117787,0.2086384
29.0900021,0.2102429,0.213118,0.21168045
29.1000023,0.2032108,0.2183704,0.2107906
29.1100006,0.2043356,0.2093594,0.2068475
29.1200008,0.212375,0.2189554,0.2156652
29.1300011,0.2097517,0.2254283,0.21759
29.1400013,0.206008,0.2126547,0.20933135
29.1500015,0.2136684,0.2160923,0.21488035
29.1600018,0.1984173,0.2113189,0.2048681
29.170002,0.2073594,0.2212318,0.2142956
29.1800022,0.2044138,0.2157822,0.210098
29.1900005,0.2046201,0.2212767,0.2129484
29.2000008,0.2078695,0.2191587,0.2135141
29.210001,0.217537,0.2052651,0.21140105
29.2200012,0.2238719,0.2078791,0.2158755
29.2300014,0.213716,0.2209955,0.21735575
29.2400017,0.2097302,0.2141181,0.21192415
29.2500019,0.2159524,0.21489,0.2154212
29.2600021,0.2145507,0.2300668,0.22230875
29.2700005,0.2198595,0.2327171,0.2262883
29.2800007,0.2179558,0.2175228,0.2177393
29.2900009,0.2255317,0.215994,0.22076285
29.3000011,0.2274264,0.218194,0.2228102
29.3100014,0.2172601,0.2287405,0.2230003
29.3200016,0.215425,0.2212745,0.21834975
29.3300018,0.2225137,0.2217941,0.2221539
29.3400021,0.215746,0.2208015,0.21827375
29.3500023,0.2276086,0.2177254,0.222667
29.3600006,0.2192162,0.2296928,0.2244545
29.3700008,0.2212479,0.2287622,0.22500505
29.3800011,0.2232222,0.2258578,0.22454
29.3900013,0.2291997,0.2324885,0.2308441
29.4000015,0.2248035,0.2271744,0.22598895
29.4100018,0.2167087,0.2251806,0.22094465
29.420002,0.222665,0.2254767,0.22407085
29.4300022,0.2149619,0.2130314,0.21399665
29.4400005,0.2055984,0.2191365,0.21236745
29.4500008,0.2160798,0.2168835,0.21648165
29.460001,0.2245181,0.2203322,0.22242515
29.4700012,0.2190222,0.2181292,0.2185757
29.4800014,0.2247893,0.2179961,0.2213927
29.4900017,0.2252107,0.2181634,0.22168705
29.5000019,0.2188287,0.2225407,0.2206847
29.5100021,0.216712,0.2237108,0.2202114
29.5200005,0.2179324,0.212239,0.2150857
29.5300007,0.2174741,0.2155697,0.2165219
29.5400009,0.2134868,0.2170612,0.215274
29.5500011,0.2143254,0.2175276,0.2159265
29.5600014,0.2165621,0.2101263,0.2133442
29.5700016,0.2122136,0.2166426,0.2144281
29.5800018,0.2197363,0.2017022,0.21071925
29.5900021,0.2111035,0.2086425,0.209873
29.6000023,0.2147511,0.2119533,0.2133522
29.6100006,0.2153918,0.2074582,0.211425
29.6200008,0.2225291,0.2113914,0.21696025
29.6300011,0.2063575,0.2216999,0.2140287
29.6400013,0.2191907,0.2065222,0.21285645
29.6500015,0.2144806,0.2286505,0.22156555
29.6600018,0.2129263,0.2135099,0.2132181
29.670002,0.2154392,0.2275568,0.221498
29.6800022,0.2071163,0.2203973,0.2137568
29.6900005,0.2059868,0.2272383,0.21661255
29.7000008,0.2008825,0.2226781,0.2117803
29.710001,0.2046649,0.2225383,0.2136016
29.7200012,0.2035243,0.2202604,0.21189235
29.7300014,0.2076433,0.2285566,0.21809995
29.7400017,0.2119416,0.2192065,0.21557405
29.7500019,0.1996005,0.2203012,0.20995085
29.7600021,0.198629,0.2190475,0.20883825
29.7700024,0.2026293,0.229448,0.21603865
29.7800007,0.1989453,0.2148078,0.20687655
29.7900009,0.207489,0.2138212,0.2106551
29.8000011,0.2126428,0.2117557,0.21219925
29.8100014,0.2170628,0.2128547,0.21495875
29.8200016,0.221369,0.2100915,0.21573025
29.8300018,0.2164338,0.2207531,0.21859345
29.8400021,0.202536,0.2118192,0.2071776
29.8500023,0.2020632,0.2173663,0.20971475
29.8600006,0.2024284,0.2190131,0.21072075
29.8700008,0.201889,0.2190508,0.2104699
29.8800011,0.1983285,0.2316343,0.2149814
29.8900013,0.2082852,0.2177318,0.2130085
29.9000015,0.2013852,0.2173891,0.20938715
29.9100018,0.1960485,0.2264257,0.2112371
29.920002,0.1967947,0.2320937,0.2144442
29.9300022,0.1912541,0.2285712,0.20991265
29.9400005,0.1943834,0.219828,0.2071057
29.9500008,0.19406,0.2198531,0.20695655
29.960001,0.200882,0.2104596,0.2056708
29.9700012,0.2005374,0.2170221,0.20877975
29.9800014,0.2018375,0.2137658,0.20780165
29.9900017,0.211764,0.2127834,0.2122737
30.0000019,0.2055818,0.2136136,0.2095977
30.0100021,0.2096029,0.2072657,0.2084343
30.0200024,0.2083104,0.1966999,0.20250515
30.0300007,0.2102058,0.204527,0.2073664
30.0400009,0.204394,0.2084694,0.2064317
30.0500011,0.1988146,0.2172816,0.2080481
30.0600014,0.2045349,0.2106293,0.2075821
30.0700016,0.2129117,0.2231196,0.21801565
30.0800018,0.2016255,0.2096544,0.20563995
30.0900021,0.2004721,0.2153468,0.20790945
30.1000023,0.2095321,0.222772,0.21615205
30.1100006,0.2039097,0.2308956,0.21740265
30.1200008,0.2087711,0.2220329,0.215402
30.1300011,0.1988091,0.2158709,0.20734
30.1400013,0.2032587,0.2131789,0.2082188
30.1500015,0.2076808,0.2156098,0.2116453
30.1600018,0.2042813,0.210694,0.20748765
30.170002,0.1998822,0.2183485,0.20911535
30.1800022,0.2032086,0.2143452,0.2087769
30.1900005,0.2017151,0.2234885,0.2126018
30.2000008,0.2065291,0.2169591,0.2117441
30.210001,0.2057076,0.2112567,0.20848215
30.2200012,0.216305,0.2195085,0.21790675
30.2300014,0.2057588,0.2175644,0.2116616
30.2400017,0.2134006,0.2118803,0.21264045
30.2500019,0.2115928,0.2154917,0.21354225
30.2600021,0.2137193,0.2079114,0.21081535
30.2700024,0.2043857,0.2164572,0.21042145
30.2800007,0.201445,0.2220302,0.2117376
30.2900009,0.2116658,0.2089138,0.2102898
30.3000011,0.2040451,0.2202778,0.21216145
30.3100014,0.2113835,0.228215,0.21979925
30.3200016,0.1994534,0.2279101,0.21368175
30.3300018,0.2004091,0.2269731,0.2136911
30.3400021,0.208588,0.2243387,0.21646335
30.3500023,0.2045569,0.2288044,0.21668065
30.3600006,0.2032534,0.2300228,0.2166381
30.3700008,0.200079,0.2236519,0.21186545
30.3800011,0.206043,0.2283302,0.2171866
30.3900013,0.206451,0.2321654,0.2193082
30.4000015,0.2016119,0.2260915,0.2138517
30.4100018,0.1925654,0.2368771,0.21472125
30.420002,0.1925871,0.2439035,0.2182453
30.4300022,0.2026436,0.232555,0.2175993
30.4400005,0.198419,0.235262,0.2168405
30.4500008,0.1937112,0.2289569,0.21133405
30.460001,0.1926282,0.2287232,0.2106757
30.4700012,0.2047961,0.2157893,0.2102927
30.4800014,0.2058408,0.2201131,0.21297695
30.4900017,0.2066657,0.2133992,0.21003245
30.5000019,0.2034587,0.2198714,0.21166505
30.5100021,0.2112417,0.216489,0.21386535
30.5200024,0.2052553,0.2190114,0.21213335
30.5300007,0.2130393,0.226245,0.21964215
30.5400009,0.2061653,0.2232092,0.21468725
30.5500011,0.2081088,0.2276066,0.2178577
30.5600014,0.2056274,0.2252471,0.21543725
30.5700016,0.2074255,0.2225006,0.21496305
30.5800018,0.2054871,0.2202014,0.21284425
30.5900021,0.2129179,0.2167954,0.21485665
30.6000023,0.2004928,0.2187011,0.20959695
30.6100006,0.2166641,0.222876,0.21977005
30.6200008,0.2117451,0.2251883,0.2184667
30.6300011,0.2072185,0.2173535,0.212286
30.6400013,0.2163319,0.2141884,0.21526015
30.6500015,0.2122177,0.2242678,0.21824275
30.6600018,0.2125631,0.2330227,0.2227929
30.670002,0.2150289,0.2408183,0.2279236
30.6800022,0.2154369,0.2323779,0.2239074
30.6900005,0.2161184,0.2344477,0.22528305
30.7000008,0.2057945,0.2290495,0.217422
30.710001,0.2101588,0.233542,0.2218504
30.7200012,0.2024828,0.2249919,0.21373735
30.7300014,0.2071891,0.2338207,0.2205049
30.7400017,0.1999974,0.2283028,0.2141501
30.7500019,0.2095515,0.2235296,0.21654055
30.7600021,0.2073779,0.2122604,0.20981915
30.7700024,0.2032485,0.2218872,0.21256785
30.7800007,0.214696,0.2216932,0.2181946
30.7900009,0.2139945,0.2192136,0.21660405
30.8000011,0.2247308,0.2148285,0.21977965
30.8100014,0.2241439,0.2111377,0.2176408
30.8200016,0.2076594,0.2140548,0.2108571
30.8300018,0.2055242,0.2013629,0.20344355
30.8400021,0.2111007,0.2081764,0.20963855
30.8500023,0.2052072,0.2053241,0.20526565
30.8600006,0.2120826,0.2098002,0.2109414
30.8700008,0.215588,0.2049636,0.2102758
30.8800011,0.1992248,0.2078657,0.20354525
30.8900013,0.1986957,0.202909,0.20080235
30.9000015,0.2093354,0.2020333,0.20568435
30.9100018,0.1997583,0.2024879,0.2011231
30.920002,0.1948502,0.203591,0.1992206
30.9300022,0.1939307,0.2077202,0.20082545
30.9400005,0.2042738,0.208667,0.2064704
30.9500008,0.2133573,0.2015324,0.20744485
30.960001,0.2059559,0.1994725,0.2027142
30.9700012,0.2063707,0.1851059,0.1957383
30.9800014,0.2065135,0.2070774,0.20679545
30.9900017,0.2052316,0.1997383,0.20248495
31.0000019,0.1993099,0.2059038,0.20260685
31.0100021,0.1961228,0.2018093,0.19896605
31.0200024,0.1964589,0.2080543,0.2022566
31.0300007,0.2066575,0.2090125,0.207835
31.0400009,0.2028202,0.2115973,0.20720875
31.0500011,0.1981705,0.2128215,0.205496
31.0600014,0.1994796,0.2096261,0.20455285
31.0700016,0.2041925,0.2094147,0.2068036
31.0800018,0.2036933,0.2069433,0.2053183
31.0900021,0.1921003,0.2113406,0.20172045
31.1000023,0.2008481,0.2092961,0.2050721
31.1100006,0.2079069,0.2033818,0.20564435
31.1200008,0.196065,0.2044446,0.2002548
31.1300011,0.1977718,0.2120375,0.20490465
31.1400013,0.1991562,0.1978382,0.1984972
31.1500015,0.1989272,0.2014171,0.20017215
31.1600018,0.2015039,0.198408,0.19995595
31.170002,0.2044189,0.1953645,0.1998917
31.1800022,0.2124026,0.1909961,0.20169935
31.1900005,0.2072893,0.2000691,0.2036792
31.2000008,0.2083043,0.1945366,0.20142045
31.210001,0.2042985,0.1956443,0.1999714
31.2200012,0.2078422,0.1936151,0.20072865
31.2300014,0.2049409,0.1988151,0.201878
31.2400017,0.2120271,0.20231,0.20716855
31.2500019,0.2125566,0.1972984,0.2049275
31.2600021,0.2102662,0.1919526,0.2011094
31.2700024,0.2094075,0.1952074,0.20230745
31.2800007,0.2079151,0.1983841,0.2031496
31.2900009,0.1984836,0.1941771,0.19633035
31.3000011,0.2069125,0.1991698,0.20304115
31.3100014,0.2113348,0.1995972,0.205466
31.3200016,0.2071195,0.2108471,0.2089833
31.3300018,0.2062269,0.2033915,0.2048092
31.3400021,0.2095646,0.200858,0.2052113
31.3500023,0.2182797,0.2011373,0.2097085
31.3600006,0.2124818,0.2070165,0.20974915
31.3700008,0.2084918,0.2085351,0.20851345
31.3800011,0.2214356,0.2110588,0.2162472
31.3900013,0.2149328,0.202876,0.2089044
31.4000015,0.2197495,0.1970452,0.20839735
31.4100018,0.2188536,0.204736,0.2117948
31.420002,0.2230275,0.2085245,0.215776
31.4300022,0.2246905,0.2005599,0.2126252
31.4400024,0.2188653,0.2100524,0.21445885
31.4500008,0.2233121,0.2107213,0.2170167
31.460001,0.2154802,0.2072197,0.21134995
31.4700012,0.2136127,0.1987052,0.20615895
31.4800014,0.225866,0.2013191,0.21359255
31.4900017,0.225837,0.2049578,0.2153974
31.5000019,0.2154798,0.2002893,0.20788455
31.5100021,0.2221882,0.1943655,0.20827685
31.5200024,0.2207196,0.2022213,0.21147045
31.5300007,0.2201106,0.2001215,0.21011605
31.5400009,0.2174136,0.2055473,0.21148045
31.5500011,0.2292061,0.1969653,0.2130857
31.5600014,0.2292964,0.199951,0.2146237
31.5700016,0.227254,0.2029577,0.21510585
31.5800018,0.2370052,0.21012,0.2235626
31.5900021,0.2315579,0.2186734,0.22511565
31.6000023,0.2361192,0.217851,0.2269851
31.6100006,0.2284302,0.2040506,0.2162404
31.6200008,0.2260567,0.2115677,0.2188122
31.6300011,0.2301732,0.2108636,0.2205184
31.6400013,0.2320924,0.2176683,0.22488035
31.6500015,0.2296258,0.2158699,0.22274785
31.6600018,0.2272018,0.2324001,0.22980095
31.670002,0.2230102,0.2185409,0.22077555
31.6800022,0.228307,0.2168506,0.2225788
31.6900024,0.2266114,0.2159535,0.22128245
31.7000008,0.2372954,0.2203594,0.2288274
31.710001,0.2199699,0.2054978,0.21273385
31.7200012,0.2303087,0.2047386,0.21752365
31.7300014,0.2348289,0.2022798,0.21855435
31.7400017,0.2368728,0.2142896,0.2255812
31.7500019,0.2361048,0.2220356,0.2290702
31.7600021,0.2378863,0.2186327,0.2282595
31.7700024,0.2355334,0.210687,0.2231102
31.7800007,0.2378435,0.2176372,0.22774035
31.7900009,0.2424934,0.2095728,0.2260331
31.8000011,0.2441302,0.2168847,0.23050745
31.8100014,0.2430992,0.2213444,0.2322218
31.8200016,0.2434552,0.2187657,0.23111045
31.8300018,0.2373583,0.2207123,0.2290353
31.8400021,0.2449076,0.2130401,0.22897385
31.8500023,0.2396152,0.228066,0.2338406
31.8600006,0.2413169,0.2190761,0.2301965
31.8700008,0.2410446,0.2147185,0.22788155
31.8800011,0.2350831,0.2113948,0.22323895
31.8900013,0.2238642,0.2080071,0.21593565
31.9000015,0.2218722,0.2039971,0.21293465
31.9100018,0.2354709,0.2046585,0.2200647
31.920002,0.2262172,0.2134272,0.2198222
31.9300022,0.2333648,0.2276881,0.23052645
31.9400024,0.2347458,0.2222233,0.22848455
31.9500008,0.2248443,0.2254251,0.2251347
31.960001,0.2398338,0.2217224,0.2307781
31.9700012,0.233592,0.2190774,0.2263347
31.9800014,0.2406084,0.2126626,0.2266355
31.9900017,0.2512534,0.2148443,0.23304885
32,0.2445472,0.2213353,0.23294125
32.0100021,0.2384815,0.214419,0.22645025
32.0200005,0.239228,0.2297962,0.2345121
32.0300026,0.2361946,0.217647,0.2269208
32.0400009,0.2436973,0.2340078,0.23885255
32.0500031,0.2517192,0.2205057,0.23611245
32.0600014,0.2405549,0.2260603,0.2333076
32.0699997,0.252007,0.2197113,0.23585915
32.0800018,0.2380752,0.2098508,0.223963
32.0900002,0.2414451,0.2293783,0.2354117
32.1000023,0.2348143,0.2229312,0.22887275
32.1100006,0.2439566,0.2303591,0.23715785
32.1200027,0.2420969,0.2241414,0.23311915
32.1300011,0.2469822,0.2192364,0.2331093
32.1400032,0.2400463,0.2157004,0.22787335
32.1500015,0.2241485,0.2140351,0.2190918
32.1599998,0.2294382,0.2257403,0.22758925
32.170002,0.2297139,0.2232811,0.2264975
32.1800003,0.2311496,0.2144606,0.2228051
32.1900024,0.2321519,0.2123944,0.22227315
32.2000008,0.2240398,0.2114767,0.21775825
32.2100029,0.2425484,0.2164633,0.22950585
32.2200012,0.2400386,0.2031562,0.2215974
32.2300034,0.2470163,0.2156981,0.2313572
32.2400017,0.237023,0.2181358,0.2275794
32.25,0.2349043,0.2219901,0.2284472
32.2600021,0.2303758,0.2143676,0.2223717
32.2700005,0.2235066,0.2131679,0.21833725
32.2800026,0.2270732,0.2148949,0.22098405
32.2900009,0.2282311,0.1944415,0.2113363
32.3000031,0.2192076,0.1999384,0.209573
32.3100014,0.2226802,0.1937659,0.20822305
32.3199997,0.2221879,0.1966868,0.20943735
32.3300018,0.2189095,0.2055509,0.2122302
32.3400002,0.233107,0.2081863,0.22064665
32.3500023,0.230324,0.207454,0.218889
32.3600006,0.2335556,0.2049474,0.2192515
32.3700027,0.2341207,0.2152933,0.224707
32.3800011,0.2354914,0.2092478,0.2223696
32.3900032,0.2365917,0.2140155,0.2253036
32.4000015,0.2410423,0.2135779,0.2273101
32.4099998,0.2222986,0.2142788,0.2182887
32.420002,0.2312026,0.2028173,0.21700995
32.4300003,0.2265808,0.2097276,0.2181542
32.4400024,0.2261087,0.2088455,0.2174771
32.4500008,0.2128845,0.2059456,0.20941505
32.4600029,0.2250314,0.2015115,0.21327145
32.4700012,0.2180983,0.2018354,0.20996685
32.4800034,0.2054504,0.2040867,0.20476855
32.4900017,0.2067803,0.1995026,0.20314145
32.5,0.2179281,0.2079827,0.2129554
32.5100021,0.2318558,0.2145681,0.22321195
32.5200005,0.225985,0.1995037,0.21274435
32.5300026,0.2244104,0.2037789,0.21409465
32.5400009,0.2215711,0.2166314,0.21910125
32.5500031,0.2250577,0.2020266,0.21354215
32.5600014,0.2222349,0.2109023,0.2165686
32.5699997,0.2272941,0.2073959,0.217345
32.5800018,0.2150742,0.2053608,0.2102175
32.5900002,0.2238739,0.1945838,0.20922885
32.6000023,0.2249703,0.2027719,0.2138711
32.6100006,0.2286052,0.1989864,0.2137958
32.6200027,0.2174121,0.194653,0.20603255
32.6300011,0.2277926,0.2082391,0.21801585
32.6400032,0.2250966,0.1955689,0.21033275
32.6500015,0.2310984,0.1960867,0.21359255
32.6599998,0.2235449,0.2000923,0.2118186
32.670002,0.2332097,0.1998757,0.2165427
32.6800003,0.2327392,0.2054598,0.2190995
32.6900024,0.228586,0.1994028,0.2139944
32.7000008,0.2228015,0.2054416,0.21412155
32.7100029,0.2414152,0.2023698,0.2218925
32.7200012,0.2423935,0.1980175,0.2202055
32.7300034,0.2428735,0.2002139,0.2215437
32.7400017,0.2400328,0.2160676,0.2280502
32.75,0.2271506,0.2130289,0.22008975
32.7600021,0.2241636,0.205716,0.2149398
32.7700005,0.2337644,0.2147116,0.224238
32.7800026,0.2289531,0.2181971,0.2235751
32.7900009,0.2348167,0.2091714,0.22199405
32.8000031,0.2301337,0.2145419,0.2223378
32.8100014,0.2167324,0.2139498,0.2153411
32.8199997,0.2134975,0.2148676,0.21418255
32.8300018,0.2141367,0.2141128,0.21412475
32.8400002,0.2212057,0.2253892,0.22329745
32.8500023,0.2145041,0.2329004,0.22370225
32.8600006,0.2178701,0.2260335,0.2219518
32.8700027,0.2109156,0.2186057,0.21476065
32.8800011,0.2069896,0.2131325,0.21006105
32.8900032,0.2226171,0.2109548,0.21678595
32.9000015,0.2174827,0.2191342,0.21830845
32.9099998,0.2176262,0.2143503,0.21598825
32.920002,0.2104264,0.2138345,0.21213045
32.9300003,0.2218171,0.20831,0.21506355
32.9400024,0.2199659,0.1985586,0.20926225
32.9500008,0.2159606,0.2090871,0.21252385
32.9600029,0.217815,0.2146674,0.2162412
32.9700012,0.2207149,0.2137485,0.2172317
32.9800034,0.2182482,0.2104599,0.21435405
32.9900017,0.2094825,0.2010115,0.205247
33,0.2129873,0.2165097,0.2147485
33.0100021,0.2132918,0.2073826,0.2103372
33.0200005,0.2141642,0.2038176,0.2089909
33.0300026,0.2057858,0.2084437,0.20711475
33.0400009,0.2028558,0.2127513,0.20780355
33.0500031,0.2073268,0.2164684,0.2118976
33.0600014,0.2148525,0.2180644,0.21645845
33.0699997,0.2066877,0.2260793,0.2163835
33.0800018,0.2118331,0.2163408,0.21408695
33.0900002,0.2235546,0.2172652,0.2204099
33.1000023,0.2057758,0.2136143,0.20969505
33.1100006,0.2090744,0.2122637,0.21066905
33.1200027,0.2063864,0.2215453,0.21396585
33.1300011,0.2213034,0.234006,0.2276547
33.1400032,0.2244828,0.2342166,0.2293497
33.1500015,0.2234113,0.2268751,0.2251432
33.1599998,0.2249727,0.2227886,0.22388065
33.170002,0.2197916,0.2170284,0.21841
33.1800003,0.2214719,0.2108037,0.2161378
33.1900024,0.2298349,0.2300827,0.2299588
33.2000008,0.2278579,0.2282928,0.22807535
33.2100029,0.2349998,0.2167275,0.22586365
33.2200012,0.2273836,0.2290289,0.22820625
33.2300034,0.2384737,0.2245928,0.23153325
33.2400017,0.2388072,0.2211547,0.22998095
33.25,0.2402252,0.2230998,0.2316625
33.2600021,0.2380337,0.2193061,0.2286699
33.2700005,0.2452953,0.2212499,0.2332726
33.2800026,0.2376834,0.2165471,0.22711525
33.2900009,0.2346729,0.2163313,0.2255021
33.3000031,0.2293064,0.2142672,0.2217868
33.3100014,0.2279381,0.216728,0.22233305
33.3199997,0.2267851,0.2274521,0.2271186
33.3300018,0.2412278,0.2245948,0.2329113
33.3400002,0.2340796,0.2189193,0.22649945
33.3500023,0.2364224,0.2091898,0.2228061
33.3600006,0.2327909,0.2193491,0.22607
33.3700027,0.2234565,0.1962513,0.2098539
33.3800011,0.2362384,0.2103131,0.22327575
33.3900032,0.234293,0.2182322,0.2262626
33.4000015,0.2334395,0.2182115,0.2258255
33.4099998,0.2377357,0.2350729,0.2364043
33.420002,0.2295212,0.2124601,0.22099065
33.4300003,0.2306246,0.2204785,0.22555155
33.4400024,0.2156282,0.2179843,0.21680625
33.4500008,0.2102939,0.2227847,0.2165393
33.4600029,0.2230732,0.217723,0.2203981
33.4700012,0.2359051,0.2188719,0.2273885
33.4800034,0.2349885,0.2197956,0.22739205
33.4900017,0.2351169,0.217342,0.22622945
33.5,0.2377946,0.2266958,0.2322452
33.5100021,0.2292825,0.2185075,0.223895
33.5200005,0.230457,0.2229706,0.2267138
33.5300026,0.2304314,0.2170072,0.2237193
33.5400009,0.2308054,0.2158611,0.22333325
33.5500031,0.2328294,0.2092547,0.22104205
33.5600014,0.2267802,0.2200692,0.2234247
33.5699997,0.2257487,0.2128204,0.21928455
33.5800018,0.2352944,0.2075286,0.2214115
33.5900002,0.2293577,0.2103096,0.21983365
33.6000023,0.2266186,0.221648,0.2241333
33.6100006,0.2324028,0.2213469,0.22687485
33.6200027,0.2249059,0.218903,0.22190445
33.6300011,0.2323166,0.2177821,0.22504935
33.6400032,0.2459756,0.220636,0.2333058
33.6500015,0.2370782,0.2092446,0.2231614
33.6599998,0.2380096,0.2180615,0.22803555
33.670002,0.244254,0.206332,0.225293
33.6800003,0.2320532,0.2140051,0.22302915
33.6900024,0.2491946,0.202949,0.2260718
33.7000008,0.2355015,0.2027914,0.21914645
33.7100029,0.2323513,0.2065296,0.21944045
33.7200012,0.2321834,0.2181323,0.22515785
33.7300034,0.2452727,0.2134741,0.2293734
33.7400017,0.2407927,0.2050937,0.2229432
33.75,0.2358233,0.2171248,0.22647405
33.7600021,0.2257333,0.2243265,0.2250299
33.7700005,0.2374838,0.2265224,0.2320031
33.7800026,0.2416873,0.2127009,0.2271941
33.7900009,0.2302625,0.2168888,0.22357565
33.8000031,0.2279346,0.2156201,0.22177735
33.8100014,0.2221315,0.2237604,0.22294595
33.8200035,0.2257046,0.2153198,0.2205122
33.8300018,0.2348918,0.2111238,0.2230078
33.8400002,0.2234112,0.2051512,0.2142812
33.8500023,0.2150605,0.1961765,0.2056185
33.8600006,0.2293185,0.1945969,0.2119577
33.8700027,0.2164423,0.1928414,0.20464185
33.8800011,0.2132373,0.197463,0.20535015
33.8900032,0.2221236,0.1988687,0.21049615
33.9000015,0.2227774,0.1993373,0.21105735
33.9099998,0.2076225,0.2051977,0.2064101
33.920002,0.2134742,0.1985303,0.20600225
33.9300003,0.2032807,0.2037687,0.2035247
33.9400024,0.2095375,0.2025646,0.20605105
33.9500008,0.2083126,0.1995432,0.2039279
33.9600029,0.2020905,0.2164705,0.2092805
33.9700012,0.1989198,0.2040587,0.20148925
33.9800034,0.2018828,0.2065242,0.2042035
33.9900017,0.2034693,0.2100541,0.2067617
34,0.2149042,0.218927,0.2169156
34.0100021,0.2186418,0.2189603,0.21880105
34.0200005,0.2231391,0.2174181,0.2202786
34.0300026,0.2218319,0.2161673,0.2189996
34.0400009,0.2117569,0.2138856,0.21282125
34.0500031,0.2168277,0.2221031,0.2194654
34.0600014,0.2148711,0.2063635,0.2106173
34.0700035,0.2132771,0.2117589,0.212518
34.0800018,0.2123351,0.2156439,0.2139895
34.0900002,0.2147267,0.217246,0.21598635
34.1000023,0.2211535,0.2102284,0.21569095
34.1100006,0.224757,0.2035737,0.21416535
34.1200027,0.2208689,0.2046583,0.2127636
34.1300011,0.2200322,0.2045654,0.2122988
34.1400032,0.2214322,0.2118187,0.21662545
34.1500015,0.2244101,0.2109234,0.21766675
34.1599998,0.2248769,0.2161484,0.22051265
34.170002,0.2367462,0.2036792,0.2202127
34.1800003,0.2418628,0.2178248,0.2298438
34.1900024,0.2422237,0.2104198,0.22632175
34.2000008,0.2347408,0.2146674,0.2247041
34.2100029,0.2260867,0.2172166,0.22165165
34.2200012,0.2277056,0.206495,0.2171003
34.2300034,0.220069,0.2039927,0.21203085
34.2400017,0.2203654,0.2213183,0.22084185
34.25,0.2353455,0.2152424,0.22529395
34.2600021,0.2320527,0.215804,0.22392835
34.2700005,0.2320119,0.2074446,0.21972825
34.2800026,0.2219596,0.2104722,0.2162159
34.2900009,0.2197116,0.2104767,0.21509415
34.3000031,0.2175778,0.2039812,0.2107795
34.3100014,0.2209911,0.2131367,0.2170639
34.3200035,0.2244196,0.2086938,0.2165567
34.3300018,0.2137106,0.2133263,0.21351845
34.3400002,0.2128111,0.2122221,0.2125166
34.3500023,0.2143748,0.2132049,0.21378985
34.3600006,0.2125827,0.2144064,0.21349455
34.3700027,0.2071767,0.2117559,0.2094663
34.3800011,0.2056498,0.2024702,0.20406
34.3900032,0.2129121,0.2118057,0.2123589
34.4000015,0.2088513,0.2091618,0.20900655
34.4099998,0.2047011,0.215491,0.21009605
34.420002,0.2093793,0.2047984,0.20708885
34.4300003,0.1940431,0.2095611,0.2018021
34.4400024,0.2067837,0.2147035,0.2107436
34.4500008,0.191392,0.2160079,0.20369995
34.4600029,0.2072912,0.2100273,0.20865925
34.4700012,0.2061563,0.2121805,0.2091684
34.4800034,0.2080152,0.2075404,0.2077778
34.4900017,0.1997748,0.209784,0.2047794
34.5,0.2081493,0.2088267,0.208488
34.5100021,0.2122119,0.2042105,0.2082112
34.5200005,0.2138987,0.2007638,0.20733125
34.5300026,0.2200926,0.2030745,0.21158355
34.5400009,0.2177352,0.2077455,0.21274035
34.5500031,0.2163699,0.2120005,0.2141852
34.5600014,0.2093245,0.1987056,0.20401505
34.5700035,0.2119072,0.2011244,0.2065158
34.5800018,0.2165649,0.209601,0.21308295
34.5900002,0.2195946,0.1992726,0.2094336
34.6000023,0.2189765,0.2019944,0.21048545
34.6100006,0.2139805,0.2091697,0.2115751
34.6200027,0.213687,0.198744,0.2062155
34.6300011,0.2279945,0.2121899,0.2200922
34.6400032,0.2225445,0.213891,0.21821775
34.6500015,0.2285339,0.2203499,0.2244419
34.6599998,0.217673,0.2082061,0.21293955
34.670002,0.2272889,0.2055957,0.2164423
34.6800003,0.215976,0.2086917,0.21233385
34.6900024,0.2186259,0.2073866,0.21300625
34.7000008,0.2184243,0.2080847,0.2132545
34.7100029,0.2170353,0.2140096,0.21552245
34.7200012,0.2182788,0.2087628,0.2135208
34.7300034,0.2188546,0.2059505,0.21240255
34.7400017,0.2167055,0.2134785,0.215092
34.75,0.2080459,0.2058711,0.2069585
34.7600021,0.208185,0.2069001,0.20754255
34.7700005,0.2096202,0.2047473,0.20718375
34.7800026,0.2077759,0.2134997,0.2106378
34.7900009,0.2109625,0.2137613,0.2123619
34.8000031,0.2158723,0.2114449,0.2136586
34.8100014,0.2111255,0.2098791,0.2105023
34.8200035,0.2133332,0.2078722,0.2106027
34.8300018,0.2083613,0.2072931,0.2078272
34.8400002,0.2077851,0.2161665,0.2119758
34.8500023,0.2177216,0.2110823,0.21440195
34.8600006,0.2167508,0.2017659,0.20925835
34.8700027,0.2149769,0.1980251,0.206501
34.8800011,0.2169959,0.2038062,0.21040105
34.8900032,0.2258226,0.2213357,0.22357915
34.9000015,0.2136553,0.2123249,0.2129901
34.9099998,0.2174261,0.2092289,0.2133275
34.920002,0.2264619,0.2163396,0.22140075
34.9300003,0.2376122,0.2211175,0.22936485
34.9400024,0.2318766,0.2166151,0.22424585
34.9500008,0.2191075,0.2188284,0.21896795
34.9600029,0.2196918,0.2160332,0.2178625
34.9700012,0.2235564,0.2172132,0.2203848
34.9800034,0.2149371,0.215582,0.21525955
34.9900017,0.2235899,0.2135035,0.2185467
35,0.2219814,0.2178913,0.21993635
35.0100021,0.2116675,0.2248569,0.2182622
35.0200005,0.219317,0.2162198,0.2177684
35.0300026,0.2302345,0.220437,0.22533575
35.0400009,0.2185859,0.2254297,0.2220078
35.0500031,0.2254592,0.2126285,0.21904385
35.0600014,0.2163773,0.2146176,0.21549745
35.0700035,0.2119581,0.2199471,0.2159526
35.0800018,0.2241378,0.2181164,0.2211271
35.0900002,0.2242707,0.2191594,0.22171505
35.1000023,0.2283884,0.2118976,0.220143
35.1100006,0.220881,0.203785,0.212333
35.1200027,0.2218539,0.2142354,0.21804465
35.1300011,0.2219108,0.2099158,0.2159133
35.1400032,0.2239875,0.2053108,0.21464915
35.1500015,0.2278836,0.2029275,0.21540555
35.1599998,0.2211053,0.2145307,0.217818
35.170002,0.2106914,0.2047203,0.20770585
35.1800003,0.2160668,0.2094692,0.212768
35.1900024,0.2161425,0.2053586,0.21075055
35.2000008,0.2150173,0.1995855,0.2073014
35.2100029,0.2078253,0.2069474,0.20738635
35.2200012,0.2104597,0.2086107,0.2095352
35.2300034,0.2138249,0.2057879,0.2098064
35.2400017,0.2221672,0.2074178,0.2147925
35.25,0.2085049,0.2034734,0.20598915
35.2600021,0.2159478,0.2029709,0.20945935
35.2700005,0.2117056,0.2091384,0.210422
35.2800026,0.2021507,0.2099799,0.2060653
35.2900009,0.2023556,0.211449,0.2069023
35.3000031,0.2105292,0.2120083,0.21126875
35.3100014,0.2101921,0.2163075,0.2132498
35.3200035,0.2072567,0.2117594,0.20950805
35.3300018,0.2106822,0.2073427,0.20901245
35.3400002,0.2176372,0.203398,0.2105176
35.3500023,0.2156143,0.2030641,0.2093392
35.3600006,0.2054509,0.2044493,0.2049501
35.3700027,0.2216324,0.1939397,0.20778605
35.3800011,0.2219834,0.1948537,0.20841855
35.3900032,0.2184086,0.1996614,0.209035
35.4000015,0.2144941,0.2015023,0.2079982
35.4099998,0.2145243,0.1986388,0.20658155
35.420002,0.2111341,0.2035927,0.2073634
35.4300003,0.2169037,0.2015633,0.2092335
35.4400024,0.2174594,0.2024586,0.209959
35.4500008,0.2286134,0.20507,0.2168417
35.4600029,0.2265278,0.2038471,0.21518745
35.4700012,0.2210134,0.1983676,0.2096905
35.4800034,0.2174422,0.2001975,0.20881985
35.4900017,0.2335636,0.2035435,0.21855355
35.5,0.2237401,0.1984452,0.21109265
35.5100021,0.2197095,0.2045361,0.2121228
35.5200005,0.2265093,0.2030363,0.2147728
35.5300026,0.2248839,0.2078415,0.2163627
35.5400009,0.2336925,0.2051457,0.2194191
35.5500031,0.2373623,0.2017031,0.2195327
35.5600014,0.2352915,0.2038364,0.21956395
35.5700035,0.2278541,0.209477,0.21866555
35.5800018,0.228664,0.2166896,0.2226768
35.5900002,0.2275516,0.2017135,0.21463255
35.6000023,0.2309681,0.2051035,0.2180358
35.6100006,0.2259786,0.2128976,0.2194381
35.6200027,0.2226904,0.2099146,0.2163025
35.6300011,0.2257041,0.2046223,0.2151632
35.6400032,0.217144,0.2081295,0.21263675
35.6500015,0.2244704,0.1978358,0.2111531
35.6599998,0.236697,0.1977354,0.2172162
35.670002,0.2182267,0.2003095,0.2092681
35.6800003,0.2176535,0.1980095,0.2078315
35.6900024,0.2221499,0.1892207,0.2056853
35.7000008,0.2279742,0.1950787,0.21152645
35.7100029,0.2190641,0.1950131,0.2070386
35.7200012,0.221376,0.1926426,0.2070093
35.7300034,0.2208145,0.2073185,0.2140665
35.7400017,0.2128798,0.2126875,0.21278365
35.75,0.2196838,0.2124203,0.21605205
35.7600021,0.2205535,0.2089398,0.21474665
35.7700005,0.2170485,0.2050083,0.2110284
35.7800026,0.2195822,0.2071409,0.21336155
35.7900009,0.2160064,0.2066575,0.21133195
35.8000031,0.2199975,0.2066218,0.21330965
35.8100014,0.2200301,0.2055464,0.21278825
35.8200035,0.2277467,0.1959892,0.21186795
35.8300018,0.2168064,0.1904688,0.2036376
35.8400002,0.2239128,0.1950114,0.2094621
35.8500023,0.2216264,0.2009638,0.2112951
35.8600006,0.2212723,0.1957883,0.2085303
35.8700027,0.2256364,0.2053525,0.21549445
35.8800011,0.2233699,0.200117,0.21174345
35.8900032,0.230464,0.1978866,0.2141753
35.9000015,0.233865,0.2029818,0.2184234
35.9099998,0.2239566,0.2060075,0.21498205
35.920002,0.2353181,0.2043331,0.2198256
35.9300003,0.234084,0.2063006,0.2201923
35.9400024,0.2250438,0.1945288,0.2097863
35.9500008,0.2346478,0.1988741,0.21676095
35.9600029,0.2307624,0.197339,0.2140507
35.9700012,0.2406215,0.2086921,0.2246568
35.9800034,0.2340218,0.2073362,0.220679
35.9900017,0.2281104,0.2007031,0.21440675
36,0.2444267,0.2017985,0.2231126
36.0100021,0.2463205,0.1938537,0.2200871
36.0200005,0.2384401,0.1962643,0.2173522
36.0300026,0.2386204,0.1966545,0.21763745
36.0400009,0.234668,0.2003341,0.21750105
36.0500031,0.2449118,0.191762,0.2183369
36.0600014,0.2492132,0.1895185,0.21936585
36.0700035,0.249902,0.1987539,0.22432795
36.0800018,0.2568634,0.2037834,0.2303234
36.0900002,0.2553918,0.197285,0.2263384
36.1000023,0.2550853,0.2007921,0.2279387
36.1100006,0.2419118,0.2034935,0.22270265
36.1200027,0.2456738,0.2022303,0.22395205
36.1300011,0.250945,0.2092702,0.2301076
36.1400032,0.241958,0.2047197,0.22333885
36.1500015,0.2438214,0.2089031,0.22636225
36.1599998,0.2458775,0.2057553,0.2258164
36.170002,0.2383612,0.197797,0.2180791
36.1800003,0.2437367,0.201413,0.22257485
36.1900024,0.2305568,0.2065819,0.21856935
36.2000008,0.2422428,0.190323,0.2162829
36.2100029,0.2455034,0.19493,0.2202167
36.2200012,0.2469146,0.201553,0.2242338
36.2300034,0.2532628,0.2014815,0.22737215
36.2400017,0.2576715,0.2055396,0.23160555
36.25,0.2738108,0.197941,0.2358759
36.2600021,0.2642493,0.1935501,0.2288997
36.2700005,0.2517946,0.2100528,0.2309237
36.2800026,0.2486276,0.2000137,0.22432065
36.2900009,0.2504098,0.2051794,0.2277946
36.3000031,0.2543102,0.1956444,0.2249773
36.3100014,0.247403,0.1998526,0.2236278
36.3200035,0.2483067,0.1976014,0.22295405
36.3300018,0.2559066,0.2057585,0.23083255
36.3400002,0.2490528,0.2053853,0.22721905
36.3500023,0.2402712,0.1989311,0.21960115
36.3600006,0.2362276,0.2041851,0.22020635
36.3700027,0.2404435,0.1965955,0.2185195
36.3800011,0.2433116,0.198842,0.2210768
36.3900032,0.2389374,0.2071838,0.2230606
36.4000015,0.2546422,0.2070656,0.2308539
36.4099998,0.2364679,0.2046958,0.22058185
36.420002,0.2440411,0.2133366,0.22868885
36.4300003,0.2392685,0.2057454,0.22250695
36.4400024,0.2329809,0.2077801,0.2203805
36.4500008,0.2482784,0.2069971,0.22763775
36.4600029,0.2461588,0.1989737,0.22256625
36.4700012,0.23634,0.1967631,0.21655155
36.4800034,0.2290226,0.2034493,0.21623595
36.4900017,0.235176,0.1945854,0.2148807
36.5,0.2256175,0.1962695,0.2109435
36.5100021,0.2277329,0.2074133,0.2175731
36.5200005,0.2364653,0.2005186,0.21849195
36.5300026,0.2400703,0.2000897,0.22008
36.5400009,0.2311499,0.2041463,0.2176481
36.5500031,0.2334576,0.2026496,0.2180536
36.5600014,0.2298214,0.1950254,0.2124234
36.5700035,0.2280778,0.2031148,0.2155963
36.5800018,0.2248326,0.2062903,0.21556145
36.5900002,0.2296278,0.2042948,0.2169613
36.6000023,0.2274097,0.2091017,0.2182557
36.6100006,0.2286999,0.2091847,0.2189423
36.6200027,0.2154066,0.2059072,0.2106569
36.6300011,0.2307723,0.2013906,0.21608145
36.6400032,0.2293508,0.2060796,0.2177152
36.6500015,0.2372164,0.2090956,0.223156
36.6599998,0.2394123,0.2053331,0.2223727
36.670002,0.2388602,0.2074753,0.22316775
36.6800003,0.2333524,0.2110124,0.2221824
36.6900024,0.2360537,0.2101385,0.2230961
36.7000008,0.2398148,0.2015197,0.22066725
36.7100029,0.2290334,0.2120915,0.22056245
36.7200012,0.2225668,0.213167,0.2178669
36.7300034,0.2356713,0.21241,0.22404065
36.7400017,0.2361039,0.2116003,0.2238521
36.75,0.2490215,0.2075829,0.2283022
36.7600021,0.2286879,0.2127742,0.22073105
36.7700005,0.2279138,0.2080082,0.217961
36.7800026,0.2213743,0.2164113,0.2188928
36.7900009,0.2201285,0.2114057,0.2157671
36.8000031,0.2281772,0.2079252,0.2180512
36.8100014,0.224892,0.2060181,0.21545505
36.8200035,0.2262316,0.2066924,0.216462
36.8300018,0.2154487,0.2059285,0.2106886
36.8400002,0.2235024,0.2043606,0.2139315
36.8500023,0.2284686,0.2059242,0.2171964
36.8600006,0.217617,0.2002512,0.2089341
36.8700027,0.2199377,0.2058197,0.2128787
36.8800011,0.2288825,0.2031787,0.2160306
36.8900032,0.2091289,0.2044357,0.2067823
36.9000015,0.2187423,0.2154182,0.21708025
36.9099998,0.2243379,0.2009049,0.2126214
36.920002,0.229434,0.2101049,0.21976945
36.9300003,0.2307193,0.2060415,0.2183804
36.9400024,0.2262069,0.2207125,0.2234597
36.9500008,0.2222337,0.2181758,0.22020475
36.9600029,0.2185795,0.2166654,0.21762245
36.9700012,0.2204309,0.2170105,0.2187207
36.9800034,0.2285953,0.2193625,0.2239789
36.9900017,0.2166181,0.2130467,0.2148324
37,0.2176757,0.2137421,0.2157089
37.0100021,0.2266464,0.2083522,0.2174993
37.0200005,0.232716,0.2074228,0.2200694
37.0300026,0.2224865,0.2127111,0.2175988
37.0400009,0.2217082,0.2160938,0.218901
37.0500031,0.2220588,0.203537,0.2127979
37.0600014,0.2341415,0.2108101,0.2224758
37.0700035,0.2222359,0.2126701,0.217453
37.0800018,0.2139852,0.226114,0.2200496
37.0900002,0.2131765,0.2170999,0.2151382
37.1000023,0.2147289,0.2067506,0.21073975
37.1100006,0.2245168,0.2068263,0.21567155
37.1200027,0.2222094,0.2108778,0.2165436
37.1300011,0.2214354,0.2043007,0.21286805
37.1400032,0.2223318,0.2000928,0.2112123
37.1500015,0.2226586,0.2027446,0.2127016
37.1600037,0.2297016,0.2075073,0.21860445
37.170002,0.2153629,0.2032667,0.2093148
37.1800003,0.2189932,0.2060095,0.21250135
37.1900024,0.2250433,0.2046687,0.214856
37.2000008,0.2264512,0.2056859,0.21606855
37.2100029,0.2268494,0.2033281,0.21508875
37.2200012,0.2293313,0.2047461,0.2170387
37.2300034,0.2403045,0.2096883,0.2249964
37.2400017,0.2210306,0.2005311,0.21078085
37.25,0.2184912,0.2050181,0.21175465
37.2600021,0.2210499,0.1974764,0.20926315
37.2700005,0.2337048,0.2050838,0.2193943
37.2800026,0.2109567,0.2122842,0.21162045
37.2900009,0.2258941,0.2062951,0.2160946
37.3000031,0.2216128,0.2007482,0.2111805
37.3100014,0.2184053,0.2106193,0.2145123
37.3200035,0.2172385,0.1949788,0.20610865
37.3300018,0.2159818,0.201636,0.2088089
37.3400002,0.2140958,0.2055967,0.20984625
37.3500023,0.2020381,0.2161176,0.20907785
37.3600006,0.2155614,0.2113962,0.2134788
37.3700027,0.218243,0.2158109,0.21702695
37.3800011,0.2271854,0.2132307,0.22020805
37.3900032,0.2165942,0.2156546,0.2161244
37.4000015,0.2247161,0.2091352,0.21692565
37.4100037,0.2192923,0.2046452,0.21196875
37.420002,0.2204759,0.1962738,0.20837485
37.4300003,0.2286569,0.2027557,0.2157063
37.4400024,0.2158731,0.2126112,0.21424215
37.4500008,0.2326362,0.2141198,0.223378
37.4600029,0.2375892,0.2085316,0.2230604
37.4700012,0.2281528,0.2045092,0.216331
37.4800034,0.226433,0.2133564,0.2198947
37.4900017,0.2233781,0.2154552,0.21941665
37.5,0.2081301,0.2128285,0.2104793
37.5100021,0.2138065,0.2119747,0.2128906
37.5200005,0.2111301,0.2153563,0.2132432
37.5300026,0.2116271,0.2310356,0.22133135
37.5400009,0.2229373,0.2200399,0.2214886
37.5500031,0.2192632,0.2112843,0.21527375
37.5600014,0.2170168,0.2193427,0.21817975
37.5700035,0.2217503,0.2093713,0.2155608
37.5800018,0.2228478,0.2178498,0.2203488
37.5900002,0.2131068,0.2114039,0.21225535
37.6000023,0.2159008,0.212036,0.2139684
37.6100006,0.2196859,0.213645,0.21666545
37.6200027,0.2213014,0.2149245,0.21811295
37.6300011,0.2248504,0.2178781,0.22136425
37.6400032,0.2453741,0.2252081,0.2352911
37.6500015,0.2350371,0.2210479,0.2280425
37.6600037,0.2282794,0.2286078,0.2284436
37.670002,0.2348663,0.2277971,0.2313317
37.6800003,0.2299076,0.2190039,0.22445575
37.6900024,0.2277623,0.2205089,0.2241356
37.7000008,0.2243981,0.2188179,0.221608
37.7100029,0.2164993,0.2140879,0.2152936
37.7200012,0.2159244,0.2238082,0.2198663
37.7300034,0.2236409,0.2247389,0.2241899
37.7400017,0.2313286,0.2213347,0.22633165
37.75,0.2194106,0.2148633,0.21713695
37.7600021,0.2136405,0.216403,0.21502175
37.7700005,0.2168999,0.2093626,0.21313125
37.7800026,0.2116643,0.2102426,0.21095345
37.7900009,0.2202953,0.2193581,0.2198267
37.8000031,0.2222558,0.2208925,0.22157415
37.8100014,0.2247421,0.2273832,0.22606265
37.8200035,0.2237935,0.224966,0.22437975
37.8300018,0.2269396,0.2287492,0.2278444
37.8400002,0.2193929,0.2319582,0.22567555
37.8500023,0.2173489,0.2170505,0.2171997
37.8600006,0.2247137,0.2108483,0.217781
37.8700027,0.2168141,0.2215045,0.2191593
37.8800011,0.2189173,0.2039542,0.21143575
37.8900032,0.217371,0.2155566,0.2164638
37.9000015,0.2122136,0.2266308,0.2194222
37.9100037,0.2181926,0.2294312,0.2238119
37.920002,0.2163124,0.2263512,0.2213318
37.9300003,0.2014161,0.2216516,0.21153385
37.9400024,0.2156728,0.2169674,0.2163201
37.9500008,0.2161991,0.2135015,0.2148503
37.9600029,0.213934,0.220972,0.217453
37.9700012,0.2016143,0.2279262,0.21477025
37.9800034,0.2041569,0.2225379,0.2133474
37.9900017,0.2036651,0.2246447,0.2141549
38,0.2051366,0.2214801,0.21330835
38.0100021,0.1986289,0.2185046,0.20856675
38.0200005,0.2066149,0.226247,0.21643095
38.0300026,0.2102212,0.2243309,0.21727605
38.0400009,0.2189509,0.2188207,0.2188858
38.0500031,0.2098107,0.2281172,0.21896395
38.0600014,0.2013589,0.2239969,0.2126779
38.0700035,0.2154122,0.2166736,0.2160429
38.0800018,0.2012678,0.2173194,0.2092936
38.0900002,0.2087363,0.2298873,0.2193118
38.1000023,0.2219149,0.2288538,0.22538435
38.1100006,0.2258963,0.2307126,0.22830445
38.1200027,0.2204945,0.2278939,0.2241942
38.1300011,0.2214261,0.224905,0.22316555
38.1400032,0.2143857,0.2258766,0.22013115
38.1500015,0.2133502,0.2158225,0.21458635
38.1600037,0.2171197,0.2207752,0.21894745
38.170002,0.204826,0.2268878,0.2158569
38.1800003,0.2155334,0.2189163,0.21722485
38.1900024,0.228412,0.219411,0.2239115
38.2000008,0.2278257,0.2277469,0.2277863
38.2100029,0.2188237,0.2259347,0.2223792
38.2200012,0.2245284,0.2302612,0.2273948
38.2300034,0.2210385,0.2218817,0.2214601
38.2400017,0.2104252,0.2141089,0.21226705
38.25,0.2171035,0.2167163,0.2169099
38.2600021,0.2233197,0.2120223,0.217671
38.2700005,0.2255614,0.2142179,0.21988965
38.2800026,0.2252582,0.2199202,0.2225892
38.2900009,0.2259557,0.2118918,0.21892375
38.3000031,0.2309127,0.2119688,0.22144075
38.3100014,0.2099385,0.2170025,0.2134705
38.3200035,0.2207059,0.2058095,0.2132577
38.3300018,0.2138435,0.201599,0.20772125
38.3400002,0.224687,0.2162632,0.2204751
38.3500023,0.2346759,0.2173535,0.2260147
38.3600006,0.237393,0.2089529,0.22317295
38.3700027,0.2385516,0.2029924,0.220772
38.3800011,0.2307912,0.2097468,0.220269
38.3900032,0.2319653,0.2119357,0.2219505
38.4000015,0.221631,0.2098696,0.2157503
38.4100037,0.215904,0.2083379,0.21212095
38.420002,0.2240896,0.2073458,0.2157177
38.4300003,0.2286574,0.2165816,0.2226195
38.4400024,0.2134636,0.2059669,0.20971525
38.4500008,0.2168693,0.2014609,0.2091651
38.4600029,0.2205034,0.2140311,0.21726725
38.4700012,0.2142581,0.219254,0.21675605
38.4800034,0.2175552,0.2251704,0.2213628
38.4900017,0.2148794,0.2211836,0.2180315
38.5,0.2070389,0.2238727,0.2154558
38.5100021,0.2129421,0.2230736,0.21800785
38.5200005,0.2121298,0.223437,0.2177834
38.5300026,0.2040232,0.2139577,0.20899045
38.5400009,0.2154925,0.2231402,0.21931635
38.5500031,0.2185958,0.2150827,0.21683925
38.5600014,0.2361416,0.2198285,0.22798505
38.5700035,0.217843,0.2107177,0.21428035
38.5800018,0.2228952,0.2091966,0.2160459
38.5900002,0.2275563,0.2118998,0.21972805
38.6000023,0.2246943,0.2115849,0.2181396
38.6100006,0.2224116,0.2073749,0.21489325
38.6200027,0.2205074,0.20613,0.2133187
38.6300011,0.2232352,0.2047425,0.21398885
38.6400032,0.2244555,0.2164883,0.2204719
38.6500015,0.2293058,0.2123787,0.22084225
38.6600037,0.2312569,0.2005457,0.2159013
38.670002,0.236324,0.2004063,0.21836515
38.6800003,0.2297728,0.2072582,0.2185155
38.6900024,0.2265726,0.2093668,0.2179697
38.7000008,0.2399341,0.2062885,0.2231113
38.7100029,0.2267745,0.2106981,0.2187363
38.7200012,0.2357251,0.2110025,0.2233638
38.7300034,0.2307406,0.2239112,0.2273259
38.7400017,0.2291014,0.2266183,0.22785985
38.75,0.2318675,0.2289317,0.2303996
38.7600021,0.2284072,0.2194794,0.2239433
38.7700005,0.2275365,0.2069157,0.2172261
38.7800026,0.2320853,0.206183,0.21913415
38.7900009,0.2250708,0.2025876,0.2138292
38.8000031,0.2369435,0.2101389,0.2235412
38.8100014,0.2214127,0.2096167,0.2155147
38.8200035,0.2239276,0.2059034,0.2149155
38.8300018,0.225263,0.2114621,0.21836255
38.8400002,0.2266063,0.2047337,0.21567
38.8500023,0.2325818,0.2068973,0.21973955
38.8600006,0.239811,0.2096547,0.22473285
38.8700027,0.2389681,0.2111787,0.2250734
38.8800011,0.2217144,0.2153666,0.2185405
38.8900032,0.2292077,0.2149771,0.2220924
38.9000015,0.2270262,0.2210237,0.22402495
38.9100037,0.2298798,0.2072543,0.21856705
38.920002,0.2258893,0.2089272,0.21740825
38.9300003,0.2320201,0.2185312,0.22527565
38.9400024,0.2358933,0.2049891,0.2204412
38.9500008,0.2315641,0.2064172,0.21899065
38.9600029,0.241098,0.2068209,0.22395945
38.9700012,0.2408149,0.2091685,0.2249917
38.9800034,0.2307579,0.2041893,0.2174736
38.9900017,0.2308277,0.2065089,0.2186683
39,0.2284233,0.2225537,0.2254885
39.0100021,0.2299423,0.2166674,0.22330485
39.0200005,0.2404675,0.2044486,0.22245805
39.0300026,0.2289805,0.2107989,0.2198897
39.0400009,0.2404703,0.2150186,0.22774445
39.0500031,0.2503548,0.2104617,0.23040825
39.0600014,0.2416849,0.2184274,0.23005615
39.0700035,0.246015,0.2229051,0.23446005
39.0800018,0.2499644,0.2197033,0.23483385
39.0900002,0.2485465,0.2192025,0.2338745
39.1000023,0.2490298,0.2169486,0.2329892
39.1100006,0.2303558,0.2156252,0.2229905
39.1200027,0.2348795,0.2283064,0.23159295
39.1300011,0.242463,0.2338663,0.23816465
39.1400032,0.228421,0.2270534,0.2277372
39.1500015,0.2326359,0.217276,0.22495595
39.1600037,0.2302338,0.2181088,0.2241713
39.170002,0.241488,0.2233975,0.23244275
39.1800003,0.2375858,0.2178406,0.2277132
39.1900024,0.2360679,0.2151908,0.22562935
39.2000008,0.2300228,0.206287,0.2181549
39.2100029,0.2303709,0.2053441,0.2178575
39.2200012,0.2235365,0.2079758,0.21575615
39.2300034,0.2330997,0.2093467,0.2212232
39.2400017,0.2314497,0.2108859,0.2211678
39.25,0.2400482,0.2059104,0.2229793
39.2600021,0.2400007,0.2111339,0.2255673
39.2700005,0.2294669,0.2077516,0.21860925
39.2800026,0.2416513,0.20581,0.22373065
39.2900009,0.238795,0.2121519,0.22547345
39.3000031,0.2412154,0.210418,0.2258167
39.3100014,0.2453434,0.2152461,0.23029475
39.3200035,0.2302132,0.2204972,0.2253552
39.3300018,0.2340112,0.2116263,0.22281875
39.3400002,0.2322469,0.2128689,0.2225579
39.3500023,0.2286168,0.2173189,0.22296785
39.3600006,0.2241297,0.2198961,0.2220129
39.3700027,0.226005,0.2183568,0.2221809
39.3800011,0.2149887,0.2190505,0.2170196
39.3900032,0.2265814,0.2159238,0.2212526
39.4000015,0.2190438,0.2176737,0.21835875
39.4100037,0.2299538,0.2198396,0.2248967
39.420002,0.2270608,0.220806,0.2239334
39.4300003,0.2230547,0.2248917,0.2239732
39.4400024,0.2322985,0.2185923,0.2254454
39.4500008,0.2176214,0.2219895,0.21980545
39.4600029,0.2242922,0.2151287,0.21971045
39.4700012,0.2143948,0.2116078,0.2130013
39.4800034,0.2231504,0.2169504,0.2200504
39.4900017,0.2251588,0.2181847,0.22167175
39.5,0.2297938,0.2286934,0.2292436
39.5100021,0.2242577,0.223397,0.22382735
39.5200005,0.2291538,0.2164508,0.2228023
39.5300026,0.2246504,0.2245463,0.22459835
39.5400009,0.2304212,0.2250332,0.2277272
39.5500031,0.2134881,0.2175702,0.21552915
39.5600014,0.2146982,0.2139184,0.2143083
39.5700035,0.21177,0.2218096,0.2167898
39.5800018,0.227026,0.2221802,0.2246031
39.5900002,0.2177092,0.2269212,0.2223152
39.6000023,0.218279,0.2148861,0.21658255
39.6100006,0.2204108,0.2107783,0.21559455
39.6200027,0.2085486,0.2147412,0.2116449
39.6300011,0.2157176,0.2102206,0.2129691
39.6400032,0.216545,0.2068798,0.2117124
39.6500015,0.2219846,0.2063825,0.21418355
39.6600037,0.2151941,0.2114597,0.2133269
39.670002,0.2087177,0.219367,0.21404235
39.6800003,0.2179769,0.2152044,0.21659065
39.6900024,0.2265757,0.2159444,0.22126005
39.7000008,0.2315967,0.2057171,0.2186569
39.7100029,0.2306481,0.2146655,0.2226568
39.7200012,0.2239792,0.213276,0.2186276
39.7300034,0.2239935,0.2104092,0.21720135
39.7400017,0.2220663,0.214532,0.21829915
39.75,0.2327185,0.2160445,0.2243815
39.7600021,0.228219,0.2090609,0.21863995
39.7700005,0.2206284,0.2087982,0.2147133
39.7800026,0.2231271,0.212205,0.21766605
39.7900009,0.2300181,0.206399,0.21820855
39.8000031,0.2337897,0.2200669,0.2269283
39.8100014,0.2422457,0.2044517,0.2233487
39.8200035,0.2319823,0.2061983,0.2190903
39.8300018,0.22004,0.203615,0.2118275
39.8400002,0.2310256,0.1960837,0.21355465
39.8500023,0.2240165,0.2026367,0.2133266
39.8600006,0.2204531,0.1942828,0.20736795
39.8700027,0.2269514,0.1905105,0.20873095
39.8800011,0.2223939,0.2095051,0.2159495
39.8900032,0.2230699,0.2072126,0.21514125
39.9000015,0.2257944,0.2066727,0.21623355
39.9100037,0.2202042,0.1979312,0.2090677
39.920002,0.2216936,0.2174418,0.2195677
39.9300003,0.2311279,0.2123815,0.2217547
39.9400024,0.2206798,0.2102787,0.21547925
39.9500008,0.2318495,0.2188543,0.2253519
39.9600029,0.2264119,0.21682,0.22161595
39.9700012,0.2269415,0.2186425,0.222792
39.9800034,0.2263178,0.2226915,0.22450465
39.9900017,0.2358861,0.2173194,0.22660275
40,0.2247308,0.2155126,0.2201217
40.0100021,0.2364141,0.2188619,0.227638
40.0200005,0.2439333,0.2097278,0.22683055
40.0300026,0.2350576,0.2264069,0.23073225
40.0400009,0.2440356,0.2210001,0.23251785
40.0500031,0.2471514,0.2090156,0.2280835
40.0600014,0.2448741,0.2180307,0.2314524
40.0700035,0.2360449,0.2097442,0.22289455
40.0800018,0.2311281,0.204634,0.21788105
40.0900002,0.2351916,0.2063128,0.2207522
40.1000023,0.2202183,0.2077738,0.21399605
40.1100006,0.2423603,0.2058805,0.2241204
40.1200027,0.2409277,0.2086212,0.22477445
40.1300011,0.2409421,0.2162651,0.2286036
40.1400032,0.2294962,0.2146922,0.2220942
40.1500015,0.231757,0.2111955,0.22147625
40.1600037,0.2171903,0.2054122,0.21130125
40.170002,0.2243084,0.2043979,0.21435315
40.1800003,0.2242542,0.2088348,0.2165445
40.1900024,0.2374704,0.2147365,0.22610345
40.2000008,0.2365032,0.2078034,0.2221533
40.2100029,0.2390448,0.2103101,0.22467745
40.2200012,0.2323016,0.2087564,0.220529
40.2300034,0.2440583,0.2009493,0.2225038
40.2400017,0.2333581,0.2015207,0.2174394
40.2500038,0.238205,0.1971793,0.21769215
40.2600021,0.2445943,0.2061148,0.22535455
40.2700005,0.2362613,0.2139893,0.2251253
40.2800026,0.2238772,0.2135767,0.21872695
40.2900009,0.2233491,0.2072842,0.21531665
40.3000031,0.2290075,0.2055344,0.21727095
40.3100014,0.2419954,0.2119031,0.22694925
40.3200035,0.2357578,0.2090207,0.22238925
40.3300018,0.2380658,0.2045431,0.22130445
40.3400002,0.2414249,0.2113467,0.2263858
40.3500023,0.2410224,0.2094637,0.22524305
40.3600006,0.2338097,0.204173,0.21899135
40.3700027,0.2335089,0.2076425,0.2205757
40.3800011,0.2339415,0.2147932,0.22436735
40.3900032,0.2377343,0.2133205,0.2255274
40.4000015,0.2284034,0.2153307,0.22186705
40.4100037,0.228942,0.2167569,0.22284945
40.420002,0.2342793,0.2140992,0.22418925
40.4300003,0.2421702,0.2197864,0.2309783
40.4400024,0.2411982,0.2165012,0.2288497
40.4500008,0.2264463,0.2052166,0.21583145
40.4600029,0.2350827,0.2124724,0.22377755
40.4700012,0.235167,0.2087005,0.22193375
40.4800034,0.2246735,0.1962505,0.210462
40.4900017,0.2257334,0.2048123,0.21527285
40.5000038,0.2230405,0.2056404,0.21434045
40.5100021,0.2185326,0.199747,0.2091398
40.5200005,0.2215838,0.2078674,0.2147256
40.5300026,0.2160672,0.2144454,0.2152563
40.5400009,0.2258655,0.2073772,0.21662135
40.5500031,0.2263443,0.2057546,0.21604945
40.5600014,0.2338648,0.2073198,0.2205923
40.5700035,0.2276035,0.2055364,0.21656995
40.5800018,0.229586,0.2064124,0.2179992
40.5900002,0.2363389,0.2159009,0.2261199
40.6000023,0.2361507,0.2076459,0.2218983
40.6100006,0.2356689,0.2158137,0.2257413
40.6200027,0.2394517,0.2143736,0.22691265
40.6300011,0.2318364,0.2154201,0.22362825
40.6400032,0.2352317,0.2090639,0.2221478
40.6500015,0.2244643,0.2029438,0.21370405
40.6600037,0.2246574,0.1980156,0.2113365
40.670002,0.2324594,0.209245,0.2208522
40.6800003,0.2378847,0.2038089,0.2208468
40.6900024,0.2336612,0.1980185,0.21583985
40.7000008,0.2245128,0.1918752,0.208194
40.7100029,0.2169978,0.2027465,0.20987215
40.7200012,0.2254263,0.1978417,0.211634
40.7300034,0.2263139,0.2076009,0.2169574
40.7400017,0.2284265,0.2072006,0.21781355
40.7500038,0.2248353,0.19921,0.21202265
40.7600021,0.2272643,0.2034503,0.2153573
40.7700005,0.2259037,0.2100686,0.21798615
40.7800026,0.2188942,0.210429,0.2146616
40.7900009,0.2217438,0.2053166,0.2135302
40.8000031,0.2190475,0.2074713,0.2132594
40.8100014,0.2273395,0.2111527,0.2192461
40.8200035,0.2175667,0.2080931,0.2128299
40.8300018,0.2328254,0.1915891,0.21220725
40.8400002,0.2202969,0.2029557,0.2116263
40.8500023,0.220491,0.2052536,0.2128723
40.8600006,0.231123,0.2057739,0.21844845
40.8700027,0.2276148,0.2088486,0.2182317
40.8800011,0.2275164,0.213223,0.2203697
40.8900032,0.2224798,0.215981,0.2192304
40.9000015,0.2236614,0.2183925,0.22102695
40.9100037,0.2393697,0.2187682,0.22906895
40.920002,0.2429855,0.2243602,0.23367285
40.9300003,0.2311053,0.2248933,0.2279993
40.9400024,0.2312178,0.2221517,0.22668475
40.9500008,0.2242501,0.2090327,0.2166414
40.9600029,0.2396276,0.2185257,0.22907665
40.9700012,0.2432865,0.2119132,0.22759985
40.9800034,0.2468559,0.2057011,0.2262785
40.9900017,0.2375072,0.2098134,0.2236603
41.0000038,0.2395642,0.2163622,0.2279632
41.0100021,0.2233864,0.2129339,0.21816015
41.0200005,0.2189153,0.2153415,0.2171284
41.0300026,0.2116556,0.2170477,0.21435165
41.0400009,0.2019803,0.2173377,0.209659
41.0500031,0.2016349,0.2177989,0.2097169
41.0600014,0.2153294,0.2098491,0.21258925
41.0700035,0.2048594,0.217076,0.2109677
41.0800018,0.2063405,0.2145841,0.2104623
41.0900002,0.1947486,0.2130417,0.20389515
41.1000023,0.2105025,0.2110898,0.21079615
41.1100006,0.2066322,0.2134196,0.2100259
41.1200027,0.2074731,0.2110803,0.2092767
41.1300011,0.2016229,0.228055,0.21483895
41.1400032,0.2055851,0.2185708,0.21207795
41.1500015,0.2086714,0.2200836,0.2143775
41.1600037,0.2081612,0.2269556,0.2175584
41.170002,0.2109886,0.240442,0.2257153
41.1800003,0.2000247,0.227094,0.21355935
41.1900024,0.2173774,0.2300217,0.22369955
41.2000008,0.2178387,0.2428002,0.23031945
41.2100029,0.219667,0.2248136,0.2222403
41.2200012,0.221753,0.2228093,0.22228115
41.2300034,0.2246795,0.2237187,0.2241991
41.2400017,0.2139927,0.2326064,0.22329955
41.2500038,0.2200781,0.2253205,0.2226993
41.2600021,0.2219839,0.2276764,0.22483015
41.2700005,0.2250887,0.2170149,0.2210518
41.2800026,0.2078025,0.2213929,0.2145977
41.2900009,0.2057262,0.2220507,0.21388845
41.3000031,0.2042968,0.2156013,0.20994905
41.3100014,0.2008495,0.2212374,0.21104345
41.3200035,0.2037806,0.2183821,0.21108135
41.3300018,0.2086464,0.2097264,0.2091864
41.3400002,0.2080883,0.2099179,0.2090031
41.3500023,0.2091722,0.2253763,0.21727425
41.3600006,0.1986296,0.2130131,0.20582135
41.3700027,0.2127808,0.2258868,0.2193338
41.3800011,0.208592,0.2235987,0.21609535
41.3900032,0.2103273,0.2167205,0.2135239
41.4000015,0.2181891,0.2156687,0.2169289
41.4100037,0.2180612,0.2288898,0.2234755
41.420002,0.2194228,0.2184405,0.21893165
41.4300003,0.2063674,0.2173785,0.21187295
41.4400024,0.2178902,0.2224705,0.22018035
41.4500008,0.220821,0.2171346,0.2189778
41.4600029,0.2114773,0.2227042,0.21709075
41.4700012,0.2118697,0.2267142,0.21929195
41.4800034,0.2141428,0.2232846,0.2187137
41.4900017,0.2177005,0.2155117,0.2166061
41.5000038,0.219007,0.2146543,0.21683065
41.5100021,0.2123876,0.2110056,0.2116966
41.5200005,0.209389,0.2141078,0.2117484
41.5300026,0.2237381,0.2166828,0.22021045
41.5400009,0.2273719,0.2242522,0.22581205
41.5500031,0.2414632,0.2174621,0.22946265
41.5600014,0.2241703,0.2191581,0.2216642
41.5700035,0.2194888,0.2192255,0.21935715
41.5800018,0.2117033,0.2172075,0.2144554
41.5900002,0.2189347,0.222289,0.22061185
41.6000023,0.2106244,0.2099817,0.21030305
41.6100006,0.2191466,0.222844,0.2209953
41.6200027,0.226477,0.2124853,0.21948115
41.6300011,0.2250258,0.2129668,0.2189963
41.6400032,0.2204984,0.2260209,0.22325965
41.6500015,0.2077612,0.2181688,0.212965
41.6600037,0.205183,0.2130891,0.20913605
41.670002,0.2254371,0.2098192,0.21762815
41.6800003,0.2146523,0.2115411,0.2130967
41.6900024,0.2180379,0.2108941,0.214466
41.7000008,0.2086793,0.2099498,0.20931455
41.7100029,0.2012987,0.2169399,0.2091193
41.7200012,0.2065242,0.2138216,0.2101729
41.7300034,0.1982573,0.2017107,0.199984
41.7400017,0.2179961,0.2132018,0.21559895
41.7500038,0.2241098,0.2137097,0.21890975
41.7600021,0.2129159,0.2075402,0.21022805
41.7700005,0.209038,0.21798,0.213509
41.7800026,0.2090187,0.2166847,0.2128517
41.7900009,0.2099843,0.2115799,0.2107821
41.8000031,0.2022109,0.2068221,0.2045165
41.8100014,0.2021443,0.2230667,0.2126055
41.8200035,0.20641,0.2203521,0.21338105
41.8300018,0.21528,0.2133074,0.2142937
41.8400002,0.2151058,0.2137184,0.2144121
41.8500023,0.2218317,0.2117393,0.2167855
41.8600006,0.2047207,0.2122432,0.20848195
41.8700027,0.2041292,0.2273065,0.21571785
41.8800011,0.205132,0.2108409,0.20798645
41.8900032,0.2077379,0.2127102,0.21022405
41.9000015,0.2096052,0.2196005,0.21460285
41.9100037,0.2107688,0.2094064,0.2100876
41.920002,0.2202688,0.2194728,0.2198708
41.9300003,0.2310945,0.214639,0.22286675
41.9400024,0.2298391,0.2197622,0.22480065
41.9500008,0.2278153,0.2174964,0.22265585
41.9600029,0.2166536,0.2186435,0.21764855
41.9700012,0.2062376,0.2092803,0.20775895
41.9800034,0.2105781,0.2095371,0.2100576
41.9900017,0.2209619,0.2112038,0.21608285
42.0000038,0.219073,0.2167615,0.21791725
42.0100021,0.2125137,0.2226091,0.2175614
42.0200005,0.216988,0.2175848,0.2172864
42.0300026,0.2162064,0.2243688,0.2202876
42.0400009,0.2224773,0.2084763,0.2154768
42.0500031,0.2120917,0.2113816,0.21173665
42.0600014,0.225132,0.2150095,0.22007075
42.0700035,0.221522,0.2194636,0.2204928
42.0800018,0.2249564,0.2196624,0.2223094
42.0900002,0.2156413,0.210676,0.21315865
42.1000023,0.2159947,0.2193369,0.2176658
42.1100006,0.2200312,0.221265,0.2206481
42.1200027,0.2264671,0.2233706,0.22491885
42.1300011,0.2138402,0.2144264,0.2141333
42.1400032,0.2147597,0.2302018,0.22248075
42.1500015,0.2192733,0.2132516,0.21626245
42.1600037,0.2246696,0.2177759,0.22122275
42.170002,0.220333,0.2332339,0.22678345
42.1800003,0.2202874,0.2277592,0.2240233
42.1900024,0.2322768,0.2203226,0.2262997
42.2000008,0.2217803,0.2186761,0.2202282
42.2100029,0.2277327,0.2237079,0.2257203
42.2200012,0.2274438,0.2278013,0.22762255
42.2300034,0.2326403,0.2262925,0.2294664
42.2400017,0.2365967,0.2267312,0.23166395
42.2500038,0.2263432,0.2309407,0.22864195
42.2600021,0.2291904,0.2281358,0.2286631
42.2700005,0.2310038,0.2196586,0.2253312
42.2800026,0.2264322,0.2274357,0.22693395
42.2900009,0.2226433,0.2128915,0.2177674
42.3000031,0.2207168,0.2164085,0.21856265
42.3100014,0.2125656,0.2201801,0.21637285
42.3200035,0.2217142,0.2179952,0.2198547
42.3300018,0.2230137,0.2186431,0.2208284
42.3400002,0.2242845,0.2169226,0.22060355
42.3500023,0.223975,0.2229041,0.22343955
42.3600006,0.2180299,0.2190307,0.2185303
42.3700027,0.2145416,0.2145833,0.21456245
42.3800011,0.2123153,0.2275194,0.21991735
42.3900032,0.2211926,0.219566,0.2203793
42.4000015,0.2171006,0.2258841,0.22149235
42.4100037,0.2285505,0.2300839,0.2293172
42.420002,0.2335152,0.2098276,0.2216714
42.4300003,0.2195217,0.2155251,0.2175234
42.4400024,0.2130869,0.2256235,0.2193552
42.4500008,0.2119481,0.2163004,0.21412425
42.4600029,0.2162847,0.2256333,0.220959
42.4700012,0.2183798,0.2254943,0.22193705
42.4800034,0.2211098,0.2132719,0.21719085
42.4900017,0.2354995,0.2169383,0.2262189
42.5000038,0.2353391,0.2152895,0.2253143
42.5100021,0.2254024,0.2223886,0.2238955
42.5200005,0.2276806,0.2123192,0.2199999
42.5300026,0.2321358,0.2218498,0.2269928
42.5400009,0.2289196,0.2282717,0.22859565
42.5500031,0.2338015,0.2229927,0.2283971
42.5600014,0.2240738,0.232942,0.2285079
42.5700035,0.2138263,0.2255818,0.21970405
42.5800018,0.211931,0.2254545,0.21869275
42.5900002,0.2170851,0.2215659,0.2193255
42.6000023,0.2132029,0.2254729,0.2193379
42.6100006,0.2120542,0.2190097,0.21553195
42.6200027,0.2212829,0.2257529,0.2235179
42.6300011,0.2202279,0.225759,0.22299345
42.6400032,0.2303678,0.2320081,0.23118795
42.6500015,0.232734,0.2297791,0.23125655
42.6600037,0.2289765,0.2205845,0.2247805
42.670002,0.2362076,0.2317144,0.233961
42.6800003,0.2434023,0.2180835,0.2307429
42.6900024,0.2347857,0.2142323,0.224509
42.7000008,0.2386697,0.2158671,0.2272684
42.7100029,0.2288893,0.2176849,0.2232871
42.7200012,0.2422372,0.2237704,0.2330038
42.7300034,0.2425206,0.219044,0.2307823
42.7400017,0.2361936,0.2177591,0.22697635
42.7500038,0.2443873,0.2055383,0.2249628
42.7600021,0.2384046,0.2106444,0.2245245
42.7700005,0.2339854,0.2177685,0.22587695
42.7800026,0.2262406,0.2247999,0.22552025
42.7900009,0.2212151,0.2260793,0.2236472
42.8000031,0.2365747,0.206908,0.22174135
42.8100014,0.2279615,0.2217652,0.22486335
42.8200035,0.2289513,0.2169832,0.22296725
42.8300018,0.2274875,0.211917,0.21970225
42.8400002,0.2252935,0.2015873,0.2134404
42.8500023,0.2289376,0.2146219,0.22177975
42.8600006,0.2429262,0.2043766,0.2236514
42.8700027,0.2399167,0.2223509,0.2311338
42.8800011,0.2358698,0.2203825,0.22812615
42.8900032,0.2475569,0.2281523,0.2378546
42.9000015,0.2401572,0.2376285,0.23889285
42.9100037,0.2358891,0.2202609,0.228075
42.920002,0.2231145,0.2255395,0.224327
42.9300003,0.2247421,0.22808,0.22641105
42.9400024,0.2271333,0.2255001,0.2263167
42.9500008,0.2235013,0.2239442,0.22372275
42.9600029,0.227664,0.2269567,0.22731035
42.9700012,0.2162051,0.2282966,0.22225085
42.9800034,0.2190273,0.2224255,0.2207264
42.9900017,0.2163292,0.2159726,0.2161509
43.0000038,0.2146667,0.2211897,0.2179282
43.0100021,0.2216791,0.2204847,0.2210819
43.0200005,0.2171621,0.2176264,0.21739425
43.0300026,0.2347401,0.2218074,0.22827375
43.0400009,0.2240433,0.2257765,0.2249099
43.0500031,0.2219456,0.2325872,0.2272664
43.0600014,0.2195092,0.224345,0.2219271
43.0700035,0.2236916,0.2269407,0.22531615
43.0800018,0.2296692,0.2324926,0.2310809
43.0900002,0.22134,0.2400982,0.2307191
43.1000023,0.2280895,0.2359092,0.23199935
43.1100006,0.231732,0.2376916,0.2347118
43.1200027,0.22933,0.2257797,0.22755485
43.1300011,0.2348598,0.2326225,0.23374115
43.1400032,0.2309197,0.2235752,0.22724745
43.1500015,0.223088,0.2387544,0.2309212
43.1600037,0.2221095,0.2482805,0.235195
43.170002,0.2143065,0.2333267,0.2238166
43.1800003,0.2218145,0.2241791,0.2229968
43.1900024,0.2175086,0.2348795,0.22619405
43.2000008,0.219934,0.2300533,0.22499365
43.2100029,0.2129449,0.2317012,0.22232305
43.2200012,0.22053,0.2238621,0.22219605
43.2300034,0.2254618,0.2264063,0.22593405
43.2400017,0.2301551,0.2170681,0.2236116
43.2500038,0.2160266,0.2278442,0.2219354
43.2600021,0.2242457,0.2268115,0.2255286
43.2700005,0.2172296,0.2282294,0.2227295
43.2800026,0.2107079,0.2316967,0.2212023
43.2900009,0.2229571,0.2354246,0.22919085
43.3000031,0.2320919,0.2300785,0.2310852
43.3100014,0.2125365,0.2281494,0.22034295
43.3200035,0.2187316,0.2228334,0.2207825
43.3300018,0.2144868,0.2223289,0.21840785
43.3400002,0.2173122,0.228075,0.2226936
43.3500023,0.2139785,0.2256686,0.21982355
43.3600006,0.2185223,0.2240729,0.2212976
43.3700027,0.2262094,0.2181674,0.2221884
43.3800011,0.2136374,0.217676,0.2156567
43.3900032,0.2188325,0.2244549,0.2216437
43.4000015,0.2233026,0.2246978,0.2240002
43.4100037,0.2218016,0.2183176,0.2200596
43.420002,0.2132598,0.2101637,0.21171175
43.4300003,0.2111324,0.2210373,0.21608485
43.4400024,0.2097375,0.2069274,0.20833245
43.4500008,0.2119874,0.2110519,0.21151965
43.4600029,0.207729,0.2064321,0.20708055
43.4700012,0.2242609,0.2118112,0.21803605
43.4800034,0.2248003,0.214331,0.21956565
43.4900017,0.2204189,0.2106908,0.21555485
43.5000038,0.2309304,0.2068394,0.2188849
43.5100021,0.228284,0.2123076,0.2202958
43.5200005,0.2317313,0.2302668,0.23099905
43.5300026,0.2287357,0.2210536,0.22489465
43.5400009,0.2246606,0.2151606,0.2199106
43.5500031,0.2294103,0.2224811,0.2259457
43.5600014,0.2313456,0.225284,0.2283148
43.5700035,0.2292656,0.228629,0.2289473
43.5800018,0.227696,0.217016,0.222356
43.590004,0.2149224,0.2216229,0.21827265
43.6000023,0.2173493,0.2156563,0.2165028
43.6100006,0.2260837,0.2241466,0.22511515
43.6200027,0.2166342,0.2196498,0.218142
43.6300011,0.2061982,0.2092944,0.2077463
43.6400032,0.2271839,0.2250424,0.22611315
43.6500015,0.2234396,0.2263615,0.22490055
43.6600037,0.2180203,0.2196391,0.2188297
43.670002,0.2267082,0.2124251,0.21956665
43.6800003,0.2250196,0.212676,0.2188478
43.6900024,0.2273079,0.2110874,0.21919765
43.7000008,0.2423659,0.2061076,0.22423675
43.7100029,0.221757,0.2139484,0.2178527
43.7200012,0.23106,0.211799,0.2214295
43.7300034,0.2283532,0.2162818,0.2223175
43.7400017,0.2305871,0.2214199,0.2260035
43.7500038,0.2306924,0.2162862,0.2234893
43.7600021,0.2253024,0.2227698,0.2240361
43.7700005,0.2264121,0.2140664,0.22023925
43.7800026,0.218587,0.205378,0.2119825
43.7900009,0.2311072,0.2086523,0.21987975
43.8000031,0.2282663,0.2160443,0.2221553
43.8100014,0.2325258,0.2170409,0.22478335
43.8200035,0.2308346,0.2287802,0.2298074
43.8300018,0.2262403,0.2182266,0.22223345
43.840004,0.2217062,0.2088256,0.2152659
43.8500023,0.2328221,0.2173026,0.22506235
43.8600006,0.2313147,0.2142527,0.2227837
43.8700027,0.2318987,0.2196264,0.22576255
43.8800011,0.2428013,0.2167896,0.22979545
43.8900032,0.235995,0.2185762,0.2272856
43.9000015,0.2327459,0.2081322,0.22043905
43.9100037,0.2309252,0.206016,0.2184706
43.920002,0.2268059,0.2172884,0.22204715
43.9300003,0.2262028,0.2178973,0.22205005
43.9400024,0.2197242,0.2131159,0.21642005
43.9500008,0.2313793,0.2227753,0.2270773
43.9600029,0.2262465,0.2194192,0.22283285
43.9700012,0.2367111,0.2114254,0.22406825
43.9800034,0.2344971,0.2106154,0.22255625
43.9900017,0.2458549,0.2128904,0.22937265
44.0000038,0.2479193,0.2167475,0.2323334
44.0100021,0.2387978,0.2199042,0.229351
44.0200005,0.2425302,0.2078601,0.22519515
44.0300026,0.2386986,0.2120021,0.22535035
44.0400009,0.2409003,0.2160588,0.22847955
44.0500031,0.2297682,0.2150769,0.22242255
44.0600014,0.2370573,0.2026664,0.21986185
44.0700035,0.2293934,0.216382,0.2228877
44.0800018,0.218745,0.2116677,0.21520635
44.090004,0.2212696,0.2181005,0.21968505
44.1000023,0.2347398,0.2162567,0.22549825
44.1100006,0.2329585,0.2141479,0.2235532
44.1200027,0.232151,0.215882,0.2240165
44.1300011,0.2302932,0.2124141,0.22135365
44.1400032,0.2287177,0.211564,0.22014085
44.1500015,0.2144839,0.2150553,0.2147696
44.1600037,0.2201812,0.2097037,0.21494245
44.170002,0.228029,0.2084333,0.21823115
44.1800003,0.2286873,0.2133051,0.2209962
44.1900024,0.2303229,0.2084856,0.21940425
44.2000008,0.2313913,0.2147819,0.2230866
44.2100029,0.2294013,0.2177832,0.22359225
44.2200012,0.2153348,0.2072569,0.21129585
44.2300034,0.2211588,0.2061581,0.21365845
44.2400017,0.2241725,0.2076234,0.21589795
44.2500038,0.2234675,0.2110302,0.21724885
44.2600021,0.2434538,0.2117168,0.2275853
44.2700005,0.2380805,0.2056493,0.2218649
44.2800026,0.2473664,0.1970155,0.22219095
44.2900009,0.2266064,0.201703,0.2141547
44.3000031,0.236973,0.2026306,0.2198018
44.3100014,0.2275978,0.2012407,0.21441925
44.3200035,0.2368091,0.1977157,0.2172624
44.3300018,0.2475785,0.2030679,0.2253232
44.340004,0.2459703,0.205228,0.22559915
44.3500023,0.2394292,0.2005194,0.2199743
44.3600006,0.2361952,0.201096,0.2186456
44.3700027,0.2280343,0.2044152,0.21622475
44.3800011,0.2222193,0.2023913,0.2123053
44.3900032,0.223281,0.2082875,0.21578425
44.4000015,0.2275829,0.2015877,0.2145853
44.4100037,0.2383718,0.2111109,0.22474135
44.420002,0.2366592,0.2007101,0.21868465
44.4300003,0.250309,0.2008386,0.2255738
44.4400024,0.2421533,0.2002355,0.2211944
44.4500008,0.2443221,0.1989921,0.2216571
44.4600029,0.2399814,0.2010925,0.22053695
44.4700012,0.2501671,0.2005568,0.22536195
44.4800034,0.2481407,0.1992408,0.22369075
44.4900017,0.240127,0.206221,0.223174
44.5000038,0.2415989,0.2104781,0.2260385
44.5100021,0.2522638,0.2066253,0.22944455
44.5200005,0.2433941,0.2062083,0.2248012
44.5300026,0.2446633,0.2041741,0.2244187
44.5400009,0.2384337,0.2004451,0.2194394
44.5500031,0.2307664,0.2093456,0.220056
44.5600014,0.2456461,0.2116619,0.228654
44.5700035,0.2419272,0.2157245,0.22882585
44.5800018,0.2465769,0.2032971,0.224937
44.590004,0.2655852,0.2124181,0.23900165
44.6000023,0.2522935,0.2080618,0.23017765
44.6100006,0.2489354,0.2096334,0.2292844
44.6200027,0.2369464,0.2132493,0.22509785
44.6300011,0.2509365,0.2166936,0.23381505
44.6400032,0.2539284,0.2204552,0.2371918
44.6500015,0.2562395,0.211048,0.23364375
44.6600037,0.2550861,0.2094488,0.23226745
44.670002,0.2477682,0.2123407,0.23005445
44.6800003,0.2595997,0.2033464,0.23147305
44.6900024,0.2524175,0.1986855,0.2255515
44.7000008,0.2504844,0.1994186,0.2249515
44.7100029,0.2511746,0.2108779,0.23102625
44.7200012,0.2371684,0.2071214,0.2221449
44.7300034,0.2334109,0.2151236,0.22426725
44.7400017,0.2395152,0.2166459,0.22808055
44.7500038,0.2358699,0.2094425,0.2226562
44.7600021,0.2357601,0.204124,0.21994205
44.7700005,0.2510647,0.2113384,0.23120155
44.7800026,0.2478976,0.20761,0.2277538
44.7900009,0.2478861,0.214232,0.23105905
44.8000031,0.2459343,0.2164661,0.2312002
44.8100014,0.2540928,0.2166505,0.23537165
44.8200035,0.2445402,0.2192556,0.2318979
44.8300018,0.2367493,0.2071734,0.22196135
44.840004,0.2409474,0.2140542,0.2275008
44.8500023,0.2347734,0.2120691,0.22342125
44.8600006,0.2382987,0.2142389,0.2262688
44.8700027,0.226004,0.2173799,0.22169195
44.8800011,0.2320615,0.2078572,0.21995935
44.8900032,0.2323177,0.2149647,0.2236412
44.9000015,0.2277111,0.2183463,0.2230287
44.9100037,0.241589,0.2104265,0.22600775
44.920002,0.2350501,0.2210545,0.2280523
44.9300003,0.2388772,0.2143953,0.22663625
44.9400024,0.2491546,0.2043989,0.22677675
44.9500008,0.2664113,0.2079054,0.23715835
44.9600029,0.2693745,0.2080957,0.2387351
44.9700012,0.2581175,0.210254,0.23418575
44.9800034,0.249537,0.2113796,0.2304583
44.9900017,0.2443657,0.2052338,0.22479975
45.0000038,0.2529874,0.2027419,0.22786465
45.0100021,0.2562382,0.202577,0.2294076
45.0200005,0.2573518,0.2061567,0.23175425
45.0300026,0.2495792,0.2053081,0.22744365
45.0400009,0.2453548,0.2024378,0.2238963
45.0500031,0.2563919,0.2113547,0.2338733
45.0600014,0.2468439,0.2178412,0.23234255
45.0700035,0.234476,0.2146273,0.22455165
45.0800018,0.241497,0.2082725,0.22488475
45.090004,0.2465436,0.2064357,0.22648965
45.1000023,0.2319741,0.2005548,0.21626445
45.1100006,0.2369072,0.1987059,0.21780655
45.1200027,0.2389656,0.2140103,0.22648795
45.1300011,0.2447777,0.2043192,0.22454845
45.1400032,0.2396591,0.2136951,0.2266771
45.1500015,0.2362565,0.2095341,0.2228953
45.1600037,0.2452382,0.1984398,0.221839
45.170002,0.2394733,0.2052957,0.2223845
45.1800003,0.2429248,0.2077644,0.2253446
45.1900024,0.2381709,0.2102978,0.22423435
45.2000008,0.2399447,0.2062649,0.2231048
45.2100029,0.2339547,0.2168578,0.22540625
45.2200012,0.2369676,0.2085489,0.22275825
45.2300034,0.2367579,0.2098986,0.22332825
45.2400017,0.2377003,0.2036592,0.22067975
45.2500038,0.228667,0.2109609,0.21981395
45.2600021,0.2342747,0.210959,0.22261685
45.2700005,0.2374438,0.2054793,0.22146155
45.2800026,0.2396761,0.2051778,0.22242695
45.2900009,0.2396239,0.206471,0.22304745
45.3000031,0.2247611,0.2129288,0.21884495
45.3100014,0.2230139,0.2063253,0.2146696
45.3200035,0.2309333,0.2121703,0.2215518
45.3300018,0.2362312,0.2192812,0.2277562
45.340004,0.2254751,0.2253494,0.22541225
45.3500023,0.2240512,0.2159093,0.21998025
45.3600006,0.2304981,0.2109323,0.2207152
45.3700027,0.2181103,0.2089138,0.21351205
45.3800011,0.2271758,0.2019368,0.2145563
45.3900032,0.2287111,0.2062932,0.21750215
45.4000015,0.231133,0.2041539,0.21764345
45.4100037,0.2310741,0.2166331,0.2238536
45.420002,0.2365777,0.2077069,0.2221423
45.4300003,0.2417021,0.2005823,0.2211422
45.4400024,0.2401525,0.2100904,0.22512145
45.4500008,0.2367552,0.2066234,0.2216893
45.4600029,0.2302692,0.2044466,0.2173579
45.4700012,0.2282079,0.2033585,0.2157832
45.4800034,0.2225958,0.208353,0.2154744
45.4900017,0.2287523,0.2071413,0.2179468
45.5000038,0.2301708,0.2170295,0.22360015
45.5100021,0.2253421,0.2186043,0.2219732
45.5200005,0.2166289,0.2096349,0.2131319
45.5300026,0.2030319,0.2119959,0.2075139
45.5400009,0.2110726,0.2111489,0.21111075
45.5500031,0.216571,0.2103807,0.21347585
45.5600014,0.2230853,0.2034413,0.2132633
45.5700035,0.2056064,0.2141087,0.20985755
45.5800018,0.208576,0.210063,0.2093195
45.590004,0.2124584,0.2102142,0.2113363
45.6000023,0.2032539,0.2069201,0.205087
45.6100006,0.2078471,0.2055559,0.2067015
45.6200027,0.2060459,0.2124559,0.2092509
45.6300011,0.2071988,0.2126804,0.2099396
45.6400032,0.2087308,0.2099543,0.20934255
45.6500015,0.2001754,0.2078681,0.20402175
45.6600037,0.2119636,0.1988223,0.20539295
45.670002,0.2190387,0.2079789,0.2135088
45.6800003,0.2047143,0.1914857,0.1981
45.6900024,0.2021177,0.1995275,0.2008226
45.7000008,0.1947664,0.2004463,0.19760635
45.7100029,0.2068966,0.1978699,0.20238325
45.7200012,0.2131189,0.1928883,0.2030036
45.7300034,0.2060469,0.2004592,0.20325305
45.7400017,0.2059267,0.2090695,0.2074981
45.7500038,0.2042903,0.2117983,0.2080443
45.7600021,0.2029133,0.2090883,0.2060008
45.7700005,0.2079066,0.2053507,0.20662865
45.7800026,0.2060755,0.1961945,0.201135
45.7900009,0.2110804,0.2124449,0.21176265
45.8000031,0.2046592,0.2086689,0.20666405
45.8100014,0.2014723,0.209538,0.20550515
45.8200035,0.2073229,0.2083588,0.20784085
45.8300018,0.2096152,0.2090841,0.20934965
45.840004,0.2110301,0.2080295,0.2095298
45.8500023,0.2040648,0.2015401,0.20280245
45.8600006,0.2087651,0.2022513,0.2055082
45.8700027,0.2128096,0.2033336,0.2080716
45.8800011,0.2280264,0.2055875,0.21680695
45.8900032,0.2253161,0.2111631,0.2182396
45.9000015,0.223586,0.2015758,0.2125809
45.9100037,0.2280762,0.2039292,0.2160027
45.920002,0.2251218,0.2041129,0.21461735
45.9300003,0.2201829,0.2117025,0.2159427
45.9400024,0.2206262,0.2186597,0.21964295
45.9500008,0.2094266,0.2123086,0.2108676
45.9600029,0.2176476,0.1999751,0.20881135
45.9700012,0.2123082,0.2062923,0.20930025
45.9800034,0.2173681,0.2123524,0.21486025
45.9900017,0.2124227,0.2120875,0.2122551
46.0000038,0.2179158,0.2156914,0.2168036
46.0100021,0.2040329,0.2102138,0.20712335
46.0200005,0.2035759,0.2131012,0.20833855
46.0300026,0.2061582,0.2177846,0.2119714
46.0400009,0.2154016,0.2093836,0.2123926
46.0500031,0.2307319,0.1974256,0.21407875
46.0600014,0.2275752,0.2170466,0.2223109
46.0700035,0.2129908,0.2104906,0.2117407
46.0800018,0.2075113,0.2090205,0.2082659
46.090004,0.2165937,0.2081501,0.2123719
46.1000023,0.2069946,0.2103494,0.208672
46.1100006,0.2110483,0.2015975,0.2063229
46.1200027,0.223736,0.2069597,0.21534785
46.1300011,0.2275694,0.2029202,0.2152448
46.1400032,0.2200061,0.2092578,0.21463195
46.1500015,0.2246746,0.2174255,0.22105005
46.1600037,0.226498,0.2071481,0.21682305
46.170002,0.2354637,0.2021346,0.21879915
46.1800003,0.2272151,0.2076548,0.21743495
46.1900024,0.2292077,0.2118078,0.22050775
46.2000008,0.2266776,0.1999335,0.21330555
46.2100029,0.2368533,0.20161,0.21923165
46.2200012,0.2319797,0.2034291,0.2177044
46.2300034,0.2242159,0.2034591,0.2138375
46.2400017,0.2283576,0.2074373,0.21789745
46.2500038,0.2341153,0.2112341,0.2226747
46.2600021,0.2307905,0.2132021,0.2219963
46.2700005,0.2125435,0.2232361,0.2178898
46.2800026,0.2220324,0.2188232,0.2204278
46.2900009,0.2107701,0.2329516,0.22186085
46.3000031,0.2107784,0.2304754,0.2206269
46.3100014,0.2213771,0.2280404,0.22470875
46.3200035,0.2233799,0.2183767,0.2208783
46.3300018,0.2145784,0.2211878,0.2178831
46.340004,0.2218209,0.2154537,0.2186373
46.3500023,0.2269845,0.2156731,0.2213288
46.3600006,0.2310972,0.2194144,0.2252558
46.3700027,0.2172715,0.212979,0.21512525
46.3800011,0.2233193,0.2235206,0.22341995
46.3900032,0.2183302,0.2175148,0.2179225
46.4000015,0.2206975,0.2126822,0.21668985
46.4100037,0.2239588,0.2175032,0.220731
46.420002,0.2314427,0.2190834,0.22526305
46.4300003,0.2228886,0.2197091,0.22129885
46.4400024,0.2367509,0.2232284,0.22998965
46.4500008,0.2332609,0.2163223,0.2247916
46.4600029,0.2313195,0.2148121,0.2230658
46.4700012,0.2316592,0.2083325,0.21999585
46.4800034,0.2315514,0.2033084,0.2174299
46.4900017,0.2307753,0.2110276,0.22090145
46.5000038,0.2321212,0.2184728,0.225297
46.5100021,0.229215,0.2126978,0.2209564
46.5200005,0.2208247,0.2147897,0.2178072
46.5300026,0.2253581,0.2220075,0.2236828
46.5400009,0.2321157,0.2160955,0.2241056
46.5500031,0.2302054,0.2309074,0.2305564
46.5600014,0.2279861,0.22798,0.22798305
46.5700035,0.2282983,0.2287821,0.2285402
46.5800018,0.2233647,0.2340652,0.22871495
46.590004,0.2174426,0.2242086,0.2208256
46.6000023,0.224509,0.2227633,0.22363615
46.6100006,0.229693,0.2222024,0.2259477
46.6200027,0.2231069,0.2179813,0.2205441
46.6300011,0.2201031,0.2181139,0.2191085
46.6400032,0.2251946,0.2106918,0.2179432
46.6500015,0.2189976,0.2184269,0.21871225
46.6600037,0.2222845,0.2140266,0.21815555
46.670002,0.2317499,0.2118735,0.2218117
46.6800041,0.2355987,0.2239315,0.2297651
46.6900024,0.2287432,0.2205987,0.22467095
46.7000008,0.2352015,0.2222581,0.2287298
46.7100029,0.2301463,0.222227,0.22618665
46.7200012,0.2381478,0.2164799,0.22731385
46.7300034,0.2445779,0.2250325,0.2348052
46.7400017,0.246966,0.2173615,0.23216375
46.7500038,0.2431358,0.2152091,0.22917245
46.7600021,0.2481011,0.2202128,0.23415695
46.7700005,0.2372971,0.211369,0.22433305
46.7800026,0.2332799,0.216471,0.22487545
46.7900009,0.2409416,0.2069004,0.223921
46.8000031,0.2373969,0.2086074,0.22300215
46.8100014,0.2360307,0.2208078,0.22841925
46.8200035,0.2353359,0.2173908,0.22636335
46.8300018,0.236218,0.2080456,0.2221318
46.840004,0.2360508,0.2088866,0.2224687
46.8500023,0.2401624,0.2161323,0.22814735
46.8600006,0.2350113,0.2162383,0.2256248
46.8700027,0.2363721,0.2221539,0.229263
46.8800011,0.2282086,0.2211099,0.22465925
46.8900032,0.2344933,0.2192533,0.2268733
46.9000015,0.2446182,0.2355895,0.24010385
46.9100037,0.2314272,0.2283254,0.2298763
46.920002,0.2247756,0.2214021,0.22308885
46.9300041,0.2392755,0.2285271,0.2339013
46.9400024,0.2313805,0.2282611,0.2298208
46.9500008,0.2354839,0.2148097,0.2251468
46.9600029,0.2227697,0.2280083,0.225389
46.9700012,0.2376111,0.2182222,0.22791665
46.9800034,0.2337779,0.2143915,0.2240847
46.9900017,0.2400906,0.2204411,0.23026585
47.0000038,0.2384359,0.2228993,0.2306676
47.0100021,0.2343367,0.2254873,0.229912
47.0200005,0.2324827,0.2322037,0.2323432
47.0300026,0.2333532,0.23605,0.2347016
47.0400009,0.23041,0.2257514,0.2280807
47.0500031,0.2348325,0.2217242,0.22827835
47.0600014,0.2358803,0.2306775,0.2332789
47.0700035,0.2339378,0.2300828,0.2320103
47.0800018,0.2349854,0.2240614,0.2295234
47.090004,0.2384502,0.2307523,0.23460125
47.1000023,0.2344177,0.2219381,0.2281779
47.1100006,0.2522885,0.2203368,0.23631265
47.1200027,0.2451185,0.2312591,0.2381888
47.1300011,0.2578399,0.2214596,0.23964975
47.1400032,0.2585242,0.2283421,0.24343315
47.1500015,0.2531498,0.2391058,0.2461278
47.1600037,0.2550113,0.2304017,0.2427065
47.170002,0.2379324,0.2258062,0.2318693
47.1800041,0.2486908,0.2292817,0.23898625
47.1900024,0.2413657,0.2461304,0.24374805
47.2000008,0.2332509,0.2383312,0.23579105
47.2100029,0.2447818,0.232036,0.2384089
47.2200012,0.2223366,0.2316088,0.2269727
47.2300034,0.2305277,0.221538,0.22603285
47.2400017,0.2214192,0.225363,0.2233911
47.2500038,0.2220648,0.2323833,0.22722405
47.2600021,0.2306228,0.2336581,0.23214045
47.2700005,0.2265185,0.236421,0.23146975
47.2800026,0.2261132,0.2307539,0.22843355
47.2900009,0.2357514,0.2244811,0.23011625
47.3000031,0.2249768,0.2235953,0.22428605
47.3100014,0.2318758,0.2290105,0.23044315
47.3200035,0.2427406,0.2221037,0.23242215
47.3300018,0.2327831,0.2306447,0.2317139
47.340004,0.2234726,0.2301773,0.22682495
47.3500023,0.2158788,0.2278304,0.2218546
47.3600006,0.2275388,0.2253249,0.22643185
47.3700027,0.2219604,0.2253609,0.22366065
47.3800011,0.2179451,0.2150566,0.21650085
47.3900032,0.2225916,0.2203343,0.22146295
47.4000015,0.2249328,0.2212873,0.22311005
47.4100037,0.2230162,0.2337334,0.2283748
47.420002,0.2399715,0.2189802,0.22947585
47.4300041,0.2398141,0.2215388,0.23067645
47.4400024,0.2332195,0.2288345,0.231027
47.4500008,0.2293404,0.2236383,0.22648935
47.4600029,0.2374383,0.2214256,0.22943195
47.4700012,0.2379975,0.2167934,0.22739545
47.4800034,0.2501272,0.2185525,0.23433985
47.4900017,0.2507277,0.2155538,0.23314075
47.5000038,0.2460586,0.2089895,0.22752405
47.5100021,0.2514044,0.2070588,0.2292316
47.5200005,0.245074,0.2138153,0.22944465
47.5300026,0.2467124,0.2203558,0.2335341
47.5400009,0.2295065,0.2098763,0.2196914
47.5500031,0.2326208,0.2163187,0.22446975
47.5600014,0.245713,0.2139082,0.2298106
47.5700035,0.2428409,0.2126752,0.22775805
47.5800018,0.2392032,0.2148094,0.2270063
47.590004,0.2467933,0.2195955,0.2331944
47.6000023,0.2424527,0.2256793,0.234066
47.6100006,0.2378887,0.2290956,0.23349215
47.6200027,0.2431035,0.2268106,0.23495705
47.6300011,0.2355685,0.2325529,0.2340607
47.6400032,0.2478036,0.2276174,0.2377105
47.6500015,0.2522943,0.2267703,0.2395323
47.6600037,0.2525137,0.2324424,0.24247805
47.670002,0.2495861,0.2210105,0.2352983
47.6800041,0.2453307,0.2251817,0.2352562
47.6900024,0.2442206,0.2297304,0.2369755
47.7000008,0.2563137,0.2270212,0.24166745
47.7100029,0.2545926,0.226225,0.2404088
47.7200012,0.2577414,0.2262776,0.2420095
47.7300034,0.2545263,0.2322399,0.2433831
47.7400017,0.2446498,0.2321451,0.23839745
47.7500038,0.2493282,0.2232292,0.2362787
47.7600021,0.2585126,0.2125043,0.23550845
47.7700005,0.2454635,0.2227211,0.2340923
47.7800026,0.2489265,0.2252614,0.23709395
47.7900009,0.2454729,0.2179767,0.2317248
47.8000031,0.2436027,0.2285969,0.2360998
47.8100014,0.2511765,0.2281612,0.23966885
47.8200035,0.2555341,0.2338108,0.24467245
47.8300018,0.2489763,0.232334,0.24065515
47.840004,0.2463333,0.2353787,0.240856
47.8500023,0.2454903,0.2407883,0.2431393
47.8600006,0.2618749,0.2304285,0.2461517
47.8700027,0.2510202,0.2283244,0.2396723
47.8800011,0.2586167,0.235572,0.24709435
47.8900032,0.2522566,0.2437092,0.2479829
47.9000015,0.2347699,0.2376347,0.2362023
47.9100037,0.2570506,0.2384752,0.2477629
47.920002,0.2465244,0.2415651,0.24404475
47.9300041,0.2497849,0.2287963,0.2392906
47.9400024,0.2420808,0.2350713,0.23857605
47.9500008,0.2425802,0.2322033,0.23739175
47.9600029,0.2431912,0.2283968,0.235794
47.9700012,0.2457221,0.2203074,0.23301475
47.9800034,0.2353597,0.224904,0.23013185
47.9900017,0.2377991,0.225349,0.23157405
48.0000038,0.2470941,0.2226566,0.23487535
48.0100021,0.2508606,0.2211398,0.2360002
48.0200005,0.2438075,0.2356134,0.23971045
48.0300026,0.2489161,0.2303033,0.2396097
48.0400009,0.2356903,0.2200204,0.22785535
48.0500031,0.247141,0.224863,0.236002
48.0600014,0.2393198,0.2255253,0.23242255
48.0700035,0.2413991,0.2246173,0.2330082
48.0800018,0.2404281,0.2227433,0.2315857
48.090004,0.254211,0.2217068,0.2379589
48.1000023,0.2526883,0.222467,0.23757765
48.1100006,0.2421318,0.2253615,0.23374665
48.1200027,0.2423847,0.2158451,0.2291149
48.1300011,0.2439886,0.2106276,0.2273081
48.1400032,0.2346599,0.2131592,0.22390955
48.1500015,0.232814,0.2098044,0.2213092
48.1600037,0.2318797,0.2228569,0.2273683
48.170002,0.2421966,0.2223243,0.23226045
48.1800041,0.2368518,0.2218571,0.22935445
48.1900024,0.2328627,0.2168091,0.2248359
48.2000008,0.231365,0.2201514,0.2257582
48.2100029,0.2397085,0.2138682,0.22678835
48.2200012,0.2333988,0.2204015,0.22690015
48.2300034,0.227612,0.2194633,0.22353765
48.2400017,0.2276396,0.2234403,0.22553995
48.2500038,0.2244805,0.2291275,0.226804
48.2600021,0.2349391,0.2319112,0.23342515
48.2700005,0.2344483,0.2249559,0.2297021
48.2800026,0.2458448,0.2268233,0.23633405
48.2900009,0.2324989,0.2229338,0.22771635
48.3000031,0.2373685,0.2299464,0.23365745
48.3100014,0.231699,0.2203219,0.22601045
48.3200035,0.2450683,0.2164818,0.23077505
48.3300018,0.2324007,0.2205443,0.2264725
48.340004,0.2204688,0.2138373,0.21715305
48.3500023,0.2161164,0.2262364,0.2211764
48.3600006,0.2288798,0.2257493,0.22731455
48.3700027,0.2321301,0.2280152,0.23007265
48.3800011,0.2137117,0.2208025,0.2172571
48.3900032,0.2240755,0.2228548,0.22346515
48.4000015,0.2301881,0.2228012,0.22649465
48.4100037,0.217161,0.2183586,0.2177598
48.420002,0.2205478,0.2137341,0.21714095
48.4300041,0.2271745,0.2128537,0.2200141
48.4400024,0.2415226,0.2143919,0.22795725
48.4500008,0.2340691,0.2064055,0.2202373
48.4600029,0.2371292,0.2118451,0.22448715
48.4700012,0.2370102,0.2181893,0.22759975
48.4800034,0.2151995,0.2172209,0.2162102
48.4900017,0.2164222,0.2192089,0.21781555
48.5000038,0.2202115,0.2226274,0.22141945
48.5100021,0.2150787,0.2240054,0.21954205
48.5200005,0.2164757,0.2241357,0.2203057
48.5300026,0.2137733,0.2186894,0.21623135
48.5400009,0.2183958,0.2240984,0.2212471
48.5500031,0.2153656,0.210165,0.2127653
48.5600014,0.2235541,0.2110867,0.2173204
48.5700035,0.217147,0.2128536,0.2150003
48.5800018,0.2142709,0.2248069,0.2195389
48.590004,0.2206716,0.2285622,0.2246169
48.6000023,0.220948,0.2279472,0.2244476
48.6100006,0.2285299,0.2284545,0.2284922
48.6200027,0.2117437,0.2245913,0.2181675
48.6300011,0.2253794,0.2292313,0.22730535
48.6400032,0.2310008,0.2345119,0.23275635
48.6500015,0.2431149,0.2245201,0.2338175
48.6600037,0.2446179,0.2244886,0.23455325
48.670002,0.2408956,0.2260358,0.2334657
48.6800041,0.2315923,0.2249059,0.2282491
48.6900024,0.2366661,0.2350398,0.23585295
48.7000008,0.2403637,0.2323622,0.23636295
48.7100029,0.2408924,0.235276,0.2380842
48.7200012,0.2394504,0.2383556,0.238903
48.7300034,0.2319289,0.2394792,0.23570405
48.7400017,0.2416166,0.2279334,0.234775
48.7500038,0.2457867,0.2221999,0.2339933
48.7600021,0.2471905,0.2306539,0.2389222
48.7700005,0.2422641,0.2218749,0.2320695
48.7800026,0.229623,0.2215775,0.22560025
48.7900009,0.2344839,0.2215081,0.227996
48.8000031,0.2369099,0.2154644,0.22618715
48.8100014,0.2299528,0.2267522,0.2283525
48.8200035,0.2323093,0.2216399,0.2269746
48.8300018,0.2337056,0.2214014,0.2275535
48.840004,0.2422948,0.2158085,0.22905165
48.8500023,0.2460376,0.2163786,0.2312081
48.8600006,0.2366201,0.2176411,0.2271306
48.8700027,0.2361528,0.2081757,0.22216425
48.8800011,0.2291524,0.2182833,0.22371785
48.8900032,0.2182698,0.219686,0.2189779
48.9000015,0.2324135,0.2182544,0.22533395
48.9100037,0.2240492,0.2234364,0.2237428
48.920002,0.2274696,0.2266463,0.22705795
48.9300041,0.23893,0.220631,0.2297805
48.9400024,0.2330273,0.2142458,0.22363655
48.9500008,0.2411082,0.2188076,0.2299579
48.9600029,0.2387781,0.2202758,0.22952695
48.9700012,0.2335467,0.216358,0.22495235
48.9800034,0.2334682,0.2169106,0.2251894
48.9900017,0.2295856,0.2219028,0.2257442
49.0000038,0.232133,0.2165639,0.22434845
49.0100021,0.2287401,0.2290565,0.2288983
49.0200005,0.243984,0.2214713,0.23272765
49.0300026,0.2279747,0.2280671,0.2280209
49.0400009,0.2311195,0.2219763,0.2265479
49.0500031,0.2304197,0.2218757,0.2261477
49.0600014,0.2271813,0.2143856,0.22078345
49.0700035,0.2182468,0.2160905,0.21716865
49.0800018,0.2286106,0.2209055,0.22475805
49.090004,0.2259468,0.2180181,0.22198245
49.1000023,0.2245452,0.2190592,0.2218022
49.1100006,0.2467298,0.2202852,0.2335075
49.1200027,0.2405366,0.2305568,0.2355467
49.1300011,0.236385,0.2333651,0.23487505
49.1400032,0.2355782,0.2160178,0.225798
49.1500015,0.2328853,0.2234139,0.2281496
49.1600037,0.2327187,0.221482,0.22710035
49.170002,0.2192369,0.2179161,0.2185765
49.1800041,0.2410877,0.2096964,0.22539205
49.1900024,0.2340063,0.2197735,0.2268899
49.2000008,0.2386115,0.2176661,0.2281388
49.2100029,0.2342419,0.2205577,0.2273998
49.2200012,0.2363742,0.2144573,0.22541575
49.2300034,0.2327553,0.219931,0.22634315
49.2400017,0.2313221,0.2239483,0.2276352
49.2500038,0.2355339,0.2308155,0.2331747
49.2600021,0.2384741,0.2216367,0.2300554
49.2700005,0.2381574,0.2131503,0.22565385
49.2800026,0.2402097,0.2196677,0.2299387
49.2900009,0.2276639,0.2105756,0.21911975
49.3000031,0.2289233,0.2113517,0.2201375
49.3100014,0.2267508,0.2063326,0.2165417
49.3200035,0.236987,0.2198881,0.22843755
49.3300018,0.242662,0.212113,0.2273875
49.340004,0.2512258,0.205757,0.2284914
49.3500023,0.2435131,0.210826,0.22716955
49.3600006,0.2497911,0.2115007,0.2306459
49.3700027,0.2346069,0.210798,0.22270245
49.3800011,0.2482392,0.2129587,0.23059895
49.3900032,0.240208,0.2181237,0.22916585
49.4000015,0.2392124,0.2129541,0.22608325
49.4100037,0.2352147,0.2268509,0.2310328
49.420002,0.2319079,0.2096923,0.2208001
49.4300041,0.2257655,0.2218095,0.2237875
49.4400024,0.2262425,0.2162958,0.22126915
49.4500008,0.2227162,0.2134011,0.21805865
49.4600029,0.2306902,0.2172678,0.223979
49.4700012,0.2331741,0.2168263,0.2250002
49.4800034,0.2303983,0.2139028,0.22215055
49.4900017,0.2406701,0.216705,0.22868755
49.5000038,0.2244761,0.216144,0.22031005
49.5100021,0.2356206,0.2074156,0.2215181
49.5200005,0.2324438,0.2141927,0.22331825
49.5300026,0.2331453,0.2113743,0.2222598
49.5400009,0.2302696,0.2121808,0.2212252
49.5500031,0.229275,0.2057027,0.21748885
49.5600014,0.2307178,0.2044259,0.21757185
49.5700035,0.2373069,0.2113646,0.22433575
49.5800018,0.2245151,0.2133164,0.21891575
49.590004,0.2358254,0.2150352,0.2254303
49.6000023,0.233272,0.217387,0.2253295
49.6100006,0.2410479,0.2144491,0.2277485
49.6200027,0.2355318,0.2178615,0.22669665
49.6300011,0.237559,0.21686,0.2272095
49.6400032,0.2348507,0.2217315,0.2282911
49.6500015,0.2420827,0.2200066,0.23104465
49.6600037,0.2400183,0.2169268,0.22847255
49.670002,0.2377827,0.208998,0.22339035
49.6800041,0.2427612,0.2151703,0.22896575
49.6900024,0.2381483,0.2064035,0.2222759
49.7000008,0.228705,0.2119344,0.2203197
49.7100029,0.2426708,0.2220767,0.23237375
49.7200012,0.2519062,0.2171118,0.234509
49.7300034,0.2492104,0.2232561,0.23623325
49.7400017,0.244739,0.2166356,0.2306873
49.7500038,0.2462375,0.2139223,0.2300799
49.7600021,0.2424407,0.2076716,0.22505615
49.7700005,0.2464468,0.2079816,0.2272142
49.7800026,0.2487421,0.1991228,0.22393245
49.7900009,0.2479166,0.2062591,0.22708785
49.8000031,0.2619595,0.2122916,0.23712555
49.8100014,0.2504399,0.2090501,0.229745
49.8200035,0.2529537,0.2160607,0.2345072
49.8300018,0.2519166,0.2078415,0.22987905
49.840004,0.2638728,0.2046565,0.23426465
49.8500023,0.2512469,0.2066385,0.2289427
49.8600006,0.2605885,0.2099783,0.2352834
49.8700027,0.2654407,0.2086226,0.23703165
49.8800011,0.2602293,0.2162802,0.23825475
49.8900032,0.2595857,0.2077493,0.2336675
49.9000015,0.2585944,0.2110602,0.2348273
49.9100037,0.2669944,0.1993277,0.23316105
49.920002,0.2590294,0.2161302,0.2375798
49.9300041,0.2628869,0.2133716,0.23812925
49.9400024,0.2636616,0.2077848,0.2357232
49.9500008,0.2526876,0.2194366,0.2360621
49.9600029,0.2556821,0.2056482,0.23066515
49.9700012,0.2585939,0.2235542,0.24107405
49.9800034,0.2673027,0.2143918,0.24084725
49.9900017,0.262036,0.220784,0.24141
50.0000038,0.2570835,0.2220911,0.2395873
50.0100021,0.2479247,0.2131491,0.2305369
50.0200043,0.2543306,0.1958961,0.22511335
50.0300026,0.2545326,0.2016089,0.22807075
50.0400009,0.2618736,0.2019798,0.2319267
50.0500031,0.2717094,0.1965553,0.23413235
50.0600014,0.2717913,0.2063168,0.23905405
50.0700035,0.2626933,0.2084667,0.23558
50.0800018,0.2581659,0.2106261,0.234396
50.090004,0.2478437,0.2086471,0.2282454
50.1000023,0.2570289,0.2026936,0.22986125
50.1100006,0.2638854,0.1997659,0.23182565
50.1200027,0.2704787,0.1992803,0.2348795
50.1300011,0.2645223,0.2022543,0.2333883
50.1400032,0.2670515,0.2104301,0.2387408
50.1500015,0.2577085,0.206008,0.23185825
50.1600037,0.2618449,0.2153048,0.23857485
50.170002,0.2631696,0.2216756,0.2424226
50.1800041,0.2660519,0.21321,0.23963095
50.1900024,0.2696064,0.2074943,0.23855035
50.2000008,0.258426,0.2109537,0.23468985
50.2100029,0.2559341,0.2115727,0.2337534
50.2200012,0.2523763,0.2066555,0.2295159
50.2300034,0.2497342,0.2105552,0.2301447
50.2400017,0.2541082,0.2039888,0.2290485
50.2500038,0.2523637,0.211454,0.23190885
50.2600021,0.254357,0.2132733,0.23381515
50.2700043,0.2710213,0.2177836,0.24440245
50.2800026,0.2585945,0.2079528,0.23327365
50.2900009,0.2600009,0.2097761,0.2348885
50.3000031,0.2643759,0.2036105,0.2339932
50.3100014,0.2629406,0.2095417,0.23624115
50.3200035,0.2593625,0.2060832,0.23272285
50.3300018,0.2595202,0.2116489,0.23558455
50.340004,0.2579718,0.2217885,0.23988015
50.3500023,0.2573044,0.218981,0.2381427
50.3600006,0.2529208,0.207736,0.2303284
50.3700027,0.2558976,0.2051416,0.2305196
50.3800011,0.254207,0.2123142,0.2332606
50.3900032,0.2610988,0.2021506,0.2316247
50.4000015,0.253336,0.208958,0.231147
50.4100037,0.2504832,0.2137468,0.232115
50.420002,0.2619063,0.2071749,0.2345406
50.4300041,0.2581805,0.2105507,0.2343656
50.4400024,0.2612411,0.2171651,0.2392031
50.4500008,0.2528228,0.2195634,0.2361931
50.4600029,0.2573593,0.2107466,0.23405295
50.4700012,0.257695,0.2058608,0.2317779
50.4800034,0.2646205,0.2163679,0.2404942
50.4900017,0.2656361,0.2097424,0.23768925
50.5000038,0.2777081,0.2173726,0.24754035
50.5100021,0.2786061,0.2187752,0.24869065
50.5200043,0.2871336,0.2310245,0.25907905
50.5300026,0.2859908,0.2142866,0.2501387
50.5400009,0.2834733,0.2346484,0.25906085
50.5500031,0.276654,0.2164044,0.2465292
50.5600014,0.2766213,0.2186549,0.2476381
50.5700035,0.2651595,0.2095903,0.2373749
50.5800018,0.2614639,0.2082707,0.2348673
50.590004,0.2640768,0.2110336,0.2375552
50.6000023,0.2648435,0.2156254,0.24023445
50.6100006,0.2760675,0.2024168,0.23924215
50.6200027,0.2854191,0.2147184,0.25006875
50.6300011,0.2811034,0.2203202,0.2507118
50.6400032,0.2838115,0.2222384,0.25302495
50.6500015,0.2776165,0.2252489,0.2514327
50.6600037,0.2770436,0.2232205,0.25013205
50.670002,0.2822597,0.2227349,0.2524973
50.6800041,0.2849478,0.2232825,0.25411515
50.6900024,0.2647852,0.2098652,0.2373252
50.7000008,0.2681717,0.2307074,0.24943955
50.7100029,0.2740967,0.2185997,0.2463482
50.7200012,0.2810337,0.2211463,0.25109
50.7300034,0.2860346,0.2260795,0.25605705
50.7400017,0.2781322,0.2206364,0.2493843
50.7500038,0.2774819,0.2102817,0.2438818
50.7600021,0.2749771,0.2171605,0.2460688
50.7700043,0.2832671,0.2260015,0.2546343
50.7800026,0.2800215,0.2163361,0.2481788
50.7900009,0.2793587,0.2157641,0.2475614
50.8000031,0.2713126,0.2183416,0.2448271
50.8100014,0.278162,0.2138688,0.2460154
50.8200035,0.2793198,0.2157997,0.24755975
50.8300018,0.2723902,0.2223665,0.24737835
50.840004,0.2797617,0.233044,0.25640285
50.8500023,0.2654192,0.2291636,0.2472914
50.8600006,0.2652161,0.2300848,0.24765045
50.8700027,0.278222,0.2211775,0.24969975
50.8800011,0.2713642,0.2367626,0.2540634
50.8900032,0.2743895,0.2280005,0.251195
50.9000015,0.2809428,0.2246993,0.25282105
50.9100037,0.2736769,0.2348335,0.2542552
50.920002,0.272251,0.2393487,0.25579985
50.9300041,0.2753374,0.2265344,0.2509359
50.9400024,0.2802916,0.2286264,0.254459
50.9500008,0.2720408,0.2310092,0.251525
50.9600029,0.2697318,0.2353604,0.2525461
50.9700012,0.272636,0.2352412,0.2539386
50.9800034,0.2681663,0.2379325,0.2530494
50.9900017,0.2691198,0.245229,0.2571744
51.0000038,0.2640756,0.2369532,0.2505144
51.0100021,0.2743363,0.2227319,0.2485341
51.0200043,0.2631693,0.2209628,0.24206605
51.0300026,0.2849813,0.2131927,0.249087
51.0400009,0.274079,0.2104973,0.24228815
51.0500031,0.2849163,0.2086954,0.24680585
51.0600014,0.2751875,0.2090529,0.2421202
51.0700035,0.2730234,0.2068426,0.239933
51.0800018,0.275915,0.2135436,0.2447293
51.090004,0.2801103,0.215605,0.24785765
51.1000023,0.2742597,0.2203153,0.2472875
51.1100006,0.2698827,0.2185003,0.2441915
51.1200027,0.26124,0.2228904,0.2420652
51.1300011,0.2556737,0.220111,0.23789235
51.1400032,0.2538507,0.2237057,0.2387782
51.1500015,0.2506597,0.2182095,0.2344346
51.1600037,0.2475619,0.2215916,0.23457675
51.170002,0.2550087,0.2132437,0.2341262
51.1800041,0.258257,0.2128102,0.2355336
51.1900024,0.2560084,0.2092499,0.23262915
51.2000008,0.2634812,0.2157733,0.23962725
51.2100029,0.2713676,0.2180738,0.2447207
51.2200012,0.2668879,0.2133538,0.24012085
51.2300034,0.2673951,0.2152415,0.2413183
51.2400017,0.2669822,0.2143585,0.24067035
51.2500038,0.2604679,0.20952,0.23499395
51.2600021,0.2621909,0.2083736,0.23528225
51.2700043,0.2514244,0.2100126,0.2307185
51.2800026,0.2714799,0.2115137,0.2414968
51.2900009,0.2685501,0.2116882,0.24011915
51.3000031,0.2683324,0.2077104,0.2380214
51.3100014,0.2789468,0.2112417,0.24509425
51.3200035,0.2743599,0.2124203,0.2433901
51.3300018,0.2655124,0.2119212,0.2387168
51.340004,0.2529636,0.2176083,0.23528595
51.3500023,0.2650946,0.2115352,0.2383149
51.3600006,0.2671824,0.220053,0.2436177
51.3700027,0.2640935,0.2134413,0.2387674
51.3800011,0.2677278,0.2217218,0.2447248
51.3900032,0.2601213,0.2095316,0.23482645
51.4000015,0.2780374,0.2127111,0.24537425
51.4100037,0.2723182,0.2075736,0.2399459
51.420002,0.2744375,0.2097979,0.2421177
51.4300041,0.2648903,0.2156311,0.2402607
51.4400024,0.2594213,0.221628,0.24052465
51.4500008,0.2559041,0.215316,0.23561005
51.4600029,0.254087,0.2243268,0.2392069
51.4700012,0.2542881,0.2216727,0.2379804
51.4800034,0.2613582,0.2220562,0.2417072
51.4900017,0.2607962,0.2158663,0.23833125
51.5000038,0.2570799,0.2177861,0.237433
51.5100021,0.2608901,0.2154982,0.23819415
51.5200043,0.272219,0.2109137,0.24156635
51.5300026,0.2599938,0.2189814,0.2394876
51.5400009,0.263419,0.2174543,0.24043665
51.5500031,0.2623359,0.2261364,0.24423615
51.5600014,0.2581156,0.2184501,0.23828285
51.5700035,0.2700452,0.2118914,0.2409683
51.5800018,0.2603602,0.208448,0.2344041
51.590004,0.2693764,0.2159593,0.24266785
51.6000023,0.2701061,0.220948,0.24552705
51.6100006,0.2725681,0.2127961,0.2426821
51.6200027,0.2681683,0.2149273,0.2415478
51.6300011,0.2757824,0.2051723,0.24047735
51.6400032,0.2697528,0.2162369,0.24299485
51.6500015,0.2567605,0.2152584,0.23600945
51.6600037,0.2577431,0.2226186,0.24018085
51.670002,0.2585152,0.2175404,0.2380278
51.6800041,0.2607665,0.2249135,0.24284
51.6900024,0.2705851,0.218552,0.24456855
51.7000008,0.2687322,0.2176646,0.2431984
51.7100029,0.2624062,0.2152027,0.23880445
51.7200012,0.2632849,0.2139665,0.2386257
51.7300034,0.270191,0.2172511,0.24372105
51.7400017,0.2681778,0.2223552,0.2452665
51.7500038,0.254032,0.224264,0.239148
51.7600021,0.260424,0.2119875,0.23620575
51.7700043,0.2555136,0.2133383,0.23442595
51.7800026,0.2579992,0.2120887,0.23504395
51.7900009,0.2622125,0.2194542,0.24083335
51.8000031,0.2674921,0.2156495,0.2415708
51.8100014,0.2474413,0.217696,0.23256865
51.8200035,0.2433013,0.2153273,0.2293143
51.8300018,0.2598367,0.2189834,0.23941005
51.840004,0.2626399,0.2161525,0.2393962
51.8500023,0.2752355,0.2154851,0.2453603
51.8600006,0.2728382,0.2242566,0.2485474
51.8700027,0.2732053,0.2053103,0.2392578
51.8800011,0.2695226,0.2007235,0.23512305
51.8900032,0.2688156,0.209734,0.2392748
51.9000015,0.2698971,0.2188096,0.24435335
51.9100037,0.2564189,0.2040388,0.23022885
51.920002,0.2566826,0.2168002,0.2367414
51.9300041,0.2690088,0.2150962,0.2420525
51.9400024,0.261496,0.2090228,0.2352594
51.9500008,0.2730438,0.2130578,0.2430508
51.9600029,0.2584852,0.2089778,0.2337315
51.9700012,0.2586137,0.2018708,0.23024225
51.9800034,0.2484898,0.2149018,0.2316958
51.9900017,0.2587109,0.2034215,0.2310662
52.0000038,0.2540463,0.2139398,0.23399305
52.0100021,0.2547235,0.2160295,0.2353765
52.0200043,0.2545103,0.2095789,0.2320446
52.0300026,0.2634577,0.2073863,0.235422
52.0400009,0.263108,0.2093713,0.23623965
52.0500031,0.270973,0.2209898,0.2459814
52.0600014,0.2779958,0.2132874,0.2456416
52.0700035,0.2781846,0.2135843,0.24588445
52.0800018,0.2731974,0.2178387,0.24551805
52.090004,0.2636713,0.2078543,0.2357628
52.1000023,0.275751,0.2034934,0.2396222
52.1100006,0.2896655,0.2083003,0.2489829
52.1200027,0.2775091,0.2097448,0.24362695
52.1300011,0.280487,0.2051782,0.2428326
52.1400032,0.2729178,0.2092507,0.24108425
52.1500015,0.2761335,0.2166117,0.2463726
52.1600037,0.2784693,0.2190027,0.248736
52.170002,0.2729961,0.2194896,0.24624285
52.1800041,0.2728852,0.211627,0.2422561
52.1900024,0.26752,0.2011989,0.23435945
52.2000008,0.278485,0.1976767,0.23808085
52.2100029,0.2854438,0.2050969,0.24527035
52.2200012,0.27564,0.2044561,0.24004805
52.2300034,0.2629128,0.2093161,0.23611445
52.2400017,0.2688661,0.2020478,0.23545695
52.2500038,0.2624814,0.202927,0.2327042
52.2600021,0.2688008,0.2086621,0.23873145
52.2700043,0.2644005,0.2088812,0.23664085
52.2800026,0.2531874,0.208933,0.2310602
52.2900009,0.2520635,0.2113572,0.23171035
52.3000031,0.2586168,0.21528,0.2369484
52.3100014,0.2513144,0.2136509,0.23248265
52.3200035,0.2583295,0.2178264,0.23807795
52.3300018,0.2663421,0.2151464,0.24074425
52.340004,0.263691,0.2185849,0.24113795
52.3500023,0.259185,0.2030839,0.23113445
52.3600006,0.2576094,0.209675,0.2336422
52.3700027,0.2557084,0.2199781,0.23784325
52.3800011,0.2680508,0.2165668,0.2423088
52.3900032,0.2601227,0.2177637,0.2389432
52.4000015,0.2505557,0.2140309,0.2322933
52.4100037,0.2633937,0.2131592,0.23827645
52.420002,0.2657885,0.2133647,0.2395766
52.4300041,0.2807805,0.2124615,0.246621
52.4400024,0.2864443,0.2105974,0.24852085
52.4500008,0.2755734,0.2166628,0.2461181
52.4600029,0.2742917,0.2110819,0.2426868
52.4700012,0.2683412,0.2215938,0.2449675
52.4800034,0.269051,0.2199312,0.2444911
52.4900017,0.2663627,0.220826,0.24359435
52.5000038,0.2694744,0.2242923,0.24688335
52.5100021,0.2659717,0.2265927,0.2462822
52.5200043,0.2627504,0.224181,0.2434657
52.5300026,0.2683956,0.232406,0.2504008
52.5400009,0.2663318,0.229419,0.2478754
52.5500031,0.2545942,0.2275338,0.241064
52.5600014,0.26605,0.2181288,0.2420894
52.5700035,0.2659881,0.2262032,0.24609565
52.5800018,0.2716289,0.2183172,0.24497305
52.590004,0.2557262,0.2184699,0.23709805
52.6000023,0.2660945,0.2246683,0.2453814
52.6100006,0.2623015,0.2252307,0.2437661
52.6200027,0.2687533,0.2195175,0.2441354
52.6300011,0.2674314,0.2246811,0.24605625
52.6400032,0.2589727,0.2261809,0.2425768
52.6500015,0.2599785,0.2203477,0.2401631
52.6600037,0.2587017,0.2190615,0.2388816
52.670002,0.2541821,0.2167476,0.23546485
52.6800041,0.2479403,0.2282906,0.23811545
52.6900024,0.250606,0.2208958,0.2357509
52.7000008,0.2357688,0.2347708,0.2352698
52.7100029,0.2385534,0.2206466,0.2296
52.7200012,0.2467461,0.222494,0.23462005
52.7300034,0.2523785,0.2150804,0.23372945
52.7400017,0.2534805,0.2179074,0.23569395
52.7500038,0.2497409,0.2265213,0.2381311
52.7600021,0.2595174,0.2131124,0.2363149
52.7700043,0.2577552,0.2234549,0.24060505
52.7800026,0.2500442,0.2150275,0.23253585
52.7900009,0.2568346,0.2324371,0.24463585
52.8000031,0.249708,0.2248713,0.23728965
52.8100014,0.2572401,0.2337996,0.24551985
52.8200035,0.2586341,0.2256909,0.2421625
52.8300018,0.2627282,0.2267231,0.24472565
52.840004,0.2632425,0.2385745,0.2509085
52.8500023,0.2805324,0.2347309,0.25763165
52.8600006,0.2657605,0.2238143,0.2447874
52.8700027,0.2616432,0.2255931,0.24361815
52.8800011,0.2628493,0.2291105,0.2459799
52.8900032,0.2595638,0.2264131,0.24298845
52.9000015,0.265818,0.2310294,0.2484237
52.9100037,0.2598869,0.2185978,0.23924235
52.920002,0.2746491,0.2300579,0.2523535
52.9300041,0.275514,0.227824,0.251669
52.9400024,0.2645727,0.2187262,0.24164945
52.9500008,0.2698577,0.2232814,0.24656955
52.9600029,0.2608429,0.2164241,0.2386335
52.9700012,0.2613879,0.2167796,0.23908375
52.9800034,0.2755424,0.2245617,0.25005205
52.9900017,0.2751487,0.2267589,0.2509538
53.0000038,0.2692467,0.2179126,0.24357965
53.0100021,0.2795608,0.2188176,0.2491892
53.0200043,0.2805201,0.2137701,0.2471451
53.0300026,0.271408,0.2174877,0.24444785
53.0400009,0.2620162,0.2183208,0.2401685
53.0500031,0.283245,0.2157452,0.2494951
53.0600014,0.2803653,0.2132031,0.2467842
53.0700035,0.268431,0.2222556,0.2453433
53.0800018,0.265985,0.2146127,0.24029885
53.090004,0.2688453,0.2153596,0.24210245
53.1000023,0.2658209,0.2227785,0.2442997
53.1100044,0.2594395,0.2162849,0.2378622
53.1200027,0.2729044,0.2217056,0.247305
53.1300011,0.2778938,0.2120706,0.2449822
53.1400032,0.2742721,0.2191223,0.2466972
53.1500015,0.2750426,0.2196385,0.24734055
53.1600037,0.2668407,0.2226311,0.2447359
53.170002,0.2696609,0.2252619,0.2474614
53.1800041,0.2796609,0.2210053,0.2503331
53.1900024,0.2743068,0.2196888,0.2469978
53.2000008,0.2803392,0.2236004,0.2519698
53.2100029,0.2861553,0.2211527,0.253654
53.2200012,0.2809081,0.2246249,0.2527665
53.2300034,0.2776871,0.2198469,0.248767
53.2400017,0.2832401,0.2169218,0.25008095
53.2500038,0.2690482,0.2219603,0.24550425
53.2600021,0.2756106,0.2238872,0.2497489
53.2700043,0.2812774,0.2194208,0.2503491
53.2800026,0.2702137,0.2225154,0.24636455
53.2900009,0.2615031,0.2247434,0.24312325
53.3000031,0.2739171,0.2383485,0.2561328
53.3100014,0.2845365,0.2303647,0.2574506
53.3200035,0.2794406,0.2155478,0.2474942
53.3300018,0.2706369,0.2224678,0.24655235
53.340004,0.2648513,0.2219518,0.24340155
53.3500023,0.2583041,0.2207115,0.2395078
53.3600044,0.2709996,0.2231143,0.24705695
53.3700027,0.2672281,0.2264115,0.2468198
53.3800011,0.2648261,0.2279339,0.24638
53.3900032,0.2648255,0.2173832,0.24110435
53.4000015,0.2673454,0.2247638,0.2460546
53.4100037,0.276623,0.2227472,0.2496851
53.420002,0.2669477,0.2319197,0.2494337
53.4300041,0.263323,0.229679,0.246501
53.4400024,0.2652054,0.2204347,0.24282005
53.4500008,0.2494883,0.2251355,0.2373119
53.4600029,0.2533531,0.2176171,0.2354851
53.4700012,0.2666354,0.2213813,0.24400835
53.4800034,0.2660396,0.2120968,0.2390682
53.4900017,0.2660135,0.2245906,0.24530205
53.5000038,0.270213,0.2205261,0.24536955
53.5100021,0.2723334,0.2297076,0.2510205
53.5200043,0.2638623,0.2257963,0.2448293
53.5300026,0.2754164,0.2178747,0.24664555
53.5400009,0.2852683,0.2331921,0.2592302
53.5500031,0.2787689,0.2274474,0.25310815
53.5600014,0.2736566,0.2333122,0.2534844
53.5700035,0.2748407,0.2264495,0.2506451
53.5800018,0.2581956,0.2220361,0.24011585
53.590004,0.2667625,0.2265551,0.2466588
53.6000023,0.2608522,0.2242147,0.24253345
53.6100044,0.2704176,0.2257243,0.24807095
53.6200027,0.2604994,0.2286526,0.244576
53.6300011,0.2695341,0.2212376,0.24538585
53.6400032,0.2499852,0.2329176,0.2414514
53.6500015,0.2702475,0.2276321,0.2489398
53.6600037,0.2819824,0.2280341,0.25500825
53.670002,0.2817729,0.2134335,0.2476032
53.6800041,0.2700413,0.222794,0.24641765
53.6900024,0.2741994,0.2165195,0.24535945
53.7000008,0.2675984,0.2296759,0.24863715
53.7100029,0.2793685,0.2200191,0.2496938
53.7200012,0.2695148,0.2168169,0.24316585
53.7300034,0.2841924,0.2249967,0.25459455
53.7400017,0.2676,0.2151157,0.24135785
53.7500038,0.2685844,0.2132025,0.24089345
53.7600021,0.2710312,0.2149599,0.24299555
53.7700043,0.2764407,0.2134813,0.244961
53.7800026,0.2699941,0.2058392,0.23791665
53.7900009,0.2698267,0.2095486,0.23968765
53.8000031,0.2652621,0.2106528,0.23795745
53.8100014,0.2647547,0.2127275,0.2387411
53.8200035,0.2620706,0.2061832,0.2341269
53.8300018,0.2614759,0.2140544,0.23776515
53.840004,0.2673516,0.2019265,0.23463905
53.8500023,0.2609524,0.2066542,0.2338033
53.8600044,0.2645164,0.2017037,0.23311005
53.8700027,0.275571,0.2043211,0.23994605
53.8800011,0.2727683,0.2119571,0.2423627
53.8900032,0.2639456,0.2135657,0.23875565
53.9000015,0.26846,0.2067302,0.2375951
53.9100037,0.276425,0.2081025,0.24226375
53.920002,0.274645,0.2130192,0.2438321
53.9300041,0.2574715,0.2191267,0.2382991
53.9400024,0.2559348,0.2167721,0.23635345
53.9500008,0.2563644,0.2161732,0.2362688
53.9600029,0.2748038,0.2115345,0.24316915
53.9700012,0.2660583,0.2160693,0.2410638
53.9800034,0.2629191,0.2172402,0.24007965
53.9900017,0.2793879,0.2137774,0.24658265
54.0000038,0.2784154,0.2271404,0.2527779
54.0100021,0.2708447,0.22078,0.24581235
54.0200043,0.2622914,0.221507,0.2418992
54.0300026,0.266831,0.2135167,0.24017385
54.0400009,0.2569195,0.2289389,0.2429292
54.0500031,0.2687148,0.2251722,0.2469435
54.0600014,0.2612619,0.2173396,0.23930075
54.0700035,0.2712027,0.2186886,0.24494565
54.0800018,0.2651947,0.2147403,0.2399675
54.090004,0.2655588,0.2157031,0.24063095
54.1000023,0.2501836,0.2093104,0.229747
54.1100044,0.2600333,0.2187083,0.2393708
54.1200027,0.2515891,0.2166055,0.2340973
54.1300011,0.2498659,0.2092053,0.2295356
54.1400032,0.2692699,0.2198709,0.2445704
54.1500015,0.2520821,0.211547,0.23181455
54.1600037,0.2684105,0.2153567,0.2418836
54.170002,0.2521697,0.2159411,0.2340554
54.1800041,0.2744567,0.2155227,0.2449897
54.1900024,0.2719968,0.2199795,0.24598815
54.2000008,0.2695884,0.2230516,0.24632
54.2100029,0.2680123,0.2145183,0.2412653
54.2200012,0.2632558,0.2191931,0.24122445
54.2300034,0.2652824,0.2189698,0.2421261
54.2400017,0.2668322,0.2228307,0.24483145
54.2500038,0.279732,0.2247759,0.25225395
54.2600021,0.270194,0.2211068,0.2456504
54.2700043,0.2713204,0.2244781,0.24789925
54.2800026,0.2828301,0.2099326,0.24638135
54.2900009,0.286169,0.2136275,0.24989825
54.3000031,0.2668017,0.2135055,0.2401536
54.3100014,0.2626781,0.2162896,0.23948385
54.3200035,0.2646043,0.2100922,0.23734825
54.3300018,0.2742107,0.2160606,0.24513565
54.340004,0.2761277,0.2241225,0.2501251
54.3500023,0.2746708,0.2205552,0.247613
54.3600044,0.2657645,0.220452,0.24310825
54.3700027,0.2684326,0.2181906,0.2433116
54.3800011,0.2474899,0.2237664,0.23562815
54.3900032,0.2535537,0.2214599,0.2375068
54.4000015,0.2662798,0.2186279,0.24245385
54.4100037,0.2620179,0.22765,0.24483395
54.420002,0.2670709,0.2249348,0.24600285
54.4300041,0.2702509,0.2239956,0.24712325
54.4400024,0.2547458,0.215266,0.2350059
54.4500008,0.2600871,0.2178121,0.2389496
54.4600029,0.263995,0.2250034,0.2444992
54.4700012,0.2626312,0.2236623,0.24314675
54.4800034,0.2669519,0.2183054,0.24262865
54.4900017,0.2644295,0.2189402,0.24168485
54.5000038,0.2553775,0.2163167,0.2358471
54.5100021,0.2577545,0.2245884,0.24117145
54.5200043,0.2595356,0.2170845,0.23831005
54.5300026,0.2564029,0.2238645,0.2401337
54.5400009,0.2510789,0.2140223,0.2325506
54.5500031,0.2626271,0.21833,0.24047855
54.5600014,0.2482595,0.2141161,0.2311878
54.5700035,0.251325,0.2177696,0.2345473
54.5800018,0.2539472,0.233261,0.2436041
54.590004,0.2465411,0.224068,0.23530455
54.6000023,0.2569422,0.2207107,0.23882645
54.6100044,0.2553702,0.2195503,0.23746025
54.6200027,0.2466482,0.2179149,0.23228155
54.6300011,0.2533751,0.2268451,0.2401101
54.6400032,0.2615465,0.224534,0.24304025
54.6500015,0.2604454,0.2236445,0.24204495
54.6600037,0.2563539,0.2147033,0.2355286
54.670002,0.2581894,0.2123008,0.2352451
54.6800041,0.2515324,0.236193,0.2438627
54.6900024,0.2710838,0.2231906,0.2471372
54.7000008,0.268464,0.2166854,0.2425747
54.7100029,0.2813148,0.2152182,0.2482665
54.7200012,0.2616522,0.2179719,0.23981205
54.7300034,0.2730853,0.2172706,0.24517795
54.7400017,0.2675996,0.2138728,0.2407362
54.7500038,0.2720255,0.2216787,0.2468521
54.7600021,0.2642407,0.2111729,0.2377068
54.7700043,0.2610161,0.2090485,0.2350323
54.7800026,0.2633892,0.2146811,0.23903515
54.7900009,0.2736828,0.2215336,0.2476082
54.8000031,0.2680929,0.2176334,0.24286315
54.8100014,0.2702407,0.222645,0.24644285
54.8200035,0.266077,0.2156195,0.24084825
54.8300018,0.2694123,0.2191467,0.2442795
54.840004,0.2689902,0.2178713,0.24343075
54.8500023,0.2687176,0.2113329,0.24002525
54.8600044,0.2639902,0.2123081,0.23814915
54.8700027,0.2653928,0.2221491,0.24377095
54.8800011,0.2677563,0.2146582,0.24120725
54.8900032,0.2678289,0.2141226,0.24097575
54.9000015,0.2678015,0.2180304,0.24291595
54.9100037,0.2678195,0.2249102,0.24636485
54.920002,0.2594974,0.2282,0.2438487
54.9300041,0.2808855,0.2323761,0.2566308
54.9400024,0.2661553,0.2285706,0.24736295
54.9500008,0.2701588,0.2186355,0.24439715
54.9600029,0.2679233,0.2223751,0.2451492
54.9700012,0.2650176,0.2269139,0.24596575
54.9800034,0.2799206,0.2189148,0.2494177
54.9900017,0.2763129,0.218436,0.24737445
55.0000038,0.264651,0.213949,0.2393
55.0100021,0.2706,0.218056,0.244328
55.0200043,0.2694971,0.2168317,0.2431644
55.0300026,0.2596081,0.2245759,0.242092
55.0400009,0.2561011,0.2219091,0.2390051
55.0500031,0.2618004,0.2260951,0.24394775
55.0600014,0.2564728,0.2205507,0.23851175
55.0700035,0.2519584,0.2155264,0.2337424
55.0800018,0.247638,0.2215587,0.23459835
55.090004,0.2564583,0.2187514,0.23760485
55.1000023,0.2670863,0.2187105,0.2428984
55.1100044,0.2626736,0.2104791,0.23657635
55.1200027,0.2745293,0.2237903,0.2491598
55.1300011,0.2686376,0.2082115,0.23842455
55.1400032,0.2656587,0.2212199,0.2434393
55.1500015,0.2670297,0.2286699,0.2478498
55.1600037,0.26183,0.2189735,0.24040175
55.170002,0.2568236,0.2193297,0.23807665
55.1800041,0.2779865,0.2176994,0.24784295
55.1900024,0.260165,0.223105,0.241635
55.2000008,0.2539125,0.2229783,0.2384454
55.2100029,0.2523926,0.2191774,0.235785
55.2200012,0.2700058,0.2226412,0.2463235
55.2300034,0.2649843,0.2259916,0.24548795
55.2400017,0.2554627,0.2225886,0.23902565
55.2500038,0.2588082,0.218125,0.2384666
55.2600021,0.259578,0.2257671,0.24267255
55.2700043,0.269059,0.2207855,0.24492225
55.2800026,0.2673001,0.222463,0.24488155
55.2900009,0.2557548,0.2290985,0.24242665
55.3000031,0.2681549,0.2161818,0.24216835
55.3100014,0.2645619,0.2194722,0.24201705
55.3200035,0.2705318,0.2174504,0.2439911
55.3300018,0.2612987,0.2216583,0.2414785
55.340004,0.2691099,0.2205101,0.24481
55.3500023,0.2608936,0.2228923,0.24189295
55.3600044,0.2601042,0.2282894,0.2441968
55.3700027,0.2696989,0.22252,0.24610945
55.3800011,0.2709889,0.2119333,0.2414611
55.3900032,0.2669823,0.2163986,0.24169045
55.4000015,0.2810295,0.2173167,0.2491731
55.4100037,0.2814677,0.2142689,0.2478683
55.420002,0.2849543,0.215383,0.25016865
55.4300041,0.2760779,0.2137409,0.2449094
55.4400024,0.2718969,0.2100746,0.24098575
55.4500008,0.2701787,0.2203715,0.2452751
55.4600029,0.273325,0.2123526,0.2428388
55.4700012,0.2747108,0.2078256,0.2412682
55.4800034,0.2738503,0.2076539,0.2407521
55.4900017,0.2839732,0.2123726,0.2481729
55.5000038,0.273823,0.2102989,0.24206095
55.5100021,0.2790098,0.2183332,0.2486715
55.5200043,0.2796119,0.2184676,0.24903975
55.5300026,0.263611,0.2224795,0.24304525
55.5400009,0.2694025,0.2132061,0.2413043
55.5500031,0.264599,0.2096376,0.2371183
55.5600014,0.2666194,0.2085159,0.23756765
55.5700035,0.262304,0.2160811,0.23919255
55.5800018,0.2694395,0.2143851,0.2419123
55.590004,0.25332,0.2239316,0.2386258
55.6000023,0.2622316,0.2159795,0.23910555
55.6100044,0.2652216,0.2233326,0.2442771
55.6200027,0.2590675,0.2158498,0.23745865
55.6300011,0.2580639,0.2227532,0.24040855
55.6400032,0.2703366,0.2147806,0.2425586
55.6500015,0.2767989,0.208886,0.24284245
55.6600037,0.2691016,0.2245303,0.24681595
55.670002,0.266786,0.2249577,0.24587185
55.6800041,0.2628442,0.2187276,0.2407859
55.6900024,0.2629766,0.2176798,0.2403282
55.7000008,0.2695541,0.2195428,0.24454845
55.7100029,0.262152,0.2192076,0.2406798
55.7200012,0.2637115,0.2237469,0.2437292
55.7300034,0.2659025,0.2272208,0.24656165
55.7400017,0.2618039,0.2191142,0.24045905
55.7500038,0.2700152,0.2141376,0.2420764
55.7600021,0.2609899,0.2171089,0.2390494
55.7700043,0.2700442,0.2111481,0.24059615
55.7800026,0.2744546,0.2167373,0.24559595
55.7900009,0.2789984,0.2186169,0.24880765
55.8000031,0.259607,0.2209958,0.2403014
55.8100014,0.263871,0.2132691,0.23857005
55.8200035,0.2703329,0.212929,0.24163095
55.8300018,0.2701151,0.2078474,0.23898125
55.840004,0.2790459,0.2215756,0.25031075
55.8500023,0.2682688,0.2246608,0.2464648
55.8600044,0.2613011,0.2172667,0.2392839
55.8700027,0.2681237,0.2243534,0.24623855
55.8800011,0.2702858,0.2239994,0.2471426
55.8900032,0.2619059,0.208794,0.23534995
55.9000015,0.2642097,0.2091625,0.2366861
55.9100037,0.2777928,0.2134648,0.2456288
55.920002,0.2753412,0.2128975,0.24411935
55.9300041,0.2705053,0.2151757,0.2428405
55.9400024,0.2722188,0.2064396,0.2393292
55.9500008,0.2716468,0.2034054,0.2375261
55.9600029,0.2709451,0.2048721,0.2379086
55.9700012,0.2672411,0.2049749,0.236108
55.9800034,0.263461,0.2134838,0.2384724
55.9900017,0.2671523,0.218653,0.24290265
56.0000038,0.2706432,0.2142952,0.2424692
56.0100021,0.2603893,0.2196003,0.2399948
56.0200043,0.2616571,0.2026836,0.23217035
56.0300026,0.2521961,0.2110583,0.2316272
56.0400009,0.2445661,0.2075651,0.2260656
56.0500031,0.2619516,0.207601,0.2347763
56.0600014,0.2544809,0.2006542,0.22756755
56.0700035,0.2557685,0.1962044,0.22598645
56.0800018,0.2597724,0.2070341,0.23340325
56.090004,0.2582379,0.2083496,0.23329375
56.1000023,0.2572445,0.2068794,0.23206195
56.1100044,0.2648322,0.2129321,0.23888215
56.1200027,0.2480768,0.213734,0.2309054
56.1300011,0.2549235,0.2083985,0.231661
56.1400032,0.2614805,0.215672,0.23857625
56.1500015,0.2603455,0.2084655,0.2344055
56.1600037,0.2564333,0.2086501,0.2325417
56.170002,0.2501692,0.2029176,0.2265434
56.1800041,0.2493592,0.2060401,0.22769965
56.1900024,0.2469671,0.2104001,0.2286836
56.2000008,0.2437692,0.20393,0.2238496
56.2100029,0.2597605,0.2118538,0.23580715
56.2200012,0.2517032,0.1999061,0.22580465
56.2300034,0.2508583,0.2075038,0.22918105
56.2400017,0.2426971,0.2098228,0.22625995
56.2500038,0.2346693,0.214924,0.22479665
56.2600021,0.2417605,0.2159926,0.22887655
56.2700043,0.2483265,0.2047518,0.22653915
56.2800026,0.236714,0.2029058,0.2198099
56.2900009,0.2423264,0.2107956,0.226561
56.3000031,0.2254302,0.2167373,0.22108375
56.3100014,0.2280108,0.2157337,0.22187225
56.3200035,0.2397829,0.214463,0.22712295
56.3300018,0.2430164,0.209802,0.2264092
56.340004,0.258287,0.2136962,0.2359916
56.3500023,0.263036,0.2263532,0.2446946
56.3600044,0.2716987,0.2276803,0.2496895
56.3700027,0.2591608,0.2307297,0.24494525
56.3800011,0.2620953,0.2232171,0.2426562
56.3900032,0.2559824,0.2278113,0.24189685
56.4000015,0.2460018,0.2324764,0.2392391
56.4100037,0.2466368,0.2271866,0.2369117
56.420002,0.2457946,0.2201448,0.2329697
56.4300041,0.2484814,0.2259159,0.23719865
56.4400024,0.2425892,0.2154312,0.2290102
56.4500046,0.2517262,0.2210861,0.23640615
56.4600029,0.2455686,0.2169572,0.2312629
56.4700012,0.2436293,0.2159345,0.2297819
56.4800034,0.250295,0.2200964,0.2351957
56.4900017,0.239203,0.2111571,0.22518005
56.5000038,0.2570066,0.2095939,0.23330025
56.5100021,0.2567942,0.2109148,0.2338545
56.5200043,0.2542389,0.2178595,0.2360492
56.5300026,0.2648755,0.222404,0.24363975
56.5400009,0.2588511,0.221598,0.24022455
56.5500031,0.2694837,0.2122413,0.2408625
56.5600014,0.271693,0.2207057,0.24619935
56.5700035,0.2721601,0.2199858,0.24607295
56.5800018,0.2669049,0.211443,0.23917395
56.590004,0.2594713,0.2172029,0.2383371
56.6000023,0.262842,0.2128189,0.23783045
56.6100044,0.2576541,0.21413,0.23589205
56.6200027,0.2730215,0.2093482,0.24118485
56.6300011,0.2623491,0.2062335,0.2342913
56.6400032,0.27434,0.207415,0.2408775
56.6500015,0.2876119,0.2075739,0.2475929
56.6600037,0.2786117,0.2092345,0.2439231
56.670002,0.2779361,0.2046165,0.2412763
56.6800041,0.282123,0.2086102,0.2453666
56.6900024,0.2736969,0.2148805,0.2442887
56.7000046,0.2842202,0.2073967,0.24580845
56.7100029,0.2800248,0.2070106,0.2435177
56.7200012,0.2740714,0.2111328,0.2426021
56.7300034,0.2699705,0.2144172,0.24219385
56.7400017,0.262815,0.2127731,0.23779405
56.7500038,0.2722705,0.211895,0.24208275
56.7600021,0.2750871,0.2097655,0.2424263
56.7700043,0.2886981,0.2121062,0.25040215
56.7800026,0.2816027,0.2104911,0.2460469
56.7900009,0.2784562,0.2082831,0.24336965
56.8000031,0.2752526,0.2095211,0.24238685
56.8100014,0.2709596,0.2128298,0.2418947
56.8200035,0.2730803,0.2099556,0.24151795
56.8300018,0.2619605,0.219713,0.24083675
56.840004,0.2788307,0.2138183,0.2463245
56.8500023,0.2749138,0.2213927,0.24815325
56.8600044,0.2789876,0.2152741,0.24713085
56.8700027,0.2656588,0.2178467,0.24175275
56.8800011,0.2641734,0.2129979,0.23858565
56.8900032,0.271419,0.2243566,0.2478878
56.9000015,0.2624817,0.2222887,0.2423852
56.9100037,0.2669303,0.2239295,0.2454299
56.920002,0.2666799,0.2071958,0.23693785
56.9300041,0.2687092,0.2149554,0.2418323
56.9400024,0.2705528,0.2121647,0.24135875
56.9500046,0.2542434,0.2129987,0.23362105
56.9600029,0.2666998,0.213966,0.2403329
56.9700012,0.2677269,0.2129211,0.240324
56.9800034,0.2451909,0.2125994,0.22889515
56.9900017,0.2489279,0.2045927,0.2267603
57.0000038,0.2518443,0.2081106,0.22997745
57.0100021,0.2609811,0.210269,0.23562505
57.0200043,0.2600211,0.2221281,0.2410746
57.0300026,0.2566294,0.2069228,0.2317761
57.0400009,0.2685123,0.2092126,0.23886245
57.0500031,0.2669014,0.2131687,0.24003505
57.0600014,0.2661219,0.215717,0.24091945
57.0700035,0.2558302,0.2030024,0.2294163
57.0800018,0.2619751,0.2117888,0.23688195
57.090004,0.2506967,0.2075322,0.22911445
57.1000023,0.2594107,0.2093178,0.23436425
57.1100044,0.2554641,0.2159092,0.23568665
57.1200027,0.2568924,0.2074202,0.2321563
57.1300011,0.2695279,0.2076638,0.23859585
57.1400032,0.2645727,0.2104796,0.23752615
57.1500015,0.2709254,0.207701,0.2393132
57.1600037,0.270585,0.1999314,0.2352582
57.170002,0.2618562,0.20694,0.2343981
57.1800041,0.2607378,0.2060203,0.23337905
57.1900024,0.2600355,0.2150964,0.23756595
57.2000046,0.2545495,0.213889,0.23421925
57.2100029,0.2533431,0.2088347,0.2310889
57.2200012,0.2516371,0.2097967,0.2307169
57.2300034,0.2508888,0.2049572,0.227923
57.2400017,0.2341838,0.2023538,0.2182688
57.2500038,0.2387683,0.2140242,0.22639625
57.2600021,0.227132,0.2012633,0.21419765
57.2700043,0.2391185,0.2076588,0.22338865
57.2800026,0.2384547,0.2044618,0.22145825
57.2900009,0.2423772,0.2068177,0.22459745
57.3000031,0.2378115,0.2149112,0.22636135
57.3100014,0.2342532,0.2111741,0.22271365
57.3200035,0.2444504,0.2081827,0.22631655
57.3300018,0.2515278,0.2069422,0.229235
57.340004,0.2350186,0.201285,0.2181518
57.3500023,0.2409054,0.2042279,0.22256665
57.3600044,0.2435837,0.2050715,0.2243276
57.3700027,0.2573581,0.2038168,0.23058745
57.3800011,0.2666626,0.1930024,0.2298325
57.3900032,0.2628952,0.204329,0.2336121
57.4000015,0.2637637,0.2015181,0.2326409
57.4100037,0.2623866,0.1977054,0.230046
57.420002,0.2655011,0.2086009,0.237051
57.4300041,0.2642287,0.2093551,0.2367919
57.4400024,0.2635806,0.2076026,0.2355916
57.4500046,0.2663327,0.2089372,0.23763495
57.4600029,0.266097,0.2014372,0.2337671
57.4700012,0.2741326,0.2066026,0.2403676
57.4800034,0.2741676,0.2048756,0.2395216
57.4900017,0.2730687,0.2000225,0.2365456
57.5000038,0.2761503,0.2018351,0.2389927
57.5100021,0.267127,0.2124407,0.23978385
57.5200043,0.2813987,0.1951815,0.2382901
57.5300026,0.2776667,0.2040763,0.2408715
57.5400009,0.2780339,0.2067555,0.2423947
57.5500031,0.2766884,0.2113221,0.24400525
57.5600014,0.2768793,0.2080749,0.2424771
57.5700035,0.2672137,0.2142505,0.2407321
57.5800018,0.2785959,0.204307,0.24145145
57.590004,0.2768609,0.2095185,0.2431897
57.6000023,0.279534,0.2023444,0.2409392
57.6100044,0.2869202,0.2067326,0.2468264
57.6200027,0.2852685,0.1993669,0.2423177
57.6300011,0.2868977,0.2086706,0.24778415
57.6400032,0.2890779,0.2094301,0.249254
57.6500015,0.2844926,0.2095116,0.2470021
57.6600037,0.2648553,0.2128211,0.2388382
57.670002,0.2744921,0.2021652,0.23832865
57.6800041,0.26547,0.2103126,0.2378913
57.6900024,0.2818886,0.2102756,0.2460821
57.7000046,0.2745351,0.2071214,0.24082825
57.7100029,0.2658009,0.2058882,0.23584455
57.7200012,0.2787399,0.208337,0.24353845
57.7300034,0.2738294,0.2128818,0.2433556
57.7400017,0.2790962,0.2151809,0.24713855
57.7500038,0.2732044,0.2120032,0.2426038
57.7600021,0.2738093,0.2078811,0.2408452
57.7700043,0.2588148,0.2052259,0.23202035
57.7800026,0.2595253,0.2117683,0.2356468
57.7900009,0.2664531,0.2041712,0.23531215
57.8000031,0.2577326,0.1994449,0.22858875
57.8100014,0.2607293,0.2073904,0.23405985
57.8200035,0.2603427,0.2104088,0.23537575
57.8300018,0.2589637,0.2041118,0.23153775
57.840004,0.256829,0.2067818,0.2318054
57.8500023,0.2647959,0.2130303,0.2389131
57.8600044,0.2537153,0.2093668,0.23154105
57.8700027,0.257435,0.2116778,0.2345564
57.8800011,0.2643481,0.2102908,0.23731945
57.8900032,0.2511142,0.2194171,0.23526565
57.9000015,0.2559199,0.2158513,0.2358856
57.9100037,0.261536,0.2093541,0.23544505
57.920002,0.2587418,0.2277068,0.2432243
57.9300041,0.2641348,0.2022195,0.23317715
57.9400024,0.2697867,0.2142119,0.2419993
57.9500046,0.2754925,0.2170422,0.24626735
57.9600029,0.2830678,0.2152477,0.24915775
57.9700012,0.2804441,0.2203518,0.25039795
57.9800034,0.2751461,0.224395,0.24977055
57.9900017,0.2871137,0.2157024,0.25140805
58.0000038,0.2907623,0.2214568,0.25610955
58.0100021,0.2776405,0.2231036,0.25037205
58.0200043,0.2895733,0.2165928,0.25308305
58.0300026,0.2944504,0.2202934,0.2573719
58.0400009,0.2921724,0.2168265,0.25449945
58.0500031,0.289311,0.2255957,0.25745335
58.0600014,0.2763023,0.2179794,0.24714085
58.0700035,0.3007647,0.2148746,0.25781965
58.0800018,0.2897675,0.2141094,0.25193845
58.090004,0.2955972,0.2006776,0.2481374
58.1000023,0.2898251,0.2025925,0.2462088
58.1100044,0.2931598,0.2034114,0.2482856
58.1200027,0.2968275,0.202672,0.24974975
58.1300011,0.2881404,0.198896,0.2435182
58.1400032,0.2920923,0.2003541,0.2462232
58.1500015,0.2888293,0.2110943,0.2499618
58.1600037,0.2862864,0.210364,0.2483252
58.170002,0.2774246,0.2131211,0.24527285
58.1800041,0.2789772,0.2119646,0.2454709
58.1900024,0.2848446,0.2154894,0.250167
58.2000046,0.2853682,0.2074683,0.24641825
58.2100029,0.2766745,0.2181276,0.24740105
58.2200012,0.2846672,0.2172628,0.250965
58.2300034,0.284344,0.2130033,0.24867365
58.2400017,0.2846171,0.2146835,0.2496503
58.2500038,0.2832058,0.2139434,0.2485746
58.2600021,0.2825835,0.2110622,0.24682285
58.2700043,0.2838318,0.2100808,0.2469563
58.2800026,0.2845839,0.2097309,0.2471574
58.2900009,0.2907925,0.1990423,0.2449174
58.3000031,0.2926258,0.2080665,0.25034615
58.3100014,0.292585,0.2114555,0.25202025
58.3200035,0.2855603,0.2053318,0.24544605
58.3300018,0.2793179,0.2054279,0.2423729
58.340004,0.2825258,0.210847,0.2466864
58.3500023,0.3011837,0.2090066,0.25509515
58.3600044,0.2880029,0.2192496,0.25362625
58.3700027,0.283833,0.2130362,0.2484346
58.3800011,0.2821018,0.2113196,0.2467107
58.3900032,0.2734249,0.2154521,0.2444385
58.4000015,0.2720526,0.2227955,0.24742405
58.4100037,0.2883116,0.2105075,0.24940955
58.420002,0.2850565,0.202698,0.24387725
58.4300041,0.2917724,0.2013054,0.2465389
58.4400024,0.2821778,0.2077404,0.2449591
58.4500046,0.2906347,0.2029271,0.2467809
58.4600029,0.2876072,0.214252,0.2509296
58.4700012,0.2801869,0.2170766,0.24863175
58.4800034,0.2867843,0.2208432,0.25381375
58.4900017,0.2980502,0.2184779,0.25826405
58.5000038,0.2945078,0.2180359,0.25627185
58.5100021,0.2929061,0.2214695,0.2571878
58.5200043,0.2948207,0.2181117,0.2564662
58.5300026,0.2892476,0.2174184,0.253333
58.5400009,0.2999531,0.2205559,0.2602545
58.5500031,0.2945284,0.2174065,0.25596745
58.5600014,0.2785323,0.2169544,0.24774335
58.5700035,0.2821174,0.2220518,0.2520846
58.5800018,0.280014,0.222568,0.251291
58.590004,0.2870288,0.2132284,0.2501286
58.6000023,0.2873839,0.2168639,0.2521239
58.6100044,0.2945004,0.2118968,0.2531986
58.6200027,0.2868086,0.2236362,0.2552224
58.6300011,0.2864638,0.2240277,0.25524575
58.6400032,0.293076,0.2184177,0.25574685
58.6500015,0.279574,0.2226302,0.2511021
58.6600037,0.2810014,0.2282895,0.25464545
58.670002,0.2894756,0.2123333,0.25090445
58.6800041,0.2920757,0.210484,0.25127985
58.6900024,0.2915282,0.2163054,0.2539168
58.7000046,0.3007199,0.2114466,0.25608325
58.7100029,0.2912269,0.2207566,0.25599175
58.7200012,0.2883495,0.2115094,0.24992945
58.7300034,0.271709,0.2122278,0.2419684
58.7400017,0.2784356,0.2153287,0.24688215
58.7500038,0.2938661,0.211125,0.25249555
58.7600021,0.284345,0.217426,0.2508855
58.7700043,0.2939776,0.2070481,0.25051285
58.7800026,0.278387,0.2002384,0.2393127
58.7900009,0.2761141,0.2120088,0.24406145
58.8000031,0.2862765,0.2138755,0.250076
58.8100014,0.2879752,0.2139269,0.25095105
58.8200035,0.3080017,0.2205837,0.2642927
58.8300018,0.3095861,0.21945,0.26451805
58.840004,0.3010813,0.2176139,0.2593476
58.8500023,0.3001878,0.2144227,0.25730525
58.8600044,0.2901965,0.223208,0.25670225
58.8700027,0.2851514,0.2171539,0.25115265
58.8800011,0.2862714,0.2133175,0.24979445
58.8900032,0.288688,0.2120796,0.2503838
58.9000015,0.2931666,0.2045535,0.24886005
58.9100037,0.2986454,0.2088571,0.25375125
58.920002,0.2885476,0.2150644,0.251806
58.9300041,0.2910798,0.2065869,0.24883335
58.9400024,0.2854723,0.2159803,0.2507263
58.9500046,0.2808507,0.2140988,0.24747475
58.9600029,0.2872289,0.2038696,0.24554925
58.9700012,0.2764592,0.2154528,0.245956
58.9800034,0.2825366,0.2181721,0.25035435
58.9900017,0.2818534,0.2204772,0.2511653
59.0000038,0.2785944,0.2161804,0.2473874
59.0100021,0.2870807,0.2205786,0.25382965
59.0200043,0.2808458,0.2183428,0.2495943
59.0300026,0.2747726,0.218805,0.2467888
59.0400009,0.2867266,0.2184331,0.25257985
59.0500031,0.2835222,0.2183131,0.25091765
59.0600014,0.2886778,0.2101791,0.24942845
59.0700035,0.2812432,0.2122912,0.2467672
59.0800018,0.2832623,0.2129276,0.24809495
59.090004,0.285133,0.2201302,0.2526316
59.1000023,0.28501,0.2156996,0.2503548
59.1100044,0.2792654,0.2093279,0.24429665
59.1200027,0.2878945,0.2227643,0.2553294
59.1300011,0.2881419,0.2168527,0.2524973
59.1400032,0.2846306,0.2088222,0.2467264
59.1500015,0.2893835,0.2157783,0.2525809
59.1600037,0.2822374,0.2126179,0.24742765
59.170002,0.2748061,0.2081152,0.24146065
59.1800041,0.2641695,0.2154244,0.23979695
59.1900024,0.2661265,0.2181194,0.24212295
59.2000046,0.2689711,0.2241067,0.2465389
59.2100029,0.2724476,0.2183712,0.2454094
59.2200012,0.2674354,0.2121625,0.23979895
59.2300034,0.2762624,0.2114972,0.2438798
59.2400017,0.2571947,0.2054369,0.2313158
59.2500038,0.2533388,0.21612,0.2347294
59.2600021,0.2629889,0.2113134,0.23715115
59.2700043,0.2563034,0.2090798,0.2326916
59.2800026,0.2523078,0.2088543,0.23058105
59.2900009,0.2665277,0.2093923,0.23796
59.3000031,0.2721469,0.2173255,0.2447362
59.3100014,0.2672353,0.215248,0.24124165
59.3200035,0.2642144,0.2281182,0.2461663
59.3300018,0.2632911,0.2238608,0.24357595
59.340004,0.2651692,0.2167976,0.2409834
59.3500023,0.2662496,0.2209245,0.24358705
59.3600044,0.2658322,0.2238948,0.2448635
59.3700027,0.2605285,0.2140746,0.23730155
59.3800011,0.2614386,0.2145696,0.2380041
59.3900032,0.2575761,0.2179728,0.23777445
59.4000015,0.2615852,0.2182685,0.23992685
59.4100037,0.2752658,0.2208831,0.24807445
59.420002,0.2734406,0.2111653,0.24230295
59.4300041,0.2674774,0.2175426,0.24251
59.4400024,0.2599249,0.2216329,0.2407789
59.4500046,0.268273,0.221477,0.244875
59.4600029,0.2695234,0.2155409,0.24253215
59.4700012,0.2570761,0.2147217,0.2358989
59.4800034,0.2588592,0.2165526,0.2377059
59.4900017,0.2661459,0.2081545,0.2371502
59.5000038,0.2550549,0.2027453,0.2289001
59.5100021,0.2534628,0.2154396,0.2344512
59.5200043,0.2617514,0.2127496,0.2372505
59.5300026,0.2591927,0.2155228,0.23735775
59.5400047,0.2609568,0.2186677,0.23981225
59.5500031,0.2744722,0.2178347,0.24615345
59.5600014,0.257897,0.2099358,0.2339164
59.5700035,0.2508146,0.225288,0.2380513
59.5800018,0.2557735,0.228742,0.24225775
59.590004,0.2582505,0.2256844,0.24196745
59.6000023,0.2566751,0.2209132,0.23879415
59.6100044,0.2657966,0.2258165,0.24580655
59.6200027,0.2611651,0.2219867,0.2415759
59.6300011,0.2598075,0.2113633,0.2355854
59.6400032,0.2635566,0.2247003,0.24412845
59.6500015,0.2652617,0.2232709,0.2442663
59.6600037,0.2631256,0.2204715,0.24179855
59.670002,0.2564084,0.2120714,0.2342399
59.6800041,0.251363,0.210811,0.231087
59.6900024,0.2548442,0.2174437,0.23614395
59.7000046,0.2458484,0.2155475,0.23069795
59.7100029,0.2403078,0.2140097,0.22715875
59.7200012,0.2499486,0.2209302,0.2354394
59.7300034,0.2590812,0.2117173,0.23539925
59.7400017,0.254985,0.215702,0.2353435
59.7500038,0.2540483,0.2067814,0.23041485
59.7600021,0.2597924,0.2239446,0.2418685
59.7700043,0.2635008,0.2244692,0.243985
59.7800026,0.2524607,0.2164354,0.23444805
59.7900047,0.2421688,0.2184323,0.23030055
59.8000031,0.2530929,0.2161721,0.2346325
59.8100014,0.2562148,0.2075745,0.23189465
59.8200035,0.2677975,0.2093937,0.2385956
59.8300018,0.2553297,0.2116847,0.2335072
59.840004,0.2574531,0.209636,0.23354455
59.8500023,0.2472285,0.2159793,0.2316039
59.8600044,0.2552069,0.2051492,0.23017805
59.8700027,0.2572471,0.2112124,0.23422975
59.8800011,0.2541186,0.2095251,0.23182185
59.8900032,0.2490697,0.2096539,0.2293618
59.9000015,0.2542896,0.2143723,0.23433095
59.9100037,0.2599721,0.2096109,0.2347915
59.920002,0.2691029,0.2046083,0.2368556
59.9300041,0.2643352,0.2079638,0.2361495
59.9400024,0.2717489,0.2052281,0.2384885
59.9500046,0.262016,0.2112956,0.2366558
59.9600029,0.2687609,0.2051334,0.23694715
59.9700012,0.267635,0.212963,0.240299
59.9800034,0.2659562,0.20581,0.2358831
59.9900017,0.273431,0.2046934,0.2390622
60.0000038,0.2674114,0.2025377,0.23497455
60.0100021,0.2756856,0.2085691,0.24212735
60.0200043,0.270431,0.2040004,0.2372157
60.0300026,0.2638265,0.2069277,0.2353771
60.0400047,0.2512387,0.2021155,0.2266771
60.0500031,0.255742,0.2085729,0.23215745
60.0600014,0.2528154,0.2051089,0.22896215
60.0700035,0.2553813,0.209258,0.23231965
60.0800018,0.2463618,0.206347,0.2263544
60.090004,0.252879,0.2019216,0.2274003
60.1000023,0.2607645,0.2120335,0.236399
60.1100044,0.2543617,0.2088552,0.23160845
60.1200027,0.2617429,0.2102002,0.23597155
60.1300011,0.2611206,0.2085729,0.23484675
60.1400032,0.2605726,0.2064404,0.2335065
60.1500015,0.2527606,0.2045683,0.22866445
60.1600037,0.2561766,0.2099703,0.23307345
60.170002,0.2576743,0.2065356,0.23210495
60.1800041,0.2554101,0.203473,0.22944155
60.1900024,0.2652205,0.2000241,0.2326223
60.2000046,0.2628915,0.208929,0.23591025
60.2100029,0.275425,0.2044932,0.2399591
60.2200012,0.2815671,0.2016059,0.2415865
60.2300034,0.2790889,0.2066973,0.2428931
60.2400017,0.2766037,0.2159328,0.24626825
60.2500038,0.2744652,0.2104557,0.24246045
60.2600021,0.2683917,0.2031878,0.23578975
60.2700043,0.2663452,0.204076,0.2352106
60.2800026,0.2658933,0.201633,0.23376315
60.2900047,0.2634243,0.2001618,0.23179305
60.3000031,0.2797427,0.200918,0.24033035
60.3100014,0.2792699,0.1981046,0.23868725
60.3200035,0.2730664,0.202451,0.2377587
60.3300018,0.2665775,0.2072042,0.23689085
60.340004,0.2696528,0.2027378,0.2361953
60.3500023,0.2727791,0.1992424,0.23601075
60.3600044,0.2690216,0.1974604,0.233241
60.3700027,0.2809861,0.199893,0.24043955
60.3800011,0.2744088,0.2009758,0.2376923
60.3900032,0.2588997,0.197918,0.22840885
60.4000015,0.2631016,0.1943003,0.22870095
60.4100037,0.2577429,0.1843012,0.22102205
60.420002,0.2699019,0.1905497,0.2302258
60.4300041,0.2655104,0.1951547,0.23033255
60.4400024,0.2659788,0.1930356,0.2295072
60.4500046,0.2595893,0.188234,0.22391165
60.4600029,0.2689452,0.198172,0.2335586
60.4700012,0.2591389,0.1987559,0.2289474
60.4800034,0.2584659,0.2032078,0.23083685
60.4900017,0.2642522,0.202169,0.2332106
60.5000038,0.2706003,0.2012972,0.23594875
60.5100021,0.2739708,0.200088,0.2370294
60.5200043,0.2687792,0.1933379,0.23105855
60.5300026,0.2706492,0.1965154,0.2335823
60.5400047,0.2694129,0.1938184,0.23161565
60.5500031,0.2612305,0.2011661,0.2311983
60.5600014,0.2781109,0.2033211,0.240716
60.5700035,0.269067,0.1980581,0.23356255
60.5800018,0.2604895,0.2078506,0.23417005
60.590004,0.2665107,0.2067208,0.23661575
60.6000023,0.2657371,0.2052508,0.23549395
60.6100044,0.2703896,0.201504,0.2359468
60.6200027,0.2553844,0.2042317,0.22980805
60.6300011,0.2537174,0.2086038,0.2311606
60.6400032,0.2514175,0.207597,0.22950725
60.6500015,0.2540787,0.2049557,0.2295172
60.6600037,0.2609479,0.2063296,0.23363875
60.670002,0.2568539,0.2012939,0.2290739
60.6800041,0.2581094,0.2033043,0.23070685
60.6900024,0.2537312,0.2064162,0.2300737
60.7000046,0.2566817,0.2074649,0.2320733
60.7100029,0.2670367,0.2086991,0.2378679
60.7200012,0.2606225,0.2149761,0.2377993
60.7300034,0.2519205,0.2089674,0.23044395
60.7400017,0.2603032,0.2046676,0.2324854
60.7500038,0.2592748,0.2078731,0.23357395
60.7600021,0.2575348,0.2060725,0.23180365
60.7700043,0.2601087,0.2161706,0.23813965
60.7800026,0.256727,0.2113782,0.2340526
60.7900047,0.2652269,0.2084141,0.2368205
60.8000031,0.2569601,0.206629,0.23179455
60.8100014,0.2704576,0.207717,0.2390873
60.8200035,0.2620154,0.2136434,0.2378294
60.8300018,0.2568744,0.2108931,0.23388375
60.840004,0.259134,0.2075991,0.23336655
60.8500023,0.2558379,0.2113695,0.2336037
60.8600044,0.2524574,0.1994918,0.2259746
60.8700027,0.2546139,0.2074672,0.23104055
60.8800011,0.2566048,0.2117761,0.23419045
60.8900032,0.2513028,0.2099826,0.2306427
60.9000015,0.2561974,0.20558,0.2308887
60.9100037,0.259647,0.2054971,0.23257205
60.920002,0.258221,0.2069983,0.23260965
60.9300041,0.2560961,0.1941793,0.2251377
60.9400024,0.2537525,0.2047317,0.2292421
60.9500046,0.245773,0.2012215,0.22349725
60.9600029,0.2445966,0.2061381,0.22536735
60.9700012,0.2391315,0.2072831,0.2232073
60.9800034,0.2450314,0.2054233,0.22522735
60.9900017,0.2500235,0.2014833,0.2257534
61.0000038,0.253244,0.2023791,0.22781155
61.0100021,0.2466099,0.2029677,0.2247888
61.0200043,0.2501031,0.2066736,0.22838835
61.0300026,0.2462887,0.2062021,0.2262454
61.0400047,0.2481529,0.2036183,0.2258856
61.0500031,0.2473401,0.2075829,0.2274615
61.0600014,0.2492425,0.2108707,0.2300566
61.0700035,0.267087,0.2036412,0.2353641
61.0800018,0.2599504,0.2026305,0.23129045
61.090004,0.2643527,0.2111124,0.23773255
61.1000023,0.2554788,0.2039041,0.22969145
61.1100044,0.2549564,0.1970144,0.2259854
61.1200027,0.2580179,0.199913,0.22896545
61.1300011,0.2568383,0.2042384,0.23053835
61.1400032,0.262215,0.2001958,0.2312054
61.1500015,0.2619765,0.1946151,0.2282958
61.1600037,0.258865,0.199902,0.2293835
61.170002,0.2579287,0.1940219,0.2259753
61.1800041,0.2680961,0.2015338,0.23481495
61.1900024,0.2627311,0.2078762,0.23530365
61.2000046,0.2624315,0.2075146,0.23497305
61.2100029,0.2708706,0.1976442,0.2342574
61.2200012,0.2699445,0.2081077,0.2390261
61.2300034,0.2544638,0.2019477,0.22820575
61.2400017,0.2547555,0.1968371,0.2257963
61.2500038,0.2643237,0.2031018,0.23371275
61.2600021,0.2552554,0.2087715,0.23201345
61.2700043,0.2572263,0.2038288,0.23052755
61.2800026,0.2599814,0.2145866,0.237284
61.2900047,0.26019,0.2076078,0.2338989
61.3000031,0.2640959,0.214113,0.23910445
61.3100014,0.2671503,0.2020586,0.23460445
61.3200035,0.2773815,0.2081932,0.24278735
61.3300018,0.2760991,0.1951653,0.2356322
61.340004,0.26262,0.2075345,0.23507725
61.3500023,0.2658035,0.2016655,0.2337345
61.3600044,0.2762667,0.1965754,0.23642105
61.3700027,0.2760022,0.1985568,0.2372795
61.3800011,0.2672705,0.196978,0.23212425
61.3900032,0.264286,0.1918384,0.2280622
61.4000015,0.2707923,0.2010861,0.2359392
61.4100037,0.2585496,0.2055117,0.23203065
61.420002,0.2749423,0.2068626,0.24090245
61.4300041,0.2601867,0.2050531,0.2326199
61.4400024,0.2526522,0.2068623,0.22975725
61.4500046,0.2526057,0.1986924,0.22564905
61.4600029,0.2492747,0.2137043,0.2314895
61.4700012,0.253355,0.212776,0.2330655
61.4800034,0.2575803,0.2034755,0.2305279
61.4900017,0.2365001,0.2079041,0.2222021
61.5000038,0.2467511,0.2086936,0.22772235
61.5100021,0.2468952,0.2137738,0.2303345
61.5200043,0.2432866,0.2098801,0.22658335
61.5300026,0.2576926,0.2135061,0.23559935
61.5400047,0.2541248,0.2074233,0.23077405
61.5500031,0.2546628,0.2075303,0.23109655
61.5600014,0.2494943,0.2048483,0.2271713
61.5700035,0.2407354,0.2051489,0.22294215
61.5800018,0.2454103,0.202633,0.22402165
61.590004,0.2445292,0.2115814,0.2280553
61.6000023,0.2512752,0.2106373,0.23095625
61.6100044,0.2527096,0.2091736,0.2309416
61.6200027,0.259408,0.2043516,0.2318798
61.6300011,0.2718821,0.2080371,0.2399596
61.6400032,0.2660794,0.2072807,0.23668005
61.6500015,0.2526595,0.2068346,0.22974705
61.6600037,0.2562903,0.2118331,0.2340617
61.670002,0.2465765,0.210451,0.22851375
61.6800041,0.2480135,0.214703,0.23135825
61.6900024,0.2543643,0.2142992,0.23433175
61.7000046,0.2531978,0.2086896,0.2309437
61.7100029,0.2387074,0.2088257,0.22376655
61.7200012,0.2467037,0.2051479,0.2259258
61.7300034,0.2558479,0.2129267,0.2343873
61.7400017,0.258781,0.2055149,0.23214795
61.7500038,0.2550402,0.1934599,0.22425005
61.7600021,0.2465861,0.2025591,0.2245726
61.7700043,0.2399662,0.207422,0.2236941
61.7800026,0.2486629,0.2053472,0.22700505
61.7900047,0.2648679,0.2068297,0.2358488
61.8000031,0.2640045,0.2006057,0.2323051
61.8100014,0.2748019,0.2016777,0.2382398
61.8200035,0.2648746,0.2070785,0.23597655
61.8300018,0.2665997,0.2025343,0.234567
61.840004,0.2617106,0.2168795,0.23929505
61.8500023,0.2716586,0.2078853,0.23977195
61.8600044,0.2660976,0.2096075,0.23785255
61.8700027,0.2755896,0.1990394,0.2373145
61.8800011,0.2580992,0.2116115,0.23485535
61.8900032,0.2600806,0.2135611,0.23682085
61.9000015,0.2526599,0.2068333,0.2297466
61.9100037,0.2577352,0.2068259,0.23228055
61.920002,0.2575017,0.1950356,0.22626865
61.9300041,0.2627942,0.1989908,0.2308925
61.9400024,0.2649743,0.1959057,0.23044
61.9500046,0.2535558,0.2003233,0.22693955
61.9600029,0.251216,0.2050771,0.22814655
61.9700012,0.2500555,0.2041943,0.2271249
61.9800034,0.2465179,0.2097809,0.2281494
61.9900017,0.2442372,0.2090545,0.22664585
62.0000038,0.2353126,0.2143038,0.2248082
62.0100021,0.2496175,0.2051482,0.22738285
62.0200043,0.2450044,0.208349,0.2266767
62.0300026,0.2486386,0.2025,0.2255693
62.0400047,0.2454556,0.1985994,0.2220275
62.0500031,0.2622424,0.2002153,0.23122885
62.0600014,0.250509,0.1996978,0.2251034
62.0700035,0.2587717,0.2040118,0.23139175
62.0800018,0.2490806,0.2014328,0.2252567
62.090004,0.2561172,0.2007119,0.22841455
62.1000023,0.2546113,0.2036622,0.22913675
62.1100044,0.2737975,0.2026673,0.2382324
62.1200027,0.2642464,0.2079224,0.2360844
62.1300011,0.2722206,0.2115682,0.2418944
62.1400032,0.2598737,0.1993619,0.2296178
62.1500015,0.2725623,0.2073098,0.23993605
62.1600037,0.2704954,0.2081826,0.239339
62.170002,0.2495286,0.2041728,0.2268507
62.1800041,0.24756,0.209352,0.228456
62.1900024,0.2597649,0.2084765,0.2341207
62.2000046,0.2584458,0.2108696,0.2346577
62.2100029,0.2598834,0.2165004,0.2381919
62.2200012,0.2684021,0.207512,0.23795705
62.2300034,0.2777519,0.2162124,0.24698215
62.2400017,0.2673766,0.2002485,0.23381255
62.2500038,0.266715,0.1956795,0.23119725
62.2600021,0.2622785,0.2015835,0.231931
62.2700043,0.246525,0.2025638,0.2245444
62.2800026,0.2539118,0.2053426,0.2296272
62.2900047,0.2561972,0.2066918,0.2314445
62.3000031,0.2758906,0.2066333,0.24126195
62.3100014,0.2609725,0.2041561,0.2325643
62.3200035,0.2594872,0.2057347,0.23261095
62.3300018,0.2585788,0.2100296,0.2343042
62.340004,0.2685332,0.2010029,0.23476805
62.3500023,0.259971,0.2053031,0.23263705
62.3600044,0.2689607,0.2135632,0.24126195
62.3700027,0.2602244,0.2046446,0.2324345
62.3800011,0.2575344,0.2054604,0.2314974
62.3900032,0.2736513,0.2103919,0.2420216
62.4000015,0.2822347,0.2064432,0.24433895
62.4100037,0.2739104,0.198605,0.2362577
62.420002,0.2770149,0.1999308,0.23847285
62.4300041,0.2683534,0.204994,0.2366737
62.4400024,0.26088,0.2028246,0.2318523
62.4500046,0.2760743,0.2066426,0.24135845
62.4600029,0.2751264,0.1999153,0.23752085
62.4700012,0.2665588,0.201284,0.2339214
62.4800034,0.2683388,0.208388,0.2383634
62.4900017,0.26662,0.199525,0.2330725
62.5000038,0.2655804,0.2102352,0.2379078
62.5100021,0.265008,0.2041634,0.2345857
62.5200043,0.2682337,0.194985,0.23160935
62.5300026,0.2619559,0.2041703,0.2330631
62.5400047,0.2535314,0.200935,0.2272332
62.5500031,0.2571999,0.1969689,0.2270844
62.5600014,0.2708881,0.2062011,0.2385446
62.5700035,0.2696668,0.1973983,0.23353255
62.5800018,0.2718057,0.2068023,0.239304
62.590004,0.2707841,0.2045577,0.2376709
62.6000023,0.2791379,0.1952843,0.2372111
62.6100044,0.2661884,0.2023011,0.23424475
62.6200027,0.2720783,0.2020902,0.23708425
62.6300011,0.2753286,0.2001622,0.2377454
62.6400032,0.268777,0.1872197,0.22799835
62.6500015,0.2791498,0.1980889,0.23861935
62.6600037,0.2777357,0.2060011,0.2418684
62.670002,0.2678005,0.2140103,0.2409054
62.6800041,0.2737345,0.2030232,0.23837885
62.6900024,0.2727848,0.1994213,0.23610305
62.7000046,0.2726589,0.2018569,0.2372579
62.7100029,0.2804721,0.2030996,0.24178585
62.7200012,0.2845837,0.199165,0.24187435
62.7300034,0.278263,0.2083501,0.24330655
62.7400017,0.2900986,0.1928266,0.2414626
62.7500038,0.27127,0.1976352,0.2344526
62.7600021,0.2791411,0.1907873,0.2349642
62.7700043,0.2815927,0.1991792,0.24038595
62.7800026,0.2776063,0.1990351,0.2383207
62.7900047,0.2718466,0.1961369,0.23399175
62.8000031,0.2762625,0.1952295,0.235746
62.8100014,0.2704487,0.1913063,0.2308775
62.8200035,0.2753426,0.2008544,0.2380985
62.8300018,0.2703217,0.1995864,0.23495405
62.840004,0.2645156,0.1971015,0.23080855
62.8500023,0.2801754,0.193426,0.2368007
62.8600044,0.2818418,0.1976371,0.23973945
62.8700027,0.2769443,0.1987161,0.2378302
62.8800049,0.2700544,0.2014757,0.23576505
62.8900032,0.2675803,0.1981651,0.2328727
62.9000015,0.2747803,0.1995846,0.23718245
62.9100037,0.2845196,0.1962946,0.2404071
62.920002,0.2841194,0.206138,0.2451287
62.9300041,0.2830097,0.1955329,0.2392713
62.9400024,0.2797371,0.1987744,0.23925575
62.9500046,0.2686627,0.1990124,0.23383755
62.9600029,0.2833726,0.2043431,0.24385785
62.9700012,0.2789817,0.1988966,0.23893915
62.9800034,0.2762088,0.2025396,0.2393742
62.9900017,0.260413,0.1975694,0.2289912
63.0000038,0.2696268,0.192119,0.2308729
63.0100021,0.2621453,0.1998998,0.23102255
63.0200043,0.2611033,0.2011867,0.231145
63.0300026,0.2627364,0.2015801,0.23215825
63.0400047,0.2702725,0.2065005,0.2383865
63.0500031,0.2734776,0.2005032,0.2369904
63.0600014,0.2765632,0.2033596,0.2399614
63.0700035,0.2644305,0.2058523,0.2351414
63.0800018,0.2732086,0.1943158,0.2337622
63.090004,0.2682744,0.1994565,0.23386545
63.1000023,0.2723603,0.1997984,0.23607935
63.1100044,0.2747025,0.197372,0.23603725
63.1200027,0.2725534,0.1920312,0.2322923
63.1300049,0.2707434,0.1927373,0.23174035
63.1400032,0.2691452,0.1920439,0.23059455
63.1500015,0.2650699,0.2021814,0.23362565
63.1600037,0.262985,0.2036908,0.2333379
63.170002,0.2560627,0.1905843,0.2233235
63.1800041,0.2642533,0.1965713,0.2304123
63.1900024,0.2654414,0.19491,0.2301757
63.2000046,0.2678795,0.1990038,0.23344165
63.2100029,0.2640744,0.1992201,0.23164725
63.2200012,0.2519682,0.1936921,0.22283015
63.2300034,0.2475111,0.1914559,0.2194835
63.2400017,0.2490164,0.1968413,0.22292885
63.2500038,0.2482405,0.2065251,0.2273828
63.2600021,0.256752,0.1926753,0.22471365
63.2700043,0.2526012,0.2010349,0.22681805
63.2800026,0.251159,0.2048903,0.22802465
63.2900047,0.2477131,0.1952963,0.2215047
63.3000031,0.2471475,0.1975896,0.22236855
63.3100014,0.2469239,0.1986861,0.222805
63.3200035,0.2435692,0.1956198,0.2195945
63.3300018,0.24815,0.1914552,0.2198026
63.340004,0.2530986,0.2019878,0.2275432
63.3500023,0.257628,0.1919671,0.22479755
63.3600044,0.2410986,0.1998032,0.2204509
63.3700027,0.2403261,0.2002877,0.2203069
63.3800049,0.2475516,0.2131921,0.23037185
63.3900032,0.2384148,0.2081518,0.2232833
63.4000015,0.2437723,0.2090363,0.2264043
63.4100037,0.2445437,0.1920665,0.2183051
63.420002,0.2450673,0.1977104,0.22138885
63.4300041,0.2515296,0.1997817,0.22565565
63.4400024,0.2551736,0.1997708,0.2274722
63.4500046,0.255488,0.1968654,0.2261767
63.4600029,0.2528217,0.1924593,0.2226405
63.4700012,0.2765246,0.1885741,0.23254935
63.4800034,0.2595843,0.2031255,0.2313549
63.4900017,0.2640718,0.1977174,0.2308946
63.5000038,0.2532407,0.202233,0.22773685
63.5100021,0.2546904,0.2024814,0.2285859
63.5200043,0.2567749,0.2064383,0.2316066
63.5300026,0.242433,0.1994329,0.22093295
63.5400047,0.2579287,0.2005628,0.22924575
63.5500031,0.2544637,0.2065473,0.2305055
63.5600014,0.2648079,0.2060032,0.23540555
63.5700035,0.2566151,0.2072518,0.23193345
63.5800018,0.2668053,0.2091011,0.2379532
63.590004,0.2585746,0.1908796,0.2247271
63.6000023,0.2575448,0.1891664,0.2233556
63.6100044,0.2573131,0.1922582,0.22478565
63.6200027,0.2569805,0.192662,0.22482125
63.6300049,0.2596497,0.1997684,0.22970905
63.6400032,0.2629111,0.2032314,0.23307125
63.6500015,0.272721,0.2016677,0.23719435
63.6600037,0.2589799,0.1962536,0.22761675
63.670002,0.2661681,0.2102706,0.23821935
63.6800041,0.2621392,0.1968348,0.229487
63.6900024,0.2641563,0.2035493,0.2338528
63.7000046,0.2614009,0.2067695,0.2340852
63.7100029,0.2621607,0.2038336,0.23299715
63.7200012,0.2647537,0.2029531,0.2338534
63.7300034,0.2550162,0.1976812,0.2263487
63.7400017,0.2621605,0.2015031,0.2318318
63.7500038,0.2544317,0.1910644,0.22274805
63.7600021,0.2553196,0.2035115,0.22941555
63.7700043,0.2472132,0.2122782,0.2297457
63.7800026,0.2615716,0.211264,0.2364178
63.7900047,0.2636987,0.2081462,0.23592245
63.8000031,0.2462065,0.2046855,0.225446
63.8100014,0.2594686,0.2039453,0.23170695
63.8200035,0.2601946,0.193838,0.2270163
63.8300018,0.2582411,0.1990125,0.2286268
63.840004,0.2674901,0.1926346,0.23006235
63.8500023,0.2630956,0.2096612,0.2363784
63.8600044,0.2808339,0.2052991,0.2430665
63.8700027,0.262213,0.2016506,0.2319318
63.8800049,0.2622005,0.1918582,0.22702935
63.8900032,0.2687168,0.1980797,0.23339825
63.9000015,0.2582134,0.199256,0.2287347
63.9100037,0.2574122,0.199193,0.2283026
63.920002,0.2605835,0.1998097,0.2301966
63.9300041,0.2536386,0.1997998,0.2267192
63.9400024,0.2684659,0.2029758,0.23572085
63.9500046,0.2604208,0.1997477,0.23008425
63.9600029,0.2614135,0.2058856,0.23364955
63.9700012,0.2661884,0.2054319,0.23581015
63.9800034,0.2693348,0.1985616,0.2339482
63.9900017,0.2778608,0.2042048,0.2410328
64,0.279596,0.2050811,0.24233855
64.0100021,0.2742116,0.2033777,0.23879465
64.0200043,0.2547208,0.2044497,0.22958525
64.0300064,0.2654152,0.2024813,0.23394825
64.0400009,0.2622505,0.207534,0.23489225
64.0500031,0.2663054,0.2041861,0.23524575
64.0600052,0.2651998,0.208754,0.2369769
64.0699997,0.2570731,0.2075368,0.23230495
64.0800018,0.2740873,0.2130074,0.24354735
64.090004,0.2819288,0.2032827,0.24260575
64.1000061,0.2810235,0.204812,0.24291775
64.1100006,0.2744776,0.2094516,0.2419646
64.1200027,0.2727798,0.2201006,0.2464402
64.1300049,0.2604108,0.2127753,0.23659305
64.1399994,0.2799994,0.2083985,0.24419895
64.1500015,0.2897892,0.2092676,0.2495284
64.1600037,0.2741955,0.2079489,0.2410722
64.1700058,0.2710282,0.1977397,0.23438395
64.1800003,0.2638949,0.199836,0.23186545
64.1900024,0.2667994,0.1988744,0.2328369
64.2000046,0.2585125,0.1912952,0.22490385
64.2100067,0.2732533,0.192496,0.23287465
64.2200012,0.2655712,0.1823123,0.22394175
64.2300034,0.2767866,0.1910072,0.2338969
64.2400055,0.2669535,0.1932902,0.23012185
64.25,0.263227,0.200234,0.2317305
64.2600021,0.2653364,0.1979156,0.231626
64.2700043,0.2674298,0.1999017,0.23366575
64.2800064,0.2663448,0.2013889,0.23386685
64.2900009,0.2614165,0.1966496,0.22903305
64.3000031,0.2594738,0.1954499,0.22746185
64.3100052,0.2643971,0.19401,0.22920355
64.3199997,0.2722926,0.1859617,0.22912715
64.3300018,0.2665796,0.191922,0.2292508
64.340004,0.2661338,0.2016489,0.23389135
64.3500061,0.2653911,0.1989892,0.23219015
64.3600006,0.2631678,0.1861513,0.22465955
64.3700027,0.2626128,0.2036055,0.23310915
64.3800049,0.2720414,0.2019705,0.23700595
64.3899994,0.2776982,0.204989,0.2413436
64.4000015,0.2710135,0.2032102,0.23711185
64.4100037,0.2677756,0.2021555,0.23496555
64.4200058,0.2743063,0.201971,0.23813865
64.4300003,0.2765785,0.1969674,0.23677295
64.4400024,0.2805629,0.2019333,0.2412481
64.4500046,0.2812611,0.2089413,0.2451012
64.4600067,0.2718792,0.2028112,0.2373452
64.4700012,0.2641376,0.2045658,0.2343517
64.4800034,0.2727752,0.1983855,0.23558035
64.4900055,0.2677526,0.2010813,0.23441695
64.5,0.2674646,0.2056116,0.2365381
64.5100021,0.2640372,0.2021794,0.2331083
64.5200043,0.2836757,0.1968859,0.2402808
64.5300064,0.2754216,0.1993842,0.2374029
64.5400009,0.2757667,0.197928,0.23684735
64.5500031,0.2617561,0.1938399,0.227798
64.5600052,0.2698018,0.197403,0.2336024
64.5699997,0.2629062,0.1966415,0.22977385
64.5800018,0.2756194,0.1972439,0.23643165
64.590004,0.2781154,0.20229,0.2402027
64.6000061,0.272214,0.2066973,0.23945565
64.6100006,0.2569964,0.2007309,0.22886365
64.6200027,0.2874559,0.1987005,0.2430782
64.6300049,0.2721794,0.2039205,0.23804995
64.6399994,0.274407,0.2030911,0.23874905
64.6500015,0.2560243,0.2005848,0.22830455
64.6600037,0.246486,0.1997492,0.2231176
64.6700058,0.2519714,0.1948447,0.22340805
64.6800003,0.2551075,0.19906,0.22708375
64.6900024,0.2608552,0.2005283,0.23069175
64.7000046,0.2472278,0.1935407,0.22038425
64.7100067,0.2666904,0.2002588,0.2334746
64.7200012,0.2607271,0.2008177,0.2307724
64.7300034,0.2561911,0.2061421,0.2311666
64.7400055,0.2611177,0.195985,0.22855135
64.75,0.2509448,0.2035165,0.22723065
64.7600021,0.2572892,0.2077356,0.2325124
64.7700043,0.2660594,0.2117423,0.23890085
64.7800064,0.2575144,0.1971039,0.22730915
64.7900009,0.2556995,0.213172,0.23443575
64.8000031,0.2606369,0.2116885,0.2361627
64.8100052,0.2540788,0.2066263,0.23035255
64.8199997,0.2462983,0.2043751,0.2253367
64.8300018,0.2495212,0.2081677,0.22884445
64.840004,0.2582422,0.2087997,0.23352095
64.8500061,0.2696377,0.2076116,0.23862465
64.8600006,0.265123,0.2033514,0.2342372
64.8700027,0.2583741,0.2079138,0.23314395
64.8800049,0.2581549,0.2029409,0.2305479
64.8899994,0.2714134,0.2098493,0.24063135
64.9000015,0.2703112,0.2093261,0.23981865
64.9100037,0.2832648,0.1981212,0.240693
64.9200058,0.2834653,0.2022716,0.24286845
64.9300003,0.2744708,0.2021138,0.2382923
64.9400024,0.2724838,0.2077843,0.24013405
64.9500046,0.2731192,0.1961849,0.23465205
64.9600067,0.2647436,0.2019264,0.233335
64.9700012,0.2795966,0.2046229,0.24210975
64.9800034,0.2704574,0.2029679,0.23671265
64.9900055,0.2810284,0.2071445,0.24408645
65,0.2748442,0.2075754,0.2412098
65.0100021,0.2694138,0.2058791,0.23764645
65.0200043,0.267647,0.2016916,0.2346693
65.0300064,0.2664026,0.2086984,0.2375505
65.0400009,0.2640532,0.2001068,0.23208
65.0500031,0.2669963,0.2041992,0.23559775
65.0600052,0.2638466,0.1957194,0.229783
65.0699997,0.2744864,0.1866194,0.2305529
65.0800018,0.2631227,0.2025471,0.2328349
65.090004,0.272578,0.2046455,0.23861175
65.1000061,0.2680118,0.2068602,0.237436
65.1100006,0.2644641,0.2018091,0.2331366
65.1200027,0.2667624,0.2026147,0.23468855
65.1300049,0.2624644,0.2022921,0.23237825
65.1399994,0.2562367,0.1971038,0.22667025
65.1500015,0.2512951,0.2091441,0.2302196
65.1600037,0.2683015,0.2091125,0.238707
65.1700058,0.2570647,0.2082363,0.2326505
65.1800003,0.2557591,0.2136577,0.2347084
65.1900024,0.2642241,0.2049485,0.2345863
65.2000046,0.2668065,0.2014621,0.2341343
65.2100067,0.2704297,0.2044296,0.23742965
65.2200012,0.2593625,0.2089309,0.2341467
65.2300034,0.2640763,0.1977625,0.2309194
65.2400055,0.2678804,0.2072035,0.23754195
65.25,0.2582784,0.2087706,0.2335245
65.2600021,0.2595472,0.1983317,0.22893945
65.2700043,0.2664725,0.2076762,0.23707435
65.2800064,0.263615,0.2048861,0.23425055
65.2900009,0.2640164,0.1981609,0.23108865
65.3000031,0.258381,0.1997215,0.22905125
65.3100052,0.2629847,0.2015066,0.23224565
65.3199997,0.2552258,0.2106203,0.23292305
65.3300018,0.2567157,0.1976227,0.2271692
65.340004,0.2518442,0.1996565,0.22575035
65.3500061,0.2621931,0.2077512,0.23497215
65.3600006,0.2590631,0.2039628,0.23151295
65.3700027,0.2580664,0.201802,0.2299342
65.3800049,0.2464875,0.2116903,0.2290889
65.3899994,0.2570632,0.211787,0.2344251
65.4000015,0.2547882,0.2046641,0.22972615
65.4100037,0.2573527,0.210507,0.23392985
65.4200058,0.2585328,0.1973295,0.22793115
65.4300003,0.2531188,0.2004729,0.22679585
65.4400024,0.2475877,0.2010713,0.2243295
65.4500046,0.2509502,0.2026433,0.22679675
65.4600067,0.2501403,0.2019207,0.2260305
65.4700012,0.2455805,0.198415,0.22199775
65.4800034,0.2472504,0.1977771,0.22251375
65.4900055,0.2480824,0.1920321,0.22005725
65.5,0.2410778,0.1916591,0.21636845
65.5100021,0.241784,0.191968,0.216876
65.5200043,0.2589743,0.1856036,0.22228895
65.5300064,0.2535167,0.1962666,0.22489165
65.5400009,0.2492526,0.1883647,0.21880865
65.5500031,0.2406926,0.1843541,0.21252335
65.5600052,0.237724,0.1908642,0.2142941
65.5699997,0.2449412,0.1976501,0.22129565
65.5800018,0.2396984,0.1912901,0.21549425
65.590004,0.2455326,0.1844056,0.2149691
65.6000061,0.2480739,0.1929188,0.22049635
65.6100006,0.2453787,0.1879652,0.21667195
65.6200027,0.2412067,0.1967368,0.21897175
65.6300049,0.254988,0.1857963,0.22039215
65.6399994,0.2556768,0.188986,0.2223314
65.6500015,0.252844,0.1844929,0.21866845
65.6600037,0.2498548,0.1886236,0.2192392
65.6700058,0.2531416,0.1844759,0.21880875
65.6800003,0.2499918,0.195716,0.2228539
65.6900024,0.2527014,0.1850336,0.2188675
65.7000046,0.2415035,0.1955397,0.2185216
65.7100067,0.2503684,0.1911785,0.22077345
65.7200012,0.2583088,0.1849007,0.22160475
65.7300034,0.2686324,0.1960217,0.23232705
65.7400055,0.2544734,0.1939019,0.22418765
65.75,0.2556248,0.1914378,0.2235313
65.7600021,0.2607161,0.1866641,0.2236901
65.7700043,0.2565269,0.1800834,0.21830515
65.7800064,0.2574922,0.185311,0.2214016
65.7900009,0.2687429,0.1803354,0.22453915
65.8000031,0.2561796,0.1777579,0.21696875
65.8100052,0.2634584,0.1845113,0.22398485
65.8199997,0.2598662,0.1819293,0.22089775
65.8300018,0.2608275,0.1868255,0.2238265
65.840004,0.2603792,0.1909537,0.22566645
65.8500061,0.2513476,0.1788937,0.21512065
65.8600006,0.2589912,0.1897897,0.22439045
65.8700027,0.2583439,0.1854893,0.2219166
65.8800049,0.2427381,0.1832463,0.2129922
65.8899994,0.2442008,0.1900994,0.2171501
65.9000015,0.2419291,0.1994242,0.22067665
65.9100037,0.2725793,0.1873264,0.22995285
65.9200058,0.2584186,0.2015742,0.2299964
65.9300003,0.2773184,0.190017,0.2336677
65.9400024,0.2656425,0.1932382,0.22944035
65.9500046,0.2675563,0.1853457,0.226451
65.9600067,0.2597997,0.1931631,0.2264814
65.9700012,0.256395,0.1948185,0.22560675
65.9800034,0.2472501,0.195245,0.22124755
65.9900055,0.2599442,0.1923747,0.22615945
66,0.2512058,0.1879799,0.21959285
66.0100021,0.2506289,0.1917847,0.2212068
66.0200043,0.2426519,0.1943548,0.21850335
66.0300064,0.2315503,0.1874319,0.2094911
66.0400009,0.2246506,0.1865118,0.2055812
66.0500031,0.2382944,0.1909631,0.21462875
66.0600052,0.2356628,0.1970199,0.21634135
66.0699997,0.245168,0.1974456,0.2213068
66.0800018,0.268875,0.1928155,0.23084525
66.090004,0.2581376,0.1876249,0.22288125
66.1000061,0.2551208,0.1885769,0.22184885
66.1100006,0.2532227,0.1895006,0.22136165
66.1200027,0.2566683,0.190043,0.22335565
66.1300049,0.2496435,0.1892753,0.2194594
66.1399994,0.2544381,0.1914065,0.2229223
66.1500015,0.2531032,0.1920608,0.222582
66.1600037,0.2388766,0.1991286,0.2190026
66.1700058,0.2346109,0.1934446,0.21402775
66.1800003,0.2417889,0.1891467,0.2154678
66.1900024,0.2568533,0.1900861,0.2234697
66.2000046,0.247677,0.1866686,0.2171728
66.2100067,0.249555,0.1866916,0.2181233
66.2200012,0.2615006,0.1982882,0.2298944
66.2300034,0.2454427,0.1916353,0.218539
66.2400055,0.2441317,0.1802083,0.21217
66.25,0.255617,0.1858752,0.2207461
66.2600021,0.2601377,0.1889305,0.2245341
66.2700043,0.2491821,0.1905411,0.2198616
66.2800064,0.2416285,0.1885574,0.21509295
66.2900009,0.2565815,0.188068,0.22232475
66.3000031,0.2457487,0.1865036,0.21612615
66.3100052,0.2530457,0.1958517,0.2244487
66.3199997,0.2574963,0.1920723,0.2247843
66.3300018,0.2520885,0.1960393,0.2240639
66.340004,0.2498405,0.1990499,0.2244452
66.3500061,0.255038,0.1913014,0.2231697
66.3600006,0.2451258,0.1932216,0.2191737
66.3700027,0.25235,0.2003315,0.22634075
66.3800049,0.2617228,0.1924749,0.22709885
66.3899994,0.2735168,0.2058827,0.23969975
66.4000015,0.264185,0.1877651,0.22597505
66.4100037,0.2609813,0.1846725,0.2228269
66.4200058,0.2754661,0.1806778,0.22807195
66.4300003,0.2581659,0.1880165,0.2230912
66.4400024,0.254216,0.2066438,0.2304299
66.4500046,0.2577296,0.1972796,0.2275046
66.4600067,0.2466467,0.1969562,0.22180145
66.4700012,0.2569181,0.1976376,0.22727785
66.4800034,0.2505978,0.1971892,0.2238935
66.4900055,0.2478148,0.1984238,0.2231193
66.5,0.2627884,0.1849618,0.2238751
66.5100021,0.254026,0.1886021,0.22131405
66.5200043,0.2532181,0.1924509,0.2228345
66.5300064,0.2555085,0.1893475,0.222428
66.5400009,0.2545624,0.1888498,0.2217061
66.5500031,0.2587126,0.1869182,0.2228154
66.5600052,0.2618754,0.1945594,0.2282174
66.5699997,0.2696221,0.1955136,0.23256785
66.5800018,0.2703062,0.1962048,0.2332555
66.590004,0.2688451,0.200745,0.23479505
66.6000061,0.265226,0.1962527,0.23073935
66.6100006,0.2599115,0.2032269,0.2315692
66.6200027,0.2667363,0.1939078,0.23032205
66.6300049,0.2760763,0.1989882,0.23753225
66.6399994,0.2587832,0.2042917,0.23153745
66.6500015,0.256184,0.212216,0.2342
66.6600037,0.262159,0.2056154,0.2338872
66.6700058,0.2492314,0.1944525,0.22184195
66.6800003,0.258496,0.1999049,0.22920045
66.6900024,0.2675696,0.2072193,0.23739445
66.7000046,0.2708578,0.1997702,0.235314
66.7100067,0.2652964,0.2037484,0.2345224
66.7200012,0.2678615,0.2086541,0.2382578
66.7300034,0.2740775,0.2050162,0.23954685
66.7400055,0.2719681,0.207386,0.23967705
66.75,0.27102,0.2154056,0.2432128
66.7600021,0.2703784,0.2199046,0.2451415
66.7700043,0.2702659,0.2138066,0.24203625
66.7800064,0.2664128,0.2179207,0.24216675
66.7900009,0.2700135,0.211329,0.24067125
66.8000031,0.2752346,0.2163895,0.24581205
66.8100052,0.2634355,0.2130614,0.23824845
66.8199997,0.2714414,0.2055454,0.2384934
66.8300018,0.2630838,0.2185985,0.24084115
66.840004,0.2538478,0.2264784,0.2401631
66.8500061,0.2509795,0.2145595,0.2327695
66.8600006,0.2548905,0.2122229,0.2335567
66.8700027,0.2535702,0.2132709,0.23342055
66.8800049,0.2532046,0.2095817,0.23139315
66.8899994,0.2529868,0.2111838,0.2320853
66.9000015,0.2530805,0.2081561,0.2306183
66.9100037,0.2652874,0.2134022,0.2393448
66.9200058,0.2556352,0.2167291,0.23618215
66.9300003,0.2619883,0.2117782,0.23688325
66.9400024,0.2734151,0.2173118,0.24536345
66.9500046,0.2691647,0.2165249,0.2428448
66.9600067,0.268309,0.2252319,0.24677045
66.9700012,0.2735898,0.2277845,0.25068715
66.9800034,0.2642105,0.2203289,0.2422697
66.9900055,0.2707801,0.2190995,0.2449398
67,0.2591429,0.2089382,0.23404055
67.0100021,0.2630791,0.2145623,0.2388207
67.0200043,0.26542,0.2099013,0.23766065
67.0300064,0.2541755,0.2015909,0.2278832
67.0400009,0.2711602,0.2070319,0.23909605
67.0500031,0.2753961,0.2050816,0.24023885
67.0600052,0.277112,0.2062503,0.24168115
67.0699997,0.2685273,0.2088417,0.2386845
67.0800018,0.2589139,0.2066444,0.23277915
67.090004,0.2722847,0.2035296,0.23790715
67.1000061,0.2699545,0.2066635,0.238309
67.1100006,0.2738445,0.2026812,0.23826285
67.1200027,0.2764556,0.2153991,0.24592735
67.1300049,0.2666472,0.2036713,0.23515925
67.1399994,0.2677327,0.1999883,0.2338605
67.1500015,0.2758682,0.1966977,0.23628295
67.1600037,0.2736855,0.2115369,0.2426112
67.1700058,0.2671441,0.2069233,0.2370337
67.1800003,0.2631993,0.199085,0.23114215
67.1900024,0.2533824,0.1993982,0.2263903
67.2000046,0.2577539,0.1930574,0.22540565
67.2100067,0.2527062,0.2024052,0.2275557
67.2200012,0.2642534,0.190305,0.2272792
67.2300034,0.2591896,0.2025232,0.2308564
67.2400055,0.2633285,0.1974565,0.2303925
67.25,0.25944,0.2001175,0.22977875
67.2600021,0.2624266,0.2010193,0.23172295
67.2700043,0.2600258,0.1944369,0.22723135
67.2800064,0.2682233,0.1923918,0.23030755
67.2900009,0.2558915,0.2003874,0.22813945
67.3000031,0.2459465,0.1931708,0.21955865
67.3100052,0.2504244,0.1927231,0.22157375
67.3199997,0.2571536,0.1960856,0.2266196
67.3300018,0.259563,0.2014745,0.23051875
67.340004,0.2584091,0.2015514,0.22998025
67.3500061,0.2816721,0.2019865,0.2418293
67.3600006,0.270583,0.217698,0.2441405
67.3700027,0.2581618,0.2075442,0.232853
67.3800049,0.270581,0.2013283,0.23595465
67.3899994,0.2628503,0.2086717,0.235761
67.4000015,0.2703162,0.203721,0.2370186
67.4100037,0.257505,0.2047081,0.23110655
67.4200058,0.2608477,0.2112933,0.2360705
67.4300003,0.2529393,0.2107264,0.23183285
67.4400024,0.272179,0.2025481,0.23736355
67.4500046,0.2654872,0.2164785,0.24098285
67.4600067,0.2800176,0.2055772,0.2427974
67.4700012,0.2750873,0.2077158,0.24140155
67.4800034,0.2770603,0.1974369,0.2372486
67.4900055,0.2626709,0.2005613,0.2316161
67.5,0.2657125,0.2060181,0.2358653
67.5100021,0.2610479,0.199895,0.23047145
67.5200043,0.2700025,0.1926053,0.2313039
67.5300064,0.2754688,0.1961859,0.23582735
67.5400009,0.2847535,0.1959985,0.240376
67.5500031,0.275979,0.1972321,0.23660555
67.5600052,0.2857604,0.2007622,0.2432613
67.5699997,0.2895027,0.1996055,0.2445541
67.5800018,0.2782364,0.2022738,0.2402551
67.590004,0.2706206,0.1968027,0.23371165
67.6000061,0.2725463,0.1943932,0.23346975
67.6100006,0.2902569,0.1981508,0.24420385
67.6200027,0.288491,0.2035382,0.2460146
67.6300049,0.2814888,0.1960484,0.2387686
67.640007,0.2747144,0.1946629,0.23468865
67.6500015,0.2801786,0.1926811,0.23642985
67.6600037,0.2720688,0.1968903,0.23447955
67.6700058,0.2731633,0.2006587,0.236911
67.6800003,0.2689384,0.2026543,0.23579635
67.6900024,0.2739071,0.2026689,0.238288
67.7000046,0.279388,0.2083463,0.24386715
67.7100067,0.2759421,0.2073117,0.2416269
67.7200012,0.268463,0.2166911,0.24257705
67.7300034,0.2736647,0.2110155,0.2423401
67.7400055,0.2632109,0.2068508,0.23503085
67.75,0.2682753,0.2153876,0.24183145
67.7600021,0.2716332,0.2102598,0.2409465
67.7700043,0.2750083,0.2095802,0.24229425
67.7800064,0.2695229,0.1974894,0.23350615
67.7900009,0.2616928,0.2121907,0.23694175
67.8000031,0.2825822,0.2066275,0.24460485
67.8100052,0.278051,0.2104759,0.24426345
67.8199997,0.2750774,0.2058413,0.24045935
67.8300018,0.2802802,0.2045389,0.24240955
67.840004,0.2809268,0.2019178,0.2414223
67.8500061,0.2801731,0.1909374,0.23555525
67.8600006,0.2617385,0.1960959,0.2289172
67.8700027,0.2839173,0.1977026,0.24080995
67.8800049,0.2952529,0.2020459,0.2486494
67.890007,0.2695891,0.1976031,0.2335961
67.9000015,0.2802348,0.2031236,0.2416792
67.9100037,0.2836743,0.1998723,0.2417733
67.9200058,0.2766225,0.2049319,0.2407772
67.9300003,0.2748958,0.1971782,0.236037
67.9400024,0.2733287,0.2046221,0.2389754
67.9500046,0.2676765,0.1977055,0.232691
67.9600067,0.2749971,0.1979681,0.2364826
67.9700012,0.2644933,0.2063666,0.23542995
67.9800034,0.2750234,0.1906996,0.2328615
67.9900055,0.2752072,0.1985032,0.2368552
68,0.2701375,0.2017001,0.2359188
68.0100021,0.2660579,0.2008759,0.2334669
68.0200043,0.2807305,0.1968016,0.23876605
68.0300064,0.2837826,0.2063345,0.24505855
68.0400009,0.2826751,0.2003209,0.241498
68.0500031,0.2700514,0.2041408,0.2370961
68.0600052,0.2762216,0.1956106,0.2359161
68.0699997,0.2733976,0.1965139,0.23495575
68.0800018,0.2709446,0.2077839,0.23936425
68.090004,0.2684818,0.1988122,0.233647
68.1000061,0.2669929,0.1986759,0.2328344
68.1100006,0.2691015,0.1958025,0.232452
68.1200027,0.2719319,0.2034103,0.2376711
68.1300049,0.2688993,0.200148,0.23452365
68.140007,0.2623781,0.1993041,0.2308411
68.1500015,0.2640602,0.1994085,0.23173435
68.1600037,0.2545473,0.1990058,0.22677655
68.1700058,0.2611663,0.199265,0.23021565
68.1800003,0.2642322,0.2004775,0.23235485
68.1900024,0.275052,0.2083428,0.2416974
68.2000046,0.2672547,0.2017547,0.2345047
68.2100067,0.2680079,0.2051515,0.2365797
68.2200012,0.2632991,0.2020425,0.2326708
68.2300034,0.2668931,0.2074892,0.23719115
68.2400055,0.2636253,0.1981898,0.23090755
68.25,0.2645316,0.2012794,0.2329055
68.2600021,0.2668655,0.2061196,0.23649255
68.2700043,0.2711694,0.2039194,0.2375444
68.2800064,0.264411,0.2046458,0.2345284
68.2900009,0.2663383,0.2062816,0.23630995
68.3000031,0.2600147,0.2077276,0.23387115
68.3100052,0.2518729,0.2031759,0.2275244
68.3199997,0.2617134,0.2040086,0.232861
68.3300018,0.2600736,0.2107985,0.23543605
68.340004,0.2595883,0.2144967,0.2370425
68.3500061,0.2610911,0.2079597,0.2345254
68.3600006,0.2630127,0.2065151,0.2347639
68.3700027,0.2607884,0.2100822,0.2354353
68.3800049,0.2691368,0.2036029,0.23636985
68.390007,0.267523,0.1978303,0.23267665
68.4000015,0.2640159,0.1990782,0.23154705
68.4100037,0.2578617,0.2014292,0.22964545
68.4200058,0.267599,0.2069114,0.2372552
68.4300003,0.2424148,0.2044352,0.223425
68.4400024,0.2547192,0.2098859,0.23230255
68.4500046,0.2501315,0.2034434,0.22678745
68.4600067,0.2545442,0.2084167,0.23148045
68.4700012,0.2591108,0.2076507,0.23338075
68.4800034,0.2660221,0.2104839,0.238253
68.4900055,0.2609118,0.2121395,0.23652565
68.5,0.2537681,0.2110694,0.23241875
68.5100021,0.2538812,0.2107034,0.2322923
68.5200043,0.2565787,0.2057931,0.2311859
68.5300064,0.2425324,0.2017816,0.222157
68.5400009,0.2471706,0.2090852,0.2281279
68.5500031,0.2452883,0.201758,0.22352315
68.5600052,0.2441487,0.1966732,0.22041095
68.5699997,0.2531863,0.2079254,0.23055585
68.5800018,0.2561612,0.1964902,0.2263257
68.590004,0.2623607,0.2027831,0.2325719
68.6000061,0.2628672,0.2021592,0.2325132
68.6100006,0.2679365,0.204999,0.23646775
68.6200027,0.2568989,0.2096652,0.23328205
68.6300049,0.2721965,0.2055908,0.23889365
68.640007,0.2681548,0.2050983,0.23662655
68.6500015,0.2535778,0.2095742,0.231576
68.6600037,0.2622378,0.1963264,0.2292821
68.6700058,0.2598712,0.2045452,0.2322082
68.6800003,0.260643,0.1992502,0.2299466
68.6900024,0.2521857,0.2025397,0.2273627
68.7000046,0.261429,0.206386,0.2339075
68.7100067,0.2593669,0.1939838,0.22667535
68.7200012,0.2481541,0.2083893,0.2282717
68.7300034,0.2568523,0.20812,0.23248615
68.7400055,0.254346,0.2016905,0.22801825
68.75,0.2598172,0.2071075,0.23346235
68.7600021,0.257848,0.1985676,0.2282078
68.7700043,0.2650068,0.194039,0.2295229
68.7800064,0.2592453,0.1963899,0.2278176
68.7900009,0.2545362,0.1961299,0.22533305
68.8000031,0.2561132,0.1946728,0.225393
68.8100052,0.2504075,0.1989667,0.2246871
68.8199997,0.2482765,0.2002569,0.2242667
68.8300018,0.2522248,0.202316,0.2272704
68.840004,0.2555056,0.1993843,0.22744495
68.8500061,0.2486901,0.2058372,0.22726365
68.8600006,0.2600213,0.2035623,0.2317918
68.8700027,0.2551493,0.1987363,0.2269428
68.8800049,0.2570393,0.2020126,0.22952595
68.890007,0.2552815,0.2050936,0.23018755
68.9000015,0.2572603,0.191101,0.22418065
68.9100037,0.2469195,0.2035291,0.2252243
68.9200058,0.2476046,0.2003126,0.2239586
68.9300003,0.2526411,0.2041115,0.2283763
68.9400024,0.2657021,0.2022575,0.2339798
68.9500046,0.2608146,0.2059179,0.23336625
68.9600067,0.2679278,0.1992389,0.23358335
68.9700012,0.2628261,0.1981598,0.23049295
68.9800034,0.2752523,0.1966342,0.23594325
68.9900055,0.2793197,0.1986017,0.2389607
69,0.2836703,0.1994549,0.2415626
69.0100021,0.2856423,0.2029009,0.2442716
69.0200043,0.2940704,0.2086987,0.25138455
69.0300064,0.285547,0.2079544,0.2467507
69.0400009,0.2742257,0.2037668,0.23899625
69.0500031,0.2846677,0.211606,0.24813685
69.0600052,0.2787506,0.2128932,0.2458219
69.0699997,0.2808874,0.2012293,0.24105835
69.0800018,0.2668488,0.2047933,0.23582105
69.090004,0.2829573,0.2026535,0.2428054
69.1000061,0.2720844,0.2037436,0.237914
69.1100006,0.2723807,0.1973462,0.23486345
69.1200027,0.2730053,0.2073131,0.2401592
69.1300049,0.2798584,0.2058449,0.24285165
69.140007,0.2876111,0.2040738,0.24584245
69.1500015,0.2667533,0.2132957,0.2400245
69.1600037,0.2689078,0.2094975,0.23920265
69.1700058,0.2663572,0.2059819,0.23616955
69.1800003,0.2796764,0.2000236,0.23985
69.1900024,0.2713429,0.204925,0.23813395
69.2000046,0.2752804,0.2022824,0.2387814
69.2100067,0.2661506,0.2053196,0.2357351
69.2200012,0.265131,0.1950256,0.2300783
69.2300034,0.271791,0.1959438,0.2338674
69.2400055,0.2873913,0.2074909,0.2474411
69.25,0.2890276,0.2081747,0.24860115
69.2600021,0.2781774,0.2029306,0.240554
69.2700043,0.2862047,0.2101662,0.24818545
69.2800064,0.263096,0.211072,0.237084
69.2900009,0.2646233,0.2116924,0.23815785
69.3000031,0.275052,0.2126601,0.24385605
69.3100052,0.2711758,0.2120255,0.24160065
69.3199997,0.2699326,0.2099745,0.23995355
69.3300018,0.2739051,0.2031351,0.2385201
69.340004,0.2748824,0.202487,0.2386847
69.3500061,0.275589,0.2070389,0.24131395
69.3600006,0.2748118,0.2073088,0.2410603
69.3700027,0.2670939,0.2005043,0.2337991
69.3800049,0.2697994,0.2056712,0.2377353
69.390007,0.2680553,0.2047031,0.2363792
69.4000015,0.2629936,0.2097985,0.23639605
69.4100037,0.2740184,0.2014456,0.237732
69.4200058,0.278924,0.2064647,0.24269435
69.4300003,0.2755106,0.2129209,0.24421575
69.4400024,0.2634225,0.1961255,0.229774
69.4500046,0.2581196,0.1995656,0.2288426
69.4600067,0.2696145,0.2150939,0.2423542
69.4700012,0.260292,0.209209,0.2347505
69.4800034,0.2623324,0.2100135,0.23617295
69.4900055,0.2555765,0.2023219,0.2289492
69.5,0.253418,0.2025923,0.22800515
69.5100021,0.2664011,0.2028298,0.23461545
69.5200043,0.2599322,0.2115792,0.2357557
69.5300064,0.2606303,0.2111004,0.23586535
69.5400009,0.2644621,0.1981735,0.2313178
69.5500031,0.2632649,0.2096916,0.23647825
69.5600052,0.2663108,0.2061109,0.23621085
69.5699997,0.265484,0.2141051,0.23979455
69.5800018,0.2619469,0.2108872,0.23641705
69.590004,0.2486491,0.2114894,0.23006925
69.6000061,0.2598696,0.2038147,0.23184215
69.6100006,0.2534347,0.2061162,0.22977545
69.6200027,0.2602342,0.2105335,0.23538385
69.6300049,0.2857513,0.2114982,0.24862475
69.640007,0.2637405,0.2092482,0.23649435
69.6500015,0.2697009,0.2041685,0.2369347
69.6600037,0.2698539,0.2105122,0.24018305
69.6700058,0.2740983,0.2069298,0.24051405
69.6800003,0.2880867,0.2026758,0.24538125
69.6900024,0.2899534,0.204169,0.2470612
69.7000046,0.2866929,0.1997544,0.24322365
69.7100067,0.2759135,0.2007694,0.23834145
69.7200012,0.2718244,0.2032531,0.23753875
69.7300034,0.2656154,0.203275,0.2344452
69.7400055,0.2666532,0.2007875,0.23372035
69.75,0.2640235,0.1936982,0.22886085
69.7600021,0.2605849,0.1955907,0.2280878
69.7700043,0.2707535,0.2042816,0.23751755
69.7800064,0.26515,0.2093787,0.23726435
69.7900009,0.2568125,0.2084874,0.23264995
69.8000031,0.2611576,0.2109421,0.23604985
69.8100052,0.2788151,0.2113998,0.24510745
69.8199997,0.2662617,0.202378,0.23431985
69.8300018,0.2644764,0.2048062,0.2346413
69.840004,0.2726634,0.2096959,0.24117965
69.8500061,0.263365,0.2082316,0.2357983
69.8600006,0.2619577,0.205175,0.23356635
69.8700027,0.2578616,0.2065192,0.2321904
69.8800049,0.2630794,0.2008399,0.23195965
69.890007,0.2537304,0.2054678,0.2295991
69.9000015,0.2726186,0.2019872,0.2373029
69.9100037,0.2619429,0.1977049,0.2298239
69.9200058,0.2678736,0.2011767,0.23452515
69.9300003,0.2636437,0.1919582,0.22780095
69.9400024,0.2625042,0.1985288,0.2305165
69.9500046,0.2643617,0.1939291,0.2291454
69.9600067,0.2701122,0.194435,0.2322736
69.9700012,0.2707347,0.1987904,0.23476255
69.9800034,0.2611879,0.1901915,0.2256897
69.9900055,0.2868463,0.2024942,0.24467025
70,0.2761022,0.1921643,0.23413325
70.0100021,0.262132,0.1988203,0.23047615
70.0200043,0.253144,0.2037523,0.22844815
70.0300064,0.2490492,0.1981706,0.2236099
70.0400009,0.2551644,0.1975259,0.22634515
70.0500031,0.2584382,0.1893911,0.22391465
70.0600052,0.2590221,0.187387,0.22320455
70.0699997,0.2589869,0.2026106,0.23079875
70.0800018,0.2528813,0.193489,0.22318515
70.090004,0.2566305,0.2000601,0.2283453
70.1000061,0.2547744,0.2000412,0.2274078
70.1100006,0.2606571,0.1976968,0.22917695
70.1200027,0.2717765,0.2032145,0.2374955
70.1300049,0.2811735,0.1959971,0.2385853
70.140007,0.2700726,0.1970427,0.23355765
70.1500015,0.2632308,0.2018763,0.23255355
70.1600037,0.2734897,0.2013573,0.2374235
70.1700058,0.2667188,0.1970195,0.23186915
70.1800003,0.2713977,0.2044281,0.2379129
70.1900024,0.2663847,0.2030186,0.23470165
70.2000046,0.2679955,0.1997228,0.23385915
70.2100067,0.2747017,0.1981631,0.2364324
70.2200012,0.270275,0.2122485,0.24126175
70.2300034,0.2631086,0.2101084,0.2366085
70.2400055,0.2688132,0.2101924,0.2395028
70.25,0.2674152,0.20357,0.2354926
70.2600021,0.262345,0.2003998,0.2313724
70.2700043,0.275618,0.2033553,0.23948665
70.2800064,0.2798057,0.2095845,0.2446951
70.2900009,0.2836157,0.2011573,0.2423865
70.3000031,0.2678735,0.2103507,0.2391121
70.3100052,0.2728807,0.2033405,0.2381106
70.3199997,0.2734708,0.1976656,0.2355682
70.3300018,0.2751977,0.2019045,0.2385511
70.340004,0.2792232,0.1918748,0.235549
70.3500061,0.2806531,0.1996885,0.2401708
70.3600006,0.270099,0.1898375,0.22996825
70.3700027,0.2647801,0.1974473,0.2311137
70.3800049,0.27034,0.2034029,0.23687145
70.390007,0.265818,0.1970825,0.23145025
70.4000015,0.2666185,0.198171,0.23239475
70.4100037,0.2639672,0.1906122,0.2272897
70.4200058,0.2728464,0.1932664,0.2330564
70.4300003,0.2752924,0.1931138,0.2342031
70.4400024,0.2804776,0.1894872,0.2349824
70.4500046,0.2899899,0.1940887,0.2420393
70.4600067,0.2832713,0.1964861,0.2398787
70.4700012,0.2964222,0.1935146,0.2449684
70.4800034,0.297756,0.2003598,0.2490579
70.4900055,0.2865502,0.1973416,0.2419459
70.5,0.2989005,0.1960416,0.24747105
70.5100021,0.2847022,0.1956039,0.24015305
70.5200043,0.2653247,0.1977854,0.23155505
70.5300064,0.2646014,0.2031814,0.2338914
70.5400009,0.2787313,0.1935245,0.2361279
70.5500031,0.2685519,0.1924584,0.23050515
70.5600052,0.2776903,0.1987642,0.23822725
70.5699997,0.2706793,0.1991961,0.2349377
70.5800018,0.2713482,0.2020265,0.23668735
70.590004,0.2803037,0.1975098,0.23890675
70.6000061,0.2734975,0.1909274,0.23221245
70.6100006,0.2692442,0.1882184,0.2287313
70.6200027,0.274394,0.1938711,0.23413255
70.6300049,0.2647036,0.1986806,0.2316921
70.640007,0.2706512,0.1941401,0.23239565
70.6500015,0.2648939,0.1938593,0.2293766
70.6600037,0.2640424,0.1952302,0.2296363
70.6700058,0.2671663,0.1984727,0.2328195
70.6800003,0.2668956,0.1900137,0.22845465
70.6900024,0.2641491,0.1935164,0.22883275
70.7000046,0.2703602,0.1975438,0.233952
70.7100067,0.2679859,0.1994735,0.2337297
70.7200012,0.2620896,0.1962063,0.22914795
70.7300034,0.2747365,0.1916618,0.23319915
70.7400055,0.2822682,0.2012119,0.24174005
70.75,0.2651427,0.1983458,0.23174425
70.7600021,0.2706178,0.1964892,0.2335535
70.7700043,0.2625715,0.1948484,0.22870995
70.7800064,0.2788264,0.2009468,0.2398866
70.7900009,0.275481,0.1961243,0.23580265
70.8000031,0.2677236,0.2000287,0.23387615
70.8100052,0.2653194,0.1924814,0.2289004
70.8199997,0.2572815,0.1939072,0.22559435
70.8300018,0.2687426,0.1943605,0.23155155
70.840004,0.261537,0.1944605,0.22799875
70.8500061,0.2576852,0.2001079,0.22889655
70.8600006,0.2504842,0.2025881,0.22653615
70.8700027,0.2608578,0.200504,0.2306809
70.8800049,0.2502589,0.1960682,0.22316355
70.890007,0.2630064,0.1971035,0.23005495
70.9000015,0.2523516,0.1964309,0.22439125
70.9100037,0.2695788,0.1957929,0.23268585
70.9200058,0.2685952,0.1969089,0.23275205
70.9300003,0.2756774,0.1934715,0.23457445
70.9400024,0.2734882,0.1978862,0.2356872
70.9500046,0.2531482,0.2000937,0.22662095
70.9600067,0.2575358,0.1985636,0.2280497
70.9700012,0.2791303,0.1990367,0.2390835
70.9800034,0.2641454,0.1957808,0.2299631
70.9900055,0.2754477,0.1918906,0.23366915
71,0.273249,0.1930537,0.23315135
71.0100021,0.2731151,0.1967794,0.23494725
71.0200043,0.2590595,0.2015483,0.2303039
71.0300064,0.2569257,0.2031797,0.2300527
71.0400009,0.2778319,0.2070731,0.2424525
71.0500031,0.2681651,0.2062819,0.2372235
71.0600052,0.2693998,0.2076322,0.238516
71.0699997,0.279191,0.2203851,0.24978805
71.0800018,0.2808676,0.2042794,0.2425735
71.090004,0.268947,0.2019149,0.23543095
71.1000061,0.2700895,0.2039621,0.2370258
71.1100006,0.2623036,0.2051026,0.2337031
71.1200027,0.2663397,0.2013676,0.23385365
71.1300049,0.2637926,0.2029016,0.2333471
71.140007,0.2749883,0.1932371,0.2341127
71.1500015,0.2629275,0.1988325,0.23088
71.1600037,0.268369,0.2053335,0.23685125
71.1700058,0.2652008,0.202398,0.2337994
71.1800003,0.2750077,0.2035651,0.2392864
71.1900024,0.2629927,0.2062886,0.23464065
71.2000046,0.2606475,0.2033915,0.2320195
71.2100067,0.2456888,0.1963619,0.22102535
71.2200012,0.2593347,0.2012421,0.2302884
71.2300034,0.2638298,0.203709,0.2337694
71.2400055,0.251186,0.194065,0.2226255
71.25,0.2443899,0.1898529,0.2171214
71.2600021,0.2540967,0.1941093,0.224103
71.2700043,0.2557139,0.192412,0.22406295
71.2800064,0.244342,0.1993172,0.2218296
71.2900009,0.2598491,0.1958616,0.22785535
71.3000031,0.2573462,0.2033461,0.23034615
71.3100052,0.2511155,0.2014675,0.2262915
71.3199997,0.2675139,0.2021604,0.23483715
71.3300018,0.2624953,0.2040475,0.2332714
71.340004,0.2557654,0.2009912,0.2283783
71.3500061,0.2556542,0.1967154,0.2261848
71.3600006,0.2560607,0.1933172,0.22468895
71.3700027,0.2499971,0.1869771,0.2184871
71.3800049,0.2531378,0.19833,0.2257339
71.390007,0.2363954,0.1994963,0.21794585
71.4000015,0.2554404,0.1874906,0.2214655
71.4100037,0.255342,0.1910929,0.22321745
71.4200058,0.2682534,0.1859623,0.22710785
71.4300003,0.2654342,0.2017849,0.23360955
71.4400024,0.2598156,0.1956024,0.227709
71.4500046,0.2543578,0.1971895,0.22577365
71.4600067,0.2588053,0.2029651,0.2308852
71.4700012,0.2595625,0.1951728,0.22736765
71.4800034,0.2610369,0.1947391,0.227888
71.4900055,0.2668279,0.2016918,0.23425985
71.5,0.262628,0.1927806,0.2277043
71.5100021,0.2594043,0.1972147,0.2283095
71.5200043,0.2643968,0.1971661,0.23078145
71.5300064,0.2593531,0.2014842,0.23041865
71.5400009,0.2654992,0.1981,0.2317996
71.5500031,0.2705729,0.1992247,0.2348988
71.5600052,0.2681407,0.1929398,0.23054025
71.5699997,0.2653296,0.1925057,0.22891765
71.5800018,0.253079,0.1933838,0.2232314
71.590004,0.2615436,0.1872896,0.2244166
71.6000061,0.2691327,0.1944587,0.2317957
71.6100006,0.2685364,0.1964652,0.2325008
71.6200027,0.2537363,0.1981322,0.22593425
71.6300049,0.2527637,0.1859373,0.2193505
71.640007,0.2494043,0.189177,0.21929065
71.6500015,0.2582055,0.1934751,0.2258403
71.6600037,0.2474725,0.1949974,0.22123495
71.6700058,0.2569316,0.1953423,0.22613695
71.6800003,0.2420378,0.1886585,0.21534815
71.6900024,0.249985,0.196645,0.223315
71.7000046,0.2561783,0.1952291,0.2257037
71.7100067,0.2629859,0.1891089,0.2260474
71.7200012,0.2501182,0.1943094,0.2222138
71.7300034,0.2515285,0.1927817,0.2221551
71.7400055,0.2490547,0.1971344,0.22309455
71.75,0.2547659,0.2009289,0.2278474
71.7600021,0.2584581,0.1938438,0.22615095
71.7700043,0.2565885,0.1928776,0.22473305
71.7800064,0.257708,0.1908245,0.22426625
71.7900009,0.2553373,0.1953445,0.2253409
71.8000031,0.2590217,0.1947006,0.22686115
71.8100052,0.2598991,0.1845301,0.2222146
71.8199997,0.2724296,0.1957853,0.23410745
71.8300018,0.2586519,0.1924746,0.22556325
71.840004,0.2555855,0.1868482,0.22121685
71.8500061,0.2622797,0.1871377,0.2247087
71.8600006,0.2655441,0.1874552,0.22649965
71.8700027,0.2568085,0.1871719,0.2219902
71.8800049,0.2656831,0.1829655,0.2243243
71.890007,0.2642649,0.1893143,0.2267896
71.9000015,0.2596374,0.1881772,0.2239073
71.9100037,0.2713472,0.1863614,0.2288543
71.9200058,0.2631292,0.1801229,0.22162605
71.9300003,0.267731,0.1915382,0.2296346
71.9400024,0.266301,0.1820699,0.22418545
71.9500046,0.2612841,0.1815266,0.22140535
71.9600067,0.2582467,0.1973449,0.2277958
71.9700012,0.2602123,0.1902748,0.22524355
71.9800034,0.2566036,0.1932792,0.2249414
71.9900055,0.2566478,0.1895615,0.22310465
72,0.2508959,0.1867772,0.21883655
72.0100021,0.2583629,0.1945903,0.2264766
72.0200043,0.2663831,0.1985817,0.2324824
72.0300064,0.2687337,0.2057301,0.2372319
72.0400009,0.2595732,0.2036396,0.2316064
72.0500031,0.2487737,0.2024244,0.22559905
72.0600052,0.2607301,0.2007569,0.2307435
72.0699997,0.2605184,0.1972048,0.2288616
72.0800018,0.2643659,0.2023814,0.23337365
72.090004,0.257668,0.1946789,0.22617345
72.1000061,0.2474458,0.1971963,0.22232105
72.1100006,0.2480917,0.2012167,0.2246542
72.1200027,0.2556147,0.1975691,0.2265919
72.1300049,0.251816,0.2016302,0.2267231
72.140007,0.2613238,0.1949294,0.2281266
72.1500015,0.2603084,0.1924818,0.2263951
72.1600037,0.2569552,0.1903386,0.2236469
72.1700058,0.2602111,0.1884698,0.22434045
72.1800003,0.2562618,0.2013468,0.2288043
72.1900024,0.248088,0.1920254,0.2200567
72.2000046,0.2444625,0.2036532,0.22405785
72.2100067,0.2434905,0.1873299,0.2154102
72.2200012,0.254347,0.1852106,0.2197788
72.2300034,0.2510659,0.1886073,0.2198366
72.2400055,0.2413749,0.1949965,0.2181857
72.25,0.2439692,0.1841091,0.21403915
72.2600021,0.2461219,0.1863739,0.2162479
72.2700043,0.2367664,0.1905443,0.21365535
72.2800064,0.2459842,0.1877733,0.21687875
72.2900009,0.2398298,0.1946117,0.21722075
72.3000031,0.2362859,0.1963809,0.2163334
72.3100052,0.2457528,0.1986606,0.2222067
72.3199997,0.2492121,0.1922034,0.22070775
72.3300018,0.2526261,0.2006996,0.22666285
72.340004,0.2549008,0.204788,0.2298444
72.3500061,0.2555723,0.188389,0.22198065
72.3600006,0.2633819,0.1934703,0.2284261
72.3700027,0.2645983,0.1884551,0.2265267
72.3800049,0.2583882,0.1847133,0.22155075
72.390007,0.2556872,0.1919287,0.22380795
72.4000015,0.2504789,0.1919311,0.221205
72.4100037,0.260805,0.2053826,0.2330938
72.4200058,0.265462,0.1990625,0.23226225
72.4300003,0.2586984,0.2064767,0.23258755
72.4400024,0.2597557,0.188325,0.22404035
72.4500046,0.2608094,0.19769,0.2292497
72.4600067,0.2605843,0.2085063,0.2345453
72.4700012,0.2645889,0.1932684,0.22892865
72.4800034,0.264421,0.1942819,0.22935145
72.4900055,0.2782852,0.1905473,0.23441625
72.5,0.2563434,0.1948453,0.22559435
72.5100021,0.2637506,0.1937805,0.22876555
72.5200043,0.2504257,0.1996971,0.2250614
72.5300064,0.2639449,0.1975003,0.2307226
72.5400009,0.2606143,0.2032968,0.23195555
72.5500031,0.2593593,0.1988323,0.2290958
72.5600052,0.264754,0.2044576,0.2346058
72.5699997,0.2609006,0.1934769,0.22718875
72.5800018,0.2527846,0.1968363,0.22481045
72.590004,0.2423877,0.1990115,0.2206996
72.6000061,0.2572123,0.2002211,0.2287167
72.6100006,0.249627,0.1880143,0.21882065
72.6200027,0.2475307,0.1956293,0.22158
72.6300049,0.2523196,0.2000335,0.22617655
72.640007,0.2541729,0.1853035,0.2197382
72.6500015,0.2493751,0.1919565,0.2206658
72.6600037,0.248233,0.1892561,0.21874455
72.6700058,0.2460262,0.1936554,0.2198408
72.6800003,0.251413,0.2017761,0.22659455
72.6900024,0.2521906,0.205682,0.2289363
72.7000046,0.2572134,0.2004899,0.22885165
72.7100067,0.2517621,0.1875145,0.2196383
72.7200012,0.2430788,0.1935646,0.2183217
72.7300034,0.2448878,0.1942041,0.21954595
72.7400055,0.2516028,0.1969756,0.2242892
72.75,0.2481118,0.1946279,0.22136985
72.7600021,0.2625685,0.1887524,0.22566045
72.7700043,0.2574942,0.1891047,0.22329945
72.7800064,0.2600425,0.1966745,0.2283585
72.7900009,0.2554949,0.1923402,0.22391755
72.8000031,0.253082,0.1988759,0.22597895
72.8100052,0.2598512,0.1974479,0.22864955
72.8199997,0.265878,0.1902968,0.2280874
72.8300018,0.2603256,0.202537,0.2314313
72.840004,0.2582278,0.2023563,0.23029205
72.8500061,0.2623903,0.1982409,0.2303156
72.8600006,0.2650581,0.2046346,0.23484635
72.8700027,0.2718184,0.2017304,0.2367744
72.8800049,0.2739796,0.1942697,0.23412465
72.890007,0.2702371,0.1929556,0.23159635
72.9000015,0.2610847,0.1977944,0.22943955
72.9100037,0.2392714,0.1992077,0.21923955
72.9200058,0.2559903,0.2117967,0.2338935
72.9300003,0.2584974,0.2056383,0.23206785
72.9400024,0.2616973,0.1992493,0.2304733
72.9500046,0.2667198,0.2008965,0.23380815
72.9600067,0.2601502,0.1982921,0.22922115
72.9700012,0.2539564,0.2001964,0.2270764
72.9800034,0.258568,0.2065481,0.23255805
72.9900055,0.2633222,0.205953,0.2346376
73,0.2653809,0.2001767,0.2327788
73.0100021,0.2621244,0.205319,0.2337217
73.0200043,0.2703208,0.1994645,0.23489265
73.0300064,0.2729126,0.2009601,0.23693635
73.0400009,0.2596907,0.1932251,0.2264579
73.0500031,0.2587256,0.1990956,0.2289106
73.0600052,0.2627445,0.202584,0.23266425
73.0699997,0.2707553,0.1980149,0.2343851
73.0800018,0.2645051,0.198171,0.23133805
73.090004,0.2579861,0.1934163,0.2257012
73.1000061,0.2558738,0.1993171,0.22759545
73.1100006,0.2623514,0.2058804,0.2341159
73.1200027,0.2456949,0.205373,0.22553395
73.1300049,0.255405,0.2053284,0.2303667
73.140007,0.2482094,0.2008445,0.22452695
73.1500015,0.2507038,0.2018508,0.2262773
73.1600037,0.2571656,0.1932001,0.22518285
73.1700058,0.2505743,0.2068584,0.22871635
73.1800003,0.2624042,0.1967,0.2295521
73.1900024,0.2683635,0.2028751,0.2356193
73.2000046,0.2564091,0.2145587,0.2354839
73.2100067,0.2585787,0.2026976,0.23063815
73.2200012,0.2593278,0.2108395,0.23508365
73.2300034,0.2598629,0.2042299,0.2320464
73.2400055,0.2533793,0.2042888,0.22883405
73.25,0.2584583,0.1966477,0.227553
73.2600021,0.2499922,0.1928127,0.22140245
73.2700043,0.2490347,0.1935772,0.22130595
73.2800064,0.2400533,0.1978165,0.2189349
73.2900009,0.244975,0.1988672,0.2219211
73.3000031,0.2452596,0.1954954,0.2203775
73.3100052,0.2378362,0.1933075,0.21557185
73.3199997,0.2464743,0.1991269,0.2228006
73.3300018,0.2476099,0.2029825,0.2252962
73.340004,0.253795,0.198328,0.2260615
73.3500061,0.2554339,0.2012157,0.2283248
73.3600006,0.2604755,0.1938467,0.2271611
73.3700027,0.2582805,0.1951731,0.2267268
73.3800049,0.261015,0.1920116,0.2265133
73.390007,0.262757,0.1981869,0.23047195
73.4000015,0.2594194,0.1996619,0.22954065
73.4100037,0.2605555,0.1956657,0.2281106
73.4200058,0.254757,0.1903703,0.22256365
73.4300003,0.263133,0.1973229,0.23022795
73.4400024,0.2633508,0.2001579,0.23175435
73.4500046,0.2620604,0.191343,0.2267017
73.4600067,0.2590851,0.1963081,0.2276966
73.4700012,0.2651714,0.1980053,0.23158835
73.4800034,0.2620216,0.1925114,0.2272665
73.4900055,0.2634191,0.1958707,0.2296449
73.5,0.2544855,0.1971532,0.22581935
73.5100021,0.2535769,0.2073484,0.23046265
73.5200043,0.2510737,0.1961906,0.22363215
73.5300064,0.2531788,0.1992685,0.22622365
73.5400009,0.2552431,0.1995019,0.2273725
73.5500031,0.2492181,0.2072419,0.22823
73.5600052,0.2487154,0.2105478,0.2296316
73.5699997,0.2463494,0.2066619,0.22650565
73.5800018,0.2422927,0.1947867,0.2185397
73.590004,0.2325851,0.2020147,0.2172999
73.6000061,0.2484314,0.1939942,0.2212128
73.6100006,0.2539892,0.1998389,0.22691405
73.6200027,0.241529,0.1967919,0.21916045
73.6300049,0.2472379,0.1933398,0.22028885
73.640007,0.2524761,0.1966249,0.2245505
73.6500015,0.2521577,0.2015582,0.22685795
73.6600037,0.2582571,0.1963014,0.22727925
73.6700058,0.2514592,0.1941951,0.22282715
73.6800003,0.2567017,0.1940238,0.22536275
73.6900024,0.2565242,0.2001482,0.2283362
73.7000046,0.2456033,0.1985725,0.2220879
73.7100067,0.2410109,0.1933547,0.2171828
73.7200012,0.2682346,0.1952021,0.23171835
73.7300034,0.255385,0.1905008,0.2229429
73.7400055,0.2557945,0.2002258,0.22801015
73.75,0.2545376,0.1966902,0.2256139
73.7600021,0.2575504,0.1975722,0.2275613
73.7700043,0.2689551,0.2094268,0.23919095
73.7800064,0.2601236,0.2011868,0.2306552
73.7900009,0.2517576,0.1927521,0.22225485
73.8000031,0.2548506,0.1985126,0.2266816
73.8100052,0.2490371,0.1944139,0.2217255
73.8199997,0.2592825,0.1867793,0.2230309
73.8300018,0.263209,0.1864354,0.2248222
73.840004,0.2611467,0.1901218,0.22563425
73.8500061,0.2751892,0.1924087,0.23379895
73.8600006,0.269027,0.1916608,0.2303439
73.8700027,0.2661321,0.1867608,0.22644645
73.8800049,0.2635748,0.1889402,0.2262575
73.890007,0.2675842,0.1827499,0.22516705
73.9000015,0.2641336,0.1979075,0.23102055
73.9100037,0.2684192,0.1962102,0.2323147
73.9200058,0.2604466,0.1977151,0.22908085
73.9300003,0.2541409,0.1940472,0.22409405
73.9400024,0.2626773,0.1865198,0.22459855
73.9500046,0.2580347,0.1945862,0.22631045
73.9600067,0.2670363,0.1916341,0.2293352
73.9700012,0.2566052,0.2007331,0.22866915
73.9800034,0.2523831,0.1922186,0.22230085
73.9900055,0.2516861,0.1969082,0.22429715
74,0.2524722,0.1906991,0.22158565
74.0100021,0.2507502,0.1930456,0.2218979
74.0200043,0.2460433,0.2030908,0.22456705
74.0300064,0.2485128,0.1893336,0.2189232
74.0400009,0.2444824,0.183317,0.2138997
74.0500031,0.2574665,0.1978671,0.2276668
74.0600052,0.24706,0.1861635,0.21661175
74.0700073,0.2545111,0.1896539,0.2220825
74.0800018,0.2519233,0.1937586,0.22284095
74.090004,0.2477602,0.195013,0.2213866
74.1000061,0.24332,0.2006546,0.2219873
74.1100006,0.2585622,0.2024629,0.23051255
74.1200027,0.2630082,0.1970651,0.23003665
74.1300049,0.2636437,0.2039248,0.23378425
74.140007,0.2533942,0.1988983,0.22614625
74.1500015,0.2499928,0.1921705,0.22108165
74.1600037,0.2634134,0.1850732,0.2242433
74.1700058,0.2765515,0.1809724,0.22876195
74.1800003,0.2712328,0.1896375,0.23043515
74.1900024,0.2673003,0.1894343,0.2283673
74.2000046,0.2616723,0.1954264,0.22854935
74.2100067,0.2631629,0.2037372,0.23345005
74.2200012,0.2622827,0.1994541,0.2308684
74.2300034,0.262424,0.1924828,0.2274534
74.2400055,0.2593533,0.1979457,0.2286495
74.25,0.2560875,0.1991038,0.22759565
74.2600021,0.2630077,0.2044511,0.2337294
74.2700043,0.2711845,0.1910255,0.231105
74.2800064,0.2685617,0.1841516,0.22635665
74.2900009,0.2638896,0.1915625,0.22772605
74.3000031,0.2749956,0.193318,0.2341568
74.3100052,0.2743913,0.2007489,0.2375701
74.3200073,0.2693593,0.1931755,0.2312674
74.3300018,0.2626124,0.1825922,0.2226023
74.340004,0.2689081,0.1976623,0.2332852
74.3500061,0.2649405,0.1950263,0.2299834
74.3600006,0.2685845,0.2027923,0.2356884
74.3700027,0.2681201,0.1924525,0.2302863
74.3800049,0.2700695,0.2042759,0.2371727
74.390007,0.2578144,0.204434,0.2311242
74.4000015,0.253327,0.2019328,0.2276299
74.4100037,0.2487226,0.1954319,0.22207725
74.4200058,0.259606,0.2068237,0.23321485
74.4300003,0.2617924,0.2051325,0.23346245
74.4400024,0.2616575,0.2080475,0.2348525
74.4500046,0.2530847,0.2119203,0.2325025
74.4600067,0.2563984,0.2035526,0.2299755
74.4700012,0.2555324,0.2111679,0.23335015
74.4800034,0.2511146,0.2146704,0.2328925
74.4900055,0.2444109,0.2082914,0.22635115
74.5,0.2569573,0.2032207,0.230089
74.5100021,0.2611699,0.2120851,0.2366275
74.5200043,0.2516207,0.2059594,0.22879005
74.5300064,0.2598407,0.202352,0.23109635
74.5400009,0.2590932,0.2060465,0.23256985
74.5500031,0.2635265,0.2014431,0.2324848
74.5600052,0.2495449,0.1995715,0.2245582
74.5700073,0.2584111,0.2030123,0.2307117
74.5800018,0.2588574,0.2041193,0.23148835
74.590004,0.2554002,0.2023893,0.22889475
74.6000061,0.251582,0.1908862,0.2212341
74.6100006,0.2518094,0.1959343,0.22387185
74.6200027,0.248584,0.1992901,0.22393705
74.6300049,0.2560827,0.1997126,0.22789765
74.640007,0.2485294,0.2014749,0.22500215
74.6500015,0.2509309,0.1909163,0.2209236
74.6600037,0.2627121,0.1983888,0.23055045
74.6700058,0.2629158,0.1949469,0.22893135
74.6800003,0.2582467,0.1975593,0.227903
74.6900024,0.260079,0.1909831,0.22553105
74.7000046,0.2453892,0.192526,0.2189576
74.7100067,0.2498903,0.1991702,0.22453025
74.7200012,0.2568789,0.1953641,0.2261215
74.7300034,0.2577527,0.1868719,0.2223123
74.7400055,0.2691418,0.191403,0.2302724
74.75,0.2647735,0.202168,0.23347075
74.7600021,0.2662863,0.196936,0.23161115
74.7700043,0.2642208,0.1907137,0.22746725
74.7800064,0.2699573,0.1941255,0.2320414
74.7900009,0.2483002,0.1900853,0.21919275
74.8000031,0.2570814,0.1889644,0.2230229
74.8100052,0.2585236,0.190781,0.2246523
74.8200073,0.2519892,0.1973488,0.224669
74.8300018,0.2590232,0.1968903,0.22795675
74.840004,0.2429426,0.1904254,0.216684
74.8500061,0.2497172,0.1851159,0.21741655
74.8600006,0.2576173,0.1898533,0.2237353
74.8700027,0.2538686,0.191154,0.2225113
74.8800049,0.246795,0.199648,0.2232215
74.890007,0.2494226,0.1882239,0.21882325
74.9000015,0.2562652,0.19954,0.2279026
74.9100037,0.2563686,0.1936115,0.22499005
74.9200058,0.2493767,0.2034087,0.2263927
74.9300003,0.2592141,0.1932939,0.226254
74.9400024,0.2532477,0.2038924,0.22857005
74.9500046,0.2637095,0.1987983,0.2312539
74.9600067,0.2488547,0.2005672,0.22471095
74.9700012,0.2539325,0.2011034,0.22751795
74.9800034,0.2489277,0.2014,0.22516385
74.9900055,0.2518266,0.2005256,0.2261761
75,0.2532267,0.2044952,0.22886095
75.0100021,0.2523125,0.1990952,0.22570385
75.0200043,0.2468786,0.1983726,0.2226256
75.0300064,0.2555404,0.1996454,0.2275929
75.0400009,0.2529526,0.2038709,0.22841175
75.0500031,0.2554932,0.1940822,0.2247877
75.0600052,0.2469092,0.1976472,0.2222782
75.0700073,0.2476913,0.2017925,0.2247419
75.0800018,0.2460101,0.1943585,0.2201843
75.090004,0.2405548,0.2007943,0.22067455
75.1000061,0.2470512,0.2024642,0.2247577
75.1100006,0.2622295,0.1935098,0.22786965
75.1200027,0.2632769,0.2014277,0.2323523
75.1300049,0.2626426,0.2063675,0.23450505
75.140007,0.2570448,0.1953696,0.2262072
75.1500015,0.2479402,0.1897068,0.2188235
75.1600037,0.2456471,0.1941626,0.21990485
75.1700058,0.2570412,0.1936448,0.225343
75.1800003,0.2601438,0.1928791,0.22651145
75.1900024,0.2543657,0.2076108,0.23098825
75.2000046,0.2614084,0.2032106,0.2323095
75.2100067,0.2592973,0.1836316,0.22146445
75.2200012,0.2509658,0.1911056,0.2210357
75.2300034,0.2463356,0.1907517,0.21854365
75.2400055,0.2595809,0.1941805,0.2268807
75.25,0.2547231,0.1932179,0.2239705
75.2600021,0.2429454,0.1979278,0.2204366
75.2700043,0.2496375,0.1990926,0.22436505
75.2800064,0.2573924,0.2020759,0.22973415
75.2900009,0.2489434,0.1997826,0.224363
75.3000031,0.2500503,0.2034565,0.2267534
75.3100052,0.2535474,0.2045346,0.229041
75.3200073,0.2524318,0.2013008,0.2268663
75.3300018,0.2573855,0.2077406,0.23256305
75.340004,0.2506883,0.2036126,0.22715045
75.3500061,0.2518494,0.2067959,0.22932265
75.3600006,0.2469701,0.2029981,0.2249841
75.3700027,0.2419864,0.2054894,0.2237379
75.3800049,0.247364,0.2095015,0.22843275
75.390007,0.2527359,0.1980305,0.2253832
75.4000015,0.2426711,0.2020636,0.22236735
75.4100037,0.2461197,0.2068831,0.2265014
75.4200058,0.2508843,0.2065635,0.2287239
75.4300003,0.2611332,0.211707,0.2364201
75.4400024,0.2644984,0.200869,0.2326837
75.4500046,0.2590759,0.1964563,0.2277661
75.4600067,0.2572226,0.2048731,0.23104785
75.4700012,0.26668,0.1966708,0.2316754
75.4800034,0.2636223,0.2024284,0.23302535
75.4900055,0.2580549,0.2020206,0.23003775
75.5,0.2548419,0.1980965,0.2264692
75.5100021,0.2454479,0.1992682,0.22235805
75.5200043,0.2546291,0.1960862,0.22535765
75.5300064,0.2383233,0.1972023,0.2177628
75.5400009,0.2426525,0.202626,0.22263925
75.5500031,0.2389481,0.1978624,0.21840525
75.5600052,0.2510513,0.1865571,0.2188042
75.5700073,0.2583388,0.1965056,0.2274222
75.5800018,0.2483014,0.2008548,0.2245781
75.590004,0.2553009,0.1901635,0.2227322
75.6000061,0.2676172,0.1887804,0.2281988
75.6100006,0.252907,0.1875925,0.22024975
75.6200027,0.2542459,0.1938596,0.22405275
75.6300049,0.2558358,0.187749,0.2217924
75.640007,0.2526239,0.1883979,0.2205109
75.6500015,0.251974,0.1817893,0.21688165
75.6600037,0.2617634,0.1962961,0.22902975
75.6700058,0.2569866,0.1921139,0.22455025
75.6800003,0.257834,0.1867812,0.2223076
75.6900024,0.2683173,0.1988085,0.2335629
75.7000046,0.2615575,0.1927755,0.2271665
75.7100067,0.2670631,0.196571,0.23181705
75.7200012,0.263984,0.1965754,0.2302797
75.7300034,0.2624251,0.2028936,0.23265935
75.7400055,0.2690615,0.192337,0.23069925
75.75,0.2683682,0.1975283,0.23294825
75.7600021,0.2587923,0.1988205,0.2288064
75.7700043,0.2607009,0.19941,0.23005545
75.7800064,0.2667972,0.2007598,0.2337785
75.7900009,0.2580177,0.1979205,0.2279691
75.8000031,0.2501745,0.1983149,0.2242447
75.8100052,0.2596674,0.1927385,0.22620295
75.8200073,0.268328,0.1968388,0.2325834
75.8300018,0.260893,0.1971758,0.2290344
75.840004,0.2580106,0.1965933,0.22730195
75.8500061,0.2603042,0.1984129,0.22935855
75.8600006,0.2489757,0.1987763,0.223876
75.8700027,0.2544244,0.2024935,0.22845895
75.8800049,0.253361,0.1950875,0.22422425
75.890007,0.2531793,0.1996601,0.2264197
75.9000015,0.2653666,0.195455,0.2304108
75.9100037,0.260415,0.1979028,0.2291589
75.9200058,0.2542504,0.2029368,0.2285936
75.9300003,0.2478315,0.1985364,0.22318395
75.9400024,0.2460064,0.1956825,0.22084445
75.9500046,0.2479135,0.1856916,0.21680255
75.9600067,0.2535226,0.2012867,0.22740465
75.9700012,0.250299,0.1876148,0.2189569
75.9800034,0.2531657,0.1967221,0.2249439
75.9900055,0.2450094,0.1931794,0.2190944
76,0.2649786,0.1978908,0.2314347
76.0100021,0.2494166,0.1912042,0.2203104
76.0200043,0.2635115,0.1936595,0.2285855
76.0300064,0.2584389,0.1898558,0.22414735
76.0400009,0.2474014,0.1920868,0.2197441
76.0500031,0.2373846,0.1995749,0.21847975
76.0600052,0.2404136,0.1881191,0.21426635
76.0700073,0.2420099,0.1995091,0.2207595
76.0800018,0.2545816,0.1933911,0.22398635
76.090004,0.2547246,0.1964213,0.22557295
76.1000061,0.2591407,0.1925598,0.22585025
76.1100006,0.2418827,0.1835858,0.21273425
76.1200027,0.247742,0.1891712,0.2184566
76.1300049,0.2563909,0.195961,0.22617595
76.140007,0.2490937,0.1920498,0.22057175
76.1500015,0.259331,0.1968758,0.2281034
76.1600037,0.2493677,0.1931068,0.22123725
76.1700058,0.2572398,0.1906603,0.22395005
76.1800003,0.2493871,0.1963001,0.2228436
76.1900024,0.2539039,0.1896052,0.22175455
76.2000046,0.2654887,0.1885643,0.2270265
76.2100067,0.2583295,0.1991459,0.2287377
76.2200012,0.2559777,0.1956536,0.22581565
76.2300034,0.2653193,0.1946237,0.2299715
76.2400055,0.2714346,0.1915947,0.23151465
76.25,0.2647965,0.1973056,0.23105105
76.2600021,0.2561267,0.1982102,0.22716845
76.2700043,0.253262,0.1983715,0.22581675
76.2800064,0.2719548,0.203873,0.2379139
76.2900009,0.2623474,0.199662,0.2310047
76.3000031,0.2466445,0.2000536,0.22334905
76.3100052,0.253481,0.2003827,0.22693185
76.3200073,0.2654841,0.2058715,0.2356778
76.3300018,0.2599501,0.210145,0.23504755
76.340004,0.2523218,0.1986161,0.22546895
76.3500061,0.2592176,0.1983581,0.22878785
76.3600006,0.2661993,0.1967333,0.2314663
76.3700027,0.2629143,0.1958005,0.2293574
76.3800049,0.2610624,0.2008405,0.23095145
76.390007,0.2643978,0.202187,0.2332924
76.4000015,0.2633115,0.1954022,0.22935685
76.4100037,0.2612464,0.1985743,0.22991035
76.4200058,0.262885,0.201266,0.2320755
76.4300003,0.2593748,0.2056807,0.23252775
76.4400024,0.2667482,0.2035051,0.23512665
76.4500046,0.2527036,0.1976529,0.22517825
76.4600067,0.2509755,0.2049174,0.22794645
76.4700012,0.2589384,0.2017559,0.23034715
76.4800034,0.2679817,0.189985,0.22898335
76.4900055,0.2638811,0.2038489,0.233865
76.5,0.2686071,0.1961093,0.2323582
76.5100021,0.2659622,0.2004697,0.23321595
76.5200043,0.2659512,0.2055096,0.2357304
76.5300064,0.2620707,0.2114468,0.23675875
76.5400009,0.2669212,0.2077132,0.2373172
76.5500031,0.2667274,0.2073314,0.2370294
76.5600052,0.2651927,0.2146129,0.2399028
76.5700073,0.2675127,0.2014642,0.23448845
76.5800018,0.2603084,0.1962239,0.22826615
76.590004,0.2656412,0.2061214,0.2358813
76.6000061,0.2660168,0.2089479,0.23748235
76.6100006,0.2598739,0.1964501,0.228162
76.6200027,0.2567395,0.2008836,0.22881155
76.6300049,0.2527603,0.191216,0.22198815
76.640007,0.2524748,0.1939574,0.2232161
76.6500015,0.2667438,0.1924325,0.22958815
76.6600037,0.2691282,0.1917693,0.23044875
76.6700058,0.2677332,0.1988342,0.2332837
76.6800003,0.2639745,0.2022282,0.23310135
76.6900024,0.2649237,0.1969667,0.2309452
76.7000046,0.2692272,0.1935884,0.2314078
76.7100067,0.2703438,0.1924752,0.2314095
76.7200012,0.264329,0.1935558,0.2289424
76.7300034,0.2720318,0.1883251,0.23017845
76.7400055,0.271682,0.2004112,0.2360466
76.75,0.26215,0.1994584,0.2308042
76.7600021,0.2656921,0.20973,0.23771105
76.7700043,0.269141,0.2044532,0.2367971
76.7800064,0.2810097,0.1974576,0.23923365
76.7900009,0.2640202,0.1964104,0.2302153
76.8000031,0.2738157,0.1977771,0.2357964
76.8100052,0.2727861,0.1854729,0.2291295
76.8200073,0.2701971,0.1913497,0.2307734
76.8300018,0.264963,0.1986342,0.2317986
76.840004,0.2621779,0.1928244,0.22750115
76.8500061,0.2583941,0.1919108,0.22515245
76.8600006,0.2522053,0.1975806,0.22489295
76.8700027,0.2431295,0.1919438,0.21753665
76.8800049,0.2472268,0.1885995,0.21791315
76.890007,0.2494399,0.1837367,0.2165883
76.9000015,0.2524801,0.1961411,0.2243106
76.9100037,0.2494681,0.1931049,0.2212865
76.9200058,0.2476487,0.191108,0.21937835
76.9300003,0.2490887,0.1939287,0.2215087
76.9400024,0.2489893,0.2052339,0.2271116
76.9500046,0.23287,0.2003524,0.2166112
76.9600067,0.2406774,0.2054941,0.22308575
76.9700012,0.2408903,0.1969635,0.2189269
76.9800034,0.2559063,0.1947705,0.2253384
76.9900055,0.2428834,0.2000679,0.22147565
77,0.2311038,0.1911708,0.2111373
77.0100021,0.2295066,0.2048722,0.2171894
77.0200043,0.2370938,0.1976131,0.21735345
77.0300064,0.2348993,0.1871065,0.2110029
77.0400009,0.2370114,0.1930452,0.2150283
77.0500031,0.2344377,0.1881221,0.2112799
77.0600052,0.240913,0.1866107,0.21376185
77.0700073,0.2361099,0.1911984,0.21365415
77.0800018,0.2368467,0.1990452,0.21794595
77.090004,0.2386645,0.1908835,0.214774
77.1000061,0.2441054,0.1927878,0.2184466
77.1100006,0.2580858,0.1949233,0.22650455
77.1200027,0.2542483,0.204812,0.22953015
77.1300049,0.2557371,0.1903599,0.2230485
77.140007,0.2566708,0.1900776,0.2233742
77.1500015,0.2601884,0.1976923,0.22894035
77.1600037,0.2505342,0.2009922,0.2257632
77.1700058,0.2483819,0.1952503,0.2218161
77.1800003,0.2535625,0.2081248,0.23084365
77.1900024,0.2556541,0.2144174,0.23503575
77.2000046,0.2482344,0.2085472,0.2283908
77.2100067,0.2652888,0.2098993,0.23759405
77.2200012,0.2646161,0.1860563,0.2253362
77.2300034,0.256097,0.1950464,0.2255717
77.2400055,0.2631912,0.2041104,0.2336508
77.25,0.2580065,0.2092406,0.23362355
77.2600021,0.2613277,0.198766,0.23004685
77.2700043,0.2560586,0.2055787,0.23081865
77.2800064,0.2577971,0.2018613,0.2298292
77.2900009,0.2600361,0.2079721,0.2340041
77.3000031,0.2640027,0.1979553,0.230979
77.3100052,0.2571234,0.1921257,0.22462455
77.3200073,0.245906,0.1912147,0.21856035
77.3300018,0.2527997,0.1996202,0.22620995
77.340004,0.2602631,0.1948703,0.2275667
77.3500061,0.2520974,0.2013797,0.22673855
77.3600006,0.2539435,0.2065309,0.2302372
77.3700027,0.2446192,0.2021561,0.22338765
77.3800049,0.2539288,0.1950699,0.22449935
77.390007,0.2501254,0.1948311,0.22247825
77.4000015,0.2570941,0.2039088,0.23050145
77.4100037,0.2438207,0.2083244,0.22607255
77.4200058,0.2462608,0.1949001,0.22058045
77.4300003,0.2482679,0.1952683,0.2217681
77.4400024,0.2518359,0.1858053,0.2188206
77.4500046,0.2604462,0.1868563,0.22365125
77.4600067,0.2736939,0.1874944,0.23059415
77.4700012,0.26765,0.1917515,0.22970075
77.4800034,0.276947,0.1932648,0.2351059
77.4900055,0.2761475,0.1921252,0.23413635
77.5,0.2686979,0.2012936,0.23499575
77.5100021,0.2771527,0.1979984,0.23757555
77.5200043,0.2721742,0.1955908,0.2338825
77.5300064,0.2782174,0.1958473,0.23703235
77.5400009,0.2757237,0.1959752,0.23584945
77.5500031,0.2784999,0.1969149,0.2377074
77.5600052,0.2740009,0.2056504,0.23982565
77.5700073,0.2733651,0.2049617,0.2391634
77.5800018,0.280854,0.2121598,0.2465069
77.590004,0.2747028,0.2134187,0.24406075
77.6000061,0.2815337,0.2103692,0.24595145
77.6100006,0.2700774,0.2107239,0.24040065
77.6200027,0.2664625,0.2076771,0.2370698
77.6300049,0.2538645,0.212375,0.23311975
77.640007,0.2649122,0.2079562,0.2364342
77.6500015,0.2508478,0.2050148,0.2279313
77.6600037,0.2566723,0.2085318,0.23260205
77.6700058,0.2542429,0.2029061,0.2285745
77.6800003,0.2510501,0.2089217,0.2299859
77.6900024,0.2529728,0.2070113,0.22999205
77.7000046,0.2500659,0.2007566,0.22541125
77.7100067,0.2499358,0.2031009,0.22651835
77.7200012,0.2553706,0.1979042,0.2266374
77.7300034,0.2391107,0.2060091,0.2225599
77.7400055,0.2516446,0.1987059,0.22517525
77.75,0.2675605,0.2011251,0.2343428
77.7600021,0.2518377,0.1998535,0.2258456
77.7700043,0.2619358,0.2120561,0.23699595
77.7800064,0.2476298,0.209298,0.2284639
77.7900009,0.2569043,0.1986869,0.2277956
77.8000031,0.2508699,0.2110163,0.2309431
77.8100052,0.2498801,0.2012997,0.2255899
77.8200073,0.2458063,0.2116342,0.22872025
77.8300018,0.2568173,0.2030627,0.22994
77.840004,0.2556278,0.1984782,0.227053
77.8500061,0.2575689,0.1968373,0.2272031
77.8600006,0.2595337,0.1932159,0.2263748
77.8700027,0.2552048,0.1845605,0.21988265
77.8800049,0.2555517,0.1742384,0.21489505
77.890007,0.2615782,0.1851135,0.22334585
77.9000015,0.2592125,0.1899778,0.22459515
77.9100037,0.2525484,0.1963398,0.2244441
77.9200058,0.2601365,0.2067412,0.23343885
77.9300003,0.254755,0.2069149,0.23083495
77.9400024,0.2635292,0.2038376,0.2336834
77.9500046,0.2590546,0.2023254,0.23069
77.9600067,0.2620523,0.1946323,0.2283423
77.9700012,0.2578835,0.2041861,0.2310348
77.9800034,0.2644508,0.2047744,0.2346126
77.9900055,0.2636414,0.2138401,0.23874075
78,0.2635854,0.2015802,0.2325828
78.0100021,0.2588502,0.1985308,0.2286905
78.0200043,0.2577763,0.2028481,0.2303122
78.0300064,0.2538357,0.1916012,0.22271845
78.0400009,0.2488889,0.1988408,0.22386485
78.0500031,0.2630732,0.2014159,0.23224455
78.0600052,0.263218,0.1924139,0.22781595
78.0700073,0.2543327,0.1969905,0.2256616
78.0800018,0.2567555,0.1925858,0.22467065
78.090004,0.2476199,0.1956711,0.2216455
78.1000061,0.2487997,0.1990848,0.22394225
78.1100006,0.2510126,0.194774,0.2228933
78.1200027,0.2502429,0.2007993,0.2255211
78.1300049,0.2455105,0.1991191,0.2223148
78.140007,0.243958,0.204407,0.2241825
78.1500015,0.2435524,0.2088589,0.22620565
78.1600037,0.2534991,0.1911265,0.2223128
78.1700058,0.2563537,0.1904763,0.223415
78.1800003,0.249971,0.1953191,0.22264505
78.1900024,0.2530155,0.1964529,0.2247342
78.2000046,0.2671568,0.1926372,0.229897
78.2100067,0.2603247,0.2000051,0.2301649
78.2200012,0.2536425,0.1905257,0.2220841
78.2300034,0.268341,0.1923635,0.23035225
78.2400055,0.2596691,0.1987158,0.22919245
78.25,0.2732136,0.2089349,0.24107425
78.2600021,0.2681329,0.2099519,0.2390424
78.2700043,0.261983,0.2032667,0.23262485
78.2800064,0.2614243,0.1990963,0.2302603
78.2900009,0.2653072,0.2016409,0.23347405
78.3000031,0.2705866,0.2015463,0.23606645
78.3100052,0.261703,0.1966758,0.2291894
78.3200073,0.2692002,0.1985798,0.23389
78.3300018,0.263176,0.1897166,0.2264463
78.340004,0.2617054,0.1967163,0.22921085
78.3500061,0.2654184,0.1974017,0.23141005
78.3600006,0.2667765,0.1885025,0.2276395
78.3700027,0.2695486,0.1835184,0.2265335
78.3800049,0.2731789,0.193547,0.23336295
78.390007,0.2649897,0.1972543,0.231122
78.4000015,0.2697648,0.1965265,0.23314565
78.4100037,0.2801899,0.1989671,0.2395785
78.4200058,0.2696678,0.1966645,0.23316615
78.4300003,0.2736548,0.1939682,0.2338115
78.4400024,0.2756446,0.1997192,0.2376819
78.4500046,0.2711819,0.2013596,0.23627075
78.4600067,0.2763795,0.2013408,0.23886015
78.4700012,0.265299,0.2057896,0.2355443
78.4800034,0.2668081,0.2026272,0.23471765
78.4900055,0.2780751,0.1978643,0.2379697
78.5,0.268855,0.1928021,0.23082855
78.5100021,0.2685274,0.191348,0.2299377
78.5200043,0.2783773,0.1956103,0.2369938
78.5300064,0.2702693,0.1985176,0.23439345
78.5400009,0.2681708,0.1970735,0.23262215
78.5500031,0.2778454,0.1979443,0.23789485
78.5600052,0.2709157,0.2094432,0.24017945
78.5700073,0.2669576,0.2082613,0.23760945
78.5800018,0.2650421,0.2097175,0.2373798
78.590004,0.2738059,0.2056653,0.2397356
78.6000061,0.271481,0.1935004,0.2324907
78.6100006,0.2647679,0.1879287,0.2263483
78.6200027,0.2613612,0.1944374,0.2278993
78.6300049,0.2659246,0.1931801,0.22955235
78.640007,0.2732346,0.2004269,0.23683075
78.6500015,0.270672,0.1994237,0.23504785
78.6600037,0.2626202,0.1960612,0.2293407
78.6700058,0.257142,0.2008091,0.22897555
78.6800003,0.2546818,0.2118984,0.2332901
78.6900024,0.2591569,0.2286602,0.24390855
78.7000046,0.2637609,0.2084304,0.23609565
78.7100067,0.2595153,0.2023283,0.2309218
78.7200012,0.2614471,0.2040115,0.2327293
78.7300034,0.2607512,0.1964129,0.22858205
78.7400055,0.2576601,0.204671,0.23116555
78.75,0.2671364,0.2068759,0.23700615
78.7600021,0.2681008,0.2024676,0.2352842
78.7700043,0.2674635,0.200606,0.23403475
78.7800064,0.2656147,0.2098336,0.23772415
78.7900009,0.2732614,0.2161197,0.24469055
78.8000031,0.2679057,0.1980488,0.23297725
78.8100052,0.2578137,0.2123539,0.2350838
78.8200073,0.2584077,0.2143317,0.2363697
78.8300018,0.2655065,0.2054902,0.23549835
78.840004,0.2577138,0.2144527,0.23608325
78.8500061,0.2511962,0.2066506,0.2289234
78.8600006,0.2555976,0.1994379,0.22751775
78.8700027,0.2523228,0.2015841,0.22695345
78.8800049,0.2506622,0.2014745,0.22606835
78.890007,0.2545108,0.1989301,0.22672045
78.9000015,0.2580052,0.202439,0.2302221
78.9100037,0.2577479,0.1999135,0.2288307
78.9200058,0.2512814,0.1977662,0.2245238
78.9300003,0.2676247,0.1930693,0.230347
78.9400024,0.25855,0.2037296,0.2311398
78.9500046,0.2524369,0.2039187,0.2281778
78.9600067,0.2490816,0.2130799,0.23108075
78.9700012,0.2457092,0.2054565,0.22558285
78.9800034,0.2535439,0.2125324,0.23303815
78.9900055,0.2551498,0.2116223,0.23338605
79,0.2670832,0.2114412,0.2392622
79.0100021,0.2612595,0.2000794,0.23066945
79.0200043,0.2640581,0.194556,0.22930705
79.0300064,0.2638265,0.1939327,0.2288796
79.0400009,0.2685317,0.2000053,0.2342685
79.0500031,0.2662026,0.1968368,0.2315197
79.0600052,0.2697228,0.1969813,0.23335205
79.0700073,0.2678448,0.1957995,0.23182215
79.0800018,0.2612782,0.2080788,0.2346785
79.090004,0.2623285,0.2028817,0.2326051
79.1000061,0.2644812,0.2059101,0.23519565
79.1100006,0.2450943,0.1927894,0.21894185
79.1200027,0.2514274,0.2103493,0.23088835
79.1300049,0.2602395,0.1953181,0.2277788
79.140007,0.2634465,0.2052784,0.23436245
79.1500015,0.266569,0.1990947,0.23283185
79.1600037,0.2664826,0.2026118,0.2345472
79.1700058,0.2482087,0.2084252,0.22831695
79.1800003,0.2675429,0.2080787,0.2378108
79.1900024,0.2637568,0.2023404,0.2330486
79.2000046,0.2716581,0.2099028,0.24078045
79.2100067,0.2731563,0.2130078,0.24308205
79.2200012,0.2663027,0.2088459,0.2375743
79.2300034,0.266495,0.2104487,0.23847185
79.2400055,0.2846009,0.2076062,0.24610355
79.25,0.2809408,0.1948311,0.23788595
79.2600021,0.2753408,0.1986315,0.23698615
79.2700043,0.2655731,0.1958288,0.23070095
79.2800064,0.2717877,0.1976471,0.2347174
79.2900009,0.2802,0.2063853,0.24329265
79.3000031,0.2674316,0.1996204,0.233526
79.3100052,0.2691007,0.2031882,0.23614445
79.3200073,0.2816417,0.1953236,0.23848265
79.3300018,0.2777905,0.205989,0.24188975
79.340004,0.2653873,0.2059204,0.23565385
79.3500061,0.2779962,0.2157166,0.2468564
79.3600006,0.2665724,0.2042067,0.23538955
79.3700027,0.2677238,0.2025083,0.23511605
79.3800049,0.2712777,0.2117467,0.2415122
79.390007,0.263459,0.2026247,0.23304185
79.4000015,0.2721151,0.1887412,0.23042815
79.4100037,0.2703273,0.2079974,0.23916235
79.4200058,0.2635854,0.2049699,0.23427765
79.4300003,0.2640464,0.214146,0.2390962
79.4400024,0.2541591,0.2117819,0.2329705
79.4500046,0.2717629,0.1985613,0.2351621
79.4600067,0.258373,0.2001687,0.22927085
79.4700012,0.2646696,0.2031863,0.23392795
79.4800034,0.2667443,0.2110983,0.2389213
79.4900055,0.2712443,0.2057693,0.2385068
79.5,0.2727739,0.2121802,0.24247705
79.5100021,0.2764206,0.1993945,0.23790755
79.5200043,0.2682722,0.1989306,0.2336014
79.5300064,0.2812012,0.1926459,0.23692355
79.5400009,0.2792086,0.2046793,0.24194395
79.5500031,0.2671991,0.2056,0.23639955
79.5600052,0.2680866,0.1943327,0.23120965
79.5700073,0.2801417,0.1997485,0.2399451
79.5800018,0.286818,0.1938315,0.24032475
79.590004,0.2783343,0.194817,0.23657565
79.6000061,0.2772064,0.1954484,0.2363274
79.6100006,0.2690108,0.2002351,0.23462295
79.6200027,0.2744439,0.1978052,0.23612455
79.6300049,0.2730222,0.198464,0.2357431
79.640007,0.2532936,0.2008345,0.22706405
79.6500015,0.2583641,0.2156994,0.23703175
79.6600037,0.2525838,0.1994643,0.22602405
79.6700058,0.2550374,0.2080622,0.2315498
79.6800003,0.2483947,0.2047547,0.2265747
79.6900024,0.25184,0.2026134,0.2272267
79.7000046,0.2565186,0.2036507,0.23008465
79.7100067,0.2693731,0.2044569,0.236915
79.7200012,0.264503,0.2117564,0.2381297
79.7300034,0.2676022,0.2074929,0.23754755
79.7400055,0.2660479,0.2037585,0.2349032
79.75,0.2638892,0.2072873,0.23558825
79.7600021,0.2632106,0.2023663,0.23278845
79.7700043,0.2558169,0.2006559,0.2282364
79.7800064,0.2488138,0.2061303,0.22747205
79.7900009,0.2549241,0.2023163,0.2286202
79.8000031,0.2618196,0.2012938,0.2315567
79.8100052,0.2707308,0.1883116,0.2295212
79.8200073,0.2648548,0.1866187,0.22573675
79.8300018,0.2690596,0.195039,0.2320493
79.840004,0.2691864,0.1857119,0.22744915
79.8500061,0.2644713,0.1854526,0.22496195
79.8600006,0.2737612,0.1917465,0.23275385
79.8700027,0.2680067,0.1956927,0.2318497
79.8800049,0.2579044,0.2061106,0.2320075
79.890007,0.2647889,0.2017317,0.2332603
79.9000015,0.2653598,0.1997498,0.2325548
79.9100037,0.2650876,0.1922462,0.2286669
79.9200058,0.2529868,0.1980107,0.22549875
79.9300003,0.2509118,0.1947565,0.22283415
79.9400024,0.2515969,0.1907485,0.2211727
79.9500046,0.258853,0.1914422,0.2251476
79.9600067,0.2605314,0.1925605,0.22654595
79.9700012,0.2587086,0.1991129,0.22891075
79.9800034,0.2652796,0.194236,0.2297578
79.9900055,0.2545908,0.1965029,0.22554685
80,0.2696915,0.1957504,0.23272095
80.0100021,0.2623408,0.2003531,0.23134695
80.0200043,0.2728721,0.2055357,0.2392039
80.0300064,0.2668333,0.1943873,0.2306103
80.0400009,0.256411,0.1978497,0.22713035
80.0500031,0.2597436,0.196145,0.2279443
80.0600052,0.2640868,0.1943274,0.2292071
80.0700073,0.2675149,0.1966923,0.2321036
80.0800018,0.2768284,0.1928632,0.2348458
80.090004,0.2854097,0.1886062,0.23700795
80.1000061,0.2750717,0.193399,0.23423535
80.1100006,0.2795469,0.1907569,0.2351519
80.1200027,0.2653982,0.1911715,0.22828485
80.1300049,0.2800476,0.2005131,0.24028035
80.140007,0.2856414,0.1918529,0.23874715
80.1500015,0.2764131,0.2014847,0.2389489
80.1600037,0.2610798,0.1974759,0.22927785
80.1700058,0.2473284,0.1946872,0.2210078
80.1800003,0.2531199,0.2019566,0.22753825
80.1900024,0.2519008,0.2016455,0.22677315
80.2000046,0.2490293,0.1965301,0.2227797
80.2100067,0.2571207,0.1838675,0.2204941
80.2200012,0.2446748,0.1907996,0.2177372
80.2300034,0.2542551,0.1988478,0.22655145
80.2400055,0.2588294,0.2007539,0.22979165
80.25,0.256602,0.1986703,0.22763615
80.2600021,0.2659347,0.1918311,0.2288829
80.2700043,0.2627697,0.196225,0.22949735
80.2800064,0.2697843,0.1977456,0.23376495
80.2900009,0.2583156,0.1951697,0.22674265
80.3000031,0.2626767,0.191557,0.22711685
80.3100052,0.2578035,0.1969706,0.22738705
80.3200073,0.2539449,0.1889983,0.2214716
80.3300018,0.2615783,0.1847044,0.22314135
80.340004,0.2713767,0.1954282,0.23340245
80.3500061,0.26242,0.1949786,0.2286993
80.3600006,0.2604532,0.1885459,0.22449955
80.3700027,0.2598159,0.1898578,0.22483685
80.3800049,0.2674854,0.2012259,0.23435565
80.390007,0.2671933,0.2013302,0.23426175
80.4000015,0.2720291,0.2038117,0.2379204
80.4100037,0.2710895,0.1935761,0.2323328
80.4200058,0.2717074,0.2038228,0.2377651
80.4300003,0.2612824,0.1949817,0.22813205
80.4400024,0.2566778,0.187924,0.2223009
80.4500046,0.2563294,0.2014694,0.2288994
80.4600067,0.2647617,0.196291,0.23052635
80.4700012,0.2625029,0.2034823,0.2329926
80.4800034,0.2671848,0.1976832,0.232434
80.4900055,0.261123,0.1972309,0.22917695
80.5000076,0.2535683,0.2052862,0.22942725
80.5100021,0.26172,0.2077643,0.23474215
80.5200043,0.2564501,0.2032507,0.2298504
80.5300064,0.2637977,0.2010607,0.2324292
80.5400009,0.2641377,0.1958086,0.22997315
80.5500031,0.2580754,0.2009741,0.22952475
80.5600052,0.2585679,0.1941595,0.2263637
80.5700073,0.2635514,0.2056862,0.2346188
80.5800018,0.2536135,0.2078047,0.2307091
80.590004,0.2465463,0.2017018,0.22412405
80.6000061,0.2657121,0.196966,0.23133905
80.6100006,0.2625349,0.1956168,0.22907585
80.6200027,0.2578107,0.1883088,0.22305975
80.6300049,0.2570242,0.1951799,0.22610205
80.640007,0.2604936,0.2101656,0.2353296
80.6500015,0.2576715,0.1991561,0.2284138
80.6600037,0.2600105,0.2039324,0.23197145
80.6700058,0.2568874,0.2022308,0.2295591
80.6800003,0.262777,0.1939811,0.22837905
80.6900024,0.2712436,0.2020393,0.23664145
80.7000046,0.2609513,0.1957881,0.2283697
80.7100067,0.2610286,0.1936776,0.2273531
80.7200012,0.2675282,0.1981277,0.23282795
80.7300034,0.2730936,0.1829717,0.22803265
80.7400055,0.2825891,0.2001477,0.2413684
80.7500076,0.2783769,0.1976964,0.23803665
80.7600021,0.2611196,0.1910468,0.2260832
80.7700043,0.2605907,0.2004286,0.23050965
80.7800064,0.2627004,0.2012815,0.23199095
80.7900009,0.2553889,0.1949851,0.225187
80.8000031,0.2506116,0.209354,0.2299828
80.8100052,0.2536261,0.2052646,0.22944535
80.8200073,0.258962,0.2018908,0.2304264
80.8300018,0.2501017,0.2099908,0.23004625
80.840004,0.2634787,0.2025326,0.23300565
80.8500061,0.2653769,0.2095412,0.23745905
80.8600006,0.2543088,0.2067857,0.23054725
80.8700027,0.2533754,0.2045185,0.22894695
80.8800049,0.2546146,0.1909604,0.2227875
80.890007,0.2525468,0.1990032,0.225775
80.9000015,0.254223,0.1859261,0.22007455
80.9100037,0.2465111,0.1936834,0.22009725
80.9200058,0.2476977,0.1996557,0.2236767
80.9300003,0.260198,0.1985273,0.22936265
80.9400024,0.263678,0.1841345,0.22390625
80.9500046,0.2718365,0.1889758,0.23040615
80.9600067,0.263171,0.1945823,0.22887665
80.9700012,0.2520453,0.1948617,0.2234535
80.9800034,0.2644191,0.1973499,0.2308845
80.9900055,0.2692709,0.198883,0.23407695
81.0000076,0.2601658,0.1911031,0.22563445
81.0100021,0.2665886,0.1949601,0.23077435
81.0200043,0.2673911,0.1975897,0.2324904
81.0300064,0.2599722,0.1939617,0.22696695
81.0400009,0.2583363,0.2022536,0.23029495
81.0500031,0.2602046,0.2051934,0.232699
81.0600052,0.2596543,0.1979626,0.22880845
81.0700073,0.2542616,0.188634,0.2214478
81.0800018,0.2585125,0.2039763,0.2312444
81.090004,0.2579652,0.2030087,0.23048695
81.1000061,0.2680193,0.1995776,0.23379845
81.1100006,0.2630685,0.2039306,0.23349955
81.1200027,0.2730946,0.1963378,0.2347162
81.1300049,0.2556033,0.2023466,0.22897495
81.140007,0.2582527,0.1900398,0.22414625
81.1500015,0.2509277,0.1907999,0.2208638
81.1600037,0.2537423,0.1876604,0.22070135
81.1700058,0.2546611,0.1973786,0.22601985
81.1800003,0.2497115,0.1950475,0.2223795
81.1900024,0.2552715,0.1903829,0.2228272
81.2000046,0.2513025,0.1933146,0.22230855
81.2100067,0.2522559,0.1887555,0.2205057
81.2200012,0.2531161,0.1976808,0.22539845
81.2300034,0.2558785,0.1919763,0.2239274
81.2400055,0.2544729,0.1952315,0.2248522
81.2500076,0.2432643,0.1979758,0.22062005
81.2600021,0.2518433,0.2006756,0.22625945
81.2700043,0.246311,0.2028795,0.22459525
81.2800064,0.2526599,0.1996267,0.2261433
81.2900009,0.2559229,0.2093346,0.23262875
81.3000031,0.2445777,0.2087939,0.2266858
81.3100052,0.2538917,0.2048671,0.2293794
81.3200073,0.2509577,0.1944024,0.22268005
81.3300018,0.2629038,0.1971918,0.2300478
81.340004,0.2575855,0.1993787,0.2284821
81.3500061,0.2647728,0.1972451,0.23100895
81.3600006,0.2536318,0.2020757,0.22785375
81.3700027,0.242077,0.2043622,0.2232196
81.3800049,0.247933,0.1907097,0.21932135
81.390007,0.2502744,0.1990965,0.22468545
81.4000015,0.2514447,0.2011625,0.2263036
81.4100037,0.2493805,0.1953517,0.2223661
81.4200058,0.2529552,0.2034985,0.22822685
81.4300003,0.2502213,0.195152,0.22268665
81.4400024,0.2450976,0.1988763,0.22198695
81.4500046,0.2494073,0.1935337,0.2214705
81.4600067,0.248783,0.2077919,0.22828745
81.4700012,0.2469236,0.1995854,0.2232545
81.4800034,0.2504689,0.2080311,0.22925
81.4900055,0.2470008,0.1964183,0.22170955
81.5000076,0.2488821,0.2015037,0.2251929
81.5100021,0.2550327,0.2031417,0.2290872
81.5200043,0.2502977,0.2049744,0.22763605
81.5300064,0.2407293,0.1970128,0.21887105
81.5400009,0.2394369,0.2092148,0.22432585
81.5500031,0.2549649,0.2111578,0.23306135
81.5600052,0.2514094,0.2052466,0.228328
81.5700073,0.2637056,0.1953389,0.22952225
81.5800018,0.2568392,0.2035378,0.2301885
81.590004,0.2605973,0.201288,0.23094265
81.6000061,0.2623371,0.2046249,0.233481
81.6100006,0.261225,0.19299,0.2271075
81.6200027,0.2691697,0.1957208,0.23244525
81.6300049,0.2658977,0.1965679,0.2312328
81.640007,0.2624478,0.2026876,0.2325677
81.6500015,0.2585004,0.1996258,0.2290631
81.6600037,0.261579,0.2083291,0.23495405
81.6700058,0.2621844,0.1959133,0.22904885
81.6800003,0.2648082,0.2094791,0.23714365
81.6900024,0.252203,0.2120892,0.2321461
81.7000046,0.2553659,0.2036043,0.2294851
81.7100067,0.2502275,0.2075959,0.2289117
81.7200012,0.2415486,0.2088325,0.22519055
81.7300034,0.2442154,0.2039135,0.22406445
81.7400055,0.2428311,0.2119633,0.2273972
81.7500076,0.2361652,0.2150388,0.225602
81.7600021,0.2414073,0.2145122,0.22795975
81.7700043,0.2413754,0.2040342,0.2227048
81.7800064,0.2381032,0.2062687,0.22218595
81.7900009,0.2382037,0.1984276,0.21831565
81.8000031,0.2260608,0.2003879,0.21322435
81.8100052,0.2345044,0.2130134,0.2237589
81.8200073,0.2396671,0.2016982,0.22068265
81.8300018,0.2417447,0.1983852,0.22006495
81.840004,0.2458526,0.1983506,0.2221016
81.8500061,0.2400027,0.1981596,0.21908115
81.8600006,0.2392737,0.2048996,0.22208665
81.8700027,0.2423619,0.1959575,0.2191597
81.8800049,0.2390493,0.1974192,0.21823425
81.890007,0.2532024,0.2078099,0.23050615
81.9000015,0.2539472,0.1956636,0.2248054
81.9100037,0.2562424,0.1983547,0.22729855
81.9200058,0.2490333,0.2041598,0.22659655
81.9300003,0.2478319,0.2034866,0.22565925
81.9400024,0.2449898,0.2035546,0.2242722
81.9500046,0.2533232,0.2010585,0.22719085
81.9600067,0.2558974,0.192435,0.2241662
81.9700012,0.2549762,0.2009473,0.22796175
81.9800034,0.2478036,0.2066052,0.2272044
81.9900055,0.2553058,0.2071731,0.23123945
82.0000076,0.2589901,0.203497,0.23124355
82.0100021,0.2625162,0.2001901,0.23135315
82.0200043,0.2624043,0.1905673,0.2264858
82.0300064,0.2569966,0.2073525,0.23217455
82.0400009,0.2489885,0.1942301,0.2216093
82.0500031,0.2584803,0.2059759,0.2322281
82.0600052,0.2556436,0.2006783,0.22816095
82.0700073,0.2441814,0.2034736,0.2238275
82.0800018,0.2571325,0.1988138,0.22797315
82.090004,0.2426836,0.2086168,0.2256502
82.1000061,0.2509622,0.2062387,0.22860045
82.1100006,0.2608014,0.2005637,0.23068255
82.1200027,0.2486524,0.2076926,0.2281725
82.1300049,0.2389665,0.2090543,0.2240104
82.140007,0.2459329,0.2085893,0.2272611
82.1500015,0.2521231,0.1935666,0.22284485
82.1600037,0.2650897,0.1914754,0.22828255
82.1700058,0.2415399,0.2066235,0.2240817
82.1800003,0.2403886,0.2051427,0.22276565
82.1900024,0.2407237,0.1976214,0.21917255
82.2000046,0.2484981,0.1946656,0.22158185
82.2100067,0.2469388,0.2021946,0.2245667
82.2200012,0.2490085,0.209981,0.22949475
82.2300034,0.2429943,0.2109429,0.2269686
82.2400055,0.2368873,0.2045016,0.22069445
82.2500076,0.2385474,0.1982519,0.21839965
82.2600021,0.2352772,0.1965359,0.21590655
82.2700043,0.2268639,0.2070083,0.2169361
82.2800064,0.2346254,0.2059092,0.2202673
82.2900009,0.2494238,0.2059888,0.2277063
82.3000031,0.2470949,0.2045307,0.2258128
82.3100052,0.2526546,0.2094035,0.23102905
82.3200073,0.2540452,0.2059655,0.23000535
82.3300018,0.2522871,0.2000059,0.2261465
82.340004,0.2556768,0.1915247,0.22360075
82.3500061,0.2453736,0.1991593,0.22226645
82.3600006,0.253396,0.1967635,0.22507975
82.3700027,0.2529734,0.1998842,0.2264288
82.3800049,0.250764,0.1981782,0.2244711
82.390007,0.2509317,0.1997602,0.22534595
82.4000015,0.2525561,0.1970477,0.2248019
82.4100037,0.2482675,0.1983003,0.2232839
82.4200058,0.2483221,0.1952779,0.2218
82.4300003,0.2564422,0.2030917,0.22976695
82.4400024,0.262681,0.1976232,0.2301521
82.4500046,0.2592393,0.1948843,0.2270618
82.4600067,0.2712094,0.1997903,0.23549985
82.4700012,0.2627416,0.215823,0.2392823
82.4800034,0.2663123,0.1999518,0.23313205
82.4900055,0.2550228,0.2001093,0.22756605
82.5000076,0.2635681,0.1993254,0.23144675
82.5100021,0.2683546,0.2020027,0.23517865
82.5200043,0.2697345,0.2122298,0.24098215
82.5300064,0.268837,0.194347,0.231592
82.5400009,0.2622524,0.2058231,0.23403775
82.5500031,0.2589057,0.2008239,0.2298648
82.5600052,0.2691863,0.200579,0.23488265
82.5700073,0.2570575,0.211548,0.23430275
82.5800018,0.2545002,0.2182382,0.2363692
82.590004,0.2582205,0.1985768,0.22839865
82.6000061,0.2719325,0.2047615,0.238347
82.6100006,0.2756524,0.1997616,0.237707
82.6200027,0.2709912,0.199597,0.2352941
82.6300049,0.2707627,0.2020746,0.23641865
82.640007,0.2703976,0.2072406,0.2388191
82.6500015,0.2695883,0.2025682,0.23607825
82.6600037,0.2606464,0.2078173,0.23423185
82.6700058,0.2532642,0.2117992,0.2325317
82.6800003,0.258907,0.2030721,0.23098955
82.6900024,0.2555307,0.2030943,0.2293125
82.7000046,0.2470936,0.2065618,0.2268277
82.7100067,0.2481752,0.1975918,0.2228835
82.7200012,0.2524568,0.21498,0.2337184
82.7300034,0.243797,0.2115906,0.2276938
82.7400055,0.2496245,0.1953024,0.22246345
82.7500076,0.2508917,0.1991522,0.22502195
82.7600021,0.260597,0.2075707,0.23408385
82.7700043,0.2654386,0.2004664,0.2329525
82.7800064,0.2507313,0.2101961,0.2304637
82.7900009,0.2655159,0.2029635,0.2342397
82.8000031,0.2530311,0.1979066,0.22546885
82.8100052,0.2483035,0.2021928,0.22524815
82.8200073,0.2474809,0.2030732,0.22527705
82.8300018,0.2474032,0.1954651,0.22143415
82.840004,0.2579911,0.2016337,0.2298124
82.8500061,0.2605278,0.2030279,0.23177785
82.8600006,0.2604957,0.2081059,0.2343008
82.8700027,0.2673231,0.2046485,0.2359858
82.8800049,0.2748979,0.209472,0.24218495
82.890007,0.2633345,0.1971045,0.2302195
82.9000015,0.2652904,0.1959831,0.23063675
82.9100037,0.2584938,0.2083738,0.2334338
82.9200058,0.2638953,0.1982125,0.2310539
82.9300003,0.2486958,0.1954718,0.2220838
82.9400024,0.2645908,0.203493,0.2340419
82.9500046,0.2642405,0.1977272,0.23098385
82.9600067,0.2619431,0.2007747,0.2313589
82.9700012,0.2500735,0.2026834,0.22637845
82.9800034,0.2541353,0.2001555,0.2271454
82.9900055,0.252475,0.2068141,0.22964455
83.0000076,0.2591037,0.2134988,0.23630125
83.0100021,0.2508818,0.204803,0.2278424
83.0200043,0.2603754,0.2006642,0.2305198
83.0300064,0.2568906,0.2001854,0.228538
83.0400009,0.2470619,0.2018231,0.2244425
83.0500031,0.2570564,0.2023518,0.2297041
83.0600052,0.2547269,0.2036819,0.2292044
83.0700073,0.2681998,0.2028269,0.23551335
83.0800018,0.2613811,0.2040706,0.23272585
83.090004,0.268653,0.2055034,0.2370782
83.1000061,0.2686077,0.2132941,0.2409509
83.1100006,0.2561424,0.2125226,0.2343325
83.1200027,0.2522083,0.2142791,0.2332437
83.1300049,0.2578705,0.216169,0.23701975
83.140007,0.262754,0.2098744,0.2363142
83.1500015,0.2519204,0.2102393,0.23107985
83.1600037,0.2570816,0.2129523,0.23501695
83.1700058,0.258071,0.2104845,0.23427775
83.1800003,0.2592803,0.2107826,0.23503145
83.1900024,0.2389175,0.2177763,0.2283469
83.2000046,0.252163,0.2085714,0.2303672
83.2100067,0.2526481,0.2067125,0.2296803
83.2200012,0.2559015,0.2073225,0.231612
83.2300034,0.2546624,0.2246221,0.23964225
83.2400055,0.2571927,0.2065712,0.23188195
83.2500076,0.2510703,0.2058029,0.2284366
83.2600021,0.2497239,0.2069162,0.22832005
83.2700043,0.2458393,0.2052274,0.22553335
83.2800064,0.2420695,0.1962813,0.2191754
83.2900009,0.251527,0.204428,0.2279775
83.3000031,0.2499565,0.207203,0.22857975
83.3100052,0.2685569,0.2076272,0.23809205
83.3200073,0.2521389,0.2045565,0.2283477
83.3300018,0.2540049,0.202048,0.22802645
83.340004,0.2549972,0.1986101,0.22680365
83.3500061,0.2587335,0.198438,0.22858575
83.3600006,0.2496824,0.2053344,0.2275084
83.3700027,0.2515034,0.2073739,0.22943865
83.3800049,0.2553151,0.2004353,0.2278752
83.390007,0.2444372,0.1960559,0.22024655
83.4000015,0.2573996,0.1991261,0.22826285
83.4100037,0.2467258,0.1984375,0.22258165
83.4200058,0.2589094,0.2057828,0.2323461
83.4300003,0.2488408,0.2087155,0.22877815
83.4400024,0.2565554,0.2091964,0.2328759
83.4500046,0.2597383,0.2150003,0.2373693
83.4600067,0.258806,0.2094923,0.23414915
83.4700012,0.2587047,0.2079145,0.2333096
83.4800034,0.2622443,0.209931,0.23608765
83.4900055,0.2546776,0.210196,0.2324368
83.5000076,0.2687148,0.2061614,0.2374381
83.5100021,0.2673995,0.2045652,0.23598235
83.5200043,0.2645618,0.2165798,0.2405708
83.5300064,0.2711717,0.2031087,0.2371402
83.5400009,0.2635351,0.1976535,0.2305943
83.5500031,0.2598525,0.1945845,0.2272185
83.5600052,0.2566108,0.2027196,0.2296652
83.5700073,0.2758926,0.2119511,0.24392185
83.5800018,0.2830938,0.2060948,0.2445943
83.590004,0.2725307,0.194709,0.23361985
83.6000061,0.2712361,0.1960751,0.2336556
83.6100006,0.2622435,0.1924419,0.2273427
83.6200027,0.2646475,0.197529,0.23108825
83.6300049,0.2515344,0.2011957,0.22636505
83.640007,0.2633708,0.1992809,0.23132585
83.6500015,0.2655365,0.2020926,0.23381455
83.6600037,0.2606399,0.1960769,0.2283584
83.6700058,0.2534414,0.210714,0.2320777
83.6800003,0.2484607,0.1975315,0.2229961
83.6900024,0.2449474,0.1954046,0.220176
83.7000046,0.2630268,0.1957974,0.2294121
83.7100067,0.2712737,0.1939265,0.2326001
83.7200012,0.2643373,0.197951,0.23114415
83.7300034,0.2653192,0.1938771,0.22959815
83.7400055,0.2515415,0.1854913,0.2185164
83.7500076,0.2524589,0.1906636,0.22156125
83.7600021,0.2595043,0.1980569,0.2287806
83.7700043,0.2652358,0.1926059,0.22892085
83.7800064,0.2665809,0.1847704,0.22567565
83.7900009,0.2706293,0.1884775,0.2295534
83.8000031,0.2667746,0.1934197,0.23009715
83.8100052,0.2596653,0.1997281,0.2296967
83.8200073,0.2566208,0.1996497,0.22813525
83.8300018,0.2613423,0.1936929,0.2275176
83.840004,0.252102,0.1941551,0.22312855
83.8500061,0.2565689,0.1921701,0.2243695
83.8600006,0.2544269,0.199689,0.22705795
83.8700027,0.2503231,0.2025164,0.22641975
83.8800049,0.2630626,0.2032183,0.23314045
83.890007,0.261654,0.2033616,0.2325078
83.9000015,0.2578123,0.1977261,0.2277692
83.9100037,0.263278,0.1979927,0.23063535
83.9200058,0.2726583,0.1996719,0.2361651
83.9300003,0.272792,0.1995878,0.2361899
83.9400024,0.2680363,0.1949912,0.23151375
83.9500046,0.2629199,0.1980526,0.23048625
83.9600067,0.250932,0.1940148,0.2224734
83.9700012,0.2503576,0.1951982,0.2227779
83.9800034,0.2607414,0.1974139,0.22907765
83.9900055,0.2570144,0.1973481,0.22718125
84.0000076,0.2579798,0.1990364,0.2285081
84.0100021,0.2610099,0.1979718,0.22949085
84.0200043,0.2619153,0.2030857,0.2325005
84.0300064,0.24764,0.1984218,0.2230309
84.0400009,0.2514271,0.1942031,0.2228151
84.0500031,0.2588973,0.2039872,0.23144225
84.0600052,0.2599315,0.1894703,0.2247009
84.0700073,0.2683888,0.2020362,0.2352125
84.0800018,0.2671974,0.1958171,0.23150725
84.090004,0.2574038,0.1995585,0.22848115
84.1000061,0.2665139,0.2018553,0.2341846
84.1100006,0.2506612,0.1877508,0.219206
84.1200027,0.2663833,0.1942979,0.2303406
84.1300049,0.259157,0.1946426,0.2268998
84.140007,0.2554199,0.189583,0.22250145
84.1500015,0.2606304,0.2007294,0.2306799
84.1600037,0.2602756,0.1912797,0.22577765
84.1700058,0.261817,0.2017119,0.23176445
84.1800003,0.2655182,0.2010308,0.2332745
84.1900024,0.2597911,0.1992483,0.2295197
84.2000046,0.2623642,0.1966665,0.22951535
84.2100067,0.2646287,0.1994437,0.2320362
84.2200012,0.2603233,0.2001222,0.23022275
84.2300034,0.2534702,0.1972296,0.2253499
84.2400055,0.2626871,0.2022844,0.23248575
84.2500076,0.265783,0.2109711,0.23837705
84.2600021,0.2662151,0.204498,0.23535655
84.2700043,0.2575597,0.1925182,0.22503895
84.2800064,0.253041,0.1965356,0.2247883
84.2900009,0.2655627,0.2000215,0.2327921
84.3000031,0.2552556,0.2029286,0.2290921
84.3100052,0.2629466,0.2017644,0.2323555
84.3200073,0.2607433,0.1998853,0.2303143
84.3300018,0.2648955,0.2001866,0.23254105
84.340004,0.2574459,0.1932525,0.2253492
84.3500061,0.2598666,0.1979163,0.22889145
84.3600006,0.2558504,0.2015856,0.228718
84.3700027,0.2659781,0.1974225,0.2317003
84.3800049,0.2713628,0.1925233,0.23194305
84.390007,0.2653973,0.19946,0.23242865
84.4000015,0.2597815,0.1994235,0.2296025
84.4100037,0.2647234,0.2023884,0.2335559
84.4200058,0.27036,0.1985456,0.2344528
84.4300003,0.2704363,0.1958178,0.23312705
84.4400024,0.2807938,0.1884342,0.234614
84.4500046,0.2801384,0.1948843,0.23751135
84.4600067,0.2773584,0.1939834,0.2356709
84.4700012,0.2674213,0.1863069,0.2268641
84.4800034,0.2626512,0.1822325,0.22244185
84.4900055,0.2585822,0.1828884,0.2207353
84.5000076,0.2602193,0.18352,0.22186965
84.5100021,0.2603109,0.1886064,0.22445865
84.5200043,0.2555551,0.1875975,0.2215763
84.5300064,0.2668862,0.1866169,0.22675155
84.5400009,0.2627741,0.1901431,0.2264586
84.5500031,0.2552248,0.1971627,0.22619375
84.5600052,0.2577863,0.1896488,0.22371755
84.5700073,0.2636515,0.192487,0.22806925
84.5800018,0.252302,0.1974157,0.22485885
84.590004,0.2494517,0.1907254,0.22008855
84.6000061,0.2645693,0.2018649,0.2332171
84.6100006,0.2590864,0.2003945,0.22974045
84.6200027,0.2591116,0.1933081,0.22620985
84.6300049,0.2686492,0.1945957,0.23162245
84.640007,0.2608968,0.1877796,0.2243382
84.6500015,0.2613858,0.1851245,0.22325515
84.6600037,0.2658097,0.1925619,0.2291858
84.6700058,0.2693097,0.1889098,0.22910975
84.6800003,0.2668036,0.1923539,0.22957875
84.6900024,0.2715435,0.1931566,0.23235005
84.7000046,0.2614232,0.1965638,0.2289935
84.7100067,0.2600468,0.1944311,0.22723895
84.7200012,0.2654126,0.201253,0.2333328
84.7300034,0.268774,0.1942768,0.2315254
84.7400055,0.2644151,0.1909899,0.2277025
84.7500076,0.2694044,0.198347,0.2338757
84.7600021,0.2627641,0.1997434,0.23125375
84.7700043,0.2667328,0.1903372,0.228535
84.7800064,0.2586547,0.195404,0.22702935
84.7900009,0.2549631,0.1938138,0.22438845
84.8000031,0.2532268,0.1930342,0.2231305
84.8100052,0.2591567,0.1983021,0.2287294
84.8200073,0.2595773,0.1954243,0.2275008
84.8300018,0.2603264,0.1916893,0.22600785
84.840004,0.25592,0.1942102,0.2250651
84.8500061,0.2698408,0.1973476,0.2335942
84.8600006,0.2670853,0.2059761,0.2365307
84.8700027,0.2568137,0.1956916,0.22625265
84.8800049,0.2554762,0.1907686,0.2231224
84.890007,0.2554311,0.1887274,0.22207925
84.9000015,0.2588446,0.1938015,0.22632305
84.9100037,0.2536769,0.1976711,0.225674
84.9200058,0.2611346,0.1916867,0.22641065
84.9300003,0.2593545,0.1946238,0.22698915
84.9400024,0.2656055,0.1907582,0.22818185
84.9500046,0.2689057,0.1904168,0.22966125
84.9600067,0.2576125,0.1855688,0.22159065
84.9700012,0.2703075,0.1855296,0.22791855
84.9800034,0.2636764,0.1829677,0.22332205
84.9900055,0.2653361,0.1897488,0.22754245
85.0000076,0.2676384,0.1883751,0.22800675
85.0100021,0.2805547,0.1891765,0.2348656
85.0200043,0.2847492,0.1940966,0.2394229
85.0300064,0.262064,0.198209,0.2301365
85.0400009,0.2734768,0.1962883,0.23488255
85.0500031,0.2618308,0.1913046,0.2265677
85.0600052,0.2695172,0.1990576,0.2342874
85.0700073,0.2647281,0.2037014,0.23421475
85.0800018,0.2725191,0.2025762,0.23754765
85.090004,0.2685268,0.1974149,0.23297085
85.1000061,0.2555315,0.1942447,0.2248881
85.1100006,0.264723,0.195993,0.230358
85.1200027,0.2710646,0.1855746,0.2283196
85.1300049,0.2710795,0.1860014,0.22854045
85.140007,0.2650928,0.1939617,0.22952725
85.1500015,0.2631573,0.1905519,0.2268546
85.1600037,0.2652484,0.1817271,0.22348775
85.1700058,0.2563992,0.1914485,0.22392385
85.1800003,0.2701778,0.1826447,0.22641125
85.1900024,0.259642,0.1891829,0.22441245
85.2000046,0.2634719,0.1914398,0.22745585
85.2100067,0.2698288,0.1859345,0.22788165
85.2200012,0.2657987,0.1897843,0.2277915
85.2300034,0.2673271,0.1915081,0.2294176
85.2400055,0.2665409,0.1967108,0.23162585
85.2500076,0.2733301,0.1944609,0.2338955
85.2600021,0.2744318,0.1903904,0.2324111
85.2700043,0.2683036,0.2008063,0.23455495
85.2800064,0.252104,0.1883085,0.22020625
85.2900009,0.2597288,0.1922924,0.2260106
85.3000031,0.2613954,0.1913254,0.2263604
85.3100052,0.2648786,0.203037,0.2339578
85.3200073,0.2477957,0.1992534,0.22352455
85.3300018,0.2622486,0.1936391,0.22794385
85.340004,0.2609247,0.2041706,0.23254765
85.3500061,0.2502677,0.2005122,0.22538995
85.3600006,0.2546612,0.1985924,0.2266268
85.3700027,0.2633069,0.1954807,0.2293938
85.3800049,0.2582909,0.1881088,0.22319985
85.390007,0.2629747,0.1925207,0.2277477
85.4000015,0.2564939,0.1929725,0.2247332
85.4100037,0.2485881,0.1875105,0.2180493
85.4200058,0.2521175,0.1878519,0.2199847
85.4300003,0.2565192,0.1858326,0.2211759
85.4400024,0.2610796,0.1846455,0.22286255
85.4500046,0.2505578,0.1933425,0.22195015
85.4600067,0.2480268,0.1974368,0.2227318
85.4700012,0.2622007,0.1986827,0.2304417
85.4800034,0.2567928,0.1971021,0.22694745
85.4900055,0.253349,0.1936651,0.22350705
85.5000076,0.25214,0.1929879,0.22256395
85.5100021,0.2429028,0.1986604,0.2207816
85.5200043,0.2524903,0.2021334,0.22731185
85.5300064,0.2602182,0.1956855,0.22795185
85.5400009,0.2682318,0.2020259,0.23512885
85.5500031,0.2756632,0.1908799,0.23327155
85.5600052,0.2698179,0.1951832,0.23250055
85.5700073,0.2761671,0.2005729,0.23837
85.5800018,0.274141,0.1996256,0.2368833
85.590004,0.2630966,0.2009745,0.23203555
85.6000061,0.2705873,0.2069059,0.2387466
85.6100006,0.268124,0.2125751,0.24034955
85.6200027,0.2538402,0.192207,0.2230236
85.6300049,0.2818365,0.2002472,0.24104185
85.640007,0.265671,0.1975828,0.2316269
85.6500015,0.2766517,0.1990572,0.23785445
85.6600037,0.2613112,0.1972985,0.22930485
85.6700058,0.255004,0.1958359,0.22541995
85.6800003,0.2496943,0.1943419,0.2220181
85.6900024,0.2556192,0.1917007,0.22365995
85.7000046,0.2577943,0.1972531,0.2275237
85.7100067,0.2594851,0.1994304,0.22945775
85.7200012,0.267045,0.1994374,0.2332412
85.7300034,0.2553312,0.1916415,0.22348635
85.7400055,0.2713138,0.1854078,0.2283608
85.7500076,0.2548779,0.1973537,0.2261158
85.7600021,0.2659085,0.1837443,0.2248264
85.7700043,0.2540427,0.1924755,0.2232591
85.7800064,0.2546271,0.1928217,0.2237244
85.7900009,0.2651787,0.2048004,0.23498955
85.8000031,0.2674682,0.2007639,0.23411605
85.8100052,0.2589385,0.2062338,0.23258615
85.8200073,0.2647223,0.1973456,0.23103395
85.8300018,0.2649122,0.2140539,0.23948305
85.840004,0.2721996,0.2053265,0.23876305
85.8500061,0.2584469,0.2070449,0.2327459
85.8600006,0.2647726,0.2063367,0.23555465
85.8700027,0.2678404,0.2037359,0.23578815
85.8800049,0.2648799,0.2124642,0.23867205
85.890007,0.2596654,0.2015575,0.23061145
85.9000015,0.2668759,0.201571,0.23422345
85.9100037,0.2577654,0.2086056,0.2331855
85.9200058,0.2672976,0.189574,0.2284358
85.9300003,0.267007,0.1977736,0.2323903
85.9400024,0.2703327,0.1873832,0.22885795
85.9500046,0.2669546,0.1941266,0.2305406
85.9600067,0.2637296,0.19437,0.2290498
85.9700012,0.2650388,0.2019475,0.23349315
85.9800034,0.2648093,0.1930608,0.22893505
85.9900055,0.2720424,0.186933,0.2294877
86.0000076,0.2665824,0.1956452,0.2311138
86.0100021,0.2633912,0.1888513,0.22612125
86.0200043,0.2753884,0.2022416,0.238815
86.0300064,0.2778883,0.2020637,0.239976
86.0400009,0.2678326,0.1981727,0.23300265
86.0500031,0.255836,0.1943009,0.22506845
86.0600052,0.2697639,0.1887001,0.229232
86.0700073,0.2683638,0.1987495,0.23355665
86.0800018,0.264757,0.1944734,0.2296152
86.090004,0.2668436,0.188738,0.2277908
86.1000061,0.2650759,0.198886,0.23198095
86.1100006,0.2621253,0.1974786,0.22980195
86.1200027,0.260908,0.2039471,0.23242755
86.1300049,0.2529943,0.1996689,0.2263316
86.140007,0.2582606,0.1969887,0.22762465
86.1500015,0.2532025,0.1973135,0.225258
86.1600037,0.2553164,0.2031576,0.229237
86.1700058,0.2619893,0.1955232,0.22875625
86.1800003,0.2543728,0.2030829,0.22872785
86.1900024,0.2554668,0.2038642,0.2296655
86.2000046,0.2482549,0.2032914,0.22577315
86.2100067,0.2616111,0.2070239,0.2343175
86.2200012,0.2692195,0.2092971,0.2392583
86.2300034,0.2644381,0.2053675,0.2349028
86.2400055,0.2555217,0.1944924,0.22500705
86.2500076,0.2616387,0.2048136,0.23322615
86.2600021,0.263961,0.1951718,0.2295664
86.2700043,0.2647379,0.1926915,0.2287147
86.2800064,0.2582569,0.1882608,0.22325885
86.2900009,0.2673506,0.1780075,0.22267905
86.3000031,0.2647584,0.1886516,0.226705
86.3100052,0.2607988,0.200446,0.2306224
86.3200073,0.2524558,0.2000675,0.22626165
86.3300018,0.2554522,0.1902524,0.2228523
86.340004,0.2677906,0.1933696,0.2305801
86.3500061,0.2623558,0.1909083,0.22663205
86.3600006,0.2575535,0.1941251,0.2258393
86.3700027,0.2591945,0.1965412,0.22786785
86.3800049,0.2618043,0.1913477,0.226576
86.390007,0.2666664,0.202329,0.2344977
86.4000015,0.2546939,0.1956479,0.2251709
86.4100037,0.2611744,0.2044492,0.2328118
86.4200058,0.2591738,0.1960849,0.22762935
86.4300003,0.2645496,0.1992155,0.23188255
86.4400024,0.2696284,0.1997496,0.234689
86.4500046,0.2662376,0.1968934,0.2315655
86.4600067,0.267588,0.2103828,0.2389854
86.4700012,0.2687858,0.2095606,0.2391732
86.4800034,0.2694722,0.197021,0.2332466
86.4900055,0.2603085,0.1973415,0.228825
86.5000076,0.261876,0.2045541,0.23321505
86.5100021,0.255596,0.1985591,0.22707755
86.5200043,0.2581035,0.1993124,0.22870795
86.5300064,0.2605281,0.1999157,0.2302219
86.5400009,0.2523195,0.1918123,0.2220659
86.5500031,0.2395028,0.1965769,0.21803985
86.5600052,0.2501866,0.2047624,0.2274745
86.5700073,0.2519967,0.20553,0.22876335
86.5800018,0.2588469,0.2032872,0.23106705
86.590004,0.2782664,0.2067592,0.2425128
86.6000061,0.2555521,0.205786,0.23066905
86.6100006,0.2620101,0.2031779,0.232594
86.6200027,0.25748,0.1916721,0.22457605
86.6300049,0.2682369,0.1929441,0.2305905
86.640007,0.2668591,0.2017307,0.2342949
86.6500015,0.262906,0.1949874,0.2289467
86.6600037,0.2569591,0.189652,0.22330555
86.6700058,0.2510362,0.1951115,0.22307385
86.6800003,0.2673037,0.1956881,0.2314959
86.6900024,0.2606403,0.193528,0.22708415
86.7000046,0.2503511,0.1888858,0.21961845
86.7100067,0.2593368,0.1947584,0.2270476
86.7200012,0.2666273,0.2010688,0.23384805
86.7300034,0.2590083,0.195854,0.22743115
86.7400055,0.2578605,0.1947971,0.2263288
86.7500076,0.2564585,0.1916112,0.22403485
86.7600021,0.2635597,0.2052581,0.2344089
86.7700043,0.2614845,0.1949445,0.2282145
86.7800064,0.2592511,0.1963415,0.2277963
86.7900009,0.2693324,0.1930539,0.23119315
86.8000031,0.2691352,0.1968665,0.23300085
86.8100052,0.2756726,0.2009701,0.23832135
86.8200073,0.2692856,0.1923351,0.23081035
86.8300018,0.2732009,0.1873504,0.23027565
86.840004,0.2772951,0.196079,0.23668705
86.8500061,0.2620606,0.1990404,0.2305505
86.8600006,0.2778357,0.1928845,0.2353601
86.8700027,0.2873347,0.1830485,0.2351916
86.8800049,0.2752452,0.1919082,0.2335767
86.890007,0.2787057,0.1915729,0.2351393
86.9000015,0.2805133,0.1964936,0.23850345
86.9100037,0.2863451,0.1937057,0.2400254
86.9200058,0.2816814,0.1888071,0.23524425
86.9300079,0.2811698,0.1900934,0.2356316
86.9400024,0.27771,0.2004051,0.23905755
86.9500046,0.2724449,0.1928362,0.23264055
86.9600067,0.2817718,0.1896906,0.2357312
86.9700012,0.2739139,0.1986423,0.2362781
86.9800034,0.2618619,0.1995126,0.23068725
86.9900055,0.2720502,0.2043569,0.23820355
87.0000076,0.2779187,0.1991202,0.23851945
87.0100021,0.2737274,0.2016936,0.2377105
87.0200043,0.276976,0.1974732,0.2372246
87.0300064,0.2765973,0.2010764,0.23883685
87.0400009,0.2783505,0.1919884,0.23516945
87.0500031,0.2873299,0.2089256,0.24812775
87.0600052,0.2875316,0.2097368,0.2486342
87.0700073,0.2804621,0.2038771,0.2421696
87.0800018,0.2779447,0.2003969,0.2391708
87.090004,0.2724809,0.1975558,0.23501835
87.1000061,0.2735992,0.1983855,0.23599235
87.1100006,0.2790708,0.19208,0.2355754
87.1200027,0.2666133,0.2001562,0.23338475
87.1300049,0.2791919,0.1968046,0.23799825
87.140007,0.279348,0.1974302,0.2383891
87.1500015,0.2736204,0.2008515,0.23723595
87.1600037,0.2836224,0.1869751,0.23529875
87.1700058,0.2735569,0.1887396,0.23114825
87.1800079,0.2786653,0.1857779,0.2322216
87.1900024,0.2671044,0.1917093,0.22940685
87.2000046,0.2837172,0.1893181,0.23651765
87.2100067,0.2803126,0.2028249,0.24156875
87.2200012,0.270746,0.1863023,0.22852415
87.2300034,0.2657154,0.1879095,0.22681245
87.2400055,0.2777477,0.1870444,0.23239605
87.2500076,0.2847217,0.1859446,0.23533315
87.2600021,0.2900243,0.1985062,0.24426525
87.2700043,0.2867491,0.1937276,0.24023835
87.2800064,0.2771934,0.1853499,0.23127165
87.2900009,0.2734723,0.1896969,0.2315846
87.3000031,0.2798868,0.1910668,0.2354768
87.3100052,0.2619272,0.1920515,0.22698935
87.3200073,0.2687972,0.2046733,0.23673525
87.3300018,0.273271,0.1928835,0.23307725
87.340004,0.2747287,0.1979845,0.2363566
87.3500061,0.2756523,0.1952711,0.2354617
87.3600006,0.2737326,0.1898822,0.2318074
87.3700027,0.2848512,0.1952274,0.2400393
87.3800049,0.2821349,0.1878557,0.2349953
87.390007,0.2770748,0.1916216,0.2343482
87.4000015,0.2802177,0.1970097,0.2386137
87.4100037,0.275056,0.1889551,0.23200555
87.4200058,0.2759786,0.1957655,0.23587205
87.4300079,0.2725721,0.1960806,0.23432635
87.4400024,0.2640924,0.1879876,0.22604
87.4500046,0.271494,0.1934834,0.2324887
87.4600067,0.274046,0.1914196,0.2327328
87.4700012,0.2619859,0.1993678,0.23067685
87.4800034,0.2733643,0.1888821,0.2311232
87.4900055,0.2678325,0.1848206,0.22632655
87.5000076,0.2648835,0.1886037,0.2267436
87.5100021,0.2668114,0.1949968,0.2309041
87.5200043,0.2801451,0.2004905,0.2403178
87.5300064,0.2738656,0.199076,0.2364708
87.5400009,0.2720106,0.2033433,0.23767695
87.5500031,0.2668996,0.2018335,0.23436655
87.5600052,0.2643942,0.2038629,0.23412855
87.5700073,0.260217,0.1944724,0.2273447
87.5800018,0.2659607,0.2063505,0.2361556
87.590004,0.2788086,0.1966681,0.23773835
87.6000061,0.2717369,0.1968484,0.23429265
87.6100006,0.263563,0.1970368,0.2302999
87.6200027,0.2607293,0.2096001,0.2351647
87.6300049,0.2617854,0.2033054,0.2325454
87.640007,0.2634473,0.2031051,0.2332762
87.6500015,0.2628873,0.1999078,0.23139755
87.6600037,0.2674112,0.1992712,0.2333412
87.6700058,0.2748848,0.2061546,0.2405197
87.6800079,0.2680757,0.2079939,0.2380348
87.6900024,0.2779877,0.2039575,0.2409726
87.7000046,0.264032,0.2043723,0.23420215
87.7100067,0.2741302,0.1995371,0.23683365
87.7200012,0.2763621,0.1994643,0.2379132
87.7300034,0.2651432,0.2074183,0.23628075
87.7400055,0.2594132,0.2099676,0.2346904
87.7500076,0.259936,0.203027,0.2314815
87.7600021,0.2647823,0.2187547,0.2417685
87.7700043,0.2592634,0.222943,0.2411032
87.7800064,0.2578928,0.2095687,0.23373075
87.7900009,0.2591249,0.2162002,0.23766255
87.8000031,0.2555466,0.2022122,0.2288794
87.8100052,0.2665477,0.201723,0.23413535
87.8200073,0.2550948,0.2114704,0.2332826
87.8300018,0.2596579,0.2073445,0.2335012
87.840004,0.2537511,0.2063451,0.2300481
87.8500061,0.2541558,0.204882,0.2295189
87.8600006,0.2594705,0.2064011,0.2329358
87.8700027,0.262711,0.210291,0.236501
87.8800049,0.2561733,0.2029779,0.2295756
87.890007,0.2604022,0.2118269,0.23611455
87.9000015,0.2542494,0.196611,0.2254302
87.9100037,0.2504333,0.1957147,0.223074
87.9200058,0.2481944,0.1948451,0.22151975
87.9300079,0.2451048,0.2001102,0.2226075
87.9400024,0.26024,0.1970234,0.2286317
87.9500046,0.2611261,0.2073335,0.2342298
87.9600067,0.2520021,0.2043706,0.22818635
87.9700012,0.2540854,0.2030282,0.2285568
87.9800034,0.2608781,0.2106856,0.23578185
87.9900055,0.2567087,0.2129245,0.2348166
88.0000076,0.2577063,0.2015765,0.2296414
88.0100021,0.2699586,0.2077783,0.23886845
88.0200043,0.2701095,0.2110401,0.2405748
88.0300064,0.2822177,0.1983126,0.24026515
88.0400009,0.2743823,0.2029218,0.23865205
88.0500031,0.2608437,0.2038464,0.23234505
88.0600052,0.2731742,0.2064782,0.2398262
88.0700073,0.2716579,0.2114069,0.2415324
88.0800018,0.2653002,0.2071459,0.23622305
88.090004,0.2747955,0.2066772,0.24073635
88.1000061,0.2791528,0.2074067,0.24327975
88.1100006,0.2764502,0.2107213,0.24358575
88.1200027,0.2728886,0.210032,0.2414603
88.1300049,0.2703569,0.2076194,0.23898815
88.140007,0.2696565,0.2019485,0.2358025
88.1500015,0.2707981,0.203101,0.23694955
88.1600037,0.2657247,0.2143215,0.2400231
88.1700058,0.2607073,0.2146018,0.23765455
88.1800079,0.2611701,0.2002985,0.2307343
88.1900024,0.262989,0.2106886,0.2368388
88.2000046,0.2621121,0.2100784,0.23609525
88.2100067,0.2699408,0.2058711,0.23790595
88.2200012,0.2556194,0.208466,0.2320427
88.2300034,0.2640195,0.2108594,0.23743945
88.2400055,0.2649754,0.2099729,0.23747415
88.2500076,0.2651608,0.2012168,0.2331888
88.2600021,0.2692372,0.2034359,0.23633655
88.2700043,0.2629991,0.203999,0.23349905
88.2800064,0.2668025,0.200964,0.23388325
88.2900009,0.2598841,0.2073452,0.23361465
88.3000031,0.256613,0.1953324,0.2259727
88.3100052,0.2651892,0.2029632,0.2340762
88.3200073,0.2650915,0.20155,0.23332075
88.3300018,0.2644628,0.2062953,0.23537905
88.340004,0.2649281,0.2006613,0.2327947
88.3500061,0.2763115,0.1970719,0.2366917
88.3600006,0.2567331,0.1982525,0.2274928
88.3700027,0.2671764,0.196228,0.2317022
88.3800049,0.2522719,0.1960098,0.22414085
88.390007,0.2675826,0.1999856,0.2337841
88.4000015,0.2605913,0.2061418,0.23336655
88.4100037,0.2664444,0.1983541,0.23239925
88.4200058,0.2689915,0.1882039,0.2285977
88.4300079,0.2645353,0.1960084,0.23027185
88.4400024,0.2511375,0.1995861,0.2253618
88.4500046,0.2572812,0.1970343,0.22715775
88.4600067,0.2615936,0.1981543,0.22987395
88.4700012,0.2582565,0.2046578,0.23145715
88.4800034,0.2618476,0.206397,0.2341223
88.4900055,0.2563866,0.2098575,0.23312205
88.5000076,0.2568007,0.197808,0.22730435
88.5100021,0.2478018,0.2050589,0.22643035
88.5200043,0.251751,0.2011702,0.2264606
88.5300064,0.254761,0.1876189,0.22118995
88.5400009,0.2665797,0.1997165,0.2331481
88.5500031,0.2588888,0.211469,0.2351789
88.5600052,0.2482468,0.2080208,0.2281338
88.5700073,0.2447389,0.209575,0.22715695
88.5800018,0.2469619,0.2092306,0.22809625
88.590004,0.2530374,0.2016169,0.22732715
88.6000061,0.2400946,0.2079144,0.2240045
88.6100006,0.2449347,0.1992984,0.22211655
88.6200027,0.2491525,0.2019772,0.22556485
88.6300049,0.2423353,0.2034454,0.22289035
88.640007,0.2492094,0.2060261,0.22761775
88.6500015,0.2503705,0.21618,0.23327525
88.6600037,0.2469947,0.200893,0.22394385
88.6700058,0.2361784,0.2107879,0.22348315
88.6800079,0.2533624,0.2023516,0.227857
88.6900024,0.2526267,0.2093243,0.2309755
88.7000046,0.2451607,0.2027941,0.2239774
88.7100067,0.2434664,0.2024788,0.2229726
88.7200012,0.2502581,0.2041639,0.227211
88.7300034,0.2459666,0.1949608,0.2204637
88.7400055,0.2437843,0.2043907,0.2240875
88.7500076,0.2556967,0.2097046,0.23270065
88.7600021,0.2602665,0.2086584,0.23446245
88.7700043,0.244888,0.1964717,0.22067985
88.7800064,0.254978,0.2004427,0.22771035
88.7900009,0.2571377,0.1948923,0.226015
88.8000031,0.2723242,0.2076062,0.2399652
88.8100052,0.2572207,0.1984178,0.22781925
88.8200073,0.2493769,0.1953605,0.2223687
88.8300018,0.2505613,0.1906842,0.22062275
88.840004,0.2590041,0.1905676,0.22478585
88.8500061,0.2502102,0.1931925,0.22170135
88.8600006,0.2534548,0.1892326,0.2213437
88.8700027,0.2342025,0.2003126,0.21725755
88.8800049,0.2508906,0.2014204,0.2261555
88.890007,0.2500362,0.1926363,0.22133625
88.9000015,0.2418621,0.1972086,0.21953535
88.9100037,0.2461657,0.199565,0.22286535
88.9200058,0.2434452,0.1992422,0.2213437
88.9300079,0.249254,0.195594,0.222424
88.9400024,0.2433338,0.2001279,0.22173085
88.9500046,0.2532476,0.2038847,0.22856615
88.9600067,0.2473296,0.1960588,0.2216942
88.9700012,0.2499828,0.2103315,0.23015715
88.9800034,0.2392191,0.2090319,0.2241255
88.9900055,0.2517978,0.2102659,0.23103185
89.0000076,0.2595375,0.2077904,0.23366395
89.0100021,0.2514478,0.2156032,0.2335255
89.0200043,0.2611176,0.2075606,0.2343391
89.0300064,0.265117,0.2070037,0.23606035
89.0400009,0.2568085,0.1933098,0.22505915
89.0500031,0.2480563,0.1990786,0.22356745
89.0600052,0.2465925,0.1918317,0.2192121
89.0700073,0.2489523,0.2006205,0.2247864
89.0800018,0.2546949,0.2037672,0.22923105
89.090004,0.2490344,0.2043713,0.22670285
89.1000061,0.2448427,0.2026856,0.22376415
89.1100006,0.2453946,0.1953926,0.2203936
89.1200027,0.2356105,0.2035706,0.21959055
89.1300049,0.2310994,0.2014693,0.21628435
89.140007,0.2429503,0.201452,0.22220115
89.1500015,0.2429942,0.2027229,0.22285855
89.1600037,0.2410614,0.19337,0.2172157
89.1700058,0.2274728,0.2044488,0.2159608
89.1800079,0.2404175,0.1992168,0.21981715
89.1900024,0.2399356,0.201172,0.2205538
89.2000046,0.2375965,0.1950301,0.2163133
89.2100067,0.2288089,0.2106381,0.2197235
89.2200012,0.2343895,0.2137763,0.2240829
89.2300034,0.2422475,0.2104883,0.2263679
89.2400055,0.2418864,0.2019435,0.22191495
89.2500076,0.2475848,0.1998642,0.2237245
89.2600021,0.2410161,0.194791,0.21790355
89.2700043,0.2388072,0.2004186,0.2196129
89.2800064,0.2519553,0.1951408,0.22354805
89.2900009,0.2524137,0.2085741,0.2304939
89.3000031,0.2586133,0.189931,0.22427215
89.3100052,0.2534975,0.1870485,0.220273
89.3200073,0.2512176,0.1989644,0.225091
89.3300018,0.2565346,0.1884769,0.22250575
89.340004,0.2437563,0.1870289,0.2153926
89.3500061,0.2419892,0.1923079,0.21714855
89.3600006,0.2461209,0.1946987,0.2204098
89.3700027,0.2376307,0.2043708,0.22100075
89.3800049,0.2387166,0.1888414,0.213779
89.390007,0.2377669,0.1917099,0.2147384
89.4000015,0.2396962,0.2055724,0.2226343
89.4100037,0.2539042,0.2040802,0.2289922
89.4200058,0.2337475,0.1962651,0.2150063
89.4300079,0.240501,0.1914999,0.21600045
89.4400024,0.2446366,0.2018554,0.223246
89.4500046,0.2399202,0.1890998,0.21451
89.4600067,0.2394779,0.1987768,0.21912735
89.4700012,0.2359292,0.1852189,0.21057405
89.4800034,0.2415654,0.1985922,0.2200788
89.4900055,0.2357816,0.2077938,0.2217877
89.5000076,0.2431851,0.1881387,0.2156619
89.5100021,0.2416432,0.1885308,0.215087
89.5200043,0.2486096,0.1829735,0.21579155
89.5300064,0.2457132,0.1880245,0.21686885
89.5400009,0.2363412,0.189656,0.2129986
89.5500031,0.2393859,0.1951708,0.21727835
89.5600052,0.2395931,0.1904324,0.21501275
89.5700073,0.2332909,0.2052808,0.21928585
89.5800018,0.2317031,0.1982779,0.2149905
89.590004,0.2293519,0.1914768,0.21041435
89.6000061,0.2488594,0.1927508,0.2208051
89.6100006,0.2386207,0.1952421,0.2169314
89.6200027,0.2451183,0.1851928,0.21515555
89.6300049,0.2374868,0.1923333,0.21491005
89.640007,0.2454841,0.186625,0.21605455
89.6500015,0.2481035,0.1862038,0.21715365
89.6600037,0.2506713,0.1937772,0.22222425
89.6700058,0.2393667,0.1883484,0.21385755
89.6800079,0.2490981,0.1914985,0.2202983
89.6900024,0.2535278,0.1935702,0.223549
89.7000046,0.2546273,0.1861223,0.2203748
89.7100067,0.2615132,0.1816377,0.22157545
89.7200012,0.2624809,0.2005947,0.2315378
89.7300034,0.2578315,0.1941208,0.22597615
89.7400055,0.2477806,0.1911934,0.219487
89.7500076,0.2643926,0.1912989,0.22784575
89.7600021,0.2615079,0.1941324,0.22782015
89.7700043,0.2573732,0.1916429,0.22450805
89.7800064,0.2513919,0.1859216,0.21865675
89.7900009,0.2477365,0.2060436,0.22689005
89.8000031,0.2380767,0.1941219,0.2160993
89.8100052,0.2561716,0.2057707,0.23097115
89.8200073,0.2559785,0.1920435,0.224011
89.8300018,0.2573074,0.2006206,0.228964
89.840004,0.2601208,0.2043871,0.23225395
89.8500061,0.2539254,0.2053996,0.2296625
89.8600006,0.2497158,0.2030225,0.22636915
89.8700027,0.2385132,0.1987239,0.21861855
89.8800049,0.2430765,0.2026922,0.22288435
89.890007,0.2461109,0.205629,0.22586995
89.9000015,0.2348755,0.1990911,0.2169833
89.9100037,0.2342597,0.2048998,0.21957975
89.9200058,0.2383347,0.1992225,0.2187786
89.9300079,0.2360393,0.1948079,0.2154236
89.9400024,0.23761,0.1904295,0.21401975
89.9500046,0.2250737,0.1948643,0.209969
89.9600067,0.2354188,0.195801,0.2156099
89.9700012,0.2472506,0.1964043,0.22182745
89.9800034,0.2345834,0.2024084,0.2184959
89.9900055,0.2440269,0.20214,0.22308345
90.0000076,0.2389261,0.2114935,0.2252098
90.0100021,0.2302256,0.2118411,0.22103335
90.0200043,0.2414324,0.2025118,0.2219721
90.0300064,0.2486075,0.1998045,0.224206
90.0400009,0.2323355,0.2039321,0.2181338
90.0500031,0.2355802,0.2101821,0.22288115
90.0600052,0.2464965,0.2001473,0.2233219
90.0700073,0.2417419,0.2007302,0.22123605
90.0800018,0.2336437,0.1971727,0.2154082
90.090004,0.2496511,0.196997,0.22332405
90.1000061,0.2488198,0.1997867,0.22430325
90.1100006,0.2358028,0.1994849,0.21764385
90.1200027,0.2397674,0.2057251,0.22274625
90.1300049,0.2417921,0.196718,0.21925505
90.140007,0.2483575,0.2023614,0.22535945
90.1500015,0.2539175,0.1982488,0.22608315
90.1600037,0.2456708,0.193454,0.2195624
90.1700058,0.2500728,0.1985994,0.2243361
90.1800079,0.2465759,0.1977291,0.2221525
90.1900024,0.2505596,0.2001434,0.2253515
90.2000046,0.240095,0.1997075,0.21990125
90.2100067,0.2454079,0.2132978,0.22935285
90.2200012,0.2443114,0.2011429,0.22272715
90.2300034,0.2542505,0.2029993,0.2286249
90.2400055,0.2560057,0.1986712,0.22733845
90.2500076,0.2547182,0.2032398,0.228979
90.2600021,0.2338935,0.1952135,0.2145535
90.2700043,0.2462812,0.1923981,0.21933965
90.2800064,0.2513338,0.2037973,0.22756555
90.2900009,0.2532178,0.2038476,0.2285327
90.3000031,0.2423923,0.1995752,0.22098375
90.3100052,0.2487606,0.2024853,0.22562295
90.3200073,0.2421453,0.1895204,0.21583285
90.3300018,0.2565961,0.1962799,0.226438
90.340004,0.2492508,0.2010012,0.225126
90.3500061,0.2482291,0.1980255,0.2231273
90.3600006,0.2519998,0.2004471,0.22622345
90.3700027,0.2473029,0.1982272,0.22276505
90.3800049,0.2585984,0.1922852,0.2254418
90.390007,0.2431371,0.1987244,0.22093075
90.4000015,0.2641731,0.2001771,0.2321751
90.4100037,0.2589066,0.190514,0.2247103
90.4200058,0.2502162,0.1965958,0.223406
90.4300079,0.2372095,0.1856421,0.2114258
90.4400024,0.2467484,0.1893874,0.2180679
90.4500046,0.2257018,0.2025426,0.2141222
90.4600067,0.2349634,0.1923577,0.21366055
90.4700012,0.2363187,0.1908899,0.2136043
90.4800034,0.2458847,0.1918676,0.21887615
90.4900055,0.2427076,0.1945154,0.2186115
90.5000076,0.2392987,0.1975982,0.21844845
90.5100021,0.2317805,0.1942737,0.2130271
90.5200043,0.2351578,0.1862076,0.2106827
90.5300064,0.23833,0.1957915,0.21706075
90.5400009,0.2378637,0.1937978,0.21583075
90.5500031,0.2290235,0.1997553,0.2143894
90.5600052,0.2324269,0.1931234,0.21277515
90.5700073,0.2398395,0.1927719,0.2163057
90.5800018,0.2512105,0.19007,0.22064025
90.590004,0.2674222,0.2017483,0.23458525
90.6000061,0.2751077,0.197327,0.23621735
90.6100006,0.251353,0.2007222,0.2260376
90.6200027,0.2627407,0.1997268,0.23123375
90.6300049,0.2599485,0.2029145,0.2314315
90.640007,0.2619026,0.1977921,0.22984735
90.6500015,0.2669525,0.1998025,0.2333775
90.6600037,0.2597465,0.2137204,0.23673345
90.6700058,0.2561145,0.2127597,0.2344371
90.6800079,0.2550749,0.1973009,0.2261879
90.6900024,0.2622841,0.20421,0.23324705
90.7000046,0.2551197,0.2004247,0.2277722
90.7100067,0.2468336,0.1992168,0.2230252
90.7200012,0.2583373,0.2050867,0.231712
90.7300034,0.2538469,0.2054271,0.229637
90.7400055,0.2624322,0.2151229,0.23877755
90.7500076,0.2537351,0.2027279,0.2282315
90.7600021,0.2496784,0.2094579,0.22956815
90.7700043,0.2509213,0.2138648,0.23239305
90.7800064,0.2423205,0.2011012,0.22171085
90.7900009,0.2361061,0.2075687,0.2218374
90.8000031,0.2448948,0.1982003,0.22154755
90.8100052,0.2441522,0.2053019,0.22472705
90.8200073,0.2458112,0.2005219,0.22316655
90.8300018,0.247506,0.1999343,0.22372015
90.840004,0.2406124,0.1967147,0.21866355
90.8500061,0.2363008,0.1981404,0.2172206
90.8600006,0.2431676,0.1913898,0.2172787
90.8700027,0.2393116,0.1999317,0.21962165
90.8800049,0.2427994,0.1965597,0.21967955
90.890007,0.2400018,0.1939174,0.2169596
90.9000015,0.2576607,0.1974661,0.2275634
90.9100037,0.2434524,0.197523,0.2204877
90.9200058,0.246251,0.1939431,0.22009705
90.9300079,0.2386887,0.1871193,0.212904
90.9400024,0.2358002,0.1959326,0.2158664
90.9500046,0.249033,0.1817189,0.21537595
90.9600067,0.2482402,0.1920408,0.2201405
90.9700012,0.2520538,0.1938505,0.22295215
90.9800034,0.25259,0.2059748,0.2292824
90.9900055,0.2469959,0.1937513,0.2203736
91.0000076,0.2483073,0.1907104,0.21950885
91.0100021,0.2409032,0.1907932,0.2158482
91.0200043,0.2440055,0.1911102,0.21755785
91.0300064,0.2568988,0.1954673,0.22618305
91.0400009,0.2538067,0.2000219,0.2269143
91.0500031,0.2554037,0.1996349,0.2275193
91.0600052,0.2526531,0.1969302,0.22479165
91.0700073,0.250904,0.1884002,0.2196521
91.0800018,0.2581652,0.1998581,0.22901165
91.090004,0.2673699,0.1992213,0.2332956
91.1000061,0.2604348,0.1967763,0.22860555
91.1100006,0.2458496,0.1976413,0.22174545
91.1200027,0.2529607,0.1909177,0.2219392
91.1300049,0.2500197,0.1978106,0.22391515
91.140007,0.2546664,0.1965903,0.22562835
91.1500015,0.2606485,0.1966397,0.2286441
91.1600037,0.2605294,0.1935713,0.22705035
91.1700058,0.2508579,0.1986802,0.22476905
91.1800079,0.2533534,0.1962064,0.2247799
91.1900024,0.2455239,0.2062231,0.2258735
91.2000046,0.2408277,0.1897404,0.21528405
91.2100067,0.2405494,0.1932565,0.21690295
91.2200012,0.2549399,0.1954828,0.22521135
91.2300034,0.2503773,0.1932234,0.22180035
91.2400055,0.2502027,0.194602,0.22240235
91.2500076,0.2499714,0.1977737,0.22387255
91.2600021,0.2571607,0.1937283,0.2254445
91.2700043,0.2591554,0.1984625,0.22880895
91.2800064,0.2561089,0.2013326,0.22872075
91.2900009,0.2520752,0.1997019,0.22588855
91.3000031,0.2613439,0.1969893,0.2291666
91.3100052,0.2491862,0.1931404,0.2211633
91.3200073,0.2451621,0.200705,0.22293355
91.3300018,0.2475445,0.2046868,0.22611565
91.340004,0.2366321,0.1970175,0.2168248
91.3500061,0.2363017,0.1965581,0.2164299
91.3600006,0.2463865,0.1987135,0.22255
91.3700027,0.2409287,0.1985314,0.21973005
91.3800049,0.240672,0.2016694,0.2211707
91.390007,0.2514755,0.1891022,0.22028885
91.4000015,0.250016,0.2003398,0.2251779
91.4100037,0.2538619,0.2014274,0.22764465
91.4200058,0.25184,0.2002276,0.2260338
91.4300079,0.2545698,0.1959511,0.22526045
91.4400024,0.2454518,0.2043609,0.22490635
91.4500046,0.2398434,0.2022703,0.22105685
91.4600067,0.2366866,0.2012003,0.21894345
91.4700012,0.2391966,0.207157,0.2231768
91.4800034,0.2320249,0.1983786,0.21520175
91.4900055,0.2366478,0.1987676,0.2177077
91.5000076,0.2428222,0.2045844,0.2237033
91.5100021,0.2520731,0.2073285,0.2297008
91.5200043,0.2377364,0.2073255,0.22253095
91.5300064,0.2462978,0.2098002,0.228049
91.5400009,0.2519519,0.2152516,0.23360175
91.5500031,0.2564716,0.2146887,0.23558015
91.5600052,0.2597646,0.214938,0.2373513
91.5700073,0.2573745,0.2036953,0.2305349
91.5800018,0.2457048,0.2113136,0.2285092
91.590004,0.2536838,0.2126734,0.2331786
91.6000061,0.2605967,0.208795,0.23469585
91.6100006,0.2519751,0.2130409,0.232508
91.6200027,0.2561167,0.2084759,0.2322963
91.6300049,0.2692782,0.2155395,0.24240885
91.640007,0.2728162,0.206928,0.2398721
91.6500015,0.2674029,0.2059501,0.2366765
91.6600037,0.2537186,0.198859,0.2262888
91.6700058,0.2510373,0.2078542,0.22944575
91.6800079,0.2691189,0.2034623,0.2362906
91.6900024,0.2488081,0.2021954,0.22550175
91.7000046,0.2459811,0.1993783,0.2226797
91.7100067,0.2445289,0.1921307,0.2183298
91.7200012,0.2444761,0.1984536,0.22146485
91.7300034,0.2513104,0.1910319,0.22117115
91.7400055,0.2433495,0.1918693,0.2176094
91.7500076,0.2361783,0.190257,0.21321765
91.7600021,0.2370208,0.2061819,0.22160135
91.7700043,0.2285235,0.2087844,0.21865395
91.7800064,0.2283696,0.1971013,0.21273545
91.7900009,0.2275478,0.2050503,0.21629905
91.8000031,0.2330609,0.2011119,0.2170864
91.8100052,0.2287415,0.1955498,0.21214565
91.8200073,0.2303315,0.194145,0.21223825
91.8300018,0.2323383,0.2065858,0.21946205
91.840004,0.2384934,0.203723,0.2211082
91.8500061,0.2315033,0.2066542,0.21907875
91.8600006,0.246158,0.200207,0.2231825
91.8700027,0.241177,0.198474,0.2198255
91.8800049,0.2512248,0.2036681,0.22744645
91.890007,0.2568311,0.1938095,0.2253203
91.9000015,0.2494646,0.1972979,0.22338125
91.9100037,0.2549239,0.1971731,0.2260485
91.9200058,0.2371535,0.1929073,0.2150304
91.9300079,0.2371831,0.1957219,0.2164525
91.9400024,0.2399821,0.2002966,0.22013935
91.9500046,0.2452092,0.1918809,0.21854505
91.9600067,0.2504474,0.1928906,0.221669
91.9700012,0.2481542,0.2068575,0.22750585
91.9800034,0.2438699,0.2012044,0.22253715
91.9900055,0.2428522,0.200435,0.2216436
92.0000076,0.2440303,0.2011492,0.22258975
92.0100021,0.2378703,0.1982295,0.2180499
92.0200043,0.2439773,0.210264,0.22712065
92.0300064,0.2412385,0.2130914,0.22716495
92.0400009,0.2405972,0.2073796,0.2239884
92.0500031,0.2369203,0.2060204,0.22147035
92.0600052,0.2428018,0.1981903,0.22049605
92.0700073,0.2518643,0.1999667,0.2259155
92.0800018,0.2370759,0.2036408,0.22035835
92.090004,0.2422889,0.2058123,0.2240506
92.1000061,0.2378897,0.1988005,0.2183451
92.1100006,0.2450388,0.2069467,0.22599275
92.1200027,0.2285006,0.1973932,0.2129469
92.1300049,0.2260811,0.1996598,0.21287045
92.140007,0.2268495,0.2047824,0.21581595
92.1500015,0.2308069,0.2040088,0.21740785
92.1600037,0.2282076,0.207384,0.2177958
92.1700058,0.2202996,0.2059325,0.21311605
92.1800079,0.2325268,0.2085108,0.2205188
92.1900024,0.2195507,0.1987966,0.20917365
92.2000046,0.2244684,0.1993768,0.2119226
92.2100067,0.2228948,0.1992692,0.211082
92.2200012,0.2221717,0.2027998,0.21248575
92.2300034,0.2265535,0.19959,0.21307175
92.2400055,0.2182173,0.200029,0.20912315
92.2500076,0.2161431,0.2057942,0.21096865
92.2600021,0.2130134,0.2069996,0.2100065
92.2700043,0.2240229,0.2103752,0.21719905
92.2800064,0.2112069,0.2066212,0.20891405
92.2900009,0.2167334,0.2172052,0.2169693
92.3000031,0.2239505,0.210376,0.21716325
92.3100052,0.229155,0.2054701,0.21731255
92.3200073,0.2076431,0.2024827,0.2050629
92.3300018,0.2363998,0.206167,0.2212834
92.340004,0.2313172,0.2132873,0.22230225
92.3500061,0.2212922,0.2124377,0.21686495
92.3600006,0.2300878,0.2145393,0.22231355
92.3700027,0.2357441,0.2017757,0.2187599
92.3800049,0.2339477,0.2094041,0.2216759
92.390007,0.2201022,0.2042738,0.212188
92.4000015,0.2236343,0.2073509,0.2154926
92.4100037,0.2302643,0.2071262,0.21869525
92.4200058,0.2293331,0.2091454,0.21923925
92.4300079,0.2203207,0.2071571,0.2137389
92.4400024,0.2143021,0.2155535,0.2149278
92.4500046,0.2236275,0.2143393,0.2189834
92.4600067,0.2313143,0.2269656,0.22913995
92.4700012,0.2321385,0.2179892,0.22506385
92.4800034,0.223141,0.2167902,0.2199656
92.4900055,0.226329,0.215222,0.2207755
92.5000076,0.2312714,0.2230911,0.22718125
92.5100021,0.2318067,0.2188546,0.22533065
92.5200043,0.2226484,0.217092,0.2198702
92.5300064,0.2184995,0.2175955,0.2180475
92.5400009,0.2206454,0.2141606,0.217403
92.5500031,0.2261854,0.2175619,0.22187365
92.5600052,0.233882,0.2157876,0.2248348
92.5700073,0.2388797,0.2117805,0.2253301
92.5800018,0.2323769,0.199925,0.21615095
92.590004,0.2231686,0.2089722,0.2160704
92.6000061,0.2323696,0.2150004,0.223685
92.6100006,0.2214816,0.211637,0.2165593
92.6200027,0.2205972,0.2121278,0.2163625
92.6300049,0.2327588,0.2166197,0.22468925
92.640007,0.2363631,0.2133682,0.22486565
92.6500015,0.2264079,0.2019879,0.2141979
92.6600037,0.2231331,0.2075808,0.21535695
92.6700058,0.219703,0.1976869,0.20869495
92.6800079,0.2233688,0.199463,0.2114159
92.6900024,0.2279216,0.1992761,0.21359885
92.7000046,0.2336991,0.2154941,0.2245966
92.7100067,0.2340027,0.1985812,0.21629195
92.7200012,0.22888,0.2100782,0.2194791
92.7300034,0.2280209,0.2050014,0.21651115
92.7400055,0.2247355,0.2064729,0.2156042
92.7500076,0.2344909,0.2024644,0.21847765
92.7600021,0.2294286,0.2145639,0.22199625
92.7700043,0.2306325,0.2024502,0.21654135
92.7800064,0.2263722,0.2001783,0.21327525
92.7900009,0.225394,0.2042888,0.2148414
92.8000031,0.2261928,0.2094587,0.21782575
92.8100052,0.2199699,0.203109,0.21153945
92.8200073,0.2324347,0.2047953,0.218615
92.8300018,0.2175228,0.2084922,0.2130075
92.840004,0.2196129,0.2030228,0.21131785
92.8500061,0.2056238,0.1980767,0.20185025
92.8600006,0.2162774,0.2056992,0.2109883
92.8700027,0.2290112,0.2109487,0.21997995
92.8800049,0.2174995,0.2057175,0.2116085
92.890007,0.2230134,0.1963698,0.2096916
92.9000015,0.2281174,0.202214,0.2151657
92.9100037,0.216849,0.1991843,0.20801665
92.9200058,0.2217365,0.1945137,0.2081251
92.9300079,0.2106309,0.2091414,0.20988615
92.9400024,0.2292361,0.2066414,0.21793875
92.9500046,0.2201154,0.2101295,0.21512245
92.9600067,0.225381,0.2034014,0.2143912
92.9700012,0.2166047,0.2107178,0.21366125
92.9800034,0.2323425,0.2148822,0.22361235
92.9900055,0.2306033,0.2146498,0.22262655
93.0000076,0.2355348,0.2052421,0.22038845
93.0100021,0.230465,0.2088945,0.21967975
93.0200043,0.2385471,0.2000353,0.2192912
93.0300064,0.2341746,0.2011826,0.2176786
93.0400009,0.2444484,0.1989,0.2216742
93.0500031,0.2391873,0.1955606,0.21737395
93.0600052,0.2384079,0.2095729,0.2239904
93.0700073,0.2362676,0.204419,0.2203433
93.0800018,0.2393816,0.2004014,0.2198915
93.090004,0.2407826,0.2071344,0.2239585
93.1000061,0.2406027,0.1972949,0.2189488
93.1100006,0.2415834,0.1997304,0.2206569
93.1200027,0.2522242,0.2112895,0.23175685
93.1300049,0.2457281,0.2077783,0.2267532
93.140007,0.2445265,0.2121087,0.2283176
93.1500015,0.2449213,0.2131276,0.22902445
93.1600037,0.2507884,0.226329,0.2385587
93.1700058,0.2486781,0.2216133,0.2351457
93.1800079,0.2462812,0.2221802,0.2342307
93.1900024,0.2388508,0.2145229,0.22668685
93.2000046,0.2455271,0.2185576,0.23204235
93.2100067,0.2351129,0.2188276,0.22697025
93.2200012,0.2290196,0.2135785,0.22129905
93.2300034,0.2244858,0.2175988,0.2210423
93.2400055,0.2291971,0.2060125,0.2176048
93.2500076,0.2284771,0.206585,0.21753105
93.2600021,0.2247214,0.2058397,0.21528055
93.2700043,0.226221,0.2038102,0.2150156
93.2800064,0.2263987,0.2040309,0.2152148
93.2900009,0.2389869,0.2079337,0.2234603
93.3000031,0.2293805,0.2042633,0.2168219
93.3100052,0.2279086,0.2046511,0.21627985
93.3200073,0.2387481,0.2097226,0.22423535
93.3300018,0.2388648,0.2186681,0.22876645
93.340004,0.2491153,0.2039032,0.22650925
93.3500061,0.2318352,0.20106,0.2164476
93.3600082,0.2337274,0.1999332,0.2168303
93.3700027,0.2275423,0.2050188,0.21628055
93.3800049,0.2380284,0.2179187,0.22797355
93.390007,0.2375241,0.2281552,0.23283965
93.4000015,0.2355475,0.2202312,0.22788935
93.4100037,0.2371883,0.2109294,0.22405885
93.4200058,0.2369761,0.2161919,0.226584
93.4300079,0.2415355,0.2220789,0.2318072
93.4400024,0.2379937,0.2239172,0.23095545
93.4500046,0.2508621,0.2208969,0.2358795
93.4600067,0.2479888,0.2148954,0.2314421
93.4700012,0.2526866,0.2165325,0.23460955
93.4800034,0.238573,0.2117955,0.22518425
93.4900055,0.2510685,0.2136645,0.2323665
93.5000076,0.2491111,0.2040492,0.22658015
93.5100021,0.2576881,0.2107559,0.234222
93.5200043,0.2502442,0.213636,0.2319401
93.5300064,0.2441768,0.2081334,0.2261551
93.5400009,0.2475902,0.2136502,0.2306202
93.5500031,0.2321676,0.220774,0.2264708
93.5600052,0.2278299,0.2110146,0.21942225
93.5700073,0.2341072,0.2095479,0.22182755
93.5800018,0.2349198,0.2209998,0.2279598
93.590004,0.2322565,0.2105761,0.2214163
93.6000061,0.2472336,0.2122867,0.22976015
93.6100082,0.2491441,0.2156837,0.2324139
93.6200027,0.2429065,0.2138118,0.22835915
93.6300049,0.244266,0.2138457,0.22905585
93.640007,0.2398302,0.2180403,0.22893525
93.6500015,0.2417847,0.2126598,0.22722225
93.6600037,0.2415276,0.2043393,0.22293345
93.6700058,0.2442023,0.1988399,0.2215211
93.6800079,0.2441508,0.2125859,0.22836835
93.6900024,0.2411148,0.1999637,0.22053925
93.7000046,0.2335653,0.1999517,0.2167585
93.7100067,0.2272973,0.215903,0.22160015
93.7200012,0.2378893,0.2075886,0.22273895
93.7300034,0.2406535,0.2018564,0.22125495
93.7400055,0.243197,0.2003687,0.22178285
93.7500076,0.2481951,0.2075885,0.2278918
93.7600021,0.2315254,0.2064122,0.2189688
93.7700043,0.2423859,0.2105407,0.2264633
93.7800064,0.2324739,0.2077007,0.2200873
93.7900009,0.2470061,0.2054878,0.22624695
93.8000031,0.2403012,0.2011778,0.2207395
93.8100052,0.247445,0.196356,0.2219005
93.8200073,0.249635,0.2026228,0.2261289
93.8300018,0.2379842,0.2054583,0.22172125
93.840004,0.2331541,0.2080179,0.220586
93.8500061,0.2383097,0.2092098,0.22375975
93.8600082,0.2396584,0.2057272,0.2226928
93.8700027,0.2353465,0.2075319,0.2214392
93.8800049,0.2576825,0.2145423,0.2361124
93.890007,0.2544423,0.2030391,0.2287407
93.9000015,0.2431369,0.204669,0.22390295
93.9100037,0.2429008,0.2005324,0.2217166
93.9200058,0.2467887,0.2116976,0.22924315
93.9300079,0.2517435,0.2222358,0.23698965
93.9400024,0.264376,0.2173647,0.24087035
93.9500046,0.2761851,0.21729,0.24673755
93.9600067,0.2736312,0.2071557,0.24039345
93.9700012,0.2683006,0.2141317,0.24121615
93.9800034,0.2695495,0.2093575,0.2394535
93.9900055,0.2722811,0.2035006,0.23789085
94.0000076,0.2634531,0.2137771,0.2386151
94.0100021,0.2677626,0.2001516,0.2339571
94.0200043,0.2634226,0.205206,0.2343143
94.0300064,0.2671536,0.2008065,0.23398005
94.0400009,0.2697939,0.2029183,0.2363561
94.0500031,0.2664719,0.2057047,0.2360883
94.0600052,0.2761595,0.2079913,0.2420754
94.0700073,0.2741156,0.2091625,0.24163905
94.0800018,0.2669815,0.2102099,0.2385957
94.090004,0.2793365,0.2125687,0.2459526
94.1000061,0.2729519,0.2120554,0.24250365
94.1100082,0.2731884,0.2122494,0.2427189
94.1200027,0.2817557,0.203925,0.24284035
94.1300049,0.2660393,0.2061034,0.23607135
94.140007,0.2630066,0.2046778,0.2338422
94.1500015,0.2654432,0.2057991,0.23562115
94.1600037,0.2641698,0.2011821,0.23267595
94.1700058,0.2467097,0.2029058,0.22480775
94.1800079,0.2586102,0.2171588,0.2378845
94.1900024,0.2501013,0.2143725,0.2322369
94.2000046,0.2510841,0.2112145,0.2311493
94.2100067,0.25017,0.2050467,0.22760835
94.2200012,0.2497813,0.2037483,0.2267648
94.2300034,0.2585761,0.2003231,0.2294496
94.2400055,0.2538639,0.2063979,0.2301309
94.2500076,0.2598324,0.2121084,0.2359704
94.2600021,0.2593196,0.2093234,0.2343215
94.2700043,0.2554569,0.209445,0.23245095
94.2800064,0.2591882,0.204701,0.2319446
94.2900009,0.267575,0.2160224,0.2417987
94.3000031,0.2649108,0.2010877,0.23299925
94.3100052,0.2633427,0.2033532,0.23334795
94.3200073,0.2572478,0.2101276,0.2336877
94.3300018,0.2626125,0.2070046,0.23480855
94.340004,0.2584124,0.2154003,0.23690635
94.3500061,0.2617567,0.2161486,0.23895265
94.3600082,0.2587902,0.2105928,0.2346915
94.3700027,0.2563016,0.212401,0.2343513
94.3800049,0.2627265,0.2114294,0.23707795
94.390007,0.2574882,0.2088023,0.23314525
94.4000015,0.2600257,0.2125434,0.23628455
94.4100037,0.2646725,0.2142805,0.2394765
94.4200058,0.2581097,0.2170789,0.2375943
94.4300079,0.2704796,0.2148409,0.24266025
94.4400024,0.2582489,0.2161586,0.23720375
94.4500046,0.2611606,0.2049106,0.2330356
94.4600067,0.2683181,0.2059141,0.2371161
94.4700012,0.2615824,0.1990324,0.2303074
94.4800034,0.2652342,0.2035202,0.2343772
94.4900055,0.2583211,0.2111989,0.23476
94.5000076,0.2682043,0.2158356,0.24201995
94.5100021,0.2681693,0.2135805,0.2408749
94.5200043,0.268449,0.2093263,0.23888765
94.5300064,0.2693512,0.2025203,0.23593575
94.5400009,0.2687093,0.1992612,0.23398525
94.5500031,0.2720092,0.2040196,0.2380144
94.5600052,0.2743475,0.1993936,0.23687055
94.5700073,0.2589966,0.2056378,0.2323172
94.5800018,0.2603728,0.2049876,0.2326802
94.590004,0.2713869,0.1959714,0.23367915
94.6000061,0.2676198,0.2021054,0.2348626
94.6100082,0.2614053,0.2023642,0.23188475
94.6200027,0.269735,0.2097382,0.2397366
94.6300049,0.2689998,0.2078346,0.2384172
94.640007,0.2654907,0.2239776,0.24473415
94.6500015,0.2593546,0.2233682,0.2413614
94.6600037,0.2702084,0.2260526,0.2481305
94.6700058,0.264619,0.2248618,0.2447404
94.6800079,0.27074,0.2310297,0.25088485
94.6900024,0.267315,0.2156461,0.24148055
94.7000046,0.2618253,0.2171185,0.2394719
94.7100067,0.262902,0.215991,0.2394465
94.7200012,0.2710333,0.2212397,0.2461365
94.7300034,0.2704726,0.2238751,0.24717385
94.7400055,0.2627329,0.2250175,0.2438752
94.7500076,0.2630961,0.220769,0.24193255
94.7600021,0.2643382,0.2077262,0.2360322
94.7700043,0.2510396,0.2156618,0.2333507
94.7800064,0.2551493,0.2224907,0.23882
94.7900009,0.2594248,0.2092355,0.23433015
94.8000031,0.2524056,0.2122338,0.2323197
94.8100052,0.258213,0.2088314,0.2335222
94.8200073,0.2577057,0.2053592,0.23153245
94.8300018,0.2746976,0.2158183,0.24525795
94.840004,0.2701096,0.2075772,0.2388434
94.8500061,0.2616679,0.2114131,0.2365405
94.8600082,0.2718949,0.2063673,0.2391311
94.8700027,0.2658342,0.2131024,0.2394683
94.8800049,0.2728427,0.216928,0.24488535
94.890007,0.2613994,0.2168803,0.23913985
94.9000015,0.2634971,0.2050876,0.23429235
94.9100037,0.2462569,0.200702,0.22347945
94.9200058,0.2527152,0.2082956,0.2305054
94.9300079,0.2520737,0.2229161,0.2374949
94.9400024,0.2592828,0.2179155,0.23859915
94.9500046,0.2662526,0.2093369,0.23779475
94.9600067,0.2694708,0.2146038,0.2420373
94.9700012,0.2683552,0.2086926,0.2385239
94.9800034,0.2755431,0.2010465,0.2382948
94.9900055,0.2641861,0.2065456,0.23536585
95.0000076,0.2572947,0.2133609,0.2353278
95.0100021,0.2556626,0.2015959,0.22862925
95.0200043,0.2531614,0.2030776,0.2281195
95.0300064,0.2616986,0.2058823,0.23379045
95.0400009,0.2800072,0.2138783,0.24694275
95.0500031,0.264466,0.2074755,0.23597075
95.0600052,0.2710149,0.2100665,0.2405407
95.0700073,0.2628596,0.2169549,0.23990725
95.0800018,0.2670035,0.2069396,0.23697155
95.090004,0.2665552,0.2108909,0.23872305
95.1000061,0.2754786,0.2049315,0.24020505
95.1100082,0.2833742,0.2069892,0.2451817
95.1200027,0.2748704,0.2083583,0.24161435
95.1300049,0.2707489,0.2067884,0.23876865
95.140007,0.2554486,0.2052752,0.2303619
95.1500015,0.2659442,0.2037917,0.23486795
95.1600037,0.2652566,0.2012176,0.2332371
95.1700058,0.266741,0.2067202,0.2367306
95.1800079,0.2723461,0.2026032,0.23747465
95.1900024,0.2754518,0.204308,0.2398799
95.2000046,0.2715053,0.2058822,0.23869375
95.2100067,0.2639756,0.2132724,0.238624
95.2200012,0.2711391,0.2109794,0.24105925
95.2300034,0.255129,0.2119153,0.23352215
95.2400055,0.2569272,0.216477,0.2367021
95.2500076,0.2539658,0.2116082,0.232787
95.2600021,0.2543568,0.2045729,0.22946485
95.2700043,0.2661384,0.2056051,0.23587175
95.2800064,0.2721941,0.2121649,0.2421795
95.2900009,0.2663474,0.2047516,0.2355495
95.3000031,0.2502179,0.2075086,0.22886325
95.3100052,0.2505077,0.213165,0.23183635
95.3200073,0.2457394,0.2067029,0.22622115
95.3300018,0.2429035,0.2036982,0.22330085
95.340004,0.2435092,0.2038382,0.2236737
95.3500061,0.2437263,0.2180116,0.23086895
95.3600082,0.2444169,0.2244852,0.23445105
95.3700027,0.242912,0.211693,0.2273025
95.3800049,0.2498799,0.2189003,0.2343901
95.390007,0.2568386,0.2155414,0.23619
95.4000015,0.2441854,0.2155537,0.22986955
95.4100037,0.2463714,0.2243305,0.23535095
95.4200058,0.2557912,0.2163602,0.2360757
95.4300079,0.2466117,0.219179,0.23289535
95.4400024,0.2455297,0.2258763,0.235703
95.4500046,0.2495349,0.2256649,0.2375999
95.4600067,0.2412635,0.2233088,0.23228615
95.4700012,0.2381347,0.212959,0.22554685
95.4800034,0.241511,0.2027551,0.22213305
95.4900055,0.2504473,0.2048953,0.2276713
95.5000076,0.2436427,0.1950109,0.2193268
95.5100021,0.2400535,0.207447,0.22375025
95.5200043,0.2455101,0.2029637,0.2242369
95.5300064,0.2494546,0.2005128,0.2249837
95.5400009,0.2540863,0.2010613,0.2275738
95.5500031,0.2406916,0.2036262,0.2221589
95.5600052,0.2310395,0.2123398,0.22168965
95.5700073,0.2307291,0.2124341,0.2215816
95.5800018,0.2313581,0.2213368,0.22634745
95.590004,0.2298698,0.2112849,0.22057735
95.6000061,0.2316163,0.2059417,0.218779
95.6100082,0.2359652,0.2084977,0.22223145
95.6200027,0.233226,0.2078286,0.2205273
95.6300049,0.2247904,0.201548,0.2131692
95.640007,0.2282332,0.2033218,0.2157775
95.6500015,0.2405182,0.213255,0.2268866
95.6600037,0.2447076,0.210929,0.2278183
95.6700058,0.23842,0.2119744,0.2251972
95.6800079,0.2386292,0.2083611,0.22349515
95.6900024,0.2410323,0.2100255,0.2255289
95.7000046,0.2430498,0.2062199,0.22463485
95.7100067,0.2340301,0.20966,0.22184505
95.7200012,0.2483082,0.2014203,0.22486425
95.7300034,0.2403434,0.2043148,0.2223291
95.7400055,0.2280761,0.2099338,0.21900495
95.7500076,0.2385684,0.2076833,0.22312585
95.7600021,0.2328622,0.2149355,0.22389885
95.7700043,0.2328682,0.2055437,0.21920595
95.7800064,0.2368674,0.2022038,0.2195356
95.7900009,0.2386387,0.2046474,0.22164305
95.8000031,0.2401121,0.2021456,0.22112885
95.8100052,0.2344257,0.2015933,0.2180095
95.8200073,0.2440816,0.1978716,0.2209766
95.8300018,0.2443445,0.1983056,0.22132505
95.840004,0.2555794,0.1966521,0.22611575
95.8500061,0.2488798,0.2023278,0.2256038
95.8600082,0.2501178,0.2019991,0.22605845
95.8700027,0.2438256,0.1936113,0.21871845
95.8800049,0.2526647,0.193443,0.22305385
95.890007,0.243452,0.1972456,0.2203488
95.9000015,0.2563128,0.203127,0.2297199
95.9100037,0.2520462,0.1984123,0.22522925
95.9200058,0.2537189,0.2004099,0.2270644
95.9300079,0.2496406,0.2063428,0.2279917
95.9400024,0.2632324,0.2095569,0.23639465
95.9500046,0.262095,0.2071228,0.2346089
95.9600067,0.2631639,0.2065171,0.2348405
95.9700012,0.2732179,0.2001541,0.236686
95.9800034,0.2583988,0.2019866,0.2301927
95.9900055,0.2530282,0.2052165,0.22912235
96.0000076,0.264319,0.2075734,0.2359462
96.0100021,0.2510253,0.2097144,0.23036985
96.0200043,0.2616865,0.2009638,0.23132515
96.0300064,0.2612254,0.2115412,0.2363833
96.0400009,0.2622745,0.203782,0.23302825
96.0500031,0.2672152,0.2031206,0.2351679
96.0600052,0.256382,0.1959333,0.22615765
96.0700073,0.2527266,0.1932584,0.2229925
96.0800018,0.2636944,0.1947028,0.2291986
96.090004,0.2651834,0.1937102,0.2294468
96.1000061,0.2666298,0.2095585,0.23809415
96.1100082,0.2518838,0.2053965,0.22864015
96.1200027,0.2627501,0.2043091,0.2335296
96.1300049,0.2573407,0.2120277,0.2346842
96.140007,0.2556605,0.2086903,0.2321754
96.1500015,0.2609514,0.2059554,0.2334534
96.1600037,0.2563591,0.2082655,0.2323123
96.1700058,0.2518027,0.2129142,0.23235845
96.1800079,0.2567132,0.2079283,0.23232075
96.1900024,0.2580977,0.2021291,0.2301134
96.2000046,0.2704272,0.1962629,0.23334505
96.2100067,0.2689638,0.1930395,0.23100165
96.2200012,0.260168,0.1927119,0.22643995
96.2300034,0.2713717,0.1853754,0.22837355
96.2400055,0.2658859,0.1857995,0.2258427
96.2500076,0.2680753,0.1973515,0.2327134
96.2600021,0.26728,0.1971229,0.23220145
96.2700043,0.2630052,0.1993536,0.2311794
96.2800064,0.2646333,0.1963966,0.23051495
96.2900009,0.2532344,0.1921147,0.22267455
96.3000031,0.2537409,0.2067895,0.2302652
96.3100052,0.258386,0.1962458,0.2273159
96.3200073,0.2689157,0.2096732,0.23929445
96.3300018,0.2575211,0.2056202,0.23157065
96.340004,0.2614938,0.2061632,0.2338285
96.3500061,0.2594275,0.2023815,0.2309045
96.3600082,0.254147,0.2002407,0.22719385
96.3700027,0.2529605,0.2003729,0.2266667
96.3800049,0.2529855,0.2007315,0.2268585
96.390007,0.262336,0.2018784,0.2321072
96.4000015,0.2591696,0.2018432,0.2305064
96.4100037,0.2663644,0.2059607,0.23616255
96.4200058,0.2676352,0.209739,0.2386871
96.4300079,0.262012,0.2009826,0.2314973
96.4400024,0.2624633,0.207426,0.23494465
96.4500046,0.25274,0.2084986,0.2306193
96.4600067,0.2596627,0.204951,0.23230685
96.4700012,0.2514806,0.2087051,0.23009285
96.4800034,0.2498558,0.2009477,0.22540175
96.4900055,0.2458062,0.2070385,0.22642235
96.5000076,0.2556468,0.2064394,0.2310431
96.5100021,0.2472194,0.2029493,0.22508435
96.5200043,0.2517336,0.2090424,0.230388
96.5300064,0.2633319,0.2082048,0.23576835
96.5400009,0.2621479,0.2037854,0.23296665
96.5500031,0.2601803,0.2050655,0.2326229
96.5600052,0.2602522,0.2053491,0.23280065
96.5700073,0.2506079,0.2028778,0.22674285
96.5800018,0.2461729,0.2137474,0.22996015
96.590004,0.2524908,0.19985,0.2261704
96.6000061,0.260777,0.2053532,0.2330651
96.6100082,0.267348,0.2048157,0.23608185
96.6200027,0.2533574,0.2014395,0.22739845
96.6300049,0.2508441,0.2072771,0.2290606
96.640007,0.2585749,0.2035365,0.2310557
96.6500015,0.2597564,0.1944607,0.22710855
96.6600037,0.2649465,0.2069343,0.2359404
96.6700058,0.2655919,0.2013912,0.23349155
96.6800079,0.2619946,0.216268,0.2391313
96.6900024,0.2570175,0.2033568,0.23018715
96.7000046,0.256289,0.2000427,0.22816585
96.7100067,0.2548439,0.1939798,0.22441185
96.7200012,0.2621554,0.2015088,0.2318321
96.7300034,0.2549069,0.1917934,0.22335015
96.7400055,0.2504735,0.1948204,0.22264695
96.7500076,0.2542432,0.1999499,0.22709655
96.7600021,0.2443515,0.1972704,0.22081095
96.7700043,0.2528928,0.2008381,0.22686545
96.7800064,0.2312547,0.2074422,0.21934845
96.7900009,0.2513264,0.1936022,0.2224643
96.8000031,0.2598603,0.1982568,0.22905855
96.8100052,0.2511877,0.2010709,0.2261293
96.8200073,0.264358,0.21133,0.237844
96.8300018,0.2565628,0.2057487,0.23115575
96.840004,0.264006,0.2259445,0.24497525
96.8500061,0.2475535,0.2044983,0.2260259
96.8600082,0.2509845,0.2056019,0.2282932
96.8700027,0.2442682,0.2026009,0.22343455
96.8800049,0.2440627,0.2047415,0.2244021
96.890007,0.2423971,0.1983375,0.2203673
96.9000015,0.2527571,0.197551,0.22515405
96.9100037,0.256349,0.1974096,0.2268793
96.9200058,0.2490402,0.1999905,0.22451535
96.9300079,0.2506092,0.1983187,0.22446395
96.9400024,0.2479697,0.1907343,0.219352
96.9500046,0.251907,0.196895,0.224401
96.9600067,0.2409449,0.205026,0.22298545
96.9700012,0.2401586,0.2011374,0.220648
96.9800034,0.2464093,0.2024242,0.22441675
96.9900055,0.2472322,0.2033009,0.22526655
97.0000076,0.2308113,0.2031392,0.21697525
97.0100021,0.2374716,0.1990564,0.218264
97.0200043,0.2462983,0.1960035,0.2211509
97.0300064,0.2480388,0.2010368,0.2245378
97.0400009,0.245029,0.2042364,0.2246327
97.0500031,0.2460346,0.2095468,0.2277907
97.0600052,0.2490006,0.2087602,0.2288804
97.0700073,0.2488593,0.2070082,0.22793375
97.0800018,0.2531106,0.2042524,0.2286815
97.090004,0.2471933,0.211135,0.22916415
97.1000061,0.2442809,0.2027299,0.2235054
97.1100082,0.2460115,0.2057573,0.2258844
97.1200027,0.2533012,0.1991624,0.2262318
97.1300049,0.2541792,0.2029874,0.2285833
97.140007,0.2461173,0.2049486,0.22553295
97.1500015,0.2450363,0.1904482,0.21774225
97.1600037,0.2360007,0.2013474,0.21867405
97.1700058,0.237708,0.2019578,0.2198329
97.1800079,0.2509567,0.1944722,0.22271445
97.1900024,0.244639,0.1961189,0.22037895
97.2000046,0.2594812,0.1969363,0.22820875
97.2100067,0.2510685,0.2033284,0.22719845
97.2200012,0.2522668,0.1998559,0.22606135
97.2300034,0.2582161,0.2014861,0.2298511
97.2400055,0.2681189,0.2021356,0.23512725
97.2500076,0.2695913,0.1961189,0.2328551
97.2600021,0.2717853,0.2035466,0.23766595
97.2700043,0.2575011,0.2083414,0.23292125
97.2800064,0.2621489,0.2100813,0.2361151
97.2900009,0.2693351,0.2097116,0.23952335
97.3000031,0.281669,0.1989667,0.24031785
97.3100052,0.262096,0.1955009,0.22879845
97.3200073,0.2596192,0.2067808,0.2332
97.3300018,0.2621113,0.1971168,0.22961405
97.340004,0.2646743,0.2124223,0.2385483
97.3500061,0.2566531,0.1995254,0.22808925
97.3600082,0.2619235,0.2025971,0.2322603
97.3700027,0.2770174,0.2035259,0.24027165
97.3800049,0.2721542,0.1996455,0.23589985
97.390007,0.2774881,0.2019717,0.2397299
97.4000015,0.2769326,0.1996527,0.23829265
97.4100037,0.2746554,0.204145,0.2394002
97.4200058,0.2743047,0.1930459,0.2336753
97.4300079,0.2611329,0.1986837,0.2299083
97.4400024,0.2535185,0.195632,0.22457525
97.4500046,0.25534,0.1904262,0.2228831
97.4600067,0.2535523,0.1904501,0.2220012
97.4700012,0.242488,0.1937719,0.21812995
97.4800034,0.2389161,0.1927719,0.215844
97.4900055,0.2475325,0.1969515,0.222242
97.5000076,0.2461358,0.1927664,0.2194511
97.5100021,0.2521246,0.19608,0.2241023
97.5200043,0.2409912,0.2074151,0.22420315
97.5300064,0.2504698,0.2076685,0.22906915
97.5400009,0.2493094,0.2064521,0.22788075
97.5500031,0.248731,0.2051412,0.2269361
97.5600052,0.2453153,0.2002369,0.2227761
97.5700073,0.2475622,0.2100272,0.2287947
97.5800018,0.2409633,0.2033014,0.22213235
97.590004,0.2467313,0.2054998,0.22611555
97.6000061,0.2555355,0.1991462,0.22734085
97.6100082,0.252482,0.2180528,0.2352674
97.6200027,0.2598823,0.2072172,0.23354975
97.6300049,0.2602716,0.2045325,0.23240205
97.640007,0.2604975,0.2138502,0.23717385
97.6500015,0.2550035,0.2175053,0.2362544
97.6600037,0.2545487,0.2059806,0.23026465
97.6700058,0.2489411,0.2098132,0.22937715
97.6800079,0.2481888,0.2037675,0.22597815
97.6900024,0.2477771,0.2067074,0.22724225
97.7000046,0.2522417,0.2142839,0.2332628
97.7100067,0.2498233,0.2000287,0.224926
97.7200012,0.2470369,0.2137356,0.23038625
97.7300034,0.241198,0.214861,0.2280295
97.7400055,0.2476853,0.2163715,0.2320284
97.7500076,0.2535926,0.1973516,0.2254721
97.7600021,0.2559821,0.2016249,0.2288035
97.7700043,0.256315,0.2040502,0.2301826
97.7800064,0.2354864,0.2054546,0.2204705
97.7900009,0.2545482,0.2156485,0.23509835
97.8000031,0.2433789,0.2098723,0.2266256
97.8100052,0.2507532,0.2051267,0.22793995
97.8200073,0.2478421,0.2011703,0.2245062
97.8300018,0.25961,0.2035534,0.2315817
97.840004,0.2515591,0.2154916,0.23352535
97.8500061,0.2579058,0.2036889,0.23079735
97.8600082,0.2571589,0.1921203,0.2246396
97.8700027,0.2613764,0.2033075,0.23234195
97.8800049,0.2601441,0.2014551,0.2307996
97.890007,0.2513113,0.2002206,0.22576595
97.9000015,0.258575,0.2048174,0.2316962
97.9100037,0.262473,0.2070525,0.23476275
97.9200058,0.2603523,0.2043585,0.2323554
97.9300079,0.263159,0.2110868,0.2371229
97.9400024,0.2689982,0.211518,0.2402581
97.9500046,0.2675146,0.2230827,0.24529865
97.9600067,0.2659855,0.2201672,0.24307635
97.9700012,0.2715149,0.2097802,0.24064755
97.9800034,0.2615335,0.2053557,0.2334446
97.9900055,0.2705495,0.2039717,0.2372606
98.0000076,0.251687,0.2119252,0.2318061
98.0100021,0.2639875,0.2216511,0.2428193
98.0200043,0.2717559,0.2151116,0.24343375
98.0300064,0.2606084,0.2152734,0.2379409
98.0400009,0.2657696,0.2097307,0.23775015
98.0500031,0.264564,0.2111904,0.2378772
98.0600052,0.2601065,0.2208212,0.24046385
98.0700073,0.2578241,0.2083895,0.2331068
98.0800018,0.2506983,0.2194007,0.2350495
98.090004,0.2568584,0.202156,0.2295072
98.1000061,0.2473362,0.2041173,0.22572675
98.1100082,0.2531657,0.2096552,0.23141045
98.1200027,0.2557223,0.2057303,0.2307263
98.1300049,0.2600975,0.2005366,0.23031705
98.140007,0.2571499,0.2103732,0.23376155
98.1500015,0.2602436,0.2079591,0.23410135
98.1600037,0.2562848,0.2109187,0.23360175
98.1700058,0.2512836,0.2118293,0.23155645
98.1800079,0.2654908,0.1918633,0.22867705
98.1900024,0.2604784,0.2031353,0.23180685
98.2000046,0.2628858,0.1988189,0.23085235
98.2100067,0.2598928,0.2006112,0.230252
98.2200012,0.2603477,0.2070418,0.23369475
98.2300034,0.2582994,0.2061874,0.2322434
98.2400055,0.2490171,0.2149555,0.2319863
98.2500076,0.2606519,0.2170582,0.23885505
98.2600021,0.2551855,0.2140343,0.2346099
98.2700043,0.2488515,0.2153951,0.2321233
98.2800064,0.2546985,0.2114099,0.2330542
98.2900009,0.2646909,0.2083344,0.23651265
98.3000031,0.2612137,0.2039507,0.2325822
98.3100052,0.2566483,0.2103633,0.2335058
98.3200073,0.2535136,0.2093217,0.23141765
98.3300018,0.2577685,0.2076871,0.2327278
98.340004,0.2599907,0.2092209,0.2346058
98.3500061,0.2548521,0.198591,0.22672155
98.3600082,0.2525495,0.2076802,0.23011485
98.3700027,0.2604702,0.2106743,0.23557225
98.3800049,0.2662986,0.2119461,0.23912235
98.390007,0.258664,0.2154227,0.23704335
98.4000015,0.2626945,0.2029098,0.23280215
98.4100037,0.2594272,0.2102138,0.2348205
98.4200058,0.2576275,0.2060047,0.2318161
98.4300079,0.2573354,0.2124688,0.2349021
98.4400024,0.2573899,0.210005,0.23369745
98.4500046,0.2635601,0.2194458,0.24150295
98.4600067,0.2579711,0.2130858,0.23552845
98.4700012,0.2522624,0.2255248,0.2388936
98.4800034,0.2563177,0.2210144,0.23866605
98.4900055,0.2504468,0.2296576,0.2400522
98.5000076,0.2582742,0.2247279,0.24150105
98.5100021,0.2564685,0.2170831,0.2367758
98.5200043,0.2521392,0.219062,0.2356006
98.5300064,0.2401207,0.2235006,0.23181065
98.5400009,0.2580934,0.2226514,0.2403724
98.5500031,0.2596506,0.2231839,0.24141725
98.5600052,0.259793,0.2094023,0.23459765
98.5700073,0.2582914,0.2145071,0.23639925
98.5800018,0.2516409,0.212397,0.23201895
98.590004,0.2518661,0.2183986,0.23513235
98.6000061,0.2574903,0.223491,0.24049065
98.6100082,0.245208,0.2086018,0.2269049
98.6200027,0.2559764,0.2099556,0.232966
98.6300049,0.2472495,0.2127514,0.23000045
98.640007,0.2503055,0.217653,0.23397925
98.6500015,0.2569374,0.2190028,0.2379701
98.6600037,0.2453652,0.21376,0.2295626
98.6700058,0.2525963,0.2103526,0.23147445
98.6800079,0.2553434,0.2112318,0.2332876
98.6900024,0.2509032,0.2183805,0.23464185
98.7000046,0.2425987,0.2113401,0.2269694
98.7100067,0.2470907,0.211643,0.22936685
98.7200012,0.2558291,0.214144,0.23498655
98.7300034,0.2395781,0.2196188,0.22959845
98.7400055,0.2450069,0.2184596,0.23173325
98.7500076,0.2565995,0.212338,0.23446875
98.7600021,0.2456114,0.2079361,0.22677375
98.7700043,0.2469993,0.2138294,0.23041435
98.7800064,0.2567791,0.2116834,0.23423125
98.7900009,0.2565803,0.2154988,0.23603955
98.8000031,0.2541897,0.2167533,0.2354715
98.8100052,0.2606079,0.2090573,0.2348326
98.8200073,0.2585869,0.2079225,0.2332547
98.8300018,0.2568561,0.2198739,0.238365
98.840004,0.2468458,0.2245816,0.2357137
98.8500061,0.2662825,0.2244372,0.24535985
98.8600082,0.2565952,0.2247045,0.24064985
98.8700027,0.2558074,0.2211195,0.23846345
98.8800049,0.2542788,0.2209662,0.2376225
98.890007,0.2531899,0.2249371,0.2390635
98.9000015,0.2639954,0.2271735,0.24558445
98.9100037,0.269299,0.2125809,0.24093995
98.9200058,0.2530422,0.221236,0.2371391
98.9300079,0.248283,0.219634,0.2339585
98.9400024,0.2598661,0.2206821,0.2402741
98.9500046,0.2680471,0.2188596,0.24345335
98.9600067,0.25974,0.2327743,0.24625715
98.9700012,0.2541061,0.2319189,0.2430125
98.9800034,0.2567293,0.2375717,0.2471505
98.9900055,0.2631641,0.2217067,0.2424354
99.0000076,0.2595968,0.2274414,0.2435191
99.0100021,0.2649382,0.2224481,0.24369315
99.0200043,0.2576038,0.2186779,0.23814085
99.0300064,0.253826,0.2300005,0.24191325
99.0400009,0.2537606,0.2226215,0.23819105
99.0500031,0.255299,0.2121878,0.2337434
99.0600052,0.2616004,0.2163781,0.23898925
99.0700073,0.2656986,0.209793,0.2377458
99.0800018,0.2621921,0.2182794,0.24023575
99.090004,0.265926,0.2384589,0.25219245
99.1000061,0.2641721,0.2264451,0.2453086
99.1100082,0.2736305,0.2255699,0.2496002
99.1200027,0.264015,0.2338455,0.24893025
99.1300049,0.2672935,0.2364331,0.2518633
99.140007,0.2605122,0.224081,0.2422966
99.1500015,0.2471832,0.2287045,0.23794385
99.1600037,0.2409096,0.2356877,0.23829865
99.1700058,0.2529434,0.2386112,0.2457773
99.1800079,0.2612498,0.2212531,0.24125145
99.1900024,0.2636388,0.2239559,0.24379735
99.2000046,0.2676772,0.2318992,0.2497882
99.2100067,0.2664333,0.2371456,0.25178945
99.2200012,0.2676132,0.2288281,0.24822065
99.2300034,0.2652494,0.2283134,0.2467814
99.2400055,0.263718,0.2207827,0.24225035
99.2500076,0.2560488,0.2106568,0.2333528
99.2600021,0.2651282,0.2332232,0.2491757
99.2700043,0.2709613,0.2202457,0.2456035
99.2800064,0.2635942,0.2276787,0.24563645
99.2900009,0.2681954,0.2296923,0.24894385
99.3000031,0.2689164,0.2345813,0.25174885
99.3100052,0.2639618,0.2160659,0.24001385
99.3200073,0.2701204,0.2150441,0.24258225
99.3300018,0.2675316,0.220969,0.2442503
99.340004,0.2725954,0.2254752,0.2490353
99.3500061,0.2562295,0.2189264,0.23757795
99.3600082,0.2774903,0.2143752,0.24593275
99.3700027,0.2657804,0.2114475,0.23861395
99.3800049,0.2649513,0.2036515,0.2343014
99.390007,0.2561713,0.2013267,0.228749
99.4000015,0.2655882,0.1959015,0.23074485
99.4100037,0.2719972,0.199033,0.2355151
99.4200058,0.2670836,0.1973794,0.2322315
99.4300079,0.2717076,0.1927573,0.23223245
99.4400024,0.267979,0.2071857,0.23758235
99.4500046,0.2714884,0.2078862,0.2396873
99.4600067,0.2731494,0.2091702,0.2411598
99.4700012,0.2710597,0.2161811,0.2436204
99.4800034,0.2870175,0.2146975,0.2508575
99.4900055,0.2845648,0.2008925,0.24272865
99.5000076,0.2724029,0.209483,0.24094295
99.5100021,0.2686833,0.2107914,0.23973735
99.5200043,0.2706663,0.2077434,0.23920485
99.5300064,0.2743035,0.211695,0.24299925
99.5400009,0.2694848,0.2038566,0.2366707
99.5500031,0.2817121,0.2009518,0.24133195
99.5600052,0.2870782,0.2040661,0.24557215
99.5700073,0.2786589,0.1917586,0.23520875
99.5800018,0.2863315,0.2000534,0.24319245
99.590004,0.287576,0.2013901,0.24448305
99.6000061,0.2825637,0.1995284,0.24104605
99.6100082,0.2905182,0.1860095,0.23826385
99.6200027,0.2829321,0.1982709,0.2406015
99.6300049,0.2784736,0.1997062,0.2390899
99.640007,0.2673196,0.2064414,0.2368805
99.6500015,0.2794553,0.2020746,0.24076495
99.6600037,0.275276,0.194555,0.2349155
99.6700058,0.2826386,0.2020399,0.24233925
99.6800079,0.2789426,0.1892651,0.23410385
99.6900024,0.2830554,0.1857042,0.2343798
99.7000046,0.28982,0.2021718,0.2459959
99.7100067,0.2794305,0.20867,0.24405025
99.7200012,0.2798858,0.2297694,0.2548276
99.7300034,0.2731943,0.2169298,0.24506205
99.7400055,0.2672522,0.2178795,0.24256585
99.7500076,0.2766182,0.2218309,0.24922455
99.7600021,0.2631541,0.2221668,0.24266045
99.7700043,0.2752507,0.2137967,0.2445237
99.7800064,0.2674464,0.2224934,0.2449699
99.7900085,0.2647316,0.2051266,0.2349291
99.8000031,0.2696442,0.2139428,0.2417935
99.8100052,0.2665237,0.2067499,0.2366368
99.8200073,0.277035,0.2102854,0.2436602
99.8300018,0.2799328,0.2040287,0.24198075
99.840004,0.2756856,0.2063303,0.24100795
99.8500061,0.2689618,0.2152807,0.24212125
99.8600082,0.2734923,0.2080691,0.2407807
99.8700027,0.2672607,0.2091544,0.23820755
99.8800049,0.2627685,0.2103383,0.2365534
99.890007,0.2626667,0.2081344,0.23540055
99.9000015,0.2705964,0.2111209,0.24085865
99.9100037,0.2671872,0.2099459,0.23856655
99.9200058,0.268047,0.2104814,0.2392642
99.9300079,0.2692321,0.2069893,0.2381107
99.9400024,0.2756109,0.2201976,0.24790425
99.9500046,0.269741,0.2273471,0.24854405
99.9600067,0.2713124,0.2175817,0.24444705
99.9700012,0.271898,0.2120482,0.2419731
99.9800034,0.2660951,0.2224307,0.2442629
99.9900055,0.2605147,0.2259431,0.2432289
100.0000076,0.2617855,0.2314688,0.24662715
