Time/Residue,AFR2_R1.xvg,AFR2_R2.xvg
0.0,2.25034,2.24856
0.01,2.27474,2.27226
0.02,2.27419,2.26707
0.03,2.27726,2.26436
0.04,2.27468,2.27322
0.05,2.2765,2.27748
0.06,2.2731,2.28083
0.07,2.28209,2.28696
0.08,2.27485,2.28911
0.09,2.27652,2.28021
0.1,2.27274,2.29287
0.11,2.27574,2.29451
0.12,2.28183,2.2827
0.13,2.28078,2.29043
0.14,2.28487,2.30199
0.15,2.28428,2.2926
0.16,2.28535,2.30123
0.17,2.27676,2.29996
0.18,2.28149,2.29832
0.19,2.29513,2.29603
0.2,2.28633,2.29351
0.21,2.28384,2.28464
0.22,2.28545,2.28547
0.23,2.28802,2.28787
0.24,2.28519,2.29312
0.25,2.27882,2.28772
0.26,2.28097,2.29388
0.27,2.28113,2.28634
0.28,2.28069,2.28562
0.29,2.27974,2.2855
0.3,2.27561,2.28857
0.31,2.28373,2.28929
0.32,2.28463,2.28264
0.33,2.28126,2.2914
0.34,2.27967,2.28883
0.35,2.28411,2.28082
0.36,2.28319,2.29054
0.37,2.28465,2.29007
0.38,2.28618,2.28998
0.39,2.28688,2.28627
0.4,2.2913,2.28854
0.41,2.28831,2.2845
0.42,2.29066,2.27951
0.43,2.28604,2.28586
0.44,2.28613,2.28566
0.45,2.29025,2.29315
0.46,2.29919,2.29231
0.47,2.2853,2.29051
0.48,2.28701,2.29244
0.49,2.2819,2.28901
0.5,2.28404,2.29111
0.51,2.29613,2.2918
0.52,2.28479,2.28919
0.53,2.28867,2.28563
0.54,2.28367,2.2944
0.55,2.27751,2.29491
0.56,2.27866,2.3034
0.57,2.27816,2.29452
0.58,2.28278,2.28954
0.59,2.27887,2.28781
0.6,2.27951,2.28875
0.61,2.28888,2.28481
0.62,2.29026,2.28026
0.63,2.28468,2.28165
0.64,2.29145,2.27933
0.65,2.28661,2.2791
0.66,2.28997,2.28031
0.67,2.28559,2.2768
0.68,2.28175,2.28559
0.69,2.28152,2.28582
0.7,2.28678,2.28773
0.71,2.27962,2.28434
0.72,2.28785,2.28246
0.73,2.28897,2.285
0.74,2.2847,2.27755
0.75,2.28294,2.28563
0.76,2.28291,2.28415
0.77,2.28274,2.28609
0.78,2.28166,2.27964
0.79,2.2765,2.28776
0.8,2.28277,2.27938
0.81,2.28612,2.27946
0.82,2.28702,2.28329
0.83,2.28402,2.28761
0.84,2.27684,2.27994
0.85,2.28665,2.28946
0.86,2.2782,2.28839
0.87,2.28331,2.285
0.88,2.28365,2.28254
0.89,2.29291,2.28655
0.9,2.28217,2.28463
0.91,2.28221,2.28587
0.92,2.2791,2.29454
0.93,2.28278,2.29717
0.94,2.27871,2.29045
0.95,2.27803,2.29504
0.96,2.28092,2.29233
0.97,2.27927,2.29126
0.98,2.28265,2.27424
0.99,2.28554,2.28776
1.0,2.27757,2.28306
1.01,2.26642,2.28905
1.02,2.27638,2.28452
1.03,2.28086,2.29068
1.04,2.27366,2.29354
1.05,2.28001,2.28778
1.06,2.27362,2.28403
1.07,2.27334,2.27935
1.08,2.26925,2.28724
1.09,2.27912,2.27992
1.1,2.27128,2.28292
1.11,2.27288,2.28204
1.12,2.2684,2.28421
1.13,2.27522,2.28372
1.14,2.27331,2.28117
1.15,2.27304,2.29005
1.16,2.27689,2.29061
1.17,2.27779,2.2918
1.18,2.27953,2.28332
1.19,2.28155,2.28258
1.2,2.28172,2.29026
1.21,2.27969,2.28539
1.22,2.27116,2.28864
1.23,2.28051,2.29231
1.24,2.2824,2.29073
1.25,2.27251,2.28959
1.26,2.28102,2.29641
1.27,2.28311,2.28979
1.28,2.28421,2.28804
1.29,2.27644,2.28096
1.3,2.27701,2.2853
1.31,2.28142,2.28629
1.32,2.28569,2.2911
1.33,2.27811,2.29069
1.34,2.28843,2.28118
1.35,2.28778,2.27941
1.36,2.27997,2.28136
1.37,2.2881,2.27444
1.38,2.28792,2.28775
1.39,2.27934,2.28002
1.4,2.28525,2.28551
1.41,2.28486,2.2795
1.42,2.28695,2.28629
1.43,2.2869,2.28297
1.44,2.28694,2.28435
1.45,2.28601,2.28896
1.46,2.27635,2.28899
1.47,2.28067,2.29212
1.48,2.28617,2.29715
1.49,2.28597,2.28597
1.5,2.29329,2.28409
1.51,2.2901,2.28715
1.52,2.28909,2.28484
1.53,2.28116,2.28839
1.54,2.28267,2.29108
1.55,2.28154,2.29348
1.56,2.28576,2.28731
1.57,2.28158,2.28675
1.58,2.28732,2.28193
1.59,2.2865,2.28478
1.6,2.28112,2.29136
1.61,2.28012,2.29394
1.62,2.28821,2.27671
1.63,2.28246,2.28634
1.64,2.28868,2.28303
1.65,2.28098,2.28574
1.66,2.29052,2.28744
1.67,2.28188,2.2839
1.68,2.28431,2.2905
1.69,2.28231,2.29023
1.7,2.27987,2.28794
1.71,2.28555,2.29708
1.72,2.28405,2.28086
1.73,2.28188,2.28273
1.74,2.28627,2.28659
1.75,2.28654,2.28233
1.76,2.28387,2.28585
1.77,2.28846,2.28901
1.78,2.29533,2.28424
1.79,2.2908,2.29202
1.8,2.2867,2.29098
1.81,2.28362,2.28594
1.82,2.28879,2.29101
1.83,2.29049,2.29018
1.84,2.29752,2.29027
1.85,2.29607,2.28713
1.86,2.29433,2.29012
1.87,2.2933,2.28317
1.88,2.29422,2.28458
1.89,2.29706,2.28945
1.9,2.29195,2.28869
1.91,2.29513,2.28723
1.92,2.29439,2.27902
1.93,2.29109,2.29505
1.94,2.29168,2.29013
1.95,2.29623,2.29058
1.96,2.29098,2.29765
1.97,2.29358,2.29401
1.98,2.29046,2.29588
1.99,2.29717,2.29334
2.0,2.29235,2.29314
2.01,2.30036,2.298
2.02,2.30174,2.29089
2.03,2.30008,2.2997
2.04,2.30348,2.28573
2.05,2.30002,2.29627
2.06,2.29922,2.29878
2.07,2.30016,2.29277
2.08,2.29765,2.29337
2.09,2.29051,2.30448
2.1,2.28794,2.29945
2.11,2.2909,2.30558
2.12,2.29213,2.29562
2.13,2.28719,2.3045
2.14,2.29309,2.30962
2.15,2.29472,2.30286
2.16,2.30029,2.30046
2.17,2.29464,2.30195
2.18,2.28748,2.29407
2.19,2.29156,2.29024
2.2,2.29705,2.30793
2.21,2.28838,2.30152
2.22,2.29006,2.29532
2.23,2.2855,2.29682
2.24,2.29206,2.30267
2.25,2.29302,2.3041
2.26,2.29187,2.2942
2.27,2.2988,2.29162
2.28,2.29937,2.29079
2.29,2.29494,2.28754
2.3,2.29947,2.29207
2.31,2.29885,2.28437
2.32,2.29473,2.28512
2.33,2.28869,2.28467
2.34,2.28946,2.29114
2.35,2.28352,2.29441
2.36,2.29855,2.29156
2.37,2.28934,2.28711
2.38,2.29017,2.29607
2.39,2.2833,2.29825
2.4,2.30076,2.29982
2.41,2.29663,2.29569
2.42,2.29817,2.28924
2.43,2.30168,2.29996
2.44,2.29376,2.29662
2.45,2.30578,2.29994
2.46,2.30545,2.30631
2.47,2.30379,2.30616
2.48,2.30553,2.30214
2.49,2.30833,2.29213
2.5,2.29914,2.28885
2.51,2.30648,2.30572
2.52,2.2995,2.30316
2.53,2.30329,2.30091
2.54,2.30069,2.2992
2.55,2.30416,2.29476
2.56,2.29905,2.30031
2.57,2.30006,2.29768
2.58,2.29529,2.28735
2.59,2.2975,2.28682
2.6,2.29939,2.29427
2.61,2.29799,2.29339
2.62,2.29993,2.29168
2.63,2.30509,2.28071
2.64,2.29759,2.29586
2.65,2.30164,2.28526
2.66,2.30155,2.28739
2.67,2.29544,2.29553
2.68,2.30626,2.28917
2.69,2.30686,2.29193
2.7,2.29965,2.2865
2.71,2.30369,2.29718
2.72,2.30104,2.2928
2.73,2.31133,2.29501
2.74,2.31477,2.29706
2.75,2.30338,2.30094
2.76,2.31137,2.29175
2.77,2.30269,2.30249
2.78,2.3011,2.29981
2.79,2.30849,2.2973
2.8,2.30906,2.30237
2.81,2.30535,2.29419
2.82,2.3007,2.28225
2.83,2.29849,2.28637
2.84,2.29929,2.28468
2.85,2.29471,2.29505
2.86,2.29669,2.29644
2.87,2.29973,2.29223
2.88,2.303,2.29189
2.89,2.29585,2.28188
2.9,2.29946,2.29252
2.91,2.29807,2.29515
2.92,2.29754,2.29061
2.93,2.29978,2.29015
2.94,2.30038,2.28953
2.95,2.29303,2.29544
2.96,2.29368,2.29217
2.97,2.3035,2.29089
2.98,2.297,2.29687
2.99,2.29685,2.29523
3.0,2.30081,2.29035
3.01,2.29092,2.30013
3.02,2.30173,2.2909
3.03,2.2997,2.30458
3.04,2.2973,2.29767
3.05,2.30438,2.30383
3.06,2.3027,2.29393
3.07,2.29959,2.29822
3.08,2.30064,2.29214
3.09,2.30343,2.29012
3.1,2.30268,2.28876
3.11,2.30201,2.30271
3.12,2.29806,2.29149
3.13,2.29884,2.30136
3.14,2.30307,2.30408
3.15,2.30435,2.30466
3.16,2.30796,2.29848
3.17,2.3016,2.29877
3.18,2.29794,2.30032
3.19,2.29744,2.29866
3.2,2.29055,2.30655
3.21,2.29507,2.30592
3.22,2.29764,2.29814
3.23,2.3029,2.30117
3.24,2.29508,2.30489
3.25,2.2994,2.28844
3.26,2.29985,2.29845
3.27,2.3011,2.29854
3.28,2.30457,2.29511
3.29,2.30795,2.29328
3.3,2.29974,2.29526
3.31,2.29968,2.29266
3.32,2.29912,2.30383
3.33,2.29497,2.29758
3.34,2.29118,2.2927
3.35,2.29596,2.30334
3.36,2.29124,2.2972
3.37,2.29265,2.29581
3.38,2.29955,2.29699
3.39,2.2929,2.29525
3.4,2.29904,2.29839
3.41,2.29892,2.29184
3.42,2.297,2.30065
3.43,2.29372,2.29503
3.44,2.29645,2.29469
3.45,2.30076,2.28956
3.46,2.30507,2.28494
3.47,2.30381,2.29511
3.48,2.30137,2.2958
3.49,2.31091,2.29446
3.5,2.29955,2.29721
3.51,2.30304,2.2779
3.52,2.30201,2.28718
3.53,2.30131,2.28739
3.54,2.29341,2.2866
3.55,2.30026,2.28691
3.56,2.29829,2.29205
3.57,2.29932,2.28766
3.58,2.29751,2.29458
3.59,2.30153,2.2988
3.6,2.29416,2.29556
3.61,2.29593,2.29916
3.62,2.29739,2.29144
3.63,2.29528,2.2856
3.64,2.30301,2.28532
3.65,2.29442,2.2887
3.66,2.29944,2.28847
3.67,2.29346,2.29129
3.68,2.28993,2.29007
3.69,2.29488,2.29703
3.7,2.30324,2.30101
3.71,2.30278,2.30031
3.72,2.2981,2.29927
3.73,2.2949,2.29949
3.74,2.29643,2.30625
3.75,2.29234,2.29664
3.76,2.29292,2.29044
3.77,2.30364,2.3034
3.78,2.29769,2.30093
3.79,2.30959,2.29391
3.8,2.30099,2.2877
3.81,2.30145,2.30341
3.82,2.30302,2.30291
3.83,2.29934,2.30632
3.84,2.30768,2.30727
3.85,2.30501,2.30387
3.86,2.30739,2.28984
3.87,2.30454,2.29201
3.88,2.3,2.3095
3.89,2.30509,2.28884
3.9,2.29546,2.29232
3.91,2.31145,2.29164
3.92,2.29744,2.29964
3.93,2.28996,2.29875
3.94,2.29804,2.29986
3.95,2.30661,2.29995
3.96,2.30455,2.31141
3.97,2.31366,2.30507
3.98,2.3004,2.29958
3.99,2.31308,2.30704
4.0,2.30618,2.31476
4.01,2.30759,2.30986
4.02,2.30675,2.31564
4.03,2.30591,2.30971
4.04,2.302,2.30597
4.05,2.30051,2.30122
4.06,2.3,2.29935
4.07,2.29564,2.29531
4.08,2.29601,2.30142
4.09,2.3045,2.3001
4.1,2.29509,2.30435
4.11,2.29709,2.29475
4.12,2.30444,2.29801
4.13,2.29475,2.29696
4.14,2.30185,2.29702
4.15,2.30487,2.30388
4.16,2.30542,2.30967
4.17,2.30398,2.29754
4.18,2.30007,2.29174
4.19,2.29586,2.30427
4.2,2.29773,2.29697
4.21,2.29777,2.30318
4.22,2.29538,2.30231
4.23,2.29622,2.29979
4.24,2.29889,2.3024
4.25,2.2949,2.29877
4.26,2.29541,2.29309
4.27,2.29897,2.29891
4.28,2.2966,2.29437
4.29,2.30001,2.30065
4.3,2.29051,2.29912
4.31,2.29548,2.30159
4.32,2.30099,2.29935
4.33,2.29435,2.30702
4.34,2.29517,2.30042
4.35,2.29554,2.29896
4.36,2.30183,2.30047
4.37,2.29322,2.30355
4.38,2.29502,2.30587
4.39,2.29484,2.30501
4.4,2.2989,2.30336
4.41,2.28688,2.30493
4.42,2.28757,2.31103
4.43,2.28535,2.3146
4.44,2.28962,2.3082
4.45,2.29404,2.30756
4.46,2.29006,2.31872
4.47,2.29485,2.31418
4.48,2.29482,2.30902
4.49,2.29517,2.31088
4.5,2.29733,2.31171
4.51,2.29288,2.30838
4.52,2.29891,2.30778
4.53,2.28742,2.30437
4.54,2.29391,2.29927
4.55,2.29871,2.30072
4.56,2.29801,2.30235
4.57,2.30099,2.3022
4.58,2.2926,2.30417
4.59,2.29664,2.30784
4.6,2.29577,2.30377
4.61,2.2914,2.30283
4.62,2.29467,2.30053
4.63,2.2951,2.30227
4.64,2.29811,2.30015
4.65,2.30092,2.29752
4.66,2.3037,2.3028
4.67,2.30769,2.3034
4.68,2.30526,2.3034
4.69,2.30656,2.30183
4.7,2.30487,2.29995
4.71,2.30001,2.30589
4.72,2.30029,2.3042
4.73,2.30869,2.30868
4.74,2.29469,2.31294
4.75,2.2947,2.30377
4.76,2.30443,2.2984
4.77,2.29446,2.30261
4.78,2.29551,2.29797
4.79,2.29226,2.29319
4.8,2.29816,2.30031
4.81,2.30112,2.30453
4.82,2.29973,2.29792
4.83,2.30467,2.30465
4.84,2.29476,2.30803
4.85,2.28959,2.31034
4.86,2.29789,2.31054
4.87,2.29188,2.30386
4.88,2.29899,2.32029
4.89,2.29536,2.30763
4.9,2.29761,2.3055
4.91,2.29816,2.30576
4.92,2.29768,2.31266
4.93,2.2969,2.31364
4.94,2.29353,2.31226
4.95,2.29242,2.30739
4.96,2.29265,2.31007
4.97,2.2924,2.2993
4.98,2.28929,2.30508
4.99,2.29174,2.302
5.0,2.30028,2.30124
5.01,2.29629,2.30518
5.02,2.30014,2.3004
5.03,2.29304,2.30886
5.04,2.30049,2.29862
5.05,2.29745,2.30065
5.06,2.29324,2.30179
5.07,2.29277,2.30359
5.08,2.30304,2.29918
5.09,2.2947,2.29835
5.1,2.30334,2.30799
5.11,2.29272,2.31399
5.12,2.30121,2.30927
5.13,2.29838,2.30997
5.14,2.29056,2.30503
5.15,2.28992,2.30701
5.16,2.29185,2.30651
5.17,2.29571,2.30838
5.18,2.29453,2.30655
5.19,2.29142,2.31579
5.2,2.29749,2.3115
5.21,2.30212,2.31036
5.22,2.30495,2.31235
5.23,2.288,2.2955
5.24,2.29322,2.30657
5.25,2.30308,2.30999
5.26,2.28965,2.30519
5.27,2.29896,2.30875
5.28,2.29182,2.31184
5.29,2.29536,2.30231
5.3,2.29171,2.30454
5.31,2.29951,2.29681
5.32,2.30156,2.29707
5.33,2.30186,2.29821
5.34,2.30659,2.31089
5.35,2.30005,2.30577
5.36,2.3045,2.30654
5.37,2.29969,2.31274
5.38,2.29778,2.3099
5.39,2.29971,2.31275
5.4,2.29541,2.30671
5.41,2.29325,2.31605
5.42,2.30028,2.30854
5.43,2.29325,2.30649
5.44,2.29288,2.30558
5.45,2.29904,2.31093
5.46,2.29812,2.31181
5.47,2.29977,2.30996
5.48,2.29407,2.29936
5.49,2.29316,2.30735
5.5,2.30136,2.3013
5.51,2.29967,2.31395
5.52,2.30506,2.31398
5.53,2.30335,2.31485
5.54,2.30235,2.31463
5.55,2.29369,2.31017
5.56,2.29923,2.31581
5.57,2.30342,2.31761
5.58,2.29051,2.32155
5.59,2.29621,2.3121
5.6,2.29712,2.30808
5.61,2.29646,2.31583
5.62,2.29854,2.31489
5.63,2.29909,2.31283
5.64,2.29461,2.3188
5.65,2.30145,2.31354
5.66,2.30704,2.31944
5.67,2.3022,2.3186
5.68,2.30285,2.31806
5.69,2.30485,2.30938
5.7,2.29859,2.31604
5.71,2.30031,2.31467
5.72,2.29413,2.3085
5.73,2.28791,2.3097
5.74,2.29595,2.32236
5.75,2.30096,2.32147
5.76,2.29226,2.31834
5.77,2.29357,2.32116
5.78,2.29258,2.32256
5.79,2.29469,2.31217
5.8,2.29776,2.31905
5.81,2.29601,2.31632
5.82,2.30122,2.31439
5.83,2.29084,2.31533
5.84,2.30546,2.31199
5.85,2.28809,2.31069
5.86,2.29101,2.31426
5.87,2.29852,2.32183
5.88,2.29426,2.31682
5.89,2.30003,2.30707
5.9,2.29283,2.30526
5.91,2.29677,2.31959
5.92,2.29986,2.30949
5.93,2.30053,2.30352
5.94,2.3044,2.31142
5.95,2.29883,2.31318
5.96,2.29489,2.32294
5.97,2.29862,2.32227
5.98,2.30376,2.30754
5.99,2.29949,2.305
6.0,2.30061,2.31695
6.01,2.30242,2.31732
6.02,2.29287,2.31006
6.03,2.29962,2.31957
6.04,2.29706,2.30424
6.05,2.29393,2.30451
6.06,2.29478,2.30536
6.07,2.30416,2.3153
6.08,2.29487,2.30561
6.09,2.30141,2.31139
6.1,2.29773,2.30838
6.11,2.29737,2.31209
6.12,2.30142,2.31137
6.13,2.29886,2.30454
6.14,2.3023,2.3227
6.15,2.3026,2.32147
6.16,2.30415,2.3088
6.17,2.30578,2.31035
6.18,2.30542,2.31455
6.19,2.30687,2.31748
6.2,2.30026,2.31347
6.21,2.30521,2.32217
6.22,2.29987,2.3221
6.23,2.30652,2.32436
6.24,2.29925,2.32221
6.25,2.29544,2.32097
6.26,2.29891,2.3206
6.27,2.30067,2.31743
6.28,2.30422,2.31374
6.29,2.3012,2.32764
6.3,2.30653,2.32053
6.31,2.3032,2.32096
6.32,2.30817,2.31664
6.33,2.31138,2.30991
6.34,2.30677,2.32827
6.35,2.30081,2.32681
6.36,2.30032,2.32822
6.37,2.29659,2.32677
6.38,2.29126,2.32722
6.39,2.29505,2.31931
6.4,2.29876,2.32164
6.41,2.29416,2.31884
6.42,2.30794,2.31473
6.43,2.29503,2.31351
6.44,2.29411,2.31488
6.45,2.29876,2.31653
6.46,2.2998,2.30741
6.47,2.2941,2.31579
6.48,2.29589,2.3046
6.49,2.29523,2.31121
6.5,2.29817,2.31782
6.51,2.29142,2.309
6.52,2.29506,2.30493
6.53,2.29871,2.31123
6.54,2.30042,2.30849
6.55,2.30035,2.3083
6.56,2.29725,2.32072
6.57,2.29852,2.31258
6.58,2.29928,2.31029
6.59,2.29714,2.31108
6.6,2.29651,2.31504
6.61,2.30509,2.30881
6.62,2.2978,2.30663
6.63,2.30291,2.30806
6.64,2.29848,2.29766
6.65,2.29766,2.30633
6.66,2.2909,2.31187
6.67,2.28838,2.31669
6.68,2.29179,2.32109
6.69,2.2883,2.31978
6.7,2.29011,2.3155
6.71,2.29752,2.30958
6.72,2.29563,2.31164
6.73,2.28892,2.31884
6.74,2.29852,2.31952
6.75,2.29347,2.31299
6.76,2.29076,2.30396
6.77,2.29824,2.29995
6.78,2.3004,2.31153
6.79,2.29611,2.32022
6.8,2.29527,2.31262
6.81,2.28882,2.31145
6.82,2.29359,2.31161
6.83,2.29821,2.31378
6.84,2.29733,2.31158
6.85,2.2905,2.30947
6.86,2.29485,2.30392
6.87,2.29454,2.31184
6.88,2.29465,2.30106
6.89,2.29572,2.29615
6.9,2.2957,2.30918
6.91,2.29257,2.30983
6.92,2.29541,2.31489
6.93,2.28967,2.31347
6.94,2.29387,2.31181
6.95,2.294,2.30675
6.96,2.29375,2.31014
6.97,2.30386,2.30099
6.98,2.30197,2.3128
6.99,2.29169,2.30864
7.0,2.28721,2.30026
7.01,2.28951,2.31022
7.02,2.29257,2.31677
7.03,2.29029,2.31028
7.04,2.29288,2.3184
7.05,2.28673,2.30516
7.06,2.30146,2.31712
7.07,2.29631,2.32141
7.08,2.29908,2.32034
7.09,2.29603,2.31124
7.1,2.30043,2.30181
7.11,2.30165,2.30913
7.12,2.29727,2.3203
7.13,2.30035,2.31878
7.14,2.29194,2.32257
7.15,2.30565,2.32124
7.16,2.30453,2.31615
7.17,2.30013,2.32498
7.18,2.30049,2.31125
7.19,2.3054,2.31904
7.2,2.30649,2.32739
7.21,2.30034,2.31607
7.22,2.29871,2.32962
7.23,2.2985,2.31863
7.24,2.30468,2.31568
7.25,2.30157,2.31855
7.26,2.29752,2.31607
7.27,2.2919,2.31627
7.28,2.29631,2.3115
7.29,2.29823,2.31681
7.3,2.28797,2.30614
7.31,2.29454,2.3118
7.32,2.29164,2.31733
7.33,2.2906,2.31432
7.34,2.29915,2.31013
7.35,2.30287,2.31035
7.36,2.30029,2.31099
7.37,2.29693,2.3125
7.38,2.29423,2.31143
7.39,2.29549,2.32238
7.4,2.30055,2.32041
7.41,2.30344,2.32458
7.42,2.29774,2.32417
7.43,2.30444,2.3227
7.44,2.29845,2.31459
7.45,2.30096,2.31998
7.46,2.30313,2.31567
7.47,2.29622,2.31782
7.48,2.30109,2.31189
7.49,2.30068,2.31655
7.5,2.30043,2.3226
7.51,2.30824,2.32154
7.52,2.30564,2.32569
7.53,2.30008,2.32619
7.54,2.29325,2.3167
7.55,2.30438,2.32456
7.56,2.2978,2.32647
7.57,2.30198,2.31537
7.58,2.30152,2.31497
7.59,2.30063,2.31415
7.6,2.30086,2.31872
7.61,2.30514,2.31649
7.62,2.30676,2.32248
7.63,2.29417,2.32164
7.64,2.30283,2.31501
7.65,2.30062,2.32549
7.66,2.30097,2.31773
7.67,2.29957,2.31886
7.68,2.30521,2.32186
7.69,2.30415,2.31564
7.7,2.30513,2.30986
7.71,2.29944,2.31974
7.72,2.30849,2.30781
7.73,2.30138,2.30836
7.74,2.30214,2.3122
7.75,2.30262,2.32273
7.76,2.30193,2.3163
7.77,2.29914,2.31664
7.78,2.29614,2.30684
7.79,2.31388,2.30669
7.8,2.29757,2.30454
7.81,2.30571,2.3109
7.82,2.306,2.30325
7.83,2.29889,2.3031
7.84,2.30497,2.29888
7.85,2.3036,2.30487
7.86,2.30834,2.31
7.87,2.30522,2.30229
7.88,2.30194,2.30216
7.89,2.30448,2.30721
7.9,2.30184,2.30176
7.91,2.29925,2.30142
7.92,2.29781,2.30621
7.93,2.29808,2.30321
7.94,2.3082,2.29983
7.95,2.30097,2.30759
7.96,2.29918,2.29769
7.97,2.30682,2.2945
7.98,2.30299,2.29142
7.99,2.29668,2.2969
8.0,2.30347,2.2971
8.01,2.29708,2.30466
8.02,2.30418,2.30404
8.03,2.3014,2.30231
8.04,2.30507,2.30243
8.05,2.2966,2.29226
8.06,2.30687,2.30046
8.07,2.30368,2.29583
8.08,2.29249,2.30332
8.09,2.30017,2.30221
8.1,2.29202,2.29971
8.11,2.29037,2.30131
8.12,2.28541,2.29764
8.13,2.29228,2.31002
8.14,2.29163,2.30472
8.15,2.29609,2.29558
8.16,2.30098,2.29866
8.17,2.29703,2.29478
8.18,2.29628,2.29638
8.19,2.29468,2.29707
8.2,2.29249,2.29814
8.21,2.29432,2.30012
8.22,2.29686,2.30461
8.23,2.2948,2.30242
8.24,2.30141,2.30344
8.25,2.30146,2.30293
8.26,2.29726,2.30767
8.27,2.30227,2.30699
8.28,2.30428,2.30665
8.29,2.29857,2.30742
8.3,2.29576,2.30652
8.31,2.30323,2.30463
8.32,2.30252,2.3022
8.33,2.3005,2.2932
8.34,2.30415,2.30013
8.35,2.29716,2.31012
8.36,2.30554,2.30929
8.37,2.29494,2.30996
8.38,2.29935,2.3007
8.39,2.29415,2.30398
8.4,2.29648,2.31636
8.41,2.29372,2.31552
8.42,2.29883,2.31656
8.43,2.30353,2.31089
8.44,2.30454,2.31286
8.45,2.30188,2.3109
8.46,2.30237,2.30623
8.47,2.30214,2.30579
8.48,2.30362,2.29761
8.49,2.29788,2.30882
8.5,2.29718,2.31078
8.51,2.30166,2.30204
8.52,2.30647,2.30903
8.53,2.3071,2.31048
8.54,2.30449,2.31087
8.55,2.30167,2.30576
8.56,2.3065,2.30747
8.57,2.30346,2.31574
8.58,2.29703,2.31583
8.59,2.30344,2.31101
8.6,2.30723,2.30046
8.61,2.30841,2.30867
8.62,2.307,2.30431
8.63,2.31295,2.30479
8.64,2.31425,2.30848
8.65,2.30523,2.29889
8.66,2.29938,2.30841
8.67,2.29728,2.31254
8.68,2.29273,2.31037
8.69,2.30588,2.31035
8.7,2.30048,2.30454
8.71,2.30861,2.30591
8.72,2.30317,2.30907
8.73,2.30123,2.29848
8.74,2.30776,2.3113
8.75,2.30994,2.30908
8.76,2.30167,2.31254
8.77,2.30768,2.30897
8.78,2.29719,2.30885
8.79,2.30657,2.30753
8.8,2.29952,2.30019
8.81,2.30375,2.31074
8.82,2.30986,2.31457
8.83,2.30258,2.31482
8.84,2.30232,2.30463
8.85,2.30544,2.31375
8.86,2.30615,2.30666
8.87,2.30092,2.30554
8.88,2.30323,2.30433
8.89,2.29741,2.30199
8.9,2.29801,2.32432
8.91,2.29591,2.3047
8.92,2.29439,2.30901
8.93,2.2887,2.30916
8.94,2.30236,2.30509
8.95,2.2982,2.30647
8.96,2.30024,2.3074
8.97,2.29345,2.3087
8.98,2.30021,2.3143
8.99,2.30244,2.3176
9.0,2.30419,2.30765
9.01,2.30747,2.29899
9.02,2.29267,2.31094
9.03,2.30434,2.31135
9.04,2.30402,2.30838
9.05,2.30379,2.30863
9.06,2.30631,2.30588
9.07,2.29872,2.31301
9.08,2.30045,2.3101
9.09,2.3022,2.31057
9.1,2.29458,2.2989
9.11,2.3138,2.30844
9.12,2.30341,2.30961
9.13,2.31192,2.31235
9.14,2.31129,2.31678
9.15,2.31728,2.30611
9.16,2.30865,2.31248
9.17,2.30939,2.30149
9.18,2.30604,2.31242
9.19,2.30812,2.30412
9.2,2.29904,2.31162
9.21,2.30328,2.31501
9.22,2.3013,2.31267
9.23,2.30414,2.30963
9.24,2.30062,2.31226
9.25,2.29784,2.31354
9.26,2.30753,2.31222
9.27,2.31143,2.31371
9.28,2.3053,2.30708
9.29,2.29888,2.30914
9.3,2.30354,2.30621
9.31,2.30327,2.30874
9.32,2.30878,2.30786
9.33,2.30273,2.31804
9.34,2.30592,2.31331
9.35,2.30556,2.30832
9.36,2.29972,2.31152
9.37,2.30734,2.30689
9.38,2.29846,2.30904
9.39,2.30155,2.29143
9.4,2.30275,2.30427
9.41,2.30323,2.31102
9.42,2.29689,2.30738
9.43,2.29965,2.31133
9.44,2.30522,2.31083
9.45,2.30041,2.30157
9.46,2.30658,2.29741
9.47,2.30502,2.31072
9.48,2.30764,2.30949
9.49,2.30459,2.30486
9.5,2.31197,2.30639
9.51,2.30609,2.30401
9.52,2.30972,2.30166
9.53,2.31251,2.31202
9.54,2.31098,2.31174
9.55,2.30277,2.3113
9.56,2.30381,2.30367
9.57,2.30301,2.31485
9.58,2.31015,2.3137
9.59,2.30476,2.30896
9.6,2.29773,2.30811
9.61,2.30295,2.31095
9.62,2.30097,2.30669
9.63,2.3018,2.30887
9.64,2.30542,2.31172
9.65,2.30534,2.308
9.66,2.30588,2.30681
9.67,2.2997,2.31527
9.68,2.30295,2.30688
9.69,2.30098,2.31946
9.7,2.30883,2.31949
9.71,2.30823,2.31634
9.72,2.30458,2.31311
9.73,2.30758,2.31433
9.74,2.30974,2.31608
9.75,2.3044,2.3151
9.76,2.29583,2.31008
9.77,2.29977,2.30888
9.78,2.29709,2.30484
9.79,2.3036,2.31355
9.8,2.30108,2.30207
9.81,2.29984,2.31095
9.82,2.30361,2.31432
9.83,2.29669,2.30898
9.84,2.30725,2.31504
9.85,2.29952,2.31431
9.86,2.29943,2.30868
9.87,2.30526,2.30959
9.88,2.29966,2.31156
9.89,2.30325,2.29925
9.9,2.30784,2.29968
9.91,2.30429,2.3091
9.92,2.3023,2.30847
9.93,2.29604,2.31072
9.94,2.29956,2.30938
9.95,2.30545,2.31037
9.96,2.30744,2.31628
9.97,2.3066,2.32328
9.98,2.30575,2.31721
9.99,2.30552,2.30836
10.0,2.30631,2.31856
10.01,2.30322,2.31453
10.02,2.30551,2.31494
10.03,2.30321,2.31019
10.04,2.30499,2.31467
10.05,2.29306,2.316
10.06,2.30299,2.31246
10.07,2.30146,2.3162
10.08,2.2936,2.31791
10.09,2.29626,2.31763
10.1,2.29781,2.32259
10.11,2.29802,2.31346
10.12,2.29323,2.31701
10.13,2.29842,2.32538
10.14,2.30623,2.30858
10.15,2.30056,2.3153
10.16,2.30157,2.31641
10.17,2.30493,2.31767
10.18,2.30157,2.30881
10.19,2.30728,2.30503
10.2,2.30254,2.30119
10.21,2.3016,2.30523
10.22,2.30982,2.31151
10.23,2.30458,2.30029
10.24,2.30508,2.30168
10.25,2.30493,2.30197
10.26,2.30007,2.30264
10.27,2.30445,2.30188
10.28,2.31334,2.29983
10.29,2.30507,2.30612
10.3,2.30685,2.31004
10.31,2.30615,2.31058
10.32,2.30693,2.30849
10.33,2.29924,2.31142
10.34,2.30026,2.30274
10.35,2.30145,2.3043
10.36,2.29907,2.30565
10.37,2.30472,2.30887
10.38,2.30183,2.30038
10.39,2.30133,2.29971
10.4,2.31383,2.30325
10.41,2.30597,2.30433
10.42,2.30812,2.30751
10.43,2.29634,2.30434
10.44,2.30599,2.3028
10.45,2.30915,2.30956
10.46,2.30309,2.2966
10.47,2.3097,2.30524
10.48,2.30091,2.31178
10.49,2.29753,2.31009
10.5,2.2994,2.30273
10.51,2.30623,2.30057
10.52,2.30549,2.30399
10.53,2.3008,2.30853
10.54,2.29941,2.31123
10.55,2.30748,2.30782
10.56,2.30235,2.30875
10.57,2.3094,2.30644
10.58,2.30528,2.29688
10.59,2.30948,2.30054
10.6,2.30276,2.29785
10.61,2.31518,2.30488
10.62,2.31441,2.31106
10.63,2.31132,2.3167
10.64,2.31465,2.30692
10.65,2.30516,2.31831
10.66,2.30167,2.30975
10.67,2.30847,2.31286
10.68,2.3048,2.31149
10.69,2.30809,2.32345
10.7,2.31346,2.30354
10.71,2.31411,2.32175
10.72,2.30524,2.3189
10.73,2.2962,2.30945
10.74,2.30713,2.30604
10.75,2.28971,2.30842
10.76,2.30031,2.30593
10.77,2.29414,2.31024
10.78,2.30864,2.30336
10.79,2.30541,2.30128
10.8,2.30587,2.29939
10.81,2.31112,2.30436
10.82,2.30511,2.30906
10.83,2.30286,2.30969
10.84,2.30884,2.31086
10.85,2.30444,2.30592
10.86,2.29858,2.31069
10.87,2.30748,2.31257
10.88,2.30227,2.31492
10.89,2.30436,2.31096
10.9,2.30624,2.31557
10.91,2.30994,2.31787
10.92,2.31476,2.3181
10.93,2.30563,2.31771
10.94,2.3136,2.32468
10.95,2.30843,2.31896
10.96,2.31325,2.31728
10.97,2.29692,2.31963
10.98,2.29866,2.32466
10.99,2.30923,2.31605
11.0,2.3051,2.31131
11.01,2.30489,2.31454
11.02,2.30957,2.31421
11.03,2.30665,2.31897
11.04,2.30486,2.30604
11.05,2.30875,2.31043
11.06,2.30557,2.30946
11.07,2.30627,2.3074
11.08,2.30256,2.30542
11.09,2.3002,2.30516
11.1,2.29838,2.31254
11.11,2.30165,2.31885
11.12,2.29988,2.31353
11.13,2.30492,2.30958
11.14,2.30152,2.31565
11.15,2.30043,2.32078
11.16,2.30462,2.32005
11.17,2.30457,2.323
11.18,2.30814,2.31989
11.19,2.31008,2.31124
11.2,2.30916,2.31398
11.21,2.3062,2.30925
11.22,2.30404,2.31168
11.23,2.30939,2.29964
11.24,2.30466,2.31381
11.25,2.29761,2.30641
11.26,2.30064,2.3118
11.27,2.29954,2.31236
11.28,2.31367,2.31427
11.29,2.31539,2.31088
11.3,2.30572,2.30961
11.31,2.30173,2.30875
11.32,2.30831,2.30584
11.33,2.30253,2.30369
11.34,2.2987,2.29954
11.35,2.30375,2.29654
11.36,2.30788,2.30291
11.37,2.30824,2.31026
11.38,2.30407,2.30991
11.39,2.30313,2.30392
11.4,2.31033,2.29592
11.41,2.30553,2.29973
11.42,2.30018,2.30505
11.43,2.2963,2.30584
11.44,2.29458,2.30563
11.45,2.30232,2.30751
11.46,2.30511,2.31111
11.47,2.3091,2.31255
11.48,2.3052,2.31826
11.49,2.29395,2.32463
11.5,2.30074,2.30477
11.51,2.2904,2.31305
11.52,2.29645,2.31536
11.53,2.30223,2.32139
11.54,2.30537,2.31989
11.55,2.3043,2.31817
11.56,2.31378,2.31435
11.57,2.31244,2.30283
11.58,2.30892,2.30287
11.59,2.30701,2.31663
11.6,2.31021,2.30635
11.61,2.31018,2.30989
11.62,2.30377,2.32123
11.63,2.30419,2.32182
11.64,2.29972,2.31214
11.65,2.3042,2.31342
11.66,2.30275,2.31404
11.67,2.30106,2.31669
11.68,2.30628,2.30908
11.69,2.30489,2.31465
11.7,2.3044,2.30911
11.71,2.30144,2.31984
11.72,2.30578,2.31165
11.73,2.3025,2.31592
11.74,2.29974,2.31602
11.75,2.30448,2.32067
11.76,2.30567,2.31476
11.77,2.30701,2.32682
11.78,2.30556,2.31473
11.79,2.30758,2.3167
11.8,2.29932,2.31574
11.81,2.2984,2.312
11.82,2.30267,2.3126
11.83,2.30963,2.31542
11.84,2.30762,2.3154
11.85,2.30497,2.31615
11.86,2.30804,2.30816
11.87,2.30406,2.30377
11.88,2.30021,2.30448
11.89,2.30588,2.30638
11.9,2.30435,2.31014
11.91,2.30651,2.31417
11.92,2.29692,2.30731
11.93,2.30742,2.32328
11.94,2.30606,2.31542
11.95,2.3036,2.31289
11.96,2.30375,2.31402
11.97,2.30939,2.31385
11.98,2.30523,2.31529
11.99,2.3028,2.31161
12.0,2.30371,2.31205
12.01,2.3035,2.31736
12.02,2.30319,2.30483
12.03,2.29534,2.31865
12.04,2.29581,2.32543
12.05,2.30299,2.32085
12.06,2.30353,2.31077
12.07,2.31052,2.31662
12.08,2.30789,2.31372
12.09,2.29719,2.31305
12.1,2.30535,2.31478
12.11,2.30651,2.3044
12.12,2.2976,2.31251
12.13,2.30809,2.31469
12.14,2.29881,2.32086
12.15,2.29874,2.31341
12.16,2.30211,2.31284
12.17,2.3139,2.30752
12.18,2.31306,2.31003
12.19,2.30054,2.31107
12.2,2.30642,2.31809
12.21,2.31199,2.30938
12.22,2.31282,2.31952
12.23,2.30917,2.31694
12.24,2.30943,2.31259
12.25,2.2981,2.31716
12.26,2.30154,2.31546
12.27,2.29838,2.31441
12.28,2.29914,2.32041
12.29,2.29554,2.32379
12.3,2.30329,2.32715
12.31,2.30283,2.32732
12.32,2.3036,2.32201
12.33,2.30493,2.32537
12.34,2.29432,2.31755
12.35,2.30252,2.31606
12.36,2.3057,2.30431
12.37,2.30468,2.31798
12.38,2.30235,2.31516
12.39,2.30669,2.31137
12.4,2.30313,2.31643
12.41,2.30381,2.31593
12.42,2.30156,2.31645
12.43,2.30546,2.31809
12.44,2.30347,2.31971
12.45,2.29877,2.30745
12.46,2.29821,2.31572
12.47,2.30239,2.3223
12.48,2.29877,2.31511
12.49,2.30486,2.32206
12.5,2.30149,2.31251
12.51,2.30371,2.31507
12.52,2.30163,2.32015
12.53,2.29879,2.31121
12.54,2.30492,2.3205
12.55,2.30209,2.31636
12.56,2.30626,2.3168
12.57,2.30033,2.32476
12.58,2.30665,2.32591
12.59,2.29908,2.31627
12.6,2.304,2.31888
12.61,2.30169,2.31806
12.62,2.3007,2.32571
12.63,2.31046,2.32559
12.64,2.29692,2.32094
12.65,2.30121,2.32955
12.66,2.29803,2.31833
12.67,2.30812,2.31791
12.68,2.30029,2.32546
12.69,2.30995,2.30933
12.7,2.3081,2.31974
12.71,2.3115,2.31208
12.72,2.30096,2.31752
12.73,2.30581,2.31774
12.74,2.29881,2.30938
12.75,2.30396,2.31764
12.76,2.30467,2.31005
12.77,2.29806,2.32391
12.78,2.30281,2.31851
12.79,2.29901,2.3107
12.8,2.29444,2.32602
12.81,2.3052,2.32297
12.82,2.29845,2.32261
12.83,2.30464,2.32528
12.84,2.30459,2.31775
12.85,2.30303,2.31794
12.86,2.30163,2.32315
12.87,2.30344,2.32046
12.88,2.30982,2.31648
12.89,2.29638,2.32641
12.9,2.30351,2.31701
12.91,2.30276,2.32543
12.92,2.29732,2.31882
12.93,2.30985,2.32167
12.94,2.30208,2.32109
12.95,2.30012,2.32173
12.96,2.29944,2.32431
12.97,2.30642,2.31279
12.98,2.30168,2.31833
12.99,2.29984,2.31782
13.0,2.29486,2.32106
13.01,2.29435,2.31331
13.02,2.29723,2.31063
13.03,2.29384,2.31951
13.04,2.29199,2.31953
13.05,2.30404,2.33037
13.06,2.29933,2.32241
13.07,2.29925,2.32363
13.08,2.29819,2.32543
13.09,2.29621,2.32343
13.1,2.30002,2.32141
13.11,2.30856,2.31578
13.12,2.29578,2.31831
13.13,2.29762,2.32311
13.14,2.29164,2.3209
13.15,2.31364,2.31897
13.16,2.30427,2.32017
13.17,2.29937,2.3147
13.18,2.30823,2.32422
13.19,2.29966,2.3255
13.2,2.30693,2.31549
13.21,2.30692,2.31921
13.22,2.3044,2.31968
13.23,2.31135,2.32227
13.24,2.31584,2.31756
13.25,2.31173,2.32394
13.26,2.31215,2.32382
13.27,2.31054,2.3222
13.28,2.31775,2.32284
13.29,2.31415,2.32056
13.3,2.31092,2.32153
13.31,2.3066,2.31989
13.32,2.30944,2.32055
13.33,2.3078,2.32341
13.34,2.31014,2.31837
13.35,2.31287,2.32392
13.36,2.30218,2.31954
13.37,2.31079,2.32632
13.38,2.30101,2.32065
13.39,2.30449,2.3194
13.4,2.30428,2.3189
13.41,2.30504,2.32013
13.42,2.30103,2.30915
13.43,2.30445,2.32849
13.44,2.30187,2.3173
13.45,2.30644,2.32568
13.46,2.3019,2.31992
13.47,2.30897,2.3283
13.48,2.30472,2.32035
13.49,2.30216,2.32074
13.5,2.30187,2.31913
13.51,2.29906,2.32087
13.52,2.3084,2.32053
13.53,2.30451,2.32245
13.54,2.29973,2.32451
13.55,2.30051,2.31691
13.56,2.30404,2.32854
13.57,2.29913,2.32703
13.58,2.29958,2.32582
13.59,2.29653,2.32912
13.6,2.30318,2.32229
13.61,2.30138,2.32613
13.62,2.29832,2.33058
13.63,2.30737,2.32495
13.64,2.30335,2.32089
13.65,2.30067,2.32673
13.66,2.30221,2.31835
13.67,2.30679,2.3304
13.68,2.30824,2.33341
13.69,2.30834,2.32946
13.7,2.30174,2.3236
13.71,2.29758,2.32825
13.72,2.31032,2.32672
13.73,2.30512,2.32159
13.74,2.2957,2.32477
13.75,2.29942,2.32779
13.76,2.30624,2.32725
13.77,2.30493,2.32478
13.78,2.30885,2.33079
13.79,2.30005,2.32867
13.8,2.29897,2.3166
13.81,2.29344,2.32211
13.82,2.29808,2.32609
13.83,2.29393,2.32469
13.84,2.29795,2.32656
13.85,2.29964,2.32009
13.86,2.29584,2.31653
13.87,2.29681,2.32255
13.88,2.30222,2.31985
13.89,2.30444,2.32238
13.9,2.29908,2.31907
13.91,2.29949,2.31873
13.92,2.30248,2.32329
13.93,2.30489,2.31308
13.94,2.3053,2.32161
13.95,2.30759,2.31273
13.96,2.30653,2.3134
13.97,2.30207,2.3282
13.98,2.30691,2.32654
13.99,2.31313,2.31669
14.0,2.30494,2.31782
14.01,2.30996,2.31688
14.02,2.29743,2.31982
14.03,2.30067,2.31936
14.04,2.30222,2.31909
14.05,2.30422,2.31834
14.06,2.30617,2.31689
14.07,2.30363,2.31329
14.08,2.30141,2.31857
14.09,2.30967,2.31472
14.1,2.29893,2.32389
14.11,2.3109,2.32497
14.12,2.31786,2.3186
14.13,2.31577,2.33038
14.14,2.30282,2.31115
14.15,2.30871,2.3213
14.16,2.30992,2.31769
14.17,2.3026,2.31748
14.18,2.30012,2.31811
14.19,2.30185,2.32
14.2,2.30054,2.31523
14.21,2.29979,2.31776
14.22,2.30084,2.32526
14.23,2.29873,2.32239
14.24,2.30158,2.32692
14.25,2.3037,2.3163
14.26,2.30369,2.32291
14.27,2.30015,2.31909
14.28,2.29722,2.32675
14.29,2.29795,2.32423
14.3,2.30874,2.3277
14.31,2.29471,2.32684
14.32,2.30365,2.32862
14.33,2.30491,2.32411
14.34,2.30428,2.31998
14.35,2.30093,2.31679
14.36,2.30148,2.31649
14.37,2.29531,2.32627
14.38,2.29788,2.32939
14.39,2.30396,2.32464
14.4,2.31313,2.3231
14.41,2.31124,2.3217
14.42,2.30751,2.32331
14.43,2.29969,2.31985
14.44,2.30449,2.33002
14.45,2.29537,2.32458
14.46,2.30703,2.32672
14.47,2.29893,2.31747
14.48,2.3122,2.31752
14.49,2.30044,2.32846
14.5,2.30422,2.31733
14.51,2.30504,2.32529
14.52,2.29771,2.32014
14.53,2.30649,2.32169
14.54,2.30317,2.32044
14.55,2.29918,2.32891
14.56,2.29931,2.32381
14.57,2.29427,2.33392
14.58,2.29841,2.31855
14.59,2.30611,2.3223
14.6,2.29942,2.30856
14.61,2.30372,2.32088
14.62,2.31006,2.31815
14.63,2.30661,2.32446
14.64,2.30605,2.31912
14.65,2.30245,2.31781
14.66,2.30128,2.3177
14.67,2.30922,2.32636
14.68,2.3072,2.3156
14.69,2.29856,2.32151
14.7,2.30899,2.31644
14.71,2.30609,2.32016
14.72,2.30971,2.31141
14.73,2.30268,2.31139
14.74,2.29747,2.30733
14.75,2.3035,2.30831
14.76,2.2937,2.31595
14.77,2.30003,2.32144
14.78,2.29389,2.31582
14.79,2.29859,2.32549
14.8,2.29349,2.30786
14.81,2.30537,2.31493
14.82,2.303,2.31741
14.83,2.30502,2.32129
14.84,2.30289,2.32094
14.85,2.30568,2.31784
14.86,2.2998,2.31379
14.87,2.30773,2.31918
14.88,2.30963,2.31502
14.89,2.30183,2.30973
14.9,2.30289,2.31017
14.91,2.3005,2.30163
14.92,2.30743,2.31734
14.93,2.30654,2.31323
14.94,2.30539,2.31146
14.95,2.30875,2.31052
14.96,2.30392,2.31083
14.97,2.31158,2.3124
14.98,2.31048,2.30948
14.99,2.31249,2.31489
15.0,2.30905,2.31429
15.01,2.30354,2.31755
15.02,2.30546,2.32575
15.03,2.31243,2.30805
15.04,2.31107,2.32364
15.05,2.30737,2.32967
15.06,2.30778,2.32712
15.07,2.29927,2.33032
15.08,2.30936,2.31017
15.09,2.29948,2.31505
15.1,2.29683,2.31253
15.11,2.29369,2.31495
15.12,2.30176,2.31321
15.13,2.29996,2.32404
15.14,2.30258,2.31806
15.15,2.30384,2.31059
15.16,2.30929,2.31929
15.17,2.30921,2.31413
15.18,2.31372,2.31096
15.19,2.30479,2.3163
15.2,2.30776,2.31655
15.21,2.30703,2.31743
15.22,2.30914,2.32422
15.23,2.30398,2.32164
15.24,2.30346,2.31539
15.25,2.30443,2.32954
15.26,2.30402,2.3168
15.27,2.30159,2.31478
15.28,2.30547,2.30449
15.29,2.30669,2.31008
15.3,2.30518,2.30521
15.31,2.30579,2.31523
15.32,2.30509,2.3147
15.33,2.30608,2.31308
15.34,2.30062,2.3244
15.35,2.29901,2.31844
15.36,2.29295,2.31724
15.37,2.29086,2.3214
15.38,2.30251,2.30988
15.39,2.29194,2.31169
15.4,2.2977,2.31058
15.41,2.29594,2.30377
15.42,2.30444,2.31889
15.43,2.30067,2.31551
15.44,2.30492,2.32083
15.45,2.29899,2.32195
15.46,2.29689,2.3217
15.47,2.30384,2.31413
15.48,2.30816,2.3155
15.49,2.3037,2.32035
15.5,2.29804,2.31493
15.51,2.30515,2.31052
15.52,2.30322,2.30724
15.53,2.29854,2.31238
15.54,2.30039,2.3137
15.55,2.30258,2.31203
15.56,2.30401,2.30687
15.57,2.29855,2.31984
15.58,2.29931,2.32063
15.59,2.29991,2.31924
15.6,2.3078,2.31317
15.61,2.29833,2.31251
15.62,2.30069,2.31352
15.63,2.30226,2.31575
15.64,2.30304,2.30854
15.65,2.29628,2.30708
15.66,2.29891,2.31815
15.67,2.30122,2.31384
15.68,2.30476,2.31536
15.69,2.30556,2.31596
15.7,2.30202,2.30902
15.71,2.29501,2.31335
15.72,2.2922,2.31285
15.73,2.30183,2.31357
15.74,2.30182,2.30654
15.75,2.30436,2.31201
15.76,2.3016,2.31149
15.77,2.29402,2.30786
15.78,2.30046,2.30783
15.79,2.29887,2.31117
15.8,2.29741,2.31048
15.81,2.29781,2.30833
15.82,2.29418,2.31636
15.83,2.29862,2.31053
15.84,2.30242,2.30693
15.85,2.29888,2.3137
15.86,2.30006,2.30554
15.87,2.30232,2.31887
15.88,2.29926,2.30531
15.89,2.30343,2.31166
15.9,2.30141,2.30993
15.91,2.30163,2.31683
15.92,2.30366,2.31766
15.93,2.30925,2.32191
15.94,2.31075,2.3126
15.95,2.31399,2.31988
15.96,2.31322,2.31654
15.97,2.3107,2.31913
15.98,2.31082,2.31092
15.99,2.3095,2.31306
16.0,2.30963,2.31901
16.01,2.30582,2.32032
16.02,2.3107,2.31769
16.03,2.31398,2.32279
16.04,2.3159,2.32106
16.05,2.30734,2.32315
16.06,2.30414,2.31759
16.07,2.29793,2.31847
16.08,2.30494,2.31514
16.09,2.31064,2.31739
16.1,2.30949,2.31237
16.11,2.30799,2.316
16.12,2.3123,2.31274
16.13,2.30885,2.31971
16.14,2.31179,2.31256
16.15,2.31126,2.32165
16.16,2.31111,2.31684
16.17,2.31707,2.30844
16.18,2.30575,2.31403
16.19,2.31483,2.31419
16.2,2.31034,2.31485
16.21,2.30753,2.31976
16.22,2.31158,2.31668
16.23,2.31247,2.32382
16.24,2.3133,2.32234
16.25,2.30802,2.3216
16.26,2.30866,2.32137
16.27,2.31078,2.32774
16.28,2.3172,2.31392
16.29,2.32012,2.31973
16.3,2.3202,2.3223
16.31,2.30861,2.3279
16.32,2.3043,2.31699
16.33,2.31306,2.31917
16.34,2.31442,2.32832
16.35,2.31212,2.32236
16.36,2.31238,2.31647
16.37,2.31484,2.31343
16.38,2.30758,2.31165
16.39,2.30167,2.31573
16.4,2.30614,2.31441
16.41,2.30969,2.32165
16.42,2.30487,2.32181
16.43,2.31078,2.32337
16.44,2.31154,2.32118
16.45,2.30944,2.31824
16.46,2.30931,2.3176
16.47,2.31039,2.31647
16.48,2.3072,2.31135
16.49,2.29849,2.31994
16.5,2.3072,2.31081
16.51,2.30882,2.31496
16.52,2.30178,2.31771
16.53,2.30316,2.31073
16.54,2.29672,2.31384
16.55,2.30055,2.31714
16.56,2.3064,2.31122
16.57,2.30654,2.3135
16.58,2.30698,2.31451
16.59,2.3056,2.31947
16.6,2.3088,2.31797
16.61,2.31144,2.31192
16.62,2.30507,2.32043
16.63,2.30893,2.31361
16.64,2.30676,2.31632
16.65,2.30398,2.31655
16.66,2.31316,2.31101
16.67,2.31193,2.31046
16.68,2.31024,2.31503
16.69,2.31711,2.30766
16.7,2.30332,2.3205
16.71,2.30406,2.31606
16.72,2.30483,2.32322
16.73,2.3106,2.31623
16.74,2.30305,2.31799
16.75,2.30949,2.31437
16.76,2.31206,2.30872
16.77,2.31076,2.31159
16.78,2.31771,2.31391
16.79,2.31328,2.31582
16.8,2.31422,2.31254
16.81,2.31184,2.30661
16.82,2.31024,2.30478
16.83,2.30931,2.31754
16.84,2.31434,2.31493
16.85,2.30228,2.30606
16.86,2.31503,2.3212
16.87,2.31692,2.31138
16.88,2.31649,2.31747
16.89,2.31554,2.30248
16.9,2.30559,2.30821
16.91,2.32165,2.31174
16.92,2.31421,2.31569
16.93,2.3227,2.31472
16.94,2.30841,2.31642
16.95,2.31687,2.31696
16.96,2.31929,2.31582
16.97,2.32716,2.31813
16.98,2.31528,2.31717
16.99,2.31976,2.31808
17.0,2.32001,2.32092
17.01,2.32386,2.31108
17.02,2.31852,2.31011
17.03,2.3096,2.32402
17.04,2.31959,2.32265
17.05,2.31161,2.3148
17.06,2.31957,2.31384
17.07,2.3209,2.31456
17.08,2.31931,2.314
17.09,2.31458,2.31756
17.1,2.31616,2.31392
17.11,2.31933,2.31543
17.12,2.31565,2.3215
17.13,2.32168,2.32011
17.14,2.31541,2.32405
17.15,2.31311,2.3172
17.16,2.3156,2.30999
17.17,2.31731,2.32872
17.18,2.30795,2.31105
17.19,2.30292,2.31052
17.2,2.30247,2.32772
17.21,2.30028,2.3199
17.22,2.30906,2.3178
17.23,2.31025,2.31502
17.24,2.30673,2.33215
17.25,2.31428,2.3166
17.26,2.30952,2.31364
17.27,2.31272,2.32299
17.28,2.30763,2.32648
17.29,2.30591,2.31787
17.3,2.30867,2.31363
17.31,2.30842,2.31486
17.32,2.30843,2.31078
17.33,2.31518,2.31416
17.34,2.31579,2.31109
17.35,2.31504,2.31067
17.36,2.31617,2.29837
17.37,2.31065,2.31005
17.38,2.31079,2.31528
17.39,2.30743,2.30651
17.4,2.31221,2.30823
17.41,2.30609,2.3127
17.42,2.30398,2.31761
17.43,2.30283,2.32258
17.44,2.31004,2.32867
17.45,2.31121,2.31047
17.46,2.30492,2.31724
17.47,2.30447,2.31242
17.48,2.31215,2.30749
17.49,2.30784,2.31671
17.5,2.30892,2.30882
17.51,2.29502,2.30239
17.52,2.30163,2.31146
17.53,2.30383,2.31246
17.54,2.29843,2.31265
17.55,2.29418,2.31229
17.56,2.29147,2.30335
17.57,2.29771,2.32566
17.58,2.30203,2.31235
17.59,2.30101,2.3085
17.6,2.29539,2.31012
17.61,2.30125,2.31337
17.62,2.29964,2.30445
17.63,2.29202,2.30222
17.64,2.29343,2.31004
17.65,2.29472,2.30565
17.66,2.29497,2.30642
17.67,2.29607,2.30977
17.68,2.29386,2.30602
17.69,2.29831,2.30698
17.7,2.29855,2.30428
17.71,2.2995,2.31021
17.72,2.29205,2.30617
17.73,2.29508,2.30633
17.74,2.29629,2.31085
17.75,2.29839,2.3061
17.76,2.29964,2.30724
17.77,2.29546,2.3116
17.78,2.30008,2.31289
17.79,2.29198,2.30762
17.8,2.30054,2.3088
17.81,2.2956,2.30823
17.82,2.30425,2.30907
17.83,2.30784,2.31696
17.84,2.29823,2.30332
17.85,2.30421,2.30362
17.86,2.30238,2.31197
17.87,2.29805,2.30047
17.88,2.31475,2.3033
17.89,2.30412,2.30057
17.9,2.29968,2.309
17.91,2.30047,2.29203
17.92,2.30405,2.31006
17.93,2.30126,2.30785
17.94,2.30207,2.30373
17.95,2.29785,2.306
17.96,2.29885,2.29436
17.97,2.29531,2.30657
17.98,2.29641,2.30701
17.99,2.30668,2.30578
18.0,2.3009,2.30436
18.01,2.30375,2.30286
18.02,2.29518,2.29854
18.03,2.29658,2.29762
18.04,2.29724,2.30307
18.05,2.29671,2.30911
18.06,2.30042,2.30888
18.07,2.3035,2.30922
18.08,2.29759,2.30739
18.09,2.29885,2.30022
18.1,2.30216,2.31802
18.11,2.30673,2.30221
18.12,2.30256,2.30902
18.13,2.30028,2.30414
18.14,2.29903,2.30219
18.15,2.29695,2.31262
18.16,2.29638,2.31741
18.17,2.30126,2.30419
18.18,2.30651,2.30059
18.19,2.30262,2.30354
18.2,2.3002,2.29963
18.21,2.2987,2.30306
18.22,2.29759,2.30852
18.23,2.29589,2.30277
18.24,2.30191,2.30831
18.25,2.30179,2.30711
18.26,2.29704,2.30551
18.27,2.29929,2.30511
18.28,2.29852,2.30392
18.29,2.30134,2.29876
18.3,2.30481,2.30275
18.31,2.29994,2.30694
18.32,2.29693,2.30252
18.33,2.29897,2.29481
18.34,2.29137,2.30114
18.35,2.29003,2.29785
18.36,2.29504,2.30577
18.37,2.30567,2.30535
18.38,2.30034,2.30253
18.39,2.29607,2.29818
18.4,2.3034,2.30098
18.41,2.30121,2.31941
18.42,2.29315,2.30453
18.43,2.30127,2.29824
18.44,2.30113,2.2993
18.45,2.30499,2.30185
18.46,2.30551,2.30016
18.47,2.30926,2.30319
18.48,2.30514,2.29638
18.49,2.30163,2.30118
18.5,2.30685,2.31034
18.51,2.29825,2.30704
18.52,2.30416,2.30912
18.53,2.29889,2.30589
18.54,2.30317,2.3
18.55,2.29889,2.30228
18.56,2.29598,2.29757
18.57,2.29226,2.29472
18.58,2.30863,2.295
18.59,2.30369,2.29481
18.6,2.29716,2.29592
18.61,2.29289,2.3015
18.62,2.29634,2.28394
18.63,2.30008,2.30382
18.64,2.30564,2.31041
18.65,2.29979,2.30358
18.66,2.29786,2.29325
18.67,2.30267,2.29612
18.68,2.29691,2.2987
18.69,2.29685,2.30306
18.7,2.29929,2.30582
18.71,2.29516,2.29786
18.72,2.30267,2.29874
18.73,2.30132,2.31033
18.74,2.29472,2.30231
18.75,2.3053,2.30245
18.76,2.30127,2.30475
18.77,2.30438,2.31032
18.78,2.30156,2.30227
18.79,2.29939,2.30569
18.8,2.30273,2.31904
18.81,2.29994,2.30642
18.82,2.29678,2.30079
18.83,2.29832,2.30214
18.84,2.29846,2.29829
18.85,2.28423,2.29764
18.86,2.29084,2.29777
18.87,2.2898,2.29543
18.88,2.2906,2.30169
18.89,2.29609,2.29882
18.9,2.29346,2.29729
18.91,2.29029,2.30634
18.92,2.29076,2.29698
18.93,2.29988,2.30102
18.94,2.29629,2.29555
18.95,2.30001,2.30239
18.96,2.29619,2.31205
18.97,2.29519,2.3154
18.98,2.29567,2.31091
18.99,2.30782,2.29776
19.0,2.30376,2.30135
19.01,2.30008,2.30334
19.02,2.30192,2.30612
19.03,2.29511,2.3066
19.04,2.30226,2.29742
19.05,2.29894,2.30811
19.06,2.29987,2.30493
19.07,2.30202,2.31382
19.08,2.29876,2.30578
19.09,2.30171,2.30508
19.1,2.3035,2.30332
19.11,2.29616,2.30894
19.12,2.30781,2.30321
19.13,2.30155,2.30532
19.14,2.29478,2.2981
19.15,2.29772,2.306
19.16,2.3058,2.30222
19.17,2.30549,2.30329
19.18,2.29916,2.29436
19.19,2.29936,2.29704
19.2,2.2984,2.29767
19.21,2.29958,2.29923
19.22,2.29798,2.29663
19.23,2.30498,2.29945
19.24,2.29359,2.29552
19.25,2.29514,2.30179
19.26,2.302,2.30699
19.27,2.30252,2.30298
19.28,2.30114,2.30752
19.29,2.30263,2.30907
19.3,2.29515,2.31028
19.31,2.30266,2.3003
19.32,2.29525,2.30781
19.33,2.30414,2.31054
19.34,2.29728,2.3079
19.35,2.3057,2.30988
19.36,2.29559,2.30227
19.37,2.30709,2.30543
19.38,2.29403,2.3061
19.39,2.29881,2.3114
19.4,2.29655,2.30804
19.41,2.29836,2.30852
19.42,2.29451,2.29665
19.43,2.29376,2.30298
19.44,2.30023,2.29539
19.45,2.29213,2.3036
19.46,2.30513,2.30277
19.47,2.30839,2.31244
19.48,2.30224,2.31185
19.49,2.30812,2.30573
19.5,2.30223,2.29991
19.51,2.30808,2.29984
19.52,2.30051,2.29903
19.53,2.30058,2.31387
19.54,2.29847,2.29925
19.55,2.29424,2.30152
19.56,2.30459,2.29893
19.57,2.30667,2.30267
19.58,2.30631,2.30754
19.59,2.30593,2.3018
19.6,2.30863,2.29718
19.61,2.31832,2.30415
19.62,2.31198,2.30121
19.63,2.30926,2.29964
19.64,2.30119,2.29869
19.65,2.30574,2.30424
19.66,2.30743,2.30134
19.67,2.30301,2.30161
19.68,2.30494,2.29797
19.69,2.30078,2.30383
19.7,2.30953,2.29532
19.71,2.31236,2.30502
19.72,2.3095,2.29749
19.73,2.30023,2.29838
19.74,2.30057,2.30395
19.75,2.30701,2.2949
19.76,2.31402,2.30188
19.77,2.30513,2.29969
19.78,2.30117,2.30182
19.79,2.30436,2.29978
19.8,2.29403,2.29744
19.81,2.30745,2.29987
19.82,2.30289,2.30046
19.83,2.29565,2.29412
19.84,2.299,2.29148
19.85,2.29685,2.29947
19.86,2.29508,2.29524
19.87,2.30392,2.30403
19.88,2.30415,2.30122
19.89,2.3038,2.29745
19.9,2.30737,2.29865
19.91,2.29895,2.29872
19.92,2.3003,2.29546
19.93,2.30005,2.29516
19.94,2.29379,2.29207
19.95,2.30395,2.29675
19.96,2.3022,2.2929
19.97,2.29385,2.30735
19.98,2.2992,2.29575
19.99,2.30319,2.29417
20.0,2.30076,2.30039
20.01,2.29849,2.29522
20.02,2.29796,2.29893
20.03,2.29973,2.29945
20.04,2.29278,2.30195
20.05,2.29933,2.29858
20.06,2.30509,2.29488
20.07,2.30439,2.30114
20.08,2.30069,2.2912
20.09,2.30391,2.29366
20.1,2.30137,2.28821
20.11,2.29854,2.28638
20.12,2.29751,2.28466
20.13,2.29638,2.29104
20.14,2.30875,2.28935
20.15,2.2954,2.2962
20.16,2.30523,2.28815
20.17,2.30083,2.29817
20.18,2.29776,2.30159
20.19,2.2994,2.2989
20.2,2.29565,2.30642
20.21,2.30984,2.29457
20.22,2.29794,2.3022
20.23,2.30545,2.30359
20.24,2.29953,2.3061
20.25,2.29665,2.30192
20.26,2.30234,2.3075
20.27,2.30638,2.30348
20.28,2.30907,2.30272
20.29,2.31329,2.31228
20.3,2.31235,2.29625
20.31,2.30888,2.30836
20.32,2.30892,2.30997
20.33,2.30537,2.30914
20.34,2.31175,2.29951
20.35,2.3108,2.31058
20.36,2.29927,2.29619
20.37,2.30297,2.3021
20.38,2.30628,2.30999
20.39,2.30261,2.30992
20.4,2.30341,2.31719
20.41,2.30043,2.31151
20.42,2.29992,2.30359
20.43,2.29387,2.30763
20.44,2.2991,2.30912
20.45,2.30029,2.30456
20.46,2.30645,2.29753
20.47,2.30655,2.30533
20.48,2.30771,2.30009
20.49,2.30526,2.30578
20.5,2.30803,2.30373
20.51,2.30014,2.29767
20.52,2.30188,2.3011
20.53,2.302,2.3043
20.54,2.302,2.29851
20.55,2.30588,2.2964
20.56,2.30481,2.30402
20.57,2.30349,2.3027
20.58,2.30442,2.3056
20.59,2.30549,2.29617
20.6,2.30738,2.30729
20.61,2.30943,2.30488
20.62,2.30898,2.29791
20.63,2.30938,2.30172
20.64,2.30577,2.30404
20.65,2.30523,2.29245
20.66,2.30688,2.29634
20.67,2.30198,2.29194
20.68,2.29921,2.30071
20.69,2.2936,2.3008
20.7,2.29667,2.29522
20.71,2.29405,2.30673
20.72,2.30622,2.30302
20.73,2.29689,2.30634
20.74,2.2983,2.30386
20.75,2.29733,2.29732
20.76,2.30169,2.3052
20.77,2.30166,2.30063
20.78,2.29458,2.30365
20.79,2.28853,2.30405
20.8,2.29908,2.30544
20.81,2.2978,2.29657
20.82,2.29389,2.3
20.83,2.29561,2.29433
20.84,2.30162,2.30976
20.85,2.30282,2.3071
20.86,2.29998,2.29974
20.87,2.3006,2.30115
20.88,2.30688,2.30317
20.89,2.30606,2.30438
20.9,2.30695,2.29463
20.91,2.30525,2.30214
20.92,2.30402,2.30311
20.93,2.30799,2.31778
20.94,2.30339,2.30581
20.95,2.30257,2.31458
20.96,2.3069,2.30637
20.97,2.31048,2.30347
20.98,2.29935,2.29942
20.99,2.29598,2.30372
21.0,2.29986,2.31034
21.01,2.29633,2.30817
21.02,2.29687,2.3025
21.03,2.31278,2.30667
21.04,2.29906,2.30467
21.05,2.304,2.30367
21.06,2.31288,2.30186
21.07,2.30766,2.30211
21.08,2.30566,2.30241
21.09,2.30124,2.29761
21.1,2.29982,2.29346
21.11,2.30025,2.30155
21.12,2.30464,2.30182
21.13,2.30374,2.29724
21.14,2.30361,2.30646
21.15,2.29598,2.299
21.16,2.30875,2.30625
21.17,2.3131,2.29531
21.18,2.3152,2.29911
21.19,2.30535,2.29849
21.2,2.3025,2.29148
21.21,2.30877,2.30108
21.22,2.3023,2.29684
21.23,2.30434,2.29764
21.24,2.29978,2.29927
21.25,2.29242,2.29729
21.26,2.30358,2.29807
21.27,2.29923,2.29443
21.28,2.29862,2.2905
21.29,2.3029,2.29793
21.3,2.29993,2.30223
21.31,2.30488,2.30145
21.32,2.30097,2.2983
21.33,2.3012,2.2914
21.34,2.30563,2.29306
21.35,2.29813,2.29154
21.36,2.30081,2.29806
21.37,2.30462,2.29289
21.38,2.30197,2.28723
21.39,2.29845,2.30123
21.4,2.29569,2.29853
21.41,2.30177,2.29875
21.42,2.29922,2.30016
21.43,2.3058,2.30516
21.44,2.29804,2.30601
21.45,2.30041,2.30488
21.46,2.30359,2.29785
21.47,2.29807,2.29478
21.48,2.29934,2.2929
21.49,2.30104,2.29627
21.5,2.29599,2.29861
21.51,2.29652,2.29477
21.52,2.30191,2.30087
21.53,2.29855,2.29422
21.54,2.29441,2.30196
21.55,2.29897,2.30004
21.56,2.30207,2.29863
21.57,2.29924,2.30436
21.58,2.30189,2.31204
21.59,2.29973,2.30279
21.6,2.30282,2.30729
21.61,2.30614,2.30191
21.62,2.30874,2.30344
21.63,2.3107,2.29685
21.64,2.30641,2.30733
21.65,2.29492,2.30296
21.66,2.30147,2.30198
21.67,2.30063,2.30342
21.68,2.30292,2.29641
21.69,2.30157,2.31258
21.7,2.30436,2.30499
21.71,2.30174,2.29878
21.72,2.3095,2.30013
21.73,2.30728,2.29434
21.74,2.29771,2.29267
21.75,2.29735,2.3047
21.76,2.29733,2.30369
21.77,2.29393,2.30542
21.78,2.29986,2.30532
21.79,2.30631,2.2986
21.8,2.29585,2.29967
21.81,2.30273,2.29945
21.82,2.30493,2.2949
21.83,2.31601,2.2959
21.84,2.31246,2.30095
21.85,2.31288,2.29723
21.86,2.30489,2.30212
21.87,2.31002,2.30523
21.88,2.29518,2.30364
21.89,2.30291,2.29691
21.9,2.2996,2.30939
21.91,2.29563,2.29593
21.92,2.29801,2.30317
21.93,2.29536,2.29605
21.94,2.29577,2.2947
21.95,2.3017,2.29312
21.96,2.30309,2.29594
21.97,2.30144,2.30572
21.98,2.30409,2.30423
21.99,2.30574,2.30253
22.0,2.30603,2.30164
22.01,2.31211,2.30163
22.02,2.31193,2.29751
22.03,2.30676,2.30894
22.04,2.29781,2.30162
22.05,2.30577,2.29881
22.06,2.30595,2.3062
22.07,2.30497,2.29608
22.08,2.30383,2.30611
22.09,2.3076,2.30124
22.1,2.30812,2.3033
22.11,2.3038,2.30216
22.12,2.302,2.29908
22.13,2.30767,2.29237
22.14,2.31024,2.28951
22.15,2.29884,2.29957
22.16,2.31455,2.29899
22.17,2.31041,2.29756
22.18,2.31204,2.29689
22.19,2.31539,2.29807
22.2,2.30992,2.29886
22.21,2.3046,2.30896
22.22,2.30848,2.30259
22.23,2.31508,2.29397
22.24,2.31449,2.29424
22.25,2.30912,2.29753
22.26,2.30059,2.29746
22.27,2.30836,2.29567
22.28,2.30407,2.29468
22.29,2.31222,2.29525
22.3,2.3108,2.29439
22.31,2.30411,2.29933
22.32,2.30187,2.298
22.33,2.30546,2.29387
22.34,2.30342,2.29952
22.35,2.30177,2.28794
22.36,2.30076,2.29916
22.37,2.30312,2.29272
22.38,2.3033,2.30187
22.39,2.3015,2.2978
22.4,2.30325,2.29728
22.41,2.29854,2.30205
22.42,2.29351,2.29252
22.43,2.30222,2.29178
22.44,2.30454,2.30602
22.45,2.30633,2.31147
22.46,2.30708,2.30694
22.47,2.3042,2.30615
22.48,2.30776,2.30933
22.49,2.30878,2.30453
22.5,2.30572,2.30287
22.51,2.30272,2.29714
22.52,2.30471,2.31022
22.53,2.29676,2.30358
22.54,2.30081,2.30539
22.55,2.30506,2.30279
22.56,2.30859,2.30241
22.57,2.30611,2.31388
22.58,2.304,2.2975
22.59,2.30695,2.30065
22.6,2.30665,2.3086
22.61,2.30479,2.29786
22.62,2.30326,2.30047
22.63,2.30799,2.29797
22.64,2.30648,2.30375
22.65,2.30381,2.30539
22.66,2.3017,2.30516
22.67,2.30561,2.30116
22.68,2.30595,2.29931
22.69,2.30417,2.30381
22.7,2.29825,2.30252
22.71,2.30132,2.2974
22.72,2.30602,2.30044
22.73,2.29567,2.30214
22.74,2.30365,2.30621
22.75,2.30858,2.31325
22.76,2.30689,2.29686
22.77,2.30696,2.30263
22.78,2.31258,2.29816
22.79,2.30863,2.30174
22.8,2.31082,2.30476
22.81,2.30473,2.30378
22.82,2.30907,2.30274
22.83,2.30482,2.29447
22.84,2.30857,2.30413
22.85,2.30866,2.30054
22.86,2.30821,2.30003
22.87,2.31313,2.30567
22.88,2.30587,2.30012
22.89,2.30858,2.30064
22.9,2.30415,2.30569
22.91,2.30457,2.29177
22.92,2.30214,2.29224
22.93,2.29985,2.30485
22.94,2.30806,2.2956
22.95,2.30724,2.29888
22.96,2.3097,2.30502
22.97,2.30966,2.29821
22.98,2.30984,2.30322
22.99,2.30633,2.29969
23.0,2.30167,2.30526
23.01,2.30678,2.30389
23.02,2.30031,2.30622
23.03,2.29942,2.31818
23.04,2.29971,2.31004
23.05,2.30982,2.30557
23.06,2.30703,2.3121
23.07,2.31113,2.30747
23.08,2.30671,2.30291
23.09,2.30613,2.30468
23.1,2.30515,2.30463
23.11,2.30635,2.30409
23.12,2.30072,2.31428
23.13,2.30607,2.3023
23.14,2.30334,2.29998
23.15,2.30262,2.30852
23.16,2.30983,2.30607
23.17,2.30516,2.29932
23.18,2.30154,2.30286
23.19,2.29479,2.3027
23.2,2.29704,2.30805
23.21,2.30132,2.29953
23.22,2.29985,2.29987
23.23,2.30508,2.29426
23.24,2.29417,2.30347
23.25,2.30352,2.30212
23.26,2.29955,2.30506
23.27,2.28913,2.30775
23.28,2.29172,2.30622
23.29,2.28724,2.30103
23.3,2.29371,2.30442
23.31,2.29635,2.30369
23.32,2.30289,2.30526
23.33,2.3035,2.31108
23.34,2.30231,2.30793
23.35,2.30515,2.30794
23.36,2.30441,2.30334
23.37,2.30418,2.30367
23.38,2.3023,2.2925
23.39,2.30594,2.29789
23.4,2.30522,2.30513
23.41,2.30668,2.30072
23.42,2.30149,2.3017
23.43,2.29879,2.29874
23.44,2.30627,2.30472
23.45,2.30217,2.30325
23.46,2.31088,2.31345
23.47,2.3037,2.30557
23.48,2.31052,2.31127
23.49,2.30498,2.31288
23.5,2.31437,2.30333
23.51,2.3043,2.30928
23.52,2.30058,2.30038
23.53,2.30399,2.31824
23.54,2.30018,2.3083
23.55,2.30645,2.30839
23.56,2.30313,2.29975
23.57,2.3106,2.30518
23.58,2.30642,2.30361
23.59,2.30583,2.31205
23.6,2.29963,2.30105
23.61,2.30612,2.30467
23.62,2.30525,2.29908
23.63,2.3106,2.29343
23.64,2.30551,2.30037
23.65,2.30452,2.30413
23.66,2.30479,2.30546
23.67,2.30166,2.2969
23.68,2.30988,2.30093
23.69,2.31186,2.3047
23.7,2.30642,2.30792
23.71,2.31133,2.2979
23.72,2.30822,2.30446
23.73,2.3171,2.30066
23.74,2.30754,2.30043
23.75,2.29911,2.31462
23.76,2.30817,2.29836
23.77,2.31285,2.30376
23.78,2.3135,2.30514
23.79,2.3115,2.31156
23.8,2.32327,2.31102
23.81,2.31712,2.30175
23.82,2.31141,2.3007
23.83,2.30937,2.30365
23.84,2.30671,2.29692
23.85,2.31551,2.3005
23.86,2.30612,2.29709
23.87,2.2981,2.29308
23.88,2.30567,2.29703
23.89,2.30757,2.29654
23.9,2.30786,2.30662
23.91,2.30197,2.30366
23.92,2.3101,2.29718
23.93,2.30453,2.30166
23.94,2.30401,2.30278
23.95,2.30579,2.3079
23.96,2.31117,2.30297
23.97,2.31153,2.30285
23.98,2.30343,2.30658
23.99,2.31234,2.30425
24.0,2.30715,2.31348
24.01,2.30666,2.31091
24.02,2.31211,2.29935
24.03,2.30204,2.31049
24.04,2.30663,2.30769
24.05,2.30554,2.30304
24.06,2.30623,2.29942
24.07,2.31083,2.30914
24.08,2.30263,2.30626
24.09,2.30552,2.3097
24.1,2.30439,2.29894
24.11,2.30564,2.31544
24.12,2.3092,2.30368
24.13,2.30368,2.30248
24.14,2.31098,2.30294
24.15,2.3016,2.3017
24.16,2.30032,2.30001
24.17,2.30542,2.30415
24.18,2.30573,2.31143
24.19,2.30203,2.31653
24.2,2.30572,2.30282
24.21,2.30893,2.30267
24.22,2.30248,2.2986
24.23,2.30346,2.30064
24.24,2.30418,2.30344
24.25,2.30727,2.30063
24.26,2.29941,2.3078
24.27,2.30404,2.29917
24.28,2.30295,2.29406
24.29,2.30129,2.3039
24.3,2.30185,2.30903
24.31,2.30016,2.29717
24.32,2.30542,2.29877
24.33,2.30113,2.30987
24.34,2.29822,2.3034
24.35,2.29895,2.30457
24.36,2.30491,2.30681
24.37,2.29956,2.3124
24.38,2.29939,2.29784
24.39,2.29877,2.30337
24.4,2.30776,2.30388
24.41,2.3019,2.29772
24.42,2.29635,2.31407
24.43,2.30044,2.29464
24.44,2.29571,2.30517
24.45,2.29689,2.30805
24.46,2.29668,2.30428
24.47,2.29603,2.31575
24.48,2.30188,2.30711
24.49,2.30158,2.30701
24.5,2.29655,2.30125
24.51,2.30284,2.3091
24.52,2.30066,2.301
24.53,2.30264,2.30915
24.54,2.30379,2.29796
24.55,2.30118,2.30047
24.56,2.30002,2.30421
24.57,2.30398,2.29675
24.58,2.29962,2.29788
24.59,2.30479,2.30297
24.6,2.30052,2.30507
24.61,2.30819,2.29887
24.62,2.31126,2.30439
24.63,2.30135,2.30373
24.64,2.29901,2.30671
24.65,2.3113,2.30439
24.66,2.30644,2.30287
24.67,2.30312,2.29349
24.68,2.30211,2.29698
24.69,2.2985,2.29639
24.7,2.29953,2.30181
24.71,2.29908,2.30369
24.72,2.29882,2.31015
24.73,2.29749,2.30861
24.74,2.30385,2.3046
24.75,2.30075,2.31421
24.76,2.29781,2.31335
24.77,2.3027,2.30078
24.78,2.302,2.30714
24.79,2.29973,2.31059
24.8,2.30216,2.30508
24.81,2.30292,2.29859
24.82,2.30753,2.30606
24.83,2.30585,2.30012
24.84,2.30566,2.29823
24.85,2.30243,2.29716
24.86,2.30556,2.30529
24.87,2.31016,2.29996
24.88,2.30278,2.30551
24.89,2.30478,2.30628
24.9,2.30623,2.29489
24.91,2.29749,2.30518
24.92,2.29441,2.30704
24.93,2.29386,2.31239
24.94,2.29841,2.31286
24.95,2.30048,2.31826
24.96,2.30294,2.31258
24.97,2.30377,2.31082
24.98,2.30146,2.31679
24.99,2.30679,2.30581
25.0,2.29805,2.30712
25.01,2.30094,2.29952
25.02,2.29657,2.30461
25.03,2.30547,2.30242
25.04,2.3022,2.30291
25.05,2.29938,2.31144
25.06,2.30754,2.30511
25.07,2.30355,2.30764
25.08,2.30407,2.30793
25.09,2.30547,2.30895
25.1,2.30018,2.31315
25.11,2.30302,2.31226
25.12,2.30154,2.30298
25.13,2.30726,2.30224
25.14,2.29716,2.29718
25.15,2.29952,2.30394
25.16,2.30858,2.30521
25.17,2.31184,2.29616
25.18,2.31037,2.30017
25.19,2.31195,2.30364
25.2,2.30266,2.3086
25.21,2.30164,2.30344
25.22,2.30782,2.31073
25.23,2.30374,2.31055
25.24,2.3068,2.30214
25.25,2.30019,2.30338
25.26,2.30457,2.30463
25.27,2.30408,2.30412
25.28,2.30633,2.29265
25.29,2.29656,2.29027
25.3,2.30104,2.30334
25.31,2.30047,2.29644
25.32,2.29346,2.30663
25.33,2.29522,2.29734
25.34,2.29744,2.30171
25.35,2.29755,2.3025
25.36,2.29687,2.29387
25.37,2.29806,2.30037
25.38,2.29658,2.29623
25.39,2.29541,2.29533
25.4,2.29707,2.30638
25.41,2.2915,2.3031
25.42,2.2879,2.2969
25.43,2.29441,2.29256
25.44,2.29688,2.29153
25.45,2.29441,2.29619
25.46,2.29725,2.29878
25.47,2.28886,2.30104
25.48,2.2958,2.2976
25.49,2.29234,2.29965
25.5,2.29732,2.3039
25.51,2.29786,2.29959
25.52,2.29956,2.29827
25.53,2.29361,2.29487
25.54,2.29438,2.2936
25.55,2.29173,2.29826
25.56,2.28673,2.30155
25.57,2.29133,2.29756
25.58,2.29375,2.29192
25.59,2.29451,2.29941
25.6,2.29171,2.29578
25.61,2.29114,2.29558
25.62,2.30517,2.29479
25.63,2.29646,2.29097
25.64,2.29632,2.2881
25.65,2.29418,2.28852
25.66,2.3002,2.3018
25.67,2.29755,2.29784
25.68,2.29187,2.29836
25.69,2.29014,2.29262
25.7,2.29441,2.29493
25.71,2.29467,2.29559
25.72,2.28998,2.28945
25.73,2.29261,2.29884
25.74,2.29259,2.29895
25.75,2.2923,2.30044
25.76,2.29547,2.29449
25.77,2.28486,2.29496
25.78,2.29358,2.29869
25.79,2.29637,2.29746
25.8,2.30237,2.29855
25.81,2.29174,2.29907
25.82,2.2953,2.30031
25.83,2.29728,2.30083
25.84,2.29918,2.28972
25.85,2.29586,2.28802
25.86,2.29603,2.28709
25.87,2.29958,2.2883
25.88,2.29557,2.29294
25.89,2.29967,2.29863
25.9,2.304,2.29065
25.91,2.30124,2.29094
25.92,2.29882,2.30382
25.93,2.30338,2.29639
25.94,2.29903,2.30008
25.95,2.30391,2.29619
25.96,2.30729,2.29454
25.97,2.30337,2.29277
25.98,2.30605,2.2975
25.99,2.3018,2.3004
26.0,2.30389,2.29031
26.01,2.30471,2.30166
26.02,2.30423,2.29491
26.03,2.30273,2.30602
26.04,2.30104,2.30593
26.05,2.29396,2.29622
26.06,2.29809,2.30139
26.07,2.28506,2.30227
26.08,2.29768,2.3036
26.09,2.28978,2.30469
26.1,2.29901,2.29237
26.11,2.30737,2.29548
26.12,2.29575,2.30844
26.13,2.30308,2.29673
26.14,2.30537,2.29778
26.15,2.29493,2.3014
26.16,2.30195,2.30427
26.17,2.30103,2.31133
26.18,2.29242,2.31492
26.19,2.30065,2.30674
26.2,2.29435,2.29375
26.21,2.29351,2.29331
26.22,2.30139,2.31021
26.23,2.29962,2.3053
26.24,2.29296,2.30031
26.25,2.29506,2.29511
26.26,2.28962,2.29236
26.27,2.30043,2.30059
26.28,2.29713,2.30439
26.29,2.29083,2.2958
26.3,2.28795,2.29322
26.31,2.29401,2.29925
26.32,2.29793,2.29906
26.33,2.29831,2.30451
26.34,2.30515,2.3043
26.35,2.29738,2.29726
26.36,2.29162,2.30761
26.37,2.28996,2.30823
26.38,2.29374,2.29846
26.39,2.29899,2.29858
26.4,2.29432,2.29743
26.41,2.3019,2.30008
26.42,2.29451,2.30364
26.43,2.29372,2.30646
26.44,2.29806,2.2965
26.45,2.28746,2.3075
26.46,2.28439,2.29554
26.47,2.291,2.29912
26.48,2.29555,2.29869
26.49,2.29102,2.29999
26.5,2.29605,2.28879
26.51,2.29076,2.30718
26.52,2.28899,2.29631
26.53,2.29095,2.31357
26.54,2.29633,2.2957
26.55,2.29372,2.29566
26.56,2.29031,2.29809
26.57,2.29901,2.29911
26.58,2.29577,2.30112
26.59,2.2956,2.29345
26.6,2.29632,2.30806
26.61,2.30613,2.30192
26.62,2.30324,2.30184
26.63,2.29784,2.29374
26.64,2.30189,2.29624
26.65,2.2942,2.29867
26.66,2.29426,2.29687
26.67,2.2892,2.30016
26.68,2.29483,2.3088
26.69,2.29992,2.29416
26.7,2.29551,2.29401
26.71,2.29546,2.30168
26.72,2.2961,2.30876
26.73,2.29299,2.30362
26.74,2.29729,2.30252
26.75,2.29817,2.30279
26.76,2.29812,2.29828
26.77,2.29596,2.29633
26.78,2.29081,2.30909
26.79,2.29944,2.29414
26.8,2.2868,2.29835
26.81,2.29565,2.29872
26.82,2.29815,2.29517
26.83,2.28869,2.30862
26.84,2.29876,2.30363
26.85,2.29257,2.31038
26.86,2.3009,2.3029
26.87,2.29598,2.30585
26.88,2.29695,2.30831
26.89,2.29831,2.29876
26.9,2.29994,2.30105
26.91,2.29871,2.30887
26.92,2.29714,2.30892
26.93,2.29921,2.31555
26.94,2.29444,2.31358
26.95,2.29088,2.31036
26.96,2.28927,2.30461
26.97,2.29232,2.31817
26.98,2.2968,2.30492
26.99,2.29535,2.3171
27.0,2.2909,2.30821
27.01,2.29084,2.31035
27.02,2.29414,2.31536
27.03,2.29198,2.30382
27.04,2.28859,2.31495
27.05,2.28392,2.30837
27.06,2.29158,2.30386
27.07,2.30017,2.30174
27.08,2.29375,2.30689
27.09,2.29333,2.3041
27.1,2.29091,2.31091
27.11,2.29072,2.30856
27.12,2.29228,2.31141
27.13,2.29288,2.30356
27.14,2.28886,2.30352
27.15,2.29534,2.31132
27.16,2.29923,2.31432
27.17,2.29699,2.30448
27.18,2.2969,2.31465
27.19,2.29964,2.31198
27.2,2.29641,2.31004
27.21,2.29401,2.31304
27.22,2.29441,2.31531
27.23,2.2945,2.31191
27.24,2.30405,2.3082
27.25,2.30345,2.30365
27.26,2.30489,2.30681
27.27,2.3013,2.29791
27.28,2.30032,2.30796
27.29,2.30662,2.30775
27.3,2.29341,2.31116
27.31,2.2943,2.3037
27.32,2.30394,2.30416
27.33,2.29889,2.30291
27.34,2.30154,2.31004
27.35,2.29715,2.30619
27.36,2.2972,2.31321
27.37,2.30308,2.30694
27.38,2.29698,2.30536
27.39,2.30399,2.31573
27.4,2.31077,2.31041
27.41,2.29968,2.30331
27.42,2.30267,2.30987
27.43,2.29641,2.30545
27.44,2.29988,2.298
27.45,2.30221,2.30042
27.46,2.29418,2.30536
27.47,2.30054,2.30345
27.48,2.30786,2.30722
27.49,2.30719,2.30174
27.5,2.30353,2.30466
27.51,2.3033,2.30061
27.52,2.30508,2.30294
27.53,2.30095,2.30467
27.54,2.29885,2.30289
27.55,2.30958,2.29634
27.56,2.31068,2.29342
27.57,2.30325,2.29073
27.58,2.29925,2.29432
27.59,2.29422,2.2964
27.6,2.29542,2.30805
27.61,2.30038,2.30052
27.62,2.2966,2.30171
27.63,2.29864,2.30679
27.64,2.2932,2.30296
27.65,2.29958,2.30385
27.66,2.29722,2.30283
27.67,2.30444,2.2997
27.68,2.30444,2.30552
27.69,2.29854,2.30742
27.7,2.29881,2.30878
27.71,2.30464,2.30595
27.72,2.29476,2.30813
27.73,2.30053,2.30825
27.74,2.29371,2.30343
27.75,2.29481,2.30129
27.76,2.29807,2.29712
27.77,2.2989,2.30219
27.78,2.29336,2.30203
27.79,2.30029,2.29116
27.8,2.3056,2.3049
27.81,2.30106,2.29742
27.82,2.30015,2.30409
27.83,2.30257,2.31027
27.84,2.29358,2.30769
27.85,2.29329,2.31067
27.86,2.29033,2.30112
27.87,2.29829,2.30335
27.88,2.29987,2.30271
27.89,2.29771,2.30452
27.9,2.30207,2.30533
27.91,2.30046,2.29821
27.92,2.29923,2.29623
27.93,2.29459,2.30268
27.94,2.29237,2.30167
27.95,2.3065,2.30804
27.96,2.29851,2.31135
27.97,2.30449,2.31021
27.98,2.29918,2.31307
27.99,2.30923,2.30819
28.0,2.29849,2.29666
28.01,2.30398,2.2996
28.02,2.30187,2.31
28.03,2.29698,2.30588
28.04,2.30179,2.3134
28.05,2.30113,2.30835
28.06,2.30894,2.31046
28.07,2.30204,2.29784
28.08,2.31094,2.30395
28.09,2.31394,2.30121
28.1,2.30377,2.30217
28.11,2.31086,2.3029
28.12,2.31218,2.30364
28.13,2.31107,2.30124
28.14,2.30749,2.30802
28.15,2.29705,2.30587
28.16,2.29877,2.30033
28.17,2.30255,2.30726
28.18,2.29699,2.30695
28.19,2.30502,2.30501
28.2,2.29188,2.29557
28.21,2.29932,2.30263
28.22,2.29566,2.30351
28.23,2.30028,2.30131
28.24,2.29713,2.30376
28.25,2.30655,2.30898
28.26,2.2965,2.30567
28.27,2.30218,2.30516
28.28,2.30291,2.2998
28.29,2.29672,2.31015
28.3,2.29351,2.30399
28.31,2.29431,2.3063
28.32,2.29543,2.29808
28.33,2.29498,2.3013
28.34,2.29363,2.30959
28.35,2.29872,2.30115
28.36,2.30111,2.29584
28.37,2.29444,2.30037
28.38,2.29471,2.30422
28.39,2.29172,2.30325
28.4,2.29973,2.30672
28.41,2.29923,2.31622
28.42,2.29553,2.30738
28.43,2.29308,2.31091
28.44,2.29046,2.31249
28.45,2.30165,2.30727
28.46,2.30346,2.30146
28.47,2.30998,2.31435
28.48,2.30153,2.30352
28.49,2.30086,2.30986
28.5,2.29967,2.30862
28.51,2.30125,2.30858
28.52,2.302,2.29945
28.53,2.30133,2.30816
28.54,2.30408,2.3024
28.55,2.29798,2.30901
28.56,2.29929,2.30885
28.57,2.2977,2.30638
28.58,2.29896,2.31383
28.59,2.29317,2.30328
28.6,2.29773,2.3016
28.61,2.30545,2.298
28.62,2.30457,2.31136
28.63,2.30156,2.30153
28.64,2.30239,2.31241
28.65,2.28734,2.31099
28.66,2.29097,2.30696
28.67,2.29255,2.30307
28.68,2.2997,2.30831
28.69,2.29522,2.30806
28.7,2.2966,2.30258
28.71,2.29978,2.29822
28.72,2.30437,2.30516
28.73,2.30225,2.30455
28.74,2.30052,2.29094
28.75,2.29061,2.30703
28.76,2.28854,2.30392
28.77,2.28229,2.30623
28.78,2.28452,2.29786
28.79,2.29273,2.30287
28.8,2.29899,2.30468
28.81,2.29373,2.29926
28.82,2.28248,2.3073
28.83,2.28896,2.28947
28.84,2.29617,2.30667
28.85,2.29483,2.3061
28.86,2.29166,2.32423
28.87,2.29617,2.30111
28.88,2.2949,2.31559
28.89,2.29526,2.30353
28.9,2.29522,2.30358
28.91,2.2887,2.30741
28.92,2.29822,2.30527
28.93,2.29495,2.30845
28.94,2.2922,2.31236
28.95,2.29486,2.31128
28.96,2.29397,2.30471
28.97,2.29613,2.31948
28.98,2.29478,2.3135
28.99,2.2979,2.30813
29.0,2.2942,2.30834
29.01,2.28686,2.31001
29.02,2.29675,2.31175
29.03,2.2966,2.30468
29.04,2.30314,2.31107
29.05,2.29611,2.3072
29.06,2.29329,2.31337
29.07,2.3012,2.31103
29.08,2.31144,2.31386
29.09,2.29808,2.32314
29.1,2.29625,2.31431
29.11,2.30034,2.31545
29.12,2.30704,2.30263
29.13,2.29715,2.30551
29.14,2.29902,2.30951
29.15,2.29912,2.30984
29.16,2.29386,2.30887
29.17,2.29363,2.31096
29.18,2.29735,2.30591
29.19,2.29066,2.30348
29.2,2.29343,2.30446
29.21,2.29477,2.31061
29.22,2.29552,2.30912
29.23,2.29721,2.3056
29.24,2.29767,2.30294
29.25,2.29981,2.30365
29.26,2.29497,2.30783
29.27,2.29444,2.2942
29.28,2.2993,2.30309
29.29,2.29881,2.30208
29.3,2.29732,2.30233
29.31,2.30402,2.30718
29.32,2.30448,2.30674
29.33,2.30507,2.30736
29.34,2.29201,2.29624
29.35,2.29929,2.30158
29.36,2.30095,2.30762
29.37,2.29806,2.30556
29.38,2.30079,2.30178
29.39,2.29471,2.3024
29.4,2.29896,2.31006
29.41,2.31137,2.31107
29.42,2.3049,2.30976
29.43,2.29559,2.29008
29.44,2.30324,2.30557
29.45,2.29874,2.30277
29.46,2.3011,2.30789
29.47,2.29531,2.30138
29.48,2.29197,2.30827
29.49,2.29227,2.30191
29.5,2.2904,2.30605
29.51,2.29259,2.29985
29.52,2.29505,2.29652
29.53,2.28996,2.29346
29.54,2.29475,2.2993
29.55,2.29541,2.30222
29.56,2.2983,2.30265
29.57,2.2923,2.30482
29.58,2.29446,2.3082
29.59,2.29261,2.30175
29.6,2.29491,2.30584
29.61,2.292,2.30629
29.62,2.29191,2.30175
29.63,2.29499,2.31014
29.64,2.28895,2.31166
29.65,2.2998,2.3081
29.66,2.29534,2.31458
29.67,2.29508,2.3145
29.68,2.30299,2.31553
29.69,2.29789,2.30774
29.7,2.30418,2.31745
29.71,2.29774,2.30873
29.72,2.29765,2.29299
29.73,2.29651,2.29941
29.74,2.29559,2.31217
29.75,2.2978,2.30605
29.76,2.29543,2.30559
29.77,2.29718,2.30321
29.78,2.29654,2.30628
29.79,2.29152,2.30705
29.8,2.29416,2.30299
29.81,2.2916,2.29926
29.82,2.29179,2.30595
29.83,2.29553,2.30455
29.84,2.29964,2.30262
29.85,2.29315,2.30291
29.86,2.29813,2.30591
29.87,2.29406,2.3078
29.88,2.29786,2.31756
29.89,2.29114,2.30358
29.9,2.29241,2.30483
29.91,2.2891,2.3077
29.92,2.29264,2.3136
29.93,2.29035,2.31736
29.94,2.29833,2.30546
29.95,2.29365,2.30672
29.96,2.28842,2.30764
29.97,2.29951,2.30749
29.98,2.29974,2.3242
29.99,2.28856,2.31577
30.0,2.29168,2.31099
30.01,2.2924,2.3063
30.02,2.29825,2.31258
30.03,2.29088,2.31815
30.04,2.295,2.32045
30.05,2.28994,2.32302
30.06,2.29283,2.3139
30.07,2.29313,2.31804
30.08,2.28938,2.31317
30.09,2.29637,2.31329
30.1,2.29668,2.32055
30.11,2.29668,2.3139
30.12,2.28722,2.314
30.13,2.29802,2.32227
30.14,2.29641,2.30713
30.15,2.29939,2.31717
30.16,2.30123,2.31257
30.17,2.29936,2.3088
30.18,2.3006,2.30911
30.19,2.3021,2.30876
30.2,2.29757,2.31284
30.21,2.30603,2.31338
30.22,2.30343,2.30965
30.23,2.29543,2.31656
30.24,2.29379,2.31427
30.25,2.29501,2.3198
30.26,2.29067,2.31735
30.27,2.2904,2.31451
30.28,2.2935,2.31224
30.29,2.29458,2.32068
30.3,2.29316,2.3244
30.31,2.29803,2.31804
30.32,2.30218,2.32877
30.33,2.29414,2.33256
30.34,2.2976,2.32303
30.35,2.2951,2.3163
30.36,2.29658,2.32295
30.37,2.29752,2.33499
30.38,2.29374,2.3312
30.39,2.29664,2.31731
30.4,2.29357,2.31899
30.41,2.29536,2.3189
30.42,2.29788,2.32204
30.43,2.29759,2.31541
30.44,2.2931,2.32478
30.45,2.28858,2.3277
30.46,2.28866,2.31628
30.47,2.29342,2.32091
30.48,2.2958,2.31512
30.49,2.29538,2.32034
30.5,2.29048,2.32173
30.51,2.29388,2.31553
30.52,2.2948,2.30932
30.53,2.29487,2.31464
30.54,2.29388,2.32091
30.55,2.29766,2.31353
30.56,2.29004,2.31442
30.57,2.2924,2.31277
30.58,2.29135,2.31372
30.59,2.29494,2.31989
30.6,2.29839,2.31846
30.61,2.29631,2.31833
30.62,2.30141,2.32755
30.63,2.28515,2.31318
30.64,2.29721,2.31031
30.65,2.29204,2.31209
30.66,2.28878,2.30952
30.67,2.29017,2.31433
30.68,2.28775,2.31222
30.69,2.2983,2.31471
30.7,2.29326,2.31352
30.71,2.30139,2.31289
30.72,2.294,2.30518
30.73,2.28866,2.32172
30.74,2.29415,2.31384
30.75,2.29571,2.31262
30.76,2.29383,2.31146
30.77,2.28773,2.32241
30.78,2.29409,2.31115
30.79,2.30186,2.31788
30.8,2.29309,2.30996
30.81,2.29841,2.31756
30.82,2.29987,2.30762
30.83,2.29524,2.31407
30.84,2.29818,2.30706
30.85,2.295,2.31435
30.86,2.2997,2.307
30.87,2.29335,2.3097
30.88,2.30059,2.31506
30.89,2.29539,2.31492
30.9,2.29139,2.31392
30.91,2.29848,2.31226
30.92,2.29467,2.31136
30.93,2.29418,2.31752
30.94,2.29819,2.30729
30.95,2.29502,2.31414
30.96,2.29699,2.31536
30.97,2.30224,2.31917
30.98,2.2977,2.31603
30.99,2.29644,2.3082
31.0,2.29739,2.31123
31.01,2.29655,2.29923
31.02,2.30466,2.30973
31.03,2.30047,2.31327
31.04,2.3,2.3025
31.05,2.30041,2.30653
31.06,2.30168,2.29399
31.07,2.29939,2.31992
31.08,2.29065,2.30475
31.09,2.29748,2.31161
31.1,2.29908,2.30427
31.11,2.30075,2.31141
31.12,2.29559,2.31927
31.13,2.30104,2.30818
31.14,2.30272,2.31743
31.15,2.30227,2.30842
31.16,2.29124,2.3051
31.17,2.29484,2.30816
31.18,2.29483,2.30638
31.19,2.29224,2.30289
31.2,2.29864,2.30808
31.21,2.30184,2.31171
31.22,2.30375,2.30449
31.23,2.30357,2.3137
31.24,2.30142,2.30972
31.25,2.30237,2.30607
31.26,2.3045,2.31095
31.27,2.29184,2.31153
31.28,2.30219,2.30192
31.29,2.30627,2.31132
31.3,2.30676,2.31078
31.31,2.30599,2.30847
31.32,2.30695,2.3021
31.33,2.29772,2.30854
31.34,2.30481,2.3088
31.35,2.30552,2.31042
31.36,2.30836,2.302
31.37,2.31132,2.3031
31.38,2.30673,2.30756
31.39,2.30267,2.31103
31.4,2.3025,2.31205
31.41,2.3016,2.30216
31.42,2.30705,2.30061
31.43,2.30726,2.30592
31.44,2.30124,2.29754
31.45,2.29973,2.30034
31.46,2.30538,2.30353
31.47,2.30134,2.29697
31.48,2.30102,2.30397
31.49,2.3009,2.29921
31.5,2.30019,2.29719
31.51,2.30513,2.29293
31.52,2.306,2.28904
31.53,2.30265,2.29364
31.54,2.29933,2.30496
31.55,2.31212,2.29327
31.56,2.30525,2.29502
31.57,2.30002,2.29302
31.58,2.31032,2.30104
31.59,2.29648,2.29668
31.6,2.30529,2.30208
31.61,2.29637,2.29622
31.62,2.30503,2.30378
31.63,2.29704,2.29989
31.64,2.29365,2.31294
31.65,2.29224,2.30016
31.66,2.29723,2.30767
31.67,2.29887,2.30683
31.68,2.29648,2.30877
31.69,2.29867,2.30987
31.7,2.29301,2.3037
31.71,2.29676,2.30166
31.72,2.30341,2.30354
31.73,2.30892,2.29618
31.74,2.30308,2.30723
31.75,2.29769,2.30732
31.76,2.29097,2.30348
31.77,2.29952,2.30254
31.78,2.29851,2.2994
31.79,2.30657,2.29826
31.8,2.297,2.29418
31.81,2.29832,2.29434
31.82,2.29559,2.30137
31.83,2.29999,2.30296
31.84,2.29387,2.3016
31.85,2.29193,2.3046
31.86,2.30051,2.30797
31.87,2.29941,2.30436
31.88,2.29522,2.30087
31.89,2.29181,2.31142
31.9,2.29733,2.30152
31.91,2.29493,2.29729
31.92,2.30255,2.29241
31.93,2.30307,2.30129
31.94,2.29827,2.29813
31.95,2.30387,2.3042
31.96,2.29579,2.30005
31.97,2.29444,2.29533
31.98,2.30503,2.31069
31.99,2.29582,2.3018
32.0,2.29377,2.30755
32.01,2.29436,2.30098
32.02,2.29174,2.30507
32.03,2.29395,2.30085
32.04,2.3008,2.30329
32.05,2.29781,2.30312
32.06,2.29004,2.30914
32.07,2.30957,2.30213
32.08,2.30496,2.30505
32.09,2.29843,2.30354
32.1,2.29863,2.30358
32.11,2.29484,2.30566
32.12,2.29423,2.30149
32.13,2.29731,2.30949
32.14,2.29884,2.30819
32.15,2.29372,2.30212
32.16,2.30858,2.30149
32.17,2.29807,2.30106
32.18,2.29124,2.31011
32.19,2.29597,2.30234
32.2,2.29975,2.29293
32.21,2.29614,2.30456
32.22,2.29256,2.30156
32.23,2.29982,2.29474
32.24,2.29943,2.30246
32.25,2.29613,2.29903
32.26,2.29995,2.29085
32.27,2.30378,2.29479
32.28,2.29887,2.30108
32.29,2.29895,2.29441
32.3,2.29737,2.2923
32.31,2.30057,2.29718
32.32,2.28919,2.29137
32.33,2.29984,2.29604
32.34,2.30284,2.30182
32.35,2.29325,2.30507
32.36,2.29282,2.29881
32.37,2.2912,2.29728
32.38,2.29179,2.30371
32.39,2.29401,2.29836
32.4,2.29492,2.30195
32.41,2.29658,2.30438
32.42,2.29264,2.3066
32.43,2.3056,2.30146
32.44,2.29095,2.29775
32.45,2.30349,2.30756
32.46,2.29733,2.30056
32.47,2.30268,2.29804
32.48,2.2988,2.30026
32.49,2.30325,2.29541
32.5,2.30808,2.30337
32.51,2.30029,2.30771
32.52,2.2937,2.29996
32.53,2.29928,2.29058
32.54,2.29782,2.29721
32.55,2.29493,2.30127
32.56,2.29911,2.29936
32.57,2.30486,2.30208
32.58,2.30351,2.30202
32.59,2.30015,2.29649
32.6,2.30133,2.29869
32.61,2.30346,2.30809
32.62,2.29936,2.29861
32.63,2.29853,2.30006
32.64,2.29847,2.29046
32.65,2.30386,2.30017
32.66,2.30368,2.29537
32.67,2.30566,2.2913
32.68,2.29671,2.28909
32.69,2.29704,2.2957
32.7,2.29964,2.30214
32.71,2.3021,2.30945
32.72,2.29393,2.29988
32.73,2.29995,2.29654
32.74,2.30419,2.29434
32.75,2.30058,2.3112
32.76,2.29628,2.30016
32.77,2.30403,2.31014
32.78,2.29082,2.30523
32.79,2.30174,2.30701
32.8,2.3064,2.30374
32.81,2.30223,2.29804
32.82,2.29647,2.30238
32.83,2.29827,2.31253
32.84,2.29375,2.29973
32.85,2.29153,2.31175
32.86,2.28698,2.2974
32.87,2.29707,2.31102
32.88,2.29336,2.3024
32.89,2.29754,2.30062
32.9,2.30098,2.30584
32.91,2.2985,2.29961
32.92,2.301,2.29939
32.93,2.30043,2.31155
32.94,2.30196,2.31114
32.95,2.30121,2.30752
32.96,2.29541,2.31033
32.97,2.29702,2.30414
32.98,2.30056,2.29947
32.99,2.30177,2.29874
33.0,2.30031,2.30034
33.01,2.30019,2.30608
33.02,2.29907,2.29597
33.03,2.29256,2.31187
33.04,2.2973,2.30313
33.05,2.2982,2.29736
33.06,2.28524,2.30639
33.07,2.29771,2.29926
33.08,2.29051,2.30864
33.09,2.29858,2.30955
33.1,2.29487,2.30579
33.11,2.29313,2.3107
33.12,2.29652,2.31785
33.13,2.29921,2.30932
33.14,2.30446,2.31014
33.15,2.29697,2.31492
33.16,2.30379,2.31242
33.17,2.29981,2.31807
33.18,2.29358,2.32592
33.19,2.29559,2.31236
33.2,2.30518,2.317
33.21,2.3002,2.31939
33.22,2.29937,2.31741
33.23,2.29787,2.32305
33.24,2.29919,2.31186
33.25,2.3017,2.30534
33.26,2.30157,2.3087
33.27,2.29829,2.30662
33.28,2.2998,2.30138
33.29,2.29628,2.31191
33.3,2.30126,2.31161
33.31,2.3013,2.31103
33.32,2.29253,2.31494
33.33,2.29351,2.30185
33.34,2.29811,2.31123
33.35,2.29279,2.30515
33.36,2.29395,2.31143
33.37,2.29492,2.30392
33.38,2.29851,2.30066
33.39,2.28699,2.30139
33.4,2.29231,2.29819
33.41,2.28735,2.30013
33.42,2.29971,2.30579
33.43,2.29914,2.30439
33.44,2.2974,2.30235
33.45,2.29057,2.30869
33.46,2.30099,2.30423
33.47,2.3014,2.30802
33.48,2.2951,2.29601
33.49,2.30618,2.29545
33.5,2.30525,2.29273
33.51,2.30225,2.29419
33.52,2.30145,2.29531
33.53,2.30234,2.30536
33.54,2.30441,2.302
33.55,2.29407,2.29992
33.56,2.29706,2.29987
33.57,2.29594,2.30462
33.58,2.29311,2.30679
33.59,2.29416,2.30158
33.6,2.30461,2.30551
33.61,2.2938,2.30122
33.62,2.29944,2.30314
33.63,2.29493,2.31164
33.64,2.3033,2.30626
33.65,2.30769,2.30006
33.66,2.30401,2.29693
33.67,2.3061,2.30098
33.68,2.2988,2.3028
33.69,2.30121,2.29956
33.7,2.29412,2.30917
33.71,2.3031,2.29355
33.72,2.29899,2.28855
33.73,2.30322,2.30094
33.74,2.30899,2.31097
33.75,2.312,2.29443
33.76,2.31105,2.28814
33.77,2.31311,2.29421
33.78,2.30377,2.29736
33.79,2.30731,2.30227
33.8,2.30947,2.30142
33.81,2.30339,2.30944
33.82,2.30707,2.29776
33.83,2.30511,2.30208
33.84,2.29889,2.30443
33.85,2.2993,2.31121
33.86,2.30268,2.30718
33.87,2.2983,2.29484
33.88,2.30757,2.30624
33.89,2.30443,2.30779
33.9,2.30764,2.30879
33.91,2.30302,2.31191
33.92,2.30586,2.30653
33.93,2.30105,2.30859
33.94,2.30125,2.30856
33.95,2.30519,2.31342
33.96,2.30813,2.3116
33.97,2.30509,2.3064
33.98,2.30279,2.30994
33.99,2.29905,2.30447
34.0,2.30618,2.29381
34.01,2.303,2.29497
34.02,2.3075,2.30198
34.03,2.29934,2.30811
34.04,2.2967,2.29791
34.05,2.29962,2.30453
34.06,2.30645,2.30837
34.07,2.30053,2.30326
34.08,2.29269,2.30253
34.09,2.29955,2.30067
34.1,2.29852,2.29885
34.11,2.30293,2.30661
34.12,2.30061,2.30434
34.13,2.29771,2.29639
34.14,2.30683,2.30666
34.15,2.30224,2.2982
34.16,2.30491,2.29857
34.17,2.29936,2.3042
34.18,2.30261,2.30219
34.19,2.29924,2.30507
34.2,2.30206,2.30572
34.21,2.30125,2.30313
34.22,2.29845,2.30294
34.23,2.30009,2.29542
34.24,2.30044,2.30693
34.25,2.2959,2.30258
34.26,2.29473,2.29342
34.27,2.30008,2.30965
34.28,2.29426,2.30742
34.29,2.29844,2.29541
34.3,2.30229,2.29537
34.31,2.29802,2.29884
34.32,2.29844,2.29829
34.33,2.29404,2.30503
34.34,2.30259,2.30149
34.35,2.29673,2.30356
34.36,2.29641,2.30896
34.37,2.29774,2.3146
34.38,2.29703,2.31411
34.39,2.30185,2.31224
34.4,2.29721,2.31667
34.41,2.29712,2.31009
34.42,2.30021,2.30404
34.43,2.29973,2.30686
34.44,2.30112,2.30936
34.45,2.29872,2.30763
34.46,2.28911,2.31012
34.47,2.29659,2.30678
34.48,2.29867,2.30625
34.49,2.30016,2.30838
34.5,2.307,2.30858
34.51,2.30499,2.31292
34.52,2.29775,2.30983
34.53,2.299,2.3084
34.54,2.30022,2.31021
34.55,2.29259,2.31319
34.56,2.29834,2.3071
34.57,2.29716,2.30825
34.58,2.29465,2.30705
34.59,2.292,2.30611
34.6,2.29758,2.31164
34.61,2.30362,2.31156
34.62,2.30014,2.31212
34.63,2.29959,2.30396
34.64,2.29578,2.30636
34.65,2.29794,2.30497
34.66,2.29678,2.30785
34.67,2.29582,2.30454
34.68,2.29592,2.31181
34.69,2.30155,2.30229
34.7,2.2928,2.29542
34.71,2.30382,2.3018
34.72,2.3055,2.29894
34.73,2.30545,2.30583
34.74,2.30452,2.30639
34.75,2.29932,2.30241
34.76,2.30413,2.30559
34.77,2.3048,2.30266
34.78,2.29995,2.29942
34.79,2.29663,2.29391
34.8,2.30304,2.29657
34.81,2.30055,2.29318
34.82,2.29939,2.3067
34.83,2.29786,2.29605
34.84,2.2975,2.29662
34.85,2.30384,2.30853
34.86,2.2965,2.3063
34.87,2.29342,2.31254
34.88,2.29413,2.31013
34.89,2.30108,2.30073
34.9,2.30025,2.29445
34.91,2.30441,2.29705
34.92,2.29909,2.2991
34.93,2.30325,2.29985
34.94,2.30923,2.29672
34.95,2.30077,2.2918
34.96,2.30275,2.30214
34.97,2.29733,2.29808
34.98,2.30498,2.29706
34.99,2.30513,2.30013
35.0,2.2973,2.29834
35.01,2.30093,2.2966
35.02,2.30549,2.30331
35.03,2.29799,2.30432
35.04,2.30365,2.30493
35.05,2.3045,2.3018
35.06,2.30417,2.30138
35.07,2.30175,2.30216
35.08,2.29535,2.29601
35.09,2.3055,2.30125
35.1,2.30069,2.30821
35.11,2.29926,2.29853
35.12,2.2973,2.29875
35.13,2.29544,2.30464
35.14,2.29246,2.30833
35.15,2.29713,2.30149
35.16,2.29511,2.30927
35.17,2.29609,2.30533
35.18,2.2921,2.31157
35.19,2.29306,2.30536
35.2,2.29362,2.31156
35.21,2.29663,2.30076
35.22,2.29495,2.30159
35.23,2.30156,2.30842
35.24,2.30099,2.30184
35.25,2.30184,2.30114
35.26,2.29899,2.30363
35.27,2.30406,2.29501
35.28,2.30829,2.31014
35.29,2.30102,2.31042
35.3,2.29998,2.30661
35.31,2.30023,2.30747
35.32,2.29607,2.30228
35.33,2.30396,2.29783
35.34,2.29778,2.3055
35.35,2.30104,2.30296
35.36,2.30513,2.30213
35.37,2.30416,2.29379
35.38,2.3013,2.3013
35.39,2.30215,2.30232
35.4,2.30234,2.30465
35.41,2.30181,2.30338
35.42,2.30223,2.30471
35.43,2.29885,2.29798
35.44,2.29897,2.30271
35.45,2.29631,2.30195
35.46,2.29732,2.306
35.47,2.30241,2.29928
35.48,2.30955,2.30516
35.49,2.29908,2.30463
35.5,2.30411,2.30371
35.51,2.30269,2.30916
35.52,2.30242,2.29953
35.53,2.30349,2.30023
35.54,2.29672,2.29863
35.55,2.29484,2.30276
35.56,2.30135,2.29592
35.57,2.29827,2.30235
35.58,2.30536,2.30052
35.59,2.3022,2.30783
35.6,2.29951,2.30105
35.61,2.30506,2.30096
35.62,2.30378,2.2982
35.63,2.30448,2.2937
35.64,2.30172,2.30766
35.65,2.30141,2.30453
35.66,2.29809,2.30906
35.67,2.29723,2.30494
35.68,2.29976,2.29793
35.69,2.29799,2.30295
35.7,2.29571,2.30362
35.71,2.29476,2.30134
35.72,2.29871,2.30262
35.73,2.29869,2.30244
35.74,2.30315,2.30642
35.75,2.3029,2.30074
35.76,2.30212,2.29527
35.77,2.29996,2.29914
35.78,2.30486,2.30331
35.79,2.29885,2.30542
35.8,2.29987,2.30088
35.81,2.29874,2.30188
35.82,2.30369,2.30318
35.83,2.29531,2.30439
35.84,2.29854,2.31219
35.85,2.3017,2.30288
35.86,2.30197,2.31044
35.87,2.30101,2.2947
35.88,2.29896,2.30024
35.89,2.29723,2.29956
35.9,2.30469,2.30159
35.91,2.29634,2.3044
35.92,2.29178,2.31074
35.93,2.29927,2.29294
35.94,2.29284,2.30405
35.95,2.29835,2.31475
35.96,2.3035,2.30272
35.97,2.29696,2.30833
35.98,2.29839,2.29742
35.99,2.30484,2.30212
36.0,2.30084,2.2978
36.01,2.29353,2.30968
36.02,2.29938,2.31557
36.03,2.29826,2.31025
36.04,2.3006,2.31108
36.05,2.30114,2.30093
36.06,2.30212,2.30489
36.07,2.29921,2.31174
36.08,2.29891,2.30492
36.09,2.29912,2.31087
36.1,2.29797,2.30807
36.11,2.29297,2.31395
36.12,2.30638,2.30529
36.13,2.2999,2.30356
36.14,2.30532,2.30151
36.15,2.29771,2.30362
36.16,2.29849,2.30135
36.17,2.29757,2.30955
36.18,2.30085,2.30968
36.19,2.30184,2.30569
36.2,2.2969,2.30937
36.21,2.30175,2.30665
36.22,2.30051,2.3123
36.23,2.30317,2.31867
36.24,2.29693,2.30461
36.25,2.30289,2.31246
36.26,2.30419,2.30661
36.27,2.30246,2.30423
36.28,2.29984,2.30757
36.29,2.2989,2.31002
36.3,2.30475,2.31116
36.31,2.29798,2.30743
36.32,2.29202,2.31763
36.33,2.3034,2.31375
36.34,2.29949,2.30634
36.35,2.29901,2.30995
36.36,2.29827,2.31487
36.37,2.30346,2.30695
36.38,2.30226,2.31239
36.39,2.29459,2.31557
36.4,2.30585,2.3028
36.41,2.30211,2.31237
36.42,2.28854,2.3124
36.43,2.29839,2.3151
36.44,2.29521,2.30965
36.45,2.29545,2.30883
36.46,2.29392,2.31739
36.47,2.2919,2.30883
36.48,2.29882,2.30615
36.49,2.29539,2.31475
36.5,2.29353,2.31083
36.51,2.29006,2.31375
36.52,2.30009,2.32242
36.53,2.29771,2.32185
36.54,2.29928,2.31495
36.55,2.29176,2.31027
36.56,2.29222,2.31336
36.57,2.28992,2.31064
36.58,2.296,2.3224
36.59,2.29761,2.31314
36.6,2.29973,2.30899
36.61,2.29468,2.31
36.62,2.2913,2.30643
36.63,2.29188,2.31023
36.64,2.28695,2.30864
36.65,2.2925,2.30725
36.66,2.28707,2.31447
36.67,2.29387,2.30762
36.68,2.30125,2.31131
36.69,2.29425,2.30839
36.7,2.29762,2.31009
36.71,2.30243,2.29971
36.72,2.29614,2.31489
36.73,2.2925,2.30108
36.74,2.30169,2.30562
36.75,2.2924,2.30816
36.76,2.29384,2.31221
36.77,2.29463,2.30889
36.78,2.27993,2.31009
36.79,2.29661,2.30862
36.8,2.28962,2.31122
36.81,2.29289,2.30928
36.82,2.29168,2.30912
36.83,2.2865,2.30631
36.84,2.28722,2.31266
36.85,2.28872,2.30495
36.86,2.28571,2.31111
36.87,2.29619,2.31392
36.88,2.29268,2.30863
36.89,2.29956,2.30747
36.9,2.29757,2.30953
36.91,2.29043,2.31087
36.92,2.29069,2.31279
36.93,2.28741,2.30963
36.94,2.29547,2.30808
36.95,2.29458,2.30794
36.96,2.2952,2.30768
36.97,2.29148,2.30533
36.98,2.29936,2.29971
36.99,2.29297,2.30342
37.0,2.29148,2.31448
37.01,2.29269,2.31508
37.02,2.29077,2.30358
37.03,2.29427,2.31048
37.04,2.29667,2.31652
37.05,2.29927,2.30766
37.06,2.29286,2.29831
37.07,2.28432,2.29776
37.08,2.28966,2.29975
37.09,2.28733,2.30796
37.1,2.29154,2.29808
37.11,2.29559,2.30664
37.12,2.2984,2.2963
37.13,2.29234,2.30374
37.14,2.2915,2.29963
37.15,2.29169,2.29589
37.16,2.29109,2.30267
37.17,2.28657,2.30209
37.18,2.28402,2.29975
37.19,2.2943,2.31179
37.2,2.29311,2.30818
37.21,2.29567,2.30505
37.22,2.29899,2.31038
37.23,2.29634,2.30738
37.24,2.29306,2.30964
37.25,2.29306,2.30701
37.26,2.28748,2.31174
37.27,2.29447,2.30824
37.28,2.2966,2.30552
37.29,2.29154,2.30219
37.3,2.29302,2.30672
37.31,2.29594,2.30245
37.32,2.29278,2.30432
37.33,2.29372,2.29966
37.34,2.30352,2.30853
37.35,2.29755,2.29502
37.36,2.29328,2.29932
37.37,2.29462,2.3003
37.38,2.29982,2.30517
37.39,2.29501,2.29782
37.4,2.30622,2.29965
37.41,2.29559,2.30071
37.42,2.30152,2.30641
37.43,2.30378,2.3023
37.44,2.30716,2.30567
37.45,2.30061,2.30501
37.46,2.29752,2.30929
37.47,2.30115,2.30734
37.48,2.30502,2.31594
37.49,2.30009,2.29949
37.5,2.30608,2.30334
37.51,2.31233,2.3102
37.52,2.30304,2.2981
37.53,2.3026,2.30084
37.54,2.29565,2.30692
37.55,2.29924,2.30566
37.56,2.29969,2.30746
37.57,2.30564,2.30244
37.58,2.29251,2.30662
37.59,2.29843,2.29867
37.6,2.29657,2.31302
37.61,2.29601,2.30401
37.62,2.30104,2.30301
37.63,2.30179,2.3008
37.64,2.3054,2.30171
37.65,2.30727,2.29479
37.66,2.3014,2.29971
37.67,2.29818,2.29036
37.68,2.30391,2.30695
37.69,2.30155,2.293
37.7,2.29802,2.2959
37.71,2.30852,2.29559
37.72,2.30466,2.29007
37.73,2.3016,2.30007
37.74,2.29659,2.2957
37.75,2.30664,2.30603
37.76,2.29588,2.29909
37.77,2.298,2.29055
37.78,2.29623,2.28491
37.79,2.30457,2.28999
37.8,2.30252,2.28952
37.81,2.29964,2.29001
37.82,2.28962,2.28707
37.83,2.29775,2.28085
37.84,2.29269,2.29868
37.85,2.29534,2.2916
37.86,2.2885,2.29313
37.87,2.30331,2.30038
37.88,2.29785,2.2924
37.89,2.30232,2.2896
37.9,2.29253,2.28521
37.91,2.29568,2.28849
37.92,2.30135,2.30016
37.93,2.29857,2.29328
37.94,2.30421,2.29139
37.95,2.29181,2.29074
37.96,2.29925,2.28395
37.97,2.30613,2.29716
37.98,2.29325,2.28575
37.99,2.29752,2.29307
38.0,2.29385,2.28335
38.01,2.29132,2.28662
38.02,2.29151,2.28807
38.03,2.29389,2.28641
38.04,2.29108,2.29216
38.05,2.29939,2.28674
38.06,2.30285,2.28946
38.07,2.28957,2.29635
38.08,2.2999,2.285
38.09,2.29346,2.29415
38.1,2.29806,2.29458
38.11,2.29591,2.29564
38.12,2.29475,2.28834
38.13,2.29344,2.28468
38.14,2.29309,2.2923
38.15,2.30427,2.29986
38.16,2.29602,2.29391
38.17,2.29613,2.29485
38.18,2.29711,2.29904
38.19,2.29431,2.29545
38.2,2.29349,2.29064
38.21,2.28874,2.29288
38.22,2.29417,2.29331
38.23,2.28548,2.2908
38.24,2.29932,2.29425
38.25,2.2908,2.2987
38.26,2.29569,2.29393
38.27,2.30036,2.29162
38.28,2.29648,2.29302
38.29,2.30057,2.29366
38.3,2.29747,2.29258
38.31,2.2951,2.29285
38.32,2.29282,2.28738
38.33,2.29237,2.29628
38.34,2.29629,2.30048
38.35,2.29952,2.29569
38.36,2.3038,2.29544
38.37,2.30735,2.30486
38.38,2.3011,2.29476
38.39,2.29686,2.29659
38.4,2.295,2.29699
38.41,2.29637,2.29224
38.42,2.29656,2.29529
38.43,2.29732,2.29526
38.44,2.29233,2.29246
38.45,2.29273,2.2919
38.46,2.30139,2.29665
38.47,2.29569,2.29658
38.48,2.30038,2.30099
38.49,2.29746,2.3071
38.5,2.29128,2.30809
38.51,2.3016,2.30052
38.52,2.2977,2.29824
38.53,2.29864,2.30836
38.54,2.29739,2.29787
38.55,2.29676,2.30198
38.56,2.29172,2.29608
38.57,2.30485,2.29502
38.58,2.30125,2.29925
38.59,2.291,2.29341
38.6,2.29437,2.31001
38.61,2.29555,2.30488
38.62,2.29571,2.30221
38.63,2.30136,2.30249
38.64,2.29507,2.30177
38.65,2.29498,2.29884
38.66,2.29781,2.29873
38.67,2.30221,2.30147
38.68,2.29675,2.29609
38.69,2.29059,2.30143
38.7,2.28984,2.29321
38.71,2.2942,2.30039
38.72,2.29148,2.29667
38.73,2.29342,2.30079
38.74,2.29842,2.29987
38.75,2.29403,2.30157
38.76,2.30072,2.30404
38.77,2.28793,2.299
38.78,2.29123,2.30126
38.79,2.29701,2.29556
38.8,2.293,2.293
38.81,2.30151,2.29307
38.82,2.29319,2.30703
38.83,2.2963,2.30219
38.84,2.29372,2.3009
38.85,2.28935,2.30436
38.86,2.29327,2.29919
38.87,2.2951,2.30222
38.88,2.30631,2.29779
38.89,2.29683,2.31048
38.9,2.29221,2.30024
38.91,2.29402,2.29147
38.92,2.28731,2.30277
38.93,2.29026,2.30646
38.94,2.28973,2.30454
38.95,2.28853,2.29877
38.96,2.2945,2.29929
38.97,2.29378,2.29706
38.98,2.29568,2.30701
38.99,2.30052,2.30377
39.0,2.29587,2.30588
39.01,2.29348,2.29792
39.02,2.29241,2.30651
39.03,2.29313,2.30291
39.04,2.2955,2.30902
39.05,2.29717,2.30248
39.06,2.29109,2.30952
39.07,2.28392,2.30594
39.08,2.28793,2.30384
39.09,2.28994,2.31411
39.1,2.28675,2.3056
39.11,2.2925,2.30471
39.12,2.29588,2.30399
39.13,2.2989,2.29545
39.14,2.30054,2.3033
39.15,2.29053,2.29842
39.16,2.29631,2.30941
39.17,2.29689,2.30044
39.18,2.28707,2.30759
39.19,2.28815,2.30986
39.2,2.29277,2.31009
39.21,2.29762,2.3039
39.22,2.30344,2.29712
39.23,2.29731,2.30323
39.24,2.29754,2.30226
39.25,2.30051,2.30405
39.26,2.30728,2.29834
39.27,2.29375,2.30102
39.28,2.29334,2.30999
39.29,2.30071,2.30987
39.3,2.29226,2.30756
39.31,2.3017,2.29878
39.32,2.29682,2.31016
39.33,2.2939,2.30123
39.34,2.29621,2.302
39.35,2.29126,2.30248
39.36,2.29983,2.30995
39.37,2.29441,2.30083
39.38,2.29164,2.29267
39.39,2.29324,2.30482
39.4,2.2935,2.31011
39.41,2.29437,2.30681
39.42,2.29983,2.30163
39.43,2.30161,2.30504
39.44,2.30189,2.30441
39.45,2.29849,2.30401
39.46,2.30114,2.31246
39.47,2.29976,2.30296
39.48,2.29308,2.30347
39.49,2.29062,2.29897
39.5,2.28978,2.29661
39.51,2.2891,2.29995
39.52,2.2992,2.30693
39.53,2.29165,2.30742
39.54,2.29666,2.30527
39.55,2.29525,2.31046
39.56,2.30802,2.30159
39.57,2.30249,2.2988
39.58,2.30058,2.30823
39.59,2.30303,2.31272
39.6,2.30138,2.30956
39.61,2.29446,2.30035
39.62,2.29428,2.30472
39.63,2.29355,2.30669
39.64,2.29672,2.30894
39.65,2.29745,2.30192
39.66,2.29718,2.30644
39.67,2.29614,2.30811
39.68,2.30472,2.30085
39.69,2.2994,2.31367
39.7,2.31264,2.30269
39.71,2.29718,2.30287
39.72,2.30066,2.30412
39.73,2.30972,2.30138
39.74,2.30513,2.30902
39.75,2.3082,2.30587
39.76,2.30298,2.31026
39.77,2.30906,2.30122
39.78,2.30894,2.30724
39.79,2.30862,2.3006
39.8,2.29929,2.29936
39.81,2.30543,2.29887
39.82,2.29621,2.30581
39.83,2.29468,2.30913
39.84,2.30328,2.3093
39.85,2.30599,2.29348
39.86,2.29979,2.30058
39.87,2.29901,2.29953
39.88,2.30801,2.30528
39.89,2.30596,2.30002
39.9,2.31078,2.29405
39.91,2.31671,2.30266
39.92,2.30889,2.30006
39.93,2.30314,2.30802
39.94,2.30319,2.30931
39.95,2.30055,2.31179
39.96,2.30684,2.31637
39.97,2.3077,2.30847
39.98,2.31278,2.31325
39.99,2.30095,2.30323
40.0,2.30584,2.30364
40.01,2.30336,2.29767
40.02,2.29767,2.3132
40.03,2.29702,2.30305
40.04,2.30909,2.30412
40.05,2.30521,2.30495
40.06,2.30201,2.30924
40.07,2.30887,2.30463
40.08,2.30505,2.30605
40.09,2.29643,2.30142
40.1,2.30729,2.30827
40.11,2.30502,2.30103
40.12,2.30975,2.30336
40.13,2.31125,2.29798
40.14,2.30743,2.30064
40.15,2.30429,2.30448
40.16,2.30204,2.30598
40.17,2.30676,2.30336
40.18,2.29797,2.30378
40.19,2.30265,2.30316
40.2,2.30076,2.29794
40.21,2.3106,2.29225
40.22,2.29962,2.29809
40.23,2.31045,2.29423
40.24,2.30284,2.30574
40.25,2.29912,2.3021
40.26,2.30281,2.30355
40.27,2.29825,2.30371
40.28,2.30679,2.29929
40.29,2.30962,2.29923
40.3,2.30208,2.30047
40.31,2.30047,2.30359
40.32,2.30373,2.30625
40.33,2.31271,2.31104
40.34,2.30628,2.30061
40.35,2.30341,2.29837
40.36,2.30111,2.30308
40.37,2.29615,2.29853
40.38,2.30864,2.29361
40.39,2.30569,2.29923
40.4,2.30861,2.30244
40.41,2.30249,2.29369
40.42,2.29917,2.30422
40.43,2.2932,2.29701
40.44,2.30115,2.29621
40.45,2.30648,2.29755
40.46,2.30164,2.30534
40.47,2.30667,2.30142
40.48,2.30256,2.29764
40.49,2.30962,2.30444
40.5,2.30911,2.30447
40.51,2.3064,2.30041
40.52,2.30414,2.29891
40.53,2.30545,2.30067
40.54,2.29836,2.30419
40.55,2.29306,2.302
40.56,2.29794,2.30262
40.57,2.29456,2.30058
40.58,2.29266,2.30015
40.59,2.29416,2.29667
40.6,2.30281,2.30211
40.61,2.29894,2.30382
40.62,2.29796,2.29724
40.63,2.2941,2.30278
40.64,2.30049,2.30556
40.65,2.30012,2.3015
40.66,2.31371,2.29323
40.67,2.30025,2.29765
40.68,2.30261,2.29628
40.69,2.30895,2.29739
40.7,2.30536,2.29134
40.71,2.30687,2.29224
40.72,2.30362,2.30503
40.73,2.30724,2.29188
40.74,2.3044,2.29975
40.75,2.30661,2.31009
40.76,2.30463,2.3053
40.77,2.30813,2.30456
40.78,2.30173,2.2984
40.79,2.30508,2.29629
40.8,2.30104,2.29821
40.81,2.29629,2.3037
40.82,2.2986,2.29773
40.83,2.29753,2.29653
40.84,2.29688,2.30577
40.85,2.3012,2.30897
40.86,2.2964,2.30656
40.87,2.30024,2.29572
40.88,2.30103,2.29671
40.89,2.30196,2.30476
40.9,2.2996,2.31368
40.91,2.30208,2.31499
40.92,2.29538,2.30519
40.93,2.30104,2.31024
40.94,2.2927,2.30159
40.95,2.29562,2.30604
40.96,2.29484,2.30848
40.97,2.2966,2.31005
40.98,2.30591,2.30583
40.99,2.305,2.30259
41.0,2.30051,2.30586
41.01,2.29727,2.30902
41.02,2.29996,2.30929
41.03,2.30671,2.30513
41.04,2.29977,2.30915
41.05,2.29944,2.30508
41.06,2.30659,2.31308
41.07,2.29764,2.31065
41.08,2.29459,2.30784
41.09,2.29543,2.3025
41.1,2.29543,2.30029
41.11,2.29449,2.29844
41.12,2.28499,2.30731
41.13,2.28803,2.30378
41.14,2.29733,2.3023
41.15,2.29386,2.29828
41.16,2.29878,2.30441
41.17,2.29705,2.29588
41.18,2.29992,2.30479
41.19,2.30715,2.30333
41.2,2.30555,2.30741
41.21,2.30112,2.30905
41.22,2.29985,2.30235
41.23,2.29974,2.30321
41.24,2.29727,2.3043
41.25,2.3048,2.3071
41.26,2.29987,2.31141
41.27,2.30283,2.3078
41.28,2.29442,2.29545
41.29,2.29529,2.3035
41.3,2.29788,2.29798
41.31,2.29737,2.30005
41.32,2.30026,2.30022
41.33,2.30156,2.30742
41.34,2.29889,2.307
41.35,2.30099,2.29595
41.36,2.29515,2.3072
41.37,2.3019,2.3041
41.38,2.30175,2.30294
41.39,2.30497,2.29867
41.4,2.30626,2.29961
41.41,2.30366,2.29343
41.42,2.30597,2.30719
41.43,2.30374,2.30022
41.44,2.29989,2.30849
41.45,2.30697,2.3001
41.46,2.31201,2.30776
41.47,2.29228,2.30154
41.48,2.30061,2.30487
41.49,2.30265,2.30417
41.5,2.30038,2.3019
41.51,2.29592,2.29891
41.52,2.30216,2.30735
41.53,2.30395,2.3052
41.54,2.2911,2.30247
41.55,2.29982,2.29716
41.56,2.29897,2.29442
41.57,2.2995,2.3048
41.58,2.29819,2.30274
41.59,2.30527,2.29806
41.6,2.30501,2.29852
41.61,2.30307,2.30459
41.62,2.29686,2.3078
41.63,2.29461,2.30369
41.64,2.31025,2.29243
41.65,2.30633,2.29771
41.66,2.3071,2.29763
41.67,2.30397,2.29853
41.68,2.30116,2.31132
41.69,2.30186,2.29643
41.7,2.30191,2.30488
41.71,2.29653,2.30755
41.72,2.30611,2.30537
41.73,2.30882,2.31076
41.74,2.30842,2.30581
41.75,2.31028,2.30161
41.76,2.31254,2.30746
41.77,2.30832,2.30982
41.78,2.30729,2.30681
41.79,2.29918,2.30159
41.8,2.29723,2.30151
41.81,2.29765,2.30408
41.82,2.30506,2.30428
41.83,2.29175,2.29815
41.84,2.29641,2.29723
41.85,2.29477,2.29771
41.86,2.29707,2.30362
41.87,2.29019,2.29843
41.88,2.30073,2.30221
41.89,2.29365,2.29746
41.9,2.29563,2.30109
41.91,2.30304,2.30356
41.92,2.30445,2.30999
41.93,2.29968,2.30523
41.94,2.30504,2.30773
41.95,2.29668,2.30733
41.96,2.2964,2.31083
41.97,2.29131,2.30679
41.98,2.29175,2.30171
41.99,2.29263,2.3033
42.0,2.29131,2.29557
42.01,2.29734,2.30613
42.02,2.29163,2.29652
42.03,2.29608,2.30716
42.04,2.30102,2.30669
42.05,2.29742,2.30809
42.06,2.29382,2.3036
42.07,2.2955,2.30087
42.08,2.29568,2.30815
42.09,2.29879,2.29652
42.1,2.28918,2.30933
42.11,2.30633,2.30392
42.12,2.30076,2.30575
42.13,2.29357,2.29951
42.14,2.29869,2.29619
42.15,2.29043,2.30818
42.16,2.29478,2.30646
42.17,2.29258,2.30159
42.18,2.29728,2.30705
42.19,2.3039,2.30106
42.2,2.30458,2.30622
42.21,2.31177,2.29309
42.22,2.29769,2.30404
42.23,2.30888,2.30603
42.24,2.30079,2.31081
42.25,2.30355,2.3006
42.26,2.30782,2.30532
42.27,2.30195,2.30553
42.28,2.29983,2.30054
42.29,2.30473,2.30509
42.3,2.29801,2.30758
42.31,2.29734,2.30197
42.32,2.30439,2.30081
42.33,2.30005,2.30592
42.34,2.30191,2.30731
42.35,2.29839,2.30951
42.36,2.30219,2.30045
42.37,2.30361,2.30977
42.38,2.30422,2.30255
42.39,2.29277,2.30884
42.4,2.29178,2.31257
42.41,2.29249,2.3127
42.42,2.2987,2.31769
42.43,2.30496,2.31085
42.44,2.29966,2.3127
42.45,2.30306,2.30726
42.46,2.30136,2.29998
42.47,2.29424,2.30337
42.48,2.30352,2.29656
42.49,2.30299,2.29629
42.5,2.30245,2.30205
42.51,2.30297,2.29803
42.52,2.2946,2.30767
42.53,2.30281,2.30891
42.54,2.29921,2.3051
42.55,2.30023,2.30141
42.56,2.30143,2.29804
42.57,2.30221,2.30357
42.58,2.30134,2.3085
42.59,2.29726,2.30672
42.6,2.30334,2.31118
42.61,2.30445,2.30715
42.62,2.30239,2.30838
42.63,2.29615,2.31082
42.64,2.30533,2.30931
42.65,2.29696,2.3099
42.66,2.30288,2.30677
42.67,2.30039,2.31301
42.68,2.30713,2.31317
42.69,2.30168,2.31108
42.7,2.30085,2.31532
42.71,2.30381,2.30797
42.72,2.30647,2.31046
42.73,2.29368,2.31382
42.74,2.30015,2.31254
42.75,2.29957,2.31143
42.76,2.2995,2.30775
42.77,2.30056,2.3116
42.78,2.29854,2.31731
42.79,2.29419,2.30872
42.8,2.29537,2.31065
42.81,2.30178,2.31457
42.82,2.29755,2.30891
42.83,2.29688,2.31019
42.84,2.29763,2.31098
42.85,2.30178,2.31832
42.86,2.30075,2.30981
42.87,2.29485,2.31635
42.88,2.29603,2.31511
42.89,2.30132,2.31886
42.9,2.2993,2.31461
42.91,2.29549,2.31214
42.92,2.29745,2.30043
42.93,2.2978,2.30916
42.94,2.29537,2.30931
42.95,2.29938,2.30201
42.96,2.29086,2.30579
42.97,2.30333,2.30288
42.98,2.29902,2.29364
42.99,2.29692,2.3019
43.0,2.30269,2.29688
43.01,2.30209,2.3008
43.02,2.29501,2.29923
43.03,2.30283,2.30187
43.04,2.30146,2.30388
43.05,2.2978,2.29568
43.06,2.29912,2.29564
43.07,2.29258,2.30189
43.08,2.29981,2.30268
43.09,2.29571,2.30009
43.1,2.29776,2.30431
43.11,2.29426,2.30279
43.12,2.29936,2.29829
43.13,2.30014,2.31004
43.14,2.29943,2.30422
43.15,2.2945,2.30804
43.16,2.30583,2.30993
43.17,2.30695,2.30253
43.18,2.30412,2.31116
43.19,2.29698,2.3037
43.2,2.30362,2.2965
43.21,2.30606,2.3012
43.22,2.30358,2.29239
43.23,2.29867,2.29594
43.24,2.30906,2.30193
43.25,2.3056,2.29714
43.26,2.30388,2.30024
43.27,2.30178,2.30123
43.28,2.29705,2.29316
43.29,2.30318,2.30521
43.3,2.29736,2.2991
43.31,2.29718,2.30046
43.32,2.30281,2.30921
43.33,2.29723,2.3061
43.34,2.29895,2.30166
43.35,2.29887,2.30246
43.36,2.29345,2.30229
43.37,2.2965,2.30947
43.38,2.29699,2.29626
43.39,2.2905,2.30793
43.4,2.28961,2.30843
43.41,2.28772,2.3062
43.42,2.28634,2.30583
43.43,2.28611,2.31354
43.44,2.29222,2.30794
43.45,2.29162,2.30731
43.46,2.29425,2.30486
43.47,2.29738,2.30042
43.48,2.29442,2.30285
43.49,2.2979,2.30774
43.5,2.29162,2.30477
43.51,2.2964,2.3165
43.52,2.30028,2.31026
43.53,2.29959,2.30477
43.54,2.2892,2.31089
43.55,2.29098,2.31607
43.56,2.29933,2.31336
43.57,2.2935,2.30933
43.58,2.29342,2.30329
43.59,2.29054,2.30307
43.6,2.29175,2.3089
43.61,2.28749,2.30133
43.62,2.29082,2.30363
43.63,2.28503,2.30719
43.64,2.2949,2.30068
43.65,2.29152,2.30166
43.66,2.28875,2.30498
43.67,2.29016,2.30083
43.68,2.29208,2.31539
43.69,2.29817,2.30097
43.7,2.29409,2.30578
43.71,2.29267,2.30599
43.72,2.28999,2.3052
43.73,2.29339,2.30645
43.74,2.29443,2.30377
43.75,2.29622,2.30231
43.76,2.29707,2.31024
43.77,2.29454,2.31295
43.78,2.2885,2.31283
43.79,2.29405,2.29983
43.8,2.299,2.31178
43.81,2.29624,2.31294
43.82,2.29678,2.30928
43.83,2.3023,2.31324
43.84,2.3075,2.32244
43.85,2.2997,2.31324
43.86,2.29643,2.31544
43.87,2.29753,2.31256
43.88,2.29893,2.3137
43.89,2.29707,2.31717
43.9,2.3004,2.31379
43.91,2.30384,2.3122
43.92,2.2983,2.30391
43.93,2.29652,2.3088
43.94,2.29762,2.31289
43.95,2.29727,2.31453
43.96,2.29791,2.31052
43.97,2.29594,2.3108
43.98,2.29665,2.30746
43.99,2.29487,2.29859
44.0,2.29721,2.30859
44.01,2.29182,2.30914
44.02,2.29543,2.30975
44.03,2.29393,2.30609
44.04,2.29666,2.30604
44.05,2.29434,2.31948
44.06,2.29952,2.30751
44.07,2.29758,2.31529
44.08,2.29591,2.3128
44.09,2.30078,2.31134
44.1,2.30073,2.30854
44.11,2.29435,2.30699
44.12,2.3034,2.31514
44.13,2.30377,2.29971
44.14,2.3046,2.3117
44.15,2.29874,2.30303
44.16,2.29722,2.31386
44.17,2.30472,2.30814
44.18,2.29922,2.31104
44.19,2.29672,2.31258
44.2,2.30503,2.3097
44.21,2.30934,2.30877
44.22,2.29891,2.30174
44.23,2.29531,2.30918
44.24,2.30392,2.30881
44.25,2.30102,2.31414
44.26,2.30231,2.30763
44.27,2.3013,2.3136
44.28,2.29674,2.30982
44.29,2.30407,2.30801
44.3,2.30908,2.30102
44.31,2.29685,2.31815
44.32,2.29637,2.30754
44.33,2.30125,2.30236
44.34,2.30827,2.30511
44.35,2.29908,2.31392
44.36,2.30963,2.31157
44.37,2.29991,2.31362
44.38,2.30354,2.31348
44.39,2.29584,2.31524
44.4,2.29486,2.3143
44.41,2.30043,2.3143
44.42,2.30203,2.31297
44.43,2.29978,2.31116
44.44,2.29356,2.3054
44.45,2.29527,2.30565
44.46,2.30493,2.31094
44.47,2.29771,2.30832
44.48,2.29008,2.31078
44.49,2.29615,2.30792
44.5,2.3006,2.30431
44.51,2.2981,2.30475
44.52,2.30183,2.30002
44.53,2.29951,2.30449
44.54,2.30591,2.30623
44.55,2.3088,2.31479
44.56,2.30384,2.30617
44.57,2.30912,2.31085
44.58,2.29633,2.31177
44.59,2.3119,2.31381
44.6,2.30349,2.31077
44.61,2.3118,2.30499
44.62,2.30482,2.31229
44.63,2.29859,2.31171
44.64,2.29581,2.31436
44.65,2.29545,2.31237
44.66,2.29998,2.31043
44.67,2.3002,2.30429
44.68,2.30242,2.30948
44.69,2.30388,2.30656
44.7,2.29471,2.29881
44.71,2.29683,2.30609
44.72,2.29747,2.31079
44.73,2.29938,2.3064
44.74,2.30208,2.30516
44.75,2.29523,2.30148
44.76,2.2954,2.30463
44.77,2.29207,2.30528
44.78,2.29964,2.30188
44.79,2.2978,2.29958
44.8,2.29107,2.29611
44.81,2.28988,2.30548
44.82,2.28854,2.31177
44.83,2.29033,2.29879
44.84,2.2953,2.29487
44.85,2.28888,2.29632
44.86,2.29166,2.29901
44.87,2.29944,2.30651
44.88,2.2965,2.30844
44.89,2.29467,2.30576
44.9,2.29425,2.31049
44.91,2.29611,2.30074
44.92,2.2984,2.31
44.93,2.30415,2.30416
44.94,2.29596,2.30386
44.95,2.29243,2.30764
44.96,2.28742,2.29826
44.97,2.29642,2.30732
44.98,2.29458,2.3089
44.99,2.30037,2.30171
45.0,2.29391,2.29399
45.01,2.30332,2.30062
45.02,2.29308,2.2986
45.03,2.31087,2.30962
45.04,2.30578,2.30247
45.05,2.29937,2.29511
45.06,2.30849,2.29933
45.07,2.30189,2.2987
45.08,2.30569,2.30155
45.09,2.29738,2.31349
45.1,2.29722,2.3008
45.11,2.29493,2.29853
45.12,2.29526,2.29525
45.13,2.29306,2.30453
45.14,2.29598,2.30017
45.15,2.29611,2.30571
45.16,2.28954,2.30253
45.17,2.29248,2.29998
45.18,2.29394,2.30058
45.19,2.29598,2.3021
45.2,2.29653,2.30878
45.21,2.29614,2.30161
45.22,2.28705,2.30326
45.23,2.29349,2.30649
45.24,2.29143,2.2995
45.25,2.29187,2.30203
45.26,2.29105,2.30324
45.27,2.29315,2.30131
45.28,2.2924,2.30016
45.29,2.30322,2.30754
45.3,2.30136,2.3021
45.31,2.29812,2.3038
45.32,2.30705,2.29904
45.33,2.29374,2.30297
45.34,2.30048,2.30299
45.35,2.29491,2.30607
45.36,2.29975,2.30701
45.37,2.30133,2.29858
45.38,2.30349,2.30322
45.39,2.30189,2.31032
45.4,2.3019,2.30184
45.41,2.29931,2.31091
45.42,2.30353,2.30361
45.43,2.29925,2.3045
45.44,2.30456,2.30395
45.45,2.29972,2.30485
45.46,2.29497,2.30251
45.47,2.29273,2.31352
45.48,2.29682,2.3143
45.49,2.30028,2.30393
45.5,2.29902,2.30496
45.51,2.30385,2.30937
45.52,2.30146,2.30517
45.53,2.30306,2.30794
45.54,2.29838,2.30842
45.55,2.29888,2.29656
45.56,2.30179,2.31055
45.57,2.30183,2.31203
45.58,2.30007,2.31864
45.59,2.30362,2.30796
45.6,2.29501,2.30638
45.61,2.29486,2.30555
45.62,2.29792,2.31139
45.63,2.29144,2.31043
45.64,2.29825,2.30631
45.65,2.30264,2.30931
45.66,2.29407,2.30306
45.67,2.29584,2.31037
45.68,2.28611,2.31385
45.69,2.30285,2.30824
45.7,2.29304,2.31261
45.71,2.2965,2.29963
45.72,2.29725,2.29626
45.73,2.29281,2.30927
45.74,2.29863,2.31474
45.75,2.29815,2.3114
45.76,2.30073,2.31279
45.77,2.30273,2.30398
45.78,2.30082,2.31903
45.79,2.29863,2.31788
45.8,2.30379,2.30889
45.81,2.30441,2.30944
45.82,2.29445,2.30873
45.83,2.3017,2.31335
45.84,2.29455,2.31034
45.85,2.29842,2.31281
45.86,2.29553,2.30244
45.87,2.29431,2.3189
45.88,2.29449,2.3131
45.89,2.30401,2.30921
45.9,2.30566,2.31272
45.91,2.30402,2.30381
45.92,2.30004,2.30697
45.93,2.30502,2.30294
45.94,2.29582,2.30868
45.95,2.3047,2.30847
45.96,2.29381,2.31625
45.97,2.28719,2.31186
45.98,2.29742,2.30803
45.99,2.2995,2.30048
46.0,2.29393,2.30592
46.01,2.29568,2.31248
46.02,2.29332,2.30474
46.03,2.29615,2.2997
46.04,2.29739,2.30273
46.05,2.29466,2.30841
46.06,2.29769,2.3067
46.07,2.29312,2.2993
46.08,2.28899,2.30879
46.09,2.292,2.30019
46.1,2.29155,2.30647
46.11,2.28792,2.30781
46.12,2.29112,2.31089
46.13,2.29193,2.30825
46.14,2.29114,2.31474
46.15,2.28085,2.31584
46.16,2.29092,2.30578
46.17,2.29606,2.30565
46.18,2.28825,2.30556
46.19,2.2925,2.30953
46.2,2.29599,2.30599
46.21,2.29558,2.30552
46.22,2.2911,2.30748
46.23,2.29144,2.31399
46.24,2.28739,2.31312
46.25,2.29317,2.30985
46.26,2.29845,2.32678
46.27,2.30485,2.30372
46.28,2.30045,2.31626
46.29,2.29573,2.31716
46.3,2.29465,2.30836
46.31,2.29805,2.307
46.32,2.29487,2.31011
46.33,2.29077,2.30416
46.34,2.29416,2.31231
46.35,2.29671,2.31001
46.36,2.3037,2.30925
46.37,2.29652,2.3042
46.38,2.29476,2.30412
46.39,2.30004,2.30177
46.4,2.2963,2.30521
46.41,2.29436,2.29843
46.42,2.29217,2.29976
46.43,2.29007,2.29716
46.44,2.29002,2.30383
46.45,2.28886,2.30065
46.46,2.29326,2.30255
46.47,2.28962,2.29812
46.48,2.29843,2.30286
46.49,2.29059,2.30403
46.5,2.29853,2.31388
46.51,2.29185,2.3024
46.52,2.2997,2.30353
46.53,2.29579,2.31172
46.54,2.29175,2.30246
46.55,2.29678,2.30607
46.56,2.29133,2.30391
46.57,2.29124,2.30946
46.58,2.29091,2.30523
46.59,2.28841,2.30117
46.6,2.29264,2.30743
46.61,2.28868,2.30236
46.62,2.29789,2.31274
46.63,2.29142,2.30224
46.64,2.29535,2.31338
46.65,2.29961,2.3097
46.66,2.29247,2.31532
46.67,2.29558,2.30001
46.68,2.30027,2.3067
46.69,2.29946,2.31169
46.7,2.29634,2.31444
46.71,2.28637,2.30474
46.72,2.29805,2.31262
46.73,2.29336,2.32007
46.74,2.29826,2.31007
46.75,2.29477,2.31127
46.76,2.30175,2.30542
46.77,2.30186,2.30777
46.78,2.2997,2.31274
46.79,2.30513,2.31246
46.8,2.29878,2.31214
46.81,2.30096,2.3063
46.82,2.30732,2.3137
46.83,2.29657,2.30675
46.84,2.30003,2.3056
46.85,2.2981,2.29901
46.86,2.29663,2.29902
46.87,2.28778,2.29451
46.88,2.28977,2.30811
46.89,2.29328,2.30533
46.9,2.28989,2.30283
46.91,2.29098,2.30401
46.92,2.29733,2.30541
46.93,2.29178,2.30928
46.94,2.29171,2.31509
46.95,2.28429,2.30786
46.96,2.28711,2.31927
46.97,2.28953,2.31179
46.98,2.28951,2.31472
46.99,2.28868,2.30951
47.0,2.28888,2.31821
47.01,2.29083,2.31095
47.02,2.29191,2.30859
47.03,2.29129,2.30948
47.04,2.29742,2.3133
47.05,2.29817,2.3218
47.06,2.29375,2.31408
47.07,2.29984,2.30782
47.08,2.29426,2.29769
47.09,2.29139,2.30864
47.1,2.29876,2.31402
47.11,2.2957,2.31337
47.12,2.29477,2.31117
47.13,2.29464,2.3133
47.14,2.29084,2.30199
47.15,2.29618,2.29993
47.16,2.29552,2.29554
47.17,2.29073,2.30408
47.18,2.29283,2.30207
47.19,2.29208,2.30023
47.2,2.29292,2.29987
47.21,2.28994,2.30906
47.22,2.29365,2.30163
47.23,2.29943,2.30271
47.24,2.29335,2.3038
47.25,2.29002,2.30621
47.26,2.2893,2.30558
47.27,2.29926,2.30552
47.28,2.28641,2.30533
47.29,2.29464,2.3055
47.3,2.28963,2.30882
47.31,2.29914,2.30932
47.32,2.29491,2.31244
47.33,2.29679,2.3036
47.34,2.29714,2.30961
47.35,2.29497,2.30424
47.36,2.29527,2.31335
47.37,2.29653,2.31203
47.38,2.30461,2.31129
47.39,2.30002,2.31083
47.4,2.29783,2.31546
47.41,2.29389,2.31891
47.42,2.29206,2.30394
47.43,2.29226,2.30673
47.44,2.28973,2.30605
47.45,2.29887,2.31848
47.46,2.30119,2.3205
47.47,2.29403,2.31342
47.48,2.29421,2.31292
47.49,2.29809,2.30723
47.5,2.29519,2.31482
47.51,2.29436,2.30643
47.52,2.29892,2.31211
47.53,2.29589,2.30954
47.54,2.29261,2.31398
47.55,2.28522,2.31315
47.56,2.29806,2.30534
47.57,2.29751,2.31088
47.58,2.29967,2.3013
47.59,2.29781,2.31051
47.6,2.29531,2.3065
47.61,2.2991,2.31426
47.62,2.29502,2.31847
47.63,2.29899,2.31301
47.64,2.29811,2.30683
47.65,2.29835,2.31484
47.66,2.29281,2.30844
47.67,2.29432,2.31359
47.68,2.30182,2.32292
47.69,2.29399,2.31921
47.7,2.29429,2.30872
47.71,2.29568,2.30894
47.72,2.29336,2.30064
47.73,2.28798,2.30505
47.74,2.29354,2.31149
47.75,2.29151,2.3094
47.76,2.28502,2.30743
47.77,2.29036,2.30219
47.78,2.29061,2.31163
47.79,2.2898,2.32083
47.8,2.28951,2.30627
47.81,2.28666,2.32271
47.82,2.29084,2.31896
47.83,2.29032,2.31138
47.84,2.28952,2.31281
47.85,2.29505,2.31765
47.86,2.28537,2.31899
47.87,2.2913,2.31675
47.88,2.29205,2.31864
47.89,2.2893,2.31387
47.9,2.28927,2.32101
47.91,2.28691,2.31552
47.92,2.28941,2.31732
47.93,2.29074,2.31111
47.94,2.29632,2.30604
47.95,2.28387,2.30656
47.96,2.2893,2.31154
47.97,2.28849,2.31432
47.98,2.28961,2.30301
47.99,2.29933,2.31345
48.0,2.29592,2.31225
48.01,2.29183,2.3111
48.02,2.29581,2.31026
48.03,2.297,2.30956
48.04,2.29045,2.30335
48.05,2.2995,2.30529
48.06,2.29123,2.29895
48.07,2.29613,2.30929
48.08,2.30038,2.3148
48.09,2.29323,2.3128
48.1,2.2879,2.30065
48.11,2.29419,2.30538
48.12,2.29379,2.318
48.13,2.28886,2.31387
48.14,2.29465,2.30628
48.15,2.28503,2.31034
48.16,2.28953,2.3052
48.17,2.28663,2.30584
48.18,2.28951,2.30571
48.19,2.29069,2.3092
48.2,2.29247,2.30783
48.21,2.29528,2.30891
48.22,2.28684,2.30049
48.23,2.29792,2.30318
48.24,2.2909,2.29718
48.25,2.28814,2.30608
48.26,2.29086,2.31464
48.27,2.28931,2.2979
48.28,2.2887,2.30714
48.29,2.29057,2.31238
48.3,2.29,2.31196
48.31,2.29127,2.30718
48.32,2.28671,2.30643
48.33,2.28891,2.31211
48.34,2.29375,2.3061
48.35,2.29329,2.31362
48.36,2.29001,2.30731
48.37,2.29532,2.31813
48.38,2.28832,2.30718
48.39,2.28915,2.30595
48.4,2.28661,2.3129
48.41,2.28741,2.30998
48.42,2.28621,2.31157
48.43,2.28882,2.30461
48.44,2.28422,2.31162
48.45,2.2879,2.30778
48.46,2.29059,2.3149
48.47,2.29197,2.31514
48.48,2.29631,2.31393
48.49,2.30308,2.31205
48.5,2.29535,2.30723
48.51,2.30475,2.31495
48.52,2.29839,2.31414
48.53,2.29275,2.30932
48.54,2.29916,2.31156
48.55,2.3045,2.31313
48.56,2.30802,2.31103
48.57,2.30188,2.30932
48.58,2.29535,2.29838
48.59,2.29649,2.31364
48.6,2.29342,2.30594
48.61,2.29265,2.3103
48.62,2.28896,2.31254
48.63,2.28857,2.31206
48.64,2.29492,2.31449
48.65,2.29317,2.30072
48.66,2.29388,2.30669
48.67,2.29154,2.31671
48.68,2.29403,2.31145
48.69,2.30555,2.30793
48.7,2.30177,2.31262
48.71,2.29811,2.3149
48.72,2.29694,2.30926
48.73,2.28821,2.31164
48.74,2.28642,2.30839
48.75,2.29184,2.30812
48.76,2.29116,2.30073
48.77,2.29928,2.31083
48.78,2.29192,2.30976
48.79,2.29853,2.31501
48.8,2.29654,2.31454
48.81,2.29625,2.31735
48.82,2.29678,2.31677
48.83,2.29105,2.31587
48.84,2.2865,2.31138
48.85,2.29243,2.30942
48.86,2.29259,2.31282
48.87,2.30133,2.31748
48.88,2.2944,2.3108
48.89,2.29818,2.30294
48.9,2.29609,2.32199
48.91,2.29736,2.30928
48.92,2.29861,2.30815
48.93,2.30211,2.31343
48.94,2.29645,2.30238
48.95,2.30459,2.30232
48.96,2.30113,2.29728
48.97,2.30458,2.30595
48.98,2.30536,2.30784
48.99,2.30326,2.30823
49.0,2.29609,2.29904
49.01,2.29994,2.29925
49.02,2.29569,2.30972
49.03,2.29722,2.30745
49.04,2.29531,2.30196
49.05,2.29193,2.30523
49.06,2.28719,2.31195
49.07,2.29192,2.30847
49.08,2.29809,2.30404
49.09,2.29928,2.31182
49.1,2.30306,2.31218
49.11,2.30665,2.3077
49.12,2.30445,2.31018
49.13,2.29801,2.31332
49.14,2.3031,2.30707
49.15,2.29872,2.30432
49.16,2.31052,2.31056
49.17,2.30643,2.30815
49.18,2.30552,2.30166
49.19,2.29717,2.31361
49.2,2.30262,2.30316
49.21,2.30222,2.31064
49.22,2.30818,2.30254
49.23,2.29601,2.31183
49.24,2.30503,2.31235
49.25,2.2946,2.31067
49.26,2.29773,2.31049
49.27,2.2935,2.31635
49.28,2.29422,2.31614
49.29,2.28957,2.31223
49.3,2.30023,2.31291
49.31,2.29754,2.31537
49.32,2.29852,2.31093
49.33,2.29953,2.3067
49.34,2.2962,2.30856
49.35,2.29058,2.32255
49.36,2.29037,2.31522
49.37,2.29033,2.3139
49.38,2.30117,2.31716
49.39,2.3022,2.3181
49.4,2.2994,2.3166
49.41,2.30171,2.31144
49.42,2.30359,2.31129
49.43,2.2966,2.31313
49.44,2.30131,2.30667
49.45,2.30171,2.30353
49.46,2.29458,2.30153
49.47,2.29633,2.30772
49.48,2.29495,2.30681
49.49,2.28872,2.31245
49.5,2.29969,2.3065
49.51,2.29317,2.30433
49.52,2.30482,2.29888
49.53,2.29933,2.31317
49.54,2.2973,2.30947
49.55,2.29869,2.30609
49.56,2.29193,2.30809
49.57,2.29499,2.30527
49.58,2.29934,2.30583
49.59,2.29706,2.29641
49.6,2.30239,2.298
49.61,2.30351,2.30144
49.62,2.29916,2.30459
49.63,2.29924,2.31106
49.64,2.29871,2.30907
49.65,2.29345,2.30966
49.66,2.30897,2.30043
49.67,2.30533,2.30089
49.68,2.29861,2.30967
49.69,2.30177,2.30292
49.7,2.29572,2.30094
49.71,2.2937,2.30251
49.72,2.29192,2.31337
49.73,2.29444,2.30296
49.74,2.29627,2.30962
49.75,2.29599,2.30413
49.76,2.29679,2.30154
49.77,2.2925,2.30255
49.78,2.29823,2.30746
49.79,2.3018,2.29994
49.8,2.29279,2.31119
49.81,2.29739,2.30802
49.82,2.29955,2.30283
49.83,2.3005,2.30666
49.84,2.29726,2.30866
49.85,2.29348,2.30618
49.86,2.29925,2.31615
49.87,2.30094,2.30942
49.88,2.30172,2.30973
49.89,2.30079,2.29688
49.9,2.2987,2.31362
49.91,2.2937,2.31097
49.92,2.30107,2.31772
49.93,2.3055,2.3128
49.94,2.30258,2.31334
49.95,2.30157,2.30565
49.96,2.3016,2.30993
49.97,2.30062,2.31406
49.98,2.30272,2.30144
49.99,2.29551,2.30907
50.0,2.29942,2.3103
50.01,2.29394,2.31348
50.02,2.29908,2.31296
50.03,2.29199,2.29796
50.04,2.30442,2.30893
50.05,2.29648,2.30546
50.06,2.30139,2.3143
50.07,2.30421,2.31122
50.08,2.29721,2.32112
50.09,2.29942,2.3138
50.1,2.29561,2.3006
50.11,2.29742,2.30642
50.12,2.29905,2.31892
50.13,2.30085,2.3188
50.14,2.30369,2.31363
50.15,2.28991,2.3075
50.16,2.2926,2.31143
50.17,2.29393,2.3065
50.18,2.29736,2.30899
50.19,2.28917,2.31338
50.2,2.29137,2.3048
50.21,2.30283,2.30353
50.22,2.30057,2.31164
50.23,2.29697,2.30965
50.24,2.29755,2.31116
50.25,2.29939,2.31753
50.26,2.30203,2.30962
50.27,2.30189,2.30891
50.28,2.30573,2.31006
50.29,2.30093,2.30708
50.3,2.30488,2.30185
50.31,2.29465,2.3013
50.32,2.29756,2.30486
50.33,2.29894,2.29799
50.34,2.29111,2.30567
50.35,2.30054,2.30574
50.36,2.29587,2.30216
50.37,2.30462,2.31248
50.38,2.30658,2.30259
50.39,2.30343,2.30468
50.4,2.29972,2.29959
50.41,2.30824,2.30918
50.42,2.30083,2.30845
50.43,2.30591,2.30437
50.44,2.2994,2.30143
50.45,2.30299,2.30125
50.46,2.30653,2.29928
50.47,2.3001,2.30549
50.48,2.29626,2.31023
50.49,2.29887,2.31486
50.5,2.30453,2.31153
50.51,2.29508,2.31299
50.52,2.29623,2.31238
50.53,2.30233,2.30525
50.54,2.30453,2.31326
50.55,2.29944,2.31318
50.56,2.30399,2.31132
50.57,2.29825,2.30725
50.58,2.29825,2.30053
50.59,2.29823,2.30799
50.6,2.3065,2.30194
50.61,2.30081,2.31631
50.62,2.30151,2.30982
50.63,2.29145,2.31108
50.64,2.29833,2.30803
50.65,2.2936,2.30097
50.66,2.29752,2.30396
50.67,2.29702,2.30902
50.68,2.29933,2.3072
50.69,2.296,2.31088
50.7,2.29151,2.31231
50.71,2.29792,2.31099
50.72,2.29266,2.30621
50.73,2.29338,2.31638
50.74,2.29568,2.31048
50.75,2.29028,2.30136
50.76,2.29436,2.30307
50.77,2.29301,2.30793
50.78,2.30331,2.30077
50.79,2.29369,2.30858
50.8,2.29342,2.31079
50.81,2.29429,2.30641
50.82,2.28771,2.30542
50.83,2.29702,2.31434
50.84,2.29247,2.31052
50.85,2.29198,2.3067
50.86,2.29694,2.30788
50.87,2.28594,2.30643
50.88,2.28922,2.29685
50.89,2.29181,2.30378
50.9,2.29763,2.29941
50.91,2.29951,2.30952
50.92,2.2911,2.2991
50.93,2.29383,2.30212
50.94,2.29461,2.30344
50.95,2.28458,2.31097
50.96,2.29302,2.31581
50.97,2.29128,2.32117
50.98,2.29357,2.31878
50.99,2.29289,2.30305
51.0,2.2945,2.30717
51.01,2.28558,2.30736
51.02,2.29789,2.31558
51.03,2.29772,2.31625
51.04,2.2915,2.31069
51.05,2.29692,2.3158
51.06,2.29521,2.31103
51.07,2.29738,2.31048
51.08,2.29563,2.31228
51.09,2.29188,2.30025
51.1,2.29057,2.30268
51.11,2.28836,2.30761
51.12,2.291,2.30881
51.13,2.28844,2.30951
51.14,2.28788,2.30889
51.15,2.29456,2.31574
51.16,2.28989,2.30486
51.17,2.28715,2.3038
51.18,2.29306,2.30237
51.19,2.3012,2.30722
51.2,2.29391,2.30561
51.21,2.29387,2.30126
51.22,2.29154,2.31777
51.23,2.29088,2.30909
51.24,2.29151,2.29801
51.25,2.29189,2.30918
51.26,2.29861,2.30499
51.27,2.29024,2.30777
51.28,2.29424,2.29584
51.29,2.29736,2.29889
51.3,2.30116,2.31056
51.31,2.2955,2.30868
51.32,2.29713,2.30623
51.33,2.29363,2.30923
51.34,2.29112,2.30512
51.35,2.29,2.30038
51.36,2.29462,2.3035
51.37,2.29453,2.30914
51.38,2.28987,2.30701
51.39,2.2911,2.31092
51.4,2.29426,2.30909
51.41,2.29418,2.3109
51.42,2.29706,2.31032
51.43,2.29328,2.30584
51.44,2.30083,2.31215
51.45,2.30146,2.30874
51.46,2.30195,2.31662
51.47,2.30013,2.3159
51.48,2.30048,2.31356
51.49,2.2979,2.30937
51.5,2.30665,2.30601
51.51,2.30008,2.30885
51.52,2.30128,2.3091
51.53,2.30076,2.31048
51.54,2.30296,2.3153
51.55,2.29361,2.30381
51.56,2.2964,2.30185
51.57,2.29635,2.30878
51.58,2.2986,2.30345
51.59,2.29087,2.30824
51.6,2.29793,2.31803
51.61,2.29267,2.31508
51.62,2.29992,2.3134
51.63,2.29249,2.30965
51.64,2.29512,2.31343
51.65,2.29097,2.31617
51.66,2.29482,2.31414
51.67,2.29625,2.31803
51.68,2.3022,2.32015
51.69,2.29994,2.31074
51.7,2.30485,2.30388
51.71,2.29742,2.30663
51.72,2.29875,2.30283
51.73,2.29844,2.30471
51.74,2.29649,2.30779
51.75,2.29827,2.31688
51.76,2.30508,2.32136
51.77,2.29621,2.30964
51.78,2.28851,2.31974
51.79,2.28972,2.31312
51.8,2.29585,2.31672
51.81,2.28804,2.30658
51.82,2.29579,2.30812
51.83,2.29636,2.31051
51.84,2.28711,2.31369
51.85,2.28863,2.31508
51.86,2.289,2.30531
51.87,2.28707,2.3051
51.88,2.28601,2.31354
51.89,2.27909,2.304
51.9,2.28681,2.30276
51.91,2.28207,2.31344
51.92,2.29348,2.30617
51.93,2.29297,2.30154
51.94,2.28372,2.30778
51.95,2.29261,2.31661
51.96,2.29457,2.30758
51.97,2.29772,2.31403
51.98,2.29422,2.30503
51.99,2.2951,2.31124
52.0,2.29168,2.31495
52.01,2.29073,2.31358
52.02,2.29213,2.30537
52.03,2.30095,2.31296
52.04,2.29439,2.31306
52.05,2.29311,2.32055
52.06,2.2968,2.30408
52.07,2.29336,2.29933
52.08,2.29296,2.30447
52.09,2.29892,2.31325
52.1,2.29681,2.31324
52.11,2.29187,2.30959
52.12,2.28877,2.31412
52.13,2.2959,2.30947
52.14,2.30074,2.30529
52.15,2.29257,2.30888
52.16,2.28749,2.31401
52.17,2.2895,2.32413
52.18,2.29371,2.31932
52.19,2.30021,2.31058
52.2,2.29665,2.30222
52.21,2.29958,2.31483
52.22,2.29184,2.31066
52.23,2.30049,2.31482
52.24,2.29351,2.31214
52.25,2.29278,2.31546
52.26,2.29769,2.30945
52.27,2.30305,2.32029
52.28,2.29283,2.32002
52.29,2.30314,2.31535
52.3,2.29881,2.3178
52.31,2.30047,2.30722
52.32,2.29728,2.31261
52.33,2.29651,2.31413
52.34,2.29329,2.30764
52.35,2.29378,2.30437
52.36,2.29574,2.30573
52.37,2.28931,2.30261
52.38,2.28407,2.30946
52.39,2.29007,2.3053
52.4,2.30112,2.30822
52.41,2.2983,2.30714
52.42,2.29632,2.30357
52.43,2.29708,2.30205
52.44,2.29275,2.30088
52.45,2.29864,2.30715
52.46,2.29401,2.31341
52.47,2.28871,2.29931
52.48,2.297,2.30561
52.49,2.29867,2.3077
52.5,2.28988,2.30171
52.51,2.2958,2.30773
52.52,2.2978,2.30379
52.53,2.29547,2.29806
52.54,2.30308,2.30627
52.55,2.29711,2.30417
52.56,2.29336,2.31198
52.57,2.29214,2.31072
52.58,2.29418,2.30287
52.59,2.29901,2.30248
52.6,2.29417,2.30844
52.61,2.29559,2.30541
52.62,2.29951,2.3068
52.63,2.29564,2.31191
52.64,2.30067,2.31384
52.65,2.29668,2.30426
52.66,2.29518,2.31266
52.67,2.29842,2.31947
52.68,2.2898,2.30456
52.69,2.29452,2.30239
52.7,2.2955,2.30423
52.71,2.30013,2.31175
52.72,2.29907,2.31079
52.73,2.30043,2.3061
52.74,2.30325,2.30606
52.75,2.29388,2.30556
52.76,2.29431,2.30956
52.77,2.29875,2.3055
52.78,2.29605,2.3044
52.79,2.29453,2.31128
52.8,2.2943,2.30782
52.81,2.29572,2.30909
52.82,2.29606,2.30387
52.83,2.29556,2.30429
52.84,2.2952,2.31143
52.85,2.29853,2.30664
52.86,2.2932,2.30605
52.87,2.29739,2.30923
52.88,2.29835,2.30727
52.89,2.29817,2.30206
52.9,2.3008,2.30442
52.91,2.3028,2.30532
52.92,2.30121,2.31278
52.93,2.29303,2.30099
52.94,2.29668,2.30996
52.95,2.29484,2.317
52.96,2.29192,2.31006
52.97,2.29651,2.30957
52.98,2.30426,2.31719
52.99,2.29825,2.30979
53.0,2.292,2.31009
53.01,2.29725,2.30501
53.02,2.29763,2.31287
53.03,2.29677,2.30686
53.04,2.30627,2.3086
53.05,2.29566,2.30357
53.06,2.30299,2.31143
53.07,2.2985,2.30999
53.08,2.29185,2.30063
53.09,2.29412,2.3085
53.1,2.28866,2.30647
53.11,2.29306,2.31115
53.12,2.29901,2.31081
53.13,2.30098,2.30895
53.14,2.29179,2.31028
53.15,2.29771,2.29622
53.16,2.29748,2.29705
53.17,2.29823,2.3018
53.18,2.30031,2.29867
53.19,2.29778,2.29672
53.2,2.29363,2.30362
53.21,2.29975,2.31166
53.22,2.29933,2.298
53.23,2.29459,2.30598
53.24,2.299,2.30452
53.25,2.29623,2.30636
53.26,2.30632,2.30787
53.27,2.30071,2.3111
53.28,2.30206,2.30785
53.29,2.29954,2.30085
53.3,2.30307,2.30366
53.31,2.30283,2.31001
53.32,2.29874,2.31632
53.33,2.29899,2.30711
53.34,2.30595,2.31937
53.35,2.31291,2.32139
53.36,2.30639,2.30485
53.37,2.30347,2.30168
53.38,2.30245,2.3033
53.39,2.30245,2.30648
53.4,2.30182,2.30665
53.41,2.29824,2.3068
53.42,2.30563,2.30703
53.43,2.30125,2.30054
53.44,2.29873,2.30305
53.45,2.305,2.30179
53.46,2.30572,2.30233
53.47,2.29774,2.30128
53.48,2.30306,2.3173
53.49,2.30681,2.30801
53.5,2.2948,2.30144
53.51,2.30621,2.29446
53.52,2.30041,2.29154
53.53,2.2996,2.29346
53.54,2.30249,2.29739
53.55,2.29757,2.29476
53.56,2.29682,2.29584
53.57,2.29834,2.29435
53.58,2.30311,2.29975
53.59,2.30446,2.29174
53.6,2.30156,2.30371
53.61,2.30621,2.30101
53.62,2.30141,2.29903
53.63,2.30354,2.30784
53.64,2.30081,2.30417
53.65,2.30005,2.30483
53.66,2.3006,2.3085
53.67,2.29859,2.30898
53.68,2.29486,2.30263
53.69,2.30035,2.29935
53.7,2.29631,2.29615
53.71,2.29774,2.30177
53.72,2.30871,2.30155
53.73,2.31094,2.2941
53.74,2.31385,2.30718
53.75,2.30518,2.30915
53.76,2.29926,2.29878
53.77,2.30571,2.30654
53.78,2.3055,2.30385
53.79,2.29911,2.30922
53.8,2.29583,2.30062
53.81,2.29982,2.31424
53.82,2.29612,2.30493
53.83,2.29917,2.30118
53.84,2.29973,2.30057
53.85,2.29971,2.30509
53.86,2.29664,2.30576
53.87,2.29646,2.29647
53.88,2.29304,2.30742
53.89,2.29164,2.30224
53.9,2.29853,2.29869
53.91,2.29992,2.30083
53.92,2.29249,2.3082
53.93,2.28805,2.30153
53.94,2.2923,2.30721
53.95,2.30072,2.2997
53.96,2.30045,2.29349
53.97,2.30809,2.29962
53.98,2.30655,2.29614
53.99,2.30953,2.30403
54.0,2.29736,2.30498
54.01,2.29958,2.29831
54.02,2.30382,2.29137
54.03,2.30409,2.29511
54.04,2.30104,2.29152
54.05,2.30461,2.30177
54.06,2.30475,2.30623
54.07,2.30507,2.30243
54.08,2.29799,2.30795
54.09,2.30069,2.30793
54.1,2.30744,2.29145
54.11,2.30375,2.30369
54.12,2.30054,2.30065
54.13,2.29624,2.29885
54.14,2.3021,2.29108
54.15,2.29535,2.3017
54.16,2.30186,2.29993
54.17,2.29766,2.30161
54.18,2.2985,2.30681
54.19,2.28963,2.305
54.2,2.29767,2.29417
54.21,2.30186,2.29816
54.22,2.29787,2.30834
54.23,2.30239,2.30338
54.24,2.30112,2.30562
54.25,2.30018,2.2975
54.26,2.29551,2.30033
54.27,2.30277,2.29651
54.28,2.30218,2.30351
54.29,2.29806,2.30493
54.3,2.29674,2.30501
54.31,2.30096,2.29499
54.32,2.29974,2.29789
54.33,2.29856,2.30536
54.34,2.29809,2.30588
54.35,2.30141,2.29844
54.36,2.30009,2.30282
54.37,2.30096,2.30056
54.38,2.30713,2.2996
54.39,2.28958,2.30211
54.4,2.29042,2.29955
54.41,2.29444,2.3068
54.42,2.29515,2.30209
54.43,2.30034,2.29964
54.44,2.29663,2.29989
54.45,2.29503,2.29937
54.46,2.29723,2.3007
54.47,2.29584,2.29957
54.48,2.29636,2.30771
54.49,2.29523,2.29907
54.5,2.30081,2.29997
54.51,2.29665,2.29641
54.52,2.29468,2.28902
54.53,2.29944,2.29427
54.54,2.31007,2.30178
54.55,2.30309,2.29051
54.56,2.30025,2.29089
54.57,2.2942,2.2976
54.58,2.29323,2.30052
54.59,2.29533,2.29839
54.6,2.29252,2.30168
54.61,2.29375,2.29877
54.62,2.29628,2.30721
54.63,2.29322,2.29577
54.64,2.29037,2.29351
54.65,2.29535,2.29564
54.66,2.29258,2.29509
54.67,2.29042,2.30262
54.68,2.29987,2.29923
54.69,2.29563,2.29841
54.7,2.28501,2.29872
54.71,2.29124,2.29908
54.72,2.29024,2.30415
54.73,2.29213,2.30142
54.74,2.29183,2.30387
54.75,2.29208,2.29778
54.76,2.29498,2.29226
54.77,2.29507,2.30012
54.78,2.29719,2.30887
54.79,2.29393,2.3002
54.8,2.29967,2.30921
54.81,2.2954,2.29766
54.82,2.29799,2.29194
54.83,2.30471,2.30152
54.84,2.29739,2.30341
54.85,2.29748,2.29323
54.86,2.29733,2.29798
54.87,2.30079,2.29555
54.88,2.29282,2.29642
54.89,2.29134,2.29896
54.9,2.29264,2.3012
54.91,2.29747,2.2971
54.92,2.2925,2.29003
54.93,2.28982,2.29416
54.94,2.29847,2.29858
54.95,2.29868,2.29612
54.96,2.2983,2.30003
54.97,2.30241,2.30679
54.98,2.29713,2.30646
54.99,2.3014,2.30035
55.0,2.29776,2.30822
55.01,2.29103,2.2954
55.02,2.29521,2.30209
55.03,2.29381,2.30418
55.04,2.29317,2.29769
55.05,2.29801,2.30785
55.06,2.29747,2.29924
55.07,2.29296,2.30323
55.08,2.29218,2.2991
55.09,2.29268,2.29515
55.1,2.29788,2.29773
55.11,2.30065,2.29156
55.12,2.29306,2.29515
55.13,2.29714,2.29693
55.14,2.3027,2.29434
55.15,2.29335,2.30121
55.16,2.30154,2.30049
55.17,2.29129,2.30576
55.18,2.30028,2.3015
55.19,2.29428,2.2998
55.2,2.29922,2.30313
55.21,2.30152,2.30961
55.22,2.29554,2.29758
55.23,2.29934,2.29502
55.24,2.29678,2.29252
55.25,2.29763,2.29985
55.26,2.3025,2.30371
55.27,2.29524,2.29765
55.28,2.28887,2.29654
55.29,2.29999,2.29764
55.3,2.30368,2.29655
55.31,2.29126,2.29973
55.32,2.29572,2.29939
55.33,2.29436,2.30564
55.34,2.30027,2.3044
55.35,2.29533,2.306
55.36,2.29126,2.30005
55.37,2.30028,2.3041
55.38,2.29402,2.30662
55.39,2.30292,2.29705
55.4,2.29159,2.29983
55.41,2.30104,2.30035
55.42,2.29608,2.299
55.43,2.29761,2.29209
55.44,2.29485,2.29792
55.45,2.29344,2.30155
55.46,2.29693,2.29743
55.47,2.29917,2.30577
55.48,2.29003,2.2954
55.49,2.28963,2.29976
55.5,2.30988,2.30435
55.51,2.2961,2.30256
55.52,2.30044,2.29861
55.53,2.29478,2.29985
55.54,2.30633,2.29769
55.55,2.29765,2.30543
55.56,2.29182,2.29879
55.57,2.29841,2.30519
55.58,2.29217,2.30147
55.59,2.29983,2.28864
55.6,2.30051,2.30166
55.61,2.29623,2.30082
55.62,2.29621,2.30618
55.63,2.30476,2.30519
55.64,2.29784,2.30347
55.65,2.29473,2.29827
55.66,2.29574,2.30799
55.67,2.29574,2.30517
55.68,2.29102,2.30744
55.69,2.28916,2.30838
55.7,2.29757,2.30936
55.71,2.30166,2.31515
55.72,2.30145,2.30462
55.73,2.29359,2.30153
55.74,2.29228,2.31244
55.75,2.29672,2.31218
55.76,2.29891,2.30779
55.77,2.30377,2.30199
55.78,2.29728,2.30249
55.79,2.29867,2.30031
55.8,2.3048,2.29546
55.81,2.30265,2.30035
55.82,2.30418,2.29997
55.83,2.30662,2.30315
55.84,2.30151,2.29953
55.85,2.29408,2.30425
55.86,2.29614,2.30122
55.87,2.2917,2.30172
55.88,2.30518,2.30126
55.89,2.2998,2.3017
55.9,2.29341,2.30389
55.91,2.29738,2.30165
55.92,2.29604,2.29459
55.93,2.29965,2.29953
55.94,2.30126,2.29983
55.95,2.29433,2.30632
55.96,2.29768,2.30814
55.97,2.29347,2.30742
55.98,2.30055,2.31556
55.99,2.29795,2.30693
56.0,2.29072,2.29736
56.01,2.29594,2.29344
56.02,2.2964,2.29483
56.03,2.29747,2.2983
56.04,2.29056,2.29886
56.05,2.29457,2.29436
56.06,2.29808,2.30359
56.07,2.30735,2.30632
56.08,2.30494,2.30173
56.09,2.29854,2.30028
56.1,2.29552,2.29658
56.11,2.29681,2.29005
56.12,2.2944,2.30245
56.13,2.29359,2.30031
56.14,2.29602,2.30636
56.15,2.29433,2.29989
56.16,2.2957,2.30537
56.17,2.29609,2.3059
56.18,2.30638,2.31111
56.19,2.29667,2.30275
56.2,2.2964,2.30584
56.21,2.29741,2.30587
56.22,2.29093,2.31173
56.23,2.28864,2.30276
56.24,2.29472,2.3029
56.25,2.29439,2.30015
56.26,2.28961,2.30637
56.27,2.288,2.30133
56.28,2.2897,2.31177
56.29,2.29372,2.31153
56.3,2.29519,2.30967
56.31,2.29053,2.31459
56.32,2.29335,2.3086
56.33,2.29008,2.30673
56.34,2.29658,2.3062
56.35,2.29326,2.30533
56.36,2.29203,2.30087
56.37,2.29256,2.30603
56.38,2.29208,2.30018
56.39,2.29418,2.30195
56.4,2.29239,2.30051
56.41,2.29497,2.30528
56.42,2.29173,2.30762
56.43,2.29688,2.30276
56.44,2.29454,2.30124
56.45,2.29054,2.30194
56.46,2.29274,2.30756
56.47,2.29283,2.3008
56.48,2.29288,2.30746
56.49,2.30027,2.30358
56.5,2.29383,2.30659
56.51,2.29137,2.30228
56.52,2.29824,2.31092
56.53,2.29926,2.29577
56.54,2.29544,2.29517
56.55,2.29098,2.2984
56.56,2.29462,2.30873
56.57,2.29291,2.30593
56.58,2.29057,2.2988
56.59,2.29688,2.29817
56.6,2.29446,2.29859
56.61,2.28931,2.29613
56.62,2.28699,2.3062
56.63,2.29666,2.2878
56.64,2.30146,2.29711
56.65,2.29964,2.30112
56.66,2.30007,2.29441
56.67,2.30682,2.29592
56.68,2.29463,2.29815
56.69,2.29743,2.29509
56.7,2.30047,2.30337
56.71,2.29497,2.30305
56.72,2.29962,2.2985
56.73,2.30421,2.3077
56.74,2.29447,2.30627
56.75,2.30158,2.29491
56.76,2.28832,2.29607
56.77,2.28861,2.30041
56.78,2.28964,2.30075
56.79,2.29442,2.29631
56.8,2.29464,2.30328
56.81,2.29576,2.30237
56.82,2.2869,2.29354
56.83,2.29338,2.29514
56.84,2.30103,2.30168
56.85,2.29573,2.30357
56.86,2.29964,2.30322
56.87,2.30708,2.30641
56.88,2.29965,2.30775
56.89,2.29851,2.30618
56.9,2.29426,2.3069
56.91,2.29485,2.30482
56.92,2.30001,2.30454
56.93,2.30556,2.30326
56.94,2.29873,2.29508
56.95,2.30063,2.30856
56.96,2.29518,2.29872
56.97,2.29671,2.30172
56.98,2.29941,2.30872
56.99,2.29801,2.2975
57.0,2.2937,2.29114
57.01,2.29397,2.29889
57.02,2.29466,2.29973
57.03,2.28822,2.30032
57.04,2.28892,2.30131
57.05,2.29224,2.30018
57.06,2.29443,2.3052
57.07,2.29108,2.31358
57.08,2.28842,2.31111
57.09,2.28453,2.31113
57.1,2.28728,2.30695
57.11,2.29344,2.3204
57.12,2.2969,2.30694
57.13,2.29424,2.31845
57.14,2.29199,2.31642
57.15,2.28567,2.31522
57.16,2.29314,2.31798
57.17,2.29074,2.31266
57.18,2.29639,2.30889
57.19,2.28753,2.3124
57.2,2.29024,2.30887
57.21,2.29852,2.30647
57.22,2.29627,2.30295
57.23,2.29611,2.30673
57.24,2.2969,2.30442
57.25,2.29727,2.29482
57.26,2.2888,2.30099
57.27,2.29905,2.3041
57.28,2.29168,2.30407
57.29,2.28585,2.30182
57.3,2.29784,2.30573
57.31,2.28735,2.31222
57.32,2.29074,2.30582
57.33,2.29284,2.31297
57.34,2.2925,2.30775
57.35,2.29713,2.30293
57.36,2.30217,2.30835
57.37,2.2957,2.29866
57.38,2.29809,2.30791
57.39,2.29649,2.30623
57.4,2.29028,2.3064
57.41,2.29096,2.30025
57.42,2.28975,2.30355
57.43,2.28784,2.30938
57.44,2.29133,2.31087
57.45,2.2908,2.31354
57.46,2.29294,2.30116
57.47,2.29481,2.30309
57.48,2.29779,2.30419
57.49,2.29191,2.31181
57.5,2.28965,2.29986
57.51,2.29291,2.30859
57.52,2.29663,2.31393
57.53,2.29702,2.30496
57.54,2.29208,2.30081
57.55,2.28793,2.29902
57.56,2.29296,2.31002
57.57,2.29067,2.31692
57.58,2.2966,2.31599
57.59,2.29805,2.31591
57.6,2.30002,2.30427
57.61,2.29246,2.3067
57.62,2.29429,2.30412
57.63,2.29663,2.30575
57.64,2.29355,2.30867
57.65,2.30016,2.30117
57.66,2.28989,2.31237
57.67,2.28668,2.31686
57.68,2.28524,2.29741
57.69,2.29201,2.30231
57.7,2.29611,2.30764
57.71,2.28514,2.31138
57.72,2.29293,2.30403
57.73,2.2971,2.30583
57.74,2.29388,2.30455
57.75,2.30117,2.30383
57.76,2.30442,2.30586
57.77,2.29652,2.31679
57.78,2.29249,2.30432
57.79,2.29353,2.29857
57.8,2.2943,2.30045
57.81,2.29648,2.30291
57.82,2.30161,2.30211
57.83,2.30332,2.30953
57.84,2.29678,2.31513
57.85,2.29806,2.31035
57.86,2.28851,2.30741
57.87,2.30018,2.30067
57.88,2.30235,2.30079
57.89,2.2954,2.31458
57.9,2.29493,2.30596
57.91,2.29233,2.3128
57.92,2.28799,2.30427
57.93,2.29804,2.31175
57.94,2.30454,2.32011
57.95,2.29876,2.3147
57.96,2.29908,2.31449
57.97,2.30273,2.32062
57.98,2.30386,2.30359
57.99,2.29989,2.31396
58.0,2.29945,2.31313
58.01,2.29614,2.31032
58.02,2.30615,2.31275
58.03,2.30458,2.31638
58.04,2.30936,2.31423
58.05,2.29922,2.30361
58.06,2.30206,2.30828
58.07,2.30639,2.30694
58.08,2.30058,2.31267
58.09,2.29815,2.30679
58.1,2.30404,2.30787
58.11,2.29999,2.30566
58.12,2.30497,2.30554
58.13,2.3035,2.30058
58.14,2.30699,2.30693
58.15,2.2947,2.3054
58.16,2.29472,2.30053
58.17,2.29121,2.30048
58.18,2.29408,2.30452
58.19,2.29192,2.30153
58.2,2.29932,2.30203
58.21,2.29848,2.30502
58.22,2.29936,2.30371
58.23,2.2969,2.3072
58.24,2.29737,2.30628
58.25,2.30406,2.29843
58.26,2.29433,2.3092
58.27,2.30543,2.3084
58.28,2.29605,2.30698
58.29,2.30056,2.31323
58.3,2.29981,2.30827
58.31,2.29788,2.30982
58.32,2.29841,2.3076
58.33,2.29548,2.30725
58.34,2.29875,2.30243
58.35,2.30002,2.29989
58.36,2.29598,2.30161
58.37,2.29582,2.30967
58.38,2.2978,2.30614
58.39,2.3047,2.30571
58.4,2.29261,2.31354
58.41,2.3007,2.30728
58.42,2.29997,2.30163
58.43,2.29239,2.30042
58.44,2.29933,2.30759
58.45,2.30736,2.30616
58.46,2.3036,2.30358
58.47,2.30212,2.29785
58.48,2.30111,2.30364
58.49,2.29857,2.30254
58.5,2.29133,2.30641
58.51,2.29492,2.30186
58.52,2.29751,2.30959
58.53,2.29398,2.30169
58.54,2.29742,2.30164
58.55,2.29826,2.30045
58.56,2.29419,2.29724
58.57,2.29289,2.30677
58.58,2.29488,2.30815
58.59,2.29515,2.3015
58.6,2.29942,2.29181
58.61,2.30293,2.30162
58.62,2.30365,2.30222
58.63,2.29941,2.30565
58.64,2.29411,2.30381
58.65,2.29429,2.30382
58.66,2.30209,2.3098
58.67,2.29505,2.30915
58.68,2.29896,2.31068
58.69,2.30046,2.30998
58.7,2.2933,2.30202
58.71,2.29802,2.31039
58.72,2.29781,2.30784
58.73,2.29579,2.30741
58.74,2.30053,2.30595
58.75,2.29596,2.3035
58.76,2.30259,2.30497
58.77,2.29803,2.29626
58.78,2.2992,2.30047
58.79,2.30498,2.30329
58.8,2.30981,2.3011
58.81,2.29845,2.30575
58.82,2.30054,2.30746
58.83,2.3035,2.29823
58.84,2.29407,2.30714
58.85,2.29745,2.30798
58.86,2.30156,2.30287
58.87,2.29698,2.30519
58.88,2.30374,2.3054
58.89,2.30674,2.29732
58.9,2.29413,2.30218
58.91,2.30088,2.29746
58.92,2.29977,2.30616
58.93,2.30081,2.29302
58.94,2.3044,2.28938
58.95,2.29049,2.29021
58.96,2.29566,2.30081
58.97,2.30378,2.30445
58.98,2.29909,2.29757
58.99,2.3005,2.30013
59.0,2.30047,2.29199
59.01,2.29787,2.29735
59.02,2.30005,2.29992
59.03,2.30313,2.30027
59.04,2.30956,2.29759
59.05,2.29669,2.3059
59.06,2.29528,2.30618
59.07,2.30676,2.30153
59.08,2.31247,2.31115
59.09,2.30539,2.30447
59.1,2.3061,2.29634
59.11,2.30072,2.30429
59.12,2.30027,2.29725
59.13,2.30276,2.2956
59.14,2.30169,2.3089
59.15,2.30873,2.3035
59.16,2.30769,2.29355
59.17,2.30343,2.3007
59.18,2.30106,2.29532
59.19,2.30787,2.29122
59.2,2.30799,2.29711
59.21,2.30931,2.29852
59.22,2.30489,2.29888
59.23,2.30895,2.28955
59.24,2.31816,2.30037
59.25,2.31478,2.30213
59.26,2.30206,2.28989
59.27,2.30504,2.29433
59.28,2.29934,2.29503
59.29,2.30624,2.29933
59.3,2.29985,2.30183
59.31,2.29843,2.29334
59.32,2.30915,2.30041
59.33,2.29458,2.30097
59.34,2.30991,2.29962
59.35,2.2965,2.29844
59.36,2.30304,2.30808
59.37,2.30081,2.30564
59.38,2.29909,2.29956
59.39,2.30329,2.29814
59.4,2.30297,2.30446
59.41,2.29929,2.30377
59.42,2.29789,2.30681
59.43,2.29562,2.29945
59.44,2.30097,2.30689
59.45,2.29734,2.30499
59.46,2.30317,2.28998
59.47,2.30907,2.29789
59.48,2.30668,2.29691
59.49,2.30481,2.29571
59.5,2.30478,2.29845
59.51,2.29531,2.29669
59.52,2.29831,2.30145
59.53,2.30828,2.30172
59.54,2.31894,2.29702
59.55,2.30674,2.30392
59.56,2.3081,2.29945
59.57,2.30415,2.29767
59.58,2.31067,2.31168
59.59,2.31019,2.30854
59.6,2.30113,2.30788
59.61,2.30227,2.30627
59.62,2.30534,2.30966
59.63,2.31284,2.3066
59.64,2.31155,2.31116
59.65,2.30909,2.3027
59.66,2.31195,2.28438
59.67,2.30817,2.29979
59.68,2.30913,2.30316
59.69,2.30317,2.30192
59.7,2.30675,2.30017
59.71,2.30275,2.30989
59.72,2.30165,2.3117
59.73,2.29852,2.3142
59.74,2.30175,2.30389
59.75,2.29876,2.30207
59.76,2.3009,2.29933
59.77,2.31165,2.30246
59.78,2.30336,2.29855
59.79,2.3052,2.3086
59.8,2.31058,2.29801
59.81,2.30782,2.29523
59.82,2.30532,2.29538
59.83,2.31048,2.30259
59.84,2.31131,2.30009
59.85,2.30365,2.30384
59.86,2.30034,2.30099
59.87,2.31112,2.29218
59.88,2.29917,2.29494
59.89,2.29876,2.30286
59.9,2.30477,2.30183
59.91,2.3097,2.3007
59.92,2.31343,2.30075
59.93,2.30453,2.29825
59.94,2.3032,2.30155
59.95,2.29778,2.30434
59.96,2.3028,2.30674
59.97,2.30144,2.30435
59.98,2.30148,2.31045
59.99,2.29937,2.30275
60.0,2.30054,2.30363
60.01,2.30525,2.31762
60.02,2.30912,2.29765
60.03,2.31314,2.30394
60.04,2.32021,2.29304
60.05,2.31181,2.29674
60.06,2.30781,2.29282
60.07,2.30982,2.29789
60.08,2.30869,2.30346
60.09,2.3105,2.28848
60.1,2.31042,2.29865
60.11,2.3035,2.30606
60.12,2.30784,2.30552
60.13,2.30862,2.30506
60.14,2.30699,2.30027
60.15,2.31384,2.3013
60.16,2.30585,2.29797
60.17,2.30088,2.30203
60.18,2.3023,2.30289
60.19,2.31208,2.30307
60.2,2.30431,2.30505
60.21,2.29981,2.30178
60.22,2.29785,2.29553
60.23,2.30642,2.30659
60.24,2.31127,2.30123
60.25,2.30935,2.30075
60.26,2.30265,2.29998
60.27,2.30457,2.30284
60.28,2.31368,2.30019
60.29,2.30682,2.29272
60.3,2.30887,2.29588
60.31,2.30565,2.2963
60.32,2.30316,2.29886
60.33,2.309,2.30295
60.34,2.30962,2.30376
60.35,2.30406,2.30837
60.36,2.298,2.29752
60.37,2.31109,2.30767
60.38,2.30111,2.30595
60.39,2.30928,2.30539
60.4,2.30543,2.29762
60.41,2.30479,2.28359
60.42,2.30294,2.2971
60.43,2.30705,2.29522
60.44,2.30303,2.28861
60.45,2.29984,2.29408
60.46,2.30274,2.306
60.47,2.30258,2.30767
60.48,2.31253,2.31107
60.49,2.31021,2.29492
60.5,2.31377,2.30025
60.51,2.30341,2.29805
60.52,2.30512,2.30125
60.53,2.30373,2.29907
60.54,2.29693,2.29613
60.55,2.29686,2.29959
60.56,2.29353,2.29427
60.57,2.30866,2.29926
60.58,2.3009,2.29755
60.59,2.30377,2.29754
60.6,2.30052,2.29817
60.61,2.30731,2.29233
60.62,2.30225,2.30002
60.63,2.29502,2.2989
60.64,2.29439,2.29576
60.65,2.30324,2.29627
60.66,2.30144,2.29523
60.67,2.30852,2.29791
60.68,2.30157,2.29787
60.69,2.30051,2.29757
60.7,2.29984,2.29787
60.71,2.30418,2.29271
60.72,2.30729,2.28782
60.73,2.30344,2.29526
60.74,2.30484,2.29603
60.75,2.30646,2.29699
60.76,2.30227,2.2991
60.77,2.29344,2.30547
60.78,2.30124,2.30717
60.79,2.29181,2.29781
60.8,2.29707,2.30085
60.81,2.30323,2.29846
60.82,2.30037,2.29258
60.83,2.29805,2.30187
60.84,2.29872,2.30322
60.85,2.29983,2.30213
60.86,2.29632,2.29718
60.87,2.28537,2.30417
60.88,2.30025,2.30426
60.89,2.30356,2.30851
60.9,2.30271,2.31168
60.91,2.29732,2.30847
60.92,2.30372,2.30014
60.93,2.29999,2.29883
60.94,2.30277,2.30091
60.95,2.30124,2.29466
60.96,2.29508,2.29419
60.97,2.30355,2.28782
60.98,2.30313,2.28952
60.99,2.30108,2.29407
61.0,2.30297,2.29095
61.01,2.29933,2.3049
61.02,2.29165,2.30181
61.03,2.29235,2.29692
61.04,2.29158,2.29223
61.05,2.3017,2.29521
61.06,2.29644,2.29286
61.07,2.29573,2.30497
61.08,2.30126,2.30169
61.09,2.28453,2.29586
61.1,2.29124,2.30099
61.11,2.2949,2.30056
61.12,2.29304,2.30103
61.13,2.29509,2.30625
61.14,2.29804,2.30112
61.15,2.29049,2.29801
61.16,2.30158,2.29507
61.17,2.28927,2.29129
61.18,2.30051,2.30322
61.19,2.29655,2.28992
61.2,2.30324,2.29414
61.21,2.29761,2.29684
61.22,2.29852,2.3005
61.23,2.2958,2.30094
61.24,2.29479,2.30114
61.25,2.30657,2.30769
61.26,2.29852,2.29867
61.27,2.29694,2.30415
61.28,2.29849,2.30294
61.29,2.29856,2.2971
61.3,2.30372,2.29737
61.31,2.30508,2.30489
61.32,2.30336,2.29961
61.33,2.29962,2.30146
61.34,2.30454,2.30592
61.35,2.30027,2.298
61.36,2.30788,2.30891
61.37,2.29646,2.3083
61.38,2.30233,2.31115
61.39,2.30498,2.29937
61.4,2.29878,2.31044
61.41,2.30268,2.29765
61.42,2.29783,2.303
61.43,2.30305,2.30151
61.44,2.30399,2.30708
61.45,2.30257,2.29604
61.46,2.30406,2.30411
61.47,2.30838,2.30144
61.48,2.29671,2.29955
61.49,2.29599,2.29634
61.5,2.29303,2.30089
61.51,2.29503,2.29639
61.52,2.29539,2.29906
61.53,2.30485,2.2966
61.54,2.29228,2.30292
61.55,2.3008,2.29272
61.56,2.29536,2.30133
61.57,2.29845,2.30951
61.58,2.30865,2.30537
61.59,2.31113,2.30062
61.6,2.2977,2.31406
61.61,2.30872,2.3102
61.62,2.30401,2.30878
61.63,2.3052,2.31085
61.64,2.30571,2.30061
61.65,2.31111,2.30539
61.66,2.30166,2.30776
61.67,2.30443,2.30576
61.68,2.30496,2.30122
61.69,2.29821,2.30231
61.7,2.3,2.29836
61.71,2.29803,2.29812
61.72,2.30073,2.29706
61.73,2.30138,2.29489
61.74,2.30399,2.29209
61.75,2.29179,2.30293
61.76,2.29636,2.29169
61.77,2.30332,2.30215
61.78,2.3072,2.30169
61.79,2.31013,2.303
61.8,2.29918,2.29988
61.81,2.30594,2.31198
61.82,2.30189,2.29202
61.83,2.30669,2.29798
61.84,2.30458,2.30085
61.85,2.30393,2.29556
61.86,2.29593,2.29949
61.87,2.29816,2.30888
61.88,2.30089,2.30574
61.89,2.29852,2.29654
61.9,2.29413,2.30005
61.91,2.29627,2.30331
61.92,2.29491,2.29374
61.93,2.29762,2.29345
61.94,2.29709,2.30894
61.95,2.29677,2.29706
61.96,2.29824,2.29837
61.97,2.29312,2.29398
61.98,2.29584,2.29781
61.99,2.29835,2.30252
62.0,2.30054,2.30436
62.01,2.30022,2.29265
62.02,2.29649,2.29522
62.03,2.29835,2.29847
62.04,2.29501,2.30518
62.05,2.30245,2.29669
62.06,2.30426,2.30162
62.07,2.2999,2.30726
62.08,2.29857,2.30526
62.09,2.29848,2.29121
62.1,2.2956,2.30225
62.11,2.2931,2.2913
62.12,2.2987,2.30476
62.13,2.29537,2.30777
62.14,2.29471,2.3054
62.15,2.29649,2.30477
62.16,2.29551,2.29923
62.17,2.30001,2.3043
62.18,2.29271,2.30527
62.19,2.29118,2.29247
62.2,2.29753,2.29612
62.21,2.29511,2.30637
62.22,2.29543,2.28691
62.23,2.29585,2.30372
62.24,2.29432,2.30356
62.25,2.2896,2.30978
62.26,2.29193,2.30703
62.27,2.29547,2.3121
62.28,2.29314,2.30167
62.29,2.29517,2.30544
62.3,2.29631,2.3133
62.31,2.29565,2.31832
62.32,2.29163,2.30854
62.33,2.29397,2.30694
62.34,2.29444,2.30899
62.35,2.29431,2.29949
62.36,2.30163,2.30753
62.37,2.29301,2.29415
62.38,2.29711,2.2979
62.39,2.29479,2.30279
62.4,2.29971,2.31075
62.41,2.29717,2.30675
62.42,2.29524,2.29987
62.43,2.29716,2.3025
62.44,2.29848,2.30415
62.45,2.29649,2.3117
62.46,2.2929,2.30164
62.47,2.29676,2.29807
62.48,2.2965,2.29739
62.49,2.29455,2.2938
62.5,2.28376,2.29618
62.51,2.28951,2.29702
62.52,2.28613,2.29841
62.53,2.29069,2.29647
62.54,2.29396,2.29204
62.55,2.29426,2.2937
62.56,2.28195,2.29304
62.57,2.28422,2.29281
62.58,2.28234,2.29949
62.59,2.29271,2.29942
62.6,2.29213,2.29884
62.61,2.29128,2.3015
62.62,2.29795,2.29804
62.63,2.29826,2.30236
62.64,2.29943,2.31103
62.65,2.29571,2.30485
62.66,2.2993,2.30159
62.67,2.29597,2.30531
62.68,2.2974,2.2949
62.69,2.29717,2.30665
62.7,2.28789,2.30201
62.71,2.29752,2.3071
62.72,2.29237,2.29649
62.73,2.29624,2.30182
62.74,2.29948,2.30364
62.75,2.29965,2.30258
62.76,2.29074,2.30644
62.77,2.29588,2.29798
62.78,2.29276,2.29356
62.79,2.29419,2.29782
62.8,2.29379,2.3027
62.81,2.29973,2.30736
62.82,2.29586,2.30194
62.83,2.30211,2.30408
62.84,2.29896,2.3168
62.85,2.2997,2.31119
62.86,2.29749,2.31136
62.87,2.2944,2.30609
62.88,2.29892,2.30322
62.89,2.2971,2.30083
62.9,2.29122,2.29742
62.91,2.29548,2.30324
62.92,2.28963,2.30779
62.93,2.2869,2.2987
62.94,2.28996,2.31051
62.95,2.29299,2.30456
62.96,2.30687,2.30897
62.97,2.29793,2.31186
62.98,2.29844,2.30169
62.99,2.30155,2.30235
63.0,2.29621,2.31559
63.01,2.29792,2.30291
63.02,2.29588,2.29987
63.03,2.30032,2.30282
63.04,2.29308,2.30768
63.05,2.30042,2.30567
63.06,2.29733,2.31041
63.07,2.30159,2.30829
63.08,2.30134,2.30088
63.09,2.30458,2.30413
63.1,2.29866,2.30069
63.11,2.3072,2.30252
63.12,2.30171,2.31042
63.13,2.29899,2.31482
63.14,2.30713,2.30423
63.15,2.30365,2.30643
63.16,2.3052,2.30561
63.17,2.29495,2.31104
63.18,2.30281,2.30586
63.19,2.30534,2.30978
63.2,2.31276,2.30888
63.21,2.30702,2.31054
63.22,2.31241,2.31161
63.23,2.29813,2.30207
63.24,2.29989,2.30599
63.25,2.30837,2.30941
63.26,2.30625,2.31207
63.27,2.31066,2.30777
63.28,2.30398,2.30289
63.29,2.29789,2.30955
63.3,2.29428,2.29666
63.31,2.304,2.30057
63.32,2.29953,2.29986
63.33,2.30398,2.30097
63.34,2.29577,2.3018
63.35,2.29572,2.30441
63.36,2.29484,2.29665
63.37,2.30516,2.30639
63.38,2.30341,2.31057
63.39,2.29648,2.3016
63.4,2.30229,2.30886
63.41,2.30677,2.30674
63.42,2.30635,2.30756
63.43,2.30265,2.30176
63.44,2.29839,2.29626
63.45,2.30631,2.29979
63.46,2.30331,2.29491
63.47,2.29838,2.30959
63.48,2.30477,2.30672
63.49,2.30355,2.30465
63.5,2.2995,2.30044
63.51,2.30602,2.29268
63.52,2.30203,2.29698
63.53,2.30624,2.29535
63.54,2.30612,2.29831
63.55,2.3048,2.29257
63.56,2.30751,2.28547
63.57,2.29541,2.30277
63.58,2.30547,2.30537
63.59,2.30111,2.29274
63.6,2.29809,2.30466
63.61,2.3109,2.30262
63.62,2.30372,2.30144
63.63,2.30006,2.30212
63.64,2.29829,2.30155
63.65,2.29869,2.29752
63.66,2.30782,2.30475
63.67,2.30374,2.29756
63.68,2.30121,2.30344
63.69,2.30315,2.3049
63.7,2.3068,2.30408
63.71,2.30276,2.29817
63.72,2.3067,2.29872
63.73,2.3018,2.29917
63.74,2.29328,2.30666
63.75,2.30415,2.30865
63.76,2.30319,2.30707
63.77,2.3019,2.30561
63.78,2.30189,2.30088
63.79,2.29925,2.30644
63.8,2.30537,2.30183
63.81,2.30407,2.294
63.82,2.30394,2.30042
63.83,2.30914,2.29355
63.84,2.30979,2.30314
63.85,2.30184,2.29734
63.86,2.30379,2.29632
63.87,2.29871,2.29807
63.88,2.30278,2.29771
63.89,2.30438,2.29623
63.9,2.29873,2.28676
63.91,2.29767,2.29627
63.92,2.30615,2.29319
63.93,2.30771,2.29442
63.94,2.29806,2.299
63.95,2.2964,2.3005
63.96,2.30106,2.29568
63.97,2.30371,2.30038
63.98,2.3003,2.30033
63.99,2.30194,2.29723
64.0,2.30009,2.29673
64.01,2.2998,2.29972
64.02,2.29894,2.30329
64.03,2.29877,2.29876
64.04,2.30732,2.29587
64.05,2.30487,2.29775
64.06,2.30328,2.29422
64.07,2.30414,2.29613
64.08,2.30061,2.30241
64.09,2.30112,2.30218
64.1,2.30037,2.30896
64.11,2.29482,2.3014
64.12,2.29337,2.30206
64.13,2.29421,2.30491
64.14,2.29792,2.29973
64.15,2.29851,2.30288
64.16,2.30037,2.29066
64.17,2.29645,2.30276
64.18,2.29129,2.29005
64.19,2.29995,2.28859
64.2,2.29197,2.30156
64.21,2.30238,2.30668
64.22,2.29495,2.3035
64.23,2.30537,2.29713
64.24,2.30132,2.30722
64.25,2.30275,2.29685
64.26,2.31141,2.29427
64.27,2.29261,2.29852
64.28,2.2992,2.30208
64.29,2.29684,2.29604
64.3,2.29764,2.30004
64.31,2.29935,2.30733
64.32,2.29904,2.29977
64.33,2.29494,2.30342
64.34,2.28953,2.30312
64.35,2.29263,2.30302
64.36,2.29604,2.29258
64.37,2.29432,2.3046
64.38,2.3007,2.30678
64.39,2.3018,2.30002
64.4,2.29441,2.3001
64.41,2.30008,2.29791
64.42,2.29415,2.30029
64.43,2.29705,2.30387
64.44,2.29323,2.31012
64.45,2.29374,2.30539
64.46,2.30132,2.30882
64.47,2.29601,2.30355
64.48,2.29445,2.30416
64.49,2.28974,2.29742
64.5,2.29241,2.30057
64.51,2.29516,2.29751
64.52,2.29815,2.29973
64.53,2.29354,2.30695
64.54,2.29085,2.29928
64.55,2.29072,2.29558
64.56,2.29723,2.29993
64.57,2.29626,2.30229
64.58,2.29353,2.30137
64.59,2.29034,2.29866
64.6,2.2919,2.30308
64.61,2.29616,2.30405
64.62,2.29662,2.29133
64.63,2.29659,2.29754
64.64,2.29409,2.30154
64.65,2.30596,2.29893
64.66,2.29398,2.29846
64.67,2.29865,2.2935
64.68,2.30108,2.30145
64.69,2.29912,2.30069
64.7,2.29713,2.30295
64.71,2.30626,2.29121
64.72,2.30016,2.29178
64.73,2.29922,2.29589
64.74,2.30678,2.28908
64.75,2.29641,2.29771
64.76,2.30131,2.29191
64.77,2.3038,2.29079
64.78,2.3004,2.2945
64.79,2.30284,2.2925
64.8,2.30157,2.29172
64.81,2.29899,2.29286
64.82,2.2932,2.29242
64.83,2.29455,2.29332
64.84,2.29517,2.29301
64.85,2.29596,2.29472
64.86,2.2975,2.30052
64.87,2.29665,2.30751
64.88,2.29472,2.29174
64.89,2.29315,2.29023
64.9,2.29924,2.29596
64.91,2.30524,2.29529
64.92,2.30106,2.3035
64.93,2.30607,2.30701
64.94,2.30072,2.28895
64.95,2.30244,2.29843
64.96,2.30159,2.30039
64.97,2.29707,2.2953
64.98,2.29768,2.28988
64.99,2.29779,2.29679
65.0,2.29805,2.29586
65.01,2.3051,2.30918
65.02,2.30171,2.30507
65.03,2.29742,2.30412
65.04,2.29892,2.30282
65.05,2.30112,2.29212
65.06,2.30554,2.29744
65.07,2.3047,2.29766
65.08,2.30234,2.3034
65.09,2.29312,2.30057
65.1,2.30047,2.3007
65.11,2.30491,2.30063
65.12,2.30284,2.30038
65.13,2.29858,2.3028
65.14,2.30323,2.29843
65.15,2.3024,2.30507
65.16,2.29675,2.30056
65.17,2.3018,2.29964
65.18,2.29561,2.29399
65.19,2.2918,2.30794
65.2,2.30588,2.29931
65.21,2.29888,2.29674
65.22,2.30014,2.29715
65.23,2.3046,2.29652
65.24,2.30752,2.30027
65.25,2.30044,2.29896
65.26,2.30283,2.30164
65.27,2.30237,2.30372
65.28,2.2999,2.30159
65.29,2.29413,2.29829
65.3,2.30025,2.3091
65.31,2.30409,2.30582
65.32,2.30257,2.30702
65.33,2.2957,2.31032
65.34,2.30145,2.30344
65.35,2.2922,2.30113
65.36,2.29694,2.30095
65.37,2.29998,2.29104
65.38,2.30342,2.29805
65.39,2.30946,2.29387
65.4,2.30622,2.29756
65.41,2.30698,2.3096
65.42,2.30781,2.2984
65.43,2.30449,2.30247
65.44,2.30757,2.29344
65.45,2.30138,2.29123
65.46,2.30229,2.30116
65.47,2.29795,2.30619
65.48,2.30099,2.29588
65.49,2.3008,2.30025
65.5,2.30149,2.29358
65.51,2.30463,2.29875
65.52,2.30445,2.29071
65.53,2.29965,2.29349
65.54,2.29577,2.29457
65.55,2.29683,2.29419
65.56,2.30248,2.29888
65.57,2.30316,2.29584
65.58,2.30266,2.30246
65.59,2.29505,2.30164
65.6,2.29297,2.30221
65.61,2.30009,2.30399
65.62,2.29655,2.30101
65.63,2.29445,2.29854
65.64,2.29982,2.29542
65.65,2.29342,2.29819
65.66,2.29608,2.29689
65.67,2.29675,2.29658
65.68,2.29266,2.29934
65.69,2.29562,2.30671
65.7,2.30136,2.29656
65.71,2.30271,2.29705
65.72,2.2991,2.29343
65.73,2.30878,2.3055
65.74,2.29968,2.30179
65.75,2.29377,2.30956
65.76,2.29449,2.29673
65.77,2.29957,2.29048
65.78,2.29176,2.30479
65.79,2.30152,2.30383
65.8,2.29865,2.30367
65.81,2.29216,2.29327
65.82,2.29588,2.29533
65.83,2.29865,2.30632
65.84,2.29469,2.30414
65.85,2.29478,2.30317
65.86,2.29709,2.30275
65.87,2.29729,2.29808
65.88,2.30518,2.30933
65.89,2.30196,2.3068
65.9,2.30587,2.30052
65.91,2.29395,2.29844
65.92,2.30446,2.30053
65.93,2.30071,2.30048
65.94,2.29955,2.30549
65.95,2.29979,2.31069
65.96,2.2989,2.30118
65.97,2.30658,2.29768
65.98,2.29794,2.2931
65.99,2.30345,2.29095
66.0,2.3075,2.29247
66.01,2.307,2.28942
66.02,2.30153,2.30045
66.03,2.30488,2.30293
66.04,2.30447,2.29679
66.05,2.30384,2.29777
66.06,2.29921,2.29268
66.07,2.29873,2.29218
66.08,2.29485,2.29916
66.09,2.29603,2.30423
66.1,2.30062,2.31084
66.11,2.30088,2.2989
66.12,2.29585,2.29885
66.13,2.30001,2.30126
66.14,2.2938,2.29651
66.15,2.29237,2.30063
66.16,2.29706,2.30213
66.17,2.29525,2.30612
66.18,2.30025,2.30704
66.19,2.30002,2.30156
66.2,2.30204,2.30058
66.21,2.29536,2.30583
66.22,2.30382,2.30315
66.23,2.2947,2.30146
66.24,2.29794,2.30292
66.25,2.29858,2.29918
66.26,2.29689,2.29124
66.27,2.29504,2.30109
66.28,2.30462,2.30164
66.29,2.29192,2.30045
66.3,2.30613,2.29981
66.31,2.30444,2.2994
66.32,2.30228,2.29509
66.33,2.30898,2.29942
66.34,2.30507,2.30717
66.35,2.30089,2.30115
66.36,2.29984,2.29589
66.37,2.30292,2.29639
66.38,2.29984,2.29834
66.39,2.29594,2.29849
66.4,2.30313,2.303
66.41,2.30238,2.30318
66.42,2.30613,2.29295
66.43,2.29856,2.2978
66.44,2.3028,2.29708
66.45,2.29894,2.29468
66.46,2.29157,2.2957
66.47,2.30233,2.29486
66.48,2.30094,2.29549
66.49,2.29519,2.29613
66.5,2.29984,2.29817
66.51,2.28974,2.29844
66.52,2.29589,2.29601
66.53,2.29364,2.28796
66.54,2.30163,2.29294
66.55,2.29792,2.29725
66.56,2.29652,2.29952
66.57,2.2936,2.29517
66.58,2.29177,2.29123
66.59,2.30146,2.29678
66.6,2.28878,2.29154
66.61,2.29123,2.29409
66.62,2.29614,2.29254
66.63,2.29751,2.29087
66.64,2.29795,2.28704
66.65,2.2974,2.29708
66.66,2.29514,2.29387
66.67,2.2835,2.28933
66.68,2.29812,2.29331
66.69,2.28723,2.29158
66.7,2.29293,2.29904
66.71,2.2972,2.29311
66.72,2.29213,2.30199
66.73,2.29255,2.29529
66.74,2.29617,2.29545
66.75,2.29466,2.3028
66.76,2.29646,2.29399
66.77,2.28877,2.29917
66.78,2.29704,2.29981
66.79,2.28543,2.2867
66.8,2.29069,2.28762
66.81,2.29274,2.29064
66.82,2.29762,2.29007
66.83,2.29741,2.29732
66.84,2.29568,2.28848
66.85,2.2951,2.29075
66.86,2.28461,2.28582
66.87,2.29606,2.30001
66.88,2.29706,2.29256
66.89,2.30126,2.29196
66.9,2.29027,2.29654
66.91,2.30054,2.2891
66.92,2.29974,2.2944
66.93,2.29569,2.30591
66.94,2.29018,2.30156
66.95,2.29227,2.29032
66.96,2.29828,2.3064
66.97,2.29257,2.29521
66.98,2.29094,2.2926
66.99,2.28914,2.29728
67.0,2.2909,2.29281
67.01,2.28553,2.29294
67.02,2.2979,2.30166
67.03,2.29345,2.28908
67.04,2.29456,2.3003
67.05,2.29777,2.29897
67.06,2.29606,2.29856
67.07,2.3004,2.30308
67.08,2.29909,2.29467
67.09,2.29959,2.29101
67.1,2.29464,2.28393
67.11,2.2988,2.28302
67.12,2.29455,2.28472
67.13,2.29651,2.2876
67.14,2.29458,2.2896
67.15,2.29927,2.28437
67.16,2.30469,2.29145
67.17,2.29511,2.29757
67.18,2.29666,2.29598
67.19,2.31013,2.29426
67.2,2.29052,2.3007
67.21,2.30348,2.29962
67.22,2.29652,2.29515
67.23,2.3009,2.29493
67.24,2.29762,2.28991
67.25,2.29623,2.29259
67.26,2.29728,2.30071
67.27,2.30442,2.29529
67.28,2.29572,2.29956
67.29,2.29486,2.29419
67.3,2.29115,2.29215
67.31,2.291,2.28904
67.32,2.29403,2.29049
67.33,2.29372,2.29569
67.34,2.29873,2.30155
67.35,2.30245,2.28904
67.36,2.29576,2.29362
67.37,2.30527,2.28991
67.38,2.29195,2.29427
67.39,2.29367,2.28158
67.4,2.298,2.29396
67.41,2.30225,2.29033
67.42,2.29552,2.29071
67.43,2.28892,2.29577
67.44,2.2952,2.29224
67.45,2.29754,2.29477
67.46,2.29551,2.28843
67.47,2.29944,2.28498
67.48,2.30404,2.29769
67.49,2.30088,2.28906
67.5,2.30201,2.29832
67.51,2.29933,2.29067
67.52,2.29652,2.29346
67.53,2.2955,2.29586
67.54,2.29726,2.291
67.55,2.29693,2.29596
67.56,2.29867,2.29302
67.57,2.29539,2.28503
67.58,2.30011,2.29394
67.59,2.29653,2.30035
67.6,2.29756,2.29333
67.61,2.29416,2.2923
67.62,2.3007,2.29805
67.63,2.30128,2.28819
67.64,2.3021,2.29624
67.65,2.30824,2.29917
67.66,2.3005,2.2881
67.67,2.29793,2.29051
67.68,2.30044,2.3012
67.69,2.30674,2.29632
67.7,2.30514,2.2978
67.71,2.30294,2.29215
67.72,2.31214,2.2885
67.73,2.30605,2.29105
67.74,2.31168,2.29539
67.75,2.3105,2.2956
67.76,2.3098,2.29468
67.77,2.30621,2.28879
67.78,2.30712,2.29823
67.79,2.29311,2.29107
67.8,2.30713,2.28916
67.81,2.30302,2.29826
67.82,2.30913,2.29998
67.83,2.30348,2.29358
67.84,2.30602,2.29612
67.85,2.29936,2.29102
67.86,2.30619,2.28565
67.87,2.30593,2.30397
67.88,2.30573,2.29366
67.89,2.30288,2.29192
67.9,2.30852,2.29232
67.91,2.30291,2.29074
67.92,2.30358,2.29051
67.93,2.31168,2.29453
67.94,2.30686,2.2954
67.95,2.29989,2.29271
67.96,2.30714,2.29503
67.97,2.30857,2.29292
67.98,2.29926,2.29214
67.99,2.30208,2.29552
68.0,2.30642,2.29182
68.01,2.30678,2.29264
68.02,2.30437,2.29751
68.03,2.30771,2.29691
68.04,2.31588,2.3013
68.05,2.30302,2.29283
68.06,2.3019,2.28416
68.07,2.301,2.28936
68.08,2.30357,2.28682
68.09,2.30296,2.28948
68.1,2.30545,2.30444
68.11,2.31082,2.29713
68.12,2.30958,2.29795
68.13,2.30578,2.28699
68.14,2.31123,2.29535
68.15,2.29713,2.29136
68.16,2.2963,2.29045
68.17,2.29726,2.29648
68.18,2.29618,2.29136
68.19,2.30238,2.29437
68.2,2.29396,2.2893
68.21,2.29323,2.28433
68.22,2.29281,2.28936
68.23,2.29765,2.29597
68.24,2.30062,2.28574
68.25,2.30372,2.28845
68.26,2.29942,2.28334
68.27,2.29757,2.28141
68.28,2.30006,2.27895
68.29,2.29587,2.29953
68.3,2.29835,2.29242
68.31,2.29608,2.28841
68.32,2.30129,2.28648
68.33,2.29842,2.2862
68.34,2.30339,2.29634
68.35,2.30208,2.29749
68.36,2.30723,2.29088
68.37,2.30007,2.30069
68.38,2.30115,2.29014
68.39,2.29462,2.30041
68.4,2.30472,2.29762
68.41,2.30078,2.28993
68.42,2.2962,2.29629
68.43,2.30077,2.30486
68.44,2.29241,2.30308
68.45,2.28783,2.29805
68.46,2.30531,2.29907
68.47,2.2974,2.29377
68.48,2.29563,2.29774
68.49,2.29968,2.30513
68.5,2.29989,2.2964
68.51,2.30276,2.29727
68.52,2.30511,2.30317
68.53,2.29333,2.30445
68.54,2.29863,2.29532
68.55,2.29934,2.29937
68.56,2.29257,2.29335
68.57,2.29531,2.30039
68.58,2.29205,2.28689
68.59,2.30458,2.29522
68.6,2.3003,2.29878
68.61,2.30293,2.29526
68.62,2.29573,2.28964
68.63,2.29204,2.29782
68.64,2.30826,2.2861
68.65,2.29796,2.28736
68.66,2.30122,2.29405
68.67,2.29984,2.2936
68.68,2.30257,2.286
68.69,2.30082,2.28932
68.7,2.30078,2.29879
68.71,2.29748,2.30588
68.72,2.30726,2.29669
68.73,2.30097,2.29396
68.74,2.30363,2.29309
68.75,2.30512,2.29814
68.76,2.29471,2.29838
68.77,2.30163,2.28648
68.78,2.29672,2.28281
68.79,2.30057,2.29429
68.8,2.30079,2.28804
68.81,2.30452,2.30149
68.82,2.29956,2.28659
68.83,2.30296,2.29408
68.84,2.29951,2.29167
68.85,2.30016,2.30112
68.86,2.29439,2.29814
68.87,2.3043,2.29304
68.88,2.30323,2.29671
68.89,2.30522,2.28957
68.9,2.30182,2.29592
68.91,2.30206,2.3034
68.92,2.31065,2.30139
68.93,2.30879,2.30209
68.94,2.30425,2.30639
68.95,2.30836,2.29354
68.96,2.30454,2.30076
68.97,2.31138,2.29529
68.98,2.30969,2.29204
68.99,2.31009,2.28978
69.0,2.30715,2.30271
69.01,2.30509,2.29903
69.02,2.30057,2.3017
69.03,2.31146,2.29998
69.04,2.31198,2.29815
69.05,2.31388,2.30258
69.06,2.31231,2.29932
69.07,2.30707,2.2951
69.08,2.30056,2.29343
69.09,2.2945,2.29179
69.1,2.29911,2.2929
69.11,2.29222,2.30182
69.12,2.2969,2.29916
69.13,2.29593,2.3057
69.14,2.31239,2.29734
69.15,2.30468,2.30209
69.16,2.30947,2.2973
69.17,2.30195,2.30219
69.18,2.30231,2.29596
69.19,2.3104,2.2911
69.2,2.30855,2.29361
69.21,2.30409,2.29835
69.22,2.31162,2.30306
69.23,2.30543,2.29772
69.24,2.30989,2.29157
69.25,2.3095,2.30338
69.26,2.30211,2.29758
69.27,2.30344,2.29856
69.28,2.30497,2.29888
69.29,2.30385,2.29292
69.3,2.31049,2.28795
69.31,2.30905,2.29578
69.32,2.30053,2.29354
69.33,2.29858,2.28822
69.34,2.29434,2.29509
69.35,2.29164,2.29084
69.36,2.28904,2.29393
69.37,2.30571,2.29669
69.38,2.30741,2.29976
69.39,2.30164,2.29556
69.4,2.30414,2.29701
69.41,2.30693,2.28453
69.42,2.30966,2.29709
69.43,2.3036,2.29149
69.44,2.30926,2.28995
69.45,2.30539,2.2952
69.46,2.30362,2.30105
69.47,2.30468,2.29333
69.48,2.30815,2.29421
69.49,2.3088,2.2958
69.5,2.30126,2.29629
69.51,2.29384,2.29901
69.52,2.30215,2.29499
69.53,2.30032,2.29084
69.54,2.29923,2.30066
69.55,2.29886,2.28954
69.56,2.30265,2.28958
69.57,2.30359,2.30026
69.58,2.308,2.29823
69.59,2.30695,2.29365
69.6,2.30395,2.29274
69.61,2.30785,2.29521
69.62,2.31093,2.29229
69.63,2.30067,2.29962
69.64,2.30117,2.29314
69.65,2.30455,2.29716
69.66,2.29947,2.29049
69.67,2.30447,2.29292
69.68,2.30477,2.29258
69.69,2.31099,2.29221
69.7,2.30388,2.29072
69.71,2.31077,2.29345
69.72,2.30233,2.29521
69.73,2.30071,2.28882
69.74,2.29948,2.28934
69.75,2.30696,2.29181
69.76,2.30321,2.29764
69.77,2.30596,2.29897
69.78,2.31342,2.2901
69.79,2.30672,2.29678
69.8,2.31279,2.30254
69.81,2.30492,2.30007
69.82,2.29846,2.29208
69.83,2.30536,2.29122
69.84,2.29931,2.29291
69.85,2.29471,2.28874
69.86,2.30009,2.28841
69.87,2.3044,2.29385
69.88,2.31052,2.28198
69.89,2.30276,2.29613
69.9,2.29842,2.29459
69.91,2.29919,2.304
69.92,2.30792,2.29732
69.93,2.29964,2.29328
69.94,2.30705,2.30403
69.95,2.30024,2.29807
69.96,2.31661,2.29558
69.97,2.30634,2.30145
69.98,2.30661,2.29816
69.99,2.30573,2.30199
70.0,2.29639,2.29299
70.01,2.3003,2.30059
70.02,2.30365,2.28996
70.03,2.30069,2.28874
70.04,2.30171,2.30352
70.05,2.30117,2.28566
70.06,2.29987,2.29575
70.07,2.30951,2.28698
70.08,2.3009,2.29941
70.09,2.30889,2.29019
70.1,2.30666,2.30062
70.11,2.30375,2.29034
70.12,2.30657,2.29771
70.13,2.30372,2.29191
70.14,2.30595,2.28914
70.15,2.3055,2.30083
70.16,2.31272,2.29284
70.17,2.30134,2.29703
70.18,2.30888,2.2982
70.19,2.30694,2.29575
70.2,2.30391,2.28092
70.21,2.30599,2.28883
70.22,2.29806,2.29292
70.23,2.29249,2.29704
70.24,2.29748,2.29356
70.25,2.31087,2.2838
70.26,2.3092,2.28469
70.27,2.30518,2.28848
70.28,2.30159,2.3012
70.29,2.30244,2.29416
70.3,2.30215,2.28871
70.31,2.30628,2.30117
70.32,2.30667,2.29327
70.33,2.3033,2.30024
70.34,2.30525,2.28901
70.35,2.30107,2.29368
70.36,2.29131,2.29195
70.37,2.30242,2.29529
70.38,2.29503,2.29814
70.39,2.2975,2.28801
70.4,2.28458,2.28579
70.41,2.28965,2.29917
70.42,2.2967,2.28716
70.43,2.29698,2.29738
70.44,2.2997,2.29578
70.45,2.28969,2.29219
70.46,2.29502,2.28905
70.47,2.29612,2.29306
70.48,2.29843,2.28828
70.49,2.30211,2.28878
70.5,2.29656,2.29843
70.51,2.30846,2.29131
70.52,2.29606,2.29201
70.53,2.29493,2.29641
70.54,2.29314,2.29597
70.55,2.28761,2.30454
70.56,2.28888,2.29552
70.57,2.29451,2.30042
70.58,2.2923,2.29708
70.59,2.30127,2.29207
70.6,2.30969,2.30032
70.61,2.29469,2.30017
70.62,2.30167,2.29809
70.63,2.30056,2.29983
70.64,2.29617,2.29059
70.65,2.30021,2.30146
70.66,2.30142,2.29661
70.67,2.30283,2.2924
70.68,2.31246,2.29189
70.69,2.30798,2.31444
70.7,2.30554,2.30293
70.71,2.31249,2.29555
70.72,2.30622,2.28859
70.73,2.30449,2.29983
70.74,2.30093,2.29461
70.75,2.29944,2.29392
70.76,2.30125,2.29342
70.77,2.29588,2.29871
70.78,2.29557,2.29425
70.79,2.30193,2.29792
70.8,2.30479,2.29896
70.81,2.29864,2.29543
70.82,2.30731,2.29302
70.83,2.3064,2.29502
70.84,2.29514,2.28842
70.85,2.29912,2.29238
70.86,2.29695,2.28696
70.87,2.30188,2.29913
70.88,2.30265,2.3058
70.89,2.30805,2.29548
70.9,2.30379,2.30029
70.91,2.30146,2.30047
70.92,2.31125,2.29854
70.93,2.31181,2.29693
70.94,2.30878,2.30164
70.95,2.30127,2.29425
70.96,2.29897,2.29281
70.97,2.29703,2.30386
70.98,2.29783,2.29131
70.99,2.29869,2.2902
71.0,2.30152,2.29771
71.01,2.29644,2.29354
71.02,2.29567,2.28976
71.03,2.29448,2.29023
71.04,2.2962,2.28649
71.05,2.3014,2.29595
71.06,2.30583,2.29722
71.07,2.30137,2.29759
71.08,2.30266,2.29539
71.09,2.29646,2.29586
71.1,2.29646,2.29192
71.11,2.30117,2.29822
71.12,2.29673,2.30052
71.13,2.30114,2.30054
71.14,2.30121,2.29496
71.15,2.29838,2.30996
71.16,2.30006,2.30218
71.17,2.30374,2.29852
71.18,2.29564,2.30209
71.19,2.30341,2.29537
71.2,2.304,2.29577
71.21,2.29499,2.29612
71.22,2.30013,2.29709
71.23,2.29478,2.30201
71.24,2.3045,2.29691
71.25,2.29535,2.29248
71.26,2.30074,2.29933
71.27,2.29977,2.29752
71.28,2.29936,2.29503
71.29,2.29975,2.2975
71.3,2.3099,2.30151
71.31,2.3026,2.31086
71.32,2.29955,2.2998
71.33,2.29775,2.30001
71.34,2.29329,2.29749
71.35,2.28765,2.30143
71.36,2.29751,2.30163
71.37,2.2976,2.30463
71.38,2.29683,2.30015
71.39,2.29802,2.30667
71.4,2.30186,2.30094
71.41,2.30552,2.29982
71.42,2.29445,2.30548
71.43,2.29618,2.30273
71.44,2.29603,2.29248
71.45,2.2978,2.30032
71.46,2.29571,2.2914
71.47,2.29936,2.29846
71.48,2.29792,2.28904
71.49,2.29407,2.30089
71.5,2.30167,2.29696
71.51,2.30171,2.29063
71.52,2.3005,2.29733
71.53,2.30574,2.29734
71.54,2.29948,2.29689
71.55,2.30159,2.29459
71.56,2.30261,2.30023
71.57,2.29717,2.30272
71.58,2.29376,2.29409
71.59,2.29411,2.29346
71.6,2.29648,2.29573
71.61,2.30645,2.30704
71.62,2.30832,2.30307
71.63,2.29597,2.29696
71.64,2.30819,2.30029
71.65,2.30977,2.29521
71.66,2.30193,2.29174
71.67,2.30977,2.29926
71.68,2.3106,2.29609
71.69,2.31501,2.30135
71.7,2.30248,2.29325
71.71,2.30207,2.29262
71.72,2.31013,2.29741
71.73,2.29833,2.30282
71.74,2.29697,2.29634
71.75,2.30962,2.30018
71.76,2.29817,2.30455
71.77,2.29739,2.29844
71.78,2.29975,2.29258
71.79,2.29937,2.30001
71.8,2.30304,2.28874
71.81,2.29573,2.30586
71.82,2.30081,2.30605
71.83,2.29518,2.28731
71.84,2.29571,2.30612
71.85,2.30339,2.30178
71.86,2.29567,2.297
71.87,2.30195,2.29874
71.88,2.30073,2.30284
71.89,2.30691,2.29662
71.9,2.30504,2.29381
71.91,2.29667,2.2988
71.92,2.29614,2.30628
71.93,2.29684,2.30227
71.94,2.30145,2.29968
71.95,2.29239,2.29974
71.96,2.30384,2.29864
71.97,2.29776,2.29583
71.98,2.30363,2.29712
71.99,2.30216,2.29573
72.0,2.29869,2.30446
72.01,2.29952,2.29394
72.02,2.3038,2.30175
72.03,2.30627,2.29043
72.04,2.31245,2.29743
72.05,2.30614,2.28998
72.06,2.30659,2.29662
72.07,2.31527,2.29454
72.08,2.31205,2.30118
72.09,2.31396,2.29497
72.1,2.30912,2.29386
72.11,2.30805,2.30339
72.12,2.30572,2.30317
72.13,2.31281,2.29796
72.14,2.31426,2.30147
72.15,2.31266,2.3023
72.16,2.31551,2.30062
72.17,2.31284,2.30103
72.18,2.31502,2.30836
72.19,2.3087,2.29924
72.2,2.30501,2.30417
72.21,2.30367,2.31265
72.22,2.29647,2.30664
72.23,2.31042,2.29936
72.24,2.30428,2.30568
72.25,2.30098,2.30864
72.26,2.29876,2.30102
72.27,2.29926,2.29787
72.28,2.30286,2.30133
72.29,2.30556,2.3009
72.3,2.30493,2.30307
72.31,2.3118,2.31003
72.32,2.30897,2.2998
72.33,2.31434,2.30292
72.34,2.30633,2.30013
72.35,2.30332,2.29481
72.36,2.30715,2.29534
72.37,2.30909,2.29188
72.38,2.3058,2.30805
72.39,2.29714,2.29031
72.4,2.30424,2.30172
72.41,2.30743,2.2942
72.42,2.30648,2.29804
72.43,2.30795,2.29673
72.44,2.2971,2.29783
72.45,2.29577,2.29585
72.46,2.29837,2.3013
72.47,2.29991,2.29402
72.48,2.30148,2.29948
72.49,2.30002,2.29667
72.5,2.30777,2.29926
72.51,2.30731,2.29217
72.52,2.31857,2.29708
72.53,2.30572,2.3006
72.54,2.30696,2.29949
72.55,2.31195,2.31021
72.56,2.31461,2.30743
72.57,2.31505,2.30315
72.58,2.31553,2.30648
72.59,2.31227,2.29072
72.6,2.30829,2.29278
72.61,2.31318,2.29697
72.62,2.31163,2.29016
72.63,2.31239,2.28457
72.64,2.3165,2.29369
72.65,2.30979,2.28993
72.66,2.31512,2.30319
72.67,2.31153,2.29594
72.68,2.29938,2.30419
72.69,2.30658,2.30533
72.7,2.29835,2.29718
72.71,2.30392,2.30209
72.72,2.3044,2.29878
72.73,2.30117,2.28889
72.74,2.30276,2.29542
72.75,2.30389,2.29554
72.76,2.30781,2.29841
72.77,2.31011,2.28909
72.78,2.31296,2.29775
72.79,2.32183,2.30978
72.8,2.30845,2.30624
72.81,2.30482,2.3004
72.82,2.3037,2.30196
72.83,2.30153,2.29516
72.84,2.29527,2.29619
72.85,2.29887,2.30624
72.86,2.30501,2.29103
72.87,2.30065,2.29708
72.88,2.29753,2.29638
72.89,2.30401,2.28908
72.9,2.29517,2.29897
72.91,2.29974,2.29394
72.92,2.29928,2.30112
72.93,2.30357,2.28891
72.94,2.3034,2.29772
72.95,2.30402,2.29247
72.96,2.31161,2.30318
72.97,2.29782,2.29213
72.98,2.30732,2.30194
72.99,2.29411,2.30263
73.0,2.29898,2.30315
73.01,2.30469,2.2987
73.02,2.30351,2.29551
73.03,2.30079,2.29676
73.04,2.29116,2.29413
73.05,2.30279,2.29891
73.06,2.29371,2.30003
73.07,2.29927,2.29695
73.08,2.30276,2.29175
73.09,2.3032,2.29101
73.1,2.3,2.29135
73.11,2.30225,2.30111
73.12,2.30066,2.30062
73.13,2.3007,2.29635
73.14,2.29617,2.29901
73.15,2.28904,2.29887
73.16,2.29574,2.29645
73.17,2.30333,2.29334
73.18,2.30109,2.29694
73.19,2.29528,2.29921
73.2,2.2979,2.30496
73.21,2.30162,2.30253
73.22,2.29948,2.29938
73.23,2.30047,2.30013
73.24,2.2947,2.3
73.25,2.28951,2.30563
73.26,2.29471,2.29802
73.27,2.29578,2.2954
73.28,2.30136,2.29615
73.29,2.2992,2.30505
73.3,2.30226,2.30644
73.31,2.30192,2.30573
73.32,2.30459,2.29873
73.33,2.31068,2.30864
73.34,2.30563,2.307
73.35,2.31226,2.30036
73.36,2.31183,2.30672
73.37,2.30802,2.3061
73.38,2.30681,2.31095
73.39,2.31368,2.30035
73.4,2.31336,2.30563
73.41,2.30357,2.30011
73.42,2.31086,2.29867
73.43,2.31213,2.3025
73.44,2.31691,2.29933
73.45,2.30829,2.29554
73.46,2.313,2.29639
73.47,2.31071,2.29535
73.48,2.30302,2.28765
73.49,2.31256,2.2872
73.5,2.29899,2.2958
73.51,2.30757,2.28973
73.52,2.30722,2.29862
73.53,2.31186,2.29528
73.54,2.30528,2.29907
73.55,2.29877,2.29968
73.56,2.29667,2.29739
73.57,2.30272,2.30069
73.58,2.29977,2.30003
73.59,2.30212,2.30546
73.6,2.30095,2.30523
73.61,2.29678,2.30754
73.62,2.29977,2.30808
73.63,2.29734,2.30786
73.64,2.29921,2.3084
73.65,2.30272,2.30618
73.66,2.29711,2.29148
73.67,2.30798,2.29442
73.68,2.30006,2.3053
73.69,2.30016,2.29794
73.7,2.30725,2.30248
73.71,2.30657,2.29975
73.72,2.30553,2.30357
73.73,2.30529,2.29466
73.74,2.30666,2.28511
73.75,2.29793,2.30543
73.76,2.2965,2.29957
73.77,2.28781,2.29427
73.78,2.30263,2.29636
73.79,2.29607,2.28981
73.8,2.29738,2.29098
73.81,2.29474,2.2973
73.82,2.30913,2.29687
73.83,2.30454,2.28913
73.84,2.30358,2.29858
73.85,2.3,2.31177
73.86,2.30063,2.30173
73.87,2.30156,2.29559
73.88,2.2978,2.30468
73.89,2.29401,2.29213
73.9,2.29985,2.29741
73.91,2.30083,2.29446
73.92,2.30147,2.29389
73.93,2.29587,2.29745
73.94,2.30937,2.29499
73.95,2.3036,2.29114
73.96,2.3005,2.29823
73.97,2.30787,2.30557
73.98,2.30754,2.29303
73.99,2.30975,2.295
74.0,2.30562,2.31079
74.01,2.30619,2.30627
74.02,2.31062,2.29776
74.03,2.30784,2.29841
74.04,2.30318,2.29401
74.05,2.30265,2.31014
74.06,2.30011,2.29037
74.07,2.29999,2.29831
74.08,2.30358,2.29099
74.09,2.30726,2.29512
74.1,2.30923,2.29711
74.11,2.30304,2.29913
74.12,2.29822,2.30358
74.13,2.29981,2.29465
74.14,2.30135,2.29781
74.15,2.30442,2.2967
74.16,2.30676,2.30246
74.17,2.30523,2.29518
74.18,2.30544,2.29841
74.19,2.30168,2.30517
74.2,2.29639,2.29287
74.21,2.30409,2.30379
74.22,2.30156,2.29433
74.23,2.30915,2.30637
74.24,2.30555,2.29911
74.25,2.30217,2.29883
74.26,2.30926,2.29209
74.27,2.29591,2.30153
74.28,2.31002,2.29506
74.29,2.3077,2.30469
74.3,2.2986,2.29534
74.31,2.30541,2.29407
74.32,2.30306,2.28966
74.33,2.29934,2.29972
74.34,2.31141,2.29196
74.35,2.3053,2.29668
74.36,2.30172,2.29686
74.37,2.31704,2.28682
74.38,2.30518,2.30374
74.39,2.30629,2.29743
74.4,2.30678,2.29649
74.41,2.30843,2.29027
74.42,2.30648,2.3034
74.43,2.30377,2.29799
74.44,2.30651,2.29409
74.45,2.29832,2.29489
74.46,2.30753,2.28969
74.47,2.30471,2.28833
74.48,2.30367,2.29663
74.49,2.3085,2.29445
74.5,2.3103,2.30034
74.51,2.30703,2.29481
74.52,2.30421,2.29661
74.53,2.31418,2.28638
74.54,2.30765,2.29452
74.55,2.3111,2.30078
74.56,2.29792,2.30082
74.57,2.30532,2.30326
74.58,2.30319,2.29681
74.59,2.31148,2.29014
74.6,2.31051,2.29601
74.61,2.30283,2.29292
74.62,2.30196,2.30105
74.63,2.30685,2.28762
74.64,2.30795,2.29864
74.65,2.30807,2.30041
74.66,2.30712,2.29843
74.67,2.30827,2.2959
74.68,2.29989,2.30136
74.69,2.29981,2.30238
74.7,2.30006,2.31108
74.71,2.30315,2.30617
74.72,2.30269,2.30191
74.73,2.29703,2.30282
74.74,2.30653,2.30678
74.75,2.30444,2.30363
74.76,2.30388,2.28799
74.77,2.30493,2.29739
74.78,2.29746,2.31136
74.79,2.29818,2.30453
74.8,2.28871,2.29782
74.81,2.30315,2.30384
74.82,2.29613,2.29433
74.83,2.30034,2.29208
74.84,2.30118,2.29396
74.85,2.30322,2.2961
74.86,2.29685,2.28747
74.87,2.29947,2.30032
74.88,2.30574,2.30047
74.89,2.30675,2.30167
74.9,2.30245,2.30154
74.91,2.30421,2.31621
74.92,2.30554,2.31215
74.93,2.30586,2.3138
74.94,2.30157,2.30638
74.95,2.30065,2.30813
74.96,2.30162,2.30433
74.97,2.30583,2.29523
74.98,2.30448,2.30818
74.99,2.30367,2.30358
75.0,2.31029,2.30109
75.01,2.29818,2.30813
75.02,2.3059,2.31211
75.03,2.30014,2.31217
75.04,2.2991,2.31591
75.05,2.29422,2.31044
75.06,2.29831,2.31572
75.07,2.29954,2.31963
75.08,2.3073,2.30321
75.09,2.30204,2.30838
75.1,2.2955,2.30819
75.11,2.30277,2.30575
75.12,2.29949,2.31163
75.13,2.30758,2.30652
75.14,2.30881,2.3152
75.15,2.3008,2.31582
75.16,2.3046,2.31362
75.17,2.2939,2.30087
75.18,2.29908,2.30165
75.19,2.30273,2.30315
75.2,2.30612,2.30287
75.21,2.30413,2.30826
75.22,2.3033,2.30348
75.23,2.30843,2.29659
75.24,2.3037,2.29338
75.25,2.30391,2.30071
75.26,2.30593,2.29776
75.27,2.30653,2.30414
75.28,2.31334,2.30257
75.29,2.31051,2.30266
75.3,2.31167,2.3035
75.31,2.31031,2.30042
75.32,2.30757,2.3024
75.33,2.30442,2.30429
75.34,2.31362,2.30796
75.35,2.31234,2.30435
75.36,2.30342,2.30755
75.37,2.3029,2.30865
75.38,2.30019,2.30161
75.39,2.30688,2.29569
75.4,2.29936,2.29867
75.41,2.30562,2.2994
75.42,2.30531,2.296
75.43,2.29599,2.30265
75.44,2.30811,2.29991
75.45,2.31041,2.3043
75.46,2.30109,2.30173
75.47,2.30151,2.29664
75.48,2.30049,2.29852
75.49,2.30092,2.29902
75.5,2.2942,2.30201
75.51,2.29943,2.29919
75.52,2.29578,2.30747
75.53,2.30315,2.3032
75.54,2.29953,2.3017
75.55,2.29572,2.30865
75.56,2.30135,2.30524
75.57,2.30281,2.29861
75.58,2.29862,2.30702
75.59,2.2987,2.30133
75.6,2.30348,2.29992
75.61,2.29381,2.30884
75.62,2.30048,2.29362
75.63,2.2945,2.29369
75.64,2.30458,2.29352
75.65,2.30588,2.29789
75.66,2.2988,2.28943
75.67,2.29613,2.3012
75.68,2.29439,2.2981
75.69,2.29768,2.29589
75.7,2.30408,2.29325
75.71,2.30795,2.30185
75.72,2.30286,2.29813
75.73,2.31315,2.30077
75.74,2.30611,2.30556
75.75,2.30544,2.29671
75.76,2.30336,2.30023
75.77,2.30482,2.29181
75.78,2.29573,2.30603
75.79,2.29951,2.29879
75.8,2.30629,2.30666
75.81,2.30015,2.30183
75.82,2.31414,2.30084
75.83,2.3022,2.30519
75.84,2.30937,2.30147
75.85,2.30481,2.29371
75.86,2.30032,2.29753
75.87,2.30122,2.29796
75.88,2.30233,2.29831
75.89,2.31501,2.29542
75.9,2.30458,2.30149
75.91,2.30147,2.29783
75.92,2.302,2.30107
75.93,2.2968,2.29937
75.94,2.30326,2.3111
75.95,2.30781,2.30258
75.96,2.30125,2.30145
75.97,2.306,2.29894
75.98,2.30849,2.29833
75.99,2.31596,2.29736
76.0,2.30944,2.29407
76.01,2.30919,2.29983
76.02,2.30251,2.30382
76.03,2.2995,2.30639
76.04,2.3022,2.30376
76.05,2.31425,2.30041
76.06,2.30528,2.29694
76.07,2.30635,2.29122
76.08,2.30117,2.29789
76.09,2.29962,2.30519
76.1,2.29746,2.29734
76.11,2.30021,2.30208
76.12,2.30642,2.29964
76.13,2.31063,2.29391
76.14,2.31175,2.29429
76.15,2.30472,2.29819
76.16,2.30413,2.29963
76.17,2.30249,2.29859
76.18,2.30924,2.29947
76.19,2.3022,2.29741
76.2,2.30985,2.29554
76.21,2.30449,2.30068
76.22,2.3022,2.30033
76.23,2.30696,2.29887
76.24,2.29724,2.30149
76.25,2.30706,2.29561
76.26,2.30886,2.29932
76.27,2.30459,2.30154
76.28,2.31099,2.29292
76.29,2.30907,2.28913
76.3,2.30101,2.29624
76.31,2.30929,2.29379
76.32,2.30649,2.30477
76.33,2.30914,2.29412
76.34,2.3008,2.29988
76.35,2.30626,2.30172
76.36,2.30743,2.30071
76.37,2.30138,2.29896
76.38,2.29466,2.29629
76.39,2.30297,2.2992
76.4,2.29839,2.30372
76.41,2.30655,2.29193
76.42,2.30257,2.29171
76.43,2.31129,2.29991
76.44,2.30318,2.29606
76.45,2.30016,2.29477
76.46,2.30261,2.2925
76.47,2.30178,2.29343
76.48,2.30696,2.29566
76.49,2.30076,2.29127
76.5,2.29545,2.28768
76.51,2.29331,2.29551
76.52,2.29165,2.28599
76.53,2.29824,2.29496
76.54,2.30062,2.29596
76.55,2.30446,2.29117
76.56,2.30086,2.29253
76.57,2.30603,2.29433
76.58,2.30354,2.29568
76.59,2.30864,2.30067
76.6,2.30559,2.29743
76.61,2.29981,2.29234
76.62,2.30359,2.29794
76.63,2.30631,2.28404
76.64,2.29787,2.2996
76.65,2.30706,2.28836
76.66,2.30649,2.29424
76.67,2.30605,2.28334
76.68,2.30805,2.2963
76.69,2.29922,2.29795
76.7,2.3069,2.30119
76.71,2.29585,2.28997
76.72,2.30121,2.30343
76.73,2.29916,2.29913
76.74,2.30273,2.29349
76.75,2.29848,2.29873
76.76,2.29788,2.30284
76.77,2.30032,2.29646
76.78,2.29889,2.30208
76.79,2.30249,2.30332
76.8,2.30135,2.30303
76.81,2.29745,2.30199
76.82,2.29902,2.29389
76.83,2.30124,2.30197
76.84,2.29795,2.30362
76.85,2.30601,2.29961
76.86,2.3042,2.29315
76.87,2.30167,2.30641
76.88,2.3052,2.30196
76.89,2.30376,2.29575
76.9,2.30704,2.2952
76.91,2.3038,2.29297
76.92,2.3002,2.29395
76.93,2.29338,2.29078
76.94,2.29895,2.28656
76.95,2.30198,2.2927
76.96,2.29298,2.29623
76.97,2.30239,2.29616
76.98,2.29807,2.30422
76.99,2.30081,2.29592
77.0,2.30191,2.29457
77.01,2.30166,2.3023
77.02,2.29709,2.29922
77.03,2.3084,2.29954
77.04,2.29972,2.29861
77.05,2.30436,2.29959
77.06,2.30139,2.30148
77.07,2.312,2.30704
77.08,2.30474,2.29346
77.09,2.30025,2.30427
77.1,2.30125,2.30415
77.11,2.298,2.29741
77.12,2.30392,2.29406
77.13,2.30851,2.29584
77.14,2.30736,2.3066
77.15,2.30161,2.29434
77.16,2.30885,2.2993
77.17,2.30444,2.30097
77.18,2.30323,2.29595
77.19,2.29892,2.3041
77.2,2.2938,2.30245
77.21,2.30768,2.30004
77.22,2.30656,2.29713
77.23,2.30856,2.30769
77.24,2.30187,2.3021
77.25,2.30023,2.29816
77.26,2.30587,2.30346
77.27,2.30586,2.29558
77.28,2.30526,2.29714
77.29,2.30272,2.30279
77.3,2.2984,2.3008
77.31,2.30376,2.30467
77.32,2.29984,2.29654
77.33,2.30711,2.30591
77.34,2.30989,2.30342
77.35,2.30103,2.30561
77.36,2.30345,2.31038
77.37,2.30718,2.31036
77.38,2.3014,2.30618
77.39,2.29624,2.30029
77.4,2.29352,2.30293
77.41,2.30121,2.29174
77.42,2.29475,2.28513
77.43,2.30028,2.29438
77.44,2.29414,2.29147
77.45,2.2927,2.2939
77.46,2.29554,2.29439
77.47,2.29491,2.30515
77.48,2.29412,2.29614
77.49,2.29167,2.30059
77.5,2.30024,2.30255
77.51,2.30275,2.29293
77.52,2.30096,2.29545
77.53,2.30327,2.28657
77.54,2.30018,2.29705
77.55,2.29589,2.30209
77.56,2.29979,2.29987
77.57,2.29328,2.30147
77.58,2.29997,2.2952
77.59,2.30364,2.302
77.6,2.29818,2.30687
77.61,2.30242,2.29539
77.62,2.29115,2.29787
77.63,2.2915,2.29843
77.64,2.29805,2.29674
77.65,2.29819,2.29825
77.66,2.29899,2.30616
77.67,2.29734,2.30106
77.68,2.30077,2.29568
77.69,2.30096,2.28978
77.7,2.29683,2.293
77.71,2.29141,2.29332
77.72,2.30218,2.29621
77.73,2.29697,2.29945
77.74,2.29912,2.31235
77.75,2.30633,2.31009
77.76,2.30181,2.30867
77.77,2.29969,2.29679
77.78,2.29683,2.29216
77.79,2.31104,2.29611
77.8,2.29768,2.3076
77.81,2.3029,2.30432
77.82,2.30377,2.30368
77.83,2.30156,2.30725
77.84,2.29955,2.30358
77.85,2.30125,2.3009
77.86,2.29439,2.3026
77.87,2.29114,2.29005
77.88,2.29359,2.29549
77.89,2.29709,2.2888
77.9,2.29909,2.29612
77.91,2.29584,2.30033
77.92,2.2972,2.29354
77.93,2.29636,2.30978
77.94,2.29476,2.3104
77.95,2.29693,2.30035
77.96,2.29784,2.29809
77.97,2.30094,2.29765
77.98,2.30093,2.29791
77.99,2.29838,2.29209
78.0,2.30248,2.29595
78.01,2.29994,2.29905
78.02,2.29839,2.28843
78.03,2.29766,2.29979
78.04,2.30011,2.30224
78.05,2.30336,2.29732
78.06,2.30047,2.30803
78.07,2.2973,2.29928
78.08,2.30172,2.2985
78.09,2.29991,2.29828
78.1,2.3042,2.30111
78.11,2.31512,2.29556
78.12,2.30991,2.30222
78.13,2.30166,2.29989
78.14,2.29791,2.30203
78.15,2.30615,2.30354
78.16,2.30188,2.30372
78.17,2.30356,2.30253
78.18,2.30234,2.30201
78.19,2.29912,2.28557
78.2,2.29717,2.30257
78.21,2.30231,2.29673
78.22,2.30183,2.30007
78.23,2.29605,2.29582
78.24,2.2974,2.29801
78.25,2.30038,2.29918
78.26,2.29666,2.3067
78.27,2.30184,2.31307
78.28,2.30411,2.29302
78.29,2.30551,2.29544
78.3,2.296,2.29268
78.31,2.29986,2.29509
78.32,2.30418,2.29722
78.33,2.29551,2.29299
78.34,2.30359,2.2869
78.35,2.30114,2.30001
78.36,2.30323,2.29593
78.37,2.29651,2.30165
78.38,2.30565,2.29466
78.39,2.30755,2.28928
78.4,2.30085,2.29377
78.41,2.30145,2.29387
78.42,2.30576,2.28892
78.43,2.30764,2.29308
78.44,2.30672,2.29682
78.45,2.30935,2.30864
78.46,2.29927,2.29395
78.47,2.30733,2.29456
78.48,2.31193,2.29276
78.49,2.30975,2.29343
78.5,2.30872,2.29116
78.51,2.30196,2.29662
78.52,2.30266,2.29662
78.53,2.3056,2.2893
78.54,2.30518,2.28969
78.55,2.30249,2.28891
78.56,2.3029,2.2944
78.57,2.30447,2.28655
78.58,2.3032,2.2931
78.59,2.30364,2.29377
78.6,2.29173,2.30014
78.61,2.29722,2.29837
78.62,2.29897,2.29752
78.63,2.29504,2.2867
78.64,2.30258,2.28853
78.65,2.2979,2.29503
78.66,2.30249,2.30199
78.67,2.30411,2.29857
78.68,2.29293,2.2951
78.69,2.29901,2.30246
78.7,2.3025,2.29657
78.71,2.3049,2.30144
78.72,2.30508,2.30383
78.73,2.29692,2.2948
78.74,2.29635,2.29545
78.75,2.30309,2.29508
78.76,2.30721,2.29364
78.77,2.29661,2.29245
78.78,2.29629,2.30105
78.79,2.30276,2.29794
78.8,2.31279,2.29917
78.81,2.30199,2.29157
78.82,2.30119,2.30119
78.83,2.29623,2.29579
78.84,2.29923,2.29922
78.85,2.29832,2.28463
78.86,2.29976,2.29633
78.87,2.29621,2.29151
78.88,2.29941,2.29255
78.89,2.2959,2.29513
78.9,2.29008,2.29202
78.91,2.30031,2.2943
78.92,2.29032,2.29913
78.93,2.29846,2.29709
78.94,2.299,2.29431
78.95,2.29877,2.29543
78.96,2.29824,2.29413
78.97,2.30139,2.29403
78.98,2.2999,2.29132
78.99,2.29697,2.30172
79.0,2.29361,2.29206
79.01,2.29343,2.30199
79.02,2.29443,2.28874
79.03,2.29163,2.29471
79.04,2.29478,2.29745
79.05,2.30545,2.29579
79.06,2.29916,2.29133
79.07,2.29795,2.29277
79.08,2.30411,2.29084
79.09,2.29766,2.30739
79.1,2.28876,2.29736
79.11,2.29547,2.30091
79.12,2.2987,2.30616
79.13,2.29915,2.3003
79.14,2.29769,2.30249
79.15,2.30396,2.30503
79.16,2.30018,2.30112
79.17,2.30094,2.29168
79.18,2.30208,2.29864
79.19,2.29829,2.29447
79.2,2.2979,2.30026
79.21,2.30134,2.29485
79.22,2.29579,2.29261
79.23,2.29488,2.29043
79.24,2.29773,2.30288
79.25,2.30302,2.30745
79.26,2.30283,2.30647
79.27,2.30267,2.30535
79.28,2.30302,2.29618
79.29,2.30125,2.30029
79.3,2.2992,2.30133
79.31,2.29995,2.30811
79.32,2.29883,2.30178
79.33,2.29805,2.30268
79.34,2.29793,2.30147
79.35,2.30359,2.30353
79.36,2.30382,2.30025
79.37,2.29484,2.30316
79.38,2.29854,2.29531
79.39,2.30179,2.30039
79.4,2.29419,2.30389
79.41,2.30171,2.30355
79.42,2.2931,2.29524
79.43,2.29766,2.29634
79.44,2.29551,2.29163
79.45,2.30231,2.30837
79.46,2.29577,2.29067
79.47,2.29239,2.2971
79.48,2.29333,2.29548
79.49,2.2919,2.29694
79.5,2.29471,2.3055
79.51,2.29522,2.28873
79.52,2.29925,2.30624
79.53,2.29834,2.30152
79.54,2.29089,2.30633
79.55,2.29847,2.30522
79.56,2.29856,2.29892
79.57,2.29633,2.28702
79.58,2.29997,2.30467
79.59,2.3057,2.2915
79.6,2.30059,2.29882
79.61,2.29585,2.29716
79.62,2.30062,2.29905
79.63,2.29458,2.29741
79.64,2.29817,2.29323
79.65,2.30268,2.29016
79.66,2.29829,2.2957
79.67,2.29648,2.30271
79.68,2.30197,2.29596
79.69,2.29629,2.28854
79.7,2.30165,2.3001
79.71,2.30359,2.29532
79.72,2.30754,2.29481
79.73,2.29625,2.29368
79.74,2.29425,2.2975
79.75,2.29712,2.29387
79.76,2.30106,2.29553
79.77,2.30028,2.29053
79.78,2.29324,2.2977
79.79,2.30139,2.3038
79.8,2.29347,2.2989
79.81,2.29493,2.3017
79.82,2.29462,2.2993
79.83,2.29518,2.30349
79.84,2.30294,2.30387
79.85,2.30366,2.29906
79.86,2.30052,2.2956
79.87,2.30006,2.30205
79.88,2.29446,2.29769
79.89,2.3057,2.29522
79.9,2.29167,2.29858
79.91,2.29979,2.30211
79.92,2.30075,2.30558
79.93,2.29598,2.30474
79.94,2.30541,2.30284
79.95,2.29063,2.30081
79.96,2.3027,2.30352
79.97,2.29667,2.29484
79.98,2.29865,2.29108
79.99,2.30105,2.30476
80.0,2.29556,2.29503
80.01,2.28856,2.30046
80.02,2.30247,2.29251
80.03,2.29863,2.29882
80.04,2.29907,2.30252
80.05,2.30062,2.29451
80.06,2.30544,2.29627
80.07,2.30427,2.29939
80.08,2.30283,2.30517
80.09,2.30614,2.3015
80.1,2.30679,2.30279
80.11,2.30904,2.29965
80.12,2.30797,2.29331
80.13,2.30117,2.29755
80.14,2.30308,2.29693
80.15,2.30628,2.29421
80.16,2.30935,2.30334
80.17,2.30224,2.29733
80.18,2.31003,2.29728
80.19,2.29472,2.3026
80.2,2.29983,2.3054
80.21,2.29899,2.29975
80.22,2.29557,2.30536
80.23,2.30441,2.31142
80.24,2.29346,2.30816
80.25,2.2937,2.30817
80.26,2.29845,2.30446
80.27,2.2897,2.30503
80.28,2.29465,2.29744
80.29,2.29855,2.29615
80.3,2.29661,2.30243
80.31,2.30021,2.3027
80.32,2.28947,2.30615
80.33,2.30152,2.29942
80.34,2.29384,2.29723
80.35,2.28931,2.29855
80.36,2.28951,2.29607
80.37,2.30141,2.30009
80.38,2.29744,2.29454
80.39,2.29438,2.30273
80.4,2.29599,2.30199
80.41,2.29804,2.29823
80.42,2.29618,2.30143
80.43,2.30354,2.29495
80.44,2.30521,2.29611
80.45,2.30812,2.29003
80.46,2.29616,2.2989
80.47,2.30524,2.29834
80.48,2.30176,2.30022
80.49,2.30273,2.29783
80.5,2.30758,2.29504
80.51,2.30536,2.30354
80.52,2.30812,2.30223
80.53,2.30464,2.30019
80.54,2.30232,2.2982
80.55,2.30439,2.2954
80.56,2.2965,2.30336
80.57,2.30192,2.30285
80.58,2.29809,2.30988
80.59,2.29653,2.30373
80.6,2.29576,2.30446
80.61,2.29374,2.29972
80.62,2.30273,2.30758
80.63,2.2978,2.31017
80.64,2.29793,2.30592
80.65,2.29678,2.29676
80.66,2.30337,2.30142
80.67,2.30258,2.30642
80.68,2.30632,2.31202
80.69,2.30088,2.30992
80.7,2.30476,2.30778
80.71,2.30348,2.30015
80.72,2.30233,2.30269
80.73,2.30978,2.31242
80.74,2.30086,2.30051
80.75,2.29843,2.30378
80.76,2.30612,2.29955
80.77,2.30119,2.29972
80.78,2.30313,2.3039
80.79,2.30788,2.30089
80.8,2.31249,2.29385
80.81,2.3051,2.31135
80.82,2.30284,2.30759
80.83,2.30665,2.29468
80.84,2.3042,2.30437
80.85,2.30356,2.29
80.86,2.30268,2.30435
80.87,2.29697,2.29834
80.88,2.30698,2.30343
80.89,2.31165,2.30579
80.9,2.29918,2.30575
80.91,2.29694,2.3021
80.92,2.30043,2.29755
80.93,2.303,2.29918
80.94,2.30215,2.29907
80.95,2.30219,2.30023
80.96,2.30237,2.2945
80.97,2.29728,2.29735
80.98,2.30204,2.29812
80.99,2.29895,2.30004
81.0,2.30337,2.30197
81.01,2.29951,2.29589
81.02,2.29815,2.29932
81.03,2.29905,2.3015
81.04,2.29513,2.29452
81.05,2.30657,2.30071
81.06,2.29845,2.29641
81.07,2.29453,2.30227
81.08,2.29826,2.31169
81.09,2.29507,2.30457
81.1,2.29796,2.30492
81.11,2.30269,2.30281
81.12,2.29428,2.30775
81.13,2.29572,2.30681
81.14,2.3032,2.30826
81.15,2.30389,2.30432
81.16,2.30312,2.3047
81.17,2.30102,2.30421
81.18,2.30348,2.29716
81.19,2.29842,2.30184
81.2,2.2973,2.29936
81.21,2.30085,2.30673
81.22,2.30078,2.29976
81.23,2.30851,2.30442
81.24,2.30237,2.30614
81.25,2.29851,2.29803
81.26,2.30226,2.29741
81.27,2.30087,2.30741
81.28,2.30132,2.30753
81.29,2.3025,2.30585
81.3,2.30378,2.30157
81.31,2.30162,2.30815
81.32,2.30475,2.30132
81.33,2.30362,2.29971
81.34,2.29627,2.29958
81.35,2.29701,2.2968
81.36,2.2976,2.30279
81.37,2.29728,2.30097
81.38,2.30336,2.298
81.39,2.30214,2.29868
81.4,2.30997,2.30356
81.41,2.30272,2.29984
81.42,2.30405,2.30231
81.43,2.30317,2.30424
81.44,2.30385,2.30018
81.45,2.29625,2.3047
81.46,2.29842,2.29843
81.47,2.29617,2.30173
81.48,2.29881,2.29871
81.49,2.30439,2.30284
81.5,2.30265,2.2992
81.51,2.3061,2.30423
81.52,2.30411,2.3012
81.53,2.30995,2.29805
81.54,2.30268,2.29565
81.55,2.29159,2.29456
81.56,2.30053,2.30097
81.57,2.29628,2.29862
81.58,2.29451,2.30024
81.59,2.29676,2.29929
81.6,2.29558,2.298
81.61,2.29942,2.30035
81.62,2.29234,2.30602
81.63,2.29993,2.29988
81.64,2.291,2.29992
81.65,2.29368,2.29119
81.66,2.30018,2.30122
81.67,2.28906,2.30754
81.68,2.29217,2.2968
81.69,2.29556,2.29752
81.7,2.29906,2.29418
81.71,2.29168,2.29736
81.72,2.30239,2.29481
81.73,2.30769,2.29592
81.74,2.29873,2.29772
81.75,2.29583,2.29436
81.76,2.30394,2.30163
81.77,2.31518,2.29821
81.78,2.30231,2.30172
81.79,2.30177,2.30284
81.8,2.30781,2.30766
81.81,2.30237,2.29356
81.82,2.29228,2.29976
81.83,2.29884,2.28924
81.84,2.30575,2.30653
81.85,2.30103,2.30625
81.86,2.30047,2.2998
81.87,2.30194,2.29825
81.88,2.30387,2.29917
81.89,2.29517,2.28773
81.9,2.29893,2.29595
81.91,2.30784,2.3015
81.92,2.30512,2.30437
81.93,2.29368,2.29511
81.94,2.29142,2.29275
81.95,2.29657,2.3086
81.96,2.29641,2.30638
81.97,2.29846,2.29422
81.98,2.30646,2.30976
81.99,2.30542,2.30379
82.0,2.30476,2.30059
82.01,2.30413,2.30301
82.02,2.3093,2.30681
82.03,2.31329,2.30617
82.04,2.31067,2.30326
82.05,2.30673,2.30369
82.06,2.31483,2.30479
82.07,2.30772,2.30423
82.08,2.30559,2.31245
82.09,2.30761,2.30531
82.1,2.30694,2.30938
82.11,2.30397,2.30464
82.12,2.3054,2.30191
82.13,2.30095,2.29862
82.14,2.30363,2.30371
82.15,2.30275,2.29919
82.16,2.30297,2.30367
82.17,2.30425,2.29976
82.18,2.30031,2.30898
82.19,2.30709,2.31139
82.2,2.31156,2.30953
82.21,2.30794,2.31335
82.22,2.30187,2.30456
82.23,2.29547,2.30786
82.24,2.29667,2.30861
82.25,2.29775,2.31427
82.26,2.30299,2.31677
82.27,2.29954,2.29856
82.28,2.29883,2.30014
82.29,2.3072,2.30755
82.3,2.30216,2.30023
82.31,2.30045,2.30138
82.32,2.30475,2.2991
82.33,2.30492,2.30334
82.34,2.30223,2.30321
82.35,2.29008,2.30452
82.36,2.2908,2.3095
82.37,2.29398,2.31064
82.38,2.29731,2.31736
82.39,2.30142,2.2968
82.4,2.30414,2.3049
82.41,2.30516,2.30257
82.42,2.30325,2.2983
82.43,2.30085,2.29655
82.44,2.29391,2.29833
82.45,2.29745,2.30453
82.46,2.29951,2.3063
82.47,2.29935,2.29864
82.48,2.29934,2.29927
82.49,2.30367,2.29172
82.5,2.30004,2.29677
82.51,2.3081,2.30186
82.52,2.31056,2.29998
82.53,2.30479,2.30619
82.54,2.31077,2.2891
82.55,2.30235,2.29469
82.56,2.30282,2.29774
82.57,2.29973,2.3024
82.58,2.30148,2.30326
82.59,2.30384,2.30668
82.6,2.30155,2.30315
82.61,2.30434,2.29987
82.62,2.30087,2.30344
82.63,2.29621,2.30707
82.64,2.30374,2.29875
82.65,2.30496,2.30385
82.66,2.30302,2.30245
82.67,2.30184,2.3066
82.68,2.2903,2.3054
82.69,2.3026,2.31179
82.7,2.30056,2.31054
82.71,2.30402,2.30379
82.72,2.29635,2.30487
82.73,2.29983,2.30441
82.74,2.29997,2.2973
82.75,2.2952,2.30569
82.76,2.29892,2.30765
82.77,2.29609,2.3018
82.78,2.30013,2.30398
82.79,2.30122,2.30608
82.8,2.30331,2.3062
82.81,2.30331,2.29167
82.82,2.30265,2.30593
82.83,2.30114,2.30161
82.84,2.30262,2.28863
82.85,2.30047,2.29612
82.86,2.30095,2.30366
82.87,2.29341,2.3052
82.88,2.30822,2.29789
82.89,2.30221,2.30566
82.9,2.30177,2.3035
82.91,2.29897,2.29113
82.92,2.29886,2.3055
82.93,2.30558,2.30291
82.94,2.3052,2.29999
82.95,2.30108,2.30715
82.96,2.30468,2.30077
82.97,2.29709,2.30445
82.98,2.30063,2.29775
82.99,2.29841,2.30278
83.0,2.29116,2.30107
83.01,2.29607,2.29896
83.02,2.2956,2.29538
83.03,2.29834,2.29742
83.04,2.29531,2.30032
83.05,2.29483,2.30414
83.06,2.30249,2.30575
83.07,2.29643,2.31078
83.08,2.29465,2.30866
83.09,2.29663,2.29948
83.1,2.2958,2.29976
83.11,2.2983,2.29886
83.12,2.3052,2.29549
83.13,2.30152,2.29553
83.14,2.29014,2.29903
83.15,2.29598,2.30161
83.16,2.30005,2.30043
83.17,2.29038,2.29822
83.18,2.29357,2.29959
83.19,2.29003,2.30317
83.2,2.30105,2.29496
83.21,2.29617,2.30234
83.22,2.29875,2.29891
83.23,2.30036,2.29591
83.24,2.29242,2.29777
83.25,2.29563,2.30073
83.26,2.30128,2.30293
83.27,2.30111,2.30217
83.28,2.30108,2.30331
83.29,2.29445,2.30429
83.3,2.29097,2.30344
83.31,2.29076,2.3026
83.32,2.29786,2.3058
83.33,2.30259,2.29583
83.34,2.28951,2.30649
83.35,2.28994,2.30566
83.36,2.29452,2.30689
83.37,2.30099,2.29558
83.38,2.29774,2.30231
83.39,2.29966,2.30073
83.4,2.29458,2.29802
83.41,2.29578,2.29611
83.42,2.28964,2.3039
83.43,2.29815,2.29354
83.44,2.29414,2.29951
83.45,2.29375,2.29659
83.46,2.29939,2.29899
83.47,2.29675,2.30632
83.48,2.29746,2.29486
83.49,2.2968,2.29653
83.5,2.30128,2.30329
83.51,2.30143,2.30276
83.52,2.29077,2.29361
83.53,2.29903,2.29727
83.54,2.29878,2.29605
83.55,2.29923,2.29792
83.56,2.30253,2.29974
83.57,2.30579,2.294
83.58,2.30077,2.30567
83.59,2.30486,2.30655
83.6,2.30104,2.29984
83.61,2.29851,2.3007
83.62,2.29778,2.29263
83.63,2.29789,2.30554
83.64,2.30388,2.30028
83.65,2.29932,2.29489
83.66,2.29629,2.29431
83.67,2.29167,2.30691
83.68,2.29352,2.30685
83.69,2.29291,2.30262
83.7,2.30366,2.29884
83.71,2.29577,2.30155
83.72,2.29991,2.30032
83.73,2.30624,2.29792
83.74,2.30124,2.30516
83.75,2.31262,2.3035
83.76,2.30546,2.30219
83.77,2.30571,2.30251
83.78,2.30555,2.30174
83.79,2.29915,2.30239
83.8,2.2944,2.3039
83.81,2.30149,2.29678
83.82,2.29963,2.30381
83.83,2.29682,2.30492
83.84,2.30811,2.3026
83.85,2.30733,2.29248
83.86,2.29426,2.2899
83.87,2.29668,2.29693
83.88,2.30613,2.30318
83.89,2.31248,2.29701
83.9,2.3094,2.30525
83.91,2.30856,2.30046
83.92,2.30354,2.29643
83.93,2.30418,2.30236
83.94,2.3066,2.30026
83.95,2.29794,2.29767
83.96,2.30135,2.30075
83.97,2.30455,2.30325
83.98,2.30438,2.29755
83.99,2.30108,2.30362
84.0,2.29394,2.30165
84.01,2.29839,2.30146
84.02,2.2946,2.30522
84.03,2.29923,2.29512
84.04,2.30529,2.29465
84.05,2.30864,2.30337
84.06,2.30663,2.29805
84.07,2.30206,2.30333
84.08,2.3027,2.29701
84.09,2.31099,2.30373
84.1,2.30073,2.29761
84.11,2.30638,2.29719
84.12,2.30889,2.29578
84.13,2.3058,2.29412
84.14,2.29706,2.30204
84.15,2.30082,2.30277
84.16,2.3071,2.30884
84.17,2.31071,2.30204
84.18,2.30907,2.30088
84.19,2.31791,2.30078
84.2,2.31453,2.30648
84.21,2.31216,2.29816
84.22,2.3194,2.29507
84.23,2.31247,2.30056
84.24,2.31034,2.30355
84.25,2.31709,2.2958
84.26,2.30756,2.3105
84.27,2.30384,2.30272
84.28,2.30339,2.29761
84.29,2.29906,2.30311
84.3,2.30281,2.30619
84.31,2.30491,2.30864
84.32,2.29245,2.30871
84.33,2.2997,2.30558
84.34,2.30979,2.30034
84.35,2.304,2.30162
84.36,2.30524,2.29784
84.37,2.31063,2.29633
84.38,2.30618,2.29457
84.39,2.30098,2.29872
84.4,2.30903,2.2965
84.41,2.30602,2.30037
84.42,2.30688,2.29922
84.43,2.30627,2.30262
84.44,2.29946,2.29864
84.45,2.29772,2.29745
84.46,2.30888,2.29653
84.47,2.30278,2.29777
84.48,2.30392,2.29763
84.49,2.30381,2.29992
84.5,2.30075,2.30056
84.51,2.3011,2.29524
84.52,2.29808,2.29627
84.53,2.30084,2.29776
84.54,2.3034,2.2962
84.55,2.30224,2.30302
84.56,2.29631,2.2991
84.57,2.2995,2.30858
84.58,2.29637,2.30779
84.59,2.3047,2.29163
84.6,2.3014,2.29655
84.61,2.30257,2.3033
84.62,2.30573,2.30946
84.63,2.29525,2.29247
84.64,2.30674,2.29625
84.65,2.30562,2.30236
84.66,2.29915,2.29828
84.67,2.29722,2.3015
84.68,2.30191,2.30147
84.69,2.29709,2.29671
84.7,2.30418,2.3012
84.71,2.30553,2.30308
84.72,2.30987,2.30816
84.73,2.31089,2.3054
84.74,2.30737,2.30509
84.75,2.3084,2.31177
84.76,2.30656,2.30662
84.77,2.30668,2.30101
84.78,2.30497,2.30509
84.79,2.30041,2.30841
84.8,2.3019,2.30771
84.81,2.30472,2.30621
84.82,2.29806,2.30721
84.83,2.29471,2.30864
84.84,2.30321,2.30503
84.85,2.29617,2.29479
84.86,2.30463,2.29749
84.87,2.29534,2.30534
84.88,2.29474,2.30037
84.89,2.29425,2.3024
84.9,2.29813,2.30003
84.91,2.30288,2.31306
84.92,2.30956,2.30232
84.93,2.30463,2.29846
84.94,2.30292,2.30155
84.95,2.31264,2.29827
84.96,2.29865,2.29329
84.97,2.3001,2.30342
84.98,2.29971,2.30428
84.99,2.30457,2.29866
85.0,2.30241,2.30846
85.01,2.29308,2.29747
85.02,2.29343,2.29541
85.03,2.29921,2.29873
85.04,2.30727,2.29936
85.05,2.31079,2.29378
85.06,2.30236,2.2983
85.07,2.30251,2.29995
85.08,2.29903,2.30147
85.09,2.30721,2.30258
85.1,2.30199,2.30288
85.11,2.29766,2.30449
85.12,2.30721,2.30271
85.13,2.29588,2.29713
85.14,2.30105,2.29679
85.15,2.30265,2.28828
85.16,2.30114,2.29936
85.17,2.30765,2.29646
85.18,2.31079,2.29958
85.19,2.30195,2.30347
85.2,2.30944,2.29557
85.21,2.30727,2.3025
85.22,2.30352,2.29872
85.23,2.29914,2.29488
85.24,2.30633,2.30633
85.25,2.30011,2.30063
85.26,2.30597,2.3154
85.27,2.30202,2.29912
85.28,2.30504,2.30233
85.29,2.30487,2.30387
85.3,2.31263,2.30759
85.31,2.30315,2.31351
85.32,2.30511,2.30454
85.33,2.30237,2.30831
85.34,2.30312,2.30761
85.35,2.30655,2.31519
85.36,2.3048,2.30746
85.37,2.30377,2.30231
85.38,2.31335,2.29682
85.39,2.30633,2.30296
85.4,2.30355,2.31128
85.41,2.29968,2.30333
85.42,2.3007,2.30671
85.43,2.30888,2.31137
85.44,2.30687,2.30579
85.45,2.30796,2.30555
85.46,2.31073,2.30151
85.47,2.30761,2.29958
85.48,2.31017,2.30083
85.49,2.30367,2.30202
85.5,2.29953,2.30437
85.51,2.3026,2.30087
85.52,2.30284,2.30519
85.53,2.29658,2.30833
85.54,2.29955,2.30374
85.55,2.29523,2.30356
85.56,2.29443,2.30926
85.57,2.29433,2.31064
85.58,2.30428,2.30421
85.59,2.30637,2.29944
85.6,2.30762,2.30056
85.61,2.30863,2.30038
85.62,2.29743,2.30362
85.63,2.30789,2.30262
85.64,2.30324,2.30228
85.65,2.30413,2.30279
85.66,2.30209,2.30338
85.67,2.3062,2.29823
85.68,2.31102,2.30431
85.69,2.29958,2.29934
85.7,2.29768,2.30772
85.71,2.3011,2.30575
85.72,2.30284,2.30718
85.73,2.29945,2.31019
85.74,2.30142,2.30264
85.75,2.30544,2.29964
85.76,2.30435,2.30656
85.77,2.30686,2.30482
85.78,2.30551,2.30473
85.79,2.30414,2.29853
85.8,2.30437,2.30206
85.81,2.30344,2.30295
85.82,2.30491,2.29921
85.83,2.30422,2.29853
85.84,2.30725,2.29954
85.85,2.31285,2.29764
85.86,2.30621,2.30339
85.87,2.30724,2.29422
85.88,2.30885,2.29861
85.89,2.31458,2.29834
85.9,2.30984,2.28995
85.91,2.30362,2.30242
85.92,2.30567,2.29025
85.93,2.30765,2.29806
85.94,2.30742,2.30009
85.95,2.30516,2.29867
85.96,2.31271,2.30506
85.97,2.30741,2.30131
85.98,2.31793,2.2966
85.99,2.30276,2.30794
86.0,2.3205,2.31075
86.01,2.31647,2.31049
86.02,2.30743,2.30538
86.03,2.31308,2.30325
86.04,2.30682,2.30771
86.05,2.29937,2.29794
86.06,2.30765,2.30899
86.07,2.30629,2.30028
86.08,2.31175,2.30404
86.09,2.30543,2.29536
86.1,2.3048,2.30292
86.11,2.29671,2.31335
86.12,2.29525,2.3065
86.13,2.30269,2.31723
86.14,2.30156,2.30776
86.15,2.30149,2.30966
86.16,2.30468,2.2975
86.17,2.30232,2.30332
86.18,2.30704,2.30248
86.19,2.30486,2.29344
86.2,2.30067,2.29976
86.21,2.30505,2.30728
86.22,2.31,2.30455
86.23,2.29945,2.29339
86.24,2.30123,2.29974
86.25,2.30831,2.29725
86.26,2.30672,2.30572
86.27,2.30547,2.29846
86.28,2.30728,2.29771
86.29,2.30541,2.29981
86.3,2.30892,2.30113
86.31,2.3059,2.30911
86.32,2.30607,2.29544
86.33,2.30586,2.30521
86.34,2.30412,2.30181
86.35,2.30134,2.29847
86.36,2.30091,2.29646
86.37,2.305,2.29885
86.38,2.29679,2.29846
86.39,2.30003,2.30208
86.4,2.30962,2.30025
86.41,2.30885,2.29274
86.42,2.30752,2.29654
86.43,2.30152,2.29234
86.44,2.30458,2.29886
86.45,2.30562,2.30325
86.46,2.29802,2.30501
86.47,2.29771,2.3051
86.48,2.29991,2.29841
86.49,2.30471,2.29774
86.5,2.29776,2.29931
86.51,2.29674,2.30505
86.52,2.29849,2.29437
86.53,2.30385,2.29574
86.54,2.30421,2.29141
86.55,2.30935,2.29487
86.56,2.29873,2.2967
86.57,2.30568,2.29789
86.58,2.29713,2.29789
86.59,2.29877,2.30025
86.6,2.30165,2.29947
86.61,2.3015,2.3022
86.62,2.29624,2.29896
86.63,2.29688,2.29402
86.64,2.30922,2.28961
86.65,2.30363,2.2994
86.66,2.30396,2.29774
86.67,2.30163,2.29606
86.68,2.30354,2.29775
86.69,2.30184,2.29708
86.7,2.30104,2.30664
86.71,2.30361,2.29461
86.72,2.3034,2.29383
86.73,2.30243,2.29452
86.74,2.30475,2.29559
86.75,2.30556,2.29583
86.76,2.30068,2.29635
86.77,2.29813,2.29748
86.78,2.30971,2.30264
86.79,2.31252,2.29361
86.8,2.30398,2.29904
86.81,2.30119,2.29963
86.82,2.30881,2.30738
86.83,2.3016,2.29743
86.84,2.30404,2.29965
86.85,2.30062,2.31125
86.86,2.30036,2.29976
86.87,2.30409,2.29732
86.88,2.30828,2.29918
86.89,2.30423,2.29879
86.9,2.30869,2.29617
86.91,2.30881,2.29902
86.92,2.30558,2.29664
86.93,2.31032,2.28925
86.94,2.30105,2.29924
86.95,2.31236,2.29176
86.96,2.30489,2.29722
86.97,2.31189,2.30062
86.98,2.30878,2.29021
86.99,2.30524,2.29822
87.0,2.30716,2.29193
87.01,2.30041,2.29359
87.02,2.30384,2.29642
87.03,2.29963,2.29385
87.04,2.29532,2.31073
87.05,2.29187,2.30214
87.06,2.30246,2.29789
87.07,2.29777,2.30764
87.08,2.29837,2.30056
87.09,2.29648,2.30579
87.1,2.30958,2.30512
87.11,2.30311,2.30175
87.12,2.3017,2.30359
87.13,2.29852,2.30684
87.14,2.30585,2.30914
87.15,2.30581,2.29262
87.16,2.30242,2.29993
87.17,2.30476,2.3102
87.18,2.30858,2.29965
87.19,2.3007,2.30121
87.2,2.30436,2.29
87.21,2.30514,2.30489
87.22,2.30224,2.30491
87.23,2.30017,2.30377
87.24,2.30922,2.29781
87.25,2.30611,2.30319
87.26,2.3102,2.29692
87.27,2.30496,2.29959
87.28,2.30518,2.30207
87.29,2.31238,2.30553
87.3,2.308,2.30147
87.31,2.31226,2.29502
87.32,2.30896,2.29864
87.33,2.30202,2.30054
87.34,2.3025,2.30371
87.35,2.30207,2.29754
87.36,2.30454,2.30424
87.37,2.30259,2.30795
87.38,2.3009,2.30868
87.39,2.30378,2.30211
87.4,2.29963,2.3063
87.41,2.30295,2.30835
87.42,2.3005,2.29733
87.43,2.30479,2.29699
87.44,2.30124,2.30791
87.45,2.29812,2.30513
87.46,2.30168,2.30732
87.47,2.29788,2.30653
87.48,2.29867,2.30438
87.49,2.30205,2.30834
87.5,2.29403,2.30179
87.51,2.29786,2.30737
87.52,2.29956,2.30511
87.53,2.29692,2.30621
87.54,2.30198,2.30834
87.55,2.29445,2.31033
87.56,2.29884,2.31251
87.57,2.29238,2.31509
87.58,2.29475,2.31477
87.59,2.29245,2.30613
87.6,2.3006,2.31545
87.61,2.29925,2.31121
87.62,2.29468,2.30592
87.63,2.29229,2.31657
87.64,2.29721,2.31831
87.65,2.30296,2.32017
87.66,2.29722,2.3122
87.67,2.30198,2.30561
87.68,2.29792,2.31232
87.69,2.29651,2.31366
87.7,2.29522,2.30874
87.71,2.29749,2.30749
87.72,2.30016,2.30354
87.73,2.31188,2.30782
87.74,2.30207,2.30322
87.75,2.29569,2.30336
87.76,2.2973,2.31017
87.77,2.28491,2.31113
87.78,2.29007,2.32176
87.79,2.29694,2.30944
87.8,2.29421,2.30265
87.81,2.29313,2.30085
87.82,2.29349,2.30898
87.83,2.29165,2.30275
87.84,2.29429,2.3143
87.85,2.29625,2.3035
87.86,2.29613,2.29869
87.87,2.28589,2.30474
87.88,2.29384,2.30022
87.89,2.29476,2.30841
87.9,2.28537,2.30944
87.91,2.28517,2.29881
87.92,2.29217,2.30592
87.93,2.29318,2.31133
87.94,2.29484,2.30713
87.95,2.29225,2.30053
87.96,2.29401,2.29918
87.97,2.29008,2.29544
87.98,2.2919,2.30313
87.99,2.29647,2.29605
88.0,2.29727,2.30583
88.01,2.29679,2.30009
88.02,2.3039,2.30301
88.03,2.30351,2.30216
88.04,2.30735,2.30312
88.05,2.29697,2.30709
88.06,2.29177,2.3031
88.07,2.30145,2.30413
88.08,2.29266,2.30112
88.09,2.29353,2.30953
88.1,2.29026,2.2979
88.11,2.28067,2.30186
88.12,2.2885,2.29865
88.13,2.29637,2.30643
88.14,2.28513,2.30539
88.15,2.28462,2.29873
88.16,2.28474,2.29927
88.17,2.29712,2.30432
88.18,2.28769,2.29872
88.19,2.29135,2.30077
88.2,2.28532,2.30047
88.21,2.29226,2.30412
88.22,2.29112,2.29642
88.23,2.28511,2.30561
88.24,2.28145,2.29533
88.25,2.28548,2.30704
88.26,2.28845,2.2954
88.27,2.293,2.29745
88.28,2.29237,2.29756
88.29,2.30146,2.31225
88.3,2.29556,2.30079
88.31,2.29568,2.2988
88.32,2.2894,2.29019
88.33,2.29182,2.29891
88.34,2.28709,2.30133
88.35,2.29275,2.2938
88.36,2.28954,2.29851
88.37,2.29181,2.29607
88.38,2.29465,2.29506
88.39,2.29047,2.30357
88.4,2.29893,2.30051
88.41,2.2943,2.3009
88.42,2.28657,2.29332
88.43,2.2878,2.30472
88.44,2.28641,2.29042
88.45,2.29337,2.29273
88.46,2.28729,2.30517
88.47,2.29404,2.30083
88.48,2.29573,2.30668
88.49,2.29936,2.30133
88.5,2.29428,2.2974
88.51,2.28927,2.30357
88.52,2.29445,2.30647
88.53,2.29,2.3004
88.54,2.29511,2.30089
88.55,2.29323,2.29943
88.56,2.29342,2.29876
88.57,2.29452,2.28734
88.58,2.29431,2.29813
88.59,2.29469,2.2929
88.6,2.29985,2.29966
88.61,2.29761,2.29804
88.62,2.2953,2.29676
88.63,2.28932,2.29748
88.64,2.29281,2.30018
88.65,2.30159,2.29757
88.66,2.29933,2.30961
88.67,2.30181,2.3093
88.68,2.30008,2.29559
88.69,2.29574,2.30756
88.7,2.30006,2.29661
88.71,2.29704,2.30379
88.72,2.28995,2.30623
88.73,2.29584,2.29973
88.74,2.29566,2.30344
88.75,2.29729,2.29545
88.76,2.29127,2.2998
88.77,2.29674,2.30285
88.78,2.29757,2.30121
88.79,2.29416,2.29896
88.8,2.29566,2.30322
88.81,2.30093,2.30404
88.82,2.29733,2.30053
88.83,2.29409,2.29841
88.84,2.30005,2.30144
88.85,2.29578,2.30201
88.86,2.29507,2.29461
88.87,2.29732,2.30474
88.88,2.29803,2.30388
88.89,2.30244,2.30149
88.9,2.29581,2.29554
88.91,2.2934,2.30139
88.92,2.29808,2.30775
88.93,2.29784,2.29485
88.94,2.29021,2.29859
88.95,2.29637,2.3026
88.96,2.2879,2.29601
88.97,2.29063,2.29969
88.98,2.28913,2.30288
88.99,2.28646,2.29444
89.0,2.29305,2.29623
89.01,2.28912,2.30152
89.02,2.2938,2.299
89.03,2.29279,2.29433
89.04,2.2919,2.30165
89.05,2.28972,2.29714
89.06,2.29163,2.28934
89.07,2.2967,2.29365
89.08,2.29499,2.29805
89.09,2.29042,2.28899
89.1,2.29397,2.29975
89.11,2.29252,2.29558
89.12,2.29675,2.30181
89.13,2.29128,2.29849
89.14,2.3018,2.29737
89.15,2.29802,2.29816
89.16,2.29757,2.28694
89.17,2.29741,2.30045
89.18,2.29657,2.30136
89.19,2.29881,2.29084
89.2,2.29432,2.29008
89.21,2.29588,2.2982
89.22,2.29511,2.298
89.23,2.30057,2.30248
89.24,2.29854,2.29668
89.25,2.30015,2.29626
89.26,2.30489,2.29345
89.27,2.30056,2.29838
89.28,2.2931,2.29765
89.29,2.30405,2.29586
89.3,2.29711,2.30163
89.31,2.28844,2.30764
89.32,2.28712,2.30321
89.33,2.28544,2.29021
89.34,2.29205,2.31041
89.35,2.29489,2.30505
89.36,2.2978,2.30567
89.37,2.29836,2.30575
89.38,2.29865,2.30364
89.39,2.3004,2.29891
89.4,2.3069,2.29558
89.41,2.3019,2.29327
89.42,2.30207,2.29775
89.43,2.29495,2.29638
89.44,2.30004,2.30511
89.45,2.30258,2.29104
89.46,2.305,2.29547
89.47,2.30281,2.31688
89.48,2.29796,2.30059
89.49,2.30124,2.30012
89.5,2.30504,2.30145
89.51,2.30477,2.29683
89.52,2.29969,2.30609
89.53,2.30238,2.30103
89.54,2.30882,2.29932
89.55,2.30149,2.2914
89.56,2.3013,2.29166
89.57,2.29954,2.30368
89.58,2.30446,2.30163
89.59,2.29948,2.30246
89.6,2.30378,2.308
89.61,2.29911,2.30433
89.62,2.30264,2.29726
89.63,2.29752,2.29373
89.64,2.29873,2.2925
89.65,2.30332,2.29991
89.66,2.30169,2.30068
89.67,2.30481,2.29911
89.68,2.2956,2.29885
89.69,2.30412,2.29954
89.7,2.30818,2.30358
89.71,2.30129,2.30907
89.72,2.30449,2.31095
89.73,2.29847,2.30437
89.74,2.3087,2.30559
89.75,2.30607,2.29545
89.76,2.30058,2.30396
89.77,2.30547,2.29966
89.78,2.30471,2.30276
89.79,2.30433,2.30769
89.8,2.29737,2.31312
89.81,2.29883,2.30547
89.82,2.30455,2.30079
89.83,2.30117,2.30173
89.84,2.29051,2.30613
89.85,2.29477,2.30156
89.86,2.29724,2.30249
89.87,2.29746,2.31084
89.88,2.29931,2.30091
89.89,2.29253,2.31045
89.9,2.29765,2.3043
89.91,2.29538,2.29252
89.92,2.29097,2.30302
89.93,2.29391,2.3043
89.94,2.29482,2.3025
89.95,2.29189,2.3048
89.96,2.29586,2.29644
89.97,2.30115,2.3018
89.98,2.30256,2.30034
89.99,2.30203,2.30627
90.0,2.30201,2.30605
90.01,2.29856,2.30175
90.02,2.2952,2.29916
90.03,2.28928,2.30243
90.04,2.28916,2.30433
90.05,2.29985,2.30143
90.06,2.29385,2.3039
90.07,2.29134,2.29755
90.08,2.30087,2.30875
90.09,2.29962,2.29927
90.1,2.29785,2.30182
90.11,2.29383,2.30335
90.12,2.29247,2.29405
90.13,2.29081,2.29549
90.14,2.29492,2.29634
90.15,2.28769,2.30273
90.16,2.2938,2.30135
90.17,2.28917,2.29771
90.18,2.30116,2.30114
90.19,2.29669,2.29917
90.2,2.28651,2.305
90.21,2.28116,2.30366
90.22,2.29212,2.30276
90.23,2.2974,2.30588
90.24,2.29402,2.3021
90.25,2.29188,2.30671
90.26,2.29568,2.30875
90.27,2.29648,2.30762
90.28,2.30329,2.30153
90.29,2.29301,2.30828
90.3,2.29546,2.30609
90.31,2.29128,2.30364
90.32,2.28839,2.30633
90.33,2.29479,2.31053
90.34,2.29138,2.29944
90.35,2.30415,2.30029
90.36,2.29811,2.30661
90.37,2.29786,2.29959
90.38,2.29877,2.31373
90.39,2.28982,2.29903
90.4,2.28809,2.29741
90.41,2.28294,2.30643
90.42,2.29959,2.30523
90.43,2.29485,2.30359
90.44,2.30579,2.30825
90.45,2.30044,2.30408
90.46,2.3009,2.30179
90.47,2.29285,2.3028
90.48,2.30016,2.30691
90.49,2.29678,2.30333
90.5,2.30493,2.30851
90.51,2.3044,2.31222
90.52,2.2977,2.30599
90.53,2.30213,2.30911
90.54,2.30262,2.3064
90.55,2.30388,2.29786
90.56,2.2983,2.30814
90.57,2.30586,2.31023
90.58,2.30066,2.31086
90.59,2.30508,2.30441
90.6,2.29777,2.29862
90.61,2.30192,2.30391
90.62,2.29932,2.30214
90.63,2.2956,2.30264
90.64,2.29852,2.30839
90.65,2.29478,2.31179
90.66,2.29691,2.30781
90.67,2.30353,2.30463
90.68,2.30489,2.3061
90.69,2.29613,2.29982
90.7,2.29785,2.30066
90.71,2.2958,2.30128
90.72,2.30157,2.30377
90.73,2.29543,2.29287
90.74,2.3011,2.30297
90.75,2.29719,2.30259
90.76,2.29976,2.30322
90.77,2.30318,2.30012
90.78,2.31291,2.31249
90.79,2.30474,2.31155
90.8,2.30557,2.31053
90.81,2.30397,2.29115
90.82,2.30846,2.30555
90.83,2.30828,2.30438
90.84,2.31022,2.29498
90.85,2.30308,2.30078
90.86,2.30238,2.29476
90.87,2.29937,2.29459
90.88,2.29832,2.30132
90.89,2.29912,2.30152
90.9,2.29662,2.307
90.91,2.30389,2.30135
90.92,2.30596,2.30202
90.93,2.30674,2.30635
90.94,2.30205,2.29506
90.95,2.30757,2.29904
90.96,2.30235,2.30121
90.97,2.30176,2.30461
90.98,2.30262,2.30465
90.99,2.29906,2.29622
91.0,2.30969,2.29242
91.01,2.30738,2.30334
91.02,2.31132,2.30031
91.03,2.29934,2.29762
91.04,2.29508,2.30702
91.05,2.29774,2.30656
91.06,2.29765,2.29432
91.07,2.30282,2.29701
91.08,2.30546,2.29674
91.09,2.30044,2.30613
91.1,2.29785,2.30942
91.11,2.29795,2.30577
91.12,2.29947,2.30326
91.13,2.30065,2.3011
91.14,2.30014,2.29891
91.15,2.31237,2.30703
91.16,2.31062,2.3038
91.17,2.29985,2.30055
91.18,2.30403,2.30122
91.19,2.3077,2.30111
91.2,2.30208,2.31248
91.21,2.30726,2.2998
91.22,2.29111,2.3081
91.23,2.29937,2.30463
91.24,2.29659,2.30332
91.25,2.3016,2.30471
91.26,2.29888,2.30425
91.27,2.30489,2.29827
91.28,2.29751,2.30407
91.29,2.28354,2.30682
91.3,2.29993,2.30797
91.31,2.29905,2.30496
91.32,2.29841,2.30237
91.33,2.30196,2.30461
91.34,2.29816,2.2923
91.35,2.29432,2.29768
91.36,2.30385,2.30481
91.37,2.29467,2.30032
91.38,2.29702,2.30353
91.39,2.29563,2.29609
91.4,2.29671,2.30065
91.41,2.28977,2.29743
91.42,2.29672,2.2937
91.43,2.28963,2.29584
91.44,2.30115,2.29752
91.45,2.29202,2.30142
91.46,2.29546,2.29732
91.47,2.29266,2.30309
91.48,2.29997,2.29842
91.49,2.29525,2.30309
91.5,2.29377,2.30118
91.51,2.29544,2.30041
91.52,2.28624,2.30672
91.53,2.29444,2.29925
91.54,2.29421,2.30347
91.55,2.29037,2.29219
91.56,2.29595,2.29504
91.57,2.29761,2.29505
91.58,2.29278,2.29687
91.59,2.29689,2.30083
91.6,2.3075,2.29916
91.61,2.30195,2.29499
91.62,2.30782,2.29616
91.63,2.30253,2.29851
91.64,2.30095,2.29044
91.65,2.30144,2.29311
91.66,2.29633,2.29907
91.67,2.30466,2.30004
91.68,2.29868,2.30164
91.69,2.3059,2.29175
91.7,2.29491,2.29795
91.71,2.29797,2.29106
91.72,2.3016,2.29682
91.73,2.3024,2.30615
91.74,2.29737,2.30047
91.75,2.28849,2.29535
91.76,2.29319,2.29875
91.77,2.29035,2.2958
91.78,2.28911,2.29588
91.79,2.29074,2.29298
91.8,2.29223,2.29279
91.81,2.29381,2.29519
91.82,2.30512,2.2933
91.83,2.30035,2.29931
91.84,2.29301,2.30573
91.85,2.29721,2.30469
91.86,2.29382,2.30083
91.87,2.30045,2.3015
91.88,2.30442,2.30228
91.89,2.30657,2.30887
91.9,2.30023,2.29641
91.91,2.30271,2.29513
91.92,2.29874,2.29388
91.93,2.29482,2.29558
91.94,2.30357,2.29795
91.95,2.30464,2.29435
91.96,2.3053,2.29598
91.97,2.30228,2.30018
91.98,2.30961,2.30117
91.99,2.29982,2.2999
92.0,2.30347,2.29752
92.01,2.29627,2.29514
92.02,2.29553,2.29533
92.03,2.29774,2.29418
92.04,2.29357,2.29192
92.05,2.29657,2.2966
92.06,2.29507,2.3058
92.07,2.29851,2.30768
92.08,2.30206,2.29424
92.09,2.30768,2.29264
92.1,2.30177,2.29967
92.11,2.29834,2.29628
92.12,2.29464,2.30254
92.13,2.30106,2.29634
92.14,2.30452,2.29736
92.15,2.29875,2.30382
92.16,2.29906,2.3018
92.17,2.29528,2.29774
92.18,2.29588,2.29736
92.19,2.30081,2.30455
92.2,2.2881,2.30548
92.21,2.29773,2.30806
92.22,2.29773,2.31348
92.23,2.30156,2.31306
92.24,2.29311,2.30956
92.25,2.29187,2.30329
92.26,2.28577,2.29972
92.27,2.28296,2.30927
92.28,2.28675,2.30044
92.29,2.28699,2.29745
92.3,2.28605,2.30279
92.31,2.29227,2.30525
92.32,2.29021,2.29386
92.33,2.2892,2.29697
92.34,2.28697,2.29125
92.35,2.29037,2.29108
92.36,2.2896,2.30287
92.37,2.28482,2.30436
92.38,2.28813,2.298
92.39,2.28685,2.29896
92.4,2.28173,2.29587
92.41,2.2907,2.30674
92.42,2.28865,2.30234
92.43,2.29186,2.30679
92.44,2.28918,2.30068
92.45,2.29201,2.30655
92.46,2.28901,2.29852
92.47,2.28296,2.3012
92.48,2.28399,2.29876
92.49,2.29098,2.29293
92.5,2.28685,2.29017
92.51,2.29193,2.29923
92.52,2.29439,2.29274
92.53,2.29281,2.30199
92.54,2.29504,2.30326
92.55,2.29067,2.30273
92.56,2.2894,2.30448
92.57,2.28929,2.29274
92.58,2.28349,2.29312
92.59,2.28798,2.3017
92.6,2.29405,2.30406
92.61,2.29505,2.30838
92.62,2.28994,2.30347
92.63,2.29495,2.30415
92.64,2.2905,2.30877
92.65,2.2972,2.30566
92.66,2.29663,2.30426
92.67,2.29798,2.30515
92.68,2.29715,2.31166
92.69,2.29244,2.29771
92.7,2.29754,2.30903
92.71,2.2992,2.29979
92.72,2.2928,2.30437
92.73,2.29214,2.30089
92.74,2.29763,2.30037
92.75,2.29107,2.30801
92.76,2.28899,2.3106
92.77,2.29368,2.30917
92.78,2.29638,2.30584
92.79,2.29004,2.31007
92.8,2.28683,2.30554
92.81,2.28819,2.31127
92.82,2.29921,2.30545
92.83,2.28889,2.30818
92.84,2.28889,2.30037
92.85,2.293,2.30089
92.86,2.29117,2.30781
92.87,2.29159,2.29669
92.88,2.29937,2.29764
92.89,2.30105,2.29923
92.9,2.29179,2.29635
92.91,2.3013,2.3034
92.92,2.30009,2.29712
92.93,2.29092,2.29141
92.94,2.29544,2.29743
92.95,2.2834,2.28997
92.96,2.29335,2.2906
92.97,2.29905,2.29683
92.98,2.29617,2.29174
92.99,2.29036,2.30066
93.0,2.29023,2.30502
93.01,2.29402,2.30067
93.02,2.29394,2.30021
93.03,2.29313,2.30515
93.04,2.29036,2.29585
93.05,2.29157,2.29409
93.06,2.29825,2.30108
93.07,2.2957,2.30084
93.08,2.29752,2.30085
93.09,2.29518,2.30104
93.1,2.28835,2.2922
93.11,2.29347,2.2948
93.12,2.29363,2.29477
93.13,2.29342,2.30277
93.14,2.29261,2.30547
93.15,2.30308,2.29255
93.16,2.28931,2.29641
93.17,2.28931,2.30436
93.18,2.29239,2.29928
93.19,2.29206,2.30409
93.2,2.29166,2.30702
93.21,2.29208,2.29834
93.22,2.29645,2.29484
93.23,2.29545,2.30603
93.24,2.29705,2.29291
93.25,2.29564,2.30189
93.26,2.29463,2.30249
93.27,2.29572,2.29343
93.28,2.29205,2.30158
93.29,2.29431,2.30085
93.3,2.29255,2.31114
93.31,2.28726,2.30669
93.32,2.29302,2.29987
93.33,2.28955,2.30377
93.34,2.29673,2.29226
93.35,2.2979,2.29156
93.36,2.29454,2.29346
93.37,2.29288,2.29933
93.38,2.3031,2.30275
93.39,2.29356,2.29655
93.4,2.28856,2.2961
93.41,2.28896,2.2975
93.42,2.29202,2.28848
93.43,2.2982,2.28827
93.44,2.29461,2.29327
93.45,2.2967,2.29152
93.46,2.29283,2.29062
93.47,2.29546,2.29403
93.48,2.29433,2.2938
93.49,2.29094,2.29566
93.5,2.28312,2.29486
93.51,2.29866,2.28855
93.52,2.29627,2.29268
93.53,2.29458,2.30182
93.54,2.29904,2.28806
93.55,2.29479,2.30972
93.56,2.29639,2.29255
93.57,2.29831,2.29789
93.58,2.29764,2.30104
93.59,2.30314,2.29069
93.6,2.2951,2.29271
93.61,2.29052,2.29581
93.62,2.29493,2.29585
93.63,2.29634,2.29245
93.64,2.29716,2.2964
93.65,2.29955,2.29124
93.66,2.2961,2.29659
93.67,2.29209,2.29571
93.68,2.29428,2.29839
93.69,2.29548,2.30103
93.7,2.29119,2.29388
93.71,2.29571,2.28723
93.72,2.28506,2.29164
93.73,2.29668,2.28808
93.74,2.29907,2.29968
93.75,2.29744,2.2943
93.76,2.29139,2.29329
93.77,2.29113,2.28907
93.78,2.29567,2.28029
93.79,2.30151,2.29258
93.8,2.29658,2.29174
93.81,2.29783,2.30943
93.82,2.29835,2.29512
93.83,2.30115,2.29986
93.84,2.29898,2.29395
93.85,2.29487,2.30178
93.86,2.29889,2.30166
93.87,2.29884,2.29252
93.88,2.30046,2.29534
93.89,2.29395,2.29859
93.9,2.29982,2.29101
93.91,2.29566,2.29174
93.92,2.29928,2.29202
93.93,2.30063,2.29031
93.94,2.29453,2.30005
93.95,2.29889,2.29136
93.96,2.29185,2.29349
93.97,2.29566,2.29961
93.98,2.30088,2.29222
93.99,2.30282,2.2941
94.0,2.302,2.29432
94.01,2.30149,2.30226
94.02,2.29701,2.30178
94.03,2.30111,2.30229
94.04,2.30293,2.30383
94.05,2.30082,2.30105
94.06,2.30087,2.30639
94.07,2.30409,2.30174
94.08,2.29999,2.30307
94.09,2.30079,2.29822
94.1,2.29984,2.29104
94.11,2.29961,2.29529
94.12,2.30117,2.30221
94.13,2.29681,2.29817
94.14,2.29731,2.30572
94.15,2.29458,2.29361
94.16,2.29372,2.30349
94.17,2.2973,2.29935
94.18,2.30319,2.29816
94.19,2.30419,2.29627
94.2,2.30487,2.30005
94.21,2.29579,2.2986
94.22,2.30005,2.30448
94.23,2.29933,2.30363
94.24,2.2963,2.31661
94.25,2.30234,2.30429
94.26,2.29941,2.30111
94.27,2.29717,2.2968
94.28,2.30006,2.2986
94.29,2.29477,2.29719
94.3,2.3015,2.29604
94.31,2.29503,2.29713
94.32,2.29262,2.29244
94.33,2.29631,2.28884
94.34,2.28481,2.29486
94.35,2.29453,2.29735
94.36,2.29854,2.29288
94.37,2.29768,2.28752
94.38,2.30195,2.2961
94.39,2.30255,2.29872
94.4,2.30253,2.29742
94.41,2.30536,2.30247
94.42,2.29625,2.30568
94.43,2.29377,2.29958
94.44,2.29022,2.30032
94.45,2.28631,2.28781
94.46,2.29166,2.29572
94.47,2.29067,2.29327
94.48,2.3013,2.28946
94.49,2.28998,2.29671
94.5,2.2952,2.29796
94.51,2.29704,2.30691
94.52,2.28444,2.30276
94.53,2.28765,2.30105
94.54,2.29582,2.30157
94.55,2.2981,2.29951
94.56,2.29607,2.30898
94.57,2.29791,2.30235
94.58,2.29858,2.2953
94.59,2.30257,2.29839
94.6,2.29622,2.30652
94.61,2.29935,2.29889
94.62,2.30072,2.29807
94.63,2.29967,2.29807
94.64,2.29936,2.30586
94.65,2.29721,2.30657
94.66,2.29484,2.29839
94.67,2.29498,2.29823
94.68,2.29778,2.29409
94.69,2.29079,2.3046
94.7,2.28935,2.30516
94.71,2.30257,2.3078
94.72,2.29614,2.30816
94.73,2.29717,2.30861
94.74,2.29669,2.30779
94.75,2.29631,2.30648
94.76,2.29238,2.30479
94.77,2.29636,2.29946
94.78,2.29885,2.31316
94.79,2.29237,2.30619
94.8,2.29316,2.30039
94.81,2.29367,2.29618
94.82,2.29422,2.29611
94.83,2.30247,2.29976
94.84,2.294,2.29104
94.85,2.29548,2.2956
94.86,2.29554,2.30284
94.87,2.28951,2.30025
94.88,2.29573,2.29195
94.89,2.30099,2.29257
94.9,2.29781,2.29307
94.91,2.30512,2.28724
94.92,2.29695,2.29251
94.93,2.29382,2.29542
94.94,2.30234,2.29704
94.95,2.2948,2.29485
94.96,2.29569,2.29492
94.97,2.29111,2.29828
94.98,2.29938,2.28718
94.99,2.29308,2.30153
95.0,2.29521,2.30581
95.01,2.28768,2.29917
95.02,2.29617,2.30526
95.03,2.29457,2.29793
95.04,2.30322,2.29146
95.05,2.2931,2.30162
95.06,2.3014,2.29516
95.07,2.3035,2.30162
95.08,2.30444,2.29514
95.09,2.30713,2.29453
95.1,2.29739,2.3002
95.11,2.3056,2.31455
95.12,2.30305,2.29912
95.13,2.29544,2.29861
95.14,2.3049,2.30244
95.15,2.29505,2.30765
95.16,2.29557,2.31658
95.17,2.29874,2.29845
95.18,2.29429,2.29822
95.19,2.29431,2.30062
95.2,2.29233,2.29551
95.21,2.29329,2.2983
95.22,2.2861,2.30504
95.23,2.29071,2.30641
95.24,2.29412,2.30228
95.25,2.29034,2.29302
95.26,2.29923,2.29615
95.27,2.29432,2.29452
95.28,2.29765,2.30256
95.29,2.29031,2.30334
95.3,2.29575,2.30657
95.31,2.28977,2.30672
95.32,2.29435,2.3046
95.33,2.29196,2.29464
95.34,2.29649,2.29915
95.35,2.29884,2.29279
95.36,2.29692,2.29675
95.37,2.28636,2.29501
95.38,2.29584,2.29385
95.39,2.29475,2.30158
95.4,2.28959,2.29638
95.41,2.28964,2.29783
95.42,2.29656,2.29417
95.43,2.29853,2.30504
95.44,2.29708,2.29918
95.45,2.29389,2.28904
95.46,2.29528,2.29841
95.47,2.29786,2.29118
95.48,2.29739,2.29365
95.49,2.29506,2.30547
95.5,2.29852,2.30433
95.51,2.29295,2.30688
95.52,2.29169,2.302
95.53,2.2888,2.29986
95.54,2.2897,2.29092
95.55,2.29253,2.29452
95.56,2.29202,2.30101
95.57,2.28982,2.30268
95.58,2.28842,2.29964
95.59,2.28824,2.3028
95.6,2.28883,2.30555
95.61,2.29027,2.29605
95.62,2.28644,2.29865
95.63,2.2993,2.30328
95.64,2.29038,2.3009
95.65,2.29134,2.30218
95.66,2.28661,2.30659
95.67,2.28953,2.29872
95.68,2.28749,2.30209
95.69,2.28534,2.30862
95.7,2.28946,2.30627
95.71,2.2887,2.30353
95.72,2.29095,2.30535
95.73,2.28834,2.29678
95.74,2.292,2.30905
95.75,2.2886,2.30604
95.76,2.28708,2.30711
95.77,2.28783,2.29865
95.78,2.2922,2.29976
95.79,2.28543,2.3052
95.8,2.29556,2.29246
95.81,2.28821,2.30316
95.82,2.29427,2.31173
95.83,2.29359,2.30155
95.84,2.29317,2.31596
95.85,2.28973,2.3107
95.86,2.29342,2.29917
95.87,2.29761,2.31441
95.88,2.2861,2.30212
95.89,2.2851,2.30583
95.9,2.28556,2.2924
95.91,2.28425,2.29641
95.92,2.28764,2.29498
95.93,2.28912,2.30215
95.94,2.28708,2.30285
95.95,2.28146,2.30651
95.96,2.28558,2.30322
95.97,2.28138,2.2948
95.98,2.28558,2.30412
95.99,2.29281,2.29704
96.0,2.29509,2.30307
96.01,2.28941,2.29297
96.02,2.29081,2.2938
96.03,2.28682,2.31196
96.04,2.29628,2.30371
96.05,2.3021,2.29888
96.06,2.29303,2.3015
96.07,2.29086,2.2991
96.08,2.29248,2.29934
96.09,2.28652,2.29962
96.1,2.28512,2.301
96.11,2.2943,2.30608
96.12,2.28858,2.29659
96.13,2.28851,2.29932
96.14,2.28954,2.30088
96.15,2.28616,2.29556
96.16,2.29241,2.30035
96.17,2.29028,2.30017
96.18,2.29129,2.30321
96.19,2.29493,2.29725
96.2,2.29063,2.30437
96.21,2.28661,2.30455
96.22,2.29007,2.3025
96.23,2.2894,2.30859
96.24,2.29039,2.29574
96.25,2.28707,2.29795
96.26,2.2844,2.30505
96.27,2.29135,2.30127
96.28,2.28928,2.29944
96.29,2.28273,2.31052
96.3,2.28001,2.2963
96.31,2.28809,2.29449
96.32,2.28065,2.30358
96.33,2.28558,2.29164
96.34,2.28644,2.30187
96.35,2.28664,2.29993
96.36,2.28597,2.29809
96.37,2.29337,2.29609
96.38,2.29508,2.29341
96.39,2.29091,2.2911
96.4,2.28973,2.29466
96.41,2.28883,2.29343
96.42,2.29081,2.29499
96.43,2.29064,2.29468
96.44,2.2828,2.29961
96.45,2.28932,2.30709
96.46,2.29662,2.31277
96.47,2.29374,2.30658
96.48,2.28529,2.2996
96.49,2.29294,2.30325
96.5,2.28845,2.30418
96.51,2.28393,2.29587
96.52,2.29366,2.29599
96.53,2.28974,2.30034
96.54,2.29161,2.29965
96.55,2.28648,2.30593
96.56,2.28444,2.29989
96.57,2.28631,2.29622
96.58,2.28585,2.30913
96.59,2.29022,2.29184
96.6,2.28351,2.29956
96.61,2.2853,2.29498
96.62,2.28358,2.29833
96.63,2.28536,2.30563
96.64,2.28305,2.29493
96.65,2.28705,2.29997
96.66,2.2935,2.29511
96.67,2.29197,2.30209
96.68,2.28784,2.30586
96.69,2.28711,2.29647
96.7,2.28708,2.29322
96.71,2.2875,2.29192
96.72,2.29393,2.30391
96.73,2.28928,2.30596
96.74,2.28179,2.29739
96.75,2.28283,2.2917
96.76,2.28138,2.29376
96.77,2.28097,2.29503
96.78,2.28025,2.29126
96.79,2.29037,2.29529
96.8,2.2884,2.29817
96.81,2.28567,2.29405
96.82,2.27988,2.29621
96.83,2.28476,2.29313
96.84,2.28433,2.29199
96.85,2.28521,2.29109
96.86,2.29246,2.29931
96.87,2.29507,2.29418
96.88,2.28722,2.29916
96.89,2.28724,2.29447
96.9,2.29014,2.29394
96.91,2.27969,2.30432
96.92,2.2864,2.29427
96.93,2.28669,2.29444
96.94,2.29024,2.29403
96.95,2.28331,2.29928
96.96,2.29046,2.30255
96.97,2.29439,2.30013
96.98,2.28831,2.29181
96.99,2.28829,2.29839
97.0,2.28704,2.29255
97.01,2.29168,2.29141
97.02,2.29338,2.29797
97.03,2.28826,2.29808
97.04,2.28869,2.29619
97.05,2.28246,2.30068
97.06,2.28741,2.30375
97.07,2.28394,2.29892
97.08,2.28877,2.29447
97.09,2.27916,2.30656
97.1,2.28713,2.29592
97.11,2.29349,2.291
97.12,2.27714,2.3037
97.13,2.28665,2.29729
97.14,2.29007,2.29688
97.15,2.28519,2.29555
97.16,2.28305,2.29719
97.17,2.2842,2.30217
97.18,2.28835,2.29747
97.19,2.28678,2.30093
97.2,2.29117,2.29249
97.21,2.28888,2.30056
97.22,2.28867,2.29565
97.23,2.29512,2.30243
97.24,2.29427,2.29614
97.25,2.29622,2.30752
97.26,2.29146,2.29758
97.27,2.28513,2.29752
97.28,2.2879,2.29976
97.29,2.29677,2.30277
97.3,2.2955,2.3125
97.31,2.2903,2.3007
97.32,2.29298,2.29971
97.33,2.29561,2.30361
97.34,2.29842,2.30369
97.35,2.29866,2.29971
97.36,2.30064,2.29825
97.37,2.29844,2.29903
97.38,2.29729,2.2976
97.39,2.29782,2.30537
97.4,2.2892,2.30591
97.41,2.29469,2.2957
97.42,2.29117,2.3105
97.43,2.28596,2.30906
97.44,2.30008,2.29428
97.45,2.2925,2.30334
97.46,2.287,2.3004
97.47,2.29096,2.30198
97.48,2.2916,2.30147
97.49,2.29386,2.30177
97.5,2.29557,2.30481
97.51,2.28682,2.29862
97.52,2.29154,2.29274
97.53,2.28892,2.30132
97.54,2.28413,2.30403
97.55,2.29084,2.30299
97.56,2.29155,2.31059
97.57,2.29201,2.31023
97.58,2.30158,2.30504
97.59,2.28799,2.31184
97.6,2.28847,2.31177
97.61,2.29319,2.29896
97.62,2.28647,2.30847
97.63,2.28331,2.30672
97.64,2.28496,2.29349
97.65,2.28647,2.30521
97.66,2.29085,2.30114
97.67,2.29179,2.30944
97.68,2.28771,2.30375
97.69,2.28467,2.3083
97.7,2.28672,2.3023
97.71,2.28743,2.30253
97.72,2.28713,2.30528
97.73,2.28641,2.30951
97.74,2.28915,2.30144
97.75,2.2838,2.30928
97.76,2.29223,2.30898
97.77,2.27944,2.30046
97.78,2.27953,2.2995
97.79,2.27917,2.31005
97.8,2.2843,2.29766
97.81,2.28355,2.30418
97.82,2.28096,2.3013
97.83,2.29395,2.29391
97.84,2.28625,2.3022
97.85,2.29057,2.30587
97.86,2.294,2.30772
97.87,2.28103,2.2979
97.88,2.29007,2.30325
97.89,2.2889,2.29673
97.9,2.28425,2.31014
97.91,2.29155,2.29856
97.92,2.28371,2.30699
97.93,2.29306,2.29396
97.94,2.28816,2.30336
97.95,2.2915,2.30422
97.96,2.29079,2.30509
97.97,2.28585,2.29427
97.98,2.28444,2.30866
97.99,2.27728,2.3165
98.0,2.28311,2.30565
98.01,2.28206,2.30492
98.02,2.28788,2.306
98.03,2.28062,2.31197
98.04,2.28576,2.30177
98.05,2.28859,2.30722
98.06,2.28292,2.2961
98.07,2.29413,2.30416
98.08,2.27981,2.30668
98.09,2.28661,2.30908
98.1,2.28811,2.29999
98.11,2.28949,2.3059
98.12,2.29329,2.3068
98.13,2.29678,2.30344
98.14,2.29878,2.30333
98.15,2.28843,2.30493
98.16,2.29304,2.30435
98.17,2.29382,2.31172
98.18,2.29317,2.30207
98.19,2.28608,2.31198
98.2,2.28766,2.30208
98.21,2.28756,2.30569
98.22,2.28998,2.30025
98.23,2.2903,2.30591
98.24,2.29319,2.30575
98.25,2.28849,2.2956
98.26,2.29023,2.30175
98.27,2.28971,2.29806
98.28,2.29312,2.30718
98.29,2.28559,2.29194
98.3,2.29809,2.28472
98.31,2.28992,2.29351
98.32,2.29004,2.29828
98.33,2.28451,2.3105
98.34,2.28062,2.30953
98.35,2.28508,2.2996
98.36,2.29803,2.29355
98.37,2.28579,2.29406
98.38,2.2928,2.30417
98.39,2.29085,2.29904
98.4,2.2965,2.2983
98.41,2.28972,2.29957
98.42,2.29571,2.29323
98.43,2.28262,2.29831
98.44,2.29156,2.29656
98.45,2.29142,2.29741
98.46,2.29212,2.29331
98.47,2.29305,2.29746
98.48,2.29251,2.29462
98.49,2.28126,2.29285
98.5,2.28243,2.29574
98.51,2.29288,2.30178
98.52,2.29548,2.29663
98.53,2.29044,2.29987
98.54,2.29124,2.29472
98.55,2.29684,2.28703
98.56,2.29063,2.29242
98.57,2.29589,2.28948
98.58,2.29064,2.29076
98.59,2.28654,2.29651
98.6,2.28393,2.285
98.61,2.28708,2.28932
98.62,2.28582,2.29801
98.63,2.28863,2.2986
98.64,2.28977,2.29182
98.65,2.29267,2.29984
98.66,2.29132,2.29872
98.67,2.2916,2.29876
98.68,2.29441,2.29143
98.69,2.29451,2.30393
98.7,2.28653,2.29156
98.71,2.28535,2.2906
98.72,2.29609,2.29627
98.73,2.28971,2.29563
98.74,2.28633,2.29609
98.75,2.2854,2.29927
98.76,2.28541,2.29353
98.77,2.28313,2.30102
98.78,2.281,2.30823
98.79,2.28486,2.30323
98.8,2.28288,2.29598
98.81,2.28458,2.2999
98.82,2.2926,2.29935
98.83,2.28588,2.30258
98.84,2.28977,2.29834
98.85,2.28703,2.29887
98.86,2.28639,2.30303
98.87,2.28666,2.30222
98.88,2.28262,2.30291
98.89,2.28307,2.30701
98.9,2.28946,2.29697
98.91,2.28502,2.29453
98.92,2.29031,2.29396
98.93,2.277,2.29781
98.94,2.28828,2.29964
98.95,2.27833,2.29446
98.96,2.28627,2.29595
98.97,2.28378,2.30169
98.98,2.28621,2.29454
98.99,2.29088,2.29042
99.0,2.29241,2.29638
99.01,2.28763,2.30251
99.02,2.28312,2.29307
99.03,2.29033,2.30028
99.04,2.29079,2.29424
99.05,2.28944,2.29848
99.06,2.29172,2.29253
99.07,2.28551,2.29836
99.08,2.29141,2.30017
99.09,2.28972,2.29457
99.1,2.28509,2.30319
99.11,2.2832,2.28751
99.12,2.28351,2.30019
99.13,2.28808,2.29707
99.14,2.28576,2.30235
99.15,2.28032,2.3038
99.16,2.29194,2.30148
99.17,2.28661,2.30813
99.18,2.28621,2.31513
99.19,2.28464,2.2989
99.2,2.28502,2.30398
99.21,2.28303,2.30942
99.22,2.29575,2.30007
99.23,2.29159,2.29373
99.24,2.29244,2.30587
99.25,2.28966,2.29774
99.26,2.28554,2.30099
99.27,2.28918,2.3071
99.28,2.28703,2.3028
99.29,2.29671,2.29797
99.3,2.29072,2.30299
99.31,2.29414,2.30333
99.32,2.28653,2.30333
99.33,2.29448,2.30618
99.34,2.28916,2.29474
99.35,2.28624,2.3008
99.36,2.28832,2.30656
99.37,2.29264,2.29604
99.38,2.28819,2.30401
99.39,2.28462,2.30278
99.4,2.29885,2.30068
99.41,2.28147,2.29407
99.42,2.28576,2.29263
99.43,2.28518,2.29415
99.44,2.29271,2.28956
99.45,2.28601,2.29541
99.46,2.28692,2.28938
99.47,2.29095,2.29326
99.48,2.28108,2.296
99.49,2.28733,2.3048
99.5,2.28537,2.29734
99.51,2.2864,2.30216
99.52,2.29105,2.29512
99.53,2.29601,2.30446
99.54,2.28761,2.30359
99.55,2.28534,2.29463
99.56,2.28979,2.29482
99.57,2.29248,2.29709
99.58,2.28621,2.28902
99.59,2.29453,2.2889
99.6,2.29114,2.30134
99.61,2.28851,2.28845
99.62,2.28655,2.29239
99.63,2.29191,2.29621
99.64,2.28956,2.29229
99.65,2.28207,2.29931
99.66,2.28371,2.2956
99.67,2.29204,2.29979
99.68,2.29141,2.29886
99.69,2.29139,2.30312
99.7,2.28497,2.30289
99.71,2.2819,2.29868
99.72,2.286,2.2983
99.73,2.2837,2.30784
99.74,2.28881,2.29939
99.75,2.28913,2.30272
99.76,2.29431,2.30639
99.77,2.28814,2.30164
99.78,2.28943,2.30728
99.79,2.28882,2.30492
99.8,2.29131,2.29955
99.81,2.28986,2.2965
99.82,2.28254,2.2988
99.83,2.29019,2.29887
99.84,2.28876,2.29165
99.85,2.29949,2.2994
99.86,2.29755,2.30847
99.87,2.29388,2.29776
99.88,2.29314,2.2981
99.89,2.29959,2.29929
99.9,2.29438,2.30111
99.91,2.30178,2.30223
99.92,2.28883,2.30285
99.93,2.29613,2.29444
99.94,2.29647,2.30551
99.95,2.29368,2.30375
99.96,2.29415,2.29719
99.97,2.30187,2.30253
99.98,2.29921,2.30368
99.99,2.29655,2.29386
100.0,2.30168,2.30467
