Time/Residue,VOR_R1.xvg,VOR_R2.xvg,Average
0,2.24823,2.25119,2.24971
0.01,2.27048,2.27614,2.27331
0.02,2.27851,2.28427,2.28139
0.03,2.27241,2.28167,2.27704
0.04,2.27271,2.28076,2.276735
0.05,2.27502,2.2716,2.27331
0.06,2.28004,2.28136,2.2807
0.07,2.27124,2.28046,2.27585
0.08,2.28286,2.28452,2.28369
0.09,2.28242,2.27552,2.27897
0.1,2.28777,2.27835,2.28306
0.11,2.2833,2.28268,2.28299
0.12,2.28767,2.28015,2.28391
0.13,2.28675,2.28007,2.28341
0.14,2.28563,2.26653,2.27608
0.15,2.27535,2.27824,2.276795
0.16,2.28486,2.27605,2.280455
0.17,2.27967,2.2777,2.278685
0.18,2.28329,2.2807,2.281995
0.19,2.27837,2.27673,2.27755
0.2,2.28197,2.27473,2.27835
0.21,2.27737,2.28312,2.280245
0.22,2.2743,2.2782,2.27625
0.23,2.27401,2.27182,2.272915
0.24,2.28316,2.27123,2.277195
0.25,2.28969,2.27119,2.28044
0.26,2.28918,2.27577,2.282475
0.27,2.28832,2.28112,2.28472
0.28,2.28956,2.27734,2.28345
0.29,2.28291,2.28239,2.28265
0.3,2.28506,2.28044,2.28275
0.31,2.27683,2.27935,2.27809
0.32,2.27863,2.27921,2.27892
0.33,2.27666,2.28742,2.28204
0.34,2.27561,2.28171,2.27866
0.35,2.27575,2.27862,2.277185
0.36,2.28783,2.27303,2.28043
0.37,2.27571,2.27337,2.27454
0.38,2.28494,2.27013,2.277535
0.39,2.27424,2.28394,2.27909
0.4,2.27689,2.27489,2.27589
0.41,2.28301,2.27963,2.28132
0.42,2.27777,2.28457,2.28117
0.43,2.27823,2.28738,2.282805
0.44,2.27861,2.28465,2.28163
0.45,2.28054,2.27814,2.27934
0.46,2.28842,2.28561,2.287015
0.47,2.28568,2.29655,2.291115
0.48,2.27972,2.2883,2.28401
0.49,2.28805,2.28549,2.28677
0.5,2.28926,2.29235,2.290805
0.51,2.29006,2.29072,2.29039
0.52,2.28298,2.29169,2.287335
0.53,2.28565,2.28324,2.284445
0.54,2.28719,2.28301,2.2851
0.55,2.28548,2.28261,2.284045
0.56,2.28453,2.27663,2.28058
0.57,2.28281,2.27928,2.281045
0.58,2.28813,2.28381,2.28597
0.59,2.28907,2.28133,2.2852
0.6,2.28129,2.28342,2.282355
0.61,2.2852,2.28309,2.284145
0.62,2.28196,2.2821,2.28203
0.63,2.28422,2.27171,2.277965
0.64,2.27977,2.26516,2.272465
0.65,2.28002,2.27834,2.27918
0.66,2.27633,2.27911,2.27772
0.67,2.27756,2.28327,2.280415
0.68,2.27661,2.2819,2.279255
0.69,2.27441,2.28249,2.27845
0.7,2.2741,2.28363,2.278865
0.71,2.28475,2.28479,2.28477
0.72,2.2878,2.28709,2.287445
0.73,2.29279,2.27008,2.281435
0.74,2.28866,2.28717,2.287915
0.75,2.28895,2.27833,2.28364
0.76,2.28466,2.27946,2.28206
0.77,2.28916,2.28212,2.28564
0.78,2.28677,2.28664,2.286705
0.79,2.29469,2.28556,2.290125
0.8,2.29862,2.28252,2.29057
0.81,2.29466,2.28463,2.289645
0.82,2.29589,2.27542,2.285655
0.83,2.29133,2.27866,2.284995
0.84,2.28745,2.28604,2.286745
0.85,2.28861,2.28673,2.28767
0.86,2.28786,2.2825,2.28518
0.87,2.28509,2.28978,2.287435
0.88,2.29776,2.28846,2.29311
0.89,2.28729,2.29588,2.291585
0.9,2.28955,2.28616,2.287855
0.91,2.29257,2.29487,2.29372
0.92,2.28959,2.27743,2.28351
0.93,2.29026,2.28929,2.289775
0.94,2.29433,2.2907,2.292515
0.95,2.30124,2.29083,2.296035
0.96,2.29681,2.28037,2.28859
0.97,2.29929,2.27428,2.286785
0.98,2.29614,2.28266,2.2894
0.99,2.29105,2.28091,2.28598
1,2.28936,2.28634,2.28785
1.01,2.28811,2.2778,2.282955
1.02,2.29011,2.29109,2.2906
1.03,2.28756,2.28694,2.28725
1.04,2.28642,2.28303,2.284725
1.05,2.28676,2.28409,2.285425
1.06,2.28356,2.28642,2.28499
1.07,2.28673,2.28859,2.28766
1.08,2.28851,2.29,2.289255
1.09,2.29442,2.28721,2.290815
1.1,2.29349,2.28999,2.29174
1.11,2.29221,2.27979,2.286
1.12,2.29079,2.2835,2.287145
1.13,2.28941,2.28908,2.289245
1.14,2.28724,2.29037,2.288805
1.15,2.28959,2.28838,2.288985
1.16,2.29531,2.28309,2.2892
1.17,2.29525,2.2862,2.290725
1.18,2.28939,2.28998,2.289685
1.19,2.29158,2.28426,2.28792
1.2,2.28736,2.28099,2.284175
1.21,2.29159,2.28525,2.28842
1.22,2.29106,2.28451,2.287785
1.23,2.28687,2.29163,2.28925
1.24,2.29977,2.28448,2.292125
1.25,2.2989,2.28267,2.290785
1.26,2.30403,2.27672,2.290375
1.27,2.30257,2.2794,2.290985
1.28,2.29897,2.27904,2.289005
1.29,2.29499,2.28653,2.29076
1.3,2.28907,2.28373,2.2864
1.31,2.29551,2.28602,2.290765
1.32,2.29365,2.27793,2.28579
1.33,2.29506,2.27806,2.28656
1.34,2.29042,2.2825,2.28646
1.35,2.29581,2.28056,2.288185
1.36,2.30602,2.27599,2.291005
1.37,2.29426,2.28228,2.28827
1.38,2.29634,2.27131,2.283825
1.39,2.29476,2.28412,2.28944
1.4,2.29485,2.28417,2.28951
1.41,2.30032,2.28792,2.29412
1.42,2.29203,2.27974,2.285885
1.43,2.29416,2.29101,2.292585
1.44,2.2981,2.28727,2.292685
1.45,2.29721,2.28875,2.29298
1.46,2.29926,2.28675,2.293005
1.47,2.29375,2.28467,2.28921
1.48,2.29169,2.27925,2.28547
1.49,2.30181,2.28346,2.292635
1.5,2.29738,2.28413,2.290755
1.51,2.2981,2.28766,2.29288
1.52,2.28785,2.2812,2.284525
1.53,2.29193,2.28988,2.290905
1.54,2.29596,2.28153,2.288745
1.55,2.29755,2.28349,2.29052
1.56,2.30293,2.2852,2.294065
1.57,2.30383,2.2797,2.291765
1.58,2.29569,2.28588,2.290785
1.59,2.29879,2.28088,2.289835
1.6,2.30007,2.28135,2.29071
1.61,2.29822,2.28377,2.290995
1.62,2.29725,2.28038,2.288815
1.63,2.30775,2.27439,2.29107
1.64,2.30596,2.28287,2.294415
1.65,2.30352,2.28624,2.29488
1.66,2.30048,2.28484,2.29266
1.67,2.29282,2.2883,2.29056
1.68,2.29365,2.29012,2.291885
1.69,2.29935,2.29266,2.296005
1.7,2.293,2.29201,2.292505
1.71,2.29749,2.29107,2.29428
1.72,2.29701,2.2941,2.295555
1.73,2.2952,2.28613,2.290665
1.74,2.30496,2.28891,2.296935
1.75,2.29493,2.28808,2.291505
1.76,2.29935,2.28306,2.291205
1.77,2.29285,2.28361,2.28823
1.78,2.28797,2.28462,2.286295
1.79,2.29722,2.28436,2.29079
1.8,2.3058,2.28659,2.296195
1.81,2.298,2.28333,2.290665
1.82,2.30261,2.28486,2.293735
1.83,2.29909,2.28615,2.29262
1.84,2.29617,2.28431,2.29024
1.85,2.30012,2.28444,2.29228
1.86,2.29499,2.2856,2.290295
1.87,2.29885,2.28369,2.29127
1.88,2.28893,2.2797,2.284315
1.89,2.29291,2.27493,2.28392
1.9,2.29544,2.28065,2.288045
1.91,2.30132,2.28749,2.294405
1.92,2.29759,2.28464,2.291115
1.93,2.30449,2.28311,2.2938
1.94,2.29271,2.2882,2.290455
1.95,2.29617,2.28307,2.28962
1.96,2.29352,2.28439,2.288955
1.97,2.28767,2.29262,2.290145
1.98,2.2969,2.29406,2.29548
1.99,2.29956,2.29516,2.29736
2,2.28943,2.28372,2.286575
2.01,2.28978,2.29064,2.29021
2.02,2.29358,2.28668,2.29013
2.03,2.28858,2.28669,2.287635
2.04,2.28916,2.27593,2.282545
2.05,2.28167,2.27672,2.279195
2.06,2.28452,2.29083,2.287675
2.07,2.28512,2.29277,2.288945
2.08,2.28932,2.28529,2.287305
2.09,2.29006,2.29679,2.293425
2.1,2.29443,2.29182,2.293125
2.11,2.30087,2.29415,2.29751
2.12,2.29987,2.29778,2.298825
2.13,2.29176,2.28811,2.289935
2.14,2.29701,2.28853,2.29277
2.15,2.29676,2.28933,2.293045
2.16,2.29865,2.30029,2.29947
2.17,2.29765,2.29361,2.29563
2.18,2.29885,2.29314,2.295995
2.19,2.29773,2.30009,2.29891
2.2,2.29253,2.29601,2.29427
2.21,2.28928,2.29649,2.292885
2.22,2.29388,2.29147,2.292675
2.23,2.29143,2.29491,2.29317
2.24,2.29691,2.28964,2.293275
2.25,2.30557,2.28839,2.29698
2.26,2.30328,2.2864,2.29484
2.27,2.30239,2.29054,2.296465
2.28,2.30003,2.28698,2.293505
2.29,2.3007,2.30161,2.301155
2.3,2.29674,2.30303,2.299885
2.31,2.2919,2.29726,2.29458
2.32,2.28472,2.29311,2.288915
2.33,2.29991,2.29192,2.295915
2.34,2.29421,2.29416,2.294185
2.35,2.29651,2.29394,2.295225
2.36,2.29558,2.29177,2.293675
2.37,2.30281,2.29219,2.2975
2.38,2.29532,2.2941,2.29471
2.39,2.29727,2.30188,2.299575
2.4,2.29764,2.28847,2.293055
2.41,2.29946,2.29201,2.295735
2.42,2.29692,2.29539,2.296155
2.43,2.29885,2.28571,2.29228
2.44,2.29296,2.29145,2.292205
2.45,2.30084,2.29368,2.29726
2.46,2.30645,2.29141,2.29893
2.47,2.30246,2.2813,2.29188
2.48,2.29824,2.29544,2.29684
2.49,2.29716,2.2863,2.29173
2.5,2.30152,2.29281,2.297165
2.51,2.29888,2.28889,2.293885
2.52,2.29476,2.29017,2.292465
2.53,2.30232,2.29114,2.29673
2.54,2.29945,2.29331,2.29638
2.55,2.30234,2.29748,2.29991
2.56,2.29954,2.29841,2.298975
2.57,2.2982,2.28938,2.29379
2.58,2.30464,2.28589,2.295265
2.59,2.29602,2.28377,2.289895
2.6,2.29523,2.28709,2.29116
2.61,2.28818,2.28286,2.28552
2.62,2.30215,2.28441,2.29328
2.63,2.28986,2.29254,2.2912
2.64,2.29779,2.29612,2.296955
2.65,2.29451,2.28829,2.2914
2.66,2.29243,2.29925,2.29584
2.67,2.30194,2.28553,2.293735
2.68,2.30231,2.29424,2.298275
2.69,2.30067,2.29939,2.30003
2.7,2.30225,2.28872,2.295485
2.71,2.29624,2.28786,2.29205
2.72,2.29398,2.2869,2.29044
2.73,2.29573,2.2887,2.292215
2.74,2.30326,2.28815,2.295705
2.75,2.30505,2.28875,2.2969
2.76,2.29292,2.29275,2.292835
2.77,2.30102,2.29003,2.295525
2.78,2.30053,2.28841,2.29447
2.79,2.29694,2.28872,2.29283
2.8,2.29437,2.28637,2.29037
2.81,2.30239,2.29078,2.296585
2.82,2.2943,2.29372,2.29401
2.83,2.30277,2.30023,2.3015
2.84,2.29195,2.29725,2.2946
2.85,2.30257,2.2999,2.301235
2.86,2.30427,2.29958,2.301925
2.87,2.29766,2.30157,2.299615
2.88,2.29435,2.30622,2.300285
2.89,2.29571,2.30177,2.29874
2.9,2.30198,2.30238,2.30218
2.91,2.30784,2.30733,2.307585
2.92,2.3103,2.30324,2.30677
2.93,2.29853,2.30235,2.30044
2.94,2.30353,2.3062,2.304865
2.95,2.29892,2.30303,2.300975
2.96,2.30081,2.30687,2.30384
2.97,2.29316,2.30457,2.298865
2.98,2.3024,2.30757,2.304985
2.99,2.30707,2.30266,2.304865
3,2.30589,2.30278,2.304335
3.01,2.29755,2.30719,2.30237
3.02,2.29532,2.30712,2.30122
3.03,2.2951,2.30645,2.300775
3.04,2.30309,2.30312,2.303105
3.05,2.30029,2.29967,2.29998
3.06,2.31215,2.30495,2.30855
3.07,2.30117,2.30221,2.30169
3.08,2.29889,2.30856,2.303725
3.09,2.31017,2.31143,2.3108
3.1,2.31358,2.31923,2.316405
3.11,2.30779,2.30798,2.307885
3.12,2.30652,2.31434,2.31043
3.13,2.29466,2.31061,2.302635
3.14,2.30456,2.30311,2.303835
3.15,2.30337,2.31365,2.30851
3.16,2.30124,2.31151,2.306375
3.17,2.30111,2.31281,2.30696
3.18,2.29737,2.30391,2.30064
3.19,2.30803,2.31037,2.3092
3.2,2.29817,2.30484,2.301505
3.21,2.30315,2.29661,2.29988
3.22,2.3133,2.30194,2.30762
3.23,2.31715,2.30721,2.31218
3.24,2.30954,2.30707,2.308305
3.25,2.30894,2.3064,2.30767
3.26,2.30947,2.29908,2.304275
3.27,2.30699,2.31423,2.31061
3.28,2.30259,2.31559,2.30909
3.29,2.29109,2.30466,2.297875
3.3,2.29999,2.30172,2.300855
3.31,2.30538,2.30248,2.30393
3.32,2.29883,2.30428,2.301555
3.33,2.30434,2.3076,2.30597
3.34,2.3047,2.30782,2.30626
3.35,2.30362,2.30433,2.303975
3.36,2.30725,2.29242,2.299835
3.37,2.30101,2.29948,2.300245
3.38,2.29816,2.30383,2.300995
3.39,2.3001,2.29483,2.297465
3.4,2.29999,2.2981,2.299045
3.41,2.31814,2.29664,2.30739
3.42,2.30656,2.30095,2.303755
3.43,2.30552,2.29821,2.301865
3.44,2.30313,2.29238,2.297755
3.45,2.29924,2.29804,2.29864
3.46,2.29663,2.297,2.296815
3.47,2.29825,2.29646,2.297355
3.48,2.29011,2.30493,2.29752
3.49,2.29598,2.30371,2.299845
3.5,2.29984,2.3087,2.30427
3.51,2.30259,2.30834,2.305465
3.52,2.2997,2.30774,2.30372
3.53,2.29723,2.30683,2.30203
3.54,2.29852,2.30069,2.299605
3.55,2.30099,2.3093,2.305145
3.56,2.29862,2.30721,2.302915
3.57,2.30074,2.30761,2.304175
3.58,2.28543,2.30551,2.29547
3.59,2.29197,2.30537,2.29867
3.6,2.29527,2.29929,2.29728
3.61,2.29615,2.3162,2.306175
3.62,2.29351,2.31219,2.30285
3.63,2.29725,2.29857,2.29791
3.64,2.29174,2.29504,2.29339
3.65,2.29511,2.29972,2.297415
3.66,2.29016,2.30076,2.29546
3.67,2.29715,2.30127,2.29921
3.68,2.29651,2.3011,2.298805
3.69,2.29883,2.29665,2.29774
3.7,2.2935,2.29938,2.29644
3.71,2.29233,2.30363,2.29798
3.72,2.30233,2.29853,2.30043
3.73,2.29906,2.30155,2.300305
3.74,2.30791,2.31198,2.309945
3.75,2.31109,2.31048,2.310785
3.76,2.29963,2.31039,2.30501
3.77,2.30003,2.3082,2.304115
3.78,2.30213,2.30606,2.304095
3.79,2.30177,2.31418,2.307975
3.8,2.30275,2.29887,2.30081
3.81,2.30211,2.2967,2.299405
3.82,2.30278,2.29739,2.300085
3.83,2.30221,2.30857,2.30539
3.84,2.30069,2.2995,2.300095
3.85,2.30476,2.30341,2.304085
3.86,2.29572,2.2998,2.29776
3.87,2.29552,2.30447,2.299995
3.88,2.29186,2.29886,2.29536
3.89,2.29391,2.29941,2.29666
3.9,2.28758,2.29957,2.293575
3.91,2.30377,2.30045,2.30211
3.92,2.30103,2.30786,2.304445
3.93,2.31004,2.30189,2.305965
3.94,2.30631,2.30296,2.304635
3.95,2.3012,2.30021,2.300705
3.96,2.30255,2.29343,2.29799
3.97,2.30222,2.30045,2.301335
3.98,2.29648,2.28777,2.292125
3.99,2.30404,2.29815,2.301095
4,2.29841,2.29805,2.29823
4.01,2.30193,2.29254,2.297235
4.02,2.31303,2.29394,2.303485
4.03,2.3003,2.29415,2.297225
4.04,2.30049,2.30285,2.30167
4.05,2.29651,2.30895,2.30273
4.06,2.2896,2.30769,2.298645
4.07,2.29271,2.29635,2.29453
4.08,2.29228,2.29918,2.29573
4.09,2.29397,2.29057,2.29227
4.1,2.29051,2.29868,2.294595
4.11,2.28393,2.29742,2.290675
4.12,2.29218,2.29895,2.295565
4.13,2.29323,2.30346,2.298345
4.14,2.29341,2.29627,2.29484
4.15,2.29571,2.29364,2.294675
4.16,2.29169,2.29912,2.295405
4.17,2.29666,2.30448,2.30057
4.18,2.28661,2.29939,2.293
4.19,2.29397,2.29236,2.293165
4.2,2.29156,2.3046,2.29808
4.21,2.28872,2.29572,2.29222
4.22,2.29622,2.29331,2.294765
4.23,2.29635,2.29384,2.295095
4.24,2.29169,2.29763,2.29466
4.25,2.30075,2.31055,2.30565
4.26,2.29557,2.29377,2.29467
4.27,2.29366,2.29687,2.295265
4.28,2.2935,2.2903,2.2919
4.29,2.30061,2.30129,2.30095
4.3,2.30059,2.29371,2.29715
4.31,2.30461,2.29182,2.298215
4.32,2.30008,2.29473,2.297405
4.33,2.30214,2.29781,2.299975
4.34,2.30898,2.29361,2.301295
4.35,2.30401,2.28995,2.29698
4.36,2.29899,2.30295,2.30097
4.37,2.29881,2.30328,2.301045
4.38,2.29566,2.29754,2.2966
4.39,2.2959,2.30689,2.301395
4.4,2.29668,2.29612,2.2964
4.41,2.29571,2.28966,2.292685
4.42,2.29886,2.29641,2.297635
4.43,2.29669,2.29543,2.29606
4.44,2.29308,2.30252,2.2978
4.45,2.29799,2.29354,2.295765
4.46,2.29836,2.29574,2.29705
4.47,2.29875,2.29596,2.297355
4.48,2.29539,2.29212,2.293755
4.49,2.28784,2.2923,2.29007
4.5,2.28647,2.29533,2.2909
4.51,2.29407,2.29698,2.295525
4.52,2.29709,2.3016,2.299345
4.53,2.29276,2.29412,2.29344
4.54,2.29658,2.29323,2.294905
4.55,2.29821,2.30054,2.299375
4.56,2.29592,2.30091,2.298415
4.57,2.29899,2.29554,2.297265
4.58,2.29735,2.29926,2.298305
4.59,2.29605,2.29341,2.29473
4.6,2.29738,2.30002,2.2987
4.61,2.30172,2.29663,2.299175
4.62,2.30383,2.29438,2.299105
4.63,2.30372,2.29451,2.299115
4.64,2.30224,2.297,2.29962
4.65,2.3039,2.29555,2.299725
4.66,2.30089,2.29629,2.29859
4.67,2.28942,2.29364,2.29153
4.68,2.29781,2.29568,2.296745
4.69,2.30093,2.28709,2.29401
4.7,2.2975,2.29762,2.29756
4.71,2.30059,2.29084,2.295715
4.72,2.30089,2.29366,2.297275
4.73,2.30155,2.30028,2.300915
4.74,2.30601,2.28264,2.294325
4.75,2.30225,2.29113,2.29669
4.76,2.29003,2.2933,2.291665
4.77,2.29737,2.2857,2.291535
4.78,2.29113,2.29808,2.294605
4.79,2.29253,2.29095,2.29174
4.8,2.29476,2.30347,2.299115
4.81,2.28924,2.30229,2.295765
4.82,2.29252,2.30094,2.29673
4.83,2.28926,2.29745,2.293355
4.84,2.28108,2.2937,2.28739
4.85,2.28808,2.29581,2.291945
4.86,2.28573,2.3022,2.293965
4.87,2.28453,2.29333,2.28893
4.88,2.28119,2.29552,2.288355
4.89,2.28917,2.29059,2.28988
4.9,2.29882,2.29318,2.296
4.91,2.29011,2.29245,2.29128
4.92,2.29317,2.2905,2.291835
4.93,2.2917,2.28683,2.289265
4.94,2.2952,2.29322,2.29421
4.95,2.29756,2.28558,2.29157
4.96,2.30143,2.28613,2.29378
4.97,2.30063,2.28422,2.292425
4.98,2.30425,2.28628,2.295265
4.99,2.29706,2.28589,2.291475
5,2.2898,2.28946,2.28963
5.01,2.296,2.2974,2.2967
5.02,2.28987,2.29215,2.29101
5.03,2.29574,2.28835,2.292045
5.04,2.29767,2.29857,2.29812
5.05,2.28615,2.29547,2.29081
5.06,2.29597,2.28419,2.29008
5.07,2.29265,2.29079,2.29172
5.08,2.28833,2.29274,2.290535
5.09,2.29265,2.29504,2.293845
5.1,2.28783,2.29436,2.291095
5.11,2.29428,2.28808,2.29118
5.12,2.29266,2.28995,2.291305
5.13,2.2805,2.2918,2.28615
5.14,2.29556,2.29023,2.292895
5.15,2.28981,2.30152,2.295665
5.16,2.30069,2.29631,2.2985
5.17,2.29733,2.30002,2.298675
5.18,2.2906,2.28792,2.28926
5.19,2.29293,2.29161,2.29227
5.2,2.28539,2.29466,2.290025
5.21,2.28192,2.29841,2.290165
5.22,2.2847,2.30284,2.29377
5.23,2.28952,2.2891,2.28931
5.24,2.29591,2.30122,2.298565
5.25,2.28946,2.28976,2.28961
5.26,2.29703,2.29939,2.29821
5.27,2.29149,2.30039,2.29594
5.28,2.29224,2.2976,2.29492
5.29,2.29478,2.29944,2.29711
5.3,2.29358,2.30041,2.296995
5.31,2.2884,2.29816,2.29328
5.32,2.29118,2.30036,2.29577
5.33,2.28389,2.30612,2.295005
5.34,2.29417,2.30302,2.298595
5.35,2.28954,2.30827,2.298905
5.36,2.29192,2.3015,2.29671
5.37,2.29842,2.30974,2.30408
5.38,2.29232,2.31317,2.302745
5.39,2.28824,2.30808,2.29816
5.4,2.28942,2.31039,2.299905
5.41,2.29766,2.30811,2.302885
5.42,2.29452,2.30552,2.30002
5.43,2.29661,2.30908,2.302845
5.44,2.29937,2.2976,2.298485
5.45,2.29915,2.30371,2.30143
5.46,2.29395,2.30443,2.29919
5.47,2.29529,2.30432,2.299805
5.48,2.29764,2.31142,2.30453
5.49,2.30203,2.30187,2.30195
5.5,2.29913,2.30701,2.30307
5.51,2.29709,2.3053,2.301195
5.52,2.29701,2.29575,2.29638
5.53,2.29401,2.30055,2.29728
5.54,2.30091,2.29338,2.297145
5.55,2.30339,2.29255,2.29797
5.56,2.3025,2.3062,2.30435
5.57,2.30288,2.29543,2.299155
5.58,2.30419,2.30362,2.303905
5.59,2.30237,2.31239,2.30738
5.6,2.29557,2.30519,2.30038
5.61,2.30472,2.30543,2.305075
5.62,2.30298,2.29104,2.29701
5.63,2.308,2.30554,2.30677
5.64,2.30483,2.30415,2.30449
5.65,2.3131,2.30443,2.308765
5.66,2.30196,2.29427,2.298115
5.67,2.29947,2.2955,2.297485
5.68,2.29813,2.30782,2.302975
5.69,2.30375,2.3019,2.302825
5.7,2.30762,2.30016,2.30389
5.71,2.30102,2.29552,2.29827
5.72,2.30391,2.29798,2.300945
5.73,2.30148,2.31226,2.30687
5.74,2.30465,2.29912,2.301885
5.75,2.30541,2.30649,2.30595
5.76,2.29566,2.30023,2.297945
5.77,2.29944,2.29961,2.299525
5.78,2.29766,2.28881,2.293235
5.79,2.29622,2.29462,2.29542
5.8,2.29052,2.29493,2.292725
5.81,2.29577,2.2968,2.296285
5.82,2.30539,2.30041,2.3029
5.83,2.30018,2.29389,2.297035
5.84,2.30286,2.30413,2.303495
5.85,2.30731,2.29636,2.301835
5.86,2.30832,2.28985,2.299085
5.87,2.30292,2.29426,2.29859
5.88,2.30668,2.29844,2.30256
5.89,2.30979,2.29644,2.303115
5.9,2.30721,2.29394,2.300575
5.91,2.30466,2.29715,2.300905
5.92,2.30745,2.28896,2.298205
5.93,2.30677,2.2976,2.302185
5.94,2.30276,2.29553,2.299145
5.95,2.30372,2.2977,2.30071
5.96,2.29732,2.29508,2.2962
5.97,2.30752,2.29844,2.30298
5.98,2.30439,2.29093,2.29766
5.99,2.30733,2.28758,2.297455
6,2.30448,2.28815,2.296315
6.01,2.30244,2.29789,2.300165
6.02,2.30739,2.29418,2.300785
6.03,2.30467,2.28741,2.29604
6.04,2.30345,2.29159,2.29752
6.05,2.30571,2.29878,2.302245
6.06,2.31699,2.29169,2.30434
6.07,2.30627,2.29747,2.30187
6.08,2.31684,2.29215,2.304495
6.09,2.30511,2.29428,2.299695
6.1,2.31465,2.29716,2.305905
6.11,2.30774,2.29237,2.300055
6.12,2.30793,2.29282,2.300375
6.13,2.30645,2.29211,2.29928
6.14,2.30177,2.29994,2.300855
6.15,2.31032,2.29782,2.30407
6.16,2.31808,2.2948,2.30644
6.17,2.31538,2.29277,2.304075
6.18,2.30647,2.2918,2.299135
6.19,2.30284,2.295,2.29892
6.2,2.31168,2.30057,2.306125
6.21,2.30584,2.30287,2.304355
6.22,2.30396,2.29423,2.299095
6.23,2.30537,2.2944,2.299885
6.24,2.30196,2.29301,2.297485
6.25,2.30392,2.29656,2.30024
6.26,2.3035,2.29077,2.297135
6.27,2.30358,2.28883,2.296205
6.28,2.30581,2.29355,2.29968
6.29,2.30719,2.28996,2.298575
6.3,2.30163,2.2931,2.297365
6.31,2.30302,2.29177,2.297395
6.32,2.30694,2.30208,2.30451
6.33,2.30171,2.28934,2.295525
6.34,2.30471,2.28956,2.297135
6.35,2.29975,2.29325,2.2965
6.36,2.30037,2.30125,2.30081
6.37,2.29858,2.28923,2.293905
6.38,2.30156,2.29691,2.299235
6.39,2.30144,2.29953,2.300485
6.4,2.30744,2.29272,2.30008
6.41,2.31072,2.30283,2.306775
6.42,2.30097,2.30866,2.304815
6.43,2.30487,2.30641,2.30564
6.44,2.3034,2.30355,2.303475
6.45,2.30025,2.30818,2.304215
6.46,2.30204,2.3011,2.30157
6.47,2.30182,2.30104,2.30143
6.48,2.30149,2.304,2.302745
6.49,2.305,2.30345,2.304225
6.5,2.30593,2.30796,2.306945
6.51,2.30721,2.30909,2.30815
6.52,2.3029,2.31401,2.308455
6.53,2.30175,2.31214,2.306945
6.54,2.29972,2.31099,2.305355
6.55,2.30528,2.30681,2.306045
6.56,2.30109,2.31511,2.3081
6.57,2.29908,2.30195,2.300515
6.58,2.29602,2.2973,2.29666
6.59,2.29434,2.29921,2.296775
6.6,2.29652,2.30465,2.300585
6.61,2.29082,2.29619,2.293505
6.62,2.30285,2.29807,2.30046
6.63,2.29986,2.29861,2.299235
6.64,2.29926,2.29782,2.29854
6.65,2.2954,2.29278,2.29409
6.66,2.29936,2.29304,2.2962
6.67,2.3054,2.29729,2.301345
6.68,2.29737,2.29846,2.297915
6.69,2.29791,2.29574,2.296825
6.7,2.29109,2.28711,2.2891
6.71,2.28793,2.28923,2.28858
6.72,2.29348,2.29117,2.292325
6.73,2.30183,2.28808,2.294955
6.74,2.29711,2.29305,2.29508
6.75,2.29624,2.30036,2.2983
6.76,2.29409,2.29197,2.29303
6.77,2.29932,2.29599,2.297655
6.78,2.30012,2.28623,2.293175
6.79,2.29341,2.29694,2.295175
6.8,2.30065,2.29594,2.298295
6.81,2.30498,2.29908,2.30203
6.82,2.30824,2.28415,2.296195
6.83,2.3063,2.28692,2.29661
6.84,2.30217,2.29437,2.29827
6.85,2.30116,2.30262,2.30189
6.86,2.30311,2.29637,2.29974
6.87,2.31424,2.295,2.30462
6.88,2.31016,2.29225,2.301205
6.89,2.30525,2.28808,2.296665
6.9,2.30487,2.28688,2.295875
6.91,2.30159,2.29817,2.29988
6.92,2.30181,2.2934,2.297605
6.93,2.30353,2.2854,2.294465
6.94,2.30479,2.29484,2.299815
6.95,2.29902,2.2882,2.29361
6.96,2.30483,2.3044,2.304615
6.97,2.30568,2.29999,2.302835
6.98,2.29976,2.29761,2.298685
6.99,2.30843,2.30324,2.305835
7,2.30496,2.30139,2.303175
7.01,2.3092,2.30057,2.304885
7.02,2.30466,2.2918,2.29823
7.03,2.2997,2.29932,2.29951
7.04,2.31138,2.29539,2.303385
7.05,2.30542,2.3074,2.30641
7.06,2.308,2.29824,2.30312
7.07,2.30644,2.29693,2.301685
7.08,2.30562,2.29203,2.298825
7.09,2.30871,2.30424,2.306475
7.1,2.31183,2.30673,2.30928
7.11,2.30184,2.30866,2.30525
7.12,2.30576,2.30469,2.305225
7.13,2.29965,2.30676,2.303205
7.14,2.3027,2.30577,2.304235
7.15,2.29448,2.30168,2.29808
7.16,2.30653,2.30704,2.306785
7.17,2.31036,2.30243,2.306395
7.18,2.3087,2.30527,2.306985
7.19,2.30566,2.30056,2.30311
7.2,2.30234,2.30139,2.301865
7.21,2.30656,2.30241,2.304485
7.22,2.29709,2.30836,2.302725
7.23,2.30256,2.30431,2.303435
7.24,2.3088,2.30759,2.308195
7.25,2.30262,2.3052,2.30391
7.26,2.30474,2.29993,2.302335
7.27,2.31415,2.30211,2.30813
7.28,2.31347,2.29696,2.305215
7.29,2.31388,2.29518,2.30453
7.3,2.31237,2.30414,2.308255
7.31,2.30766,2.30429,2.305975
7.32,2.31096,2.30321,2.307085
7.33,2.31512,2.30989,2.312505
7.34,2.30945,2.31755,2.3135
7.35,2.31012,2.31521,2.312665
7.36,2.30516,2.31497,2.310065
7.37,2.30645,2.31013,2.30829
7.38,2.30511,2.29559,2.30035
7.39,2.30952,2.30067,2.305095
7.4,2.29972,2.30751,2.303615
7.41,2.30977,2.29757,2.30367
7.42,2.30374,2.30422,2.30398
7.43,2.30339,2.30484,2.304115
7.44,2.29823,2.30009,2.29916
7.45,2.30299,2.29652,2.299755
7.46,2.30561,2.29472,2.300165
7.47,2.30862,2.29649,2.302555
7.48,2.30279,2.29545,2.29912
7.49,2.31582,2.29449,2.305155
7.5,2.30557,2.29232,2.298945
7.51,2.30521,2.29295,2.29908
7.52,2.30769,2.28975,2.29872
7.53,2.30493,2.30468,2.304805
7.54,2.30559,2.29645,2.30102
7.55,2.30306,2.30398,2.30352
7.56,2.30483,2.30091,2.30287
7.57,2.29861,2.3009,2.299755
7.58,2.2971,2.30433,2.300715
7.59,2.29897,2.30105,2.30001
7.6,2.30253,2.29862,2.300575
7.61,2.29969,2.30172,2.300705
7.62,2.30525,2.28773,2.29649
7.63,2.30215,2.29791,2.30003
7.64,2.29558,2.292,2.29379
7.65,2.30292,2.28813,2.295525
7.66,2.29563,2.28756,2.291595
7.67,2.30436,2.29643,2.300395
7.68,2.30588,2.29466,2.30027
7.69,2.30283,2.29411,2.29847
7.7,2.30298,2.28834,2.29566
7.71,2.30214,2.29631,2.299225
7.72,2.30885,2.28502,2.296935
7.73,2.29988,2.29331,2.296595
7.74,2.31237,2.28275,2.29756
7.75,2.30315,2.29025,2.2967
7.76,2.30856,2.29438,2.30147
7.77,2.29859,2.29316,2.295875
7.78,2.30925,2.29686,2.303055
7.79,2.30991,2.29034,2.300125
7.8,2.30404,2.29115,2.297595
7.81,2.3071,2.29314,2.30012
7.82,2.30099,2.29565,2.29832
7.83,2.30169,2.29501,2.29835
7.84,2.30795,2.28985,2.2989
7.85,2.29819,2.28499,2.29159
7.86,2.30282,2.29276,2.29779
7.87,2.29728,2.2847,2.29099
7.88,2.29512,2.29069,2.292905
7.89,2.28762,2.28797,2.287795
7.9,2.30085,2.29747,2.29916
7.91,2.30719,2.2938,2.300495
7.92,2.30212,2.29425,2.298185
7.93,2.30673,2.29531,2.30102
7.94,2.29858,2.29186,2.29522
7.95,2.2999,2.29487,2.297385
7.96,2.30396,2.3012,2.30258
7.97,2.29975,2.30348,2.301615
7.98,2.30101,2.2885,2.294755
7.99,2.30009,2.29891,2.2995
8,2.29862,2.30713,2.302875
8.01,2.30226,2.3119,2.30708
8.02,2.30376,2.30888,2.30632
8.03,2.29772,2.30757,2.302645
8.04,2.30202,2.30686,2.30444
8.05,2.29736,2.2992,2.29828
8.06,2.29994,2.29838,2.29916
8.07,2.30135,2.30136,2.301355
8.08,2.29744,2.28999,2.293715
8.09,2.30218,2.29614,2.29916
8.1,2.29356,2.29339,2.293475
8.11,2.29106,2.29444,2.29275
8.12,2.29802,2.30509,2.301555
8.13,2.30461,2.30873,2.30667
8.14,2.30255,2.30055,2.30155
8.15,2.29587,2.29898,2.297425
8.16,2.30265,2.29069,2.29667
8.17,2.29986,2.29576,2.29781
8.18,2.30119,2.29285,2.29702
8.19,2.29869,2.29306,2.295875
8.2,2.29724,2.30264,2.29994
8.21,2.3013,2.3011,2.3012
8.22,2.2953,2.29755,2.296425
8.23,2.29911,2.29588,2.297495
8.24,2.29448,2.29672,2.2956
8.25,2.2998,2.29795,2.298875
8.26,2.29836,2.29059,2.294475
8.27,2.29964,2.30422,2.30193
8.28,2.30075,2.30307,2.30191
8.29,2.2934,2.31132,2.30236
8.3,2.29644,2.30311,2.299775
8.31,2.30313,2.30203,2.30258
8.32,2.29765,2.29956,2.298605
8.33,2.30341,2.29763,2.30052
8.34,2.29868,2.30134,2.30001
8.35,2.30142,2.30618,2.3038
8.36,2.29612,2.307,2.30156
8.37,2.30608,2.31004,2.30806
8.38,2.31033,2.30669,2.30851
8.39,2.31322,2.31107,2.312145
8.4,2.31291,2.30831,2.31061
8.41,2.31238,2.31469,2.313535
8.42,2.30908,2.30311,2.306095
8.43,2.30474,2.30761,2.306175
8.44,2.30723,2.31028,2.308755
8.45,2.30519,2.31175,2.30847
8.46,2.3071,2.29684,2.30197
8.47,2.31926,2.2991,2.30918
8.48,2.31024,2.31123,2.310735
8.49,2.31088,2.29878,2.30483
8.5,2.29633,2.3042,2.300265
8.51,2.30705,2.29735,2.3022
8.52,2.30422,2.29318,2.2987
8.53,2.30508,2.30143,2.303255
8.54,2.30597,2.30151,2.30374
8.55,2.29986,2.30319,2.301525
8.56,2.30746,2.29639,2.301925
8.57,2.30345,2.29301,2.29823
8.58,2.29896,2.28907,2.294015
8.59,2.29931,2.29527,2.29729
8.6,2.29811,2.2994,2.298755
8.61,2.30815,2.29918,2.303665
8.62,2.3023,2.30074,2.30152
8.63,2.29551,2.2968,2.296155
8.64,2.29701,2.29548,2.296245
8.65,2.30601,2.29767,2.30184
8.66,2.29604,2.30363,2.299835
8.67,2.29853,2.29189,2.29521
8.68,2.29824,2.29826,2.29825
8.69,2.30375,2.29984,2.301795
8.7,2.29644,2.29842,2.29743
8.71,2.3018,2.29886,2.30033
8.72,2.30641,2.30543,2.30592
8.73,2.30376,2.30804,2.3059
8.74,2.30804,2.29272,2.30038
8.75,2.30557,2.31131,2.30844
8.76,2.31046,2.31004,2.31025
8.77,2.30157,2.30319,2.30238
8.78,2.31042,2.3031,2.30676
8.79,2.30541,2.29702,2.301215
8.8,2.30381,2.29309,2.29845
8.81,2.29313,2.29954,2.296335
8.82,2.30074,2.29516,2.29795
8.83,2.30369,2.29871,2.3012
8.84,2.30246,2.30106,2.30176
8.85,2.30432,2.29892,2.30162
8.86,2.30055,2.29998,2.300265
8.87,2.31097,2.3069,2.308935
8.88,2.30465,2.29119,2.29792
8.89,2.30027,2.29786,2.299065
8.9,2.30187,2.30678,2.304325
8.91,2.30061,2.31238,2.306495
8.92,2.3042,2.29881,2.301505
8.93,2.30548,2.30443,2.304955
8.94,2.30266,2.29282,2.29774
8.95,2.29822,2.29826,2.29824
8.96,2.29749,2.29186,2.294675
8.97,2.29961,2.29467,2.29714
8.98,2.29981,2.29677,2.29829
8.99,2.29928,2.29634,2.29781
9,2.31008,2.29761,2.303845
9.01,2.30423,2.29097,2.2976
9.02,2.30916,2.28735,2.298255
9.03,2.29752,2.29353,2.295525
9.04,2.29965,2.28673,2.29319
9.05,2.30589,2.28647,2.29618
9.06,2.30221,2.29009,2.29615
9.07,2.305,2.30106,2.30303
9.08,2.30394,2.30622,2.30508
9.09,2.30423,2.29815,2.30119
9.1,2.30528,2.29321,2.299245
9.11,2.30886,2.29942,2.30414
9.12,2.30529,2.29068,2.297985
9.13,2.30971,2.29334,2.301525
9.14,2.29864,2.30626,2.30245
9.15,2.30718,2.29792,2.30255
9.16,2.30678,2.29674,2.30176
9.17,2.29902,2.29463,2.296825
9.18,2.31276,2.29752,2.30514
9.19,2.3049,2.30467,2.304785
9.2,2.30837,2.29081,2.29959
9.21,2.30908,2.28984,2.29946
9.22,2.3046,2.30003,2.302315
9.23,2.30988,2.28637,2.298125
9.24,2.30308,2.294,2.29854
9.25,2.30497,2.30275,2.30386
9.26,2.29953,2.30344,2.301485
9.27,2.30119,2.30399,2.30259
9.28,2.31402,2.30647,2.310245
9.29,2.301,2.30308,2.30204
9.3,2.30416,2.30225,2.303205
9.31,2.30216,2.29136,2.29676
9.32,2.30317,2.28943,2.2963
9.33,2.31092,2.29373,2.302325
9.34,2.31192,2.28925,2.300585
9.35,2.30638,2.287,2.29669
9.36,2.30345,2.29663,2.30004
9.37,2.30471,2.29285,2.29878
9.38,2.30704,2.29543,2.301235
9.39,2.31448,2.2936,2.30404
9.4,2.30277,2.29742,2.300095
9.41,2.29674,2.30886,2.3028
9.42,2.29873,2.29812,2.298425
9.43,2.30496,2.29738,2.30117
9.44,2.30326,2.29751,2.300385
9.45,2.31167,2.30047,2.30607
9.46,2.30272,2.29968,2.3012
9.47,2.31308,2.3076,2.31034
9.48,2.31049,2.30941,2.30995
9.49,2.30585,2.30802,2.306935
9.5,2.31305,2.29662,2.304835
9.51,2.30865,2.29675,2.3027
9.52,2.31019,2.29693,2.30356
9.53,2.31226,2.29684,2.30455
9.54,2.30713,2.29299,2.30006
9.55,2.3091,2.29961,2.304355
9.56,2.31038,2.29153,2.300955
9.57,2.30782,2.30426,2.30604
9.58,2.30384,2.30033,2.302085
9.59,2.29751,2.29322,2.295365
9.6,2.30193,2.29483,2.29838
9.61,2.30644,2.29677,2.301605
9.62,2.29957,2.2985,2.299035
9.63,2.29842,2.30249,2.300455
9.64,2.29735,2.30161,2.29948
9.65,2.296,2.29926,2.29763
9.66,2.30231,2.29898,2.300645
9.67,2.29593,2.3061,2.301015
9.68,2.2878,2.30481,2.296305
9.69,2.29554,2.29446,2.295
9.7,2.30439,2.29882,2.301605
9.71,2.30641,2.29196,2.299185
9.72,2.29427,2.28959,2.29193
9.73,2.29218,2.30249,2.297335
9.74,2.29705,2.30469,2.30087
9.75,2.29981,2.30595,2.30288
9.76,2.28906,2.30053,2.294795
9.77,2.29468,2.30689,2.300785
9.78,2.29202,2.30485,2.298435
9.79,2.29264,2.31505,2.303845
9.8,2.2946,2.30361,2.299105
9.81,2.2944,2.30358,2.29899
9.82,2.29454,2.30123,2.297885
9.83,2.29698,2.30137,2.299175
9.84,2.3039,2.30414,2.30402
9.85,2.29613,2.30992,2.303025
9.86,2.30625,2.30161,2.30393
9.87,2.29428,2.30281,2.298545
9.88,2.30245,2.29916,2.300805
9.89,2.29426,2.30382,2.29904
9.9,2.303,2.30317,2.303085
9.91,2.30577,2.30106,2.303415
9.92,2.30682,2.30419,2.305505
9.93,2.30993,2.30493,2.30743
9.94,2.29985,2.29723,2.29854
9.95,2.29545,2.31196,2.303705
9.96,2.29686,2.31048,2.30367
9.97,2.29877,2.31115,2.30496
9.98,2.29556,2.30512,2.30034
9.99,2.29669,2.30254,2.299615
10,2.3038,2.2976,2.3007
10.01,2.29783,2.30297,2.3004
10.02,2.29725,2.30027,2.29876
10.03,2.29777,2.29625,2.29701
10.04,2.30066,2.29541,2.298035
10.05,2.30268,2.29488,2.29878
10.06,2.30083,2.3002,2.300515
10.07,2.29782,2.30122,2.29952
10.08,2.29548,2.30879,2.302135
10.09,2.30263,2.3045,2.303565
10.1,2.30647,2.30544,2.305955
10.11,2.29162,2.30503,2.298325
10.12,2.30114,2.31027,2.305705
10.13,2.30547,2.30542,2.305445
10.14,2.30005,2.30993,2.30499
10.15,2.29671,2.3145,2.305605
10.16,2.30372,2.3203,2.31201
10.17,2.30102,2.31223,2.306625
10.18,2.31018,2.3026,2.30639
10.19,2.30049,2.31142,2.305955
10.2,2.30153,2.298,2.299765
10.21,2.30047,2.30592,2.303195
10.22,2.29602,2.29457,2.295295
10.23,2.30134,2.29908,2.30021
10.24,2.3038,2.30127,2.302535
10.25,2.30041,2.30209,2.30125
10.26,2.30078,2.29745,2.299115
10.27,2.30002,2.30996,2.30499
10.28,2.30897,2.30132,2.305145
10.29,2.30445,2.30792,2.306185
10.3,2.3033,2.3131,2.3082
10.31,2.30505,2.30365,2.30435
10.32,2.29855,2.30037,2.29946
10.33,2.30176,2.30159,2.301675
10.34,2.31512,2.2977,2.30641
10.35,2.30502,2.29971,2.302365
10.36,2.30622,2.30359,2.304905
10.37,2.29747,2.30103,2.29925
10.38,2.3021,2.30058,2.30134
10.39,2.30209,2.29896,2.300525
10.4,2.30364,2.29387,2.298755
10.41,2.29453,2.29573,2.29513
10.42,2.30876,2.29951,2.304135
10.43,2.30342,2.30069,2.302055
10.44,2.3134,2.29836,2.30588
10.45,2.30992,2.30097,2.305445
10.46,2.31095,2.2978,2.304375
10.47,2.30958,2.28999,2.299785
10.48,2.30963,2.29232,2.300975
10.49,2.30396,2.29437,2.299165
10.5,2.30362,2.29326,2.29844
10.51,2.3085,2.29473,2.301615
10.52,2.30408,2.30014,2.30211
10.53,2.30593,2.29351,2.29972
10.54,2.30748,2.29654,2.30201
10.55,2.30146,2.30186,2.30166
10.56,2.30328,2.30223,2.302755
10.57,2.30251,2.30262,2.302565
10.58,2.30501,2.30386,2.304435
10.59,2.31191,2.29323,2.30257
10.6,2.30989,2.29954,2.304715
10.61,2.31056,2.29719,2.303875
10.62,2.31009,2.30545,2.30777
10.63,2.30512,2.30838,2.30675
10.64,2.30503,2.30349,2.30426
10.65,2.30822,2.30416,2.30619
10.66,2.30871,2.3002,2.304455
10.67,2.30447,2.29979,2.30213
10.68,2.30416,2.30102,2.30259
10.69,2.30307,2.29865,2.30086
10.7,2.31264,2.30568,2.30916
10.71,2.31123,2.30279,2.30701
10.72,2.31627,2.30183,2.30905
10.73,2.31261,2.30314,2.307875
10.74,2.30568,2.30586,2.30577
10.75,2.31292,2.30108,2.307
10.76,2.30549,2.30158,2.303535
10.77,2.30711,2.3033,2.305205
10.78,2.29751,2.29009,2.2938
10.79,2.30748,2.29423,2.300855
10.8,2.30621,2.30201,2.30411
10.81,2.31215,2.29958,2.305865
10.82,2.30959,2.2999,2.304745
10.83,2.30996,2.28941,2.299685
10.84,2.31274,2.29542,2.30408
10.85,2.30555,2.30027,2.30291
10.86,2.30692,2.29452,2.30072
10.87,2.30722,2.30562,2.30642
10.88,2.30357,2.30506,2.304315
10.89,2.30217,2.29694,2.299555
10.9,2.30271,2.29639,2.29955
10.91,2.30879,2.2967,2.302745
10.92,2.30106,2.30785,2.304455
10.93,2.301,2.29564,2.29832
10.94,2.30165,2.30455,2.3031
10.95,2.3,2.28898,2.29449
10.96,2.29704,2.29387,2.295455
10.97,2.30314,2.29566,2.2994
10.98,2.30414,2.29704,2.30059
10.99,2.30254,2.28908,2.29581
11,2.30549,2.30178,2.303635
11.01,2.31411,2.29543,2.30477
11.02,2.31862,2.29561,2.307115
11.03,2.31049,2.29434,2.302415
11.04,2.31075,2.29282,2.301785
11.05,2.30447,2.29432,2.299395
11.06,2.30063,2.2968,2.298715
11.07,2.30196,2.29202,2.29699
11.08,2.31271,2.296,2.304355
11.09,2.30646,2.30134,2.3039
11.1,2.30114,2.29723,2.299185
11.11,2.3108,2.294,2.3024
11.12,2.30444,2.29769,2.301065
11.13,2.29975,2.29719,2.29847
11.14,2.30392,2.29937,2.301645
11.15,2.30733,2.30201,2.30467
11.16,2.30448,2.28749,2.295985
11.17,2.30787,2.297,2.302435
11.18,2.30004,2.2911,2.29557
11.19,2.30093,2.29187,2.2964
11.2,2.30429,2.29158,2.297935
11.21,2.30475,2.30027,2.30251
11.22,2.31327,2.29552,2.304395
11.23,2.30911,2.29033,2.29972
11.24,2.30716,2.28854,2.29785
11.25,2.30499,2.2985,2.301745
11.26,2.30492,2.28983,2.297375
11.27,2.30962,2.29532,2.30247
11.28,2.30724,2.29457,2.300905
11.29,2.31012,2.29957,2.304845
11.3,2.30708,2.29318,2.30013
11.31,2.3113,2.29354,2.30242
11.32,2.30606,2.30156,2.30381
11.33,2.30488,2.29249,2.298685
11.34,2.30667,2.29932,2.302995
11.35,2.30616,2.29656,2.30136
11.36,2.30481,2.30248,2.303645
11.37,2.29397,2.30281,2.29839
11.38,2.29313,2.29648,2.294805
11.39,2.30602,2.29627,2.301145
11.4,2.29937,2.29519,2.29728
11.41,2.29878,2.29466,2.29672
11.42,2.2978,2.29348,2.29564
11.43,2.30069,2.30492,2.302805
11.44,2.30217,2.30035,2.30126
11.45,2.29892,2.30204,2.30048
11.46,2.29395,2.29927,2.29661
11.47,2.29153,2.29246,2.291995
11.48,2.2969,2.2924,2.29465
11.49,2.29663,2.28936,2.292995
11.5,2.30524,2.29861,2.301925
11.51,2.30655,2.28471,2.29563
11.52,2.30505,2.28849,2.29677
11.53,2.30654,2.29141,2.298975
11.54,2.30485,2.29146,2.298155
11.55,2.29889,2.29348,2.296185
11.56,2.30819,2.2931,2.300645
11.57,2.30629,2.29259,2.29944
11.58,2.31074,2.28977,2.300255
11.59,2.30403,2.29213,2.29808
11.6,2.31054,2.29614,2.30334
11.61,2.30777,2.29146,2.299615
11.62,2.30913,2.29652,2.302825
11.63,2.30176,2.29648,2.29912
11.64,2.30977,2.29649,2.30313
11.65,2.31704,2.28979,2.303415
11.66,2.31475,2.28975,2.30225
11.67,2.31788,2.2875,2.30269
11.68,2.31197,2.29505,2.30351
11.69,2.31212,2.29616,2.30414
11.7,2.30596,2.29262,2.29929
11.71,2.31035,2.29693,2.30364
11.72,2.31414,2.2978,2.30597
11.73,2.30155,2.28692,2.294235
11.74,2.29854,2.29202,2.29528
11.75,2.30643,2.29162,2.299025
11.76,2.30299,2.28659,2.29479
11.77,2.30678,2.29283,2.299805
11.78,2.30497,2.29579,2.30038
11.79,2.3046,2.29395,2.299275
11.8,2.30067,2.28939,2.29503
11.81,2.3075,2.2917,2.2996
11.82,2.30802,2.29606,2.30204
11.83,2.3039,2.29351,2.298705
11.84,2.30204,2.29473,2.298385
11.85,2.30851,2.29265,2.30058
11.86,2.30389,2.29183,2.29786
11.87,2.30418,2.29341,2.298795
11.88,2.30268,2.29677,2.299725
11.89,2.30924,2.28511,2.297175
11.9,2.30293,2.27898,2.290955
11.91,2.30056,2.29205,2.296305
11.92,2.29449,2.29037,2.29243
11.93,2.30412,2.30267,2.303395
11.94,2.30024,2.29351,2.296875
11.95,2.30604,2.2966,2.30132
11.96,2.31278,2.29284,2.30281
11.97,2.30355,2.28164,2.292595
11.98,2.3112,2.29236,2.30178
11.99,2.3002,2.29758,2.29889
12,2.30358,2.29448,2.29903
12.01,2.30393,2.28924,2.296585
12.02,2.30489,2.2833,2.294095
12.03,2.30839,2.2916,2.299995
12.04,2.29866,2.2872,2.29293
12.05,2.30007,2.28843,2.29425
12.06,2.30121,2.30096,2.301085
12.07,2.30559,2.29994,2.302765
12.08,2.30566,2.30053,2.303095
12.09,2.30722,2.2884,2.29781
12.1,2.30296,2.29605,2.299505
12.11,2.30306,2.29203,2.297545
12.12,2.29831,2.2988,2.298555
12.13,2.29932,2.2975,2.29841
12.14,2.29845,2.28899,2.29372
12.15,2.29828,2.2934,2.29584
12.16,2.29487,2.29264,2.293755
12.17,2.29836,2.29622,2.29729
12.18,2.30169,2.29543,2.29856
12.19,2.30187,2.29455,2.29821
12.2,2.30628,2.29014,2.29821
12.21,2.29605,2.29037,2.29321
12.22,2.29956,2.29474,2.29715
12.23,2.30011,2.29615,2.29813
12.24,2.30014,2.29497,2.297555
12.25,2.30127,2.28917,2.29522
12.26,2.30265,2.28699,2.29482
12.27,2.3054,2.28761,2.296505
12.28,2.30313,2.29509,2.29911
12.29,2.3003,2.2929,2.2966
12.3,2.29049,2.28555,2.28802
12.31,2.29548,2.29309,2.294285
12.32,2.30227,2.28698,2.294625
12.33,2.29398,2.29589,2.294935
12.34,2.30321,2.29661,2.29991
12.35,2.29406,2.29947,2.296765
12.36,2.2951,2.29627,2.295685
12.37,2.29797,2.29245,2.29521
12.38,2.29811,2.297,2.297555
12.39,2.29887,2.29342,2.296145
12.4,2.30321,2.30148,2.302345
12.41,2.30297,2.29826,2.300615
12.42,2.30473,2.29016,2.297445
12.43,2.30963,2.29376,2.301695
12.44,2.30505,2.29204,2.298545
12.45,2.29912,2.29687,2.297995
12.46,2.29959,2.29587,2.29773
12.47,2.30531,2.292,2.298655
12.48,2.29936,2.29581,2.297585
12.49,2.30595,2.29458,2.300265
12.5,2.30267,2.30112,2.301895
12.51,2.29697,2.30059,2.29878
12.52,2.30375,2.29977,2.30176
12.53,2.31087,2.29867,2.30477
12.54,2.30345,2.30676,2.305105
12.55,2.31034,2.30346,2.3069
12.56,2.30399,2.30463,2.30431
12.57,2.31063,2.29848,2.304555
12.58,2.30757,2.29626,2.301915
12.59,2.31065,2.29821,2.30443
12.6,2.30771,2.29967,2.30369
12.61,2.30157,2.3014,2.301485
12.62,2.30512,2.30177,2.303445
12.63,2.30334,2.30669,2.305015
12.64,2.30387,2.30473,2.3043
12.65,2.30363,2.30639,2.30501
12.66,2.30654,2.30165,2.304095
12.67,2.29999,2.30681,2.3034
12.68,2.30558,2.30406,2.30482
12.69,2.30394,2.30153,2.302735
12.7,2.30246,2.29808,2.30027
12.71,2.29645,2.29851,2.29748
12.72,2.30647,2.3004,2.303435
12.73,2.29385,2.29685,2.29535
12.74,2.30136,2.28774,2.29455
12.75,2.29926,2.29999,2.299625
12.76,2.30959,2.29812,2.303855
12.77,2.30649,2.30168,2.304085
12.78,2.31203,2.29658,2.304305
12.79,2.30513,2.29357,2.29935
12.8,2.30793,2.29539,2.30166
12.81,2.30915,2.28935,2.29925
12.82,2.30987,2.29509,2.30248
12.83,2.30549,2.29308,2.299285
12.84,2.30991,2.28812,2.299015
12.85,2.3048,2.28981,2.297305
12.86,2.30873,2.29234,2.300535
12.87,2.30484,2.2932,2.29902
12.88,2.31033,2.29174,2.301035
12.89,2.30906,2.28957,2.299315
12.9,2.30988,2.29422,2.30205
12.91,2.30842,2.29066,2.29954
12.92,2.30973,2.29178,2.300755
12.93,2.30517,2.29937,2.30227
12.94,2.30143,2.30295,2.30219
12.95,2.30088,2.29341,2.297145
12.96,2.308,2.30175,2.304875
12.97,2.30451,2.29331,2.29891
12.98,2.30571,2.29874,2.302225
12.99,2.29665,2.29233,2.29449
13,2.31239,2.29232,2.302355
13.01,2.30625,2.28916,2.297705
13.02,2.30707,2.2961,2.301585
13.03,2.3072,2.30311,2.305155
13.04,2.30137,2.29514,2.298255
13.05,2.30795,2.28733,2.29764
13.06,2.30685,2.28591,2.29638
13.07,2.30706,2.30024,2.30365
13.08,2.30225,2.30335,2.3028
13.09,2.30647,2.294,2.300235
13.1,2.29768,2.2986,2.29814
13.11,2.29918,2.2958,2.29749
13.12,2.30861,2.2982,2.303405
13.13,2.29954,2.30193,2.300735
13.14,2.29965,2.30095,2.3003
13.15,2.30523,2.30543,2.30533
13.16,2.29357,2.29591,2.29474
13.17,2.30263,2.30261,2.30262
13.18,2.29617,2.29474,2.295455
13.19,2.30203,2.29913,2.30058
13.2,2.30028,2.29865,2.299465
13.21,2.29981,2.29187,2.29584
13.22,2.30211,2.28973,2.29592
13.23,2.30563,2.2966,2.301115
13.24,2.29842,2.29201,2.295215
13.25,2.29651,2.29686,2.296685
13.26,2.29628,2.30307,2.299675
13.27,2.30235,2.29672,2.299535
13.28,2.30542,2.29826,2.30184
13.29,2.3126,2.29655,2.304575
13.3,2.30111,2.29589,2.2985
13.31,2.30287,2.28585,2.29436
13.32,2.31075,2.29387,2.30231
13.33,2.30482,2.29275,2.298785
13.34,2.30324,2.29948,2.30136
13.35,2.30087,2.30032,2.300595
13.36,2.30657,2.29857,2.30257
13.37,2.29614,2.29806,2.2971
13.38,2.30155,2.30128,2.301415
13.39,2.29553,2.2982,2.296865
13.4,2.30266,2.29957,2.301115
13.41,2.30312,2.29883,2.300975
13.42,2.29806,2.29649,2.297275
13.43,2.30189,2.29689,2.29939
13.44,2.30597,2.29235,2.29916
13.45,2.30198,2.29805,2.300015
13.46,2.29926,2.29247,2.295865
13.47,2.29982,2.29386,2.29684
13.48,2.29975,2.28977,2.29476
13.49,2.29694,2.30495,2.300945
13.5,2.29593,2.29942,2.297675
13.51,2.3013,2.30481,2.303055
13.52,2.30469,2.29728,2.300985
13.53,2.30636,2.29819,2.302275
13.54,2.30315,2.30266,2.302905
13.55,2.2989,2.30349,2.301195
13.56,2.30009,2.3113,2.305695
13.57,2.30704,2.296,2.30152
13.58,2.30728,2.30172,2.3045
13.59,2.29617,2.30003,2.2981
13.6,2.30444,2.30603,2.305235
13.61,2.30848,2.29462,2.30155
13.62,2.31038,2.29855,2.304465
13.63,2.29798,2.30467,2.301325
13.64,2.3086,2.30478,2.30669
13.65,2.30495,2.30351,2.30423
13.66,2.31344,2.29857,2.306005
13.67,2.31027,2.29964,2.304955
13.68,2.3105,2.30619,2.308345
13.69,2.29873,2.29333,2.29603
13.7,2.29753,2.29648,2.297005
13.71,2.29305,2.28994,2.291495
13.72,2.30342,2.29132,2.29737
13.73,2.29302,2.29357,2.293295
13.74,2.29613,2.287,2.291565
13.75,2.29738,2.29138,2.29438
13.76,2.29431,2.29284,2.293575
13.77,2.30075,2.29416,2.297455
13.78,2.2948,2.29408,2.29444
13.79,2.29411,2.29184,2.292975
13.8,2.29732,2.29776,2.29754
13.81,2.29149,2.29087,2.29118
13.82,2.30118,2.29318,2.29718
13.83,2.2949,2.28723,2.291065
13.84,2.29227,2.29302,2.292645
13.85,2.30159,2.29149,2.29654
13.86,2.30314,2.29999,2.301565
13.87,2.30013,2.29048,2.295305
13.88,2.3,2.29134,2.29567
13.89,2.29923,2.29689,2.29806
13.9,2.30127,2.28023,2.29075
13.91,2.30341,2.28367,2.29354
13.92,2.31276,2.29712,2.30494
13.93,2.30409,2.29947,2.30178
13.94,2.30385,2.30104,2.302445
13.95,2.3044,2.29736,2.30088
13.96,2.29753,2.29372,2.295625
13.97,2.3041,2.29839,2.301245
13.98,2.30264,2.29751,2.300075
13.99,2.31004,2.29414,2.30209
14,2.30882,2.29472,2.30177
14.01,2.30523,2.29453,2.29988
14.02,2.30895,2.28617,2.29756
14.03,2.30205,2.2867,2.294375
14.04,2.30641,2.30011,2.30326
14.05,2.30696,2.28659,2.296775
14.06,2.3025,2.27992,2.29121
14.07,2.30796,2.2827,2.29533
14.08,2.30549,2.28349,2.29449
14.09,2.3054,2.28613,2.295765
14.1,2.30255,2.2889,2.295725
14.11,2.30326,2.291,2.29713
14.12,2.29766,2.28548,2.29157
14.13,2.30453,2.28177,2.29315
14.14,2.3023,2.2828,2.29255
14.15,2.3054,2.28898,2.29719
14.16,2.30028,2.28621,2.293245
14.17,2.30659,2.2906,2.298595
14.18,2.30634,2.29329,2.299815
14.19,2.30838,2.29351,2.300945
14.2,2.30949,2.29621,2.30285
14.21,2.31315,2.29577,2.30446
14.22,2.30531,2.30049,2.3029
14.23,2.29995,2.28812,2.294035
14.24,2.30066,2.29505,2.297855
14.25,2.30904,2.29129,2.300165
14.26,2.30369,2.29807,2.30088
14.27,2.30419,2.29437,2.29928
14.28,2.30016,2.28928,2.29472
14.29,2.30527,2.29333,2.2993
14.3,2.29924,2.29801,2.298625
14.31,2.30032,2.29657,2.298445
14.32,2.30254,2.28635,2.294445
14.33,2.29753,2.28897,2.29325
14.34,2.29172,2.29213,2.291925
14.35,2.28863,2.28754,2.288085
14.36,2.29644,2.29366,2.29505
14.37,2.29209,2.29527,2.29368
14.38,2.29722,2.29337,2.295295
14.39,2.30581,2.3005,2.303155
14.4,2.30315,2.28694,2.295045
14.41,2.30316,2.29079,2.296975
14.42,2.3082,2.3013,2.30475
14.43,2.30565,2.30307,2.30436
14.44,2.29794,2.29141,2.294675
14.45,2.30309,2.29675,2.29992
14.46,2.30003,2.28995,2.29499
14.47,2.30171,2.29239,2.29705
14.48,2.30053,2.29473,2.29763
14.49,2.29872,2.29544,2.29708
14.5,2.30048,2.2895,2.29499
14.51,2.30347,2.28655,2.29501
14.52,2.29762,2.29272,2.29517
14.53,2.29933,2.29333,2.29633
14.54,2.30359,2.2947,2.299145
14.55,2.29949,2.29532,2.297405
14.56,2.30823,2.28221,2.29522
14.57,2.30601,2.2954,2.300705
14.58,2.30156,2.28522,2.29339
14.59,2.31355,2.28884,2.301195
14.6,2.31197,2.29838,2.305175
14.61,2.30373,2.29264,2.298185
14.62,2.30494,2.29227,2.298605
14.63,2.30517,2.28867,2.29692
14.64,2.30133,2.28978,2.295555
14.65,2.29581,2.28486,2.290335
14.66,2.29683,2.28752,2.292175
14.67,2.29542,2.28881,2.292115
14.68,2.30049,2.28191,2.2912
14.69,2.29626,2.29545,2.295855
14.7,2.29731,2.29219,2.29475
14.71,2.30311,2.28798,2.295545
14.72,2.30009,2.29268,2.296385
14.73,2.3062,2.29015,2.298175
14.74,2.30855,2.29001,2.29928
14.75,2.30418,2.28634,2.29526
14.76,2.30862,2.29143,2.300025
14.77,2.29889,2.29264,2.295765
14.78,2.29715,2.29105,2.2941
14.79,2.29653,2.28814,2.292335
14.8,2.29995,2.28574,2.292845
14.81,2.29785,2.28421,2.29103
14.82,2.29316,2.28546,2.28931
14.83,2.30057,2.28465,2.29261
14.84,2.29806,2.28821,2.293135
14.85,2.30067,2.28857,2.29462
14.86,2.29446,2.2925,2.29348
14.87,2.30225,2.29327,2.29776
14.88,2.29899,2.28811,2.29355
14.89,2.30029,2.29432,2.297305
14.9,2.30168,2.29557,2.298625
14.91,2.29962,2.29067,2.295145
14.92,2.29815,2.28993,2.29404
14.93,2.30119,2.29414,2.297665
14.94,2.30151,2.29456,2.298035
14.95,2.29511,2.28735,2.29123
14.96,2.30902,2.2884,2.29871
14.97,2.30028,2.28878,2.29453
14.98,2.30613,2.29854,2.302335
14.99,2.30297,2.29414,2.298555
15,2.30412,2.29007,2.297095
15.01,2.30705,2.29297,2.30001
15.02,2.30362,2.29441,2.299015
15.03,2.30992,2.2885,2.29921
15.04,2.30498,2.28101,2.292995
15.05,2.31086,2.2889,2.29988
15.06,2.30231,2.2846,2.293455
15.07,2.31233,2.28824,2.300285
15.08,2.30907,2.27575,2.29241
15.09,2.31739,2.28007,2.29873
15.1,2.31165,2.28534,2.298495
15.11,2.31387,2.28333,2.2986
15.12,2.31001,2.28637,2.29819
15.13,2.30856,2.2852,2.29688
15.14,2.30818,2.29055,2.299365
15.15,2.3142,2.28845,2.301325
15.16,2.31743,2.28869,2.30306
15.17,2.32001,2.27898,2.299495
15.18,2.31281,2.28282,2.297815
15.19,2.31663,2.28581,2.30122
15.2,2.3139,2.29403,2.303965
15.21,2.32031,2.2862,2.303255
15.22,2.3077,2.28983,2.298765
15.23,2.30763,2.29041,2.29902
15.24,2.31366,2.2888,2.30123
15.25,2.30573,2.28516,2.295445
15.26,2.30708,2.28864,2.29786
15.27,2.31288,2.28396,2.29842
15.28,2.31251,2.28813,2.30032
15.29,2.30097,2.28192,2.291445
15.3,2.30811,2.28479,2.29645
15.31,2.30618,2.28662,2.2964
15.32,2.30878,2.28266,2.29572
15.33,2.30855,2.28694,2.297745
15.34,2.30226,2.28605,2.294155
15.35,2.30099,2.28728,2.294135
15.36,2.30621,2.28786,2.297035
15.37,2.29704,2.27645,2.286745
15.38,2.30618,2.28346,2.29482
15.39,2.3058,2.28258,2.29419
15.4,2.31278,2.28622,2.2995
15.41,2.30695,2.28753,2.29724
15.42,2.30961,2.28972,2.299665
15.43,2.31847,2.28516,2.301815
15.44,2.31497,2.28901,2.30199
15.45,2.3079,2.28853,2.298215
15.46,2.30605,2.28803,2.29704
15.47,2.31469,2.28309,2.29889
15.48,2.31576,2.29265,2.304205
15.49,2.31344,2.28595,2.299695
15.5,2.30924,2.28993,2.299585
15.51,2.31254,2.28234,2.29744
15.52,2.30608,2.27485,2.290465
15.53,2.30203,2.28412,2.293075
15.54,2.30289,2.29395,2.29842
15.55,2.30406,2.28861,2.296335
15.56,2.30428,2.28584,2.29506
15.57,2.30851,2.2876,2.298055
15.58,2.3128,2.28827,2.300535
15.59,2.30587,2.28762,2.296745
15.6,2.30686,2.29188,2.29937
15.61,2.30672,2.28973,2.298225
15.62,2.31156,2.28781,2.299685
15.63,2.30483,2.28828,2.296555
15.64,2.31227,2.29016,2.301215
15.65,2.31753,2.29197,2.30475
15.66,2.31976,2.28393,2.301845
15.67,2.31357,2.28856,2.301065
15.68,2.30744,2.29153,2.299485
15.69,2.31573,2.29839,2.30706
15.7,2.31216,2.29284,2.3025
15.71,2.31463,2.28459,2.29961
15.72,2.31828,2.29059,2.304435
15.73,2.31543,2.289,2.302215
15.74,2.31807,2.28674,2.302405
15.75,2.30944,2.28488,2.29716
15.76,2.30671,2.28827,2.29749
15.77,2.31138,2.28847,2.299925
15.78,2.31278,2.28867,2.300725
15.79,2.30864,2.29088,2.29976
15.8,2.30167,2.29184,2.296755
15.81,2.29674,2.2861,2.29142
15.82,2.30663,2.29221,2.29942
15.83,2.31017,2.28316,2.296665
15.84,2.31181,2.2881,2.299955
15.85,2.31606,2.29178,2.30392
15.86,2.31252,2.28875,2.300635
15.87,2.32048,2.28724,2.30386
15.88,2.31805,2.29774,2.307895
15.89,2.31201,2.29558,2.303795
15.9,2.31333,2.28832,2.300825
15.91,2.31273,2.28988,2.301305
15.92,2.31882,2.29812,2.30847
15.93,2.31697,2.29598,2.306475
15.94,2.30149,2.2969,2.299195
15.95,2.313,2.29114,2.30207
15.96,2.31711,2.28363,2.30037
15.97,2.31816,2.29319,2.305675
15.98,2.30861,2.28347,2.29604
15.99,2.31025,2.28616,2.298205
16,2.30861,2.29153,2.30007
16.01,2.30716,2.29239,2.299775
16.02,2.30879,2.2878,2.298295
16.03,2.31173,2.2901,2.300915
16.04,2.31293,2.28558,2.299255
16.05,2.30957,2.29415,2.30186
16.06,2.31703,2.29677,2.3069
16.07,2.31031,2.29361,2.30196
16.08,2.31792,2.29716,2.30754
16.09,2.31993,2.28723,2.30358
16.1,2.30538,2.27891,2.292145
16.11,2.30327,2.28822,2.295745
16.12,2.30685,2.28343,2.29514
16.13,2.30499,2.29087,2.29793
16.14,2.31174,2.28651,2.299125
16.15,2.31272,2.29023,2.301475
16.16,2.31514,2.28757,2.301355
16.17,2.30339,2.29025,2.29682
16.18,2.30868,2.29171,2.300195
16.19,2.30499,2.2843,2.294645
16.2,2.31211,2.27963,2.29587
16.21,2.31172,2.28782,2.29977
16.22,2.31424,2.28484,2.29954
16.23,2.30866,2.2934,2.30103
16.24,2.30725,2.27999,2.29362
16.25,2.30979,2.28245,2.29612
16.26,2.31172,2.28819,2.299955
16.27,2.30263,2.29222,2.297425
16.28,2.30519,2.2917,2.298445
16.29,2.30087,2.28912,2.294995
16.3,2.3128,2.28323,2.298015
16.31,2.30683,2.29001,2.29842
16.32,2.30485,2.28785,2.29635
16.33,2.31359,2.28429,2.29894
16.34,2.31041,2.28336,2.296885
16.35,2.29947,2.28878,2.294125
16.36,2.30784,2.28051,2.294175
16.37,2.29896,2.29202,2.29549
16.38,2.30807,2.28587,2.29697
16.39,2.30248,2.27811,2.290295
16.4,2.30422,2.27476,2.28949
16.41,2.30382,2.28192,2.29287
16.42,2.31552,2.28311,2.299315
16.43,2.30443,2.27386,2.289145
16.44,2.30865,2.26983,2.28924
16.45,2.30393,2.28634,2.295135
16.46,2.30021,2.28042,2.290315
16.47,2.3022,2.27846,2.29033
16.48,2.30002,2.29149,2.295755
16.49,2.30518,2.28695,2.296065
16.5,2.29909,2.27141,2.28525
16.51,2.30336,2.28224,2.2928
16.52,2.31377,2.27643,2.2951
16.53,2.30285,2.28336,2.293105
16.54,2.29951,2.27327,2.28639
16.55,2.29701,2.28233,2.28967
16.56,2.29863,2.27586,2.287245
16.57,2.30888,2.28131,2.295095
16.58,2.30412,2.27848,2.2913
16.59,2.32157,2.28372,2.302645
16.6,2.31107,2.28394,2.297505
16.61,2.30905,2.28999,2.29952
16.62,2.30878,2.2741,2.29144
16.63,2.31243,2.28323,2.29783
16.64,2.3139,2.27346,2.29368
16.65,2.31853,2.28473,2.30163
16.66,2.30987,2.28382,2.296845
16.67,2.3136,2.27625,2.294925
16.68,2.31013,2.27963,2.29488
16.69,2.31758,2.2844,2.30099
16.7,2.31439,2.27678,2.295585
16.71,2.31205,2.28089,2.29647
16.72,2.31247,2.28465,2.29856
16.73,2.30632,2.27949,2.292905
16.74,2.30808,2.27773,2.292905
16.75,2.30884,2.27802,2.29343
16.76,2.30897,2.28538,2.297175
16.77,2.31573,2.29125,2.30349
16.78,2.31605,2.27798,2.297015
16.79,2.31118,2.28072,2.29595
16.8,2.30809,2.2792,2.293645
16.81,2.3173,2.27675,2.297025
16.82,2.30692,2.28288,2.2949
16.83,2.30593,2.27909,2.29251
16.84,2.30995,2.27959,2.29477
16.85,2.31509,2.28533,2.30021
16.86,2.30549,2.2864,2.295945
16.87,2.31392,2.28871,2.301315
16.88,2.32459,2.28503,2.30481
16.89,2.3173,2.28285,2.300075
16.9,2.31508,2.28,2.29754
16.91,2.30932,2.28271,2.296015
16.92,2.31536,2.27058,2.29297
16.93,2.30998,2.28337,2.296675
16.94,2.30966,2.28577,2.297715
16.95,2.31057,2.27706,2.293815
16.96,2.30825,2.27885,2.29355
16.97,2.31433,2.28784,2.301085
16.98,2.30929,2.28831,2.2988
16.99,2.31374,2.2798,2.29677
17,2.31524,2.28799,2.301615
17.01,2.31929,2.27689,2.29809
17.02,2.31791,2.28433,2.30112
17.03,2.31346,2.28907,2.301265
17.04,2.31446,2.28624,2.30035
17.05,2.30849,2.27641,2.29245
17.06,2.3153,2.28384,2.29957
17.07,2.31838,2.28392,2.30115
17.08,2.32382,2.28577,2.304795
17.09,2.31202,2.28077,2.296395
17.1,2.31517,2.28338,2.299275
17.11,2.31246,2.2887,2.30058
17.12,2.30413,2.28156,2.292845
17.13,2.30108,2.28427,2.292675
17.14,2.30755,2.28107,2.29431
17.15,2.31941,2.28817,2.30379
17.16,2.31782,2.28593,2.301875
17.17,2.31685,2.28173,2.29929
17.18,2.30886,2.28293,2.295895
17.19,2.31247,2.28822,2.300345
17.2,2.30838,2.28351,2.295945
17.21,2.31219,2.28338,2.297785
17.22,2.30968,2.2741,2.29189
17.23,2.3006,2.2731,2.28685
17.24,2.30494,2.27279,2.288865
17.25,2.30496,2.27531,2.290135
17.26,2.3148,2.27884,2.29682
17.27,2.314,2.28009,2.297045
17.28,2.30232,2.28911,2.295715
17.29,2.30732,2.2763,2.29181
17.3,2.31129,2.27632,2.293805
17.31,2.30327,2.28029,2.29178
17.32,2.31247,2.28053,2.2965
17.33,2.30659,2.27808,2.292335
17.34,2.31171,2.2758,2.293755
17.35,2.3138,2.28438,2.29909
17.36,2.31173,2.28474,2.298235
17.37,2.31769,2.28114,2.299415
17.38,2.31581,2.27841,2.29711
17.39,2.32119,2.27787,2.29953
17.4,2.30929,2.27757,2.29343
17.41,2.30857,2.2761,2.292335
17.42,2.31572,2.27119,2.293455
17.43,2.31812,2.28129,2.299705
17.44,2.31539,2.27817,2.29678
17.45,2.31954,2.28062,2.30008
17.46,2.31009,2.28219,2.29614
17.47,2.31762,2.28066,2.29914
17.48,2.31189,2.27719,2.29454
17.49,2.31309,2.28267,2.29788
17.5,2.31516,2.28856,2.30186
17.51,2.30783,2.27992,2.293875
17.52,2.31007,2.28792,2.298995
17.53,2.30466,2.27629,2.290475
17.54,2.30538,2.28433,2.294855
17.55,2.30905,2.28603,2.29754
17.56,2.30606,2.28277,2.294415
17.57,2.31396,2.27871,2.296335
17.58,2.31072,2.28968,2.3002
17.59,2.31285,2.28422,2.298535
17.6,2.30778,2.281,2.29439
17.61,2.31532,2.28443,2.299875
17.62,2.31636,2.28084,2.2986
17.63,2.31722,2.29251,2.304865
17.64,2.31278,2.28653,2.299655
17.65,2.32085,2.28404,2.302445
17.66,2.31979,2.28368,2.301735
17.67,2.31742,2.27264,2.29503
17.68,2.31931,2.2798,2.299555
17.69,2.31722,2.28407,2.300645
17.7,2.3162,2.27807,2.297135
17.71,2.31355,2.28158,2.297565
17.72,2.30825,2.27572,2.291985
17.73,2.31208,2.28087,2.296475
17.74,2.31651,2.28486,2.300685
17.75,2.31029,2.28072,2.295505
17.76,2.32257,2.27621,2.29939
17.77,2.31072,2.27898,2.29485
17.78,2.302,2.28189,2.291945
17.79,2.30811,2.27854,2.293325
17.8,2.31418,2.28254,2.29836
17.81,2.3138,2.28037,2.297085
17.82,2.31155,2.28157,2.29656
17.83,2.32049,2.28392,2.302205
17.84,2.32028,2.28126,2.30077
17.85,2.31987,2.28264,2.301255
17.86,2.30976,2.28514,2.29745
17.87,2.31705,2.29513,2.30609
17.88,2.31946,2.29068,2.30507
17.89,2.33161,2.28966,2.310635
17.9,2.32023,2.28976,2.304995
17.91,2.31692,2.28299,2.299955
17.92,2.31477,2.28704,2.300905
17.93,2.31906,2.28265,2.300855
17.94,2.3142,2.28515,2.299675
17.95,2.30315,2.2851,2.294125
17.96,2.31643,2.27348,2.294955
17.97,2.30635,2.27569,2.29102
17.98,2.31206,2.28114,2.2966
17.99,2.31209,2.27639,2.29424
18,2.30826,2.28992,2.29909
18.01,2.30816,2.28014,2.29415
18.02,2.30891,2.28779,2.29835
18.03,2.30859,2.27801,2.2933
18.04,2.30877,2.27367,2.29122
18.05,2.3031,2.28566,2.29438
18.06,2.30692,2.28903,2.297975
18.07,2.30009,2.28868,2.294385
18.08,2.30117,2.28941,2.29529
18.09,2.30351,2.29354,2.298525
18.1,2.29928,2.2839,2.29159
18.11,2.29786,2.28376,2.29081
18.12,2.30258,2.29502,2.2988
18.13,2.29763,2.29356,2.295595
18.14,2.30342,2.29466,2.29904
18.15,2.3038,2.285,2.2944
18.16,2.30041,2.29647,2.29844
18.17,2.306,2.29569,2.300845
18.18,2.30889,2.29856,2.303725
18.19,2.31144,2.29328,2.30236
18.2,2.31183,2.28853,2.30018
18.21,2.30893,2.28362,2.296275
18.22,2.31438,2.28077,2.297575
18.23,2.31058,2.29216,2.30137
18.24,2.31826,2.29349,2.305875
18.25,2.32112,2.28786,2.30449
18.26,2.32133,2.29061,2.30597
18.27,2.31512,2.28547,2.300295
18.28,2.31789,2.29339,2.30564
18.29,2.31992,2.28492,2.30242
18.3,2.31155,2.28532,2.298435
18.31,2.30869,2.29465,2.30167
18.32,2.31228,2.2896,2.30094
18.33,2.31272,2.27597,2.294345
18.34,2.31081,2.28599,2.2984
18.35,2.31749,2.28982,2.303655
18.36,2.31289,2.29304,2.302965
18.37,2.31508,2.28386,2.29947
18.38,2.31607,2.29155,2.30381
18.39,2.30325,2.27799,2.29062
18.4,2.31998,2.28692,2.30345
18.41,2.31459,2.28921,2.3019
18.42,2.3225,2.29261,2.307555
18.43,2.31518,2.28815,2.301665
18.44,2.31796,2.29599,2.306975
18.45,2.31372,2.28931,2.301515
18.46,2.3137,2.28375,2.298725
18.47,2.3097,2.29067,2.300185
18.48,2.30875,2.28232,2.295535
18.49,2.31183,2.28552,2.298675
18.5,2.30391,2.29522,2.299565
18.51,2.31579,2.29295,2.30437
18.52,2.30984,2.2958,2.30282
18.53,2.30793,2.29167,2.2998
18.54,2.30883,2.29727,2.30305
18.55,2.31492,2.29847,2.306695
18.56,2.31277,2.29601,2.30439
18.57,2.32447,2.29309,2.30878
18.58,2.31255,2.28653,2.29954
18.59,2.30971,2.30085,2.30528
18.6,2.31418,2.28662,2.3004
18.61,2.31953,2.29734,2.308435
18.62,2.32376,2.29255,2.308155
18.63,2.31933,2.29139,2.30536
18.64,2.30978,2.29436,2.30207
18.65,2.31343,2.29528,2.304355
18.66,2.3112,2.29884,2.30502
18.67,2.32046,2.29211,2.306285
18.68,2.30932,2.29551,2.302415
18.69,2.31385,2.29774,2.305795
18.7,2.31162,2.28733,2.299475
18.71,2.3024,2.28815,2.295275
18.72,2.31215,2.29382,2.302985
18.73,2.31616,2.29553,2.305845
18.74,2.31376,2.29756,2.30566
18.75,2.31113,2.2932,2.302165
18.76,2.3132,2.28877,2.300985
18.77,2.31382,2.29412,2.30397
18.78,2.31057,2.29475,2.30266
18.79,2.31593,2.28964,2.302785
18.8,2.3079,2.28893,2.298415
18.81,2.31065,2.3015,2.306075
18.82,2.30398,2.29307,2.298525
18.83,2.30544,2.29366,2.29955
18.84,2.3056,2.29399,2.299795
18.85,2.30287,2.30089,2.30188
18.86,2.29577,2.29142,2.293595
18.87,2.3045,2.29386,2.29918
18.88,2.30017,2.2999,2.300035
18.89,2.29818,2.29578,2.29698
18.9,2.29748,2.28872,2.2931
18.91,2.3022,2.29656,2.29938
18.92,2.30397,2.2993,2.301635
18.93,2.30557,2.30121,2.30339
18.94,2.30296,2.29926,2.30111
18.95,2.31045,2.29815,2.3043
18.96,2.30226,2.30227,2.302265
18.97,2.30963,2.30657,2.3081
18.98,2.29692,2.30413,2.300525
18.99,2.30644,2.30578,2.30611
19,2.30197,2.29733,2.29965
19.01,2.30312,2.305,2.30406
19.02,2.30315,2.31084,2.306995
19.03,2.30229,2.30209,2.30219
19.04,2.30492,2.30516,2.30504
19.05,2.30512,2.29686,2.30099
19.06,2.30648,2.29628,2.30138
19.07,2.30826,2.29975,2.304005
19.08,2.31063,2.2948,2.302715
19.09,2.31025,2.29484,2.302545
19.1,2.30989,2.30418,2.307035
19.11,2.31145,2.30151,2.30648
19.12,2.31071,2.29679,2.30375
19.13,2.30951,2.29027,2.29989
19.14,2.30821,2.29245,2.30033
19.15,2.30112,2.29485,2.297985
19.16,2.30975,2.30012,2.304935
19.17,2.31798,2.29969,2.308835
19.18,2.31656,2.29794,2.30725
19.19,2.31552,2.29172,2.30362
19.2,2.3151,2.29234,2.30372
19.21,2.31107,2.29808,2.304575
19.22,2.31237,2.28819,2.30028
19.23,2.31588,2.29406,2.30497
19.24,2.31369,2.30156,2.307625
19.25,2.31778,2.29315,2.305465
19.26,2.31554,2.28897,2.302255
19.27,2.31644,2.29274,2.30459
19.28,2.32345,2.29339,2.30842
19.29,2.32224,2.3007,2.31147
19.3,2.31781,2.30676,2.312285
19.31,2.31517,2.30124,2.308205
19.32,2.31864,2.29933,2.308985
19.33,2.31206,2.28828,2.30017
19.34,2.31286,2.29158,2.30222
19.35,2.30635,2.29752,2.301935
19.36,2.31433,2.29057,2.30245
19.37,2.31148,2.29986,2.30567
19.38,2.3104,2.29487,2.302635
19.39,2.30707,2.30562,2.306345
19.4,2.30048,2.29912,2.2998
19.41,2.30199,2.29548,2.298735
19.42,2.30706,2.30277,2.304915
19.43,2.29739,2.30744,2.302415
19.44,2.29707,2.3025,2.299785
19.45,2.30328,2.30223,2.302755
19.46,2.3081,2.30672,2.30741
19.47,2.3066,2.29778,2.30219
19.48,2.30523,2.30347,2.30435
19.49,2.31496,2.29239,2.303675
19.5,2.3062,2.29798,2.30209
19.51,2.30256,2.29916,2.30086
19.52,2.29864,2.30712,2.30288
19.53,2.30014,2.30076,2.30045
19.54,2.30222,2.31126,2.30674
19.55,2.30793,2.30043,2.30418
19.56,2.3014,2.29573,2.298565
19.57,2.30512,2.29967,2.302395
19.58,2.31998,2.30143,2.310705
19.59,2.31493,2.29154,2.303235
19.6,2.30621,2.29494,2.300575
19.61,2.31216,2.30235,2.307255
19.62,2.31285,2.30259,2.30772
19.63,2.30998,2.29728,2.30363
19.64,2.30931,2.30187,2.30559
19.65,2.30659,2.30173,2.30416
19.66,2.307,2.29949,2.303245
19.67,2.30949,2.2939,2.301695
19.68,2.30966,2.29737,2.303515
19.69,2.30347,2.30315,2.30331
19.7,2.30236,2.30336,2.30286
19.71,2.31042,2.29774,2.30408
19.72,2.30791,2.30045,2.30418
19.73,2.30869,2.30378,2.306235
19.74,2.30621,2.30491,2.30556
19.75,2.30891,2.29441,2.30166
19.76,2.30225,2.29494,2.298595
19.77,2.30185,2.29599,2.29892
19.78,2.30687,2.30937,2.30812
19.79,2.30391,2.29276,2.298335
19.8,2.30711,2.29906,2.303085
19.81,2.29821,2.29496,2.296585
19.82,2.30554,2.30304,2.30429
19.83,2.29774,2.30016,2.29895
19.84,2.29363,2.30349,2.29856
19.85,2.30027,2.29992,2.300095
19.86,2.30279,2.29655,2.29967
19.87,2.30317,2.30132,2.302245
19.88,2.30357,2.29182,2.297695
19.89,2.30277,2.30757,2.30517
19.9,2.30355,2.30013,2.30184
19.91,2.30587,2.30123,2.30355
19.92,2.31045,2.2971,2.303775
19.93,2.30976,2.30493,2.307345
19.94,2.30527,2.30042,2.302845
19.95,2.30772,2.299,2.30336
19.96,2.31211,2.30415,2.30813
19.97,2.3052,2.30682,2.30601
19.98,2.29553,2.29657,2.29605
19.99,2.29862,2.29614,2.29738
20,2.30721,2.2983,2.302755
20.01,2.30069,2.29473,2.29771
20.02,2.31257,2.29811,2.30534
20.03,2.30456,2.30207,2.303315
20.04,2.31071,2.28532,2.298015
20.05,2.30194,2.30005,2.300995
20.06,2.30608,2.29965,2.302865
20.07,2.30389,2.29786,2.300875
20.08,2.3044,2.30117,2.302785
20.09,2.30885,2.29382,2.301335
20.1,2.30904,2.29319,2.301115
20.11,2.31074,2.2922,2.30147
20.12,2.30947,2.29017,2.29982
20.13,2.30117,2.28904,2.295105
20.14,2.30903,2.28656,2.297795
20.15,2.29899,2.28234,2.290665
20.16,2.30325,2.28403,2.29364
20.17,2.30746,2.28502,2.29624
20.18,2.30623,2.28897,2.2976
20.19,2.31035,2.28606,2.298205
20.2,2.32107,2.27682,2.298945
20.21,2.30472,2.28873,2.296725
20.22,2.31048,2.29441,2.302445
20.23,2.3084,2.28461,2.296505
20.24,2.30671,2.29057,2.29864
20.25,2.31002,2.2818,2.29591
20.26,2.31103,2.28231,2.29667
20.27,2.3125,2.28134,2.29692
20.28,2.31288,2.27927,2.296075
20.29,2.30859,2.28135,2.29497
20.3,2.30789,2.28638,2.297135
20.31,2.30707,2.29192,2.299495
20.32,2.30327,2.289,2.296135
20.33,2.30341,2.29146,2.297435
20.34,2.30718,2.28737,2.297275
20.35,2.30849,2.28218,2.295335
20.36,2.30587,2.28332,2.294595
20.37,2.30912,2.27954,2.29433
20.38,2.3129,2.27848,2.29569
20.39,2.31142,2.28669,2.299055
20.4,2.31022,2.28221,2.296215
20.41,2.30966,2.29012,2.29989
20.42,2.30267,2.28482,2.293745
20.43,2.30605,2.28974,2.297895
20.44,2.30804,2.28535,2.296695
20.45,2.30395,2.28956,2.296755
20.46,2.30958,2.29095,2.300265
20.47,2.30634,2.27772,2.29203
20.48,2.31158,2.28326,2.29742
20.49,2.30786,2.29186,2.29986
20.5,2.30708,2.29374,2.30041
20.51,2.3078,2.28686,2.29733
20.52,2.30155,2.29615,2.29885
20.53,2.31708,2.29242,2.30475
20.54,2.30325,2.29793,2.30059
20.55,2.30799,2.29204,2.300015
20.56,2.29865,2.29256,2.295605
20.57,2.31033,2.28899,2.29966
20.58,2.3146,2.28553,2.300065
20.59,2.31327,2.28503,2.29915
20.6,2.31691,2.28771,2.30231
20.61,2.30663,2.29338,2.300005
20.62,2.30659,2.28997,2.29828
20.63,2.30406,2.29357,2.298815
20.64,2.303,2.29476,2.29888
20.65,2.30642,2.29184,2.29913
20.66,2.31311,2.2858,2.299455
20.67,2.3047,2.27843,2.291565
20.68,2.31159,2.28506,2.298325
20.69,2.29878,2.28409,2.291435
20.7,2.29657,2.2964,2.296485
20.71,2.29878,2.28394,2.29136
20.72,2.30836,2.29099,2.299675
20.73,2.31449,2.29511,2.3048
20.74,2.30977,2.2968,2.303285
20.75,2.30702,2.28938,2.2982
20.76,2.30988,2.29669,2.303285
20.77,2.31971,2.29252,2.306115
20.78,2.31736,2.28471,2.301035
20.79,2.31193,2.2899,2.300915
20.8,2.30806,2.28332,2.29569
20.81,2.31481,2.28617,2.30049
20.82,2.30512,2.29357,2.299345
20.83,2.30854,2.28262,2.29558
20.84,2.30339,2.29349,2.29844
20.85,2.31214,2.2865,2.29932
20.86,2.30573,2.28815,2.29694
20.87,2.30748,2.28639,2.296935
20.88,2.30343,2.28527,2.29435
20.89,2.31827,2.29241,2.30534
20.9,2.31353,2.29061,2.30207
20.91,2.2989,2.28566,2.29228
20.92,2.30835,2.29419,2.30127
20.93,2.29839,2.2839,2.291145
20.94,2.29856,2.297,2.29778
20.95,2.30578,2.28792,2.29685
20.96,2.31075,2.28329,2.29702
20.97,2.31074,2.28547,2.298105
20.98,2.30862,2.27791,2.293265
20.99,2.3095,2.28036,2.29493
21,2.30398,2.28388,2.29393
21.01,2.30404,2.28009,2.292065
21.02,2.30269,2.29005,2.29637
21.03,2.29736,2.29438,2.29587
21.04,2.29756,2.28676,2.29216
21.05,2.29662,2.28443,2.290525
21.06,2.30808,2.29007,2.299075
21.07,2.30193,2.2907,2.296315
21.08,2.30192,2.2867,2.29431
21.09,2.30087,2.29042,2.295645
21.1,2.30218,2.29427,2.298225
21.11,2.29946,2.29275,2.296105
21.12,2.30008,2.29168,2.29588
21.13,2.31493,2.29475,2.30484
21.14,2.30433,2.29876,2.301545
21.15,2.29352,2.29598,2.29475
21.16,2.30426,2.29648,2.30037
21.17,2.3071,2.29979,2.303445
21.18,2.30553,2.29822,2.301875
21.19,2.31003,2.30206,2.306045
21.2,2.30762,2.30602,2.30682
21.21,2.30974,2.30846,2.3091
21.22,2.30455,2.30321,2.30388
21.23,2.30553,2.31323,2.30938
21.24,2.30321,2.30166,2.302435
21.25,2.30656,2.29847,2.302515
21.26,2.3158,2.30537,2.310585
21.27,2.31324,2.29979,2.306515
21.28,2.30603,2.29669,2.30136
21.29,2.308,2.28997,2.298985
21.3,2.30703,2.29361,2.30032
21.31,2.29604,2.30002,2.29803
21.32,2.31083,2.29448,2.302655
21.33,2.30735,2.29648,2.301915
21.34,2.30752,2.29895,2.303235
21.35,2.31509,2.29961,2.30735
21.36,2.31141,2.29953,2.30547
21.37,2.30682,2.31173,2.309275
21.38,2.30809,2.30629,2.30719
21.39,2.30045,2.30109,2.30077
21.4,2.30271,2.30876,2.305735
21.41,2.30755,2.309,2.308275
21.42,2.3029,2.29994,2.30142
21.43,2.30371,2.30358,2.303645
21.44,2.30444,2.3055,2.30497
21.45,2.30702,2.31079,2.308905
21.46,2.30396,2.3038,2.30388
21.47,2.30719,2.3031,2.305145
21.48,2.30562,2.30274,2.30418
21.49,2.30413,2.30053,2.30233
21.5,2.30563,2.30132,2.303475
21.51,2.31196,2.28982,2.30089
21.52,2.30698,2.29775,2.302365
21.53,2.30692,2.30186,2.30439
21.54,2.31111,2.28625,2.29868
21.55,2.31408,2.2967,2.30539
21.56,2.3087,2.29037,2.299535
21.57,2.30883,2.30058,2.304705
21.58,2.31815,2.29984,2.308995
21.59,2.31079,2.28795,2.29937
21.6,2.31846,2.29328,2.30587
21.61,2.30651,2.29096,2.298735
21.62,2.31537,2.29322,2.304295
21.63,2.31484,2.28501,2.299925
21.64,2.31439,2.29175,2.30307
21.65,2.31911,2.28832,2.303715
21.66,2.31903,2.28863,2.30383
21.67,2.31097,2.30651,2.30874
21.68,2.32067,2.29515,2.30791
21.69,2.32048,2.29141,2.305945
21.7,2.31075,2.29488,2.302815
21.71,2.31968,2.29323,2.306455
21.72,2.3223,2.29312,2.30771
21.73,2.31359,2.29247,2.30303
21.74,2.31108,2.29354,2.30231
21.75,2.31506,2.29605,2.305555
21.76,2.31353,2.29027,2.3019
21.77,2.31904,2.28947,2.304255
21.78,2.31979,2.29295,2.30637
21.79,2.31444,2.28196,2.2982
21.8,2.31293,2.29492,2.303925
21.81,2.31301,2.29329,2.30315
21.82,2.30105,2.28819,2.29462
21.83,2.30844,2.29949,2.303965
21.84,2.31034,2.28688,2.29861
21.85,2.30773,2.29903,2.30338
21.86,2.31301,2.30254,2.307775
21.87,2.31429,2.2971,2.305695
21.88,2.3101,2.28942,2.29976
21.89,2.31207,2.28594,2.299005
21.9,2.31523,2.29318,2.304205
21.91,2.30659,2.29251,2.29955
21.92,2.30928,2.29878,2.30403
21.93,2.3073,2.30186,2.30458
21.94,2.31395,2.29798,2.305965
21.95,2.31134,2.30189,2.306615
21.96,2.31523,2.29913,2.30718
21.97,2.31263,2.30615,2.30939
21.98,2.30703,2.31509,2.31106
21.99,2.30478,2.30784,2.30631
22,2.31489,2.30815,2.31152
22.01,2.32041,2.31042,2.315415
22.02,2.31182,2.29739,2.304605
22.03,2.30962,2.30558,2.3076
22.04,2.31812,2.3067,2.31241
22.05,2.31684,2.30504,2.31094
22.06,2.3117,2.29582,2.30376
22.07,2.32007,2.29494,2.307505
22.08,2.33009,2.30043,2.31526
22.09,2.32708,2.29134,2.30921
22.1,2.31631,2.30336,2.309835
22.11,2.31667,2.2993,2.307985
22.12,2.30592,2.29584,2.30088
22.13,2.31381,2.29599,2.3049
22.14,2.30571,2.30195,2.30383
22.15,2.31161,2.3069,2.309255
22.16,2.31634,2.29138,2.30386
22.17,2.30706,2.30199,2.304525
22.18,2.3149,2.29165,2.303275
22.19,2.3098,2.29669,2.303245
22.2,2.31479,2.29549,2.30514
22.21,2.31569,2.29565,2.30567
22.22,2.31052,2.29811,2.304315
22.23,2.31073,2.30245,2.30659
22.24,2.31321,2.3075,2.310355
22.25,2.30748,2.29798,2.30273
22.26,2.30514,2.29962,2.30238
22.27,2.3048,2.30735,2.306075
22.28,2.30515,2.30274,2.303945
22.29,2.29692,2.29136,2.29414
22.3,2.30429,2.29157,2.29793
22.31,2.31064,2.30539,2.308015
22.32,2.3099,2.30089,2.305395
22.33,2.30361,2.3014,2.302505
22.34,2.30671,2.29661,2.30166
22.35,2.30759,2.30431,2.30595
22.36,2.31164,2.30307,2.307355
22.37,2.31191,2.30195,2.30693
22.38,2.30452,2.29503,2.299775
22.39,2.3114,2.2962,2.3038
22.4,2.30798,2.29789,2.302935
22.41,2.30001,2.29435,2.29718
22.42,2.30664,2.29678,2.30171
22.43,2.3048,2.30128,2.30304
22.44,2.30327,2.30768,2.305475
22.45,2.30774,2.30165,2.304695
22.46,2.30891,2.29588,2.302395
22.47,2.29808,2.29302,2.29555
22.48,2.30511,2.29438,2.299745
22.49,2.30361,2.29794,2.300775
22.5,2.30248,2.30006,2.30127
22.51,2.30989,2.29777,2.30383
22.52,2.30034,2.30858,2.30446
22.53,2.30102,2.30345,2.302235
22.54,2.30003,2.29904,2.299535
22.55,2.30176,2.29442,2.29809
22.56,2.29499,2.30702,2.301005
22.57,2.30707,2.29531,2.30119
22.58,2.30246,2.28813,2.295295
22.59,2.30108,2.29587,2.298475
22.6,2.30917,2.2827,2.295935
22.61,2.30809,2.29121,2.29965
22.62,2.30418,2.29258,2.29838
22.63,2.30006,2.29335,2.296705
22.64,2.30532,2.28873,2.297025
22.65,2.31674,2.28784,2.30229
22.66,2.30368,2.29324,2.29846
22.67,2.30708,2.28463,2.295855
22.68,2.30476,2.29893,2.301845
22.69,2.30291,2.29205,2.29748
22.7,2.30833,2.28484,2.296585
22.71,2.29805,2.28801,2.29303
22.72,2.30219,2.29392,2.298055
22.73,2.30249,2.29096,2.296725
22.74,2.31178,2.29251,2.302145
22.75,2.30305,2.29806,2.300555
22.76,2.30288,2.29068,2.29678
22.77,2.30899,2.30397,2.30648
22.78,2.30984,2.29795,2.303895
22.79,2.30569,2.29415,2.29992
22.8,2.30226,2.30431,2.303285
22.81,2.30871,2.30148,2.305095
22.82,2.30486,2.29887,2.301865
22.83,2.30888,2.29299,2.300935
22.84,2.30739,2.30628,2.306835
22.85,2.3029,2.28298,2.29294
22.86,2.30242,2.29606,2.29924
22.87,2.30418,2.29741,2.300795
22.88,2.31854,2.3006,2.30957
22.89,2.3129,2.3011,2.307
22.9,2.30779,2.30401,2.3059
22.91,2.31076,2.30001,2.305385
22.92,2.3062,2.29315,2.299675
22.93,2.30575,2.299,2.302375
22.94,2.31254,2.29626,2.3044
22.95,2.31134,2.29013,2.300735
22.96,2.31059,2.29415,2.30237
22.97,2.30579,2.30368,2.304735
22.98,2.3158,2.29693,2.306365
22.99,2.31455,2.30065,2.3076
23,2.31049,2.30074,2.305615
23.01,2.30542,2.30284,2.30413
23.02,2.2994,2.30752,2.30346
23.03,2.30635,2.29595,2.30115
23.04,2.30654,2.30049,2.303515
23.05,2.30228,2.2852,2.29374
23.06,2.3085,2.29002,2.29926
23.07,2.30889,2.29367,2.30128
23.08,2.30523,2.29532,2.300275
23.09,2.30376,2.29406,2.29891
23.1,2.30339,2.2934,2.298395
23.11,2.30547,2.29149,2.29848
23.12,2.3108,2.28643,2.298615
23.13,2.31081,2.29243,2.30162
23.14,2.31648,2.28907,2.302775
23.15,2.31613,2.29118,2.303655
23.16,2.31665,2.29351,2.30508
23.17,2.30633,2.29525,2.30079
23.18,2.30039,2.29981,2.3001
23.19,2.30645,2.29467,2.30056
23.2,2.30782,2.2959,2.30186
23.21,2.30495,2.29175,2.29835
23.22,2.30489,2.29275,2.29882
23.23,2.31079,2.28446,2.297625
23.24,2.30445,2.29008,2.297265
23.25,2.3029,2.2863,2.2946
23.26,2.30409,2.30083,2.30246
23.27,2.30317,2.30396,2.303565
23.28,2.29964,2.29203,2.295835
23.29,2.29958,2.30222,2.3009
23.3,2.30079,2.30107,2.30093
23.31,2.30447,2.29932,2.301895
23.32,2.29902,2.29147,2.295245
23.33,2.29982,2.2921,2.29596
23.34,2.30068,2.29034,2.29551
23.35,2.30306,2.28704,2.29505
23.36,2.31077,2.2913,2.301035
23.37,2.30647,2.29316,2.299815
23.38,2.29607,2.29216,2.294115
23.39,2.30408,2.29036,2.29722
23.4,2.30708,2.29178,2.29943
23.41,2.31031,2.2929,2.301605
23.42,2.3078,2.30568,2.30674
23.43,2.30424,2.29756,2.3009
23.44,2.30895,2.2905,2.299725
23.45,2.30232,2.30318,2.30275
23.46,2.30512,2.2954,2.30026
23.47,2.30021,2.29913,2.29967
23.48,2.30805,2.29959,2.30382
23.49,2.30772,2.30194,2.30483
23.5,2.30547,2.30091,2.30319
23.51,2.30095,2.29752,2.299235
23.52,2.30813,2.29394,2.301035
23.53,2.30777,2.29506,2.301415
23.54,2.2997,2.29578,2.29774
23.55,2.30552,2.29332,2.29942
23.56,2.30584,2.29697,2.301405
23.57,2.30312,2.28783,2.295475
23.58,2.30631,2.2913,2.298805
23.59,2.3051,2.29411,2.299605
23.6,2.30432,2.29858,2.30145
23.61,2.30793,2.28948,2.298705
23.62,2.30948,2.29538,2.30243
23.63,2.30937,2.2972,2.303285
23.64,2.30014,2.31015,2.305145
23.65,2.30951,2.307,2.308255
23.66,2.30999,2.3074,2.308695
23.67,2.30988,2.31043,2.310155
23.68,2.30666,2.30313,2.304895
23.69,2.30904,2.30563,2.307335
23.7,2.30698,2.30591,2.306445
23.71,2.30814,2.29409,2.301115
23.72,2.32055,2.30078,2.310665
23.73,2.31107,2.29536,2.303215
23.74,2.30756,2.30363,2.305595
23.75,2.30919,2.30808,2.308635
23.76,2.30796,2.30007,2.304015
23.77,2.30494,2.29808,2.30151
23.78,2.29864,2.30079,2.299715
23.79,2.30613,2.29995,2.30304
23.8,2.31,2.29072,2.30036
23.81,2.30855,2.29933,2.30394
23.82,2.30947,2.29517,2.30232
23.83,2.30165,2.29455,2.2981
23.84,2.30595,2.30361,2.30478
23.85,2.30158,2.29943,2.300505
23.86,2.30317,2.30695,2.30506
23.87,2.30088,2.30821,2.304545
23.88,2.30266,2.2979,2.30028
23.89,2.3051,2.29646,2.30078
23.9,2.30371,2.3043,2.304005
23.91,2.30166,2.29558,2.29862
23.92,2.30616,2.29915,2.302655
23.93,2.31071,2.29075,2.30073
23.94,2.30917,2.28978,2.299475
23.95,2.30381,2.29227,2.29804
23.96,2.30818,2.29804,2.30311
23.97,2.31262,2.29356,2.30309
23.98,2.31555,2.29787,2.30671
23.99,2.31438,2.29711,2.305745
24,2.30606,2.2897,2.29788
24.01,2.30598,2.29133,2.298655
24.02,2.30206,2.29973,2.300895
24.03,2.30555,2.30113,2.30334
24.04,2.30695,2.30066,2.303805
24.05,2.30919,2.30078,2.304985
24.06,2.30995,2.30369,2.30682
24.07,2.3088,2.29523,2.302015
24.08,2.30719,2.30692,2.307055
24.09,2.30612,2.31029,2.308205
24.1,2.30265,2.30116,2.301905
24.11,2.31284,2.3072,2.31002
24.12,2.30256,2.30714,2.30485
24.13,2.30621,2.30385,2.30503
24.14,2.29701,2.30148,2.299245
24.15,2.3053,2.30453,2.304915
24.16,2.30321,2.3039,2.303555
24.17,2.30329,2.3083,2.305795
24.18,2.31022,2.3077,2.30896
24.19,2.31184,2.30778,2.30981
24.2,2.31115,2.31771,2.31443
24.21,2.30636,2.31674,2.31155
24.22,2.30775,2.30792,2.307835
24.23,2.30773,2.3147,2.311215
24.24,2.30755,2.30724,2.307395
24.25,2.29993,2.30685,2.30339
24.26,2.30476,2.31064,2.3077
24.27,2.30363,2.31135,2.30749
24.28,2.30638,2.31571,2.311045
24.29,2.30671,2.30807,2.30739
24.3,2.30159,2.30878,2.305185
24.31,2.30547,2.30546,2.305465
24.32,2.31192,2.30548,2.3087
24.33,2.31175,2.30079,2.30627
24.34,2.31526,2.30058,2.30792
24.35,2.31682,2.31072,2.31377
24.36,2.31542,2.30232,2.30887
24.37,2.31475,2.30123,2.30799
24.38,2.31247,2.30285,2.30766
24.39,2.30245,2.31687,2.30966
24.4,2.32592,2.31095,2.318435
24.41,2.31459,2.30435,2.30947
24.42,2.31553,2.31026,2.312895
24.43,2.31595,2.30838,2.312165
24.44,2.31388,2.30487,2.309375
24.45,2.30699,2.30683,2.30691
24.46,2.30787,2.30869,2.30828
24.47,2.30675,2.30467,2.30571
24.48,2.3105,2.3083,2.3094
24.49,2.3143,2.30057,2.307435
24.5,2.30642,2.29996,2.30319
24.51,2.30983,2.30789,2.30886
24.52,2.31033,2.3089,2.309615
24.53,2.31545,2.307,2.311225
24.54,2.31546,2.30986,2.31266
24.55,2.31002,2.29953,2.304775
24.56,2.30567,2.30545,2.30556
24.57,2.31059,2.30313,2.30686
24.58,2.30307,2.30111,2.30209
24.59,2.30431,2.30857,2.30644
24.6,2.30663,2.30077,2.3037
24.61,2.30625,2.30355,2.3049
24.62,2.30809,2.30636,2.307225
24.63,2.30462,2.30157,2.303095
24.64,2.30716,2.29952,2.30334
24.65,2.30413,2.28846,2.296295
24.66,2.2994,2.29894,2.29917
24.67,2.29669,2.28816,2.292425
24.68,2.30837,2.29329,2.30083
24.69,2.3048,2.29171,2.298255
24.7,2.31119,2.30401,2.3076
24.71,2.31297,2.30494,2.308955
24.72,2.30064,2.29891,2.299775
24.73,2.3016,2.30405,2.302825
24.74,2.29903,2.31742,2.308225
24.75,2.29429,2.29848,2.296385
24.76,2.29086,2.30565,2.298255
24.77,2.29769,2.30561,2.30165
24.78,2.29834,2.2939,2.29612
24.79,2.2991,2.30396,2.30153
24.8,2.30626,2.30597,2.306115
24.81,2.29658,2.3059,2.30124
24.82,2.29613,2.29722,2.296675
24.83,2.30118,2.30597,2.303575
24.84,2.3032,2.30684,2.30502
24.85,2.29964,2.30989,2.304765
24.86,2.30829,2.30312,2.305705
24.87,2.30432,2.30264,2.30348
24.88,2.30331,2.30099,2.30215
24.89,2.3061,2.30197,2.304035
24.9,2.3048,2.29339,2.299095
24.91,2.30438,2.29946,2.30192
24.92,2.31529,2.30477,2.31003
24.93,2.30764,2.3048,2.30622
24.94,2.31588,2.3062,2.31104
24.95,2.31191,2.30018,2.306045
24.96,2.30166,2.2982,2.29993
24.97,2.30648,2.30636,2.30642
24.98,2.29858,2.30847,2.303525
24.99,2.30106,2.30615,2.303605
25,2.30785,2.3082,2.308025
25.01,2.31398,2.30486,2.30942
25.02,2.30828,2.30004,2.30416
25.03,2.31,2.30225,2.306125
25.04,2.29822,2.31358,2.3059
25.05,2.3078,2.30759,2.307695
25.06,2.30392,2.31138,2.30765
25.07,2.30567,2.29902,2.302345
25.08,2.31011,2.30877,2.30944
25.09,2.30127,2.29656,2.298915
25.1,2.30671,2.30736,2.307035
25.11,2.30659,2.30006,2.303325
25.12,2.30072,2.31526,2.30799
25.13,2.30057,2.3097,2.305135
25.14,2.29999,2.30544,2.302715
25.15,2.30161,2.30149,2.30155
25.16,2.30672,2.29779,2.302255
25.17,2.30427,2.3081,2.306185
25.18,2.3084,2.30053,2.304465
25.19,2.30403,2.31258,2.308305
25.2,2.3108,2.30855,2.309675
25.21,2.31564,2.30713,2.311385
25.22,2.30749,2.30557,2.30653
25.23,2.3185,2.30327,2.310885
25.24,2.31062,2.30667,2.308645
25.25,2.3119,2.30664,2.30927
25.26,2.3161,2.30318,2.30964
25.27,2.30779,2.29802,2.302905
25.28,2.3076,2.30822,2.30791
25.29,2.3059,2.30158,2.30374
25.3,2.31413,2.31047,2.3123
25.31,2.31113,2.3083,2.309715
25.32,2.30704,2.3012,2.30412
25.33,2.31076,2.29592,2.30334
25.34,2.31072,2.29611,2.303415
25.35,2.30961,2.29741,2.30351
25.36,2.30638,2.2975,2.30194
25.37,2.30904,2.30667,2.307855
25.38,2.30279,2.30699,2.30489
25.39,2.30413,2.29857,2.30135
25.4,2.30314,2.29785,2.300495
25.41,2.30215,2.30205,2.3021
25.42,2.30988,2.29678,2.30333
25.43,2.29828,2.30083,2.299555
25.44,2.29125,2.3056,2.298425
25.45,2.29962,2.29937,2.299495
25.46,2.30012,2.30903,2.304575
25.47,2.30422,2.30666,2.30544
25.48,2.30339,2.30847,2.30593
25.49,2.30145,2.30216,2.301805
25.5,2.30035,2.29991,2.30013
25.51,2.30202,2.29787,2.299945
25.52,2.30355,2.30956,2.306555
25.53,2.30844,2.31172,2.31008
25.54,2.3118,2.31455,2.313175
25.55,2.3074,2.31488,2.31114
25.56,2.31207,2.31473,2.3134
25.57,2.30966,2.30325,2.306455
25.58,2.30719,2.30977,2.30848
25.59,2.30683,2.31192,2.309375
25.6,2.30685,2.31724,2.312045
25.61,2.31205,2.3067,2.309375
25.62,2.30484,2.30961,2.307225
25.63,2.30167,2.30843,2.30505
25.64,2.30586,2.30247,2.304165
25.65,2.30119,2.30118,2.301185
25.66,2.29704,2.30511,2.301075
25.67,2.29269,2.30726,2.299975
25.68,2.30647,2.30232,2.304395
25.69,2.3057,2.30502,2.30536
25.7,2.31267,2.30209,2.30738
25.71,2.31424,2.30202,2.30813
25.72,2.31617,2.30407,2.31012
25.73,2.30467,2.30968,2.307175
25.74,2.30864,2.31697,2.312805
25.75,2.3127,2.30784,2.31027
25.76,2.31043,2.30025,2.30534
25.77,2.31367,2.30271,2.30819
25.78,2.31329,2.30007,2.30668
25.79,2.3117,2.30521,2.308455
25.8,2.31376,2.30642,2.31009
25.81,2.32515,2.30217,2.31366
25.82,2.31075,2.30881,2.30978
25.83,2.31678,2.30203,2.309405
25.84,2.31894,2.29824,2.30859
25.85,2.32411,2.29432,2.309215
25.86,2.32077,2.30272,2.311745
25.87,2.31596,2.30591,2.310935
25.88,2.31435,2.30406,2.309205
25.89,2.31478,2.30031,2.307545
25.9,2.31524,2.29749,2.306365
25.91,2.31925,2.30011,2.30968
25.92,2.3155,2.30003,2.307765
25.93,2.32914,2.31029,2.319715
25.94,2.31304,2.30914,2.31109
25.95,2.31458,2.3046,2.30959
25.96,2.32099,2.30566,2.313325
25.97,2.31441,2.31177,2.31309
25.98,2.31235,2.31172,2.312035
25.99,2.32259,2.30193,2.31226
26,2.31829,2.31005,2.31417
26.01,2.31325,2.30617,2.30971
26.02,2.30529,2.31004,2.307665
26.03,2.31573,2.31008,2.312905
26.04,2.30617,2.30967,2.30792
26.05,2.30948,2.2979,2.30369
26.06,2.31565,2.30789,2.31177
26.07,2.31482,2.31115,2.312985
26.08,2.30718,2.30707,2.307125
26.09,2.32118,2.30615,2.313665
26.1,2.31231,2.30498,2.308645
26.11,2.3127,2.31882,2.31576
26.12,2.30998,2.3151,2.31254
26.13,2.30944,2.31214,2.31079
26.14,2.30854,2.31235,2.310445
26.15,2.31672,2.31146,2.31409
26.16,2.30997,2.29821,2.30409
26.17,2.30955,2.30632,2.307935
26.18,2.31079,2.3023,2.306545
26.19,2.30596,2.30509,2.305525
26.2,2.31075,2.30135,2.30605
26.21,2.30784,2.30287,2.305355
26.22,2.31923,2.30075,2.30999
26.23,2.30975,2.30321,2.30648
26.24,2.32072,2.29699,2.308855
26.25,2.31477,2.30079,2.30778
26.26,2.31325,2.30157,2.30741
26.27,2.31405,2.30389,2.30897
26.28,2.31334,2.3045,2.30892
26.29,2.32676,2.30513,2.315945
26.3,2.31494,2.30945,2.312195
26.31,2.3157,2.29787,2.306785
26.32,2.3167,2.30215,2.309425
26.33,2.30977,2.29899,2.30438
26.34,2.31014,2.3083,2.30922
26.35,2.31007,2.30188,2.305975
26.36,2.30705,2.29626,2.301655
26.37,2.30341,2.29828,2.300845
26.38,2.31034,2.29992,2.30513
26.39,2.30965,2.30122,2.305435
26.4,2.31288,2.292,2.30244
26.41,2.30524,2.29771,2.301475
26.42,2.30885,2.31363,2.31124
26.43,2.29786,2.31335,2.305605
26.44,2.31617,2.31308,2.314625
26.45,2.31615,2.31708,2.316615
26.46,2.31487,2.31321,2.31404
26.47,2.30258,2.30883,2.305705
26.48,2.30589,2.30955,2.30772
26.49,2.29844,2.30797,2.303205
26.5,2.30252,2.29936,2.30094
26.51,2.31103,2.30978,2.310405
26.52,2.30924,2.3098,2.30952
26.53,2.3105,2.30284,2.30667
26.54,2.31189,2.31103,2.31146
26.55,2.30124,2.31016,2.3057
26.56,2.301,2.31027,2.305635
26.57,2.30576,2.29867,2.302215
26.58,2.30123,2.3049,2.303065
26.59,2.30583,2.30506,2.305445
26.6,2.30156,2.30059,2.301075
26.61,2.2982,2.29623,2.297215
26.62,2.30042,2.29376,2.29709
26.63,2.29921,2.30207,2.30064
26.64,2.30815,2.29671,2.30243
26.65,2.30606,2.28565,2.295855
26.66,2.29644,2.30597,2.301205
26.67,2.29792,2.30126,2.29959
26.68,2.30376,2.30578,2.30477
26.69,2.30324,2.31194,2.30759
26.7,2.30426,2.30401,2.304135
26.71,2.30603,2.30079,2.30341
26.72,2.30473,2.3029,2.303815
26.73,2.31418,2.2946,2.30439
26.74,2.29847,2.30349,2.30098
26.75,2.30318,2.29911,2.301145
26.76,2.30721,2.30117,2.30419
26.77,2.30569,2.30109,2.30339
26.78,2.30916,2.31125,2.310205
26.79,2.30101,2.3064,2.303705
26.8,2.30097,2.30693,2.30395
26.81,2.30112,2.29805,2.299585
26.82,2.31118,2.30837,2.309775
26.83,2.31244,2.3044,2.30842
26.84,2.30076,2.29657,2.298665
26.85,2.30619,2.3014,2.303795
26.86,2.3099,2.30294,2.30642
26.87,2.30004,2.3015,2.30077
26.88,2.30425,2.30617,2.30521
26.89,2.30219,2.301,2.301595
26.9,2.31072,2.29595,2.303335
26.91,2.31078,2.29828,2.30453
26.92,2.30881,2.29597,2.30239
26.93,2.30518,2.29864,2.30191
26.94,2.29878,2.29694,2.29786
26.95,2.30773,2.30125,2.30449
26.96,2.30621,2.2999,2.303055
26.97,2.30231,2.29416,2.298235
26.98,2.29788,2.2949,2.29639
26.99,2.30602,2.31653,2.311275
27,2.305,2.30263,2.303815
27.01,2.31335,2.30491,2.30913
27.02,2.31007,2.30824,2.309155
27.03,2.30339,2.31574,2.309565
27.04,2.31003,2.31622,2.313125
27.05,2.31122,2.31758,2.3144
27.06,2.30079,2.31277,2.30678
27.07,2.30189,2.30323,2.30256
27.08,2.29875,2.30703,2.30289
27.09,2.29719,2.30718,2.302185
27.1,2.3064,2.31523,2.310815
27.11,2.30158,2.30811,2.304845
27.12,2.31093,2.30799,2.30946
27.13,2.30234,2.31006,2.3062
27.14,2.3046,2.30143,2.303015
27.15,2.29933,2.30586,2.302595
27.16,2.3051,2.30495,2.305025
27.17,2.30766,2.31095,2.309305
27.18,2.30112,2.30686,2.30399
27.19,2.30193,2.29501,2.29847
27.2,2.30152,2.3071,2.30431
27.21,2.304,2.30232,2.30316
27.22,2.29902,2.30141,2.300215
27.23,2.30022,2.30982,2.30502
27.24,2.30643,2.3095,2.307965
27.25,2.30157,2.3093,2.305435
27.26,2.30314,2.30124,2.30219
27.27,2.29932,2.29329,2.296305
27.28,2.29962,2.29434,2.29698
27.29,2.29925,2.29372,2.296485
27.3,2.30366,2.29303,2.298345
27.31,2.29848,2.30137,2.299925
27.32,2.29231,2.28838,2.290345
27.33,2.30271,2.29899,2.30085
27.34,2.30302,2.3015,2.30226
27.35,2.30049,2.28894,2.294715
27.36,2.29949,2.29576,2.297625
27.37,2.30766,2.30618,2.30692
27.38,2.30903,2.30002,2.304525
27.39,2.30449,2.29554,2.300015
27.4,2.29684,2.29293,2.294885
27.41,2.30432,2.29978,2.30205
27.42,2.31004,2.30542,2.30773
27.43,2.31957,2.29478,2.307175
27.44,2.31366,2.30463,2.309145
27.45,2.31152,2.29466,2.30309
27.46,2.30453,2.30239,2.30346
27.47,2.31318,2.30531,2.309245
27.48,2.3013,2.29416,2.29773
27.49,2.30654,2.29706,2.3018
27.5,2.30816,2.29355,2.300855
27.51,2.31377,2.30074,2.307255
27.52,2.31421,2.30587,2.31004
27.53,2.31153,2.29448,2.303005
27.54,2.32214,2.29192,2.30703
27.55,2.31128,2.29207,2.301675
27.56,2.31224,2.2961,2.30417
27.57,2.30672,2.29026,2.29849
27.58,2.31259,2.29867,2.30563
27.59,2.31165,2.29714,2.304395
27.6,2.31005,2.2955,2.302775
27.61,2.30692,2.29504,2.30098
27.62,2.31247,2.29308,2.302775
27.63,2.31715,2.29961,2.30838
27.64,2.3059,2.30046,2.30318
27.65,2.30762,2.29374,2.30068
27.66,2.31067,2.29771,2.30419
27.67,2.30987,2.30422,2.307045
27.68,2.32047,2.29422,2.307345
27.69,2.31072,2.29167,2.301195
27.7,2.31702,2.29345,2.305235
27.71,2.31048,2.29636,2.30342
27.72,2.3096,2.30321,2.306405
27.73,2.31761,2.29338,2.305495
27.74,2.31065,2.2969,2.303775
27.75,2.30661,2.2918,2.299205
27.76,2.29892,2.30167,2.300295
27.77,2.30399,2.29212,2.298055
27.78,2.30717,2.29598,2.301575
27.79,2.3068,2.2944,2.3006
27.8,2.30674,2.29223,2.299485
27.81,2.31143,2.30151,2.30647
27.82,2.31096,2.30029,2.305625
27.83,2.30355,2.29733,2.30044
27.84,2.30472,2.28569,2.295205
27.85,2.311,2.28998,2.30049
27.86,2.31393,2.28715,2.30054
27.87,2.31953,2.30021,2.30987
27.88,2.31115,2.3001,2.305625
27.89,2.30753,2.29573,2.30163
27.9,2.3102,2.30337,2.306785
27.91,2.30853,2.29953,2.30403
27.92,2.30376,2.29869,2.301225
27.93,2.30706,2.29978,2.30342
27.94,2.30005,2.30496,2.302505
27.95,2.30247,2.30097,2.30172
27.96,2.3021,2.30032,2.30121
27.97,2.29481,2.30583,2.30032
27.98,2.30293,2.29319,2.29806
27.99,2.31243,2.29531,2.30387
28,2.30134,2.30029,2.300815
28.01,2.30407,2.30047,2.30227
28.02,2.30476,2.29475,2.299755
28.03,2.29778,2.2992,2.29849
28.04,2.30551,2.30155,2.30353
28.05,2.30074,2.3038,2.30227
28.06,2.30183,2.29655,2.29919
28.07,2.30346,2.29551,2.299485
28.08,2.29057,2.28631,2.28844
28.09,2.29623,2.30472,2.300475
28.1,2.29354,2.30604,2.29979
28.11,2.28644,2.30382,2.29513
28.12,2.2908,2.29485,2.292825
28.13,2.29307,2.30236,2.297715
28.14,2.29472,2.29954,2.29713
28.15,2.28719,2.29668,2.291935
28.16,2.29435,2.29491,2.29463
28.17,2.30292,2.28848,2.2957
28.18,2.2967,2.29322,2.29496
28.19,2.29682,2.29167,2.294245
28.2,2.29235,2.29773,2.29504
28.21,2.30032,2.29239,2.296355
28.22,2.29821,2.28539,2.2918
28.23,2.29767,2.29695,2.29731
28.24,2.30151,2.28684,2.294175
28.25,2.30051,2.30052,2.300515
28.26,2.30256,2.29241,2.297485
28.27,2.30379,2.29651,2.30015
28.28,2.30231,2.29452,2.298415
28.29,2.30862,2.2921,2.30036
28.3,2.30418,2.30476,2.30447
28.31,2.30691,2.29673,2.30182
28.32,2.30779,2.29885,2.30332
28.33,2.30061,2.29802,2.299315
28.34,2.30361,2.30167,2.30264
28.35,2.30276,2.30654,2.30465
28.36,2.29688,2.30627,2.301575
28.37,2.30429,2.31101,2.30765
28.38,2.3047,2.31193,2.308315
28.39,2.30405,2.31213,2.30809
28.4,2.30766,2.30089,2.304275
28.41,2.30611,2.29558,2.300845
28.42,2.29869,2.3003,2.299495
28.43,2.29767,2.30079,2.29923
28.44,2.30187,2.30061,2.30124
28.45,2.29976,2.30583,2.302795
28.46,2.29831,2.29948,2.298895
28.47,2.29918,2.29764,2.29841
28.48,2.30601,2.31769,2.31185
28.49,2.31093,2.30647,2.3087
28.5,2.30632,2.29685,2.301585
28.51,2.29903,2.29965,2.29934
28.52,2.31075,2.2978,2.304275
28.53,2.30118,2.30659,2.303885
28.54,2.29929,2.29881,2.29905
28.55,2.29888,2.2982,2.29854
28.56,2.29659,2.2923,2.294445
28.57,2.29581,2.28951,2.29266
28.58,2.30431,2.29032,2.297315
28.59,2.30604,2.29279,2.299415
28.6,2.30025,2.29633,2.29829
28.61,2.30442,2.29588,2.30015
28.62,2.30356,2.29763,2.300595
28.63,2.30491,2.3055,2.305205
28.64,2.31183,2.30262,2.307225
28.65,2.31353,2.29997,2.30675
28.66,2.30988,2.30091,2.305395
28.67,2.3024,2.30987,2.306135
28.68,2.3057,2.31237,2.309035
28.69,2.30427,2.30428,2.304275
28.7,2.30779,2.3079,2.307845
28.71,2.31265,2.30185,2.30725
28.72,2.29932,2.30895,2.304135
28.73,2.31101,2.30306,2.307035
28.74,2.30915,2.30046,2.304805
28.75,2.30803,2.29674,2.302385
28.76,2.31147,2.30182,2.306645
28.77,2.30531,2.30699,2.30615
28.78,2.29924,2.30805,2.303645
28.79,2.30804,2.30759,2.307815
28.8,2.31336,2.30846,2.31091
28.81,2.31928,2.29063,2.304955
28.82,2.3155,2.3002,2.30785
28.83,2.3113,2.3099,2.3106
28.84,2.30558,2.30554,2.30556
28.85,2.30087,2.29993,2.3004
28.86,2.31133,2.30842,2.309875
28.87,2.30899,2.30379,2.30639
28.88,2.31304,2.30351,2.308275
28.89,2.31154,2.30082,2.30618
28.9,2.30981,2.31154,2.310675
28.91,2.30829,2.30417,2.30623
28.92,2.31367,2.31094,2.312305
28.93,2.30617,2.29494,2.300555
28.94,2.30607,2.30324,2.304655
28.95,2.30306,2.30474,2.3039
28.96,2.29903,2.30975,2.30439
28.97,2.30677,2.30933,2.30805
28.98,2.30986,2.30283,2.306345
28.99,2.30167,2.29918,2.300425
29,2.31378,2.30842,2.3111
29.01,2.31351,2.29861,2.30606
29.02,2.30945,2.2963,2.302875
29.03,2.30422,2.30817,2.306195
29.04,2.3194,2.31235,2.315875
29.05,2.31385,2.30459,2.30922
29.06,2.30735,2.30562,2.306485
29.07,2.32013,2.3135,2.316815
29.08,2.32177,2.3162,2.318985
29.09,2.32152,2.31228,2.3169
29.1,2.31144,2.30524,2.30834
29.11,2.29949,2.30527,2.30238
29.12,2.30599,2.30119,2.30359
29.13,2.30315,2.30244,2.302795
29.14,2.30539,2.31036,2.307875
29.15,2.31397,2.30818,2.311075
29.16,2.3038,2.30764,2.30572
29.17,2.30384,2.29394,2.29889
29.18,2.30761,2.2988,2.303205
29.19,2.30453,2.2999,2.302215
29.2,2.30464,2.30172,2.30318
29.21,2.30797,2.3037,2.305835
29.22,2.31056,2.29687,2.303715
29.23,2.30139,2.29273,2.29706
29.24,2.30044,2.29578,2.29811
29.25,2.30095,2.29271,2.29683
29.26,2.30708,2.29786,2.30247
29.27,2.30944,2.30575,2.307595
29.28,2.31041,2.29879,2.3046
29.29,2.30781,2.295,2.301405
29.3,2.30863,2.30466,2.306645
29.31,2.301,2.29306,2.29703
29.32,2.30938,2.28741,2.298395
29.33,2.31432,2.28811,2.301215
29.34,2.30957,2.29579,2.30268
29.35,2.31343,2.29226,2.302845
29.36,2.30303,2.29069,2.29686
29.37,2.30098,2.29645,2.298715
29.38,2.30153,2.29906,2.300295
29.39,2.29998,2.30354,2.30176
29.4,2.30559,2.30428,2.304935
29.41,2.30908,2.30489,2.306985
29.42,2.30739,2.30164,2.304515
29.43,2.31057,2.30435,2.30746
29.44,2.31263,2.30925,2.31094
29.45,2.30786,2.30183,2.304845
29.46,2.30962,2.31609,2.312855
29.47,2.29899,2.30455,2.30177
29.48,2.31058,2.30677,2.308675
29.49,2.30592,2.30222,2.30407
29.5,2.30899,2.29262,2.300805
29.51,2.30635,2.2934,2.299875
29.52,2.30006,2.2995,2.29978
29.53,2.30044,2.30103,2.300735
29.54,2.29371,2.30026,2.296985
29.55,2.30162,2.29829,2.299955
29.56,2.30236,2.30046,2.30141
29.57,2.30821,2.2982,2.303205
29.58,2.30849,2.29985,2.30417
29.59,2.3079,2.29718,2.30254
29.6,2.30623,2.29874,2.302485
29.61,2.30677,2.30905,2.30791
29.62,2.30155,2.29524,2.298395
29.63,2.29652,2.29673,2.296625
29.64,2.30898,2.29572,2.30235
29.65,2.31415,2.3017,2.307925
29.66,2.30564,2.30192,2.30378
29.67,2.30704,2.29847,2.302755
29.68,2.30857,2.30156,2.305065
29.69,2.30643,2.299,2.302715
29.7,2.30504,2.30654,2.30579
29.71,2.30227,2.30068,2.301475
29.72,2.30409,2.30098,2.302535
29.73,2.30819,2.30356,2.305875
29.74,2.29824,2.30271,2.300475
29.75,2.31323,2.30234,2.307785
29.76,2.30694,2.29868,2.30281
29.77,2.30208,2.29783,2.299955
29.78,2.30324,2.30076,2.302
29.79,2.30221,2.29916,2.300685
29.8,2.29221,2.29527,2.29374
29.81,2.29925,2.30448,2.301865
29.82,2.30578,2.28553,2.295655
29.83,2.29595,2.29459,2.29527
29.84,2.30328,2.2992,2.30124
29.85,2.30163,2.30152,2.301575
29.86,2.29807,2.30634,2.302205
29.87,2.29167,2.30942,2.300545
29.88,2.29205,2.30538,2.298715
29.89,2.29238,2.29055,2.291465
29.9,2.30153,2.30481,2.30317
29.91,2.29543,2.2983,2.296865
29.92,2.29253,2.30391,2.29822
29.93,2.29962,2.3016,2.30061
29.94,2.29452,2.30274,2.29863
29.95,2.29827,2.29485,2.29656
29.96,2.29423,2.29915,2.29669
29.97,2.28927,2.30264,2.295955
29.98,2.29109,2.29497,2.29303
29.99,2.29694,2.30609,2.301515
30,2.29872,2.29724,2.29798
30.01,2.29612,2.30187,2.298995
30.02,2.29235,2.30004,2.296195
30.03,2.30193,2.30146,2.301695
30.04,2.29205,2.29844,2.295245
30.05,2.29393,2.30586,2.299895
30.06,2.30298,2.30174,2.30236
30.07,2.30084,2.29752,2.29918
30.08,2.29623,2.29641,2.29632
30.09,2.30329,2.3036,2.303445
30.1,2.30218,2.30156,2.30187
30.11,2.30309,2.29945,2.30127
30.12,2.30066,2.30922,2.30494
30.13,2.31001,2.31339,2.3117
30.14,2.29613,2.30588,2.301005
30.15,2.29653,2.30587,2.3012
30.16,2.30666,2.30187,2.304265
30.17,2.30143,2.30009,2.30076
30.18,2.30279,2.30504,2.303915
30.19,2.30656,2.30226,2.30441
30.2,2.30583,2.30347,2.30465
30.21,2.29816,2.30643,2.302295
30.22,2.30473,2.30361,2.30417
30.23,2.3041,2.31612,2.31011
30.24,2.30171,2.31381,2.30776
30.25,2.30303,2.30963,2.30633
30.26,2.29336,2.30357,2.298465
30.27,2.29565,2.30634,2.300995
30.28,2.29948,2.30314,2.30131
30.29,2.30265,2.31701,2.30983
30.3,2.29475,2.30956,2.302155
30.31,2.30179,2.30996,2.305875
30.32,2.30025,2.30325,2.30175
30.33,2.29929,2.30825,2.30377
30.34,2.3011,2.30103,2.301065
30.35,2.30781,2.29823,2.30302
30.36,2.30468,2.30668,2.30568
30.37,2.30279,2.30735,2.30507
30.38,2.30489,2.30881,2.30685
30.39,2.30073,2.30726,2.303995
30.4,2.30063,2.30088,2.300755
30.41,2.31061,2.30023,2.30542
30.42,2.30669,2.3041,2.305395
30.43,2.30343,2.29454,2.298985
30.44,2.30508,2.30673,2.305905
30.45,2.29892,2.31082,2.30487
30.46,2.30943,2.30311,2.30627
30.47,2.30395,2.31392,2.308935
30.48,2.30504,2.31227,2.308655
30.49,2.31385,2.31945,2.31665
30.5,2.30388,2.31032,2.3071
30.51,2.30232,2.30882,2.30557
30.52,2.30093,2.30646,2.303695
30.53,2.30214,2.30548,2.30381
30.54,2.30451,2.30882,2.306665
30.55,2.30968,2.30925,2.309465
30.56,2.30784,2.30958,2.30871
30.57,2.30969,2.30333,2.30651
30.58,2.30548,2.3021,2.30379
30.59,2.30663,2.30183,2.30423
30.6,2.30599,2.3113,2.308645
30.61,2.31006,2.2992,2.30463
30.62,2.30915,2.30203,2.30559
30.63,2.29796,2.30449,2.301225
30.64,2.30139,2.31058,2.305985
30.65,2.31366,2.31303,2.313345
30.66,2.30292,2.3079,2.30541
30.67,2.30037,2.29908,2.299725
30.68,2.29734,2.30875,2.303045
30.69,2.29613,2.30686,2.301495
30.7,2.30148,2.30052,2.301
30.71,2.29945,2.29883,2.29914
30.72,2.30051,2.30235,2.30143
30.73,2.30052,2.2955,2.29801
30.74,2.30464,2.29804,2.30134
30.75,2.30449,2.29428,2.299385
30.76,2.30239,2.29364,2.298015
30.77,2.29968,2.30743,2.303555
30.78,2.3055,2.3039,2.3047
30.79,2.29925,2.3028,2.301025
30.8,2.30816,2.30507,2.306615
30.81,2.30842,2.29941,2.303915
30.82,2.30676,2.30223,2.304495
30.83,2.30489,2.30044,2.302665
30.84,2.30513,2.29289,2.29901
30.85,2.31294,2.2911,2.30202
30.86,2.30064,2.29364,2.29714
30.87,2.30386,2.29402,2.29894
30.88,2.31037,2.29999,2.30518
30.89,2.30993,2.29557,2.30275
30.9,2.3148,2.29848,2.30664
30.91,2.30952,2.30177,2.305645
30.92,2.30375,2.29353,2.29864
30.93,2.30378,2.29019,2.296985
30.94,2.30567,2.28827,2.29697
30.95,2.30744,2.28964,2.29854
30.96,2.30551,2.28208,2.293795
30.97,2.30533,2.29103,2.29818
30.98,2.31789,2.28939,2.30364
30.99,2.31553,2.2874,2.301465
31,2.30714,2.28089,2.294015
31.01,2.30955,2.29113,2.30034
31.02,2.31463,2.29911,2.30687
31.03,2.31947,2.29082,2.305145
31.04,2.3001,2.29851,2.299305
31.05,2.30253,2.29722,2.299875
31.06,2.30627,2.29672,2.301495
31.07,2.30462,2.29594,2.30028
31.08,2.3038,2.28783,2.295815
31.09,2.31098,2.29288,2.30193
31.1,2.30517,2.29741,2.30129
31.11,2.30748,2.30199,2.304735
31.12,2.30261,2.29503,2.29882
31.13,2.30644,2.30722,2.30683
31.14,2.31156,2.30181,2.306685
31.15,2.31038,2.30028,2.30533
31.16,2.31129,2.29717,2.30423
31.17,2.30725,2.30524,2.306245
31.18,2.30538,2.30207,2.303725
31.19,2.31303,2.29349,2.30326
31.2,2.31265,2.29605,2.30435
31.21,2.30373,2.29364,2.298685
31.22,2.3011,2.29087,2.295985
31.23,2.30098,2.30276,2.30187
31.24,2.2988,2.30645,2.302625
31.25,2.3017,2.3017,2.3017
31.26,2.30851,2.30482,2.306665
31.27,2.31095,2.29323,2.30209
31.28,2.30238,2.29653,2.299455
31.29,2.30446,2.29749,2.300975
31.3,2.30054,2.29083,2.295685
31.31,2.29825,2.29858,2.298415
31.32,2.29753,2.29806,2.297795
31.33,2.30662,2.30019,2.303405
31.34,2.3112,2.29457,2.302885
31.35,2.29924,2.29282,2.29603
31.36,2.30707,2.29673,2.3019
31.37,2.30142,2.29932,2.30037
31.38,2.29872,2.29416,2.29644
31.39,2.30321,2.30484,2.304025
31.4,2.29813,2.29587,2.297
31.41,2.3062,2.30359,2.304895
31.42,2.30568,2.30031,2.302995
31.43,2.30982,2.29036,2.30009
31.44,2.30881,2.29385,2.30133
31.45,2.30855,2.30283,2.30569
31.46,2.29716,2.29795,2.297555
31.47,2.30281,2.29831,2.30056
31.48,2.30214,2.30821,2.305175
31.49,2.30126,2.30579,2.303525
31.5,2.30711,2.29884,2.302975
31.51,2.30523,2.29702,2.301125
31.52,2.31183,2.2917,2.301765
31.53,2.31193,2.30334,2.307635
31.54,2.30922,2.30174,2.30548
31.55,2.31184,2.30285,2.307345
31.56,2.30377,2.29715,2.30046
31.57,2.30845,2.29309,2.30077
31.58,2.30451,2.29131,2.29791
31.59,2.30428,2.28421,2.294245
31.6,2.30302,2.30094,2.30198
31.61,2.3048,2.29185,2.298325
31.62,2.30489,2.29522,2.300055
31.63,2.30092,2.29767,2.299295
31.64,2.3005,2.29365,2.297075
31.65,2.29876,2.30503,2.301895
31.66,2.30344,2.2926,2.29802
31.67,2.30061,2.29155,2.29608
31.68,2.29719,2.30007,2.29863
31.69,2.30293,2.3041,2.303515
31.7,2.30123,2.30036,2.300795
31.71,2.29834,2.3051,2.30172
31.72,2.30537,2.30498,2.305175
31.73,2.30043,2.30071,2.30057
31.74,2.29982,2.29886,2.29934
31.75,2.29254,2.29386,2.2932
31.76,2.30021,2.29889,2.29955
31.77,2.29602,2.30212,2.29907
31.78,2.30595,2.30587,2.30591
31.79,2.29921,2.30925,2.30423
31.8,2.30578,2.29528,2.30053
31.81,2.30128,2.30307,2.302175
31.82,2.29636,2.29485,2.295605
31.83,2.29709,2.30036,2.298725
31.84,2.30155,2.28389,2.29272
31.85,2.30072,2.29267,2.296695
31.86,2.29825,2.29377,2.29601
31.87,2.29177,2.29197,2.29187
31.88,2.29667,2.29603,2.29635
31.89,2.29412,2.29184,2.29298
31.9,2.29194,2.29363,2.292785
31.91,2.30023,2.28362,2.291925
31.92,2.29662,2.29442,2.29552
31.93,2.29369,2.29743,2.29556
31.94,2.30113,2.294,2.297565
31.95,2.29696,2.30828,2.30262
31.96,2.30472,2.29655,2.300635
31.97,2.30062,2.3038,2.30221
31.98,2.30738,2.30094,2.30416
31.99,2.29963,2.29615,2.29789
32,2.29873,2.29775,2.29824
32.01,2.30417,2.3041,2.304135
32.02,2.30237,2.30122,2.301795
32.03,2.30781,2.29896,2.303385
32.04,2.29505,2.29351,2.29428
32.05,2.30513,2.28944,2.297285
32.06,2.30177,2.29986,2.300815
32.07,2.30547,2.30206,2.303765
32.08,2.30109,2.29342,2.297255
32.09,2.30469,2.2965,2.300595
32.1,2.30204,2.29499,2.298515
32.11,2.30102,2.29545,2.298235
32.12,2.29171,2.30034,2.296025
32.13,2.2999,2.30096,2.30043
32.14,2.29512,2.29927,2.297195
32.15,2.29504,2.29906,2.29705
32.16,2.30285,2.29798,2.300415
32.17,2.30999,2.30352,2.306755
32.18,2.30136,2.30527,2.303315
32.19,2.30427,2.29828,2.301275
32.2,2.30753,2.30129,2.30441
32.21,2.29998,2.29697,2.298475
32.22,2.30343,2.29921,2.30132
32.23,2.2961,2.30525,2.300675
32.24,2.31121,2.30505,2.30813
32.25,2.30219,2.30009,2.30114
32.26,2.30119,2.305,2.303095
32.27,2.30865,2.30431,2.30648
32.28,2.29984,2.31282,2.30633
32.29,2.30331,2.30687,2.30509
32.3,2.30851,2.30231,2.30541
32.31,2.30126,2.30511,2.303185
32.32,2.30063,2.30498,2.302805
32.33,2.30188,2.31033,2.306105
32.34,2.30163,2.30295,2.30229
32.35,2.3028,2.3073,2.30505
32.36,2.3013,2.31307,2.307185
32.37,2.30147,2.30675,2.30411
32.38,2.29957,2.29325,2.29641
32.39,2.3049,2.30056,2.30273
32.4,2.30497,2.30242,2.303695
32.41,2.31051,2.29942,2.304965
32.42,2.31238,2.29766,2.30502
32.43,2.30944,2.30482,2.30713
32.44,2.31027,2.30024,2.305255
32.45,2.30775,2.30067,2.30421
32.46,2.30689,2.30625,2.30657
32.47,2.30633,2.29658,2.301455
32.48,2.30523,2.29467,2.29995
32.49,2.30636,2.29612,2.30124
32.5,2.31373,2.298,2.305865
32.51,2.31019,2.29496,2.302575
32.52,2.31493,2.29535,2.30514
32.53,2.31529,2.29468,2.304985
32.54,2.3081,2.29748,2.30279
32.55,2.30718,2.30599,2.306585
32.56,2.30548,2.30466,2.30507
32.57,2.30651,2.2945,2.300505
32.58,2.29906,2.30075,2.299905
32.59,2.30486,2.29617,2.300515
32.6,2.30385,2.30066,2.302255
32.61,2.30707,2.30735,2.30721
32.62,2.30506,2.30678,2.30592
32.63,2.30611,2.30743,2.30677
32.64,2.31761,2.30136,2.309485
32.65,2.29975,2.29834,2.299045
32.66,2.30494,2.29909,2.302015
32.67,2.30997,2.2978,2.303885
32.68,2.30558,2.30225,2.303915
32.69,2.30579,2.29474,2.300265
32.7,2.31352,2.2939,2.30371
32.71,2.29776,2.2969,2.29733
32.72,2.30246,2.30241,2.302435
32.73,2.29836,2.30042,2.29939
32.74,2.29456,2.29697,2.295765
32.75,2.30053,2.30634,2.303435
32.76,2.29659,2.29701,2.2968
32.77,2.29305,2.29716,2.295105
32.78,2.29512,2.30622,2.30067
32.79,2.30194,2.29729,2.299615
32.8,2.29919,2.30156,2.300375
32.81,2.29518,2.29905,2.297115
32.82,2.30362,2.30512,2.30437
32.83,2.29331,2.3082,2.300755
32.84,2.30512,2.30922,2.30717
32.85,2.29849,2.30781,2.30315
32.86,2.30944,2.30309,2.306265
32.87,2.30227,2.31324,2.307755
32.88,2.29958,2.31569,2.307635
32.89,2.30886,2.31022,2.30954
32.9,2.29712,2.31391,2.305515
32.91,2.30953,2.31527,2.3124
32.92,2.30839,2.32048,2.314435
32.93,2.30094,2.31979,2.310365
32.94,2.30207,2.31697,2.30952
32.95,2.30746,2.31637,2.311915
32.96,2.30226,2.31039,2.306325
32.97,2.30702,2.30049,2.303755
32.98,2.31163,2.30385,2.30774
32.99,2.30516,2.3065,2.30583
33,2.30837,2.29892,2.303645
33.01,2.30248,2.29945,2.300965
33.02,2.30562,2.31082,2.30822
33.03,2.31362,2.31335,2.313485
33.04,2.30699,2.30385,2.30542
33.05,2.30517,2.30223,2.3037
33.06,2.29866,2.29836,2.29851
33.07,2.29649,2.30696,2.301725
33.08,2.29122,2.31236,2.30179
33.09,2.29803,2.30771,2.30287
33.1,2.29728,2.30489,2.301085
33.11,2.28747,2.2953,2.291385
33.12,2.3015,2.31065,2.306075
33.13,2.3012,2.29973,2.300465
33.14,2.30862,2.30294,2.30578
33.15,2.3069,2.3018,2.30435
33.16,2.30268,2.31526,2.30897
33.17,2.30067,2.31095,2.30581
33.18,2.30476,2.30984,2.3073
33.19,2.30505,2.30089,2.30297
33.2,2.29884,2.30851,2.303675
33.21,2.3056,2.31016,2.30788
33.22,2.30237,2.30919,2.30578
33.23,2.29754,2.31462,2.30608
33.24,2.30132,2.30821,2.304765
33.25,2.31007,2.30928,2.309675
33.26,2.30404,2.31241,2.308225
33.27,2.30412,2.31826,2.31119
33.28,2.29733,2.3124,2.304865
33.29,2.30272,2.31172,2.30722
33.3,2.30326,2.30078,2.30202
33.31,2.30183,2.30283,2.30233
33.32,2.30506,2.30836,2.30671
33.33,2.2991,2.30024,2.29967
33.34,2.30749,2.30093,2.30421
33.35,2.30216,2.29486,2.29851
33.36,2.31226,2.30147,2.306865
33.37,2.30975,2.30091,2.30533
33.38,2.31588,2.31345,2.314665
33.39,2.30462,2.30726,2.30594
33.4,2.31547,2.31116,2.313315
33.41,2.31326,2.30101,2.307135
33.42,2.31346,2.30226,2.30786
33.43,2.319,2.31811,2.318555
33.44,2.31602,2.30219,2.309105
33.45,2.31184,2.3087,2.31027
33.46,2.3145,2.30494,2.30972
33.47,2.3131,2.30955,2.311325
33.48,2.31633,2.31496,2.315645
33.49,2.3122,2.3058,2.309
33.5,2.31471,2.31019,2.31245
33.51,2.31491,2.30835,2.31163
33.52,2.30878,2.31567,2.312225
33.53,2.30464,2.31063,2.307635
33.54,2.30636,2.3132,2.30978
33.55,2.29932,2.30868,2.304
33.56,2.3096,2.30405,2.306825
33.57,2.30554,2.30293,2.304235
33.58,2.31194,2.31235,2.312145
33.59,2.30673,2.31289,2.30981
33.6,2.29606,2.31534,2.3057
33.61,2.31228,2.3083,2.31029
33.62,2.30959,2.30892,2.309255
33.63,2.308,2.30666,2.30733
33.64,2.30953,2.31397,2.31175
33.65,2.30962,2.30805,2.308835
33.66,2.30243,2.30783,2.30513
33.67,2.30741,2.31285,2.31013
33.68,2.30899,2.31273,2.31086
33.69,2.31029,2.31839,2.31434
33.7,2.31337,2.30617,2.30977
33.71,2.31007,2.31646,2.313265
33.72,2.3154,2.31236,2.31388
33.73,2.31052,2.31363,2.312075
33.74,2.30923,2.30723,2.30823
33.75,2.31555,2.30562,2.310585
33.76,2.31519,2.3024,2.308795
33.77,2.3165,2.30501,2.310755
33.78,2.30876,2.29898,2.30387
33.79,2.30201,2.30248,2.302245
33.8,2.30973,2.30107,2.3054
33.81,2.30197,2.31193,2.30695
33.82,2.30691,2.3098,2.308355
33.83,2.30941,2.30788,2.308645
33.84,2.30559,2.31022,2.307905
33.85,2.31717,2.30708,2.312125
33.86,2.32031,2.30958,2.314945
33.87,2.31903,2.30717,2.3131
33.88,2.30864,2.30193,2.305285
33.89,2.31125,2.311,2.311125
33.9,2.30969,2.30499,2.30734
33.91,2.31297,2.30867,2.31082
33.92,2.30996,2.3047,2.30733
33.93,2.31691,2.30989,2.3134
33.94,2.31284,2.31565,2.314245
33.95,2.31065,2.31112,2.310885
33.96,2.30651,2.31177,2.30914
33.97,2.31107,2.30887,2.30997
33.98,2.30919,2.29894,2.304065
33.99,2.30553,2.29882,2.302175
34,2.31266,2.30836,2.31051
34.01,2.3058,2.3143,2.31005
34.02,2.30837,2.31689,2.31263
34.03,2.30519,2.30546,2.305325
34.04,2.31125,2.30409,2.30767
34.05,2.30134,2.30945,2.305395
34.06,2.30818,2.30714,2.30766
34.07,2.30552,2.30483,2.305175
34.08,2.3135,2.31019,2.311845
34.09,2.31623,2.30224,2.309235
34.1,2.31618,2.29877,2.307475
34.11,2.31361,2.3083,2.310955
34.12,2.31502,2.30965,2.312335
34.13,2.31932,2.30915,2.314235
34.14,2.31317,2.30005,2.30661
34.15,2.30977,2.2934,2.301585
34.16,2.31012,2.3043,2.30721
34.17,2.3139,2.2992,2.30655
34.18,2.30556,2.30432,2.30494
34.19,2.30723,2.31819,2.31271
34.2,2.30367,2.31014,2.306905
34.21,2.2997,2.3161,2.3079
34.22,2.30743,2.31629,2.31186
34.23,2.30744,2.31325,2.310345
34.24,2.31219,2.31491,2.31355
34.25,2.31111,2.30916,2.310135
34.26,2.31128,2.31053,2.310905
34.27,2.31368,2.31114,2.31241
34.28,2.31264,2.30601,2.309325
34.29,2.31046,2.30663,2.308545
34.3,2.30648,2.31209,2.309285
34.31,2.31272,2.31783,2.315275
34.32,2.30646,2.30649,2.306475
34.33,2.30744,2.30649,2.306965
34.34,2.3117,2.31549,2.313595
34.35,2.32375,2.32109,2.32242
34.36,2.31833,2.30584,2.312085
34.37,2.31674,2.3029,2.30982
34.38,2.31421,2.31226,2.313235
34.39,2.30617,2.32129,2.31373
34.4,2.31864,2.31928,2.31896
34.41,2.30545,2.31546,2.310455
34.42,2.30146,2.31745,2.309455
34.43,2.30791,2.30618,2.307045
34.44,2.31683,2.31326,2.315045
34.45,2.31582,2.31526,2.31554
34.46,2.30587,2.30488,2.305375
34.47,2.31146,2.31437,2.312915
34.48,2.3188,2.29923,2.309015
34.49,2.31431,2.29947,2.30689
34.5,2.31477,2.30439,2.30958
34.51,2.31377,2.30121,2.30749
34.52,2.31658,2.30345,2.310015
34.53,2.31235,2.29918,2.305765
34.54,2.32168,2.30229,2.311985
34.55,2.3121,2.30322,2.30766
34.56,2.30784,2.3007,2.30427
34.57,2.31082,2.30846,2.30964
34.58,2.31043,2.30779,2.30911
34.59,2.31789,2.30671,2.3123
34.6,2.31144,2.30798,2.30971
34.61,2.31442,2.31379,2.314105
34.62,2.31012,2.31337,2.311745
34.63,2.31715,2.30433,2.31074
34.64,2.30423,2.30327,2.30375
34.65,2.31622,2.30335,2.309785
34.66,2.31401,2.29914,2.306575
34.67,2.31749,2.30112,2.309305
34.68,2.3159,2.29719,2.306545
34.69,2.31624,2.30042,2.30833
34.7,2.30864,2.29954,2.30409
34.71,2.31177,2.31022,2.310995
34.72,2.30923,2.30575,2.30749
34.73,2.31255,2.31167,2.31211
34.74,2.32465,2.31344,2.319045
34.75,2.31491,2.30287,2.30889
34.76,2.31685,2.31086,2.313855
34.77,2.31761,2.30285,2.31023
34.78,2.31681,2.29994,2.308375
34.79,2.30722,2.29834,2.30278
34.8,2.30988,2.29878,2.30433
34.81,2.31356,2.29911,2.306335
34.82,2.30339,2.31021,2.3068
34.83,2.30662,2.3085,2.30756
34.84,2.30232,2.30679,2.304555
34.85,2.31611,2.30749,2.3118
34.86,2.31193,2.3104,2.311165
34.87,2.31009,2.30998,2.310035
34.88,2.30771,2.30812,2.307915
34.89,2.30663,2.30678,2.306705
34.9,2.31382,2.3069,2.31036
34.91,2.29519,2.30664,2.300915
34.92,2.30929,2.30812,2.308705
34.93,2.30065,2.30222,2.301435
34.94,2.30515,2.30339,2.30427
34.95,2.29765,2.30639,2.30202
34.96,2.30138,2.30808,2.30473
34.97,2.31013,2.30488,2.307505
34.98,2.29396,2.30413,2.299045
34.99,2.30165,2.29633,2.29899
35,2.30124,2.31247,2.306855
35.01,2.29933,2.3097,2.304515
35.02,2.30221,2.2944,2.298305
35.03,2.30497,2.3047,2.304835
35.04,2.30771,2.298,2.302855
35.05,2.31457,2.28963,2.3021
35.06,2.30155,2.29356,2.297555
35.07,2.30373,2.29679,2.30026
35.08,2.31032,2.31279,2.311555
35.09,2.30573,2.30906,2.307395
35.1,2.30511,2.31018,2.307645
35.11,2.29684,2.32421,2.310525
35.12,2.29498,2.3158,2.30539
35.13,2.30222,2.31254,2.30738
35.14,2.29036,2.31501,2.302685
35.15,2.31018,2.31437,2.312275
35.16,2.30316,2.3127,2.30793
35.17,2.29635,2.31111,2.30373
35.18,2.29702,2.31336,2.30519
35.19,2.29349,2.30952,2.301505
35.2,2.30121,2.31147,2.30634
35.21,2.29771,2.30991,2.30381
35.22,2.29018,2.30672,2.29845
35.23,2.29599,2.30543,2.30071
35.24,2.3024,2.30482,2.30361
35.25,2.29903,2.30317,2.3011
35.26,2.30226,2.30103,2.301645
35.27,2.29187,2.31097,2.30142
35.28,2.29777,2.30455,2.30116
35.29,2.29409,2.31028,2.302185
35.3,2.29907,2.30588,2.302475
35.31,2.30412,2.30819,2.306155
35.32,2.29684,2.31386,2.30535
35.33,2.29814,2.30868,2.30341
35.34,2.2984,2.30222,2.30031
35.35,2.3003,2.30851,2.304405
35.36,2.29701,2.3147,2.305855
35.37,2.30655,2.30494,2.305745
35.38,2.30389,2.31104,2.307465
35.39,2.30518,2.31251,2.308845
35.4,2.30049,2.31355,2.30702
35.41,2.29911,2.31417,2.30664
35.42,2.29607,2.30182,2.298945
35.43,2.29914,2.30491,2.302025
35.44,2.30396,2.30423,2.304095
35.45,2.29843,2.30287,2.30065
35.46,2.29604,2.2989,2.29747
35.47,2.29497,2.29646,2.295715
35.48,2.28764,2.31055,2.299095
35.49,2.29451,2.31115,2.30283
35.5,2.29392,2.30312,2.29852
35.51,2.29984,2.30746,2.30365
35.52,2.28934,2.30673,2.298035
35.53,2.29475,2.31441,2.30458
35.54,2.29227,2.30918,2.300725
35.55,2.29748,2.30744,2.30246
35.56,2.29532,2.3112,2.30326
35.57,2.29528,2.31304,2.30416
35.58,2.29179,2.31316,2.302475
35.59,2.2993,2.3067,2.303
35.6,2.30001,2.31036,2.305185
35.61,2.29899,2.31516,2.307075
35.62,2.30283,2.30767,2.30525
35.63,2.30564,2.31381,2.309725
35.64,2.29593,2.31462,2.305275
35.65,2.29714,2.30366,2.3004
35.66,2.29105,2.307,2.299025
35.67,2.29465,2.30853,2.30159
35.68,2.29872,2.31094,2.30483
35.69,2.29403,2.30481,2.29942
35.7,2.2908,2.30863,2.299715
35.71,2.29386,2.30062,2.29724
35.72,2.29683,2.30177,2.2993
35.73,2.2981,2.30574,2.30192
35.74,2.29092,2.31197,2.301445
35.75,2.29726,2.31704,2.30715
35.76,2.2966,2.31009,2.303345
35.77,2.29079,2.31157,2.30118
35.78,2.29903,2.31115,2.30509
35.79,2.29051,2.31591,2.30321
35.8,2.30289,2.30755,2.30522
35.81,2.29995,2.30375,2.30185
35.82,2.29244,2.305,2.29872
35.83,2.29952,2.29499,2.297255
35.84,2.3025,2.29683,2.299665
35.85,2.30091,2.3033,2.302105
35.86,2.30727,2.30767,2.30747
35.87,2.30169,2.30027,2.30098
35.88,2.29935,2.29915,2.29925
35.89,2.29697,2.29894,2.297955
35.9,2.30019,2.30789,2.30404
35.91,2.29749,2.31437,2.30593
35.92,2.30409,2.30612,2.305105
35.93,2.30619,2.31357,2.30988
35.94,2.29962,2.30459,2.302105
35.95,2.30798,2.30507,2.306525
35.96,2.30447,2.30577,2.30512
35.97,2.29722,2.30763,2.302425
35.98,2.2988,2.31268,2.30574
35.99,2.30039,2.30492,2.302655
36,2.30117,2.31369,2.30743
36.01,2.29444,2.31098,2.30271
36.02,2.29902,2.3076,2.30331
36.03,2.30319,2.31144,2.307315
36.04,2.3037,2.30452,2.30411
36.05,2.29656,2.29558,2.29607
36.06,2.29852,2.29682,2.29767
36.07,2.2978,2.30126,2.29953
36.08,2.2903,2.30484,2.29757
36.09,2.29452,2.3021,2.29831
36.1,2.30006,2.29731,2.298685
36.11,2.29017,2.30452,2.297345
36.12,2.29311,2.29578,2.294445
36.13,2.29726,2.30571,2.301485
36.14,2.30147,2.30297,2.30222
36.15,2.29666,2.29733,2.296995
36.16,2.29922,2.28827,2.293745
36.17,2.30285,2.30102,2.301935
36.18,2.29707,2.28884,2.292955
36.19,2.2991,2.29275,2.295925
36.2,2.29775,2.29336,2.295555
36.21,2.29842,2.29135,2.294885
36.22,2.29928,2.29513,2.297205
36.23,2.29929,2.29944,2.299365
36.24,2.30144,2.30727,2.304355
36.25,2.30527,2.29764,2.301455
36.26,2.29897,2.29471,2.29684
36.27,2.29805,2.29404,2.296045
36.28,2.30072,2.29787,2.299295
36.29,2.29878,2.30118,2.29998
36.3,2.30508,2.30128,2.30318
36.31,2.31159,2.29791,2.30475
36.32,2.30593,2.30811,2.30702
36.33,2.30915,2.29642,2.302785
36.34,2.30699,2.29875,2.30287
36.35,2.31298,2.31619,2.314585
36.36,2.30469,2.30813,2.30641
36.37,2.29775,2.30361,2.30068
36.38,2.29619,2.3108,2.303495
36.39,2.29656,2.31273,2.304645
36.4,2.30305,2.30485,2.30395
36.41,2.29966,2.30956,2.30461
36.42,2.29655,2.31036,2.303455
36.43,2.29225,2.30146,2.296855
36.44,2.29091,2.30632,2.298615
36.45,2.29091,2.29609,2.2935
36.46,2.29346,2.31083,2.302145
36.47,2.30003,2.29906,2.299545
36.48,2.29938,2.3008,2.30009
36.49,2.29258,2.29972,2.29615
36.5,2.29366,2.30691,2.300285
36.51,2.29997,2.29737,2.29867
36.52,2.30401,2.29461,2.29931
36.53,2.30119,2.29571,2.29845
36.54,2.29513,2.29766,2.296395
36.55,2.29823,2.28749,2.29286
36.56,2.2958,2.29408,2.29494
36.57,2.29322,2.30293,2.298075
36.58,2.3045,2.29997,2.302235
36.59,2.29823,2.28906,2.293645
36.6,2.30078,2.29017,2.295475
36.61,2.29289,2.29275,2.29282
36.62,2.30278,2.30666,2.30472
36.63,2.30053,2.30311,2.30182
36.64,2.30503,2.29712,2.301075
36.65,2.30851,2.29331,2.30091
36.66,2.30464,2.2966,2.30062
36.67,2.30537,2.29456,2.299965
36.68,2.30188,2.29758,2.29973
36.69,2.2945,2.3079,2.3012
36.7,2.29589,2.29621,2.29605
36.71,2.29756,2.28756,2.29256
36.72,2.30064,2.30798,2.30431
36.73,2.29687,2.30414,2.300505
36.74,2.29508,2.29969,2.297385
36.75,2.29125,2.29617,2.29371
36.76,2.3032,2.30463,2.303915
36.77,2.2952,2.29658,2.29589
36.78,2.29406,2.29471,2.294385
36.79,2.29963,2.29338,2.296505
36.8,2.29363,2.29587,2.29475
36.81,2.29879,2.29524,2.297015
36.82,2.29801,2.29514,2.296575
36.83,2.29617,2.29659,2.29638
36.84,2.29094,2.29217,2.291555
36.85,2.29681,2.29528,2.296045
36.86,2.29638,2.28985,2.293115
36.87,2.29968,2.2898,2.29474
36.88,2.29649,2.29277,2.29463
36.89,2.30162,2.29478,2.2982
36.9,2.29041,2.30245,2.29643
36.91,2.29785,2.30023,2.29904
36.92,2.28995,2.29129,2.29062
36.93,2.29392,2.30512,2.29952
36.94,2.29337,2.30183,2.2976
36.95,2.29321,2.29769,2.29545
36.96,2.29392,2.29479,2.294355
36.97,2.29765,2.29201,2.29483
36.98,2.29185,2.29729,2.29457
36.99,2.29659,2.30657,2.30158
37,2.29897,2.29565,2.29731
37.01,2.29609,2.29585,2.29597
37.02,2.29671,2.28955,2.29313
37.03,2.29989,2.30417,2.30203
37.04,2.29997,2.2986,2.299285
37.05,2.30342,2.29531,2.299365
37.06,2.30043,2.29257,2.2965
37.07,2.2942,2.30247,2.298335
37.08,2.29907,2.29411,2.29659
37.09,2.29022,2.30008,2.29515
37.1,2.2878,2.30101,2.294405
37.11,2.29379,2.29571,2.29475
37.12,2.29435,2.29355,2.29395
37.13,2.29523,2.30528,2.300255
37.14,2.29383,2.30356,2.298695
37.15,2.29323,2.29851,2.29587
37.16,2.3018,2.29757,2.299685
37.17,2.30666,2.30594,2.3063
37.18,2.29283,2.2941,2.293465
37.19,2.29707,2.30453,2.3008
37.2,2.29763,2.31349,2.30556
37.21,2.29487,2.30237,2.29862
37.22,2.28962,2.29498,2.2923
37.23,2.2966,2.2989,2.29775
37.24,2.29519,2.30235,2.29877
37.25,2.29373,2.30298,2.298355
37.26,2.30135,2.2984,2.299875
37.27,2.29968,2.29913,2.299405
37.28,2.2916,2.29053,2.291065
37.29,2.29133,2.29785,2.29459
37.3,2.29812,2.30364,2.30088
37.31,2.29925,2.30273,2.30099
37.32,2.30535,2.30921,2.30728
37.33,2.30627,2.30514,2.305705
37.34,2.29956,2.30513,2.302345
37.35,2.29566,2.30246,2.29906
37.36,2.30221,2.29069,2.29645
37.37,2.29844,2.29831,2.298375
37.38,2.29301,2.30183,2.29742
37.39,2.2971,2.30823,2.302665
37.4,2.30025,2.30358,2.301915
37.41,2.30317,2.30291,2.30304
37.42,2.30086,2.29635,2.298605
37.43,2.30536,2.3005,2.30293
37.44,2.29587,2.30019,2.29803
37.45,2.3078,2.29195,2.299875
37.46,2.29903,2.29023,2.29463
37.47,2.29987,2.29445,2.29716
37.48,2.29936,2.29973,2.299545
37.49,2.29753,2.30156,2.299545
37.5,2.30133,2.2934,2.297365
37.51,2.30124,2.2949,2.29807
37.52,2.30007,2.29791,2.29899
37.53,2.29841,2.29752,2.297965
37.54,2.30252,2.29575,2.299135
37.55,2.29753,2.30028,2.298905
37.56,2.29579,2.29819,2.29699
37.57,2.29197,2.2887,2.290335
37.58,2.3029,2.29715,2.300025
37.59,2.3052,2.30016,2.30268
37.6,2.29712,2.29463,2.295875
37.61,2.30032,2.2972,2.29876
37.62,2.29205,2.29964,2.295845
37.63,2.30647,2.29215,2.29931
37.64,2.30751,2.29158,2.299545
37.65,2.3101,2.29722,2.30366
37.66,2.30669,2.30157,2.30413
37.67,2.30233,2.29978,2.301055
37.68,2.31297,2.30507,2.30902
37.69,2.30897,2.3107,2.309835
37.7,2.29957,2.30319,2.30138
37.71,2.29973,2.3031,2.301415
37.72,2.30699,2.29849,2.30274
37.73,2.30298,2.28644,2.29471
37.74,2.30656,2.29106,2.29881
37.75,2.30612,2.29067,2.298395
37.76,2.31034,2.28886,2.2996
37.77,2.3069,2.30706,2.30698
37.78,2.31864,2.30431,2.311475
37.79,2.30769,2.29592,2.301805
37.8,2.30567,2.29904,2.302355
37.81,2.31057,2.29964,2.305105
37.82,2.30447,2.29437,2.29942
37.83,2.3064,2.30099,2.303695
37.84,2.30761,2.29973,2.30367
37.85,2.30605,2.29815,2.3021
37.86,2.3018,2.3014,2.3016
37.87,2.30552,2.28829,2.296905
37.88,2.3014,2.30392,2.30266
37.89,2.31062,2.30169,2.306155
37.9,2.30856,2.29268,2.30062
37.91,2.3121,2.30255,2.307325
37.92,2.30843,2.29824,2.303335
37.93,2.30328,2.30911,2.306195
37.94,2.31616,2.30638,2.31127
37.95,2.30586,2.30655,2.306205
37.96,2.30746,2.30706,2.30726
37.97,2.30889,2.30219,2.30554
37.98,2.31389,2.29397,2.30393
37.99,2.30179,2.29537,2.29858
38,2.30531,2.29295,2.29913
38.01,2.29773,2.29485,2.29629
38.02,2.29147,2.29454,2.293005
38.03,2.29781,2.29339,2.2956
38.04,2.30473,2.30077,2.30275
38.05,2.29754,2.29991,2.298725
38.06,2.30426,2.30254,2.3034
38.07,2.29413,2.30171,2.29792
38.08,2.29719,2.30924,2.303215
38.09,2.29274,2.31025,2.301495
38.1,2.29886,2.30201,2.300435
38.11,2.2965,2.30815,2.302325
38.12,2.30131,2.30371,2.30251
38.13,2.30252,2.30301,2.302765
38.14,2.29357,2.29258,2.293075
38.15,2.29825,2.29767,2.29796
38.16,2.3019,2.30253,2.302215
38.17,2.30573,2.29947,2.3026
38.18,2.29022,2.29448,2.29235
38.19,2.29928,2.29821,2.298745
38.2,2.30032,2.30331,2.301815
38.21,2.29582,2.29694,2.29638
38.22,2.29846,2.29753,2.297995
38.23,2.30078,2.29869,2.299735
38.24,2.30267,2.29177,2.29722
38.25,2.30168,2.30075,2.301215
38.26,2.30457,2.3013,2.302935
38.27,2.30661,2.29927,2.30294
38.28,2.30669,2.29973,2.30321
38.29,2.30576,2.29209,2.298925
38.3,2.30137,2.30529,2.30333
38.31,2.29803,2.29148,2.294755
38.32,2.30068,2.29423,2.297455
38.33,2.31114,2.29355,2.302345
38.34,2.30759,2.2961,2.301845
38.35,2.30235,2.30084,2.301595
38.36,2.30704,2.30179,2.304415
38.37,2.30392,2.30196,2.30294
38.38,2.30325,2.30578,2.304515
38.39,2.3062,2.29709,2.301645
38.4,2.30314,2.30277,2.302955
38.41,2.30934,2.30053,2.304935
38.42,2.30343,2.30323,2.30333
38.43,2.30902,2.30315,2.306085
38.44,2.30419,2.30031,2.30225
38.45,2.30149,2.29795,2.29972
38.46,2.3042,2.29782,2.30101
38.47,2.30772,2.29549,2.301605
38.48,2.31019,2.30442,2.307305
38.49,2.31352,2.30328,2.3084
38.5,2.31438,2.30434,2.30936
38.51,2.30601,2.29538,2.300695
38.52,2.31029,2.30452,2.307405
38.53,2.30455,2.3078,2.306175
38.54,2.30959,2.296,2.302795
38.55,2.30474,2.29342,2.29908
38.56,2.30854,2.29596,2.30225
38.57,2.31281,2.30036,2.306585
38.58,2.30434,2.30093,2.302635
38.59,2.30573,2.30068,2.303205
38.6,2.30068,2.30205,2.301365
38.61,2.30085,2.30582,2.303335
38.62,2.30137,2.30552,2.303445
38.63,2.30232,2.30372,2.30302
38.64,2.30655,2.30937,2.30796
38.65,2.30758,2.30261,2.305095
38.66,2.3035,2.31245,2.307975
38.67,2.30358,2.30536,2.30447
38.68,2.32019,2.30473,2.31246
38.69,2.30609,2.31073,2.30841
38.7,2.30342,2.31423,2.308825
38.71,2.30637,2.3135,2.309935
38.72,2.3062,2.31068,2.30844
38.73,2.30245,2.31155,2.307
38.74,2.30818,2.30964,2.30891
38.75,2.29947,2.31821,2.30884
38.76,2.30801,2.30799,2.308
38.77,2.30272,2.30933,2.306025
38.78,2.30703,2.30759,2.30731
38.79,2.30326,2.32039,2.311825
38.8,2.31178,2.317,2.31439
38.81,2.30073,2.31358,2.307155
38.82,2.3191,2.30681,2.312955
38.83,2.30835,2.31176,2.310055
38.84,2.31111,2.30692,2.309015
38.85,2.30418,2.30943,2.306805
38.86,2.29931,2.30794,2.303625
38.87,2.30118,2.3029,2.30204
38.88,2.28876,2.30006,2.29441
38.89,2.29405,2.30389,2.29897
38.9,2.30087,2.29808,2.299475
38.91,2.29926,2.30565,2.302455
38.92,2.30429,2.30625,2.30527
38.93,2.31399,2.30054,2.307265
38.94,2.31008,2.31248,2.31128
38.95,2.30478,2.307,2.30589
38.96,2.3042,2.30835,2.306275
38.97,2.30572,2.30819,2.306955
38.98,2.30028,2.30585,2.303065
38.99,2.29718,2.2988,2.29799
39,2.29657,2.30558,2.301075
39.01,2.30315,2.30371,2.30343
39.02,2.30425,2.30607,2.30516
39.03,2.29883,2.30719,2.30301
39.04,2.30151,2.30801,2.30476
39.05,2.29535,2.3026,2.298975
39.06,2.30154,2.31349,2.307515
39.07,2.29531,2.30518,2.300245
39.08,2.29714,2.31002,2.30358
39.09,2.30134,2.30997,2.305655
39.1,2.29879,2.30658,2.302685
39.11,2.29671,2.30943,2.30307
39.12,2.30022,2.30309,2.301655
39.13,2.29613,2.30604,2.301085
39.14,2.29044,2.30539,2.297915
39.15,2.29832,2.30781,2.303065
39.16,2.29348,2.3083,2.30089
39.17,2.29044,2.2971,2.29377
39.18,2.28717,2.29842,2.292795
39.19,2.29096,2.30376,2.29736
39.2,2.28891,2.30545,2.29718
39.21,2.30147,2.31581,2.30864
39.22,2.30365,2.30789,2.30577
39.23,2.29696,2.30614,2.30155
39.24,2.30115,2.29396,2.297555
39.25,2.29759,2.30024,2.298915
39.26,2.29728,2.30647,2.301875
39.27,2.29556,2.30275,2.299155
39.28,2.29722,2.30266,2.29994
39.29,2.29747,2.3153,2.306385
39.3,2.29489,2.31273,2.30381
39.31,2.28414,2.29792,2.29103
39.32,2.28872,2.29738,2.29305
39.33,2.28513,2.29994,2.292535
39.34,2.29148,2.30006,2.29577
39.35,2.28412,2.30245,2.293285
39.36,2.29073,2.30853,2.29963
39.37,2.29042,2.3059,2.29816
39.38,2.29444,2.30065,2.297545
39.39,2.29885,2.30611,2.30248
39.4,2.29213,2.30057,2.29635
39.41,2.29321,2.30341,2.29831
39.42,2.29865,2.30202,2.300335
39.43,2.29866,2.2925,2.29558
39.44,2.29295,2.29488,2.293915
39.45,2.29171,2.31004,2.300875
39.46,2.29826,2.30435,2.301305
39.47,2.29816,2.30213,2.300145
39.48,2.29088,2.3036,2.29724
39.49,2.2926,2.30178,2.29719
39.5,2.29432,2.29428,2.2943
39.51,2.29909,2.30098,2.300035
39.52,2.29431,2.30233,2.29832
39.53,2.29192,2.30042,2.29617
39.54,2.29777,2.30054,2.299155
39.55,2.2952,2.30008,2.29764
39.56,2.29678,2.3047,2.30074
39.57,2.29466,2.30887,2.301765
39.58,2.28883,2.29924,2.294035
39.59,2.2921,2.30691,2.299505
39.6,2.29623,2.30694,2.301585
39.61,2.2931,2.29938,2.29624
39.62,2.2901,2.30058,2.29534
39.63,2.28555,2.31138,2.298465
39.64,2.28984,2.30755,2.298695
39.65,2.29308,2.30817,2.300625
39.66,2.29154,2.30401,2.297775
39.67,2.28787,2.30159,2.29473
39.68,2.29742,2.31062,2.30402
39.69,2.29368,2.30438,2.29903
39.7,2.29564,2.30154,2.29859
39.71,2.29565,2.31455,2.3051
39.72,2.2969,2.30346,2.30018
39.73,2.30004,2.30859,2.304315
39.74,2.29068,2.30461,2.297645
39.75,2.29898,2.30778,2.30338
39.76,2.2945,2.30323,2.298865
39.77,2.28993,2.30682,2.298375
39.78,2.29573,2.30097,2.29835
39.79,2.29709,2.30154,2.299315
39.8,2.29734,2.29615,2.296745
39.81,2.29376,2.29729,2.295525
39.82,2.296,2.2947,2.29535
39.83,2.29571,2.29917,2.29744
39.84,2.29604,2.29613,2.296085
39.85,2.30095,2.29874,2.299845
39.86,2.30377,2.30169,2.30273
39.87,2.30089,2.29509,2.29799
39.88,2.3032,2.29657,2.299885
39.89,2.3061,2.30308,2.30459
39.9,2.30447,2.30253,2.3035
39.91,2.30311,2.29629,2.2997
39.92,2.29714,2.2934,2.29527
39.93,2.29398,2.3,2.29699
39.94,2.30084,2.31048,2.30566
39.95,2.29592,2.30799,2.301955
39.96,2.30204,2.30109,2.301565
39.97,2.30166,2.29977,2.300715
39.98,2.29766,2.30052,2.29909
39.99,2.29781,2.30172,2.299765
40,2.29741,2.29826,2.297835
40.01,2.29707,2.30506,2.301065
40.02,2.30054,2.31268,2.30661
40.03,2.29453,2.30902,2.301775
40.04,2.3081,2.3021,2.3051
40.05,2.3054,2.30659,2.305995
40.06,2.29966,2.309,2.30433
40.07,2.29874,2.31018,2.30446
40.08,2.30025,2.31308,2.306665
40.09,2.29717,2.30235,2.29976
40.1,2.29873,2.31644,2.307585
40.11,2.29709,2.30068,2.298885
40.12,2.29262,2.30679,2.299705
40.13,2.29311,2.30666,2.299885
40.14,2.29162,2.30314,2.29738
40.15,2.29841,2.3061,2.302255
40.16,2.29569,2.30079,2.29824
40.17,2.2974,2.29286,2.29513
40.18,2.29208,2.29317,2.292625
40.19,2.29164,2.30349,2.297565
40.2,2.29346,2.29699,2.295225
40.21,2.29234,2.30178,2.29706
40.22,2.29216,2.29852,2.29534
40.23,2.29952,2.29448,2.297
40.24,2.30194,2.30473,2.303335
40.25,2.30005,2.30433,2.30219
40.26,2.30243,2.30409,2.30326
40.27,2.29954,2.3094,2.30447
40.28,2.29452,2.29778,2.29615
40.29,2.29156,2.29989,2.295725
40.3,2.30334,2.29948,2.30141
40.31,2.2991,2.30621,2.302655
40.32,2.29292,2.30876,2.30084
40.33,2.2961,2.31118,2.30364
40.34,2.30086,2.3046,2.30273
40.35,2.30015,2.30701,2.30358
40.36,2.29956,2.30263,2.301095
40.37,2.29826,2.30113,2.299695
40.38,2.29425,2.30087,2.29756
40.39,2.29247,2.30792,2.300195
40.4,2.29442,2.30179,2.298105
40.41,2.29933,2.30383,2.30158
40.42,2.29683,2.30515,2.30099
40.43,2.29382,2.30171,2.297765
40.44,2.29098,2.29426,2.29262
40.45,2.29674,2.30085,2.298795
40.46,2.29397,2.30813,2.30105
40.47,2.29786,2.30231,2.300085
40.48,2.29341,2.30285,2.29813
40.49,2.30031,2.30941,2.30486
40.5,2.30015,2.30713,2.30364
40.51,2.29463,2.31088,2.302755
40.52,2.29539,2.30941,2.3024
40.53,2.29005,2.31533,2.30269
40.54,2.29705,2.30773,2.30239
40.55,2.29333,2.30868,2.301005
40.56,2.29573,2.30747,2.3016
40.57,2.30187,2.3049,2.303385
40.58,2.29818,2.30821,2.303195
40.59,2.29427,2.31832,2.306295
40.6,2.29968,2.30638,2.30303
40.61,2.30214,2.31452,2.30833
40.62,2.30259,2.32052,2.311555
40.63,2.29401,2.30831,2.30116
40.64,2.30373,2.3118,2.307765
40.65,2.296,2.30865,2.302325
40.66,2.30006,2.31695,2.308505
40.67,2.30609,2.30685,2.30647
40.68,2.29426,2.30527,2.299765
40.69,2.29778,2.30981,2.303795
40.7,2.30134,2.30426,2.3028
40.71,2.2922,2.30596,2.29908
40.72,2.29744,2.30599,2.301715
40.73,2.29528,2.30531,2.300295
40.74,2.29057,2.30556,2.298065
40.75,2.29385,2.31119,2.30252
40.76,2.29368,2.30859,2.301135
40.77,2.29122,2.31738,2.3043
40.78,2.29296,2.30446,2.29871
40.79,2.2978,2.3027,2.30025
40.8,2.30193,2.31382,2.307875
40.81,2.3006,2.2998,2.3002
40.82,2.29603,2.29541,2.29572
40.83,2.29238,2.29797,2.295175
40.84,2.29655,2.31009,2.30332
40.85,2.30017,2.30224,2.301205
40.86,2.29202,2.30402,2.29802
40.87,2.29664,2.31436,2.3055
40.88,2.29432,2.31254,2.30343
40.89,2.30221,2.30865,2.30543
40.9,2.29897,2.31169,2.30533
40.91,2.30021,2.31403,2.30712
40.92,2.29954,2.31134,2.30544
40.93,2.29291,2.30822,2.300565
40.94,2.29714,2.30349,2.300315
40.95,2.2944,2.30508,2.29974
40.96,2.30196,2.30096,2.30146
40.97,2.29241,2.30207,2.29724
40.98,2.29465,2.31298,2.303815
40.99,2.29897,2.30605,2.30251
41,2.29718,2.30979,2.303485
41.01,2.29551,2.30492,2.300215
41.02,2.29775,2.30862,2.303185
41.03,2.28586,2.31103,2.298445
41.04,2.29174,2.31674,2.30424
41.05,2.29009,2.31097,2.30053
41.06,2.28715,2.31045,2.2988
41.07,2.29987,2.3088,2.304335
41.08,2.29629,2.31097,2.30363
41.09,2.30077,2.31615,2.30846
41.1,2.30311,2.31407,2.30859
41.11,2.29933,2.30438,2.301855
41.12,2.29687,2.30808,2.302475
41.13,2.29541,2.30415,2.29978
41.14,2.29268,2.30908,2.30088
41.15,2.29454,2.31039,2.302465
41.16,2.29593,2.30154,2.298735
41.17,2.29598,2.30453,2.300255
41.18,2.29329,2.30458,2.298935
41.19,2.29776,2.30974,2.30375
41.2,2.29997,2.31667,2.30832
41.21,2.29542,2.303,2.29921
41.22,2.28617,2.31388,2.300025
41.23,2.29854,2.31285,2.305695
41.24,2.29674,2.30549,2.301115
41.25,2.29717,2.31103,2.3041
41.26,2.29834,2.31291,2.305625
41.27,2.28794,2.30899,2.298465
41.28,2.28901,2.31244,2.300725
41.29,2.30089,2.30499,2.30294
41.3,2.29065,2.32003,2.30534
41.31,2.29291,2.30558,2.299245
41.32,2.28845,2.30796,2.298205
41.33,2.29254,2.31004,2.30129
41.34,2.29407,2.30364,2.298855
41.35,2.28983,2.30474,2.297285
41.36,2.30444,2.30367,2.304055
41.37,2.29637,2.31036,2.303365
41.38,2.28676,2.30595,2.296355
41.39,2.28618,2.30842,2.2973
41.4,2.29316,2.29791,2.295535
41.41,2.29566,2.29968,2.29767
41.42,2.29134,2.30337,2.297355
41.43,2.28639,2.3141,2.300245
41.44,2.29061,2.30125,2.29593
41.45,2.29221,2.29666,2.294435
41.46,2.29285,2.3027,2.297775
41.47,2.28296,2.30144,2.2922
41.48,2.28182,2.30174,2.29178
41.49,2.28897,2.29746,2.293215
41.5,2.29556,2.30936,2.30246
41.51,2.29986,2.30733,2.303595
41.52,2.29613,2.30299,2.29956
41.53,2.29282,2.30435,2.298585
41.54,2.29156,2.30958,2.30057
41.55,2.29069,2.30582,2.298255
41.56,2.28843,2.30616,2.297295
41.57,2.28899,2.31206,2.300525
41.58,2.29372,2.30575,2.299735
41.59,2.29651,2.31762,2.307065
41.6,2.2974,2.31451,2.305955
41.61,2.2931,2.31527,2.304185
41.62,2.28988,2.31443,2.302155
41.63,2.28991,2.3034,2.296655
41.64,2.29486,2.30664,2.30075
41.65,2.29928,2.30261,2.300945
41.66,2.29164,2.31174,2.30169
41.67,2.29633,2.3154,2.305865
41.68,2.2998,2.31463,2.307215
41.69,2.29607,2.31432,2.305195
41.7,2.29702,2.31991,2.308465
41.71,2.29545,2.30962,2.302535
41.72,2.29655,2.31478,2.305665
41.73,2.29395,2.30896,2.301455
41.74,2.29406,2.31711,2.305585
41.75,2.2965,2.3095,2.303
41.76,2.29138,2.30855,2.299965
41.77,2.29662,2.31254,2.30458
41.78,2.29685,2.3157,2.306275
41.79,2.29125,2.32362,2.307435
41.8,2.28992,2.30932,2.29962
41.81,2.29027,2.3166,2.303435
41.82,2.29589,2.30768,2.301785
41.83,2.30005,2.31108,2.305565
41.84,2.29471,2.30728,2.300995
41.85,2.29852,2.30823,2.303375
41.86,2.30331,2.30851,2.30591
41.87,2.30774,2.30165,2.304695
41.88,2.3048,2.3077,2.30625
41.89,2.30099,2.29914,2.300065
41.9,2.30499,2.30614,2.305565
41.91,2.29519,2.30859,2.30189
41.92,2.30337,2.3081,2.305735
41.93,2.30122,2.30758,2.3044
41.94,2.2999,2.30889,2.304395
41.95,2.30331,2.31646,2.309885
41.96,2.29696,2.31199,2.304475
41.97,2.2982,2.31184,2.30502
41.98,2.29451,2.31417,2.30434
41.99,2.30517,2.31339,2.30928
42,2.30802,2.3082,2.30811
42.01,2.30328,2.30993,2.306605
42.02,2.30537,2.30979,2.30758
42.03,2.30116,2.31181,2.306485
42.04,2.30664,2.30914,2.30789
42.05,2.3035,2.30881,2.306155
42.06,2.30746,2.30088,2.30417
42.07,2.30562,2.30676,2.30619
42.08,2.30959,2.30977,2.30968
42.09,2.29956,2.30717,2.303365
42.1,2.29344,2.30863,2.301035
42.11,2.29913,2.30864,2.303885
42.12,2.30209,2.30779,2.30494
42.13,2.29004,2.30125,2.295645
42.14,2.2985,2.30227,2.300385
42.15,2.30197,2.30355,2.30276
42.16,2.30054,2.30556,2.30305
42.17,2.29655,2.30864,2.302595
42.18,2.29957,2.31502,2.307295
42.19,2.30764,2.3049,2.30627
42.2,2.30978,2.31237,2.311075
42.21,2.29599,2.30445,2.30022
42.22,2.2938,2.30271,2.298255
42.23,2.30612,2.30092,2.30352
42.24,2.30609,2.30068,2.303385
42.25,2.30341,2.29006,2.296735
42.26,2.29681,2.29739,2.2971
42.27,2.29168,2.29414,2.29291
42.28,2.29911,2.30262,2.300865
42.29,2.29767,2.30641,2.30204
42.3,2.29095,2.30958,2.300265
42.31,2.29608,2.30622,2.30115
42.32,2.28692,2.30719,2.297055
42.33,2.29773,2.31247,2.3051
42.34,2.29122,2.3129,2.30206
42.35,2.3019,2.30794,2.30492
42.36,2.30629,2.30754,2.306915
42.37,2.29642,2.30849,2.302455
42.38,2.29214,2.30242,2.29728
42.39,2.28789,2.30483,2.29636
42.4,2.29268,2.30765,2.300165
42.41,2.29626,2.31525,2.305755
42.42,2.29186,2.31475,2.303305
42.43,2.29826,2.31383,2.306045
42.44,2.29378,2.3047,2.29924
42.45,2.29093,2.31147,2.3012
42.46,2.29521,2.31322,2.304215
42.47,2.28681,2.3107,2.298755
42.48,2.29239,2.30044,2.296415
42.49,2.28888,2.29917,2.294025
42.5,2.29317,2.30353,2.29835
42.51,2.29725,2.30769,2.30247
42.52,2.30517,2.31192,2.308545
42.53,2.30561,2.30142,2.303515
42.54,2.30337,2.31867,2.31102
42.55,2.30385,2.31447,2.30916
42.56,2.30325,2.31141,2.30733
42.57,2.30043,2.32087,2.31065
42.58,2.29751,2.31168,2.304595
42.59,2.30047,2.30461,2.30254
42.6,2.29895,2.30966,2.304305
42.61,2.29602,2.30776,2.30189
42.62,2.29509,2.30764,2.301365
42.63,2.30048,2.31353,2.307005
42.64,2.29981,2.30863,2.30422
42.65,2.29777,2.31666,2.307215
42.66,2.30458,2.31765,2.311115
42.67,2.30057,2.30887,2.30472
42.68,2.30897,2.30383,2.3064
42.69,2.30067,2.30729,2.30398
42.7,2.29943,2.30858,2.304005
42.71,2.31433,2.31883,2.31658
42.72,2.30966,2.31679,2.313225
42.73,2.31172,2.31711,2.314415
42.74,2.30331,2.31775,2.31053
42.75,2.30751,2.31261,2.31006
42.76,2.30905,2.31666,2.312855
42.77,2.31085,2.3055,2.308175
42.78,2.31167,2.31067,2.31117
42.79,2.3128,2.31313,2.312965
42.8,2.31589,2.30837,2.31213
42.81,2.30776,2.30583,2.306795
42.82,2.29804,2.31959,2.308815
42.83,2.30636,2.30706,2.30671
42.84,2.2999,2.30814,2.30402
42.85,2.31003,2.30951,2.30977
42.86,2.30012,2.30957,2.304845
42.87,2.30575,2.31353,2.30964
42.88,2.29974,2.31115,2.305445
42.89,2.30152,2.30619,2.303855
42.9,2.29625,2.31246,2.304355
42.91,2.29163,2.3129,2.302265
42.92,2.28795,2.30911,2.29853
42.93,2.29173,2.31875,2.30524
42.94,2.29423,2.31315,2.30369
42.95,2.29633,2.32109,2.30871
42.96,2.29281,2.32572,2.309265
42.97,2.29574,2.32083,2.308285
42.98,2.29136,2.31789,2.304625
42.99,2.30338,2.31941,2.311395
43,2.30014,2.30927,2.304705
43.01,2.29537,2.31262,2.303995
43.02,2.29989,2.3199,2.309895
43.03,2.29182,2.30902,2.30042
43.04,2.29778,2.3118,2.30479
43.05,2.29423,2.30945,2.30184
43.06,2.28427,2.31101,2.29764
43.07,2.29244,2.32186,2.30715
43.08,2.28885,2.31095,2.2999
43.09,2.29163,2.31337,2.3025
43.1,2.28493,2.31235,2.29864
43.11,2.29534,2.30742,2.30138
43.12,2.29124,2.3112,2.30122
43.13,2.2938,2.30064,2.29722
43.14,2.29372,2.29881,2.296265
43.15,2.29471,2.30127,2.29799
43.16,2.28947,2.30588,2.297675
43.17,2.29847,2.31542,2.306945
43.18,2.29615,2.31375,2.30495
43.19,2.30088,2.30712,2.304
43.2,2.2988,2.31354,2.30617
43.21,2.29897,2.31145,2.30521
43.22,2.29243,2.31299,2.30271
43.23,2.29051,2.30907,2.29979
43.24,2.29538,2.3202,2.30779
43.25,2.30088,2.3085,2.30469
43.26,2.3021,2.3125,2.3073
43.27,2.29473,2.31359,2.30416
43.28,2.29208,2.31207,2.302075
43.29,2.29148,2.3026,2.29704
43.3,2.29624,2.30789,2.302065
43.31,2.30192,2.30105,2.301485
43.32,2.29967,2.3047,2.302185
43.33,2.3115,2.30449,2.307995
43.34,2.29954,2.30977,2.304655
43.35,2.29987,2.30503,2.30245
43.36,2.29115,2.2986,2.294875
43.37,2.29962,2.30672,2.30317
43.38,2.30373,2.30614,2.304935
43.39,2.30033,2.30469,2.30251
43.4,2.29836,2.30445,2.301405
43.41,2.30256,2.30408,2.30332
43.42,2.2979,2.30145,2.299675
43.43,2.2915,2.30971,2.300605
43.44,2.29018,2.31214,2.30116
43.45,2.2888,2.30294,2.29587
43.46,2.29153,2.30427,2.2979
43.47,2.29686,2.30021,2.298535
43.48,2.29047,2.29512,2.292795
43.49,2.30464,2.29792,2.30128
43.5,2.29298,2.30498,2.29898
43.51,2.29994,2.30361,2.301775
43.52,2.30366,2.30593,2.304795
43.53,2.30177,2.31111,2.30644
43.54,2.29919,2.30552,2.302355
43.55,2.29937,2.31292,2.306145
43.56,2.29655,2.30449,2.30052
43.57,2.29517,2.31521,2.30519
43.58,2.29522,2.3039,2.29956
43.59,2.30088,2.31522,2.30805
43.6,2.29704,2.30112,2.29908
43.61,2.29853,2.30989,2.30421
43.62,2.29398,2.30597,2.299975
43.63,2.30445,2.30273,2.30359
43.64,2.29421,2.30874,2.301475
43.65,2.29297,2.30957,2.30127
43.66,2.29833,2.31503,2.30668
43.67,2.29815,2.3041,2.301125
43.68,2.29501,2.30748,2.301245
43.69,2.29973,2.30933,2.30453
43.7,2.29599,2.31002,2.303005
43.71,2.29599,2.31703,2.30651
43.72,2.30069,2.302,2.301345
43.73,2.3031,2.30881,2.305955
43.74,2.30509,2.30817,2.30663
43.75,2.29872,2.31451,2.306615
43.76,2.29939,2.31234,2.305865
43.77,2.30696,2.31981,2.313385
43.78,2.29942,2.30755,2.303485
43.79,2.29414,2.30436,2.29925
43.8,2.29127,2.32185,2.30656
43.81,2.29814,2.31017,2.304155
43.82,2.29212,2.31422,2.30317
43.83,2.30135,2.30752,2.304435
43.84,2.29706,2.31383,2.305445
43.85,2.30037,2.30632,2.303345
43.86,2.29757,2.30417,2.30087
43.87,2.29542,2.30508,2.30025
43.88,2.2972,2.30471,2.300955
43.89,2.3013,2.30561,2.303455
43.9,2.29604,2.31278,2.30441
43.91,2.30397,2.30992,2.306945
43.92,2.30103,2.31647,2.30875
43.93,2.2936,2.30046,2.29703
43.94,2.29297,2.30701,2.29999
43.95,2.29571,2.30844,2.302075
43.96,2.29736,2.29803,2.297695
43.97,2.31085,2.29721,2.30403
43.98,2.29705,2.30093,2.29899
43.99,2.30449,2.31439,2.30944
44,2.30542,2.30873,2.307075
44.01,2.29905,2.30636,2.302705
44.02,2.30002,2.30295,2.301485
44.03,2.30065,2.31046,2.305555
44.04,2.30755,2.30742,2.307485
44.05,2.30066,2.31583,2.308245
44.06,2.30561,2.30138,2.303495
44.07,2.306,2.30478,2.30539
44.08,2.31026,2.30047,2.305365
44.09,2.31289,2.3043,2.308595
44.1,2.30918,2.30657,2.307875
44.11,2.31762,2.29731,2.307465
44.12,2.30582,2.29881,2.302315
44.13,2.30518,2.30652,2.30585
44.14,2.30957,2.30762,2.308595
44.15,2.3077,2.29818,2.30294
44.16,2.31072,2.30435,2.307535
44.17,2.30837,2.30056,2.304465
44.18,2.30906,2.30069,2.304875
44.19,2.30479,2.3046,2.304695
44.2,2.30583,2.3017,2.303765
44.21,2.31074,2.31336,2.31205
44.22,2.30791,2.29947,2.30369
44.23,2.30145,2.30567,2.30356
44.24,2.30743,2.30681,2.30712
44.25,2.31027,2.30682,2.308545
44.26,2.3128,2.3173,2.31505
44.27,2.30624,2.31276,2.3095
44.28,2.31041,2.3151,2.312755
44.29,2.30119,2.31993,2.31056
44.3,2.30876,2.31245,2.310605
44.31,2.30528,2.32222,2.31375
44.32,2.31207,2.31887,2.31547
44.33,2.31303,2.31776,2.315395
44.34,2.30858,2.31318,2.31088
44.35,2.315,2.30776,2.31138
44.36,2.30997,2.30987,2.30992
44.37,2.31122,2.31304,2.31213
44.38,2.30661,2.30954,2.308075
44.39,2.30963,2.31534,2.312485
44.4,2.31978,2.32214,2.32096
44.41,2.32003,2.32219,2.32111
44.42,2.31703,2.31163,2.31433
44.43,2.31435,2.32002,2.317185
44.44,2.31292,2.31534,2.31413
44.45,2.30967,2.31372,2.311695
44.46,2.31814,2.32754,2.32284
44.47,2.31348,2.3287,2.32109
44.48,2.3085,2.3177,2.3131
44.49,2.30831,2.32007,2.31419
44.5,2.31024,2.33215,2.321195
44.51,2.31579,2.32587,2.32083
44.52,2.30482,2.32819,2.316505
44.53,2.30614,2.32246,2.3143
44.54,2.30591,2.31654,2.311225
44.55,2.30633,2.32811,2.31722
44.56,2.30888,2.31631,2.312595
44.57,2.30399,2.32541,2.3147
44.58,2.30859,2.32101,2.3148
44.59,2.31407,2.31351,2.31379
44.6,2.30095,2.31298,2.306965
44.61,2.31034,2.31738,2.31386
44.62,2.31314,2.31602,2.31458
44.63,2.30813,2.31327,2.3107
44.64,2.30243,2.31581,2.30912
44.65,2.30735,2.30543,2.30639
44.66,2.31458,2.30981,2.312195
44.67,2.30358,2.3154,2.30949
44.68,2.31358,2.31322,2.3134
44.69,2.30616,2.31499,2.310575
44.7,2.30607,2.31332,2.309695
44.71,2.30516,2.31754,2.31135
44.72,2.305,2.31694,2.31097
44.73,2.29973,2.31335,2.30654
44.74,2.301,2.31352,2.30726
44.75,2.30047,2.3157,2.308085
44.76,2.30098,2.31355,2.307265
44.77,2.3026,2.31541,2.309005
44.78,2.30771,2.30765,2.30768
44.79,2.30788,2.3131,2.31049
44.8,2.30858,2.31351,2.311045
44.81,2.29949,2.31491,2.3072
44.82,2.30135,2.30817,2.30476
44.83,2.30777,2.31164,2.309705
44.84,2.29956,2.32218,2.31087
44.85,2.30312,2.3232,2.31316
44.86,2.30155,2.31777,2.30966
44.87,2.30439,2.31791,2.31115
44.88,2.30823,2.31488,2.311555
44.89,2.30394,2.31413,2.309035
44.9,2.30601,2.309,2.307505
44.91,2.30474,2.31545,2.310095
44.92,2.30365,2.31462,2.309135
44.93,2.30528,2.3244,2.31484
44.94,2.315,2.32277,2.318885
44.95,2.31163,2.32194,2.316785
44.96,2.30448,2.31363,2.309055
44.97,2.30163,2.32194,2.311785
44.98,2.31157,2.31749,2.31453
44.99,2.30594,2.32484,2.31539
45,2.30782,2.32442,2.31612
45.01,2.3201,2.31507,2.317585
45.02,2.3094,2.31208,2.31074
45.03,2.3046,2.3245,2.31455
45.04,2.30542,2.32178,2.3136
45.05,2.29842,2.3198,2.30911
45.06,2.30309,2.32836,2.315725
45.07,2.30274,2.32108,2.31191
45.08,2.30928,2.31342,2.31135
45.09,2.31212,2.31108,2.3116
45.1,2.30989,2.32191,2.3159
45.11,2.3224,2.31281,2.317605
45.12,2.30766,2.30462,2.30614
45.13,2.31284,2.32194,2.31739
45.14,2.31057,2.30993,2.31025
45.15,2.31276,2.31359,2.313175
45.16,2.31492,2.3106,2.31276
45.17,2.31349,2.31801,2.31575
45.18,2.31347,2.32112,2.317295
45.19,2.3111,2.30535,2.308225
45.2,2.30926,2.31087,2.310065
45.21,2.30952,2.31255,2.311035
45.22,2.31303,2.31363,2.31333
45.23,2.3094,2.31322,2.31131
45.24,2.30283,2.32233,2.31258
45.25,2.29655,2.31166,2.304105
45.26,2.30665,2.3186,2.312625
45.27,2.30087,2.32572,2.313295
45.28,2.30685,2.31332,2.310085
45.29,2.30228,2.31143,2.306855
45.3,2.30553,2.31327,2.3094
45.31,2.30196,2.31244,2.3072
45.32,2.31276,2.30757,2.310165
45.33,2.31797,2.31208,2.315025
45.34,2.30845,2.3229,2.315675
45.35,2.32132,2.31714,2.31923
45.36,2.31214,2.31783,2.314985
45.37,2.31243,2.31629,2.31436
45.38,2.30878,2.3173,2.31304
45.39,2.31371,2.32178,2.317745
45.4,2.31151,2.32048,2.315995
45.41,2.31235,2.32271,2.31753
45.42,2.30735,2.31724,2.312295
45.43,2.30839,2.32486,2.316625
45.44,2.31192,2.32026,2.31609
45.45,2.30808,2.31817,2.313125
45.46,2.31498,2.31655,2.315765
45.47,2.31846,2.32364,2.32105
45.48,2.31214,2.32171,2.316925
45.49,2.30312,2.31657,2.309845
45.5,2.30797,2.32479,2.31638
45.51,2.31038,2.33119,2.320785
45.52,2.30513,2.31924,2.312185
45.53,2.30783,2.30793,2.30788
45.54,2.296,2.31767,2.306835
45.55,2.30599,2.32086,2.313425
45.56,2.29914,2.30961,2.304375
45.57,2.29414,2.32261,2.308375
45.58,2.30067,2.31675,2.30871
45.59,2.30345,2.31694,2.310195
45.6,2.30058,2.31242,2.3065
45.61,2.30964,2.32295,2.316295
45.62,2.30767,2.31924,2.313455
45.63,2.30568,2.32347,2.314575
45.64,2.30308,2.32243,2.312755
45.65,2.30737,2.32703,2.3172
45.66,2.30227,2.31433,2.3083
45.67,2.30123,2.32195,2.31159
45.68,2.30646,2.30966,2.30806
45.69,2.30791,2.31667,2.31229
45.7,2.31333,2.31827,2.3158
45.71,2.30643,2.31501,2.31072
45.72,2.31448,2.31852,2.3165
45.73,2.3036,2.3104,2.307
45.74,2.30642,2.31048,2.30845
45.75,2.31625,2.31224,2.314245
45.76,2.30992,2.32641,2.318165
45.77,2.30987,2.32575,2.31781
45.78,2.31501,2.3223,2.318655
45.79,2.31236,2.32669,2.319525
45.8,2.31602,2.32171,2.318865
45.81,2.32363,2.32634,2.324985
45.82,2.31208,2.32137,2.316725
45.83,2.31272,2.33198,2.32235
45.84,2.30686,2.33727,2.322065
45.85,2.30564,2.32906,2.31735
45.86,2.3197,2.3136,2.31665
45.87,2.31446,2.32239,2.318425
45.88,2.30956,2.32156,2.31556
45.89,2.30273,2.32054,2.311635
45.9,2.31532,2.32427,2.319795
45.91,2.30627,2.32344,2.314855
45.92,2.31209,2.32143,2.31676
45.93,2.30827,2.33106,2.319665
45.94,2.30159,2.32419,2.31289
45.95,2.30346,2.33078,2.31712
45.96,2.30664,2.32856,2.3176
45.97,2.3069,2.34119,2.324045
45.98,2.31027,2.3368,2.323535
45.99,2.3009,2.32364,2.31227
46,2.31095,2.32505,2.318
46.01,2.30826,2.32364,2.31595
46.02,2.30647,2.32876,2.317615
46.03,2.30552,2.33172,2.31862
46.04,2.29629,2.33163,2.31396
46.05,2.30617,2.32582,2.315995
46.06,2.29928,2.32454,2.31191
46.07,2.30258,2.33333,2.317955
46.08,2.29893,2.33953,2.31923
46.09,2.30082,2.3314,2.31611
46.1,2.29915,2.32529,2.31222
46.11,2.30335,2.32808,2.315715
46.12,2.30617,2.33032,2.318245
46.13,2.30776,2.3307,2.31923
46.14,2.30755,2.32323,2.31539
46.15,2.31157,2.31766,2.314615
46.16,2.30465,2.3175,2.311075
46.17,2.31234,2.32157,2.316955
46.18,2.30373,2.30906,2.306395
46.19,2.30444,2.32049,2.312465
46.2,2.30776,2.31842,2.31309
46.21,2.30962,2.31955,2.314585
46.22,2.31064,2.32041,2.315525
46.23,2.29523,2.33066,2.312945
46.24,2.30245,2.32585,2.31415
46.25,2.31439,2.32213,2.31826
46.26,2.32029,2.32572,2.323005
46.27,2.31653,2.32525,2.32089
46.28,2.31931,2.32392,2.321615
46.29,2.30308,2.32264,2.31286
46.3,2.29885,2.3138,2.306325
46.31,2.30755,2.32524,2.316395
46.32,2.30629,2.31697,2.31163
46.33,2.30368,2.32993,2.316805
46.34,2.30475,2.31791,2.31133
46.35,2.30409,2.32285,2.31347
46.36,2.30569,2.31476,2.310225
46.37,2.30909,2.32102,2.315055
46.38,2.30306,2.30619,2.304625
46.39,2.30283,2.31814,2.310485
46.4,2.3051,2.30942,2.30726
46.41,2.31128,2.31145,2.311365
46.42,2.3049,2.30558,2.30524
46.43,2.31072,2.30368,2.3072
46.44,2.3046,2.30691,2.305755
46.45,2.29807,2.31279,2.30543
46.46,2.29815,2.31794,2.308045
46.47,2.30032,2.3129,2.30661
46.48,2.29919,2.31512,2.307155
46.49,2.30257,2.31071,2.30664
46.5,2.30212,2.32977,2.315945
46.51,2.30306,2.31975,2.311405
46.52,2.30011,2.32298,2.311545
46.53,2.3032,2.31417,2.308685
46.54,2.306,2.3096,2.3078
46.55,2.29221,2.3154,2.303805
46.56,2.29812,2.32053,2.309325
46.57,2.30576,2.32191,2.313835
46.58,2.30184,2.32044,2.31114
46.59,2.29416,2.31807,2.306115
46.6,2.30049,2.31987,2.31018
46.61,2.2969,2.32069,2.308795
46.62,2.30187,2.31173,2.3068
46.63,2.29747,2.31492,2.306195
46.64,2.29265,2.31729,2.30497
46.65,2.30109,2.32723,2.31416
46.66,2.29096,2.31502,2.30299
46.67,2.30204,2.31457,2.308305
46.68,2.29837,2.31383,2.3061
46.69,2.30248,2.31466,2.30857
46.7,2.29862,2.31738,2.308
46.71,2.29176,2.3192,2.30548
46.72,2.30795,2.31787,2.31291
46.73,2.29989,2.3105,2.305195
46.74,2.29628,2.31095,2.303615
46.75,2.29352,2.31598,2.30475
46.76,2.29839,2.30486,2.301625
46.77,2.29814,2.30515,2.301645
46.78,2.3028,2.30954,2.30617
46.79,2.29775,2.32018,2.308965
46.8,2.30314,2.32169,2.312415
46.81,2.29788,2.32816,2.31302
46.82,2.30305,2.31762,2.310335
46.83,2.30538,2.31331,2.309345
46.84,2.30563,2.31027,2.30795
46.85,2.30183,2.31317,2.3075
46.86,2.29892,2.31428,2.3066
46.87,2.30266,2.31081,2.306735
46.88,2.31064,2.32182,2.31623
46.89,2.30654,2.30507,2.305805
46.9,2.30445,2.31483,2.30964
46.91,2.30965,2.31668,2.313165
46.92,2.31281,2.32067,2.31674
46.93,2.31407,2.30759,2.31083
46.94,2.31979,2.31761,2.3187
46.95,2.31756,2.31231,2.314935
46.96,2.31437,2.31591,2.31514
46.97,2.31199,2.30993,2.31096
46.98,2.31125,2.31007,2.31066
46.99,2.31399,2.31683,2.31541
47,2.31557,2.31763,2.3166
47.01,2.31581,2.32142,2.318615
47.02,2.31236,2.30835,2.310355
47.03,2.31004,2.31044,2.31024
47.04,2.31308,2.3099,2.31149
47.05,2.31156,2.31878,2.31517
47.06,2.30051,2.31529,2.3079
47.07,2.30454,2.30969,2.307115
47.08,2.31263,2.31787,2.31525
47.09,2.31546,2.31888,2.31717
47.1,2.31335,2.31627,2.31481
47.11,2.316,2.32342,2.31971
47.12,2.29999,2.32331,2.31165
47.13,2.31797,2.32156,2.319765
47.14,2.31202,2.30928,2.31065
47.15,2.31255,2.32852,2.320535
47.16,2.30944,2.31374,2.31159
47.17,2.31211,2.32228,2.317195
47.18,2.31347,2.32253,2.318
47.19,2.31527,2.33048,2.322875
47.2,2.31881,2.32373,2.32127
47.21,2.31357,2.31201,2.31279
47.22,2.31068,2.32077,2.315725
47.23,2.3207,2.31888,2.31979
47.24,2.32669,2.31951,2.3231
47.25,2.31311,2.31996,2.316535
47.26,2.31081,2.32253,2.31667
47.27,2.31492,2.31493,2.314925
47.28,2.30761,2.31174,2.309675
47.29,2.30037,2.32467,2.31252
47.3,2.30384,2.32036,2.3121
47.31,2.30572,2.30897,2.307345
47.32,2.30723,2.31244,2.309835
47.33,2.31041,2.30914,2.309775
47.34,2.30833,2.30224,2.305285
47.35,2.31142,2.30922,2.31032
47.36,2.30816,2.30063,2.304395
47.37,2.30755,2.30986,2.308705
47.38,2.30575,2.31675,2.31125
47.39,2.3061,2.32207,2.314085
47.4,2.3029,2.3082,2.30555
47.41,2.30373,2.31255,2.30814
47.42,2.30677,2.31413,2.31045
47.43,2.31379,2.31136,2.312575
47.44,2.30439,2.31574,2.310065
47.45,2.31371,2.31156,2.312635
47.46,2.3092,2.31502,2.31211
47.47,2.30282,2.30872,2.30577
47.48,2.31347,2.31516,2.314315
47.49,2.31163,2.31661,2.31412
47.5,2.30871,2.31191,2.31031
47.51,2.30921,2.31866,2.313935
47.52,2.3049,2.31017,2.307535
47.53,2.31074,2.31164,2.31119
47.54,2.30797,2.31062,2.309295
47.55,2.31807,2.30422,2.311145
47.56,2.30961,2.30869,2.30915
47.57,2.30627,2.30331,2.30479
47.58,2.30978,2.30831,2.309045
47.59,2.31314,2.3093,2.31122
47.6,2.30976,2.30212,2.30594
47.61,2.30432,2.30914,2.30673
47.62,2.30703,2.30792,2.307475
47.63,2.31237,2.31632,2.314345
47.64,2.31406,2.31314,2.3136
47.65,2.30992,2.30802,2.30897
47.66,2.3088,2.31748,2.31314
47.67,2.31275,2.31059,2.31167
47.68,2.31159,2.31437,2.31298
47.69,2.31203,2.30274,2.307385
47.7,2.31418,2.3054,2.30979
47.71,2.31174,2.29961,2.305675
47.72,2.30546,2.29669,2.301075
47.73,2.30504,2.2997,2.30237
47.74,2.30468,2.30202,2.30335
47.75,2.30659,2.30297,2.30478
47.76,2.30662,2.30221,2.304415
47.77,2.30455,2.31563,2.31009
47.78,2.30061,2.30812,2.304365
47.79,2.30651,2.30815,2.30733
47.8,2.29817,2.29801,2.29809
47.81,2.30051,2.31249,2.3065
47.82,2.30271,2.30988,2.306295
47.83,2.30663,2.30125,2.30394
47.84,2.30908,2.30154,2.30531
47.85,2.31495,2.30943,2.31219
47.86,2.31203,2.31074,2.311385
47.87,2.29888,2.31091,2.304895
47.88,2.29996,2.31402,2.30699
47.89,2.30107,2.31079,2.30593
47.9,2.30917,2.30765,2.30841
47.91,2.30648,2.31202,2.30925
47.92,2.30824,2.30849,2.308365
47.93,2.30903,2.31666,2.312845
47.94,2.31566,2.3163,2.31598
47.95,2.31212,2.31894,2.31553
47.96,2.30936,2.31894,2.31415
47.97,2.31871,2.31719,2.31795
47.98,2.32432,2.31876,2.32154
47.99,2.32127,2.31666,2.318965
48,2.31808,2.31841,2.318245
48.01,2.30552,2.31971,2.312615
48.02,2.3094,2.30903,2.309215
48.03,2.30983,2.31204,2.310935
48.04,2.31287,2.31546,2.314165
48.05,2.30478,2.30875,2.306765
48.06,2.30794,2.30579,2.306865
48.07,2.30651,2.3118,2.309155
48.08,2.30661,2.31926,2.312935
48.09,2.31276,2.31105,2.311905
48.1,2.30608,2.31218,2.30913
48.11,2.30278,2.31202,2.3074
48.12,2.30182,2.31202,2.30692
48.13,2.30972,2.31966,2.31469
48.14,2.3037,2.31207,2.307885
48.15,2.31765,2.31065,2.31415
48.16,2.30857,2.31481,2.31169
48.17,2.30826,2.31202,2.31014
48.18,2.30727,2.3164,2.311835
48.19,2.30503,2.31414,2.309585
48.2,2.29883,2.31203,2.30543
48.21,2.31513,2.31953,2.31733
48.22,2.30249,2.32646,2.314475
48.23,2.30297,2.31926,2.311115
48.24,2.30886,2.31239,2.310625
48.25,2.30179,2.31636,2.309075
48.26,2.30827,2.31254,2.310405
48.27,2.29656,2.31313,2.304845
48.28,2.30175,2.31468,2.308215
48.29,2.30327,2.31883,2.31105
48.3,2.30312,2.31216,2.30764
48.31,2.30856,2.31719,2.312875
48.32,2.30286,2.31677,2.309815
48.33,2.30476,2.31185,2.308305
48.34,2.31294,2.3095,2.31122
48.35,2.30601,2.31892,2.312465
48.36,2.3093,2.31149,2.310395
48.37,2.3014,2.31306,2.30723
48.38,2.29813,2.30849,2.30331
48.39,2.3046,2.32284,2.31372
48.4,2.29559,2.32215,2.30887
48.41,2.30492,2.31291,2.308915
48.42,2.29789,2.31147,2.30468
48.43,2.2995,2.3194,2.30945
48.44,2.29977,2.3061,2.302935
48.45,2.30036,2.31693,2.308645
48.46,2.2969,2.31291,2.304905
48.47,2.29495,2.31513,2.30504
48.48,2.2934,2.31124,2.30232
48.49,2.2982,2.32041,2.309305
48.5,2.29343,2.31145,2.30244
48.51,2.29952,2.32135,2.310435
48.52,2.29746,2.32486,2.31116
48.53,2.30262,2.32031,2.311465
48.54,2.30116,2.3192,2.31018
48.55,2.30303,2.31736,2.310195
48.56,2.30746,2.32005,2.313755
48.57,2.29806,2.30977,2.303915
48.58,2.30031,2.31196,2.306135
48.59,2.30287,2.30808,2.305475
48.6,2.29868,2.30507,2.301875
48.61,2.29853,2.30995,2.30424
48.62,2.2984,2.30227,2.300335
48.63,2.30194,2.30332,2.30263
48.64,2.30387,2.30326,2.303565
48.65,2.29753,2.30234,2.299935
48.66,2.29889,2.29997,2.29943
48.67,2.29524,2.30577,2.300505
48.68,2.29752,2.30495,2.301235
48.69,2.2965,2.30711,2.301805
48.7,2.29901,2.30676,2.302885
48.71,2.30808,2.31155,2.309815
48.72,2.30263,2.31098,2.306805
48.73,2.30902,2.313,2.31101
48.74,2.30161,2.3168,2.309205
48.75,2.30342,2.30469,2.304055
48.76,2.29657,2.30911,2.30284
48.77,2.29588,2.3024,2.29914
48.78,2.29437,2.30356,2.298965
48.79,2.30751,2.31085,2.30918
48.8,2.30384,2.30675,2.305295
48.81,2.30046,2.31222,2.30634
48.82,2.29298,2.31347,2.303225
48.83,2.29981,2.31699,2.3084
48.84,2.30224,2.30401,2.303125
48.85,2.3,2.31011,2.305055
48.86,2.29847,2.30453,2.3015
48.87,2.29722,2.31145,2.304335
48.88,2.29797,2.31604,2.307005
48.89,2.28829,2.30682,2.297555
48.9,2.29111,2.31139,2.30125
48.91,2.29549,2.31299,2.30424
48.92,2.29077,2.30806,2.299415
48.93,2.29246,2.30358,2.29802
48.94,2.29505,2.31176,2.303405
48.95,2.29438,2.30605,2.300215
48.96,2.30096,2.3116,2.30628
48.97,2.3061,2.31034,2.30822
48.98,2.3047,2.298,2.30135
48.99,2.30546,2.31169,2.308575
49,2.31107,2.30929,2.31018
49.01,2.30974,2.31652,2.31313
49.02,2.31054,2.29935,2.304945
49.03,2.31399,2.31092,2.312455
49.04,2.29888,2.30615,2.302515
49.05,2.30167,2.31049,2.30608
49.06,2.30503,2.31301,2.30902
49.07,2.30688,2.32413,2.315505
49.08,2.30245,2.31311,2.30778
49.09,2.29493,2.31274,2.303835
49.1,2.30721,2.31179,2.3095
49.11,2.29917,2.31541,2.30729
49.12,2.30266,2.31748,2.31007
49.13,2.29883,2.31245,2.30564
49.14,2.30124,2.30633,2.303785
49.15,2.30202,2.30508,2.30355
49.16,2.29923,2.30948,2.304355
49.17,2.2964,2.31642,2.30641
49.18,2.29436,2.30455,2.299455
49.19,2.29679,2.31306,2.304925
49.2,2.30077,2.30157,2.30117
49.21,2.2918,2.30967,2.300735
49.22,2.2994,2.30543,2.302415
49.23,2.29806,2.30724,2.30265
49.24,2.3039,2.30183,2.302865
49.25,2.29781,2.30272,2.300265
49.26,2.30613,2.30913,2.30763
49.27,2.3046,2.30957,2.307085
49.28,2.29873,2.31014,2.304435
49.29,2.29165,2.31068,2.301165
49.3,2.29265,2.30119,2.29692
49.31,2.29125,2.30376,2.297505
49.32,2.28797,2.30385,2.29591
49.33,2.29589,2.30649,2.30119
49.34,2.29466,2.3051,2.29988
49.35,2.29655,2.3098,2.303175
49.36,2.30323,2.30965,2.30644
49.37,2.2904,2.30875,2.299575
49.38,2.29672,2.30923,2.302975
49.39,2.29839,2.30923,2.30381
49.4,2.29607,2.30939,2.30273
49.41,2.28964,2.32078,2.30521
49.42,2.28964,2.31306,2.30135
49.43,2.29091,2.30955,2.30023
49.44,2.29253,2.31525,2.30389
49.45,2.29834,2.30923,2.303785
49.46,2.295,2.31435,2.304675
49.47,2.2954,2.3092,2.3023
49.48,2.29586,2.31381,2.304835
49.49,2.2981,2.31373,2.305915
49.5,2.29781,2.30523,2.30152
49.51,2.29711,2.3113,2.304205
49.52,2.2946,2.3103,2.30245
49.53,2.29314,2.31656,2.30485
49.54,2.29212,2.32008,2.3061
49.55,2.29009,2.31633,2.30321
49.56,2.28431,2.31399,2.29915
49.57,2.29773,2.31797,2.30785
49.58,2.29114,2.32006,2.3056
49.59,2.29911,2.31454,2.306825
49.6,2.294,2.31026,2.30213
49.61,2.29441,2.32013,2.30727
49.62,2.30091,2.30913,2.30502
49.63,2.29222,2.31166,2.30194
49.64,2.29392,2.31591,2.304915
49.65,2.29824,2.32551,2.311875
49.66,2.298,2.31348,2.30574
49.67,2.29713,2.32247,2.3098
49.68,2.2954,2.32329,2.309345
49.69,2.30078,2.32015,2.310465
49.7,2.29864,2.31893,2.308785
49.71,2.28356,2.31083,2.297195
49.72,2.28963,2.31715,2.30339
49.73,2.28626,2.32154,2.3039
49.74,2.2919,2.31773,2.304815
49.75,2.29295,2.32064,2.306795
49.76,2.28734,2.31976,2.30355
49.77,2.28878,2.32051,2.304645
49.78,2.29354,2.31599,2.304765
49.79,2.29073,2.3097,2.300215
49.8,2.28824,2.31853,2.303385
49.81,2.28365,2.32241,2.30303
49.82,2.29179,2.31781,2.3048
49.83,2.27761,2.31273,2.29517
49.84,2.29454,2.32345,2.308995
49.85,2.29152,2.32155,2.306535
49.86,2.29158,2.31095,2.301265
49.87,2.301,2.31237,2.306685
49.88,2.29651,2.31189,2.3042
49.89,2.29654,2.31875,2.307645
49.9,2.29896,2.31503,2.306995
49.91,2.30467,2.31731,2.31099
49.92,2.29781,2.31446,2.306135
49.93,2.29739,2.30361,2.3005
49.94,2.29367,2.31147,2.30257
49.95,2.29617,2.30674,2.301455
49.96,2.30035,2.30597,2.30316
49.97,2.29181,2.31012,2.300965
49.98,2.29399,2.31163,2.30281
49.99,2.29444,2.31813,2.306285
50,2.29321,2.31694,2.305075
50.01,2.29994,2.31229,2.306115
50.02,2.29345,2.32219,2.30782
50.03,2.29565,2.31155,2.3036
50.04,2.29339,2.32293,2.30816
50.05,2.29166,2.31916,2.30541
50.06,2.29279,2.31437,2.30358
50.07,2.29577,2.31537,2.30557
50.08,2.28916,2.32337,2.306265
50.09,2.28925,2.33313,2.31119
50.1,2.2978,2.31504,2.30642
50.11,2.29668,2.31861,2.307645
50.12,2.29338,2.31392,2.30365
50.13,2.29088,2.3107,2.30079
50.14,2.28783,2.31993,2.30388
50.15,2.29139,2.32148,2.306435
50.16,2.29318,2.31633,2.304755
50.17,2.29371,2.31131,2.30251
50.18,2.28714,2.31053,2.298835
50.19,2.29943,2.31223,2.30583
50.2,2.29459,2.31315,2.30387
50.21,2.2962,2.30026,2.29823
50.22,2.29422,2.3098,2.30201
50.23,2.30204,2.30937,2.305705
50.24,2.28778,2.31169,2.299735
50.25,2.30097,2.31061,2.30579
50.26,2.29588,2.30793,2.301905
50.27,2.29663,2.31349,2.30506
50.28,2.30168,2.31114,2.30641
50.29,2.3009,2.30846,2.30468
50.3,2.29542,2.32264,2.30903
50.31,2.29304,2.31381,2.303425
50.32,2.29393,2.31596,2.304945
50.33,2.29343,2.3195,2.306465
50.34,2.30091,2.31623,2.30857
50.35,2.29563,2.32943,2.31253
50.36,2.29129,2.31508,2.303185
50.37,2.28728,2.31316,2.30022
50.38,2.29339,2.31255,2.30297
50.39,2.29654,2.31189,2.304215
50.4,2.30014,2.31216,2.30615
50.41,2.29473,2.31767,2.3062
50.42,2.28922,2.32139,2.305305
50.43,2.29137,2.3202,2.305785
50.44,2.28931,2.32267,2.30599
50.45,2.29734,2.31346,2.3054
50.46,2.29163,2.31948,2.305555
50.47,2.29022,2.32237,2.306295
50.48,2.28726,2.31945,2.303355
50.49,2.28504,2.31462,2.29983
50.5,2.286,2.31756,2.30178
50.51,2.2836,2.3206,2.3021
50.52,2.28419,2.31836,2.301275
50.53,2.2875,2.31922,2.30336
50.54,2.27998,2.31669,2.298335
50.55,2.27771,2.31085,2.29428
50.56,2.28494,2.31207,2.298505
50.57,2.28639,2.31758,2.301985
50.58,2.2828,2.3147,2.29875
50.59,2.28648,2.31247,2.299475
50.6,2.28671,2.31504,2.300875
50.61,2.28369,2.30605,2.29487
50.62,2.29182,2.31901,2.305415
50.63,2.2838,2.31531,2.299555
50.64,2.2838,2.32358,2.30369
50.65,2.28812,2.32405,2.306085
50.66,2.2887,2.3157,2.3022
50.67,2.28755,2.32116,2.304355
50.68,2.28793,2.30436,2.296145
50.69,2.28611,2.31723,2.30167
50.7,2.29336,2.32045,2.306905
50.71,2.29005,2.31612,2.303085
50.72,2.29818,2.31548,2.30683
50.73,2.29023,2.31371,2.30197
50.74,2.29757,2.31675,2.30716
50.75,2.29958,2.32768,2.31363
50.76,2.28882,2.32272,2.30577
50.77,2.2917,2.32449,2.308095
50.78,2.28469,2.32435,2.30452
50.79,2.29149,2.31652,2.304005
50.8,2.28011,2.31525,2.29768
50.81,2.28789,2.317,2.302445
50.82,2.28485,2.31548,2.300165
50.83,2.28118,2.31617,2.298675
50.84,2.29152,2.30864,2.30008
50.85,2.29005,2.31828,2.304165
50.86,2.29448,2.32305,2.308765
50.87,2.28811,2.30232,2.295215
50.88,2.28821,2.30846,2.298335
50.89,2.28557,2.30233,2.29395
50.9,2.28364,2.30895,2.296295
50.91,2.28461,2.30792,2.296265
50.92,2.28052,2.31741,2.298965
50.93,2.29025,2.32567,2.30796
50.94,2.28377,2.3201,2.301935
50.95,2.28664,2.31254,2.29959
50.96,2.28164,2.31743,2.299535
50.97,2.2886,2.31887,2.303735
50.98,2.29075,2.31267,2.30171
50.99,2.28327,2.32129,2.30228
51,2.28939,2.31804,2.303715
51.01,2.29066,2.31812,2.30439
51.02,2.28718,2.30429,2.295735
51.03,2.29381,2.31186,2.302835
51.04,2.29317,2.3096,2.301385
51.05,2.29611,2.31278,2.304445
51.06,2.29263,2.30634,2.299485
51.07,2.29757,2.31375,2.30566
51.08,2.29787,2.32309,2.31048
51.09,2.30065,2.32948,2.315065
51.1,2.29863,2.31386,2.306245
51.11,2.30179,2.31847,2.31013
51.12,2.30122,2.31968,2.31045
51.13,2.29574,2.3178,2.30677
51.14,2.29001,2.30735,2.29868
51.15,2.29571,2.31077,2.30324
51.16,2.31128,2.31237,2.311825
51.17,2.29851,2.31626,2.307385
51.18,2.2911,2.31545,2.303275
51.19,2.29551,2.31771,2.30661
51.2,2.29085,2.31625,2.30355
51.21,2.29943,2.30487,2.30215
51.22,2.29417,2.30675,2.30046
51.23,2.2886,2.30863,2.298615
51.24,2.29593,2.31208,2.304005
51.25,2.29235,2.31137,2.30186
51.26,2.29732,2.30702,2.30217
51.27,2.2975,2.31205,2.304775
51.28,2.29593,2.30417,2.30005
51.29,2.30244,2.31472,2.30858
51.3,2.29948,2.31214,2.30581
51.31,2.29051,2.32135,2.30593
51.32,2.29372,2.32054,2.30713
51.33,2.30117,2.31687,2.30902
51.34,2.29302,2.32122,2.30712
51.35,2.29595,2.31351,2.30473
51.36,2.2929,2.31626,2.30458
51.37,2.29199,2.31043,2.30121
51.38,2.28799,2.3101,2.299045
51.39,2.28799,2.30843,2.29821
51.4,2.29397,2.3058,2.299885
51.41,2.29669,2.3054,2.301045
51.42,2.29067,2.3126,2.301635
51.43,2.28993,2.30836,2.299145
51.44,2.28771,2.30754,2.297625
51.45,2.29293,2.31455,2.30374
51.46,2.29724,2.31603,2.306635
51.47,2.28358,2.31228,2.29793
51.48,2.28612,2.31552,2.30082
51.49,2.29214,2.31904,2.30559
51.5,2.28926,2.32099,2.305125
51.51,2.28953,2.31954,2.304535
51.52,2.28834,2.3197,2.30402
51.53,2.30226,2.30894,2.3056
51.54,2.30222,2.31919,2.310705
51.55,2.29567,2.30874,2.302205
51.56,2.29897,2.31367,2.30632
51.57,2.28942,2.31452,2.30197
51.58,2.29743,2.31936,2.308395
51.59,2.30142,2.31431,2.307865
51.6,2.29389,2.30624,2.300065
51.61,2.29391,2.3035,2.298705
51.62,2.29345,2.31329,2.30337
51.63,2.29164,2.3076,2.29962
51.64,2.28766,2.313,2.30033
51.65,2.29056,2.31193,2.301245
51.66,2.28592,2.3132,2.29956
51.67,2.29763,2.30912,2.303375
51.68,2.28671,2.31229,2.2995
51.69,2.28252,2.31021,2.296365
51.7,2.28474,2.30867,2.296705
51.71,2.29231,2.31809,2.3052
51.72,2.29168,2.31349,2.302585
51.73,2.28888,2.30805,2.298465
51.74,2.28902,2.31186,2.30044
51.75,2.28136,2.30889,2.295125
51.76,2.28085,2.31252,2.296685
51.77,2.28659,2.31679,2.30169
51.78,2.2934,2.30927,2.301335
51.79,2.29149,2.30158,2.296535
51.8,2.28334,2.3123,2.29782
51.81,2.28907,2.30442,2.296745
51.82,2.29102,2.30709,2.299055
51.83,2.29552,2.30055,2.298035
51.84,2.29427,2.31588,2.305075
51.85,2.29778,2.30879,2.303285
51.86,2.29486,2.31155,2.303205
51.87,2.29591,2.31487,2.30539
51.88,2.29061,2.31162,2.301115
51.89,2.29524,2.31943,2.307335
51.9,2.28557,2.31224,2.298905
51.91,2.29543,2.30191,2.29867
51.92,2.28909,2.31229,2.30069
51.93,2.29211,2.31464,2.303375
51.94,2.28601,2.30948,2.297745
51.95,2.28807,2.30569,2.29688
51.96,2.28431,2.31127,2.29779
51.97,2.28481,2.32149,2.30315
51.98,2.28467,2.32372,2.304195
51.99,2.28492,2.32075,2.302835
52,2.27874,2.30952,2.29413
52.01,2.28053,2.31976,2.300145
52.02,2.28684,2.31314,2.29999
52.03,2.28139,2.3113,2.296345
52.04,2.28184,2.31455,2.298195
52.05,2.28839,2.31692,2.302655
52.06,2.29217,2.31098,2.301575
52.07,2.28043,2.31511,2.29777
52.08,2.29015,2.31567,2.30291
52.09,2.29127,2.32007,2.30567
52.1,2.28963,2.31358,2.301605
52.11,2.28426,2.31603,2.300145
52.12,2.2832,2.31605,2.299625
52.13,2.28389,2.31479,2.29934
52.14,2.29016,2.31138,2.30077
52.15,2.29251,2.31877,2.30564
52.16,2.29345,2.31413,2.30379
52.17,2.2959,2.31939,2.307645
52.18,2.29653,2.30523,2.30088
52.19,2.30183,2.30467,2.30325
52.2,2.30419,2.31278,2.308485
52.21,2.29853,2.3099,2.304215
52.22,2.29238,2.32105,2.306715
52.23,2.29725,2.30403,2.30064
52.24,2.30306,2.30832,2.30569
52.25,2.29924,2.31169,2.305465
52.26,2.30078,2.31415,2.307465
52.27,2.29585,2.31445,2.30515
52.28,2.29226,2.31884,2.30555
52.29,2.29307,2.31787,2.30547
52.3,2.30399,2.32255,2.31327
52.31,2.2979,2.31726,2.30758
52.32,2.30839,2.31627,2.31233
52.33,2.30198,2.31577,2.308875
52.34,2.29365,2.31299,2.30332
52.35,2.30039,2.31117,2.30578
52.36,2.29234,2.30997,2.301155
52.37,2.29952,2.30983,2.304675
52.38,2.2938,2.30695,2.300375
52.39,2.29106,2.31192,2.30149
52.4,2.28986,2.30911,2.299485
52.41,2.29273,2.30784,2.300285
52.42,2.29468,2.31067,2.302675
52.43,2.29587,2.30681,2.30134
52.44,2.28982,2.30447,2.297145
52.45,2.28975,2.3083,2.299025
52.46,2.29109,2.31831,2.3047
52.47,2.28547,2.32094,2.303205
52.48,2.28699,2.30681,2.2969
52.49,2.28558,2.31517,2.300375
52.5,2.28739,2.3125,2.299945
52.51,2.29216,2.31806,2.30511
52.52,2.28613,2.30911,2.29762
52.53,2.28909,2.30494,2.297015
52.54,2.29588,2.30556,2.30072
52.55,2.29331,2.31,2.301655
52.56,2.29439,2.3026,2.298495
52.57,2.28853,2.31788,2.303205
52.58,2.29893,2.32174,2.310335
52.59,2.29587,2.31997,2.30792
52.6,2.29148,2.31643,2.303955
52.61,2.2862,2.32071,2.303455
52.62,2.29755,2.3285,2.313025
52.63,2.28674,2.31743,2.302085
52.64,2.29503,2.3282,2.311615
52.65,2.29103,2.31237,2.3017
52.66,2.28727,2.31321,2.30024
52.67,2.29396,2.31997,2.306965
52.68,2.29552,2.31966,2.30759
52.69,2.29357,2.32851,2.31104
52.7,2.29142,2.31768,2.30455
52.71,2.2946,2.32158,2.30809
52.72,2.29135,2.32131,2.30633
52.73,2.29169,2.32267,2.30718
52.74,2.28729,2.32107,2.30418
52.75,2.28979,2.31305,2.30142
52.76,2.29153,2.31726,2.304395
52.77,2.29282,2.31531,2.304065
52.78,2.29306,2.30557,2.299315
52.79,2.28936,2.32499,2.307175
52.8,2.28856,2.31806,2.30331
52.81,2.28654,2.32127,2.303905
52.82,2.28807,2.31377,2.30092
52.83,2.28647,2.32025,2.30336
52.84,2.28357,2.31891,2.30124
52.85,2.28586,2.32818,2.30702
52.86,2.2881,2.31966,2.30388
52.87,2.28756,2.31554,2.30155
52.88,2.2887,2.3201,2.3044
52.89,2.28571,2.31068,2.298195
52.9,2.28967,2.31764,2.303655
52.91,2.27896,2.31519,2.297075
52.92,2.29336,2.31785,2.305605
52.93,2.2843,2.31983,2.302065
52.94,2.28674,2.30725,2.296995
52.95,2.29147,2.31075,2.30111
52.96,2.29315,2.31331,2.30323
52.97,2.28491,2.31379,2.29935
52.98,2.28886,2.31634,2.3026
52.99,2.29354,2.30917,2.301355
53,2.28376,2.31198,2.29787
53.01,2.29344,2.31223,2.302835
53.02,2.29219,2.30723,2.29971
53.03,2.29418,2.31139,2.302785
53.04,2.29411,2.3112,2.302655
53.05,2.28997,2.31429,2.30213
53.06,2.29058,2.30786,2.29922
53.07,2.28471,2.30612,2.295415
53.08,2.29059,2.2989,2.294745
53.09,2.28824,2.29551,2.291875
53.1,2.28759,2.30666,2.297125
53.11,2.29338,2.3057,2.29954
53.12,2.2849,2.30854,2.29672
53.13,2.28845,2.31231,2.30038
53.14,2.29629,2.30857,2.30243
53.15,2.29033,2.30838,2.299355
53.16,2.2855,2.321,2.30325
53.17,2.29055,2.31851,2.30453
53.18,2.29238,2.31041,2.301395
53.19,2.29155,2.31669,2.30412
53.2,2.29055,2.3139,2.302225
53.21,2.29396,2.30631,2.300135
53.22,2.28984,2.30445,2.297145
53.23,2.2851,2.30968,2.29739
53.24,2.2897,2.31475,2.302225
53.25,2.29058,2.31305,2.301815
53.26,2.29066,2.30939,2.300025
53.27,2.28852,2.31572,2.30212
53.28,2.28342,2.31064,2.29703
53.29,2.28955,2.31566,2.302605
53.3,2.29409,2.30825,2.30117
53.31,2.29198,2.30711,2.299545
53.32,2.2956,2.30519,2.300395
53.33,2.2894,2.30383,2.296615
53.34,2.28075,2.31692,2.298835
53.35,2.28161,2.31713,2.29937
53.36,2.28445,2.32055,2.3025
53.37,2.28925,2.30713,2.29819
53.38,2.28499,2.31466,2.299825
53.39,2.29035,2.31371,2.30203
53.4,2.2852,2.30946,2.29733
53.41,2.2859,2.3062,2.29605
53.42,2.29394,2.31246,2.3032
53.43,2.29255,2.30884,2.300695
53.44,2.285,2.30468,2.29484
53.45,2.29445,2.30939,2.30192
53.46,2.2868,2.31199,2.299395
53.47,2.29149,2.30453,2.29801
53.48,2.28565,2.30429,2.29497
53.49,2.29078,2.30512,2.29795
53.5,2.29266,2.30766,2.30016
53.51,2.29135,2.31358,2.302465
53.52,2.28581,2.30839,2.2971
53.53,2.29244,2.29925,2.295845
53.54,2.29321,2.31026,2.301735
53.55,2.2878,2.3093,2.29855
53.56,2.28866,2.30637,2.297515
53.57,2.29146,2.29952,2.29549
53.58,2.2917,2.30328,2.29749
53.59,2.29518,2.31054,2.30286
53.6,2.2905,2.30601,2.298255
53.61,2.29265,2.30799,2.30032
53.62,2.28711,2.30345,2.29528
53.63,2.28022,2.31047,2.295345
53.64,2.28188,2.31423,2.298055
53.65,2.29618,2.31457,2.305375
53.66,2.29775,2.3094,2.303575
53.67,2.29297,2.31815,2.30556
53.68,2.2957,2.3111,2.3034
53.69,2.30012,2.31723,2.308675
53.7,2.2936,2.31676,2.30518
53.71,2.29213,2.31937,2.30575
53.72,2.28968,2.3193,2.30449
53.73,2.29272,2.3182,2.30546
53.74,2.2991,2.31453,2.306815
53.75,2.2873,2.3192,2.30325
53.76,2.28981,2.3122,2.301005
53.77,2.29149,2.31551,2.3035
53.78,2.3013,2.31584,2.30857
53.79,2.29044,2.30682,2.29863
53.8,2.29576,2.31025,2.303005
53.81,2.30186,2.32079,2.311325
53.82,2.29637,2.30973,2.30305
53.83,2.30155,2.31197,2.30676
53.84,2.2927,2.30934,2.30102
53.85,2.28983,2.30884,2.299335
53.86,2.29608,2.30976,2.30292
53.87,2.30229,2.31325,2.30777
53.88,2.29,2.30906,2.29953
53.89,2.28964,2.30755,2.298595
53.9,2.29644,2.30626,2.30135
53.91,2.29194,2.30773,2.299835
53.92,2.29502,2.31393,2.304475
53.93,2.29423,2.31339,2.30381
53.94,2.29686,2.30981,2.303335
53.95,2.2925,2.3106,2.30155
53.96,2.3013,2.31587,2.308585
53.97,2.29591,2.3113,2.303605
53.98,2.29848,2.30829,2.303385
53.99,2.29428,2.31389,2.304085
54,2.28775,2.3152,2.301475
54.01,2.29056,2.31389,2.302225
54.02,2.29702,2.31922,2.30812
54.03,2.30239,2.31267,2.30753
54.04,2.28743,2.32046,2.303945
54.05,2.29029,2.31742,2.303855
54.06,2.28027,2.30765,2.29396
54.07,2.28725,2.30693,2.29709
54.08,2.28952,2.31605,2.302785
54.09,2.29326,2.31491,2.304085
54.1,2.29289,2.3063,2.299595
54.11,2.2948,2.31042,2.30261
54.12,2.29187,2.31207,2.30197
54.13,2.2922,2.31551,2.303855
54.14,2.2958,2.31943,2.307615
54.15,2.29659,2.30848,2.302535
54.16,2.29555,2.31161,2.30358
54.17,2.2906,2.31267,2.301635
54.18,2.30015,2.31188,2.306015
54.19,2.29231,2.31665,2.30448
54.2,2.3003,2.32192,2.31111
54.21,2.28803,2.32328,2.305655
54.22,2.28653,2.31028,2.298405
54.23,2.29761,2.30989,2.30375
54.24,2.2864,2.31317,2.299785
54.25,2.29105,2.31353,2.30229
54.26,2.29676,2.31181,2.304285
54.27,2.28994,2.31951,2.304725
54.28,2.29989,2.31242,2.306155
54.29,2.29697,2.31392,2.305445
54.3,2.29986,2.31865,2.309255
54.31,2.30334,2.31252,2.30793
54.32,2.29733,2.31742,2.307375
54.33,2.2924,2.31047,2.301435
54.34,2.29996,2.30743,2.303695
54.35,2.29124,2.31186,2.30155
54.36,2.29339,2.31618,2.304785
54.37,2.30529,2.32291,2.3141
54.38,2.29941,2.31738,2.308395
54.39,2.30839,2.31503,2.31171
54.4,2.29704,2.31468,2.30586
54.41,2.29659,2.30632,2.301455
54.42,2.31097,2.31012,2.310545
54.43,2.31078,2.31089,2.310835
54.44,2.3,2.31021,2.305105
54.45,2.31327,2.31415,2.31371
54.46,2.30186,2.30795,2.304905
54.47,2.30139,2.32535,2.31337
54.48,2.30305,2.31398,2.308515
54.49,2.29715,2.31059,2.30387
54.5,2.30687,2.31117,2.30902
54.51,2.3108,2.31028,2.31054
54.52,2.29265,2.31156,2.302105
54.53,2.30308,2.32037,2.311725
54.54,2.30274,2.3148,2.30877
54.55,2.29931,2.31821,2.30876
54.56,2.30625,2.31303,2.30964
54.57,2.29288,2.31302,2.30295
54.58,2.30185,2.31415,2.308
54.59,2.29759,2.31268,2.305135
54.6,2.30187,2.31986,2.310865
54.61,2.30284,2.30717,2.305005
54.62,2.30168,2.31514,2.30841
54.63,2.29948,2.31795,2.308715
54.64,2.29141,2.31789,2.30465
54.65,2.30042,2.31905,2.309735
54.66,2.30346,2.30819,2.305825
54.67,2.29541,2.30634,2.300875
54.68,2.29825,2.30288,2.300565
54.69,2.2959,2.31524,2.30557
54.7,2.29496,2.31213,2.303545
54.71,2.30015,2.30723,2.30369
54.72,2.29866,2.31462,2.30664
54.73,2.29806,2.30636,2.30221
54.74,2.29862,2.30956,2.30409
54.75,2.29843,2.31257,2.3055
54.76,2.29379,2.31735,2.30557
54.77,2.30147,2.3174,2.309435
54.78,2.29941,2.30572,2.302565
54.79,2.2948,2.30838,2.30159
54.8,2.2942,2.31459,2.304395
54.81,2.30615,2.306,2.306075
54.82,2.30138,2.31603,2.308705
54.83,2.29689,2.31478,2.305835
54.84,2.30271,2.31014,2.306425
54.85,2.30283,2.30896,2.305895
54.86,2.29784,2.31067,2.304255
54.87,2.29325,2.31642,2.304835
54.88,2.30314,2.32373,2.313435
54.89,2.30026,2.31587,2.308065
54.9,2.30008,2.30863,2.304355
54.91,2.29261,2.31493,2.30377
54.92,2.2932,2.31705,2.305125
54.93,2.29452,2.31276,2.30364
54.94,2.29644,2.32628,2.31136
54.95,2.29057,2.31683,2.3037
54.96,2.29542,2.3182,2.30681
54.97,2.29238,2.32088,2.30663
54.98,2.29616,2.31946,2.30781
54.99,2.29708,2.3092,2.30314
55,2.2994,2.30945,2.304425
55.01,2.29796,2.30135,2.299655
55.02,2.30033,2.31976,2.310045
55.03,2.29893,2.30748,2.303205
55.04,2.29545,2.3149,2.305175
55.05,2.29313,2.31936,2.306245
55.06,2.3041,2.31333,2.308715
55.07,2.3003,2.32411,2.312205
55.08,2.29971,2.31707,2.30839
55.09,2.30147,2.31445,2.30796
55.1,2.30241,2.31879,2.3106
55.11,2.30415,2.32476,2.314455
55.12,2.29579,2.32712,2.311455
55.13,2.29701,2.31943,2.30822
55.14,2.29441,2.31933,2.30687
55.15,2.29138,2.31556,2.30347
55.16,2.30433,2.31281,2.30857
55.17,2.3054,2.31803,2.311715
55.18,2.29998,2.31815,2.309065
55.19,2.30738,2.32029,2.313835
55.2,2.30181,2.32751,2.31466
55.21,2.29739,2.32728,2.312335
55.22,2.30043,2.32625,2.31334
55.23,2.29463,2.32314,2.308885
55.24,2.29498,2.32168,2.30833
55.25,2.29334,2.32211,2.307725
55.26,2.29222,2.32528,2.30875
55.27,2.30151,2.33162,2.316565
55.28,2.30274,2.3231,2.31292
55.29,2.31126,2.33343,2.322345
55.3,2.30574,2.32786,2.3168
55.31,2.30061,2.33667,2.31864
55.32,2.29466,2.33096,2.31281
55.33,2.29672,2.3377,2.31721
55.34,2.29421,2.32719,2.3107
55.35,2.30271,2.32395,2.31333
55.36,2.30076,2.31971,2.310235
55.37,2.30133,2.3184,2.309865
55.38,2.30523,2.31963,2.31243
55.39,2.30378,2.31169,2.307735
55.4,2.30353,2.31745,2.31049
55.41,2.30705,2.32023,2.31364
55.42,2.31239,2.32727,2.31983
55.43,2.31025,2.31357,2.31191
55.44,2.31263,2.31117,2.3119
55.45,2.30574,2.30629,2.306015
55.46,2.30317,2.31168,2.307425
55.47,2.30436,2.30912,2.30674
55.48,2.30526,2.31088,2.30807
55.49,2.29657,2.31607,2.30632
55.5,2.29743,2.31663,2.30703
55.51,2.30406,2.31658,2.31032
55.52,2.29948,2.31516,2.30732
55.53,2.30848,2.31666,2.31257
55.54,2.30086,2.32213,2.311495
55.55,2.29992,2.32413,2.312025
55.56,2.30652,2.32011,2.313315
55.57,2.29801,2.3257,2.311855
55.58,2.29788,2.31792,2.3079
55.59,2.29287,2.31621,2.30454
55.6,2.29434,2.31387,2.304105
55.61,2.30133,2.3243,2.312815
55.62,2.29577,2.31393,2.30485
55.63,2.30166,2.32946,2.31556
55.64,2.31034,2.31184,2.31109
55.65,2.30053,2.30902,2.304775
55.66,2.29687,2.31065,2.30376
55.67,2.29415,2.32516,2.309655
55.68,2.30472,2.31924,2.31198
55.69,2.30601,2.32473,2.31537
55.7,2.30252,2.32447,2.313495
55.71,2.29918,2.32187,2.310525
55.72,2.30263,2.31122,2.306925
55.73,2.29258,2.3175,2.30504
55.74,2.30365,2.31149,2.30757
55.75,2.29752,2.3096,2.30356
55.76,2.29646,2.31262,2.30454
55.77,2.29859,2.32102,2.309805
55.78,2.29131,2.31237,2.30184
55.79,2.29417,2.31837,2.30627
55.8,2.29176,2.31853,2.305145
55.81,2.29637,2.31509,2.30573
55.82,2.2978,2.31528,2.30654
55.83,2.30239,2.32331,2.31285
55.84,2.30236,2.32556,2.31396
55.85,2.29951,2.31603,2.30777
55.86,2.2988,2.31245,2.305625
55.87,2.30324,2.31683,2.310035
55.88,2.30429,2.31741,2.31085
55.89,2.30415,2.31932,2.311735
55.9,2.30355,2.31529,2.30942
55.91,2.30191,2.31781,2.30986
55.92,2.29714,2.31144,2.30429
55.93,2.30531,2.32427,2.31479
55.94,2.30836,2.32707,2.317715
55.95,2.30868,2.31858,2.31363
55.96,2.31261,2.31369,2.31315
55.97,2.30634,2.31655,2.311445
55.98,2.30171,2.31241,2.30706
55.99,2.30396,2.30981,2.306885
56,2.3066,2.31943,2.313015
56.01,2.30295,2.31183,2.30739
56.02,2.30681,2.30906,2.307935
56.03,2.30222,2.30893,2.305575
56.04,2.30833,2.30699,2.30766
56.05,2.30184,2.31696,2.3094
56.06,2.30476,2.30896,2.30686
56.07,2.30733,2.32119,2.31426
56.08,2.30825,2.31639,2.31232
56.09,2.31238,2.30987,2.311125
56.1,2.30406,2.30383,2.303945
56.11,2.30964,2.31208,2.31086
56.12,2.29896,2.30977,2.304365
56.13,2.30108,2.31028,2.30568
56.14,2.30157,2.31303,2.3073
56.15,2.30341,2.31823,2.31082
56.16,2.30633,2.30575,2.30604
56.17,2.30849,2.3061,2.307295
56.18,2.30782,2.31228,2.31005
56.19,2.30363,2.31728,2.310455
56.2,2.3023,2.3151,2.3087
56.21,2.31374,2.31953,2.316635
56.22,2.31227,2.31106,2.311665
56.23,2.30515,2.3098,2.307475
56.24,2.29808,2.31803,2.308055
56.25,2.31045,2.31837,2.31441
56.26,2.31238,2.30894,2.31066
56.27,2.31004,2.31092,2.31048
56.28,2.31298,2.31204,2.31251
56.29,2.31095,2.3078,2.309375
56.3,2.29919,2.30523,2.30221
56.31,2.30414,2.30534,2.30474
56.32,2.30477,2.31062,2.307695
56.33,2.30594,2.30998,2.30796
56.34,2.30634,2.31149,2.308915
56.35,2.30426,2.31084,2.30755
56.36,2.31545,2.30826,2.311855
56.37,2.31373,2.3119,2.312815
56.38,2.30057,2.31614,2.308355
56.39,2.30238,2.31813,2.310255
56.4,2.29872,2.31487,2.306795
56.41,2.30541,2.31038,2.307895
56.42,2.30464,2.32746,2.31605
56.43,2.30938,2.31752,2.31345
56.44,2.30629,2.31948,2.312885
56.45,2.31113,2.31984,2.315485
56.46,2.30882,2.32566,2.31724
56.47,2.30709,2.32534,2.316215
56.48,2.30501,2.3169,2.310955
56.49,2.30993,2.31307,2.3115
56.5,2.30153,2.31987,2.3107
56.51,2.30236,2.30926,2.30581
56.52,2.3112,2.31349,2.312345
56.53,2.30513,2.31852,2.311825
56.54,2.30285,2.31572,2.309285
56.55,2.29883,2.31179,2.30531
56.56,2.29075,2.31985,2.3053
56.57,2.30333,2.31477,2.30905
56.58,2.30024,2.31858,2.30941
56.59,2.30001,2.30858,2.304295
56.6,2.29698,2.3116,2.30429
56.61,2.29536,2.31853,2.306945
56.62,2.29314,2.31451,2.303825
56.63,2.29334,2.3098,2.30157
56.64,2.29888,2.31024,2.30456
56.65,2.30115,2.31276,2.306955
56.66,2.29807,2.30457,2.30132
56.67,2.30064,2.32063,2.310635
56.68,2.29388,2.3103,2.30209
56.69,2.29044,2.3173,2.30387
56.7,2.29392,2.31348,2.3037
56.71,2.30348,2.32082,2.31215
56.72,2.29146,2.31654,2.304
56.73,2.29676,2.31424,2.3055
56.74,2.30465,2.31513,2.30989
56.75,2.30182,2.31871,2.310265
56.76,2.30628,2.31954,2.31291
56.77,2.29433,2.32245,2.30839
56.78,2.29736,2.31451,2.305935
56.79,2.30261,2.32362,2.313115
56.8,2.29914,2.32691,2.313025
56.81,2.30241,2.32321,2.31281
56.82,2.30586,2.31484,2.31035
56.83,2.30375,2.32485,2.3143
56.84,2.30407,2.31734,2.310705
56.85,2.29983,2.31191,2.30587
56.86,2.30274,2.31238,2.30756
56.87,2.30431,2.32344,2.313875
56.88,2.29357,2.3228,2.308185
56.89,2.30333,2.31663,2.30998
56.9,2.30051,2.32414,2.312325
56.91,2.29834,2.32131,2.309825
56.92,2.29991,2.32152,2.310715
56.93,2.29366,2.31706,2.30536
56.94,2.31051,2.32352,2.317015
56.95,2.30887,2.31776,2.313315
56.96,2.31277,2.3101,2.311435
56.97,2.30295,2.32232,2.312635
56.98,2.30109,2.32041,2.31075
56.99,2.29946,2.32549,2.312475
57,2.30858,2.316,2.31229
57.01,2.29942,2.3179,2.30866
57.02,2.30269,2.32275,2.31272
57.03,2.30294,2.31671,2.309825
57.04,2.30722,2.31665,2.311935
57.05,2.30205,2.30756,2.304805
57.06,2.30926,2.31608,2.31267
57.07,2.3027,2.31619,2.309445
57.08,2.30158,2.32018,2.31088
57.09,2.30714,2.30971,2.308425
57.1,2.29425,2.31715,2.3057
57.11,2.30084,2.32074,2.31079
57.12,2.29969,2.31742,2.308555
57.13,2.29973,2.31783,2.30878
57.14,2.29431,2.31465,2.30448
57.15,2.299,2.32153,2.310265
57.16,2.29521,2.31647,2.30584
57.17,2.30263,2.30671,2.30467
57.18,2.29285,2.32101,2.30693
57.19,2.29106,2.32662,2.30884
57.2,2.29967,2.31921,2.30944
57.21,2.30076,2.32287,2.311815
57.22,2.29413,2.32335,2.30874
57.23,2.29577,2.32783,2.3118
57.24,2.30406,2.32089,2.312475
57.25,2.29679,2.31596,2.306375
57.26,2.30178,2.31947,2.310625
57.27,2.29558,2.32242,2.309
57.28,2.29603,2.32402,2.310025
57.29,2.30046,2.31995,2.310205
57.3,2.30221,2.32203,2.31212
57.31,2.2993,2.32373,2.311515
57.32,2.304,2.33255,2.318275
57.33,2.30168,2.32211,2.311895
57.34,2.30757,2.32447,2.31602
57.35,2.29677,2.3218,2.309285
57.36,2.30205,2.32044,2.311245
57.37,2.29595,2.32551,2.31073
57.38,2.30196,2.31934,2.31065
57.39,2.29599,2.32237,2.30918
57.4,2.29485,2.31009,2.30247
57.41,2.29572,2.31796,2.30684
57.42,2.29467,2.30986,2.302265
57.43,2.29877,2.31967,2.30922
57.44,2.30077,2.31662,2.308695
57.45,2.30183,2.31391,2.30787
57.46,2.29849,2.32182,2.310155
57.47,2.30079,2.3249,2.312845
57.48,2.29949,2.31808,2.308785
57.49,2.30456,2.32006,2.31231
57.5,2.29956,2.32226,2.31091
57.51,2.30118,2.32282,2.312
57.52,2.30467,2.31595,2.31031
57.53,2.30239,2.32094,2.311665
57.54,2.29598,2.32437,2.310175
57.55,2.29802,2.3311,2.31456
57.56,2.29939,2.32096,2.310175
57.57,2.29084,2.31531,2.303075
57.58,2.29331,2.33067,2.31199
57.59,2.306,2.32489,2.315445
57.6,2.30021,2.32121,2.31071
57.61,2.29399,2.3179,2.305945
57.62,2.29876,2.31969,2.309225
57.63,2.29607,2.32213,2.3091
57.64,2.29896,2.31824,2.3086
57.65,2.2962,2.33293,2.314565
57.66,2.2954,2.31822,2.30681
57.67,2.29559,2.32173,2.30866
57.68,2.29301,2.32499,2.309
57.69,2.30438,2.33606,2.32022
57.7,2.29668,2.31445,2.305565
57.71,2.29576,2.32465,2.310205
57.72,2.30396,2.33218,2.31807
57.73,2.30777,2.32266,2.315215
57.74,2.30267,2.3338,2.318235
57.75,2.30598,2.31857,2.312275
57.76,2.29816,2.322,2.31008
57.77,2.3103,2.3201,2.3152
57.78,2.30389,2.32427,2.31408
57.79,2.30498,2.33332,2.31915
57.8,2.30335,2.32118,2.312265
57.81,2.30601,2.31795,2.31198
57.82,2.31136,2.32931,2.320335
57.83,2.30111,2.31185,2.30648
57.84,2.30229,2.32293,2.31261
57.85,2.29972,2.31578,2.30775
57.86,2.29855,2.31783,2.30819
57.87,2.30649,2.32098,2.313735
57.88,2.30712,2.31841,2.312765
57.89,2.30251,2.31973,2.31112
57.9,2.30348,2.3127,2.30809
57.91,2.29332,2.3171,2.30521
57.92,2.28615,2.31757,2.30186
57.93,2.28789,2.31734,2.302615
57.94,2.2958,2.3286,2.3122
57.95,2.29,2.31192,2.30096
57.96,2.29218,2.31214,2.30216
57.97,2.29478,2.32164,2.30821
57.98,2.28993,2.32042,2.305175
57.99,2.29956,2.32146,2.31051
58,2.2971,2.31394,2.30552
58.01,2.29698,2.30641,2.301695
58.02,2.29335,2.32153,2.30744
58.03,2.29659,2.32014,2.308365
58.04,2.2976,2.32193,2.309765
58.05,2.30151,2.3192,2.310355
58.06,2.29496,2.32251,2.308735
58.07,2.29679,2.31638,2.306585
58.08,2.29437,2.31578,2.305075
58.09,2.30012,2.31699,2.308555
58.1,2.29328,2.31414,2.30371
58.11,2.2991,2.31727,2.308185
58.12,2.29844,2.3133,2.30587
58.13,2.29804,2.31642,2.30723
58.14,2.30052,2.31206,2.30629
58.15,2.29693,2.30408,2.300505
58.16,2.30367,2.30631,2.30499
58.17,2.30431,2.30493,2.30462
58.18,2.2999,2.30748,2.30369
58.19,2.29766,2.30765,2.302655
58.2,2.30406,2.30377,2.303915
58.21,2.29977,2.31455,2.30716
58.22,2.30244,2.29804,2.30024
58.23,2.30029,2.3028,2.301545
58.24,2.3049,2.29559,2.300245
58.25,2.30132,2.31384,2.30758
58.26,2.30135,2.29928,2.300315
58.27,2.3035,2.31381,2.308655
58.28,2.29834,2.30375,2.301045
58.29,2.30421,2.30685,2.30553
58.3,2.29987,2.30209,2.30098
58.31,2.3073,2.3103,2.3088
58.32,2.30291,2.31072,2.306815
58.33,2.30143,2.30803,2.30473
58.34,2.29735,2.30985,2.3036
58.35,2.30307,2.30042,2.301745
58.36,2.3079,2.30515,2.306525
58.37,2.30723,2.30716,2.307195
58.38,2.31061,2.30859,2.3096
58.39,2.30589,2.31264,2.309265
58.4,2.30044,2.30191,2.301175
58.41,2.30227,2.31265,2.30746
58.42,2.30615,2.30496,2.305555
58.43,2.30934,2.31466,2.312
58.44,2.30461,2.31092,2.307765
58.45,2.30564,2.32003,2.312835
58.46,2.30779,2.30948,2.308635
58.47,2.30828,2.31916,2.31372
58.48,2.30935,2.30528,2.307315
58.49,2.30979,2.30974,2.309765
58.5,2.31375,2.30864,2.311195
58.51,2.31871,2.3096,2.314155
58.52,2.30316,2.30471,2.303935
58.53,2.30561,2.31478,2.310195
58.54,2.30159,2.31173,2.30666
58.55,2.30965,2.3103,2.309975
58.56,2.30843,2.31324,2.310835
58.57,2.30668,2.31383,2.310255
58.58,2.30203,2.31231,2.30717
58.59,2.30054,2.32444,2.31249
58.6,2.29661,2.3104,2.303505
58.61,2.2999,2.31092,2.30541
58.62,2.30308,2.3143,2.30869
58.63,2.29863,2.31499,2.30681
58.64,2.29623,2.31457,2.3054
58.65,2.29709,2.31323,2.30516
58.66,2.30437,2.31414,2.309255
58.67,2.30031,2.29672,2.298515
58.68,2.30333,2.30275,2.30304
58.69,2.30557,2.3069,2.306235
58.7,2.30458,2.30611,2.305345
58.71,2.30714,2.30374,2.30544
58.72,2.3004,2.32645,2.313425
58.73,2.29788,2.31337,2.305625
58.74,2.30701,2.30513,2.30607
58.75,2.29954,2.30814,2.30384
58.76,2.29803,2.31335,2.30569
58.77,2.30237,2.30526,2.303815
58.78,2.30136,2.31231,2.306835
58.79,2.30155,2.31175,2.30665
58.8,2.29838,2.31992,2.30915
58.81,2.3096,2.32853,2.319065
58.82,2.30698,2.3093,2.30814
58.83,2.30276,2.31113,2.306945
58.84,2.30838,2.31052,2.30945
58.85,2.29849,2.30719,2.30284
58.86,2.3013,2.29667,2.298985
58.87,2.30322,2.30345,2.303335
58.88,2.30085,2.30736,2.304105
58.89,2.29555,2.30851,2.30203
58.9,2.30423,2.30234,2.303285
58.91,2.30744,2.31593,2.311685
58.92,2.29943,2.31134,2.305385
58.93,2.29833,2.30761,2.30297
58.94,2.29697,2.31321,2.30509
58.95,2.29921,2.30821,2.30371
58.96,2.29798,2.31434,2.30616
58.97,2.29465,2.30265,2.29865
58.98,2.30709,2.30558,2.306335
58.99,2.30456,2.30867,2.306615
59,2.30445,2.31164,2.308045
59.01,2.29851,2.30388,2.301195
59.02,2.31106,2.29792,2.30449
59.03,2.3025,2.30737,2.304935
59.04,2.2993,2.30444,2.30187
59.05,2.29747,2.30637,2.30192
59.06,2.29589,2.30515,2.30052
59.07,2.30386,2.30657,2.305215
59.08,2.29975,2.30985,2.3048
59.09,2.29811,2.31278,2.305445
59.1,2.3042,2.31026,2.30723
59.11,2.30491,2.30873,2.30682
59.12,2.29895,2.30835,2.30365
59.13,2.30223,2.3062,2.304215
59.14,2.29899,2.30803,2.30351
59.15,2.30057,2.3095,2.305035
59.16,2.30347,2.30587,2.30467
59.17,2.30073,2.30955,2.30514
59.18,2.29642,2.30151,2.298965
59.19,2.30221,2.30245,2.30233
59.2,2.30713,2.31161,2.30937
59.21,2.30499,2.31015,2.30757
59.22,2.29706,2.30151,2.299285
59.23,2.30304,2.29769,2.300365
59.24,2.31003,2.29964,2.304835
59.25,2.29365,2.29237,2.29301
59.26,2.30513,2.30155,2.30334
59.27,2.29747,2.31298,2.305225
59.28,2.28963,2.31403,2.30183
59.29,2.29164,2.29661,2.294125
59.3,2.30389,2.29943,2.30166
59.31,2.29677,2.30528,2.301025
59.32,2.29535,2.31102,2.303185
59.33,2.2947,2.30675,2.300725
59.34,2.29392,2.3017,2.29781
59.35,2.29179,2.30604,2.298915
59.36,2.28994,2.30323,2.296585
59.37,2.29814,2.30541,2.301775
59.38,2.30021,2.30935,2.30478
59.39,2.30003,2.30727,2.30365
59.4,2.29662,2.30382,2.30022
59.41,2.29519,2.30805,2.30162
59.42,2.29935,2.30464,2.301995
59.43,2.29616,2.3078,2.30198
59.44,2.29998,2.29919,2.299585
59.45,2.29306,2.29645,2.294755
59.46,2.29699,2.29615,2.29657
59.47,2.28852,2.29939,2.293955
59.48,2.3002,2.30376,2.30198
59.49,2.30403,2.3132,2.308615
59.5,2.30082,2.30711,2.303965
59.51,2.29751,2.3078,2.302655
59.52,2.29434,2.30235,2.298345
59.53,2.29646,2.30414,2.3003
59.54,2.29876,2.31187,2.305315
59.55,2.29768,2.30783,2.302755
59.56,2.29909,2.30586,2.302475
59.57,2.29818,2.30697,2.302575
59.58,2.30084,2.3111,2.30597
59.59,2.30293,2.31014,2.306535
59.6,2.30012,2.3091,2.30461
59.61,2.29894,2.30854,2.30374
59.62,2.29627,2.31413,2.3052
59.63,2.29875,2.30556,2.302155
59.64,2.29052,2.31039,2.300455
59.65,2.30007,2.30646,2.303265
59.66,2.2899,2.30452,2.29721
59.67,2.29218,2.30458,2.29838
59.68,2.29077,2.30333,2.29705
59.69,2.29091,2.31021,2.30056
59.7,2.29399,2.30894,2.301465
59.71,2.29453,2.31002,2.302275
59.72,2.29205,2.31167,2.30186
59.73,2.3,2.30896,2.30448
59.74,2.29359,2.31199,2.30279
59.75,2.2948,2.30902,2.30191
59.76,2.29798,2.30763,2.302805
59.77,2.30509,2.30899,2.30704
59.78,2.29895,2.30309,2.30102
59.79,2.2989,2.31344,2.30617
59.8,2.29125,2.30503,2.29814
59.81,2.29094,2.3173,2.30412
59.82,2.29434,2.31357,2.303955
59.83,2.29995,2.31166,2.305805
59.84,2.29972,2.31169,2.305705
59.85,2.30405,2.32463,2.31434
59.86,2.29443,2.31831,2.30637
59.87,2.29248,2.30763,2.300055
59.88,2.29569,2.31487,2.30528
59.89,2.29451,2.32429,2.3094
59.9,2.29206,2.32906,2.31056
59.91,2.30322,2.31511,2.309165
59.92,2.28966,2.3044,2.29703
59.93,2.29248,2.31011,2.301295
59.94,2.29368,2.30686,2.30027
59.95,2.30161,2.30574,2.303675
59.96,2.29493,2.29578,2.295355
59.97,2.28656,2.30038,2.29347
59.98,2.29858,2.29919,2.298885
59.99,2.2908,2.30078,2.29579
60,2.28783,2.3057,2.296765
60.01,2.29184,2.30115,2.296495
60.02,2.2911,2.29728,2.29419
60.03,2.28774,2.3063,2.29702
60.04,2.29124,2.30097,2.296105
60.05,2.28828,2.30314,2.29571
60.06,2.28952,2.30182,2.29567
60.07,2.29883,2.30294,2.300885
60.08,2.29228,2.31093,2.301605
60.09,2.28216,2.3066,2.29438
60.1,2.28257,2.3083,2.295435
60.11,2.28471,2.30289,2.2938
60.12,2.29054,2.30345,2.296995
60.13,2.2925,2.30379,2.298145
60.14,2.29245,2.30751,2.29998
60.15,2.28693,2.2958,2.291365
60.16,2.29051,2.29168,2.291095
60.17,2.28836,2.3,2.29418
60.18,2.28486,2.30101,2.292935
60.19,2.29607,2.30052,2.298295
60.2,2.28944,2.30288,2.29616
60.21,2.29118,2.30534,2.29826
60.22,2.29612,2.29779,2.296955
60.23,2.29821,2.30953,2.30387
60.24,2.29194,2.30773,2.299835
60.25,2.29096,2.30636,2.29866
60.26,2.28629,2.30921,2.29775
60.27,2.28864,2.30294,2.29579
60.28,2.28089,2.31156,2.296225
60.29,2.29559,2.30928,2.302435
60.3,2.29367,2.3106,2.302135
60.31,2.28415,2.30788,2.296015
60.32,2.29024,2.31505,2.302645
60.33,2.29521,2.30851,2.30186
60.34,2.29772,2.30743,2.302575
60.35,2.29592,2.30671,2.301315
60.36,2.29554,2.29957,2.297555
60.37,2.28945,2.29693,2.29319
60.38,2.28845,2.30134,2.294895
60.39,2.29316,2.30968,2.30142
60.4,2.2976,2.30357,2.300585
60.41,2.29089,2.29617,2.29353
60.42,2.29109,2.3017,2.296395
60.43,2.29077,2.305,2.297885
60.44,2.29187,2.30799,2.29993
60.45,2.29713,2.3031,2.300115
60.46,2.29776,2.30964,2.3037
60.47,2.29551,2.30201,2.29876
60.48,2.29881,2.31293,2.30587
60.49,2.29447,2.30512,2.299795
60.5,2.30554,2.30014,2.30284
60.51,2.29915,2.30608,2.302615
60.52,2.29752,2.29851,2.298015
60.53,2.29878,2.29961,2.299195
60.54,2.29056,2.29772,2.29414
60.55,2.30544,2.30178,2.30361
60.56,2.29718,2.29508,2.29613
60.57,2.2996,2.31073,2.305165
60.58,2.29935,2.31221,2.30578
60.59,2.30135,2.30467,2.30301
60.6,2.30023,2.30576,2.302995
60.61,2.29124,2.30954,2.30039
60.62,2.30147,2.30218,2.301825
60.63,2.29356,2.30335,2.298455
60.64,2.29614,2.29811,2.297125
60.65,2.2982,2.29896,2.29858
60.66,2.29252,2.29845,2.295485
60.67,2.28654,2.30573,2.296135
60.68,2.28677,2.30056,2.293665
60.69,2.29035,2.30596,2.298155
60.7,2.28452,2.29419,2.289355
60.71,2.29068,2.30378,2.29723
60.72,2.28591,2.29992,2.292915
60.73,2.29285,2.30909,2.30097
60.74,2.29559,2.29896,2.297275
60.75,2.29762,2.30345,2.300535
60.76,2.29934,2.31161,2.305475
60.77,2.29156,2.30422,2.29789
60.78,2.2957,2.30509,2.300395
60.79,2.30163,2.30242,2.302025
60.8,2.30259,2.30632,2.304455
60.81,2.29586,2.31444,2.30515
60.82,2.28984,2.3143,2.30207
60.83,2.29745,2.31044,2.303945
60.84,2.30035,2.30778,2.304065
60.85,2.29768,2.30143,2.299555
60.86,2.29286,2.29739,2.295125
60.87,2.29408,2.29945,2.296765
60.88,2.2964,2.30922,2.30281
60.89,2.29564,2.30253,2.299085
60.9,2.29478,2.30764,2.30121
60.91,2.29169,2.30878,2.300235
60.92,2.30261,2.30776,2.305185
60.93,2.29659,2.30869,2.30264
60.94,2.30086,2.31121,2.306035
60.95,2.28753,2.29981,2.29367
60.96,2.2954,2.30246,2.29893
60.97,2.2807,2.30313,2.291915
60.98,2.29089,2.29897,2.29493
60.99,2.29171,2.3084,2.300055
61,2.29189,2.30949,2.30069
61.01,2.30048,2.30119,2.300835
61.02,2.28883,2.3078,2.298315
61.03,2.28715,2.30713,2.29714
61.04,2.28545,2.3032,2.294325
61.05,2.29071,2.3102,2.300455
61.06,2.29063,2.30531,2.29797
61.07,2.29055,2.29952,2.295035
61.08,2.29134,2.30123,2.296285
61.09,2.29152,2.30259,2.297055
61.1,2.28676,2.30943,2.298095
61.11,2.28747,2.30623,2.29685
61.12,2.28675,2.30931,2.29803
61.13,2.29546,2.30988,2.30267
61.14,2.30248,2.29667,2.299575
61.15,2.28806,2.31845,2.303255
61.16,2.29195,2.30477,2.29836
61.17,2.29745,2.30151,2.29948
61.18,2.29025,2.30062,2.295435
61.19,2.29187,2.30896,2.300415
61.2,2.28453,2.30435,2.29444
61.21,2.2905,2.29613,2.293315
61.22,2.28818,2.30588,2.29703
61.23,2.29347,2.30454,2.299005
61.24,2.28979,2.30347,2.29663
61.25,2.29171,2.29959,2.29565
61.26,2.28454,2.30874,2.29664
61.27,2.28402,2.30211,2.293065
61.28,2.29101,2.30809,2.29955
61.29,2.29634,2.30494,2.30064
61.3,2.2984,2.30826,2.30333
61.31,2.30063,2.29566,2.298145
61.32,2.29245,2.30298,2.297715
61.33,2.29862,2.30509,2.301855
61.34,2.29874,2.30429,2.301515
61.35,2.30607,2.30608,2.306075
61.36,2.2876,2.31057,2.299085
61.37,2.2943,2.30899,2.301645
61.38,2.2964,2.31817,2.307285
61.39,2.28867,2.31081,2.29974
61.4,2.30122,2.30675,2.303985
61.41,2.3023,2.31647,2.309385
61.42,2.29386,2.30709,2.300475
61.43,2.29488,2.30497,2.299925
61.44,2.30184,2.30334,2.30259
61.45,2.30098,2.3065,2.30374
61.46,2.29587,2.3043,2.300085
61.47,2.29121,2.30466,2.297935
61.48,2.29626,2.30202,2.29914
61.49,2.30376,2.30527,2.304515
61.5,2.30203,2.30397,2.303
61.51,2.29306,2.29953,2.296295
61.52,2.2954,2.29109,2.293245
61.53,2.29168,2.30585,2.298765
61.54,2.29541,2.31505,2.30523
61.55,2.29564,2.3059,2.30077
61.56,2.30396,2.31086,2.30741
61.57,2.29793,2.31409,2.30601
61.58,2.30041,2.30688,2.303645
61.59,2.29912,2.30834,2.30373
61.6,2.298,2.30686,2.30243
61.61,2.30175,2.30705,2.3044
61.62,2.29869,2.30575,2.30222
61.63,2.29685,2.30458,2.300715
61.64,2.30121,2.30739,2.3043
61.65,2.30209,2.30706,2.304575
61.66,2.29903,2.30758,2.303305
61.67,2.2901,2.30171,2.295905
61.68,2.29808,2.3047,2.30139
61.69,2.29913,2.30434,2.301735
61.7,2.29796,2.31115,2.304555
61.71,2.30091,2.31304,2.306975
61.72,2.29998,2.31422,2.3071
61.73,2.29443,2.31318,2.303805
61.74,2.29928,2.30816,2.30372
61.75,2.30098,2.29314,2.29706
61.76,2.2968,2.31767,2.307235
61.77,2.30028,2.30249,2.301385
61.78,2.29698,2.30649,2.301735
61.79,2.29131,2.30393,2.29762
61.8,2.29591,2.30852,2.302215
61.81,2.29813,2.30584,2.301985
61.82,2.29703,2.30822,2.302625
61.83,2.2995,2.30957,2.304535
61.84,2.30279,2.29937,2.30108
61.85,2.29179,2.30104,2.296415
61.86,2.30215,2.30136,2.301755
61.87,2.2994,2.30836,2.30388
61.88,2.29512,2.30576,2.30044
61.89,2.30751,2.30643,2.30697
61.9,2.30698,2.31046,2.30872
61.91,2.30801,2.30472,2.306365
61.92,2.31452,2.30691,2.310715
61.93,2.30102,2.31064,2.30583
61.94,2.30214,2.31164,2.30689
61.95,2.30709,2.30864,2.307865
61.96,2.30482,2.31085,2.307835
61.97,2.30922,2.30235,2.305785
61.98,2.30641,2.30932,2.307865
61.99,2.30606,2.31281,2.309435
62,2.30065,2.31517,2.30791
62.01,2.31262,2.31098,2.3118
62.02,2.3057,2.31373,2.309715
62.03,2.30952,2.31156,2.31054
62.04,2.3091,2.30499,2.307045
62.05,2.30271,2.30712,2.304915
62.06,2.30455,2.31233,2.30844
62.07,2.29894,2.31043,2.304685
62.08,2.30022,2.31424,2.30723
62.09,2.30067,2.3058,2.303235
62.1,2.29926,2.30186,2.30056
62.11,2.29698,2.3033,2.30014
62.12,2.29704,2.3086,2.30282
62.13,2.29991,2.31301,2.30646
62.14,2.30158,2.31357,2.307575
62.15,2.29361,2.30593,2.29977
62.16,2.29451,2.30378,2.299145
62.17,2.30268,2.30542,2.30405
62.18,2.29744,2.31204,2.30474
62.19,2.29687,2.30995,2.30341
62.2,2.2971,2.3128,2.30495
62.21,2.29605,2.30035,2.2982
62.22,2.30058,2.30734,2.30396
62.23,2.2983,2.30291,2.300605
62.24,2.29633,2.30674,2.301535
62.25,2.29423,2.30446,2.299345
62.26,2.29444,2.31634,2.30539
62.27,2.30055,2.30761,2.30408
62.28,2.30492,2.30226,2.30359
62.29,2.29771,2.30443,2.30107
62.3,2.29509,2.29911,2.2971
62.31,2.29943,2.30292,2.301175
62.32,2.29662,2.30403,2.300325
62.33,2.30479,2.30557,2.30518
62.34,2.3054,2.30407,2.304735
62.35,2.30492,2.3043,2.30461
62.36,2.29887,2.29514,2.297005
62.37,2.2981,2.30025,2.299175
62.38,2.29737,2.29676,2.297065
62.39,2.29789,2.30417,2.30103
62.4,2.30925,2.30327,2.30626
62.41,2.30658,2.31281,2.309695
62.42,2.30415,2.30399,2.30407
62.43,2.30007,2.31066,2.305365
62.44,2.30665,2.31674,2.311695
62.45,2.2921,2.3102,2.30115
62.46,2.30444,2.30821,2.306325
62.47,2.30441,2.30258,2.303495
62.48,2.31252,2.30031,2.306415
62.49,2.30985,2.29647,2.30316
62.5,2.30359,2.30265,2.30312
62.51,2.30343,2.29811,2.30077
62.52,2.30628,2.30475,2.305515
62.53,2.30711,2.30449,2.3058
62.54,2.30826,2.30141,2.304835
62.55,2.30314,2.30791,2.305525
62.56,2.31025,2.3086,2.309425
62.57,2.30304,2.30347,2.303255
62.58,2.30372,2.30517,2.304445
62.59,2.29331,2.3126,2.302955
62.6,2.30178,2.30896,2.30537
62.61,2.30085,2.29623,2.29854
62.62,2.3165,2.30524,2.31087
62.63,2.30298,2.30712,2.30505
62.64,2.29409,2.30339,2.29874
62.65,2.29902,2.30624,2.30263
62.66,2.30788,2.30541,2.306645
62.67,2.29713,2.29533,2.29623
62.68,2.30681,2.29653,2.30167
62.69,2.30485,2.3034,2.304125
62.7,2.30077,2.31734,2.309055
62.71,2.30039,2.3103,2.305345
62.72,2.30392,2.30583,2.304875
62.73,2.30716,2.31841,2.312785
62.74,2.30369,2.30483,2.30426
62.75,2.30315,2.30753,2.30534
62.76,2.2985,2.30389,2.301195
62.77,2.30639,2.31952,2.312955
62.78,2.30314,2.31292,2.30803
62.79,2.29867,2.30794,2.303305
62.8,2.30665,2.3098,2.308225
62.81,2.29737,2.31365,2.30551
62.82,2.30332,2.31315,2.308235
62.83,2.299,2.30975,2.304375
62.84,2.30619,2.30364,2.304915
62.85,2.30374,2.30659,2.305165
62.86,2.30414,2.30725,2.305695
62.87,2.2966,2.3,2.2983
62.88,2.30602,2.31141,2.308715
62.89,2.29852,2.31092,2.30472
62.9,2.30111,2.31032,2.305715
62.91,2.29969,2.29923,2.29946
62.92,2.294,2.30263,2.298315
62.93,2.29914,2.29532,2.29723
62.94,2.29976,2.31169,2.305725
62.95,2.30265,2.30558,2.304115
62.96,2.30426,2.3054,2.30483
62.97,2.30362,2.29959,2.301605
62.98,2.3045,2.30122,2.30286
62.99,2.30038,2.3099,2.30514
63,2.30685,2.30901,2.30793
63.01,2.30248,2.31074,2.30661
63.02,2.29867,2.3156,2.307135
63.03,2.29869,2.31333,2.30601
63.04,2.30247,2.30293,2.3027
63.05,2.30399,2.30788,2.305935
63.06,2.29933,2.31292,2.306125
63.07,2.29635,2.30888,2.302615
63.08,2.30221,2.3081,2.305155
63.09,2.2999,2.30246,2.30118
63.1,2.3015,2.30757,2.304535
63.11,2.3056,2.30181,2.303705
63.12,2.30342,2.31004,2.30673
63.13,2.30311,2.29915,2.30113
63.14,2.29632,2.30662,2.30147
63.15,2.30793,2.30915,2.30854
63.16,2.31079,2.30919,2.30999
63.17,2.30144,2.31581,2.308625
63.18,2.30468,2.31536,2.31002
63.19,2.30558,2.3024,2.30399
63.2,2.30279,2.30643,2.30461
63.21,2.30026,2.30918,2.30472
63.22,2.29829,2.31228,2.305285
63.23,2.30877,2.31026,2.309515
63.24,2.30659,2.31047,2.30853
63.25,2.29901,2.3116,2.305305
63.26,2.29968,2.31717,2.308425
63.27,2.30476,2.31192,2.30834
63.28,2.30435,2.3226,2.313475
63.29,2.29908,2.31399,2.306535
63.3,2.31041,2.31547,2.31294
63.31,2.30263,2.32588,2.314255
63.32,2.31044,2.31538,2.31291
63.33,2.30277,2.31855,2.31066
63.34,2.30415,2.32407,2.31411
63.35,2.29468,2.32087,2.307775
63.36,2.30444,2.32084,2.31264
63.37,2.29478,2.32381,2.309295
63.38,2.302,2.33157,2.316785
63.39,2.30364,2.31401,2.308825
63.4,2.30436,2.31902,2.31169
63.41,2.30767,2.31775,2.31271
63.42,2.30558,2.31703,2.311305
63.43,2.30814,2.31783,2.312985
63.44,2.30033,2.3213,2.310815
63.45,2.30111,2.31196,2.306535
63.46,2.29918,2.3188,2.30899
63.47,2.30114,2.31539,2.308265
63.48,2.30809,2.31452,2.311305
63.49,2.30055,2.31337,2.30696
63.5,2.29999,2.31391,2.30695
63.51,2.29694,2.31578,2.30636
63.52,2.30227,2.31274,2.307505
63.53,2.29954,2.32135,2.310445
63.54,2.30138,2.3101,2.30574
63.55,2.30637,2.30776,2.307065
63.56,2.30679,2.31161,2.3092
63.57,2.29757,2.30929,2.30343
63.58,2.29799,2.30875,2.30337
63.59,2.29984,2.31338,2.30661
63.6,2.30409,2.31933,2.31171
63.61,2.30428,2.31725,2.310765
63.62,2.30468,2.30621,2.305445
63.63,2.31543,2.30584,2.310635
63.64,2.30183,2.30584,2.303835
63.65,2.29628,2.30241,2.299345
63.66,2.3095,2.30064,2.30507
63.67,2.30882,2.30567,2.307245
63.68,2.31035,2.31029,2.31032
63.69,2.30102,2.30465,2.302835
63.7,2.30179,2.30688,2.304335
63.71,2.3014,2.30691,2.304155
63.72,2.30387,2.30204,2.302955
63.73,2.30396,2.30411,2.304035
63.74,2.3096,2.31464,2.31212
63.75,2.30552,2.30452,2.30502
63.76,2.30618,2.30468,2.30543
63.77,2.29964,2.308,2.30382
63.78,2.29651,2.30851,2.30251
63.79,2.29393,2.31015,2.30204
63.8,2.29558,2.31969,2.307635
63.81,2.30184,2.31257,2.307205
63.82,2.29811,2.30246,2.300285
63.83,2.29315,2.30789,2.30052
63.84,2.29419,2.30421,2.2992
63.85,2.30116,2.30846,2.30481
63.86,2.2999,2.30958,2.30474
63.87,2.2986,2.31125,2.304925
63.88,2.29469,2.30426,2.299475
63.89,2.29403,2.30042,2.297225
63.9,2.29961,2.30735,2.30348
63.91,2.30802,2.30439,2.306205
63.92,2.28954,2.31574,2.30264
63.93,2.29775,2.29854,2.298145
63.94,2.30048,2.30359,2.302035
63.95,2.2981,2.30508,2.30159
63.96,2.29865,2.30286,2.300755
63.97,2.29608,2.31456,2.30532
63.98,2.28954,2.30504,2.29729
63.99,2.30069,2.30328,2.301985
64,2.29995,2.30601,2.30298
64.01,2.30473,2.31407,2.3094
64.02,2.29452,2.30057,2.297545
64.03,2.29804,2.30427,2.301155
64.04,2.29915,2.30551,2.30233
64.05,2.29827,2.30268,2.300475
64.06,2.29433,2.30816,2.301245
64.07,2.29656,2.30878,2.30267
64.08,2.29724,2.30468,2.30096
64.09,2.29385,2.31094,2.302395
64.1,2.28907,2.30627,2.29767
64.11,2.29251,2.30187,2.29719
64.12,2.30071,2.30179,2.30125
64.13,2.29876,2.30775,2.303255
64.14,2.30919,2.30688,2.308035
64.15,2.29666,2.30789,2.302275
64.16,2.29276,2.31158,2.30217
64.17,2.29766,2.30657,2.302115
64.18,2.30129,2.31888,2.310085
64.19,2.29276,2.3104,2.30158
64.2,2.287,2.31289,2.299945
64.21,2.29502,2.30838,2.3017
64.22,2.29675,2.30861,2.30268
64.23,2.2949,2.30414,2.29952
64.24,2.28916,2.30871,2.298935
64.25,2.29639,2.30955,2.30297
64.26,2.29583,2.31238,2.304105
64.27,2.29716,2.30757,2.302365
64.28,2.29352,2.31109,2.302305
64.29,2.28728,2.31178,2.29953
64.3,2.29763,2.31083,2.30423
64.31,2.29717,2.31666,2.306915
64.32,2.29949,2.31326,2.306375
64.33,2.30275,2.31723,2.30999
64.34,2.2957,2.31175,2.303725
64.35,2.29758,2.30062,2.2991
64.36,2.30319,2.31317,2.30818
64.37,2.30298,2.31673,2.309855
64.38,2.30363,2.30498,2.304305
64.39,2.30295,2.30823,2.30559
64.4,2.30682,2.31574,2.31128
64.41,2.29603,2.32493,2.31048
64.42,2.29612,2.32348,2.3098
64.43,2.30056,2.31749,2.309025
64.44,2.2922,2.32271,2.307455
64.45,2.29556,2.31558,2.30557
64.46,2.29885,2.31293,2.30589
64.47,2.29624,2.32006,2.30815
64.48,2.30052,2.31214,2.30633
64.49,2.29467,2.31358,2.304125
64.5,2.29178,2.30569,2.298735
64.51,2.29827,2.31211,2.30519
64.52,2.29707,2.30612,2.301595
64.53,2.29601,2.30966,2.302835
64.54,2.29888,2.31134,2.30511
64.55,2.30273,2.31139,2.30706
64.56,2.2932,2.30977,2.301485
64.57,2.29775,2.30995,2.30385
64.58,2.29906,2.31232,2.30569
64.59,2.29991,2.31032,2.305115
64.6,2.30269,2.30474,2.303715
64.61,2.29879,2.30509,2.30194
64.62,2.29768,2.30552,2.3016
64.63,2.31284,2.30615,2.309495
64.64,2.31178,2.30822,2.31
64.65,2.29973,2.30928,2.304505
64.66,2.29886,2.30797,2.303415
64.67,2.3078,2.30572,2.30676
64.68,2.31042,2.30393,2.307175
64.69,2.3079,2.30388,2.30589
64.7,2.30372,2.309,2.30636
64.71,2.31139,2.31005,2.31072
64.72,2.3113,2.31242,2.31186
64.73,2.30971,2.3077,2.308705
64.74,2.30326,2.31915,2.311205
64.75,2.30819,2.3141,2.311145
64.76,2.30484,2.31236,2.3086
64.77,2.29984,2.31898,2.30941
64.78,2.29537,2.31977,2.30757
64.79,2.30101,2.31922,2.310115
64.8,2.29068,2.3156,2.30314
64.81,2.30637,2.30756,2.306965
64.82,2.30296,2.31457,2.308765
64.83,2.29987,2.31441,2.30714
64.84,2.30083,2.32032,2.310575
64.85,2.29257,2.31083,2.3017
64.86,2.30643,2.31852,2.312475
64.87,2.30011,2.31705,2.30858
64.88,2.29438,2.3159,2.30514
64.89,2.30069,2.31556,2.308125
64.9,2.29734,2.30844,2.30289
64.91,2.30047,2.30076,2.300615
64.92,2.30398,2.31454,2.30926
64.93,2.3076,2.31482,2.31121
64.94,2.3081,2.30568,2.30689
64.95,2.30888,2.30971,2.309295
64.96,2.30372,2.31339,2.308555
64.97,2.30751,2.3038,2.305655
64.98,2.31293,2.3043,2.308615
64.99,2.31156,2.30758,2.30957
65,2.30077,2.30584,2.303305
65.01,2.3077,2.31108,2.30939
65.02,2.3009,2.30724,2.30407
65.03,2.30884,2.3019,2.30537
65.04,2.30517,2.31197,2.30857
65.05,2.30487,2.31031,2.30759
65.06,2.30376,2.30564,2.3047
65.07,2.30152,2.30639,2.303955
65.08,2.30164,2.30779,2.304715
65.09,2.30667,2.30684,2.306755
65.1,2.30252,2.3052,2.30386
65.11,2.29812,2.30492,2.30152
65.12,2.30005,2.29949,2.29977
65.13,2.30456,2.30797,2.306265
65.14,2.30678,2.30496,2.30587
65.15,2.31048,2.30774,2.30911
65.16,2.31175,2.30217,2.30696
65.17,2.30144,2.31092,2.30618
65.18,2.30437,2.303,2.303685
65.19,2.29955,2.30338,2.301465
65.2,2.29828,2.30469,2.301485
65.21,2.30873,2.30063,2.30468
65.22,2.30271,2.30193,2.30232
65.23,2.30816,2.31002,2.30909
65.24,2.30512,2.30014,2.30263
65.25,2.30947,2.30077,2.30512
65.26,2.30286,2.29606,2.29946
65.27,2.30899,2.30292,2.305955
65.28,2.29904,2.30893,2.303985
65.29,2.30702,2.30934,2.30818
65.3,2.30513,2.31058,2.307855
65.31,2.30939,2.30675,2.30807
65.32,2.30328,2.30706,2.30517
65.33,2.30532,2.30994,2.30763
65.34,2.30498,2.30464,2.30481
65.35,2.30354,2.30073,2.302135
65.36,2.31053,2.29863,2.30458
65.37,2.30881,2.29933,2.30407
65.38,2.30811,2.30125,2.30468
65.39,2.30943,2.29708,2.303255
65.4,2.30557,2.29849,2.30203
65.41,2.30803,2.30048,2.304255
65.42,2.30289,2.29821,2.30055
65.43,2.3011,2.30831,2.304705
65.44,2.29678,2.30794,2.30236
65.45,2.29502,2.29838,2.2967
65.46,2.29863,2.30778,2.303205
65.47,2.29605,2.30792,2.301985
65.48,2.30854,2.31273,2.310635
65.49,2.30088,2.30651,2.303695
65.5,2.30149,2.30611,2.3038
65.51,2.29956,2.31038,2.30497
65.52,2.30268,2.3102,2.30644
65.53,2.30234,2.30395,2.303145
65.54,2.30153,2.30131,2.30142
65.55,2.30306,2.30565,2.304355
65.56,2.30157,2.30393,2.30275
65.57,2.30555,2.31101,2.30828
65.58,2.30192,2.30379,2.302855
65.59,2.29833,2.29835,2.29834
65.6,2.30295,2.30499,2.30397
65.61,2.30106,2.30445,2.302755
65.62,2.29607,2.29645,2.29626
65.63,2.29893,2.30668,2.302805
65.64,2.30395,2.30408,2.304015
65.65,2.30679,2.29852,2.302655
65.66,2.30236,2.3058,2.30408
65.67,2.31621,2.30069,2.30845
65.68,2.30298,2.29945,2.301215
65.69,2.30164,2.29735,2.299495
65.7,2.30121,2.29571,2.29846
65.71,2.30141,2.29821,2.29981
65.72,2.30052,2.30093,2.300725
65.73,2.29978,2.29906,2.29942
65.74,2.30601,2.29859,2.3023
65.75,2.30332,2.29831,2.300815
65.76,2.30637,2.2927,2.299535
65.77,2.29878,2.29883,2.298805
65.78,2.30141,2.29588,2.298645
65.79,2.30375,2.29487,2.29931
65.8,2.29816,2.29076,2.29446
65.81,2.29424,2.2959,2.29507
65.82,2.29311,2.30446,2.298785
65.83,2.29181,2.29649,2.29415
65.84,2.29269,2.29766,2.295175
65.85,2.29572,2.29515,2.295435
65.86,2.29991,2.29709,2.2985
65.87,2.29961,2.29991,2.29976
65.88,2.29889,2.29695,2.29792
65.89,2.30068,2.29523,2.297955
65.9,2.29295,2.30359,2.29827
65.91,2.2942,2.30041,2.297305
65.92,2.29277,2.28847,2.29062
65.93,2.29713,2.29588,2.296505
65.94,2.30401,2.29785,2.30093
65.95,2.29801,2.30736,2.302685
65.96,2.2997,2.3008,2.30025
65.97,2.29675,2.30476,2.300755
65.98,2.29412,2.29863,2.296375
65.99,2.29054,2.30516,2.29785
66,2.30174,2.31446,2.3081
66.01,2.2962,2.3035,2.29985
66.02,2.29586,2.30704,2.30145
66.03,2.29961,2.30639,2.303
66.04,2.28688,2.31534,2.30111
66.05,2.30048,2.3078,2.30414
66.06,2.28857,2.29965,2.29411
66.07,2.29479,2.30998,2.302385
66.08,2.29571,2.31119,2.30345
66.09,2.3051,2.30425,2.304675
66.1,2.2923,2.30876,2.30053
66.11,2.30519,2.30871,2.30695
66.12,2.29637,2.30875,2.30256
66.13,2.29914,2.31051,2.304825
66.14,2.29781,2.31241,2.30511
66.15,2.29556,2.31,2.30278
66.16,2.2995,2.30235,2.300925
66.17,2.29122,2.30626,2.29874
66.18,2.29487,2.29483,2.29485
66.19,2.29896,2.3086,2.30378
66.2,2.30068,2.31098,2.30583
66.21,2.30258,2.30649,2.304535
66.22,2.30938,2.30462,2.307
66.23,2.30398,2.30256,2.30327
66.24,2.29975,2.30992,2.304835
66.25,2.29442,2.3122,2.30331
66.26,2.29504,2.31771,2.306375
66.27,2.29794,2.3061,2.30202
66.28,2.29672,2.29724,2.29698
66.29,2.30279,2.30052,2.301655
66.3,2.30166,2.29945,2.300555
66.31,2.29625,2.31151,2.30388
66.32,2.30177,2.30335,2.30256
66.33,2.3031,2.29407,2.298585
66.34,2.29546,2.29401,2.294735
66.35,2.29821,2.30334,2.300775
66.36,2.29754,2.29697,2.297255
66.37,2.30194,2.30641,2.304175
66.38,2.28992,2.29534,2.29263
66.39,2.28865,2.29775,2.2932
66.4,2.29326,2.28781,2.290535
66.41,2.29536,2.29523,2.295295
66.42,2.2983,2.30319,2.300745
66.43,2.29851,2.29898,2.298745
66.44,2.29452,2.29365,2.294085
66.45,2.29705,2.29121,2.29413
66.46,2.29541,2.29765,2.29653
66.47,2.29886,2.2924,2.29563
66.48,2.30195,2.29139,2.29667
66.49,2.29282,2.29641,2.294615
66.5,2.30075,2.29565,2.2982
66.51,2.29874,2.29439,2.296565
66.52,2.29658,2.29557,2.296075
66.53,2.30148,2.29837,2.299925
66.54,2.29602,2.29251,2.294265
66.55,2.29305,2.29713,2.29509
66.56,2.30416,2.28932,2.29674
66.57,2.2992,2.29952,2.29936
66.58,2.29966,2.29345,2.296555
66.59,2.30629,2.29244,2.299365
66.6,2.30189,2.2829,2.292395
66.61,2.30222,2.29619,2.299205
66.62,2.29928,2.29329,2.296285
66.63,2.30153,2.29233,2.29693
66.64,2.3007,2.29924,2.29997
66.65,2.29447,2.29506,2.294765
66.66,2.29591,2.30315,2.29953
66.67,2.30281,2.30361,2.30321
66.68,2.30307,2.29527,2.29917
66.69,2.30546,2.28936,2.29741
66.7,2.30682,2.30587,2.306345
66.71,2.30496,2.29413,2.299545
66.72,2.31068,2.28691,2.298795
66.73,2.30509,2.28965,2.29737
66.74,2.31097,2.29019,2.30058
66.75,2.30172,2.29499,2.298355
66.76,2.30094,2.29129,2.296115
66.77,2.30638,2.29076,2.29857
66.78,2.31042,2.29658,2.3035
66.79,2.30491,2.29212,2.298515
66.8,2.30458,2.29013,2.297355
66.81,2.29777,2.29247,2.29512
66.82,2.29527,2.28541,2.29034
66.83,2.30023,2.2945,2.297365
66.84,2.29615,2.29312,2.294635
66.85,2.2977,2.28335,2.290525
66.86,2.30063,2.29331,2.29697
66.87,2.29965,2.29117,2.29541
66.88,2.29736,2.29189,2.294625
66.89,2.29954,2.29255,2.296045
66.9,2.30046,2.29282,2.29664
66.91,2.28962,2.29438,2.292
66.92,2.30424,2.29055,2.297395
66.93,2.29574,2.28839,2.292065
66.94,2.29046,2.28801,2.289235
66.95,2.28726,2.29113,2.289195
66.96,2.30046,2.29443,2.297445
66.97,2.29559,2.3015,2.298545
66.98,2.29255,2.29733,2.29494
66.99,2.29446,2.30986,2.30216
67,2.29318,2.30124,2.29721
67.01,2.29344,2.30398,2.29871
67.02,2.292,2.30465,2.298325
67.03,2.28428,2.30289,2.293585
67.04,2.29065,2.31027,2.30046
67.05,2.28994,2.30761,2.298775
67.06,2.29231,2.30788,2.300095
67.07,2.2874,2.2979,2.29265
67.08,2.29407,2.29852,2.296295
67.09,2.29666,2.30586,2.30126
67.1,2.2905,2.29771,2.294105
67.11,2.29246,2.30098,2.29672
67.12,2.29137,2.29554,2.293455
67.13,2.29431,2.30231,2.29831
67.14,2.29389,2.30057,2.29723
67.15,2.29279,2.30695,2.29987
67.16,2.28975,2.3033,2.296525
67.17,2.29892,2.30177,2.300345
67.18,2.29418,2.30646,2.30032
67.19,2.29603,2.30995,2.30299
67.2,2.28852,2.31454,2.30153
67.21,2.29024,2.30531,2.297775
67.22,2.28937,2.30581,2.29759
67.23,2.29052,2.31001,2.300265
67.24,2.2932,2.31104,2.30212
67.25,2.28822,2.31404,2.30113
67.26,2.28923,2.30929,2.29926
67.27,2.28995,2.31344,2.301695
67.28,2.30368,2.32049,2.312085
67.29,2.29115,2.32135,2.30625
67.3,2.29215,2.32431,2.30823
67.31,2.29527,2.31922,2.307245
67.32,2.29728,2.32038,2.30883
67.33,2.29874,2.31672,2.30773
67.34,2.29467,2.30849,2.30158
67.35,2.28917,2.32195,2.30556
67.36,2.29349,2.31419,2.30384
67.37,2.29842,2.31066,2.30454
67.38,2.29594,2.30444,2.30019
67.39,2.29221,2.30403,2.29812
67.4,2.28188,2.31122,2.29655
67.41,2.29694,2.3123,2.30462
67.42,2.2877,2.3138,2.30075
67.43,2.28991,2.31382,2.301865
67.44,2.29003,2.3192,2.304615
67.45,2.29207,2.31835,2.30521
67.46,2.29038,2.3156,2.30299
67.47,2.29437,2.3223,2.308335
67.48,2.29042,2.32514,2.30778
67.49,2.30364,2.31866,2.31115
67.5,2.29782,2.30718,2.3025
67.51,2.28944,2.31971,2.304575
67.52,2.29413,2.30918,2.301655
67.53,2.28912,2.3076,2.29836
67.54,2.28922,2.31623,2.302725
67.55,2.29464,2.31082,2.30273
67.56,2.28656,2.31343,2.299995
67.57,2.29348,2.30889,2.301185
67.58,2.2935,2.31083,2.302165
67.59,2.29624,2.30637,2.301305
67.6,2.29144,2.31176,2.3016
67.61,2.28969,2.30904,2.299365
67.62,2.29958,2.30398,2.30178
67.63,2.29467,2.30843,2.30155
67.64,2.29702,2.3217,2.30936
67.65,2.29288,2.31865,2.305765
67.66,2.28939,2.3144,2.301895
67.67,2.28987,2.31336,2.301615
67.68,2.29594,2.31449,2.305215
67.69,2.29422,2.31473,2.304475
67.7,2.29234,2.31596,2.30415
67.71,2.29151,2.30895,2.30023
67.72,2.28766,2.31052,2.29909
67.73,2.29319,2.31183,2.30251
67.74,2.29751,2.31919,2.30835
67.75,2.28879,2.31785,2.30332
67.76,2.29291,2.31798,2.305445
67.77,2.29865,2.32136,2.310005
67.78,2.29892,2.31107,2.304995
67.79,2.29276,2.31293,2.302845
67.8,2.29378,2.31421,2.303995
67.81,2.29102,2.30834,2.29968
67.82,2.29401,2.29997,2.29699
67.83,2.28691,2.30348,2.295195
67.84,2.2912,2.29811,2.294655
67.85,2.29286,2.30942,2.30114
67.86,2.29099,2.3057,2.298345
67.87,2.29497,2.30278,2.298875
67.88,2.29357,2.30389,2.29873
67.89,2.29628,2.31193,2.304105
67.9,2.29054,2.31411,2.302325
67.91,2.28689,2.30701,2.29695
67.92,2.28841,2.30077,2.29459
67.93,2.29283,2.30641,2.29962
67.94,2.28653,2.30846,2.297495
67.95,2.29148,2.30113,2.296305
67.96,2.29497,2.30438,2.299675
67.97,2.29157,2.30361,2.29759
67.98,2.29765,2.31181,2.30473
67.99,2.30356,2.31459,2.309075
68,2.29623,2.31566,2.305945
68.01,2.29548,2.3177,2.30659
68.02,2.29875,2.31157,2.30516
68.03,2.29591,2.30732,2.301615
68.04,2.3014,2.30646,2.30393
68.05,2.29889,2.30809,2.30349
68.06,2.29886,2.31103,2.304945
68.07,2.30135,2.3148,2.308075
68.08,2.29737,2.30827,2.30282
68.09,2.2948,2.30967,2.302235
68.1,2.2906,2.31028,2.30044
68.11,2.28736,2.30896,2.29816
68.12,2.29191,2.30875,2.30033
68.13,2.29021,2.30733,2.29877
68.14,2.29583,2.31608,2.305955
68.15,2.29128,2.31877,2.305025
68.16,2.29782,2.31728,2.30755
68.17,2.2892,2.31064,2.29992
68.18,2.29258,2.31399,2.303285
68.19,2.28897,2.31258,2.300775
68.2,2.29458,2.30731,2.300945
68.21,2.29794,2.30738,2.30266
68.22,2.29221,2.30972,2.300965
68.23,2.29003,2.30204,2.296035
68.24,2.29322,2.3064,2.29981
68.25,2.29936,2.31176,2.30556
68.26,2.29354,2.30722,2.30038
68.27,2.28857,2.29833,2.29345
68.28,2.29355,2.29919,2.29637
68.29,2.29502,2.30764,2.30133
68.3,2.29546,2.30541,2.300435
68.31,2.29236,2.29626,2.29431
68.32,2.29494,2.30115,2.298045
68.33,2.27913,2.30839,2.29376
68.34,2.2828,2.3066,2.2947
68.35,2.28668,2.30152,2.2941
68.36,2.28543,2.29863,2.29203
68.37,2.2877,2.30459,2.296145
68.38,2.29129,2.30177,2.29653
68.39,2.28363,2.30182,2.292725
68.4,2.2792,2.31363,2.296415
68.41,2.28273,2.30935,2.29604
68.42,2.28937,2.29699,2.29318
68.43,2.28423,2.30445,2.29434
68.44,2.29492,2.2974,2.29616
68.45,2.28616,2.28957,2.287865
68.46,2.28978,2.29881,2.294295
68.47,2.28448,2.31055,2.297515
68.48,2.29276,2.3088,2.30078
68.49,2.28569,2.29453,2.29011
68.5,2.28883,2.30211,2.29547
68.51,2.29088,2.2925,2.29169
68.52,2.29376,2.30464,2.2992
68.53,2.29959,2.30151,2.30055
68.54,2.30391,2.30224,2.303075
68.55,2.30084,2.31403,2.307435
68.56,2.30539,2.30754,2.306465
68.57,2.29422,2.29659,2.295405
68.58,2.29903,2.29415,2.29659
68.59,2.29233,2.29431,2.29332
68.6,2.29111,2.29298,2.292045
68.61,2.29287,2.30503,2.29895
68.62,2.29291,2.29963,2.29627
68.63,2.29097,2.29198,2.291475
68.64,2.29206,2.3044,2.29823
68.65,2.29538,2.30577,2.300575
68.66,2.29849,2.29678,2.297635
68.67,2.29603,2.29005,2.29304
68.68,2.29797,2.29482,2.296395
68.69,2.29131,2.30203,2.29667
68.7,2.29783,2.29526,2.296545
68.71,2.29339,2.28976,2.291575
68.72,2.29657,2.30529,2.30093
68.73,2.29757,2.30888,2.303225
68.74,2.30171,2.29953,2.30062
68.75,2.29767,2.30202,2.299845
68.76,2.29336,2.28914,2.29125
68.77,2.29662,2.29774,2.29718
68.78,2.28801,2.30172,2.294865
68.79,2.2848,2.30459,2.294695
68.8,2.2949,2.29581,2.295355
68.81,2.28806,2.3069,2.29748
68.82,2.28969,2.30896,2.299325
68.83,2.28492,2.30568,2.2953
68.84,2.29224,2.30557,2.298905
68.85,2.2993,2.30304,2.30117
68.86,2.29501,2.30454,2.299775
68.87,2.29203,2.29437,2.2932
68.88,2.28777,2.30412,2.295945
68.89,2.29068,2.30367,2.297175
68.9,2.29451,2.29806,2.296285
68.91,2.30196,2.29484,2.2984
68.92,2.29232,2.31048,2.3014
68.93,2.29312,2.29657,2.294845
68.94,2.29295,2.29736,2.295155
68.95,2.29564,2.304,2.29982
68.96,2.29996,2.29816,2.29906
68.97,2.29179,2.30887,2.30033
68.98,2.29584,2.29822,2.29703
68.99,2.29132,2.29647,2.293895
69,2.29381,2.30009,2.29695
69.01,2.29299,2.29614,2.294565
69.02,2.28823,2.29403,2.29113
69.03,2.28839,2.29029,2.28934
69.04,2.28689,2.29698,2.291935
69.05,2.29156,2.29364,2.2926
69.06,2.28866,2.29588,2.29227
69.07,2.29442,2.29685,2.295635
69.08,2.29204,2.28824,2.29014
69.09,2.29005,2.29774,2.293895
69.1,2.29617,2.29607,2.29612
69.11,2.29236,2.29744,2.2949
69.12,2.29859,2.28844,2.293515
69.13,2.2884,2.29858,2.29349
69.14,2.28322,2.2889,2.28606
69.15,2.29132,2.29712,2.29422
69.16,2.28642,2.30465,2.295535
69.17,2.28711,2.304,2.295555
69.18,2.28308,2.29433,2.288705
69.19,2.29168,2.29893,2.295305
69.2,2.28175,2.29432,2.288035
69.21,2.29309,2.28998,2.291535
69.22,2.2918,2.29656,2.29418
69.23,2.29748,2.29846,2.29797
69.24,2.2947,2.29955,2.297125
69.25,2.29116,2.2973,2.29423
69.26,2.28714,2.29516,2.29115
69.27,2.28905,2.28993,2.28949
69.28,2.29367,2.29591,2.29479
69.29,2.30112,2.29824,2.29968
69.3,2.29213,2.2985,2.295315
69.31,2.29201,2.28845,2.29023
69.32,2.29609,2.28779,2.29194
69.33,2.29008,2.29017,2.290125
69.34,2.2965,2.29924,2.29787
69.35,2.29184,2.29491,2.293375
69.36,2.29469,2.28627,2.29048
69.37,2.29458,2.2904,2.29249
69.38,2.29352,2.29783,2.295675
69.39,2.29075,2.29649,2.29362
69.4,2.29772,2.29063,2.294175
69.41,2.29549,2.29251,2.294
69.42,2.30047,2.28906,2.294765
69.43,2.30375,2.29363,2.29869
69.44,2.2955,2.29439,2.294945
69.45,2.30515,2.29847,2.30181
69.46,2.30115,2.29368,2.297415
69.47,2.3074,2.29438,2.30089
69.48,2.30324,2.30032,2.30178
69.49,2.29744,2.29154,2.29449
69.5,2.29724,2.29162,2.29443
69.51,2.29099,2.28795,2.28947
69.52,2.29426,2.28572,2.28999
69.53,2.29806,2.29231,2.295185
69.54,2.30577,2.28869,2.29723
69.55,2.30557,2.29829,2.30193
69.56,2.30601,2.28936,2.297685
69.57,2.29751,2.29202,2.294765
69.58,2.29377,2.29248,2.293125
69.59,2.29686,2.29448,2.29567
69.6,2.29045,2.29739,2.29392
69.61,2.28714,2.29515,2.291145
69.62,2.28769,2.29117,2.28943
69.63,2.29142,2.28524,2.28833
69.64,2.29275,2.28643,2.28959
69.65,2.28187,2.29018,2.286025
69.66,2.28729,2.2935,2.290395
69.67,2.29194,2.29016,2.29105
69.68,2.28709,2.28922,2.288155
69.69,2.29006,2.2907,2.29038
69.7,2.2863,2.29388,2.29009
69.71,2.29074,2.29158,2.29116
69.72,2.29609,2.29879,2.29744
69.73,2.29599,2.29375,2.29487
69.74,2.29368,2.30394,2.29881
69.75,2.29812,2.29325,2.295685
69.76,2.29666,2.29157,2.294115
69.77,2.30481,2.29478,2.299795
69.78,2.29581,2.29716,2.296485
69.79,2.29987,2.29963,2.29975
69.8,2.29824,2.30239,2.300315
69.81,2.29214,2.2976,2.29487
69.82,2.28858,2.29541,2.291995
69.83,2.29529,2.29625,2.29577
69.84,2.30222,2.29838,2.3003
69.85,2.30533,2.30135,2.30334
69.86,2.30148,2.29962,2.30055
69.87,2.30144,2.30082,2.30113
69.88,2.29635,2.29781,2.29708
69.89,2.29092,2.30052,2.29572
69.9,2.29369,2.29918,2.296435
69.91,2.2986,2.29454,2.29657
69.92,2.29714,2.30288,2.30001
69.93,2.30207,2.29509,2.29858
69.94,2.30281,2.29784,2.300325
69.95,2.30306,2.3052,2.30413
69.96,2.29625,2.29933,2.29779
69.97,2.29729,2.29474,2.296015
69.98,2.29926,2.2914,2.29533
69.99,2.30845,2.30419,2.30632
70,2.30279,2.28988,2.296335
70.01,2.30514,2.30115,2.303145
70.02,2.29594,2.29605,2.295995
70.03,2.29079,2.30037,2.29558
70.04,2.29392,2.30235,2.298135
70.05,2.29428,2.29573,2.295005
70.06,2.29506,2.28863,2.291845
70.07,2.29052,2.2993,2.29491
70.08,2.2889,2.30261,2.295755
70.09,2.2871,2.29372,2.29041
70.1,2.28652,2.30111,2.293815
70.11,2.2893,2.30736,2.29833
70.12,2.28584,2.29603,2.290935
70.13,2.28586,2.29613,2.290995
70.14,2.28841,2.29651,2.29246
70.15,2.2869,2.30358,2.29524
70.16,2.28777,2.29554,2.291655
70.17,2.28367,2.29034,2.287005
70.18,2.28202,2.29102,2.28652
70.19,2.28453,2.30038,2.292455
70.2,2.28552,2.29179,2.288655
70.21,2.28493,2.29208,2.288505
70.22,2.2902,2.29942,2.29481
70.23,2.28288,2.29685,2.289865
70.24,2.28135,2.29093,2.28614
70.25,2.28361,2.29262,2.288115
70.26,2.28488,2.29478,2.28983
70.27,2.28432,2.29697,2.290645
70.28,2.28133,2.29905,2.29019
70.29,2.28547,2.29211,2.28879
70.3,2.28907,2.29715,2.29311
70.31,2.28712,2.29247,2.289795
70.32,2.28439,2.30015,2.29227
70.33,2.28976,2.29681,2.293285
70.34,2.28821,2.29378,2.290995
70.35,2.28834,2.30064,2.29449
70.36,2.2918,2.29794,2.29487
70.37,2.28584,2.2927,2.28927
70.38,2.28739,2.30021,2.2938
70.39,2.28353,2.28807,2.2858
70.4,2.2915,2.29258,2.29204
70.41,2.29264,2.29601,2.294325
70.42,2.28911,2.29551,2.29231
70.43,2.29142,2.2933,2.29236
70.44,2.2887,2.2904,2.28955
70.45,2.28938,2.30269,2.296035
70.46,2.28798,2.29598,2.29198
70.47,2.29075,2.29991,2.29533
70.48,2.29268,2.29963,2.296155
70.49,2.29618,2.30704,2.30161
70.5,2.2912,2.29901,2.295105
70.51,2.29115,2.30112,2.296135
70.52,2.28845,2.30587,2.29716
70.53,2.29611,2.30099,2.29855
70.54,2.29865,2.30242,2.300535
70.55,2.29069,2.30884,2.299765
70.56,2.29065,2.30177,2.29621
70.57,2.2889,2.29935,2.294125
70.58,2.29086,2.30349,2.297175
70.59,2.29269,2.29883,2.29576
70.6,2.29746,2.29983,2.298645
70.61,2.29356,2.30172,2.29764
70.62,2.29764,2.30137,2.299505
70.63,2.29807,2.30134,2.299705
70.64,2.28713,2.30472,2.295925
70.65,2.28477,2.31042,2.297595
70.66,2.28668,2.30881,2.297745
70.67,2.29058,2.29802,2.2943
70.68,2.28732,2.30426,2.29579
70.69,2.29196,2.30873,2.300345
70.7,2.29142,2.30655,2.298985
70.71,2.28658,2.29787,2.292225
70.72,2.28967,2.30234,2.296005
70.73,2.2967,2.30096,2.29883
70.74,2.29984,2.30739,2.303615
70.75,2.29038,2.31731,2.303845
70.76,2.29645,2.30814,2.302295
70.77,2.29179,2.30367,2.29773
70.78,2.28451,2.29984,2.292175
70.79,2.29376,2.31377,2.303765
70.8,2.28634,2.30774,2.29704
70.81,2.28753,2.30496,2.296245
70.82,2.29257,2.30544,2.299005
70.83,2.29181,2.30738,2.299595
70.84,2.29112,2.30783,2.299475
70.85,2.2921,2.31142,2.30176
70.86,2.29002,2.29987,2.294945
70.87,2.29228,2.3053,2.29879
70.88,2.28963,2.29886,2.294245
70.89,2.28808,2.30266,2.29537
70.9,2.28844,2.31213,2.300285
70.91,2.2889,2.30915,2.299025
70.92,2.28788,2.31572,2.3018
70.93,2.29268,2.3146,2.30364
70.94,2.28449,2.30982,2.297155
70.95,2.29285,2.29969,2.29627
70.96,2.28442,2.30579,2.295105
70.97,2.28623,2.31256,2.299395
70.98,2.2883,2.31144,2.29987
70.99,2.29253,2.3043,2.298415
71,2.28512,2.31311,2.299115
71.01,2.2955,2.31147,2.303485
71.02,2.29099,2.2975,2.294245
71.03,2.2988,2.29592,2.29736
71.04,2.29053,2.30502,2.297775
71.05,2.2845,2.29574,2.29012
71.06,2.29009,2.30235,2.29622
71.07,2.29048,2.30593,2.298205
71.08,2.28824,2.30847,2.298355
71.09,2.28197,2.31075,2.29636
71.1,2.29063,2.30498,2.297805
71.11,2.2861,2.30518,2.29564
71.12,2.28819,2.29672,2.292455
71.13,2.27946,2.30467,2.292065
71.14,2.28787,2.29569,2.29178
71.15,2.28581,2.30195,2.29388
71.16,2.28671,2.30158,2.294145
71.17,2.28515,2.30179,2.29347
71.18,2.28757,2.30751,2.29754
71.19,2.28367,2.30539,2.29453
71.2,2.28311,2.31303,2.29807
71.21,2.28179,2.30571,2.29375
71.22,2.28621,2.301,2.293605
71.23,2.28588,2.29271,2.289295
71.24,2.2787,2.28614,2.28242
71.25,2.28441,2.29309,2.28875
71.26,2.28611,2.28897,2.28754
71.27,2.28942,2.2953,2.29236
71.28,2.29133,2.2975,2.294415
71.29,2.29108,2.3,2.29554
71.3,2.28632,2.29642,2.29137
71.31,2.28609,2.30392,2.295005
71.32,2.29144,2.30315,2.297295
71.33,2.28834,2.30991,2.299125
71.34,2.28276,2.311,2.29688
71.35,2.29004,2.31402,2.30203
71.36,2.28814,2.31587,2.302005
71.37,2.28547,2.30984,2.297655
71.38,2.29819,2.31112,2.304655
71.39,2.29131,2.301,2.296155
71.4,2.28994,2.30134,2.29564
71.41,2.29596,2.30658,2.30127
71.42,2.29249,2.29921,2.29585
71.43,2.29479,2.30598,2.300385
71.44,2.29653,2.30494,2.300735
71.45,2.29386,2.2986,2.29623
71.46,2.29192,2.30485,2.298385
71.47,2.29084,2.30597,2.298405
71.48,2.29235,2.30829,2.30032
71.49,2.28744,2.30036,2.2939
71.5,2.28941,2.30134,2.295375
71.51,2.28874,2.31609,2.302415
71.52,2.29189,2.30593,2.29891
71.53,2.28961,2.29536,2.292485
71.54,2.29329,2.30096,2.297125
71.55,2.29272,2.30706,2.29989
71.56,2.29506,2.30651,2.300785
71.57,2.28982,2.30766,2.29874
71.58,2.28937,2.30829,2.29883
71.59,2.28715,2.30889,2.29802
71.6,2.28884,2.31407,2.301455
71.61,2.29442,2.30913,2.301775
71.62,2.28501,2.30744,2.296225
71.63,2.28726,2.30704,2.29715
71.64,2.282,2.3078,2.2949
71.65,2.27759,2.30639,2.29199
71.66,2.28169,2.30772,2.294705
71.67,2.28668,2.30674,2.29671
71.68,2.28477,2.29832,2.291545
71.69,2.28608,2.30404,2.29506
71.7,2.29398,2.31227,2.303125
71.71,2.291,2.30724,2.29912
71.72,2.28497,2.31117,2.29807
71.73,2.29338,2.30606,2.29972
71.74,2.29778,2.31687,2.307325
71.75,2.29704,2.30698,2.30201
71.76,2.28612,2.30811,2.297115
71.77,2.28851,2.30931,2.29891
71.78,2.29184,2.30653,2.299185
71.79,2.29293,2.30947,2.3012
71.8,2.29587,2.30772,2.301795
71.81,2.29159,2.3125,2.302045
71.82,2.29157,2.32381,2.30769
71.83,2.29272,2.3083,2.30051
71.84,2.28935,2.30824,2.298795
71.85,2.29322,2.31376,2.30349
71.86,2.28775,2.31266,2.300205
71.87,2.28937,2.30427,2.29682
71.88,2.29517,2.30838,2.301775
71.89,2.29638,2.30825,2.302315
71.9,2.29156,2.31335,2.302455
71.91,2.30106,2.32033,2.310695
71.92,2.29199,2.31965,2.30582
71.93,2.29696,2.32311,2.310035
71.94,2.29883,2.32253,2.31068
71.95,2.29758,2.31964,2.30861
71.96,2.2929,2.30925,2.301075
71.97,2.29187,2.31451,2.30319
71.98,2.29231,2.30676,2.299535
71.99,2.29095,2.30769,2.29932
72,2.28676,2.3071,2.29693
72.01,2.30105,2.30514,2.303095
72.02,2.29856,2.30654,2.30255
72.03,2.29963,2.30768,2.303655
72.04,2.29849,2.30724,2.302865
72.05,2.30105,2.30329,2.30217
72.06,2.29709,2.31299,2.30504
72.07,2.29524,2.29766,2.29645
72.08,2.30306,2.31369,2.308375
72.09,2.30217,2.31085,2.30651
72.1,2.3019,2.30896,2.30543
72.11,2.30951,2.31002,2.309765
72.12,2.30267,2.31371,2.30819
72.13,2.30164,2.3171,2.30937
72.14,2.30014,2.31694,2.30854
72.15,2.29649,2.31409,2.30529
72.16,2.28929,2.31618,2.302735
72.17,2.2833,2.31628,2.29979
72.18,2.29306,2.30566,2.29936
72.19,2.29419,2.30484,2.299515
72.2,2.29069,2.30514,2.297915
72.21,2.29545,2.30612,2.300785
72.22,2.29085,2.30884,2.299845
72.23,2.29308,2.29734,2.29521
72.24,2.29563,2.30387,2.29975
72.25,2.30115,2.30888,2.305015
72.26,2.30118,2.30333,2.302255
72.27,2.29813,2.29914,2.298635
72.28,2.30134,2.3047,2.30302
72.29,2.29447,2.30069,2.29758
72.3,2.29103,2.30657,2.2988
72.31,2.2891,2.30614,2.29762
72.32,2.29584,2.30943,2.302635
72.33,2.29493,2.30421,2.29957
72.34,2.29358,2.29136,2.29247
72.35,2.30703,2.29954,2.303285
72.36,2.29272,2.30216,2.29744
72.37,2.29558,2.29815,2.296865
72.38,2.30122,2.30539,2.303305
72.39,2.2976,2.31232,2.30496
72.4,2.30895,2.29747,2.30321
72.41,2.30035,2.30387,2.30211
72.42,2.30326,2.3112,2.30723
72.43,2.29712,2.30309,2.300105
72.44,2.29519,2.30753,2.30136
72.45,2.29842,2.30019,2.299305
72.46,2.29779,2.29893,2.29836
72.47,2.29196,2.2971,2.29453
72.48,2.29951,2.30633,2.30292
72.49,2.30299,2.29565,2.29932
72.5,2.28799,2.3086,2.298295
72.51,2.29521,2.31351,2.30436
72.52,2.29483,2.30571,2.30027
72.53,2.29149,2.30751,2.2995
72.54,2.28349,2.30449,2.29399
72.55,2.2926,2.30765,2.300125
72.56,2.30423,2.29859,2.30141
72.57,2.29925,2.30459,2.30192
72.58,2.30443,2.30803,2.30623
72.59,2.30389,2.31132,2.307605
72.6,2.30009,2.31207,2.30608
72.61,2.2968,2.31009,2.303445
72.62,2.29812,2.30628,2.3022
72.63,2.30368,2.31077,2.307225
72.64,2.29519,2.30481,2.3
72.65,2.30757,2.30044,2.304005
72.66,2.29925,2.30583,2.30254
72.67,2.30013,2.30827,2.3042
72.68,2.30001,2.30696,2.303485
72.69,2.30004,2.31372,2.30688
72.7,2.30118,2.31716,2.30917
72.71,2.29798,2.31333,2.305655
72.72,2.30831,2.30938,2.308845
72.73,2.30671,2.30518,2.305945
72.74,2.30337,2.30748,2.305425
72.75,2.30614,2.31955,2.312845
72.76,2.29915,2.31605,2.3076
72.77,2.29183,2.31361,2.30272
72.78,2.30263,2.31045,2.30654
72.79,2.29429,2.30807,2.30118
72.8,2.30133,2.30907,2.3052
72.81,2.29413,2.30764,2.300885
72.82,2.29674,2.30917,2.302955
72.83,2.29854,2.30698,2.30276
72.84,2.30679,2.31689,2.31184
72.85,2.3025,2.31325,2.307875
72.86,2.29801,2.31289,2.30545
72.87,2.29896,2.30471,2.301835
72.88,2.29646,2.29969,2.298075
72.89,2.29158,2.30823,2.299905
72.9,2.29378,2.30076,2.29727
72.91,2.29194,2.30103,2.296485
72.92,2.29331,2.31265,2.30298
72.93,2.29519,2.31153,2.30336
72.94,2.29091,2.31276,2.301835
72.95,2.28885,2.31065,2.29975
72.96,2.29072,2.31663,2.303675
72.97,2.29071,2.31875,2.30473
72.98,2.28693,2.32314,2.305035
72.99,2.27916,2.30808,2.29362
73,2.28345,2.31607,2.29976
73.01,2.2929,2.31307,2.302985
73.02,2.29072,2.31453,2.302625
73.03,2.29335,2.31904,2.306195
73.04,2.29465,2.31067,2.30266
73.05,2.29644,2.31093,2.303685
73.06,2.29697,2.31606,2.306515
73.07,2.2988,2.31483,2.306815
73.08,2.29485,2.31069,2.30277
73.09,2.28914,2.3149,2.30202
73.1,2.29298,2.31123,2.302105
73.11,2.29679,2.30993,2.30336
73.12,2.29033,2.30738,2.298855
73.13,2.28973,2.30637,2.29805
73.14,2.28531,2.29643,2.29087
73.15,2.29416,2.30544,2.2998
73.16,2.29781,2.29484,2.296325
73.17,2.29536,2.29823,2.296795
73.18,2.3029,2.29951,2.301205
73.19,2.29144,2.29862,2.29503
73.2,2.29438,2.30765,2.301015
73.21,2.30162,2.32,2.31081
73.22,2.29351,2.3057,2.299605
73.23,2.29271,2.31048,2.301595
73.24,2.2997,2.30213,2.300915
73.25,2.29166,2.30663,2.299145
73.26,2.29231,2.30655,2.29943
73.27,2.30126,2.30697,2.304115
73.28,2.30217,2.31257,2.30737
73.29,2.29674,2.30967,2.303205
73.3,2.29505,2.30127,2.29816
73.31,2.29755,2.31427,2.30591
73.32,2.29804,2.31698,2.30751
73.33,2.29763,2.30999,2.30381
73.34,2.29905,2.30999,2.30452
73.35,2.30145,2.31514,2.308295
73.36,2.3031,2.30941,2.306255
73.37,2.29982,2.30607,2.302945
73.38,2.3054,2.30064,2.30302
73.39,2.3027,2.30941,2.306055
73.4,2.29204,2.30608,2.29906
73.41,2.30557,2.30174,2.303655
73.42,2.30288,2.2926,2.29774
73.43,2.30397,2.28963,2.2968
73.44,2.30813,2.29095,2.29954
73.45,2.30392,2.30318,2.30355
73.46,2.30542,2.30114,2.30328
73.47,2.30763,2.29806,2.302845
73.48,2.30368,2.30066,2.30217
73.49,2.29721,2.30405,2.30063
73.5,2.30445,2.29924,2.301845
73.51,2.3092,2.3,2.3046
73.52,2.3082,2.30853,2.308365
73.53,2.30347,2.30331,2.30339
73.54,2.30572,2.30438,2.30505
73.55,2.3078,2.3065,2.30715
73.56,2.29794,2.3052,2.30157
73.57,2.30074,2.30615,2.303445
73.58,2.29925,2.30449,2.30187
73.59,2.30239,2.31768,2.310035
73.6,2.29981,2.30262,2.301215
73.61,2.29068,2.30876,2.29972
73.62,2.29516,2.30227,2.298715
73.63,2.30664,2.30951,2.308075
73.64,2.29662,2.30412,2.30037
73.65,2.29704,2.31078,2.30391
73.66,2.29392,2.30472,2.29932
73.67,2.30021,2.30947,2.30484
73.68,2.29999,2.30485,2.30242
73.69,2.3029,2.30931,2.306105
73.7,2.3023,2.30572,2.30401
73.71,2.30221,2.29946,2.300835
73.72,2.29876,2.30964,2.3042
73.73,2.30204,2.30503,2.303535
73.74,2.30185,2.29447,2.29816
73.75,2.29953,2.29988,2.299705
73.76,2.30688,2.29754,2.30221
73.77,2.29894,2.29742,2.29818
73.78,2.29836,2.29727,2.297815
73.79,2.30223,2.30617,2.3042
73.8,2.29498,2.30379,2.299385
73.81,2.29804,2.30252,2.30028
73.82,2.29929,2.31165,2.30547
73.83,2.30466,2.2982,2.30143
73.84,2.308,2.29823,2.303115
73.85,2.30566,2.30149,2.303575
73.86,2.30889,2.30106,2.304975
73.87,2.30602,2.30149,2.303755
73.88,2.30374,2.30496,2.30435
73.89,2.30221,2.29781,2.30001
73.9,2.30287,2.30586,2.304365
73.91,2.31026,2.29848,2.30437
73.92,2.30159,2.2973,2.299445
73.93,2.30323,2.29957,2.3014
73.94,2.30221,2.30976,2.305985
73.95,2.30726,2.30835,2.307805
73.96,2.30156,2.30959,2.305575
73.97,2.30636,2.30818,2.30727
73.98,2.30285,2.30319,2.30302
73.99,2.29577,2.3048,2.300285
74,2.30248,2.30581,2.304145
74.01,2.30117,2.30477,2.30297
74.02,2.31106,2.31094,2.311
74.03,2.30071,2.29882,2.299765
74.04,2.31216,2.29712,2.30464
74.05,2.30174,2.30497,2.303355
74.06,2.30679,2.29884,2.302815
74.07,2.3036,2.29465,2.299125
74.08,2.31084,2.31422,2.31253
74.09,2.30125,2.30205,2.30165
74.1,2.30622,2.29965,2.302935
74.11,2.31498,2.298,2.30649
74.12,2.30351,2.30179,2.30265
74.13,2.30148,2.28931,2.295395
74.14,2.30134,2.29817,2.299755
74.15,2.30049,2.30355,2.30202
74.16,2.29865,2.30014,2.299395
74.17,2.30717,2.30663,2.3069
74.18,2.30364,2.30101,2.302325
74.19,2.31865,2.30141,2.31003
74.2,2.30718,2.30263,2.304905
74.21,2.30231,2.30161,2.30196
74.22,2.30075,2.29808,2.299415
74.23,2.3017,2.30119,2.301445
74.24,2.30394,2.30115,2.302545
74.25,2.30314,2.29893,2.301035
74.26,2.30193,2.30499,2.30346
74.27,2.30854,2.30054,2.30454
74.28,2.30343,2.29704,2.300235
74.29,2.29931,2.29192,2.295615
74.3,2.30991,2.29524,2.302575
74.31,2.30239,2.30293,2.30266
74.32,2.31364,2.29102,2.30233
74.33,2.30512,2.29436,2.29974
74.34,2.30905,2.28343,2.29624
74.35,2.3096,2.29284,2.30122
74.36,2.30541,2.29822,2.301815
74.37,2.29723,2.29266,2.294945
74.38,2.30675,2.29434,2.300545
74.39,2.30399,2.29047,2.29723
74.4,2.30495,2.2934,2.299175
74.41,2.30535,2.30277,2.30406
74.42,2.30385,2.29365,2.29875
74.43,2.30395,2.29949,2.30172
74.44,2.30426,2.29037,2.297315
74.45,2.31785,2.29794,2.307895
74.46,2.31589,2.28758,2.301735
74.47,2.31478,2.28797,2.301375
74.48,2.31294,2.28732,2.30013
74.49,2.30918,2.29744,2.30331
74.5,2.31193,2.28891,2.30042
74.51,2.31375,2.29045,2.3021
74.52,2.3102,2.28866,2.29943
74.53,2.30127,2.29121,2.29624
74.54,2.3086,2.29105,2.299825
74.55,2.3021,2.2807,2.2914
74.56,2.30881,2.29643,2.30262
74.57,2.30766,2.29189,2.299775
74.58,2.30174,2.29472,2.29823
74.59,2.29545,2.29122,2.293335
74.6,2.29996,2.2981,2.29903
74.61,2.29894,2.28894,2.29394
74.62,2.29879,2.28762,2.293205
74.63,2.30328,2.29474,2.29901
74.64,2.30212,2.29952,2.30082
74.65,2.30493,2.29281,2.29887
74.66,2.29957,2.28994,2.294755
74.67,2.30224,2.28874,2.29549
74.68,2.3026,2.28648,2.29454
74.69,2.29506,2.28421,2.289635
74.7,2.31026,2.28524,2.29775
74.71,2.30444,2.30339,2.303915
74.72,2.30025,2.29679,2.29852
74.73,2.29836,2.30063,2.299495
74.74,2.30021,2.28911,2.29466
74.75,2.30348,2.28857,2.296025
74.76,2.30906,2.29635,2.302705
74.77,2.30518,2.28851,2.296845
74.78,2.3071,2.29214,2.29962
74.79,2.30622,2.28173,2.293975
74.8,2.30885,2.29568,2.302265
74.81,2.31315,2.29519,2.30417
74.82,2.31178,2.28916,2.30047
74.83,2.31389,2.28552,2.299705
74.84,2.31093,2.28934,2.300135
74.85,2.31698,2.29103,2.304005
74.86,2.30793,2.28789,2.29791
74.87,2.30902,2.29282,2.30092
74.88,2.31405,2.2886,2.301325
74.89,2.30436,2.29332,2.29884
74.9,2.30833,2.29109,2.29971
74.91,2.30997,2.30074,2.305355
74.92,2.31106,2.29696,2.30401
74.93,2.30669,2.29863,2.30266
74.94,2.30917,2.29092,2.300045
74.95,2.30903,2.29872,2.303875
74.96,2.30429,2.29475,2.29952
74.97,2.31106,2.29602,2.30354
74.98,2.30683,2.29906,2.302945
74.99,2.30582,2.29719,2.301505
75,2.30327,2.29566,2.299465
75.01,2.31034,2.29433,2.302335
75.02,2.31187,2.29609,2.30398
75.03,2.31227,2.29825,2.30526
75.04,2.31488,2.28648,2.30068
75.05,2.31285,2.29439,2.30362
75.06,2.30845,2.29536,2.301905
75.07,2.30781,2.28371,2.29576
75.08,2.30905,2.28834,2.298695
75.09,2.32235,2.29383,2.30809
75.1,2.31425,2.28713,2.30069
75.11,2.31281,2.28491,2.29886
75.12,2.31382,2.28653,2.300175
75.13,2.30569,2.29896,2.302325
75.14,2.31325,2.28846,2.300855
75.15,2.30339,2.2904,2.296895
75.16,2.3054,2.28746,2.29643
75.17,2.30184,2.28566,2.29375
75.18,2.30626,2.2858,2.29603
75.19,2.31392,2.28455,2.299235
75.2,2.32083,2.28073,2.30078
75.21,2.31758,2.28471,2.301145
75.22,2.30641,2.28311,2.29476
75.23,2.31411,2.28332,2.298715
75.24,2.31736,2.28166,2.29951
75.25,2.31956,2.28787,2.303715
75.26,2.31353,2.28873,2.30113
75.27,2.31419,2.29109,2.30264
75.28,2.31087,2.29052,2.300695
75.29,2.31303,2.28843,2.30073
75.3,2.31055,2.28593,2.29824
75.31,2.31329,2.29564,2.304465
75.32,2.31761,2.28369,2.30065
75.33,2.30816,2.29782,2.30299
75.34,2.31163,2.28331,2.29747
75.35,2.32152,2.28565,2.303585
75.36,2.31141,2.29692,2.304165
75.37,2.31145,2.28948,2.300465
75.38,2.31124,2.29117,2.301205
75.39,2.31887,2.28996,2.304415
75.4,2.31823,2.29388,2.306055
75.41,2.32057,2.2904,2.305485
75.42,2.33238,2.28891,2.310645
75.43,2.31867,2.29921,2.30894
75.44,2.31125,2.29159,2.30142
75.45,2.32374,2.28778,2.30576
75.46,2.31992,2.29595,2.307935
75.47,2.32438,2.29705,2.310715
75.48,2.32729,2.30266,2.314975
75.49,2.32642,2.28672,2.30657
75.5,2.32116,2.29942,2.31029
75.51,2.31636,2.29167,2.304015
75.52,2.3154,2.28552,2.30046
75.53,2.31865,2.29778,2.308215
75.54,2.32384,2.29683,2.310335
75.55,2.31546,2.29432,2.30489
75.56,2.30732,2.29597,2.301645
75.57,2.31339,2.29437,2.30388
75.58,2.31645,2.28969,2.30307
75.59,2.31692,2.29329,2.305105
75.6,2.31216,2.29154,2.30185
75.61,2.31166,2.28985,2.300755
75.62,2.31148,2.29533,2.303405
75.63,2.3104,2.29301,2.301705
75.64,2.31429,2.30259,2.30844
75.65,2.31528,2.29621,2.305745
75.66,2.31074,2.29336,2.30205
75.67,2.31233,2.28975,2.30104
75.68,2.31586,2.28469,2.300275
75.69,2.30956,2.28859,2.299075
75.7,2.3075,2.29732,2.30241
75.71,2.31626,2.29027,2.303265
75.72,2.31813,2.29973,2.30893
75.73,2.31363,2.29868,2.306155
75.74,2.31287,2.30034,2.306605
75.75,2.31842,2.2939,2.30616
75.76,2.31979,2.30127,2.31053
75.77,2.31497,2.30371,2.30934
75.78,2.32388,2.29589,2.309885
75.79,2.32144,2.29988,2.31066
75.8,2.31872,2.30206,2.31039
75.81,2.32386,2.30173,2.312795
75.82,2.31706,2.29472,2.30589
75.83,2.32204,2.29237,2.307205
75.84,2.31935,2.29623,2.30779
75.85,2.31756,2.29173,2.304645
75.86,2.31719,2.29738,2.307285
75.87,2.31289,2.30464,2.308765
75.88,2.31594,2.30054,2.30824
75.89,2.32081,2.29789,2.30935
75.9,2.31745,2.29665,2.30705
75.91,2.31802,2.29381,2.305915
75.92,2.31782,2.296,2.30691
75.93,2.31801,2.30184,2.309925
75.94,2.31239,2.2978,2.305095
75.95,2.3115,2.30181,2.306655
75.96,2.31412,2.2952,2.30466
75.97,2.30678,2.29638,2.30158
75.98,2.30724,2.29877,2.303005
75.99,2.31688,2.28465,2.300765
76,2.31824,2.28792,2.30308
76.01,2.3164,2.29213,2.304265
76.02,2.31311,2.28878,2.300945
76.03,2.3177,2.29512,2.30641
76.04,2.31684,2.2974,2.30712
76.05,2.31142,2.29412,2.30277
76.06,2.31806,2.30198,2.31002
76.07,2.31037,2.30365,2.30701
76.08,2.30683,2.2981,2.302465
76.09,2.3123,2.30248,2.30739
76.1,2.30825,2.29565,2.30195
76.11,2.30596,2.28153,2.293745
76.12,2.31216,2.29489,2.303525
76.13,2.31112,2.29818,2.30465
76.14,2.32152,2.30333,2.312425
76.15,2.31586,2.29974,2.3078
76.16,2.31895,2.29409,2.30652
76.17,2.31788,2.29151,2.304695
76.18,2.31267,2.29196,2.302315
76.19,2.31232,2.29918,2.30575
76.2,2.30253,2.30177,2.30215
76.21,2.30705,2.28662,2.296835
76.22,2.31602,2.28265,2.299335
76.23,2.318,2.28923,2.303615
76.24,2.31657,2.28972,2.303145
76.25,2.31184,2.28112,2.29648
76.26,2.31366,2.29757,2.305615
76.27,2.3107,2.2922,2.30145
76.28,2.31286,2.29113,2.301995
76.29,2.31592,2.29206,2.30399
76.3,2.31642,2.28271,2.299565
76.31,2.30838,2.2873,2.29784
76.32,2.30157,2.2934,2.297485
76.33,2.30649,2.29284,2.299665
76.34,2.3101,2.28507,2.297585
76.35,2.30834,2.29347,2.300905
76.36,2.30326,2.28782,2.29554
76.37,2.31173,2.28997,2.30085
76.38,2.31691,2.29251,2.30471
76.39,2.31326,2.28972,2.30149
76.4,2.30775,2.2862,2.296975
76.41,2.30489,2.29282,2.298855
76.42,2.30409,2.29147,2.29778
76.43,2.30967,2.28749,2.29858
76.44,2.30696,2.27906,2.29301
76.45,2.3034,2.29359,2.298495
76.46,2.30451,2.28872,2.296615
76.47,2.30512,2.28338,2.29425
76.48,2.30022,2.28387,2.292045
76.49,2.29757,2.28522,2.291395
76.5,2.30378,2.29113,2.297455
76.51,2.29763,2.29125,2.29444
76.52,2.29899,2.28604,2.292515
76.53,2.30698,2.28462,2.2958
76.54,2.30253,2.29133,2.29693
76.55,2.30681,2.29114,2.298975
76.56,2.30937,2.29197,2.30067
76.57,2.303,2.2929,2.29795
76.58,2.30795,2.29085,2.2994
76.59,2.30947,2.28698,2.298225
76.6,2.30974,2.28277,2.296255
76.61,2.30932,2.29273,2.301025
76.62,2.31059,2.29324,2.301915
76.63,2.31738,2.28676,2.30207
76.64,2.3137,2.29777,2.305735
76.65,2.31974,2.28855,2.304145
76.66,2.31104,2.2955,2.30327
76.67,2.30999,2.27589,2.29294
76.68,2.31365,2.28407,2.29886
76.69,2.30405,2.27709,2.29057
76.7,2.30571,2.28229,2.294
76.71,2.30951,2.2872,2.298355
76.72,2.31805,2.29183,2.30494
76.73,2.31254,2.29163,2.302085
76.74,2.30689,2.29242,2.299655
76.75,2.31017,2.28536,2.297765
76.76,2.30866,2.29249,2.300575
76.77,2.31354,2.29984,2.30669
76.78,2.31122,2.28824,2.29973
76.79,2.31027,2.28644,2.298355
76.8,2.30989,2.29009,2.29999
76.81,2.30504,2.29585,2.300445
76.82,2.31092,2.27882,2.29487
76.83,2.31424,2.28258,2.29841
76.84,2.321,2.29044,2.30572
76.85,2.3166,2.29513,2.305865
76.86,2.31226,2.29742,2.30484
76.87,2.31112,2.29559,2.303355
76.88,2.30734,2.29668,2.30201
76.89,2.31186,2.29612,2.30399
76.9,2.3138,2.29136,2.30258
76.91,2.31276,2.291,2.30188
76.92,2.30193,2.29011,2.29602
76.93,2.3006,2.28966,2.29513
76.94,2.30552,2.30199,2.303755
76.95,2.30819,2.30111,2.30465
76.96,2.30469,2.29411,2.2994
76.97,2.32186,2.29342,2.30764
76.98,2.31051,2.29502,2.302765
76.99,2.30833,2.29357,2.30095
77,2.30535,2.29702,2.301185
77.01,2.30031,2.30222,2.301265
77.02,2.31005,2.29321,2.30163
77.03,2.30812,2.29223,2.300175
77.04,2.3183,2.29813,2.308215
77.05,2.30808,2.30136,2.30472
77.06,2.3046,2.29321,2.298905
77.07,2.30433,2.29871,2.30152
77.08,2.31234,2.29864,2.30549
77.09,2.31043,2.29637,2.3034
77.1,2.30688,2.29425,2.300565
77.11,2.30973,2.29959,2.30466
77.12,2.30377,2.29904,2.301405
77.13,2.30698,2.29169,2.299335
77.14,2.304,2.29185,2.297925
77.15,2.31214,2.30347,2.307805
77.16,2.31243,2.29193,2.30218
77.17,2.31147,2.29879,2.30513
77.18,2.30732,2.29485,2.301085
77.19,2.30885,2.2943,2.301575
77.2,2.30856,2.29165,2.300105
77.21,2.3161,2.28967,2.302885
77.22,2.3084,2.29914,2.30377
77.23,2.31553,2.28862,2.302075
77.24,2.311,2.28863,2.299815
77.25,2.31911,2.29499,2.30705
77.26,2.31103,2.29471,2.30287
77.27,2.32464,2.29753,2.311085
77.28,2.30761,2.30104,2.304325
77.29,2.31058,2.29246,2.30152
77.3,2.31104,2.28424,2.29764
77.31,2.30745,2.29439,2.30092
77.32,2.30758,2.29112,2.29935
77.33,2.30913,2.2916,2.300365
77.34,2.30798,2.29513,2.301555
77.35,2.31277,2.29361,2.30319
77.36,2.31089,2.30496,2.307925
77.37,2.31064,2.29717,2.303905
77.38,2.31,2.30185,2.305925
77.39,2.3087,2.29147,2.300085
77.4,2.3131,2.28717,2.300135
77.41,2.31104,2.29374,2.30239
77.42,2.31615,2.28494,2.300545
77.43,2.31197,2.28376,2.297865
77.44,2.31069,2.2861,2.298395
77.45,2.31927,2.29962,2.309445
77.46,2.31655,2.2907,2.303625
77.47,2.32103,2.28967,2.30535
77.48,2.3134,2.29007,2.301735
77.49,2.30873,2.29475,2.30174
77.5,2.31026,2.294,2.30213
77.51,2.31607,2.28967,2.30287
77.52,2.31173,2.29195,2.30184
77.53,2.31351,2.29142,2.302465
77.54,2.31137,2.29232,2.301845
77.55,2.31199,2.29004,2.301015
77.56,2.31227,2.29161,2.30194
77.57,2.30542,2.28399,2.294705
77.58,2.30937,2.29243,2.3009
77.59,2.31233,2.29629,2.30431
77.6,2.3096,2.28955,2.299575
77.61,2.30902,2.2863,2.29766
77.62,2.31102,2.28916,2.30009
77.63,2.31442,2.28663,2.300525
77.64,2.31037,2.28859,2.29948
77.65,2.31537,2.29399,2.30468
77.66,2.31399,2.29215,2.30307
77.67,2.30677,2.29772,2.302245
77.68,2.30522,2.2924,2.29881
77.69,2.30447,2.29803,2.30125
77.7,2.3071,2.28795,2.297525
77.71,2.31364,2.30197,2.307805
77.72,2.31403,2.29814,2.306085
77.73,2.31436,2.28997,2.302165
77.74,2.31232,2.29426,2.30329
77.75,2.31801,2.29005,2.30403
77.76,2.31032,2.28542,2.29787
77.77,2.30985,2.28351,2.29668
77.78,2.30741,2.29188,2.299645
77.79,2.31003,2.29178,2.300905
77.8,2.32055,2.29092,2.305735
77.81,2.30989,2.29304,2.301465
77.82,2.30787,2.29492,2.301395
77.83,2.30984,2.2957,2.30277
77.84,2.30914,2.28815,2.298645
77.85,2.30991,2.2936,2.301755
77.86,2.31129,2.29205,2.30167
77.87,2.31929,2.285,2.302145
77.88,2.30974,2.29081,2.300275
77.89,2.30735,2.2946,2.300975
77.9,2.30367,2.28588,2.294775
77.91,2.30477,2.28481,2.29479
77.92,2.30963,2.29206,2.300845
77.93,2.30837,2.28601,2.29719
77.94,2.31013,2.29586,2.302995
77.95,2.30523,2.29532,2.300275
77.96,2.30983,2.29311,2.30147
77.97,2.31676,2.28525,2.301005
77.98,2.30737,2.28175,2.29456
77.99,2.30957,2.29268,2.301125
78,2.31246,2.28968,2.30107
78.01,2.30592,2.2842,2.29506
78.02,2.30278,2.28468,2.29373
78.03,2.31003,2.28312,2.296575
78.04,2.3111,2.28752,2.29931
78.05,2.3051,2.29466,2.29988
78.06,2.30941,2.28497,2.29719
78.07,2.31458,2.29645,2.305515
78.08,2.30737,2.29077,2.29907
78.09,2.30814,2.28817,2.298155
78.1,2.30259,2.28561,2.2941
78.11,2.30522,2.29439,2.299805
78.12,2.2989,2.29591,2.297405
78.13,2.3038,2.28798,2.29589
78.14,2.29634,2.29306,2.2947
78.15,2.29588,2.28361,2.289745
78.16,2.30475,2.28842,2.296585
78.17,2.30219,2.29274,2.297465
78.18,2.29978,2.29883,2.299305
78.19,2.30489,2.29046,2.297675
78.2,2.31468,2.29205,2.303365
78.21,2.30914,2.28811,2.298625
78.22,2.30929,2.29227,2.30078
78.23,2.30672,2.28679,2.296755
78.24,2.30642,2.29171,2.299065
78.25,2.3081,2.28082,2.29446
78.26,2.30356,2.28309,2.293325
78.27,2.30697,2.2918,2.299385
78.28,2.31366,2.28138,2.29752
78.29,2.30871,2.27897,2.29384
78.3,2.30435,2.29106,2.297705
78.31,2.3115,2.28252,2.29701
78.32,2.30741,2.28463,2.29602
78.33,2.30888,2.28335,2.296115
78.34,2.29711,2.28165,2.28938
78.35,2.31071,2.28809,2.2994
78.36,2.30507,2.28585,2.29546
78.37,2.31587,2.28425,2.30006
78.38,2.30564,2.28579,2.295715
78.39,2.31221,2.28348,2.297845
78.4,2.31051,2.28822,2.299365
78.41,2.3059,2.28523,2.295565
78.42,2.30752,2.29607,2.301795
78.43,2.30926,2.29651,2.302885
78.44,2.30644,2.29121,2.298825
78.45,2.31479,2.29343,2.30411
78.46,2.30496,2.28655,2.295755
78.47,2.30375,2.28363,2.29369
78.48,2.30748,2.28504,2.29626
78.49,2.30357,2.28893,2.29625
78.5,2.314,2.28411,2.299055
78.51,2.31682,2.28673,2.301775
78.52,2.31184,2.29179,2.301815
78.53,2.31178,2.28632,2.29905
78.54,2.30014,2.29204,2.29609
78.55,2.30555,2.29378,2.299665
78.56,2.31049,2.3003,2.305395
78.57,2.31197,2.29925,2.30561
78.58,2.30793,2.29259,2.30026
78.59,2.3063,2.2844,2.29535
78.6,2.30942,2.29967,2.304545
78.61,2.30527,2.295,2.300135
78.62,2.30366,2.29151,2.297585
78.63,2.29219,2.29021,2.2912
78.64,2.30143,2.29245,2.29694
78.65,2.31306,2.29747,2.305265
78.66,2.30349,2.29377,2.29863
78.67,2.3059,2.2926,2.29925
78.68,2.30119,2.30038,2.300785
78.69,2.30441,2.29706,2.300735
78.7,2.30206,2.29154,2.2968
78.71,2.30408,2.29563,2.299855
78.72,2.31661,2.29427,2.30544
78.73,2.30695,2.29597,2.30146
78.74,2.30697,2.29327,2.30012
78.75,2.30742,2.28895,2.298185
78.76,2.29937,2.29619,2.29778
78.77,2.29793,2.29713,2.29753
78.78,2.31044,2.30094,2.30569
78.79,2.30902,2.2885,2.29876
78.8,2.30774,2.28675,2.297245
78.81,2.30894,2.29071,2.299825
78.82,2.30727,2.294,2.300635
78.83,2.3113,2.29357,2.302435
78.84,2.30461,2.28687,2.29574
78.85,2.30592,2.28518,2.29555
78.86,2.3066,2.28236,2.29448
78.87,2.29669,2.29303,2.29486
78.88,2.30841,2.29142,2.299915
78.89,2.30301,2.29511,2.29906
78.9,2.30964,2.29566,2.30265
78.91,2.31764,2.28814,2.30289
78.92,2.3075,2.2831,2.2953
78.93,2.30586,2.2973,2.30158
78.94,2.30646,2.28767,2.297065
78.95,2.3157,2.28416,2.29993
78.96,2.30134,2.29661,2.298975
78.97,2.3076,2.28464,2.29612
78.98,2.31199,2.29061,2.3013
78.99,2.30998,2.28511,2.297545
79,2.30827,2.28888,2.298575
79.01,2.29994,2.28877,2.294355
79.02,2.30159,2.29487,2.29823
79.03,2.30439,2.287,2.295695
79.04,2.31289,2.2882,2.300545
79.05,2.30273,2.29618,2.299455
79.06,2.30029,2.29189,2.29609
79.07,2.30329,2.2962,2.299745
79.08,2.30582,2.29557,2.300695
79.09,2.3079,2.2833,2.2956
79.1,2.3047,2.2858,2.29525
79.11,2.30759,2.29189,2.29974
79.12,2.30527,2.29178,2.298525
79.13,2.30474,2.28986,2.2973
79.14,2.30588,2.29364,2.29976
79.15,2.30543,2.29549,2.30046
79.16,2.29818,2.30111,2.299645
79.17,2.29628,2.2975,2.29689
79.18,2.30042,2.29173,2.296075
79.19,2.30381,2.29148,2.297645
79.2,2.31074,2.29097,2.300855
79.21,2.30368,2.29204,2.29786
79.22,2.30234,2.29859,2.300465
79.23,2.30318,2.30574,2.30446
79.24,2.30693,2.29605,2.30149
79.25,2.30832,2.2987,2.30351
79.26,2.30591,2.2967,2.301305
79.27,2.30343,2.30072,2.302075
79.28,2.30135,2.29436,2.297855
79.29,2.29893,2.29009,2.29451
79.3,2.30442,2.28531,2.294865
79.31,2.30647,2.2773,2.291885
79.32,2.3025,2.29065,2.296575
79.33,2.30347,2.28383,2.29365
79.34,2.30741,2.28215,2.29478
79.35,2.30853,2.2897,2.299115
79.36,2.30796,2.28885,2.298405
79.37,2.30499,2.28582,2.295405
79.38,2.30912,2.2843,2.29671
79.39,2.30506,2.28771,2.296385
79.4,2.2963,2.28592,2.29111
79.41,2.30142,2.28664,2.29403
79.42,2.3026,2.28886,2.29573
79.43,2.30476,2.28335,2.294055
79.44,2.30047,2.28872,2.294595
79.45,2.30745,2.28857,2.29801
79.46,2.31225,2.28759,2.29992
79.47,2.30076,2.28283,2.291795
79.48,2.29526,2.28745,2.291355
79.49,2.30685,2.28004,2.293445
79.5,2.30323,2.28119,2.29221
79.51,2.31364,2.2828,2.29822
79.52,2.30968,2.28461,2.297145
79.53,2.30839,2.28457,2.29648
79.54,2.31193,2.27994,2.295935
79.55,2.30575,2.27391,2.28983
79.56,2.30977,2.28379,2.29678
79.57,2.30394,2.2756,2.28977
79.58,2.30077,2.2857,2.293235
79.59,2.30797,2.27855,2.29326
79.6,2.31296,2.28293,2.297945
79.61,2.31056,2.28403,2.297295
79.62,2.30849,2.28439,2.29644
79.63,2.31327,2.28239,2.29783
79.64,2.3081,2.28021,2.294155
79.65,2.3003,2.27743,2.288865
79.66,2.30047,2.27987,2.29017
79.67,2.3129,2.28732,2.30011
79.68,2.30489,2.2816,2.293245
79.69,2.30632,2.28495,2.295635
79.7,2.30827,2.28272,2.295495
79.71,2.31233,2.28464,2.298485
79.72,2.30239,2.27909,2.29074
79.73,2.30233,2.28302,2.292675
79.74,2.29605,2.28064,2.288345
79.75,2.29668,2.28286,2.28977
79.76,2.29785,2.27673,2.28729
79.77,2.30087,2.28492,2.292895
79.78,2.29148,2.27663,2.284055
79.79,2.28848,2.27594,2.28221
79.8,2.2964,2.2845,2.29045
79.81,2.29586,2.28381,2.289835
79.82,2.29761,2.28728,2.292445
79.83,2.29435,2.28014,2.287245
79.84,2.28559,2.2798,2.282695
79.85,2.28978,2.28594,2.28786
79.86,2.28941,2.28881,2.28911
79.87,2.28554,2.27958,2.28256
79.88,2.28734,2.28081,2.284075
79.89,2.29705,2.28835,2.2927
79.9,2.29149,2.27869,2.28509
79.91,2.29369,2.27726,2.285475
79.92,2.29011,2.2793,2.284705
79.93,2.29087,2.2739,2.282385
79.94,2.29926,2.28037,2.289815
79.95,2.30196,2.27857,2.290265
79.96,2.29668,2.28584,2.29126
79.97,2.30283,2.27756,2.290195
79.98,2.30027,2.27707,2.28867
79.99,2.29766,2.28358,2.29062
80,2.30012,2.28392,2.29202
80.01,2.29504,2.28343,2.289235
80.02,2.29853,2.28916,2.293845
80.03,2.29818,2.28463,2.291405
80.04,2.29511,2.27824,2.286675
80.05,2.29493,2.27632,2.285625
80.06,2.29168,2.28763,2.289655
80.07,2.29481,2.28721,2.29101
80.08,2.30164,2.28699,2.294315
80.09,2.2985,2.27941,2.288955
80.1,2.29539,2.2805,2.287945
80.11,2.30076,2.28005,2.290405
80.12,2.29693,2.27951,2.28822
80.13,2.29903,2.28215,2.29059
80.14,2.30052,2.27713,2.288825
80.15,2.30233,2.27307,2.2877
80.16,2.30204,2.28075,2.291395
80.17,2.29501,2.27463,2.28482
80.18,2.30028,2.27714,2.28871
80.19,2.2999,2.28055,2.290225
80.2,2.29749,2.28015,2.28882
80.21,2.29966,2.2745,2.28708
80.22,2.29663,2.28143,2.28903
80.23,2.29887,2.2802,2.289535
80.24,2.29227,2.28471,2.28849
80.25,2.29416,2.28767,2.290915
80.26,2.30117,2.28213,2.29165
80.27,2.29997,2.28546,2.292715
80.28,2.29536,2.28041,2.287885
80.29,2.30325,2.28833,2.29579
80.3,2.30494,2.29301,2.298975
80.31,2.30257,2.29234,2.297455
80.32,2.30473,2.27908,2.291905
80.33,2.30443,2.28518,2.294805
80.34,2.30651,2.28137,2.29394
80.35,2.30879,2.28495,2.29687
80.36,2.30181,2.29705,2.29943
80.37,2.29714,2.28861,2.292875
80.38,2.30849,2.28634,2.297415
80.39,2.29893,2.296,2.297465
80.4,2.29897,2.28079,2.28988
80.41,2.29907,2.28041,2.28974
80.42,2.29888,2.28706,2.29297
80.43,2.30368,2.27911,2.291395
80.44,2.30403,2.27547,2.28975
80.45,2.30415,2.28314,2.293645
80.46,2.3002,2.28202,2.29111
80.47,2.30657,2.28059,2.29358
80.48,2.30055,2.28255,2.29155
80.49,2.29868,2.28504,2.29186
80.5,2.29797,2.28299,2.29048
80.51,2.29839,2.29505,2.29672
80.52,2.29137,2.2879,2.289635
80.53,2.29148,2.27835,2.284915
80.54,2.29685,2.27826,2.287555
80.55,2.30365,2.28588,2.294765
80.56,2.29525,2.27751,2.28638
80.57,2.29901,2.28564,2.292325
80.58,2.29752,2.27447,2.285995
80.59,2.29318,2.27488,2.28403
80.6,2.29579,2.28418,2.289985
80.61,2.3017,2.28831,2.295005
80.62,2.29402,2.28234,2.28818
80.63,2.30184,2.28366,2.29275
80.64,2.30864,2.28245,2.295545
80.65,2.29774,2.28184,2.28979
80.66,2.30342,2.28739,2.295405
80.67,2.30089,2.27798,2.289435
80.68,2.30066,2.28304,2.29185
80.69,2.30262,2.28152,2.29207
80.7,2.29746,2.27973,2.288595
80.71,2.29454,2.28652,2.29053
80.72,2.29695,2.28476,2.290855
80.73,2.29251,2.27521,2.28386
80.74,2.29777,2.28864,2.293205
80.75,2.29993,2.28224,2.291085
80.76,2.29362,2.28586,2.28974
80.77,2.29854,2.29051,2.294525
80.78,2.29928,2.28067,2.289975
80.79,2.30086,2.28825,2.294555
80.8,2.30058,2.28514,2.29286
80.81,2.29897,2.29706,2.298015
80.82,2.30698,2.29779,2.302385
80.83,2.30482,2.29067,2.297745
80.84,2.30245,2.29188,2.297165
80.85,2.29133,2.28363,2.28748
80.86,2.30059,2.28524,2.292915
80.87,2.29595,2.28965,2.2928
80.88,2.29854,2.29111,2.294825
80.89,2.2949,2.297,2.29595
80.9,2.30303,2.29655,2.29979
80.91,2.30095,2.29112,2.296035
80.92,2.29786,2.29093,2.294395
80.93,2.30425,2.28447,2.29436
80.94,2.29853,2.29673,2.29763
80.95,2.29748,2.29159,2.294535
80.96,2.29584,2.2942,2.29502
80.97,2.29467,2.29638,2.295525
80.98,2.29182,2.30391,2.297865
80.99,2.29861,2.2925,2.295555
81,2.29055,2.29057,2.29056
81.01,2.2858,2.28975,2.287775
81.02,2.29064,2.28275,2.286695
81.03,2.2978,2.28518,2.29149
81.04,2.30002,2.29134,2.29568
81.05,2.30173,2.2893,2.295515
81.06,2.29139,2.29298,2.292185
81.07,2.28882,2.28517,2.286995
81.08,2.28972,2.28815,2.288935
81.09,2.30064,2.29466,2.29765
81.1,2.29458,2.29791,2.296245
81.11,2.29475,2.2983,2.296525
81.12,2.29349,2.281,2.287245
81.13,2.30123,2.29439,2.29781
81.14,2.30042,2.28776,2.29409
81.15,2.29385,2.29244,2.293145
81.16,2.29259,2.28558,2.289085
81.17,2.28791,2.28641,2.28716
81.18,2.29826,2.28472,2.29149
81.19,2.29477,2.281,2.287885
81.2,2.2941,2.28775,2.290925
81.21,2.29153,2.2845,2.288015
81.22,2.28967,2.28403,2.28685
81.23,2.29493,2.28283,2.28888
81.24,2.29185,2.28264,2.287245
81.25,2.28498,2.29146,2.28822
81.26,2.28757,2.29108,2.289325
81.27,2.29447,2.2731,2.283785
81.28,2.28925,2.28673,2.28799
81.29,2.29411,2.28256,2.288335
81.3,2.29323,2.27761,2.28542
81.31,2.28937,2.28219,2.28578
81.32,2.28906,2.28351,2.286285
81.33,2.29405,2.2873,2.290675
81.34,2.28573,2.28372,2.284725
81.35,2.29565,2.28465,2.29015
81.36,2.29019,2.29182,2.291005
81.37,2.29376,2.28124,2.2875
81.38,2.29564,2.2824,2.28902
81.39,2.29033,2.28738,2.288855
81.4,2.29485,2.28494,2.289895
81.41,2.29012,2.28394,2.28703
81.42,2.29609,2.28389,2.28999
81.43,2.29389,2.29162,2.292755
81.44,2.28878,2.28355,2.286165
81.45,2.28453,2.29396,2.289245
81.46,2.28633,2.29196,2.289145
81.47,2.29134,2.29453,2.292935
81.48,2.2892,2.29501,2.292105
81.49,2.29251,2.29557,2.29404
81.5,2.29407,2.29949,2.29678
81.51,2.28166,2.28482,2.28324
81.52,2.29528,2.29102,2.29315
81.53,2.29397,2.29076,2.292365
81.54,2.28756,2.29448,2.29102
81.55,2.28727,2.29437,2.29082
81.56,2.29797,2.28911,2.29354
81.57,2.29709,2.29716,2.297125
81.58,2.29819,2.28912,2.293655
81.59,2.30218,2.29119,2.296685
81.6,2.30523,2.30197,2.3036
81.61,2.30011,2.29178,2.295945
81.62,2.29891,2.29349,2.2962
81.63,2.29584,2.29074,2.29329
81.64,2.30033,2.29879,2.29956
81.65,2.29585,2.29448,2.295165
81.66,2.29391,2.29017,2.29204
81.67,2.30033,2.29546,2.297895
81.68,2.29785,2.28553,2.29169
81.69,2.29756,2.29063,2.294095
81.7,2.30009,2.28923,2.29466
81.71,2.30161,2.29438,2.297995
81.72,2.29642,2.29228,2.29435
81.73,2.29422,2.29627,2.295245
81.74,2.29914,2.29644,2.29779
81.75,2.30491,2.28797,2.29644
81.76,2.30542,2.28092,2.29317
81.77,2.29894,2.28812,2.29353
81.78,2.29884,2.29388,2.29636
81.79,2.30238,2.29894,2.30066
81.8,2.30137,2.29758,2.299475
81.81,2.30399,2.30264,2.303315
81.82,2.29825,2.29218,2.295215
81.83,2.30444,2.29115,2.297795
81.84,2.30076,2.2883,2.29453
81.85,2.30381,2.28509,2.29445
81.86,2.3001,2.28548,2.29279
81.87,2.29173,2.29104,2.291385
81.88,2.3033,2.28456,2.29393
81.89,2.29893,2.28878,2.293855
81.9,2.2984,2.28909,2.293745
81.91,2.29799,2.27954,2.288765
81.92,2.3008,2.28749,2.294145
81.93,2.30665,2.2856,2.296125
81.94,2.30462,2.28874,2.29668
81.95,2.30046,2.2883,2.29438
81.96,2.30272,2.28012,2.29142
81.97,2.30522,2.28359,2.294405
81.98,2.30996,2.29102,2.30049
81.99,2.30582,2.28863,2.297225
82,2.30416,2.29148,2.29782
82.01,2.30278,2.29271,2.297745
82.02,2.29553,2.28881,2.29217
82.03,2.30852,2.29646,2.30249
82.04,2.31025,2.29048,2.300365
82.05,2.30573,2.29467,2.3002
82.06,2.30614,2.29106,2.2986
82.07,2.30256,2.28316,2.29286
82.08,2.30175,2.28573,2.29374
82.09,2.30027,2.28516,2.292715
82.1,2.29846,2.29942,2.29894
82.11,2.30382,2.28509,2.294455
82.12,2.30624,2.29468,2.30046
82.13,2.29781,2.28633,2.29207
82.14,2.2956,2.2846,2.2901
82.15,2.30692,2.28942,2.29817
82.16,2.29692,2.29758,2.29725
82.17,2.30282,2.28976,2.29629
82.18,2.28749,2.28777,2.28763
82.19,2.30231,2.29869,2.3005
82.2,2.29209,2.30221,2.29715
82.21,2.30057,2.29237,2.29647
82.22,2.30335,2.28853,2.29594
82.23,2.30674,2.29296,2.29985
82.24,2.30177,2.29665,2.29921
82.25,2.30047,2.29537,2.29792
82.26,2.30389,2.28963,2.29676
82.27,2.30809,2.29893,2.30351
82.28,2.29938,2.29235,2.295865
82.29,2.29682,2.29452,2.29567
82.3,2.30187,2.30124,2.301555
82.31,2.31121,2.30139,2.3063
82.32,2.30788,2.29333,2.300605
82.33,2.30399,2.29875,2.30137
82.34,2.30125,2.29326,2.297255
82.35,2.29778,2.2945,2.29614
82.36,2.30097,2.2973,2.299135
82.37,2.30637,2.30661,2.30649
82.38,2.30628,2.29677,2.301525
82.39,2.3022,2.29311,2.297655
82.4,2.31301,2.29512,2.304065
82.41,2.30405,2.29495,2.2995
82.42,2.29825,2.29824,2.298245
82.43,2.30028,2.29631,2.298295
82.44,2.29794,2.29746,2.2977
82.45,2.29924,2.29072,2.29498
82.46,2.30079,2.29899,2.29989
82.47,2.30086,2.30536,2.30311
82.48,2.29936,2.30535,2.302355
82.49,2.29203,2.30688,2.299455
82.5,2.29996,2.29587,2.297915
82.51,2.30025,2.30554,2.302895
82.52,2.29665,2.30486,2.300755
82.53,2.30851,2.30309,2.3058
82.54,2.29953,2.30311,2.30132
82.55,2.3026,2.31569,2.309145
82.56,2.29731,2.30985,2.30358
82.57,2.30495,2.30262,2.303785
82.58,2.29509,2.3083,2.301695
82.59,2.30048,2.30457,2.302525
82.6,2.29679,2.31249,2.30464
82.61,2.29923,2.31229,2.30576
82.62,2.2958,2.31011,2.302955
82.63,2.30278,2.3038,2.30329
82.64,2.30027,2.30443,2.30235
82.65,2.30327,2.30461,2.30394
82.66,2.30162,2.30143,2.301525
82.67,2.30745,2.29984,2.303645
82.68,2.30547,2.3002,2.302835
82.69,2.29667,2.30648,2.301575
82.7,2.30142,2.3086,2.30501
82.71,2.30101,2.29745,2.29923
82.72,2.30062,2.29351,2.297065
82.73,2.30638,2.29944,2.30291
82.74,2.30535,2.29431,2.29983
82.75,2.3097,2.30127,2.305485
82.76,2.30357,2.29324,2.298405
82.77,2.29917,2.30067,2.29992
82.78,2.30064,2.30332,2.30198
82.79,2.29847,2.30785,2.30316
82.8,2.29742,2.29774,2.29758
82.81,2.30588,2.30148,2.30368
82.82,2.29968,2.29475,2.297215
82.83,2.30993,2.28189,2.29591
82.84,2.29856,2.28834,2.29345
82.85,2.3073,2.29499,2.301145
82.86,2.30228,2.29372,2.298
82.87,2.29436,2.29295,2.293655
82.88,2.30097,2.29543,2.2982
82.89,2.29149,2.30219,2.29684
82.9,2.30001,2.28723,2.29362
82.91,2.30185,2.30556,2.303705
82.92,2.29285,2.29568,2.294265
82.93,2.30283,2.29224,2.297535
82.94,2.30324,2.30617,2.304705
82.95,2.29965,2.30009,2.29987
82.96,2.30152,2.30074,2.30113
82.97,2.30273,2.29788,2.300305
82.98,2.29402,2.303,2.29851
82.99,2.29617,2.29779,2.29698
83,2.2962,2.29373,2.294965
83.01,2.29438,2.29661,2.295495
83.02,2.29893,2.29404,2.296485
83.03,2.30237,2.28647,2.29442
83.04,2.30401,2.28959,2.2968
83.05,2.30053,2.29833,2.29943
83.06,2.30305,2.30371,2.30338
83.07,2.30646,2.29259,2.299525
83.08,2.30943,2.28632,2.297875
83.09,2.30772,2.29492,2.30132
83.1,2.29614,2.30241,2.299275
83.11,2.31199,2.30266,2.307325
83.12,2.30255,2.29729,2.29992
83.13,2.30546,2.30533,2.305395
83.14,2.31,2.29765,2.303825
83.15,2.30412,2.29784,2.30098
83.16,2.3056,2.30527,2.305435
83.17,2.30922,2.29541,2.302315
83.18,2.30771,2.30172,2.304715
83.19,2.30303,2.30177,2.3024
83.2,2.30671,2.29796,2.302335
83.21,2.30837,2.30075,2.30456
83.22,2.30744,2.30798,2.30771
83.23,2.30299,2.2979,2.300445
83.24,2.30778,2.3121,2.30994
83.25,2.31046,2.30326,2.30686
83.26,2.30597,2.30896,2.307465
83.27,2.30927,2.30356,2.306415
83.28,2.3124,2.29109,2.301745
83.29,2.30387,2.3096,2.306735
83.3,2.30793,2.30195,2.30494
83.31,2.29933,2.29522,2.297275
83.32,2.29457,2.29316,2.293865
83.33,2.30296,2.29851,2.300735
83.34,2.30432,2.29775,2.301035
83.35,2.30878,2.30325,2.306015
83.36,2.31471,2.29978,2.307245
83.37,2.30606,2.29877,2.302415
83.38,2.30931,2.30512,2.307215
83.39,2.30972,2.29993,2.304825
83.4,2.30698,2.29525,2.301115
83.41,2.30308,2.29325,2.298165
83.42,2.29978,2.29534,2.29756
83.43,2.3013,2.30481,2.303055
83.44,2.2943,2.30514,2.29972
83.45,2.30359,2.30084,2.302215
83.46,2.30439,2.30506,2.304725
83.47,2.30126,2.29632,2.29879
83.48,2.30231,2.29207,2.29719
83.49,2.3099,2.29645,2.303175
83.5,2.30618,2.30888,2.30753
83.51,2.30724,2.3039,2.30557
83.52,2.31023,2.29055,2.30039
83.53,2.31402,2.29818,2.3061
83.54,2.30679,2.29753,2.30216
83.55,2.31232,2.29614,2.30423
83.56,2.31028,2.29526,2.30277
83.57,2.30404,2.2925,2.29827
83.58,2.31064,2.29196,2.3013
83.59,2.3084,2.29147,2.299935
83.6,2.304,2.29715,2.300575
83.61,2.30851,2.29961,2.30406
83.62,2.30754,2.29607,2.301805
83.63,2.30926,2.2948,2.30203
83.64,2.31513,2.29322,2.304175
83.65,2.30073,2.2977,2.299215
83.66,2.31311,2.28806,2.300585
83.67,2.30405,2.29679,2.30042
83.68,2.30596,2.30386,2.30491
83.69,2.31599,2.29275,2.30437
83.7,2.3188,2.29184,2.30532
83.71,2.31371,2.30121,2.30746
83.72,2.31362,2.28939,2.301505
83.73,2.30845,2.30171,2.30508
83.74,2.31651,2.2999,2.308205
83.75,2.32224,2.28895,2.305595
83.76,2.30647,2.27637,2.29142
83.77,2.3092,2.3004,2.3048
83.78,2.31626,2.30062,2.30844
83.79,2.31475,2.30066,2.307705
83.8,2.31145,2.28595,2.2987
83.81,2.30634,2.29647,2.301405
83.82,2.30541,2.29059,2.298
83.83,2.30879,2.29829,2.30354
83.84,2.3013,2.28994,2.29562
83.85,2.30403,2.30126,2.302645
83.86,2.30715,2.29627,2.30171
83.87,2.30329,2.29504,2.299165
83.88,2.30908,2.29492,2.302
83.89,2.29887,2.29885,2.29886
83.9,2.30301,2.29594,2.299475
83.91,2.30153,2.28862,2.295075
83.92,2.30388,2.29313,2.298505
83.93,2.30136,2.28916,2.29526
83.94,2.30725,2.29595,2.3016
83.95,2.31014,2.29138,2.30076
83.96,2.30269,2.30537,2.30403
83.97,2.30418,2.29875,2.301465
83.98,2.30402,2.29222,2.29812
83.99,2.30692,2.28798,2.29745
84,2.30885,2.28864,2.298745
84.01,2.30637,2.29503,2.3007
84.02,2.31235,2.2881,2.300225
84.03,2.31238,2.28731,2.299845
84.04,2.30607,2.29493,2.3005
84.05,2.31452,2.29441,2.304465
84.06,2.31128,2.29272,2.302
84.07,2.31028,2.29743,2.303855
84.08,2.30837,2.29374,2.301055
84.09,2.31387,2.29889,2.30638
84.1,2.31097,2.29466,2.302815
84.11,2.32261,2.28744,2.305025
84.12,2.31304,2.30437,2.308705
84.13,2.31322,2.28794,2.30058
84.14,2.31229,2.29729,2.30479
84.15,2.31359,2.29109,2.30234
84.16,2.32292,2.29948,2.3112
84.17,2.31941,2.30092,2.310165
84.18,2.31587,2.29125,2.30356
84.19,2.30877,2.30113,2.30495
84.2,2.31015,2.29419,2.30217
84.21,2.31803,2.29013,2.30408
84.22,2.31499,2.29591,2.30545
84.23,2.3083,2.29231,2.300305
84.24,2.31539,2.29195,2.30367
84.25,2.31477,2.29681,2.30579
84.26,2.31382,2.30434,2.30908
84.27,2.32118,2.29885,2.310015
84.28,2.31093,2.30253,2.30673
84.29,2.311,2.30223,2.306615
84.3,2.30995,2.30355,2.30675
84.31,2.30421,2.30269,2.30345
84.32,2.30615,2.29868,2.302415
84.33,2.30541,2.29898,2.302195
84.34,2.30769,2.29158,2.299635
84.35,2.30376,2.29558,2.29967
84.36,2.30427,2.2891,2.296685
84.37,2.30803,2.29851,2.30327
84.38,2.29961,2.29867,2.29914
84.39,2.29653,2.28947,2.293
84.4,2.30496,2.29382,2.29939
84.41,2.30085,2.30719,2.30402
84.42,2.29635,2.29678,2.296565
84.43,2.30082,2.30276,2.30179
84.44,2.3018,2.28842,2.29511
84.45,2.30281,2.29292,2.297865
84.46,2.2996,2.29556,2.29758
84.47,2.29663,2.30038,2.298505
84.48,2.30539,2.29262,2.299005
84.49,2.30792,2.29268,2.3003
84.5,2.30318,2.29536,2.29927
84.51,2.30808,2.293,2.30054
84.52,2.30864,2.2973,2.30297
84.53,2.30053,2.30269,2.30161
84.54,2.30468,2.30026,2.30247
84.55,2.31026,2.29833,2.304295
84.56,2.30755,2.2966,2.302075
84.57,2.31571,2.29206,2.303885
84.58,2.2999,2.29557,2.297735
84.59,2.2984,2.29609,2.297245
84.6,2.31068,2.2993,2.30499
84.61,2.3141,2.30231,2.308205
84.62,2.31517,2.30013,2.30765
84.63,2.31208,2.29966,2.30587
84.64,2.30877,2.29834,2.303555
84.65,2.31181,2.30351,2.30766
84.66,2.30455,2.29343,2.29899
84.67,2.31326,2.2997,2.30648
84.68,2.31422,2.29778,2.306
84.69,2.3184,2.3002,2.3093
84.7,2.30387,2.30123,2.30255
84.71,2.30346,2.29699,2.300225
84.72,2.30158,2.3046,2.30309
84.73,2.30439,2.29616,2.300275
84.74,2.30472,2.30334,2.30403
84.75,2.3042,2.29351,2.298855
84.76,2.30989,2.29045,2.30017
84.77,2.30975,2.297,2.303375
84.78,2.30774,2.3082,2.30797
84.79,2.30812,2.29589,2.302005
84.8,2.31086,2.29396,2.30241
84.81,2.31246,2.29758,2.30502
84.82,2.30757,2.30087,2.30422
84.83,2.30953,2.29436,2.301945
84.84,2.30645,2.30207,2.30426
84.85,2.29777,2.29664,2.297205
84.86,2.30862,2.29974,2.30418
84.87,2.30639,2.29844,2.302415
84.88,2.30548,2.30023,2.302855
84.89,2.31272,2.30277,2.307745
84.9,2.31484,2.29769,2.306265
84.91,2.30482,2.29532,2.30007
84.92,2.30502,2.29557,2.300295
84.93,2.30569,2.29334,2.299515
84.94,2.30815,2.29058,2.299365
84.95,2.30912,2.30161,2.305365
84.96,2.30799,2.29532,2.301655
84.97,2.3107,2.29964,2.30517
84.98,2.30596,2.29518,2.30057
84.99,2.30803,2.29865,2.30334
85,2.30093,2.29858,2.299755
85.01,2.30208,2.30287,2.302475
85.02,2.30571,2.29619,2.30095
85.03,2.31321,2.29483,2.30402
85.04,2.30358,2.29789,2.300735
85.05,2.30917,2.29795,2.30356
85.06,2.30993,2.30097,2.30545
85.07,2.31032,2.29279,2.301555
85.08,2.31025,2.29421,2.30223
85.09,2.31158,2.30255,2.307065
85.1,2.30932,2.30027,2.304795
85.11,2.30778,2.30134,2.30456
85.12,2.30873,2.29459,2.30166
85.13,2.31524,2.29424,2.30474
85.14,2.31035,2.30211,2.30623
85.15,2.29571,2.2917,2.293705
85.16,2.30704,2.29686,2.30195
85.17,2.31202,2.29337,2.302695
85.18,2.30153,2.29289,2.29721
85.19,2.30605,2.29676,2.301405
85.2,2.30359,2.29667,2.30013
85.21,2.3089,2.29265,2.300775
85.22,2.30468,2.29966,2.30217
85.23,2.30977,2.29477,2.30227
85.24,2.31069,2.30155,2.30612
85.25,2.31322,2.29504,2.30413
85.26,2.30348,2.29628,2.29988
85.27,2.30574,2.29804,2.30189
85.28,2.30411,2.29471,2.29941
85.29,2.30744,2.29895,2.303195
85.3,2.30742,2.30441,2.305915
85.31,2.30374,2.29519,2.299465
85.32,2.30579,2.30661,2.3062
85.33,2.30934,2.29382,2.30158
85.34,2.30517,2.2998,2.302485
85.35,2.30306,2.29515,2.299105
85.36,2.30309,2.29712,2.300105
85.37,2.30563,2.29524,2.300435
85.38,2.30722,2.29326,2.30024
85.39,2.30502,2.28953,2.297275
85.4,2.30752,2.28515,2.296335
85.41,2.30336,2.28381,2.293585
85.42,2.3083,2.288,2.29815
85.43,2.30873,2.29996,2.304345
85.44,2.30846,2.28939,2.298925
85.45,2.30828,2.28143,2.294855
85.46,2.30387,2.2983,2.301085
85.47,2.30417,2.29501,2.29959
85.48,2.301,2.30025,2.300625
85.49,2.3063,2.29559,2.300945
85.5,2.30361,2.29247,2.29804
85.51,2.30486,2.29358,2.29922
85.52,2.30674,2.29377,2.300255
85.53,2.31354,2.28571,2.299625
85.54,2.31537,2.29305,2.30421
85.55,2.30611,2.28946,2.297785
85.56,2.31277,2.28985,2.30131
85.57,2.3116,2.29406,2.30283
85.58,2.31189,2.29354,2.302715
85.59,2.30176,2.28902,2.29539
85.6,2.30004,2.2859,2.29297
85.61,2.30396,2.29078,2.29737
85.62,2.29854,2.2894,2.29397
85.63,2.29799,2.27899,2.28849
85.64,2.30741,2.28085,2.29413
85.65,2.30011,2.28224,2.291175
85.66,2.29884,2.29123,2.295035
85.67,2.30282,2.28624,2.29453
85.68,2.30571,2.27982,2.292765
85.69,2.30918,2.29387,2.301525
85.7,2.30906,2.28915,2.299105
85.71,2.30967,2.29521,2.30244
85.72,2.30299,2.29756,2.300275
85.73,2.31147,2.28529,2.29838
85.74,2.30904,2.28988,2.29946
85.75,2.30677,2.28641,2.29659
85.76,2.30108,2.28578,2.29343
85.77,2.30721,2.29896,2.303085
85.78,2.30799,2.30288,2.305435
85.79,2.30285,2.29214,2.297495
85.8,2.29967,2.3016,2.300635
85.81,2.30607,2.29363,2.29985
85.82,2.29736,2.29059,2.293975
85.83,2.29359,2.29113,2.29236
85.84,2.29826,2.28856,2.29341
85.85,2.30751,2.2941,2.300805
85.86,2.30606,2.29823,2.302145
85.87,2.30942,2.29268,2.30105
85.88,2.30636,2.2869,2.29663
85.89,2.30827,2.28678,2.297525
85.9,2.30597,2.29004,2.298005
85.91,2.31679,2.28472,2.300755
85.92,2.31501,2.29244,2.303725
85.93,2.31771,2.28594,2.301825
85.94,2.30919,2.28805,2.29862
85.95,2.31369,2.29242,2.303055
85.96,2.31172,2.2925,2.30211
85.97,2.30758,2.30009,2.303835
85.98,2.31835,2.29885,2.3086
85.99,2.31132,2.282,2.29666
86,2.30727,2.29131,2.29929
86.01,2.31311,2.28985,2.30148
86.02,2.3127,2.29778,2.30524
86.03,2.31998,2.29464,2.30731
86.04,2.31806,2.30201,2.310035
86.05,2.30997,2.29006,2.300015
86.06,2.31206,2.28958,2.30082
86.07,2.31535,2.28733,2.30134
86.08,2.31753,2.2875,2.302515
86.09,2.31298,2.29271,2.302845
86.1,2.31652,2.3014,2.30896
86.11,2.30792,2.30097,2.304445
86.12,2.31078,2.29778,2.30428
86.13,2.31909,2.29082,2.304955
86.14,2.32158,2.29532,2.30845
86.15,2.31834,2.28979,2.304065
86.16,2.31407,2.29592,2.304995
86.17,2.31603,2.29253,2.30428
86.18,2.3164,2.28807,2.302235
86.19,2.32338,2.29283,2.308105
86.2,2.3219,2.29101,2.306455
86.21,2.32206,2.29413,2.308095
86.22,2.31868,2.29565,2.307165
86.23,2.32097,2.28743,2.3042
86.24,2.32246,2.2894,2.30593
86.25,2.32221,2.2922,2.307205
86.26,2.32461,2.29155,2.30808
86.27,2.31999,2.29095,2.30547
86.28,2.3177,2.29848,2.30809
86.29,2.32033,2.29282,2.306575
86.3,2.32162,2.28977,2.305695
86.31,2.32667,2.28347,2.30507
86.32,2.31526,2.29849,2.306875
86.33,2.30726,2.29972,2.30349
86.34,2.30857,2.29431,2.30144
86.35,2.31001,2.29481,2.30241
86.36,2.30959,2.29583,2.30271
86.37,2.31128,2.29167,2.301475
86.38,2.32008,2.2865,2.30329
86.39,2.31563,2.28838,2.302005
86.4,2.32361,2.29618,2.309895
86.41,2.31455,2.28649,2.30052
86.42,2.30919,2.28598,2.297585
86.43,2.31497,2.28731,2.30114
86.44,2.31011,2.28754,2.298825
86.45,2.31249,2.29245,2.30247
86.46,2.31219,2.29408,2.303135
86.47,2.31679,2.29252,2.304655
86.48,2.31255,2.28296,2.297755
86.49,2.30799,2.29432,2.301155
86.5,2.30414,2.2873,2.29572
86.51,2.30224,2.29379,2.298015
86.52,2.3025,2.28688,2.29469
86.53,2.30092,2.28923,2.295075
86.54,2.30756,2.28954,2.29855
86.55,2.30704,2.2804,2.29372
86.56,2.30647,2.28359,2.29503
86.57,2.31099,2.28325,2.29712
86.58,2.30438,2.29004,2.29721
86.59,2.30646,2.28761,2.297035
86.6,2.30973,2.29712,2.303425
86.61,2.30346,2.2922,2.29783
86.62,2.29915,2.29797,2.29856
86.63,2.31112,2.28368,2.2974
86.64,2.31419,2.29334,2.303765
86.65,2.31277,2.28533,2.29905
86.66,2.3156,2.29668,2.30614
86.67,2.31434,2.30065,2.307495
86.68,2.30673,2.28909,2.29791
86.69,2.30821,2.29186,2.300035
86.7,2.31303,2.29315,2.30309
86.71,2.30896,2.29738,2.30317
86.72,2.31098,2.29849,2.304735
86.73,2.31088,2.2886,2.29974
86.74,2.31379,2.29518,2.304485
86.75,2.3212,2.28491,2.303055
86.76,2.317,2.29385,2.305425
86.77,2.31587,2.28183,2.29885
86.78,2.31166,2.28161,2.296635
86.79,2.31617,2.28694,2.301555
86.8,2.31217,2.28736,2.299765
86.81,2.31195,2.28815,2.30005
86.82,2.32005,2.29486,2.307455
86.83,2.30864,2.28949,2.299065
86.84,2.31584,2.29712,2.30648
86.85,2.31279,2.29481,2.3038
86.86,2.31334,2.28738,2.30036
86.87,2.31645,2.29914,2.307795
86.88,2.31051,2.29467,2.30259
86.89,2.31749,2.29661,2.30705
86.9,2.31503,2.29369,2.30436
86.91,2.31708,2.30037,2.308725
86.92,2.32058,2.29165,2.306115
86.93,2.31927,2.28543,2.30235
86.94,2.32282,2.29325,2.308035
86.95,2.32401,2.29932,2.311665
86.96,2.30786,2.29943,2.303645
86.97,2.32267,2.29844,2.310555
86.98,2.31228,2.29284,2.30256
86.99,2.31063,2.2938,2.302215
87,2.31269,2.29647,2.30458
87.01,2.31804,2.28997,2.304005
87.02,2.31713,2.30153,2.30933
87.03,2.32464,2.29652,2.31058
87.04,2.32191,2.29984,2.310875
87.05,2.3248,2.29649,2.310645
87.06,2.31114,2.29893,2.305035
87.07,2.31255,2.29909,2.30582
87.08,2.31447,2.29851,2.30649
87.09,2.31727,2.30289,2.31008
87.1,2.31072,2.29628,2.3035
87.11,2.3182,2.29478,2.30649
87.12,2.31767,2.29754,2.307605
87.13,2.31645,2.29728,2.306865
87.14,2.31686,2.28669,2.301775
87.15,2.31891,2.29385,2.30638
87.16,2.32096,2.29598,2.30847
87.17,2.3172,2.28909,2.303145
87.18,2.31923,2.29488,2.307055
87.19,2.30605,2.29419,2.30012
87.2,2.31205,2.29305,2.30255
87.21,2.31344,2.29673,2.305085
87.22,2.30754,2.29735,2.302445
87.23,2.31297,2.29316,2.303065
87.24,2.3093,2.2927,2.301
87.25,2.31237,2.29357,2.30297
87.26,2.31582,2.28606,2.30094
87.27,2.31045,2.29388,2.302165
87.28,2.31279,2.28772,2.300255
87.29,2.31409,2.28736,2.300725
87.3,2.31077,2.29869,2.30473
87.31,2.30413,2.28568,2.294905
87.32,2.30899,2.29812,2.303555
87.33,2.30916,2.2954,2.30228
87.34,2.31311,2.29568,2.304395
87.35,2.31207,2.28569,2.29888
87.36,2.31277,2.29946,2.306115
87.37,2.32037,2.30167,2.31102
87.38,2.31678,2.28823,2.302505
87.39,2.31729,2.28466,2.300975
87.4,2.31084,2.29183,2.301335
87.41,2.31521,2.2981,2.306655
87.42,2.31823,2.2975,2.307865
87.43,2.31069,2.30014,2.305415
87.44,2.30356,2.29369,2.298625
87.45,2.30888,2.29211,2.300495
87.46,2.31714,2.29628,2.30671
87.47,2.32075,2.29034,2.305545
87.48,2.31919,2.28665,2.30292
87.49,2.31878,2.29823,2.308505
87.5,2.32262,2.29976,2.31119
87.51,2.31565,2.30163,2.30864
87.52,2.31604,2.29858,2.30731
87.53,2.32092,2.29201,2.306465
87.54,2.31803,2.29856,2.308295
87.55,2.31139,2.29683,2.30411
87.56,2.31342,2.29331,2.303365
87.57,2.32504,2.29968,2.31236
87.58,2.31993,2.29211,2.30602
87.59,2.32263,2.28889,2.30576
87.6,2.32455,2.2887,2.306625
87.61,2.32165,2.29372,2.307685
87.62,2.31181,2.29876,2.305285
87.63,2.32755,2.29412,2.310835
87.64,2.32206,2.28875,2.305405
87.65,2.32811,2.29072,2.309415
87.66,2.32895,2.29712,2.313035
87.67,2.32959,2.29295,2.31127
87.68,2.32349,2.29331,2.3084
87.69,2.32488,2.30037,2.312625
87.7,2.31499,2.29926,2.307125
87.71,2.32113,2.29617,2.30865
87.72,2.30827,2.29199,2.30013
87.73,2.31924,2.29644,2.30784
87.74,2.31081,2.29285,2.30183
87.75,2.31857,2.30863,2.3136
87.76,2.31173,2.2989,2.305315
87.77,2.31328,2.30367,2.308475
87.78,2.31378,2.30023,2.307005
87.79,2.31106,2.29991,2.305485
87.8,2.31045,2.29811,2.30428
87.81,2.3216,2.30067,2.311135
87.82,2.31278,2.30608,2.30943
87.83,2.31985,2.30402,2.311935
87.84,2.31251,2.30384,2.308175
87.85,2.31881,2.29063,2.30472
87.86,2.31289,2.31224,2.312565
87.87,2.31337,2.29594,2.304655
87.88,2.30803,2.30072,2.304375
87.89,2.31057,2.29717,2.30387
87.9,2.31775,2.29727,2.30751
87.91,2.30893,2.28881,2.29887
87.92,2.30991,2.29971,2.30481
87.93,2.31162,2.29245,2.302035
87.94,2.31302,2.30292,2.30797
87.95,2.30243,2.29655,2.29949
87.96,2.29922,2.30522,2.30222
87.97,2.30763,2.30369,2.30566
87.98,2.30922,2.31276,2.31099
87.99,2.3077,2.30123,2.304465
88,2.31327,2.30215,2.30771
88.01,2.31082,2.30736,2.30909
88.02,2.3141,2.2984,2.30625
88.03,2.31292,2.30141,2.307165
88.04,2.31126,2.29741,2.304335
88.05,2.31793,2.3027,2.310315
88.06,2.31329,2.30404,2.308665
88.07,2.31471,2.29657,2.30564
88.08,2.3131,2.3016,2.30735
88.09,2.30378,2.28514,2.29446
88.1,2.30933,2.28792,2.298625
88.11,2.31453,2.29645,2.30549
88.12,2.31175,2.2838,2.297775
88.13,2.31576,2.29586,2.30581
88.14,2.3185,2.29274,2.30562
88.15,2.32244,2.28983,2.306135
88.16,2.3151,2.28496,2.30003
88.17,2.32629,2.29111,2.3087
88.18,2.31618,2.29253,2.304355
88.19,2.31841,2.29847,2.30844
88.2,2.31525,2.29528,2.305265
88.21,2.3137,2.29544,2.30457
88.22,2.32401,2.29427,2.30914
88.23,2.31329,2.29941,2.30635
88.24,2.32239,2.29225,2.30732
88.25,2.32041,2.29472,2.307565
88.26,2.30706,2.29482,2.30094
88.27,2.30805,2.30023,2.30414
88.28,2.31725,2.29919,2.30822
88.29,2.31588,2.29736,2.30662
88.3,2.30743,2.29046,2.298945
88.31,2.31307,2.29748,2.305275
88.32,2.31973,2.29838,2.309055
88.33,2.32517,2.29344,2.309305
88.34,2.31797,2.29829,2.30813
88.35,2.32459,2.29654,2.310565
88.36,2.32121,2.28733,2.30427
88.37,2.31302,2.30106,2.30704
88.38,2.31594,2.29641,2.306175
88.39,2.31892,2.30219,2.310555
88.4,2.32119,2.30538,2.313285
88.41,2.32413,2.29772,2.310925
88.42,2.32006,2.2986,2.30933
88.43,2.3171,2.29336,2.30523
88.44,2.32408,2.29638,2.31023
88.45,2.32171,2.30357,2.31264
88.46,2.3191,2.29221,2.305655
88.47,2.31743,2.29279,2.30511
88.48,2.32503,2.29323,2.30913
88.49,2.32738,2.30037,2.313875
88.5,2.32107,2.29677,2.30892
88.51,2.32176,2.29614,2.30895
88.52,2.31912,2.3034,2.31126
88.53,2.31412,2.29051,2.302315
88.54,2.31793,2.29162,2.304775
88.55,2.32544,2.29657,2.311005
88.56,2.31587,2.296,2.305935
88.57,2.30759,2.28978,2.298685
88.58,2.31948,2.29454,2.30701
88.59,2.31771,2.29848,2.308095
88.6,2.31426,2.2897,2.30198
88.61,2.32196,2.29903,2.310495
88.62,2.31778,2.2906,2.30419
88.63,2.31828,2.2925,2.30539
88.64,2.31993,2.2927,2.306315
88.65,2.32119,2.29821,2.3097
88.66,2.32194,2.29434,2.30814
88.67,2.32201,2.2918,2.306905
88.68,2.32377,2.29558,2.309675
88.69,2.31369,2.28835,2.30102
88.7,2.31151,2.28827,2.29989
88.71,2.31877,2.28655,2.30266
88.72,2.31597,2.29662,2.306295
88.73,2.30724,2.28602,2.29663
88.74,2.31187,2.29416,2.303015
88.75,2.3164,2.29416,2.30528
88.76,2.31089,2.2844,2.297645
88.77,2.32381,2.29064,2.307225
88.78,2.31031,2.29601,2.30316
88.79,2.31089,2.29004,2.300465
88.8,2.32295,2.28596,2.304455
88.81,2.3083,2.29417,2.301235
88.82,2.31641,2.29883,2.30762
88.83,2.32249,2.29835,2.31042
88.84,2.31814,2.29579,2.306965
88.85,2.31528,2.2937,2.30449
88.86,2.31475,2.29943,2.30709
88.87,2.31885,2.2965,2.307675
88.88,2.32167,2.2969,2.309285
88.89,2.31741,2.28795,2.30268
88.9,2.31933,2.28899,2.30416
88.91,2.31824,2.28883,2.303535
88.92,2.32212,2.28632,2.30422
88.93,2.30696,2.29012,2.29854
88.94,2.31177,2.28653,2.29915
88.95,2.30775,2.28227,2.29501
88.96,2.31489,2.28498,2.299935
88.97,2.32208,2.28845,2.305265
88.98,2.31132,2.28385,2.297585
88.99,2.31882,2.28761,2.303215
89,2.31485,2.28901,2.30193
89.01,2.31877,2.29773,2.30825
89.02,2.31652,2.28833,2.302425
89.03,2.32136,2.28895,2.305155
89.04,2.3208,2.29102,2.30591
89.05,2.31969,2.2899,2.304795
89.06,2.31509,2.28121,2.29815
89.07,2.30941,2.29333,2.30137
89.08,2.31527,2.28655,2.30091
89.09,2.3199,2.28337,2.301635
89.1,2.32498,2.29292,2.30895
89.11,2.32217,2.28538,2.303775
89.12,2.30997,2.28376,2.296865
89.13,2.31927,2.28084,2.300055
89.14,2.31927,2.2838,2.301535
89.15,2.32535,2.29397,2.30966
89.16,2.31022,2.2827,2.29646
89.17,2.31372,2.28015,2.296935
89.18,2.32504,2.28487,2.304955
89.19,2.31536,2.2931,2.30423
89.2,2.31412,2.28533,2.299725
89.21,2.31665,2.29038,2.303515
89.22,2.31778,2.2897,2.30374
89.23,2.31729,2.28563,2.30146
89.24,2.32129,2.2853,2.303295
89.25,2.31516,2.2837,2.29943
89.26,2.32363,2.28741,2.30552
89.27,2.31831,2.28854,2.303425
89.28,2.31946,2.29395,2.306705
89.29,2.31539,2.28995,2.30267
89.3,2.30701,2.29266,2.299835
89.31,2.31598,2.28894,2.30246
89.32,2.31011,2.29145,2.30078
89.33,2.31033,2.28443,2.29738
89.34,2.3133,2.28,2.29665
89.35,2.32404,2.29599,2.310015
89.36,2.32063,2.28716,2.303895
89.37,2.3126,2.29244,2.30252
89.38,2.31481,2.28842,2.301615
89.39,2.30969,2.27964,2.294665
89.4,2.31807,2.29055,2.30431
89.41,2.3154,2.2842,2.2998
89.42,2.31693,2.28865,2.30279
89.43,2.32328,2.28557,2.304425
89.44,2.31146,2.29177,2.301615
89.45,2.32053,2.28699,2.30376
89.46,2.31367,2.28466,2.299165
89.47,2.31279,2.28921,2.301
89.48,2.31006,2.29118,2.30062
89.49,2.31852,2.2929,2.30571
89.5,2.31236,2.28658,2.29947
89.51,2.31887,2.28155,2.30021
89.52,2.31952,2.2732,2.29636
89.53,2.31698,2.28329,2.300135
89.54,2.31979,2.29449,2.30714
89.55,2.32015,2.28419,2.30217
89.56,2.32349,2.29037,2.30693
89.57,2.32372,2.28479,2.304255
89.58,2.32411,2.28938,2.306745
89.59,2.32648,2.28503,2.305755
89.6,2.32736,2.29589,2.311625
89.61,2.32184,2.28843,2.305135
89.62,2.33298,2.28665,2.309815
89.63,2.32192,2.28689,2.304405
89.64,2.32157,2.28116,2.301365
89.65,2.3199,2.2926,2.30625
89.66,2.31895,2.29339,2.30617
89.67,2.32466,2.28946,2.30706
89.68,2.31774,2.29437,2.306055
89.69,2.32177,2.2884,2.305085
89.7,2.32214,2.29058,2.30636
89.71,2.329,2.28142,2.30521
89.72,2.31934,2.28455,2.301945
89.73,2.32184,2.29763,2.309735
89.74,2.32238,2.28601,2.304195
89.75,2.31618,2.28973,2.302955
89.76,2.32006,2.29403,2.307045
89.77,2.32484,2.29077,2.307805
89.78,2.32086,2.2892,2.30503
89.79,2.31926,2.29195,2.305605
89.8,2.3205,2.29045,2.305475
89.81,2.3227,2.27939,2.301045
89.82,2.31907,2.27824,2.298655
89.83,2.31772,2.289,2.30336
89.84,2.32934,2.28245,2.305895
89.85,2.3243,2.28598,2.30514
89.86,2.32629,2.28237,2.30433
89.87,2.3206,2.26978,2.29519
89.88,2.32031,2.28679,2.30355
89.89,2.32712,2.29007,2.308595
89.9,2.32074,2.27204,2.29639
89.91,2.31761,2.29012,2.303865
89.92,2.31615,2.29054,2.303345
89.93,2.32176,2.29497,2.308365
89.94,2.31383,2.29211,2.30297
89.95,2.31778,2.28995,2.303865
89.96,2.31577,2.282,2.298885
89.97,2.31439,2.28924,2.301815
89.98,2.31562,2.2861,2.30086
89.99,2.32126,2.28501,2.303135
90,2.31882,2.29127,2.305045
90.01,2.31583,2.28926,2.302545
90.02,2.31989,2.28308,2.301485
90.03,2.32126,2.28949,2.305375
90.04,2.31966,2.29443,2.307045
90.05,2.31732,2.2905,2.30391
90.06,2.32396,2.29647,2.310215
90.07,2.31728,2.29271,2.304995
90.08,2.3161,2.29116,2.30363
90.09,2.32208,2.30183,2.311955
90.1,2.32255,2.29978,2.311165
90.11,2.3147,2.29183,2.303265
90.12,2.31907,2.284,2.301535
90.13,2.31708,2.28988,2.30348
90.14,2.32279,2.30736,2.315075
90.15,2.32466,2.28811,2.306385
90.16,2.32187,2.28796,2.304915
90.17,2.32884,2.29738,2.31311
90.18,2.32639,2.28674,2.306565
90.19,2.32122,2.28862,2.30492
90.2,2.32882,2.29336,2.31109
90.21,2.32322,2.29237,2.307795
90.22,2.33013,2.29382,2.311975
90.23,2.33064,2.28803,2.309335
90.24,2.32889,2.29418,2.311535
90.25,2.33152,2.2955,2.31351
90.26,2.3226,2.291,2.3068
90.27,2.3198,2.29343,2.306615
90.28,2.31963,2.298,2.308815
90.29,2.31701,2.29244,2.304725
90.3,2.32096,2.28534,2.30315
90.31,2.31686,2.29592,2.30639
90.32,2.31538,2.2943,2.30484
90.33,2.31771,2.29243,2.30507
90.34,2.3211,2.29781,2.309455
90.35,2.32158,2.2925,2.30704
90.36,2.32881,2.28613,2.30747
90.37,2.32109,2.28857,2.30483
90.38,2.31698,2.29529,2.306135
90.39,2.32012,2.29306,2.30659
90.4,2.31016,2.29305,2.301605
90.41,2.32389,2.29261,2.30825
90.42,2.3197,2.29181,2.305755
90.43,2.31653,2.29576,2.306145
90.44,2.31593,2.29171,2.30382
90.45,2.3223,2.28549,2.303895
90.46,2.32373,2.28822,2.305975
90.47,2.32314,2.2896,2.30637
90.48,2.33201,2.29876,2.315385
90.49,2.32971,2.28954,2.309625
90.5,2.33153,2.28891,2.31022
90.51,2.32617,2.28444,2.305305
90.52,2.32554,2.29167,2.308605
90.53,2.3238,2.28796,2.30588
90.54,2.32555,2.28699,2.30627
90.55,2.33052,2.28572,2.30812
90.56,2.3267,2.28313,2.304915
90.57,2.3257,2.29052,2.30811
90.58,2.32581,2.28537,2.30559
90.59,2.33344,2.28244,2.30794
90.6,2.32154,2.28308,2.30231
90.61,2.33268,2.29041,2.311545
90.62,2.33007,2.28663,2.30835
90.63,2.31356,2.29533,2.304445
90.64,2.31417,2.28322,2.298695
90.65,2.31906,2.28546,2.30226
90.66,2.32236,2.28828,2.30532
90.67,2.32298,2.28752,2.30525
90.68,2.3221,2.28326,2.30268
90.69,2.31951,2.28663,2.30307
90.7,2.32385,2.28407,2.30396
90.71,2.31526,2.292,2.30363
90.72,2.31589,2.29316,2.304525
90.73,2.31549,2.28923,2.30236
90.74,2.31823,2.29037,2.3043
90.75,2.32227,2.28712,2.304695
90.76,2.31441,2.28819,2.3013
90.77,2.31752,2.28225,2.299885
90.78,2.30908,2.28281,2.295945
90.79,2.31136,2.27704,2.2942
90.8,2.31475,2.28273,2.29874
90.81,2.31052,2.29528,2.3029
90.82,2.31926,2.28985,2.304555
90.83,2.32087,2.28741,2.30414
90.84,2.31748,2.29164,2.30456
90.85,2.3245,2.29375,2.309125
90.86,2.3212,2.29189,2.306545
90.87,2.31789,2.29223,2.30506
90.88,2.31973,2.29967,2.3097
90.89,2.32173,2.28814,2.304935
90.9,2.33432,2.29471,2.314515
90.91,2.32741,2.2862,2.306805
90.92,2.32133,2.29995,2.31064
90.93,2.33053,2.28048,2.305505
90.94,2.32833,2.29514,2.311735
90.95,2.31521,2.29498,2.305095
90.96,2.32573,2.29705,2.31139
90.97,2.32599,2.29872,2.312355
90.98,2.32091,2.29999,2.31045
90.99,2.31488,2.29606,2.30547
91,2.32766,2.28916,2.30841
91.01,2.31336,2.2923,2.30283
91.02,2.31818,2.29439,2.306285
91.03,2.3196,2.29409,2.306845
91.04,2.31819,2.30473,2.31146
91.05,2.33104,2.29127,2.311155
91.06,2.31506,2.28709,2.301075
91.07,2.31572,2.30475,2.310235
91.08,2.31417,2.30256,2.308365
91.09,2.31354,2.28946,2.3015
91.1,2.31061,2.29819,2.3044
91.11,2.31521,2.29566,2.305435
91.12,2.31558,2.29044,2.30301
91.13,2.32335,2.29288,2.308115
91.14,2.31963,2.29443,2.30703
91.15,2.31943,2.29373,2.30658
91.16,2.31976,2.2945,2.30713
91.17,2.31733,2.29115,2.30424
91.18,2.31672,2.2949,2.30581
91.19,2.31398,2.29383,2.303905
91.2,2.32122,2.28886,2.30504
91.21,2.31364,2.28807,2.300855
91.22,2.31489,2.29753,2.30621
91.23,2.31467,2.28908,2.301875
91.24,2.30939,2.2881,2.298745
91.25,2.31185,2.29233,2.30209
91.26,2.32023,2.2886,2.304415
91.27,2.315,2.27936,2.29718
91.28,2.31321,2.29678,2.304995
91.29,2.32519,2.29277,2.30898
91.3,2.31315,2.28591,2.29953
91.31,2.3191,2.29492,2.30701
91.32,2.31798,2.28778,2.30288
91.33,2.31924,2.29888,2.30906
91.34,2.31868,2.28349,2.301085
91.35,2.31971,2.28991,2.30481
91.36,2.32302,2.28721,2.305115
91.37,2.31983,2.29743,2.30863
91.38,2.31294,2.2862,2.29957
91.39,2.31767,2.27959,2.29863
91.4,2.31226,2.29217,2.302215
91.41,2.31448,2.28391,2.299195
91.42,2.31877,2.28916,2.303965
91.43,2.32189,2.29152,2.306705
91.44,2.3259,2.29754,2.31172
91.45,2.31647,2.298,2.307235
91.46,2.32008,2.28314,2.30161
91.47,2.32298,2.29585,2.309415
91.48,2.31807,2.28718,2.302625
91.49,2.32224,2.29079,2.306515
91.5,2.31707,2.29224,2.304655
91.51,2.31861,2.28937,2.30399
91.52,2.32066,2.2881,2.30438
91.53,2.32076,2.28601,2.303385
91.54,2.31861,2.29127,2.30494
91.55,2.31411,2.29862,2.306365
91.56,2.31788,2.28599,2.301935
91.57,2.31815,2.2971,2.307625
91.58,2.31437,2.29742,2.305895
91.59,2.31943,2.29879,2.30911
91.6,2.30956,2.29747,2.303515
91.61,2.31699,2.29675,2.30687
91.62,2.32068,2.29689,2.308785
91.63,2.31336,2.2999,2.30663
91.64,2.32056,2.29653,2.308545
91.65,2.31902,2.29132,2.30517
91.66,2.32314,2.2984,2.31077
91.67,2.32572,2.28426,2.30499
91.68,2.32117,2.28916,2.305165
91.69,2.31922,2.28656,2.30289
91.7,2.32607,2.28959,2.30783
91.71,2.31967,2.28737,2.30352
91.72,2.31343,2.28758,2.300505
91.73,2.31412,2.28983,2.301975
91.74,2.3237,2.28863,2.306165
91.75,2.32008,2.28823,2.304155
91.76,2.32077,2.29002,2.305395
91.77,2.31386,2.28955,2.301705
91.78,2.32181,2.30049,2.31115
91.79,2.31815,2.29873,2.30844
91.8,2.31278,2.29211,2.302445
91.81,2.31831,2.30791,2.31311
91.82,2.31812,2.29594,2.30703
91.83,2.32071,2.2933,2.307005
91.84,2.32545,2.29321,2.30933
91.85,2.32051,2.29314,2.306825
91.86,2.32521,2.28209,2.30365
91.87,2.31186,2.28832,2.30009
91.88,2.30916,2.28873,2.298945
91.89,2.3211,2.28783,2.304465
91.9,2.31798,2.28607,2.302025
91.91,2.31779,2.28919,2.30349
91.92,2.32188,2.28075,2.301315
91.93,2.3198,2.29027,2.305035
91.94,2.3155,2.29565,2.305575
91.95,2.31479,2.28686,2.300825
91.96,2.31526,2.29569,2.305475
91.97,2.31546,2.2889,2.30218
91.98,2.32275,2.29691,2.30983
91.99,2.31142,2.29275,2.302085
92,2.30921,2.2871,2.298155
92.01,2.30277,2.29434,2.298555
92.02,2.31289,2.28952,2.301205
92.03,2.31709,2.29065,2.30387
92.04,2.3075,2.28383,2.295665
92.05,2.3012,2.29245,2.296825
92.06,2.31003,2.28984,2.299935
92.07,2.31565,2.28611,2.30088
92.08,2.31521,2.28481,2.30001
92.09,2.31751,2.28893,2.30322
92.1,2.31843,2.28822,2.303325
92.11,2.32096,2.28079,2.300875
92.12,2.31758,2.28528,2.30143
92.13,2.31942,2.27153,2.295475
92.14,2.31922,2.28875,2.303985
92.15,2.30734,2.28778,2.29756
92.16,2.31013,2.28817,2.29915
92.17,2.31017,2.2876,2.298885
92.18,2.31842,2.29131,2.304865
92.19,2.3237,2.27989,2.301795
92.2,2.32622,2.28587,2.306045
92.21,2.32189,2.29252,2.307205
92.22,2.3245,2.28895,2.306725
92.23,2.32139,2.28434,2.302865
92.24,2.32159,2.2895,2.305545
92.25,2.31836,2.29155,2.304955
92.26,2.32034,2.28517,2.302755
92.27,2.32245,2.28704,2.304745
92.28,2.31707,2.29086,2.303965
92.29,2.32096,2.28516,2.30306
92.3,2.3181,2.29507,2.306585
92.31,2.31725,2.28729,2.30227
92.32,2.31916,2.27901,2.299085
92.33,2.32083,2.29031,2.30557
92.34,2.32703,2.29178,2.309405
92.35,2.32,2.29022,2.30511
92.36,2.31942,2.28812,2.30377
92.37,2.31864,2.29587,2.307255
92.38,2.31738,2.28884,2.30311
92.39,2.31609,2.29647,2.30628
92.4,2.31793,2.29036,2.304145
92.41,2.3129,2.29865,2.305775
92.42,2.31922,2.28977,2.304495
92.43,2.32063,2.2927,2.306665
92.44,2.31254,2.29552,2.30403
92.45,2.32081,2.29748,2.309145
92.46,2.31742,2.29255,2.304985
92.47,2.32081,2.28157,2.30119
92.48,2.3128,2.28069,2.296745
92.49,2.31877,2.28662,2.302695
92.5,2.31268,2.28998,2.30133
92.51,2.31822,2.28512,2.30167
92.52,2.31096,2.295,2.30298
92.53,2.31901,2.29195,2.30548
92.54,2.3163,2.29497,2.305635
92.55,2.32145,2.29283,2.30714
92.56,2.32144,2.29338,2.30741
92.57,2.32665,2.29885,2.31275
92.58,2.31481,2.29209,2.30345
92.59,2.31588,2.28901,2.302445
92.6,2.32123,2.28195,2.30159
92.61,2.31679,2.28878,2.302785
92.62,2.3257,2.29769,2.311695
92.63,2.31515,2.29779,2.30647
92.64,2.32992,2.28908,2.3095
92.65,2.31708,2.28811,2.302595
92.66,2.32202,2.28756,2.30479
92.67,2.32344,2.28844,2.30594
92.68,2.32025,2.28482,2.302535
92.69,2.31844,2.28272,2.30058
92.7,2.3177,2.27995,2.298825
92.71,2.31672,2.27493,2.295825
92.72,2.32188,2.28405,2.302965
92.73,2.31659,2.28064,2.298615
92.74,2.31479,2.28783,2.30131
92.75,2.30997,2.28594,2.297955
92.76,2.31411,2.28918,2.301645
92.77,2.31305,2.2903,2.301675
92.78,2.30988,2.28334,2.29661
92.79,2.31355,2.29372,2.303635
92.8,2.31902,2.28837,2.303695
92.81,2.32218,2.28101,2.301595
92.82,2.32373,2.27797,2.30085
92.83,2.31619,2.2859,2.301045
92.84,2.31549,2.28065,2.29807
92.85,2.31054,2.28751,2.299025
92.86,2.31593,2.28422,2.300075
92.87,2.31455,2.29484,2.304695
92.88,2.31373,2.29253,2.30313
92.89,2.3137,2.278,2.29585
92.9,2.31666,2.28053,2.298595
92.91,2.30987,2.27807,2.29397
92.92,2.31352,2.28525,2.299385
92.93,2.31155,2.28646,2.299005
92.94,2.31069,2.28575,2.29822
92.95,2.31545,2.28146,2.298455
92.96,2.31833,2.28959,2.30396
92.97,2.30989,2.28263,2.29626
92.98,2.30668,2.27764,2.29216
92.99,2.31457,2.28767,2.30112
93,2.31546,2.29287,2.304165
93.01,2.31637,2.27805,2.29721
93.02,2.31279,2.29413,2.30346
93.03,2.31427,2.28294,2.298605
93.04,2.31076,2.28685,2.298805
93.05,2.31943,2.291,2.305215
93.06,2.31407,2.28626,2.300165
93.07,2.30935,2.28794,2.298645
93.08,2.31286,2.28764,2.30025
93.09,2.31132,2.28082,2.29607
93.1,2.31747,2.28844,2.302955
93.11,2.31696,2.29375,2.305355
93.12,2.31024,2.29408,2.30216
93.13,2.31552,2.29052,2.30302
93.14,2.32404,2.28971,2.306875
93.15,2.31307,2.28332,2.298195
93.16,2.30914,2.28301,2.296075
93.17,2.31672,2.28996,2.30334
93.18,2.31233,2.29209,2.30221
93.19,2.31592,2.28599,2.300955
93.2,2.31524,2.29221,2.303725
93.21,2.31817,2.28696,2.302565
93.22,2.31551,2.27587,2.29569
93.23,2.31923,2.2867,2.302965
93.24,2.31076,2.2801,2.29543
93.25,2.31375,2.2798,2.296775
93.26,2.30844,2.28096,2.2947
93.27,2.3121,2.28303,2.297565
93.28,2.31358,2.28242,2.298
93.29,2.31587,2.28121,2.29854
93.3,2.31168,2.28204,2.29686
93.31,2.31552,2.28496,2.30024
93.32,2.3248,2.27934,2.30207
93.33,2.312,2.27812,2.29506
93.34,2.31495,2.2839,2.299425
93.35,2.31432,2.28291,2.298615
93.36,2.31342,2.28191,2.297665
93.37,2.31547,2.28065,2.29806
93.38,2.31212,2.28208,2.2971
93.39,2.30629,2.2845,2.295395
93.4,2.31127,2.28019,2.29573
93.41,2.31068,2.285,2.29784
93.42,2.30669,2.28336,2.295025
93.43,2.30667,2.2803,2.293485
93.44,2.30669,2.27947,2.29308
93.45,2.31814,2.29197,2.305055
93.46,2.31349,2.28965,2.30157
93.47,2.30946,2.28903,2.299245
93.48,2.30936,2.2849,2.29713
93.49,2.31358,2.28624,2.29991
93.5,2.31338,2.27469,2.294035
93.51,2.30999,2.28138,2.295685
93.52,2.31383,2.2896,2.301715
93.53,2.30141,2.28688,2.294145
93.54,2.30858,2.28786,2.29822
93.55,2.316,2.2929,2.30445
93.56,2.32338,2.28753,2.305455
93.57,2.31723,2.28618,2.301705
93.58,2.31482,2.29263,2.303725
93.59,2.31097,2.28894,2.299955
93.6,2.32184,2.29178,2.30681
93.61,2.32382,2.27928,2.30155
93.62,2.31276,2.28276,2.29776
93.63,2.31456,2.28744,2.301
93.64,2.31331,2.29112,2.302215
93.65,2.3099,2.29329,2.301595
93.66,2.31441,2.29427,2.30434
93.67,2.30981,2.29046,2.300135
93.68,2.31465,2.29102,2.302835
93.69,2.31976,2.30117,2.310465
93.7,2.31024,2.29596,2.3031
93.71,2.30954,2.29432,2.30193
93.72,2.31625,2.28535,2.3008
93.73,2.31465,2.28793,2.30129
93.74,2.32295,2.29307,2.30801
93.75,2.3189,2.2899,2.3044
93.76,2.3217,2.29802,2.30986
93.77,2.31802,2.28774,2.30288
93.78,2.31175,2.28605,2.2989
93.79,2.31764,2.28314,2.30039
93.8,2.3187,2.29013,2.304415
93.81,2.31955,2.29047,2.30501
93.82,2.31174,2.30389,2.307815
93.83,2.32134,2.29225,2.306795
93.84,2.32131,2.29439,2.30785
93.85,2.31252,2.28878,2.30065
93.86,2.32037,2.29276,2.306565
93.87,2.32065,2.29059,2.30562
93.88,2.3233,2.29477,2.309035
93.89,2.32088,2.29192,2.3064
93.9,2.31602,2.28911,2.302565
93.91,2.30928,2.28561,2.297445
93.92,2.30919,2.28293,2.29606
93.93,2.31274,2.28789,2.300315
93.94,2.31615,2.28216,2.299155
93.95,2.30785,2.29475,2.3013
93.96,2.31481,2.29197,2.30339
93.97,2.31749,2.28703,2.30226
93.98,2.31743,2.28847,2.30295
93.99,2.31939,2.29331,2.30635
94,2.32041,2.28637,2.30339
94.01,2.31242,2.28489,2.298655
94.02,2.31644,2.28904,2.30274
94.03,2.31028,2.28145,2.295865
94.04,2.31684,2.27799,2.297415
94.05,2.32362,2.28034,2.30198
94.06,2.3132,2.27851,2.295855
94.07,2.30914,2.28513,2.297135
94.08,2.31569,2.28143,2.29856
94.09,2.32009,2.27474,2.297415
94.1,2.31718,2.28648,2.30183
94.11,2.31596,2.28169,2.298825
94.12,2.31476,2.27906,2.29691
94.13,2.32138,2.28659,2.303985
94.14,2.30933,2.27987,2.2946
94.15,2.31685,2.28659,2.30172
94.16,2.30849,2.28838,2.298435
94.17,2.31919,2.28628,2.302735
94.18,2.31853,2.29052,2.304525
94.19,2.31354,2.29056,2.30205
94.2,2.32775,2.28437,2.30606
94.21,2.32376,2.29505,2.309405
94.22,2.32063,2.28842,2.304525
94.23,2.32572,2.28995,2.307835
94.24,2.31762,2.29203,2.304825
94.25,2.31515,2.28833,2.30174
94.26,2.31213,2.29061,2.30137
94.27,2.30942,2.28938,2.2994
94.28,2.31131,2.28828,2.299795
94.29,2.31819,2.27829,2.29824
94.3,2.31243,2.27929,2.29586
94.31,2.31153,2.27857,2.29505
94.32,2.31591,2.28009,2.298
94.33,2.3158,2.28875,2.302275
94.34,2.3108,2.28488,2.29784
94.35,2.31155,2.27853,2.29504
94.36,2.31705,2.2827,2.299875
94.37,2.32004,2.28002,2.30003
94.38,2.31272,2.27754,2.29513
94.39,2.31324,2.28034,2.29679
94.4,2.31286,2.2878,2.30033
94.41,2.316,2.28349,2.299745
94.42,2.31646,2.29144,2.30395
94.43,2.31246,2.28552,2.29899
94.44,2.31348,2.28649,2.299985
94.45,2.31778,2.28769,2.302735
94.46,2.3068,2.28216,2.29448
94.47,2.31249,2.2802,2.296345
94.48,2.32014,2.28246,2.3013
94.49,2.30783,2.28947,2.29865
94.5,2.31275,2.28584,2.299295
94.51,2.31721,2.28617,2.30169
94.52,2.31413,2.28996,2.302045
94.53,2.31588,2.28577,2.300825
94.54,2.31936,2.28968,2.30452
94.55,2.30852,2.28624,2.29738
94.56,2.31335,2.28929,2.30132
94.57,2.31843,2.28875,2.30359
94.58,2.3197,2.29484,2.30727
94.59,2.30931,2.29374,2.301525
94.6,2.31596,2.2933,2.30463
94.61,2.31537,2.29523,2.3053
94.62,2.3226,2.29259,2.307595
94.63,2.31786,2.29618,2.30702
94.64,2.32315,2.29603,2.30959
94.65,2.32323,2.29893,2.31108
94.66,2.31521,2.29344,2.304325
94.67,2.31747,2.29202,2.304745
94.68,2.3186,2.30465,2.311625
94.69,2.31751,2.29559,2.30655
94.7,2.32043,2.30168,2.311055
94.71,2.32579,2.29733,2.31156
94.72,2.31809,2.29903,2.30856
94.73,2.31018,2.29892,2.30455
94.74,2.31411,2.29101,2.30256
94.75,2.32138,2.28498,2.30318
94.76,2.31495,2.29173,2.30334
94.77,2.31497,2.28921,2.30209
94.78,2.3118,2.2908,2.3013
94.79,2.31936,2.29102,2.30519
94.8,2.31605,2.28011,2.29808
94.81,2.31812,2.29277,2.305445
94.82,2.31719,2.28878,2.302985
94.83,2.31569,2.28828,2.301985
94.84,2.31945,2.29729,2.30837
94.85,2.32003,2.29777,2.3089
94.86,2.32024,2.28613,2.303185
94.87,2.32298,2.29627,2.309625
94.88,2.3209,2.2913,2.3061
94.89,2.31449,2.28767,2.30108
94.9,2.32649,2.28639,2.30644
94.91,2.32503,2.28823,2.30663
94.92,2.3216,2.2926,2.3071
94.93,2.31513,2.2901,2.302615
94.94,2.31979,2.29827,2.30903
94.95,2.3209,2.29302,2.30696
94.96,2.32534,2.28561,2.305475
94.97,2.32316,2.29141,2.307285
94.98,2.33048,2.29976,2.31512
94.99,2.31708,2.29762,2.30735
95,2.32266,2.29755,2.310105
95.01,2.31432,2.30059,2.307455
95.02,2.32021,2.29296,2.306585
95.03,2.31646,2.30305,2.309755
95.04,2.32484,2.29912,2.31198
95.05,2.3215,2.29967,2.310585
95.06,2.31607,2.29875,2.30741
95.07,2.31892,2.30176,2.31034
95.08,2.31614,2.29554,2.30584
95.09,2.3152,2.29669,2.305945
95.1,2.3162,2.2932,2.3047
95.11,2.32283,2.29042,2.306625
95.12,2.31586,2.29518,2.30552
95.13,2.32233,2.2985,2.310415
95.14,2.31542,2.28876,2.30209
95.15,2.3068,2.28778,2.29729
95.16,2.31406,2.29444,2.30425
95.17,2.31856,2.30009,2.309325
95.18,2.31985,2.29162,2.305735
95.19,2.31878,2.28983,2.304305
95.2,2.31167,2.2958,2.303735
95.21,2.31502,2.29194,2.30348
95.22,2.31853,2.29554,2.307035
95.23,2.31674,2.30197,2.309355
95.24,2.31687,2.29615,2.30651
95.25,2.324,2.29196,2.30798
95.26,2.31901,2.29431,2.30666
95.27,2.31258,2.30059,2.306585
95.28,2.31532,2.29948,2.3074
95.29,2.31724,2.30377,2.310505
95.3,2.32835,2.30359,2.31597
95.31,2.32886,2.3089,2.31888
95.32,2.33119,2.29782,2.314505
95.33,2.32432,2.30296,2.31364
95.34,2.32424,2.30011,2.312175
95.35,2.3262,2.2961,2.31115
95.36,2.32944,2.29397,2.311705
95.37,2.31838,2.29342,2.3059
95.38,2.31771,2.30084,2.309275
95.39,2.30706,2.29155,2.299305
95.4,2.31158,2.29006,2.30082
95.41,2.30787,2.2916,2.299735
95.42,2.30889,2.29188,2.300385
95.43,2.30978,2.29146,2.30062
95.44,2.30628,2.29217,2.299225
95.45,2.31302,2.28932,2.30117
95.46,2.31065,2.29731,2.30398
95.47,2.31695,2.29456,2.305755
95.48,2.31781,2.29839,2.3081
95.49,2.31824,2.30271,2.310475
95.5,2.32093,2.29224,2.306585
95.51,2.31252,2.29638,2.30445
95.52,2.32042,2.29479,2.307605
95.53,2.31832,2.30479,2.311555
95.54,2.32537,2.30764,2.316505
95.55,2.32273,2.30204,2.312385
95.56,2.32426,2.29107,2.307665
95.57,2.32077,2.29513,2.30795
95.58,2.32322,2.30038,2.3118
95.59,2.31726,2.29501,2.306135
95.6,2.31784,2.30605,2.311945
95.61,2.32527,2.29469,2.30998
95.62,2.31464,2.29159,2.303115
95.63,2.31886,2.29935,2.309105
95.64,2.31876,2.29984,2.3093
95.65,2.32312,2.29501,2.309065
95.66,2.3159,2.28851,2.302205
95.67,2.31448,2.28629,2.300385
95.68,2.32077,2.28375,2.30226
95.69,2.31979,2.29413,2.30696
95.7,2.31473,2.29971,2.30722
95.71,2.31937,2.29641,2.30789
95.72,2.31866,2.30079,2.309725
95.73,2.32559,2.29347,2.30953
95.74,2.32218,2.28987,2.306025
95.75,2.32256,2.28784,2.3052
95.76,2.31405,2.28789,2.30097
95.77,2.32345,2.28358,2.303515
95.78,2.30968,2.28542,2.29755
95.79,2.32357,2.29063,2.3071
95.8,2.31949,2.29502,2.307255
95.81,2.31185,2.29469,2.30327
95.82,2.31053,2.30425,2.30739
95.83,2.31243,2.29872,2.305575
95.84,2.31693,2.2917,2.304315
95.85,2.31122,2.28895,2.300085
95.86,2.31597,2.29164,2.303805
95.87,2.31353,2.28386,2.298695
95.88,2.30531,2.29358,2.299445
95.89,2.30468,2.28279,2.293735
95.9,2.3104,2.2897,2.30005
95.91,2.31133,2.29083,2.30108
95.92,2.31544,2.28418,2.29981
95.93,2.30536,2.28924,2.2973
95.94,2.30977,2.28501,2.29739
95.95,2.31194,2.28929,2.300615
95.96,2.30687,2.29316,2.300015
95.97,2.3059,2.28838,2.29714
95.98,2.31168,2.28521,2.298445
95.99,2.30799,2.28904,2.298515
96,2.31638,2.28992,2.30315
96.01,2.31672,2.28391,2.300315
96.02,2.31259,2.28928,2.300935
96.03,2.31842,2.29004,2.30423
96.04,2.32054,2.2949,2.30772
96.05,2.31783,2.29205,2.30494
96.06,2.31046,2.28821,2.299335
96.07,2.31455,2.29301,2.30378
96.08,2.3244,2.28537,2.304885
96.09,2.3201,2.28699,2.303545
96.1,2.31545,2.28318,2.299315
96.11,2.31871,2.28898,2.303845
96.12,2.31444,2.28444,2.29944
96.13,2.30816,2.29267,2.300415
96.14,2.32025,2.28583,2.30304
96.15,2.31979,2.28742,2.303605
96.16,2.31345,2.29486,2.304155
96.17,2.31926,2.29511,2.307185
96.18,2.31291,2.29421,2.30356
96.19,2.31437,2.29689,2.30563
96.2,2.31229,2.29562,2.303955
96.21,2.316,2.29395,2.304975
96.22,2.31317,2.28783,2.3005
96.23,2.32135,2.28843,2.30489
96.24,2.31791,2.29551,2.30671
96.25,2.31758,2.30901,2.313295
96.26,2.32691,2.30862,2.317765
96.27,2.31932,2.30884,2.31408
96.28,2.317,2.30439,2.310695
96.29,2.3141,2.30532,2.30971
96.3,2.32989,2.30517,2.31753
96.31,2.31534,2.30492,2.31013
96.32,2.32523,2.29959,2.31241
96.33,2.32434,2.29303,2.308685
96.34,2.31476,2.30175,2.308255
96.35,2.3154,2.29649,2.305945
96.36,2.31086,2.2994,2.30513
96.37,2.32155,2.30124,2.311395
96.38,2.3129,2.30077,2.306835
96.39,2.31632,2.29981,2.308065
96.4,2.31016,2.30304,2.3066
96.41,2.31305,2.2982,2.305625
96.42,2.31804,2.3002,2.30912
96.43,2.31905,2.29769,2.30837
96.44,2.31735,2.29193,2.30464
96.45,2.31207,2.29823,2.30515
96.46,2.32065,2.29273,2.30669
96.47,2.31158,2.29104,2.30131
96.48,2.31369,2.29427,2.30398
96.49,2.30457,2.28996,2.297265
96.5,2.31141,2.28777,2.29959
96.51,2.31021,2.29149,2.30085
96.52,2.30618,2.29291,2.299545
96.53,2.30466,2.29671,2.300685
96.54,2.30866,2.30122,2.30494
96.55,2.30955,2.30115,2.30535
96.56,2.32015,2.28907,2.30461
96.57,2.31013,2.30024,2.305185
96.58,2.30774,2.30177,2.304755
96.59,2.30693,2.29258,2.299755
96.6,2.30999,2.29756,2.303775
96.61,2.3178,2.28845,2.303125
96.62,2.31799,2.29911,2.30855
96.63,2.31429,2.29875,2.30652
96.64,2.31007,2.30291,2.30649
96.65,2.3138,2.29761,2.305705
96.66,2.31217,2.30276,2.307465
96.67,2.3094,2.29983,2.304615
96.68,2.3129,2.30059,2.306745
96.69,2.31852,2.30094,2.30973
96.7,2.31639,2.30204,2.309215
96.71,2.31606,2.29927,2.307665
96.72,2.31869,2.30038,2.309535
96.73,2.31702,2.30251,2.309765
96.74,2.32206,2.29794,2.31
96.75,2.3189,2.29425,2.306575
96.76,2.32204,2.29503,2.308535
96.77,2.32031,2.29424,2.307275
96.78,2.31476,2.29275,2.303755
96.79,2.31668,2.2941,2.30539
96.8,2.31413,2.29677,2.30545
96.81,2.3134,2.30839,2.310895
96.82,2.31027,2.30007,2.30517
96.83,2.31606,2.29998,2.30802
96.84,2.31238,2.29912,2.30575
96.85,2.31775,2.30787,2.31281
96.86,2.3169,2.30777,2.312335
96.87,2.31158,2.29044,2.30101
96.88,2.31859,2.29262,2.305605
96.89,2.32126,2.29924,2.31025
96.9,2.31217,2.29202,2.302095
96.91,2.31741,2.29339,2.3054
96.92,2.32111,2.29742,2.309265
96.93,2.31933,2.30279,2.31106
96.94,2.31524,2.30005,2.307645
96.95,2.32155,2.31107,2.31631
96.96,2.30949,2.30113,2.30531
96.97,2.31811,2.30367,2.31089
96.98,2.31503,2.30615,2.31059
96.99,2.31861,2.30065,2.30963
97,2.3206,2.30888,2.31474
97.01,2.32672,2.3086,2.31766
97.02,2.32281,2.30893,2.31587
97.03,2.32445,2.30971,2.31708
97.04,2.32316,2.30476,2.31396
97.05,2.32553,2.30586,2.315695
97.06,2.32558,2.30739,2.316485
97.07,2.32416,2.29847,2.311315
97.08,2.32429,2.30197,2.31313
97.09,2.32279,2.29807,2.31043
97.1,2.32337,2.29738,2.310375
97.11,2.32261,2.29914,2.310875
97.12,2.32071,2.29918,2.309945
97.13,2.32167,2.29835,2.31001
97.14,2.31646,2.29509,2.305775
97.15,2.32195,2.29558,2.308765
97.16,2.31553,2.29189,2.30371
97.17,2.31867,2.29307,2.30587
97.18,2.31594,2.29404,2.30499
97.19,2.31828,2.29082,2.30455
97.2,2.32577,2.29247,2.30912
97.21,2.32615,2.29947,2.31281
97.22,2.32016,2.29285,2.306505
97.23,2.31153,2.29562,2.303575
97.24,2.32033,2.29537,2.30785
97.25,2.31638,2.29327,2.304825
97.26,2.32022,2.30178,2.311
97.27,2.32024,2.29276,2.3065
97.28,2.32493,2.29741,2.31117
97.29,2.31674,2.29348,2.30511
97.3,2.31041,2.30081,2.30561
97.31,2.32418,2.2972,2.31069
97.32,2.31967,2.29557,2.30762
97.33,2.32235,2.29292,2.307635
97.34,2.32166,2.29726,2.30946
97.35,2.31777,2.29885,2.30831
97.36,2.32418,2.29996,2.31207
97.37,2.32139,2.29708,2.309235
97.38,2.31342,2.29434,2.30388
97.39,2.31786,2.29379,2.305825
97.4,2.32611,2.2973,2.311705
97.41,2.32134,2.29289,2.307115
97.42,2.31586,2.29668,2.30627
97.43,2.31936,2.2925,2.30593
97.44,2.32074,2.29733,2.309035
97.45,2.32327,2.29362,2.308445
97.46,2.31999,2.29565,2.30782
97.47,2.32254,2.29326,2.3079
97.48,2.31882,2.29453,2.306675
97.49,2.31462,2.28708,2.30085
97.5,2.32029,2.2928,2.306545
97.51,2.31844,2.29513,2.306785
97.52,2.31511,2.30099,2.30805
97.53,2.31563,2.29069,2.30316
97.54,2.31439,2.30013,2.30726
97.55,2.31532,2.28946,2.30239
97.56,2.31324,2.29211,2.302675
97.57,2.31957,2.29299,2.30628
97.58,2.31596,2.30137,2.308665
97.59,2.31729,2.30081,2.30905
97.6,2.32362,2.29678,2.3102
97.61,2.32182,2.29024,2.30603
97.62,2.321,2.28914,2.30507
97.63,2.32335,2.28434,2.303845
97.64,2.32756,2.29253,2.310045
97.65,2.32414,2.28807,2.306105
97.66,2.31914,2.28655,2.302845
97.67,2.31691,2.29111,2.30401
97.68,2.32457,2.27974,2.302155
97.69,2.32199,2.28872,2.305355
97.7,2.31852,2.29722,2.30787
97.71,2.31946,2.29547,2.307465
97.72,2.31658,2.29934,2.30796
97.73,2.31938,2.29105,2.305215
97.74,2.31764,2.30009,2.308865
97.75,2.32372,2.30182,2.31277
97.76,2.3275,2.30296,2.31523
97.77,2.32147,2.2963,2.308885
97.78,2.32045,2.29141,2.30593
97.79,2.32092,2.29099,2.305955
97.8,2.32059,2.29404,2.307315
97.81,2.32536,2.29318,2.30927
97.82,2.31462,2.29047,2.302545
97.83,2.32026,2.29313,2.306695
97.84,2.31836,2.29051,2.304435
97.85,2.31969,2.29134,2.305515
97.86,2.31994,2.30433,2.312135
97.87,2.32167,2.30001,2.31084
97.88,2.31546,2.29099,2.303225
97.89,2.32329,2.2928,2.308045
97.9,2.32825,2.29106,2.309655
97.91,2.32199,2.28899,2.30549
97.92,2.31461,2.29759,2.3061
97.93,2.31581,2.30038,2.308095
97.94,2.32178,2.29427,2.308025
97.95,2.31249,2.29838,2.305435
97.96,2.31961,2.29426,2.306935
97.97,2.30801,2.29445,2.30123
97.98,2.32339,2.28811,2.30575
97.99,2.31936,2.29915,2.309255
98,2.31899,2.29393,2.30646
98.01,2.3201,2.29681,2.308455
98.02,2.3185,2.29308,2.30579
98.03,2.32654,2.28822,2.30738
98.04,2.32889,2.2844,2.306645
98.05,2.32053,2.28654,2.303535
98.06,2.32552,2.28384,2.30468
98.07,2.32214,2.28729,2.304715
98.08,2.31751,2.29204,2.304775
98.09,2.31712,2.29629,2.306705
98.1,2.32158,2.30863,2.315105
98.11,2.32089,2.29405,2.30747
98.12,2.31863,2.30673,2.31268
98.13,2.31384,2.29387,2.303855
98.14,2.3129,2.30048,2.30669
98.15,2.30348,2.2893,2.29639
98.16,2.31974,2.29076,2.30525
98.17,2.32413,2.29007,2.3071
98.18,2.31674,2.29694,2.30684
98.19,2.31519,2.29446,2.304825
98.2,2.30775,2.30064,2.304195
98.21,2.31195,2.29056,2.301255
98.22,2.31271,2.29567,2.30419
98.23,2.31306,2.30176,2.30741
98.24,2.31211,2.29458,2.303345
98.25,2.31035,2.29511,2.30273
98.26,2.30532,2.29863,2.301975
98.27,2.31404,2.29046,2.30225
98.28,2.32113,2.29624,2.308685
98.29,2.31676,2.29053,2.303645
98.3,2.32553,2.29878,2.312155
98.31,2.31891,2.28945,2.30418
98.32,2.32377,2.28745,2.30561
98.33,2.31783,2.29728,2.307555
98.34,2.31805,2.28681,2.30243
98.35,2.3222,2.29711,2.309655
98.36,2.32601,2.28491,2.30546
98.37,2.32582,2.29711,2.311465
98.38,2.31534,2.29679,2.306065
98.39,2.32167,2.28997,2.30582
98.4,2.31315,2.28653,2.29984
98.41,2.31454,2.2939,2.30422
98.42,2.31403,2.28843,2.30123
98.43,2.30612,2.29917,2.302645
98.44,2.3086,2.29506,2.30183
98.45,2.30549,2.2744,2.289945
98.46,2.3128,2.28226,2.29753
98.47,2.31744,2.28836,2.3029
98.48,2.31795,2.2849,2.301425
98.49,2.31366,2.28702,2.30034
98.5,2.32233,2.28941,2.30587
98.51,2.31499,2.28513,2.30006
98.52,2.30889,2.28031,2.2946
98.53,2.3127,2.28452,2.29861
98.54,2.31078,2.28674,2.29876
98.55,2.31752,2.29544,2.30648
98.56,2.31693,2.2812,2.299065
98.57,2.31169,2.29387,2.30278
98.58,2.31739,2.29588,2.306635
98.59,2.3133,2.29017,2.301735
98.6,2.30746,2.28866,2.29806
98.61,2.31561,2.29471,2.30516
98.62,2.31368,2.29236,2.30302
98.63,2.32027,2.29867,2.30947
98.64,2.32222,2.29745,2.309835
98.65,2.31563,2.30294,2.309285
98.66,2.3241,2.28533,2.304715
98.67,2.31994,2.28873,2.304335
98.68,2.31739,2.29198,2.304685
98.69,2.3112,2.29652,2.30386
98.7,2.3204,2.29698,2.30869
98.71,2.31502,2.29317,2.304095
98.72,2.3122,2.29754,2.30487
98.73,2.31744,2.30857,2.313005
98.74,2.3212,2.29643,2.308815
98.75,2.32445,2.28881,2.30663
98.76,2.32203,2.30103,2.31153
98.77,2.31733,2.29342,2.305375
98.78,2.31751,2.29429,2.3059
98.79,2.32892,2.3013,2.31511
98.8,2.3122,2.29121,2.301705
98.81,2.33133,2.2951,2.313215
98.82,2.32211,2.29611,2.30911
98.83,2.32887,2.28591,2.30739
98.84,2.31941,2.28672,2.303065
98.85,2.32364,2.28034,2.30199
98.86,2.32153,2.30108,2.311305
98.87,2.32612,2.28764,2.30688
98.88,2.31662,2.2891,2.30286
98.89,2.31706,2.29298,2.30502
98.9,2.31639,2.29707,2.30673
98.91,2.31641,2.29586,2.306135
98.92,2.31515,2.28823,2.30169
98.93,2.3208,2.29308,2.30694
98.94,2.32189,2.28925,2.30557
98.95,2.31171,2.28525,2.29848
98.96,2.31732,2.28118,2.29925
98.97,2.31034,2.28865,2.299495
98.98,2.31179,2.28768,2.299735
98.99,2.31347,2.28918,2.301325
99,2.31499,2.29771,2.30635
99.01,2.30932,2.29441,2.301865
99.02,2.30626,2.30305,2.304655
99.03,2.30604,2.29553,2.300785
99.04,2.3086,2.29992,2.30426
99.05,2.31718,2.29675,2.306965
99.06,2.30691,2.29629,2.3016
99.07,2.30708,2.28764,2.29736
99.08,2.3114,2.28278,2.29709
99.09,2.31885,2.29028,2.304565
99.1,2.3247,2.29012,2.30741
99.11,2.31235,2.29038,2.301365
99.12,2.31589,2.29523,2.30556
99.13,2.31549,2.29557,2.30553
99.14,2.30795,2.29668,2.302315
99.15,2.30848,2.30187,2.305175
99.16,2.30569,2.29524,2.300465
99.17,2.3019,2.29849,2.300195
99.18,2.29984,2.28545,2.292645
99.19,2.31027,2.28454,2.297405
99.2,2.31173,2.29238,2.302055
99.21,2.30597,2.29956,2.302765
99.22,2.30985,2.28715,2.2985
99.23,2.30605,2.29179,2.29892
99.24,2.30952,2.28294,2.29623
99.25,2.3043,2.28899,2.296645
99.26,2.30452,2.28667,2.295595
99.27,2.308,2.29227,2.300135
99.28,2.31,2.29267,2.301335
99.29,2.30989,2.29034,2.300115
99.3,2.31004,2.29256,2.3013
99.31,2.31703,2.29484,2.305935
99.32,2.30773,2.28593,2.29683
99.33,2.31755,2.28115,2.29935
99.34,2.317,2.29131,2.304155
99.35,2.31011,2.28596,2.298035
99.36,2.3122,2.29685,2.304525
99.37,2.30805,2.2919,2.299975
99.38,2.30745,2.29734,2.302395
99.39,2.31543,2.29245,2.30394
99.4,2.30908,2.29011,2.299595
99.41,2.30713,2.29139,2.29926
99.42,2.31708,2.28816,2.30262
99.43,2.30889,2.28709,2.29799
99.44,2.30807,2.28641,2.29724
99.45,2.30572,2.28889,2.297305
99.46,2.312,2.28863,2.300315
99.47,2.31733,2.29061,2.30397
99.48,2.31209,2.29617,2.30413
99.49,2.31132,2.28533,2.298325
99.5,2.31451,2.28693,2.30072
99.51,2.31143,2.29048,2.300955
99.52,2.31665,2.29268,2.304665
99.53,2.31405,2.28759,2.30082
99.54,2.31289,2.29034,2.301615
99.55,2.30912,2.29443,2.301775
99.56,2.31158,2.29421,2.302895
99.57,2.31122,2.30063,2.305925
99.58,2.31687,2.3015,2.309185
99.59,2.31997,2.29702,2.308495
99.6,2.32224,2.2894,2.30582
99.61,2.31736,2.29221,2.304785
99.62,2.32102,2.3096,2.31531
99.63,2.31006,2.30288,2.30647
99.64,2.32329,2.29964,2.311465
99.65,2.31478,2.29398,2.30438
99.66,2.31144,2.30006,2.30575
99.67,2.31526,2.30437,2.309815
99.68,2.31097,2.29759,2.30428
99.69,2.3077,2.2979,2.3028
99.7,2.30727,2.29191,2.29959
99.71,2.30994,2.29848,2.30421
99.72,2.30923,2.29956,2.304395
99.73,2.30832,2.29481,2.301565
99.74,2.31274,2.29634,2.30454
99.75,2.3141,2.29438,2.30424
99.76,2.31848,2.29431,2.306395
99.77,2.31197,2.29312,2.302545
99.78,2.32162,2.29322,2.30742
99.79,2.31007,2.29605,2.30306
99.8,2.30933,2.2906,2.299965
99.81,2.31236,2.30028,2.30632
99.82,2.31187,2.29246,2.302165
99.83,2.30836,2.2951,2.30173
99.84,2.31217,2.29001,2.30109
99.85,2.31418,2.29749,2.305835
99.86,2.31151,2.28877,2.30014
99.87,2.30255,2.29118,2.296865
99.88,2.30289,2.29143,2.29716
99.89,2.30965,2.28942,2.299535
99.9,2.30687,2.29666,2.301765
99.91,2.31256,2.29483,2.303695
99.92,2.30937,2.29049,2.29993
99.93,2.30885,2.28345,2.29615
99.94,2.31206,2.29077,2.301415
99.95,2.31032,2.28562,2.29797
99.96,2.31279,2.28729,2.30004
99.97,2.31038,2.28696,2.29867
99.98,2.3148,2.29031,2.302555
99.99,2.31622,2.28553,2.300875
100,2.31929,2.29145,2.30537
