Time/Residue,AFR5_R1.xvg,AFR5_R2.xvg,Average
0.0,2.25035,2.25065,2.2505
1e-08,2.27359,2.27094,2.272265
2e-08,2.28399,2.27619,2.28009
3e-08,2.28234,2.27779,2.280065
4e-08,2.27939,2.2842,2.281795
5.0000000000000004e-08,2.2829,2.27546,2.27918
6e-08,2.28487,2.28325,2.28406
7e-08,2.28491,2.29499,2.28995
8e-08,2.28144,2.28431,2.282875
9e-08,2.27775,2.28085,2.2793
1.0000000000000001e-07,2.28851,2.27178,2.280145
1.1e-07,2.28272,2.28252,2.28262
1.2e-07,2.28199,2.28206,2.282025
1.3000000000000003e-07,2.28444,2.27828,2.28136
1.4e-07,2.28822,2.28523,2.286725
1.5e-07,2.28165,2.27637,2.27901
1.6e-07,2.28284,2.28347,2.283155
1.7000000000000001e-07,2.2891,2.27003,2.279565
1.8e-07,2.29146,2.28049,2.285975
1.9e-07,2.28989,2.28304,2.286465
2.0000000000000002e-07,2.29019,2.27409,2.28214
2.0999999999999997e-07,2.28909,2.28476,2.286925
2.2e-07,2.28661,2.28225,2.28443
2.3e-07,2.29166,2.28593,2.288795
2.4e-07,2.28648,2.28649,2.286485
2.5e-07,2.29134,2.28241,2.286875
2.6000000000000005e-07,2.2919,2.27937,2.285635
2.7e-07,2.28113,2.27732,2.279225
2.8e-07,2.28385,2.28612,2.284985
2.9e-07,2.27808,2.28529,2.281685
3e-07,2.28337,2.29039,2.28688
3.1e-07,2.28271,2.28479,2.28375
3.2e-07,2.28184,2.28689,2.284365
3.3e-07,2.28692,2.30041,2.293665
3.4000000000000003e-07,2.29195,2.28831,2.29013
3.5e-07,2.2924,2.29253,2.292465
3.6e-07,2.28902,2.28848,2.28875
3.7e-07,2.29367,2.29129,2.29248
3.8e-07,2.27912,2.2949,2.28701
3.8999999999999997e-07,2.28475,2.2932,2.288975
4.0000000000000003e-07,2.28615,2.29196,2.289055
4.1e-07,2.29741,2.29047,2.29394
4.1999999999999995e-07,2.29103,2.298,2.294515
4.3e-07,2.29723,2.30032,2.298775
4.4e-07,2.2892,2.30276,2.29598
4.5e-07,2.28678,2.29997,2.293375
4.6e-07,2.29192,2.2969,2.29441
4.7e-07,2.30082,2.29511,2.297965
4.8e-07,2.30421,2.30214,2.303175
4.9e-07,2.30118,2.29866,2.29992
5e-07,2.28941,2.28858,2.288995
5.1e-07,2.29386,2.29724,2.29555
5.200000000000001e-07,2.29629,2.29918,2.297735
5.3e-07,2.29066,2.29755,2.294105
5.4e-07,2.2894,2.28937,2.289385
5.5e-07,2.28398,2.29837,2.291175
5.6e-07,2.29203,2.29267,2.29235
5.699999999999999e-07,2.28698,2.29769,2.292335
5.8e-07,2.2969,2.29995,2.298425
5.9e-07,2.30138,2.30705,2.304215
6e-07,2.28803,2.29528,2.291655
6.1e-07,2.29316,2.29871,2.295935
6.2e-07,2.2905,2.30281,2.296655
6.3e-07,2.2887,2.31115,2.299925
6.4e-07,2.28711,2.30382,2.295465
6.499999999999999e-07,2.29107,2.29523,2.29315
6.6e-07,2.27916,2.30321,2.291185
6.7e-07,2.28547,2.30534,2.295405
6.800000000000001e-07,2.29355,2.29408,2.293815
6.9e-07,2.28796,2.30224,2.2951
7e-07,2.29178,2.31314,2.30246
7.099999999999999e-07,2.28362,2.29726,2.29044
7.2e-07,2.28275,2.30511,2.29393
7.3e-07,2.28423,2.30425,2.29424
7.4e-07,2.28224,2.30947,2.295855
7.5e-07,2.28834,2.30782,2.29808
7.6e-07,2.28981,2.30422,2.297015
7.7e-07,2.29623,2.30335,2.29979
7.799999999999999e-07,2.29466,2.30534,2.3
7.900000000000001e-07,2.29903,2.30266,2.300845
8.000000000000001e-07,2.29729,2.30555,2.30142
8.100000000000001e-07,2.29622,2.30752,2.30187
8.2e-07,2.28235,2.30187,2.29211
8.3e-07,2.28294,2.29788,2.29041
8.399999999999999e-07,2.29205,2.30502,2.298535
8.499999999999999e-07,2.28798,2.30655,2.297265
8.6e-07,2.29037,2.29793,2.29415
8.7e-07,2.28888,2.30548,2.29718
8.8e-07,2.28539,2.3055,2.295445
8.900000000000001e-07,2.28273,2.3013,2.292015
9e-07,2.29205,2.3065,2.299275
9.1e-07,2.28845,2.30428,2.296365
9.2e-07,2.28297,2.31168,2.297325
9.300000000000001e-07,2.28433,2.3007,2.292515
9.4e-07,2.29148,2.30456,2.29802
9.5e-07,2.28873,2.29557,2.29215
9.6e-07,2.28437,2.30086,2.292615
9.7e-07,2.28984,2.2968,2.29332
9.8e-07,2.29002,2.29227,2.291145
9.9e-07,2.29048,2.29343,2.291955
1e-06,2.29229,2.2978,2.295045
1.01e-06,2.28829,2.29831,2.2933
1.02e-06,2.28285,2.29685,2.28985
1.03e-06,2.29572,2.29686,2.29629
1.0400000000000002e-06,2.28982,2.29676,2.29329
1.0500000000000001e-06,2.28945,2.29889,2.29417
1.06e-06,2.28959,2.29453,2.29206
1.07e-06,2.28869,2.28643,2.28756
1.08e-06,2.28577,2.29094,2.288355
1.09e-06,2.28913,2.28596,2.287545
1.1e-06,2.28641,2.28908,2.287745
1.1100000000000002e-06,2.28058,2.28732,2.28395
1.12e-06,2.28554,2.29854,2.29204
1.13e-06,2.28461,2.29424,2.289425
1.1399999999999999e-06,2.27614,2.29388,2.28501
1.15e-06,2.27814,2.29823,2.288185
1.16e-06,2.28772,2.29513,2.291425
1.17e-06,2.28039,2.29338,2.286885
1.18e-06,2.28059,2.28732,2.283955
1.1899999999999998e-06,2.2817,2.28685,2.284275
1.2e-06,2.28165,2.29207,2.28686
1.2099999999999998e-06,2.27923,2.29056,2.284895
1.22e-06,2.28595,2.28583,2.28589
1.2299999999999999e-06,2.27952,2.2878,2.28366
1.24e-06,2.28356,2.28377,2.283665
1.25e-06,2.27912,2.29723,2.288175
1.26e-06,2.27886,2.29354,2.2862
1.2700000000000001e-06,2.28322,2.2951,2.28916
1.28e-06,2.28538,2.28447,2.284925
1.2900000000000001e-06,2.28505,2.28544,2.285245
1.2999999999999998e-06,2.28296,2.28304,2.283
1.31e-06,2.28216,2.28701,2.284585
1.32e-06,2.29212,2.28295,2.287535
1.33e-06,2.28165,2.29667,2.28916
1.34e-06,2.28938,2.28954,2.28946
1.35e-06,2.28919,2.28507,2.28713
1.3600000000000001e-06,2.27788,2.28831,2.283095
1.3700000000000002e-06,2.28128,2.28924,2.28526
1.38e-06,2.28565,2.29259,2.28912
1.39e-06,2.2843,2.28033,2.282315
1.4e-06,2.29062,2.29381,2.292215
1.41e-06,2.28403,2.28348,2.283755
1.4199999999999997e-06,2.28114,2.28104,2.28109
1.4299999999999999e-06,2.28563,2.27869,2.28216
1.44e-06,2.28777,2.28351,2.28564
1.4499999999999999e-06,2.29598,2.28596,2.29097
1.46e-06,2.29024,2.2907,2.29047
1.47e-06,2.29363,2.2791,2.286365
1.48e-06,2.29531,2.28053,2.28792
1.49e-06,2.2935,2.28548,2.28949
1.5e-06,2.28986,2.28462,2.28724
1.5100000000000002e-06,2.29139,2.28005,2.28572
1.52e-06,2.29629,2.27246,2.284375
1.5300000000000002e-06,2.29767,2.28777,2.29272
1.54e-06,2.29581,2.27856,2.287185
1.55e-06,2.30701,2.2853,2.296155
1.5599999999999999e-06,2.29758,2.28869,2.293135
1.57e-06,2.2958,2.29232,2.29406
1.5800000000000001e-06,2.30222,2.28821,2.295215
1.59e-06,2.30353,2.28926,2.296395
1.6000000000000001e-06,2.30343,2.29189,2.29766
1.61e-06,2.30555,2.2899,2.297725
1.6200000000000002e-06,2.30226,2.29503,2.298645
1.6299999999999999e-06,2.2974,2.28892,2.29316
1.64e-06,2.29977,2.29211,2.29594
1.65e-06,2.29899,2.30145,2.30022
1.66e-06,2.29774,2.29198,2.29486
1.6699999999999999e-06,2.2959,2.29432,2.29511
1.6799999999999998e-06,2.29849,2.30115,2.29982
1.69e-06,2.29274,2.29341,2.293075
1.6999999999999998e-06,2.29896,2.30451,2.301735
1.71e-06,2.30076,2.30833,2.304545
1.72e-06,2.29826,2.30258,2.30042
1.73e-06,2.30048,2.30473,2.302605
1.74e-06,2.29078,2.30258,2.29668
1.75e-06,2.29879,2.29291,2.29585
1.76e-06,2.29741,2.30227,2.29984
1.77e-06,2.29933,2.3076,2.303465
1.7800000000000001e-06,2.30435,2.29306,2.298705
1.7900000000000002e-06,2.30507,2.30227,2.30367
1.8e-06,2.30292,2.30381,2.303365
1.81e-06,2.30929,2.30587,2.30758
1.82e-06,2.30522,2.30375,2.304485
1.83e-06,2.30931,2.29408,2.301695
1.84e-06,2.29627,2.31192,2.304095
1.85e-06,2.30474,2.30041,2.302575
1.8600000000000002e-06,2.3098,2.30549,2.307645
1.87e-06,2.30234,2.30845,2.305395
1.88e-06,2.30658,2.30736,2.30697
1.89e-06,2.30353,2.3059,2.304715
1.9e-06,2.29858,2.29764,2.29811
1.91e-06,2.30152,2.29725,2.299385
1.92e-06,2.30083,2.29567,2.29825
1.9299999999999997e-06,2.3036,2.30589,2.304745
1.94e-06,2.30257,2.31071,2.30664
1.95e-06,2.30296,2.29684,2.2999
1.96e-06,2.31175,2.30324,2.307495
1.9699999999999998e-06,2.30831,2.30319,2.30575
1.98e-06,2.31614,2.30654,2.31134
1.99e-06,2.31145,2.30646,2.308955
2e-06,2.30501,2.29828,2.301645
2.01e-06,2.30775,2.30023,2.30399
2.02e-06,2.31068,2.30109,2.305885
2.0299999999999996e-06,2.30885,2.30074,2.304795
2.04e-06,2.30547,2.29614,2.300805
2.05e-06,2.31278,2.31008,2.31143
2.06e-06,2.30664,2.30639,2.306515
2.0699999999999997e-06,2.31822,2.31017,2.314195
2.0800000000000004e-06,2.31663,2.31359,2.31511
2.09e-06,2.31632,2.3062,2.31126
2.1000000000000002e-06,2.31338,2.30534,2.30936
2.1099999999999997e-06,2.31475,2.2901,2.302425
2.12e-06,2.31365,2.30913,2.31139
2.13e-06,2.3048,2.30178,2.30329
2.14e-06,2.31161,2.30645,2.30903
2.15e-06,2.30873,2.29786,2.303295
2.16e-06,2.30834,2.29637,2.302355
2.17e-06,2.30818,2.31403,2.311105
2.18e-06,2.31266,2.30049,2.306575
2.19e-06,2.30688,2.3053,2.30609
2.2e-06,2.30939,2.30182,2.305605
2.21e-06,2.30928,2.29724,2.30326
2.2200000000000003e-06,2.30407,2.30901,2.30654
2.23e-06,2.31621,2.31347,2.31484
2.24e-06,2.30594,2.30703,2.306485
2.2499999999999996e-06,2.30996,2.31399,2.311975
2.26e-06,2.30955,2.30746,2.308505
2.27e-06,2.30659,2.30611,2.30635
2.2799999999999998e-06,2.31158,2.317,2.31429
2.29e-06,2.30776,2.3079,2.30783
2.3e-06,2.30217,2.31288,2.307525
2.31e-06,2.31941,2.309,2.314205
2.32e-06,2.32576,2.31155,2.318655
2.33e-06,2.31578,2.31551,2.315645
2.34e-06,2.31731,2.30797,2.31264
2.35e-06,2.3232,2.3098,2.3165
2.36e-06,2.31919,2.3066,2.312895
2.37e-06,2.32598,2.31727,2.321625
2.3799999999999997e-06,2.33076,2.30927,2.320015
2.39e-06,2.32768,2.30651,2.317095
2.4e-06,2.32724,2.31037,2.318805
2.4100000000000002e-06,2.32076,2.30558,2.31317
2.4199999999999997e-06,2.32391,2.30158,2.312745
2.4300000000000005e-06,2.32879,2.31519,2.32199
2.44e-06,2.32,2.30461,2.312305
2.4500000000000003e-06,2.32663,2.30209,2.31436
2.4599999999999997e-06,2.3283,2.31468,2.32149
2.4700000000000005e-06,2.32794,2.31888,2.32341
2.48e-06,2.32221,2.30577,2.31399
2.49e-06,2.33212,2.29994,2.31603
2.5e-06,2.33798,2.30014,2.31906
2.5099999999999997e-06,2.32979,2.29739,2.31359
2.52e-06,2.32743,2.30368,2.315555
2.5299999999999995e-06,2.32929,2.30579,2.31754
2.5400000000000002e-06,2.33392,2.31415,2.324035
2.5499999999999997e-06,2.33086,2.30486,2.31786
2.56e-06,2.3285,2.3136,2.32105
2.57e-06,2.32568,2.30896,2.31732
2.5800000000000003e-06,2.32839,2.31054,2.319465
2.5899999999999998e-06,2.33011,2.31008,2.320095
2.5999999999999997e-06,2.32635,2.30268,2.314515
2.61e-06,2.32298,2.31656,2.31977
2.62e-06,2.32087,2.31408,2.317475
2.63e-06,2.32903,2.30322,2.316125
2.64e-06,2.33313,2.30008,2.316605
2.65e-06,2.31868,2.30772,2.3132
2.66e-06,2.33249,2.31214,2.322315
2.6700000000000003e-06,2.32339,2.31419,2.31879
2.68e-06,2.32403,2.31108,2.317555
2.69e-06,2.31741,2.31373,2.31557
2.7e-06,2.31906,2.31183,2.315445
2.7100000000000003e-06,2.32061,2.31084,2.315725
2.7200000000000002e-06,2.3277,2.31171,2.319705
2.7299999999999997e-06,2.32061,2.30966,2.315135
2.7400000000000004e-06,2.32528,2.29996,2.31262
2.75e-06,2.32698,2.29877,2.312875
2.76e-06,2.33114,2.30126,2.3162
2.7699999999999997e-06,2.32549,2.31129,2.31839
2.78e-06,2.33189,2.31094,2.321415
2.79e-06,2.33066,2.31079,2.320725
2.8e-06,2.32574,2.30815,2.316945
2.81e-06,2.32492,2.31758,2.32125
2.82e-06,2.33299,2.31131,2.32215
2.83e-06,2.33161,2.31494,2.323275
2.8399999999999995e-06,2.32228,2.31111,2.316695
2.8500000000000002e-06,2.31691,2.31264,2.314775
2.8599999999999997e-06,2.31449,2.31574,2.315115
2.87e-06,2.32157,2.31153,2.31655
2.88e-06,2.32447,2.31167,2.31807
2.8900000000000003e-06,2.31658,2.30484,2.31071
2.8999999999999998e-06,2.31601,2.31227,2.31414
2.91e-06,2.31665,2.30759,2.31212
2.92e-06,2.3161,2.30028,2.30819
2.9300000000000003e-06,2.31108,2.30724,2.30916
2.94e-06,2.32148,2.30734,2.31441
2.9500000000000006e-06,2.32094,2.3054,2.31317
2.96e-06,2.31749,2.30987,2.31368
2.97e-06,2.31299,2.30454,2.308765
2.98e-06,2.31177,2.31375,2.31276
2.99e-06,2.31851,2.31271,2.31561
3e-06,2.31603,2.30777,2.3119
3.0099999999999996e-06,2.3222,2.30451,2.313355
3.0200000000000003e-06,2.31285,2.30423,2.30854
3.03e-06,2.31506,2.30862,2.31184
3.04e-06,2.31413,2.3042,2.309165
3.0499999999999996e-06,2.31689,2.31726,2.317075
3.0600000000000003e-06,2.32161,2.29751,2.30956
3.07e-06,2.31252,2.31403,2.313275
3.08e-06,2.31307,2.31234,2.312705
3.09e-06,2.3171,2.30024,2.30867
3.1e-06,2.32406,2.30644,2.31525
3.11e-06,2.31392,2.31925,2.316585
3.1199999999999998e-06,2.31502,2.31015,2.312585
3.13e-06,2.31504,2.30004,2.30754
3.14e-06,2.3155,2.29927,2.307385
3.15e-06,2.3247,2.30067,2.312685
3.1600000000000002e-06,2.31292,2.30643,2.309675
3.17e-06,2.31809,2.29877,2.30843
3.18e-06,2.31479,2.29598,2.305385
3.19e-06,2.32141,2.30001,2.31071
3.2000000000000003e-06,2.32132,2.29847,2.309895
3.21e-06,2.31433,2.30695,2.31064
3.22e-06,2.30913,2.2983,2.303715
3.23e-06,2.30691,2.29394,2.300425
3.2400000000000003e-06,2.31891,2.30102,2.309965
3.25e-06,2.32297,2.29892,2.310945
3.2599999999999997e-06,2.3254,2.30621,2.315805
3.27e-06,2.32095,2.30524,2.313095
3.28e-06,2.32037,2.30378,2.312075
3.29e-06,2.31674,2.29829,2.307515
3.3e-06,2.31949,2.29198,2.305735
3.31e-06,2.32138,2.30201,2.311695
3.32e-06,2.31731,2.29844,2.307875
3.33e-06,2.31553,2.29807,2.3068
3.3399999999999998e-06,2.31804,2.3057,2.31187
3.35e-06,2.32275,2.29902,2.310885
3.3599999999999996e-06,2.31803,2.30317,2.3106
3.3700000000000003e-06,2.31668,2.30266,2.30967
3.38e-06,2.31726,2.29782,2.30754
3.39e-06,2.31243,2.29474,2.303585
3.3999999999999996e-06,2.31448,2.30001,2.307245
3.4100000000000004e-06,2.31795,2.29417,2.30606
3.42e-06,2.31938,2.29846,2.30892
3.43e-06,2.3124,2.30215,2.307275
3.44e-06,2.31792,2.30048,2.3092
3.4500000000000004e-06,2.31634,2.29455,2.305445
3.46e-06,2.32156,2.30285,2.312205
3.47e-06,2.31718,2.30674,2.31196
3.48e-06,2.31401,2.30782,2.310915
3.49e-06,2.3204,2.30372,2.31206
3.5e-06,2.30847,2.30628,2.307375
3.51e-06,2.31499,2.30676,2.310875
3.52e-06,2.30679,2.3008,2.303795
3.5299999999999997e-06,2.31454,2.30902,2.31178
3.54e-06,2.31865,2.30325,2.31095
3.55e-06,2.32106,2.31249,2.316775
3.5600000000000002e-06,2.32124,2.31414,2.31769
3.5699999999999997e-06,2.31611,2.30013,2.30812
3.5800000000000005e-06,2.31321,2.30621,2.30971
3.59e-06,2.31913,2.3019,2.310515
3.6e-06,2.31657,2.30437,2.31047
3.6099999999999997e-06,2.31786,2.30378,2.31082
3.62e-06,2.32149,2.30528,2.313385
3.63e-06,2.31353,2.30108,2.307305
3.64e-06,2.31846,2.30297,2.310715
3.65e-06,2.31695,2.32376,2.320355
3.66e-06,2.31734,2.30416,2.31075
3.67e-06,2.31261,2.309,2.310805
3.68e-06,2.31985,2.31656,2.318205
3.6900000000000002e-06,2.30989,2.31401,2.31195
3.7e-06,2.32148,2.31001,2.315745
3.7099999999999996e-06,2.31536,2.31571,2.315535
3.7200000000000004e-06,2.31275,2.30101,2.30688
3.73e-06,2.31481,2.31305,2.31393
3.74e-06,2.31662,2.31709,2.316855
3.7499999999999997e-06,2.31549,2.30927,2.31238
3.76e-06,2.32041,2.32047,2.32044
3.77e-06,2.31994,2.31184,2.31589
3.78e-06,2.32608,2.32044,2.32326
3.79e-06,2.322,2.30685,2.314425
3.8e-06,2.32393,2.31515,2.31954
3.81e-06,2.31738,2.32092,2.31915
3.82e-06,2.32534,2.31793,2.321635
3.83e-06,2.3214,2.30631,2.313855
3.84e-06,2.32365,2.31499,2.31932
3.85e-06,2.31991,2.31671,2.31831
3.8599999999999995e-06,2.3163,2.30943,2.312865
3.87e-06,2.31691,2.3105,2.313705
3.88e-06,2.31602,2.3112,2.31361
3.89e-06,2.31625,2.30539,2.31082
3.9e-06,2.32206,2.30478,2.31342
3.910000000000001e-06,2.31884,2.30624,2.31254
3.92e-06,2.31968,2.30617,2.312925
3.9300000000000005e-06,2.32017,2.3067,2.313435
3.9399999999999995e-06,2.31488,2.30684,2.31086
3.95e-06,2.31797,2.30382,2.310895
3.96e-06,2.31411,2.31421,2.31416
3.97e-06,2.31226,2.30629,2.309275
3.98e-06,2.31943,2.30506,2.312245
3.990000000000001e-06,2.31791,2.31131,2.31461
4e-06,2.31354,2.31281,2.313175
4.01e-06,2.30923,2.31191,2.31057
4.02e-06,2.30618,2.31067,2.308425
4.03e-06,2.30962,2.30744,2.30853
4.04e-06,2.31166,2.31364,2.31265
4.05e-06,2.31471,2.30728,2.310995
4.059999999999999e-06,2.31235,2.31028,2.311315
4.070000000000001e-06,2.30236,2.31101,2.306685
4.08e-06,2.31133,2.30466,2.307995
4.09e-06,2.30816,2.2958,2.30198
4.1e-06,2.30741,2.30606,2.306735
4.11e-06,2.31908,2.29651,2.307795
4.12e-06,2.30786,2.3098,2.30883
4.13e-06,2.30697,2.30895,2.30796
4.139999999999999e-06,2.31617,2.30562,2.310895
4.15e-06,2.30389,2.31741,2.31065
4.160000000000001e-06,2.31018,2.3266,2.31839
4.17e-06,2.31046,2.32307,2.316765
4.18e-06,2.31118,2.3089,2.31004
4.1900000000000005e-06,2.31493,2.3107,2.312815
4.2000000000000004e-06,2.30685,2.32031,2.31358
4.21e-06,2.30867,2.3165,2.312585
4.219999999999999e-06,2.31446,2.30971,2.312085
4.23e-06,2.31985,2.30835,2.3141
4.24e-06,2.31463,2.31173,2.31318
4.25e-06,2.31204,2.30889,2.310465
4.26e-06,2.31758,2.31804,2.31781
4.27e-06,2.31253,2.30205,2.30729
4.28e-06,2.30641,2.30634,2.306375
4.2900000000000004e-06,2.30367,2.30933,2.3065
4.3e-06,2.31572,2.30036,2.30804
4.309999999999999e-06,2.31375,2.31382,2.313785
4.32e-06,2.31723,2.30714,2.312185
4.33e-06,2.31718,2.3066,2.31189
4.34e-06,2.31427,2.30182,2.308045
4.35e-06,2.31302,2.3141,2.31356
4.36e-06,2.31562,2.30645,2.311035
4.37e-06,2.31615,2.29627,2.30621
4.38e-06,2.30754,2.30319,2.305365
4.3899999999999995e-06,2.31122,2.30545,2.308335
4.4e-06,2.31071,2.30023,2.30547
4.41e-06,2.31331,2.30389,2.3086
4.42e-06,2.31559,2.30449,2.31004
4.43e-06,2.31592,2.29857,2.307245
4.440000000000001e-06,2.31805,2.29336,2.305705
4.45e-06,2.31122,2.30593,2.308575
4.46e-06,2.30737,2.29819,2.30278
4.47e-06,2.30651,2.30154,2.304025
4.48e-06,2.30809,2.30047,2.30428
4.49e-06,2.30774,2.3068,2.30727
4.499999999999999e-06,2.30654,2.30809,2.307315
4.51e-06,2.31022,2.29569,2.302955
4.52e-06,2.31345,2.30044,2.306945
4.53e-06,2.31483,2.31039,2.31261
4.54e-06,2.3084,2.30257,2.305485
4.5500000000000005e-06,2.31438,2.30078,2.30758
4.5599999999999995e-06,2.31009,2.3081,2.309095
4.57e-06,2.31087,2.30601,2.30844
4.58e-06,2.3056,2.30704,2.30632
4.589999999999999e-06,2.31657,2.31158,2.314075
4.6e-06,2.32048,2.30868,2.31458
4.610000000000001e-06,2.30609,2.30275,2.30442
4.62e-06,2.32021,2.3027,2.311455
4.63e-06,2.31342,2.31187,2.312645
4.64e-06,2.30867,2.30447,2.30657
4.65e-06,2.31005,2.29892,2.304485
4.66e-06,2.3002,2.30138,2.30079
4.669999999999999e-06,2.30086,2.29916,2.30001
4.68e-06,2.30891,2.31257,2.31074
4.690000000000001e-06,2.3038,2.30465,2.304225
4.7e-06,2.30697,2.29603,2.3015
4.71e-06,2.30729,2.30069,2.30399
4.72e-06,2.30434,2.30787,2.306105
4.7300000000000005e-06,2.30936,2.30904,2.3092
4.74e-06,2.30401,2.30504,2.304525
4.75e-06,2.30185,2.29924,2.300545
4.759999999999999e-06,2.30295,2.30068,2.301815
4.77e-06,2.30774,2.30055,2.304145
4.78e-06,2.3082,2.30566,2.30693
4.79e-06,2.30199,2.3072,2.304595
4.8e-06,2.30059,2.29876,2.299675
4.81e-06,2.31006,2.30742,2.30874
4.8200000000000004e-06,2.29511,2.30652,2.300815
4.83e-06,2.29702,2.29605,2.296535
4.839999999999999e-06,2.30105,2.29695,2.299
4.849999999999999e-06,2.30109,2.29935,2.30022
4.860000000000001e-06,2.29656,2.29941,2.297985
4.87e-06,2.293,2.30367,2.298335
4.88e-06,2.30347,2.30098,2.302225
4.89e-06,2.30876,2.29424,2.3015
4.9000000000000005e-06,2.3067,2.29737,2.302035
4.9100000000000004e-06,2.3047,2.29475,2.299725
4.9199999999999995e-06,2.30192,2.30011,2.301015
4.929999999999999e-06,2.3081,2.29308,2.30059
4.940000000000001e-06,2.30606,2.30071,2.303385
4.95e-06,2.30084,2.28931,2.295075
4.96e-06,2.30372,2.28779,2.295755
4.97e-06,2.30484,2.28895,2.296895
4.98e-06,2.30589,2.29577,2.30083
4.9900000000000005e-06,2.30566,2.28346,2.29456
5e-06,2.30358,2.29204,2.29781
5.0099999999999995e-06,2.30438,2.29866,2.30152
5.019999999999999e-06,2.3101,2.30378,2.30694
5.030000000000001e-06,2.3129,2.30203,2.307465
5.04e-06,2.30504,2.30035,2.302695
5.05e-06,2.30828,2.28877,2.298525
5.059999999999999e-06,2.31022,2.29484,2.30253
5.07e-06,2.30303,2.29625,2.29964
5.0800000000000005e-06,2.30084,2.28909,2.294965
5.0899999999999995e-06,2.30834,2.29049,2.299415
5.0999999999999995e-06,2.30801,2.30071,2.30436
5.11e-06,2.30836,2.29781,2.303085
5.12e-06,2.31035,2.29447,2.30241
5.13e-06,2.30324,2.29834,2.30079
5.14e-06,2.3022,2.30481,2.303505
5.15e-06,2.30355,2.29425,2.2989
5.1600000000000006e-06,2.30556,2.29501,2.300285
5.1700000000000005e-06,2.30139,2.30184,2.301615
5.1799999999999995e-06,2.29808,2.2959,2.29699
5.19e-06,2.30037,2.30387,2.30212
5.199999999999999e-06,2.30385,2.30263,2.30324
5.21e-06,2.30164,2.30421,2.302925
5.22e-06,2.311,2.2934,2.3022
5.23e-06,2.29878,2.29844,2.29861
5.24e-06,2.30371,2.29297,2.29834
5.2500000000000006e-06,2.29864,2.2908,2.29472
5.26e-06,2.30587,2.28758,2.296725
5.2699999999999995e-06,2.30114,2.29338,2.29726
5.28e-06,2.30626,2.29904,2.30265
5.29e-06,2.30493,2.29853,2.30173
5.3e-06,2.31141,2.29384,2.302625
5.31e-06,2.30761,2.30208,2.304845
5.32e-06,2.30266,2.3008,2.30173
5.33e-06,2.3056,2.30154,2.30357
5.3400000000000005e-06,2.30544,2.29941,2.302425
5.35e-06,2.30615,2.2973,2.301725
5.36e-06,2.30591,2.30655,2.30623
5.369999999999999e-06,2.29853,2.29469,2.29661
5.38e-06,2.29785,2.29925,2.29855
5.39e-06,2.3023,2.2948,2.29855
5.4e-06,2.3095,2.30116,2.30533
5.41e-06,2.30447,2.30345,2.30396
5.420000000000001e-06,2.30347,2.29897,2.30122
5.43e-06,2.30227,2.30031,2.30129
5.4400000000000004e-06,2.29943,2.30683,2.30313
5.45e-06,2.30164,2.29809,2.299865
5.459999999999999e-06,2.30318,2.29605,2.299615
5.47e-06,2.3051,2.29871,2.301905
5.480000000000001e-06,2.30309,2.30501,2.30405
5.49e-06,2.3001,2.30017,2.300135
5.5e-06,2.30207,2.30544,2.303755
5.51e-06,2.30916,2.31022,2.30969
5.52e-06,2.30558,2.30465,2.305115
5.53e-06,2.30231,2.30915,2.30573
5.5399999999999995e-06,2.31258,2.30615,2.309365
5.55e-06,2.30108,2.31075,2.305915
5.56e-06,2.31617,2.31159,2.31388
5.57e-06,2.31471,2.30702,2.310865
5.58e-06,2.32003,2.31359,2.31681
5.59e-06,2.31797,2.32664,2.322305
5.6e-06,2.31355,2.3205,2.317025
5.6100000000000005e-06,2.31858,2.31838,2.31848
5.62e-06,2.313,2.3198,2.3164
5.6299999999999995e-06,2.29976,2.31561,2.307685
5.64e-06,2.30354,2.31461,2.309075
5.65e-06,2.30383,2.31145,2.30764
5.66e-06,2.30955,2.31481,2.31218
5.67e-06,2.31428,2.30114,2.30771
5.679999999999999e-06,2.31501,2.31875,2.31688
5.690000000000001e-06,2.3088,2.29767,2.303235
5.7000000000000005e-06,2.30847,2.30746,2.307965
5.7099999999999995e-06,2.30221,2.3027,2.302455
5.7199999999999994e-06,2.30893,2.29794,2.303435
5.730000000000001e-06,2.31536,2.29427,2.304815
5.74e-06,2.31602,2.29628,2.30615
5.75e-06,2.3239,2.30351,2.313705
5.76e-06,2.31998,2.30015,2.310065
5.77e-06,2.31948,2.30682,2.31315
5.7800000000000006e-06,2.31233,2.29629,2.30431
5.79e-06,2.31565,2.30156,2.308605
5.7999999999999995e-06,2.30907,2.30022,2.304645
5.8099999999999994e-06,2.31295,2.30332,2.308135
5.82e-06,2.31463,2.30948,2.312055
5.83e-06,2.31156,2.30177,2.306665
5.84e-06,2.31558,2.30071,2.308145
5.849999999999999e-06,2.3089,2.29652,2.30271
5.860000000000001e-06,2.30037,2.29641,2.29839
5.8700000000000005e-06,2.29501,2.30166,2.298335
5.88e-06,2.30823,2.30257,2.3054
5.8899999999999995e-06,2.31584,2.30103,2.308435
5.900000000000001e-06,2.30711,2.29313,2.30012
5.91e-06,2.30529,2.2991,2.302195
5.92e-06,2.30221,2.29378,2.297995
5.929999999999999e-06,2.31302,2.30028,2.30665
5.94e-06,2.31001,2.29991,2.30496
5.950000000000001e-06,2.31611,2.30012,2.308115
5.96e-06,2.31162,2.30398,2.3078
5.97e-06,2.30953,2.303,2.306265
5.98e-06,2.30597,2.30563,2.3058
5.99e-06,2.30878,2.30295,2.305865
6e-06,2.31363,2.3122,2.312915
6.01e-06,2.30898,2.30005,2.304515
6.019999999999999e-06,2.30718,2.29621,2.301695
6.030000000000001e-06,2.30939,2.29881,2.3041
6.040000000000001e-06,2.31923,2.29862,2.308925
6.05e-06,2.31971,2.29974,2.309725
6.06e-06,2.31485,2.30531,2.31008
6.0699999999999995e-06,2.31361,2.3007,2.307155
6.08e-06,2.31702,2.3041,2.31056
6.09e-06,2.31245,2.30569,2.30907
6.099999999999999e-06,2.30673,2.3,2.303365
6.11e-06,2.31027,2.30109,2.30568
6.120000000000001e-06,2.31396,2.2989,2.30643
6.13e-06,2.31233,2.30065,2.30649
6.14e-06,2.31158,2.30169,2.306635
6.15e-06,2.32001,2.30191,2.31096
6.16e-06,2.31151,2.3132,2.312355
6.17e-06,2.31444,2.30528,2.30986
6.18e-06,2.32086,2.30003,2.310445
6.19e-06,2.31504,2.30247,2.308755
6.2e-06,2.317,2.30481,2.310905
6.21e-06,2.31868,2.31115,2.314915
6.22e-06,2.31187,2.30101,2.30644
6.2300000000000005e-06,2.31715,2.29859,2.30787
6.2399999999999995e-06,2.31505,2.30886,2.311955
6.25e-06,2.31134,2.30644,2.30889
6.26e-06,2.31861,2.29767,2.30814
6.269999999999999e-06,2.31863,2.29147,2.30505
6.28e-06,2.31804,2.3005,2.30927
6.290000000000001e-06,2.3138,2.29906,2.30643
6.3e-06,2.31484,2.30573,2.310285
6.31e-06,2.31071,2.30368,2.307195
6.3200000000000005e-06,2.32006,2.30512,2.31259
6.3299999999999995e-06,2.31926,2.29853,2.308895
6.34e-06,2.32283,2.29445,2.30864
6.349999999999999e-06,2.33443,2.3,2.317215
6.36e-06,2.32148,2.29997,2.310725
6.37e-06,2.31083,2.30283,2.30683
6.38e-06,2.30902,2.30211,2.305565
6.39e-06,2.3071,2.29784,2.30247
6.4000000000000006e-06,2.31816,2.29851,2.308335
6.41e-06,2.31213,2.30301,2.30757
6.42e-06,2.32222,2.30043,2.311325
6.43e-06,2.32327,2.29749,2.31038
6.44e-06,2.31551,2.29494,2.305225
6.45e-06,2.31435,2.29163,2.30299
6.46e-06,2.31769,2.30082,2.309255
6.47e-06,2.3066,2.2833,2.29495
6.480000000000001e-06,2.30947,2.29428,2.301875
6.49e-06,2.31955,2.29721,2.30838
6.5e-06,2.31627,2.28292,2.299595
6.51e-06,2.31587,2.29507,2.30547
6.519999999999999e-06,2.32409,2.29381,2.30895
6.53e-06,2.32203,2.3007,2.311365
6.54e-06,2.31188,2.28516,2.29852
6.549999999999999e-06,2.30702,2.29409,2.300555
6.56e-06,2.30974,2.29512,2.30243
6.570000000000001e-06,2.30425,2.29992,2.302085
6.58e-06,2.30959,2.29198,2.300785
6.59e-06,2.31595,2.28117,2.29856
6.6e-06,2.30983,2.2938,2.301815
6.61e-06,2.31692,2.28605,2.301485
6.62e-06,2.30235,2.29157,2.29696
6.629999999999999e-06,2.31399,2.2964,2.305195
6.64e-06,2.30394,2.29531,2.299625
6.650000000000001e-06,2.30248,2.30537,2.303925
6.66e-06,2.30997,2.29248,2.301225
6.67e-06,2.30936,2.29876,2.30406
6.6799999999999996e-06,2.30605,2.2977,2.301875
6.69e-06,2.3082,2.29662,2.30241
6.7e-06,2.30928,2.30326,2.30627
6.71e-06,2.30784,2.29037,2.299105
6.719999999999999e-06,2.30842,2.2921,2.30026
6.730000000000001e-06,2.31233,2.30931,2.31082
6.740000000000001e-06,2.31706,2.29514,2.3061
6.75e-06,2.3128,2.29964,2.30622
6.76e-06,2.32357,2.29876,2.311165
6.7699999999999996e-06,2.31084,2.29676,2.3038
6.78e-06,2.32148,2.30171,2.311595
6.79e-06,2.31521,2.29937,2.30729
6.799999999999999e-06,2.31161,2.29563,2.30362
6.809999999999999e-06,2.31823,2.29969,2.30896
6.820000000000001e-06,2.30241,2.30513,2.30377
6.83e-06,2.30951,2.30024,2.304875
6.84e-06,2.31787,2.29726,2.307565
6.85e-06,2.32289,2.30398,2.313435
6.86e-06,2.31705,2.29665,2.30685
6.87e-06,2.31157,2.30347,2.30752
6.88e-06,2.3083,2.30465,2.306475
6.889999999999999e-06,2.30694,2.29354,2.30024
6.900000000000001e-06,2.30854,2.30158,2.30506
6.910000000000001e-06,2.313,2.29858,2.30579
6.92e-06,2.31209,2.29536,2.303725
6.93e-06,2.30626,2.30298,2.30462
6.94e-06,2.30911,2.30172,2.305415
6.95e-06,2.30224,2.30507,2.303655
6.96e-06,2.30275,2.30013,2.30144
6.969999999999999e-06,2.30218,2.29734,2.29976
6.98e-06,2.30688,2.30167,2.304275
6.990000000000001e-06,2.30057,2.30968,2.305125
7e-06,2.3066,2.30635,2.306475
7.01e-06,2.30549,2.30687,2.30618
7.02e-06,2.30315,2.3031,2.303125
7.0300000000000005e-06,2.30929,2.30142,2.305355
7.04e-06,2.3028,2.30155,2.302175
7.05e-06,2.30466,2.30642,2.30554
7.059999999999999e-06,2.30166,2.30301,2.302335
7.07e-06,2.30403,2.3035,2.303765
7.08e-06,2.30645,2.30728,2.306865
7.09e-06,2.30259,2.30608,2.304335
7.1e-06,2.30145,2.30477,2.30311
7.11e-06,2.3043,2.31026,2.30728
7.1200000000000004e-06,2.30956,2.30075,2.305155
7.13e-06,2.30979,2.31524,2.312515
7.139999999999999e-06,2.31152,2.3056,2.30856
7.15e-06,2.313,2.30183,2.307415
7.160000000000001e-06,2.30083,2.30161,2.30122
7.17e-06,2.30696,2.30462,2.30579
7.18e-06,2.30478,2.30662,2.3057
7.190000000000001e-06,2.30627,2.30795,2.30711
7.2e-06,2.31715,2.30167,2.30941
7.2100000000000004e-06,2.31225,2.2965,2.304375
7.2199999999999995e-06,2.30467,2.29858,2.301625
7.23e-06,2.30823,2.2966,2.302415
7.24e-06,2.29911,2.30031,2.29971
7.25e-06,2.30614,2.29689,2.301515
7.26e-06,2.29994,2.30044,2.30019
7.27e-06,2.30063,2.30131,2.30097
7.28e-06,2.30344,2.30322,2.30333
7.29e-06,2.30353,2.29353,2.29853
7.3e-06,2.31081,2.29774,2.304275
7.3099999999999995e-06,2.31122,2.29513,2.303175
7.32e-06,2.30768,2.29989,2.303785
7.33e-06,2.30983,2.29187,2.30085
7.34e-06,2.30289,2.30526,2.304075
7.35e-06,2.30027,2.3121,2.306185
7.36e-06,2.31075,2.31477,2.31276
7.37e-06,2.31021,2.30676,2.308485
7.3800000000000005e-06,2.30576,2.29997,2.302865
7.3899999999999995e-06,2.30665,2.30236,2.304505
7.4e-06,2.31179,2.29697,2.30438
7.41e-06,2.30247,2.30112,2.301795
7.419999999999999e-06,2.31642,2.29835,2.307385
7.43e-06,2.30951,2.30227,2.30589
7.440000000000001e-06,2.31452,2.30277,2.308645
7.45e-06,2.32068,2.30471,2.312695
7.46e-06,2.30749,2.30409,2.30579
7.4700000000000005e-06,2.31121,2.29531,2.30326
7.48e-06,2.31454,2.29667,2.305605
7.49e-06,2.31019,2.29396,2.302075
7.499999999999999e-06,2.31639,2.29651,2.30645
7.51e-06,2.30987,2.29485,2.30236
7.52e-06,2.31652,2.30153,2.309025
7.53e-06,2.30912,2.29492,2.30202
7.54e-06,2.30244,2.30127,2.301855
7.55e-06,2.31315,2.30274,2.307945
7.56e-06,2.30886,2.30343,2.306145
7.57e-06,2.30927,2.30441,2.30684
7.58e-06,2.30279,2.30462,2.303705
7.589999999999999e-06,2.30703,2.29625,2.30164
7.6e-06,2.30652,2.30248,2.3045
7.610000000000001e-06,2.30768,2.30547,2.306575
7.62e-06,2.30687,2.29488,2.300875
7.63e-06,2.30569,2.30837,2.30703
7.64e-06,2.30879,2.31041,2.3096
7.650000000000001e-06,2.31693,2.30293,2.30993
7.66e-06,2.31434,2.30333,2.308835
7.67e-06,2.3119,2.30171,2.306805
7.68e-06,2.31381,2.30856,2.311185
7.690000000000001e-06,2.30253,2.30118,2.301855
7.7e-06,2.30491,2.29841,2.30166
7.709999999999999e-06,2.31822,2.29651,2.307365
7.719999999999999e-06,2.31131,2.30035,2.30583
7.73e-06,2.31117,2.29786,2.304515
7.74e-06,2.31938,2.29866,2.30902
7.75e-06,2.32126,2.30327,2.312265
7.76e-06,2.31945,2.29312,2.306285
7.77e-06,2.31575,2.29842,2.307085
7.78e-06,2.32026,2.30394,2.3121
7.79e-06,2.32509,2.30649,2.31579
7.8e-06,2.32815,2.29915,2.31365
7.81e-06,2.3202,2.2953,2.30775
7.820000000000001e-06,2.31587,2.30272,2.309295
7.83e-06,2.3191,2.3067,2.3129
7.84e-06,2.3179,2.31148,2.31469
7.85e-06,2.31581,2.31234,2.314075
7.860000000000001e-06,2.31911,2.30334,2.311225
7.870000000000001e-06,2.31768,2.2911,2.30439
7.879999999999999e-06,2.31202,2.29203,2.302025
7.889999999999999e-06,2.32102,2.30545,2.313235
7.9e-06,2.31321,2.30272,2.307965
7.91e-06,2.31926,2.2885,2.30388
7.92e-06,2.32875,2.30033,2.31454
7.93e-06,2.32923,2.30191,2.31557
7.94e-06,2.32221,2.29313,2.30767
7.95e-06,2.31749,2.29781,2.30765
7.96e-06,2.31475,2.29075,2.30275
7.97e-06,2.31342,2.29328,2.30335
7.980000000000002e-06,2.31475,2.2997,2.307225
7.99e-06,2.31959,2.30104,2.310315
8e-06,2.31656,2.29892,2.30774
8.01e-06,2.3131,2.30866,2.31088
8.02e-06,2.3205,2.30127,2.310885
8.03e-06,2.3265,2.29816,2.31233
8.04e-06,2.32681,2.30218,2.314495
8.05e-06,2.31577,2.29912,2.307445
8.06e-06,2.31456,2.30072,2.30764
8.07e-06,2.31434,2.30175,2.308045
8.08e-06,2.32063,2.30002,2.310325
8.09e-06,2.31839,2.30605,2.31222
8.1e-06,2.31724,2.30037,2.308805
8.109999999999999e-06,2.31265,2.30465,2.30865
8.119999999999998e-06,2.31649,2.30382,2.310155
8.13e-06,2.30849,2.29722,2.302855
8.140000000000002e-06,2.30548,2.30495,2.305215
8.150000000000002e-06,2.31041,2.30335,2.30688
8.16e-06,2.31564,2.30532,2.31048
8.17e-06,2.30795,2.30382,2.305885
8.18e-06,2.32359,2.2934,2.308495
8.19e-06,2.31495,2.30358,2.309265
8.2e-06,2.31476,2.29699,2.305875
8.210000000000001e-06,2.31091,2.29945,2.30518
8.22e-06,2.31788,2.29249,2.305185
8.23e-06,2.31906,2.3032,2.31113
8.24e-06,2.31108,2.29461,2.302845
8.25e-06,2.31666,2.30029,2.308475
8.26e-06,2.31028,2.29666,2.30347
8.269999999999999e-06,2.31476,2.29566,2.30521
8.279999999999999e-06,2.32156,2.29033,2.305945
8.289999999999999e-06,2.31417,2.29844,2.306305
8.3e-06,2.30736,2.29895,2.303155
8.31e-06,2.30881,2.30791,2.30836
8.320000000000002e-06,2.30764,2.29189,2.299765
8.33e-06,2.31044,2.30209,2.306265
8.34e-06,2.3136,2.29854,2.30607
8.35e-06,2.31009,2.30688,2.308485
8.36e-06,2.31005,2.3108,2.310425
8.37e-06,2.30829,2.30517,2.30673
8.380000000000001e-06,2.311,2.29821,2.304605
8.39e-06,2.30561,2.31064,2.308125
8.400000000000001e-06,2.31197,2.30527,2.30862
8.41e-06,2.31247,2.31053,2.3115
8.42e-06,2.31432,2.30745,2.310885
8.43e-06,2.30728,2.30309,2.305185
8.439999999999999e-06,2.30816,2.30439,2.306275
8.449999999999999e-06,2.30418,2.30863,2.306405
8.46e-06,2.30756,2.31665,2.312105
8.47e-06,2.29953,2.30044,2.299985
8.48e-06,2.30886,2.30551,2.307185
8.490000000000002e-06,2.30784,2.29449,2.301165
8.5e-06,2.30299,2.30298,2.302985
8.51e-06,2.29964,2.30208,2.30086
8.52e-06,2.29832,2.29773,2.298025
8.53e-06,2.29606,2.31084,2.30345
8.54e-06,2.30509,2.29629,2.30069
8.550000000000001e-06,2.30622,2.29387,2.300045
8.56e-06,2.30586,2.30563,2.305745
8.57e-06,2.30072,2.31111,2.305915
8.580000000000001e-06,2.29998,2.30254,2.30126
8.59e-06,2.29808,2.30242,2.30025
8.6e-06,2.30867,2.30328,2.305975
8.609999999999999e-06,2.30167,2.30769,2.30468
8.619999999999999e-06,2.30216,2.30836,2.30526
8.63e-06,2.30672,2.30752,2.30712
8.64e-06,2.31243,2.29588,2.304155
8.65e-06,2.29489,2.30112,2.298005
8.66e-06,2.29447,2.29992,2.297195
8.67e-06,2.3033,2.30271,2.303005
8.68e-06,2.30218,2.31014,2.30616
8.69e-06,2.30053,2.30042,2.300475
8.7e-06,2.3052,2.29806,2.30163
8.710000000000001e-06,2.31033,2.30003,2.30518
8.72e-06,2.31234,2.30385,2.308095
8.73e-06,2.30929,2.3116,2.310445
8.74e-06,2.31326,2.29276,2.30301
8.750000000000001e-06,2.30641,2.30491,2.30566
8.76e-06,2.30194,2.29997,2.300955
8.77e-06,2.30247,2.3091,2.305785
8.779999999999999e-06,2.30728,2.30532,2.3063
8.789999999999999e-06,2.31079,2.29676,2.303775
8.8e-06,2.3146,2.29998,2.30729
8.81e-06,2.30957,2.29563,2.3026
8.82e-06,2.31857,2.29672,2.307645
8.829999999999998e-06,2.31669,2.30361,2.31015
8.84e-06,2.30759,2.29974,2.303665
8.85e-06,2.30892,2.29775,2.303335
8.86e-06,2.30738,2.30935,2.308365
8.87e-06,2.3045,2.29456,2.29953
8.880000000000001e-06,2.30263,2.30681,2.30472
8.89e-06,2.31279,2.2994,2.306095
8.9e-06,2.30343,2.29862,2.301025
8.91e-06,2.30516,2.29545,2.300305
8.92e-06,2.30972,2.31041,2.310065
8.930000000000001e-06,2.30806,2.30478,2.30642
8.94e-06,2.30486,2.30443,2.304645
8.949999999999999e-06,2.30493,2.3036,2.304265
8.96e-06,2.30303,2.29407,2.29855
8.97e-06,2.30681,2.30488,2.305845
8.98e-06,2.29805,2.29501,2.29653
8.99e-06,2.30307,2.3062,2.304635
8.999999999999999e-06,2.30477,2.29086,2.297815
9.01e-06,2.3039,2.29021,2.297055
9.02e-06,2.31407,2.29556,2.304815
9.03e-06,2.30486,2.29198,2.29842
9.04e-06,2.29767,2.29402,2.295845
9.050000000000001e-06,2.30429,2.29764,2.300965
9.06e-06,2.29646,2.28745,2.291955
9.07e-06,2.3074,2.29045,2.298925
9.08e-06,2.29973,2.29658,2.298155
9.09e-06,2.3081,2.28822,2.29816
9.100000000000001e-06,2.29758,2.2987,2.29814
9.110000000000001e-06,2.30044,2.3023,2.30137
9.119999999999999e-06,2.3076,2.30295,2.305275
9.13e-06,2.3092,2.30094,2.30507
9.14e-06,2.31551,2.2986,2.307055
9.15e-06,2.30836,2.29826,2.30331
9.16e-06,2.31297,2.30644,2.309705
9.169999999999999e-06,2.31563,2.30209,2.30886
9.179999999999999e-06,2.31372,2.29998,2.30685
9.19e-06,2.30336,2.29931,2.301335
9.2e-06,2.31403,2.29272,2.303375
9.210000000000002e-06,2.30553,2.30627,2.3059
9.220000000000002e-06,2.30841,2.29917,2.30379
9.23e-06,2.30862,2.29692,2.30277
9.24e-06,2.30293,2.29304,2.297985
9.25e-06,2.30816,2.2981,2.30313
9.26e-06,2.29922,2.30313,2.301175
9.27e-06,2.29657,2.29658,2.296575
9.28e-06,2.30148,2.29852,2.3
9.289999999999999e-06,2.30428,2.30061,2.302445
9.3e-06,2.29778,2.3031,2.30044
9.31e-06,2.30261,2.30023,2.30142
9.32e-06,2.30364,2.29252,2.29808
9.33e-06,2.31036,2.29083,2.300595
9.339999999999999e-06,2.30681,2.28471,2.29576
9.349999999999999e-06,2.29886,2.28903,2.293945
9.36e-06,2.30484,2.29499,2.299915
9.37e-06,2.29771,2.29109,2.2944
9.380000000000002e-06,2.30029,2.28798,2.294135
9.390000000000002e-06,2.30603,2.29871,2.30237
9.4e-06,2.30039,2.29824,2.299315
9.41e-06,2.30315,2.29379,2.29847
9.42e-06,2.31017,2.28597,2.29807
9.43e-06,2.30583,2.28434,2.295085
9.44e-06,2.30836,2.29244,2.3004
9.45e-06,2.3172,2.29502,2.30611
9.460000000000001e-06,2.31642,2.29582,2.30612
9.47e-06,2.30996,2.2968,2.30338
9.48e-06,2.31351,2.29222,2.302865
9.49e-06,2.3106,2.29079,2.300695
9.5e-06,2.31026,2.28761,2.298935
9.509999999999999e-06,2.30208,2.28458,2.29333
9.519999999999999e-06,2.3081,2.29293,2.300515
9.529999999999999e-06,2.30736,2.28891,2.298135
9.54e-06,2.3115,2.29096,2.30123
9.550000000000002e-06,2.30725,2.29159,2.29942
9.56e-06,2.31461,2.29216,2.303385
9.57e-06,2.30986,2.29332,2.30159
9.58e-06,2.3108,2.29304,2.30192
9.59e-06,2.31031,2.29871,2.30451
9.6e-06,2.30171,2.29064,2.296175
9.61e-06,2.30072,2.29162,2.29617
9.62e-06,2.30121,2.28969,2.29545
9.630000000000001e-06,2.29963,2.28782,2.293725
9.640000000000001e-06,2.29954,2.28763,2.293585
9.65e-06,2.30382,2.28743,2.295625
9.66e-06,2.30497,2.28609,2.29553
9.67e-06,2.3042,2.29127,2.297735
9.679999999999999e-06,2.30711,2.28612,2.296615
9.689999999999999e-06,2.30883,2.29082,2.299825
9.699999999999999e-06,2.31082,2.28567,2.298245
9.710000000000002e-06,2.30789,2.28382,2.295855
9.720000000000002e-06,2.30823,2.27454,2.291385
9.73e-06,2.30765,2.28285,2.29525
9.74e-06,2.30545,2.28713,2.29629
9.75e-06,2.31131,2.28849,2.2999
9.76e-06,2.3077,2.28244,2.29507
9.77e-06,2.30689,2.28273,2.29481
9.78e-06,2.31084,2.279,2.29492
9.789999999999998e-06,2.31168,2.28468,2.29818
9.800000000000001e-06,2.31073,2.28304,2.296885
9.810000000000001e-06,2.31305,2.29062,2.301835
9.820000000000001e-06,2.3111,2.28985,2.300475
9.83e-06,2.30938,2.2938,2.30159
9.839999999999999e-06,2.31017,2.2938,2.301985
9.849999999999999e-06,2.31035,2.29896,2.304655
9.859999999999999e-06,2.31104,2.29738,2.30421
9.869999999999999e-06,2.31284,2.28627,2.299555
9.880000000000002e-06,2.30629,2.28286,2.294575
9.890000000000002e-06,2.2998,2.28375,2.291775
9.9e-06,2.29914,2.28109,2.290115
9.91e-06,2.30245,2.27902,2.290735
9.92e-06,2.30423,2.29041,2.29732
9.93e-06,2.30302,2.29138,2.2972
9.94e-06,2.30611,2.29014,2.298125
9.95e-06,2.30733,2.28206,2.294695
9.96e-06,2.30721,2.28202,2.294615
9.970000000000001e-06,2.30308,2.27945,2.291265
9.980000000000001e-06,2.30959,2.28287,2.29623
9.990000000000001e-06,2.30096,2.29667,2.298815
1e-05,2.29732,2.28188,2.2896
1.0009999999999999e-05,2.30393,2.28652,2.295225
1.0019999999999999e-05,2.30032,2.28253,2.291425
1.0029999999999999e-05,2.29567,2.28583,2.29075
1.0039999999999999e-05,2.30204,2.28486,2.29345
1.005e-05,2.29971,2.28502,2.292365
1.0060000000000002e-05,2.30137,2.28471,2.29304
1.007e-05,2.30122,2.28265,2.291935
1.008e-05,2.30316,2.27715,2.290155
1.009e-05,2.30843,2.2864,2.297415
1.01e-05,2.29567,2.29004,2.292855
1.011e-05,2.2997,2.29627,2.297985
1.0119999999999998e-05,2.30577,2.28644,2.296105
1.013e-05,2.29798,2.29209,2.295035
1.014e-05,2.30932,2.28986,2.29959
1.0150000000000001e-05,2.30862,2.28665,2.297635
1.0160000000000001e-05,2.30851,2.2801,2.294305
1.0170000000000001e-05,2.30457,2.28691,2.29574
1.0179999999999999e-05,2.29826,2.28826,2.29326
1.0189999999999999e-05,2.30818,2.28706,2.29762
1.0199999999999999e-05,2.30556,2.29593,2.300745
1.021e-05,2.30169,2.29086,2.296275
1.022e-05,2.30343,2.29338,2.298405
1.0230000000000002e-05,2.29602,2.28912,2.29257
1.024e-05,2.2998,2.28813,2.293965
1.025e-05,2.30112,2.30137,2.301245
1.026e-05,2.29942,2.2942,2.29681
1.027e-05,2.30386,2.30078,2.30232
1.028e-05,2.30548,2.29919,2.302335
1.0289999999999998e-05,2.2997,2.29134,2.29552
1.03e-05,2.30552,2.29695,2.301235
1.031e-05,2.30401,2.29253,2.29827
1.0320000000000001e-05,2.29702,2.29704,2.29703
1.0330000000000001e-05,2.30003,2.29728,2.298655
1.0340000000000001e-05,2.30171,2.28106,2.291385
1.035e-05,2.3032,2.28702,2.29511
1.0359999999999999e-05,2.29854,2.29468,2.29661
1.0369999999999999e-05,2.30222,2.29539,2.298805
1.038e-05,2.30357,2.29919,2.30138
1.039e-05,2.29541,2.29657,2.29599
1.0399999999999999e-05,2.29889,2.29442,2.296655
1.041e-05,2.29321,2.28535,2.28928
1.042e-05,2.29085,2.28817,2.28951
1.043e-05,2.2975,2.28942,2.29346
1.044e-05,2.29759,2.28187,2.28973
1.045e-05,2.30078,2.29218,2.29648
1.046e-05,2.30263,2.28814,2.295385
1.047e-05,2.30135,2.29135,2.29635
1.048e-05,2.30226,2.28726,2.29476
1.0490000000000001e-05,2.30147,2.29581,2.29864
1.0500000000000001e-05,2.29997,2.29287,2.29642
1.0510000000000001e-05,2.30297,2.2801,2.291535
1.052e-05,2.29899,2.29339,2.29619
1.0529999999999999e-05,2.29979,2.29545,2.29762
1.0539999999999999e-05,2.30282,2.28905,2.295935
1.055e-05,2.30126,2.2856,2.29343
1.056e-05,2.30886,2.28548,2.29717
1.0569999999999999e-05,2.2987,2.29801,2.298355
1.058e-05,2.29935,2.2906,2.294975
1.059e-05,2.29939,2.28753,2.29346
1.06e-05,2.30539,2.29307,2.29923
1.061e-05,2.30369,2.28664,2.295165
1.062e-05,2.30514,2.29598,2.30056
1.063e-05,2.30388,2.29208,2.29798
1.064e-05,2.31236,2.28651,2.299435
1.065e-05,2.30053,2.29664,2.298585
1.066e-05,2.30623,2.29685,2.30154
1.0670000000000001e-05,2.30409,2.28893,2.29651
1.0680000000000001e-05,2.29779,2.30063,2.29921
1.069e-05,2.30192,2.2905,2.29621
1.07e-05,2.293,2.29001,2.291505
1.071e-05,2.29342,2.28477,2.289095
1.072e-05,2.30612,2.29362,2.29987
1.073e-05,2.29615,2.28475,2.29045
1.0739999999999999e-05,2.30092,2.29052,2.29572
1.0749999999999999e-05,2.3024,2.30106,2.30173
1.076e-05,2.29966,2.29223,2.295945
1.077e-05,2.30144,2.29688,2.29916
1.078e-05,2.29629,2.29751,2.2969
1.079e-05,2.30074,2.28656,2.29365
1.08e-05,2.30531,2.29082,2.298065
1.081e-05,2.30071,2.29769,2.2992
1.082e-05,2.30255,2.3038,2.303175
1.083e-05,2.29884,2.29626,2.29755
1.0840000000000001e-05,2.30247,2.30433,2.3034
1.085e-05,2.29798,2.30458,2.30128
1.086e-05,2.30207,2.29923,2.30065
1.087e-05,2.29797,2.29762,2.297795
1.0880000000000001e-05,2.29888,2.29332,2.2961
1.089e-05,2.29523,2.29326,2.294245
1.09e-05,2.3014,2.29256,2.29698
1.0909999999999999e-05,2.29195,2.30155,2.29675
1.0919999999999999e-05,2.29844,2.29943,2.298935
1.093e-05,2.29923,2.29554,2.297385
1.094e-05,2.29414,2.29443,2.294285
1.095e-05,2.29131,2.29614,2.293725
1.0960000000000002e-05,2.29447,2.29387,2.29417
1.097e-05,2.29134,2.28368,2.28751
1.098e-05,2.29799,2.29415,2.29607
1.099e-05,2.29961,2.29767,2.29864
1.1e-05,2.3067,2.2886,2.29765
1.101e-05,2.29713,2.29385,2.29549
1.102e-05,2.29958,2.29191,2.295745
1.103e-05,2.28812,2.29274,2.29043
1.104e-05,2.28836,2.29439,2.291375
1.1050000000000001e-05,2.29144,2.28908,2.29026
1.106e-05,2.28997,2.29186,2.290915
1.107e-05,2.29198,2.29242,2.2922
1.1079999999999999e-05,2.29774,2.29459,2.296165
1.1089999999999999e-05,2.29949,2.29216,2.295825
1.11e-05,2.29876,2.29375,2.296255
1.111e-05,2.30457,2.29353,2.29905
1.112e-05,2.30958,2.2928,2.30119
1.113e-05,2.29931,2.29815,2.29873
1.114e-05,2.29915,2.28973,2.29444
1.115e-05,2.30125,2.29817,2.29971
1.116e-05,2.29986,2.29182,2.29584
1.117e-05,2.30201,2.28866,2.295335
1.118e-05,2.29249,2.29501,2.29375
1.119e-05,2.29828,2.29439,2.296335
1.12e-05,2.30096,2.29958,2.30027
1.1210000000000001e-05,2.29769,2.30105,2.29937
1.1220000000000001e-05,2.29669,2.29991,2.2983
1.1230000000000001e-05,2.29301,2.29632,2.294665
1.124e-05,2.30168,2.29596,2.29882
1.1249999999999999e-05,2.30047,2.29852,2.299495
1.1259999999999999e-05,2.30645,2.2981,2.302275
1.1269999999999999e-05,2.30632,2.28889,2.297605
1.128e-05,2.30473,2.30224,2.303485
1.129e-05,2.30287,2.29823,2.30055
1.13e-05,2.30398,2.29538,2.29968
1.131e-05,2.29997,2.29725,2.29861
1.132e-05,2.29625,2.29624,2.296245
1.133e-05,2.30688,2.30264,2.30476
1.134e-05,2.30452,2.29892,2.30172
1.135e-05,2.30092,2.28981,2.295365
1.1359999999999998e-05,2.30488,2.29392,2.2994
1.137e-05,2.30623,2.29378,2.300005
1.1380000000000001e-05,2.31356,2.29369,2.303625
1.1390000000000001e-05,2.3186,2.29521,2.306905
1.1400000000000001e-05,2.31553,2.29495,2.30524
1.141e-05,2.30634,2.30341,2.304875
1.1419999999999999e-05,2.30408,2.29568,2.29988
1.1429999999999999e-05,2.30743,2.28661,2.29702
1.1439999999999999e-05,2.30717,2.28609,2.29663
1.145e-05,2.30541,2.29431,2.29986
1.1460000000000002e-05,2.30085,2.2906,2.295725
1.147e-05,2.30535,2.28541,2.29538
1.148e-05,2.30835,2.29622,2.302285
1.149e-05,2.30896,2.29482,2.30189
1.15e-05,2.31076,2.28942,2.30009
1.151e-05,2.30862,2.30523,2.306925
1.152e-05,2.30224,2.29948,2.30086
1.1529999999999998e-05,2.30297,2.3049,2.303935
1.154e-05,2.29944,2.30136,2.3004
1.1550000000000001e-05,2.30451,2.30298,2.303745
1.1560000000000001e-05,2.30768,2.29698,2.30233
1.1570000000000001e-05,2.29671,2.29795,2.29733
1.158e-05,2.30068,2.30031,2.300495
1.1589999999999999e-05,2.31544,2.28885,2.302145
1.1599999999999999e-05,2.30783,2.29034,2.299085
1.1609999999999999e-05,2.30429,2.30387,2.30408
1.1619999999999999e-05,2.30689,2.28193,2.29441
1.1630000000000002e-05,2.3076,2.29168,2.29964
1.164e-05,2.311,2.29933,2.305165
1.165e-05,2.30594,2.2928,2.29937
1.166e-05,2.30189,2.28721,2.29455
1.167e-05,2.30562,2.2845,2.29506
1.168e-05,2.29732,2.29121,2.294265
1.1689999999999998e-05,2.30598,2.28867,2.297325
1.1699999999999998e-05,2.30736,2.29278,2.30007
1.1710000000000001e-05,2.30365,2.29535,2.2995
1.1720000000000001e-05,2.30217,2.28516,2.293665
1.1730000000000001e-05,2.30835,2.28661,2.29748
1.1740000000000001e-05,2.31154,2.2916,2.30157
1.175e-05,2.30865,2.29063,2.29964
1.176e-05,2.30668,2.28738,2.29703
1.1769999999999999e-05,2.29974,2.29316,2.29645
1.1779999999999999e-05,2.30976,2.28553,2.297645
1.1789999999999999e-05,2.3001,2.28604,2.29307
1.1800000000000002e-05,2.30315,2.29271,2.29793
1.181e-05,2.2989,2.29425,2.296575
1.182e-05,2.29784,2.28971,2.293775
1.183e-05,2.30385,2.29909,2.30147
1.184e-05,2.30566,2.29757,2.301615
1.185e-05,2.30134,2.29238,2.29686
1.1859999999999998e-05,2.30131,2.28768,2.294495
1.1869999999999998e-05,2.29726,2.28757,2.292415
1.188e-05,2.30112,2.28914,2.29513
1.1890000000000001e-05,2.30271,2.28901,2.29586
1.1900000000000001e-05,2.30093,2.2993,2.300115
1.1910000000000001e-05,2.3074,2.29744,2.30242
1.192e-05,2.304,2.2907,2.29735
1.193e-05,2.30608,2.30642,2.30625
1.194e-05,2.31302,2.28985,2.301435
1.1949999999999999e-05,2.30088,2.29262,2.29675
1.196e-05,2.29756,2.29769,2.297625
1.1970000000000002e-05,2.30776,2.28675,2.297255
1.198e-05,2.30652,2.29483,2.300675
1.199e-05,2.3048,2.29405,2.299425
1.2e-05,2.30346,2.28664,2.29505
1.201e-05,2.31025,2.29245,2.30135
1.202e-05,2.31035,2.28964,2.299995
1.2029999999999998e-05,2.30818,2.29036,2.29927
1.2039999999999998e-05,2.31011,2.29573,2.30292
1.205e-05,2.31412,2.29622,2.30517
1.2060000000000001e-05,2.30917,2.29498,2.302075
1.2070000000000001e-05,2.30401,2.29599,2.3
1.2080000000000001e-05,2.31174,2.28737,2.299555
1.209e-05,2.30951,2.29376,2.301635
1.21e-05,2.3068,2.29781,2.302305
1.211e-05,2.30621,2.29054,2.298375
1.212e-05,2.30576,2.29312,2.29944
1.213e-05,2.29717,2.29891,2.29804
1.2139999999999999e-05,2.30559,2.29237,2.29898
1.215e-05,2.30731,2.29823,2.30277
1.216e-05,2.31109,2.29931,2.3052
1.217e-05,2.31163,2.29439,2.30301
1.218e-05,2.31948,2.29023,2.304855
1.219e-05,2.31212,2.29723,2.304675
1.2199999999999998e-05,2.30981,2.30001,2.30491
1.221e-05,2.31432,2.29396,2.30414
1.222e-05,2.31608,2.29491,2.305495
1.2230000000000001e-05,2.30615,2.28132,2.293735
1.2240000000000001e-05,2.3118,2.28882,2.30031
1.2250000000000001e-05,2.30766,2.28407,2.295865
1.226e-05,2.31356,2.28402,2.29879
1.227e-05,2.30789,2.29375,2.30082
1.228e-05,2.30707,2.28897,2.29802
1.229e-05,2.31359,2.29269,2.30314
1.23e-05,2.31198,2.28615,2.299065
1.2309999999999999e-05,2.31379,2.2921,2.302945
1.232e-05,2.30676,2.28813,2.297445
1.233e-05,2.31141,2.29116,2.301285
1.234e-05,2.31287,2.27866,2.295765
1.235e-05,2.3079,2.28818,2.29804
1.236e-05,2.30862,2.27988,2.29425
1.2369999999999998e-05,2.31063,2.29232,2.301475
1.238e-05,2.31096,2.29023,2.300595
1.239e-05,2.29438,2.28368,2.28903
1.24e-05,2.30833,2.27948,2.293905
1.2410000000000001e-05,2.30904,2.28127,2.295155
1.242e-05,2.31085,2.27915,2.295
1.243e-05,2.31193,2.28686,2.299395
1.244e-05,2.30984,2.28568,2.29776
1.245e-05,2.30676,2.27903,2.292895
1.2460000000000001e-05,2.30411,2.28949,2.2968
1.2470000000000001e-05,2.31122,2.29413,2.302675
1.2479999999999999e-05,2.31143,2.2839,2.297665
1.2489999999999999e-05,2.30458,2.28933,2.296955
1.25e-05,2.30645,2.28827,2.29736
1.251e-05,2.30874,2.28312,2.29593
1.252e-05,2.31455,2.286,2.300275
1.253e-05,2.31302,2.2913,2.30216
1.2539999999999999e-05,2.31544,2.28446,2.29995
1.255e-05,2.3136,2.29388,2.30374
1.256e-05,2.31023,2.29167,2.30095
1.257e-05,2.30786,2.28538,2.29662
1.2580000000000002e-05,2.30921,2.28789,2.29855
1.259e-05,2.31228,2.2862,2.29924
1.26e-05,2.30999,2.28939,2.29969
1.261e-05,2.30966,2.29652,2.30309
1.262e-05,2.3073,2.29181,2.299555
1.2630000000000001e-05,2.30598,2.29354,2.29976
1.2640000000000001e-05,2.31118,2.29014,2.30066
1.265e-05,2.30911,2.29778,2.303445
1.2659999999999999e-05,2.31131,2.29583,2.30357
1.267e-05,2.30497,2.29948,2.302225
1.268e-05,2.30748,2.29865,2.303065
1.269e-05,2.30265,2.29475,2.2987
1.2699999999999999e-05,2.30773,2.29405,2.30089
1.271e-05,2.3032,2.28847,2.295835
1.272e-05,2.30832,2.28173,2.295025
1.273e-05,2.30913,2.29384,2.301485
1.274e-05,2.31231,2.29061,2.30146
1.275e-05,2.31054,2.29196,2.30125
1.276e-05,2.30336,2.28572,2.29454
1.277e-05,2.30877,2.29538,2.302075
1.278e-05,2.31555,2.29581,2.30568
1.279e-05,2.31355,2.29379,2.30367
1.2800000000000001e-05,2.30543,2.29721,2.30132
1.2810000000000001e-05,2.30549,2.29306,2.299275
1.282e-05,2.30552,2.29519,2.300355
1.2829999999999999e-05,2.31064,2.29038,2.30051
1.284e-05,2.30853,2.29652,2.302525
1.285e-05,2.31677,2.29782,2.307295
1.286e-05,2.31845,2.30333,2.31089
1.2869999999999999e-05,2.31391,2.2957,2.304805
1.288e-05,2.31179,2.29501,2.3034
1.289e-05,2.31129,2.28866,2.299975
1.29e-05,2.31828,2.29309,2.305685
1.291e-05,2.3123,2.29891,2.305605
1.292e-05,2.31295,2.29808,2.305515
1.293e-05,2.31014,2.30166,2.3059
1.294e-05,2.31277,2.30009,2.30643
1.295e-05,2.31088,2.29629,2.303585
1.2960000000000001e-05,2.30525,2.29359,2.29942
1.2970000000000001e-05,2.30419,2.29292,2.298555
1.298e-05,2.31444,2.293,2.30372
1.299e-05,2.31245,2.29893,2.30569
1.3e-05,2.30589,2.28423,2.29506
1.3009999999999999e-05,2.30702,2.2873,2.29716
1.302e-05,2.31733,2.28721,2.30227
1.303e-05,2.3097,2.28294,2.29632
1.3039999999999999e-05,2.31102,2.28456,2.29779
1.305e-05,2.30677,2.29363,2.3002
1.306e-05,2.31223,2.291,2.301615
1.307e-05,2.31359,2.28673,2.30016
1.308e-05,2.31175,2.29957,2.30566
1.309e-05,2.3177,2.29971,2.308705
1.3099999999999998e-05,2.31472,2.29085,2.302785
1.311e-05,2.3117,2.29618,2.30394
1.312e-05,2.3181,2.30054,2.30932
1.3130000000000001e-05,2.32367,2.30192,2.312795
1.3140000000000001e-05,2.31714,2.30184,2.30949
1.315e-05,2.31324,2.29552,2.30438
1.316e-05,2.31902,2.29916,2.30909
1.317e-05,2.31258,2.30372,2.30815
1.318e-05,2.30911,2.29565,2.30238
1.319e-05,2.31769,2.29809,2.30789
1.32e-05,2.3151,2.29854,2.30682
1.321e-05,2.3201,2.2991,2.3096
1.322e-05,2.31685,2.29797,2.30741
1.323e-05,2.3102,2.29631,2.303255
1.324e-05,2.30703,2.29483,2.30093
1.325e-05,2.31259,2.28913,2.30086
1.3259999999999998e-05,2.31362,2.29617,2.304895
1.3269999999999998e-05,2.32329,2.29099,2.30714
1.328e-05,2.31905,2.29218,2.305615
1.329e-05,2.32035,2.29247,2.30641
1.3300000000000001e-05,2.31672,2.28899,2.302855
1.3310000000000001e-05,2.31837,2.29122,2.304795
1.332e-05,2.31181,2.28848,2.300145
1.333e-05,2.31112,2.29741,2.304265
1.334e-05,2.31682,2.29193,2.304375
1.335e-05,2.32112,2.29015,2.305635
1.3359999999999999e-05,2.31908,2.29454,2.30681
1.337e-05,2.3208,2.2902,2.3055
1.338e-05,2.32235,2.29689,2.30962
1.339e-05,2.32324,2.29547,2.309355
1.34e-05,2.32433,2.28528,2.304805
1.341e-05,2.32697,2.29264,2.309805
1.342e-05,2.32452,2.28917,2.306845
1.3429999999999998e-05,2.32669,2.28729,2.30699
1.3439999999999998e-05,2.32566,2.28514,2.3054
1.345e-05,2.32757,2.27756,2.302565
1.3460000000000002e-05,2.32656,2.28501,2.305785
1.3470000000000001e-05,2.32187,2.2895,2.305685
1.3480000000000001e-05,2.32192,2.28545,2.303685
1.349e-05,2.32696,2.27908,2.30302
1.35e-05,2.31581,2.29135,2.30358
1.351e-05,2.31449,2.28978,2.302135
1.352e-05,2.31891,2.29161,2.30526
1.353e-05,2.33059,2.29711,2.31385
1.3539999999999999e-05,2.32074,2.28808,2.30441
1.355e-05,2.32497,2.28989,2.30743
1.356e-05,2.3234,2.29434,2.30887
1.357e-05,2.32728,2.29273,2.310005
1.358e-05,2.3298,2.28823,2.309015
1.359e-05,2.3267,2.2945,2.3106
1.3599999999999999e-05,2.33406,2.30509,2.319575
1.3609999999999998e-05,2.32611,2.29885,2.31248
1.3619999999999998e-05,2.33207,2.29019,2.31113
1.3630000000000002e-05,2.33213,2.28708,2.309605
1.3640000000000002e-05,2.33158,2.28897,2.310275
1.3650000000000001e-05,2.32597,2.28367,2.30482
1.366e-05,2.33241,2.29374,2.313075
1.367e-05,2.321,2.29313,2.307065
1.368e-05,2.3281,2.28093,2.304515
1.369e-05,2.33266,2.29117,2.311915
1.37e-05,2.32878,2.2914,2.31009
1.3710000000000001e-05,2.33021,2.29045,2.31033
1.372e-05,2.32792,2.28958,2.30875
1.373e-05,2.3223,2.28646,2.30438
1.374e-05,2.32415,2.28578,2.304965
1.375e-05,2.33235,2.28096,2.306655
1.376e-05,2.3245,2.28346,2.30398
1.3769999999999999e-05,2.31983,2.2818,2.300815
1.3779999999999999e-05,2.32215,2.27973,2.30094
1.3789999999999998e-05,2.33061,2.2899,2.310255
1.3800000000000002e-05,2.32597,2.28818,2.307075
1.3810000000000002e-05,2.32786,2.28521,2.306535
1.3820000000000002e-05,2.33051,2.28455,2.30753
1.383e-05,2.33026,2.29304,2.31165
1.384e-05,2.32611,2.28828,2.307195
1.385e-05,2.32639,2.28755,2.30697
1.386e-05,2.3269,2.29138,2.30914
1.387e-05,2.32891,2.29102,2.309965
1.388e-05,2.32121,2.28649,2.30385
1.389e-05,2.3265,2.29393,2.310215
1.39e-05,2.32182,2.29414,2.30798
1.391e-05,2.32324,2.29188,2.30756
1.392e-05,2.32823,2.28921,2.30872
1.393e-05,2.32394,2.29855,2.311245
1.3939999999999999e-05,2.32616,2.28283,2.304495
1.3949999999999999e-05,2.32971,2.28356,2.306635
1.396e-05,2.3302,2.2968,2.3135
1.397e-05,2.32711,2.29714,2.312125
1.3980000000000002e-05,2.32858,2.29374,2.31116
1.399e-05,2.324,2.28552,2.30476
1.4e-05,2.3296,2.29464,2.31212
1.401e-05,2.32371,2.29009,2.3069
1.402e-05,2.31904,2.28641,2.302725
1.403e-05,2.32043,2.29568,2.308055
1.404e-05,2.32306,2.28317,2.303115
1.405e-05,2.32499,2.29349,2.30924
1.4060000000000001e-05,2.33144,2.29259,2.312015
1.407e-05,2.3222,2.28989,2.306045
1.408e-05,2.33168,2.29817,2.314925
1.409e-05,2.3315,2.29135,2.311425
1.41e-05,2.33512,2.28812,2.31162
1.4109999999999999e-05,2.32592,2.28999,2.307955
1.4119999999999999e-05,2.32338,2.29539,2.309385
1.413e-05,2.32763,2.2925,2.310065
1.414e-05,2.3273,2.30408,2.31569
1.4150000000000002e-05,2.3277,2.29228,2.30999
1.416e-05,2.32617,2.29897,2.31257
1.417e-05,2.32215,2.29883,2.31049
1.418e-05,2.3331,2.29526,2.31418
1.419e-05,2.3291,2.29625,2.312675
1.42e-05,2.33132,2.29291,2.312115
1.4210000000000001e-05,2.33079,2.29881,2.3148
1.422e-05,2.33449,2.30061,2.31755
1.423e-05,2.33912,2.29633,2.317725
1.4240000000000001e-05,2.33224,2.30236,2.3173
1.425e-05,2.32816,2.29616,2.31216
1.426e-05,2.32418,2.2998,2.31199
1.4269999999999999e-05,2.32906,2.29596,2.31251
1.4279999999999999e-05,2.32378,2.29974,2.31176
1.4289999999999999e-05,2.32922,2.30257,2.315895
1.43e-05,2.32544,2.30187,2.313655
1.431e-05,2.3255,2.30726,2.31638
1.4320000000000002e-05,2.32674,2.30337,2.315055
1.433e-05,2.32212,2.2979,2.31001
1.434e-05,2.32168,2.30426,2.31297
1.435e-05,2.32274,2.3015,2.31212
1.436e-05,2.32407,2.30922,2.316645
1.437e-05,2.3216,2.29157,2.306585
1.4380000000000001e-05,2.3271,2.29832,2.31271
1.439e-05,2.32554,2.29281,2.309175
1.44e-05,2.33181,2.30176,2.316785
1.4410000000000001e-05,2.32143,2.29828,2.309855
1.4420000000000001e-05,2.33032,2.30035,2.315335
1.443e-05,2.3207,2.29507,2.307885
1.4439999999999999e-05,2.32054,2.29518,2.30786
1.4449999999999999e-05,2.32109,2.29207,2.30658
1.446e-05,2.32274,2.29496,2.30885
1.447e-05,2.32104,2.29354,2.30729
1.448e-05,2.31908,2.29393,2.306505
1.449e-05,2.31198,2.2882,2.30009
1.45e-05,2.30817,2.29968,2.303925
1.451e-05,2.3182,2.28985,2.304025
1.452e-05,2.3152,2.29589,2.305545
1.453e-05,2.31312,2.29323,2.303175
1.454e-05,2.316,2.29499,2.305495
1.455e-05,2.31946,2.29261,2.306035
1.456e-05,2.31781,2.29144,2.304625
1.457e-05,2.31506,2.28774,2.3014
1.458e-05,2.32203,2.29855,2.31029
1.4590000000000001e-05,2.32258,2.28932,2.30595
1.46e-05,2.32769,2.29664,2.312165
1.4609999999999999e-05,2.32639,2.2916,2.308995
1.4619999999999999e-05,2.32039,2.30334,2.311865
1.463e-05,2.32608,2.29634,2.31121
1.464e-05,2.3226,2.29431,2.308455
1.465e-05,2.32083,2.28951,2.30517
1.466e-05,2.31985,2.29934,2.309595
1.467e-05,2.31517,2.29099,2.30308
1.468e-05,2.3205,2.29032,2.30541
1.469e-05,2.31478,2.28334,2.29906
1.47e-05,2.32057,2.28838,2.304475
1.4710000000000001e-05,2.31677,2.28583,2.3013
1.472e-05,2.31957,2.29387,2.30672
1.473e-05,2.32357,2.29487,2.30922
1.474e-05,2.31725,2.29047,2.30386
1.475e-05,2.31323,2.29062,2.301925
1.4760000000000001e-05,2.3245,2.28652,2.30551
1.4770000000000001e-05,2.31429,2.2883,2.301295
1.4779999999999999e-05,2.31558,2.29359,2.304585
1.4789999999999999e-05,2.3199,2.29773,2.308815
1.48e-05,2.31973,2.29146,2.305595
1.481e-05,2.31504,2.29509,2.305065
1.482e-05,2.31749,2.30443,2.31096
1.4829999999999999e-05,2.31678,2.29015,2.303465
1.4839999999999999e-05,2.31809,2.29738,2.307735
1.485e-05,2.32464,2.28565,2.305145
1.486e-05,2.31869,2.29417,2.30643
1.487e-05,2.32541,2.29677,2.31109
1.4880000000000002e-05,2.31948,2.29037,2.304925
1.489e-05,2.31797,2.29669,2.30733
1.49e-05,2.31154,2.30352,2.30753
1.491e-05,2.31852,2.28743,2.302975
1.492e-05,2.32199,2.29264,2.307315
1.4930000000000001e-05,2.31365,2.30172,2.307685
1.4940000000000001e-05,2.31615,2.2904,2.303275
1.495e-05,2.31786,2.30108,2.30947
1.496e-05,2.32016,2.29107,2.305615
1.497e-05,2.31899,2.29207,2.30553
1.498e-05,2.31732,2.29079,2.304055
1.499e-05,2.31756,2.28898,2.30327
1.4999999999999999e-05,2.31826,2.28915,2.303705
1.5009999999999999e-05,2.32264,2.29394,2.30829
1.502e-05,2.32209,2.29844,2.310265
1.503e-05,2.3213,2.28981,2.305555
1.504e-05,2.31969,2.29888,2.309285
1.5050000000000002e-05,2.31473,2.29523,2.30498
1.506e-05,2.3156,2.29523,2.305415
1.507e-05,2.32251,2.29909,2.3108
1.508e-05,2.32444,2.30353,2.313985
1.509e-05,2.31914,2.29413,2.306635
1.51e-05,2.32205,2.30239,2.31222
1.511e-05,2.32694,2.30134,2.31414
1.512e-05,2.32504,2.29585,2.310445
1.513e-05,2.32642,2.29825,2.312335
1.514e-05,2.3271,2.29629,2.311695
1.515e-05,2.33134,2.29353,2.312435
1.516e-05,2.3287,2.28605,2.307375
1.5169999999999999e-05,2.32757,2.29336,2.310465
1.5179999999999999e-05,2.32786,2.28887,2.308365
1.5189999999999999e-05,2.32474,2.29118,2.30796
1.52e-05,2.32763,2.28428,2.305955
1.5210000000000002e-05,2.3248,2.28483,2.304815
1.5220000000000002e-05,2.32048,2.29518,2.30783
1.523e-05,2.32478,2.29156,2.30817
1.524e-05,2.32664,2.28954,2.30809
1.525e-05,2.32111,2.28907,2.30509
1.526e-05,2.3193,2.28295,2.301125
1.5269999999999998e-05,2.3199,2.28899,2.304445
1.528e-05,2.32653,2.29288,2.309705
1.529e-05,2.31281,2.3009,2.306855
1.5300000000000003e-05,2.32085,2.29181,2.30633
1.531e-05,2.32093,2.29486,2.307895
1.532e-05,2.3238,2.29166,2.30773
1.533e-05,2.32144,2.29238,2.30691
1.534e-05,2.32101,2.2915,2.306255
1.535e-05,2.32733,2.28751,2.30742
1.536e-05,2.32404,2.29661,2.310325
1.537e-05,2.31543,2.29538,2.305405
1.5380000000000002e-05,2.32318,2.28933,2.306255
1.539e-05,2.31788,2.28656,2.30222
1.54e-05,2.3153,2.29981,2.307555
1.541e-05,2.31143,2.30277,2.3071
1.5419999999999998e-05,2.31123,2.30311,2.30717
1.543e-05,2.32388,2.29825,2.311065
1.5439999999999998e-05,2.31105,2.29188,2.301465
1.545e-05,2.31986,2.28668,2.30327
1.546e-05,2.32255,2.288,2.305275
1.5470000000000003e-05,2.31775,2.29761,2.30768
1.548e-05,2.3358,2.28983,2.312815
1.549e-05,2.32968,2.28802,2.30885
1.55e-05,2.32967,2.29264,2.311155
1.551e-05,2.32611,2.2937,2.309905
1.552e-05,2.32771,2.29884,2.313275
1.553e-05,2.32363,2.29052,2.307075
1.554e-05,2.31791,2.28809,2.303
1.5550000000000002e-05,2.31417,2.29129,2.30273
1.556e-05,2.3228,2.28937,2.306085
1.5570000000000002e-05,2.32681,2.29722,2.312015
1.558e-05,2.31477,2.29895,2.30686
1.5589999999999998e-05,2.31666,2.2936,2.30513
1.56e-05,2.32257,2.29405,2.30831
1.5609999999999998e-05,2.3296,2.29779,2.313695
1.562e-05,2.32018,2.29049,2.305335
1.563e-05,2.32602,2.29003,2.308025
1.5640000000000003e-05,2.32168,2.29042,2.30605
1.565e-05,2.33127,2.29903,2.31515
1.566e-05,2.31716,2.2888,2.30298
1.567e-05,2.32164,2.2907,2.30617
1.568e-05,2.32654,2.28623,2.306385
1.569e-05,2.33508,2.29205,2.313565
1.57e-05,2.32063,2.29649,2.30856
1.571e-05,2.32334,2.29027,2.306805
1.5720000000000002e-05,2.32422,2.28809,2.306155
1.573e-05,2.32369,2.28854,2.306115
1.5740000000000002e-05,2.33118,2.28549,2.308335
1.575e-05,2.32549,2.28632,2.305905
1.5759999999999998e-05,2.3327,2.28795,2.310325
1.577e-05,2.33406,2.29154,2.3128
1.5779999999999998e-05,2.33619,2.29422,2.315205
1.579e-05,2.33073,2.29545,2.31309
1.58e-05,2.33756,2.29815,2.317855
1.5810000000000003e-05,2.32998,2.29979,2.314885
1.582e-05,2.33199,2.30441,2.3182
1.583e-05,2.32822,2.30463,2.316425
1.584e-05,2.32411,2.29776,2.310935
1.585e-05,2.3274,2.30175,2.314575
1.586e-05,2.32407,2.30184,2.312955
1.587e-05,2.3385,2.30141,2.319955
1.588e-05,2.33131,2.29045,2.31088
1.5890000000000002e-05,2.3291,2.29997,2.314535
1.59e-05,2.32846,2.29381,2.311135
1.5910000000000002e-05,2.33081,2.30245,2.31663
1.592e-05,2.3312,2.30163,2.316415
1.5929999999999998e-05,2.33441,2.30834,2.321375
1.594e-05,2.32402,2.29607,2.310045
1.5949999999999998e-05,2.32066,2.28909,2.304875
1.5960000000000003e-05,2.31816,2.30897,2.313565
1.597e-05,2.32848,2.30041,2.314445
1.598e-05,2.32603,2.29796,2.311995
1.599e-05,2.33201,2.30299,2.3175
1.6e-05,2.3253,2.3018,2.31355
1.601e-05,2.32248,2.3046,2.31354
1.602e-05,2.32652,2.29517,2.310845
1.6030000000000004e-05,2.32745,2.3022,2.314825
1.604e-05,2.32094,2.30248,2.31171
1.605e-05,2.31301,2.29307,2.30304
1.606e-05,2.31979,2.29,2.304895
1.607e-05,2.30716,2.30246,2.30481
1.608e-05,2.31119,2.30179,2.30649
1.609e-05,2.31131,2.29756,2.304435
1.61e-05,2.31881,2.30654,2.312675
1.611e-05,2.30316,2.30881,2.305985
1.612e-05,2.31285,2.30375,2.3083
1.613e-05,2.30922,2.29813,2.303675
1.614e-05,2.31401,2.30525,2.30963
1.6149999999999996e-05,2.31027,2.30067,2.30547
1.616e-05,2.31376,2.3047,2.30923
1.617e-05,2.31397,2.30811,2.31104
1.618e-05,2.31853,2.2917,2.305115
1.6190000000000003e-05,2.30704,2.30368,2.30536
1.62e-05,2.31136,2.28766,2.29951
1.6210000000000002e-05,2.30742,2.29657,2.301995
1.6219999999999997e-05,2.31064,2.30155,2.306095
1.6230000000000002e-05,2.30733,2.28995,2.29864
1.6239999999999997e-05,2.3181,2.30587,2.311985
1.6250000000000002e-05,2.30736,2.31285,2.310105
1.626e-05,2.30761,2.3006,2.304105
1.627e-05,2.30852,2.29629,2.302405
1.6280000000000003e-05,2.30993,2.30542,2.307675
1.6289999999999998e-05,2.31614,2.29882,2.30748
1.6300000000000003e-05,2.30463,2.29724,2.300935
1.6309999999999998e-05,2.30615,2.2963,2.301225
1.632e-05,2.31739,2.29478,2.306085
1.6329999999999998e-05,2.31661,2.29243,2.30452
1.634e-05,2.31351,2.29565,2.30458
1.635e-05,2.31222,2.29985,2.306035
1.636e-05,2.31336,2.30194,2.30765
1.6370000000000004e-05,2.30798,2.30071,2.304345
1.638e-05,2.31787,2.29762,2.307745
1.639e-05,2.31659,2.29274,2.304665
1.64e-05,2.31661,2.29741,2.30701
1.641e-05,2.32001,2.29673,2.30837
1.6420000000000002e-05,2.31352,2.30259,2.308055
1.643e-05,2.30798,2.30703,2.307505
1.644e-05,2.31206,2.31154,2.3118
1.645e-05,2.31458,2.30519,2.309885
1.646e-05,2.3164,2.30148,2.30894
1.647e-05,2.31097,2.30931,2.31014
1.648e-05,2.31265,2.30589,2.30927
1.6489999999999996e-05,2.31159,2.31594,2.313765
1.65e-05,2.31342,2.31358,2.3135
1.651e-05,2.31546,2.30645,2.310955
1.652e-05,2.31463,2.30407,2.30935
1.653e-05,2.31688,2.31687,2.316875
1.6539999999999997e-05,2.31257,2.31064,2.311605
1.6550000000000002e-05,2.30774,2.30587,2.306805
1.6559999999999997e-05,2.31009,2.30827,2.30918
1.6570000000000002e-05,2.31341,2.3139,2.313655
1.6579999999999997e-05,2.30454,2.30664,2.30559
1.6590000000000002e-05,2.30755,2.31746,2.312505
1.66e-05,2.30719,2.31511,2.31115
1.661e-05,2.31613,2.30839,2.31226
1.662e-05,2.31595,2.30939,2.31267
1.663e-05,2.31137,2.31656,2.313965
1.6640000000000003e-05,2.31395,2.31565,2.3148
1.6649999999999998e-05,2.3155,2.3106,2.31305
1.666e-05,2.32321,2.30572,2.314465
1.667e-05,2.31953,2.29957,2.30955
1.668e-05,2.31745,2.30398,2.310715
1.669e-05,2.31785,2.30473,2.31129
1.67e-05,2.31621,2.31245,2.31433
1.6709999999999998e-05,2.30938,2.31479,2.312085
1.672e-05,2.31118,2.31202,2.3116
1.673e-05,2.31272,2.30737,2.310045
1.674e-05,2.31651,2.311,2.313755
1.675e-05,2.31271,2.30568,2.309195
1.6760000000000002e-05,2.32038,2.31159,2.315985
1.677e-05,2.31963,2.31027,2.31495
1.678e-05,2.31764,2.3074,2.31252
1.679e-05,2.31653,2.31005,2.31329
1.6800000000000002e-05,2.3133,2.30228,2.30779
1.681e-05,2.31286,2.30892,2.31089
1.682e-05,2.3155,2.30086,2.30818
1.6829999999999996e-05,2.31498,2.30629,2.310635
1.684e-05,2.31755,2.29852,2.308035
1.685e-05,2.30869,2.29849,2.30359
1.686e-05,2.30493,2.30223,2.30358
1.687e-05,2.30332,2.30191,2.302615
1.6879999999999998e-05,2.30493,2.29259,2.29876
1.6890000000000003e-05,2.30573,2.30172,2.303725
1.6899999999999997e-05,2.30653,2.30101,2.30377
1.6910000000000002e-05,2.30441,2.31268,2.308545
1.692e-05,2.30438,2.30313,2.303755
1.6930000000000002e-05,2.30177,2.30481,2.30329
1.694e-05,2.31252,2.30357,2.308045
1.695e-05,2.31925,2.30305,2.31115
1.696e-05,2.30937,2.29626,2.302815
1.697e-05,2.30846,2.29833,2.303395
1.6980000000000003e-05,2.31304,2.30382,2.30843
1.6989999999999998e-05,2.31563,2.30387,2.30975
1.7e-05,2.30989,2.30628,2.308085
1.701e-05,2.32157,2.30233,2.31195
1.702e-05,2.31925,2.31126,2.315255
1.703e-05,2.31022,2.29844,2.30433
1.704e-05,2.31927,2.30323,2.31125
1.7049999999999998e-05,2.32121,2.31113,2.31617
1.706e-05,2.31391,2.31316,2.313535
1.707e-05,2.31821,2.31185,2.31503
1.708e-05,2.31778,2.31479,2.316285
1.709e-05,2.32268,2.31409,2.318385
1.7100000000000002e-05,2.31615,2.30822,2.312185
1.711e-05,2.31436,2.31121,2.312785
1.712e-05,2.31978,2.30687,2.313325
1.713e-05,2.32004,2.3087,2.31437
1.714e-05,2.31814,2.30815,2.313145
1.715e-05,2.31909,2.31215,2.31562
1.7160000000000002e-05,2.30433,2.32356,2.313945
1.717e-05,2.31324,2.32071,2.316975
1.718e-05,2.31352,2.30416,2.30884
1.719e-05,2.31698,2.30501,2.310995
1.72e-05,2.31877,2.30708,2.312925
1.721e-05,2.31602,2.31226,2.31414
1.7219999999999998e-05,2.3129,2.31799,2.315445
1.723e-05,2.30818,2.31664,2.31241
1.7239999999999998e-05,2.30519,2.31174,2.308465
1.7250000000000003e-05,2.3064,2.31504,2.31072
1.726e-05,2.30827,2.31161,2.30994
1.727e-05,2.30785,2.31133,2.30959
1.728e-05,2.30533,2.30971,2.30752
1.729e-05,2.306,2.30279,2.304395
1.73e-05,2.30848,2.3132,2.31084
1.731e-05,2.3121,2.31242,2.31226
1.732e-05,2.30628,2.30072,2.3035
1.733e-05,2.30716,2.29568,2.30142
1.734e-05,2.30596,2.30016,2.30306
1.735e-05,2.31531,2.29856,2.306935
1.736e-05,2.30565,2.29957,2.30261
1.737e-05,2.31178,2.30345,2.307615
1.738e-05,2.31652,2.29858,2.30755
1.7389999999999998e-05,2.30771,2.29845,2.30308
1.74e-05,2.3102,2.30212,2.30616
1.741e-05,2.3068,2.30478,2.30579
1.7420000000000003e-05,2.30491,2.31645,2.31068
1.743e-05,2.31384,2.30081,2.307325
1.744e-05,2.30897,2.30207,2.30552
1.745e-05,2.31198,2.29622,2.3041
1.746e-05,2.31167,2.29744,2.304555
1.747e-05,2.30339,2.29977,2.30158
1.748e-05,2.30822,2.29822,2.30322
1.749e-05,2.30171,2.30457,2.30314
1.7500000000000002e-05,2.30826,2.3069,2.30758
1.751e-05,2.31175,2.30892,2.310335
1.752e-05,2.30941,2.29246,2.300935
1.753e-05,2.31066,2.3079,2.30928
1.754e-05,2.30364,2.31237,2.308005
1.755e-05,2.30324,2.30946,2.30635
1.7559999999999998e-05,2.305,2.30559,2.305295
1.757e-05,2.31592,2.3024,2.30916
1.7579999999999998e-05,2.31187,2.2996,2.305735
1.7590000000000003e-05,2.30649,2.3098,2.308145
1.76e-05,2.30989,2.30104,2.305465
1.761e-05,2.29798,2.31501,2.306495
1.762e-05,2.31339,2.31245,2.31292
1.763e-05,2.31229,2.32143,2.31686
1.764e-05,2.31295,2.3117,2.312325
1.765e-05,2.30513,2.31487,2.31
1.7659999999999997e-05,2.30645,2.31041,2.30843
1.7670000000000002e-05,2.30892,2.30263,2.305775
1.768e-05,2.3021,2.3139,2.308
1.7690000000000002e-05,2.30347,2.29628,2.299875
1.77e-05,2.30602,2.30601,2.306015
1.771e-05,2.31168,2.30286,2.30727
1.772e-05,2.30804,2.29844,2.30324
1.7729999999999998e-05,2.31003,2.30117,2.3056
1.774e-05,2.30878,2.30281,2.305795
1.7749999999999998e-05,2.29943,2.3058,2.302615
1.7760000000000003e-05,2.30563,2.30129,2.30346
1.777e-05,2.30505,2.29902,2.302035
1.778e-05,2.31413,2.30451,2.30932
1.779e-05,2.30346,2.30386,2.30366
1.78e-05,2.31355,2.30729,2.31042
1.781e-05,2.30362,2.30463,2.304125
1.782e-05,2.3091,2.30756,2.30833
1.7829999999999997e-05,2.30769,2.30173,2.30471
1.784e-05,2.30765,2.30568,2.306665
1.785e-05,2.30797,2.2977,2.302835
1.7860000000000002e-05,2.30195,2.30511,2.30353
1.787e-05,2.30183,2.29899,2.30041
1.788e-05,2.31078,2.30389,2.307335
1.789e-05,2.30925,2.29949,2.30437
1.7899999999999998e-05,2.30863,2.3015,2.305065
1.791e-05,2.31403,2.30637,2.3102
1.792e-05,2.30662,2.30192,2.30427
1.793e-05,2.30666,2.2945,2.30058
1.794e-05,2.30281,2.30358,2.303195
1.795e-05,2.30864,2.29987,2.304255
1.796e-05,2.30361,2.30547,2.30454
1.797e-05,2.30277,2.31222,2.307495
1.798e-05,2.29309,2.30956,2.301325
1.799e-05,2.29963,2.31174,2.305685
1.7999999999999997e-05,2.30288,2.30757,2.305225
1.8010000000000002e-05,2.29904,2.3104,2.30472
1.802e-05,2.29042,2.30708,2.29875
1.8030000000000002e-05,2.29805,2.31136,2.304705
1.804e-05,2.29844,2.30375,2.301095
1.805e-05,2.30582,2.31058,2.3082
1.806e-05,2.30083,2.30577,2.3033
1.8069999999999998e-05,2.29443,2.30568,2.300055
1.808e-05,2.297,2.30229,2.299645
1.8089999999999998e-05,2.31288,2.30503,2.308955
1.8100000000000003e-05,2.29988,2.30826,2.30407
1.811e-05,2.30426,2.31074,2.3075
1.812e-05,2.29571,2.30546,2.300585
1.813e-05,2.29578,2.30228,2.29903
1.814e-05,2.29403,2.30535,2.29969
1.815e-05,2.30187,2.31023,2.30605
1.816e-05,2.29814,2.31465,2.306395
1.817e-05,2.3083,2.31593,2.312115
1.818e-05,2.30034,2.30536,2.30285
1.819e-05,2.30975,2.30121,2.30548
1.8200000000000002e-05,2.30406,2.30789,2.305975
1.821e-05,2.30691,2.30564,2.306275
1.8220000000000002e-05,2.30753,2.30451,2.30602
1.823e-05,2.29834,2.30593,2.302135
1.8239999999999998e-05,2.30561,2.30185,2.30373
1.825e-05,2.30586,2.31305,2.309455
1.826e-05,2.30951,2.30236,2.305935
1.827e-05,2.30873,2.31085,2.30979
1.828e-05,2.3103,2.30834,2.30932
1.829e-05,2.30898,2.31178,2.31038
1.83e-05,2.30428,2.30452,2.3044
1.831e-05,2.30595,2.3089,2.307425
1.832e-05,2.30281,2.30458,2.303695
1.833e-05,2.30305,2.29966,2.301355
1.8339999999999997e-05,2.30501,2.30871,2.30686
1.8350000000000002e-05,2.3024,2.30886,2.30563
1.8359999999999997e-05,2.30031,2.3101,2.305205
1.8370000000000002e-05,2.30485,2.29632,2.300585
1.838e-05,2.30592,2.30227,2.304095
1.839e-05,2.30002,2.30864,2.30433
1.84e-05,2.30781,2.30613,2.30697
1.8409999999999998e-05,2.30521,2.30965,2.30743
1.8420000000000003e-05,2.31811,2.30336,2.310735
1.8429999999999998e-05,2.31165,2.3037,2.307675
1.8440000000000003e-05,2.30306,2.30397,2.303515
1.8449999999999998e-05,2.30276,2.30055,2.301655
1.846e-05,2.30798,2.30475,2.306365
1.847e-05,2.30653,2.30734,2.306935
1.848e-05,2.30592,2.31354,2.30973
1.849e-05,2.30484,2.31709,2.310965
1.85e-05,2.30896,2.31383,2.311395
1.851e-05,2.30922,2.30841,2.308815
1.852e-05,2.30148,2.31068,2.30608
1.853e-05,2.30392,2.30764,2.30578
1.854e-05,2.30436,2.31194,2.30815
1.855e-05,2.30804,2.31626,2.31215
1.856e-05,2.30838,2.30788,2.30813
1.857e-05,2.30694,2.31181,2.309375
1.8579999999999998e-05,2.30436,2.31242,2.30839
1.859e-05,2.31172,2.31552,2.31362
1.86e-05,2.30501,2.31936,2.312185
1.861e-05,2.3074,2.31911,2.313255
1.862e-05,2.30907,2.31564,2.312355
1.863e-05,2.30449,2.31837,2.31143
1.864e-05,2.30572,2.31971,2.312715
1.865e-05,2.30673,2.32201,2.31437
1.866e-05,2.30033,2.31594,2.308135
1.8670000000000003e-05,2.305,2.32463,2.314815
1.8679999999999997e-05,2.31072,2.31396,2.31234
1.8690000000000002e-05,2.31262,2.31074,2.31168
1.8699999999999997e-05,2.31008,2.31887,2.314475
1.8710000000000002e-05,2.31593,2.31666,2.316295
1.872e-05,2.30631,2.31629,2.3113
1.873e-05,2.31391,2.31308,2.313495
1.874e-05,2.30318,2.31314,2.30816
1.875e-05,2.30728,2.30998,2.30863
1.8760000000000003e-05,2.30986,2.31692,2.31339
1.8769999999999998e-05,2.29957,2.31773,2.30865
1.8780000000000003e-05,2.30642,2.32257,2.314495
1.8789999999999998e-05,2.31187,2.30935,2.31061
1.88e-05,2.31027,2.31938,2.314825
1.881e-05,2.30693,2.3132,2.310065
1.882e-05,2.31427,2.31669,2.31548
1.883e-05,2.31164,2.32311,2.317375
1.884e-05,2.30498,2.3046,2.30479
1.885e-05,2.30907,2.31003,2.30955
1.886e-05,2.30026,2.31478,2.30752
1.887e-05,2.30349,2.30904,2.306265
1.888e-05,2.30919,2.31268,2.310935
1.889e-05,2.30861,2.30549,2.30705
1.89e-05,2.30544,2.31578,2.31061
1.891e-05,2.31753,2.31307,2.3153
1.8920000000000002e-05,2.3097,2.30928,2.30949
1.893e-05,2.30567,2.30894,2.307305
1.894e-05,2.31542,2.30926,2.31234
1.8949999999999996e-05,2.3063,2.30929,2.307795
1.896e-05,2.31419,2.31295,2.31357
1.8969999999999996e-05,2.30677,2.31138,2.309075
1.898e-05,2.31115,2.30726,2.309205
1.899e-05,2.31042,2.31139,2.310905
1.9e-05,2.30907,2.31134,2.310205
1.9010000000000003e-05,2.31237,2.30916,2.310765
1.9019999999999997e-05,2.30482,2.31384,2.30933
1.9030000000000002e-05,2.30749,2.30712,2.307305
1.9039999999999997e-05,2.30939,2.3107,2.310045
1.9050000000000002e-05,2.30681,2.31824,2.312525
1.9059999999999997e-05,2.31229,2.31454,2.313415
1.907e-05,2.30829,2.3098,2.309045
1.908e-05,2.30341,2.30945,2.30643
1.909e-05,2.30819,2.31127,2.30973
1.9100000000000003e-05,2.30505,2.30786,2.306455
1.9109999999999998e-05,2.31531,2.30558,2.310445
1.912e-05,2.31163,2.30826,2.309945
1.9129999999999998e-05,2.31125,2.31299,2.31212
1.914e-05,2.31002,2.31084,2.31043
1.9149999999999998e-05,2.31353,2.31069,2.31211
1.916e-05,2.3143,2.30802,2.31116
1.9170000000000005e-05,2.31444,2.30645,2.310445
1.918e-05,2.32074,2.30993,2.315335
1.919e-05,2.31212,2.30026,2.30619
1.92e-05,2.31445,2.30422,2.309335
1.921e-05,2.30425,2.31015,2.3072
1.922e-05,2.31158,2.31513,2.313355
1.923e-05,2.31828,2.30969,2.313985
1.924e-05,2.31021,2.30738,2.308795
1.925e-05,2.31207,2.31075,2.31141
1.9260000000000002e-05,2.31212,2.30933,2.310725
1.927e-05,2.30625,2.30549,2.30587
1.9280000000000002e-05,2.30634,2.30742,2.30688
1.9289999999999997e-05,2.31055,2.31304,2.311795
1.93e-05,2.30761,2.30407,2.30584
1.9309999999999996e-05,2.30601,2.30495,2.30548
1.932e-05,2.30542,2.30438,2.3049
1.933e-05,2.3053,2.31466,2.30998
1.934e-05,2.31178,2.29623,2.304005
1.9350000000000003e-05,2.30632,2.30804,2.30718
1.9359999999999998e-05,2.30781,2.29943,2.30362
1.9370000000000003e-05,2.31113,2.30291,2.30702
1.9379999999999997e-05,2.32027,2.30763,2.31395
1.9390000000000002e-05,2.31478,2.3159,2.31534
1.9399999999999997e-05,2.31349,2.31071,2.3121
1.941e-05,2.31513,2.31446,2.314795
1.9420000000000004e-05,2.31969,2.30167,2.31068
1.943e-05,2.31894,2.30232,2.31063
1.9440000000000004e-05,2.31272,2.30283,2.307775
1.945e-05,2.31592,2.30807,2.311995
1.946e-05,2.31539,2.30589,2.31064
1.9469999999999998e-05,2.30834,2.30925,2.308795
1.948e-05,2.31079,2.30943,2.31011
1.9489999999999998e-05,2.30936,2.30793,2.308645
1.95e-05,2.30471,2.31231,2.30851
1.9510000000000005e-05,2.31067,2.30691,2.30879
1.952e-05,2.30385,2.30549,2.30467
1.953e-05,2.30734,2.30745,2.307395
1.954e-05,2.31028,2.30876,2.30952
1.955e-05,2.30433,2.31064,2.307485
1.956e-05,2.30673,2.30721,2.30697
1.957e-05,2.30636,2.30988,2.30812
1.9579999999999995e-05,2.30685,2.30729,2.30707
1.959e-05,2.30344,2.30536,2.3044
1.9600000000000002e-05,2.31465,2.2967,2.305675
1.961e-05,2.31296,2.30392,2.30844
1.9620000000000002e-05,2.31967,2.30839,2.31403
1.9629999999999997e-05,2.31101,2.2979,2.304455
1.9640000000000002e-05,2.315,2.30631,2.310655
1.9649999999999997e-05,2.31389,2.30866,2.311275
1.966e-05,2.31752,2.30823,2.312875
1.967e-05,2.31429,2.3151,2.314695
1.9679999999999998e-05,2.32141,2.30318,2.312295
1.9690000000000003e-05,2.30966,2.30829,2.308975
1.9699999999999998e-05,2.31011,2.29633,2.30322
1.9710000000000003e-05,2.31137,2.30068,2.306025
1.9719999999999998e-05,2.30513,2.30576,2.305445
1.9730000000000003e-05,2.3064,2.29979,2.303095
1.9739999999999997e-05,2.31098,2.30135,2.306165
1.975e-05,2.30933,2.30116,2.305245
1.9760000000000004e-05,2.29785,2.30101,2.29943
1.977e-05,2.3043,2.29842,2.30136
1.9780000000000004e-05,2.30046,2.29769,2.299075
1.979e-05,2.30971,2.2951,2.302405
1.98e-05,2.313,2.30033,2.306665
1.981e-05,2.30374,2.29951,2.301625
1.982e-05,2.31194,2.30371,2.307825
1.9829999999999998e-05,2.30778,2.30393,2.305855
1.984e-05,2.31343,2.30748,2.310455
1.985e-05,2.31307,2.30336,2.308215
1.986e-05,2.3051,2.28797,2.296535
1.987e-05,2.31421,2.29268,2.303445
1.988e-05,2.31827,2.30114,2.309705
1.989e-05,2.31186,2.30047,2.306165
1.99e-05,2.31051,2.30809,2.3093
1.991e-05,2.30711,2.30846,2.307785
1.992e-05,2.30604,2.30181,2.303925
1.993e-05,2.30217,2.29739,2.29978
1.9940000000000002e-05,2.30631,2.29286,2.299585
1.995e-05,2.29838,2.29716,2.29777
1.9960000000000002e-05,2.30673,2.30541,2.30607
1.9969999999999997e-05,2.31542,2.30196,2.30869
1.9980000000000002e-05,2.30897,2.29453,2.30175
1.9989999999999997e-05,2.3117,2.29283,2.302265
2e-05,2.3092,2.30402,2.30661
2.001e-05,2.31267,2.3009,2.306785
2.0019999999999998e-05,2.31218,2.30289,2.307535
2.0030000000000003e-05,2.31017,2.30004,2.305105
2.0039999999999998e-05,2.30585,2.30891,2.30738
2.0050000000000003e-05,2.31074,2.30514,2.30794
2.0059999999999998e-05,2.30971,2.30235,2.30603
2.0070000000000003e-05,2.31205,2.2984,2.305225
2.0079999999999997e-05,2.30836,2.29698,2.30267
2.009e-05,2.31111,2.30077,2.30594
2.01e-05,2.31101,2.2966,2.303805
2.011e-05,2.31113,2.31434,2.312735
2.0120000000000004e-05,2.31105,2.30501,2.30803
2.013e-05,2.30359,2.30785,2.30572
2.014e-05,2.30178,2.29905,2.300415
2.015e-05,2.30877,2.29594,2.302355
2.016e-05,2.31206,2.30261,2.307335
2.0170000000000002e-05,2.30561,2.30128,2.303445
2.018e-05,2.30015,2.29725,2.2987
2.0189999999999998e-05,2.31297,2.29859,2.30578
2.02e-05,2.31138,2.30778,2.30958
2.021e-05,2.31184,2.29559,2.303715
2.022e-05,2.31332,2.30068,2.307
2.023e-05,2.31359,2.30236,2.307975
2.0239999999999996e-05,2.3091,2.303,2.30605
2.025e-05,2.30737,2.30867,2.30802
2.026e-05,2.30533,2.30327,2.3043
2.027e-05,2.31389,2.30623,2.31006
2.028e-05,2.30387,2.30126,2.302565
2.029e-05,2.30184,2.30055,2.301195
2.0300000000000002e-05,2.30698,2.30126,2.30412
2.0309999999999997e-05,2.29695,2.29926,2.298105
2.0320000000000002e-05,2.30372,2.29921,2.301465
2.0329999999999997e-05,2.29677,2.30171,2.29924
2.0340000000000002e-05,2.30353,2.29909,2.30131
2.035e-05,2.30517,2.30043,2.3028
2.0359999999999998e-05,2.30501,2.29925,2.30213
2.0370000000000003e-05,2.30186,2.30002,2.30094
2.0379999999999998e-05,2.30359,2.30048,2.302035
2.0390000000000003e-05,2.30181,2.29877,2.30029
2.0399999999999998e-05,2.30476,2.30144,2.3031
2.041e-05,2.30547,2.29795,2.30171
2.042e-05,2.30499,2.29313,2.29906
2.043e-05,2.30696,2.29253,2.299745
2.044e-05,2.30349,2.29599,2.29974
2.045e-05,2.3079,2.29761,2.302755
2.0460000000000004e-05,2.304,2.28957,2.296785
2.047e-05,2.30026,2.29503,2.297645
2.048e-05,2.3024,2.29702,2.29971
2.049e-05,2.30169,2.29357,2.29763
2.05e-05,2.30975,2.3015,2.305625
2.0510000000000002e-05,2.30136,2.30032,2.30084
2.052e-05,2.3056,2.3018,2.3037
2.0529999999999998e-05,2.30743,2.30039,2.30391
2.054e-05,2.31025,2.30575,2.308
2.055e-05,2.30753,2.30665,2.30709
2.056e-05,2.30336,2.30824,2.3058
2.057e-05,2.31172,2.30763,2.309675
2.0579999999999996e-05,2.309,2.2998,2.3044
2.059e-05,2.30789,2.31356,2.310725
2.06e-05,2.31536,2.31227,2.313815
2.061e-05,2.30925,2.30957,2.30941
2.062e-05,2.30522,2.31476,2.30999
2.063e-05,2.31506,2.30729,2.311175
2.0640000000000002e-05,2.30701,2.31405,2.31053
2.0649999999999997e-05,2.29921,2.31126,2.305235
2.0660000000000002e-05,2.30408,2.30455,2.304315
2.067e-05,2.3078,2.31284,2.31032
2.0680000000000002e-05,2.31232,2.3147,2.31351
2.069e-05,2.31057,2.3091,2.309835
2.07e-05,2.31058,2.29808,2.30433
2.071e-05,2.31007,2.29835,2.30421
2.0719999999999998e-05,2.31371,2.30786,2.310785
2.0730000000000003e-05,2.30612,2.30883,2.307475
2.0739999999999998e-05,2.31263,2.30894,2.310785
2.075e-05,2.30826,2.31171,2.309985
2.076e-05,2.30987,2.30758,2.308725
2.077e-05,2.31573,2.31339,2.31456
2.078e-05,2.3182,2.31233,2.315265
2.079e-05,2.31524,2.31078,2.31301
2.0799999999999997e-05,2.31959,2.30564,2.312615
2.081e-05,2.31028,2.31173,2.311005
2.082e-05,2.31805,2.30835,2.3132
2.083e-05,2.31303,2.30647,2.30975
2.084e-05,2.31233,2.30886,2.310595
2.0850000000000002e-05,2.30985,2.31166,2.310755
2.086e-05,2.3102,2.30344,2.30682
2.087e-05,2.31881,2.29545,2.30713
2.088e-05,2.30846,2.30364,2.30605
2.0889999999999998e-05,2.30933,2.3043,2.306815
2.09e-05,2.31083,2.30807,2.30945
2.091e-05,2.30231,2.31394,2.308125
2.092e-05,2.31009,2.31354,2.311815
2.093e-05,2.31143,2.3061,2.308765
2.094e-05,2.30991,2.30593,2.30792
2.095e-05,2.31139,2.30633,2.30886
2.096e-05,2.31796,2.30483,2.311395
2.0969999999999997e-05,2.31186,2.30994,2.3109
2.0980000000000002e-05,2.30794,2.3092,2.30857
2.0989999999999997e-05,2.30297,2.31146,2.307215
2.1000000000000002e-05,2.30752,2.30423,2.305875
2.101e-05,2.30315,2.30237,2.30276
2.1020000000000002e-05,2.299,2.30665,2.302825
2.103e-05,2.31261,2.29877,2.30569
2.104e-05,2.30772,2.30116,2.30444
2.105e-05,2.30895,2.30096,2.304955
2.1059999999999998e-05,2.31025,2.29248,2.301365
2.1070000000000003e-05,2.30452,2.30598,2.30525
2.1079999999999998e-05,2.30108,2.30435,2.302715
2.109e-05,2.29833,2.30064,2.299485
2.11e-05,2.29887,2.29819,2.29853
2.111e-05,2.30543,2.30434,2.304885
2.112e-05,2.31532,2.29865,2.306985
2.113e-05,2.31209,2.30744,2.309765
2.1139999999999997e-05,2.30698,2.30129,2.304135
2.115e-05,2.31258,2.30271,2.307645
2.116e-05,2.31078,2.3011,2.30594
2.1170000000000002e-05,2.30121,2.2991,2.300155
2.118e-05,2.30694,2.29489,2.300915
2.1190000000000002e-05,2.30799,2.30526,2.306625
2.12e-05,2.30429,2.29768,2.300985
2.121e-05,2.30956,2.30347,2.306515
2.122e-05,2.30606,2.29198,2.29902
2.123e-05,2.30722,2.30283,2.305025
2.124e-05,2.30017,2.29743,2.2988
2.125e-05,2.3112,2.30465,2.307925
2.126e-05,2.30416,2.30134,2.30275
2.127e-05,2.3168,2.30548,2.31114
2.128e-05,2.31646,2.30288,2.30967
2.129e-05,2.31046,2.30095,2.305705
2.13e-05,2.31074,2.29581,2.303275
2.1309999999999998e-05,2.30679,2.30096,2.303875
2.132e-05,2.30809,2.29906,2.303575
2.1329999999999997e-05,2.30544,2.2975,2.30147
2.1340000000000002e-05,2.30844,2.2981,2.30327
2.135e-05,2.2997,2.29585,2.297775
2.1360000000000002e-05,2.31313,2.30198,2.307555
2.137e-05,2.30971,2.29855,2.30413
2.138e-05,2.30489,2.30158,2.303235
2.139e-05,2.30597,2.30399,2.30498
2.14e-05,2.3077,2.2975,2.3026
2.141e-05,2.31162,2.29649,2.304055
2.142e-05,2.30635,2.29943,2.30289
2.143e-05,2.30455,2.30097,2.30276
2.144e-05,2.29906,2.29378,2.29642
2.145e-05,2.30413,2.28873,2.29643
2.146e-05,2.30541,2.2999,2.302655
2.147e-05,2.31063,2.2913,2.300965
2.1479999999999998e-05,2.30525,2.30019,2.30272
2.149e-05,2.30646,2.29575,2.301105
2.1499999999999997e-05,2.30144,2.30455,2.302995
2.1510000000000002e-05,2.31348,2.30052,2.307
2.152e-05,2.31291,2.30663,2.30977
2.153e-05,2.30841,2.30022,2.304315
2.154e-05,2.30447,2.29846,2.301465
2.155e-05,2.30896,2.29643,2.302695
2.156e-05,2.30631,2.28993,2.29812
2.157e-05,2.30544,2.29237,2.298905
2.158e-05,2.30566,2.29345,2.299555
2.159e-05,2.30253,2.30086,2.301695
2.16e-05,2.30647,2.29927,2.30287
2.161e-05,2.30484,2.29069,2.297765
2.162e-05,2.30667,2.30296,2.304815
2.163e-05,2.30257,2.29801,2.30029
2.164e-05,2.301,2.2958,2.2984
2.1649999999999998e-05,2.30268,2.29849,2.300585
2.166e-05,2.30603,2.29686,2.301445
2.167e-05,2.30229,2.29971,2.301
2.1680000000000002e-05,2.3056,2.29897,2.302285
2.169e-05,2.31257,2.30237,2.30747
2.17e-05,2.30521,2.29207,2.29864
2.171e-05,2.30536,2.30068,2.30302
2.172e-05,2.30796,2.30318,2.30557
2.173e-05,2.30892,2.30136,2.30514
2.174e-05,2.31632,2.29846,2.30739
2.175e-05,2.30223,2.29785,2.30004
2.1760000000000002e-05,2.30241,2.30325,2.30283
2.177e-05,2.30576,2.29986,2.30281
2.178e-05,2.31151,2.31027,2.31089
2.179e-05,2.31161,2.30983,2.31072
2.18e-05,2.30395,2.30508,2.304515
2.181e-05,2.30957,2.30809,2.30883
2.1819999999999998e-05,2.31394,2.3058,2.30987
2.183e-05,2.31211,2.31143,2.31177
2.1839999999999998e-05,2.3094,2.29821,2.303805
2.1850000000000003e-05,2.31642,2.30142,2.30892
2.186e-05,2.32582,2.29615,2.310985
2.187e-05,2.32066,2.31126,2.31596
2.188e-05,2.31024,2.29533,2.302785
2.189e-05,2.31398,2.30562,2.3098
2.19e-05,2.32303,2.30359,2.31331
2.191e-05,2.31941,2.30238,2.310895
2.1920000000000004e-05,2.31696,2.30562,2.31129
2.193e-05,2.30865,2.30076,2.304705
2.194e-05,2.3137,2.3085,2.3111
2.195e-05,2.31256,2.30575,2.309155
2.196e-05,2.311,2.3009,2.30595
2.197e-05,2.3107,2.31226,2.31148
2.198e-05,2.30892,2.30716,2.30804
2.1989999999999998e-05,2.30949,2.30978,2.309635
2.2e-05,2.30873,2.30004,2.304385
2.201e-05,2.30901,2.29955,2.30428
2.202e-05,2.30717,2.29149,2.29933
2.203e-05,2.31305,2.30103,2.30704
2.204e-05,2.31335,2.3014,2.307375
2.205e-05,2.31123,2.30111,2.30617
2.206e-05,2.30656,2.29801,2.302285
2.207e-05,2.30898,2.30449,2.306735
2.208e-05,2.30969,2.30721,2.30845
2.2089999999999997e-05,2.31267,2.30758,2.310125
2.2100000000000002e-05,2.31962,2.31219,2.315905
2.2109999999999997e-05,2.31009,2.30981,2.30995
2.212e-05,2.3116,2.30637,2.308985
2.213e-05,2.31036,2.30562,2.30799
2.214e-05,2.31949,2.30909,2.31429
2.215e-05,2.30791,2.30559,2.30675
2.2159999999999998e-05,2.31327,2.29806,2.305665
2.2170000000000003e-05,2.31688,2.30485,2.310865
2.2179999999999998e-05,2.31289,2.30357,2.30823
2.2190000000000003e-05,2.31128,2.30282,2.30705
2.22e-05,2.31463,2.30603,2.31033
2.221e-05,2.3064,2.30393,2.305165
2.222e-05,2.31779,2.29574,2.306765
2.223e-05,2.3128,2.30192,2.30736
2.224e-05,2.31481,2.30683,2.31082
2.225e-05,2.31387,2.3003,2.307085
2.226e-05,2.31727,2.30018,2.308725
2.227e-05,2.30962,2.29894,2.30428
2.228e-05,2.31539,2.30672,2.311055
2.2290000000000002e-05,2.30407,2.30624,2.305155
2.23e-05,2.31818,2.30944,2.31381
2.231e-05,2.30893,2.29847,2.3037
2.232e-05,2.30915,2.30129,2.30522
2.2329999999999998e-05,2.3196,2.2985,2.30905
2.234e-05,2.31335,2.30114,2.307245
2.235e-05,2.31829,2.30208,2.310185
2.236e-05,2.30914,2.30299,2.306065
2.237e-05,2.31506,2.30058,2.30782
2.238e-05,2.31501,2.30424,2.309625
2.239e-05,2.31142,2.2996,2.30551
2.24e-05,2.32258,2.30394,2.31326
2.241e-05,2.31777,2.2969,2.307335
2.2420000000000002e-05,2.31746,2.30755,2.312505
2.2429999999999997e-05,2.31601,2.31115,2.31358
2.2440000000000002e-05,2.32147,2.30563,2.31355
2.2449999999999997e-05,2.3223,2.30935,2.315825
2.2460000000000002e-05,2.32756,2.29853,2.313045
2.247e-05,2.31689,2.30274,2.309815
2.248e-05,2.31639,2.30224,2.309315
2.249e-05,2.31789,2.29652,2.307205
2.2499999999999998e-05,2.31523,2.30245,2.30884
2.2510000000000003e-05,2.32351,2.30482,2.314165
2.2519999999999998e-05,2.31736,2.29765,2.307505
2.2530000000000003e-05,2.31521,2.30692,2.311065
2.2539999999999998e-05,2.31662,2.30337,2.309995
2.255e-05,2.31423,2.29844,2.306335
2.256e-05,2.31449,2.29718,2.305835
2.257e-05,2.31136,2.29867,2.305015
2.258e-05,2.30128,2.29808,2.29968
2.259e-05,2.30307,2.29048,2.296775
2.26e-05,2.31261,2.29691,2.30476
2.261e-05,2.30704,2.3003,2.30367
2.262e-05,2.30918,2.28725,2.298215
2.263e-05,2.31017,2.28916,2.299665
2.264e-05,2.3133,2.29722,2.30526
2.265e-05,2.30756,2.28495,2.296255
2.266e-05,2.30947,2.28377,2.29662
2.267e-05,2.3098,2.29272,2.30126
2.268e-05,2.30358,2.29291,2.298245
2.269e-05,2.30612,2.30001,2.303065
2.27e-05,2.30944,2.29236,2.3009
2.271e-05,2.31446,2.28425,2.299355
2.2719999999999996e-05,2.30869,2.28781,2.29825
2.273e-05,2.30733,2.29374,2.300535
2.274e-05,2.31325,2.28961,2.30143
2.275e-05,2.30483,2.29257,2.2987
2.2760000000000002e-05,2.31068,2.30412,2.3074
2.2769999999999997e-05,2.30933,2.30594,2.307635
2.2780000000000002e-05,2.30708,2.29987,2.303475
2.2789999999999997e-05,2.30339,2.29979,2.30159
2.2800000000000002e-05,2.31012,2.2935,2.30181
2.281e-05,2.31086,2.3034,2.30713
2.282e-05,2.30948,2.29383,2.301655
2.283e-05,2.30729,2.29217,2.29973
2.2839999999999998e-05,2.31308,2.28945,2.301265
2.2850000000000003e-05,2.30803,2.28968,2.298855
2.2859999999999998e-05,2.30777,2.29335,2.30056
2.2870000000000003e-05,2.30532,2.29817,2.301745
2.2879999999999998e-05,2.31343,2.29748,2.305455
2.289e-05,2.30839,2.29396,2.301175
2.29e-05,2.30578,2.29262,2.2992
2.291e-05,2.30793,2.29543,2.30168
2.2920000000000004e-05,2.30877,2.29505,2.30191
2.293e-05,2.31497,2.29224,2.303605
2.294e-05,2.29935,2.29049,2.29492
2.295e-05,2.30633,2.2848,2.295565
2.296e-05,2.30425,2.29097,2.29761
2.297e-05,2.30265,2.29217,2.29741
2.298e-05,2.29873,2.29319,2.29596
2.299e-05,2.30672,2.29102,2.29887
2.3e-05,2.3066,2.29949,2.303045
2.301e-05,2.30064,2.29347,2.297055
2.302e-05,2.30863,2.29694,2.302785
2.303e-05,2.30788,2.29307,2.300475
2.304e-05,2.29899,2.29341,2.2962
2.305e-05,2.29777,2.29109,2.29443
2.3059999999999996e-05,2.30895,2.29526,2.302105
2.307e-05,2.31454,2.29375,2.304145
2.308e-05,2.31635,2.29207,2.30421
2.309e-05,2.31124,2.28951,2.300375
2.3100000000000002e-05,2.31071,2.28812,2.299415
2.3109999999999997e-05,2.30884,2.28713,2.297985
2.3120000000000002e-05,2.30945,2.29762,2.303535
2.3129999999999997e-05,2.31666,2.2816,2.29913
2.3140000000000002e-05,2.31607,2.28761,2.30184
2.3149999999999997e-05,2.30605,2.29551,2.30078
2.316e-05,2.31285,2.29072,2.301785
2.3170000000000003e-05,2.31428,2.30162,2.30795
2.3179999999999998e-05,2.31436,2.29763,2.305995
2.3190000000000003e-05,2.31812,2.3062,2.31216
2.3199999999999998e-05,2.31459,2.29696,2.305775
2.3210000000000003e-05,2.31568,2.29458,2.30513
2.3219999999999998e-05,2.31401,2.29864,2.306325
2.323e-05,2.3144,2.29625,2.305325
2.3239999999999998e-05,2.31285,2.29428,2.303565
2.325e-05,2.31324,2.29179,2.302515
2.3260000000000004e-05,2.31156,2.29076,2.30116
2.327e-05,2.30851,2.28695,2.29773
2.328e-05,2.30611,2.29198,2.299045
2.329e-05,2.31195,2.28943,2.30069
2.33e-05,2.31324,2.29404,2.30364
2.331e-05,2.31056,2.29488,2.30272
2.332e-05,2.31069,2.29396,2.302325
2.3329999999999995e-05,2.31654,2.29947,2.308005
2.334e-05,2.30116,2.29796,2.29956
2.3350000000000002e-05,2.30184,2.30197,2.301905
2.336e-05,2.30089,2.30636,2.303625
2.337e-05,2.30332,2.29286,2.29809
2.3379999999999996e-05,2.30339,2.29692,2.300155
2.339e-05,2.299,2.29573,2.297365
2.3399999999999996e-05,2.31416,2.29645,2.305305
2.341e-05,2.30749,2.29105,2.29927
2.3420000000000003e-05,2.31261,2.29492,2.303765
2.343e-05,2.29983,2.2933,2.296565
2.3440000000000003e-05,2.29834,2.28182,2.29008
2.3449999999999997e-05,2.30615,2.28906,2.297605
2.3460000000000002e-05,2.31148,2.29,2.30074
2.3469999999999997e-05,2.30248,2.29793,2.300205
2.3480000000000002e-05,2.30462,2.29359,2.299105
2.3489999999999997e-05,2.30213,2.29597,2.29905
2.35e-05,2.3069,2.29785,2.302375
2.3510000000000004e-05,2.31479,2.29206,2.303425
2.352e-05,2.31492,2.29525,2.305085
2.3530000000000003e-05,2.30424,2.30006,2.30215
2.3539999999999998e-05,2.32002,2.29232,2.30617
2.355e-05,2.30913,2.29926,2.304195
2.3559999999999998e-05,2.30446,2.30189,2.303175
2.357e-05,2.30778,2.29714,2.30246
2.3579999999999998e-05,2.30195,2.28597,2.29396
2.359e-05,2.30423,2.29851,2.30137
2.3600000000000004e-05,2.30226,2.28866,2.29546
2.361e-05,2.30156,2.29919,2.300375
2.362e-05,2.30013,2.2994,2.299765
2.363e-05,2.31342,2.29964,2.30653
2.364e-05,2.30982,2.29538,2.3026
2.365e-05,2.30936,2.29389,2.301625
2.366e-05,2.30774,2.29122,2.29948
2.367e-05,2.30426,2.30145,2.302855
2.368e-05,2.30806,2.3029,2.30548
2.3690000000000002e-05,2.3114,2.28547,2.298435
2.37e-05,2.29491,2.29445,2.29468
2.371e-05,2.30465,2.30085,2.30275
2.3719999999999997e-05,2.30224,2.2912,2.29672
2.373e-05,2.30649,2.29453,2.30051
2.3739999999999996e-05,2.29972,2.29831,2.299015
2.375e-05,2.30599,2.29049,2.29824
2.376e-05,2.30561,2.30399,2.3048
2.377e-05,2.30891,2.2921,2.300505
2.3780000000000003e-05,2.30504,2.30411,2.304575
2.3789999999999998e-05,2.30875,2.2953,2.302025
2.3800000000000003e-05,2.2998,2.29048,2.29514
2.3809999999999997e-05,2.31414,2.2899,2.30202
2.3820000000000002e-05,2.30278,2.29518,2.29898
2.3829999999999997e-05,2.31048,2.28736,2.29892
2.384e-05,2.3084,2.28856,2.29848
2.3850000000000004e-05,2.30994,2.28485,2.297395
2.386e-05,2.30712,2.29179,2.299455
2.3870000000000004e-05,2.30934,2.29567,2.302505
2.388e-05,2.30336,2.28953,2.296445
2.389e-05,2.31284,2.28716,2.3
2.3899999999999998e-05,2.31092,2.29012,2.30052
2.391e-05,2.30743,2.29244,2.299935
2.392e-05,2.30679,2.30381,2.3053
2.393e-05,2.30201,2.30056,2.301285
2.3940000000000005e-05,2.30654,2.29064,2.29859
2.395e-05,2.30949,2.2979,2.303695
2.396e-05,2.3128,2.29759,2.305195
2.397e-05,2.31211,2.30083,2.30647
2.398e-05,2.307,2.29795,2.302475
2.399e-05,2.30807,2.30326,2.305665
2.4e-05,2.3022,2.31009,2.306145
2.401e-05,2.30842,2.29084,2.29963
2.402e-05,2.31029,2.28818,2.299235
2.4030000000000002e-05,2.30908,2.29602,2.30255
2.404e-05,2.30812,2.29477,2.301445
2.4050000000000002e-05,2.30223,2.29439,2.29831
2.4059999999999997e-05,2.3083,2.29973,2.304015
2.407e-05,2.299,2.29949,2.299245
2.4079999999999996e-05,2.30992,2.29782,2.30387
2.409e-05,2.31013,2.28722,2.298675
2.41e-05,2.30654,2.29463,2.300585
2.4109999999999998e-05,2.30075,2.29407,2.29741
2.4120000000000003e-05,2.30896,2.29075,2.299855
2.4129999999999998e-05,2.3126,2.2952,2.3039
2.4140000000000003e-05,2.31344,2.30251,2.307975
2.4149999999999997e-05,2.30891,2.29051,2.29971
2.4160000000000002e-05,2.31532,2.29825,2.306785
2.417e-05,2.31319,2.29875,2.30597
2.418e-05,2.31403,2.29056,2.302295
2.419e-05,2.31136,2.2898,2.30058
2.42e-05,2.31467,2.29553,2.3051
2.4210000000000004e-05,2.31996,2.29612,2.30804
2.422e-05,2.31216,2.29412,2.30314
2.423e-05,2.30941,2.29111,2.30026
2.424e-05,2.31511,2.28895,2.30203
2.425e-05,2.31262,2.29385,2.303235
2.426e-05,2.31226,2.29275,2.302505
2.427e-05,2.30817,2.29597,2.30207
2.4279999999999998e-05,2.31614,2.29481,2.305475
2.429e-05,2.31391,2.29636,2.305135
2.43e-05,2.30618,2.29229,2.299235
2.431e-05,2.31013,2.29673,2.30343
2.432e-05,2.31465,2.29097,2.30281
2.433e-05,2.30723,2.29981,2.30352
2.434e-05,2.3015,2.30317,2.302335
2.435e-05,2.29973,2.30237,2.30105
2.436e-05,2.30275,2.2974,2.300075
2.437e-05,2.30426,2.28883,2.296545
2.438e-05,2.29665,2.29507,2.29586
2.4390000000000002e-05,2.29391,2.295,2.294455
2.4399999999999997e-05,2.30367,2.29885,2.30126
2.4410000000000002e-05,2.30103,2.30187,2.30145
2.442e-05,2.30667,2.29399,2.30033
2.443e-05,2.30614,2.29962,2.30288
2.444e-05,2.29888,2.29857,2.298725
2.4449999999999998e-05,2.30055,2.29383,2.29719
2.4460000000000003e-05,2.30627,2.30304,2.304655
2.4469999999999998e-05,2.3069,2.29478,2.30084
2.4480000000000003e-05,2.306,2.29525,2.300625
2.4489999999999998e-05,2.30945,2.30237,2.30591
2.4500000000000003e-05,2.3109,2.30481,2.307855
2.451e-05,2.30848,2.31152,2.31
2.452e-05,2.30763,2.29419,2.30091
2.453e-05,2.30371,2.29786,2.300785
2.454e-05,2.30065,2.30387,2.30226
2.4550000000000004e-05,2.30434,2.29806,2.3012
2.456e-05,2.30321,2.27996,2.291585
2.457e-05,2.3096,2.28983,2.299715
2.458e-05,2.30575,2.2841,2.294925
2.459e-05,2.30789,2.29203,2.29996
2.46e-05,2.30585,2.28549,2.29567
2.461e-05,2.30662,2.29161,2.299115
2.4619999999999998e-05,2.30575,2.29161,2.29868
2.463e-05,2.3062,2.2882,2.2972
2.464e-05,2.29936,2.29477,2.297065
2.465e-05,2.30617,2.28903,2.2976
2.466e-05,2.29893,2.29571,2.29732
2.467e-05,2.30449,2.28948,2.296985
2.468e-05,2.30865,2.29536,2.302005
2.469e-05,2.31104,2.29465,2.302845
2.47e-05,2.30473,2.29844,2.301585
2.471e-05,2.31487,2.30052,2.307695
2.472e-05,2.31794,2.29138,2.30466
2.4730000000000002e-05,2.30911,2.29346,2.301285
2.4739999999999997e-05,2.31062,2.28769,2.299155
2.4750000000000002e-05,2.29929,2.28805,2.29367
2.476e-05,2.30649,2.27998,2.293235
2.4770000000000002e-05,2.31196,2.29065,2.301305
2.478e-05,2.30863,2.2866,2.297615
2.4789999999999998e-05,2.30331,2.28909,2.2962
2.48e-05,2.31188,2.28684,2.29936
2.4809999999999998e-05,2.30154,2.29022,2.29588
2.4820000000000003e-05,2.30174,2.28805,2.294895
2.4829999999999998e-05,2.308,2.29023,2.299115
2.484e-05,2.30525,2.29019,2.29772
2.485e-05,2.30959,2.29291,2.30125
2.486e-05,2.30183,2.29563,2.29873
2.487e-05,2.30401,2.30003,2.30202
2.488e-05,2.30905,2.29139,2.30022
2.489e-05,2.30592,2.29217,2.299045
2.49e-05,2.31562,2.30179,2.308705
2.491e-05,2.30883,2.29419,2.30151
2.4920000000000002e-05,2.30499,2.29624,2.300615
2.493e-05,2.30625,2.28867,2.29746
2.4940000000000002e-05,2.30893,2.28658,2.297755
2.495e-05,2.30498,2.29235,2.298665
2.4959999999999998e-05,2.30691,2.28986,2.298385
2.497e-05,2.30791,2.29472,2.301315
2.4979999999999998e-05,2.30394,2.29555,2.299745
2.499e-05,2.29968,2.29583,2.297755
2.5e-05,2.29911,2.29977,2.29944
2.501e-05,2.30935,2.298,2.303675
2.502e-05,2.30525,2.29188,2.298565
2.503e-05,2.30826,2.29943,2.303845
2.504e-05,2.30177,2.30219,2.30198
2.505e-05,2.30487,2.30185,2.30336
2.506e-05,2.30396,2.30554,2.30475
2.5070000000000002e-05,2.30565,2.29637,2.30101
2.5079999999999997e-05,2.30948,2.29957,2.304525
2.5090000000000002e-05,2.31529,2.30405,2.30967
2.51e-05,2.31271,2.29674,2.304725
2.5110000000000002e-05,2.30835,2.30565,2.307
2.512e-05,2.30596,2.29903,2.302495
2.5129999999999998e-05,2.30699,2.30435,2.30567
2.514e-05,2.31342,2.3089,2.31116
2.5149999999999998e-05,2.30427,2.29965,2.30196
2.5160000000000003e-05,2.30161,2.30139,2.3015
2.517e-05,2.30654,2.29927,2.302905
2.518e-05,2.30466,2.30289,2.303775
2.519e-05,2.30293,2.29446,2.298695
2.52e-05,2.30875,2.30588,2.307315
2.521e-05,2.30358,2.29747,2.300525
2.522e-05,2.3017,2.29483,2.298265
2.5229999999999997e-05,2.30684,2.29414,2.30049
2.524e-05,2.30607,2.29872,2.302395
2.525e-05,2.3097,2.2968,2.30325
2.5260000000000002e-05,2.30928,2.30948,2.30938
2.527e-05,2.30884,2.30691,2.307875
2.5280000000000002e-05,2.30011,2.28867,2.29439
2.529e-05,2.29917,2.30843,2.3038
2.53e-05,2.29621,2.29873,2.29747
2.531e-05,2.30773,2.30027,2.304
2.5319999999999998e-05,2.31246,2.30031,2.306385
2.533e-05,2.30973,2.30294,2.306335
2.534e-05,2.29912,2.30617,2.302645
2.535e-05,2.31103,2.2983,2.304665
2.536e-05,2.30359,2.29455,2.29907
2.537e-05,2.30747,2.29786,2.302665
2.538e-05,2.30594,2.2969,2.30142
2.539e-05,2.31051,2.30096,2.305735
2.5399999999999997e-05,2.31493,2.29237,2.30365
2.541e-05,2.30863,2.30054,2.304585
2.542e-05,2.30696,2.29916,2.30306
2.5430000000000002e-05,2.3133,2.29373,2.303515
2.544e-05,2.30397,2.29732,2.300645
2.5450000000000002e-05,2.3091,2.30412,2.30661
2.546e-05,2.30824,2.3038,2.30602
2.547e-05,2.31181,2.29663,2.30422
2.548e-05,2.3149,2.30002,2.30746
2.5489999999999998e-05,2.30998,2.29807,2.304025
2.55e-05,2.30945,2.29467,2.30206
2.551e-05,2.31237,2.29784,2.305105
2.552e-05,2.3098,2.30112,2.30546
2.553e-05,2.30546,2.30706,2.30626
2.554e-05,2.30566,2.29942,2.30254
2.555e-05,2.31323,2.30403,2.30863
2.556e-05,2.31263,2.302,2.307315
2.5569999999999997e-05,2.31461,2.30621,2.31041
2.558e-05,2.30731,2.30979,2.30855
2.5589999999999997e-05,2.30548,2.30542,2.30545
2.5600000000000002e-05,2.30779,2.28933,2.29856
2.561e-05,2.30365,2.29586,2.299755
2.5620000000000002e-05,2.30854,2.2838,2.29617
2.563e-05,2.3118,2.29055,2.301175
2.564e-05,2.31342,2.2922,2.30281
2.565e-05,2.30617,2.29435,2.30026
2.5659999999999998e-05,2.3153,2.28692,2.30111
2.5670000000000003e-05,2.30668,2.28751,2.297095
2.568e-05,2.30303,2.2968,2.299915
2.569e-05,2.30571,2.29216,2.298935
2.57e-05,2.30939,2.29809,2.30374
2.571e-05,2.30484,2.29993,2.302385
2.572e-05,2.31189,2.29766,2.304775
2.573e-05,2.31269,2.29811,2.3054
2.5739999999999998e-05,2.31331,2.2981,2.305705
2.575e-05,2.30893,2.30058,2.304755
2.576e-05,2.29959,2.30949,2.30454
2.5770000000000002e-05,2.29631,2.29851,2.29741
2.578e-05,2.29166,2.29888,2.29527
2.5790000000000002e-05,2.30784,2.30465,2.306245
2.58e-05,2.30525,2.29263,2.29894
2.581e-05,2.3041,2.29523,2.299665
2.582e-05,2.30563,2.29939,2.30251
2.583e-05,2.30658,2.29571,2.301145
2.584e-05,2.3072,2.28873,2.297965
2.585e-05,2.30541,2.29195,2.29868
2.586e-05,2.30053,2.29151,2.29602
2.587e-05,2.30793,2.3001,2.304015
2.588e-05,2.30691,2.30559,2.30625
2.589e-05,2.30637,2.29708,2.301725
2.59e-05,2.30637,2.30275,2.30456
2.5909999999999998e-05,2.30731,2.2949,2.301105
2.5920000000000003e-05,2.30842,2.29588,2.30215
2.5929999999999997e-05,2.31035,2.29179,2.30107
2.5940000000000002e-05,2.30299,2.30307,2.30303
2.595e-05,2.30617,2.28711,2.29664
2.596e-05,2.30999,2.30441,2.3072
2.597e-05,2.30774,2.30361,2.305675
2.598e-05,2.31667,2.30486,2.310765
2.599e-05,2.30278,2.30464,2.30371
2.6e-05,2.31546,2.30135,2.308405
2.6010000000000003e-05,2.31302,2.30622,2.30962
2.6019999999999998e-05,2.30583,2.29162,2.298725
2.603e-05,2.30709,2.29986,2.303475
2.604e-05,2.31315,2.30169,2.30742
2.605e-05,2.30395,2.30191,2.30293
2.606e-05,2.30385,2.30759,2.30572
2.607e-05,2.29532,2.29853,2.296925
2.6079999999999998e-05,2.30079,2.29973,2.30026
2.609e-05,2.30445,2.30892,2.306685
2.61e-05,2.3016,2.30275,2.302175
2.611e-05,2.30356,2.29851,2.301035
2.612e-05,2.30546,2.30089,2.303175
2.613e-05,2.30789,2.30434,2.306115
2.614e-05,2.30733,2.30575,2.30654
2.615e-05,2.30209,2.30556,2.303825
2.616e-05,2.31033,2.3058,2.308065
2.6170000000000002e-05,2.31812,2.30539,2.311755
2.618e-05,2.30659,2.30562,2.306105
2.619e-05,2.30387,2.31084,2.307355
2.6199999999999996e-05,2.307,2.31407,2.310535
2.621e-05,2.31099,2.30457,2.30778
2.622e-05,2.31471,2.29989,2.3073
2.623e-05,2.31187,2.29664,2.304255
2.624e-05,2.30651,2.29703,2.30177
2.6249999999999998e-05,2.30908,2.30167,2.305375
2.6260000000000003e-05,2.31683,2.29791,2.30737
2.6269999999999998e-05,2.31632,2.30214,2.30923
2.6280000000000002e-05,2.31585,2.29287,2.30436
2.629e-05,2.31533,2.29524,2.305285
2.63e-05,2.30816,2.2993,2.30373
2.631e-05,2.31334,2.29741,2.305375
2.632e-05,2.31232,2.30208,2.3072
2.633e-05,2.31868,2.30582,2.31225
2.634e-05,2.30616,2.31304,2.3096
2.6350000000000004e-05,2.30804,2.30253,2.305285
2.636e-05,2.3052,2.30639,2.305795
2.637e-05,2.30864,2.30359,2.306115
2.638e-05,2.31058,2.30023,2.305405
2.639e-05,2.30992,2.31377,2.311845
2.64e-05,2.3079,2.30643,2.307165
2.641e-05,2.30403,2.31025,2.30714
2.642e-05,2.30511,2.30547,2.30529
2.643e-05,2.30895,2.31326,2.311105
2.644e-05,2.31266,2.30529,2.308975
2.645e-05,2.31077,2.30522,2.307995
2.646e-05,2.30592,2.30899,2.307455
2.647e-05,2.30971,2.31627,2.31299
2.648e-05,2.31047,2.31356,2.312015
2.649e-05,2.31537,2.30516,2.310265
2.65e-05,2.30788,2.31128,2.30958
2.6510000000000002e-05,2.3142,2.30928,2.31174
2.6519999999999997e-05,2.3087,2.31156,2.31013
2.6530000000000002e-05,2.31488,2.29946,2.30717
2.6539999999999997e-05,2.31037,2.30437,2.30737
2.655e-05,2.30965,2.30977,2.30971
2.656e-05,2.31125,2.3028,2.307025
2.657e-05,2.31082,2.30719,2.309005
2.658e-05,2.31165,2.30313,2.30739
2.6589999999999998e-05,2.31572,2.30515,2.310435
2.6600000000000003e-05,2.3115,2.30648,2.30899
2.6609999999999998e-05,2.31901,2.30851,2.31376
2.6620000000000003e-05,2.32101,2.30883,2.31492
2.6629999999999997e-05,2.31811,2.30775,2.31293
2.664e-05,2.31368,2.31536,2.31452
2.665e-05,2.31324,2.31019,2.311715
2.666e-05,2.3118,2.31048,2.31114
2.6670000000000004e-05,2.30723,2.30718,2.307205
2.668e-05,2.31448,2.30539,2.309935
2.669e-05,2.30286,2.31128,2.30707
2.67e-05,2.31091,2.30334,2.307125
2.671e-05,2.30883,2.2986,2.303715
2.6719999999999998e-05,2.30747,2.30087,2.30417
2.673e-05,2.31469,2.3007,2.307695
2.674e-05,2.31489,2.30257,2.30873
2.675e-05,2.31064,2.30366,2.30715
2.676e-05,2.3089,2.30213,2.305515
2.677e-05,2.31776,2.29667,2.307215
2.678e-05,2.31345,2.29336,2.303405
2.679e-05,2.31024,2.29672,2.30348
2.68e-05,2.31299,2.306,2.309495
2.6809999999999996e-05,2.31229,2.30016,2.306225
2.682e-05,2.30516,2.30274,2.30395
2.683e-05,2.31152,2.30374,2.30763
2.684e-05,2.30789,2.30256,2.305225
2.6850000000000002e-05,2.31026,2.29577,2.303015
2.6859999999999997e-05,2.30064,2.31122,2.30593
2.6870000000000002e-05,2.3107,2.30106,2.30588
2.6879999999999997e-05,2.30124,2.30286,2.30205
2.6890000000000002e-05,2.30871,2.3041,2.306405
2.69e-05,2.30539,2.30403,2.30471
2.691e-05,2.31305,2.3086,2.310825
2.6920000000000003e-05,2.3151,2.30252,2.30881
2.6929999999999998e-05,2.30794,2.30031,2.304125
2.6940000000000003e-05,2.31401,2.30756,2.310785
2.6949999999999998e-05,2.31627,2.29253,2.3044
2.6960000000000003e-05,2.31514,2.29638,2.30576
2.6969999999999998e-05,2.31201,2.29695,2.30448
2.698e-05,2.31062,2.30099,2.305805
2.699e-05,2.30738,2.29693,2.302155
2.7e-05,2.30991,2.30403,2.30697
2.7010000000000004e-05,2.3051,2.30452,2.30481
2.702e-05,2.30601,2.30037,2.30319
2.703e-05,2.3103,2.30025,2.305275
2.704e-05,2.31561,2.30207,2.30884
2.705e-05,2.30476,2.29539,2.300075
2.706e-05,2.30651,2.31365,2.31008
2.707e-05,2.31339,2.30034,2.306865
2.7079999999999998e-05,2.30998,2.31171,2.310845
2.709e-05,2.30626,2.3113,2.30878
2.71e-05,2.30757,2.30427,2.30592
2.711e-05,2.3122,2.30727,2.309735
2.712e-05,2.31597,2.29966,2.307815
2.713e-05,2.3169,2.30521,2.311055
2.714e-05,2.31195,2.31081,2.31138
2.7149999999999996e-05,2.31371,2.3021,2.307905
2.716e-05,2.30385,2.30925,2.30655
2.7170000000000002e-05,2.30264,2.30642,2.30453
2.718e-05,2.30278,2.30161,2.302195
2.7190000000000002e-05,2.30409,2.30424,2.304165
2.7199999999999997e-05,2.3047,2.30667,2.305685
2.7210000000000002e-05,2.29844,2.30342,2.30093
2.7219999999999997e-05,2.30225,2.3032,2.302725
2.7230000000000002e-05,2.30448,2.30114,2.30281
2.7239999999999997e-05,2.29926,2.31081,2.305035
2.7249999999999998e-05,2.31491,2.30601,2.31046
2.7260000000000003e-05,2.3106,2.308,2.3093
2.7269999999999998e-05,2.30236,2.30413,2.303245
2.7280000000000003e-05,2.30848,2.31021,2.309345
2.7289999999999998e-05,2.30731,2.2987,2.303005
2.7300000000000003e-05,2.32446,2.30415,2.314305
2.7309999999999998e-05,2.31094,2.30199,2.306465
2.732e-05,2.31596,2.30165,2.308805
2.7329999999999998e-05,2.31522,2.2989,2.30706
2.734e-05,2.31419,2.30376,2.308975
2.7350000000000004e-05,2.31177,2.29556,2.303665
2.736e-05,2.30708,2.30324,2.30516
2.737e-05,2.30908,2.30005,2.304565
2.738e-05,2.30812,2.30203,2.305075
2.739e-05,2.30078,2.29482,2.2978
2.74e-05,2.30902,2.3003,2.30466
2.741e-05,2.30498,2.30277,2.303875
2.7420000000000002e-05,2.30656,2.29097,2.298765
2.743e-05,2.3057,2.3007,2.3032
2.744e-05,2.30793,2.29897,2.30345
2.745e-05,2.30813,2.30097,2.30455
2.746e-05,2.30036,2.30587,2.303115
2.747e-05,2.3089,2.30269,2.305795
2.748e-05,2.31723,2.29397,2.3056
2.7489999999999996e-05,2.3141,2.30176,2.30793
2.75e-05,2.30919,2.29711,2.30315
2.7510000000000003e-05,2.30213,2.30882,2.305475
2.752e-05,2.30571,2.30181,2.30376
2.7530000000000002e-05,2.30511,2.31289,2.309
2.7539999999999997e-05,2.30466,2.30847,2.306565
2.7550000000000002e-05,2.30856,2.31269,2.310625
2.7559999999999997e-05,2.30933,2.30989,2.30961
2.7570000000000002e-05,2.30532,2.30175,2.303535
2.7579999999999997e-05,2.30656,2.30101,2.303785
2.759e-05,2.30359,2.31225,2.30792
2.7600000000000003e-05,2.30613,2.30807,2.3071
2.7609999999999998e-05,2.30949,2.30072,2.305105
2.7620000000000003e-05,2.31405,2.30982,2.311935
2.7629999999999998e-05,2.30769,2.30125,2.30447
2.7640000000000003e-05,2.30548,2.29969,2.302585
2.7649999999999998e-05,2.30316,2.30051,2.301835
2.766e-05,2.30491,2.29937,2.30214
2.767e-05,2.30625,2.28718,2.296715
2.768e-05,2.3041,2.29017,2.297135
2.7690000000000004e-05,2.30357,2.2931,2.298335
2.77e-05,2.30689,2.29898,2.302935
2.771e-05,2.30738,2.30239,2.304885
2.772e-05,2.30744,2.29277,2.300105
2.773e-05,2.30873,2.29823,2.30348
2.774e-05,2.3095,2.2968,2.30315
2.775e-05,2.31093,2.29923,2.30508
2.776e-05,2.30565,2.29179,2.29872
2.777e-05,2.30141,2.29907,2.30024
2.778e-05,2.29921,2.30015,2.29968
2.779e-05,2.30326,2.30038,2.30182
2.78e-05,2.31537,2.28835,2.30186
2.7809999999999996e-05,2.31245,2.29905,2.30575
2.782e-05,2.31226,2.30564,2.30895
2.7829999999999996e-05,2.31757,2.29219,2.30488
2.784e-05,2.31206,2.29342,2.30274
2.785e-05,2.30639,2.3003,2.303345
2.786e-05,2.30882,2.2919,2.30036
2.7870000000000003e-05,2.31126,2.29895,2.305105
2.7879999999999997e-05,2.30969,2.3012,2.305445
2.7890000000000002e-05,2.30512,2.29951,2.302315
2.7899999999999997e-05,2.30769,2.29656,2.302125
2.7910000000000002e-05,2.31029,2.30262,2.306455
2.792e-05,2.30689,2.29809,2.30249
2.793e-05,2.306,2.30305,2.304525
2.794e-05,2.30614,2.30656,2.30635
2.795e-05,2.30833,2.30394,2.306135
2.7960000000000003e-05,2.30974,2.30464,2.30719
2.7969999999999998e-05,2.30401,2.30498,2.304495
2.798e-05,2.29748,2.30318,2.30033
2.7989999999999998e-05,2.2995,2.29927,2.299385
2.8e-05,2.30775,2.30011,2.30393
2.801e-05,2.301,2.28793,2.294465
2.802e-05,2.30292,2.30179,2.302355
2.8030000000000004e-05,2.30107,2.29263,2.29685
2.804e-05,2.30888,2.29671,2.302795
2.805e-05,2.30006,2.29844,2.29925
2.806e-05,2.29728,2.2982,2.29774
2.807e-05,2.29881,2.2959,2.297355
2.808e-05,2.30477,2.29755,2.30116
2.809e-05,2.29913,2.30295,2.30104
2.81e-05,2.3083,2.30759,2.307945
2.811e-05,2.30926,2.30883,2.309045
2.8120000000000002e-05,2.31429,2.30244,2.308365
2.813e-05,2.31433,2.30226,2.308295
2.814e-05,2.3093,2.31062,2.30996
2.8149999999999996e-05,2.30764,2.3028,2.30522
2.816e-05,2.31081,2.29683,2.30382
2.817e-05,2.31493,2.30264,2.308785
2.818e-05,2.3053,2.2963,2.3008
2.819e-05,2.30843,2.3053,2.306865
2.82e-05,2.3133,2.29569,2.304495
2.8210000000000003e-05,2.3202,2.30149,2.310845
2.8219999999999997e-05,2.30446,2.30644,2.30545
2.8230000000000002e-05,2.3065,2.29372,2.30011
2.8239999999999997e-05,2.30908,2.30058,2.30483
2.8250000000000002e-05,2.30109,2.29218,2.296635
2.826e-05,2.30128,2.29801,2.299645
2.827e-05,2.30902,2.29153,2.300275
2.828e-05,2.2995,2.29964,2.29957
2.829e-05,2.29858,2.30039,2.299485
2.8300000000000003e-05,2.2955,2.29624,2.29587
2.831e-05,2.29611,2.30283,2.29947
2.832e-05,2.29511,2.29643,2.29577
2.8329999999999998e-05,2.30009,2.29059,2.29534
2.834e-05,2.30389,2.30665,2.30527
2.835e-05,2.30336,2.29612,2.29974
2.836e-05,2.30007,2.29192,2.295995
2.8369999999999998e-05,2.28773,2.29288,2.290305
2.838e-05,2.29661,2.29119,2.2939
2.839e-05,2.2964,2.30336,2.29988
2.84e-05,2.2987,2.30256,2.30063
2.841e-05,2.30457,2.29277,2.29867
2.8420000000000002e-05,2.30348,2.30579,2.304635
2.843e-05,2.29936,2.30118,2.30027
2.844e-05,2.29884,2.30793,2.303385
2.845e-05,2.30476,2.30574,2.30525
2.846e-05,2.30646,2.29591,2.301185
2.847e-05,2.30808,2.29201,2.300045
2.8480000000000002e-05,2.30149,2.2991,2.300295
2.8489999999999997e-05,2.30168,2.29982,2.30075
2.85e-05,2.30648,2.30327,2.304875
2.851e-05,2.29879,2.30669,2.30274
2.852e-05,2.28759,2.30218,2.294885
2.853e-05,2.29574,2.30316,2.29945
2.8539999999999998e-05,2.2984,2.30946,2.30393
2.855e-05,2.30121,2.32416,2.312685
2.8559999999999998e-05,2.30317,2.3203,2.311735
2.8570000000000003e-05,2.30055,2.30312,2.301835
2.8579999999999997e-05,2.30213,2.31085,2.30649
2.8590000000000002e-05,2.29978,2.29916,2.29947
2.86e-05,2.30136,2.30685,2.304105
2.861e-05,2.28974,2.30554,2.29764
2.862e-05,2.29073,2.30144,2.296085
2.863e-05,2.29646,2.30482,2.30064
2.8640000000000004e-05,2.30008,2.30182,2.30095
2.865e-05,2.30025,2.3039,2.302075
2.866e-05,2.29911,2.30374,2.301425
2.867e-05,2.29427,2.30397,2.29912
2.868e-05,2.29311,2.30976,2.301435
2.869e-05,2.29346,2.31817,2.305815
2.87e-05,2.28476,2.30077,2.292765
2.8709999999999998e-05,2.29455,2.30269,2.29862
2.872e-05,2.29587,2.29829,2.29708
2.873e-05,2.29171,2.30003,2.29587
2.874e-05,2.30038,2.30983,2.305105
2.875e-05,2.2995,2.29384,2.29667
2.8760000000000002e-05,2.29331,2.29703,2.29517
2.877e-05,2.29257,2.30748,2.300025
2.878e-05,2.29803,2.30662,2.302325
2.879e-05,2.28942,2.30833,2.298875
2.88e-05,2.2947,2.31457,2.304635
2.881e-05,2.29899,2.30254,2.300765
2.8820000000000002e-05,2.29647,2.29814,2.297305
2.8829999999999997e-05,2.30476,2.30706,2.30591
2.8840000000000002e-05,2.29812,2.30536,2.30174
2.885e-05,2.28937,2.30291,2.29614
2.886e-05,2.3043,2.30286,2.30358
2.887e-05,2.30079,2.30183,2.30131
2.8879999999999998e-05,2.30248,2.31028,2.30638
2.889e-05,2.30446,2.30829,2.306375
2.8899999999999998e-05,2.30386,2.31194,2.3079
2.8910000000000003e-05,2.29726,2.30386,2.30056
2.892e-05,2.30161,2.30865,2.30513
2.8930000000000003e-05,2.29737,2.31702,2.307195
2.894e-05,2.30944,2.31,2.30972
2.895e-05,2.29895,2.30438,2.301665
2.896e-05,2.29853,2.30742,2.302975
2.897e-05,2.29748,2.30314,2.30031
2.898e-05,2.30078,2.29929,2.300035
2.899e-05,2.29726,2.30173,2.299495
2.9e-05,2.3008,2.30562,2.30321
2.9010000000000002e-05,2.30315,2.30837,2.30576
2.902e-05,2.29487,2.30194,2.298405
2.903e-05,2.29998,2.30921,2.304595
2.904e-05,2.29539,2.30986,2.302625
2.9049999999999998e-05,2.29459,2.30295,2.29877
2.906e-05,2.29822,2.30507,2.301645
2.9069999999999998e-05,2.29034,2.29798,2.29416
2.908e-05,2.29853,2.2959,2.297215
2.909e-05,2.29362,2.29631,2.294965
2.91e-05,2.29342,2.30436,2.29889
2.911e-05,2.29564,2.3011,2.29837
2.912e-05,2.30059,2.30187,2.30123
2.913e-05,2.29148,2.29307,2.292275
2.914e-05,2.29376,2.29804,2.2959
2.915e-05,2.29247,2.30041,2.29644
2.916e-05,2.29915,2.30111,2.30013
2.917e-05,2.29275,2.30736,2.300055
2.9180000000000002e-05,2.29368,2.30813,2.300905
2.919e-05,2.30089,2.30618,2.303535
2.92e-05,2.29811,2.30541,2.30176
2.921e-05,2.29516,2.30801,2.301585
2.9219999999999998e-05,2.29161,2.30332,2.297465
2.923e-05,2.28624,2.29975,2.292995
2.9239999999999998e-05,2.29384,2.29848,2.29616
2.9250000000000003e-05,2.30004,2.3031,2.30157
2.926e-05,2.30222,2.31,2.30611
2.927e-05,2.29638,2.29429,2.295335
2.928e-05,2.29474,2.29637,2.295555
2.929e-05,2.29862,2.29844,2.29853
2.93e-05,2.29318,2.30008,2.29663
2.931e-05,2.2929,2.29957,2.296235
2.932e-05,2.2971,2.2947,2.2959
2.933e-05,2.28513,2.29171,2.28842
2.934e-05,2.29202,2.30252,2.29727
2.9350000000000002e-05,2.29121,2.29347,2.29234
2.936e-05,2.29122,2.30023,2.295725
2.9370000000000002e-05,2.30108,2.29504,2.29806
2.938e-05,2.30332,2.2957,2.29951
2.9389999999999998e-05,2.2919,2.29915,2.295525
2.94e-05,2.29446,2.30003,2.297245
2.9409999999999998e-05,2.28636,2.29873,2.292545
2.9420000000000003e-05,2.2992,2.29428,2.29674
2.943e-05,2.29932,2.29913,2.299225
2.944e-05,2.29545,2.30923,2.30234
2.945e-05,2.297,2.2975,2.29725
2.946e-05,2.28871,2.30028,2.294495
2.947e-05,2.28857,2.29723,2.2929
2.948e-05,2.29517,2.29554,2.295355
2.9489999999999997e-05,2.29529,2.2932,2.294245
2.95e-05,2.29711,2.30108,2.299095
2.951e-05,2.29464,2.3041,2.29937
2.9520000000000002e-05,2.29946,2.30643,2.302945
2.953e-05,2.29562,2.3078,2.30171
2.9540000000000002e-05,2.29669,2.30278,2.299735
2.955e-05,2.29825,2.29876,2.298505
2.9559999999999998e-05,2.30294,2.29427,2.298605
2.957e-05,2.29871,2.29954,2.299125
2.9579999999999998e-05,2.29403,2.30569,2.29986
2.959e-05,2.29959,2.30594,2.302765
2.96e-05,2.29619,2.30308,2.299635
2.961e-05,2.30031,2.29703,2.29867
2.962e-05,2.29972,2.30357,2.301645
2.963e-05,2.29309,2.30128,2.297185
2.964e-05,2.29201,2.29579,2.2939
2.965e-05,2.29515,2.30576,2.300455
2.9659999999999997e-05,2.29615,2.30455,2.30035
2.9670000000000002e-05,2.29444,2.29766,2.29605
2.9679999999999997e-05,2.29409,2.31062,2.302355
2.9690000000000002e-05,2.29549,2.30345,2.29947
2.97e-05,2.29333,2.30318,2.298255
2.9710000000000002e-05,2.29053,2.29825,2.29439
2.972e-05,2.28186,2.29986,2.29086
2.9729999999999998e-05,2.28757,2.30265,2.29511
2.974e-05,2.29605,2.31355,2.3048
2.9749999999999998e-05,2.29843,2.30353,2.30098
2.9760000000000003e-05,2.28183,2.30249,2.29216
2.9769999999999998e-05,2.28797,2.30182,2.294895
2.978e-05,2.29551,2.29681,2.29616
2.979e-05,2.29638,2.29423,2.295305
2.98e-05,2.30432,2.29559,2.299955
2.981e-05,2.29421,2.29256,2.293385
2.982e-05,2.29905,2.29478,2.296915
2.9829999999999997e-05,2.28977,2.30672,2.298245
2.984e-05,2.29549,2.29939,2.29744
2.985e-05,2.29254,2.30751,2.300025
2.9860000000000002e-05,2.28946,2.3004,2.29493
2.987e-05,2.28966,2.29695,2.293305
2.9880000000000002e-05,2.29013,2.30194,2.296035
2.989e-05,2.29273,2.29866,2.295695
2.99e-05,2.28734,2.30275,2.295045
2.991e-05,2.29433,2.29199,2.29316
2.992e-05,2.29554,2.29358,2.29456
2.993e-05,2.29721,2.29203,2.29462
2.994e-05,2.28855,2.29941,2.29398
2.995e-05,2.29306,2.30048,2.29677
2.996e-05,2.29006,2.2962,2.29313
2.997e-05,2.29239,2.29743,2.29491
2.998e-05,2.29185,2.29742,2.294635
2.999e-05,2.29194,2.29382,2.29288
2.9999999999999997e-05,2.29224,2.29083,2.291535
3.0010000000000002e-05,2.28088,2.29412,2.2875
3.0019999999999997e-05,2.28825,2.29155,2.2899
3.0030000000000002e-05,2.27765,2.28578,2.281715
3.004e-05,2.2874,2.28952,2.28846
3.0050000000000002e-05,2.27866,2.30111,2.289885
3.006e-05,2.29111,2.29805,2.29458
3.007e-05,2.28158,2.29431,2.287945
3.008e-05,2.29022,2.28399,2.287105
3.0089999999999998e-05,2.28843,2.30099,2.29471
3.0100000000000003e-05,2.28712,2.29473,2.290925
3.0109999999999998e-05,2.29149,2.29556,2.293525
3.012e-05,2.28536,2.29183,2.288595
3.013e-05,2.2899,2.29934,2.29462
3.014e-05,2.28862,2.29678,2.2927
3.015e-05,2.28765,2.2925,2.290075
3.016e-05,2.28811,2.29706,2.292585
3.017e-05,2.29084,2.29868,2.29476
3.018e-05,2.28719,2.28898,2.288085
3.019e-05,2.28416,2.29656,2.29036
3.02e-05,2.28237,2.31055,2.29646
3.021e-05,2.28474,2.31261,2.298675
3.022e-05,2.28656,2.30399,2.295275
3.023e-05,2.28405,2.29259,2.28832
3.024e-05,2.27897,2.29525,2.28711
3.025e-05,2.28552,2.29932,2.29242
3.026e-05,2.29844,2.29296,2.2957
3.027e-05,2.29546,2.2951,2.29528
3.028e-05,2.28479,2.30081,2.2928
3.0289999999999996e-05,2.29563,2.29259,2.29411
3.03e-05,2.29321,2.30932,2.301265
3.031e-05,2.29095,2.29805,2.2945
3.032e-05,2.29188,2.29485,2.293365
3.033e-05,2.28754,2.30097,2.294255
3.0339999999999998e-05,2.29323,2.29783,2.29553
3.0350000000000002e-05,2.28559,2.28856,2.287075
3.0359999999999997e-05,2.29212,2.29597,2.294045
3.0370000000000002e-05,2.28875,2.29071,2.28973
3.0379999999999997e-05,2.29094,2.29767,2.294305
3.039e-05,2.28779,2.29509,2.29144
3.04e-05,2.29042,2.29497,2.292695
3.041e-05,2.29512,2.29658,2.29585
3.0420000000000004e-05,2.29963,2.29652,2.298075
3.043e-05,2.29563,2.29773,2.29668
3.0440000000000003e-05,2.29128,2.29853,2.294905
3.0449999999999998e-05,2.29459,2.29441,2.2945
3.046e-05,2.29339,2.29444,2.293915
3.047e-05,2.29189,2.28924,2.290565
3.048e-05,2.29273,2.29515,2.29394
3.049e-05,2.2955,2.2952,2.29535
3.05e-05,2.296,2.29812,2.29706
3.051e-05,2.29052,2.30208,2.2963
3.052e-05,2.28939,2.29776,2.293575
3.053e-05,2.28887,2.29735,2.29311
3.0539999999999996e-05,2.29713,2.29832,2.297725
3.0550000000000004e-05,2.2934,2.29575,2.294575
3.056e-05,2.29136,2.29581,2.293585
3.057e-05,2.28918,2.29479,2.291985
3.058e-05,2.2965,2.29135,2.293925
3.059e-05,2.29375,2.29889,2.29632
3.0600000000000005e-05,2.29346,2.30251,2.297985
3.061e-05,2.28836,2.30052,2.29444
3.062e-05,2.29011,2.29645,2.29328
3.0629999999999996e-05,2.29711,2.2793,2.288205
3.064e-05,2.28665,2.28999,2.28832
3.065e-05,2.2866,2.29288,2.28974
3.066e-05,2.28761,2.29218,2.289895
3.067e-05,2.29166,2.29149,2.291575
3.068e-05,2.29534,2.29389,2.294615
3.069e-05,2.29041,2.29058,2.290495
3.07e-05,2.29483,2.30375,2.29929
3.071e-05,2.30002,2.29781,2.298915
3.072e-05,2.29278,2.30122,2.297
3.073e-05,2.29646,2.29824,2.29735
3.074e-05,2.29588,2.30105,2.298465
3.075e-05,2.29593,2.29764,2.296785
3.0760000000000004e-05,2.29791,2.29922,2.298565
3.077e-05,2.30012,2.29919,2.299655
3.078e-05,2.29041,2.29633,2.29337
3.0789999999999995e-05,2.29132,2.29412,2.29272
3.08e-05,2.29152,2.3031,2.29731
3.081e-05,2.29482,2.2907,2.29276
3.082e-05,2.30099,2.29677,2.29888
3.083e-05,2.29856,2.29575,2.297155
3.0839999999999996e-05,2.29816,2.29,2.29408
3.0850000000000004e-05,2.29197,2.28852,2.290245
3.086e-05,2.29719,2.28602,2.291605
3.087e-05,2.29711,2.28782,2.292465
3.0879999999999996e-05,2.29639,2.29621,2.2963
3.0890000000000004e-05,2.29417,2.29477,2.29447
3.09e-05,2.29888,2.29577,2.297325
3.091e-05,2.29913,2.28963,2.29438
3.092e-05,2.29351,2.29862,2.296065
3.093e-05,2.28833,2.30602,2.297175
3.0940000000000005e-05,2.28914,2.29175,2.290445
3.095e-05,2.29529,2.29696,2.296125
3.096e-05,2.29679,2.29294,2.294865
3.0969999999999997e-05,2.29114,2.29444,2.29279
3.098e-05,2.29632,2.28242,2.28937
3.099e-05,2.2979,2.29216,2.29503
3.1e-05,2.29537,2.28799,2.29168
3.101e-05,2.29339,2.27868,2.286035
3.102e-05,2.29811,2.28701,2.29256
3.103e-05,2.30048,2.29297,2.296725
3.104e-05,2.30015,2.28885,2.2945
3.105e-05,2.29682,2.28629,2.291555
3.106e-05,2.29246,2.28803,2.290245
3.107e-05,2.29108,2.28541,2.288245
3.108e-05,2.2805,2.27407,2.277285
3.109e-05,2.2913,2.28062,2.28596
3.1100000000000004e-05,2.29279,2.28165,2.28722
3.111e-05,2.29506,2.28817,2.291615
3.112e-05,2.29534,2.28937,2.292355
3.1129999999999995e-05,2.2943,2.28547,2.289885
3.1140000000000003e-05,2.28813,2.28171,2.28492
3.115e-05,2.28907,2.2853,2.287185
3.116e-05,2.28445,2.28455,2.2845
3.117e-05,2.28986,2.30484,2.29735
3.1179999999999996e-05,2.29798,2.29164,2.29481
3.1190000000000005e-05,2.29309,2.30007,2.29658
3.12e-05,2.29597,2.29362,2.294795
3.121e-05,2.29503,2.30092,2.297975
3.1219999999999996e-05,2.29134,2.29298,2.29216
3.123e-05,2.28607,2.29651,2.29129
3.124e-05,2.28923,2.28854,2.288885
3.125e-05,2.28436,2.29873,2.291545
3.126e-05,2.29018,2.29066,2.29042
3.127e-05,2.29241,2.28735,2.28988
3.1280000000000005e-05,2.29102,2.28885,2.289935
3.129e-05,2.28601,2.29979,2.2929
3.13e-05,2.29276,2.28951,2.291135
3.131e-05,2.28954,2.29553,2.292535
3.132e-05,2.29193,2.28903,2.29048
3.133e-05,2.28868,2.28759,2.288135
3.134e-05,2.28632,2.29145,2.288885
3.135e-05,2.29696,2.29189,2.294425
3.136e-05,2.29307,2.29361,2.29334
3.137e-05,2.28938,2.29232,2.29085
3.138e-05,2.29295,2.29255,2.29275
3.139e-05,2.2866,2.29096,2.28878
3.14e-05,2.28803,2.2932,2.290615
3.141e-05,2.29212,2.28853,2.290325
3.142e-05,2.28903,2.29213,2.29058
3.143e-05,2.28936,2.28936,2.28936
3.1440000000000004e-05,2.28518,2.29707,2.291125
3.145e-05,2.29117,2.28614,2.288655
3.146e-05,2.2865,2.29635,2.291425
3.1469999999999995e-05,2.296,2.28998,2.29299
3.1480000000000004e-05,2.29843,2.29834,2.298385
3.149e-05,2.28501,2.28818,2.286595
3.15e-05,2.2828,2.29138,2.28709
3.151e-05,2.28404,2.29852,2.29128
3.1519999999999996e-05,2.28622,2.2956,2.29091
3.1530000000000005e-05,2.2939,2.28848,2.29119
3.154e-05,2.29426,2.28904,2.29165
3.155e-05,2.28792,2.2939,2.29091
3.1559999999999996e-05,2.29479,2.29713,2.29596
3.157e-05,2.28516,2.30549,2.295325
3.158e-05,2.29054,2.29982,2.29518
3.159e-05,2.29095,2.2963,2.293625
3.16e-05,2.29232,2.29924,2.29578
3.161e-05,2.29272,2.28578,2.28925
3.1620000000000006e-05,2.29736,2.29283,2.295095
3.163e-05,2.30114,2.2933,2.29722
3.164e-05,2.29534,2.29265,2.293995
3.165e-05,2.29685,2.30105,2.29895
3.166e-05,2.29508,2.29827,2.296675
3.167000000000001e-05,2.29482,2.29375,2.294285
3.168e-05,2.29171,2.29421,2.29296
3.169e-05,2.29811,2.29402,2.296065
3.17e-05,2.2997,2.28835,2.294025
3.171e-05,2.29565,2.29494,2.295295
3.172e-05,2.2929,2.29662,2.29476
3.173e-05,2.29065,2.29257,2.29161
3.174e-05,2.29527,2.29279,2.29403
3.175e-05,2.29227,2.28963,2.29095
3.176e-05,2.29136,2.29343,2.292395
3.177e-05,2.29615,2.29778,2.296965
3.1780000000000004e-05,2.29818,2.30416,2.30117
3.179e-05,2.2948,2.28381,2.289305
3.18e-05,2.28842,2.28653,2.287475
3.1809999999999995e-05,2.30098,2.29521,2.298095
3.1820000000000004e-05,2.28968,2.29012,2.2899
3.183e-05,2.29364,2.29064,2.29214
3.184e-05,2.2893,2.29565,2.292475
3.185e-05,2.28759,2.29434,2.290965
3.1859999999999997e-05,2.29266,2.29069,2.291675
3.1870000000000005e-05,2.29344,2.29863,2.296035
3.188e-05,2.29289,2.28797,2.29043
3.189e-05,2.29682,2.30317,2.299995
3.1899999999999996e-05,2.29788,2.30344,2.30066
3.191e-05,2.29171,2.29205,2.29188
3.1920000000000006e-05,2.29942,2.29848,2.29895
3.193e-05,2.30599,2.2992,2.302595
3.194e-05,2.30229,2.29174,2.297015
3.195e-05,2.3007,2.30005,2.300375
3.196e-05,2.30028,2.29963,2.299955
3.197e-05,2.30033,2.29934,2.299835
3.198e-05,2.30216,2.29153,2.296845
3.199e-05,2.3032,2.29816,2.30068
3.2e-05,2.29361,2.29325,2.29343
3.201e-05,2.29806,2.29527,2.296665
3.202e-05,2.30371,2.29792,2.300815
3.203e-05,2.29424,2.30205,2.298145
3.204e-05,2.30257,2.29878,2.300675
3.204999999999999e-05,2.29804,2.2921,2.29507
3.206000000000001e-05,2.29557,2.2983,2.296935
3.207e-05,2.30017,2.29369,2.29693
3.208e-05,2.29102,2.29796,2.29449
3.209e-05,2.29167,2.29067,2.29117
3.21e-05,2.28365,2.29381,2.28873
3.211e-05,2.28342,2.30514,2.29428
3.212e-05,2.28565,2.28418,2.284915
3.2130000000000006e-05,2.28362,2.29593,2.289775
3.214e-05,2.28697,2.2991,2.293035
3.2149999999999995e-05,2.29246,2.28781,2.290135
3.216e-05,2.29158,2.29453,2.293055
3.2170000000000005e-05,2.28766,2.29282,2.29024
3.218e-05,2.2902,2.29144,2.29082
3.2189999999999995e-05,2.29071,2.29275,2.29173
3.22e-05,2.29315,2.29127,2.29221
3.2210000000000005e-05,2.27888,2.28951,2.284195
3.222e-05,2.2886,2.28352,2.28606
3.2229999999999995e-05,2.28292,2.28124,2.28208
3.224e-05,2.28466,2.28723,2.285945
3.225e-05,2.29585,2.29373,2.29479
3.226e-05,2.29676,2.28902,2.29289
3.227e-05,2.29342,2.30099,2.297205
3.228e-05,2.29711,2.29432,2.295715
3.229e-05,2.2918,2.30109,2.296445
3.229999999999999e-05,2.29166,2.29838,2.29502
3.231000000000001e-05,2.28626,2.30155,2.293905
3.232e-05,2.28923,2.30147,2.29535
3.233e-05,2.28954,2.295,2.29227
3.234e-05,2.29089,2.28911,2.29
3.235000000000001e-05,2.2962,2.29198,2.29409
3.236e-05,2.29335,2.29143,2.29239
3.237e-05,2.30024,2.29049,2.295365
3.2380000000000005e-05,2.29942,2.29202,2.29572
3.239e-05,2.29863,2.28833,2.29348
3.24e-05,2.29053,2.28511,2.28782
3.2409999999999996e-05,2.29356,2.29521,2.294385
3.2420000000000005e-05,2.28813,2.29053,2.28933
3.243e-05,2.29693,2.28711,2.29202
3.2439999999999994e-05,2.29127,2.28635,2.28881
3.245e-05,2.2916,2.28814,2.28987
3.2460000000000004e-05,2.29648,2.29045,2.293465
3.247e-05,2.29445,2.28909,2.29177
3.2479999999999994e-05,2.30013,2.28136,2.290745
3.249e-05,2.30037,2.2956,2.297985
3.2500000000000004e-05,2.30073,2.29346,2.297095
3.251e-05,2.29994,2.29496,2.29745
3.252e-05,2.29605,2.30281,2.29943
3.253e-05,2.29212,2.29688,2.2945
3.254e-05,2.2947,2.29544,2.29507
3.255e-05,2.28561,2.28826,2.286935
3.256000000000001e-05,2.29311,2.29557,2.29434
3.257e-05,2.29062,2.29637,2.293495
3.2579999999999996e-05,2.28735,2.29366,2.290505
3.259e-05,2.28813,2.29455,2.29134
3.2600000000000006e-05,2.2884,2.28802,2.28821
3.261e-05,2.27858,2.28693,2.282755
3.2619999999999996e-05,2.28724,2.28837,2.287805
3.263e-05,2.28852,2.2934,2.29096
3.264e-05,2.28279,2.28774,2.285265
3.265e-05,2.29036,2.28856,2.28946
3.2659999999999996e-05,2.28302,2.29504,2.28903
3.2670000000000004e-05,2.29047,2.28681,2.28864
3.268e-05,2.29399,2.28855,2.29127
3.2689999999999994e-05,2.28908,2.2929,2.29099
3.27e-05,2.28891,2.29748,2.293195
3.2710000000000004e-05,2.28035,2.29989,2.29012
3.272e-05,2.278,2.31025,2.294125
3.272999999999999e-05,2.29246,2.29744,2.29495
3.274000000000001e-05,2.28918,2.29455,2.291865
3.275e-05,2.28954,2.30765,2.298595
3.276e-05,2.28717,2.29864,2.292905
3.277e-05,2.28629,2.29876,2.292525
3.278e-05,2.28612,2.29846,2.29229
3.279e-05,2.28846,2.29755,2.293005
3.28e-05,2.28897,2.29595,2.29246
3.281e-05,2.28927,2.29612,2.292695
3.282e-05,2.2884,2.29447,2.291435
3.2829999999999996e-05,2.29119,2.29971,2.29545
3.2840000000000004e-05,2.29,2.27794,2.28397
3.2850000000000006e-05,2.28881,2.29768,2.293245
3.286e-05,2.29157,2.28748,2.289525
3.2869999999999995e-05,2.29364,2.29595,2.294795
3.288e-05,2.29605,2.28808,2.292065
3.2890000000000005e-05,2.28822,2.29333,2.290775
3.29e-05,2.29655,2.29447,2.29551
3.2909999999999995e-05,2.28756,2.29406,2.29081
3.292e-05,2.28773,2.2895,2.288615
3.293e-05,2.29429,2.28587,2.29008
3.294e-05,2.29577,2.29136,2.293565
3.295e-05,2.29526,2.28311,2.289185
3.296e-05,2.30046,2.28782,2.29414
3.297e-05,2.28875,2.2922,2.290475
3.297999999999999e-05,2.29022,2.29083,2.290525
3.299000000000001e-05,2.28803,2.28789,2.28796
3.3e-05,2.28408,2.28493,2.284505
3.301e-05,2.27786,2.28386,2.28086
3.302e-05,2.28989,2.2814,2.285645
3.303e-05,2.28059,2.29525,2.28792
3.304e-05,2.2889,2.29367,2.291285
3.305e-05,2.28978,2.29317,2.291475
3.306e-05,2.30023,2.29728,2.298755
3.307e-05,2.28766,2.28921,2.288435
3.3079999999999995e-05,2.289,2.29373,2.291365
3.309e-05,2.28362,2.28969,2.286655
3.3100000000000005e-05,2.28329,2.28987,2.28658
3.311e-05,2.29198,2.28974,2.29086
3.3119999999999995e-05,2.29416,2.28984,2.292
3.313e-05,2.29626,2.29376,2.29501
3.3140000000000005e-05,2.28901,2.29487,2.29194
3.315e-05,2.28673,2.29516,2.290945
3.3159999999999994e-05,2.2868,2.29362,2.29021
3.317e-05,2.27976,2.29532,2.28754
3.3180000000000004e-05,2.28729,2.29219,2.28974
3.319e-05,2.28786,2.28802,2.28794
3.32e-05,2.29382,2.28983,2.291825
3.321e-05,2.29379,2.28889,2.29134
3.322e-05,2.29438,2.29145,2.292915
3.323e-05,2.28723,2.29085,2.28904
3.324e-05,2.28635,2.28989,2.28812
3.325e-05,2.29253,2.296,2.294265
3.326e-05,2.28772,2.2923,2.29001
3.327e-05,2.28326,2.2906,2.28693
3.328000000000001e-05,2.28526,2.29436,2.28981
3.329e-05,2.28418,2.28884,2.28651
3.3299999999999996e-05,2.29222,2.29379,2.293005
3.331e-05,2.28964,2.29311,2.291375
3.332e-05,2.28977,2.29032,2.290045
3.333e-05,2.29881,2.29053,2.29467
3.334e-05,2.28681,2.29184,2.289325
3.3350000000000004e-05,2.28584,2.2942,2.29002
3.336e-05,2.2848,2.29474,2.28977
3.3369999999999994e-05,2.28696,2.29317,2.290065
3.338e-05,2.28899,2.2939,2.291445
3.3390000000000004e-05,2.28374,2.29299,2.288365
3.34e-05,2.28664,2.28936,2.288
3.3409999999999994e-05,2.28323,2.29014,2.286685
3.3419999999999995e-05,2.28055,2.28734,2.283945
3.3430000000000003e-05,2.28186,2.29308,2.28747
3.344e-05,2.27929,2.2939,2.286595
3.345e-05,2.28127,2.28955,2.28541
3.346e-05,2.28219,2.28456,2.283375
3.347e-05,2.28723,2.28247,2.28485
3.348e-05,2.28237,2.29315,2.28776
3.349e-05,2.29321,2.29055,2.29188
3.35e-05,2.29269,2.29253,2.29261
3.3509999999999996e-05,2.29224,2.28563,2.288935
3.3520000000000004e-05,2.29054,2.28746,2.289
3.3530000000000006e-05,2.29326,2.28776,2.29051
3.354e-05,2.28785,2.29623,2.29204
3.3549999999999996e-05,2.28726,2.29755,2.292405
3.356e-05,2.28346,2.29513,2.289295
3.3570000000000006e-05,2.2834,2.29276,2.28808
3.358e-05,2.27624,2.29902,2.28763
3.359e-05,2.28568,2.28776,2.28672
3.3600000000000004e-05,2.28151,2.29428,2.287895
3.361e-05,2.29052,2.28407,2.287295
3.362e-05,2.28158,2.29476,2.28817
3.363e-05,2.29452,2.28373,2.289125
3.364e-05,2.27821,2.29453,2.28637
3.365e-05,2.27957,2.28709,2.28333
3.365999999999999e-05,2.28547,2.28615,2.28581
3.367e-05,2.29235,2.28815,2.29025
3.368e-05,2.28813,2.28959,2.28886
3.369e-05,2.28438,2.28897,2.286675
3.37e-05,2.28371,2.29259,2.28815
3.371e-05,2.29667,2.29192,2.294295
3.372e-05,2.29614,2.29023,2.293185
3.373e-05,2.29382,2.28719,2.290505
3.374e-05,2.28822,2.29043,2.289325
3.375e-05,2.29166,2.29021,2.290935
3.3759999999999995e-05,2.28582,2.29622,2.29102
3.3770000000000004e-05,2.28899,2.28696,2.287975
3.3780000000000005e-05,2.28484,2.28848,2.28666
3.379e-05,2.2789,2.28018,2.27954
3.3799999999999995e-05,2.28458,2.28996,2.28727
3.3809999999999996e-05,2.2878,2.29403,2.290915
3.3820000000000005e-05,2.28791,2.29007,2.28899
3.383e-05,2.28797,2.29243,2.2902
3.384e-05,2.28714,2.29534,2.29124
3.3849999999999996e-05,2.29053,2.29594,2.293235
3.3860000000000004e-05,2.29362,2.29066,2.29214
3.387e-05,2.29129,2.30377,2.29753
3.388e-05,2.28433,2.29385,2.28909
3.389e-05,2.28552,2.29211,2.288815
3.39e-05,2.28479,2.28517,2.28498
3.391e-05,2.29213,2.28724,2.289685
3.392e-05,2.29117,2.29005,2.29061
3.393e-05,2.28848,2.28803,2.288255
3.394e-05,2.29481,2.30015,2.29748
3.395e-05,2.28864,2.29785,2.293245
3.396000000000001e-05,2.29565,2.29948,2.297565
3.397e-05,2.28768,2.29295,2.290315
3.3979999999999997e-05,2.29288,2.29486,2.29387
3.399e-05,2.28772,2.29184,2.28978
3.4e-05,2.28736,2.28697,2.287165
3.401e-05,2.28478,2.29942,2.2921
3.402e-05,2.29363,2.29164,2.292635
3.403e-05,2.29004,2.29007,2.290055
3.404e-05,2.2994,2.2917,2.29555
3.4049999999999994e-05,2.29385,2.29874,2.296295
3.406e-05,2.29164,2.29772,2.29468
3.4070000000000004e-05,2.29481,2.29631,2.29556
3.408e-05,2.29384,2.29395,2.293895
3.409e-05,2.28974,2.29043,2.290085
3.4099999999999995e-05,2.28826,2.29042,2.28934
3.4110000000000004e-05,2.29358,2.28584,2.28971
3.412e-05,2.293,2.28779,2.290395
3.413e-05,2.29229,2.29133,2.29181
3.414e-05,2.29756,2.29081,2.294185
3.4149999999999997e-05,2.28659,2.29394,2.290265
3.416e-05,2.29617,2.29558,2.295875
3.417e-05,2.28848,2.29187,2.290175
3.418e-05,2.28824,2.29111,2.289675
3.4189999999999996e-05,2.29458,2.28801,2.291295
3.4200000000000005e-05,2.30066,2.28774,2.2942
3.4210000000000006e-05,2.30126,2.28996,2.29561
3.422e-05,2.29085,2.28298,2.286915
3.4229999999999996e-05,2.28847,2.29363,2.29105
3.424e-05,2.29677,2.29146,2.294115
3.4250000000000006e-05,2.29851,2.29152,2.295015
3.426e-05,2.29618,2.28624,2.29121
3.427e-05,2.29552,2.28852,2.29202
3.428e-05,2.29144,2.2943,2.29287
3.429e-05,2.29197,2.29145,2.29171
3.43e-05,2.30702,2.29012,2.29857
3.431e-05,2.29459,2.29714,2.295865
3.4320000000000003e-05,2.29685,2.2883,2.292575
3.433e-05,2.29313,2.2817,2.287415
3.434e-05,2.28934,2.28479,2.287065
3.435e-05,2.29225,2.28614,2.289195
3.436e-05,2.29566,2.29184,2.29375
3.437e-05,2.2905,2.2979,2.2942
3.438e-05,2.28707,2.30464,2.295855
3.439e-05,2.28771,2.29453,2.29112
3.44e-05,2.29852,2.29304,2.29578
3.441e-05,2.29731,2.28733,2.29232
3.442e-05,2.29449,2.29149,2.29299
3.443e-05,2.29261,2.29509,2.29385
3.4439999999999996e-05,2.2869,2.29339,2.290145
3.4450000000000004e-05,2.29004,2.30442,2.29723
3.446e-05,2.2866,2.29038,2.28849
3.447e-05,2.28504,2.29169,2.288365
3.4479999999999995e-05,2.29567,2.29272,2.294195
3.449e-05,2.29362,2.29527,2.294445
3.4500000000000005e-05,2.29224,2.29644,2.29434
3.451e-05,2.2927,2.2932,2.29295
3.452e-05,2.29281,2.294,2.293405
3.4529999999999996e-05,2.29918,2.29582,2.2975
3.454e-05,2.29548,2.29731,2.296395
3.455e-05,2.29886,2.29751,2.298185
3.456e-05,2.29093,2.2967,2.293815
3.457e-05,2.29767,2.29137,2.29452
3.458e-05,2.29392,2.30088,2.2974
3.4590000000000006e-05,2.29298,2.3021,2.29754
3.46e-05,2.28706,2.30174,2.2944
3.461e-05,2.29018,2.30013,2.295155
3.462e-05,2.29639,2.30378,2.300085
3.463e-05,2.29576,2.30072,2.29824
3.464e-05,2.29383,2.30642,2.300125
3.465e-05,2.29025,2.31148,2.300865
3.466e-05,2.28308,2.2982,2.29064
3.467e-05,2.28345,2.31054,2.296995
3.468e-05,2.28809,2.30753,2.29781
3.469e-05,2.28722,2.2972,2.29221
3.47e-05,2.28563,2.3023,2.293965
3.471e-05,2.28965,2.30358,2.296615
3.472e-05,2.28575,2.29781,2.29178
3.4729999999999994e-05,2.28153,2.30654,2.294035
3.474e-05,2.28381,2.29711,2.29046
3.4750000000000004e-05,2.28727,2.3007,2.293985
3.476e-05,2.29635,2.30662,2.301485
3.477e-05,2.29987,2.30508,2.302475
3.4779999999999996e-05,2.292,2.29814,2.29507
3.4790000000000004e-05,2.28885,2.29544,2.292145
3.48e-05,2.29177,2.29836,2.295065
3.481e-05,2.29595,2.28805,2.292
3.482e-05,2.28284,2.29039,2.286615
3.483e-05,2.29639,2.29266,2.294525
3.4840000000000005e-05,2.28911,2.29814,2.293625
3.485e-05,2.28947,2.2893,2.289385
3.486e-05,2.29075,2.29126,2.291005
3.4869999999999996e-05,2.28713,2.2897,2.288415
3.488e-05,2.29132,2.28862,2.28997
3.489e-05,2.28624,2.29167,2.288955
3.49e-05,2.29293,2.28445,2.28869
3.4909999999999996e-05,2.29629,2.29602,2.296155
3.492e-05,2.29769,2.29442,2.296055
3.4930000000000006e-05,2.29272,2.29421,2.293465
3.494e-05,2.28618,2.3017,2.29394
3.495e-05,2.2904,2.30417,2.297285
3.496e-05,2.2921,2.30023,2.296165
3.497e-05,2.29793,2.29309,2.29551
3.498e-05,2.29418,2.30145,2.297815
3.499e-05,2.29336,2.29673,2.295045
3.5000000000000004e-05,2.29231,2.29197,2.29214
3.501e-05,2.29138,2.29284,2.29211
3.502e-05,2.29125,2.29465,2.29295
3.503e-05,2.29429,2.29641,2.29535
3.504e-05,2.29933,2.30162,2.300475
3.505e-05,2.28979,2.29939,2.29459
3.506e-05,2.29713,2.29033,2.29373
3.5069999999999995e-05,2.29671,2.28897,2.29284
3.508e-05,2.29299,2.30561,2.2993
3.5090000000000005e-05,2.29508,2.29443,2.294755
3.51e-05,2.29559,2.28967,2.29263
3.511e-05,2.29618,2.29145,2.293815
3.5119999999999996e-05,2.29306,2.296,2.29453
3.5130000000000004e-05,2.29164,2.29582,2.29373
3.514e-05,2.28907,2.2952,2.292135
3.515e-05,2.29673,2.29876,2.297745
3.5159999999999995e-05,2.29915,2.30131,2.30023
3.517e-05,2.29482,2.29976,2.29729
3.5180000000000005e-05,2.2944,2.30252,2.29846
3.519e-05,2.29429,2.29763,2.29596
3.52e-05,2.2923,2.29576,2.29403
3.521e-05,2.29295,2.2924,2.292675
3.522e-05,2.30174,2.29156,2.29665
3.523e-05,2.30134,2.29966,2.3005
3.524e-05,2.28918,2.29835,2.293765
3.5249999999999996e-05,2.2923,2.29255,2.292425
3.526e-05,2.28932,2.29549,2.292405
3.527e-05,2.29245,2.29239,2.29242
3.528e-05,2.28407,2.29452,2.289295
3.529e-05,2.28725,2.28609,2.28667
3.53e-05,2.29113,2.29034,2.290735
3.531e-05,2.29315,2.29711,2.29513
3.5319999999999994e-05,2.28891,2.28903,2.28897
3.533e-05,2.28514,2.29,2.28757
3.5340000000000004e-05,2.28273,2.28903,2.28588
3.535e-05,2.28537,2.30448,2.294925
3.536e-05,2.281,2.29595,2.288475
3.537e-05,2.2788,2.29668,2.28774
3.5380000000000003e-05,2.28505,2.29154,2.288295
3.539e-05,2.29061,2.29731,2.29396
3.54e-05,2.29407,2.28953,2.2918
3.5409999999999995e-05,2.28914,2.30051,2.294825
3.542e-05,2.28785,2.29537,2.29161
3.5430000000000005e-05,2.28893,2.29314,2.291035
3.544e-05,2.2885,2.28926,2.28888
3.545e-05,2.28886,2.28435,2.286605
3.5459999999999996e-05,2.28768,2.28567,2.286675
3.5470000000000004e-05,2.28469,2.29345,2.28907
3.548e-05,2.28101,2.29269,2.28685
3.549e-05,2.28152,2.29064,2.28608
3.5499999999999996e-05,2.28984,2.28136,2.2856
3.551e-05,2.28524,2.28431,2.284775
3.5520000000000006e-05,2.28042,2.2774,2.27891
3.553e-05,2.28895,2.28483,2.28689
3.554e-05,2.29116,2.27854,2.28485
3.555e-05,2.29514,2.27814,2.28664
3.556e-05,2.29218,2.2788,2.28549
3.557e-05,2.2877,2.28136,2.28453
3.558e-05,2.28744,2.27695,2.282195
3.559e-05,2.28719,2.28023,2.28371
3.56e-05,2.29818,2.28669,2.292435
3.561e-05,2.29249,2.28261,2.28755
3.562e-05,2.28701,2.28346,2.285235
3.563e-05,2.2917,2.28721,2.289455
3.564e-05,2.28643,2.28321,2.28482
3.565e-05,2.28383,2.27626,2.280045
3.5659999999999994e-05,2.28832,2.29202,2.29017
3.567e-05,2.28607,2.27962,2.282845
3.568e-05,2.28756,2.28045,2.284005
3.569e-05,2.28921,2.29692,2.293065
3.57e-05,2.2899,2.28868,2.28929
3.571e-05,2.28783,2.2847,2.286265
3.5720000000000004e-05,2.28689,2.2814,2.284145
3.573e-05,2.28215,2.29623,2.28919
3.574e-05,2.29728,2.28776,2.29252
3.5749999999999995e-05,2.2892,2.28639,2.287795
3.576e-05,2.29267,2.29093,2.2918
3.5770000000000005e-05,2.2907,2.29782,2.29426
3.578e-05,2.2935,2.28247,2.287985
3.579e-05,2.29248,2.28736,2.28992
3.5799999999999996e-05,2.29074,2.29558,2.29316
3.5810000000000004e-05,2.28113,2.29464,2.287885
3.582e-05,2.29492,2.28284,2.28888
3.583e-05,2.2922,2.28218,2.28719
3.584e-05,2.28943,2.28665,2.28804
3.585e-05,2.28519,2.28973,2.28746
3.586e-05,2.29418,2.28435,2.289265
3.587e-05,2.28751,2.2843,2.285905
3.588e-05,2.29077,2.29214,2.291455
3.589e-05,2.29281,2.28088,2.286845
3.59e-05,2.29044,2.28235,2.286395
3.591e-05,2.28707,2.28955,2.28831
3.592e-05,2.29479,2.28799,2.29139
3.5929999999999997e-05,2.2917,2.28754,2.28962
3.594e-05,2.29071,2.2867,2.288705
3.595e-05,2.2924,2.28138,2.28689
3.596e-05,2.2967,2.28636,2.29153
3.597e-05,2.28825,2.28277,2.28551
3.598e-05,2.29001,2.2939,2.291955
3.599e-05,2.28685,2.28998,2.288415
3.5999999999999994e-05,2.29774,2.28983,2.293785
3.601e-05,2.2888,2.29107,2.289935
3.6020000000000004e-05,2.28795,2.29796,2.292955
3.603e-05,2.29039,2.29212,2.291255
3.604e-05,2.2906,2.30243,2.296515
3.6049999999999995e-05,2.28953,2.29197,2.29075
3.6060000000000004e-05,2.28658,2.28916,2.28787
3.607e-05,2.28536,2.28384,2.2846
3.608e-05,2.29771,2.29921,2.29846
3.609e-05,2.29312,2.29441,2.293765
3.61e-05,2.29357,2.29049,2.29203
3.611e-05,2.29203,2.28807,2.29005
3.612e-05,2.2911,2.29043,2.290765
3.613e-05,2.28834,2.28679,2.287565
3.6139999999999996e-05,2.28527,2.28777,2.28652
3.6150000000000005e-05,2.28812,2.29147,2.289795
3.616e-05,2.28529,2.29256,2.288925
3.617e-05,2.28163,2.29124,2.286435
3.6179999999999996e-05,2.29177,2.28102,2.286395
3.619e-05,2.29493,2.29504,2.294985
3.6200000000000006e-05,2.28607,2.29026,2.288165
3.621e-05,2.29102,2.2969,2.29396
3.622e-05,2.29272,2.29478,2.29375
3.623e-05,2.28678,2.29345,2.290115
3.624e-05,2.28938,2.29032,2.28985
3.625e-05,2.28218,2.29731,2.289745
3.626e-05,2.28421,2.29072,2.287465
3.6270000000000003e-05,2.2829,2.29721,2.290055
3.628e-05,2.28435,2.30179,2.29307
3.628999999999999e-05,2.28165,2.31031,2.29598
3.63e-05,2.28285,2.30806,2.295455
3.631e-05,2.28442,2.29314,2.28878
3.632e-05,2.2819,2.29566,2.28878
3.633e-05,2.29031,2.30032,2.295315
3.634e-05,2.29158,2.28615,2.288865
3.635e-05,2.2864,2.28515,2.285775
3.636e-05,2.28696,2.28693,2.286945
3.637e-05,2.27985,2.29765,2.28875
3.638e-05,2.28193,2.30083,2.29138
3.6389999999999995e-05,2.29024,2.30102,2.29563
3.6400000000000004e-05,2.28611,2.30168,2.293895
3.641e-05,2.28219,2.29327,2.28773
3.642e-05,2.29108,2.29639,2.293735
3.6429999999999995e-05,2.2898,2.29974,2.29477
3.6440000000000003e-05,2.28761,2.29766,2.292635
3.6450000000000005e-05,2.291,2.29383,2.292415
3.646e-05,2.28601,2.30209,2.29405
3.6469999999999995e-05,2.28574,2.29679,2.291265
3.6479999999999996e-05,2.29187,2.29354,2.292705
3.6490000000000005e-05,2.29668,2.29359,2.295135
3.65e-05,2.29545,2.29129,2.29337
3.651e-05,2.2867,2.29496,2.29083
3.652e-05,2.28879,2.2906,2.289695
3.653e-05,2.2831,2.28998,2.28654
3.654e-05,2.28685,2.29166,2.289255
3.655e-05,2.29439,2.28908,2.291735
3.656e-05,2.28663,2.29352,2.290075
3.657e-05,2.28282,2.28829,2.285555
3.658e-05,2.29009,2.27978,2.284935
3.659000000000001e-05,2.29138,2.27817,2.284775
3.66e-05,2.2909,2.28015,2.285525
3.661e-05,2.28859,2.28118,2.284885
3.662e-05,2.28715,2.27828,2.282715
3.663e-05,2.28407,2.29344,2.288755
3.664e-05,2.28108,2.28946,2.28527
3.665e-05,2.28874,2.2793,2.28402
3.666e-05,2.28591,2.29466,2.290285
3.667e-05,2.28605,2.27461,2.28033
3.6679999999999994e-05,2.29022,2.28739,2.288805
3.669e-05,2.29218,2.28773,2.289955
3.6700000000000004e-05,2.28586,2.29018,2.28802
3.671e-05,2.28347,2.28629,2.28488
3.6719999999999994e-05,2.28669,2.28609,2.28639
3.6729999999999996e-05,2.29404,2.27792,2.28598
3.6740000000000004e-05,2.28927,2.29035,2.28981
3.675e-05,2.29144,2.29084,2.29114
3.676e-05,2.28856,2.28615,2.287355
3.677e-05,2.29074,2.29122,2.29098
3.678e-05,2.28688,2.28821,2.287545
3.679e-05,2.29306,2.28258,2.28782
3.68e-05,2.28943,2.28977,2.2896
3.681e-05,2.29228,2.29103,2.291655
3.6819999999999996e-05,2.28706,2.2844,2.28573
3.6830000000000005e-05,2.2856,2.28488,2.28524
3.6840000000000006e-05,2.28666,2.27932,2.28299
3.685e-05,2.28645,2.28571,2.28608
3.6859999999999996e-05,2.28837,2.28157,2.28497
3.687e-05,2.28851,2.28292,2.285715
3.6880000000000006e-05,2.28985,2.28465,2.28725
3.689e-05,2.28656,2.27526,2.28091
3.6899999999999996e-05,2.28941,2.28413,2.28677
3.691e-05,2.28504,2.28429,2.284665
3.692e-05,2.2865,2.28415,2.285325
3.693e-05,2.29224,2.28888,2.29056
3.694e-05,2.28572,2.28377,2.284745
3.6950000000000004e-05,2.28524,2.28418,2.28471
3.696e-05,2.2856,2.28477,2.285185
3.696999999999999e-05,2.28765,2.28405,2.28585
3.698e-05,2.28902,2.28715,2.288085
3.699e-05,2.28732,2.27915,2.283235
3.7e-05,2.2898,2.28533,2.287565
3.701e-05,2.29427,2.29161,2.29294
3.702e-05,2.28951,2.2976,2.293555
3.703e-05,2.28485,2.29761,2.29123
3.704e-05,2.28309,2.2897,2.286395
3.705e-05,2.2883,2.27994,2.28412
3.706e-05,2.28329,2.28114,2.282215
3.7069999999999996e-05,2.2767,2.28072,2.27871
3.708e-05,2.28362,2.29464,2.28913
3.7090000000000006e-05,2.28963,2.28176,2.285695
3.71e-05,2.29512,2.29743,2.296275
3.7109999999999995e-05,2.28998,2.29878,2.29438
3.712e-05,2.28562,2.29594,2.29078
3.7130000000000005e-05,2.29286,2.29313,2.292995
3.714e-05,2.29005,2.29225,2.29115
3.7149999999999995e-05,2.2883,2.29229,2.290295
3.7159999999999997e-05,2.2908,2.29452,2.29266
3.7170000000000005e-05,2.28841,2.29035,2.28938
3.718e-05,2.28783,2.29035,2.28909
3.719e-05,2.29,2.29307,2.291535
3.72e-05,2.29173,2.29034,2.291035
3.721e-05,2.28446,2.28378,2.28412
3.722e-05,2.27889,2.2857,2.282295
3.723e-05,2.2852,2.28372,2.28446
3.724e-05,2.28787,2.27912,2.283495
3.725e-05,2.28549,2.28331,2.2844
3.726e-05,2.28915,2.27973,2.28444
3.727000000000001e-05,2.29016,2.27372,2.28194
3.728e-05,2.28904,2.28249,2.285765
3.729e-05,2.28493,2.28244,2.283685
3.73e-05,2.28738,2.28207,2.284725
3.731e-05,2.29243,2.28164,2.287035
3.732e-05,2.29936,2.28439,2.291875
3.733e-05,2.2916,2.27651,2.284055
3.7340000000000005e-05,2.29234,2.28121,2.286775
3.735e-05,2.294,2.27822,2.28611
3.7359999999999995e-05,2.29786,2.27331,2.285585
3.737e-05,2.2964,2.28212,2.28926
3.7380000000000005e-05,2.29588,2.2757,2.28579
3.739e-05,2.29194,2.28165,2.286795
3.7399999999999994e-05,2.28743,2.28098,2.284205
3.7409999999999996e-05,2.2901,2.2721,2.2811
3.7420000000000004e-05,2.28928,2.28215,2.285715
3.743e-05,2.29599,2.28326,2.289625
3.744e-05,2.29539,2.28291,2.28915
3.745e-05,2.2965,2.28546,2.29098
3.746e-05,2.29541,2.27751,2.28646
3.747e-05,2.29235,2.27855,2.28545
3.748e-05,2.29482,2.27415,2.284485
3.749e-05,2.29542,2.2757,2.28556
3.75e-05,2.30052,2.27831,2.289415
3.750999999999999e-05,2.30068,2.28008,2.29038
3.752000000000001e-05,2.29844,2.2831,2.29077
3.753e-05,2.30293,2.27395,2.28844
3.7539999999999996e-05,2.30189,2.28245,2.29217
3.755e-05,2.29649,2.28289,2.28969
3.7560000000000006e-05,2.29864,2.27509,2.286865
3.757e-05,2.29954,2.28484,2.29219
3.7579999999999996e-05,2.2999,2.28173,2.290815
3.7590000000000004e-05,2.29223,2.27772,2.284975
3.76e-05,2.29117,2.26726,2.279215
3.761e-05,2.29248,2.27623,2.284355
3.762e-05,2.29232,2.27709,2.284705
3.7630000000000004e-05,2.29253,2.28489,2.28871
3.764e-05,2.28512,2.28491,2.285015
3.7649999999999994e-05,2.29464,2.27639,2.285515
3.766e-05,2.29355,2.2753,2.284425
3.7670000000000004e-05,2.30136,2.27134,2.28635
3.768e-05,2.28799,2.2766,2.282295
3.768999999999999e-05,2.28888,2.2806,2.28474
3.77e-05,2.28715,2.2756,2.281375
3.771e-05,2.2894,2.26812,2.27876
3.772e-05,2.29369,2.28103,2.28736
3.773e-05,2.29036,2.27191,2.281135
3.774e-05,2.29603,2.28702,2.291525
3.7749999999999996e-05,2.29758,2.27796,2.28777
3.776e-05,2.2992,2.28039,2.289795
3.7770000000000006e-05,2.3027,2.28379,2.293245
3.778e-05,2.29427,2.28444,2.289355
3.7789999999999996e-05,2.29607,2.2824,2.289235
3.78e-05,2.28861,2.28387,2.28624
3.7810000000000006e-05,2.29628,2.28367,2.289975
3.782e-05,2.29434,2.28528,2.28981
3.7829999999999995e-05,2.29122,2.28835,2.289785
3.7840000000000004e-05,2.29262,2.28541,2.289015
3.785e-05,2.2974,2.2875,2.29245
3.786e-05,2.29627,2.28832,2.292295
3.787e-05,2.30249,2.29142,2.296955
3.788e-05,2.29343,2.29101,2.29222
3.789e-05,2.29213,2.28923,2.29068
3.789999999999999e-05,2.30002,2.29111,2.295565
3.791e-05,2.29544,2.29289,2.294165
3.792e-05,2.3034,2.29435,2.298875
3.793e-05,2.29494,2.29077,2.292855
3.793999999999999e-05,2.2845,2.28987,2.287185
3.795000000000001e-05,2.28684,2.29303,2.289935
3.796e-05,2.29197,2.28226,2.287115
3.797e-05,2.29297,2.2825,2.287735
3.798e-05,2.28802,2.29331,2.290665
3.799e-05,2.29076,2.2974,2.29408
3.8e-05,2.29544,2.28565,2.290545
3.801e-05,2.28382,2.28582,2.28482
3.8020000000000005e-05,2.29186,2.2991,2.29548
3.803e-05,2.29089,2.29442,2.292655
3.8039999999999995e-05,2.28757,2.29234,2.289955
3.805e-05,2.2879,2.29086,2.28938
3.8060000000000005e-05,2.29271,2.29279,2.29275
3.807e-05,2.29636,2.29662,2.29649
3.8079999999999995e-05,2.28368,2.29726,2.29047
3.809e-05,2.28855,2.29079,2.28967
3.8100000000000005e-05,2.2907,2.28844,2.28957
3.811e-05,2.29238,2.29094,2.29166
3.8119999999999994e-05,2.28306,2.28841,2.285735
3.813e-05,2.29312,2.28398,2.28855
3.814e-05,2.28854,2.29508,2.29181
3.815e-05,2.29106,2.29823,2.294645
3.816e-05,2.27532,2.29279,2.284055
3.817e-05,2.28939,2.29944,2.294415
3.818e-05,2.28574,2.29203,2.288885
3.818999999999999e-05,2.28479,2.28149,2.28314
3.820000000000001e-05,2.28239,2.30244,2.292415
3.821e-05,2.28506,2.29898,2.29202
3.8219999999999997e-05,2.28498,2.28813,2.286555
3.823e-05,2.28759,2.28514,2.286365
3.824e-05,2.28292,2.29343,2.288175
3.825e-05,2.28642,2.30344,2.29493
3.8259999999999996e-05,2.28947,2.2959,2.292685
3.8270000000000005e-05,2.28469,2.29588,2.290285
3.828e-05,2.28595,2.29924,2.292595
3.829e-05,2.28428,2.28745,2.285865
3.8299999999999996e-05,2.28688,2.30099,2.293935
3.8310000000000004e-05,2.28744,2.29183,2.289635
3.832e-05,2.27966,2.29077,2.285215
3.8329999999999994e-05,2.28696,2.29551,2.291235
3.834000000000001e-05,2.2805,2.2988,2.28965
3.8350000000000004e-05,2.27861,2.30413,2.29137
3.836e-05,2.2937,2.29582,2.29476
3.8369999999999993e-05,2.28585,2.29457,2.29021
3.838e-05,2.28653,2.29487,2.2907
3.8390000000000003e-05,2.29246,2.29649,2.294475
3.84e-05,2.29027,2.30147,2.29587
3.841e-05,2.28293,2.29913,2.29103
3.842e-05,2.2825,2.29401,2.288255
3.8429999999999996e-05,2.2872,2.29057,2.288885
3.844e-05,2.28474,2.30017,2.292455
3.8450000000000006e-05,2.2942,2.29866,2.29643
3.846e-05,2.28238,2.29313,2.287755
3.8469999999999996e-05,2.28116,2.29812,2.28964
3.848e-05,2.2866,2.29734,2.29197
3.8490000000000006e-05,2.2883,2.28783,2.288065
3.85e-05,2.28641,2.29801,2.29221
3.8509999999999996e-05,2.29092,2.29631,2.293615
3.8520000000000004e-05,2.28554,2.2935,2.28952
3.853e-05,2.2882,2.30536,2.29678
3.854e-05,2.28466,2.30531,2.294985
3.8549999999999995e-05,2.28929,2.30125,2.29527
3.8560000000000004e-05,2.28907,2.29577,2.29242
3.857e-05,2.29076,2.3021,2.29643
3.857999999999999e-05,2.28959,2.29996,2.294775
3.859000000000001e-05,2.2864,2.2937,2.29005
3.86e-05,2.28558,2.29885,2.292215
3.861e-05,2.28501,2.30508,2.295045
3.861999999999999e-05,2.27784,2.3034,2.29062
3.863000000000001e-05,2.29008,2.28947,2.289775
3.864e-05,2.2883,2.29191,2.290105
3.865e-05,2.28486,2.29475,2.289805
3.866e-05,2.2806,2.29357,2.287085
3.867e-05,2.27707,2.30186,2.289465
3.868e-05,2.29413,2.30205,2.29809
3.869e-05,2.28565,2.29462,2.290135
3.8700000000000006e-05,2.2848,2.2912,2.288
3.871e-05,2.28993,2.30064,2.295285
3.8719999999999995e-05,2.28195,2.29633,2.28914
3.873e-05,2.27843,2.2926,2.285515
3.8740000000000005e-05,2.28126,2.29128,2.28627
3.875e-05,2.28455,2.29454,2.289545
3.8759999999999995e-05,2.28293,2.28845,2.28569
3.877e-05,2.28672,2.29323,2.289975
3.8780000000000005e-05,2.2788,2.29666,2.28773
3.879e-05,2.28051,2.28529,2.2829
3.8799999999999994e-05,2.28909,2.29497,2.29203
3.881e-05,2.28434,2.29823,2.291285
3.882e-05,2.29671,2.29731,2.29701
3.883e-05,2.29176,2.28963,2.290695
3.884000000000001e-05,2.28287,2.29956,2.291215
3.885e-05,2.28667,2.30444,2.295555
3.886e-05,2.28302,2.29557,2.289295
3.886999999999999e-05,2.2814,2.29493,2.288165
3.888000000000001e-05,2.29044,2.29648,2.29346
3.889e-05,2.28266,2.29898,2.29082
3.89e-05,2.28192,2.29059,2.286255
3.890999999999999e-05,2.28468,2.29437,2.289525
3.892e-05,2.28501,2.30124,2.293125
3.893e-05,2.28374,2.29679,2.290265
3.8939999999999996e-05,2.28602,2.30861,2.297315
3.8950000000000005e-05,2.28861,2.29907,2.29384
3.896e-05,2.28973,2.29821,2.29397
3.8969999999999994e-05,2.29209,2.30674,2.299415
3.8979999999999996e-05,2.29247,2.30348,2.297975
3.8990000000000004e-05,2.28991,2.29843,2.29417
3.9e-05,2.29358,2.29246,2.29302
3.9009999999999994e-05,2.29279,2.29546,2.294125
3.902000000000001e-05,2.28782,2.2903,2.28906
3.9030000000000004e-05,2.28971,2.29122,2.290465
3.904e-05,2.29435,2.29754,2.295945
3.9049999999999994e-05,2.28972,2.29451,2.292115
3.906e-05,2.29466,2.29379,2.294225
3.9070000000000004e-05,2.29434,2.30003,2.297185
3.908e-05,2.29571,2.29386,2.294785
3.909000000000001e-05,2.29219,2.29635,2.29427
3.91e-05,2.28283,2.30154,2.292185
3.9109999999999997e-05,2.28748,2.30375,2.295615
3.912e-05,2.28775,2.30215,2.29495
3.9130000000000007e-05,2.28974,2.29951,2.294625
3.914e-05,2.29097,2.31148,2.301225
3.9149999999999996e-05,2.29229,2.30738,2.299835
3.915999999999999e-05,2.28934,2.31174,2.30054
3.9170000000000006e-05,2.28376,2.31214,2.29795
3.918e-05,2.29039,2.30907,2.29973
3.9189999999999996e-05,2.28832,2.31044,2.29938
3.9200000000000004e-05,2.2811,2.31387,2.297485
3.921e-05,2.29104,2.30929,2.300165
3.922e-05,2.2902,2.30603,2.298115
3.9229999999999995e-05,2.28764,2.30174,2.29469
3.9240000000000004e-05,2.29471,2.29775,2.29623
3.925e-05,2.28997,2.30364,2.296805
3.9259999999999993e-05,2.2844,2.30313,2.293765
3.927000000000001e-05,2.28568,2.30289,2.294285
3.9280000000000003e-05,2.29114,2.29817,2.294655
3.929e-05,2.28884,2.30255,2.295695
3.929999999999999e-05,2.28659,2.30363,2.29511
3.931e-05,2.28664,2.30762,2.29713
3.932e-05,2.29366,2.30443,2.299045
3.933e-05,2.2979,2.30001,2.298955
3.934e-05,2.28736,2.30302,2.29519
3.935e-05,2.29206,2.29762,2.29484
3.9359999999999996e-05,2.29707,2.29739,2.29723
3.937e-05,2.28599,2.3006,2.293295
3.9380000000000006e-05,2.28854,2.29561,2.292075
3.939e-05,2.29128,2.29922,2.29525
3.9399999999999995e-05,2.29218,2.29809,2.295135
3.940999999999999e-05,2.29111,2.29821,2.29466
3.9420000000000005e-05,2.28525,2.29635,2.2908
3.943e-05,2.29678,2.30757,2.302175
3.9439999999999995e-05,2.28894,2.30312,2.29603
3.9450000000000003e-05,2.28791,2.29497,2.29144
3.9460000000000005e-05,2.29687,2.29218,2.294525
3.947e-05,2.29611,2.30788,2.301995
3.9479999999999995e-05,2.29485,2.30174,2.298295
3.949e-05,2.28583,2.30579,2.29581
3.95e-05,2.28829,2.29391,2.2911
3.951e-05,2.28684,2.3013,2.29407
3.952000000000001e-05,2.29358,2.30172,2.29765
3.953e-05,2.30119,2.30485,2.30302
3.954e-05,2.29891,2.30537,2.30214
3.954999999999999e-05,2.28993,2.30965,2.29979
3.956000000000001e-05,2.29256,2.30049,2.296525
3.957e-05,2.28949,2.29509,2.29229
3.958e-05,2.29012,2.29576,2.29294
3.959e-05,2.28736,2.29395,2.290655
3.96e-05,2.28365,2.29747,2.29056
3.961e-05,2.28565,2.28636,2.286005
3.962e-05,2.28726,2.29451,2.290885
3.9630000000000005e-05,2.28661,2.29968,2.293145
3.964e-05,2.28129,2.29649,2.28889
3.9649999999999995e-05,2.28224,2.29724,2.28974
3.9659999999999996e-05,2.28619,2.29286,2.289525
3.9670000000000005e-05,2.28362,2.30149,2.292555
3.968e-05,2.28948,2.29789,2.293685
3.9689999999999994e-05,2.2867,2.30872,2.29771
3.97e-05,2.29155,2.30059,2.29607
3.9710000000000004e-05,2.28719,2.30001,2.2936
3.972e-05,2.28487,2.29719,2.29103
3.9729999999999994e-05,2.29047,2.29414,2.292305
3.974e-05,2.28712,2.29138,2.28925
3.9750000000000004e-05,2.28532,2.2959,2.29061
3.976e-05,2.28733,2.29322,2.290275
3.977e-05,2.28968,2.30527,2.297475
3.978e-05,2.29102,2.3065,2.29876
3.979e-05,2.28481,2.29969,2.29225
3.98e-05,2.28276,2.29026,2.28651
3.981000000000001e-05,2.29268,2.29994,2.29631
3.982e-05,2.28673,2.29752,2.292125
3.9829999999999996e-05,2.2913,2.30533,2.298315
3.984e-05,2.28959,2.30112,2.295355
3.9850000000000006e-05,2.29231,2.30081,2.29656
3.986e-05,2.28943,2.29522,2.292325
3.9869999999999996e-05,2.28713,2.30163,2.29438
3.9880000000000004e-05,2.2933,2.30036,2.29683
3.989e-05,2.28213,2.29555,2.28884
3.99e-05,2.28822,2.30286,2.29554
3.9909999999999996e-05,2.29002,2.29874,2.29438
3.9920000000000004e-05,2.28811,2.30412,2.296115
3.993e-05,2.28574,2.29222,2.28898
3.9939999999999994e-05,2.29126,2.29142,2.29134
3.995e-05,2.28677,2.3046,2.295685
3.9960000000000004e-05,2.2865,2.30682,2.29666
3.997e-05,2.28366,2.30153,2.292595
3.997999999999999e-05,2.29075,2.30693,2.29884
3.999e-05,2.2931,2.30136,2.29723
4e-05,2.28472,2.30457,2.294645
4.001e-05,2.28814,2.29889,2.293515
4.002e-05,2.29606,2.29965,2.297855
4.003e-05,2.29774,2.30285,2.300295
4.0039999999999996e-05,2.29224,2.30532,2.29878
4.005e-05,2.28937,2.3051,2.297235
4.0060000000000006e-05,2.29333,2.30815,2.30074
4.007e-05,2.28767,2.29823,2.29295
4.0079999999999996e-05,2.28958,2.29959,2.294585
4.009e-05,2.29538,2.30276,2.29907
4.0100000000000006e-05,2.30137,2.29863,2.3
4.011e-05,2.29986,2.30306,2.30146
4.0119999999999995e-05,2.29403,2.29448,2.294255
4.0130000000000004e-05,2.28981,2.30136,2.295585
4.0140000000000005e-05,2.29116,2.29878,2.29497
4.015e-05,2.28741,2.29326,2.290335
4.0159999999999995e-05,2.29226,2.29701,2.294635
4.017e-05,2.28634,2.28994,2.28814
4.018e-05,2.28851,2.29555,2.29203
4.019e-05,2.28844,2.29419,2.291315
4.02e-05,2.29385,2.29554,2.294695
4.021e-05,2.29228,2.29265,2.292465
4.022e-05,2.28777,2.29231,2.29004
4.022999999999999e-05,2.2835,2.29333,2.288415
4.024000000000001e-05,2.29246,2.29692,2.29469
4.025e-05,2.29732,2.29542,2.29637
4.026e-05,2.28791,2.29431,2.29111
4.027e-05,2.28688,2.29536,2.29112
4.028e-05,2.29236,2.29061,2.291485
4.029e-05,2.28732,2.29238,2.28985
4.03e-05,2.29469,2.2912,2.292945
4.0310000000000005e-05,2.28914,2.28845,2.288795
4.032e-05,2.29621,2.2904,2.293305
4.0329999999999995e-05,2.28805,2.28592,2.286985
4.0340000000000003e-05,2.28988,2.29307,2.291475
4.0350000000000005e-05,2.28687,2.29023,2.28855
4.036e-05,2.28894,2.29022,2.28958
4.0369999999999995e-05,2.28585,2.29717,2.29151
4.0379999999999996e-05,2.28476,2.29711,2.290935
4.0390000000000005e-05,2.29125,2.29978,2.295515
4.04e-05,2.29669,2.29497,2.29583
4.0409999999999994e-05,2.30019,2.29746,2.298825
4.042e-05,2.30387,2.2949,2.299385
4.043e-05,2.29948,2.29532,2.2974
4.044e-05,2.2936,2.29232,2.29296
4.045e-05,2.29499,2.29735,2.29617
4.046e-05,2.29068,2.2922,2.29144
4.047e-05,2.29981,2.29184,2.295825
4.047999999999999e-05,2.28848,2.28773,2.288105
4.049000000000001e-05,2.28704,2.29362,2.29033
4.05e-05,2.29282,2.28626,2.28954
4.051e-05,2.2968,2.28674,2.29177
4.052e-05,2.28965,2.28527,2.28746
4.053000000000001e-05,2.29319,2.29016,2.291675
4.054e-05,2.29416,2.28007,2.287115
4.0549999999999996e-05,2.28964,2.2897,2.28967
4.056e-05,2.29141,2.28711,2.28926
4.057e-05,2.29362,2.28845,2.291035
4.058e-05,2.28676,2.2909,2.28883
4.059e-05,2.29154,2.28808,2.28981
4.0600000000000004e-05,2.28941,2.28741,2.28841
4.061e-05,2.28934,2.27819,2.283765
4.0619999999999994e-05,2.29556,2.28444,2.29
4.063e-05,2.29004,2.29267,2.291355
4.0640000000000004e-05,2.28565,2.28922,2.287435
4.065e-05,2.28729,2.29103,2.28916
4.0659999999999994e-05,2.28,2.29889,2.289445
4.067e-05,2.28035,2.29328,2.286815
4.0680000000000004e-05,2.28042,2.29047,2.285445
4.069e-05,2.2911,2.28328,2.28719
4.07e-05,2.29015,2.28335,2.28675
4.071e-05,2.29613,2.2822,2.289165
4.0719999999999996e-05,2.29129,2.29252,2.291905
4.073e-05,2.28591,2.28488,2.285395
4.0740000000000006e-05,2.28796,2.29014,2.28905
4.075e-05,2.29116,2.28702,2.28909
4.0759999999999996e-05,2.29203,2.28929,2.29066
4.077e-05,2.29048,2.29704,2.29376
4.0780000000000006e-05,2.29255,2.28437,2.28846
4.079e-05,2.29511,2.28817,2.29164
4.0799999999999996e-05,2.28992,2.29251,2.291215
4.081e-05,2.29211,2.29289,2.2925
4.082e-05,2.28881,2.29083,2.28982
4.083e-05,2.28543,2.29271,2.28907
4.084e-05,2.29413,2.29044,2.292285
4.0850000000000004e-05,2.28852,2.29017,2.289345
4.086e-05,2.29671,2.28742,2.292065
4.086999999999999e-05,2.2874,2.29604,2.29172
4.088e-05,2.29451,2.29553,2.29502
4.089e-05,2.29002,2.29139,2.290705
4.09e-05,2.28941,2.29284,2.291125
4.090999999999999e-05,2.28731,2.28259,2.28495
4.092000000000001e-05,2.29268,2.28836,2.29052
4.093e-05,2.29603,2.29014,2.293085
4.094e-05,2.29153,2.29479,2.29316
4.095e-05,2.29411,2.29045,2.29228
4.096e-05,2.30219,2.28984,2.296015
4.097e-05,2.3005,2.2931,2.2968
4.098e-05,2.29446,2.28799,2.291225
4.099e-05,2.29246,2.28787,2.290165
4.1e-05,2.29518,2.28919,2.292185
4.1009999999999995e-05,2.29634,2.29536,2.29585
4.1020000000000004e-05,2.29102,2.28856,2.28979
4.1030000000000005e-05,2.29499,2.29499,2.29499
4.104e-05,2.29434,2.2914,2.29287
4.1049999999999995e-05,2.29103,2.29455,2.29279
4.1059999999999997e-05,2.29092,2.298,2.29446
4.1070000000000005e-05,2.30096,2.28597,2.293465
4.108e-05,2.29787,2.29806,2.297965
4.109e-05,2.30046,2.29814,2.2993
4.11e-05,2.29955,2.29649,2.29802
4.111e-05,2.30756,2.30286,2.30521
4.112e-05,2.30923,2.29792,2.303575
4.113e-05,2.30891,2.2968,2.302855
4.114e-05,2.314,2.29134,2.30267
4.115e-05,2.30512,2.29487,2.299995
4.115999999999999e-05,2.31207,2.2996,2.305835
4.117e-05,2.30993,2.30197,2.30595
4.118e-05,2.29778,2.29121,2.294495
4.119e-05,2.30155,2.2942,2.297875
4.12e-05,2.30631,2.2966,2.301455
4.121000000000001e-05,2.30737,2.28705,2.29721
4.122e-05,2.30289,2.28998,2.296435
4.1229999999999997e-05,2.3019,2.29168,2.29679
4.124e-05,2.30577,2.29705,2.30141
4.125e-05,2.3054,2.29183,2.298615
4.126e-05,2.30501,2.29422,2.299615
4.127e-05,2.29542,2.29336,2.29439
4.1280000000000005e-05,2.30054,2.29843,2.299485
4.129e-05,2.30218,2.29064,2.29641
4.1299999999999994e-05,2.30055,2.3004,2.300475
4.131e-05,2.29947,2.30096,2.300215
4.1320000000000004e-05,2.30252,2.3067,2.30461
4.133e-05,2.2942,2.2957,2.29495
4.134e-05,2.29133,2.30179,2.29656
4.135e-05,2.29815,2.29524,2.296695
4.1360000000000004e-05,2.30019,2.30615,2.30317
4.137e-05,2.29109,2.30143,2.29626
4.138e-05,2.29423,2.29816,2.296195
4.139e-05,2.29622,2.2941,2.29516
4.14e-05,2.29418,2.29098,2.29258
4.141e-05,2.29998,2.29904,2.29951
4.142e-05,2.29472,2.29966,2.29719
4.143e-05,2.28672,2.29215,2.289435
4.1439999999999996e-05,2.29358,2.29161,2.292595
4.145e-05,2.29158,2.28564,2.28861
4.1460000000000006e-05,2.29019,2.28949,2.28984
4.147e-05,2.29819,2.28121,2.2897
4.1479999999999996e-05,2.2951,2.29745,2.296275
4.149e-05,2.29455,2.30231,2.29843
4.15e-05,2.29503,2.30129,2.29816
4.151e-05,2.30415,2.28998,2.297065
4.152e-05,2.29834,2.29405,2.296195
4.1530000000000004e-05,2.29924,2.29417,2.296705
4.154e-05,2.30272,2.29046,2.29659
4.1549999999999994e-05,2.30476,2.29068,2.29772
4.156e-05,2.30227,2.29469,2.29848
4.1570000000000003e-05,2.29419,2.29475,2.29447
4.158e-05,2.29681,2.28497,2.29089
4.159e-05,2.29299,2.29535,2.29417
4.1599999999999995e-05,2.30611,2.29041,2.29826
4.161e-05,2.30419,2.28935,2.29677
4.162e-05,2.30601,2.28842,2.297215
4.163e-05,2.30624,2.2934,2.29982
4.164e-05,2.29671,2.28956,2.293135
4.165e-05,2.29093,2.2894,2.290165
4.166e-05,2.29754,2.28886,2.2932
4.167e-05,2.29651,2.29231,2.29441
4.168e-05,2.29599,2.29748,2.296735
4.1689999999999996e-05,2.29441,2.29987,2.29714
4.1700000000000004e-05,2.30176,2.29695,2.299355
4.1710000000000006e-05,2.29659,2.30271,2.29965
4.172e-05,2.30414,2.29653,2.300335
4.1729999999999995e-05,2.29383,2.29025,2.29204
4.174e-05,2.30176,2.29791,2.299835
4.1750000000000005e-05,2.29724,2.29693,2.297085
4.176e-05,2.2998,2.29917,2.299485
4.177e-05,2.30889,2.29368,2.301285
4.1779999999999996e-05,2.29908,2.29978,2.29943
4.179e-05,2.30019,2.30738,2.303785
4.18e-05,2.30063,2.30054,2.300585
4.181e-05,2.30039,2.29115,2.29577
4.182e-05,2.30254,2.30319,2.302865
4.183e-05,2.30565,2.29649,2.30107
4.184e-05,2.3013,2.29284,2.29707
4.185e-05,2.30513,2.295,2.300065
4.186e-05,2.30172,2.29529,2.298505
4.187e-05,2.29701,2.29033,2.29367
4.188e-05,2.3011,2.29786,2.29948
4.189e-05,2.29992,2.29119,2.295555
4.19e-05,2.2991,2.29405,2.296575
4.191e-05,2.30156,2.28983,2.295695
4.192e-05,2.30043,2.29557,2.298
4.193e-05,2.29917,2.28948,2.294325
4.1939999999999995e-05,2.2962,2.28894,2.29257
4.195e-05,2.30044,2.28544,2.29294
4.1960000000000005e-05,2.30056,2.29683,2.298695
4.197e-05,2.29797,2.2881,2.293035
4.1979999999999994e-05,2.2983,2.2984,2.29835
4.199e-05,2.29741,2.29616,2.296785
4.2000000000000004e-05,2.29744,2.29748,2.29746
4.201e-05,2.30532,2.29478,2.30005
4.202e-05,2.30178,2.30254,2.30216
4.2029999999999996e-05,2.30858,2.29404,2.30131
4.2040000000000004e-05,2.30273,2.29284,2.297785
4.205e-05,2.29282,2.29436,2.29359
4.206e-05,2.30198,2.28311,2.292545
4.207e-05,2.29585,2.27887,2.28736
4.208e-05,2.30028,2.28531,2.292795
4.2090000000000005e-05,2.2932,2.287,2.2901
4.21e-05,2.29542,2.29676,2.29609
4.211e-05,2.29769,2.30448,2.301085
4.2119999999999997e-05,2.29211,2.29383,2.29297
4.213e-05,2.296,2.29145,2.293725
4.2140000000000006e-05,2.29099,2.2932,2.292095
4.215e-05,2.30286,2.29216,2.29751
4.2159999999999996e-05,2.2905,2.28021,2.285355
4.217e-05,2.28916,2.29198,2.29057
4.218e-05,2.29891,2.29686,2.297885
4.219e-05,2.3012,2.29116,2.29618
4.22e-05,2.29867,2.29915,2.29891
4.221e-05,2.29961,2.29172,2.295665
4.222e-05,2.30602,2.29825,2.302135
4.2229999999999994e-05,2.29414,2.29189,2.293015
4.224e-05,2.30304,2.29071,2.296875
4.2250000000000004e-05,2.29948,2.28968,2.29458
4.226e-05,2.29044,2.29568,2.29306
4.227e-05,2.29142,2.29904,2.29523
4.2279999999999995e-05,2.29353,2.30158,2.297555
4.229e-05,2.29394,2.29762,2.29578
4.23e-05,2.29638,2.29642,2.2964
4.231e-05,2.29568,2.29436,2.29502
4.232e-05,2.30207,2.29202,2.297045
4.2329999999999996e-05,2.30214,2.29685,2.299495
4.2340000000000005e-05,2.30198,2.30431,2.303145
4.235e-05,2.30416,2.29715,2.300655
4.236e-05,2.30729,2.29929,2.30329
4.2369999999999996e-05,2.30114,2.29543,2.298285
4.2380000000000004e-05,2.29795,2.29901,2.29848
4.239e-05,2.29561,2.29218,2.293895
4.24e-05,2.29897,2.29157,2.29527
4.2409999999999995e-05,2.30381,2.29505,2.29943
4.242e-05,2.29607,2.29019,2.29313
4.2430000000000005e-05,2.30276,2.29638,2.29957
4.244e-05,2.30164,2.2968,2.29922
4.245e-05,2.29688,2.29509,2.295985
4.246e-05,2.305,2.2884,2.2967
4.247e-05,2.30074,2.28942,2.29508
4.248e-05,2.30353,2.29692,2.300225
4.249e-05,2.29559,2.29466,2.295125
4.25e-05,2.29591,2.29445,2.29518
4.251e-05,2.29686,2.29004,2.29345
4.252e-05,2.29855,2.292,2.295275
4.253e-05,2.29716,2.29404,2.2956
4.254e-05,2.30041,2.29393,2.29717
4.255e-05,2.29552,2.29729,2.296405
4.256e-05,2.2982,2.29367,2.295935
4.257e-05,2.30685,2.28742,2.297135
4.258e-05,2.29707,2.28926,2.293165
4.2590000000000004e-05,2.30213,2.29457,2.29835
4.26e-05,2.30279,2.2869,2.294845
4.261e-05,2.29518,2.29765,2.296415
4.2619999999999995e-05,2.29566,2.30741,2.301535
4.2630000000000004e-05,2.29818,2.30108,2.29963
4.264e-05,2.30202,2.29428,2.29815
4.265e-05,2.29983,2.28826,2.294045
4.2659999999999995e-05,2.30458,2.28297,2.293775
4.2669999999999996e-05,2.30271,2.28939,2.29605
4.2680000000000005e-05,2.29807,2.29734,2.297705
4.269e-05,2.31125,2.2981,2.304675
4.27e-05,2.30846,2.29758,2.30302
4.2709999999999996e-05,2.29956,2.29955,2.299555
4.2720000000000004e-05,2.29676,2.30077,2.298765
4.273e-05,2.30385,2.29203,2.29794
4.274e-05,2.2942,2.29872,2.29646
4.275e-05,2.2941,2.28534,2.28972
4.276e-05,2.29816,2.29446,2.29631
4.2770000000000006e-05,2.29756,2.29324,2.2954
4.278e-05,2.29827,2.29245,2.29536
4.279e-05,2.30256,2.28597,2.294265
4.28e-05,2.30152,2.2894,2.29546
4.281e-05,2.30599,2.2847,2.295345
4.282e-05,2.29839,2.28201,2.2902
4.283e-05,2.30191,2.2932,2.297555
4.284e-05,2.30465,2.29749,2.30107
4.285e-05,2.29406,2.28153,2.287795
4.286e-05,2.29614,2.28176,2.28895
4.287e-05,2.29706,2.29122,2.29414
4.288e-05,2.29424,2.28922,2.29173
4.289e-05,2.29368,2.29551,2.294595
4.29e-05,2.29323,2.2857,2.289465
4.2909999999999994e-05,2.29705,2.29373,2.29539
4.292e-05,2.29979,2.28584,2.292815
4.2930000000000004e-05,2.29581,2.30055,2.29818
4.294e-05,2.29718,2.28512,2.29115
4.295e-05,2.29617,2.29595,2.29606
4.2959999999999995e-05,2.2973,2.29726,2.29728
4.2970000000000004e-05,2.29439,2.29241,2.2934
4.298e-05,2.29293,2.29682,2.294875
4.299e-05,2.2925,2.30079,2.296645
4.2999999999999995e-05,2.29033,2.29587,2.2931
4.3009999999999996e-05,2.28997,2.29557,2.29277
4.3020000000000005e-05,2.30424,2.29972,2.30198
4.303e-05,2.29862,2.29508,2.29685
4.304e-05,2.29518,2.29963,2.297405
4.3049999999999996e-05,2.3048,2.29733,2.301065
4.306e-05,2.30356,2.30191,2.302735
4.307e-05,2.29984,2.30118,2.30051
4.308e-05,2.30131,2.29707,2.29919
4.309e-05,2.30605,2.28379,2.29492
4.31e-05,2.30249,2.29244,2.297465
4.3110000000000006e-05,2.3065,2.28879,2.297645
4.312e-05,2.2987,2.2938,2.29625
4.313e-05,2.29505,2.29165,2.29335
4.314e-05,2.30297,2.28952,2.296245
4.315e-05,2.30612,2.29067,2.298395
4.316e-05,2.30382,2.29246,2.29814
4.317e-05,2.31006,2.28471,2.297385
4.318e-05,2.30323,2.28811,2.29567
4.319e-05,2.30438,2.28966,2.29702
4.32e-05,2.2987,2.29727,2.297985
4.321e-05,2.29778,2.2901,2.29394
4.322e-05,2.29928,2.29623,2.297755
4.323e-05,2.30677,2.30118,2.303975
4.324e-05,2.29862,2.29019,2.294405
4.3249999999999994e-05,2.30144,2.29418,2.29781
4.326e-05,2.30908,2.30802,2.30855
4.3270000000000004e-05,2.30735,2.29698,2.302165
4.328e-05,2.30933,2.29212,2.300725
4.329e-05,2.30029,2.29338,2.296835
4.3299999999999995e-05,2.30306,2.29558,2.29932
4.3310000000000004e-05,2.29953,2.29228,2.295905
4.332e-05,2.30342,2.29178,2.2976
4.333e-05,2.30329,2.29505,2.29917
4.334e-05,2.30992,2.29158,2.30075
4.3349999999999997e-05,2.30028,2.29124,2.29576
4.3360000000000005e-05,2.30073,2.3012,2.300965
4.337e-05,2.30211,2.29396,2.298035
4.338e-05,2.29443,2.2982,2.296315
4.3389999999999996e-05,2.30341,2.2975,2.300455
4.34e-05,2.29735,2.29951,2.29843
4.341e-05,2.29435,2.30043,2.29739
4.342e-05,2.29916,2.30025,2.299705
4.3429999999999996e-05,2.29545,2.30103,2.29824
4.344e-05,2.30737,2.30084,2.304105
4.3450000000000006e-05,2.30293,2.30736,2.305145
4.346e-05,2.3053,2.29466,2.29998
4.347e-05,2.30209,2.30231,2.3022
4.348e-05,2.30602,2.29874,2.30238
4.349e-05,2.3063,2.30144,2.30387
4.35e-05,2.30476,2.30314,2.30395
4.351e-05,2.30955,2.30539,2.30747
4.3520000000000003e-05,2.30503,2.29846,2.301745
4.353e-05,2.30267,2.29532,2.298995
4.354e-05,2.31163,2.30758,2.309605
4.355e-05,2.30702,2.29561,2.301315
4.356e-05,2.30524,2.30368,2.30446
4.357e-05,2.31267,2.29873,2.3057
4.358e-05,2.30866,2.29802,2.30334
4.359e-05,2.31305,2.29712,2.305085
4.36e-05,2.30638,2.30282,2.3046
4.361e-05,2.30379,2.30624,2.305015
4.362e-05,2.30748,2.29879,2.303135
4.363e-05,2.30503,2.29928,2.302155
4.3639999999999996e-05,2.30981,2.29996,2.304885
4.3650000000000004e-05,2.3046,2.31358,2.30909
4.366e-05,2.30614,2.29838,2.30226
4.367e-05,2.31199,2.29671,2.30435
4.3679999999999995e-05,2.30643,2.31438,2.310405
4.369e-05,2.30425,2.29933,2.30179
4.3700000000000005e-05,2.31144,2.30773,2.309585
4.371e-05,2.3031,2.30883,2.305965
4.372e-05,2.31128,2.30501,2.308145
4.3729999999999996e-05,2.30475,2.29625,2.3005
4.374e-05,2.30373,2.30624,2.304985
4.375e-05,2.30831,2.30073,2.30452
4.376e-05,2.30989,2.3014,2.305645
4.377e-05,2.3034,2.30697,2.305185
4.378e-05,2.30567,2.30962,2.307645
4.379e-05,2.30577,2.29,2.297885
4.38e-05,2.29956,2.30448,2.30202
4.381e-05,2.30231,2.29153,2.29692
4.382e-05,2.29565,2.3001,2.297875
4.383e-05,2.31241,2.29508,2.303745
4.384000000000001e-05,2.2954,2.30614,2.30077
4.385e-05,2.29007,2.29822,2.294145
4.386e-05,2.29247,2.30103,2.29675
4.387e-05,2.29338,2.29846,2.29592
4.388e-05,2.30367,2.2976,2.300635
4.389e-05,2.29937,2.30088,2.300125
4.39e-05,2.30181,2.29859,2.3002
4.391e-05,2.29875,2.2942,2.296475
4.392e-05,2.2948,2.29299,2.293895
4.3929999999999994e-05,2.29863,2.30384,2.301235
4.394e-05,2.30509,2.29772,2.301405
4.3950000000000004e-05,2.30459,2.29478,2.299685
4.396e-05,2.30394,2.29408,2.29901
4.397e-05,2.30155,2.29293,2.29724
4.3979999999999996e-05,2.29851,2.30033,2.29942
4.3990000000000004e-05,2.29424,2.29286,2.29355
4.4e-05,2.29342,2.29468,2.29405
4.401e-05,2.30338,2.30807,2.305725
4.402e-05,2.29838,2.29363,2.296005
4.403e-05,2.30295,2.31305,2.308
4.404e-05,2.30495,2.30031,2.30263
4.405e-05,2.302,2.30453,2.303265
4.406e-05,2.29893,2.304,2.301465
4.4069999999999996e-05,2.29653,2.30322,2.299875
4.408e-05,2.29415,2.30253,2.29834
4.4090000000000006e-05,2.29215,2.30251,2.29733
4.41e-05,2.29235,2.30396,2.298155
4.4109999999999996e-05,2.29068,2.30361,2.297145
4.412e-05,2.293,2.29915,2.296075
4.413e-05,2.29531,2.29267,2.29399
4.414e-05,2.29508,2.29625,2.295665
4.415e-05,2.2991,2.29483,2.296965
4.416e-05,2.29858,2.2912,2.29489
4.417e-05,2.29599,2.29193,2.29396
4.4179999999999994e-05,2.29281,2.28825,2.29053
4.419e-05,2.29397,2.29571,2.29484
4.4200000000000004e-05,2.3039,2.29024,2.29707
4.421e-05,2.30806,2.28982,2.29894
4.421999999999999e-05,2.30357,2.29073,2.29715
4.423e-05,2.30826,2.28677,2.297515
4.424e-05,2.30139,2.29737,2.29938
4.425e-05,2.30205,2.30175,2.3019
4.426e-05,2.30031,2.29591,2.29811
4.427e-05,2.30184,2.29465,2.298245
4.428e-05,2.30736,2.29933,2.303345
4.429e-05,2.31007,2.29024,2.300155
4.43e-05,2.3061,2.28764,2.29687
4.431e-05,2.30616,2.29661,2.301385
4.4319999999999996e-05,2.29707,2.29216,2.294615
4.4330000000000004e-05,2.31173,2.29004,2.300885
4.4340000000000006e-05,2.3049,2.29031,2.297605
4.435e-05,2.30049,2.29056,2.295525
4.4359999999999995e-05,2.30076,2.30055,2.300655
4.437e-05,2.29737,2.29464,2.296005
4.4380000000000005e-05,2.30821,2.29478,2.301495
4.439e-05,2.3069,2.29974,2.30332
4.44e-05,2.30417,2.28767,2.29592
4.441e-05,2.30775,2.28811,2.29793
4.442e-05,2.3107,2.29224,2.30147
4.443e-05,2.30711,2.29545,2.30128
4.444e-05,2.3103,2.29773,2.304015
4.445e-05,2.31074,2.29795,2.304345
4.446e-05,2.30737,2.30014,2.303755
4.446999999999999e-05,2.30401,2.29923,2.30162
4.448e-05,2.30069,2.30339,2.30204
4.449e-05,2.29615,2.30214,2.299145
4.45e-05,2.30532,2.29763,2.301475
4.451e-05,2.31017,2.29656,2.303365
4.452e-05,2.30875,2.29304,2.300895
4.453e-05,2.30242,2.29544,2.29893
4.454e-05,2.29987,2.29661,2.29824
4.455e-05,2.31132,2.29624,2.30378
4.456e-05,2.30469,2.29917,2.30193
4.457e-05,2.30854,2.30074,2.30464
4.4580000000000003e-05,2.30531,2.29839,2.30185
4.4590000000000005e-05,2.30135,2.29481,2.29808
4.46e-05,2.30468,2.28856,2.29662
4.4609999999999995e-05,2.29507,2.29268,2.293875
4.462e-05,2.29678,2.28291,2.289845
4.4630000000000005e-05,2.29608,2.29168,2.29388
4.464e-05,2.29959,2.29657,2.29808
4.4649999999999994e-05,2.30031,2.286,2.293155
4.4659999999999996e-05,2.30324,2.29757,2.300405
4.4670000000000004e-05,2.30675,2.29344,2.300095
4.468e-05,2.30833,2.29164,2.299985
4.469e-05,2.30822,2.29455,2.301385
4.47e-05,2.31236,2.29087,2.301615
4.471e-05,2.30482,2.29597,2.300395
4.472e-05,2.31272,2.29792,2.30532
4.473e-05,2.30938,2.29529,2.302335
4.474e-05,2.30399,2.29331,2.29865
4.475e-05,2.31256,2.28417,2.298365
4.476e-05,2.31218,2.29304,2.30261
4.477000000000001e-05,2.30264,2.28586,2.29425
4.478e-05,2.30801,2.2939,2.300955
4.4789999999999996e-05,2.31053,2.29137,2.30095
4.48e-05,2.31365,2.29751,2.30558
4.481e-05,2.31399,2.2854,2.299695
4.482e-05,2.30907,2.28513,2.2971
4.4829999999999996e-05,2.29898,2.2956,2.29729
4.4840000000000004e-05,2.30458,2.29829,2.301435
4.485e-05,2.31635,2.2885,2.302425
4.4859999999999994e-05,2.31515,2.30099,2.30807
4.487e-05,2.30979,2.29169,2.30074
4.4880000000000004e-05,2.30634,2.29521,2.300775
4.489e-05,2.31351,2.30354,2.308525
4.4899999999999994e-05,2.3099,2.29687,2.303385
4.4909999999999995e-05,2.30463,2.29443,2.29953
4.4920000000000004e-05,2.30707,2.30823,2.30765
4.493e-05,2.31093,2.30638,2.308655
4.494e-05,2.30932,2.30775,2.308535
4.495e-05,2.312,2.30621,2.309105
4.496e-05,2.29891,2.30211,2.30051
4.497e-05,2.30309,2.29212,2.297605
4.498e-05,2.30866,2.29633,2.302495
4.499e-05,2.3026,2.30084,2.30172
4.4999999999999996e-05,2.30109,2.30077,2.30093
4.5010000000000004e-05,2.30213,2.29483,2.29848
4.5020000000000006e-05,2.30302,2.29477,2.298895
4.503e-05,2.30572,2.2913,2.29851
4.5039999999999996e-05,2.30003,2.28689,2.29346
4.505e-05,2.30259,2.29615,2.29937
4.5060000000000006e-05,2.3034,2.29742,2.30041
4.507e-05,2.29556,2.29377,2.294665
4.5079999999999995e-05,2.3032,2.2896,2.2964
4.5090000000000004e-05,2.30311,2.29646,2.299785
4.51e-05,2.29715,2.30692,2.302035
4.511e-05,2.30608,2.30006,2.30307
4.512e-05,2.30191,2.29838,2.300145
4.513e-05,2.30029,2.30076,2.300525
4.514e-05,2.30596,2.30109,2.303525
4.514999999999999e-05,2.30281,2.30711,2.30496
4.516e-05,2.3013,2.30423,2.302765
4.517e-05,2.30279,2.29945,2.30112
4.518e-05,2.29789,2.30494,2.301415
4.519e-05,2.30051,2.29882,2.299665
4.52e-05,2.30851,2.2942,2.301355
4.521e-05,2.30698,2.29828,2.30263
4.522e-05,2.29829,2.28699,2.29264
4.523e-05,2.29895,2.29271,2.29583
4.524e-05,2.30006,2.29637,2.298215
4.5249999999999995e-05,2.2964,2.30058,2.29849
4.526e-05,2.29748,2.29695,2.297215
4.5270000000000005e-05,2.30289,2.29764,2.300265
4.528e-05,2.30455,2.29904,2.301795
4.5289999999999995e-05,2.30098,2.30617,2.303575
4.53e-05,2.29703,2.30422,2.300625
4.5310000000000005e-05,2.29926,2.2985,2.29888
4.532e-05,2.29976,2.30142,2.30059
4.5329999999999995e-05,2.30419,2.30015,2.30217
4.534e-05,2.30315,2.30269,2.30292
4.5350000000000005e-05,2.29866,2.31233,2.305495
4.536e-05,2.29548,2.31072,2.3031
4.537e-05,2.29882,2.30569,2.302255
4.538e-05,2.29958,2.29468,2.29713
4.539e-05,2.29753,2.30508,2.301305
4.54e-05,2.30299,2.30081,2.3019
4.541e-05,2.30054,2.30202,2.30128
4.542e-05,2.30358,2.29861,2.301095
4.543e-05,2.2916,2.2997,2.29565
4.543999999999999e-05,2.29303,2.30354,2.298285
4.545000000000001e-05,2.30154,2.29411,2.297825
4.546e-05,2.29836,2.2956,2.29698
4.547e-05,2.30477,2.2994,2.302085
4.548e-05,2.29271,2.29638,2.294545
4.549e-05,2.30176,2.30296,2.30236
4.55e-05,2.30044,2.29213,2.296285
4.5509999999999996e-05,2.29931,2.29691,2.29811
4.5520000000000005e-05,2.30175,2.29433,2.29804
4.553e-05,2.29626,2.29867,2.297465
4.5539999999999994e-05,2.29683,2.29648,2.296655
4.555e-05,2.29792,2.2959,2.29691
4.5560000000000004e-05,2.29993,2.30313,2.30153
4.557e-05,2.28937,2.2928,2.291085
4.5579999999999994e-05,2.2979,2.30708,2.30249
4.559e-05,2.30188,2.29427,2.298075
4.5600000000000004e-05,2.30841,2.29521,2.30181
4.561e-05,2.30424,2.30368,2.30396
4.562e-05,2.29989,2.29571,2.2978
4.563e-05,2.31013,2.30099,2.30556
4.564e-05,2.30154,2.30546,2.3035
4.565e-05,2.29706,2.30312,2.30009
4.566e-05,2.30565,2.30566,2.305655
4.567e-05,2.30354,2.30266,2.3031
4.5679999999999996e-05,2.29697,2.30541,2.30119
4.568999999999999e-05,2.30286,2.31205,2.307455
4.5700000000000006e-05,2.31516,2.30967,2.312415
4.571e-05,2.30648,2.30178,2.30413
4.5719999999999996e-05,2.31273,2.29827,2.3055
4.573e-05,2.30484,2.3065,2.30567
4.5740000000000006e-05,2.29902,2.29852,2.29877
4.575e-05,2.30526,2.30476,2.30501
4.5759999999999996e-05,2.31151,2.29882,2.305165
4.5770000000000004e-05,2.30214,2.30131,2.301725
4.578e-05,2.29743,2.30555,2.30149
4.579e-05,2.30225,2.30214,2.302195
4.58e-05,2.29585,2.30927,2.30256
4.5810000000000004e-05,2.29759,2.31084,2.304215
4.582e-05,2.2922,2.30033,2.296265
4.582999999999999e-05,2.29776,2.30898,2.30337
4.584000000000001e-05,2.30256,2.30385,2.303205
4.585e-05,2.30544,2.31474,2.31009
4.586e-05,2.30528,2.31268,2.30898
4.586999999999999e-05,2.31001,2.30594,2.307975
4.588e-05,2.31038,2.3032,2.30679
4.589e-05,2.30623,2.30555,2.30589
4.59e-05,2.30954,2.29627,2.302905
4.591e-05,2.3111,2.30451,2.307805
4.592e-05,2.30791,2.30133,2.30462
4.5929999999999996e-05,2.30342,2.30486,2.30414
4.594e-05,2.31053,2.30329,2.30691
4.5950000000000006e-05,2.30874,2.29418,2.30146
4.596e-05,2.30121,2.29241,2.29681
4.5969999999999995e-05,2.29751,2.30262,2.300065
4.598e-05,2.30829,2.29224,2.300265
4.5990000000000005e-05,2.30505,2.29166,2.298355
4.6e-05,2.30554,2.3036,2.30457
4.6009999999999995e-05,2.30531,2.30203,2.30367
4.602e-05,2.29737,2.28386,2.290615
4.6030000000000005e-05,2.30511,2.29781,2.30146
4.604e-05,2.30563,2.28304,2.294335
4.6049999999999994e-05,2.30446,2.28855,2.296505
4.606e-05,2.30202,2.28862,2.29532
4.607e-05,2.30609,2.29292,2.299505
4.608e-05,2.30784,2.29033,2.299085
4.609000000000001e-05,2.31151,2.29701,2.30426
4.61e-05,2.29758,2.30103,2.299305
4.611e-05,2.30089,2.30296,2.301925
4.611999999999999e-05,2.30236,2.30125,2.301805
4.613000000000001e-05,2.29865,2.29454,2.296595
4.614e-05,2.29786,2.29788,2.29787
4.615e-05,2.29829,2.29156,2.294925
4.616e-05,2.30512,2.30623,2.305675
4.617e-05,2.29958,2.29813,2.298855
4.618e-05,2.30065,2.30294,2.301795
4.6189999999999997e-05,2.29748,2.30008,2.29878
4.6200000000000005e-05,2.29397,2.30035,2.29716
4.621e-05,2.30127,2.2952,2.298235
4.6219999999999995e-05,2.30279,2.29552,2.299155
4.623e-05,2.30339,2.29203,2.29771
4.6240000000000005e-05,2.30452,2.29748,2.301
4.625e-05,2.30271,2.29635,2.29953
4.6259999999999994e-05,2.30576,2.30063,2.303195
4.627e-05,2.3077,2.29436,2.30103
4.6280000000000004e-05,2.30093,2.30221,2.30157
4.629e-05,2.30369,2.29107,2.29738
4.6299999999999994e-05,2.30516,2.30089,2.303025
4.631e-05,2.3045,2.30005,2.302275
4.632e-05,2.30256,2.29963,2.301095
4.633e-05,2.30087,2.30364,2.302255
4.634000000000001e-05,2.3017,2.29748,2.29959
4.635e-05,2.30171,2.2962,2.298955
4.6359999999999997e-05,2.29748,2.31215,2.304815
4.636999999999999e-05,2.29479,2.30592,2.300355
4.6380000000000007e-05,2.29115,2.3158,2.303475
4.639e-05,2.30017,2.30503,2.3026
4.6399999999999996e-05,2.29974,2.30313,2.301435
4.641e-05,2.30317,2.30353,2.30335
4.6420000000000006e-05,2.29649,2.30101,2.29875
4.643e-05,2.30054,2.30409,2.302315
4.6439999999999996e-05,2.30387,2.30444,2.304155
4.6450000000000004e-05,2.29923,2.29949,2.29936
4.646e-05,2.29867,2.30274,2.300705
4.647e-05,2.29768,2.30736,2.30252
4.6479999999999995e-05,2.29626,2.30412,2.30019
4.6490000000000004e-05,2.30375,2.30329,2.30352
4.65e-05,2.29877,2.30261,2.30069
4.6509999999999993e-05,2.29728,2.3009,2.29909
4.652000000000001e-05,2.29351,2.30365,2.29858
4.6530000000000003e-05,2.30045,2.30191,2.30118
4.654e-05,2.29839,2.29898,2.298685
4.654999999999999e-05,2.29244,2.29576,2.2941
4.656e-05,2.29697,2.29737,2.29717
4.657e-05,2.29072,2.30238,2.29655
4.658e-05,2.29448,2.29619,2.295335
4.6590000000000006e-05,2.30032,2.29978,2.30005
4.66e-05,2.29317,2.29829,2.29573
4.6609999999999996e-05,2.29781,2.29321,2.29551
4.662e-05,2.29222,2.30145,2.296835
4.6630000000000006e-05,2.2993,2.29744,2.29837
4.664e-05,2.29708,2.30345,2.300265
4.6649999999999996e-05,2.29677,2.29664,2.296705
4.665999999999999e-05,2.29678,2.29786,2.29732
4.6670000000000005e-05,2.29023,2.29862,2.294425
4.668e-05,2.29282,2.31031,2.301565
4.6689999999999995e-05,2.29211,2.30492,2.298515
4.6700000000000003e-05,2.29811,2.29744,2.297775
4.671e-05,2.30017,2.30822,2.304195
4.672e-05,2.29964,2.29675,2.298195
4.6729999999999995e-05,2.29757,2.28753,2.29255
4.674e-05,2.30542,2.29898,2.3022
4.675e-05,2.29689,2.29232,2.294605
4.675999999999999e-05,2.29744,2.30285,2.300145
4.677000000000001e-05,2.30523,2.29894,2.302085
4.678e-05,2.30111,2.30264,2.301875
4.679e-05,2.29729,2.29834,2.297815
4.679999999999999e-05,2.30665,2.29949,2.30307
4.681000000000001e-05,2.30771,2.30359,2.30565
4.682e-05,2.30536,2.29601,2.300685
4.683e-05,2.3064,2.2902,2.2983
4.6840000000000006e-05,2.3061,2.2905,2.2983
4.685e-05,2.29478,2.28995,2.292365
4.686e-05,2.30253,2.29324,2.297885
4.687e-05,2.31048,2.29513,2.302805
4.6880000000000005e-05,2.30754,2.28956,2.29855
4.689e-05,2.31361,2.29619,2.3049
4.6899999999999995e-05,2.31266,2.29321,2.302935
4.6909999999999996e-05,2.31093,2.28684,2.298885
4.6920000000000005e-05,2.31138,2.29321,2.302295
4.693e-05,2.31811,2.28836,2.303235
4.6939999999999994e-05,2.3067,2.28395,2.295325
4.695e-05,2.31956,2.28663,2.303095
4.6960000000000004e-05,2.30055,2.28955,2.29505
4.697e-05,2.30544,2.27444,2.28994
4.6979999999999994e-05,2.30292,2.28687,2.294895
4.699e-05,2.30486,2.29657,2.300715
4.7e-05,2.30996,2.29304,2.3015
4.701e-05,2.30116,2.29655,2.298855
4.702000000000001e-05,2.2996,2.29149,2.295545
4.703e-05,2.29659,2.2906,2.293595
4.704e-05,2.3014,2.29435,2.297875
4.704999999999999e-05,2.30358,2.30471,2.304145
4.706000000000001e-05,2.30241,2.29696,2.299685
4.707e-05,2.30556,2.29798,2.30177
4.7079999999999996e-05,2.29806,2.30198,2.30002
4.7090000000000005e-05,2.30098,2.30556,2.30327
4.71e-05,2.30735,2.30358,2.305465
4.711e-05,2.29744,2.3043,2.30087
4.7119999999999996e-05,2.30317,2.29715,2.30016
4.7130000000000004e-05,2.30191,2.29544,2.298675
4.714e-05,2.29793,2.28712,2.292525
4.7149999999999994e-05,2.30328,2.28428,2.29378
4.7159999999999996e-05,2.30181,2.29475,2.29828
4.7170000000000004e-05,2.3006,2.28743,2.294015
4.718e-05,2.31104,2.2902,2.30062
4.7189999999999994e-05,2.30253,2.29245,2.29749
4.720000000000001e-05,2.30543,2.30007,2.30275
4.7210000000000004e-05,2.31053,2.28962,2.300075
4.722e-05,2.29843,2.29768,2.298055
4.722999999999999e-05,2.30357,2.28782,2.295695
4.724e-05,2.30541,2.29298,2.299195
4.725e-05,2.29983,2.29326,2.296545
4.726e-05,2.29906,2.29312,2.29609
4.7270000000000007e-05,2.30166,2.29475,2.298205
4.728e-05,2.30776,2.28332,2.29554
4.7289999999999996e-05,2.2985,2.29196,2.29523
4.73e-05,2.30557,2.29365,2.29961
4.7310000000000006e-05,2.30984,2.28768,2.29876
4.732e-05,2.30876,2.29884,2.3038
4.7329999999999996e-05,2.29875,2.28862,2.293685
4.734e-05,2.30689,2.29802,2.302455
4.7350000000000006e-05,2.30316,2.2963,2.29973
4.736e-05,2.30509,2.30052,2.302805
4.7369999999999995e-05,2.30014,2.29715,2.298645
4.7380000000000004e-05,2.30266,2.29439,2.298525
4.739e-05,2.30568,2.29455,2.300115
4.74e-05,2.31137,2.28684,2.299105
4.7409999999999995e-05,2.30518,2.30029,2.302735
4.742e-05,2.30008,2.29828,2.29918
4.743e-05,2.30369,2.28948,2.296585
4.743999999999999e-05,2.3069,2.29092,2.29891
4.745000000000001e-05,2.30871,2.28973,2.29922
4.746e-05,2.30822,2.29673,2.302475
4.747e-05,2.30775,2.29959,2.30367
4.747999999999999e-05,2.30435,2.29086,2.297605
4.749000000000001e-05,2.30954,2.29495,2.302245
4.75e-05,2.30282,2.29758,2.3002
4.751e-05,2.30209,2.29842,2.300255
4.752e-05,2.30523,2.29967,2.30245
4.753e-05,2.30478,2.3015,2.30314
4.754e-05,2.30924,2.29554,2.30239
4.755e-05,2.30917,2.29023,2.2997
4.7560000000000005e-05,2.30872,2.29825,2.303485
4.757e-05,2.30593,2.28973,2.29783
4.7579999999999995e-05,2.30119,2.30752,2.304355
4.7590000000000003e-05,2.30375,2.30391,2.30383
4.7600000000000005e-05,2.29951,2.29562,2.297565
4.761e-05,2.30662,2.30125,2.303935
4.7619999999999995e-05,2.30457,2.30246,2.303515
4.763e-05,2.30992,2.29521,2.302565
4.7640000000000005e-05,2.29581,2.29282,2.294315
4.765e-05,2.3002,2.294,2.2971
4.7659999999999994e-05,2.28806,2.29961,2.293835
4.767e-05,2.29197,2.29405,2.29301
4.768e-05,2.29901,2.28888,2.293945
4.769e-05,2.29772,2.28648,2.2921
4.770000000000001e-05,2.29709,2.29068,2.293885
4.771e-05,2.30462,2.30184,2.30323
4.772e-05,2.30648,2.30532,2.3059
4.772999999999999e-05,2.30774,2.31337,2.310555
4.774000000000001e-05,2.30053,2.30644,2.303485
4.775e-05,2.30033,2.30066,2.300495
4.776e-05,2.30297,2.2914,2.297185
4.777e-05,2.30466,2.29423,2.299445
4.778e-05,2.30795,2.29299,2.30047
4.779e-05,2.31162,2.29547,2.303545
4.7799999999999996e-05,2.31,2.29169,2.300845
4.7810000000000005e-05,2.31779,2.29472,2.306255
4.782e-05,2.30486,2.29368,2.29927
4.7829999999999994e-05,2.3163,2.30332,2.30981
4.784e-05,2.31014,2.30026,2.3052
4.7850000000000004e-05,2.30936,2.29993,2.304645
4.786e-05,2.30862,2.29567,2.302145
4.7869999999999994e-05,2.31097,2.2955,2.303235
4.788000000000001e-05,2.30614,2.30847,2.307305
4.7890000000000004e-05,2.30302,2.296,2.29951
4.79e-05,2.30992,2.30437,2.307145
4.7909999999999994e-05,2.31011,2.2979,2.304005
4.792e-05,2.30854,2.29864,2.30359
4.7930000000000004e-05,2.31054,2.29914,2.30484
4.794e-05,2.29856,2.30649,2.302525
4.795e-05,2.30583,2.30094,2.303385
4.796e-05,2.30505,2.3106,2.307825
4.7969999999999996e-05,2.30262,2.29725,2.299935
4.798e-05,2.3076,2.2935,2.30055
4.7990000000000006e-05,2.3055,2.30459,2.305045
4.8e-05,2.30747,2.30392,2.305695
4.8009999999999996e-05,2.29864,2.29815,2.298395
4.802e-05,2.29653,2.30133,2.29893
4.8030000000000006e-05,2.29952,2.30426,2.30189
4.804e-05,2.29637,2.29939,2.29788
4.8049999999999996e-05,2.30033,2.3022,2.301265
4.8060000000000004e-05,2.29617,2.2947,2.295435
4.807e-05,2.30464,2.28971,2.297175
4.808e-05,2.2883,2.2928,2.29055
4.809e-05,2.28546,2.29548,2.29047
4.8100000000000004e-05,2.28624,2.30107,2.293655
4.811e-05,2.28963,2.29493,2.29228
4.811999999999999e-05,2.29278,2.29427,2.293525
4.813e-05,2.29948,2.30384,2.30166
4.814e-05,2.2866,2.29565,2.291125
4.815e-05,2.29085,2.30079,2.29582
4.815999999999999e-05,2.29016,2.29196,2.29106
4.817e-05,2.29055,2.30124,2.295895
4.818e-05,2.29575,2.30022,2.297985
4.819e-05,2.29273,2.30399,2.29836
4.82e-05,2.2923,2.30879,2.300545
4.821e-05,2.2904,2.30598,2.29819
4.8219999999999996e-05,2.28696,2.30322,2.29509
4.823e-05,2.29172,2.29886,2.29529
4.8240000000000006e-05,2.29439,2.30618,2.300285
4.825e-05,2.29209,2.3074,2.299745
4.8259999999999995e-05,2.30162,2.3104,2.30601
4.8270000000000004e-05,2.29389,2.29877,2.29633
4.8280000000000005e-05,2.29726,2.29976,2.29851
4.829e-05,2.29666,2.30101,2.298835
4.8299999999999995e-05,2.29418,2.29827,2.296225
4.831e-05,2.29797,2.29123,2.2946
4.8320000000000005e-05,2.27956,2.29534,2.28745
4.833e-05,2.29097,2.30004,2.295505
4.834e-05,2.29626,2.30209,2.299175
4.835e-05,2.29164,2.2968,2.29422
4.836e-05,2.29303,2.28841,2.29072
4.837e-05,2.29927,2.29643,2.29785
4.838e-05,2.29933,2.29756,2.298445
4.839e-05,2.2951,2.29107,2.293085
4.84e-05,2.2959,2.29839,2.297145
4.840999999999999e-05,2.3005,2.29718,2.29884
4.842000000000001e-05,2.29749,2.30241,2.29995
4.843e-05,2.29766,2.29397,2.295815
4.844e-05,2.29827,2.30365,2.30096
4.845e-05,2.2962,2.29682,2.29651
4.846e-05,2.29542,2.303,2.29921
4.847e-05,2.29731,2.29482,2.296065
4.848e-05,2.30117,2.2975,2.299335
4.8490000000000005e-05,2.2925,2.30347,2.297985
4.85e-05,2.29858,2.30625,2.302415
4.8509999999999995e-05,2.29055,2.30611,2.29833
4.852e-05,2.29345,2.29401,2.29373
4.8530000000000005e-05,2.29864,2.29613,2.297385
4.854e-05,2.29881,2.30371,2.30126
4.8549999999999994e-05,2.29818,2.30394,2.30106
4.8559999999999996e-05,2.30173,2.29606,2.298895
4.8570000000000004e-05,2.30097,2.29278,2.296875
4.858e-05,2.29824,2.29426,2.29625
4.859e-05,2.30518,2.29965,2.302415
4.86e-05,2.30471,2.29017,2.29744
4.861e-05,2.31,2.28624,2.29812
4.862e-05,2.30705,2.29721,2.30213
4.863e-05,2.31215,2.29515,2.30365
4.864e-05,2.31177,2.2823,2.297035
4.865e-05,2.31226,2.29161,2.301935
4.866e-05,2.31272,2.28342,2.29807
4.867000000000001e-05,2.31398,2.29581,2.304895
4.868e-05,2.30728,2.28821,2.297745
4.8689999999999996e-05,2.30534,2.29125,2.298295
4.87e-05,2.3078,2.29485,2.301325
4.8710000000000006e-05,2.30971,2.28864,2.299175
4.872e-05,2.3101,2.29167,2.300885
4.8729999999999996e-05,2.30891,2.29075,2.29983
4.874e-05,2.3005,2.29146,2.29598
4.875e-05,2.30748,2.29321,2.300345
4.876e-05,2.30845,2.28806,2.298255
4.877e-05,2.30602,2.28933,2.297675
4.8780000000000004e-05,2.29701,2.29234,2.294675
4.879e-05,2.30028,2.28808,2.29418
4.8799999999999994e-05,2.29841,2.29495,2.29668
4.881e-05,2.29953,2.29038,2.294955
4.8820000000000004e-05,2.29524,2.29114,2.29319
4.883e-05,2.29495,2.29178,2.293365
4.884e-05,2.29675,2.28801,2.29238
4.885e-05,2.29724,2.28851,2.292875
4.886e-05,2.29767,2.29326,2.295465
4.887e-05,2.29801,2.28997,2.29399
4.888e-05,2.29918,2.28917,2.294175
4.889e-05,2.30125,2.29182,2.296535
4.8899999999999996e-05,2.29807,2.29445,2.29626
4.891e-05,2.29556,2.29306,2.29431
4.8920000000000006e-05,2.30382,2.29857,2.301195
4.893e-05,2.29988,2.29245,2.296165
4.8939999999999996e-05,2.30389,2.2963,2.300095
4.895e-05,2.30562,2.29788,2.30175
4.8960000000000006e-05,2.29572,2.29827,2.296995
4.897e-05,2.30211,2.29533,2.29872
4.8979999999999995e-05,2.30451,2.29416,2.299335
4.899e-05,2.30217,2.28908,2.295625
4.9000000000000005e-05,2.30173,2.29688,2.299305
4.901e-05,2.29446,2.29848,2.29647
4.902e-05,2.29459,2.29579,2.29519
4.903e-05,2.302,2.2937,2.29785
4.904e-05,2.29798,2.30861,2.303295
4.905e-05,2.29276,2.303,2.29788
4.906e-05,2.2923,2.29972,2.29601
4.907e-05,2.29791,2.29975,2.29883
4.908e-05,2.2924,2.30114,2.29677
4.909e-05,2.29754,2.3027,2.30012
4.910000000000001e-05,2.30301,2.30248,2.302745
4.911e-05,2.29706,2.29787,2.297465
4.912e-05,2.29495,2.29872,2.296835
4.913e-05,2.29762,2.2921,2.29486
4.914e-05,2.29614,2.2976,2.29687
4.915e-05,2.29717,2.2994,2.298285
4.916e-05,2.29136,2.28333,2.287345
4.917e-05,2.2958,2.29206,2.29393
4.918e-05,2.29773,2.2989,2.298315
4.9189999999999995e-05,2.29649,2.30023,2.29836
4.92e-05,2.29117,2.29847,2.29482
4.9210000000000005e-05,2.29423,2.2958,2.295015
4.922e-05,2.2981,2.29664,2.29737
4.9229999999999995e-05,2.29392,2.29207,2.292995
4.9239999999999996e-05,2.29228,2.29959,2.295935
4.9250000000000004e-05,2.29416,2.29971,2.296935
4.926e-05,2.30043,2.29625,2.29834
4.927e-05,2.30327,2.29284,2.298055
4.928e-05,2.29765,2.2951,2.296375
4.929e-05,2.29979,2.30135,2.30057
4.93e-05,2.2892,2.29884,2.29402
4.931e-05,2.29449,2.30138,2.297935
4.932e-05,2.29082,2.30417,2.297495
4.933e-05,2.29474,2.29797,2.296355
4.934e-05,2.30804,2.30398,2.30601
4.935e-05,2.29529,2.30327,2.29928
4.936e-05,2.2866,2.30138,2.29399
4.9369999999999997e-05,2.28934,2.30561,2.297475
4.938e-05,2.2922,2.30104,2.29662
4.9390000000000007e-05,2.29576,2.29129,2.293525
4.94e-05,2.2975,2.30285,2.300175
4.9409999999999996e-05,2.29479,2.30344,2.299115
4.942e-05,2.29379,2.29761,2.2957
4.943e-05,2.30278,2.29759,2.300185
4.944e-05,2.2956,2.30467,2.300135
4.945e-05,2.29145,2.29569,2.29357
4.9460000000000004e-05,2.29664,2.29129,2.293965
4.947e-05,2.29797,2.29727,2.29762
4.9479999999999994e-05,2.29816,2.29342,2.29579
4.949e-05,2.293,2.2968,2.2949
4.9500000000000004e-05,2.29642,2.30209,2.299255
4.951e-05,2.2951,2.30037,2.297735
4.952e-05,2.2923,2.29247,2.292385
4.953e-05,2.29292,2.2946,2.29376
4.9540000000000003e-05,2.28991,2.29888,2.294395
4.955e-05,2.29765,2.29335,2.2955
4.956e-05,2.29436,2.29467,2.294515
4.957e-05,2.28997,2.30177,2.29587
4.9579999999999996e-05,2.28154,2.29333,2.287435
4.9590000000000005e-05,2.29472,2.29985,2.297285
4.96e-05,2.29047,2.30534,2.297905
4.961e-05,2.29483,2.29475,2.29479
4.9619999999999996e-05,2.28577,2.30346,2.294615
4.963e-05,2.28933,2.29854,2.293935
4.9640000000000006e-05,2.29198,2.30295,2.297465
4.965e-05,2.29681,2.30718,2.301995
4.9659999999999995e-05,2.28964,2.29574,2.29269
4.967e-05,2.29409,2.29115,2.29262
4.968e-05,2.29046,2.28787,2.289165
4.969e-05,2.28457,2.29385,2.28921
4.97e-05,2.29185,2.29324,2.292545
4.9710000000000003e-05,2.29219,2.29641,2.2943
4.972e-05,2.30126,2.30243,2.301845
4.972999999999999e-05,2.29133,2.28912,2.290225
4.974e-05,2.29527,2.29719,2.29623
4.975e-05,2.29313,2.30178,2.297455
4.976e-05,2.29277,2.29985,2.29631
4.977e-05,2.29486,2.30223,2.298545
4.978e-05,2.30081,2.29698,2.298895
4.979e-05,2.29475,2.29849,2.29662
4.98e-05,2.29662,2.30211,2.299365
4.981e-05,2.30098,2.30187,2.301425
4.982e-05,2.29579,2.30177,2.29878
4.983e-05,2.30941,2.30852,2.308965
4.9840000000000004e-05,2.29978,2.31156,2.30567
4.985e-05,2.30235,2.30219,2.30227
4.986e-05,2.30521,2.29377,2.29949
4.9869999999999995e-05,2.3074,2.29744,2.30242
4.9880000000000004e-05,2.30195,2.30498,2.303465
4.9890000000000005e-05,2.2985,2.29066,2.29458
4.99e-05,2.30723,2.29451,2.30087
4.9909999999999995e-05,2.30825,2.29762,2.302935
4.9919999999999996e-05,2.30866,2.30239,2.305525
4.9930000000000005e-05,2.31701,2.29526,2.306135
4.994e-05,2.30689,2.29195,2.29942
4.995e-05,2.30803,2.30014,2.304085
4.9959999999999996e-05,2.30131,2.28094,2.291125
4.997e-05,2.31055,2.28922,2.299885
4.998e-05,2.30574,2.29211,2.298925
4.999e-05,2.30246,2.28895,2.295705
5e-05,2.29649,2.28593,2.29121
5.001e-05,2.2963,2.29442,2.29536
5.002e-05,2.30387,2.29434,2.299105
5.003e-05,2.29305,2.29623,2.29464
5.004e-05,2.29917,2.29223,2.2957
5.005e-05,2.2997,2.30071,2.300205
5.006e-05,2.30322,2.30092,2.30207
5.007e-05,2.30304,2.29854,2.30079
5.008e-05,2.2874,2.30505,2.296225
5.009e-05,2.29214,2.28575,2.288945
5.01e-05,2.29707,2.28504,2.291055
5.011e-05,2.29534,2.2833,2.28932
5.012e-05,2.29329,2.28837,2.29083
5.013e-05,2.3019,2.29148,2.29669
5.0140000000000004e-05,2.30705,2.29351,2.30028
5.015e-05,2.30426,2.28802,2.29614
5.0159999999999994e-05,2.30771,2.28729,2.2975
5.017e-05,2.30493,2.28453,2.29473
5.0180000000000004e-05,2.30584,2.28831,2.297075
5.019e-05,2.31592,2.29057,2.303245
5.02e-05,2.31095,2.29024,2.300595
5.0209999999999995e-05,2.31062,2.29913,2.304875
5.0220000000000004e-05,2.30963,2.29817,2.3039
5.023e-05,2.30498,2.30273,2.303855
5.024e-05,2.30711,2.30297,2.30504
5.025e-05,2.30449,2.30072,2.302605
5.0259999999999997e-05,2.30493,2.29423,2.29958
5.0270000000000005e-05,2.30556,2.28728,2.29642
5.028e-05,2.30581,2.28703,2.29642
5.029e-05,2.30965,2.28479,2.29722
5.0299999999999996e-05,2.31492,2.28692,2.30092
5.031e-05,2.31221,2.30545,2.30883
5.0320000000000006e-05,2.32199,2.30212,2.312055
5.033e-05,2.31354,2.29617,2.304855
5.034e-05,2.30547,2.29363,2.29955
5.035e-05,2.3074,2.29287,2.300135
5.036e-05,2.30944,2.29458,2.30201
5.037e-05,2.30671,2.29472,2.300715
5.038e-05,2.30771,2.30082,2.304265
5.039e-05,2.31724,2.29751,2.307375
5.04e-05,2.31078,2.28878,2.29978
5.0409999999999993e-05,2.30908,2.2992,2.30414
5.042e-05,2.30404,2.29217,2.298105
5.043e-05,2.31528,2.29382,2.30455
5.044e-05,2.3128,2.30082,2.30681
5.045e-05,2.29948,2.29327,2.296375
5.0459999999999995e-05,2.30579,2.28752,2.296655
5.047e-05,2.31018,2.29819,2.304185
5.048e-05,2.31349,2.29683,2.30516
5.049e-05,2.31328,2.29709,2.305185
5.05e-05,2.3119,2.29932,2.30561
5.051e-05,2.3214,2.29844,2.30992
5.0520000000000004e-05,2.32796,2.29147,2.309715
5.053e-05,2.32106,2.30049,2.310775
5.054e-05,2.31059,2.29446,2.302525
5.0549999999999995e-05,2.31422,2.29927,2.306745
5.0560000000000004e-05,2.3115,2.29309,2.302295
5.057e-05,2.30696,2.2939,2.30043
5.058e-05,2.30955,2.29586,2.302705
5.059e-05,2.30509,2.29538,2.300235
5.06e-05,2.30048,2.29586,2.29817
5.0610000000000005e-05,2.30522,2.28741,2.296315
5.062e-05,2.30692,2.29517,2.301045
5.063e-05,2.30715,2.28907,2.29811
5.0639999999999996e-05,2.30074,2.30486,2.3028
5.065e-05,2.30747,2.28746,2.297465
5.066e-05,2.30627,2.28309,2.29468
5.067e-05,2.30906,2.29424,2.30165
5.068e-05,2.30585,2.28583,2.29584
5.069e-05,2.30761,2.29222,2.299915
5.07e-05,2.31137,2.29957,2.30547
5.071e-05,2.3055,2.29768,2.30159
5.072e-05,2.31503,2.2923,2.303665
5.073e-05,2.31452,2.29587,2.305195
5.074e-05,2.30698,2.30573,2.306355
5.075e-05,2.31328,2.29768,2.30548
5.076e-05,2.31026,2.29845,2.304355
5.0770000000000003e-05,2.30399,2.29516,2.299575
5.078e-05,2.31361,2.30048,2.307045
5.079e-05,2.30925,2.2978,2.303525
5.0799999999999995e-05,2.31253,2.29645,2.30449
5.081e-05,2.30398,2.30794,2.30596
5.082e-05,2.30521,2.29823,2.30172
5.083e-05,2.31068,2.30658,2.30863
5.084e-05,2.30744,2.30246,2.30495
5.085e-05,2.30696,2.30195,2.304455
5.0860000000000004e-05,2.30829,2.30201,2.30515
5.087e-05,2.29891,2.30368,2.301295
5.088e-05,2.2999,2.30124,2.30057
5.0889999999999996e-05,2.30501,2.29622,2.300615
5.0900000000000004e-05,2.30563,2.2955,2.300565
5.091e-05,2.29369,2.29503,2.29436
5.092e-05,2.30049,2.28731,2.2939
5.093e-05,2.30437,2.29695,2.30066
5.094e-05,2.30012,2.28605,2.293085
5.0950000000000005e-05,2.30468,2.29174,2.29821
5.096e-05,2.30584,2.29547,2.300655
5.097e-05,2.30244,2.2889,2.29567
5.0979999999999996e-05,2.29498,2.28563,2.290305
5.099e-05,2.30631,2.29112,2.298715
5.1e-05,2.29837,2.2949,2.296635
5.101e-05,2.29348,2.2922,2.29284
5.102e-05,2.29782,2.29517,2.296495
5.103e-05,2.30365,2.29755,2.3006
5.104e-05,2.29558,2.29924,2.29741
5.105e-05,2.29858,2.30054,2.29956
5.106e-05,2.30375,2.29151,2.29763
5.107e-05,2.29866,2.29452,2.29659
5.108e-05,2.29764,2.29343,2.295535
5.109e-05,2.29998,2.29294,2.29646
5.11e-05,2.29698,2.28553,2.291255
5.1110000000000004e-05,2.29975,2.29165,2.2957
5.112e-05,2.30091,2.29093,2.29592
5.113e-05,2.30238,2.2994,2.30089
5.1139999999999995e-05,2.30102,2.28978,2.2954
5.115e-05,2.30369,2.29165,2.29767
5.116e-05,2.29911,2.28938,2.294245
5.117e-05,2.30255,2.29267,2.29761
5.1179999999999994e-05,2.30178,2.2945,2.29814
5.1189999999999996e-05,2.30421,2.28397,2.29409
5.1200000000000004e-05,2.30651,2.29278,2.299645
5.121e-05,2.30141,2.28959,2.2955
5.122e-05,2.30036,2.2883,2.29433
5.1229999999999996e-05,2.30208,2.29134,2.29671
5.1240000000000004e-05,2.30425,2.28813,2.29619
5.125e-05,2.30123,2.28394,2.292585
5.126e-05,2.30177,2.2925,2.297135
5.127e-05,2.30146,2.2996,2.30053
5.128e-05,2.29882,2.29216,2.29549
5.1290000000000005e-05,2.29711,2.29307,2.29509
5.13e-05,2.29021,2.29047,2.29034
5.131e-05,2.30375,2.2978,2.300775
5.1319999999999997e-05,2.3046,2.29508,2.29984
5.133e-05,2.3048,2.29016,2.29748
5.1340000000000007e-05,2.30856,2.29593,2.302245
5.135e-05,2.30494,2.30199,2.303465
5.136e-05,2.29728,2.29018,2.29373
5.137e-05,2.29564,2.29716,2.2964
5.138e-05,2.30882,2.29387,2.301345
5.139e-05,2.29958,2.29028,2.29493
5.14e-05,2.30699,2.28435,2.29567
5.141e-05,2.30877,2.29152,2.300145
5.142e-05,2.30859,2.29279,2.30069
5.1429999999999994e-05,2.30269,2.28684,2.294765
5.144e-05,2.30032,2.29543,2.297875
5.1450000000000004e-05,2.29691,2.28552,2.291215
5.146e-05,2.29713,2.29086,2.293995
5.147e-05,2.30066,2.29187,2.296265
5.1479999999999995e-05,2.29943,2.28913,2.29428
5.149e-05,2.29707,2.29375,2.29541
5.15e-05,2.30778,2.28565,2.296715
5.151e-05,2.2994,2.28207,2.290735
5.152e-05,2.30151,2.29453,2.29802
5.1529999999999996e-05,2.30832,2.28399,2.296155
5.1540000000000005e-05,2.3005,2.27879,2.289645
5.155e-05,2.29797,2.28444,2.291205
5.156e-05,2.29948,2.2862,2.29284
5.1569999999999996e-05,2.29545,2.287,2.291225
5.1580000000000004e-05,2.30046,2.29662,2.29854
5.1590000000000006e-05,2.30616,2.29162,2.29889
5.16e-05,2.30734,2.28456,2.29595
5.1609999999999995e-05,2.31245,2.28736,2.299905
5.162e-05,2.30806,2.29951,2.303785
5.1630000000000005e-05,2.311,2.29953,2.305265
5.164e-05,2.31877,2.29999,2.30938
5.165e-05,2.31118,2.30364,2.30741
5.166e-05,2.30613,2.30011,2.30312
5.167e-05,2.31067,2.30095,2.30581
5.168e-05,2.29928,2.28797,2.293625
5.169e-05,2.3065,2.28958,2.29804
5.17e-05,2.30554,2.29767,2.301605
5.171e-05,2.29703,2.30336,2.300195
5.172e-05,2.30187,2.29477,2.29832
5.173e-05,2.30612,2.28736,2.29674
5.174e-05,2.30467,2.29193,2.2983
5.175e-05,2.30184,2.29249,2.297165
5.176e-05,2.30293,2.29341,2.29817
5.177e-05,2.29925,2.29627,2.29776
5.178e-05,2.29941,2.29128,2.295345
5.179e-05,2.30086,2.28993,2.295395
5.18e-05,2.30591,2.28993,2.29792
5.181e-05,2.30165,2.29652,2.299085
5.1819999999999995e-05,2.30414,2.29258,2.29836
5.1830000000000004e-05,2.30116,2.29476,2.29796
5.1840000000000005e-05,2.30494,2.30106,2.303
5.185e-05,2.30677,2.28964,2.298205
5.1859999999999995e-05,2.29769,2.28666,2.292175
5.1869999999999996e-05,2.30008,2.28816,2.29412
5.1880000000000005e-05,2.30639,2.28939,2.29789
5.189e-05,2.30095,2.29363,2.29729
5.19e-05,2.30286,2.28878,2.29582
5.1909999999999996e-05,2.30635,2.28612,2.296235
5.192e-05,2.30219,2.29185,2.29702
5.193e-05,2.30418,2.29848,2.30133
5.194e-05,2.30217,2.29563,2.2989
5.195e-05,2.29765,2.30061,2.29913
5.196e-05,2.30162,2.29634,2.29898
5.1970000000000006e-05,2.30381,2.29558,2.299695
5.198e-05,2.29927,2.29233,2.2958
5.199e-05,2.30999,2.29268,2.301335
5.2e-05,2.30702,2.29784,2.30243
5.201e-05,2.30899,2.29518,2.302085
5.202000000000001e-05,2.3026,2.29236,2.29748
5.203e-05,2.31104,2.2921,2.30157
5.2039999999999996e-05,2.31525,2.29431,2.30478
5.205e-05,2.30488,2.29404,2.29946
5.206e-05,2.30403,2.2922,2.298115
5.207e-05,2.30329,2.2976,2.300445
5.208e-05,2.3013,2.29226,2.29678
5.2090000000000004e-05,2.30173,2.29093,2.29633
5.21e-05,2.30025,2.28701,2.29363
5.2109999999999994e-05,2.31004,2.29135,2.300695
5.212e-05,2.29801,2.28753,2.29277
5.2130000000000004e-05,2.30104,2.28323,2.292135
5.214e-05,2.30749,2.28632,2.296905
5.215e-05,2.30729,2.28598,2.296635
5.2159999999999995e-05,2.30905,2.29439,2.30172
5.2170000000000004e-05,2.31002,2.28018,2.2951
5.218e-05,2.302,2.28645,2.294225
5.219e-05,2.30363,2.2869,2.295265
5.22e-05,2.30869,2.29736,2.303025
5.2209999999999996e-05,2.31761,2.28906,2.303335
5.222e-05,2.30415,2.29744,2.300795
5.223e-05,2.30964,2.29417,2.301905
5.224e-05,2.30747,2.28549,2.29648
5.2249999999999996e-05,2.3086,2.29485,2.301725
5.226e-05,2.30403,2.29374,2.298885
5.2270000000000006e-05,2.30328,2.29999,2.301635
5.228e-05,2.30029,2.28363,2.29196
5.2289999999999996e-05,2.30282,2.28997,2.296395
5.23e-05,2.30664,2.28988,2.29826
5.2310000000000006e-05,2.30628,2.28854,2.29741
5.232e-05,2.29725,2.28797,2.29261
5.233e-05,2.3031,2.28429,2.293695
5.2340000000000004e-05,2.30489,2.28961,2.29725
5.235e-05,2.30896,2.29479,2.301875
5.236e-05,2.30212,2.29328,2.2977
5.237e-05,2.30886,2.28219,2.295525
5.238e-05,2.30479,2.29355,2.29917
5.239e-05,2.30291,2.29445,2.29868
5.239999999999999e-05,2.30545,2.29856,2.302005
5.241e-05,2.29586,2.28959,2.292725
5.242e-05,2.3027,2.29256,2.29763
5.243e-05,2.30399,2.28582,2.294905
5.244e-05,2.30207,2.29286,2.297465
5.245e-05,2.3008,2.28993,2.295365
5.246e-05,2.30164,2.29176,2.2967
5.247e-05,2.29768,2.30095,2.299315
5.248e-05,2.29981,2.29462,2.297215
5.249e-05,2.30456,2.28971,2.297135
5.2499999999999995e-05,2.29391,2.29247,2.29319
5.2510000000000004e-05,2.29794,2.29107,2.294505
5.2520000000000005e-05,2.30462,2.29123,2.297925
5.253e-05,2.3008,2.28404,2.29242
5.2539999999999995e-05,2.2984,2.29239,2.295395
5.255e-05,2.31229,2.28707,2.29968
5.2560000000000005e-05,2.30372,2.2873,2.29551
5.257e-05,2.30942,2.28495,2.297185
5.258e-05,2.29625,2.27997,2.28811
5.259e-05,2.30538,2.2899,2.29764
5.26e-05,2.30546,2.28854,2.297
5.261e-05,2.3124,2.28403,2.298215
5.262e-05,2.30885,2.29472,2.301785
5.263e-05,2.309,2.28578,2.29739
5.264e-05,2.3076,2.28584,2.29672
5.264999999999999e-05,2.30674,2.29038,2.29856
5.266e-05,2.30015,2.28423,2.29219
5.267e-05,2.30107,2.28792,2.294495
5.268e-05,2.30035,2.2785,2.289425
5.269e-05,2.29837,2.28673,2.29255
5.270000000000001e-05,2.30054,2.28601,2.293275
5.271e-05,2.2938,2.29099,2.292395
5.272e-05,2.30611,2.29428,2.300195
5.273e-05,2.29741,2.2872,2.292305
5.274e-05,2.30109,2.28894,2.295015
5.275e-05,2.29269,2.28817,2.29043
5.276e-05,2.29665,2.28574,2.291195
5.2770000000000005e-05,2.29781,2.28509,2.29145
5.278e-05,2.30086,2.29029,2.295575
5.2789999999999994e-05,2.29787,2.28368,2.290775
5.28e-05,2.29617,2.28797,2.29207
5.2810000000000004e-05,2.29555,2.2879,2.291725
5.282e-05,2.29929,2.29068,2.294985
5.2829999999999994e-05,2.30102,2.29196,2.29649
5.284e-05,2.29997,2.2902,2.295085
5.2850000000000004e-05,2.29973,2.28859,2.29416
5.286e-05,2.30188,2.28915,2.295515
5.287e-05,2.29989,2.28578,2.292835
5.288e-05,2.29501,2.28794,2.291475
5.289e-05,2.30202,2.28797,2.294995
5.29e-05,2.2968,2.28284,2.28982
5.291e-05,2.29465,2.27856,2.286605
5.292e-05,2.30151,2.28509,2.2933
5.2929999999999996e-05,2.29906,2.28308,2.29107
5.294e-05,2.29882,2.27969,2.289255
5.2950000000000006e-05,2.30321,2.28353,2.29337
5.296e-05,2.30309,2.27849,2.29079
5.2969999999999996e-05,2.30326,2.27717,2.290215
5.298e-05,2.29841,2.2845,2.291455
5.299e-05,2.30127,2.28498,2.293125
5.3e-05,2.29906,2.2818,2.29043
5.3009999999999996e-05,2.30257,2.2834,2.292985
5.3020000000000004e-05,2.30063,2.28278,2.291705
5.303e-05,2.29806,2.2787,2.28838
5.3039999999999994e-05,2.30097,2.27243,2.2867
5.305e-05,2.30009,2.28475,2.29242
5.3060000000000004e-05,2.30054,2.27727,2.288905
5.307e-05,2.30554,2.27969,2.292615
5.307999999999999e-05,2.29098,2.27893,2.284955
5.309000000000001e-05,2.29747,2.27976,2.288615
5.31e-05,2.29868,2.27873,2.288705
5.311e-05,2.29441,2.28237,2.28839
5.312e-05,2.29127,2.28195,2.28661
5.313e-05,2.29918,2.27296,2.28607
5.314e-05,2.30007,2.27992,2.289995
5.315e-05,2.28991,2.2743,2.282105
5.316e-05,2.30038,2.28855,2.294465
5.317e-05,2.29729,2.27857,2.28793
5.3179999999999996e-05,2.30044,2.28082,2.29063
5.3190000000000004e-05,2.30391,2.27952,2.291715
5.3200000000000006e-05,2.30297,2.27283,2.2879
5.321e-05,2.31036,2.27965,2.295005
5.3219999999999995e-05,2.30408,2.28365,2.293865
5.323e-05,2.31118,2.27721,2.294195
5.3240000000000005e-05,2.30624,2.27785,2.292045
5.325e-05,2.30641,2.27832,2.292365
5.3259999999999995e-05,2.30611,2.27932,2.292715
5.327e-05,2.30581,2.28105,2.29343
5.328e-05,2.30685,2.2828,2.294825
5.329e-05,2.30587,2.27075,2.28831
5.33e-05,2.30013,2.27846,2.289295
5.331e-05,2.3036,2.28429,2.293945
5.332e-05,2.30798,2.28099,2.294485
5.332999999999999e-05,2.3047,2.28695,2.295825
5.334000000000001e-05,2.29684,2.27435,2.285595
5.335e-05,2.30601,2.28273,2.29437
5.336e-05,2.29821,2.28002,2.289115
5.337e-05,2.28939,2.28806,2.288725
5.338e-05,2.29472,2.27984,2.28728
5.339e-05,2.297,2.2794,2.2882
5.34e-05,2.30108,2.2774,2.28924
5.341e-05,2.30149,2.28576,2.293625
5.342e-05,2.30354,2.2823,2.29292
5.3429999999999995e-05,2.29971,2.28884,2.294275
5.3439999999999997e-05,2.30101,2.28631,2.29366
5.3450000000000005e-05,2.30349,2.28638,2.294935
5.346e-05,2.29854,2.28854,2.29354
5.3469999999999995e-05,2.29969,2.28938,2.294535
5.348e-05,2.30515,2.28271,2.29393
5.3490000000000005e-05,2.30577,2.28682,2.296295
5.35e-05,2.30237,2.28849,2.29543
5.3509999999999994e-05,2.29944,2.28684,2.29314
5.352e-05,2.29549,2.28585,2.29067
5.3530000000000004e-05,2.29812,2.28673,2.292425
5.354e-05,2.30317,2.28531,2.29424
5.355e-05,2.29417,2.28901,2.29159
5.356e-05,2.29834,2.27892,2.28863
5.357e-05,2.29872,2.28919,2.293955
5.358e-05,2.2969,2.28157,2.289235
5.359000000000001e-05,2.30245,2.2933,2.297875
5.36e-05,2.29395,2.28115,2.28755
5.361e-05,2.29441,2.27994,2.287175
5.361999999999999e-05,2.29672,2.2883,2.29251
5.3630000000000007e-05,2.29815,2.28486,2.291505
5.364e-05,2.30033,2.28039,2.29036
5.3649999999999996e-05,2.30418,2.29132,2.29775
5.366e-05,2.29715,2.2863,2.291725
5.367e-05,2.29989,2.28476,2.292325
5.368e-05,2.30868,2.29347,2.301075
5.3689999999999996e-05,2.3046,2.28888,2.29674
5.3700000000000004e-05,2.31093,2.2849,2.297915
5.371e-05,2.30561,2.28352,2.294565
5.3719999999999994e-05,2.30343,2.27768,2.290555
5.373e-05,2.30058,2.28545,2.293015
5.3740000000000004e-05,2.3126,2.28575,2.299175
5.375e-05,2.30528,2.27794,2.29161
5.3759999999999994e-05,2.30556,2.28847,2.297015
5.377000000000001e-05,2.32001,2.28424,2.302125
5.3780000000000003e-05,2.31755,2.28672,2.302135
5.379e-05,2.31568,2.28353,2.299605
5.38e-05,2.32174,2.2837,2.30272
5.381e-05,2.31895,2.28152,2.300235
5.382e-05,2.31706,2.2923,2.30468
5.383e-05,2.31327,2.28745,2.30036
5.3840000000000006e-05,2.30958,2.28306,2.29632
5.385e-05,2.30746,2.28614,2.2968
5.3859999999999996e-05,2.30884,2.2793,2.29407
5.387e-05,2.30373,2.29071,2.29722
5.3880000000000006e-05,2.30475,2.2917,2.298225
5.389e-05,2.30439,2.28826,2.296325
5.3899999999999996e-05,2.31599,2.28814,2.302065
5.391e-05,2.30602,2.28349,2.294755
5.3920000000000006e-05,2.30509,2.29401,2.29955
5.393e-05,2.30181,2.28164,2.291725
5.3939999999999995e-05,2.29609,2.28883,2.29246
5.3950000000000004e-05,2.29445,2.28915,2.2918
5.396e-05,2.30452,2.2851,2.29481
5.397e-05,2.307,2.28276,2.29488
5.398e-05,2.31203,2.28129,2.29666
5.399e-05,2.30674,2.27853,2.292635
5.4e-05,2.2985,2.28043,2.289465
5.400999999999999e-05,2.304,2.28617,2.295085
5.402000000000001e-05,2.30254,2.28625,2.294395
5.403e-05,2.30265,2.29,2.296325
5.404e-05,2.29765,2.29109,2.29437
5.404999999999999e-05,2.29805,2.2964,2.297225
5.406e-05,2.30105,2.2925,2.296775
5.407e-05,2.30021,2.2862,2.293205
5.408e-05,2.30659,2.29054,2.298565
5.4090000000000006e-05,2.30378,2.28482,2.2943
5.41e-05,2.30612,2.2934,2.29976
5.4109999999999995e-05,2.30351,2.29354,2.298525
5.412e-05,2.30828,2.28706,2.29767
5.4130000000000005e-05,2.30122,2.29256,2.29689
5.414e-05,2.31187,2.30138,2.306625
5.4149999999999995e-05,2.30854,2.29128,2.29991
5.4159999999999996e-05,2.30101,2.29257,2.29679
5.4170000000000005e-05,2.30508,2.28421,2.294645
5.418e-05,2.30306,2.29047,2.296765
5.4189999999999994e-05,2.30571,2.28484,2.295275
5.42e-05,2.30638,2.27873,2.292555
5.4210000000000004e-05,2.30498,2.28779,2.296385
5.422e-05,2.30126,2.2842,2.29273
5.4229999999999994e-05,2.30677,2.27361,2.29019
5.424e-05,2.30939,2.29356,2.301475
5.425e-05,2.30387,2.29135,2.29761
5.426e-05,2.30187,2.28721,2.29454
5.427000000000001e-05,2.30876,2.28421,2.296485
5.428e-05,2.30295,2.28028,2.291615
5.429e-05,2.30775,2.28517,2.29646
5.429999999999999e-05,2.30881,2.28194,2.295375
5.431000000000001e-05,2.30953,2.28056,2.295045
5.432e-05,2.31076,2.27978,2.29527
5.4329999999999997e-05,2.30782,2.28296,2.29539
5.4340000000000005e-05,2.30214,2.28259,2.292365
5.435e-05,2.3029,2.28956,2.29623
5.436e-05,2.30173,2.27812,2.289925
5.4369999999999996e-05,2.30393,2.28246,2.293195
5.4380000000000005e-05,2.30108,2.28466,2.29287
5.439e-05,2.30002,2.28173,2.290875
5.4399999999999994e-05,2.30654,2.27732,2.29193
5.441e-05,2.30097,2.28369,2.29233
5.4420000000000004e-05,2.29967,2.29133,2.2955
5.443e-05,2.30031,2.2836,2.291955
5.4439999999999994e-05,2.2991,2.29159,2.295345
5.445e-05,2.31245,2.27874,2.295595
5.4460000000000004e-05,2.30775,2.28155,2.29465
5.447e-05,2.30492,2.28308,2.294
5.447999999999999e-05,2.31186,2.28253,2.297195
5.449e-05,2.30884,2.28793,2.298385
5.4499999999999997e-05,2.2985,2.29237,2.295435
5.451e-05,2.29951,2.29195,2.29573
5.4520000000000007e-05,2.2963,2.2909,2.2936
5.453e-05,2.29984,2.29151,2.295675
5.4539999999999996e-05,2.29766,2.28892,2.29329
5.454999999999999e-05,2.30427,2.29432,2.299295
5.4560000000000006e-05,2.30458,2.29223,2.298405
5.457e-05,2.31232,2.28317,2.297745
5.4579999999999996e-05,2.30178,2.28783,2.294805
5.4590000000000004e-05,2.30517,2.29039,2.29778
5.4600000000000006e-05,2.30422,2.29195,2.298085
5.461e-05,2.30393,2.28859,2.29626
5.4619999999999995e-05,2.30302,2.2832,2.29311
5.4630000000000004e-05,2.30001,2.28947,2.29474
5.464e-05,2.296,2.28329,2.289645
5.465e-05,2.30366,2.29012,2.29689
5.4659999999999995e-05,2.29743,2.29293,2.29518
5.4670000000000003e-05,2.30606,2.27588,2.29097
5.468e-05,2.31205,2.27969,2.29587
5.468999999999999e-05,2.30823,2.28833,2.29828
5.470000000000001e-05,2.30535,2.28673,2.29604
5.471e-05,2.30646,2.28014,2.2933
5.472e-05,2.31007,2.2826,2.296335
5.472999999999999e-05,2.30538,2.29494,2.30016
5.474e-05,2.30513,2.28858,2.296855
5.475e-05,2.306,2.2866,2.2963
5.476e-05,2.31273,2.2785,2.295615
5.4770000000000006e-05,2.31046,2.28566,2.29806
5.478e-05,2.30552,2.28268,2.2941
5.4789999999999995e-05,2.30341,2.28587,2.29464
5.48e-05,2.30305,2.27673,2.28989
5.4810000000000005e-05,2.30182,2.2844,2.29311
5.482e-05,2.29711,2.28518,2.291145
5.4829999999999995e-05,2.30388,2.27956,2.29172
5.4840000000000003e-05,2.30615,2.28701,2.29658
5.4850000000000005e-05,2.30742,2.27364,2.29053
5.486e-05,2.31249,2.28045,2.29647
5.4869999999999995e-05,2.30628,2.28709,2.296685
5.488e-05,2.30536,2.28432,2.29484
5.489e-05,2.30953,2.28298,2.296255
5.49e-05,2.30558,2.27447,2.290025
5.4909999999999994e-05,2.30547,2.28588,2.295675
5.492e-05,2.29739,2.28719,2.29229
5.493e-05,2.29611,2.27303,2.28457
5.494e-05,2.30859,2.27961,2.2941
5.495000000000001e-05,2.30581,2.27839,2.2921
5.496e-05,2.30714,2.28651,2.296825
5.497e-05,2.31313,2.28339,2.29826
5.497999999999999e-05,2.30665,2.28817,2.29741
5.499000000000001e-05,2.30408,2.27378,2.28893
5.5e-05,2.30482,2.2832,2.29401
5.501e-05,2.30107,2.28829,2.29468
5.5020000000000005e-05,2.30591,2.28943,2.29767
5.503e-05,2.30436,2.28292,2.29364
5.504e-05,2.3002,2.28431,2.292255
5.5049999999999996e-05,2.30815,2.28086,2.294505
5.5060000000000005e-05,2.31089,2.28336,2.297125
5.507e-05,2.3054,2.29021,2.297805
5.5079999999999994e-05,2.30588,2.28369,2.294785
5.509e-05,2.31169,2.28077,2.29623
5.5100000000000004e-05,2.30847,2.27965,2.29406
5.511e-05,2.30376,2.28103,2.292395
5.5119999999999994e-05,2.30992,2.28097,2.295445
5.513e-05,2.30206,2.28208,2.29207
5.5140000000000004e-05,2.30609,2.28676,2.296425
5.515e-05,2.30819,2.27522,2.291705
5.5159999999999994e-05,2.30703,2.28476,2.295895
5.517e-05,2.29839,2.28293,2.29066
5.518e-05,2.30235,2.27611,2.28923
5.519e-05,2.30175,2.27707,2.28941
5.520000000000001e-05,2.3084,2.27415,2.291275
5.521e-05,2.29722,2.28142,2.28932
5.5219999999999996e-05,2.30919,2.27557,2.29238
5.522999999999999e-05,2.29755,2.28112,2.289335
5.5240000000000006e-05,2.29864,2.28566,2.29215
5.525e-05,2.30607,2.28736,2.296715
5.5259999999999996e-05,2.3111,2.28838,2.29974
5.527e-05,2.31105,2.28221,2.29663
5.5280000000000006e-05,2.30633,2.27961,2.29297
5.529e-05,2.30739,2.28287,2.29513
5.5299999999999996e-05,2.30877,2.28658,2.297675
5.5310000000000004e-05,2.31093,2.28372,2.297325
5.532e-05,2.31251,2.28177,2.29714
5.533e-05,2.31726,2.28097,2.299115
5.534e-05,2.31459,2.28074,2.297665
5.5350000000000004e-05,2.31785,2.28972,2.303785
5.536e-05,2.31009,2.2825,2.296295
5.536999999999999e-05,2.30788,2.28391,2.295895
5.538000000000001e-05,2.3071,2.28503,2.296065
5.539e-05,2.30152,2.28338,2.29245
5.54e-05,2.30761,2.28437,2.29599
5.540999999999999e-05,2.30128,2.27529,2.288285
5.542e-05,2.30502,2.28119,2.293105
5.543e-05,2.30643,2.28313,2.29478
5.544e-05,2.31276,2.2806,2.29668
5.5450000000000006e-05,2.30296,2.28573,2.294345
5.546e-05,2.30038,2.28501,2.292695
5.5469999999999996e-05,2.30135,2.287,2.294175
5.548e-05,2.31001,2.28482,2.297415
5.5490000000000006e-05,2.30755,2.29237,2.29996
5.55e-05,2.30652,2.29651,2.301515
5.5509999999999995e-05,2.30705,2.28392,2.295485
5.552e-05,2.3093,2.29,2.29965
5.5530000000000005e-05,2.30779,2.28449,2.29614
5.554e-05,2.31102,2.28475,2.297885
5.5549999999999995e-05,2.30852,2.28848,2.2985
5.556e-05,2.30491,2.28356,2.294235
5.557e-05,2.29789,2.29248,2.295185
5.558e-05,2.30736,2.28441,2.295885
5.559e-05,2.3056,2.28106,2.29333
5.56e-05,2.3055,2.28082,2.29316
5.561e-05,2.31069,2.2867,2.298695
5.561999999999999e-05,2.30845,2.28678,2.297615
5.563000000000001e-05,2.32523,2.2829,2.304065
5.564e-05,2.314,2.28764,2.30082
5.565e-05,2.31135,2.29587,2.30361
5.565999999999999e-05,2.31906,2.29979,2.309425
5.567000000000001e-05,2.30888,2.29271,2.300795
5.568e-05,2.3117,2.28017,2.295935
5.569e-05,2.31452,2.28523,2.299875
5.57e-05,2.30496,2.28398,2.29447
5.571e-05,2.31086,2.2815,2.29618
5.572e-05,2.31459,2.28058,2.297585
5.573e-05,2.3147,2.28335,2.299025
5.5740000000000005e-05,2.31225,2.2856,2.298925
5.575e-05,2.30896,2.28263,2.295795
5.5759999999999995e-05,2.30659,2.28324,2.294915
5.577e-05,2.31337,2.27692,2.295145
5.5780000000000005e-05,2.3079,2.28546,2.29668
5.579e-05,2.31455,2.28942,2.301985
5.5799999999999994e-05,2.3159,2.28647,2.301185
5.581e-05,2.3114,2.29085,2.301125
5.5820000000000004e-05,2.3112,2.28341,2.297305
5.583e-05,2.30892,2.28277,2.295845
5.584e-05,2.311,2.27762,2.29431
5.585e-05,2.30328,2.28712,2.2952
5.586e-05,2.30845,2.28895,2.2987
5.587e-05,2.30725,2.28531,2.29628
5.588e-05,2.30533,2.2889,2.297115
5.589e-05,2.29926,2.27991,2.289585
5.59e-05,2.30428,2.28414,2.29421
5.590999999999999e-05,2.30564,2.28215,2.293895
5.592000000000001e-05,2.31029,2.28138,2.295835
5.593e-05,2.29969,2.28382,2.291755
5.5939999999999996e-05,2.30771,2.29066,2.299185
5.595e-05,2.2961,2.27984,2.28797
5.596e-05,2.30568,2.28667,2.296175
5.597e-05,2.29877,2.27711,2.28794
5.5979999999999996e-05,2.29163,2.27217,2.2819
5.5990000000000004e-05,2.29691,2.28401,2.29046
5.6e-05,2.30295,2.28694,2.294945
5.6009999999999994e-05,2.30306,2.28274,2.2929
5.602e-05,2.30887,2.28039,2.29463
5.6030000000000004e-05,2.32071,2.27723,2.29897
5.604e-05,2.318,2.28551,2.301755
5.6049999999999994e-05,2.30769,2.28177,2.29473
5.606000000000001e-05,2.31541,2.28105,2.29823
5.6070000000000004e-05,2.30314,2.2805,2.29182
5.608e-05,2.30838,2.28391,2.296145
5.609e-05,2.30021,2.29,2.295105
5.61e-05,2.30641,2.2785,2.292455
5.611e-05,2.30301,2.282,2.292505
5.612e-05,2.29765,2.28322,2.290435
5.613e-05,2.30574,2.2882,2.29697
5.614e-05,2.30662,2.28352,2.29507
5.6149999999999996e-05,2.30901,2.28212,2.295565
5.616e-05,2.30447,2.28526,2.294865
5.6170000000000006e-05,2.29868,2.28898,2.29383
5.618e-05,2.29937,2.2919,2.295635
5.6189999999999996e-05,2.30192,2.28404,2.29298
5.62e-05,2.30623,2.28624,2.296235
5.6210000000000006e-05,2.30063,2.2921,2.296365
5.622e-05,2.30723,2.28279,2.29501
5.6229999999999995e-05,2.30265,2.28401,2.29333
5.6240000000000004e-05,2.30412,2.28314,2.29363
5.625e-05,2.30609,2.28551,2.2958
5.626e-05,2.30747,2.28535,2.29641
5.627e-05,2.30869,2.27934,2.294015
5.628e-05,2.30777,2.27835,2.29306
5.629e-05,2.31897,2.27638,2.297675
5.629999999999999e-05,2.30709,2.27964,2.293365
5.631e-05,2.3047,2.28225,2.293475
5.632e-05,2.30596,2.28444,2.2952
5.633e-05,2.30686,2.2865,2.29668
5.634e-05,2.3058,2.28546,2.29563
5.635e-05,2.30044,2.27536,2.2879
5.636e-05,2.30977,2.28446,2.297115
5.637e-05,2.31134,2.28502,2.29818
5.638e-05,2.30767,2.28827,2.29797
5.639e-05,2.30059,2.28541,2.293
5.64e-05,2.30348,2.28488,2.29418
5.641e-05,2.30044,2.28867,2.294555
5.6420000000000005e-05,2.29652,2.28764,2.29208
5.643e-05,2.30552,2.27851,2.292015
5.6439999999999995e-05,2.29996,2.28523,2.292595
5.645e-05,2.29857,2.28502,2.291795
5.6460000000000005e-05,2.29647,2.28515,2.29081
5.647e-05,2.29426,2.28207,2.288165
5.6479999999999995e-05,2.2985,2.28593,2.292215
5.6489999999999996e-05,2.2996,2.28543,2.292515
5.6500000000000005e-05,2.30507,2.28465,2.29486
5.651e-05,2.30811,2.28602,2.297065
5.652e-05,2.30036,2.29542,2.29789
5.653e-05,2.30452,2.28951,2.297015
5.654e-05,2.30259,2.2838,2.293195
5.655e-05,2.29761,2.28934,2.293475
5.656e-05,2.29274,2.28525,2.288995
5.657e-05,2.29213,2.28842,2.290275
5.658e-05,2.30177,2.28752,2.294645
5.659e-05,2.2941,2.27992,2.28701
5.660000000000001e-05,2.30375,2.28052,2.292135
5.661e-05,2.29306,2.28397,2.288515
5.662e-05,2.29859,2.28311,2.29085
5.663e-05,2.30563,2.2766,2.291115
5.664e-05,2.30319,2.28613,2.29466
5.665e-05,2.30768,2.27723,2.292455
5.6659999999999996e-05,2.30189,2.29676,2.299325
5.6670000000000005e-05,2.29528,2.28448,2.28988
5.668e-05,2.29686,2.28542,2.29114
5.6689999999999994e-05,2.29377,2.29166,2.292715
5.67e-05,2.29422,2.28083,2.287525
5.6710000000000004e-05,2.30228,2.28175,2.292015
5.672e-05,2.30827,2.28044,2.294355
5.6729999999999994e-05,2.30773,2.28291,2.29532
5.6739999999999995e-05,2.30142,2.28392,2.29267
5.6750000000000004e-05,2.29455,2.2833,2.288925
5.676e-05,2.30159,2.27673,2.28916
5.677e-05,2.29048,2.2789,2.28469
5.678e-05,2.29439,2.28674,2.290565
5.6790000000000003e-05,2.29793,2.28227,2.2901
5.68e-05,2.29905,2.28095,2.29
5.681e-05,2.30844,2.27778,2.29311
5.682e-05,2.29459,2.28375,2.28917
5.6829999999999996e-05,2.30622,2.29161,2.298915
5.6840000000000005e-05,2.3034,2.27602,2.28971
5.6850000000000006e-05,2.30724,2.27879,2.293015
5.686e-05,2.30089,2.28353,2.29221
5.6869999999999996e-05,2.29672,2.28174,2.28923
5.688e-05,2.29547,2.27872,2.287095
5.6890000000000006e-05,2.30542,2.2782,2.29181
5.69e-05,2.29588,2.27927,2.287575
5.6909999999999996e-05,2.28811,2.28675,2.28743
5.692e-05,2.29824,2.28703,2.292635
5.693e-05,2.29229,2.27568,2.283985
5.694e-05,2.30148,2.28624,2.29386
5.695e-05,2.3056,2.28258,2.29409
5.6960000000000004e-05,2.30704,2.27717,2.292105
5.697e-05,2.31675,2.28925,2.303
5.697999999999999e-05,2.31058,2.28176,2.29617
5.699e-05,2.30782,2.28138,2.2946
5.7e-05,2.30389,2.28552,2.294705
5.701e-05,2.29834,2.27903,2.288685
5.702e-05,2.29818,2.27871,2.288445
5.703e-05,2.29251,2.28095,2.28673
5.704e-05,2.29862,2.28549,2.292055
5.705e-05,2.30352,2.27865,2.291085
5.706e-05,2.29848,2.2772,2.28784
5.707e-05,2.29219,2.2849,2.288545
5.7079999999999996e-05,2.29562,2.27806,2.28684
5.7090000000000004e-05,2.29907,2.28335,2.29121
5.71e-05,2.29782,2.281,2.28941
5.711e-05,2.30092,2.27716,2.28904
5.7119999999999995e-05,2.29911,2.28053,2.28982
5.7130000000000004e-05,2.30133,2.28589,2.29361
5.7140000000000005e-05,2.30719,2.29003,2.29861
5.715e-05,2.30726,2.28663,2.296945
5.7159999999999995e-05,2.30256,2.28547,2.294015
5.7169999999999996e-05,2.29992,2.28135,2.290635
5.7180000000000005e-05,2.29404,2.28483,2.289435
5.719e-05,2.28671,2.28189,2.2843
5.72e-05,2.29148,2.28509,2.288285
5.721e-05,2.29719,2.28766,2.292425
5.722e-05,2.30718,2.28171,2.294445
5.723e-05,2.30666,2.28169,2.294175
5.724e-05,2.30062,2.27881,2.289715
5.725e-05,2.30514,2.28192,2.29353
5.726e-05,2.29801,2.2768,2.287405
5.727e-05,2.29932,2.28767,2.293495
5.728000000000001e-05,2.30261,2.29161,2.29711
5.729e-05,2.29638,2.28629,2.291335
5.73e-05,2.29529,2.28612,2.290705
5.731e-05,2.29701,2.28454,2.290775
5.732e-05,2.29774,2.27539,2.286565
5.733e-05,2.30174,2.28319,2.292465
5.734e-05,2.29583,2.27997,2.2879
5.735e-05,2.29976,2.27941,2.289585
5.736e-05,2.30631,2.27362,2.289965
5.7369999999999995e-05,2.30148,2.28889,2.295185
5.738e-05,2.29968,2.2823,2.29099
5.7390000000000004e-05,2.30406,2.29007,2.297065
5.74e-05,2.30227,2.28675,2.29451
5.7409999999999994e-05,2.30531,2.29094,2.298125
5.7419999999999996e-05,2.30503,2.29054,2.297785
5.7430000000000004e-05,2.30273,2.28753,2.29513
5.744e-05,2.30085,2.28314,2.291995
5.745e-05,2.30161,2.28849,2.29505
5.746e-05,2.30139,2.29355,2.29747
5.747e-05,2.29808,2.28807,2.293075
5.748e-05,2.29886,2.29165,2.295255
5.749e-05,2.30238,2.2808,2.29159
5.75e-05,2.29722,2.28064,2.28893
5.7509999999999997e-05,2.29475,2.28153,2.28814
5.7520000000000005e-05,2.29313,2.28506,2.289095
5.753e-05,2.29098,2.28498,2.28798
5.754e-05,2.29185,2.28873,2.29029
5.7549999999999996e-05,2.29311,2.2837,2.288405
5.756e-05,2.29706,2.28373,2.290395
5.7570000000000006e-05,2.30271,2.28119,2.29195
5.758e-05,2.30102,2.28543,2.293225
5.759e-05,2.30777,2.2851,2.296435
5.76e-05,2.30034,2.27595,2.288145
5.761e-05,2.30239,2.2825,2.292445
5.762e-05,2.30283,2.27605,2.28944
5.763e-05,2.30134,2.28167,2.291505
5.7640000000000004e-05,2.29171,2.27919,2.28545
5.765e-05,2.29571,2.28263,2.28917
5.7659999999999993e-05,2.29391,2.28116,2.287535
5.767e-05,2.28435,2.28615,2.28525
5.7680000000000003e-05,2.29396,2.2865,2.29023
5.769e-05,2.29043,2.28954,2.289985
5.77e-05,2.29241,2.28435,2.28838
5.7709999999999995e-05,2.28699,2.29053,2.28876
5.772e-05,2.29727,2.2837,2.290485
5.773e-05,2.2982,2.28355,2.290875
5.774e-05,2.3046,2.28509,2.294845
5.775e-05,2.29914,2.28427,2.291705
5.7759999999999996e-05,2.30504,2.29074,2.29789
5.7770000000000004e-05,2.29991,2.29157,2.29574
5.778e-05,2.29512,2.28516,2.29014
5.779e-05,2.29263,2.28531,2.28897
5.7799999999999995e-05,2.29564,2.28801,2.291825
5.781e-05,2.29934,2.2869,2.29312
5.7820000000000005e-05,2.30534,2.30472,2.30503
5.783e-05,2.29802,2.29478,2.2964
5.784e-05,2.29877,2.29037,2.29457
5.785e-05,2.29515,2.30226,2.298705
5.7860000000000005e-05,2.30063,2.29686,2.298745
5.787e-05,2.29547,2.29144,2.293455
5.788e-05,2.29779,2.29132,2.294555
5.789e-05,2.29742,2.29322,2.29532
5.79e-05,2.29426,2.30112,2.29769
5.791e-05,2.30011,2.29548,2.297795
5.792e-05,2.29268,2.29075,2.291715
5.793e-05,2.28963,2.30206,2.295845
5.794e-05,2.29353,2.29212,2.292825
5.795e-05,2.29402,2.29039,2.292205
5.796e-05,2.29636,2.29872,2.29754
5.797e-05,2.29042,2.29153,2.290975
5.798e-05,2.2963,2.28792,2.29211
5.799e-05,2.30409,2.2902,2.297145
5.8e-05,2.30013,2.29085,2.29549
5.801e-05,2.29873,2.28767,2.2932
5.8020000000000004e-05,2.30053,2.29184,2.296185
5.803e-05,2.30043,2.29432,2.297375
5.804e-05,2.29904,2.29662,2.29783
5.8049999999999995e-05,2.29541,2.29143,2.29342
5.806e-05,2.30068,2.29439,2.297535
5.8070000000000005e-05,2.29944,2.28535,2.292395
5.808e-05,2.30081,2.28936,2.295085
5.809e-05,2.29946,2.28867,2.294065
5.8099999999999996e-05,2.30428,2.28752,2.2959
5.8110000000000004e-05,2.30454,2.28698,2.29576
5.812e-05,2.30134,2.28594,2.29364
5.813e-05,2.30187,2.29335,2.29761
5.8139999999999996e-05,2.29266,2.28664,2.28965
5.815e-05,2.30617,2.29093,2.29855
5.816e-05,2.30679,2.28315,2.29497
5.817e-05,2.30731,2.28953,2.29842
5.818e-05,2.30567,2.27971,2.29269
5.819e-05,2.30829,2.28534,2.296815
5.82e-05,2.30574,2.28493,2.295335
5.821e-05,2.2965,2.28593,2.291215
5.822e-05,2.30442,2.29248,2.29845
5.8229999999999996e-05,2.30066,2.28638,2.29352
5.824e-05,2.30096,2.28997,2.295465
5.8250000000000006e-05,2.30149,2.29148,2.296485
5.826e-05,2.30577,2.28295,2.29436
5.827e-05,2.31249,2.28986,2.301175
5.828e-05,2.30976,2.28224,2.296
5.829e-05,2.30537,2.29345,2.29941
5.83e-05,2.30992,2.28484,2.29738
5.831e-05,2.31115,2.29209,2.30162
5.832e-05,2.30412,2.28897,2.296545
5.833e-05,2.31067,2.30407,2.30737
5.834e-05,2.3051,2.30205,2.303575
5.835e-05,2.30472,2.28871,2.296715
5.8360000000000004e-05,2.30209,2.2924,2.297245
5.837e-05,2.30677,2.29018,2.298475
5.838e-05,2.31093,2.29086,2.300895
5.8389999999999995e-05,2.30347,2.28023,2.29185
5.84e-05,2.30007,2.28004,2.290055
5.841e-05,2.30597,2.29422,2.300095
5.842e-05,2.31024,2.28013,2.295185
5.843e-05,2.30998,2.28309,2.296535
5.8439999999999996e-05,2.31097,2.27516,2.293065
5.8450000000000005e-05,2.30774,2.28864,2.29819
5.846e-05,2.30537,2.28758,2.296475
5.847e-05,2.30612,2.29646,2.30129
5.8479999999999996e-05,2.29755,2.28828,2.292915
5.849e-05,2.29768,2.28435,2.291015
5.8500000000000006e-05,2.29817,2.28812,2.293145
5.851e-05,2.29841,2.29053,2.29447
5.852e-05,2.29707,2.28471,2.29089
5.853e-05,2.30426,2.29002,2.29714
5.854e-05,2.29433,2.28763,2.29098
5.855e-05,2.29991,2.28671,2.29331
5.856e-05,2.29328,2.29131,2.292295
5.8569999999999997e-05,2.2981,2.2872,2.29265
5.858e-05,2.2908,2.29387,2.292335
5.8590000000000007e-05,2.29915,2.29129,2.29522
5.86e-05,2.30163,2.28741,2.29452
5.861e-05,2.30755,2.28455,2.29605
5.862e-05,2.3052,2.28872,2.29696
5.863e-05,2.30197,2.27906,2.290515
5.864e-05,2.29364,2.28148,2.28756
5.865e-05,2.3037,2.29113,2.297415
5.866e-05,2.3041,2.28762,2.29586
5.867e-05,2.30354,2.28789,2.295715
5.868e-05,2.30023,2.29203,2.29613
5.869e-05,2.29875,2.28776,2.293255
5.8700000000000004e-05,2.29687,2.29503,2.29595
5.871e-05,2.30006,2.29635,2.298205
5.872e-05,2.29533,2.3017,2.298515
5.8729999999999995e-05,2.29222,2.29177,2.291995
5.8740000000000003e-05,2.30125,2.29189,2.29657
5.875e-05,2.29248,2.28894,2.29071
5.876e-05,2.29864,2.29822,2.29843
5.877e-05,2.29426,2.293,2.29363
5.8779999999999996e-05,2.29018,2.29959,2.294885
5.8790000000000005e-05,2.2839,2.28984,2.28687
5.88e-05,2.29038,2.28874,2.28956
5.881e-05,2.29658,2.28439,2.290485
5.8819999999999996e-05,2.29575,2.29083,2.29329
5.883e-05,2.29577,2.29418,2.294975
5.8840000000000006e-05,2.30158,2.27998,2.29078
5.885e-05,2.29107,2.28655,2.28881
5.886e-05,2.29395,2.28758,2.290765
5.887e-05,2.30039,2.2778,2.289095
5.888e-05,2.29717,2.28957,2.29337
5.889e-05,2.30564,2.2886,2.29712
5.89e-05,2.30344,2.28563,2.294535
5.891e-05,2.2993,2.29182,2.29556
5.892e-05,2.29839,2.28399,2.29119
5.892999999999999e-05,2.2979,2.28591,2.291905
5.894e-05,2.30094,2.28841,2.294675
5.895e-05,2.30405,2.2803,2.292175
5.896e-05,2.31222,2.28442,2.29832
5.897e-05,2.30444,2.28546,2.29495
5.8979999999999994e-05,2.30366,2.28525,2.294455
5.899e-05,2.29556,2.2844,2.28998
5.9e-05,2.3058,2.28155,2.293675
5.901e-05,2.29081,2.28126,2.286035
5.902e-05,2.2971,2.28579,2.291445
5.903e-05,2.30123,2.28025,2.29074
5.9040000000000004e-05,2.30449,2.2874,2.295945
5.905e-05,2.30389,2.28944,2.296665
5.906e-05,2.29641,2.28991,2.29316
5.9069999999999995e-05,2.29721,2.29002,2.293615
5.9080000000000004e-05,2.28981,2.29257,2.29119
5.9090000000000005e-05,2.289,2.28462,2.28681
5.91e-05,2.29315,2.28839,2.29077
5.911e-05,2.29859,2.29524,2.296915
5.9119999999999996e-05,2.29375,2.28311,2.28843
5.9130000000000005e-05,2.29256,2.2972,2.29488
5.914e-05,2.29369,2.29322,2.293455
5.915e-05,2.28889,2.28831,2.2886
5.9159999999999996e-05,2.29497,2.28749,2.29123
5.917e-05,2.29865,2.28422,2.291435
5.918e-05,2.29974,2.2892,2.29447
5.919e-05,2.29784,2.28422,2.29103
5.92e-05,2.29438,2.28665,2.290515
5.921e-05,2.30125,2.28525,2.29325
5.922e-05,2.31303,2.28454,2.298785
5.923e-05,2.29619,2.29148,2.293835
5.924e-05,2.3046,2.29272,2.29866
5.925e-05,2.30316,2.30656,2.30486
5.926e-05,2.30002,2.30078,2.3004
5.927e-05,2.30131,2.29843,2.29987
5.928e-05,2.30091,2.2984,2.299655
5.929e-05,2.30726,2.29189,2.299575
5.93e-05,2.30913,2.28669,2.29791
5.931e-05,2.29213,2.29013,2.29113
5.9319999999999994e-05,2.29339,2.29311,2.29325
5.933e-05,2.2933,2.28019,2.286745
5.9340000000000004e-05,2.29782,2.28801,2.292915
5.935e-05,2.29573,2.28584,2.290785
5.9359999999999994e-05,2.30039,2.28977,2.29508
5.937e-05,2.29798,2.28899,2.293485
5.9380000000000004e-05,2.29965,2.28722,2.293435
5.939e-05,2.29665,2.2858,2.291225
5.94e-05,2.29785,2.29299,2.29542
5.9409999999999995e-05,2.29757,2.28631,2.29194
5.9420000000000004e-05,2.3034,2.2775,2.29045
5.943e-05,2.30256,2.29011,2.296335
5.944e-05,2.29523,2.29099,2.29311
5.945e-05,2.30491,2.30488,2.304895
5.9459999999999997e-05,2.30384,2.29952,2.30168
5.9470000000000005e-05,2.30329,2.28186,2.292575
5.948e-05,2.29403,2.29049,2.29226
5.949e-05,2.30245,2.28566,2.294055
5.9499999999999996e-05,2.30476,2.29649,2.300625
5.951e-05,2.29985,2.28716,2.293505
5.9520000000000006e-05,2.2958,2.28087,2.288335
5.953e-05,2.30371,2.29448,2.299095
5.9539999999999996e-05,2.30363,2.28199,2.29281
5.955e-05,2.29756,2.28771,2.292635
5.956e-05,2.29701,2.28134,2.289175
5.957e-05,2.29495,2.28341,2.28918
5.958e-05,2.29659,2.28493,2.29076
5.9590000000000004e-05,2.29744,2.28085,2.289145
5.96e-05,2.30293,2.28214,2.292535
5.9609999999999993e-05,2.2996,2.28287,2.291235
5.962e-05,2.30196,2.28894,2.29545
5.963e-05,2.30675,2.29027,2.29851
5.964e-05,2.30671,2.29423,2.30047
5.965e-05,2.29694,2.29228,2.29461
5.9659999999999995e-05,2.2952,2.28404,2.28962
5.967e-05,2.30445,2.28472,2.294585
5.968e-05,2.29612,2.28723,2.291675
5.969e-05,2.30249,2.29488,2.298685
5.97e-05,2.2988,2.29533,2.297065
5.9709999999999996e-05,2.29979,2.29335,2.29657
5.9720000000000004e-05,2.30211,2.27984,2.290975
5.973e-05,2.29279,2.28673,2.28976
5.974e-05,2.30026,2.28739,2.293825
5.9749999999999995e-05,2.29977,2.28664,2.293205
5.9760000000000004e-05,2.28678,2.297,2.29189
5.9770000000000005e-05,2.29566,2.29647,2.296065
5.978e-05,2.29052,2.28791,2.289215
5.9789999999999995e-05,2.29223,2.28948,2.290855
5.98e-05,2.29091,2.30112,2.296015
5.9810000000000005e-05,2.29944,2.29772,2.29858
5.982e-05,2.293,2.29992,2.29646
5.983e-05,2.29997,2.30287,2.30142
5.984e-05,2.30361,2.30515,2.30438
5.985e-05,2.29363,2.29867,2.29615
5.986e-05,2.29214,2.30015,2.296145
5.987e-05,2.29586,2.29395,2.294905
5.988e-05,2.30066,2.31156,2.30611
5.989e-05,2.29939,2.30205,2.30072
5.99e-05,2.30019,2.30036,2.300275
5.991e-05,2.29472,2.289,2.29186
5.992e-05,2.30442,2.29988,2.30215
5.993e-05,2.30609,2.29306,2.299575
5.994e-05,2.30144,2.29485,2.298145
5.995e-05,2.30085,2.29342,2.297135
5.996e-05,2.30126,2.29082,2.29604
5.997e-05,2.29566,2.2815,2.28858
5.998e-05,2.29711,2.28125,2.28918
5.999e-05,2.3091,2.29239,2.300745
5.9999999999999995e-05,2.30581,2.29034,2.298075
6.001e-05,2.3009,2.29163,2.296265
6.0020000000000005e-05,2.30577,2.28319,2.29448
6.003e-05,2.30137,2.29585,2.29861
6.0039999999999994e-05,2.29897,2.28632,2.292645
6.0049999999999996e-05,2.31365,2.29335,2.3035
6.0060000000000004e-05,2.3018,2.29165,2.296725
6.007e-05,2.30476,2.29315,2.298955
6.008e-05,2.30352,2.29403,2.298775
6.009e-05,2.31171,2.2914,2.301555
6.0100000000000004e-05,2.30411,2.28419,2.29415
6.011e-05,2.30258,2.29231,2.297445
6.012e-05,2.29664,2.29087,2.293755
6.013e-05,2.29078,2.28899,2.289885
6.014e-05,2.29816,2.28691,2.292535
6.015e-05,2.29396,2.28901,2.291485
6.016e-05,2.30197,2.29282,2.297395
6.017e-05,2.29601,2.28576,2.290885
6.0179999999999996e-05,2.2886,2.29024,2.28942
6.019e-05,2.29847,2.28975,2.29411
6.0200000000000006e-05,2.29789,2.29144,2.294665
6.021e-05,2.2923,2.29867,2.295485
6.0219999999999996e-05,2.29637,2.30545,2.30091
6.023e-05,2.29575,2.29094,2.293345
6.024e-05,2.30316,2.29142,2.29729
6.025e-05,2.29628,2.29622,2.29625
6.026e-05,2.2947,2.2949,2.2948
6.0270000000000004e-05,2.29315,2.28976,2.291455
6.028e-05,2.29137,2.28521,2.28829
6.0289999999999994e-05,2.28314,2.288,2.28557
6.03e-05,2.28725,2.29602,2.291635
6.0310000000000004e-05,2.28453,2.30556,2.295045
6.032e-05,2.28542,2.28951,2.287465
6.033e-05,2.28527,2.29754,2.291405
6.034e-05,2.28724,2.29306,2.29015
6.035e-05,2.29317,2.29019,2.29168
6.036e-05,2.28584,2.29006,2.28795
6.037e-05,2.29117,2.29568,2.293425
6.038e-05,2.28949,2.29115,2.29032
6.0389999999999996e-05,2.29197,2.29631,2.29414
6.04e-05,2.29461,2.28674,2.290675
6.041e-05,2.29217,2.30042,2.296295
6.042e-05,2.29081,2.29449,2.29265
6.0429999999999996e-05,2.29219,2.28866,2.290425
6.044e-05,2.29061,2.28669,2.28865
6.0450000000000006e-05,2.28173,2.28838,2.285055
6.046e-05,2.2884,2.2873,2.28785
6.0469999999999995e-05,2.2855,2.28751,2.286505
6.048e-05,2.28401,2.29541,2.28971
6.0490000000000005e-05,2.2792,2.29508,2.28714
6.05e-05,2.28315,2.29693,2.29004
6.051e-05,2.28238,2.29686,2.28962
6.052e-05,2.28847,2.28453,2.2865
6.053e-05,2.28418,2.29303,2.288605
6.054e-05,2.28843,2.28471,2.28657
6.055e-05,2.2859,2.29026,2.28808
6.056e-05,2.28642,2.29251,2.289465
6.057e-05,2.28793,2.28206,2.284995
6.057999999999999e-05,2.2799,2.29716,2.28853
6.059000000000001e-05,2.29221,2.29368,2.292945
6.06e-05,2.29082,2.28984,2.29033
6.061e-05,2.29769,2.2925,2.295095
6.062e-05,2.30481,2.29265,2.29873
6.063e-05,2.30418,2.28823,2.296205
6.064e-05,2.29719,2.29825,2.29772
6.065e-05,2.30214,2.29258,2.29736
6.066e-05,2.29455,2.29969,2.29712
6.067e-05,2.30429,2.30013,2.30221
6.0679999999999995e-05,2.29738,2.29966,2.29852
6.069e-05,2.29567,2.29512,2.295395
6.0700000000000005e-05,2.30093,2.2994,2.300165
6.071e-05,2.30237,2.29682,2.299595
6.0719999999999995e-05,2.29441,2.30185,2.29813
6.0729999999999996e-05,2.29323,2.29163,2.29243
6.0740000000000005e-05,2.29158,2.29291,2.292245
6.075e-05,2.29625,2.2916,2.293925
6.0759999999999994e-05,2.29973,2.29639,2.29806
6.077e-05,2.30172,2.28707,2.294395
6.078e-05,2.30158,2.29539,2.298485
6.079e-05,2.30334,2.29428,2.29881
6.08e-05,2.30429,2.28884,2.296565
6.081e-05,2.30278,2.29038,2.29658
6.082e-05,2.29561,2.28855,2.29208
6.082999999999999e-05,2.29812,2.28228,2.2902
6.084000000000001e-05,2.29193,2.28865,2.29029
6.085e-05,2.29256,2.28851,2.290535
6.086e-05,2.30278,2.29442,2.2986
6.087e-05,2.29652,2.28016,2.28834
6.088000000000001e-05,2.30437,2.29307,2.29872
6.089e-05,2.29286,2.28,2.28643
6.0899999999999996e-05,2.29198,2.28716,2.28957
6.091e-05,2.29216,2.28596,2.28906
6.092e-05,2.29113,2.28471,2.28792
6.093e-05,2.29179,2.28768,2.289735
6.094e-05,2.28747,2.29287,2.29017
6.0950000000000004e-05,2.29306,2.29204,2.29255
6.096e-05,2.29393,2.28982,2.291875
6.0969999999999994e-05,2.287,2.28573,2.286365
6.098e-05,2.29175,2.28879,2.29027
6.0990000000000004e-05,2.2942,2.28611,2.290155
6.1e-05,2.30206,2.2875,2.29478
6.1009999999999994e-05,2.28994,2.28497,2.287455
6.102e-05,2.29217,2.28659,2.28938
6.1030000000000004e-05,2.28698,2.28192,2.28445
6.104e-05,2.29027,2.28446,2.287365
6.105e-05,2.29578,2.28634,2.29106
6.106e-05,2.29862,2.29335,2.295985
6.107e-05,2.29268,2.29029,2.291485
6.107999999999999e-05,2.29771,2.28671,2.29221
6.109e-05,2.2906,2.30222,2.29641
6.110000000000001e-05,2.28754,2.28683,2.287185
6.111e-05,2.29051,2.29398,2.292245
6.112e-05,2.29776,2.29089,2.294325
6.113e-05,2.28834,2.28552,2.28693
6.114e-05,2.29197,2.28332,2.287645
6.115e-05,2.28363,2.29397,2.2888
6.116e-05,2.28474,2.29229,2.288515
6.117e-05,2.29341,2.29233,2.29287
6.118e-05,2.29548,2.29048,2.29298
6.118999999999999e-05,2.29496,2.29004,2.2925
6.120000000000001e-05,2.29108,2.27939,2.285235
6.121e-05,2.29442,2.28193,2.288175
6.122e-05,2.29124,2.28198,2.28661
6.123e-05,2.29173,2.28651,2.28912
6.124e-05,2.2879,2.28974,2.28882
6.125e-05,2.28755,2.29052,2.289035
6.125999999999999e-05,2.3007,2.28526,2.29298
6.127e-05,2.29128,2.28631,2.288795
6.128e-05,2.28852,2.28811,2.288315
6.128999999999999e-05,2.2903,2.28672,2.28851
6.13e-05,2.28845,2.29708,2.292765
6.131000000000001e-05,2.29054,2.28297,2.286755
6.132e-05,2.28887,2.29189,2.29038
6.133e-05,2.29938,2.28867,2.294025
6.134e-05,2.29672,2.28971,2.293215
6.135e-05,2.30135,2.28634,2.293845
6.136e-05,2.29619,2.29143,2.29381
6.136999999999999e-05,2.29388,2.29622,2.29505
6.138e-05,2.29001,2.28774,2.288875
6.139000000000001e-05,2.29182,2.29218,2.292
6.14e-05,2.29793,2.28349,2.29071
6.141e-05,2.29773,2.28304,2.290385
6.142e-05,2.2871,2.28569,2.286395
6.143e-05,2.30087,2.30389,2.30238
6.144e-05,2.29393,2.29485,2.29439
6.145e-05,2.29436,2.29853,2.296445
6.146e-05,2.29214,2.29448,2.29331
6.146999999999999e-05,2.28436,2.28887,2.286615
6.148e-05,2.29349,2.2866,2.290045
6.149000000000001e-05,2.29938,2.28569,2.292535
6.15e-05,2.29443,2.29542,2.294925
6.151e-05,2.29839,2.28873,2.29356
6.152000000000001e-05,2.30063,2.29511,2.29787
6.153e-05,2.30694,2.29694,2.30194
6.154e-05,2.29935,2.28642,2.292885
6.155e-05,2.30109,2.30468,2.302885
6.156e-05,2.29639,2.28951,2.29295
6.157e-05,2.29617,2.29991,2.29804
6.157999999999999e-05,2.30358,2.28872,2.29615
6.159000000000001e-05,2.30374,2.29298,2.29836
6.16e-05,2.29604,2.29122,2.29363
6.161e-05,2.29681,2.29589,2.29635
6.162e-05,2.2992,2.30349,2.301345
6.163e-05,2.3051,2.30033,2.302715
6.164e-05,2.30497,2.30133,2.30315
6.165e-05,2.30422,2.28644,2.29533
6.166e-05,2.29964,2.2903,2.29497
6.167e-05,2.29361,2.29076,2.292185
6.167999999999999e-05,2.30121,2.28013,2.29067
6.169e-05,2.28627,2.28884,2.287555
6.170000000000001e-05,2.30219,2.29911,2.30065
6.171e-05,2.30184,2.2888,2.29532
6.172e-05,2.29783,2.29218,2.295005
6.173e-05,2.29826,2.29866,2.29846
6.174e-05,2.29151,2.28439,2.28795
6.175e-05,2.29172,2.29712,2.29442
6.175999999999999e-05,2.29163,2.29785,2.29474
6.177e-05,2.29592,2.29172,2.29382
6.178000000000001e-05,2.30211,2.29965,2.30088
6.179e-05,2.29822,2.29269,2.295455
6.18e-05,2.29928,2.30918,2.30423
6.181e-05,2.29629,2.29784,2.297065
6.182e-05,2.30146,2.29996,2.30071
6.183e-05,2.29422,2.29932,2.29677
6.184e-05,2.304,2.28857,2.296285
6.185e-05,2.30051,2.30209,2.3013
6.186e-05,2.31065,2.2988,2.304725
6.186999999999999e-05,2.30869,2.2997,2.304195
6.188000000000001e-05,2.29555,2.29321,2.29438
6.189e-05,2.30421,2.29049,2.29735
6.19e-05,2.29494,2.29825,2.296595
6.191e-05,2.293,2.29591,2.294455
6.192e-05,2.29682,2.30092,2.29887
6.193e-05,2.30586,2.29453,2.300195
6.193999999999999e-05,2.29924,2.29314,2.29619
6.195e-05,2.29335,2.2897,2.291525
6.196e-05,2.30278,2.29927,2.301025
6.196999999999999e-05,2.2954,2.28567,2.290535
6.198e-05,2.29093,2.29714,2.294035
6.199000000000001e-05,2.29163,2.29905,2.29534
6.2e-05,2.28925,2.29081,2.29003
6.201e-05,2.29278,2.29668,2.29473
6.202e-05,2.29077,2.30243,2.2966
6.203e-05,2.29026,2.29108,2.29067
6.204e-05,2.29589,2.29921,2.29755
6.204999999999999e-05,2.29163,2.29505,2.29334
6.206e-05,2.30596,2.29889,2.302425
6.207e-05,2.29912,2.30506,2.30209
6.208e-05,2.29706,2.29104,2.29405
6.209000000000001e-05,2.3026,2.29579,2.299195
6.21e-05,2.30142,2.29941,2.300415
6.211e-05,2.30656,2.30467,2.305615
6.212e-05,2.30115,2.29175,2.29645
6.213e-05,2.297,2.29873,2.297865
6.214e-05,2.29854,2.29675,2.297645
6.214999999999999e-05,2.30087,2.29756,2.299215
6.216e-05,2.29956,2.29793,2.298745
6.217000000000001e-05,2.30109,2.2932,2.297145
6.218e-05,2.29231,2.30089,2.2966
6.219e-05,2.29721,2.29807,2.29764
6.220000000000001e-05,2.29072,2.2917,2.29121
6.221e-05,2.29241,2.30031,2.29636
6.222e-05,2.29039,2.29483,2.29261
6.222999999999999e-05,2.29522,2.29395,2.294585
6.224e-05,2.29609,2.29895,2.29752
6.225e-05,2.29558,2.29812,2.29685
6.225999999999999e-05,2.2928,2.28476,2.28878
6.227000000000001e-05,2.28475,2.28939,2.28707
6.228000000000001e-05,2.27789,2.29731,2.2876
6.229e-05,2.29274,2.29462,2.29368
6.23e-05,2.29731,2.28997,2.29364
6.231e-05,2.29684,2.29062,2.29373
6.232e-05,2.30059,2.28894,2.294765
6.233e-05,2.29877,2.28717,2.29297
6.234e-05,2.3042,2.29777,2.300985
6.235e-05,2.29893,2.2858,2.292365
6.235999999999999e-05,2.2892,2.28563,2.287415
6.237e-05,2.29231,2.29357,2.29294
6.238000000000001e-05,2.29246,2.29201,2.292235
6.239e-05,2.29703,2.29498,2.296005
6.24e-05,2.2916,2.28135,2.286475
6.241e-05,2.29152,2.28764,2.28958
6.242e-05,2.29547,2.29079,2.29313
6.243e-05,2.29541,2.29513,2.29527
6.243999999999999e-05,2.29512,2.29032,2.29272
6.245e-05,2.29338,2.29031,2.291845
6.246e-05,2.29387,2.29217,2.29302
6.247e-05,2.29829,2.2913,2.294795
6.248e-05,2.30023,2.28418,2.292205
6.249e-05,2.29842,2.27806,2.28824
6.25e-05,2.29995,2.28398,2.291965
6.251e-05,2.30062,2.29132,2.29597
6.252e-05,2.30413,2.30093,2.30253
6.253e-05,2.2965,2.29125,2.293875
6.254e-05,2.2924,2.29058,2.29149
6.254999999999999e-05,2.28813,2.28866,2.288395
6.256000000000001e-05,2.29197,2.29225,2.29211
6.257e-05,2.30364,2.28673,2.295185
6.258e-05,2.29217,2.29147,2.29182
6.259000000000001e-05,2.29794,2.28968,2.29381
6.26e-05,2.29628,2.3004,2.29834
6.261e-05,2.28785,2.29337,2.29061
6.262e-05,2.29105,2.28312,2.287085
6.263e-05,2.2908,2.28838,2.28959
6.264e-05,2.29324,2.28758,2.29041
6.264999999999999e-05,2.29692,2.29467,2.295795
6.266e-05,2.29074,2.29289,2.291815
6.267000000000001e-05,2.29146,2.29319,2.292325
6.268e-05,2.30245,2.28561,2.29403
6.269e-05,2.29368,2.29726,2.29547
6.27e-05,2.29521,2.28565,2.29043
6.271e-05,2.2934,2.28925,2.291325
6.272e-05,2.29993,2.28632,2.293125
6.272999999999999e-05,2.2935,2.28886,2.29118
6.274e-05,2.29632,2.27957,2.287945
6.275e-05,2.30368,2.28282,2.29325
6.276e-05,2.28856,2.28836,2.28846
6.277000000000001e-05,2.30383,2.28616,2.294995
6.278e-05,2.30144,2.2847,2.29307
6.279e-05,2.28862,2.29095,2.289785
6.28e-05,2.29647,2.2956,2.296035
6.281e-05,2.29547,2.28329,2.28938
6.282e-05,2.29182,2.28692,2.28937
6.282999999999999e-05,2.29052,2.27937,2.284945
6.284e-05,2.2933,2.289,2.29115
6.285000000000001e-05,2.29346,2.29382,2.29364
6.286e-05,2.29143,2.29134,2.291385
6.287e-05,2.29512,2.29046,2.29279
6.288000000000001e-05,2.29122,2.29024,2.29073
6.289e-05,2.28609,2.28744,2.286765
6.29e-05,2.29214,2.27697,2.284555
6.290999999999999e-05,2.28647,2.28337,2.28492
6.292e-05,2.28721,2.27975,2.28348
6.293e-05,2.28962,2.27498,2.2823
6.293999999999999e-05,2.29335,2.29198,2.292665
6.295000000000001e-05,2.297,2.29033,2.293665
6.296000000000001e-05,2.29544,2.28613,2.290785
6.297e-05,2.30279,2.29094,2.296865
6.298e-05,2.30095,2.29825,2.2996
6.299e-05,2.30443,2.2985,2.301465
6.3e-05,2.29585,2.29271,2.29428
6.301e-05,2.29739,2.28954,2.293465
6.302e-05,2.30186,2.29183,2.296845
6.303e-05,2.2919,2.29407,2.292985
6.303999999999999e-05,2.29492,2.28772,2.29132
6.305e-05,2.29673,2.2956,2.296165
6.306000000000001e-05,2.29201,2.29437,2.29319
6.307e-05,2.29266,2.29367,2.293165
6.308e-05,2.2867,2.30303,2.294865
6.309000000000001e-05,2.28748,2.29622,2.29185
6.31e-05,2.29299,2.29693,2.29496
6.311e-05,2.29802,2.30167,2.299845
6.311999999999999e-05,2.29259,2.29822,2.295405
6.313e-05,2.29251,2.29214,2.292325
6.314e-05,2.30238,2.2956,2.29899
6.315e-05,2.28924,2.30469,2.296965
6.316e-05,2.29311,2.30178,2.297445
6.317e-05,2.28798,2.28987,2.288925
6.318e-05,2.29339,2.29078,2.292085
6.319e-05,2.28839,2.2918,2.290095
6.32e-05,2.29476,2.28712,2.29094
6.321e-05,2.29189,2.28365,2.28777
6.322e-05,2.29078,2.28838,2.28958
6.322999999999999e-05,2.29697,2.29489,2.29593
6.324000000000001e-05,2.29844,2.29804,2.29824
6.325e-05,2.29673,2.29458,2.295655
6.326e-05,2.29686,2.2937,2.29528
6.327000000000001e-05,2.30716,2.29697,2.302065
6.328e-05,2.3042,2.29189,2.298045
6.329e-05,2.29218,2.29362,2.2929
6.33e-05,2.29738,2.29154,2.29446
6.331e-05,2.29923,2.28531,2.29227
6.332e-05,2.30137,2.28685,2.29411
6.332999999999999e-05,2.29284,2.28313,2.287985
6.334000000000001e-05,2.29117,2.29115,2.29116
6.335000000000001e-05,2.29382,2.2884,2.29111
6.336e-05,2.29893,2.28898,2.293955
6.337e-05,2.29731,2.29559,2.29645
6.338e-05,2.29166,2.27979,2.285725
6.339e-05,2.29032,2.28988,2.2901
6.34e-05,2.29634,2.29033,2.293335
6.340999999999999e-05,2.30403,2.28221,2.29312
6.342e-05,2.29641,2.28434,2.290375
6.343e-05,2.29602,2.27882,2.28742
6.344e-05,2.29214,2.28984,2.29099
6.345000000000001e-05,2.29252,2.27606,2.28429
6.346e-05,2.29224,2.28609,2.289165
6.347e-05,2.28922,2.28988,2.28955
6.348e-05,2.29833,2.28783,2.29308
6.349e-05,2.29996,2.29061,2.295285
6.35e-05,2.30222,2.28689,2.294555
6.351e-05,2.29124,2.28666,2.28895
6.352e-05,2.29516,2.28749,2.291325
6.353e-05,2.29571,2.28078,2.288245
6.354e-05,2.30031,2.29388,2.297095
6.355e-05,2.29904,2.28654,2.29279
6.356000000000001e-05,2.30159,2.28679,2.29419
6.357e-05,2.29995,2.29601,2.29798
6.358e-05,2.29553,2.28826,2.291895
6.359e-05,2.29443,2.29089,2.29266
6.36e-05,2.29205,2.28349,2.28777
6.361e-05,2.29338,2.28724,2.29031
6.361999999999999e-05,2.29835,2.28924,2.293795
6.363000000000001e-05,2.28856,2.27892,2.28374
6.364000000000001e-05,2.29791,2.29326,2.295585
6.365e-05,2.2846,2.29005,2.287325
6.366e-05,2.29213,2.28975,2.29094
6.367e-05,2.28882,2.294,2.29141
6.368e-05,2.29358,2.29424,2.29391
6.369e-05,2.29864,2.28767,2.293155
6.37e-05,2.30765,2.28693,2.29729
6.371e-05,2.29992,2.28475,2.292335
6.371999999999999e-05,2.29612,2.28715,2.291635
6.373e-05,2.299,2.27977,2.289385
6.374000000000001e-05,2.29655,2.28432,2.290435
6.375e-05,2.30092,2.28401,2.292465
6.376e-05,2.29795,2.27731,2.28763
6.377000000000001e-05,2.2959,2.28469,2.290295
6.378e-05,2.30088,2.28592,2.2934
6.379e-05,2.29741,2.2825,2.289955
6.379999999999999e-05,2.29025,2.2855,2.287875
6.381e-05,2.29468,2.28676,2.29072
6.382e-05,2.30039,2.28585,2.29312
6.383e-05,2.29964,2.28542,2.29253
6.384000000000001e-05,2.29656,2.28899,2.292775
6.385000000000001e-05,2.28633,2.28311,2.28472
6.386e-05,2.28851,2.29163,2.29007
6.387e-05,2.28919,2.28772,2.288455
6.388e-05,2.28704,2.28766,2.28735
6.389e-05,2.29069,2.294,2.292345
6.39e-05,2.28508,2.29139,2.288235
6.390999999999999e-05,2.2973,2.29938,2.29834
6.392e-05,2.29466,2.29533,2.294995
6.393e-05,2.29732,2.29263,2.294975
6.394e-05,2.30269,2.29065,2.29667
6.395000000000001e-05,2.29828,2.3007,2.29949
6.396e-05,2.28377,2.28686,2.285315
6.397e-05,2.29125,2.28605,2.28865
6.398e-05,2.29489,2.29211,2.2935
6.399e-05,2.30113,2.29281,2.29697
6.4e-05,2.28675,2.29389,2.29032
6.401e-05,2.28799,2.28695,2.28747
6.402e-05,2.29236,2.29363,2.292995
6.403000000000001e-05,2.28471,2.29387,2.28929
6.404e-05,2.29587,2.29056,2.293215
6.405e-05,2.28725,2.29332,2.290285
6.406e-05,2.28267,2.29486,2.288765
6.406999999999999e-05,2.2808,2.29391,2.287355
6.408e-05,2.28088,2.29099,2.285935
6.409e-05,2.27557,2.29115,2.28336
6.409999999999999e-05,2.28196,2.29201,2.286985
6.411e-05,2.27607,2.2863,2.281185
6.412000000000002e-05,2.2774,2.286,2.2817
6.413e-05,2.28539,2.28715,2.28627
6.414e-05,2.28646,2.28492,2.28569
6.415000000000001e-05,2.2912,2.28498,2.28809
6.416e-05,2.28652,2.28223,2.284375
6.417e-05,2.28741,2.28088,2.284145
6.418e-05,2.29212,2.27948,2.2858
6.419e-05,2.29767,2.28556,2.291615
6.42e-05,2.3,2.29364,2.29682
6.420999999999998e-05,2.29715,2.2907,2.293925
6.422e-05,2.28973,2.28574,2.287735
6.423000000000001e-05,2.29248,2.28922,2.29085
6.424e-05,2.29303,2.28677,2.2899
6.425e-05,2.30115,2.29154,2.296345
6.426000000000001e-05,2.29352,2.29392,2.29372
6.426999999999999e-05,2.29488,2.28957,2.292225
6.428e-05,2.28556,2.29588,2.29072
6.429e-05,2.29303,2.29369,2.29336
6.429999999999999e-05,2.29578,2.29506,2.29542
6.431000000000001e-05,2.29714,2.29123,2.294185
6.432e-05,2.29192,2.29146,2.29169
6.433e-05,2.29092,2.28532,2.28812
6.434000000000001e-05,2.29419,2.29327,2.29373
6.434999999999999e-05,2.30185,2.29262,2.297235
6.436e-05,2.30351,2.29405,2.29878
6.437000000000001e-05,2.29251,2.28669,2.2896
6.437999999999999e-05,2.29744,2.29481,2.296125
6.439e-05,2.29121,2.29088,2.291045
6.44e-05,2.30593,2.28959,2.29776
6.441e-05,2.30181,2.29122,2.296515
6.442000000000001e-05,2.29674,2.28396,2.29035
6.443e-05,2.29381,2.28756,2.290685
6.444e-05,2.29978,2.28682,2.2933
6.445000000000001e-05,2.29572,2.28513,2.290425
6.445999999999999e-05,2.29531,2.2949,2.295105
6.447e-05,2.28758,2.29623,2.291905
6.448e-05,2.29438,2.30307,2.298725
6.448999999999999e-05,2.29289,2.3008,2.296845
6.45e-05,2.29369,2.30712,2.300405
6.451000000000002e-05,2.2954,2.29873,2.297065
6.452e-05,2.30356,2.29571,2.299635
6.453000000000001e-05,2.29853,2.2906,2.294565
6.454e-05,2.2985,2.29364,2.29607
6.455e-05,2.30543,2.29105,2.29824
6.456e-05,2.29107,2.29066,2.290865
6.456999999999999e-05,2.29812,2.2893,2.29371
6.458e-05,2.29261,2.28839,2.2905
6.459e-05,2.29598,2.28068,2.28833
6.459999999999998e-05,2.28962,2.2892,2.28941
6.461e-05,2.28947,2.2821,2.285785
6.462000000000001e-05,2.29779,2.29601,2.2969
6.463e-05,2.29519,2.29677,2.29598
6.464e-05,2.29269,2.2866,2.289645
6.465e-05,2.29687,2.2956,2.296235
6.466e-05,2.29669,2.2972,2.296945
6.467e-05,2.29863,2.29225,2.29544
6.468e-05,2.30353,2.29602,2.299775
6.468999999999999e-05,2.29801,2.29576,2.296885
6.470000000000001e-05,2.30501,2.29644,2.300725
6.471e-05,2.30529,2.29011,2.2977
6.472e-05,2.29937,2.29645,2.29791
6.473000000000001e-05,2.30759,2.28644,2.297015
6.474e-05,2.30312,2.29714,2.30013
6.475e-05,2.30415,2.28934,2.296745
6.476000000000001e-05,2.3034,2.29088,2.29714
6.476999999999999e-05,2.29666,2.29032,2.29349
6.478e-05,2.29468,2.29261,2.293645
6.479e-05,2.29402,2.2927,2.29336
6.48e-05,2.2929,2.2947,2.2938
6.481000000000001e-05,2.29507,2.28803,2.29155
6.481999999999999e-05,2.29707,2.29165,2.29436
6.483e-05,2.29433,2.29313,2.29373
6.484000000000001e-05,2.30179,2.29324,2.297515
6.484999999999999e-05,2.29383,2.29072,2.292275
6.486e-05,2.29004,2.29588,2.29296
6.487000000000001e-05,2.29567,2.30357,2.29962
6.487999999999999e-05,2.28888,2.29392,2.2914
6.489e-05,2.30234,2.29233,2.297335
6.49e-05,2.29565,2.29576,2.295705
6.491e-05,2.29135,2.29183,2.29159
6.492000000000001e-05,2.29739,2.29766,2.297525
6.493e-05,2.29488,2.30347,2.299175
6.494e-05,2.2981,2.29026,2.29418
6.495e-05,2.29404,2.30014,2.29709
6.495999999999999e-05,2.29949,2.29787,2.29868
6.497e-05,2.29436,2.28636,2.29036
6.498e-05,2.28992,2.29504,2.29248
6.498999999999999e-05,2.29344,2.29641,2.294925
6.500000000000001e-05,2.28689,2.29903,2.29296
6.501e-05,2.29641,2.28946,2.292935
6.502e-05,2.29224,2.292,2.29212
6.503e-05,2.29365,2.29007,2.29186
6.504e-05,2.2929,2.29755,2.295225
6.505e-05,2.29074,2.29387,2.292305
6.506e-05,2.29645,2.29906,2.297755
6.506999999999999e-05,2.28905,2.29229,2.29067
6.508e-05,2.28991,2.30413,2.29702
6.509000000000002e-05,2.2951,2.29316,2.29413
6.51e-05,2.29297,2.28152,2.287245
6.511e-05,2.2939,2.29472,2.29431
6.512000000000001e-05,2.2869,2.29988,2.29339
6.513e-05,2.2872,2.29621,2.291705
6.514e-05,2.29368,2.29886,2.29627
6.515e-05,2.28637,2.30224,2.294305
6.515999999999999e-05,2.2935,2.29715,2.295325
6.517e-05,2.29599,2.28972,2.292855
6.518e-05,2.29031,2.29577,2.29304
6.519e-05,2.29311,2.30365,2.29838
6.520000000000001e-05,2.29169,2.2925,2.292095
6.521e-05,2.28621,2.29546,2.290835
6.522e-05,2.29228,2.28795,2.290115
6.523000000000001e-05,2.2917,2.29709,2.294395
6.523999999999999e-05,2.29346,2.29835,2.295905
6.525e-05,2.29203,2.28834,2.290185
6.526e-05,2.29495,2.29323,2.29409
6.526999999999999e-05,2.29019,2.28931,2.28975
6.528e-05,2.30238,2.29055,2.296465
6.529e-05,2.29696,2.28526,2.29111
6.53e-05,2.29386,2.3,2.29693
6.531000000000001e-05,2.29632,2.30233,2.299325
6.531999999999999e-05,2.29455,2.30177,2.29816
6.533e-05,2.29591,2.29103,2.29347
6.534000000000001e-05,2.30008,2.29637,2.298225
6.534999999999999e-05,2.29107,2.29951,2.29529
6.536e-05,2.29832,2.28703,2.292675
6.537e-05,2.29801,2.30072,2.299365
6.537999999999999e-05,2.29403,2.30825,2.30114
6.539000000000001e-05,2.28773,2.30579,2.29676
6.54e-05,2.29661,2.29371,2.29516
6.541e-05,2.2893,2.29482,2.29206
6.542000000000001e-05,2.28409,2.29832,2.291205
6.543e-05,2.2947,2.29742,2.29606
6.544e-05,2.29151,2.30036,2.295935
6.545e-05,2.28701,2.29834,2.292675
6.545999999999999e-05,2.29664,2.29192,2.29428
6.547e-05,2.29241,2.29796,2.295185
6.548000000000002e-05,2.29116,2.2914,2.29128
6.549e-05,2.29416,2.29375,2.293955
6.55e-05,2.29811,2.29845,2.29828
6.551e-05,2.29423,2.29228,2.293255
6.552e-05,2.29188,2.28651,2.289195
6.553e-05,2.28739,2.28537,2.28638
6.554e-05,2.29419,2.28735,2.29077
6.555e-05,2.29944,2.30043,2.299935
6.556e-05,2.28822,2.29044,2.28933
6.556999999999998e-05,2.28719,2.29962,2.293405
6.558e-05,2.2852,2.29713,2.291165
6.559000000000001e-05,2.28522,2.28987,2.287545
6.56e-05,2.29552,2.29342,2.29447
6.561e-05,2.29218,2.28984,2.29101
6.562e-05,2.29278,2.29431,2.293545
6.563e-05,2.29515,2.2974,2.296275
6.564e-05,2.29112,2.28724,2.28918
6.565e-05,2.29572,2.28565,2.290685
6.565999999999999e-05,2.30055,2.28365,2.2921
6.567e-05,2.30228,2.29285,2.297565
6.568000000000001e-05,2.29486,2.28859,2.291725
6.569e-05,2.29299,2.28856,2.290775
6.570000000000001e-05,2.29751,2.28749,2.2925
6.570999999999999e-05,2.30331,2.28906,2.296185
6.572e-05,2.29878,2.28763,2.293205
6.573000000000001e-05,2.29588,2.27749,2.286685
6.573999999999999e-05,2.29699,2.29046,2.293725
6.575e-05,2.29114,2.29098,2.29106
6.576e-05,2.29473,2.29197,2.29335
6.576999999999999e-05,2.29708,2.29488,2.29598
6.578000000000001e-05,2.30006,2.29309,2.296575
6.579e-05,2.29291,2.28344,2.288175
6.58e-05,2.29557,2.29046,2.293015
6.581000000000001e-05,2.29095,2.27881,2.28488
6.581999999999999e-05,2.28643,2.28751,2.28697
6.583e-05,2.28657,2.28566,2.286115
6.584e-05,2.29292,2.2953,2.29411
6.584999999999999e-05,2.28888,2.28233,2.285605
6.586e-05,2.29511,2.28632,2.290715
6.587e-05,2.2903,2.28725,2.288775
6.588e-05,2.29352,2.29509,2.294305
6.589000000000001e-05,2.30196,2.29312,2.29754
6.59e-05,2.28968,2.29852,2.2941
6.591e-05,2.29031,2.28373,2.28702
6.592e-05,2.29602,2.29796,2.29699
6.593e-05,2.29195,2.29191,2.29193
6.594e-05,2.29516,2.28505,2.290105
6.595e-05,2.29091,2.29696,2.293935
6.595999999999999e-05,2.29901,2.29406,2.296535
6.597000000000001e-05,2.29851,2.29639,2.29745
6.598000000000002e-05,2.29643,2.29183,2.29413
6.599e-05,2.29795,2.29237,2.29516
6.6e-05,2.2949,2.29117,2.293035
6.601e-05,2.29294,2.28318,2.28806
6.602e-05,2.29001,2.28289,2.28645
6.603e-05,2.2824,2.28442,2.28341
6.604e-05,2.29215,2.28648,2.289315
6.604999999999999e-05,2.29029,2.29954,2.294915
6.606e-05,2.29272,2.28922,2.29097
6.607e-05,2.28766,2.29434,2.291
6.608e-05,2.2931,2.29238,2.29274
6.609000000000001e-05,2.29226,2.29701,2.294635
6.61e-05,2.29307,2.28962,2.291345
6.611e-05,2.29626,2.29684,2.29655
6.612e-05,2.297,2.29153,2.294265
6.612999999999999e-05,2.28583,2.29045,2.28814
6.614e-05,2.29334,2.28935,2.291345
6.615e-05,2.29571,2.28732,2.291515
6.615999999999999e-05,2.29712,2.29109,2.294105
6.617000000000001e-05,2.30072,2.29437,2.297545
6.618e-05,2.2933,2.28685,2.290075
6.619e-05,2.29674,2.29092,2.29383
6.620000000000001e-05,2.29267,2.28587,2.28927
6.620999999999999e-05,2.29774,2.28962,2.29368
6.622e-05,2.28227,2.29888,2.290575
6.623e-05,2.28885,2.294,2.291425
6.623999999999999e-05,2.29246,2.29663,2.294545
6.625e-05,2.2934,2.29259,2.292995
6.626e-05,2.29314,2.2879,2.29052
6.627e-05,2.29757,2.29296,2.295265
6.628000000000001e-05,2.28293,2.29962,2.291275
6.629e-05,2.288,2.30066,2.29433
6.63e-05,2.29856,2.29594,2.29725
6.631000000000001e-05,2.29397,2.30011,2.29704
6.631999999999999e-05,2.29081,2.29882,2.294815
6.633e-05,2.29219,2.30235,2.29727
6.634e-05,2.28844,2.29386,2.29115
6.634999999999999e-05,2.2816,2.29519,2.288395
6.636000000000001e-05,2.28406,2.29529,2.289675
6.637e-05,2.294,2.28984,2.29192
6.638e-05,2.29476,2.29024,2.2925
6.639e-05,2.29581,2.29195,2.29388
6.64e-05,2.2978,2.30082,2.29931
6.641e-05,2.29785,2.29805,2.29795
6.642e-05,2.29455,2.29697,2.29576
6.643e-05,2.29659,2.30238,2.299485
6.644e-05,2.30022,2.29535,2.297785
6.645e-05,2.29271,2.29814,2.295425
6.646e-05,2.29903,2.30585,2.30244
6.647e-05,2.29443,2.30573,2.30008
6.648e-05,2.29382,2.29948,2.29665
6.649e-05,2.29587,2.29597,2.29592
6.65e-05,2.28935,2.29982,2.294585
6.651e-05,2.29715,2.30119,2.29917
6.652e-05,2.2962,2.29723,2.296715
6.653e-05,2.28739,2.30609,2.29674
6.654e-05,2.29819,2.29647,2.29733
6.654999999999999e-05,2.29391,2.29617,2.29504
6.656000000000001e-05,2.29216,2.30231,2.297235
6.657e-05,2.29904,2.29468,2.29686
6.658e-05,2.29347,2.29372,2.293595
6.659000000000001e-05,2.30237,2.3074,2.304885
6.659999999999999e-05,2.29,2.30642,2.29821
6.661e-05,2.28607,2.29508,2.290575
6.662e-05,2.29077,2.30424,2.297505
6.662999999999999e-05,2.29349,2.29869,2.29609
6.664e-05,2.29166,2.29534,2.2935
6.665000000000001e-05,2.29735,2.29929,2.29832
6.666e-05,2.29263,2.30274,2.297685
6.667000000000001e-05,2.29644,2.2961,2.29627
6.668e-05,2.2988,2.29298,2.29589
6.669e-05,2.29247,2.28243,2.28745
6.670000000000001e-05,2.29717,2.28078,2.288975
6.670999999999999e-05,2.29605,2.28535,2.2907
6.672e-05,2.28894,2.29411,2.291525
6.672999999999999e-05,2.29192,2.28848,2.2902
6.673999999999999e-05,2.29548,2.29042,2.29295
6.675000000000001e-05,2.29231,2.28445,2.28838
6.676e-05,2.29339,2.28931,2.29135
6.677e-05,2.29223,2.2886,2.290415
6.678000000000001e-05,2.29335,2.29795,2.29565
6.679e-05,2.30013,2.29277,2.29645
6.68e-05,2.29473,2.28914,2.291935
6.681e-05,2.29129,2.2853,2.288295
6.681999999999999e-05,2.2986,2.28772,2.29316
6.683e-05,2.29517,2.29967,2.29742
6.683999999999999e-05,2.29528,2.29748,2.29638
6.685e-05,2.29398,2.29238,2.29318
6.686000000000001e-05,2.29556,2.29823,2.296895
6.687e-05,2.29399,2.28759,2.29079
6.688e-05,2.29827,2.29335,2.29581
6.689e-05,2.29481,2.29086,2.292835
6.69e-05,2.28657,2.2968,2.291685
6.691e-05,2.28551,2.2973,2.291405
6.692e-05,2.29943,2.2938,2.296615
6.693e-05,2.29914,2.3028,2.30097
6.694e-05,2.29059,2.29992,2.295255
6.695000000000001e-05,2.29269,2.29543,2.29406
6.696e-05,2.28744,2.29762,2.29253
6.697e-05,2.29632,2.29378,2.29505
6.698e-05,2.29195,2.30013,2.29604
6.699e-05,2.29148,2.28932,2.2904
6.7e-05,2.29528,2.29678,2.29603
6.701e-05,2.29983,2.30265,2.30124
6.701999999999999e-05,2.29133,2.29952,2.295425
6.703e-05,2.29631,2.29367,2.29499
6.704000000000001e-05,2.28129,2.28902,2.285155
6.705e-05,2.29149,2.29618,2.293835
6.706000000000001e-05,2.28541,2.30003,2.29272
6.706999999999999e-05,2.29002,2.29114,2.29058
6.708e-05,2.29165,2.29127,2.29146
6.709e-05,2.29101,2.30126,2.296135
6.709999999999999e-05,2.28914,2.2947,2.29192
6.711e-05,2.29271,2.29116,2.291935
6.712e-05,2.29591,2.29708,2.296495
6.712999999999999e-05,2.29795,2.29883,2.29839
6.714000000000001e-05,2.29045,2.29526,2.292855
6.715e-05,2.29166,2.30156,2.29661
6.716e-05,2.27703,2.30796,2.292495
6.717000000000001e-05,2.28795,2.29973,2.29384
6.718e-05,2.27593,2.29431,2.28512
6.719e-05,2.2865,2.29993,2.293215
6.720000000000001e-05,2.285,2.28602,2.28551
6.720999999999999e-05,2.29261,2.29624,2.294425
6.722e-05,2.28814,2.3069,2.29752
6.722999999999999e-05,2.2861,2.29458,2.29034
6.724e-05,2.28969,2.29703,2.29336
6.725000000000001e-05,2.2896,2.29073,2.290165
6.726e-05,2.28875,2.29446,2.291605
6.727e-05,2.28483,2.30303,2.29393
6.728e-05,2.28981,2.30019,2.295
6.729e-05,2.2903,2.30405,2.297175
6.73e-05,2.28768,2.29544,2.29156
6.731e-05,2.2824,2.29819,2.290295
6.731999999999999e-05,2.2835,2.29304,2.28827
6.733000000000001e-05,2.2824,2.31187,2.297135
6.734e-05,2.28351,2.29712,2.290315
6.735e-05,2.28363,2.30081,2.29222
6.736e-05,2.28161,2.30425,2.29293
6.737e-05,2.27901,2.30233,2.29067
6.738e-05,2.28157,2.30553,2.29355
6.739e-05,2.28238,2.29428,2.28833
6.74e-05,2.28984,2.30513,2.297485
6.741e-05,2.29856,2.30008,2.29932
6.742e-05,2.29052,2.30666,2.29859
6.743000000000001e-05,2.28887,2.29305,2.29096
6.744e-05,2.28722,2.29667,2.291945
6.745e-05,2.28924,2.30349,2.296365
6.746e-05,2.28329,2.3007,2.291995
6.747e-05,2.29229,2.30287,2.29758
6.748e-05,2.29037,2.30304,2.296705
6.748999999999999e-05,2.28558,2.30453,2.295055
6.75e-05,2.29079,2.29705,2.29392
6.751e-05,2.28958,2.30231,2.295945
6.751999999999999e-05,2.29728,2.30293,2.300105
6.753000000000001e-05,2.29227,2.3052,2.298735
6.754000000000001e-05,2.29803,2.30224,2.300135
6.755e-05,2.29496,2.29868,2.29682
6.756000000000001e-05,2.29319,2.29835,2.29577
6.756999999999999e-05,2.29022,2.30347,2.296845
6.758e-05,2.2946,2.30184,2.29822
6.759e-05,2.28799,2.29831,2.29315
6.759999999999999e-05,2.28793,2.28982,2.288875
6.761e-05,2.29138,2.29313,2.292255
6.761999999999999e-05,2.29074,2.29689,2.293815
6.763e-05,2.2985,2.30139,2.299945
6.764000000000001e-05,2.29066,2.30123,2.295945
6.765e-05,2.29519,2.29736,2.296275
6.766e-05,2.28985,2.3012,2.295525
6.767000000000001e-05,2.2902,2.30045,2.295325
6.768e-05,2.29393,2.29299,2.29346
6.769e-05,2.29225,2.2986,2.295425
6.769999999999999e-05,2.29111,2.29778,2.294445
6.770999999999999e-05,2.3035,2.30217,2.302835
6.772000000000001e-05,2.29324,2.29658,2.29491
6.773e-05,2.29589,2.29096,2.293425
6.774e-05,2.29227,2.29615,2.29421
6.775000000000001e-05,2.29193,2.29964,2.295785
6.776e-05,2.30047,2.30201,2.30124
6.777e-05,2.29447,2.29873,2.2966
6.778e-05,2.30048,2.29929,2.299885
6.779e-05,2.29418,2.29463,2.294405
6.78e-05,2.28708,2.29378,2.29043
6.781e-05,2.29731,2.29156,2.294435
6.782e-05,2.30335,2.29407,2.29871
6.783e-05,2.30062,2.29027,2.295445
6.784e-05,2.29985,2.29426,2.297055
6.785e-05,2.29633,2.29598,2.296155
6.786e-05,2.29103,2.30132,2.296175
6.787e-05,2.29415,2.29855,2.29635
6.788e-05,2.29082,2.29628,2.29355
6.789e-05,2.29838,2.2972,2.29779
6.79e-05,2.30071,2.3017,2.301205
6.790999999999999e-05,2.29982,2.29525,2.297535
6.792000000000001e-05,2.3017,2.29981,2.300755
6.793000000000001e-05,2.29633,2.29994,2.298135
6.794e-05,2.30178,2.29958,2.30068
6.795e-05,2.28698,2.29689,2.291935
6.795999999999999e-05,2.29025,2.29979,2.29502
6.797e-05,2.29092,2.30706,2.29899
6.798e-05,2.2884,2.29941,2.293905
6.798999999999999e-05,2.28922,2.3047,2.29696
6.8e-05,2.28552,2.30598,2.29575
6.801e-05,2.28975,2.30523,2.29749
6.802e-05,2.30069,2.29856,2.299625
6.803000000000001e-05,2.29601,2.30472,2.300365
6.804e-05,2.29735,2.29902,2.298185
6.805e-05,2.29335,2.31191,2.30263
6.806e-05,2.29236,2.30981,2.301085
6.806999999999999e-05,2.29231,2.29834,2.295325
6.808e-05,2.29292,2.30422,2.29857
6.809e-05,2.28751,2.31072,2.299115
6.809999999999999e-05,2.29205,2.29917,2.29561
6.811000000000001e-05,2.28349,2.29886,2.291175
6.812e-05,2.28682,2.28234,2.28458
6.813e-05,2.29293,2.30239,2.29766
6.814000000000001e-05,2.29215,2.2988,2.295475
6.815e-05,2.30213,2.30139,2.30176
6.816e-05,2.29204,2.29826,2.29515
6.817e-05,2.29572,2.29662,2.29617
6.818e-05,2.28849,2.30029,2.29439
6.819e-05,2.2877,2.29691,2.292305
6.819999999999999e-05,2.28094,2.29947,2.290205
6.821e-05,2.29039,2.3001,2.295245
6.822000000000001e-05,2.2907,2.29467,2.292685
6.823e-05,2.29049,2.30842,2.299455
6.824e-05,2.2963,2.30512,2.30071
6.825e-05,2.29285,2.30667,2.29976
6.826e-05,2.29119,2.30831,2.29975
6.827e-05,2.28739,2.29798,2.292685
6.828e-05,2.29363,2.30007,2.29685
6.829e-05,2.29464,2.30788,2.30126
6.829999999999999e-05,2.28934,2.30033,2.294835
6.831e-05,2.29275,2.29854,2.295645
6.832e-05,2.28906,2.30356,2.29631
6.833e-05,2.29638,2.29438,2.29538
6.834e-05,2.29098,2.30299,2.296985
6.835e-05,2.29333,2.29977,2.29655
6.836e-05,2.29799,2.29708,2.297535
6.837e-05,2.2938,2.29852,2.29616
6.837999999999999e-05,2.29239,2.30468,2.298535
6.839e-05,2.28796,2.30346,2.29571
6.840000000000001e-05,2.28525,2.313,2.299125
6.841e-05,2.29247,2.30172,2.297095
6.842000000000001e-05,2.28903,2.30218,2.295605
6.843000000000001e-05,2.29986,2.29493,2.297395
6.844e-05,2.30267,2.30176,2.302215
6.845e-05,2.29647,2.30222,2.299345
6.845999999999999e-05,2.29983,2.30218,2.301005
6.847e-05,2.29254,2.30891,2.300725
6.848e-05,2.28711,2.30388,2.295495
6.848999999999999e-05,2.29889,2.3027,2.300795
6.850000000000001e-05,2.29673,2.30661,2.30167
6.851e-05,2.29218,2.30791,2.300045
6.852e-05,2.30039,2.30951,2.30495
6.853000000000001e-05,2.29046,2.30799,2.299225
6.854e-05,2.29929,2.3135,2.306395
6.855e-05,2.29236,2.3109,2.30163
6.856e-05,2.29129,2.30038,2.295835
6.856999999999999e-05,2.29447,2.30472,2.299595
6.858e-05,2.29774,2.29876,2.29825
6.858999999999999e-05,2.2983,2.30301,2.300655
6.86e-05,2.29554,2.30648,2.30101
6.861000000000001e-05,2.28874,2.30091,2.294825
6.862e-05,2.30344,2.30279,2.303115
6.863e-05,2.28891,2.31231,2.30061
6.864000000000001e-05,2.29706,2.30255,2.299805
6.865e-05,2.29625,2.3014,2.298825
6.866e-05,2.29383,2.29952,2.296675
6.866999999999999e-05,2.29235,2.30034,2.296345
6.868e-05,2.2971,2.31052,2.30381
6.869e-05,2.2885,2.3061,2.2973
6.87e-05,2.29633,2.29724,2.296785
6.871e-05,2.30142,2.30241,2.301915
6.872e-05,2.29121,2.30389,2.29755
6.873e-05,2.30228,2.28898,2.29563
6.874e-05,2.29326,2.30078,2.29702
6.875e-05,2.29478,2.29533,2.295055
6.876e-05,2.29273,2.286,2.289365
6.877e-05,2.30049,2.28956,2.295025
6.878e-05,2.29491,2.28801,2.29146
6.879000000000001e-05,2.28769,2.29246,2.290075
6.88e-05,2.2957,2.29348,2.29459
6.881e-05,2.30092,2.30834,2.30463
6.882e-05,2.29042,2.28815,2.289285
6.883e-05,2.29691,2.30137,2.29914
6.884e-05,2.28829,2.30748,2.297885
6.884999999999999e-05,2.29359,2.30229,2.29794
6.886e-05,2.29918,2.30366,2.30142
6.887e-05,2.3016,2.30395,2.302775
6.887999999999999e-05,2.29731,2.28717,2.29224
6.889000000000001e-05,2.29217,2.29883,2.2955
6.890000000000001e-05,2.28762,2.29328,2.29045
6.891e-05,2.28256,2.29286,2.28771
6.892e-05,2.29245,2.29437,2.29341
6.893e-05,2.28897,2.29741,2.29319
6.894e-05,2.29517,2.30735,2.30126
6.895e-05,2.28892,2.29503,2.291975
6.895999999999999e-05,2.29785,2.30304,2.300445
6.897e-05,2.29601,2.29355,2.29478
6.898e-05,2.29855,2.29463,2.29659
6.899e-05,2.29866,2.29925,2.298955
6.900000000000001e-05,2.30093,2.29343,2.29718
6.901e-05,2.29901,2.29196,2.295485
6.902e-05,2.30356,2.30444,2.304
6.903000000000001e-05,2.29456,2.29711,2.295835
6.904e-05,2.29844,2.2833,2.29087
6.905e-05,2.30156,2.29809,2.299825
6.905999999999999e-05,2.29637,2.29436,2.295365
6.906999999999999e-05,2.2936,2.29227,2.292935
6.908e-05,2.28957,2.2926,2.291085
6.909e-05,2.29606,2.29531,2.295685
6.91e-05,2.28988,2.29515,2.292515
6.911000000000001e-05,2.2902,2.2965,2.29335
6.912e-05,2.29704,2.28812,2.29258
6.913e-05,2.29493,2.293,2.293965
6.914e-05,2.29795,2.28395,2.29095
6.915e-05,2.295,2.29284,2.29392
6.916e-05,2.30222,2.28839,2.295305
6.916999999999999e-05,2.30335,2.30131,2.30233
6.918000000000001e-05,2.29325,2.29862,2.295935
6.919e-05,2.2975,2.29661,2.297055
6.92e-05,2.2965,2.29535,2.295925
6.921e-05,2.30088,2.297,2.29894
6.922e-05,2.29275,2.29665,2.2947
6.923e-05,2.29232,2.29033,2.291325
6.924e-05,2.29496,2.2907,2.29283
6.925e-05,2.29415,2.30047,2.29731
6.926e-05,2.28912,2.29792,2.29352
6.926999999999999e-05,2.29858,2.29192,2.29525
6.928e-05,2.302,2.29831,2.300155
6.929000000000001e-05,2.30185,2.29672,2.299285
6.93e-05,2.29461,2.28721,2.29091
6.931e-05,2.2928,2.2929,2.29285
6.932e-05,2.29465,2.29314,2.293895
6.933e-05,2.29517,2.29131,2.29324
6.934e-05,2.30002,2.28586,2.29294
6.934999999999999e-05,2.30057,2.28987,2.29522
6.936e-05,2.29311,2.28728,2.290195
6.937e-05,2.29564,2.28057,2.288105
6.938e-05,2.2967,2.2753,2.286
6.939000000000001e-05,2.29132,2.29756,2.29444
6.94e-05,2.29274,2.29088,2.29181
6.941e-05,2.29786,2.28823,2.293045
6.942e-05,2.29841,2.29162,2.295015
6.943e-05,2.30477,2.29436,2.299565
6.944e-05,2.29394,2.29532,2.29463
6.945e-05,2.29473,2.2903,2.292515
6.945999999999999e-05,2.29789,2.3001,2.298995
6.947e-05,2.29329,2.29072,2.292005
6.948e-05,2.29387,2.29669,2.29528
6.949e-05,2.29287,2.29419,2.29353
6.950000000000001e-05,2.29909,2.29881,2.29895
6.951e-05,2.2964,2.29145,2.293925
6.952e-05,2.29831,2.29806,2.298185
6.953e-05,2.29235,2.29079,2.29157
6.954e-05,2.28973,2.30153,2.29563
6.955e-05,2.29139,2.30267,2.29703
6.955999999999999e-05,2.30016,2.30207,2.301115
6.957e-05,2.29849,2.31494,2.306715
6.958000000000001e-05,2.30058,2.31018,2.30538
6.959e-05,2.3005,2.30448,2.30249
6.96e-05,2.30754,2.30254,2.30504
6.961e-05,2.30535,2.30661,2.30598
6.962e-05,2.30894,2.30151,2.305225
6.963e-05,2.305,2.31359,2.309295
6.964e-05,2.30012,2.30175,2.300935
6.965e-05,2.30278,2.30136,2.30207
6.966e-05,2.29861,2.30309,2.30085
6.967e-05,2.3021,2.29894,2.30052
6.968000000000001e-05,2.29896,2.29391,2.296435
6.969e-05,2.29808,2.29193,2.295005
6.97e-05,2.30964,2.29527,2.302455
6.971e-05,2.30225,2.2924,2.297325
6.972e-05,2.30338,2.29628,2.29983
6.973e-05,2.30277,2.29649,2.29963
6.973999999999999e-05,2.29587,2.29644,2.296155
6.975e-05,2.29978,2.2926,2.29619
6.976e-05,2.29186,2.30409,2.297975
6.977e-05,2.28522,2.2946,2.28991
6.978e-05,2.29794,2.30414,2.30104
6.979000000000001e-05,2.29678,2.29189,2.294335
6.98e-05,2.29145,2.2939,2.292675
6.981e-05,2.28852,2.29539,2.291955
6.981999999999999e-05,2.29657,2.30644,2.301505
6.983e-05,2.29379,2.30234,2.298065
6.984e-05,2.29539,2.2977,2.296545
6.984999999999999e-05,2.29553,2.30349,2.29951
6.986000000000001e-05,2.29756,2.29507,2.296315
6.987000000000001e-05,2.28712,2.29687,2.291995
6.988e-05,2.29792,2.29181,2.294865
6.989e-05,2.29731,2.3005,2.298905
6.99e-05,2.29052,2.2967,2.29361
6.991e-05,2.28869,2.29715,2.29292
6.992e-05,2.29021,2.3056,2.297905
6.993e-05,2.2981,2.29347,2.295785
6.994e-05,2.29782,2.29665,2.297235
6.994999999999999e-05,2.29616,2.28991,2.293035
6.996e-05,2.29442,2.29165,2.293035
6.997000000000001e-05,2.28622,2.29551,2.290865
6.998e-05,2.28427,2.29436,2.289315
6.999e-05,2.29144,2.29105,2.291245
7.000000000000001e-05,2.29489,2.30144,2.298165
7.001e-05,2.29826,2.29865,2.298455
7.002e-05,2.30077,2.29512,2.297945
7.002999999999999e-05,2.28618,2.29497,2.290575
7.004e-05,2.29798,2.29131,2.294645
7.005e-05,2.28936,2.29364,2.2915
7.006e-05,2.29333,2.30187,2.2976
7.007e-05,2.2963,2.30765,2.301975
7.008e-05,2.28835,2.3054,2.296875
7.009e-05,2.29764,2.29409,2.295865
7.01e-05,2.29265,2.28706,2.289855
7.011e-05,2.2937,2.29701,2.295355
7.012e-05,2.29875,2.2867,2.292725
7.013e-05,2.30599,2.2934,2.299695
7.013999999999999e-05,2.29636,2.30392,2.30014
7.015e-05,2.30072,2.29192,2.29632
7.016e-05,2.30238,2.2977,2.30004
7.017e-05,2.30142,2.30052,2.30097
7.018000000000001e-05,2.30206,2.29454,2.2983
7.019e-05,2.29768,2.29424,2.29596
7.02e-05,2.29131,2.29496,2.293135
7.021e-05,2.29769,2.2945,2.296095
7.022e-05,2.29895,2.29731,2.29813
7.023e-05,2.29629,2.29525,2.29577
7.023999999999999e-05,2.29479,2.29329,2.29404
7.025000000000001e-05,2.29491,2.2995,2.297205
7.026000000000001e-05,2.29932,2.30321,2.301265
7.027e-05,2.29589,2.30551,2.3007
7.028e-05,2.29782,2.30574,2.30178
7.029e-05,2.29821,2.30026,2.299235
7.03e-05,2.29012,2.29796,2.29404
7.031e-05,2.29676,2.31061,2.303685
7.031999999999999e-05,2.29074,2.29321,2.291975
7.033e-05,2.29406,2.29949,2.296775
7.034e-05,2.29209,2.30177,2.29693
7.035e-05,2.28856,2.30509,2.296825
7.036000000000001e-05,2.2963,2.29712,2.29671
7.037e-05,2.29173,2.29185,2.29179
7.038e-05,2.29944,2.29975,2.299595
7.039e-05,2.29419,2.29168,2.292935
7.04e-05,2.29613,2.29321,2.29467
7.041e-05,2.2938,2.30039,2.297095
7.042e-05,2.3004,2.29331,2.296855
7.043e-05,2.29637,2.29649,2.29643
7.044e-05,2.29105,2.29899,2.29502
7.045e-05,2.29554,2.30475,2.300145
7.046e-05,2.29671,2.30402,2.300365
7.047000000000001e-05,2.29766,2.30774,2.3027
7.048e-05,2.29613,2.29869,2.29741
7.049e-05,2.28922,2.30619,2.297705
7.049999999999999e-05,2.2925,2.3048,2.29865
7.051e-05,2.28796,2.29642,2.29219
7.052e-05,2.29684,2.29492,2.29588
7.052999999999999e-05,2.29707,2.29925,2.29816
7.054e-05,2.30267,2.29695,2.29981
7.055000000000001e-05,2.29957,2.29939,2.29948
7.056e-05,2.28965,2.29026,2.289955
7.057e-05,2.29863,2.30371,2.30117
7.058e-05,2.29666,2.31399,2.305325
7.059e-05,2.29211,2.31062,2.301365
7.06e-05,2.29323,2.29979,2.29651
7.061e-05,2.30014,2.29455,2.297345
7.062e-05,2.29334,2.29841,2.295875
7.062999999999999e-05,2.29827,2.30001,2.29914
7.063999999999999e-05,2.2995,2.29975,2.299625
7.065000000000001e-05,2.30233,2.30075,2.30154
7.066e-05,2.29564,2.3005,2.29807
7.067e-05,2.28926,2.30796,2.29861
7.068000000000001e-05,2.28755,2.30359,2.29557
7.069e-05,2.29086,2.30127,2.296065
7.07e-05,2.29427,2.31213,2.3032
7.070999999999999e-05,2.29322,2.29725,2.295235
7.072e-05,2.28995,2.29279,2.29137
7.073e-05,2.28766,2.29801,2.292835
7.074e-05,2.29763,2.3033,2.300465
7.075e-05,2.29961,2.30018,2.299895
7.076000000000001e-05,2.2958,2.29403,2.294915
7.077e-05,2.29772,2.29623,2.296975
7.078e-05,2.29242,2.29165,2.292035
7.079e-05,2.29305,2.30234,2.297695
7.08e-05,2.28694,2.30349,2.295215
7.081e-05,2.29492,2.29863,2.296775
7.081999999999999e-05,2.28761,2.29506,2.291335
7.083e-05,2.29762,2.29676,2.29719
7.084e-05,2.29503,2.29971,2.29737
7.085e-05,2.29488,2.30279,2.298835
7.086000000000001e-05,2.28692,2.29626,2.29159
7.087e-05,2.29646,2.2954,2.29593
7.088e-05,2.28402,2.30075,2.292385
7.089e-05,2.29369,2.30088,2.297285
7.09e-05,2.28286,2.29836,2.29061
7.091e-05,2.28308,2.30123,2.292155
7.091999999999999e-05,2.28461,2.29819,2.2914
7.093e-05,2.28721,2.30176,2.294485
7.094000000000001e-05,2.28506,2.29519,2.290125
7.095e-05,2.28641,2.30776,2.297085
7.096e-05,2.28529,2.29954,2.292415
7.097e-05,2.29115,2.30818,2.299665
7.098e-05,2.29087,2.30206,2.296465
7.099e-05,2.28759,2.30179,2.29469
7.099999999999999e-05,2.28352,2.30079,2.292155
7.101e-05,2.28718,2.30951,2.298345
7.102e-05,2.28736,2.29379,2.290575
7.103e-05,2.29642,2.29768,2.29705
7.104000000000001e-05,2.28661,2.30183,2.29422
7.105e-05,2.28456,2.29714,2.29085
7.106e-05,2.28937,2.29891,2.29414
7.107e-05,2.2901,2.3039,2.297
7.108e-05,2.28599,2.29448,2.290235
7.109e-05,2.2896,2.29995,2.294775
7.11e-05,2.29101,2.29541,2.29321
7.110999999999999e-05,2.29072,2.30387,2.297295
7.112e-05,2.29029,2.29832,2.294305
7.113e-05,2.29116,2.29527,2.293215
7.114e-05,2.29067,2.29871,2.29469
7.115000000000001e-05,2.29462,2.28588,2.29025
7.116e-05,2.28978,2.29526,2.29252
7.117e-05,2.29299,2.29299,2.29299
7.118e-05,2.29316,2.29323,2.293195
7.119e-05,2.28781,2.29315,2.29048
7.12e-05,2.28285,2.29982,2.291335
7.120999999999999e-05,2.28413,2.30023,2.29218
7.122e-05,2.28157,2.29986,2.290715
7.123000000000001e-05,2.28055,2.29782,2.289185
7.124e-05,2.29088,2.30213,2.296505
7.125e-05,2.28749,2.29847,2.29298
7.126e-05,2.28593,2.29321,2.28957
7.127e-05,2.2957,2.30001,2.297855
7.128e-05,2.29137,2.2973,2.294335
7.129e-05,2.30086,2.2993,2.30008
7.13e-05,2.29192,2.2994,2.29566
7.130999999999999e-05,2.29751,2.30312,2.300315
7.131999999999999e-05,2.29585,2.31499,2.30542
7.133000000000001e-05,2.29145,2.30178,2.296615
7.134e-05,2.29762,2.31751,2.307565
7.135e-05,2.30716,2.30558,2.30637
7.136e-05,2.31291,2.30573,2.30932
7.137e-05,2.30263,2.30717,2.3049
7.138e-05,2.303,2.30462,2.30381
7.138999999999999e-05,2.29407,2.30747,2.30077
7.14e-05,2.29526,2.2966,2.29593
7.141e-05,2.29723,2.30188,2.299555
7.142e-05,2.28884,2.29946,2.29415
7.143000000000001e-05,2.30121,2.30375,2.30248
7.144000000000001e-05,2.30173,2.29939,2.30056
7.145e-05,2.29701,2.30113,2.29907
7.146e-05,2.30534,2.29736,2.30135
7.147e-05,2.29853,2.30576,2.302145
7.148e-05,2.29858,2.29934,2.29896
7.149e-05,2.29991,2.30614,2.303025
7.149999999999999e-05,2.29797,2.30615,2.30206
7.151e-05,2.29659,2.30401,2.3003
7.152e-05,2.30249,2.30375,2.30312
7.153e-05,2.29279,2.29787,2.29533
7.154000000000001e-05,2.28872,2.30083,2.294775
7.155e-05,2.29297,2.29017,2.29157
7.156e-05,2.29481,2.29641,2.29561
7.157e-05,2.28832,2.29884,2.29358
7.158e-05,2.28654,2.28916,2.28785
7.159e-05,2.27996,2.29523,2.287595
7.159999999999999e-05,2.29196,2.29239,2.292175
7.160999999999999e-05,2.28504,2.30078,2.29291
7.162000000000001e-05,2.28704,2.2946,2.29082
7.163e-05,2.29189,2.29226,2.292075
7.164e-05,2.28966,2.28819,2.288925
7.165000000000001e-05,2.29905,2.30716,2.303105
7.166e-05,2.29321,2.29817,2.29569
7.167e-05,2.29226,2.29363,2.292945
7.168e-05,2.28637,2.28448,2.285425
7.169e-05,2.28451,2.28831,2.28641
7.17e-05,2.28693,2.29996,2.293445
7.170999999999999e-05,2.28396,2.29709,2.290525
7.172e-05,2.27957,2.30434,2.291955
7.173e-05,2.28386,2.29771,2.290785
7.174e-05,2.28623,2.29608,2.291155
7.175e-05,2.29138,2.2966,2.29399
7.176e-05,2.29221,2.29564,2.293925
7.177e-05,2.28601,2.29527,2.29064
7.178e-05,2.29666,2.30112,2.29889
7.179e-05,2.2877,2.29678,2.29224
7.18e-05,2.28943,2.29451,2.29197
7.181e-05,2.28962,2.30077,2.295195
7.182e-05,2.28946,2.30398,2.29672
7.183000000000001e-05,2.28781,2.3024,2.295105
7.184e-05,2.28566,2.30191,2.293785
7.185e-05,2.29479,2.29676,2.295775
7.185999999999999e-05,2.288,2.29694,2.29247
7.187e-05,2.28235,2.29464,2.288495
7.188e-05,2.29332,2.29933,2.296325
7.188999999999999e-05,2.29015,2.29803,2.29409
7.19e-05,2.29022,2.30505,2.297635
7.191000000000001e-05,2.29024,2.29744,2.29384
7.192e-05,2.28581,2.29266,2.289235
7.193000000000001e-05,2.29893,2.29991,2.29942
7.194e-05,2.29133,2.29656,2.293945
7.195e-05,2.29845,2.30419,2.30132
7.196e-05,2.28653,2.30253,2.29453
7.196999999999999e-05,2.29809,2.30119,2.29964
7.198e-05,2.28881,2.29196,2.290385
7.199e-05,2.28882,2.2938,2.29131
7.199999999999999e-05,2.29147,2.29844,2.294955
7.201000000000001e-05,2.29016,2.30145,2.295805
7.202e-05,2.30029,2.30108,2.300685
7.203e-05,2.29501,2.29983,2.29742
7.204000000000001e-05,2.28963,2.29524,2.292435
7.205e-05,2.29283,2.29901,2.29592
7.206e-05,2.29496,2.29295,2.293955
7.206999999999999e-05,2.29446,2.29093,2.292695
7.208e-05,2.29377,2.28862,2.291195
7.209e-05,2.29191,2.29186,2.291885
7.209999999999999e-05,2.2899,2.29729,2.293595
7.211e-05,2.29018,2.2866,2.28839
7.212000000000001e-05,2.29255,2.28576,2.289155
7.213e-05,2.29314,2.29728,2.29521
7.214e-05,2.29499,2.29772,2.296355
7.215e-05,2.29402,2.29059,2.292305
7.216e-05,2.28386,2.29593,2.289895
7.217e-05,2.29036,2.29506,2.29271
7.218e-05,2.29188,2.29345,2.292665
7.219e-05,2.28921,2.30381,2.29651
7.22e-05,2.28885,2.2967,2.292775
7.221e-05,2.28526,2.30088,2.29307
7.222e-05,2.29517,2.29445,2.29481
7.223e-05,2.29384,2.29512,2.29448
7.224e-05,2.28798,2.29875,2.293365
7.225e-05,2.29022,2.30062,2.29542
7.226e-05,2.28613,2.29096,2.288545
7.227e-05,2.29091,2.29453,2.29272
7.227999999999999e-05,2.29074,2.29014,2.29044
7.229e-05,2.29611,2.28938,2.292745
7.230000000000001e-05,2.29574,2.29188,2.29381
7.231e-05,2.29142,2.2898,2.29061
7.232e-05,2.28776,2.29876,2.29326
7.233e-05,2.29384,2.28767,2.290755
7.234e-05,2.29319,2.29744,2.295315
7.235e-05,2.29913,2.29861,2.29887
7.235999999999999e-05,2.28926,2.30179,2.295525
7.237e-05,2.29615,2.29047,2.29331
7.238e-05,2.29175,2.30259,2.29717
7.238999999999999e-05,2.29404,2.30596,2.3
7.240000000000001e-05,2.29955,2.30371,2.30163
7.241e-05,2.29703,2.30254,2.299785
7.242e-05,2.29662,2.29497,2.295795
7.243000000000001e-05,2.29426,2.29311,2.293685
7.244e-05,2.2967,2.29291,2.294805
7.245e-05,2.29504,2.29371,2.294375
7.246e-05,2.28951,2.29288,2.291195
7.246999999999999e-05,2.29914,2.29793,2.298535
7.248e-05,2.29545,2.29233,2.29389
7.249e-05,2.28993,2.28999,2.28996
7.25e-05,2.30008,2.29808,2.29908
7.251000000000001e-05,2.29441,2.29707,2.29574
7.252e-05,2.29993,2.28983,2.29488
7.253e-05,2.28931,2.29571,2.29251
7.254000000000001e-05,2.29489,2.29946,2.297175
7.255e-05,2.28793,2.29349,2.29071
7.256e-05,2.29219,2.30149,2.29684
7.256999999999999e-05,2.30037,2.297,2.298685
7.257999999999999e-05,2.29937,2.30274,2.301055
7.259000000000001e-05,2.29879,2.29374,2.296265
7.26e-05,2.29782,2.30269,2.300255
7.261e-05,2.29877,2.29976,2.299265
7.262e-05,2.30471,2.29222,2.298465
7.263e-05,2.2925,2.29477,2.293635
7.264e-05,2.29705,2.29915,2.2981
7.265e-05,2.29907,2.2876,2.293335
7.266e-05,2.29464,2.30072,2.29768
7.267e-05,2.29921,2.30831,2.30376
7.268e-05,2.29361,2.30094,2.297275
7.269000000000001e-05,2.29138,2.29728,2.29433
7.27e-05,2.30294,2.29916,2.30105
7.271e-05,2.29882,2.29556,2.29719
7.272e-05,2.29439,2.30177,2.29808
7.273e-05,2.30236,2.302,2.30218
7.274e-05,2.28815,2.29651,2.29233
7.274999999999999e-05,2.29581,2.29908,2.297445
7.276e-05,2.29605,2.29814,2.297095
7.277e-05,2.30003,2.30013,2.30008
7.277999999999999e-05,2.29126,2.29657,2.293915
7.279000000000001e-05,2.29455,2.30342,2.298985
7.280000000000001e-05,2.29498,2.29897,2.296975
7.281e-05,2.28452,2.30101,2.292765
7.282e-05,2.28742,2.2958,2.29161
7.282999999999999e-05,2.28979,2.30483,2.29731
7.284e-05,2.28809,2.29635,2.29222
7.285e-05,2.29435,2.29295,2.29365
7.285999999999999e-05,2.29247,2.298,2.295235
7.287e-05,2.29147,2.29133,2.2914
7.288000000000001e-05,2.28616,2.29175,2.288955
7.289e-05,2.292,2.29089,2.291445
7.290000000000001e-05,2.28866,2.29382,2.29124
7.291e-05,2.29121,2.29817,2.29469
7.292e-05,2.28429,2.29836,2.291325
7.293000000000001e-05,2.28852,2.29242,2.29047
7.293999999999999e-05,2.28739,2.30496,2.296175
7.295e-05,2.28627,2.3021,2.294185
7.295999999999999e-05,2.27997,2.2991,2.289535
7.296999999999999e-05,2.28858,2.28931,2.288945
7.298000000000001e-05,2.28592,2.30336,2.29464
7.299e-05,2.2902,2.29683,2.293515
7.3e-05,2.29191,2.29737,2.29464
7.301000000000001e-05,2.29645,2.2939,2.295175
7.302e-05,2.2872,2.30194,2.29457
7.303e-05,2.28569,2.30224,2.293965
7.304e-05,2.28742,2.29531,2.291365
7.305e-05,2.29744,2.30289,2.300165
7.306e-05,2.29736,2.29945,2.298405
7.306999999999999e-05,2.29702,2.29284,2.29493
7.308e-05,2.29532,2.30258,2.29895
7.309e-05,2.29877,2.29177,2.29527
7.31e-05,2.29524,2.29163,2.293435
7.311e-05,2.28943,2.29169,2.29056
7.312e-05,2.29013,2.29475,2.29244
7.313e-05,2.29667,2.29834,2.297505
7.314e-05,2.29796,2.29625,2.297105
7.315e-05,2.29277,2.294,2.293385
7.316e-05,2.29149,2.29289,2.29219
7.316999999999999e-05,2.2945,2.29805,2.296275
7.318000000000001e-05,2.29603,2.2871,2.291565
7.319e-05,2.29738,2.29621,2.296795
7.32e-05,2.29481,2.28941,2.29211
7.321e-05,2.29483,2.30327,2.29905
7.322e-05,2.29624,2.29399,2.295115
7.323e-05,2.28875,2.30206,2.295405
7.324e-05,2.29268,2.29861,2.295645
7.324999999999999e-05,2.29977,2.29762,2.298695
7.326e-05,2.29178,2.29476,2.29327
7.327000000000001e-05,2.29088,2.29813,2.294505
7.328e-05,2.29291,2.30019,2.29655
7.329000000000001e-05,2.29571,2.29651,2.29611
7.33e-05,2.29425,2.30383,2.29904
7.331e-05,2.29982,2.29752,2.29867
7.332e-05,2.3004,2.30175,2.301075
7.332999999999999e-05,2.2938,2.30236,2.29808
7.334e-05,2.29309,2.30638,2.299735
7.335e-05,2.2895,2.30127,2.295385
7.335999999999999e-05,2.29619,2.3049,2.300545
7.337000000000001e-05,2.2895,2.30726,2.29838
7.338e-05,2.28795,2.29745,2.2927
7.339e-05,2.28851,2.29998,2.294245
7.340000000000001e-05,2.29812,2.30031,2.299215
7.341e-05,2.29427,2.2936,2.293935
7.342e-05,2.29201,2.29247,2.29224
7.343e-05,2.29234,2.29313,2.292735
7.343999999999999e-05,2.2964,2.29393,2.295165
7.345e-05,2.2891,2.28987,2.289485
7.345999999999999e-05,2.28736,2.2977,2.29253
7.347e-05,2.28845,2.29378,2.291115
7.348000000000001e-05,2.28993,2.29454,2.292235
7.349e-05,2.29368,2.30529,2.299485
7.35e-05,2.29504,2.29785,2.296445
7.351e-05,2.30013,2.29733,2.29873
7.352e-05,2.29565,2.29244,2.294045
7.353e-05,2.30092,2.2926,2.29676
7.354e-05,2.28829,2.28931,2.2888
7.354999999999999e-05,2.29965,2.29677,2.29821
7.356e-05,2.30509,2.28854,2.296815
7.357e-05,2.30595,2.2953,2.300625
7.358e-05,2.29459,2.29808,2.296335
7.359e-05,2.28965,2.30372,2.296685
7.36e-05,2.28895,2.29774,2.293345
7.361e-05,2.28985,2.30763,2.29874
7.362e-05,2.28798,2.30818,2.29808
7.363e-05,2.29173,2.30052,2.296125
7.363999999999999e-05,2.29141,2.30396,2.297685
7.365e-05,2.29176,2.30544,2.2986
7.366000000000001e-05,2.29119,2.29854,2.294865
7.367e-05,2.28348,2.29314,2.28831
7.368000000000001e-05,2.29707,2.29456,2.295815
7.369e-05,2.28646,2.29831,2.292385
7.37e-05,2.28882,2.29691,2.292865
7.371e-05,2.2846,2.30167,2.293135
7.371999999999999e-05,2.28033,2.30334,2.291835
7.373e-05,2.29537,2.30133,2.29835
7.374e-05,2.29232,2.29676,2.29454
7.374999999999999e-05,2.28892,2.2953,2.29211
7.376000000000001e-05,2.2907,2.29169,2.291195
7.377000000000001e-05,2.30105,2.30553,2.30329
7.378e-05,2.2926,2.29001,2.291305
7.379000000000001e-05,2.28771,2.29673,2.29222
7.379999999999999e-05,2.28883,2.2902,2.289515
7.381e-05,2.29057,2.29967,2.29512
7.382e-05,2.2905,2.29709,2.293795
7.382999999999999e-05,2.28647,2.29664,2.291555
7.384e-05,2.28905,2.29627,2.29266
7.384999999999999e-05,2.3,2.29748,2.29874
7.386e-05,2.29471,2.29875,2.29673
7.387000000000001e-05,2.29295,2.2852,2.289075
7.388e-05,2.28924,2.29287,2.291055
7.389e-05,2.29866,2.28904,2.29385
7.390000000000001e-05,2.29118,2.3012,2.29619
7.391e-05,2.30106,2.29958,2.30032
7.392e-05,2.29515,2.2873,2.291225
7.393e-05,2.29302,2.28916,2.29109
7.393999999999999e-05,2.29639,2.29184,2.294115
7.395000000000001e-05,2.29211,2.28124,2.286675
7.396e-05,2.29223,2.28235,2.28729
7.397e-05,2.28905,2.29053,2.28979
7.398e-05,2.29386,2.29282,2.29334
7.399e-05,2.29385,2.28973,2.29179
7.4e-05,2.29292,2.29074,2.29183
7.401e-05,2.28845,2.28518,2.286815
7.402e-05,2.29369,2.29077,2.29223
7.403e-05,2.2915,2.29938,2.29544
7.404e-05,2.29422,2.29732,2.29577
7.405e-05,2.2844,2.29471,2.289555
7.406e-05,2.28679,2.2935,2.290145
7.407e-05,2.29533,2.29157,2.29345
7.408e-05,2.29411,2.28796,2.291035
7.409e-05,2.28435,2.2965,2.290425
7.41e-05,2.28683,2.28649,2.28666
7.411e-05,2.29029,2.29905,2.29467
7.412e-05,2.28994,2.29438,2.29216
7.413e-05,2.29252,2.30253,2.297525
7.413999999999999e-05,2.292,2.29168,2.29184
7.415000000000001e-05,2.2941,2.3048,2.29945
7.416e-05,2.29469,2.29907,2.29688
7.417e-05,2.29267,2.30287,2.29777
7.418000000000001e-05,2.29479,2.3115,2.303145
7.418999999999999e-05,2.2985,2.30817,2.303335
7.42e-05,2.29312,2.30289,2.298005
7.421e-05,2.28632,2.30135,2.293835
7.421999999999999e-05,2.29148,2.3006,2.29604
7.423e-05,2.29436,2.29616,2.29526
7.424e-05,2.29202,2.29374,2.29288
7.425e-05,2.29447,2.2919,2.293185
7.426000000000001e-05,2.2896,2.29236,2.29098
7.427e-05,2.29588,2.29637,2.296125
7.428e-05,2.29955,2.29434,2.296945
7.429000000000001e-05,2.2916,2.29554,2.29357
7.429999999999999e-05,2.29117,2.29024,2.290705
7.431e-05,2.28927,2.29828,2.293775
7.431999999999999e-05,2.2941,2.29364,2.29387
7.432999999999999e-05,2.30234,2.29272,2.29753
7.434000000000001e-05,2.29658,2.30138,2.29898
7.435e-05,2.29317,2.3003,2.296735
7.436e-05,2.29303,2.29971,2.29637
7.437000000000001e-05,2.29548,2.2838,2.28964
7.438e-05,2.29314,2.29278,2.29296
7.439e-05,2.29345,2.3001,2.296775
7.44e-05,2.29523,2.30112,2.298175
7.440999999999999e-05,2.3018,2.29465,2.298225
7.442e-05,2.29927,2.30213,2.3007
7.443e-05,2.30139,2.30239,2.30189
7.444e-05,2.29493,2.30751,2.30122
7.445000000000001e-05,2.29657,2.30308,2.299825
7.446e-05,2.29982,2.30441,2.302115
7.447e-05,2.29355,2.30762,2.300585
7.448e-05,2.3013,2.29614,2.29872
7.449e-05,2.29723,2.29857,2.2979
7.45e-05,2.29494,2.29557,2.295255
7.451e-05,2.3,2.30048,2.30024
7.452e-05,2.30265,2.29935,2.301
7.452999999999999e-05,2.29547,2.29325,2.29436
7.454000000000001e-05,2.29637,2.29561,2.29599
7.455e-05,2.30152,2.29995,2.300735
7.456e-05,2.29647,2.29323,2.29485
7.457e-05,2.28833,2.28616,2.287245
7.458e-05,2.29499,2.29741,2.2962
7.459e-05,2.29872,2.30097,2.299845
7.46e-05,2.28695,2.29536,2.291155
7.460999999999999e-05,2.2874,2.28789,2.287645
7.462e-05,2.30552,2.28954,2.29753
7.463e-05,2.30374,2.2934,2.29857
7.464e-05,2.2994,2.29698,2.29819
7.465000000000001e-05,2.31009,2.29553,2.30281
7.466e-05,2.3013,2.29418,2.29774
7.467e-05,2.29771,2.29709,2.2974
7.468000000000001e-05,2.29288,2.30191,2.297395
7.468999999999999e-05,2.29332,2.30064,2.29698
7.47e-05,2.29233,2.29412,2.293225
7.471e-05,2.29292,2.29368,2.2933
7.471999999999999e-05,2.29341,2.29946,2.296435
7.473000000000001e-05,2.29247,2.29759,2.29503
7.474e-05,2.295,2.29425,2.294625
7.475e-05,2.29143,2.29418,2.292805
7.476000000000001e-05,2.29591,2.2988,2.297355
7.476999999999999e-05,2.29543,2.29542,2.295425
7.478e-05,2.29375,2.30036,2.297055
7.479000000000001e-05,2.28761,2.3014,2.294505
7.479999999999999e-05,2.3018,2.29081,2.296305
7.481e-05,2.29044,2.2913,2.29087
7.481999999999999e-05,2.28966,2.2955,2.29258
7.483e-05,2.29001,2.30003,2.29502
7.484000000000001e-05,2.28475,2.29658,2.290665
7.485e-05,2.28683,2.29517,2.291
7.486e-05,2.27951,2.30348,2.291495
7.487e-05,2.29126,2.29404,2.29265
7.488e-05,2.28794,2.29491,2.291425
7.489e-05,2.293,2.29355,2.293275
7.49e-05,2.2913,2.28401,2.287655
7.490999999999999e-05,2.29275,2.29771,2.29523
7.492e-05,2.28632,2.29037,2.288345
7.493000000000002e-05,2.29629,2.30116,2.298725
7.494e-05,2.29214,2.29624,2.29419
7.495e-05,2.29714,2.29858,2.29786
7.496e-05,2.29387,2.2897,2.291785
7.497e-05,2.29433,2.29259,2.29346
7.498e-05,2.29437,2.29044,2.292405
7.499e-05,2.29494,2.2956,2.29527
7.5e-05,2.29851,2.30016,2.299335
7.501e-05,2.28792,2.29003,2.288975
7.501999999999998e-05,2.2926,2.29696,2.29478
7.503e-05,2.29269,2.29216,2.292425
7.504000000000001e-05,2.29339,2.29979,2.29659
7.505e-05,2.29325,2.29438,2.293815
7.506e-05,2.29361,2.28635,2.28998
7.507e-05,2.29282,2.28401,2.288415
7.507999999999999e-05,2.29241,2.29316,2.292785
7.509e-05,2.28287,2.29337,2.28812
7.51e-05,2.29464,2.29702,2.29583
7.510999999999999e-05,2.28627,2.29888,2.292575
7.512000000000001e-05,2.28769,2.29648,2.292085
7.513000000000001e-05,2.28722,2.28976,2.28849
7.514e-05,2.29146,2.29387,2.292665
7.515000000000001e-05,2.29525,2.30308,2.299165
7.515999999999999e-05,2.29285,2.29461,2.29373
7.517e-05,2.29565,2.29206,2.293855
7.518000000000001e-05,2.29416,2.29714,2.29565
7.518999999999999e-05,2.29264,2.29498,2.29381
7.52e-05,2.29012,2.28905,2.289585
7.520999999999999e-05,2.28217,2.29914,2.290655
7.522e-05,2.29134,2.29136,2.29135
7.523000000000001e-05,2.28968,2.30198,2.29583
7.524e-05,2.29177,2.28318,2.287475
7.525e-05,2.29266,2.29088,2.29177
7.526000000000001e-05,2.30293,2.29303,2.29798
7.526999999999999e-05,2.30118,2.28924,2.29521
7.528e-05,2.30035,2.29506,2.297705
7.529e-05,2.30483,2.28593,2.29538
7.529999999999999e-05,2.29749,2.29333,2.29541
7.531e-05,2.29369,2.28367,2.28868
7.532e-05,2.29012,2.28893,2.289525
7.533e-05,2.29328,2.29821,2.295745
7.534000000000001e-05,2.28217,2.2945,2.288335
7.535e-05,2.28566,2.28106,2.28336
7.536e-05,2.2889,2.2941,2.2915
7.537e-05,2.29239,2.30115,2.29677
7.537999999999999e-05,2.28363,2.2985,2.291065
7.539e-05,2.29849,2.29343,2.29596
7.54e-05,2.29965,2.28924,2.294445
7.540999999999998e-05,2.29368,2.30181,2.297745
7.542e-05,2.30025,2.29487,2.29756
7.543000000000001e-05,2.29852,2.28629,2.292405
7.544e-05,2.289,2.28617,2.287585
7.545e-05,2.29538,2.29276,2.29407
7.546e-05,2.29093,2.28796,2.289445
7.547e-05,2.28838,2.28526,2.28682
7.548e-05,2.28355,2.299,2.291275
7.549e-05,2.28038,2.2857,2.28304
7.549999999999999e-05,2.28782,2.29104,2.28943
7.551000000000001e-05,2.28187,2.2934,2.287635
7.552e-05,2.28298,2.29202,2.2875
7.553e-05,2.28039,2.29631,2.28835
7.554000000000001e-05,2.28339,2.2937,2.288545
7.555e-05,2.28347,2.30055,2.29201
7.556e-05,2.2851,2.30012,2.29261
7.557e-05,2.29021,2.29203,2.29112
7.557999999999999e-05,2.28859,2.28661,2.2876
7.559e-05,2.28582,2.29729,2.291555
7.56e-05,2.27631,2.28997,2.28314
7.561e-05,2.28113,2.29092,2.286025
7.562000000000001e-05,2.28844,2.29023,2.289335
7.562999999999999e-05,2.28474,2.29213,2.288435
7.564e-05,2.28268,2.28871,2.285695
7.565000000000001e-05,2.27856,2.28484,2.2817
7.565999999999999e-05,2.28013,2.29787,2.289
7.567e-05,2.28715,2.28958,2.288365
7.568000000000001e-05,2.27628,2.28939,2.282835
7.568999999999999e-05,2.27567,2.28607,2.28087
7.57e-05,2.28377,2.28151,2.28264
7.571e-05,2.28607,2.29272,2.289395
7.572e-05,2.28716,2.2939,2.29053
7.573000000000001e-05,2.2801,2.28511,2.282605
7.574e-05,2.28563,2.27923,2.28243
7.575e-05,2.28177,2.28784,2.284805
7.576e-05,2.28744,2.2883,2.28787
7.576999999999999e-05,2.28476,2.2939,2.28933
7.578e-05,2.27748,2.2922,2.28484
7.579e-05,2.29095,2.28925,2.2901
7.579999999999999e-05,2.28792,2.29529,2.291605
7.581000000000001e-05,2.28206,2.28566,2.28386
7.582e-05,2.29151,2.28081,2.28616
7.583e-05,2.28999,2.27347,2.28173
7.584e-05,2.28269,2.28765,2.28517
7.585e-05,2.27494,2.28376,2.27935
7.586e-05,2.28597,2.27622,2.281095
7.587e-05,2.28717,2.27475,2.28096
7.587999999999999e-05,2.28739,2.28156,2.284475
7.589e-05,2.28096,2.28636,2.28366
7.590000000000002e-05,2.28372,2.28781,2.285765
7.591e-05,2.28478,2.29339,2.289085
7.592e-05,2.27342,2.29495,2.284185
7.593000000000001e-05,2.28322,2.29227,2.287745
7.594e-05,2.28539,2.29118,2.288285
7.595e-05,2.27981,2.28463,2.28222
7.596e-05,2.28508,2.28548,2.28528
7.596999999999999e-05,2.28756,2.29285,2.290205
7.598e-05,2.28432,2.29034,2.28733
7.598999999999998e-05,2.29091,2.29132,2.291115
7.6e-05,2.28086,2.29053,2.285695
7.601000000000001e-05,2.27911,2.29439,2.28675
7.602e-05,2.28162,2.29437,2.287995
7.603e-05,2.28521,2.28557,2.28539
7.604000000000001e-05,2.28939,2.28883,2.28911
7.604999999999999e-05,2.28518,2.27777,2.281475
7.606e-05,2.28316,2.2895,2.28633
7.607e-05,2.28299,2.2865,2.284745
7.607999999999999e-05,2.28266,2.27647,2.279565
7.609e-05,2.2754,2.27512,2.27526
7.61e-05,2.27398,2.27736,2.27567
7.611e-05,2.2741,2.28447,2.279285
7.612000000000001e-05,2.28151,2.28715,2.28433
7.612999999999999e-05,2.28131,2.28515,2.28323
7.614e-05,2.27913,2.28139,2.28026
7.615000000000001e-05,2.2859,2.3016,2.29375
7.615999999999999e-05,2.28678,2.28561,2.286195
7.617e-05,2.28572,2.2989,2.29231
7.618e-05,2.28032,2.28565,2.282985
7.618999999999999e-05,2.28123,2.29812,2.289675
7.620000000000001e-05,2.2875,2.28859,2.288045
7.621e-05,2.27989,2.2953,2.287595
7.622e-05,2.2814,2.28876,2.28508
7.623000000000001e-05,2.28604,2.29008,2.28806
7.623999999999999e-05,2.28819,2.29382,2.291005
7.625e-05,2.27946,2.28228,2.28087
7.626e-05,2.27953,2.28789,2.28371
7.626999999999999e-05,2.28349,2.28859,2.28604
7.628e-05,2.27889,2.28344,2.281165
7.629000000000002e-05,2.28109,2.28387,2.28248
7.63e-05,2.28049,2.27871,2.2796
7.631e-05,2.28385,2.28585,2.28485
7.632e-05,2.27895,2.28139,2.28017
7.633e-05,2.28056,2.28975,2.285155
7.634e-05,2.28598,2.28761,2.286795
7.635e-05,2.28652,2.28649,2.286505
7.636e-05,2.28179,2.2857,2.283745
7.637e-05,2.28627,2.29029,2.28828
7.637999999999998e-05,2.28896,2.2887,2.28883
7.639e-05,2.28246,2.28455,2.283505
7.640000000000001e-05,2.28569,2.28873,2.28721
7.641e-05,2.28011,2.28767,2.28389
7.642e-05,2.28888,2.28182,2.28535
7.643000000000001e-05,2.28373,2.28241,2.28307
7.643999999999999e-05,2.28795,2.28635,2.28715
7.645e-05,2.28389,2.27565,2.27977
7.646e-05,2.28711,2.27755,2.28233
7.646999999999999e-05,2.27961,2.28245,2.28103
7.648e-05,2.29167,2.28464,2.288155
7.649e-05,2.29553,2.29631,2.29592
7.65e-05,2.28804,2.29058,2.28931
7.651000000000001e-05,2.298,2.29248,2.29524
7.651999999999999e-05,2.29547,2.2839,2.289685
7.653e-05,2.29169,2.2843,2.287995
7.654000000000001e-05,2.28532,2.28809,2.286705
7.654999999999999e-05,2.28562,2.29102,2.28832
7.656e-05,2.28163,2.28206,2.281845
7.657e-05,2.29214,2.29127,2.291705
7.658e-05,2.28835,2.28532,2.286835
7.659000000000001e-05,2.28572,2.29028,2.288
7.659999999999999e-05,2.28801,2.29409,2.29105
7.661e-05,2.28966,2.29571,2.292685
7.662000000000001e-05,2.28053,2.29111,2.28582
7.662999999999999e-05,2.28646,2.2922,2.28933
7.664e-05,2.28602,2.29197,2.288995
7.665e-05,2.28743,2.27938,2.283405
7.665999999999999e-05,2.29157,2.28883,2.2902
7.667e-05,2.2879,2.29081,2.289355
7.668000000000002e-05,2.29049,2.30053,2.29551
7.669e-05,2.28782,2.29258,2.2902
7.670000000000001e-05,2.28921,2.28568,2.287445
7.671e-05,2.28279,2.28732,2.285055
7.672e-05,2.28707,2.28961,2.28834
7.673e-05,2.29089,2.28855,2.28972
7.673999999999999e-05,2.28967,2.29333,2.2915
7.675e-05,2.28334,2.28565,2.284495
7.676e-05,2.29209,2.28787,2.28998
7.676999999999998e-05,2.29736,2.28393,2.290645
7.678000000000001e-05,2.28375,2.29089,2.28732
7.679000000000002e-05,2.29619,2.28408,2.290135
7.68e-05,2.28354,2.28786,2.2857
7.681e-05,2.29496,2.28975,2.292355
7.682e-05,2.28141,2.29756,2.289485
7.683e-05,2.28765,2.29529,2.29147
7.684e-05,2.2881,2.28624,2.28717
7.684999999999998e-05,2.29451,2.2983,2.296405
7.685999999999999e-05,2.28581,2.29405,2.28993
7.687000000000001e-05,2.28255,2.29534,2.288945
7.688e-05,2.28192,2.2932,2.28756
7.689e-05,2.27963,2.28473,2.28218
7.690000000000001e-05,2.29747,2.29273,2.2951
7.691e-05,2.29475,2.2899,2.292325
7.692e-05,2.29527,2.29496,2.295115
7.693000000000001e-05,2.28869,2.28913,2.28891
7.693999999999999e-05,2.28813,2.28931,2.28872
7.695e-05,2.28778,2.28763,2.287705
7.696e-05,2.29013,2.28969,2.28991
7.697e-05,2.28721,2.28326,2.285235
7.698000000000001e-05,2.28882,2.29299,2.290905
7.698999999999999e-05,2.29011,2.30195,2.29603
7.7e-05,2.28557,2.27843,2.282
7.701000000000001e-05,2.29179,2.29196,2.291875
7.701999999999999e-05,2.29339,2.29014,2.291765
7.703e-05,2.28722,2.29163,2.289425
7.704000000000001e-05,2.29357,2.28513,2.28935
7.704999999999999e-05,2.28705,2.29156,2.289305
7.706e-05,2.28927,2.28876,2.289015
7.707e-05,2.28862,2.28489,2.286755
7.708e-05,2.28348,2.29086,2.28717
7.709000000000001e-05,2.2844,2.2934,2.2889
7.709999999999999e-05,2.27832,2.29166,2.28499
7.711e-05,2.28231,2.28335,2.28283
7.712000000000001e-05,2.28443,2.28751,2.28597
7.712999999999999e-05,2.28741,2.29021,2.28881
7.714e-05,2.28745,2.28692,2.287185
7.715e-05,2.28824,2.2873,2.28777
7.715999999999999e-05,2.27849,2.28667,2.28258
7.717000000000001e-05,2.28076,2.28289,2.281825
7.718000000000002e-05,2.2838,2.28844,2.28612
7.719e-05,2.27852,2.29079,2.284655
7.72e-05,2.27973,2.29059,2.28516
7.720999999999999e-05,2.2879,2.28394,2.28592
7.722e-05,2.28396,2.28933,2.286645
7.723e-05,2.28279,2.29041,2.2866
7.723999999999999e-05,2.28623,2.28427,2.28525
7.725e-05,2.29332,2.28033,2.286825
7.726000000000002e-05,2.29698,2.28836,2.29267
7.727e-05,2.30125,2.29569,2.29847
7.728e-05,2.28719,2.28493,2.28606
7.729000000000001e-05,2.28753,2.29282,2.290175
7.73e-05,2.28654,2.29273,2.289635
7.731e-05,2.29317,2.28399,2.28858
7.732e-05,2.29006,2.28638,2.28822
7.732999999999999e-05,2.2847,2.28302,2.28386
7.734e-05,2.28777,2.28532,2.286545
7.734999999999998e-05,2.27993,2.29739,2.28866
7.736e-05,2.2819,2.28927,2.285585
7.737000000000001e-05,2.2866,2.28471,2.285655
7.738e-05,2.28122,2.28719,2.284205
7.739e-05,2.2899,2.28266,2.28628
7.740000000000001e-05,2.28584,2.28645,2.286145
7.740999999999999e-05,2.29015,2.28222,2.286185
7.742e-05,2.29054,2.28605,2.288295
7.743000000000001e-05,2.28708,2.29248,2.28978
7.743999999999999e-05,2.28953,2.27974,2.284635
7.745e-05,2.28334,2.28668,2.28501
7.746e-05,2.28729,2.29209,2.28969
7.747e-05,2.28882,2.29119,2.290005
7.748000000000001e-05,2.28735,2.28963,2.28849
7.748999999999999e-05,2.28844,2.28243,2.285435
7.75e-05,2.28387,2.28583,2.28485
7.751000000000001e-05,2.28002,2.29094,2.28548
7.751999999999999e-05,2.29184,2.28827,2.290055
7.753e-05,2.29608,2.29327,2.294675
7.754e-05,2.28589,2.28368,2.284785
7.754999999999999e-05,2.29485,2.29049,2.29267
7.756000000000001e-05,2.2962,2.2894,2.2928
7.757e-05,2.27802,2.28676,2.28239
7.758e-05,2.28606,2.29067,2.288365
7.759000000000001e-05,2.2867,2.28898,2.28784
7.759999999999999e-05,2.28789,2.28874,2.288315
7.761e-05,2.28875,2.28771,2.28823
7.762e-05,2.28602,2.29721,2.291615
7.762999999999999e-05,2.28832,2.2891,2.28871
7.764e-05,2.28607,2.29537,2.29072
7.765000000000002e-05,2.28615,2.28913,2.28764
7.766e-05,2.28284,2.29697,2.289905
7.767000000000001e-05,2.28911,2.29753,2.29332
7.768000000000002e-05,2.29197,2.30828,2.300125
7.769e-05,2.29254,2.29073,2.291635
7.77e-05,2.29515,2.29956,2.297355
7.770999999999999e-05,2.29387,2.29223,2.29305
7.772e-05,2.29485,2.29094,2.292895
7.773e-05,2.30169,2.29398,2.297835
7.773999999999998e-05,2.28759,2.30241,2.295
7.775e-05,2.28704,2.29175,2.289395
7.776000000000001e-05,2.28636,2.29261,2.289485
7.777e-05,2.29087,2.29097,2.29092
7.778e-05,2.29044,2.29451,2.292475
7.779000000000001e-05,2.29157,2.28417,2.28787
7.78e-05,2.29252,2.29132,2.29192
7.781e-05,2.28714,2.28814,2.28764
7.781999999999998e-05,2.29373,2.29038,2.292055
7.782999999999999e-05,2.28845,2.29393,2.29119
7.784e-05,2.29023,2.30047,2.29535
7.785e-05,2.29162,2.30407,2.297845
7.786e-05,2.28965,2.29851,2.29408
7.787000000000001e-05,2.30019,2.287,2.293595
7.787999999999999e-05,2.28944,2.29402,2.29173
7.789e-05,2.29188,2.29575,2.293815
7.790000000000001e-05,2.29243,2.30321,2.29782
7.790999999999999e-05,2.28024,2.30589,2.293065
7.792e-05,2.29769,2.29174,2.294715
7.793000000000001e-05,2.29219,2.29187,2.29203
7.793999999999999e-05,2.30134,2.28945,2.295395
7.795000000000001e-05,2.29638,2.30048,2.29843
7.795999999999999e-05,2.29433,2.28784,2.291085
7.797e-05,2.29437,2.28658,2.290475
7.798000000000001e-05,2.28927,2.29593,2.2926
7.798999999999999e-05,2.28913,2.29853,2.29383
7.8e-05,2.29266,2.30218,2.29742
7.801000000000001e-05,2.28908,2.30154,2.29531
7.801999999999999e-05,2.29579,2.29359,2.29469
7.803e-05,2.29319,2.30382,2.298505
7.804000000000002e-05,2.29323,2.29278,2.293005
7.805e-05,2.28748,2.28142,2.28445
7.806000000000001e-05,2.29192,2.29359,2.292755
7.806999999999999e-05,2.29571,2.29052,2.293115
7.808e-05,2.29607,2.29916,2.297615
7.809e-05,2.28877,2.2887,2.288735
7.809999999999999e-05,2.29262,2.29488,2.29375
7.811e-05,2.29687,2.30032,2.298595
7.812e-05,2.29653,2.30144,2.298985
7.812999999999999e-05,2.29231,2.29719,2.29475
7.814000000000001e-05,2.28324,2.30159,2.292415
7.815000000000002e-05,2.29724,2.30429,2.300765
7.816e-05,2.29123,2.29702,2.294125
7.817e-05,2.2878,2.30272,2.29526
7.818000000000001e-05,2.29496,2.30923,2.302095
7.819e-05,2.29159,2.29954,2.295565
7.82e-05,2.28979,2.30727,2.29853
7.820999999999998e-05,2.29043,2.29793,2.29418
7.821999999999999e-05,2.29205,2.29781,2.29493
7.823e-05,2.28888,2.29356,2.29122
7.824e-05,2.28314,2.29188,2.28751
7.825e-05,2.28207,2.29724,2.289655
7.826000000000001e-05,2.28606,2.28615,2.286105
7.827e-05,2.28732,2.28945,2.288385
7.828e-05,2.29068,2.29823,2.294455
7.829000000000001e-05,2.28432,2.29685,2.290585
7.829999999999999e-05,2.28535,2.29688,2.291115
7.831e-05,2.28157,2.29671,2.28914
7.831999999999998e-05,2.27934,2.30429,2.291815
7.832999999999999e-05,2.27641,2.29516,2.285785
7.834000000000001e-05,2.28087,2.2897,2.285285
7.835e-05,2.28804,2.2847,2.28637
7.836e-05,2.28677,2.29938,2.293075
7.837000000000001e-05,2.28393,2.29694,2.290435
7.837999999999999e-05,2.28445,2.29799,2.29122
7.839e-05,2.29013,2.29833,2.29423
7.840000000000001e-05,2.28096,2.29124,2.2861
7.840999999999999e-05,2.2839,2.29485,2.289375
7.842e-05,2.29891,2.30269,2.3008
7.843000000000002e-05,2.29164,2.29122,2.29143
7.844e-05,2.28814,2.30221,2.295175
7.845000000000001e-05,2.28725,2.30163,2.29444
7.845999999999999e-05,2.29309,2.30448,2.298785
7.847e-05,2.29576,2.29716,2.29646
7.848000000000001e-05,2.29091,2.3038,2.297355
7.848999999999999e-05,2.28687,2.28891,2.28789
7.85e-05,2.29493,2.29552,2.295225
7.851e-05,2.30023,2.29962,2.299925
7.851999999999999e-05,2.29566,2.29443,2.295045
7.853000000000001e-05,2.29458,2.29904,2.29681
7.854000000000002e-05,2.2889,2.29825,2.293575
7.855e-05,2.29509,2.29764,2.296365
7.856000000000001e-05,2.29424,2.30163,2.297935
7.856999999999999e-05,2.29646,2.29958,2.29802
7.858e-05,2.29382,2.30378,2.2988
7.859e-05,2.29427,2.30004,2.297155
7.859999999999999e-05,2.29495,2.30143,2.29819
7.861e-05,2.29125,2.29521,2.29323
7.862e-05,2.29146,2.29825,2.294855
7.863e-05,2.28302,2.29607,2.289545
7.864e-05,2.28761,2.29338,2.290495
7.865000000000001e-05,2.29093,2.29327,2.2921
7.866e-05,2.29068,2.29854,2.29461
7.867e-05,2.2865,2.28854,2.28752
7.868e-05,2.29124,2.2964,2.29382
7.869e-05,2.29145,2.30138,2.296415
7.87e-05,2.29537,2.30632,2.300845
7.870999999999998e-05,2.29599,2.29197,2.29398
7.871999999999999e-05,2.29543,2.29398,2.294705
7.873000000000001e-05,2.2951,2.29116,2.29313
7.874e-05,2.28838,2.29485,2.291615
7.875e-05,2.28989,2.30252,2.296205
7.876000000000001e-05,2.29181,2.29681,2.29431
7.876999999999999e-05,2.28573,2.30161,2.29367
7.878e-05,2.28389,2.30608,2.294985
7.879000000000001e-05,2.28215,2.29413,2.28814
7.879999999999999e-05,2.28454,2.30029,2.292415
7.881e-05,2.28306,2.30232,2.29269
7.881999999999998e-05,2.28648,2.30055,2.293515
7.883e-05,2.28418,2.30613,2.295155
7.884000000000001e-05,2.29013,2.30434,2.297235
7.884999999999999e-05,2.28996,2.2921,2.29103
7.886e-05,2.28143,2.31049,2.29596
7.887000000000001e-05,2.29251,2.30204,2.297275
7.887999999999999e-05,2.28892,2.31161,2.300265
7.889e-05,2.28471,2.30359,2.29415
7.890000000000001e-05,2.28142,2.30988,2.29565
7.890999999999999e-05,2.28878,2.29887,2.293825
7.892000000000001e-05,2.28834,2.28789,2.288115
7.893e-05,2.28285,2.3045,2.293675
7.894e-05,2.29105,2.29717,2.29411
7.895000000000001e-05,2.29609,2.29759,2.29684
7.895999999999999e-05,2.28468,2.29372,2.2892
7.897e-05,2.29681,2.29108,2.293945
7.898e-05,2.28931,2.30476,2.297035
7.898999999999999e-05,2.29673,2.28838,2.292555
7.9e-05,2.28979,2.2927,2.291245
7.901e-05,2.29408,2.2935,2.29379
7.902e-05,2.28688,2.28409,2.285485
7.903000000000001e-05,2.29447,2.29116,2.292815
7.904000000000002e-05,2.29312,2.2935,2.29331
7.905e-05,2.28736,2.29382,2.29059
7.906e-05,2.2845,2.28252,2.28351
7.906999999999999e-05,2.28805,2.28944,2.288745
7.908e-05,2.2927,2.28774,2.29022
7.909e-05,2.28814,2.28961,2.288875
7.909999999999998e-05,2.28861,2.29499,2.2918
7.910999999999999e-05,2.28899,2.29632,2.292655
7.912000000000001e-05,2.28694,2.29393,2.290435
7.913e-05,2.29135,2.28973,2.29054
7.914e-05,2.3024,2.29181,2.297105
7.915000000000001e-05,2.29839,2.29732,2.297855
7.916e-05,2.28804,2.29962,2.29383
7.917e-05,2.29196,2.30732,2.29964
7.918e-05,2.29504,2.30111,2.298075
7.918999999999999e-05,2.29648,2.3016,2.29904
7.92e-05,2.29222,2.30248,2.29735
7.921e-05,2.29239,2.29622,2.294305
7.922e-05,2.28708,2.29825,2.292665
7.923000000000001e-05,2.29623,2.29535,2.29579
7.924e-05,2.29032,2.30339,2.296855
7.925e-05,2.28903,2.29449,2.29176
7.926000000000001e-05,2.28999,2.29642,2.293205
7.926999999999999e-05,2.29288,2.29367,2.293275
7.928e-05,2.28376,2.28835,2.286055
7.929e-05,2.2922,2.28688,2.28954
7.929999999999999e-05,2.29346,2.29299,2.293225
7.931000000000001e-05,2.29314,2.30298,2.29806
7.931999999999999e-05,2.28863,2.29098,2.289805
7.933e-05,2.28352,2.29032,2.28692
7.934000000000001e-05,2.2888,2.28697,2.287885
7.934999999999999e-05,2.29819,2.2912,2.294695
7.936e-05,2.29639,2.29227,2.29433
7.937000000000001e-05,2.28586,2.30069,2.293275
7.937999999999999e-05,2.29286,2.2907,2.29178
7.939e-05,2.29095,2.29607,2.29351
7.94e-05,2.28933,2.29139,2.29036
7.941e-05,2.28821,2.28787,2.28804
7.942000000000001e-05,2.29075,2.28873,2.28974
7.943e-05,2.2919,2.29513,2.293515
7.944e-05,2.29165,2.29247,2.29206
7.945e-05,2.29581,2.29655,2.29618
7.945999999999999e-05,2.2889,2.29832,2.29361
7.947e-05,2.29298,2.29375,2.293365
7.948e-05,2.29353,2.28915,2.29134
7.948999999999999e-05,2.299,2.29295,2.295975
7.950000000000001e-05,2.29369,2.30038,2.297035
7.951000000000002e-05,2.29739,2.29743,2.29741
7.952e-05,2.29709,2.28941,2.29325
7.953e-05,2.30598,2.298,2.30199
7.954e-05,2.2934,2.30017,2.296785
7.955e-05,2.28988,2.29705,2.293465
7.956e-05,2.28494,2.29409,2.289515
7.956999999999999e-05,2.29502,2.29832,2.29667
7.958e-05,2.292,2.3006,2.2963
7.959e-05,2.28835,2.29191,2.29013
7.96e-05,2.2952,2.29082,2.29301
7.961e-05,2.29383,2.29133,2.29258
7.962000000000001e-05,2.29526,2.29215,2.293705
7.963e-05,2.2933,2.28696,2.29013
7.964e-05,2.29014,2.29683,2.293485
7.965000000000001e-05,2.30039,2.30066,2.300525
7.965999999999999e-05,2.29119,2.29487,2.29303
7.967e-05,2.29511,2.30093,2.29802
7.968e-05,2.29084,2.30029,2.295565
7.968999999999999e-05,2.28709,2.28884,2.287965
7.970000000000001e-05,2.28495,2.29152,2.288235
7.971e-05,2.2902,2.29045,2.290325
7.972e-05,2.28151,2.30087,2.29119
7.973000000000001e-05,2.29046,2.29549,2.292975
7.973999999999999e-05,2.29687,2.29986,2.298365
7.975e-05,2.29471,2.28715,2.29093
7.976000000000001e-05,2.29284,2.2933,2.29307
7.976999999999999e-05,2.286,2.30628,2.29614
7.978e-05,2.28503,2.30109,2.29306
7.979e-05,2.29502,2.29772,2.29637
7.98e-05,2.29483,2.29816,2.296495
7.981000000000001e-05,2.29158,2.30017,2.295875
7.981999999999999e-05,2.29263,2.29895,2.29579
7.983e-05,2.29354,2.29563,2.294585
7.984000000000001e-05,2.29758,2.29922,2.2984
7.984999999999999e-05,2.30021,2.3044,2.302305
7.986e-05,2.29759,2.29325,2.29542
7.987e-05,2.29603,2.29999,2.29801
7.987999999999999e-05,2.29859,2.3035,2.301045
7.989000000000001e-05,2.29026,2.29358,2.29192
7.99e-05,2.29194,2.295,2.29347
7.991e-05,2.29228,2.2939,2.29309
7.992000000000001e-05,2.30007,2.29777,2.29892
7.993e-05,2.29731,2.29496,2.296135
7.994e-05,2.30013,2.29377,2.29695
7.995e-05,2.29008,2.28594,2.28801
7.995999999999999e-05,2.28508,2.28527,2.285175
7.997e-05,2.29077,2.28082,2.285795
7.998e-05,2.29398,2.28731,2.290645
7.999e-05,2.29473,2.2919,2.293315
8e-05,2.29644,2.28127,2.288855
8.001000000000001e-05,2.29611,2.29477,2.29544
8.002e-05,2.29362,2.28859,2.291105
8.003e-05,2.29175,2.28571,2.28873
8.004e-05,2.29222,2.28914,2.29068
8.005e-05,2.29243,2.28181,2.28712
8.006e-05,2.29455,2.28925,2.2919
8.006999999999998e-05,2.30016,2.28802,2.29409
8.007999999999999e-05,2.29658,2.28539,2.290985
8.009000000000001e-05,2.30175,2.28344,2.292595
8.01e-05,2.2899,2.28968,2.28979
8.011e-05,2.29109,2.2844,2.287745
8.012000000000001e-05,2.29464,2.2845,2.28957
8.013e-05,2.28947,2.29106,2.290265
8.014e-05,2.29184,2.28222,2.28703
8.015e-05,2.28388,2.29401,2.288945
8.015999999999999e-05,2.28537,2.29905,2.29221
8.017e-05,2.27995,2.29176,2.285855
8.018e-05,2.27855,2.29464,2.286595
8.019e-05,2.27647,2.28968,2.283075
8.020000000000001e-05,2.28376,2.28858,2.28617
8.020999999999999e-05,2.2785,2.29527,2.286885
8.022e-05,2.28441,2.29821,2.29131
8.023000000000001e-05,2.28313,2.28662,2.284875
8.023999999999999e-05,2.28487,2.28833,2.2866
8.025e-05,2.2822,2.29067,2.286435
8.026000000000001e-05,2.28943,2.28256,2.285995
8.026999999999999e-05,2.28682,2.28206,2.28444
8.028000000000001e-05,2.29044,2.28772,2.28908
8.029e-05,2.28551,2.28339,2.28445
8.03e-05,2.2789,2.28091,2.279905
8.031000000000001e-05,2.28404,2.28364,2.28384
8.031999999999999e-05,2.28291,2.28881,2.28586
8.033e-05,2.28534,2.28973,2.287535
8.034e-05,2.28927,2.28709,2.28818
8.034999999999999e-05,2.2781,2.2874,2.28275
8.036e-05,2.28613,2.2889,2.287515
8.037e-05,2.29061,2.28159,2.2861
8.038e-05,2.28933,2.29511,2.29222
8.039000000000001e-05,2.29217,2.27588,2.284025
8.04e-05,2.29315,2.28027,2.28671
8.041e-05,2.29593,2.28715,2.29154
8.042e-05,2.29967,2.28643,2.29305
8.043e-05,2.29496,2.27909,2.287025
8.044e-05,2.29776,2.27941,2.288585
8.045e-05,2.29666,2.28892,2.29279
8.045999999999999e-05,2.29757,2.28176,2.289665
8.047e-05,2.29312,2.28436,2.28874
8.048000000000002e-05,2.28987,2.2807,2.285285
8.049e-05,2.28283,2.28232,2.282575
8.05e-05,2.28246,2.28709,2.284775
8.051e-05,2.28428,2.27874,2.28151
8.052e-05,2.28921,2.28882,2.289015
8.053e-05,2.27744,2.28353,2.280485
8.054e-05,2.28217,2.27796,2.280065
8.054999999999999e-05,2.28263,2.28596,2.284295
8.056e-05,2.27866,2.27767,2.278165
8.056999999999998e-05,2.27707,2.27887,2.27797
8.058e-05,2.28322,2.29047,2.286845
8.059000000000001e-05,2.28436,2.28631,2.285335
8.06e-05,2.28557,2.28592,2.285745
8.061e-05,2.2861,2.2828,2.28445
8.062000000000001e-05,2.27762,2.28244,2.28003
8.062999999999999e-05,2.28262,2.28508,2.28385
8.064e-05,2.27114,2.29032,2.28073
8.065e-05,2.27996,2.28563,2.282795
8.065999999999999e-05,2.28652,2.2923,2.28941
8.067000000000001e-05,2.28509,2.28912,2.287105
8.068000000000001e-05,2.28998,2.29122,2.2906
8.069e-05,2.28503,2.27957,2.2823
8.070000000000001e-05,2.27821,2.28485,2.28153
8.070999999999999e-05,2.27625,2.28112,2.278685
8.072e-05,2.28425,2.28031,2.28228
8.073000000000001e-05,2.28235,2.28519,2.28377
8.073999999999999e-05,2.28767,2.28978,2.288725
8.075e-05,2.27975,2.28471,2.28223
8.075999999999999e-05,2.2816,2.28889,2.285245
8.077e-05,2.28066,2.28086,2.28076
8.078000000000001e-05,2.28356,2.28734,2.28545
8.079e-05,2.27872,2.2891,2.28391
8.08e-05,2.28222,2.29187,2.287045
8.081000000000001e-05,2.27974,2.2928,2.28627
8.081999999999999e-05,2.28402,2.29119,2.287605
8.083e-05,2.28268,2.27893,2.280805
8.084e-05,2.28305,2.28949,2.28627
8.084999999999999e-05,2.29043,2.28174,2.286085
8.086e-05,2.28256,2.28584,2.2842
8.087000000000002e-05,2.28516,2.2873,2.28623
8.088e-05,2.28165,2.27737,2.27951
8.089e-05,2.27428,2.28124,2.27776
8.09e-05,2.27927,2.28991,2.28459
8.091e-05,2.28558,2.28284,2.28421
8.092e-05,2.28349,2.28349,2.28349
8.093e-05,2.27741,2.2803,2.278855
8.094e-05,2.28729,2.28754,2.287415
8.095e-05,2.28662,2.28516,2.28589
8.095999999999998e-05,2.27852,2.28043,2.279475
8.097e-05,2.28394,2.28768,2.28581
8.098000000000001e-05,2.29473,2.29028,2.292505
8.099e-05,2.28707,2.27746,2.282265
8.1e-05,2.28439,2.28863,2.28651
8.101e-05,2.2863,2.27911,2.282705
8.102e-05,2.27937,2.27986,2.279615
8.103e-05,2.27735,2.27608,2.276715
8.104e-05,2.27651,2.27331,2.27491
8.104999999999999e-05,2.27942,2.27644,2.27793
8.106000000000001e-05,2.28314,2.28604,2.28459
8.107e-05,2.2824,2.27246,2.27743
8.108e-05,2.28099,2.28146,2.281225
8.109000000000001e-05,2.28305,2.28436,2.283705
8.109999999999999e-05,2.28495,2.28476,2.284855
8.111e-05,2.27828,2.28623,2.282255
8.112e-05,2.28659,2.27795,2.28227
8.112999999999999e-05,2.28194,2.27862,2.28028
8.114e-05,2.28558,2.2835,2.28454
8.115e-05,2.27645,2.27832,2.277385
8.116e-05,2.28436,2.28903,2.286695
8.117000000000001e-05,2.28878,2.28725,2.288015
8.118e-05,2.29108,2.28335,2.287215
8.119e-05,2.28672,2.28697,2.286845
8.120000000000001e-05,2.29177,2.27633,2.28405
8.120999999999999e-05,2.2883,2.28008,2.28419
8.122e-05,2.2896,2.27935,2.284475
8.123e-05,2.2832,2.28385,2.283525
8.123999999999999e-05,2.28116,2.28461,2.282885
8.125e-05,2.28949,2.29178,2.290635
8.126e-05,2.2892,2.28541,2.287305
8.127e-05,2.28444,2.28698,2.28571
8.128000000000001e-05,2.28477,2.28751,2.28614
8.129e-05,2.28359,2.28544,2.284515
8.13e-05,2.2859,2.29651,2.291205
8.131e-05,2.28521,2.2924,2.288805
8.131999999999999e-05,2.28295,2.29563,2.28929
8.133e-05,2.29712,2.29098,2.29405
8.134e-05,2.29264,2.29316,2.2929
8.134999999999999e-05,2.29044,2.29985,2.295145
8.136000000000001e-05,2.29137,2.29542,2.293395
8.137e-05,2.28788,2.29306,2.29047
8.138e-05,2.29499,2.29075,2.29287
8.139e-05,2.28307,2.29539,2.28923
8.14e-05,2.28663,2.28866,2.287645
8.141e-05,2.28602,2.2881,2.28706
8.142e-05,2.28333,2.29184,2.287585
8.143e-05,2.28983,2.30143,2.29563
8.143999999999999e-05,2.28717,2.29014,2.288655
8.145000000000001e-05,2.27843,2.2921,2.285265
8.146e-05,2.28434,2.28146,2.2829
8.147e-05,2.2855,2.28664,2.28607
8.148000000000001e-05,2.29029,2.29538,2.292835
8.149e-05,2.28834,2.2928,2.29057
8.15e-05,2.28725,2.2927,2.289975
8.151e-05,2.29128,2.29554,2.29341
8.151999999999999e-05,2.29763,2.29618,2.296905
8.153e-05,2.28904,2.29585,2.292445
8.154e-05,2.2902,2.28865,2.289425
8.155e-05,2.29423,2.29339,2.29381
8.156000000000001e-05,2.29136,2.2957,2.29353
8.156999999999999e-05,2.28129,2.29218,2.286735
8.158e-05,2.28602,2.29015,2.288085
8.159000000000001e-05,2.28336,2.28672,2.28504
8.159999999999999e-05,2.28192,2.28021,2.281065
8.161e-05,2.27889,2.29065,2.28477
8.162e-05,2.28385,2.2864,2.285125
8.162999999999999e-05,2.28511,2.29304,2.289075
8.164e-05,2.28541,2.29138,2.288395
8.165e-05,2.2877,2.28173,2.284715
8.166e-05,2.28562,2.28926,2.28744
8.167000000000001e-05,2.28144,2.28976,2.2856
8.168e-05,2.28715,2.29131,2.28923
8.169e-05,2.28774,2.29273,2.290235
8.170000000000001e-05,2.28989,2.28325,2.28657
8.170999999999999e-05,2.29535,2.28366,2.289505
8.172e-05,2.29548,2.28895,2.292215
8.172999999999999e-05,2.28518,2.28068,2.28293
8.173999999999999e-05,2.2913,2.28495,2.288125
8.175000000000001e-05,2.28933,2.29431,2.29182
8.176e-05,2.28997,2.286,2.287985
8.177e-05,2.28277,2.28876,2.285765
8.178e-05,2.27953,2.28938,2.284455
8.179e-05,2.29046,2.27417,2.282315
8.18e-05,2.28861,2.28506,2.286835
8.181e-05,2.29195,2.27813,2.28504
8.181999999999999e-05,2.29185,2.27331,2.28258
8.183e-05,2.28691,2.28628,2.286595
8.184000000000002e-05,2.28332,2.28603,2.284675
8.185e-05,2.28442,2.28386,2.28414
8.186e-05,2.28434,2.28632,2.28533
8.187e-05,2.28976,2.27932,2.28454
8.188e-05,2.28099,2.28621,2.2836
8.189e-05,2.28365,2.28153,2.28259
8.19e-05,2.28809,2.28429,2.28619
8.191e-05,2.29545,2.28374,2.289595
8.192e-05,2.29738,2.27942,2.2884
8.193e-05,2.29293,2.28216,2.287545
8.194e-05,2.28515,2.28749,2.28632
8.195000000000001e-05,2.29126,2.29148,2.29137
8.196e-05,2.28414,2.28327,2.283705
8.197e-05,2.28555,2.28476,2.285155
8.198e-05,2.29142,2.29383,2.292625
8.198999999999999e-05,2.29163,2.28997,2.2908
8.2e-05,2.2964,2.28517,2.290785
8.201e-05,2.295,2.28088,2.28794
8.201999999999999e-05,2.2946,2.28592,2.29026
8.203e-05,2.29279,2.28516,2.288975
8.204000000000001e-05,2.28307,2.27945,2.28126
8.205e-05,2.2942,2.28238,2.28829
8.206000000000001e-05,2.29157,2.28604,2.288805
8.206999999999999e-05,2.28967,2.28257,2.28612
8.208e-05,2.28797,2.2793,2.283635
8.209000000000001e-05,2.28392,2.27761,2.280765
8.209999999999999e-05,2.28383,2.27941,2.28162
8.211e-05,2.28901,2.28362,2.286315
8.211999999999999e-05,2.29204,2.28433,2.288185
8.213e-05,2.28406,2.29188,2.28797
8.214000000000001e-05,2.29149,2.28237,2.28693
8.215e-05,2.29601,2.28018,2.288095
8.216e-05,2.28624,2.29696,2.2916
8.217000000000001e-05,2.28443,2.27718,2.280805
8.218e-05,2.2882,2.28704,2.28762
8.219e-05,2.28256,2.27865,2.280605
8.22e-05,2.28823,2.28932,2.288775
8.220999999999999e-05,2.29133,2.28814,2.289735
8.222e-05,2.29286,2.29036,2.29161
8.223e-05,2.29324,2.29162,2.29243
8.224e-05,2.29265,2.28971,2.29118
8.225000000000001e-05,2.28953,2.28458,2.287055
8.226e-05,2.29939,2.29114,2.295265
8.227e-05,2.29489,2.28765,2.29127
8.228e-05,2.2968,2.29104,2.29392
8.229e-05,2.29529,2.28399,2.28964
8.23e-05,2.30324,2.28449,2.293865
8.231e-05,2.28779,2.28553,2.28666
8.231999999999998e-05,2.2904,2.29072,2.29056
8.233e-05,2.28913,2.28525,2.28719
8.234e-05,2.28869,2.28312,2.285905
8.235e-05,2.29261,2.2831,2.287855
8.236e-05,2.29869,2.28126,2.289975
8.237e-05,2.29578,2.27843,2.287105
8.238e-05,2.29392,2.27033,2.282125
8.239e-05,2.29147,2.26944,2.280455
8.24e-05,2.30006,2.28193,2.290995
8.240999999999999e-05,2.30047,2.278,2.289235
8.242000000000001e-05,2.29297,2.27492,2.283945
8.243000000000001e-05,2.29435,2.27533,2.28484
8.244e-05,2.29829,2.27887,2.28858
8.245000000000001e-05,2.29352,2.2783,2.28591
8.245999999999999e-05,2.29214,2.27596,2.28405
8.247e-05,2.2943,2.28196,2.28813
8.248e-05,2.30386,2.28295,2.293405
8.248999999999999e-05,2.2963,2.27683,2.286565
8.25e-05,2.29752,2.28361,2.290565
8.251e-05,2.29864,2.28384,2.29124
8.252e-05,2.29688,2.27981,2.288345
8.253000000000001e-05,2.30127,2.27179,2.28653
8.254e-05,2.29782,2.27715,2.287485
8.255e-05,2.29753,2.28283,2.29018
8.256000000000001e-05,2.30195,2.28157,2.29176
8.256999999999999e-05,2.30303,2.27562,2.289325
8.258e-05,2.30501,2.28373,2.29437
8.259e-05,2.3076,2.28198,2.29479
8.259999999999999e-05,2.29592,2.28002,2.28797
8.261e-05,2.30305,2.27586,2.289455
8.262e-05,2.29675,2.28285,2.2898
8.263e-05,2.29094,2.28587,2.288405
8.264000000000001e-05,2.29493,2.28928,2.292105
8.265e-05,2.29505,2.29626,2.295655
8.266e-05,2.29573,2.28208,2.288905
8.267e-05,2.29691,2.29103,2.29397
8.268e-05,2.29362,2.28103,2.287325
8.269e-05,2.29375,2.28241,2.28808
8.27e-05,2.28944,2.27725,2.283345
8.270999999999999e-05,2.29641,2.28561,2.29101
8.272000000000001e-05,2.29611,2.28603,2.29107
8.273e-05,2.29969,2.28233,2.29101
8.274e-05,2.29971,2.28947,2.29459
8.275e-05,2.30454,2.29206,2.2983
8.276e-05,2.30178,2.28536,2.29357
8.277e-05,2.29213,2.28015,2.28614
8.278e-05,2.30012,2.28144,2.29078
8.279e-05,2.29398,2.27802,2.286
8.28e-05,2.29297,2.29042,2.291695
8.281000000000002e-05,2.3026,2.28658,2.29459
8.282e-05,2.29851,2.2891,2.293805
8.283e-05,2.30491,2.29124,2.298075
8.284e-05,2.29616,2.29467,2.295415
8.285e-05,2.29879,2.28815,2.29347
8.286e-05,2.29915,2.28592,2.292535
8.287e-05,2.31076,2.28064,2.2957
8.287999999999999e-05,2.29769,2.29034,2.294015
8.289e-05,2.30189,2.28536,2.293625
8.29e-05,2.30569,2.28633,2.29601
8.291e-05,2.29999,2.28191,2.29095
8.292000000000001e-05,2.29804,2.27246,2.28525
8.293000000000001e-05,2.2982,2.28723,2.292715
8.294e-05,2.30438,2.28394,2.29416
8.295e-05,2.29998,2.28293,2.291455
8.295999999999999e-05,2.30213,2.28109,2.29161
8.297e-05,2.29306,2.28517,2.289115
8.298e-05,2.29368,2.29159,2.292635
8.298999999999999e-05,2.2967,2.28164,2.28917
8.3e-05,2.29671,2.28369,2.2902
8.301e-05,2.29629,2.28514,2.290715
8.302e-05,2.30287,2.28183,2.29235
8.303000000000001e-05,2.30321,2.29,2.296605
8.304e-05,2.29203,2.29498,2.293505
8.305e-05,2.29691,2.29014,2.293525
8.306000000000001e-05,2.29445,2.29498,2.294715
8.306999999999999e-05,2.28785,2.28985,2.28885
8.308e-05,2.28967,2.28217,2.28592
8.308999999999999e-05,2.29287,2.28114,2.287005
8.309999999999999e-05,2.29912,2.29084,2.29498
8.311000000000001e-05,2.29951,2.28799,2.29375
8.312e-05,2.30137,2.28055,2.29096
8.313e-05,2.29494,2.2806,2.28777
8.314000000000001e-05,2.29137,2.28404,2.287705
8.315e-05,2.30109,2.28231,2.2917
8.316e-05,2.29605,2.284,2.290025
8.317e-05,2.29099,2.2811,2.286045
8.318e-05,2.29515,2.28347,2.28931
8.319e-05,2.28762,2.28341,2.285515
8.319999999999999e-05,2.2864,2.2866,2.2865
8.321e-05,2.29593,2.28283,2.28938
8.322e-05,2.29674,2.28036,2.28855
8.323e-05,2.3035,2.27483,2.289165
8.324e-05,2.29619,2.29,2.293095
8.325e-05,2.29169,2.28243,2.28706
8.326e-05,2.29282,2.28869,2.290755
8.327e-05,2.28781,2.27857,2.28319
8.328e-05,2.28873,2.27374,2.281235
8.329e-05,2.29428,2.29139,2.292835
8.33e-05,2.29596,2.27899,2.287475
8.331000000000001e-05,2.29339,2.28275,2.28807
8.332e-05,2.28364,2.28496,2.2843
8.333e-05,2.29192,2.28406,2.28799
8.334e-05,2.29003,2.28183,2.28593
8.334999999999999e-05,2.29117,2.28825,2.28971
8.336e-05,2.29346,2.28922,2.29134
8.337e-05,2.28783,2.28518,2.286505
8.337999999999999e-05,2.2874,2.2839,2.28565
8.339e-05,2.2869,2.28059,2.283745
8.340000000000001e-05,2.29235,2.28241,2.28738
8.341e-05,2.29534,2.28477,2.290055
8.342000000000001e-05,2.29371,2.28138,2.287545
8.343e-05,2.29376,2.28789,2.290825
8.344e-05,2.29678,2.28936,2.29307
8.345e-05,2.29235,2.29223,2.29229
8.345999999999999e-05,2.2985,2.28609,2.292295
8.347e-05,2.2973,2.28543,2.291365
8.348e-05,2.29154,2.29196,2.29175
8.348999999999999e-05,2.29248,2.28616,2.28932
8.350000000000001e-05,2.28775,2.28356,2.285655
8.351e-05,2.29809,2.28654,2.292315
8.352e-05,2.29614,2.2919,2.29402
8.353000000000001e-05,2.29191,2.29201,2.29196
8.354e-05,2.29295,2.28899,2.29097
8.355e-05,2.28582,2.28899,2.287405
8.355999999999999e-05,2.28893,2.29231,2.29062
8.356999999999999e-05,2.28692,2.2901,2.28851
8.358e-05,2.2935,2.29182,2.29266
8.359e-05,2.28521,2.28706,2.286135
8.36e-05,2.28881,2.2927,2.290755
8.361000000000001e-05,2.28385,2.28734,2.285595
8.362e-05,2.28523,2.29332,2.289275
8.363e-05,2.29413,2.28832,2.291225
8.364e-05,2.28533,2.29186,2.288595
8.365e-05,2.28543,2.28559,2.28551
8.366e-05,2.29489,2.28267,2.28878
8.367e-05,2.2964,2.28772,2.29206
8.368e-05,2.29715,2.28685,2.292
8.369000000000001e-05,2.29366,2.28393,2.288795
8.37e-05,2.28328,2.2904,2.28684
8.371e-05,2.29062,2.28588,2.28825
8.372e-05,2.28594,2.28577,2.285855
8.373e-05,2.29015,2.27838,2.284265
8.374e-05,2.29022,2.28236,2.28629
8.375e-05,2.3091,2.29847,2.303785
8.376e-05,2.28677,2.2854,2.286085
8.376999999999999e-05,2.29885,2.27577,2.28731
8.378e-05,2.30266,2.27796,2.29031
8.379000000000001e-05,2.30068,2.27984,2.29026
8.38e-05,2.28998,2.28908,2.28953
8.381e-05,2.28787,2.28029,2.28408
8.382e-05,2.28717,2.28415,2.28566
8.383e-05,2.29544,2.28869,2.292065
8.384e-05,2.28975,2.28509,2.28742
8.384999999999999e-05,2.29192,2.28198,2.28695
8.386e-05,2.29036,2.2747,2.28253
8.387e-05,2.2911,2.27295,2.282025
8.387999999999999e-05,2.29396,2.27927,2.286615
8.389000000000001e-05,2.29209,2.28141,2.28675
8.39e-05,2.2907,2.27286,2.28178
8.391e-05,2.28477,2.28123,2.283
8.392000000000001e-05,2.29337,2.27389,2.28363
8.393e-05,2.29404,2.27312,2.28358
8.394e-05,2.2931,2.2775,2.2853
8.395e-05,2.28864,2.27797,2.283305
8.395999999999999e-05,2.29538,2.28168,2.28853
8.397e-05,2.2918,2.28629,2.289045
8.398e-05,2.30287,2.28489,2.29388
8.399e-05,2.30127,2.28879,2.29503
8.400000000000001e-05,2.29188,2.28109,2.286485
8.401e-05,2.30341,2.27797,2.29069
8.402e-05,2.29358,2.2855,2.28954
8.403000000000001e-05,2.29481,2.28228,2.288545
8.404e-05,2.29142,2.27613,2.283775
8.405e-05,2.29413,2.28872,2.291425
8.405999999999999e-05,2.29181,2.29068,2.291245
8.406999999999999e-05,2.2964,2.27421,2.285305
8.408000000000001e-05,2.28108,2.27647,2.278775
8.409e-05,2.29015,2.2776,2.283875
8.41e-05,2.29401,2.2777,2.285855
8.411e-05,2.28885,2.28509,2.28697
8.412e-05,2.28939,2.27804,2.283715
8.413e-05,2.28285,2.27782,2.280335
8.414e-05,2.28502,2.28276,2.28389
8.415e-05,2.29157,2.2841,2.287835
8.416e-05,2.29423,2.27609,2.28516
8.416999999999999e-05,2.29351,2.27953,2.28652
8.418000000000001e-05,2.29378,2.27475,2.284265
8.419e-05,2.29601,2.27866,2.287335
8.42e-05,2.30129,2.28209,2.29169
8.421e-05,2.29821,2.27459,2.2864
8.422e-05,2.29382,2.2789,2.28636
8.423e-05,2.29611,2.27832,2.287215
8.423999999999999e-05,2.29087,2.28149,2.28618
8.425e-05,2.2908,2.276,2.2834
8.426e-05,2.28951,2.27821,2.28386
8.426999999999999e-05,2.29181,2.271,2.281405
8.428000000000001e-05,2.28781,2.28202,2.284915
8.429000000000001e-05,2.29427,2.27403,2.28415
8.43e-05,2.29042,2.27117,2.280795
8.431e-05,2.28863,2.28338,2.286005
8.431999999999999e-05,2.28299,2.28064,2.281815
8.433e-05,2.28997,2.28877,2.28937
8.434e-05,2.29027,2.28823,2.28925
8.434999999999999e-05,2.28008,2.27083,2.275455
8.436e-05,2.284,2.2709,2.27745
8.437000000000001e-05,2.28997,2.27821,2.28409
8.438e-05,2.28544,2.27302,2.27923
8.439000000000001e-05,2.29591,2.26766,2.281785
8.44e-05,2.28343,2.27953,2.28148
8.441e-05,2.28622,2.27753,2.281875
8.442e-05,2.28261,2.2848,2.283705
8.443e-05,2.28664,2.29077,2.288705
8.444e-05,2.289,2.29137,2.290185
8.444999999999999e-05,2.29556,2.28379,2.289675
8.445999999999999e-05,2.29786,2.28496,2.29141
8.447000000000001e-05,2.28982,2.28053,2.285175
8.448e-05,2.29555,2.28933,2.29244
8.449e-05,2.30135,2.28318,2.292265
8.450000000000001e-05,2.29119,2.28286,2.287025
8.451e-05,2.28799,2.28467,2.28633
8.452e-05,2.28541,2.28666,2.286035
8.453e-05,2.28851,2.29247,2.29049
8.454e-05,2.28626,2.28687,2.286565
8.455e-05,2.28955,2.28418,2.286865
8.455999999999999e-05,2.28755,2.28668,2.287115
8.457e-05,2.29286,2.28463,2.288745
8.458e-05,2.30015,2.28785,2.294
8.459e-05,2.30097,2.2871,2.294035
8.46e-05,2.30349,2.28733,2.29541
8.461e-05,2.28803,2.28459,2.28631
8.462e-05,2.29427,2.2855,2.289885
8.463e-05,2.29461,2.28791,2.29126
8.464e-05,2.29122,2.29491,2.293065
8.465e-05,2.29547,2.28757,2.29152
8.465999999999999e-05,2.29794,2.28765,2.292795
8.467e-05,2.29742,2.28707,2.292245
8.468000000000001e-05,2.30312,2.27864,2.29088
8.469e-05,2.29502,2.28284,2.28893
8.47e-05,2.29836,2.28457,2.291465
8.471e-05,2.29173,2.28988,2.290805
8.472e-05,2.29558,2.29509,2.295335
8.473e-05,2.28874,2.28793,2.288335
8.473999999999999e-05,2.29171,2.29371,2.29271
8.475e-05,2.30161,2.29427,2.29794
8.476000000000001e-05,2.29282,2.29482,2.29382
8.477e-05,2.29729,2.29778,2.297535
8.478e-05,2.27775,2.29788,2.287815
8.479e-05,2.27768,2.29511,2.286395
8.48e-05,2.29151,2.29228,2.291895
8.481e-05,2.28881,2.28962,2.289215
8.481999999999999e-05,2.28953,2.28877,2.28915
8.483e-05,2.2934,2.27744,2.28542
8.484e-05,2.29476,2.28272,2.28874
8.484999999999999e-05,2.28989,2.28029,2.28509
8.486000000000001e-05,2.28986,2.29202,2.29094
8.487e-05,2.29288,2.29234,2.29261
8.488e-05,2.29538,2.29474,2.29506
8.489000000000001e-05,2.28841,2.28496,2.286685
8.49e-05,2.27769,2.28315,2.28042
8.491e-05,2.28838,2.28706,2.28772
8.492e-05,2.28777,2.28458,2.286175
8.493e-05,2.28313,2.28119,2.28216
8.494e-05,2.28617,2.29328,2.289725
8.494999999999999e-05,2.28044,2.29096,2.2857
8.496e-05,2.27626,2.29581,2.286035
8.497000000000001e-05,2.28165,2.28507,2.28336
8.498e-05,2.28556,2.28545,2.285505
8.499e-05,2.2976,2.28586,2.29173
8.5e-05,2.2891,2.28889,2.288995
8.501e-05,2.28134,2.27879,2.280065
8.502e-05,2.28058,2.29122,2.2859
8.502999999999999e-05,2.28623,2.28263,2.28443
8.504e-05,2.28497,2.27831,2.28164
8.505000000000001e-05,2.28935,2.28778,2.288565
8.506e-05,2.2846,2.29199,2.288295
8.507e-05,2.28659,2.28971,2.28815
8.508e-05,2.29683,2.28686,2.291845
8.509e-05,2.28786,2.29098,2.28942
8.51e-05,2.28996,2.29164,2.2908
8.511e-05,2.29537,2.28855,2.29196
8.512e-05,2.28359,2.29006,2.286825
8.512999999999999e-05,2.28727,2.2842,2.285735
8.514e-05,2.28356,2.28702,2.28529
8.515000000000001e-05,2.30183,2.28542,2.293625
8.516e-05,2.289,2.28786,2.28843
8.517e-05,2.28667,2.29047,2.28857
8.518000000000001e-05,2.29435,2.27174,2.283045
8.519e-05,2.28862,2.27911,2.283865
8.52e-05,2.29418,2.28445,2.289315
8.520999999999999e-05,2.29195,2.27782,2.284885
8.522e-05,2.28852,2.28008,2.2843
8.523e-05,2.28511,2.28506,2.285085
8.523999999999999e-05,2.28637,2.28416,2.285265
8.525000000000001e-05,2.29287,2.28266,2.287765
8.526000000000001e-05,2.29429,2.28599,2.29014
8.527e-05,2.28696,2.28906,2.28801
8.528e-05,2.28985,2.28193,2.28589
8.529e-05,2.29377,2.2847,2.289235
8.53e-05,2.29349,2.28899,2.29124
8.531e-05,2.28983,2.28811,2.28897
8.531999999999999e-05,2.28886,2.29104,2.28995
8.533e-05,2.28854,2.27492,2.28173
8.533999999999999e-05,2.29581,2.28954,2.292675
8.535e-05,2.29149,2.29081,2.29115
8.536000000000001e-05,2.29319,2.29745,2.29532
8.537e-05,2.29738,2.29207,2.294725
8.538e-05,2.29138,2.28658,2.28898
8.539e-05,2.29801,2.29556,2.296785
8.54e-05,2.29151,2.29442,2.292965
8.541e-05,2.29841,2.29423,2.29632
8.541999999999999e-05,2.29128,2.29786,2.29457
8.543e-05,2.29073,2.28396,2.287345
8.544000000000001e-05,2.28857,2.29341,2.29099
8.545e-05,2.28786,2.29463,2.291245
8.546e-05,2.28881,2.29175,2.29028
8.547e-05,2.29274,2.288,2.29037
8.548e-05,2.28948,2.29267,2.291075
8.549e-05,2.29026,2.29068,2.29047
8.55e-05,2.2925,2.29075,2.291625
8.551e-05,2.29553,2.29862,2.297075
8.552e-05,2.29335,2.29117,2.29226
8.552999999999999e-05,2.29262,2.30094,2.29678
8.554000000000001e-05,2.2913,2.29501,2.293155
8.555e-05,2.29387,2.28543,2.28965
8.556e-05,2.29433,2.28748,2.290905
8.557e-05,2.29073,2.28671,2.28872
8.558e-05,2.28402,2.28705,2.285535
8.559e-05,2.29026,2.29099,2.290625
8.56e-05,2.28271,2.28669,2.2847
8.561e-05,2.29543,2.28056,2.287995
8.562e-05,2.29196,2.28314,2.28755
8.562999999999999e-05,2.29644,2.289,2.29272
8.564e-05,2.28715,2.28601,2.28658
8.565000000000001e-05,2.28622,2.28535,2.285785
8.566e-05,2.28601,2.28368,2.284845
8.567e-05,2.28616,2.28808,2.28712
8.568e-05,2.28168,2.28398,2.28283
8.569e-05,2.28567,2.27761,2.28164
8.57e-05,2.28966,2.28482,2.28724
8.570999999999999e-05,2.29752,2.28466,2.29109
8.572e-05,2.29207,2.2831,2.287585
8.573e-05,2.29326,2.27799,2.285625
8.574e-05,2.29494,2.27603,2.285485
8.575000000000001e-05,2.29929,2.28297,2.29113
8.576e-05,2.2946,2.27753,2.286065
8.577e-05,2.28926,2.2901,2.28968
8.578e-05,2.2928,2.28432,2.28856
8.579e-05,2.29986,2.28022,2.29004
8.58e-05,2.29466,2.27552,2.28509
8.581e-05,2.29191,2.28046,2.286185
8.581999999999999e-05,2.29367,2.26488,2.279275
8.583000000000001e-05,2.29885,2.27599,2.28742
8.584e-05,2.29668,2.27642,2.28655
8.585e-05,2.30021,2.28307,2.29164
8.586000000000001e-05,2.29739,2.28804,2.292715
8.587e-05,2.29488,2.28289,2.288885
8.588e-05,2.29446,2.28305,2.288755
8.588999999999999e-05,2.2894,2.29333,2.291365
8.59e-05,2.29084,2.27925,2.285045
8.591e-05,2.29131,2.27824,2.284775
8.591999999999999e-05,2.3007,2.28921,2.294955
8.593000000000001e-05,2.2945,2.2849,2.2897
8.594000000000001e-05,2.29506,2.28033,2.287695
8.595e-05,2.29586,2.29144,2.29365
8.596e-05,2.29279,2.29479,2.29379
8.597e-05,2.28864,2.28444,2.28654
8.598e-05,2.29068,2.28536,2.28802
8.599e-05,2.29112,2.29176,2.29144
8.599999999999999e-05,2.29804,2.28118,2.28961
8.601e-05,2.30449,2.27639,2.29044
8.601999999999999e-05,2.29219,2.27627,2.28423
8.603e-05,2.30349,2.28167,2.29258
8.604000000000001e-05,2.29966,2.27539,2.287525
8.605e-05,2.29682,2.26887,2.282845
8.606e-05,2.29414,2.28299,2.288565
8.607e-05,2.28961,2.27725,2.28343
8.608e-05,2.2856,2.27913,2.282365
8.609e-05,2.29091,2.28389,2.2874
8.609999999999999e-05,2.28931,2.2804,2.284855
8.611e-05,2.28977,2.28609,2.28793
8.612e-05,2.29913,2.28706,2.293095
8.613e-05,2.29498,2.29071,2.292845
8.614e-05,2.2933,2.28637,2.289835
8.615000000000001e-05,2.29871,2.29272,2.295715
8.616e-05,2.29343,2.28716,2.290295
8.617e-05,2.29158,2.29284,2.29221
8.618e-05,2.28751,2.28226,2.284885
8.619e-05,2.29628,2.29206,2.29417
8.62e-05,2.29012,2.29473,2.292425
8.620999999999999e-05,2.28714,2.28642,2.28678
8.622000000000001e-05,2.29112,2.29093,2.291025
8.623e-05,2.29174,2.28049,2.286115
8.624e-05,2.29294,2.28929,2.291115
8.625e-05,2.29294,2.29764,2.29529
8.626e-05,2.29106,2.29037,2.290715
8.627e-05,2.30016,2.29011,2.295135
8.628e-05,2.2923,2.28287,2.287585
8.629e-05,2.29665,2.28325,2.28995
8.63e-05,2.29086,2.28556,2.28821
8.630999999999999e-05,2.29424,2.28357,2.288905
8.632e-05,2.28978,2.28502,2.2874
8.633000000000001e-05,2.2932,2.27827,2.285735
8.634e-05,2.29789,2.28418,2.291035
8.635e-05,2.29352,2.29224,2.29288
8.636e-05,2.29747,2.29119,2.29433
8.637e-05,2.29111,2.29029,2.2907
8.638e-05,2.29331,2.28751,2.29041
8.638999999999999e-05,2.29842,2.29072,2.29457
8.64e-05,2.29396,2.296,2.29498
8.641e-05,2.29661,2.2928,2.294705
8.642e-05,2.2987,2.28956,2.29413
8.643000000000001e-05,2.28975,2.28456,2.287155
8.644e-05,2.30494,2.28557,2.295255
8.645e-05,2.30307,2.28907,2.29607
8.646e-05,2.29245,2.29172,2.292085
8.647e-05,2.29726,2.28117,2.289215
8.648e-05,2.297,2.28631,2.291655
8.649e-05,2.30239,2.29237,2.29738
8.649999999999999e-05,2.30277,2.28219,2.29248
8.651000000000001e-05,2.28639,2.28324,2.284815
8.652e-05,2.28946,2.2885,2.28898
8.653e-05,2.29776,2.28628,2.29202
8.654000000000001e-05,2.29119,2.29364,2.292415
8.655e-05,2.2946,2.2899,2.29225
8.656e-05,2.29258,2.28784,2.29021
8.656999999999999e-05,2.29579,2.29238,2.294085
8.658e-05,2.29334,2.28733,2.290335
8.659e-05,2.29349,2.28664,2.290065
8.659999999999999e-05,2.29391,2.28013,2.28702
8.661e-05,2.29719,2.28871,2.29295
8.662000000000001e-05,2.28969,2.28487,2.28728
8.663e-05,2.29886,2.28696,2.29291
8.664e-05,2.28815,2.28299,2.28557
8.665e-05,2.30026,2.28429,2.292275
8.666e-05,2.30205,2.28655,2.2943
8.667e-05,2.29877,2.28591,2.29234
8.668e-05,2.29682,2.28016,2.28849
8.669e-05,2.29825,2.28168,2.289965
8.669999999999999e-05,2.2967,2.27646,2.28658
8.671e-05,2.29874,2.28115,2.289945
8.672000000000001e-05,2.29791,2.28141,2.28966
8.673e-05,2.30144,2.28901,2.295225
8.674e-05,2.29933,2.28027,2.2898
8.675e-05,2.29863,2.28506,2.291845
8.676e-05,2.30544,2.28908,2.29726
8.677e-05,2.29507,2.2792,2.287135
8.677999999999999e-05,2.29911,2.27606,2.287585
8.679e-05,2.29394,2.28273,2.288335
8.68e-05,2.30059,2.28206,2.291325
8.681e-05,2.29922,2.28062,2.28992
8.682e-05,2.29745,2.2803,2.288875
8.683000000000001e-05,2.29427,2.28397,2.28912
8.684e-05,2.30316,2.28509,2.294125
8.685e-05,2.30326,2.28095,2.292105
8.685999999999999e-05,2.29682,2.27647,2.286645
8.687e-05,2.29844,2.29283,2.295635
8.688e-05,2.29745,2.28946,2.293455
8.688999999999999e-05,2.30191,2.28517,2.29354
8.690000000000001e-05,2.29525,2.28513,2.29019
8.691e-05,2.2907,2.27238,2.28154
8.692e-05,2.28759,2.27968,2.283635
8.693000000000001e-05,2.28822,2.278,2.28311
8.694e-05,2.28592,2.28346,2.28469
8.695e-05,2.2949,2.28976,2.29233
8.696e-05,2.29373,2.28086,2.287295
8.697e-05,2.29459,2.27909,2.28684
8.698e-05,2.28991,2.28773,2.28882
8.698999999999999e-05,2.29701,2.29128,2.294145
8.7e-05,2.289,2.28179,2.285395
8.701000000000001e-05,2.29807,2.28735,2.29271
8.702e-05,2.29552,2.28624,2.29088
8.703e-05,2.30307,2.28589,2.29448
8.704000000000001e-05,2.29014,2.28973,2.289935
8.705e-05,2.29197,2.2861,2.289035
8.706e-05,2.2912,2.28946,2.29033
8.706999999999999e-05,2.29861,2.28586,2.292235
8.708e-05,2.29703,2.28719,2.29211
8.709e-05,2.30008,2.28442,2.29225
8.71e-05,2.28907,2.28302,2.286045
8.711e-05,2.29849,2.28484,2.291665
8.712e-05,2.28895,2.2735,2.281225
8.713e-05,2.28884,2.27717,2.283005
8.714e-05,2.29628,2.27964,2.28796
8.715e-05,2.29318,2.27671,2.284945
8.716e-05,2.28634,2.2843,2.28532
8.717e-05,2.2996,2.28581,2.292705
8.718e-05,2.30556,2.27471,2.290135
8.719e-05,2.29456,2.278,2.28628
8.72e-05,2.29903,2.26967,2.28435
8.721e-05,2.2856,2.27453,2.280065
8.722e-05,2.29374,2.27663,2.285185
8.723e-05,2.29698,2.27545,2.286215
8.724e-05,2.29469,2.27364,2.284165
8.724999999999999e-05,2.29703,2.27161,2.28432
8.726e-05,2.29912,2.27093,2.285025
8.727e-05,2.2994,2.28081,2.290105
8.727999999999999e-05,2.3011,2.27263,2.286865
8.729000000000001e-05,2.2985,2.27519,2.286845
8.730000000000001e-05,2.29957,2.27058,2.285075
8.731e-05,2.3037,2.28247,2.293085
8.732e-05,2.30121,2.27518,2.288195
8.733e-05,2.29734,2.28349,2.290415
8.734e-05,2.29932,2.27238,2.28585
8.735e-05,2.30018,2.27688,2.28853
8.735999999999999e-05,2.29626,2.27229,2.284275
8.737e-05,2.29535,2.27962,2.287485
8.738e-05,2.29032,2.28636,2.28834
8.739e-05,2.29919,2.26471,2.28195
8.740000000000001e-05,2.29388,2.2789,2.28639
8.741e-05,2.29402,2.27826,2.28614
8.742e-05,2.29656,2.27429,2.285425
8.743000000000001e-05,2.2937,2.27763,2.285665
8.744e-05,2.29313,2.27244,2.282785
8.745e-05,2.3028,2.28979,2.296295
8.745999999999999e-05,2.29675,2.27814,2.287445
8.746999999999999e-05,2.30567,2.27266,2.289165
8.748e-05,2.29991,2.27542,2.287665
8.749e-05,2.29275,2.28074,2.286745
8.75e-05,2.29772,2.2693,2.28351
8.751000000000001e-05,2.30331,2.27519,2.28925
8.752e-05,2.30055,2.27827,2.28941
8.753e-05,2.29428,2.28466,2.28947
8.754e-05,2.29588,2.28847,2.292175
8.755e-05,2.29006,2.28195,2.286005
8.756e-05,2.29519,2.28114,2.288165
8.756999999999999e-05,2.29139,2.28019,2.28579
8.758e-05,2.2965,2.27695,2.286725
8.759e-05,2.29613,2.28039,2.28826
8.76e-05,2.29197,2.27949,2.28573
8.761e-05,2.28516,2.27745,2.281305
8.762e-05,2.29952,2.2892,2.29436
8.763e-05,2.29456,2.28308,2.28882
8.764e-05,2.29312,2.27775,2.285435
8.765e-05,2.29081,2.27759,2.2842
8.766e-05,2.29233,2.28743,2.28988
8.766999999999999e-05,2.28785,2.28366,2.285755
8.768000000000001e-05,2.2938,2.28414,2.28897
8.769000000000001e-05,2.29066,2.28665,2.288655
8.77e-05,2.29985,2.28382,2.291835
8.771e-05,2.28982,2.29118,2.2905
8.772e-05,2.30078,2.29053,2.295655
8.773e-05,2.2973,2.2901,2.2937
8.774e-05,2.30338,2.28843,2.295905
8.774999999999999e-05,2.29509,2.28248,2.288785
8.776e-05,2.28415,2.28819,2.28617
8.777e-05,2.28412,2.29254,2.28833
8.778e-05,2.28783,2.2882,2.288015
8.779000000000001e-05,2.29826,2.28589,2.292075
8.78e-05,2.29173,2.28109,2.28641
8.781e-05,2.2877,2.28869,2.288195
8.782e-05,2.2942,2.28765,2.290925
8.782999999999999e-05,2.29445,2.28795,2.2912
8.784e-05,2.28752,2.28753,2.287525
8.785e-05,2.29478,2.29183,2.293305
8.785999999999999e-05,2.29391,2.28872,2.291315
8.787e-05,2.2874,2.28744,2.28742
8.788e-05,2.294,2.29121,2.292605
8.789e-05,2.29026,2.29569,2.292975
8.790000000000001e-05,2.29438,2.30047,2.297425
8.791e-05,2.29443,2.29006,2.292245
8.792e-05,2.29745,2.29557,2.29651
8.793000000000001e-05,2.29441,2.29274,2.293575
8.794e-05,2.30136,2.28858,2.29497
8.795e-05,2.2964,2.2879,2.29215
8.795999999999999e-05,2.28868,2.2864,2.28754
8.796999999999999e-05,2.29321,2.28669,2.28995
8.798000000000001e-05,2.29171,2.29391,2.29281
8.799e-05,2.28762,2.28837,2.287995
8.8e-05,2.29192,2.28764,2.28978
8.801e-05,2.29635,2.28794,2.292145
8.802e-05,2.28526,2.30239,2.293825
8.803e-05,2.29448,2.29318,2.29383
8.804e-05,2.29755,2.28494,2.291245
8.805e-05,2.29682,2.29263,2.294725
8.806e-05,2.30327,2.29381,2.29854
8.807e-05,2.30375,2.2902,2.296975
8.808e-05,2.30004,2.28531,2.292675
8.809e-05,2.30293,2.29453,2.29873
8.81e-05,2.30216,2.28926,2.29571
8.811e-05,2.2971,2.29361,2.295355
8.812e-05,2.29319,2.29656,2.294875
8.813e-05,2.29773,2.29664,2.297185
8.813999999999999e-05,2.30427,2.2983,2.301285
8.815e-05,2.3044,2.29674,2.30057
8.816e-05,2.29486,2.2965,2.29568
8.817e-05,2.29444,2.29484,2.29464
8.818000000000001e-05,2.2991,2.29075,2.294925
8.819000000000001e-05,2.29543,2.29165,2.29354
8.82e-05,2.29923,2.29461,2.29692
8.821e-05,2.29589,2.29364,2.294765
8.821999999999999e-05,2.3027,2.28756,2.29513
8.823e-05,2.29545,2.28774,2.291595
8.824e-05,2.3067,2.29122,2.29896
8.824999999999999e-05,2.29575,2.2952,2.295475
8.826e-05,2.30456,2.29207,2.298315
8.827000000000001e-05,2.30209,2.28816,2.295125
8.828e-05,2.30112,2.29179,2.296455
8.829000000000001e-05,2.29938,2.28764,2.29351
8.83e-05,2.29693,2.28718,2.292055
8.831e-05,2.29864,2.28301,2.290825
8.832e-05,2.30202,2.29778,2.2999
8.832999999999999e-05,2.30033,2.29061,2.29547
8.834e-05,2.29997,2.28497,2.29247
8.834999999999999e-05,2.30475,2.28573,2.29524
8.835999999999999e-05,2.30146,2.2856,2.29353
8.837000000000001e-05,2.30315,2.28785,2.2955
8.838e-05,2.30409,2.28392,2.294005
8.839e-05,2.29798,2.28498,2.29148
8.840000000000001e-05,2.29675,2.27585,2.2863
8.841e-05,2.29445,2.29121,2.29283
8.842e-05,2.2965,2.29523,2.295865
8.843e-05,2.29626,2.28643,2.291345
8.843999999999999e-05,2.29923,2.28333,2.29128
8.845e-05,2.3032,2.28404,2.29362
8.846e-05,2.30017,2.28495,2.29256
8.847e-05,2.29734,2.29009,2.293715
8.848e-05,2.30334,2.2802,2.29177
8.849e-05,2.29962,2.29248,2.29605
8.85e-05,2.30691,2.28791,2.29741
8.851e-05,2.30229,2.28304,2.292665
8.852e-05,2.29775,2.28008,2.288915
8.853e-05,2.30152,2.27926,2.29039
8.854e-05,2.29757,2.2805,2.289035
8.855e-05,2.29461,2.2837,2.289155
8.856e-05,2.2998,2.27339,2.286595
8.857e-05,2.29791,2.27817,2.28804
8.858e-05,2.29825,2.28542,2.291835
8.859e-05,2.30612,2.28439,2.295255
8.86e-05,2.29768,2.27421,2.285945
8.861e-05,2.30106,2.28486,2.29296
8.862e-05,2.29239,2.28191,2.28715
8.863e-05,2.29663,2.28421,2.29042
8.863999999999999e-05,2.31213,2.28244,2.297285
8.865e-05,2.29956,2.27389,2.286725
8.866000000000001e-05,2.30511,2.27905,2.29208
8.867e-05,2.29613,2.27995,2.28804
8.868000000000001e-05,2.30362,2.27834,2.29098
8.868999999999999e-05,2.2905,2.28106,2.28578
8.87e-05,2.29585,2.28076,2.288305
8.871e-05,2.3,2.28347,2.291735
8.871999999999999e-05,2.2908,2.26885,2.279825
8.873e-05,2.29305,2.26943,2.28124
8.874e-05,2.29147,2.2858,2.288635
8.874999999999999e-05,2.28974,2.27772,2.28373
8.876000000000001e-05,2.29762,2.27482,2.28622
8.877e-05,2.30614,2.28329,2.294715
8.878e-05,2.29969,2.27904,2.289365
8.879000000000001e-05,2.29631,2.28088,2.288595
8.88e-05,2.28962,2.28007,2.284845
8.881e-05,2.29237,2.2825,2.287435
8.882e-05,2.29767,2.28136,2.289515
8.882999999999999e-05,2.29509,2.27855,2.28682
8.884e-05,2.28768,2.27733,2.282505
8.885e-05,2.29931,2.27865,2.28898
8.886e-05,2.29674,2.28128,2.28901
8.887000000000001e-05,2.29095,2.27662,2.283785
8.888e-05,2.29835,2.27934,2.288845
8.889e-05,2.30303,2.28277,2.2929
8.89e-05,2.29519,2.28644,2.290815
8.891e-05,2.29595,2.28362,2.289785
8.892e-05,2.30223,2.28106,2.291645
8.893e-05,2.30079,2.29629,2.29854
8.893999999999999e-05,2.29746,2.28098,2.28922
8.895000000000001e-05,2.29601,2.29032,2.293165
8.896e-05,2.29841,2.28203,2.29022
8.897e-05,2.29267,2.28201,2.28734
8.898e-05,2.2889,2.28431,2.286605
8.899e-05,2.29368,2.28227,2.287975
8.9e-05,2.29685,2.28127,2.28906
8.901e-05,2.29776,2.28169,2.289725
8.902e-05,2.29845,2.28571,2.29208
8.902999999999999e-05,2.29184,2.27272,2.28228
8.904e-05,2.29757,2.27928,2.288425
8.905e-05,2.29083,2.27465,2.28274
8.906e-05,2.29536,2.27872,2.28704
8.907e-05,2.28754,2.28212,2.28483
8.908e-05,2.2883,2.27618,2.28224
8.909e-05,2.29539,2.27594,2.285665
8.91e-05,2.29375,2.27635,2.28505
8.910999999999999e-05,2.28729,2.28368,2.285485
8.912e-05,2.29233,2.27787,2.2851
8.913e-05,2.28919,2.27339,2.28129
8.914e-05,2.29,2.28396,2.28698
8.915000000000001e-05,2.29299,2.275,2.283995
8.916000000000001e-05,2.28932,2.27754,2.28343
8.917e-05,2.29232,2.28327,2.287795
8.918000000000001e-05,2.2833,2.27759,2.280445
8.918999999999999e-05,2.28345,2.27683,2.28014
8.92e-05,2.28824,2.28381,2.286025
8.921e-05,2.2966,2.28038,2.28849
8.921999999999999e-05,2.29418,2.28374,2.28896
8.923e-05,2.29373,2.28229,2.28801
8.924e-05,2.29051,2.28297,2.28674
8.925e-05,2.29274,2.28367,2.288205
8.926000000000001e-05,2.29853,2.29058,2.294555
8.927e-05,2.29631,2.28205,2.28918
8.928e-05,2.29533,2.27927,2.2873
8.929000000000001e-05,2.29983,2.29223,2.29603
8.929999999999999e-05,2.29099,2.28134,2.286165
8.931e-05,2.29698,2.28697,2.291975
8.931999999999999e-05,2.29277,2.29044,2.291605
8.932999999999999e-05,2.28825,2.27999,2.28412
8.934000000000001e-05,2.28818,2.28946,2.28882
8.935e-05,2.28072,2.2799,2.28031
8.936e-05,2.28232,2.28856,2.28544
8.937e-05,2.28475,2.28564,2.285195
8.938e-05,2.29193,2.27709,2.28451
8.939e-05,2.29085,2.28347,2.28716
8.94e-05,2.29786,2.28993,2.293895
8.941e-05,2.29133,2.28447,2.2879
8.942e-05,2.29139,2.27652,2.283955
8.943000000000002e-05,2.28558,2.29297,2.289275
8.944e-05,2.29621,2.28295,2.28958
8.945e-05,2.29303,2.28235,2.28769
8.946e-05,2.29246,2.28054,2.2865
8.947e-05,2.29679,2.28705,2.29192
8.948e-05,2.28833,2.29052,2.289425
8.949e-05,2.30587,2.28135,2.29361
8.95e-05,2.29843,2.28093,2.28968
8.951e-05,2.29184,2.27858,2.28521
8.952e-05,2.29634,2.28153,2.288935
8.953e-05,2.293,2.28165,2.287325
8.954000000000001e-05,2.29433,2.27609,2.28521
8.955e-05,2.29362,2.279,2.28631
8.956e-05,2.29132,2.28624,2.28878
8.957e-05,2.29206,2.28229,2.287175
8.957999999999999e-05,2.29266,2.27933,2.285995
8.959e-05,2.28874,2.28121,2.284975
8.96e-05,2.29167,2.27589,2.28378
8.960999999999999e-05,2.2939,2.27961,2.286755
8.962e-05,2.29027,2.29033,2.2903
8.963000000000001e-05,2.29956,2.28423,2.291895
8.964e-05,2.28682,2.28218,2.2845
8.965000000000001e-05,2.29169,2.28479,2.28824
8.965999999999999e-05,2.28326,2.27542,2.27934
8.967e-05,2.28488,2.28294,2.28391
8.968000000000001e-05,2.28845,2.28645,2.28745
8.968999999999999e-05,2.29872,2.28184,2.29028
8.97e-05,2.299,2.28039,2.289695
8.970999999999999e-05,2.28971,2.28584,2.287775
8.971999999999999e-05,2.29299,2.28884,2.290915
8.973000000000001e-05,2.29693,2.28748,2.292205
8.974e-05,2.28623,2.28899,2.28761
8.975e-05,2.28664,2.28541,2.286025
8.976000000000001e-05,2.2878,2.28659,2.287195
8.977e-05,2.2905,2.28746,2.28898
8.978e-05,2.29544,2.28442,2.28993
8.979e-05,2.29072,2.2762,2.28346
8.979999999999999e-05,2.29655,2.27941,2.28798
8.981e-05,2.29282,2.28815,2.290485
8.981999999999999e-05,2.29436,2.28489,2.289625
8.983e-05,2.29237,2.28218,2.287275
8.984000000000001e-05,2.29708,2.28455,2.290815
8.985e-05,2.29208,2.28122,2.28665
8.986e-05,2.28829,2.28352,2.285905
8.987e-05,2.29232,2.28853,2.290425
8.988e-05,2.28458,2.27968,2.28213
8.989e-05,2.2911,2.27989,2.285495
8.99e-05,2.29576,2.28157,2.288665
8.990999999999998e-05,2.29227,2.29398,2.293125
8.992e-05,2.29436,2.28161,2.287985
8.993000000000001e-05,2.29292,2.2773,2.28511
8.994e-05,2.29187,2.28262,2.287245
8.995e-05,2.28493,2.281,2.282965
8.996e-05,2.28618,2.28402,2.2851
8.997e-05,2.28689,2.2782,2.282545
8.998e-05,2.28705,2.27359,2.28032
8.999e-05,2.29113,2.28032,2.285725
8.999999999999999e-05,2.3006,2.28871,2.294655
9.001e-05,2.28766,2.28577,2.286715
9.002000000000001e-05,2.28694,2.2845,2.28572
9.003e-05,2.28951,2.28064,2.285075
9.004000000000001e-05,2.2947,2.28533,2.290015
9.005e-05,2.29264,2.28136,2.287
9.006e-05,2.28407,2.28386,2.283965
9.007e-05,2.29164,2.28311,2.287375
9.007999999999999e-05,2.28573,2.28689,2.28631
9.009e-05,2.28901,2.28246,2.285735
9.01e-05,2.29176,2.28315,2.287455
9.010999999999999e-05,2.29047,2.28726,2.288865
9.012000000000001e-05,2.28996,2.28611,2.288035
9.013e-05,2.28752,2.28729,2.287405
9.014e-05,2.29094,2.28647,2.288705
9.015000000000001e-05,2.29517,2.28976,2.292465
9.015999999999999e-05,2.29507,2.28809,2.29158
9.017e-05,2.29611,2.28945,2.29278
9.018000000000001e-05,2.29033,2.27652,2.283425
9.018999999999999e-05,2.29382,2.28522,2.28952
9.02e-05,2.29543,2.29099,2.29321
9.020999999999999e-05,2.29119,2.29429,2.29274
9.022e-05,2.28742,2.28444,2.28593
9.023000000000001e-05,2.29432,2.28499,2.289655
9.024e-05,2.28676,2.27705,2.281905
9.025e-05,2.28045,2.28997,2.28521
9.026e-05,2.28861,2.29159,2.2901
9.026999999999999e-05,2.28981,2.28921,2.28951
9.028e-05,2.28842,2.28347,2.285945
9.029e-05,2.28927,2.28502,2.287145
9.029999999999999e-05,2.28925,2.28916,2.289205
9.031000000000001e-05,2.28943,2.28819,2.28881
9.032e-05,2.28344,2.28081,2.282125
9.033e-05,2.28496,2.28029,2.282625
9.034e-05,2.28599,2.28317,2.28458
9.035e-05,2.28755,2.27908,2.283315
9.036e-05,2.29025,2.28209,2.28617
9.037e-05,2.30273,2.2935,2.298115
9.038e-05,2.29232,2.28876,2.29054
9.039e-05,2.29424,2.2696,2.28192
9.04e-05,2.29647,2.28651,2.29149
9.041e-05,2.28835,2.28337,2.28586
9.042e-05,2.28417,2.28118,2.282675
9.043000000000001e-05,2.29115,2.28097,2.28606
9.044e-05,2.2952,2.27808,2.28664
9.045e-05,2.29735,2.27526,2.286305
9.046e-05,2.29298,2.28486,2.28892
9.046999999999999e-05,2.29227,2.28264,2.287455
9.048e-05,2.29331,2.28006,2.286685
9.049e-05,2.28937,2.28182,2.285595
9.049999999999999e-05,2.28832,2.27677,2.282545
9.051000000000001e-05,2.28579,2.27791,2.28185
9.052e-05,2.29206,2.2769,2.28448
9.053e-05,2.29128,2.28866,2.28997
9.054000000000001e-05,2.29661,2.2885,2.292555
9.054999999999999e-05,2.29271,2.28759,2.29015
9.056e-05,2.29052,2.28023,2.285375
9.057e-05,2.28913,2.28634,2.287735
9.057999999999999e-05,2.29368,2.27568,2.28468
9.059e-05,2.28913,2.27929,2.28421
9.06e-05,2.27963,2.2887,2.284165
9.061e-05,2.29086,2.28774,2.2893
9.062000000000001e-05,2.28665,2.29182,2.289235
9.063e-05,2.28741,2.28774,2.287575
9.064e-05,2.29747,2.28587,2.29167
9.065000000000001e-05,2.29442,2.29326,2.29384
9.065999999999999e-05,2.28883,2.28378,2.286305
9.067e-05,2.29025,2.28968,2.289965
9.068e-05,2.29525,2.28662,2.290935
9.068999999999999e-05,2.2883,2.27994,2.28412
9.070000000000001e-05,2.29004,2.28822,2.28913
9.071e-05,2.2811,2.28326,2.28218
9.072e-05,2.3021,2.28563,2.293865
9.073000000000001e-05,2.28965,2.29273,2.29119
9.074e-05,2.29522,2.29447,2.294845
9.075e-05,2.28761,2.28881,2.28821
9.076e-05,2.28974,2.29306,2.2914
9.076999999999999e-05,2.29249,2.29507,2.29378
9.078e-05,2.29277,2.28787,2.29032
9.079e-05,2.28626,2.28231,2.284285
9.08e-05,2.29338,2.29424,2.29381
9.081e-05,2.29505,2.28345,2.28925
9.082e-05,2.28836,2.28708,2.28772
9.083e-05,2.29175,2.28043,2.28609
9.084e-05,2.29566,2.28973,2.292695
9.085e-05,2.29906,2.28358,2.29132
9.086e-05,2.3014,2.2944,2.2979
9.087e-05,2.2974,2.29083,2.294115
9.087999999999998e-05,2.295,2.28589,2.290445
9.088999999999999e-05,2.29464,2.28376,2.2892
9.090000000000001e-05,2.28802,2.29122,2.28962
9.091e-05,2.29161,2.29347,2.29254
9.092e-05,2.28718,2.2926,2.28989
9.093000000000001e-05,2.28479,2.28941,2.2871
9.094e-05,2.28674,2.29227,2.289505
9.095e-05,2.2872,2.28863,2.287915
9.096e-05,2.2942,2.28161,2.287905
9.096999999999999e-05,2.28693,2.28563,2.28628
9.098e-05,2.29419,2.28857,2.29138
9.099000000000001e-05,2.295,2.28674,2.29087
9.1e-05,2.2908,2.28736,2.28908
9.101000000000001e-05,2.29008,2.28887,2.289475
9.101999999999999e-05,2.28627,2.28947,2.28787
9.103e-05,2.28475,2.29638,2.290565
9.104000000000001e-05,2.28498,2.29579,2.290385
9.104999999999999e-05,2.28791,2.29291,2.29041
9.106e-05,2.28995,2.28394,2.286945
9.107e-05,2.29033,2.28617,2.28825
9.107999999999999e-05,2.29186,2.27978,2.28582
9.109000000000001e-05,2.29337,2.28633,2.28985
9.11e-05,2.28956,2.29438,2.29197
9.111e-05,2.28524,2.28738,2.28631
9.112000000000001e-05,2.28958,2.28967,2.289625
9.112999999999999e-05,2.29223,2.2813,2.286765
9.114e-05,2.30032,2.28846,2.29439
9.115e-05,2.29123,2.27839,2.28481
9.115999999999999e-05,2.29302,2.29014,2.29158
9.117e-05,2.29193,2.28848,2.290205
9.118e-05,2.293,2.28845,2.290725
9.119e-05,2.29182,2.28537,2.288595
9.120000000000001e-05,2.28771,2.28435,2.28603
9.121e-05,2.29774,2.28506,2.2914
9.122e-05,2.29234,2.2852,2.28877
9.123e-05,2.2929,2.28021,2.286555
9.124e-05,2.30163,2.28135,2.29149
9.125e-05,2.29934,2.29253,2.295935
9.126e-05,2.29498,2.28449,2.289735
9.126999999999999e-05,2.30011,2.28092,2.290515
9.128e-05,2.3048,2.28915,2.296975
9.129000000000002e-05,2.30005,2.28163,2.29084
9.13e-05,2.29122,2.27627,2.283745
9.131e-05,2.28937,2.27722,2.283295
9.132e-05,2.29336,2.27568,2.28452
9.133e-05,2.28825,2.27909,2.28367
9.134e-05,2.29597,2.27778,2.286875
9.135e-05,2.29523,2.29451,2.29487
9.135999999999999e-05,2.28833,2.28858,2.288455
9.137e-05,2.29507,2.29054,2.292805
9.137999999999998e-05,2.29816,2.2977,2.29793
9.139e-05,2.3024,2.2976,2.3
9.140000000000001e-05,2.28868,2.29176,2.29022
9.141e-05,2.28996,2.29046,2.29021
9.142e-05,2.29083,2.28776,2.289295
9.143000000000001e-05,2.289,2.28723,2.288115
9.143999999999999e-05,2.28543,2.29501,2.29022
9.145e-05,2.29194,2.28962,2.29078
9.146e-05,2.28506,2.28773,2.286395
9.146999999999999e-05,2.29066,2.30059,2.295625
9.148000000000001e-05,2.29198,2.29923,2.295605
9.148999999999999e-05,2.29656,2.30183,2.299195
9.15e-05,2.29287,2.29114,2.292005
9.151000000000001e-05,2.29214,2.29363,2.292885
9.151999999999999e-05,2.29748,2.29681,2.297145
9.153e-05,2.29438,2.28958,2.29198
9.154000000000001e-05,2.28673,2.29454,2.290635
9.154999999999999e-05,2.2929,2.29392,2.29341
9.156e-05,2.27634,2.28855,2.282445
9.156999999999999e-05,2.29167,2.29913,2.2954
9.158e-05,2.29357,2.29332,2.293445
9.159000000000001e-05,2.28127,2.28281,2.28204
9.16e-05,2.29362,2.29455,2.294085
9.161e-05,2.29367,2.29141,2.29254
9.162000000000001e-05,2.29345,2.28509,2.28927
9.162999999999999e-05,2.29463,2.28944,2.292035
9.164e-05,2.29289,2.28878,2.290835
9.165e-05,2.2908,2.2876,2.2892
9.165999999999999e-05,2.28763,2.28772,2.287675
9.167e-05,2.28366,2.28782,2.28574
9.168000000000002e-05,2.28508,2.28584,2.28546
9.169e-05,2.29275,2.28904,2.290895
9.17e-05,2.29392,2.29552,2.29472
9.171e-05,2.29931,2.29061,2.29496
9.172e-05,2.29489,2.29619,2.29554
9.173e-05,2.29144,2.29839,2.294915
9.173999999999999e-05,2.29478,2.29265,2.293715
9.175e-05,2.29236,2.28744,2.2899
9.176e-05,2.29553,2.28388,2.289705
9.177e-05,2.293,2.28309,2.288045
9.178e-05,2.29779,2.2924,2.295095
9.179000000000001e-05,2.29752,2.28764,2.29258
9.18e-05,2.30172,2.29175,2.296735
9.181e-05,2.28751,2.29605,2.29178
9.182e-05,2.2969,2.28939,2.293145
9.183e-05,2.29121,2.2867,2.288955
9.184e-05,2.29137,2.28713,2.28925
9.185e-05,2.29379,2.29244,2.293115
9.185999999999999e-05,2.301,2.2896,2.2953
9.187000000000001e-05,2.29263,2.29686,2.294745
9.188e-05,2.29367,2.29198,2.292825
9.189e-05,2.29808,2.29215,2.295115
9.190000000000001e-05,2.29401,2.29614,2.295075
9.190999999999999e-05,2.30229,2.29194,2.297115
9.192e-05,2.29937,2.30212,2.300745
9.193000000000001e-05,2.3033,2.2949,2.2991
9.193999999999999e-05,2.29871,2.28918,2.293945
9.195e-05,2.2934,2.28968,2.29154
9.196e-05,2.29411,2.29482,2.294465
9.197e-05,2.28785,2.29854,2.293195
9.198000000000001e-05,2.29093,2.29541,2.29317
9.198999999999999e-05,2.28635,2.2834,2.284875
9.2e-05,2.29384,2.2899,2.29187
9.201000000000001e-05,2.29186,2.28546,2.28866
9.201999999999999e-05,2.29213,2.29213,2.29213
9.203e-05,2.29001,2.29889,2.29445
9.204e-05,2.29822,2.28643,2.292325
9.204999999999999e-05,2.29198,2.28436,2.28817
9.206000000000001e-05,2.28886,2.27542,2.28214
9.207e-05,2.29114,2.27617,2.283655
9.208e-05,2.28603,2.27553,2.28078
9.209000000000001e-05,2.28861,2.28919,2.2889
9.209999999999999e-05,2.28739,2.29462,2.291005
9.211e-05,2.29255,2.28615,2.28935
9.212e-05,2.28151,2.28751,2.28451
9.212999999999999e-05,2.28767,2.28869,2.28818
9.214e-05,2.29169,2.2873,2.289495
9.215e-05,2.29557,2.29105,2.29331
9.216e-05,2.2929,2.28919,2.291045
9.217000000000001e-05,2.28671,2.28997,2.28834
9.218000000000002e-05,2.30146,2.29087,2.296165
9.219e-05,2.29286,2.2917,2.29228
9.22e-05,2.28842,2.28673,2.287575
9.221e-05,2.30032,2.27855,2.289435
9.222e-05,2.29822,2.29005,2.294135
9.223e-05,2.29709,2.28234,2.289715
9.223999999999998e-05,2.29408,2.27847,2.286275
9.224999999999999e-05,2.28815,2.28264,2.285395
9.226000000000001e-05,2.29143,2.28343,2.28743
9.227e-05,2.28732,2.29141,2.289365
9.228e-05,2.29439,2.2824,2.288395
9.229000000000001e-05,2.29362,2.29029,2.291955
9.23e-05,2.28817,2.28511,2.28664
9.231e-05,2.29084,2.29612,2.29348
9.232e-05,2.28861,2.28451,2.28656
9.232999999999999e-05,2.29257,2.27984,2.286205
9.234e-05,2.28562,2.28147,2.283545
9.234999999999998e-05,2.28744,2.28517,2.286305
9.236e-05,2.29679,2.28649,2.29164
9.237000000000001e-05,2.2954,2.27549,2.285445
9.237999999999999e-05,2.28803,2.2751,2.281565
9.239e-05,2.28717,2.28427,2.28572
9.240000000000001e-05,2.28339,2.28465,2.28402
9.240999999999999e-05,2.2848,2.2861,2.28545
9.242e-05,2.287,2.28479,2.285895
9.243000000000001e-05,2.2858,2.28832,2.28706
9.243999999999999e-05,2.2853,2.27899,2.282145
9.245000000000001e-05,2.29127,2.28076,2.286015
9.246e-05,2.29097,2.28438,2.287675
9.247e-05,2.28548,2.28997,2.287725
9.248000000000001e-05,2.28339,2.28347,2.28343
9.248999999999999e-05,2.28928,2.28623,2.287755
9.25e-05,2.27985,2.27764,2.278745
9.251000000000001e-05,2.28823,2.2739,2.281065
9.251999999999999e-05,2.2902,2.27489,2.282545
9.253e-05,2.29027,2.28341,2.28684
9.254e-05,2.28538,2.28278,2.28408
9.255e-05,2.28962,2.28356,2.28659
9.256000000000001e-05,2.2868,2.29163,2.289215
9.257e-05,2.28316,2.29097,2.287065
9.258e-05,2.28692,2.29765,2.292285
9.259e-05,2.28679,2.29162,2.289205
9.259999999999999e-05,2.29662,2.29308,2.29485
9.261e-05,2.29803,2.28745,2.29274
9.262e-05,2.29633,2.28639,2.29136
9.262999999999999e-05,2.28668,2.28774,2.28721
9.264e-05,2.29146,2.29677,2.294115
9.265000000000002e-05,2.29089,2.29558,2.293235
9.266e-05,2.28692,2.28714,2.28703
9.267e-05,2.29232,2.28183,2.287075
9.268000000000001e-05,2.29505,2.28549,2.29027
9.269e-05,2.28458,2.28575,2.285165
9.27e-05,2.28354,2.28146,2.2825
9.270999999999998e-05,2.28022,2.28226,2.28124
9.271999999999999e-05,2.285,2.28898,2.28699
9.273e-05,2.29348,2.27946,2.28647
9.273999999999998e-05,2.28712,2.28555,2.286335
9.275e-05,2.29366,2.28627,2.289965
9.276000000000001e-05,2.28928,2.28636,2.28782
9.277e-05,2.28494,2.28505,2.284995
9.278e-05,2.28478,2.2847,2.28474
9.279000000000001e-05,2.2918,2.29783,2.294815
9.279999999999999e-05,2.28724,2.29131,2.289275
9.281e-05,2.29314,2.28755,2.290345
9.282e-05,2.29377,2.29081,2.29229
9.282999999999999e-05,2.29272,2.29019,2.291455
9.284000000000001e-05,2.29122,2.2852,2.28821
9.285e-05,2.28932,2.2836,2.28646
9.286e-05,2.29773,2.28348,2.290605
9.287000000000001e-05,2.28448,2.28663,2.285555
9.287999999999999e-05,2.29134,2.28726,2.2893
9.289e-05,2.2903,2.2845,2.2874
9.290000000000001e-05,2.27725,2.29403,2.28564
9.290999999999999e-05,2.29157,2.29551,2.29354
9.292e-05,2.29973,2.27752,2.288625
9.293e-05,2.28701,2.27978,2.283395
9.294e-05,2.28532,2.28463,2.284975
9.295000000000001e-05,2.28385,2.2863,2.285075
9.295999999999999e-05,2.27934,2.28939,2.284365
9.297e-05,2.2958,2.29004,2.29292
9.298000000000001e-05,2.29184,2.28899,2.290415
9.298999999999999e-05,2.2881,2.28835,2.288225
9.3e-05,2.28748,2.28768,2.28758
9.301e-05,2.28319,2.28192,2.282555
9.301999999999999e-05,2.28765,2.28508,2.286365
9.303e-05,2.28614,2.2802,2.28317
9.304000000000002e-05,2.28792,2.28283,2.285375
9.305e-05,2.28839,2.28648,2.287435
9.306000000000001e-05,2.28908,2.28399,2.286535
9.307e-05,2.28358,2.28844,2.28601
9.308e-05,2.28056,2.27795,2.279255
9.309e-05,2.28039,2.29354,2.286965
9.309999999999999e-05,2.28868,2.28646,2.28757
9.311e-05,2.28008,2.2812,2.28064
9.312e-05,2.2839,2.27838,2.28114
9.312999999999998e-05,2.2879,2.28946,2.28868
9.314e-05,2.2892,2.27468,2.28194
9.315000000000001e-05,2.28522,2.28158,2.2834
9.316e-05,2.29073,2.27376,2.282245
9.317e-05,2.28047,2.28209,2.28128
9.318000000000001e-05,2.27596,2.28773,2.281845
9.319e-05,2.28428,2.28557,2.284925
9.32e-05,2.28341,2.28216,2.282785
9.320999999999998e-05,2.28338,2.28509,2.284235
9.321999999999999e-05,2.28096,2.28845,2.284705
9.323000000000001e-05,2.28986,2.28008,2.28497
9.324e-05,2.2856,2.28994,2.28777
9.325e-05,2.29039,2.28622,2.288305
9.326000000000001e-05,2.28899,2.27924,2.284115
9.326999999999999e-05,2.28357,2.28283,2.2832
9.328e-05,2.2841,2.28402,2.28406
9.329000000000001e-05,2.27949,2.28209,2.28079
9.329999999999999e-05,2.28483,2.28499,2.28491
9.331e-05,2.27991,2.28086,2.280385
9.331999999999998e-05,2.28651,2.28593,2.28622
9.333e-05,2.28098,2.28289,2.281935
9.334000000000001e-05,2.28734,2.28468,2.28601
9.334999999999999e-05,2.28556,2.28964,2.2876
9.336e-05,2.28207,2.27832,2.280195
9.337000000000001e-05,2.28901,2.28446,2.286735
9.337999999999999e-05,2.28704,2.27783,2.282435
9.339e-05,2.28462,2.28193,2.283275
9.340000000000001e-05,2.28801,2.27581,2.28191
9.340999999999999e-05,2.28999,2.28206,2.286025
9.342e-05,2.28667,2.27985,2.28326
9.343000000000002e-05,2.2862,2.28347,2.284835
9.344e-05,2.28319,2.28259,2.28289
9.345000000000001e-05,2.28901,2.28477,2.28689
9.345999999999999e-05,2.28572,2.27917,2.282445
9.347e-05,2.28878,2.28987,2.289325
9.348e-05,2.29327,2.28084,2.287055
9.348999999999999e-05,2.28691,2.2896,2.288255
9.35e-05,2.28732,2.28603,2.286675
9.351e-05,2.29533,2.27687,2.2861
9.351999999999999e-05,2.28885,2.2767,2.282775
9.353000000000001e-05,2.28876,2.2807,2.28473
9.354000000000002e-05,2.29252,2.27989,2.286205
9.355e-05,2.28624,2.28091,2.283575
9.356e-05,2.29159,2.27836,2.284975
9.356999999999999e-05,2.29027,2.28201,2.28614
9.358e-05,2.28252,2.28927,2.285895
9.359e-05,2.28387,2.28558,2.284725
9.359999999999998e-05,2.28434,2.28671,2.285525
9.360999999999999e-05,2.28956,2.28517,2.287365
9.362000000000002e-05,2.29276,2.27848,2.28562
9.363e-05,2.28467,2.27513,2.2799
9.364e-05,2.27895,2.28282,2.280885
9.365000000000001e-05,2.28567,2.28272,2.284195
9.366e-05,2.28414,2.28524,2.28469
9.367e-05,2.28767,2.28483,2.28625
9.368000000000001e-05,2.28517,2.28896,2.287065
9.368999999999999e-05,2.28321,2.28601,2.28461
9.37e-05,2.28832,2.28961,2.288965
9.370999999999998e-05,2.28073,2.28622,2.283475
9.372e-05,2.28752,2.28625,2.286885
9.373000000000001e-05,2.28348,2.29539,2.289435
9.374e-05,2.28692,2.28168,2.2843
9.375e-05,2.28288,2.28092,2.2819
9.376000000000001e-05,2.2891,2.28162,2.28536
9.376999999999999e-05,2.29412,2.2797,2.28691
9.378e-05,2.28757,2.28718,2.287375
9.379000000000001e-05,2.28892,2.28686,2.28789
9.379999999999999e-05,2.28634,2.28267,2.284505
9.381e-05,2.29215,2.28129,2.28672
9.381999999999999e-05,2.28545,2.28922,2.287335
9.383e-05,2.28116,2.28666,2.28391
9.384000000000001e-05,2.28592,2.28272,2.28432
9.384999999999999e-05,2.28209,2.27966,2.280875
9.386e-05,2.28587,2.28928,2.287575
9.387000000000001e-05,2.28017,2.28833,2.28425
9.387999999999999e-05,2.27859,2.28495,2.28177
9.389e-05,2.27764,2.28096,2.2793
9.39e-05,2.2849,2.2877,2.2863
9.390999999999999e-05,2.27354,2.29106,2.2823
9.392000000000001e-05,2.28329,2.28643,2.28486
9.393000000000002e-05,2.28051,2.28472,2.282615
9.394e-05,2.28515,2.28864,2.286895
9.395000000000001e-05,2.27898,2.29527,2.287125
9.395999999999999e-05,2.27974,2.2836,2.28167
9.397e-05,2.28622,2.28573,2.285975
9.398e-05,2.28415,2.28139,2.28277
9.398999999999999e-05,2.28696,2.28401,2.285485
9.4e-05,2.28966,2.29266,2.29116
9.401000000000002e-05,2.28808,2.28232,2.2852
9.402e-05,2.28414,2.28057,2.282355
9.403e-05,2.29055,2.29458,2.292565
9.404000000000001e-05,2.27797,2.28645,2.28221
9.405e-05,2.28915,2.29235,2.29075
9.406e-05,2.2952,2.28182,2.28851
9.406999999999999e-05,2.28716,2.28888,2.28802
9.408e-05,2.28473,2.28494,2.284835
9.409e-05,2.29048,2.2886,2.28954
9.409999999999998e-05,2.29044,2.28999,2.290215
9.411e-05,2.29096,2.27608,2.28352
9.412000000000001e-05,2.29232,2.27706,2.28469
9.413e-05,2.29066,2.28665,2.288655
9.414e-05,2.28761,2.28504,2.286325
9.415000000000001e-05,2.28753,2.28737,2.28745
9.415999999999999e-05,2.29308,2.28387,2.288475
9.417e-05,2.28783,2.29513,2.29148
9.418000000000001e-05,2.29216,2.29114,2.29165
9.418999999999999e-05,2.2944,2.2864,2.2904
9.42e-05,2.29173,2.2915,2.291615
9.421e-05,2.28961,2.29172,2.290665
9.422e-05,2.28641,2.28819,2.2873
9.423000000000001e-05,2.28358,2.27984,2.28171
9.423999999999999e-05,2.2824,2.28594,2.28417
9.425e-05,2.28516,2.28162,2.28339
9.426000000000001e-05,2.28976,2.27989,2.284825
9.426999999999999e-05,2.29356,2.28716,2.29036
9.428e-05,2.28858,2.28539,2.286985
9.429000000000001e-05,2.28037,2.27805,2.27921
9.429999999999999e-05,2.28418,2.282,2.28309
9.431000000000001e-05,2.28142,2.27888,2.28015
9.431999999999999e-05,2.28076,2.27429,2.277525
9.433e-05,2.27938,2.28555,2.282465
9.434000000000001e-05,2.28097,2.28186,2.281415
9.434999999999999e-05,2.28927,2.2788,2.284035
9.436e-05,2.29054,2.28941,2.289975
9.437e-05,2.2874,2.27634,2.28187
9.437999999999999e-05,2.2903,2.27408,2.28219
9.439e-05,2.28209,2.27779,2.27994
9.440000000000002e-05,2.28158,2.28115,2.281365
9.441e-05,2.29232,2.27766,2.28499
9.442000000000001e-05,2.29146,2.28303,2.287245
9.443e-05,2.28921,2.27882,2.284015
9.444e-05,2.27744,2.28758,2.28251
9.445e-05,2.28409,2.27909,2.28159
9.445999999999999e-05,2.28576,2.27609,2.280925
9.447e-05,2.28692,2.28357,2.285245
9.448e-05,2.28833,2.29277,2.29055
9.448999999999998e-05,2.28259,2.28254,2.282565
9.45e-05,2.28544,2.28447,2.284955
9.451000000000002e-05,2.27871,2.28401,2.28136
9.452e-05,2.28851,2.29167,2.29009
9.453e-05,2.28536,2.28731,2.286335
9.454000000000001e-05,2.27575,2.2858,2.280775
9.455e-05,2.27875,2.28138,2.280065
9.456e-05,2.29018,2.29071,2.290445
9.456999999999998e-05,2.28464,2.29045,2.287545
9.457999999999999e-05,2.28065,2.28367,2.28216
9.459e-05,2.27804,2.28672,2.28238
9.46e-05,2.28612,2.29159,2.288855
9.461e-05,2.28508,2.28432,2.2847
9.462000000000001e-05,2.28576,2.28285,2.284305
9.463e-05,2.28463,2.28922,2.286925
9.464e-05,2.27914,2.28059,2.279865
9.465000000000001e-05,2.29049,2.27419,2.28234
9.465999999999999e-05,2.28345,2.28343,2.28344
9.467e-05,2.28168,2.28592,2.2838
9.468e-05,2.28846,2.28663,2.287545
9.469e-05,2.28603,2.28187,2.28395
9.470000000000001e-05,2.28643,2.2776,2.282015
9.470999999999999e-05,2.2868,2.28459,2.285695
9.472e-05,2.28774,2.29038,2.28906
9.473000000000001e-05,2.28683,2.29087,2.28885
9.473999999999999e-05,2.28109,2.29021,2.28565
9.475e-05,2.28267,2.29058,2.286625
9.476000000000001e-05,2.28353,2.2882,2.285865
9.476999999999999e-05,2.28769,2.28443,2.28606
9.478e-05,2.29115,2.28148,2.286315
9.479000000000002e-05,2.28769,2.27577,2.28173
9.48e-05,2.29372,2.28061,2.287165
9.481000000000001e-05,2.29014,2.28377,2.286955
9.481999999999999e-05,2.2923,2.28462,2.28846
9.483e-05,2.28949,2.27762,2.283555
9.484e-05,2.29722,2.27457,2.285895
9.484999999999999e-05,2.29482,2.27605,2.285435
9.486e-05,2.29302,2.28846,2.29074
9.487e-05,2.29536,2.28053,2.287945
9.487999999999999e-05,2.28645,2.27769,2.28207
9.489000000000001e-05,2.29011,2.28082,2.285465
9.490000000000002e-05,2.2892,2.27604,2.28262
9.491e-05,2.2917,2.28245,2.287075
9.492e-05,2.29557,2.28349,2.28953
9.493e-05,2.29456,2.28891,2.291735
9.494e-05,2.29167,2.28669,2.28918
9.495e-05,2.29187,2.28249,2.28718
9.495999999999999e-05,2.29848,2.28852,2.2935
9.497e-05,2.29044,2.28771,2.289075
9.498000000000002e-05,2.29768,2.27876,2.28822
9.499e-05,2.29428,2.2789,2.28659
9.5e-05,2.2929,2.28512,2.28901
9.501000000000001e-05,2.2889,2.28917,2.289035
9.502e-05,2.29485,2.27938,2.287115
9.503e-05,2.2908,2.28012,2.28546
9.504e-05,2.29575,2.2852,2.290475
9.504999999999999e-05,2.28784,2.27655,2.282195
9.506e-05,2.2867,2.28038,2.28354
9.506999999999998e-05,2.28849,2.28012,2.284305
9.508e-05,2.2919,2.27234,2.28212
9.509000000000001e-05,2.29015,2.28521,2.28768
9.51e-05,2.28481,2.28162,2.283215
9.511e-05,2.28738,2.27329,2.280335
9.512000000000001e-05,2.28434,2.28274,2.28354
9.512999999999999e-05,2.28177,2.27481,2.27829
9.514e-05,2.29109,2.27672,2.283905
9.515000000000001e-05,2.28504,2.28811,2.286575
9.515999999999999e-05,2.28325,2.28195,2.2826
9.517e-05,2.29116,2.28621,2.288685
9.518000000000001e-05,2.28358,2.27373,2.278655
9.519e-05,2.29248,2.27897,2.285725
9.520000000000001e-05,2.28821,2.27579,2.282
9.520999999999999e-05,2.29445,2.27728,2.285865
9.522e-05,2.28759,2.28549,2.28654
9.523000000000001e-05,2.27859,2.28148,2.280035
9.523999999999999e-05,2.29432,2.27918,2.28675
9.525e-05,2.29726,2.29185,2.294555
9.526e-05,2.29517,2.28235,2.28876
9.526999999999999e-05,2.29794,2.282,2.28997
9.528000000000001e-05,2.30109,2.27882,2.289955
9.529e-05,2.29091,2.28502,2.287965
9.53e-05,2.2788,2.28296,2.28088
9.531000000000001e-05,2.28706,2.28829,2.287675
9.531999999999999e-05,2.28627,2.28669,2.28648
9.533e-05,2.2854,2.2852,2.2853
9.534e-05,2.2833,2.28891,2.286105
9.534999999999999e-05,2.28876,2.29141,2.290085
9.536e-05,2.28843,2.29184,2.290135
9.537000000000002e-05,2.29403,2.29658,2.295305
9.538e-05,2.29698,2.28945,2.293215
9.539e-05,2.29585,2.29494,2.295395
9.540000000000001e-05,2.30111,2.28309,2.2921
9.541e-05,2.29143,2.29759,2.29451
9.542e-05,2.29254,2.29576,2.29415
9.543e-05,2.28748,2.29114,2.28931
9.544e-05,2.28659,2.29319,2.28989
9.545e-05,2.29171,2.28034,2.286025
9.545999999999998e-05,2.28771,2.28599,2.28685
9.547e-05,2.29019,2.29623,2.29321
9.548000000000001e-05,2.29265,2.29401,2.29333
9.549e-05,2.29387,2.28709,2.29048
9.55e-05,2.28817,2.28434,2.286255
9.551000000000001e-05,2.2886,2.28915,2.288875
9.552e-05,2.29661,2.28416,2.290385
9.553e-05,2.297,2.28595,2.291475
9.554e-05,2.29249,2.28797,2.29023
9.554999999999999e-05,2.29689,2.28389,2.29039
9.556e-05,2.29468,2.288,2.29134
9.557e-05,2.2881,2.29715,2.292625
9.558e-05,2.28509,2.28388,2.284485
9.559000000000001e-05,2.27616,2.30311,2.289635
9.559999999999999e-05,2.28673,2.29587,2.2913
9.561e-05,2.28574,2.29276,2.28925
9.562000000000001e-05,2.28601,2.29351,2.28976
9.562999999999999e-05,2.30357,2.28652,2.295045
9.564e-05,2.29605,2.29024,2.293145
9.565e-05,2.29279,2.29269,2.29274
9.565999999999999e-05,2.28864,2.28597,2.287305
9.567000000000001e-05,2.28687,2.29096,2.288915
9.568e-05,2.28783,2.28863,2.28823
9.569e-05,2.28484,2.29157,2.288205
9.570000000000001e-05,2.28038,2.28628,2.28333
9.570999999999999e-05,2.27855,2.29712,2.287835
9.572e-05,2.2953,2.29034,2.29282
9.573e-05,2.29587,2.28984,2.292855
9.573999999999999e-05,2.29267,2.28278,2.287725
9.575e-05,2.29118,2.28896,2.29007
9.576000000000002e-05,2.29263,2.28509,2.28886
9.577e-05,2.2915,2.29359,2.292545
9.578000000000001e-05,2.292,2.28516,2.28858
9.579e-05,2.28016,2.29229,2.286225
9.58e-05,2.28694,2.28466,2.2858
9.581e-05,2.29618,2.28852,2.29235
9.581999999999999e-05,2.29438,2.2987,2.29654
9.583e-05,2.28941,2.29925,2.29433
9.584e-05,2.29805,2.29051,2.29428
9.584999999999999e-05,2.30015,2.28831,2.29423
9.586000000000001e-05,2.29508,2.29131,2.293195
9.587000000000002e-05,2.28904,2.28919,2.289115
9.588e-05,2.29088,2.2797,2.28529
9.589e-05,2.28555,2.28712,2.286335
9.59e-05,2.29027,2.29494,2.292605
9.591e-05,2.28716,2.29448,2.29082
9.592e-05,2.28424,2.29661,2.290425
9.593e-05,2.28783,2.2957,2.291765
9.593999999999999e-05,2.29561,2.28856,2.292085
9.595e-05,2.28753,2.28928,2.288405
9.596e-05,2.28951,2.29332,2.291415
9.597e-05,2.28424,2.29075,2.287495
9.598000000000001e-05,2.2838,2.28562,2.28471
9.599e-05,2.28421,2.28712,2.285665
9.6e-05,2.28492,2.28543,2.285175
9.601000000000001e-05,2.28499,2.28571,2.28535
9.601999999999999e-05,2.28157,2.29417,2.28787
9.603e-05,2.28454,2.28836,2.28645
9.604e-05,2.29126,2.28626,2.28876
9.604999999999999e-05,2.28378,2.29406,2.28892
9.606000000000001e-05,2.28057,2.28672,2.283645
9.607e-05,2.27798,2.29067,2.284325
9.608e-05,2.27985,2.28646,2.283155
9.609000000000001e-05,2.28159,2.28865,2.28512
9.609999999999999e-05,2.27827,2.29891,2.28859
9.611e-05,2.27782,2.29619,2.287005
9.612000000000001e-05,2.28189,2.29167,2.28678
9.612999999999999e-05,2.28014,2.28382,2.28198
9.614e-05,2.28052,2.2938,2.28716
9.615e-05,2.2742,2.28387,2.279035
9.616e-05,2.27876,2.28525,2.282005
9.617000000000001e-05,2.27374,2.28962,2.28168
9.618e-05,2.27362,2.28283,2.278225
9.619e-05,2.28025,2.27774,2.278995
9.620000000000001e-05,2.28727,2.28524,2.286255
9.620999999999999e-05,2.28237,2.27883,2.2806
9.622e-05,2.28758,2.28213,2.284855
9.623e-05,2.28288,2.28685,2.284865
9.623999999999999e-05,2.28083,2.28354,2.282185
9.625000000000001e-05,2.28114,2.29155,2.286345
9.626e-05,2.28034,2.28558,2.28296
9.627e-05,2.28441,2.28791,2.28616
9.628e-05,2.27926,2.28642,2.28284
9.629e-05,2.28204,2.28611,2.284075
9.63e-05,2.28465,2.29242,2.288535
9.631e-05,2.2932,2.28089,2.287045
9.631999999999999e-05,2.28447,2.28891,2.28669
9.633e-05,2.28258,2.2827,2.28264
9.634e-05,2.28617,2.28293,2.28455
9.635e-05,2.28701,2.28161,2.28431
9.636e-05,2.29048,2.28695,2.288715
9.637000000000001e-05,2.28271,2.29088,2.286795
9.638e-05,2.28459,2.27904,2.281815
9.639e-05,2.27931,2.2896,2.284455
9.64e-05,2.2909,2.2866,2.28875
9.641e-05,2.29417,2.28375,2.28896
9.642e-05,2.28803,2.28443,2.28623
9.643e-05,2.28349,2.28119,2.28234
9.643999999999999e-05,2.28313,2.27871,2.28092
9.645000000000001e-05,2.28391,2.27874,2.281325
9.646e-05,2.28901,2.28757,2.28829
9.647e-05,2.28404,2.28271,2.283375
9.648000000000001e-05,2.27776,2.27672,2.27724
9.648999999999999e-05,2.28352,2.28236,2.28294
9.65e-05,2.2871,2.27826,2.28268
9.651e-05,2.29496,2.28503,2.289995
9.651999999999999e-05,2.28786,2.28602,2.28694
9.653e-05,2.28358,2.2794,2.28149
9.654000000000001e-05,2.28435,2.27491,2.27963
9.655e-05,2.29119,2.2895,2.290345
9.656000000000001e-05,2.29528,2.29006,2.29267
9.656999999999999e-05,2.28934,2.28158,2.28546
9.658e-05,2.28674,2.28864,2.28769
9.659000000000001e-05,2.29239,2.2941,2.293245
9.659999999999999e-05,2.2901,2.28938,2.28974
9.661e-05,2.28943,2.29253,2.29098
9.662e-05,2.29816,2.28609,2.292125
9.662999999999999e-05,2.29848,2.29137,2.294925
9.664000000000001e-05,2.29328,2.29948,2.29638
9.665e-05,2.28749,2.29823,2.29286
9.666e-05,2.2957,2.29333,2.294515
9.667000000000001e-05,2.29741,2.28907,2.29324
9.668e-05,2.29042,2.28829,2.289355
9.669e-05,2.29492,2.28504,2.28998
9.67e-05,2.30052,2.28572,2.29312
9.670999999999999e-05,2.29171,2.29261,2.29216
9.672e-05,2.28685,2.28534,2.286095
9.673e-05,2.2951,2.29588,2.29549
9.674e-05,2.29828,2.29636,2.29732
9.675000000000001e-05,2.29669,2.29952,2.298105
9.676e-05,2.29564,2.29489,2.295265
9.677e-05,2.29998,2.28676,2.29337
9.678e-05,2.29338,2.27476,2.28407
9.679e-05,2.2888,2.28256,2.28568
9.68e-05,2.29352,2.28281,2.288165
9.681e-05,2.28721,2.28357,2.28539
9.681999999999998e-05,2.29108,2.28046,2.28577
9.682999999999999e-05,2.28013,2.28345,2.28179
9.684000000000001e-05,2.28664,2.2863,2.28647
9.685e-05,2.28976,2.28736,2.28856
9.686e-05,2.28697,2.28422,2.285595
9.687e-05,2.28864,2.28506,2.28685
9.688e-05,2.28341,2.28386,2.283635
9.689e-05,2.28672,2.2851,2.28591
9.69e-05,2.28108,2.28134,2.28121
9.690999999999999e-05,2.28332,2.28063,2.281975
9.692e-05,2.28248,2.28917,2.285825
9.693000000000001e-05,2.28754,2.28427,2.285905
9.694e-05,2.28285,2.28958,2.286215
9.695000000000001e-05,2.29225,2.28205,2.28715
9.696e-05,2.28809,2.28768,2.287885
9.697e-05,2.29147,2.28684,2.289155
9.698000000000001e-05,2.29204,2.28558,2.28881
9.698999999999999e-05,2.29695,2.28339,2.29017
9.7e-05,2.29893,2.28152,2.290225
9.701e-05,2.29413,2.28175,2.28794
9.701999999999999e-05,2.29284,2.2818,2.28732
9.703000000000001e-05,2.2905,2.28239,2.286445
9.704e-05,2.28698,2.28649,2.286735
9.705e-05,2.28394,2.28367,2.283805
9.706000000000001e-05,2.2826,2.28574,2.28417
9.706999999999999e-05,2.29083,2.27635,2.28359
9.708e-05,2.29617,2.2829,2.289535
9.709000000000001e-05,2.29453,2.28589,2.29021
9.709999999999999e-05,2.29371,2.27596,2.284835
9.711e-05,2.28875,2.28144,2.285095
9.711999999999999e-05,2.28768,2.28292,2.2853
9.713e-05,2.28531,2.28969,2.2875
9.714000000000001e-05,2.28727,2.28196,2.284615
9.715e-05,2.29535,2.27811,2.28673
9.716e-05,2.29399,2.27836,2.286175
9.717e-05,2.28472,2.28005,2.282385
9.718e-05,2.28114,2.28052,2.28083
9.719e-05,2.28603,2.28314,2.284585
9.72e-05,2.2789,2.28177,2.280335
9.720999999999999e-05,2.28331,2.28359,2.28345
9.722e-05,2.28311,2.28147,2.28229
9.723000000000002e-05,2.2791,2.28233,2.280715
9.724e-05,2.2889,2.27424,2.28157
9.725e-05,2.28206,2.27928,2.28067
9.726e-05,2.28859,2.28081,2.2847
9.727e-05,2.29164,2.27904,2.28534
9.728e-05,2.28613,2.27567,2.2809
9.729e-05,2.28283,2.27944,2.281135
9.73e-05,2.28779,2.28481,2.2863
9.731e-05,2.29213,2.28145,2.28679
9.732e-05,2.28942,2.28048,2.28495
9.733e-05,2.28728,2.2733,2.28029
9.734000000000001e-05,2.29086,2.27936,2.28511
9.735e-05,2.27898,2.2902,2.28459
9.736e-05,2.28717,2.27971,2.28344
9.737e-05,2.28806,2.27911,2.283585
9.737999999999999e-05,2.27943,2.27996,2.279695
9.739e-05,2.28794,2.27897,2.283455
9.74e-05,2.296,2.28034,2.28817
9.740999999999999e-05,2.28871,2.28434,2.286525
9.742000000000001e-05,2.28553,2.27749,2.28151
9.743000000000001e-05,2.28594,2.28786,2.2869
9.744e-05,2.28443,2.28331,2.28387
9.745000000000001e-05,2.28523,2.28711,2.28617
9.745999999999999e-05,2.28248,2.28341,2.282945
9.747e-05,2.27856,2.28141,2.279985
9.748e-05,2.28994,2.28622,2.28808
9.748999999999999e-05,2.2814,2.29626,2.28883
9.75e-05,2.29283,2.285,2.288915
9.750999999999999e-05,2.27953,2.28477,2.28215
9.752e-05,2.28569,2.27986,2.282775
9.753000000000001e-05,2.28932,2.2804,2.28486
9.754e-05,2.28241,2.28293,2.28267
9.755e-05,2.28737,2.28792,2.287645
9.756000000000001e-05,2.2845,2.28091,2.282705
9.756999999999999e-05,2.28481,2.28457,2.28469
9.758e-05,2.28385,2.28023,2.28204
9.759e-05,2.28208,2.28346,2.28277
9.759999999999999e-05,2.27797,2.28349,2.28073
9.761000000000001e-05,2.28143,2.28979,2.28561
9.762e-05,2.28257,2.28595,2.28426
9.763e-05,2.28016,2.28346,2.28181
9.764000000000001e-05,2.27556,2.28994,2.28275
9.765e-05,2.28519,2.2873,2.286245
9.766e-05,2.28349,2.27546,2.279475
9.767e-05,2.27888,2.28776,2.28332
9.768e-05,2.27536,2.28341,2.279385
9.769e-05,2.28572,2.27909,2.282405
9.77e-05,2.28771,2.28445,2.28608
9.771e-05,2.28324,2.29147,2.287355
9.772e-05,2.28901,2.28776,2.288385
9.773e-05,2.28775,2.28741,2.28758
9.774e-05,2.28926,2.27988,2.28457
9.775e-05,2.28635,2.28503,2.28569
9.776e-05,2.29457,2.28261,2.28859
9.777e-05,2.28568,2.29156,2.28862
9.778e-05,2.28635,2.29206,2.289205
9.779e-05,2.28624,2.28048,2.28336
9.779999999999999e-05,2.28976,2.29221,2.290985
9.781000000000001e-05,2.29021,2.28515,2.28768
9.782e-05,2.28666,2.29447,2.290565
9.783e-05,2.28717,2.29158,2.289375
9.784000000000001e-05,2.28282,2.29462,2.28872
9.784999999999999e-05,2.29348,2.28969,2.291585
9.786e-05,2.28682,2.29022,2.28852
9.787e-05,2.28294,2.29031,2.286625
9.787999999999999e-05,2.285,2.29361,2.289305
9.789e-05,2.28723,2.28761,2.28742
9.79e-05,2.28545,2.28719,2.28632
9.791e-05,2.28943,2.27995,2.28469
9.792000000000001e-05,2.29379,2.28198,2.287885
9.793e-05,2.29128,2.28239,2.286835
9.794e-05,2.28409,2.28674,2.285415
9.795000000000001e-05,2.28788,2.28327,2.285575
9.795999999999999e-05,2.28696,2.28478,2.28587
9.797e-05,2.29055,2.28282,2.286685
9.798e-05,2.28768,2.28364,2.28566
9.798999999999999e-05,2.28635,2.27611,2.28123
9.800000000000001e-05,2.29372,2.28074,2.28723
9.801e-05,2.28908,2.27975,2.284415
9.802e-05,2.29743,2.2812,2.289315
9.803000000000001e-05,2.28308,2.28656,2.28482
9.804e-05,2.28834,2.2834,2.28587
9.805e-05,2.28444,2.28446,2.28445
9.806e-05,2.28284,2.28385,2.283345
9.806999999999999e-05,2.28654,2.28331,2.284925
9.808e-05,2.28903,2.27138,2.280205
9.808999999999999e-05,2.28954,2.27244,2.28099
9.81e-05,2.2885,2.2782,2.28335
9.811000000000001e-05,2.2944,2.27303,2.283715
9.812e-05,2.30221,2.28757,2.29489
9.813e-05,2.30092,2.28645,2.293685
9.814e-05,2.29263,2.27732,2.284975
9.815e-05,2.29579,2.27406,2.284925
9.816e-05,2.28322,2.28393,2.283575
9.817e-05,2.29143,2.27831,2.28487
9.818e-05,2.29182,2.29269,2.292255
9.819e-05,2.28823,2.27761,2.28292
9.820000000000002e-05,2.2936,2.2911,2.29235
9.821e-05,2.29821,2.28454,2.291375
9.822e-05,2.29146,2.28494,2.2882
9.823e-05,2.29495,2.28812,2.291535
9.824e-05,2.29388,2.27955,2.286715
9.825e-05,2.29222,2.28143,2.286825
9.826e-05,2.28363,2.2801,2.281865
9.826999999999999e-05,2.29567,2.2828,2.289235
9.828e-05,2.29354,2.27547,2.284505
9.829e-05,2.30308,2.28455,2.293815
9.83e-05,2.30068,2.28016,2.29042
9.831000000000001e-05,2.28914,2.27905,2.284095
9.832e-05,2.29686,2.28851,2.292685
9.833e-05,2.28445,2.2855,2.284975
9.834e-05,2.28788,2.28895,2.288415
9.834999999999999e-05,2.28689,2.28627,2.28658
9.836e-05,2.29262,2.28854,2.29058
9.837e-05,2.29102,2.29892,2.29497
9.837999999999999e-05,2.30074,2.29904,2.29989
9.839000000000001e-05,2.29685,2.29687,2.29686
9.84e-05,2.29714,2.30138,2.29926
9.841e-05,2.29593,2.29428,2.295105
9.842000000000001e-05,2.29964,2.28659,2.293115
9.843e-05,2.30289,2.2956,2.299245
9.844e-05,2.30267,2.2938,2.298235
9.845000000000001e-05,2.30726,2.29878,2.30302
9.845999999999999e-05,2.2987,2.29544,2.29707
9.847e-05,2.29494,2.29196,2.29345
9.847999999999999e-05,2.29846,2.29174,2.2951
9.849e-05,2.29433,2.29798,2.296155
9.850000000000001e-05,2.31083,2.29591,2.30337
9.851e-05,2.30216,2.28784,2.295
9.852e-05,2.30124,2.29594,2.29859
9.853000000000001e-05,2.29588,2.28574,2.29081
9.854e-05,2.30548,2.28817,2.296825
9.855e-05,2.29572,2.30093,2.298325
9.856e-05,2.29789,2.29102,2.294455
9.856999999999999e-05,2.29182,2.28991,2.290865
9.858e-05,2.29476,2.29198,2.29337
9.859e-05,2.29629,2.28426,2.290275
9.86e-05,2.29777,2.28527,2.29152
9.861e-05,2.29028,2.29491,2.292595
9.862e-05,2.29258,2.28433,2.288455
9.863e-05,2.29176,2.28548,2.28862
9.864e-05,2.29418,2.28491,2.289545
9.865e-05,2.2873,2.28795,2.287625
9.866e-05,2.28773,2.29185,2.28979
9.867e-05,2.29243,2.28516,2.288795
9.868e-05,2.29326,2.2882,2.29073
9.869e-05,2.28998,2.28751,2.288745
9.87e-05,2.29218,2.28295,2.287565
9.871e-05,2.29541,2.28587,2.29064
9.872e-05,2.29201,2.27945,2.28573
9.873e-05,2.28957,2.28568,2.287625
9.873999999999999e-05,2.29623,2.28284,2.289535
9.875e-05,2.27762,2.2704,2.27401
9.876e-05,2.28985,2.27754,2.283695
9.876999999999999e-05,2.28365,2.27967,2.28166
9.878000000000001e-05,2.2855,2.28558,2.28554
9.879000000000001e-05,2.27825,2.28401,2.28113
9.88e-05,2.28964,2.29115,2.290395
9.881000000000001e-05,2.29961,2.29134,2.295475
9.881999999999999e-05,2.29974,2.29339,2.296565
9.883e-05,2.2919,2.29183,2.291865
9.884e-05,2.30037,2.29257,2.29647
9.884999999999999e-05,2.29496,2.29245,2.293705
9.886e-05,2.29806,2.28674,2.2924
9.887e-05,2.28647,2.28789,2.28718
9.888e-05,2.28656,2.29488,2.29072
9.889000000000001e-05,2.29305,2.28755,2.2903
9.89e-05,2.28525,2.28852,2.286885
9.891e-05,2.29708,2.28844,2.29276
9.892000000000001e-05,2.29745,2.28401,2.29073
9.893e-05,2.28662,2.29289,2.289755
9.894e-05,2.29053,2.29256,2.291545
9.894999999999999e-05,2.30015,2.30079,2.30047
9.895999999999999e-05,2.29205,2.29277,2.29241
9.897e-05,2.296,2.29032,2.29316
9.898e-05,2.30009,2.28536,2.292725
9.899e-05,2.30196,2.29253,2.297245
9.900000000000001e-05,2.29976,2.28899,2.294375
9.901e-05,2.30142,2.29241,2.296915
9.902e-05,2.29218,2.30304,2.29761
9.903e-05,2.29066,2.29312,2.29189
9.904e-05,2.29206,2.2901,2.29108
9.905e-05,2.28317,2.29707,2.29012
9.906e-05,2.29259,2.29141,2.292
9.906999999999998e-05,2.29559,2.28673,2.29116
9.908000000000001e-05,2.29415,2.27797,2.28606
9.909e-05,2.29301,2.28468,2.288845
9.91e-05,2.29605,2.2876,2.291825
9.911e-05,2.29497,2.28437,2.28967
9.912e-05,2.29011,2.28483,2.28747
9.913e-05,2.28896,2.28897,2.288965
9.914e-05,2.29386,2.28492,2.28939
9.915e-05,2.29415,2.28314,2.288645
9.915999999999999e-05,2.29366,2.28707,2.290365
9.917000000000001e-05,2.28789,2.27266,2.280275
9.918000000000001e-05,2.28681,2.28144,2.284125
9.919e-05,2.29162,2.29448,2.29305
9.92e-05,2.29045,2.28731,2.28888
9.921e-05,2.28336,2.28494,2.28415
9.922e-05,2.29569,2.29583,2.29576
9.923e-05,2.29252,2.28624,2.28938
9.923999999999999e-05,2.28997,2.29838,2.294175
9.925e-05,2.29087,2.29207,2.29147
9.926e-05,2.29064,2.29729,2.293965
9.927e-05,2.28882,2.29557,2.292195
9.928000000000001e-05,2.2859,2.29911,2.292505
9.929e-05,2.28626,2.29676,2.29151
9.93e-05,2.29657,2.29215,2.29436
9.931e-05,2.29293,2.29301,2.29297
9.931999999999999e-05,2.29229,2.29456,2.293425
9.933e-05,2.29056,2.29749,2.294025
9.934e-05,2.29009,2.3007,2.295395
9.934999999999999e-05,2.28745,2.30201,2.29473
9.936e-05,2.28908,2.29705,2.293065
9.937e-05,2.28164,2.29858,2.29011
9.938e-05,2.29206,2.30495,2.298505
9.939000000000001e-05,2.28849,2.30519,2.29684
9.94e-05,2.29047,2.29941,2.29494
9.941e-05,2.28764,2.30272,2.29518
9.942000000000001e-05,2.29128,2.29892,2.2951
9.943e-05,2.2888,2.29452,2.29166
9.944e-05,2.28202,2.29598,2.289
9.944999999999999e-05,2.28985,2.28801,2.28893
9.945999999999999e-05,2.29296,2.29021,2.291585
9.947000000000001e-05,2.29304,2.29752,2.29528
9.948e-05,2.29073,2.29254,2.291635
9.949e-05,2.28977,2.28884,2.289305
9.95e-05,2.29414,2.28713,2.290635
9.951e-05,2.29378,2.27867,2.286225
9.952e-05,2.29821,2.28671,2.29246
9.953e-05,2.29152,2.28668,2.2891
9.954e-05,2.28309,2.28838,2.285735
9.955e-05,2.29141,2.28602,2.288715
9.956e-05,2.28762,2.29182,2.28972
9.957e-05,2.28807,2.28343,2.28575
9.958e-05,2.29146,2.28676,2.28911
9.959e-05,2.28519,2.28099,2.28309
9.96e-05,2.29092,2.28391,2.287415
9.961e-05,2.28261,2.29488,2.288745
9.962e-05,2.2911,2.282,2.28655
9.962999999999999e-05,2.28405,2.28072,2.282385
9.964e-05,2.28058,2.28813,2.284355
9.965e-05,2.2935,2.28221,2.287855
9.966e-05,2.29096,2.28356,2.28726
9.967000000000001e-05,2.29463,2.28044,2.287535
9.968000000000001e-05,2.29618,2.29022,2.2932
9.969e-05,2.29143,2.29169,2.29156
9.97e-05,2.28839,2.29033,2.28936
9.970999999999999e-05,2.29134,2.2876,2.28947
9.972e-05,2.29471,2.28624,2.290475
9.973e-05,2.29272,2.27493,2.283825
9.973999999999999e-05,2.29615,2.28067,2.28841
9.975e-05,2.29913,2.28044,2.289785
9.976000000000001e-05,2.29633,2.28657,2.29145
9.977e-05,2.30003,2.2865,2.293265
9.978000000000001e-05,2.30163,2.2868,2.294215
9.979e-05,2.29436,2.2908,2.29258
9.98e-05,2.29218,2.28973,2.290955
9.981e-05,2.29644,2.28603,2.291235
9.981999999999999e-05,2.29851,2.29042,2.294465
9.983e-05,2.29584,2.27546,2.28565
9.983999999999999e-05,2.30207,2.28264,2.292355
9.984999999999999e-05,2.28886,2.28353,2.286195
9.986000000000001e-05,2.28418,2.28495,2.284565
9.987e-05,2.28801,2.29027,2.28914
9.988e-05,2.28773,2.28828,2.288005
9.989000000000001e-05,2.28579,2.2925,2.289145
9.99e-05,2.28856,2.29599,2.292275
9.991e-05,2.28813,2.30115,2.29464
9.991999999999999e-05,2.29238,2.29842,2.2954
9.993e-05,2.29709,2.29532,2.296205
9.994e-05,2.29229,2.29805,2.29517
9.995e-05,2.29579,2.2974,2.296595
9.996e-05,2.29205,2.29767,2.29486
9.997e-05,2.29127,2.30183,2.29655
9.998e-05,2.29092,2.30256,2.29674
9.999e-05,2.29519,2.30306,2.299125
0.0001,2.29227,2.3026,2.297435
