Time/Residue,AFR2_R1.xvg,AFR2_R2.xvg
0.0,0.0005003,0.000507
0.01,0.0899278,0.0838331
0.02,0.0961505,0.0905127
0.03,0.1076317,0.0987195
0.04,0.1047383,0.1181251
0.05,0.116379,0.1107304
0.06,0.1058262,0.1054392
0.07,0.1106595,0.1092886
0.08,0.1100487,0.1050842
0.09,0.112329,0.1070056
0.1,0.1254189,0.1104234
0.11,0.1187881,0.1165332
0.12,0.1299499,0.1157855
0.13,0.1171434,0.1358951
0.14,0.1129729,0.1422865
0.15,0.1164615,0.1316242
0.16,0.1165656,0.1419969
0.17,0.1147174,0.1332094
0.18,0.1175725,0.1423405
0.19,0.1262213,0.133954
0.2,0.1182321,0.1322145
0.21,0.1225373,0.1220016
0.22,0.1162127,0.1376321
0.23,0.1316621,0.1419188
0.24,0.1232377,0.1360688
0.25,0.1178716,0.1390276
0.26,0.1275237,0.1470218
0.27,0.1290228,0.1361011
0.28,0.1265489,0.1355712
0.29,0.1260983,0.1382339
0.3,0.1239815,0.1489852
0.31,0.1228672,0.1345503
0.32,0.1352245,0.132474
0.33,0.1326538,0.1383154
0.34,0.1346243,0.1407788
0.35,0.129142,0.1484374
0.36,0.1262737,0.1428081
0.37,0.1318463,0.1417482
0.38,0.1260289,0.142354
0.39,0.1373164,0.1495668
0.4,0.1337089,0.1525669
0.41,0.134312,0.1369462
0.42,0.1319232,0.1409162
0.43,0.1320579,0.1465618
0.44,0.130574,0.1500115
0.45,0.1319226,0.1514947
0.46,0.1392164,0.1529297
0.47,0.1295562,0.1469902
0.48,0.1188805,0.1448768
0.49,0.1225298,0.1491083
0.5,0.1345196,0.1489886
0.5100001,0.1347333,0.1503081
0.52,0.1405612,0.1436852
0.53,0.1340736,0.1552866
0.54,0.1358718,0.1537785
0.55,0.1327046,0.1587928
0.56,0.130442,0.1648514
0.5700001,0.1224254,0.1640248
0.58,0.1237358,0.1507924
0.59,0.1281062,0.1446829
0.6,0.1278898,0.1450233
0.61,0.129642,0.150847
0.62,0.1297206,0.1439335
0.6300001,0.1354282,0.1451298
0.64,0.1421074,0.1371651
0.65,0.1414093,0.1313528
0.66,0.1470549,0.1452213
0.67,0.1443653,0.1486181
0.68,0.1405842,0.1486407
0.6900001,0.141334,0.1419065
0.7,0.136545,0.1365792
0.71,0.1371221,0.1397087
0.72,0.1372896,0.1463299
0.73,0.1370522,0.1357093
0.74,0.1331929,0.1367404
0.7500001,0.1383584,0.1384996
0.7600001,0.1344386,0.1347931
0.77,0.1382485,0.1393514
0.78,0.136824,0.145872
0.79,0.1413992,0.135202
0.8,0.1304284,0.1422673
0.8100001,0.1296858,0.1458897
0.8200001,0.1358938,0.1529854
0.83,0.1368027,0.1535431
0.84,0.1400265,0.1404382
0.85,0.1342535,0.1466627
0.86,0.1368586,0.1416706
0.8700001,0.1352437,0.1453317
0.8800001,0.1393699,0.1526165
0.89,0.1521327,0.1437044
0.9,0.1341634,0.1366276
0.91,0.1410553,0.1429577
0.92,0.1466503,0.156645
0.9300001,0.1441152,0.1573357
0.9400001,0.1405665,0.1642035
0.95,0.1308841,0.1588131
0.96,0.122905,0.1572372
0.97,0.1328703,0.1565313
0.98,0.1277359,0.1525519
0.9900001,0.1370186,0.1674128
1.0,0.1391952,0.1598691
1.01,0.1356442,0.155076
1.0200001,0.140109,0.1556789
1.0300001,0.1394113,0.1641872
1.0400001,0.144492,0.1627997
1.0500001,0.1415853,0.1663812
1.0600001,0.1352966,0.1497393
1.0700001,0.1403267,0.142496
1.08,0.1397088,0.1502467
1.09,0.1302119,0.1507477
1.1,0.1313739,0.1517495
1.11,0.1319693,0.1500318
1.12,0.1354685,0.1503632
1.13,0.1256086,0.149131
1.1400001,0.1275438,0.1433526
1.1500001,0.135152,0.1584979
1.1600001,0.1291182,0.15404
1.1700001,0.1344263,0.1479272
1.1800001,0.1330129,0.1538569
1.1900001,0.1328431,0.1501371
1.2,0.1342435,0.1464597
1.21,0.1415235,0.1526181
1.22,0.1420299,0.144778
1.23,0.1436565,0.1567266
1.24,0.1411414,0.1605524
1.25,0.1447245,0.1607739
1.2600001,0.1459594,0.1446798
1.2700001,0.1489269,0.1458276
1.2800001,0.1482664,0.1496745
1.2900001,0.1445087,0.1472723
1.3000001,0.1588865,0.1428805
1.3100001,0.1600097,0.1503114
1.3200001,0.1660646,0.1651348
1.33,0.1587802,0.1659347
1.34,0.1704181,0.1726698
1.35,0.1688567,0.1626042
1.36,0.1682207,0.1566286
1.3700001,0.1665388,0.1583632
1.3800001,0.1664187,0.1544144
1.3900001,0.173338,0.1553893
1.4000001,0.1727154,0.152501
1.4100001,0.1739864,0.1541335
1.4200001,0.173847,0.1634438
1.4300001,0.1738024,0.1663795
1.4400001,0.1785394,0.1689758
1.45,0.1765715,0.1697531
1.46,0.1742213,0.1674745
1.47,0.170899,0.1609561
1.48,0.1585364,0.1715326
1.4900001,0.1561387,0.1654846
1.5000001,0.1605695,0.1794494
1.5100001,0.1659546,0.1773023
1.5200001,0.1574876,0.1738508
1.5300001,0.1638395,0.1673067
1.5400001,0.1574764,0.1690651
1.5500001,0.1710711,0.1763969
1.5600001,0.1612801,0.1620959
1.5700001,0.1591824,0.1731385
1.58,0.1566182,0.1711493
1.59,0.1632161,0.171197
1.6,0.1585157,0.1610775
1.6100001,0.1589121,0.1612502
1.6200001,0.1683949,0.1535624
1.6300001,0.1606869,0.1572028
1.6400001,0.1654951,0.1677314
1.6500001,0.1586553,0.1667916
1.6600001,0.1707006,0.1620393
1.6700001,0.1631384,0.1499155
1.6800001,0.1690019,0.1633496
1.6900001,0.1697264,0.1549828
1.7,0.1608466,0.1630841
1.71,0.1593905,0.1681944
1.72,0.1634698,0.1627494
1.7300001,0.1633545,0.1728528
1.7400001,0.1664776,0.1733105
1.7500001,0.1684754,0.1745537
1.7600001,0.1780371,0.1636264
1.7700001,0.1710349,0.1623109
1.7800001,0.1772521,0.1710069
1.7900001,0.1759831,0.1748145
1.8000001,0.1905819,0.1766757
1.8100001,0.1874887,0.1818689
1.8200001,0.1800652,0.1759434
1.83,0.1813776,0.1804595
1.84,0.189122,0.1759777
1.8500001,0.1852536,0.1766465
1.8600001,0.1807525,0.1687955
1.8700001,0.1723661,0.1823442
1.8800001,0.1822754,0.1779322
1.8900001,0.1850729,0.1732298
1.9000001,0.1763774,0.1822622
1.9100001,0.1829355,0.1802374
1.9200001,0.1863528,0.173294
1.9300001,0.1876344,0.1806208
1.9400001,0.179274,0.1734073
1.95,0.1758431,0.18148
1.96,0.1782976,0.17527
1.9700001,0.177385,0.1880936
1.9800001,0.1813633,0.1947986
1.9900001,0.1776217,0.186992
2.0,0.1701441,0.1979134
2.01,0.1849235,0.200593
2.02,0.1763903,0.1944613
2.0300002,0.1773563,0.1970057
2.0400002,0.1851083,0.1842203
2.0500002,0.180376,0.1912613
2.0600002,0.1788131,0.193509
2.0700002,0.1844698,0.1879167
2.0800002,0.1781225,0.1842256
2.0900002,0.1791669,0.1915283
2.1000001,0.1862201,0.2000643
2.1100001,0.1836323,0.1937526
2.1200001,0.1815766,0.1851504
2.1300001,0.1685056,0.1852079
2.1400001,0.1842976,0.1901714
2.1500001,0.1839888,0.1856049
2.1600001,0.1845059,0.1765469
2.1700001,0.1897563,0.1881688
2.1800001,0.1809195,0.1980509
2.1900001,0.1813041,0.1975982
2.2,0.1848331,0.201146
2.21,0.1823551,0.2046884
2.22,0.1758484,0.1942788
2.23,0.1766968,0.198653
2.24,0.1728401,0.199617
2.25,0.1777262,0.1933379
2.26,0.1852265,0.1906857
2.2700002,0.1883598,0.1902682
2.2800002,0.1868811,0.1818939
2.2900002,0.1817464,0.1799235
2.3000002,0.1874943,0.1766599
2.3100002,0.1838626,0.1743306
2.3200002,0.1881347,0.1770391
2.3300002,0.1840331,0.179574
2.3400002,0.1948064,0.1865559
2.3500001,0.1808915,0.1831467
2.3600001,0.1828688,0.1889146
2.3700001,0.1880908,0.1817503
2.3800001,0.184458,0.1797508
2.3900001,0.1928585,0.1992002
2.4000001,0.1879538,0.188726
2.4100001,0.1888252,0.1796252
2.4200001,0.1948845,0.1788076
2.4300001,0.1853226,0.1856477
2.4400001,0.191332,0.1843507
2.45,0.1850883,0.1795519
2.46,0.1947495,0.1839884
2.47,0.1924666,0.184683
2.48,0.203696,0.1876086
2.49,0.2039994,0.1845842
2.5,0.199785,0.1884819
2.5100002,0.197679,0.1913733
2.5200002,0.1995634,0.1858023
2.5300002,0.1973389,0.1864409
2.5400002,0.1953518,0.1951362
2.5500002,0.200122,0.1814186
2.5600002,0.1934553,0.1932132
2.5700002,0.1922097,0.1796884
2.5800002,0.1899376,0.1810417
2.5900002,0.1850991,0.181212
2.6000001,0.2021673,0.1825809
2.6100001,0.2089006,0.1771736
2.6200001,0.1896206,0.1761003
2.6300001,0.2004128,0.1760837
2.6400001,0.1958703,0.1819921
2.6500001,0.2020041,0.179393
2.6600001,0.1962898,0.1847933
2.6700001,0.1963503,0.1750852
2.6800001,0.2002193,0.1809487
2.6900001,0.2054487,0.1756524
2.7,0.1982425,0.1788463
2.71,0.2110209,0.1767269
2.72,0.1992994,0.1841988
2.73,0.1919921,0.1778026
2.7400002,0.2072575,0.1820336
2.7500002,0.1885233,0.1844259
2.7600002,0.1946144,0.1856188
2.7700002,0.1904273,0.1945764
2.7800002,0.1965322,0.1948745
2.7900002,0.2023626,0.1888524
2.8000002,0.2058323,0.1863586
2.8100002,0.1911192,0.1922261
2.8200002,0.1882398,0.1734079
2.8300002,0.1903727,0.180823
2.8400002,0.1968434,0.1851531
2.8500001,0.1875532,0.1919332
2.8600001,0.196414,0.1930147
2.8700001,0.1934116,0.1870828
2.8800001,0.2014176,0.1883449
2.8900001,0.1993875,0.1784548
2.9000001,0.2073202,0.1792161
2.9100001,0.2030206,0.1775135
2.9200001,0.2003094,0.1889527
2.9300001,0.1962759,0.176179
2.9400001,0.2042266,0.1782964
2.95,0.1903329,0.1837068
2.96,0.1913919,0.1798073
2.97,0.2086894,0.1819498
2.9800003,0.2058612,0.1809772
2.9900002,0.2124293,0.1792718
3.0000002,0.215979,0.180239
3.0100002,0.2094198,0.1830156
3.0200002,0.2062708,0.1757706
3.0300002,0.2007233,0.1754161
3.0400002,0.2034499,0.1909192
3.0500002,0.2040138,0.1866663
3.0600002,0.2058851,0.1778263
3.0700002,0.2042612,0.1769484
3.0800002,0.2059883,0.1732076
3.0900002,0.2053476,0.1625285
3.1000001,0.203547,0.1638362
3.1100001,0.210366,0.1674447
3.1200001,0.2027789,0.1742918
3.1300001,0.2060255,0.1715773
3.1400001,0.2182695,0.1803629
3.1500001,0.2130926,0.1902969
3.1600001,0.2077105,0.1833648
3.1700001,0.2053966,0.1774895
3.1800001,0.2023753,0.1772272
3.1900001,0.1980766,0.178764
3.2,0.195128,0.1809296
3.21,0.1921655,0.1851361
3.2200003,0.1946194,0.1871064
3.2300003,0.197689,0.1794768
3.2400002,0.2093933,0.1665788
3.2500002,0.2108197,0.1728952
3.2600002,0.1929107,0.1746377
3.2700002,0.1966809,0.1729077
3.2800002,0.1960489,0.1819447
3.2900002,0.201669,0.187854
3.3000002,0.1919286,0.1935141
3.3100002,0.1947676,0.1855106
3.3200002,0.1885323,0.1993992
3.3300002,0.1935328,0.186583
3.3400002,0.1838136,0.1873104
3.3500001,0.1974723,0.1826974
3.3600001,0.1961758,0.180415
3.3700001,0.1864161,0.1798519
3.3800001,0.1912215,0.1773124
3.3900001,0.2176421,0.1721058
3.4000001,0.2050166,0.171652
3.4100001,0.1908693,0.1672024
3.4200001,0.1973674,0.1747691
3.4300001,0.193603,0.1717979
3.4400001,0.1934042,0.1766173
3.45,0.209554,0.1637919
3.4600003,0.2033586,0.1673854
3.4700003,0.1971678,0.1728391
3.4800003,0.2014762,0.1644823
3.4900002,0.2058432,0.1642086
3.5000002,0.2110394,0.1628798
3.5100002,0.1927241,0.1656583
3.5200002,0.188009,0.1742513
3.5300002,0.1907412,0.1775755
3.5400002,0.1930648,0.1766255
3.5500002,0.2053494,0.1764294
3.5600002,0.1909654,0.1686294
3.5700002,0.1982384,0.171014
3.5800002,0.2061879,0.174756
3.5900002,0.2000941,0.1741544
3.6000001,0.1827225,0.1735025
3.6100001,0.1902023,0.1736335
3.6200001,0.1886149,0.1742165
3.6300001,0.1865317,0.1744053
3.6400001,0.1956262,0.1784675
3.6500001,0.1938465,0.1729249
3.6600001,0.2025655,0.1691104
3.6700001,0.1880092,0.1666791
3.6800001,0.2033844,0.1785974
3.6900001,0.1934578,0.1708162
3.7000003,0.2042274,0.1788982
3.7100003,0.1940674,0.1745266
3.7200003,0.1971518,0.1751456
3.7300003,0.2002648,0.1749358
3.7400002,0.2188778,0.1762262
3.7500002,0.2137456,0.1769961
3.7600002,0.2094403,0.1707719
3.7700002,0.2281942,0.1692144
3.7800002,0.2165068,0.1760088
3.7900002,0.2275521,0.1723497
3.8000002,0.2243808,0.1683879
3.8100002,0.2151546,0.1789261
3.8200002,0.2146244,0.1868693
3.8300002,0.2196183,0.1883225
3.8400002,0.2145918,0.1918347
3.8500001,0.2228165,0.1883272
3.8600001,0.2242989,0.1830638
3.8700001,0.2156905,0.1816244
3.8800001,0.2145332,0.1791071
3.8900001,0.2302663,0.1844779
3.9000001,0.2233353,0.1834425
3.9100001,0.2273033,0.1661409
3.9200001,0.2177006,0.1628364
3.9300003,0.2240008,0.1592369
3.9400003,0.2225483,0.1631957
3.9500003,0.2144646,0.1659881
3.9600003,0.2236525,0.1814998
3.9700003,0.2140118,0.1814924
3.9800003,0.2156598,0.1748445
3.9900002,0.2235024,0.1704695
4.0,0.2165344,0.1789949
4.0100002,0.218336,0.1708661
4.02,0.2296831,0.1881102
4.0300002,0.2268006,0.1991161
4.04,0.2196253,0.188643
4.0500002,0.2147379,0.1853697
4.0600004,0.2126177,0.1773079
4.0700002,0.1960887,0.1742033
4.0800004,0.2045113,0.1838989
4.0900002,0.1995697,0.1752933
4.1000004,0.2058413,0.1748201
4.1100001,0.2050641,0.1590209
4.1200004,0.2072274,0.1743863
4.1300001,0.2008155,0.1633789
4.1400003,0.1925632,0.1638725
4.1500001,0.1980072,0.1715902
4.1600003,0.1938473,0.1723241
4.1700001,0.1935595,0.1720359
4.1800003,0.1922617,0.177313
4.1900001,0.1930435,0.1859383
4.2000003,0.2071014,0.1869517
4.21,0.1917109,0.1818655
4.2200003,0.2075144,0.1776593
4.23,0.2039944,0.1687675
4.2400002,0.2043303,0.1750298
4.25,0.1850805,0.1873011
4.2600002,0.1912804,0.1794382
4.27,0.2014834,0.1805742
4.2800002,0.1949875,0.1844866
4.2900004,0.2019596,0.1731536
4.3000002,0.2022385,0.1758036
4.3100004,0.2035351,0.1799756
4.3200002,0.1982337,0.1808719
4.3300004,0.194608,0.1853146
4.3400002,0.2107336,0.1815017
4.3500004,0.2027393,0.1841068
4.3600001,0.2000331,0.1813717
4.3700004,0.2213912,0.184291
4.3800001,0.208944,0.1884163
4.3900003,0.2151746,0.1924907
4.4000001,0.2220184,0.1868696
4.4100003,0.2092054,0.1948602
4.4200001,0.2266524,0.1942148
4.4300003,0.2233473,0.2029918
4.4400001,0.2167396,0.2125164
4.4500003,0.2174051,0.2031298
4.46,0.2087858,0.2031252
4.4700003,0.2049409,0.1972057
4.48,0.2120224,0.2153986
4.4900002,0.2053279,0.2097847
4.5,0.2135253,0.20867
4.5100002,0.2192983,0.196769
4.52,0.2150756,0.1917815
4.5300002,0.2064745,0.1820603
4.5400004,0.2165833,0.1929701
4.5500002,0.220521,0.1968719
4.5600004,0.220429,0.1864659
4.5700002,0.20444,0.1870916
4.5800004,0.205044,0.2011033
4.5900002,0.2068318,0.196692
4.6000004,0.2040768,0.1934502
4.6100001,0.20223,0.1808031
4.6200004,0.2135581,0.1814833
4.6300001,0.2055443,0.1785972
4.6400003,0.2189697,0.1828889
4.6500001,0.2211764,0.1786579
4.6600003,0.2125552,0.1996375
4.6700001,0.2224993,0.1913563
4.6800003,0.2360743,0.1831596
4.6900001,0.2353012,0.2035323
4.7000003,0.2379109,0.2060532
4.71,0.2392729,0.208548
4.7200003,0.2306894,0.1948224
4.73,0.2404277,0.2017272
4.7400002,0.2286734,0.2152606
4.75,0.2264906,0.2039267
4.7600002,0.2337608,0.199572
4.7700005,0.2234097,0.1999069
4.7800002,0.2230702,0.1948848
4.7900004,0.2277883,0.1974777
4.8000002,0.2309864,0.192758
4.8100004,0.2311662,0.1948515
4.8200002,0.2338159,0.1981903
4.8300004,0.2221286,0.197321
4.8400002,0.2267141,0.1876645
4.8500004,0.2285406,0.1824003
4.8600001,0.2295012,0.1866329
4.8700004,0.2231283,0.1939844
4.8800001,0.2401645,0.1994751
4.8900003,0.2179818,0.1898008
4.9000001,0.2314167,0.1850503
4.9100003,0.2262837,0.1770044
4.9200001,0.229964,0.1854632
4.9300003,0.2218378,0.1885318
4.9400001,0.2202295,0.1844763
4.9500003,0.2221861,0.1819772
4.96,0.2240678,0.1812446
4.9700003,0.2208266,0.1723169
4.98,0.2127405,0.1799808
4.9900002,0.211539,0.1777731
5.0,0.2145472,0.1853811
5.0100002,0.2254288,0.1853708
5.0200005,0.2121897,0.1831077
5.0300002,0.2124967,0.1887623
5.0400004,0.2139863,0.1846784
5.0500002,0.2268642,0.1877221
5.0600004,0.2225631,0.1831494
5.0700002,0.2325642,0.1847004
5.0800004,0.225842,0.1773585
5.0900002,0.2150225,0.1794785
5.1000004,0.2266491,0.1836375
5.1100001,0.2355387,0.1803658
5.1200004,0.241619,0.1828014
5.1300001,0.2300692,0.188657
5.1400003,0.2293925,0.1973423
5.1500001,0.2336417,0.1935745
5.1600003,0.2377269,0.1916196
5.1700001,0.2401545,0.2058283
5.1800003,0.2289817,0.2072269
5.1900001,0.2292276,0.2032776
5.2000003,0.2171007,0.2056489
5.21,0.2184732,0.2081226
5.2200003,0.2259604,0.2062353
5.23,0.2112906,0.2007253
5.2400002,0.2187487,0.2031696
5.2500005,0.2105785,0.2118381
5.2600002,0.2011265,0.2095896
5.2700005,0.2096955,0.2090399
5.2800002,0.2002546,0.2114309
5.2900004,0.2177754,0.1983597
5.3000002,0.2081118,0.1839124
5.3100004,0.2273281,0.190386
5.3200002,0.2249492,0.1909943
5.3300004,0.2293442,0.1865092
5.3400002,0.2292751,0.2006051
5.3500004,0.2208488,0.2040278
5.3600001,0.2074616,0.2030483
5.3700004,0.212244,0.2009097
5.3800001,0.2121405,0.2064326
5.3900003,0.2197235,0.2111722
5.4000001,0.2207958,0.2151811
5.4100003,0.2039454,0.2183398
5.4200001,0.2107833,0.2092958
5.4300003,0.2166766,0.1976746
5.4400001,0.2233786,0.1980267
5.4500003,0.215009,0.2038886
5.46,0.2171308,0.2070735
5.4700003,0.2203087,0.2063483
5.4800005,0.2127469,0.1960651
5.4900002,0.2192687,0.196492
5.5000005,0.2279263,0.1992501
5.5100002,0.2238448,0.2054422
5.5200005,0.2303624,0.2200291
5.5300002,0.2197633,0.2124427
5.5400004,0.2265261,0.2146582
5.5500002,0.2251589,0.210666
5.5600004,0.2336598,0.2121453
5.5700002,0.2314384,0.2210114
5.5800004,0.2242362,0.2213547
5.5900002,0.2211636,0.2069643
5.6000004,0.2243842,0.2048901
5.6100001,0.2369176,0.2090662
5.6200004,0.2276509,0.2125477
5.6300001,0.2196522,0.2139099
5.6400003,0.2203405,0.2213859
5.6500001,0.2242645,0.2027551
5.6600003,0.2254504,0.2016709
5.6700001,0.2213949,0.2039594
5.6800003,0.2131175,0.2119361
5.6900001,0.2217426,0.1991294
5.7000003,0.2176926,0.2222931
5.71,0.2160156,0.2207808
5.7200003,0.2194675,0.2146813
5.7300005,0.2185161,0.2096483
5.7400002,0.213241,0.2148312
5.7500005,0.2242945,0.2171256
5.7600002,0.2204739,0.2291499
5.7700005,0.2149568,0.2256084
5.7800002,0.2061335,0.219201
5.7900004,0.2135995,0.220879
5.8000002,0.2211153,0.2148037
5.8100004,0.2116312,0.2163013
5.8200002,0.2185861,0.212717
5.8300004,0.2142185,0.2056289
5.8400002,0.2251867,0.2018317
5.8500004,0.2083451,0.2139496
5.8600001,0.2163813,0.2148377
5.8700004,0.2077157,0.2087539
5.8800001,0.221862,0.2040344
5.8900003,0.2219317,0.2022404
5.9000001,0.2201006,0.2087163
5.9100003,0.2201299,0.204117
5.9200001,0.2175117,0.201368
5.9300003,0.2112043,0.1968869
5.9400001,0.2147275,0.1975251
5.9500003,0.2211492,0.2067264
5.9600005,0.2217853,0.2066276
5.9700003,0.2139386,0.2047144
5.9800005,0.2132699,0.1975985
5.9900002,0.2345371,0.2019643
6.0000005,0.2275156,0.2016992
6.0100002,0.2226069,0.1938006
6.0200005,0.2211322,0.2020319
6.0300002,0.2215653,0.2145383
6.0400004,0.2221401,0.1969375
6.0500002,0.2428474,0.2061934
6.0600004,0.2358046,0.2003059
6.0700002,0.2436321,0.2103239
6.0800004,0.2320405,0.1997623
6.0900002,0.2192773,0.1996303
6.1000004,0.2320957,0.2030032
6.1100001,0.2410067,0.2121156
6.1200004,0.2347072,0.2061714
6.1300001,0.2307313,0.2027621
6.1400003,0.231661,0.2070606
6.1500001,0.2359469,0.2182072
6.1600003,0.2377734,0.2115036
6.1700001,0.2344649,0.2160671
6.1800003,0.2356281,0.2093282
6.1900001,0.2446307,0.2137947
6.2000003,0.2351987,0.2028834
6.2100005,0.2354048,0.2100521
6.2200003,0.2296395,0.2198213
6.2300005,0.2281197,0.2253327
6.2400002,0.2281064,0.2236011
6.2500005,0.2208524,0.2222551
6.2600002,0.2263493,0.2182661
6.2700005,0.2190611,0.2116925
6.2800002,0.228219,0.2078388
6.2900004,0.2272091,0.2352748
6.3000002,0.2298955,0.2320462
6.3100004,0.2385192,0.2249341
6.3200002,0.2387785,0.225368
6.3300004,0.2439754,0.2089439
6.3400002,0.2222497,0.2219555
6.3500004,0.2294517,0.2162975
6.3600001,0.2206101,0.217557
6.3700004,0.2135743,0.2199426
6.3800001,0.218733,0.2218701
6.3900003,0.2290355,0.2079591
6.4000001,0.221523,0.2082427
6.4100003,0.2249335,0.2121496
6.4200001,0.233404,0.2082493
6.4300003,0.223136,0.205603
6.4400005,0.2196347,0.2102996
6.4500003,0.2247657,0.2194304
6.4600005,0.2234201,0.2158499
6.4700003,0.2166331,0.2190715
6.4800005,0.2198656,0.2194264
6.4900002,0.221761,0.2314605
6.5000005,0.2347026,0.2270124
6.5100002,0.2257905,0.2316146
6.5200005,0.2297665,0.2256606
6.5300002,0.2254262,0.2377158
6.5400004,0.2398136,0.2437084
6.5500002,0.2353597,0.2376499
6.5600004,0.2255715,0.2472098
6.5700002,0.2330054,0.2405413
6.5800004,0.233858,0.2263106
6.5900002,0.228523,0.2103194
6.6000004,0.2372619,0.2000371
6.6100001,0.2342856,0.2171147
6.6200004,0.2494066,0.2168698
6.6300001,0.2497807,0.2272007
6.6400003,0.2498024,0.2196719
6.6500001,0.2368852,0.2293008
6.6600003,0.2195459,0.2330272
6.6700006,0.2155573,0.2384656
6.6800003,0.2267292,0.2428426
6.6900005,0.2237126,0.2339507
6.7000003,0.2235299,0.2412296
6.7100005,0.2245624,0.225585
6.7200003,0.2318048,0.236803
6.7300005,0.2208005,0.2317531
6.7400002,0.2203668,0.2283316
6.7500005,0.2227183,0.2187738
6.7600002,0.2222079,0.2172604
6.7700005,0.2172323,0.2203447
6.7800002,0.2248249,0.232778
6.7900004,0.2159036,0.2303465
6.8000002,0.2288653,0.2331947
6.8100004,0.2205403,0.2224427
6.8200002,0.214482,0.2260811
6.8300004,0.2240361,0.2205493
6.8400002,0.2221614,0.2176505
6.8500004,0.2100107,0.2150941
6.8600001,0.2104422,0.2226198
6.8700004,0.2184884,0.2225269
6.8800001,0.2217501,0.2155446
6.8900003,0.2125482,0.2098607
6.9000001,0.2356061,0.2193476
6.9100003,0.2282037,0.2228121
6.9200006,0.2304789,0.2183965
6.9300003,0.2286274,0.218735
6.9400005,0.2193855,0.2171911
6.9500003,0.2124451,0.2182002
6.9600005,0.2129993,0.2175581
6.9700003,0.2213928,0.2169759
6.9800005,0.2199503,0.2248418
6.9900002,0.2183184,0.2247436
7.0000005,0.2046521,0.2178178
7.0100002,0.2142321,0.221034
7.0200005,0.2051946,0.2221735
7.0300002,0.2183336,0.2107392
7.0400004,0.223635,0.219034
7.0500002,0.2187223,0.2088369
7.0600004,0.2275268,0.207568
7.0700002,0.2249025,0.2035376
7.0800004,0.2278176,0.2161989
7.0900002,0.2305812,0.2163639
7.1000004,0.2373916,0.2002427
7.1100001,0.2353184,0.2142669
7.1200004,0.2239606,0.2223307
7.1300001,0.2243078,0.2275585
7.1400003,0.2222426,0.2168753
7.1500006,0.2387113,0.242297
7.1600003,0.2347066,0.2170938
7.1700006,0.230203,0.2271541
7.1800003,0.2227456,0.232914
7.1900005,0.2347128,0.2408392
7.2000003,0.2331336,0.2271408
7.2100005,0.2274066,0.2270326
7.2200003,0.2285593,0.2460078
7.2300005,0.2276016,0.2307863
7.2400002,0.2317989,0.2364439
7.2500005,0.2209223,0.2225831
7.2600002,0.2265278,0.2240912
7.2700005,0.2283547,0.2259653
7.2800002,0.2238703,0.2266124
7.2900004,0.2291137,0.2349682
7.3000002,0.2252416,0.2246618
7.3100004,0.2295493,0.2166417
7.3200002,0.2259934,0.2078018
7.3300004,0.2118927,0.2127523
7.3400002,0.2316558,0.2162503
7.3500004,0.2349179,0.2140571
7.3600001,0.2312361,0.2061481
7.3700004,0.2260584,0.2185233
7.3800001,0.2180008,0.2148126
7.3900003,0.2184172,0.2176103
7.4000006,0.2229969,0.2214681
7.4100003,0.2236671,0.2267855
7.4200006,0.2155859,0.2298083
7.4300003,0.2138132,0.2289783
7.4400005,0.2145624,0.2259076
7.4500003,0.2205319,0.2315636
7.4600005,0.2206734,0.2229058
7.4700003,0.2117372,0.2236679
7.4800005,0.2180942,0.2263252
7.4900002,0.2346213,0.2376907
7.5000005,0.227968,0.2395355
7.5100002,0.2350509,0.2392791
7.5200005,0.2264517,0.2541984
7.5300002,0.221109,0.2526702
7.5400004,0.2234473,0.2480936
7.5500002,0.2386926,0.2529095
7.5600004,0.2302188,0.2557953
7.5700002,0.238828,0.2541462
7.5800004,0.2391035,0.2515132
7.5900002,0.231615,0.2465239
7.6000004,0.2355603,0.2442181
7.6100001,0.2291721,0.2408491
7.6200004,0.2365562,0.2403897
7.6300006,0.224136,0.2424017
7.6400003,0.2342325,0.23448
7.6500006,0.2383734,0.2333086
7.6600003,0.2288627,0.2324687
7.6700006,0.2339078,0.236229
7.6800003,0.2222057,0.2391857
7.6900005,0.2285582,0.2309721
7.7000003,0.228958,0.2114373
7.7100005,0.2413649,0.2206925
7.7200003,0.2388702,0.2167407
7.7300005,0.2350291,0.2222538
7.7400002,0.2436497,0.2272147
7.7500005,0.2419569,0.2285743
7.7600002,0.2294668,0.2275024
7.7700005,0.235218,0.2164332
7.7800002,0.2288416,0.22196
7.7900004,0.2310346,0.2139505
7.8000002,0.2217053,0.2153415
7.8100004,0.2148794,0.2245072
7.8200002,0.2306781,0.2171596
7.8300004,0.2188607,0.2084418
7.8400002,0.2275309,0.2096503
7.8500004,0.2241375,0.2113773
7.8600006,0.2342841,0.2141394
7.8700004,0.22962,0.2135261
7.8800006,0.2322446,0.215249
7.8900003,0.2374608,0.2135718
7.9000006,0.2397912,0.2220924
7.9100003,0.2329937,0.223974
7.9200006,0.2364064,0.2121964
7.9300003,0.2480732,0.2237688
7.9400005,0.2433633,0.2087322
7.9500003,0.2506643,0.207702
7.9600005,0.2456068,0.2060799
7.9700003,0.2413909,0.208307
7.9800005,0.2493394,0.1937361
7.9900002,0.23444,0.1993919
8.0,0.2329886,0.1994802
8.0100002,0.2302556,0.2005947
8.0200005,0.2271339,0.2070438
8.0300007,0.2332707,0.2062452
8.04,0.231674,0.1973622
8.0500002,0.2325609,0.1901933
8.0600004,0.2380699,0.1973989
8.0700006,0.2318362,0.1964078
8.0799999,0.216794,0.2045264
8.0900002,0.2116797,0.2087425
8.1000004,0.2191037,0.2159402
8.1100006,0.2167649,0.2108704
8.1200008,0.209941,0.2007461
8.1300001,0.2160197,0.2102235
8.1400003,0.2208445,0.2053081
8.1500006,0.22384,0.2013593
8.1600008,0.227883,0.2028943
8.1700001,0.216663,0.2004226
8.1800003,0.2061597,0.1990756
8.1900005,0.203939,0.2131834
8.2000008,0.211467,0.2124576
8.21,0.2154958,0.2111185
8.2200003,0.2094542,0.2093059
8.2300005,0.2155526,0.2135893
8.2400007,0.2074059,0.1978817
8.25,0.2065091,0.2069536
8.2600002,0.2129186,0.2257661
8.2700005,0.2250404,0.2283679
8.2800007,0.2194639,0.2211935
8.29,0.2135752,0.2108047
8.3000002,0.2075216,0.2104349
8.3100004,0.2197339,0.2180789
8.3200006,0.2196365,0.2044579
8.3299999,0.217014,0.1924744
8.3400002,0.2175909,0.1955135
8.3500004,0.2229359,0.2155
8.3600006,0.2363521,0.2137891
8.3700008,0.2188593,0.2113054
8.3800001,0.219102,0.2076956
8.3900003,0.221817,0.2125423
8.4000006,0.2138591,0.2082635
8.4100008,0.21367,0.2106947
8.4200001,0.2227176,0.2081417
8.4300003,0.2173301,0.2058466
8.4400005,0.2176752,0.2092914
8.4500008,0.225827,0.2045021
8.46,0.235618,0.2056172
8.4700003,0.2405011,0.1969388
8.4800005,0.2314853,0.2054216
8.4900007,0.2347571,0.2175274
8.5,0.2224221,0.214125
8.5100002,0.2302192,0.2038217
8.5200005,0.2447514,0.1992764
8.5300007,0.2461168,0.2078372
8.54,0.2412402,0.2122094
8.5500002,0.2323021,0.2035121
8.5600004,0.2401164,0.2048558
8.5700006,0.2355288,0.2156113
8.5800009,0.2440311,0.2119067
8.5900002,0.2438813,0.2112679
8.6000004,0.2365781,0.2105403
8.6100006,0.2328786,0.215522
8.6200008,0.2439267,0.2240225
8.6300001,0.2419392,0.2143591
8.6400003,0.2426315,0.2166185
8.6500006,0.2374542,0.208756
8.6600008,0.2250128,0.2116621
8.6700001,0.2250441,0.2142883
8.6800003,0.2223416,0.2064777
8.6900005,0.2309568,0.2078608
8.7000008,0.2268976,0.2071215
8.71,0.2286804,0.2022744
8.7200003,0.2359132,0.2005186
8.7300005,0.2389071,0.1944774
8.7400007,0.2441242,0.2130731
8.75,0.2310499,0.1921798
8.7600002,0.2299541,0.1974884
8.7700005,0.2425819,0.1854833
8.7800007,0.228228,0.1989353
8.79,0.2442556,0.2011739
8.8000002,0.2423297,0.195188
8.8100004,0.2488997,0.2021207
8.8200006,0.2405324,0.2023102
8.8300009,0.2370683,0.2129647
8.8400002,0.2434077,0.2150665
8.8500004,0.2513465,0.2089427
8.8600006,0.2455761,0.2087788
8.8700008,0.2362952,0.202704
8.8800001,0.2412686,0.1989861
8.8900003,0.2440618,0.2036426
8.9000006,0.2375208,0.2124629
8.9100008,0.2388072,0.2165017
8.9200001,0.2315616,0.2156096
8.9300003,0.2257838,0.2113364
8.9400005,0.2224089,0.2142328
8.9500008,0.2408981,0.2124244
8.96,0.2326863,0.2182652
8.9700003,0.2251097,0.2286979
8.9800005,0.2247698,0.230492
8.9900007,0.2262035,0.2299673
9.0,0.2296686,0.2209138
9.0100002,0.2329988,0.2190991
9.0200005,0.2269208,0.232536
9.0300007,0.2249442,0.230593
9.04,0.2276268,0.2239914
9.0500002,0.2284337,0.2238251
9.0600004,0.2248946,0.2190867
9.0700006,0.2115716,0.2233115
9.0800009,0.2219011,0.2213188
9.0900002,0.2302976,0.2183803
9.1000004,0.2247372,0.2165194
9.1100006,0.2316634,0.2152023
9.1200008,0.222319,0.2254836
9.1300001,0.2304048,0.2223837
9.1400003,0.2347936,0.226847
9.1500006,0.2279797,0.2099565
9.1600008,0.2248082,0.2305944
9.1700001,0.2208621,0.2172505
9.1800003,0.2210804,0.2231562
9.1900005,0.2173295,0.2162715
9.2000008,0.2149526,0.2046837
9.21,0.2270184,0.21202
9.2200003,0.2251063,0.2135175
9.2300005,0.2318874,0.2131147
9.2400007,0.2252538,0.2199406
9.25,0.2184699,0.2071352
9.2600002,0.2159834,0.2081202
9.2700005,0.2195979,0.2130058
9.2800007,0.2178631,0.2088794
9.2900009,0.2325953,0.206441
9.3000002,0.2275584,0.2037927
9.3100004,0.2230475,0.217027
9.3200006,0.2289011,0.2159689
9.3300009,0.2231416,0.2155306
9.3400002,0.2395114,0.205088
9.3500004,0.2263296,0.2152881
9.3600006,0.2227411,0.2172568
9.3700008,0.2318976,0.2239449
9.3800001,0.2301135,0.2226771
9.3900003,0.2336208,0.2131083
9.4000006,0.2267284,0.2186656
9.4100008,0.2357401,0.2208142
9.4200001,0.2259748,0.2165095
9.4300003,0.2306879,0.2229568
9.4400005,0.2260384,0.2212372
9.4500008,0.2255969,0.2090286
9.46,0.2311685,0.2109022
9.4700003,0.2428108,0.2217827
9.4800005,0.2436419,0.2110959
9.4900007,0.2326204,0.2142217
9.5,0.2410404,0.2054065
9.5100002,0.2393487,0.2033941
9.5200005,0.2421059,0.2082468
9.5300007,0.2302548,0.2217811
9.5400009,0.228659,0.2143164
9.5500002,0.236251,0.2129038
9.5600004,0.2313132,0.2162004
9.5700006,0.2268909,0.2307709
9.5800009,0.2290458,0.2203314
9.5900002,0.2252438,0.2007226
9.6000004,0.2190379,0.2092178
9.6100006,0.2279363,0.2206006
9.6200008,0.2163217,0.2163075
9.6300001,0.2150707,0.2192551
9.6400003,0.2270184,0.2287715
9.6500006,0.2234295,0.2244718
9.6600008,0.2223222,0.2114889
9.6700001,0.2277424,0.2123229
9.6800003,0.218093,0.2139175
9.6900005,0.2212165,0.2272527
9.7000008,0.2251835,0.2167204
9.71,0.2312694,0.2206116
9.7200003,0.2238877,0.2192466
9.7300005,0.2225547,0.2146972
9.7400007,0.2089948,0.2183301
9.75,0.2170534,0.2155083
9.7600002,0.2121451,0.2141789
9.7700005,0.2210459,0.2289559
9.7800007,0.2134202,0.2119082
9.7900009,0.2257684,0.2130595
9.8000002,0.2275642,0.2178077
9.8100004,0.2225961,0.2088796
9.8200006,0.2192805,0.2150994
9.8300009,0.2135342,0.2203908
9.8400002,0.2202201,0.2170257
9.8500004,0.2144702,0.2238381
9.8600006,0.215179,0.2265191
9.8700008,0.2136593,0.2093997
9.8800001,0.2145609,0.2119228
9.8900003,0.2132833,0.2098212
9.9000006,0.21569,0.2093655
9.9100008,0.2227901,0.214716
9.9200001,0.2107948,0.2181575
9.9300003,0.2098179,0.2278083
9.9400005,0.2135659,0.2200647
9.9500008,0.2219918,0.2218036
9.96,0.2202054,0.2204211
9.9700003,0.2145596,0.2227374
9.9800005,0.214896,0.2265224
9.9900007,0.2184915,0.2268931
10.0,0.2219959,0.2298846
10.0100002,0.2228367,0.2349725
10.0200005,0.225981,0.2305414
10.0300007,0.2190876,0.2205525
10.0400009,0.2144407,0.2233211
10.0500002,0.2023266,0.2243117
10.0600004,0.2096186,0.2215632
10.0700006,0.2027925,0.2119418
10.0800009,0.1938421,0.2198819
10.0900002,0.1968557,0.2245385
10.1000004,0.2050929,0.2179385
10.1100006,0.2006547,0.2217067
10.1200008,0.2049367,0.228439
10.1300001,0.2015769,0.215369
10.1400003,0.2014013,0.2157309
10.1500006,0.2120054,0.2244832
10.1600008,0.2123852,0.2295951
10.1700001,0.2096409,0.2285745
10.1800003,0.2071927,0.2171947
10.1900005,0.2042049,0.2203677
10.2000008,0.2147356,0.2119732
10.21,0.2016341,0.2257742
10.2200003,0.1954705,0.2058289
10.2300005,0.1964022,0.1848286
10.2400007,0.2025127,0.2003226
10.250001,0.2018493,0.2100596
10.2600002,0.2127589,0.2022581
10.2700005,0.2014769,0.2189249
10.2800007,0.2100101,0.2223997
10.2900009,0.2101238,0.2112518
10.3000002,0.2103002,0.2203255
10.3100004,0.2038753,0.2183316
10.3200006,0.1908684,0.2218563
10.3300009,0.1847536,0.2124244
10.3400002,0.1940556,0.2171178
10.3500004,0.192395,0.206589
10.3600006,0.1980212,0.2170384
10.3700008,0.2056419,0.2126513
10.3800001,0.1988851,0.2108528
10.3900003,0.2107991,0.2122233
10.4000006,0.2177199,0.2182709
10.4100008,0.2068892,0.21679
10.4200001,0.2225401,0.2171306
10.4300003,0.2025336,0.2116539
10.4400005,0.2108301,0.2103671
10.4500008,0.2055204,0.2000048
10.46,0.2178328,0.2068896
10.4700003,0.2149104,0.2062944
10.4800005,0.2234601,0.2083668
10.4900007,0.2143548,0.2069655
10.500001,0.2193284,0.2105158
10.5100002,0.2234051,0.2031669
10.5200005,0.226412,0.2058307
10.5300007,0.2221685,0.2252853
10.5400009,0.2185961,0.2220278
10.5500002,0.2224747,0.2270121
10.5600004,0.2120743,0.2309286
10.5700006,0.2235666,0.218667
10.5800009,0.2230944,0.2128889
10.5900002,0.2215258,0.2090917
10.6000004,0.2225309,0.2074479
10.6100006,0.2259916,0.2137514
10.6200008,0.235277,0.2066133
10.6300001,0.2252271,0.2087393
10.6400003,0.2211769,0.2146237
10.6500006,0.2329867,0.2283598
10.6600008,0.2218889,0.21183
10.6700001,0.2215872,0.2149046
10.6800003,0.2189701,0.2319617
10.6900005,0.2269749,0.2406415
10.7000008,0.2285979,0.2229927
10.71,0.2232788,0.2332713
10.7200003,0.2079267,0.2318964
10.7300005,0.2074128,0.2381013
10.7400007,0.2173,0.2247195
10.750001,0.2183892,0.2242527
10.7600002,0.2144791,0.2314599
10.7700005,0.212355,0.2376136
10.7800007,0.2158075,0.2405496
10.7900009,0.2162655,0.2294319
10.8000002,0.2228186,0.213985
10.8100004,0.2149812,0.2189325
10.8200006,0.2131915,0.2319468
10.8300009,0.2094089,0.2297165
10.8400002,0.2165602,0.2135783
10.8500004,0.2187459,0.2111833
10.8600006,0.2159725,0.2179901
10.8700008,0.2195082,0.2173674
10.8800001,0.2276013,0.2230862
10.8900003,0.2269418,0.2263879
10.9000006,0.2260822,0.2263697
10.9100008,0.2249841,0.2284316
10.9200001,0.2213838,0.2322514
10.9300003,0.2158722,0.2324
10.9400005,0.2253809,0.2346416
10.9500008,0.2237773,0.2349654
10.960001,0.2201653,0.2452606
10.9700003,0.2043539,0.2413871
10.9800005,0.2067645,0.2314188
10.9900007,0.2133465,0.2247395
11.000001,0.2112311,0.2376609
11.0100002,0.2184258,0.23058
11.0200005,0.2273863,0.2376581
11.0300007,0.2271215,0.2386025
11.0400009,0.2234941,0.2353651
11.0500002,0.2066885,0.2451202
11.0600004,0.202629,0.2362464
11.0700006,0.2096667,0.235296
11.0800009,0.204694,0.2340827
11.0900002,0.2064548,0.2264383
11.1000004,0.2072171,0.2287004
11.1100006,0.2078019,0.2342746
11.1200008,0.2123884,0.2359328
11.1300001,0.2087281,0.2373945
11.1400003,0.2077232,0.22453
11.1500006,0.213036,0.2327484
11.1600008,0.2090577,0.2291786
11.1700001,0.2081885,0.2217867
11.1800003,0.1988899,0.2203998
11.1900005,0.2089835,0.2216498
11.2000008,0.2053853,0.2159075
11.210001,0.205349,0.2238179
11.2200003,0.211716,0.2168821
11.2300005,0.2126256,0.218307
11.2400007,0.2061055,0.2270386
11.250001,0.1945799,0.2270621
11.2600002,0.2094556,0.2335616
11.2700005,0.2089034,0.2388077
11.2800007,0.202889,0.2404714
11.2900009,0.2101886,0.2249365
11.3000002,0.2050936,0.2189507
11.3100004,0.2076078,0.2319346
11.3200006,0.2067008,0.2282296
11.3300009,0.2021969,0.2321064
11.3400002,0.2097122,0.2348088
11.3500004,0.206565,0.2264248
11.3600006,0.2077683,0.2306941
11.3700008,0.2021714,0.239843
11.3800001,0.197611,0.250697
11.3900003,0.2086876,0.2383348
11.4000006,0.2116337,0.2339167
11.4100008,0.2073012,0.2333727
11.4200001,0.2055976,0.2304701
11.4300003,0.2096712,0.2408285
11.4400005,0.2077862,0.2512714
11.4500008,0.2064546,0.2536492
11.460001,0.2110954,0.2457816
11.4700003,0.2176632,0.2493134
11.4800005,0.2126071,0.2578981
11.4900007,0.1992578,0.2462799
11.500001,0.2059094,0.230933
11.5100002,0.1935951,0.2389654
11.5200005,0.18988,0.2411912
11.5300007,0.1945581,0.2418678
11.5400009,0.2018191,0.2478656
11.5500002,0.2054425,0.2335269
11.5600004,0.2100842,0.2267641
11.5700006,0.1978426,0.2265719
11.5800009,0.1968924,0.2251767
11.5900002,0.2025457,0.2271414
11.6000004,0.1914317,0.2278976
11.6100006,0.1980143,0.2268171
11.6200008,0.2036138,0.2354638
11.6300001,0.2021244,0.247716
11.6400003,0.2051575,0.2419581
11.6500006,0.2060192,0.2387151
11.6600008,0.2136544,0.2355532
11.670001,0.2030183,0.2237044
11.6800003,0.2010101,0.2228629
11.6900005,0.1994896,0.2352379
11.7000008,0.1988603,0.2467079
11.710001,0.1928513,0.2515946
11.7200003,0.2030497,0.2428913
11.7300005,0.1925475,0.2296249
11.7400007,0.1963284,0.2389646
11.750001,0.2117524,0.2403588
11.7600002,0.2037994,0.2279038
11.7700005,0.2096935,0.2325437
11.7800007,0.20781,0.2331444
11.7900009,0.2072713,0.2291777
11.8000002,0.2032618,0.2205784
11.8100004,0.2003863,0.2156651
11.8200006,0.2107982,0.2190828
11.8300009,0.2040711,0.2306234
11.8400002,0.2019087,0.2307746
11.8500004,0.2065235,0.232331
11.8600006,0.2136827,0.2242049
11.8700008,0.215099,0.228286
11.8800001,0.2091283,0.2186399
11.8900003,0.207677,0.2103941
11.9000006,0.2070865,0.2191252
11.9100008,0.2160744,0.2345006
11.920001,0.2173504,0.2385874
11.9300003,0.2272388,0.2430384
11.9400005,0.2240935,0.2453968
11.9500008,0.225299,0.2392567
11.960001,0.2174768,0.2355816
11.9700003,0.2224805,0.235709
11.9800005,0.2129723,0.2560015
11.9900007,0.2176202,0.2499043
12.000001,0.2306413,0.2420823
12.0100002,0.2159708,0.2397878
12.0200005,0.205989,0.2280159
12.0300007,0.2058746,0.2333732
12.0400009,0.2047382,0.2462147
12.0500002,0.1946013,0.2454627
12.0600004,0.206388,0.225427
12.0700006,0.2088823,0.2252833
12.0800009,0.2118565,0.2281647
12.0900002,0.2039694,0.2278904
12.1000004,0.2114453,0.2187071
12.1100006,0.2156998,0.2167029
12.1200008,0.2121249,0.2187897
12.1300001,0.2046985,0.2133306
12.1400003,0.2178277,0.217272
12.1500006,0.2158269,0.2233241
12.1600008,0.2227397,0.2293354
12.170001,0.2253661,0.2140096
12.1800003,0.2197099,0.2097517
12.1900005,0.2101129,0.2189361
12.2000008,0.2118919,0.2142158
12.210001,0.2142707,0.2208377
12.2200003,0.2142271,0.2277496
12.2300005,0.2101673,0.2256562
12.2400007,0.2074423,0.2118821
12.250001,0.2066892,0.2178821
12.2600002,0.2069842,0.2122775
12.2700005,0.2180828,0.2136988
12.2800007,0.2168856,0.2315492
12.2900009,0.2151081,0.2260934
12.3000002,0.2138358,0.2353958
12.3100004,0.2146961,0.2436866
12.3200006,0.2159092,0.2352264
12.3300009,0.2070824,0.2426872
12.3400002,0.2145628,0.2257532
12.3500004,0.2120131,0.2258412
12.3600006,0.2185195,0.2195587
12.3700008,0.2124013,0.2328772
12.3800001,0.2155758,0.2255795
12.3900003,0.2119825,0.2364957
12.4000006,0.2049832,0.2289455
12.4100008,0.2019865,0.2317781
12.420001,0.1952167,0.2556276
12.4300003,0.1990617,0.2360403
12.4400005,0.2029855,0.2395388
12.4500008,0.2011324,0.2343562
12.460001,0.2037677,0.2320163
12.4700003,0.2196608,0.2459925
12.4800005,0.2184951,0.2338696
12.4900007,0.2181318,0.2331566
12.500001,0.2173061,0.2334332
12.5100002,0.222319,0.2262459
12.5200005,0.2226819,0.2204612
12.5300007,0.2292354,0.2295631
12.5400009,0.2350919,0.2356093
12.5500002,0.2151079,0.2292812
12.5600004,0.214004,0.2356782
12.5700006,0.2148711,0.2259363
12.5800009,0.2228303,0.2388225
12.5900002,0.2315629,0.2340097
12.6000004,0.2223734,0.2214997
12.6100006,0.2135991,0.2163767
12.6200008,0.2184874,0.2307401
12.6300011,0.2201737,0.2400796
12.6400003,0.2216741,0.2318962
12.6500006,0.2248342,0.2354369
12.6600008,0.2182127,0.2376143
12.670001,0.219684,0.2446243
12.6800003,0.2137874,0.2596177
12.6900005,0.2162522,0.2393007
12.7000008,0.222035,0.2510791
12.710001,0.2199525,0.2340071
12.7200003,0.2238067,0.228755
12.7300005,0.2247337,0.2312915
12.7400007,0.2081699,0.219656
12.750001,0.2269291,0.2221759
12.7600002,0.2230948,0.2301467
12.7700005,0.2118618,0.2294873
12.7800007,0.2082747,0.2427677
12.7900009,0.2154974,0.238356
12.8000002,0.2196717,0.2468227
12.8100004,0.2290001,0.2485064
12.8200006,0.2201734,0.2466075
12.8300009,0.2352215,0.2440151
12.8400002,0.2228966,0.2365836
12.8500004,0.2334393,0.2307247
12.8600006,0.243665,0.2335552
12.8700008,0.2311881,0.2418417
12.8800011,0.2342672,0.2345036
12.8900003,0.232588,0.2565511
12.9000006,0.2254735,0.2445453
12.9100008,0.2372895,0.2555293
12.920001,0.2205006,0.2546768
12.9300003,0.2279025,0.256802
12.9400005,0.2250074,0.2475223
12.9500008,0.212017,0.2584954
12.960001,0.2196013,0.246706
12.9700003,0.2164833,0.2481039
12.9800005,0.219534,0.2426172
12.9900007,0.2244924,0.2464519
13.000001,0.2220613,0.2487863
13.0100002,0.2198549,0.2515831
13.0200005,0.2085838,0.2482403
13.0300007,0.2013841,0.2409123
13.0400009,0.2104729,0.2457385
13.0500002,0.2233444,0.2506536
13.0600004,0.2183986,0.2325414
13.0700006,0.2329798,0.2322399
13.0800009,0.2339052,0.2397265
13.0900002,0.2219303,0.2332579
13.1000004,0.2241091,0.2387659
13.1100006,0.23002,0.239815
13.1200008,0.2247672,0.2441905
13.1300011,0.2282195,0.2473771
13.1400003,0.2209641,0.2495781
13.1500006,0.2321587,0.2399451
13.1600008,0.2246946,0.2487008
13.170001,0.2325128,0.2465412
13.1800003,0.2234599,0.2556027
13.1900005,0.2244113,0.2637508
13.2000008,0.236618,0.2571428
13.210001,0.2351182,0.2645927
13.2200003,0.2211736,0.256998
13.2300005,0.2181776,0.249271
13.2400007,0.2282756,0.2447905
13.250001,0.2286242,0.2523839
13.2600002,0.2234177,0.2611829
13.2700005,0.2206293,0.256703
13.2800007,0.2284541,0.2652667
13.2900009,0.2333738,0.2695474
13.3000002,0.2286928,0.2583376
13.3100004,0.2228877,0.2572725
13.3200006,0.2201095,0.2421708
13.3300009,0.2061325,0.247355
13.3400011,0.2140212,0.263764
13.3500004,0.2291976,0.2576038
13.3600006,0.2220033,0.2618911
13.3700008,0.2272768,0.2660601
13.3800011,0.2127813,0.2659506
13.3900003,0.1980725,0.2645913
13.4000006,0.2127676,0.2623934
13.4100008,0.2073506,0.2701161
13.420001,0.2027061,0.2507721
13.4300003,0.2061327,0.2515992
13.4400005,0.2167943,0.2509733
13.4500008,0.2159124,0.2571387
13.460001,0.2086645,0.2449173
13.4700003,0.2114928,0.24979
13.4800005,0.2080756,0.253996
13.4900007,0.2099918,0.2367173
13.500001,0.2161008,0.2404708
13.5100002,0.2105693,0.241929
13.5200005,0.2214745,0.2480169
13.5300007,0.2113955,0.2451874
13.5400009,0.2083995,0.2561464
13.5500002,0.2060068,0.2480513
13.5600004,0.2100941,0.2601613
13.5700006,0.2108652,0.2586829
13.5800009,0.2127007,0.2560997
13.5900011,0.2155623,0.2592444
13.6000004,0.2132927,0.2512524
13.6100006,0.2239845,0.2552686
13.6200008,0.2233644,0.2650679
13.6300011,0.2230206,0.2509193
13.6400003,0.2224734,0.2502012
13.6500006,0.2094738,0.2560466
13.6600008,0.2161438,0.2531849
13.670001,0.2116761,0.2593285
13.6800003,0.2109016,0.2697772
13.6900005,0.2019734,0.2600308
13.7000008,0.2011766,0.2699467
13.710001,0.2055997,0.2644999
13.7200003,0.2105944,0.2536667
13.7300005,0.2075597,0.242245
13.7400007,0.217871,0.254273
13.750001,0.2147289,0.2529606
13.7600002,0.2223464,0.2537438
13.7700005,0.2208622,0.2488785
13.7800007,0.210787,0.247652
13.7900009,0.210681,0.2476935
13.8000002,0.2005274,0.2460941
13.8100004,0.1909974,0.2443886
13.8200006,0.1887243,0.2483609
13.8300009,0.1911462,0.2537574
13.8400011,0.1920158,0.2536435
13.8500004,0.2083674,0.2511017
13.8600006,0.2118772,0.2453213
13.8700008,0.207169,0.2455842
13.8800011,0.2078356,0.2492758
13.8900003,0.2081566,0.2531188
13.9000006,0.2026149,0.2539015
13.9100008,0.207669,0.2304243
13.920001,0.2165824,0.2363159
13.9300003,0.223909,0.2202754
13.9400005,0.2267176,0.2393235
13.9500008,0.2214283,0.2271535
13.960001,0.2255139,0.2230497
13.9700003,0.2256845,0.2359741
13.9800005,0.2185196,0.2308911
13.9900007,0.222823,0.236967
14.000001,0.2197423,0.2456968
14.0100002,0.2175836,0.2343087
14.0200005,0.2152758,0.2472278
14.0300007,0.2140996,0.2359702
14.0400009,0.2127029,0.2563915
14.0500002,0.2061865,0.2516249
14.0600004,0.2227851,0.2586173
14.0700006,0.2010491,0.2644476
14.0800009,0.2047356,0.2717639
14.0900011,0.2087251,0.2671976
14.1000004,0.215518,0.2725432
14.1100006,0.2140717,0.2599978
14.1200008,0.2288989,0.2471221
14.1300011,0.225577,0.2552239
14.1400003,0.2252276,0.250302
14.1500006,0.2189643,0.2529963
14.1600008,0.225196,0.2410524
14.170001,0.2156228,0.2388852
14.1800003,0.2206734,0.2380147
14.1900005,0.2153188,0.257264
14.2000008,0.2171965,0.2497287
14.210001,0.2285979,0.2526107
14.2200003,0.2115469,0.2485415
14.2300005,0.203227,0.2549402
14.2400007,0.2092041,0.2559931
14.250001,0.2113631,0.2450727
14.2600002,0.2138318,0.2531331
14.2700005,0.2103691,0.2445456
14.2800007,0.2086603,0.2526882
14.2900009,0.2156086,0.2522809
14.3000011,0.2236921,0.2579613
14.3100004,0.2047005,0.2636091
14.3200006,0.20498,0.2586714
14.3300009,0.2033419,0.257268
14.3400011,0.2055601,0.2432683
14.3500004,0.1953966,0.2510266
14.3600006,0.1956613,0.2486151
14.3700008,0.1932451,0.2446215
14.3800011,0.1945566,0.2618934
14.3900003,0.2019544,0.2444737
14.4000006,0.2101582,0.2517118
14.4100008,0.2217122,0.2539479
14.420001,0.2107426,0.2505418
14.4300003,0.2199906,0.2553931
14.4400005,0.2223576,0.2704793
14.4500008,0.2201264,0.2589646
14.460001,0.2283602,0.2646329
14.4700003,0.2170544,0.2543965
14.4800005,0.2165261,0.2637662
14.4900007,0.2064823,0.2570246
14.500001,0.2136953,0.2556103
14.5100002,0.2081332,0.2566118
14.5200005,0.2042845,0.2533847
14.5300007,0.2029212,0.2534136
14.5400009,0.2054061,0.2598764
14.5500011,0.1982789,0.2759128
14.5600004,0.1967027,0.2601955
14.5700006,0.1951249,0.2761138
14.5800009,0.194658,0.263367
14.5900011,0.2037347,0.2594316
14.6000004,0.2069258,0.2591267
14.6100006,0.1992611,0.2601929
14.6200008,0.2070104,0.2559883
14.6300011,0.2046027,0.2667556
14.6400003,0.1966621,0.2569532
14.6500006,0.2044773,0.2673183
14.6600008,0.2058119,0.2520613
14.670001,0.2071123,0.2456445
14.6800003,0.2067176,0.2453507
14.6900005,0.1975726,0.2439925
14.7000008,0.1943235,0.2473589
14.710001,0.2019921,0.2596353
14.7200003,0.191726,0.250422
14.7300005,0.1910692,0.2457902
14.7400007,0.1892395,0.2492171
14.750001,0.1989288,0.2597366
14.7600002,0.190553,0.2552129
14.7700005,0.1945248,0.2641972
14.7800007,0.1974994,0.25445
14.7900009,0.1978832,0.2573886
14.8000011,0.2007282,0.2607081
14.8100004,0.1955554,0.2545278
14.8200006,0.198973,0.2512547
14.8300009,0.2006733,0.2629007
14.8400011,0.2044894,0.2689199
14.8500004,0.2031063,0.2595531
14.8600006,0.1974742,0.2591882
14.8700008,0.2049627,0.2560114
14.8800011,0.1979714,0.2610722
14.8900003,0.199211,0.2550105
14.9000006,0.1951437,0.2576359
14.9100008,0.1992113,0.2495221
14.920001,0.2093659,0.2503939
14.9300003,0.2052909,0.2442571
14.9400005,0.2063987,0.241542
14.9500008,0.2160758,0.2502165
14.960001,0.2162622,0.2453992
14.9700003,0.2122907,0.2471398
14.9800005,0.2128773,0.2538651
14.9900007,0.2169472,0.2541596
15.000001,0.2060452,0.2458904
15.0100012,0.2000903,0.2396283
15.0200005,0.202499,0.2487424
15.0300007,0.2022176,0.2573272
15.0400009,0.2057774,0.2572888
15.0500011,0.2059767,0.2582447
15.0600004,0.2049841,0.2554737
15.0700006,0.205177,0.2640029
15.0800009,0.2076843,0.2548634
15.0900011,0.206838,0.252228
15.1000004,0.2052503,0.2475556
15.1100006,0.2052692,0.2514154
15.1200008,0.2029289,0.2539474
15.1300011,0.1996036,0.2547255
15.1400003,0.2001993,0.2620857
15.1500006,0.2068365,0.2490717
15.1600008,0.2284809,0.2483478
15.170001,0.218285,0.2481685
15.1800003,0.2164349,0.2437387
15.1900005,0.2176858,0.2363719
15.2000008,0.2128764,0.2341588
15.210001,0.2086466,0.2456382
15.2200003,0.2162434,0.243126
15.2300005,0.2134575,0.2450401
15.2400007,0.202862,0.2422711
15.250001,0.2125338,0.2610018
15.2600012,0.2064486,0.2350043
15.2700005,0.2031439,0.2344039
15.2800007,0.21125,0.2153606
15.2900009,0.213851,0.2255084
15.3000011,0.210331,0.2159797
15.3100004,0.2108217,0.2189247
15.3200006,0.2166243,0.2209684
15.3300009,0.2094718,0.2339305
15.3400011,0.2135932,0.2504861
15.3500004,0.2112759,0.2418206
15.3600006,0.213881,0.2315105
15.3700008,0.2043163,0.2430879
15.3800011,0.2109819,0.2298902
15.3900003,0.214926,0.2301071
15.4000006,0.2056315,0.2443674
15.4100008,0.209656,0.235056
15.420001,0.2089524,0.2365972
15.4300003,0.2103678,0.2398733
15.4400005,0.2162855,0.2435477
15.4500008,0.2108476,0.2460395
15.460001,0.2039342,0.2448377
15.4700003,0.2181108,0.2591262
15.4800005,0.2274097,0.2359627
15.4900007,0.2177054,0.2404767
15.500001,0.2185059,0.2301644
15.5100012,0.2216199,0.2202842
15.5200005,0.2179345,0.2395456
15.5300007,0.2144167,0.2497931
15.5400009,0.213492,0.2480599
15.5500011,0.2182892,0.2510659
15.5600004,0.2202835,0.258409
15.5700006,0.2155922,0.248998
15.5800009,0.213916,0.2452384
15.5900011,0.2168949,0.2413766
15.6000004,0.2225457,0.2323565
15.6100006,0.2286943,0.2220656
15.6200008,0.2268529,0.235732
15.6300011,0.2186345,0.2357546
15.6400003,0.2240439,0.2375648
15.6500006,0.2128272,0.2423894
15.6600008,0.2214425,0.2432901
15.670001,0.2258749,0.2443341
15.6800003,0.2253329,0.2579618
15.6900005,0.2298349,0.2536381
15.7000008,0.2359608,0.2458079
15.710001,0.2267449,0.2378701
15.7200012,0.2274408,0.2459697
15.7300005,0.2249499,0.2511032
15.7400007,0.2276213,0.2563667
15.750001,0.2215165,0.266834
15.7600012,0.2336315,0.2388516
15.7700005,0.2354103,0.2494187
15.7800007,0.2416888,0.2655692
15.7900009,0.2331149,0.2553987
15.8000011,0.2339604,0.249131
15.8100004,0.2305782,0.2335856
15.8200006,0.2247018,0.2486725
15.8300009,0.2309388,0.2505739
15.8400011,0.2300341,0.2470462
15.8500004,0.2320916,0.2506007
15.8600006,0.2369203,0.2532552
15.8700008,0.2237363,0.2512591
15.8800011,0.2250555,0.2393718
15.8900003,0.2250513,0.2502834
15.9000006,0.2360593,0.2411941
15.9100008,0.2291868,0.246567
15.920001,0.2324587,0.2507849
15.9300003,0.2223099,0.2658072
15.9400005,0.2220018,0.2643735
15.9500008,0.2263644,0.257255
15.960001,0.2290128,0.2585751
15.9700012,0.2223593,0.2624612
15.9800005,0.2195789,0.2498077
15.9900007,0.2211724,0.264624
16.0,0.2223489,0.2571305
16.0100002,0.2142573,0.2552646
16.0200005,0.2256508,0.2544585
16.0300007,0.2302155,0.2497897
16.0400009,0.2269342,0.2481023
16.0500011,0.2288055,0.2605779
16.0600014,0.2333718,0.2491979
16.0700016,0.2256635,0.2474089
16.0799999,0.2220322,0.2407465
16.0900002,0.228669,0.2574942
16.1000004,0.2287719,0.2533171
16.1100006,0.2284738,0.2584557
16.1200008,0.2358918,0.2457846
16.1300011,0.2270705,0.2452962
16.1400013,0.2329838,0.2488493
16.1500015,0.2375201,0.2576315
16.1599998,0.2360985,0.2502984
16.1700001,0.2318031,0.2446425
16.1800003,0.2328188,0.24529
16.1900005,0.225316,0.2480799
16.2000008,0.227485,0.2484716
16.210001,0.2190781,0.2595924
16.2200012,0.2345243,0.2586632
16.2300014,0.2463687,0.2650023
16.2400017,0.2409647,0.2858569
16.25,0.2476871,0.2844724
16.2600002,0.2315508,0.2645809
16.2700005,0.2395718,0.2747882
16.2800007,0.2388711,0.2653844
16.2900009,0.2363307,0.2611058
16.3000011,0.2333171,0.2701243
16.3100014,0.2289035,0.2656105
16.3200016,0.2348732,0.2664169
16.3299999,0.2410276,0.2599708
16.3400002,0.2343666,0.2651665
16.3500004,0.2405311,0.2634356
16.3600006,0.2582142,0.2524427
16.3700008,0.2473111,0.2566271
16.3800011,0.2526319,0.2538786
16.3900013,0.2304253,0.2512967
16.4000015,0.2290921,0.2550665
16.4099998,0.237316,0.255591
16.4200001,0.2405933,0.2491536
16.4300003,0.2394139,0.2577903
16.4400005,0.2491215,0.2562693
16.4500008,0.2436392,0.2554925
16.460001,0.2416227,0.2510174
16.4700012,0.2347248,0.2447636
16.4800014,0.2180638,0.2509051
16.4900017,0.2179899,0.2620628
16.5,0.2212815,0.2629959
16.5100002,0.2232969,0.2521024
16.5200005,0.2143209,0.2512641
16.5300007,0.2232708,0.2389127
16.5400009,0.2248876,0.2521415
16.5500011,0.2328177,0.240497
16.5600014,0.236654,0.2547079
16.5700016,0.2443209,0.2552114
16.5799999,0.2322814,0.2478843
16.5900002,0.2292913,0.2436998
16.6000004,0.2337831,0.2507989
16.6100006,0.2404628,0.242445
16.6200008,0.2423946,0.2462048
16.6300011,0.2510867,0.2354717
16.6400013,0.2546687,0.2393987
16.6500015,0.243841,0.2405414
16.6599998,0.2422221,0.2350336
16.6700001,0.2417374,0.2410772
16.6800003,0.2514484,0.232815
16.6900005,0.248759,0.2388013
16.7000008,0.2388652,0.2482312
16.710001,0.2404982,0.2504936
16.7200012,0.2267648,0.2574247
16.7300014,0.232341,0.2563085
16.7400017,0.2226909,0.266759
16.75,0.2474096,0.2550952
16.7600002,0.239873,0.2523232
16.7700005,0.2418488,0.2506911
16.7800007,0.2576184,0.2693337
16.7900009,0.2564742,0.2567407
16.8000011,0.2518938,0.2547874
16.8100014,0.2507758,0.2597966
16.8200016,0.254782,0.254973
16.8299999,0.2446093,0.26154
16.8400002,0.2517409,0.2660629
16.8500004,0.2491139,0.2477602
16.8600006,0.2561555,0.2557645
16.8700008,0.2525342,0.2512163
16.8800011,0.2623567,0.2699748
16.8900013,0.258102,0.259772
16.9000015,0.2494397,0.2677863
16.9100018,0.256896,0.2515814
16.9200001,0.2487611,0.2652461
16.9300003,0.2535767,0.2567716
16.9400005,0.2508378,0.2627411
16.9500008,0.2530954,0.2654671
16.960001,0.2576151,0.2731915
16.9700012,0.2607164,0.2615605
16.9800014,0.264862,0.2573914
16.9900017,0.2734279,0.2593482
17.0,0.2674677,0.2633502
17.0100002,0.2753049,0.2424186
17.0200005,0.2669628,0.2417863
17.0300007,0.2589379,0.257837
17.0400009,0.2553391,0.2673651
17.0500011,0.2617897,0.264863
17.0600014,0.2505249,0.2547582
17.0700016,0.2519279,0.2534105
17.0799999,0.2610238,0.2495498
17.0900002,0.2547533,0.2452787
17.1000004,0.2605831,0.2481297
17.1100006,0.2630224,0.2544164
17.1200008,0.2626946,0.2557997
17.1300011,0.2665466,0.2545301
17.1400013,0.259408,0.2642157
17.1500015,0.2514627,0.2722946
17.1600018,0.2548029,0.2569697
17.1700001,0.254417,0.2776383
17.1800003,0.2537798,0.256367
17.1900005,0.2484183,0.2513565
17.2000008,0.2366788,0.2801026
17.210001,0.240449,0.2657143
17.2200012,0.2460652,0.2669775
17.2300014,0.2433677,0.2647389
17.2400017,0.2537211,0.2707288
17.25,0.2471804,0.2704578
17.2600002,0.2430179,0.2654596
17.2700005,0.2459726,0.2747507
17.2800007,0.2405625,0.2838934
17.2900009,0.2421296,0.2621906
17.3000011,0.2445754,0.2713369
17.3100014,0.2316631,0.2554278
17.3200016,0.2333336,0.2655288
17.3299999,0.2447035,0.272321
17.3400002,0.2436987,0.2501701
17.3500004,0.234397,0.2579999
17.3600006,0.2409376,0.2601222
17.3700008,0.2418232,0.2599802
17.3800011,0.2437346,0.2668123
17.3900013,0.2374156,0.2526561
17.4000015,0.2431366,0.2513445
17.4100018,0.2438641,0.2652546
17.4200001,0.2409151,0.2643527
17.4300003,0.2365445,0.2532278
17.4400005,0.228116,0.2637341
17.4500008,0.2311451,0.2516489
17.460001,0.2249127,0.2532048
17.4700012,0.2331336,0.2494317
17.4800014,0.2396521,0.2390907
17.4900017,0.2400989,0.256161
17.5,0.2350664,0.2351715
17.5100002,0.2332931,0.2308666
17.5200005,0.2421766,0.2356374
17.5300007,0.2413617,0.2443899
17.5400009,0.2227723,0.2355463
17.5500011,0.2159459,0.2350247
17.5600014,0.2262415,0.2327704
17.5700016,0.2208784,0.2488741
17.5799999,0.2140765,0.2400359
17.5900002,0.2093403,0.235753
17.6000004,0.202123,0.2511477
17.6100006,0.207864,0.2397981
17.6200008,0.2116593,0.2384223
17.6300011,0.205657,0.2399585
17.6400013,0.2054889,0.2494159
17.6500015,0.2135277,0.2434404
17.6600018,0.2097267,0.2510232
17.6700001,0.2162305,0.2508075
17.6800003,0.2074979,0.2457968
17.6900005,0.2222195,0.2474351
17.7000008,0.227976,0.2370792
17.710001,0.2239454,0.2406583
17.7200012,0.2213142,0.2438024
17.7300014,0.2173491,0.2499293
17.7400017,0.2143481,0.2512658
17.75,0.2157509,0.2369209
17.7600002,0.2214607,0.2495073
17.7700005,0.2173068,0.2585276
17.7800007,0.2331165,0.2427772
17.7900009,0.2240703,0.2558695
17.8000011,0.2259731,0.2453082
17.8100014,0.2287289,0.2415372
17.8200016,0.2351038,0.2332731
17.8299999,0.2225653,0.2408098
17.8400002,0.2102739,0.2388771
17.8500004,0.2287026,0.2422871
17.8600006,0.2254634,0.2371747
17.8700008,0.225268,0.2307186
17.8800011,0.2169488,0.2449152
17.8900013,0.2130011,0.2466548
17.9000015,0.2104968,0.2463275
17.9100018,0.214183,0.2418046
17.9200001,0.2164185,0.2543384
17.9300003,0.2181734,0.2484285
17.9400005,0.2208517,0.2427208
17.9500008,0.2187612,0.2470236
17.960001,0.228311,0.2333596
17.9700012,0.230868,0.2392057
17.9800014,0.222151,0.2326217
17.9900017,0.2258594,0.2416415
18.0,0.2359811,0.2322615
18.0100002,0.2335757,0.2333306
18.0200005,0.2378925,0.2382025
18.0300007,0.239779,0.2281851
18.0400009,0.2425865,0.2360843
18.0500011,0.2457929,0.231172
18.0600014,0.243802,0.2404812
18.0700016,0.2303167,0.2460828
18.0799999,0.2298197,0.2433172
18.0900002,0.2407829,0.240835
18.1000004,0.2352322,0.2511616
18.1100006,0.2404475,0.2452559
18.1200008,0.2407121,0.2323159
18.1300011,0.231137,0.2306067
18.1400013,0.2269915,0.2306853
18.1500015,0.2299952,0.2337721
18.1600018,0.2217113,0.2451825
18.1700001,0.2256339,0.2440078
18.1800003,0.2283524,0.2282481
18.1900005,0.2318802,0.2319586
18.2000008,0.2319526,0.2348373
18.210001,0.2330486,0.2440073
18.2200012,0.2596954,0.2279642
18.2300014,0.2462037,0.2332235
18.2400017,0.2428882,0.241151
18.25,0.2298237,0.2360405
18.2600002,0.2366028,0.2385909
18.2700005,0.2209198,0.2416432
18.2800007,0.2275819,0.2403652
18.2900009,0.2289267,0.2367666
18.3000011,0.2368166,0.2384108
18.3100014,0.231862,0.2373231
18.3200016,0.2235781,0.2419372
18.3299999,0.2108331,0.2333076
18.3400002,0.2196006,0.2378421
18.3500004,0.2289646,0.2349166
18.3600006,0.2093596,0.2378747
18.3700008,0.2160862,0.2422977
18.3800011,0.2097305,0.2393665
18.3900013,0.2229312,0.2377777
18.4000015,0.2290907,0.2374093
18.4100018,0.2248342,0.2490681
18.4200001,0.2237494,0.2306423
18.4300003,0.224365,0.2318662
18.4400005,0.2258398,0.2355655
18.4500008,0.2255332,0.2324734
18.460001,0.2243912,0.2338511
18.4700012,0.2346542,0.2443866
18.4800014,0.2279714,0.2355791
18.4900017,0.2186607,0.2281989
18.5,0.21721,0.2407906
18.5100002,0.2211258,0.2456896
18.5200005,0.2279877,0.230689
18.5300007,0.2402239,0.2359993
18.5400009,0.2371932,0.2345782
18.5500011,0.2460244,0.2338332
18.5600014,0.2404428,0.2411393
18.5700016,0.2396127,0.2411446
18.5800018,0.2377905,0.2444877
18.5900002,0.2359378,0.2534929
18.6000004,0.2304276,0.246796
18.6100006,0.2216038,0.2432052
18.6200008,0.2200172,0.2286001
18.6300011,0.218054,0.2310463
18.6400013,0.2245004,0.2346902
18.6500015,0.2249395,0.2288526
18.6600018,0.2235689,0.2269094
18.6700001,0.227541,0.2326363
18.6800003,0.2194271,0.2392278
18.6900005,0.2188426,0.2468634
18.7000008,0.221108,0.2350437
18.710001,0.2196571,0.2336071
18.7200012,0.2327621,0.2431403
18.7300014,0.2358508,0.2456654
18.7400017,0.2242178,0.2341443
18.75,0.2194791,0.2504502
18.7600002,0.2238023,0.2458196
18.7700005,0.237041,0.2543079
18.7800007,0.2323767,0.2460743
18.7900009,0.2360565,0.2463955
18.8000011,0.2283628,0.2464437
18.8100014,0.2382679,0.2400403
18.8200016,0.2329744,0.2345603
18.8300018,0.2331342,0.2345212
18.8400002,0.2430552,0.2368974
18.8500004,0.2402582,0.2352313
18.8600006,0.235476,0.2307092
18.8700008,0.2346945,0.2291908
18.8800011,0.2380538,0.2212559
18.8900013,0.2464614,0.2244818
18.9000015,0.2412357,0.2192414
18.9100018,0.2322548,0.23123
18.9200001,0.2233997,0.2318188
18.9300003,0.2390984,0.2301653
18.9400005,0.2362447,0.237631
18.9500008,0.236242,0.2326582
18.960001,0.2333006,0.2453946
18.9700012,0.2390914,0.2386245
18.9800014,0.2294325,0.2384387
18.9900017,0.2385464,0.2270995
19.0,0.2468392,0.235701
19.0100002,0.2394999,0.2405433
19.0200005,0.2441414,0.2328919
19.0300007,0.244261,0.232249
19.0400009,0.2512559,0.2235282
19.0500011,0.2500027,0.2265078
19.0600014,0.2534569,0.2372004
19.0700016,0.2521524,0.2391158
19.0800018,0.2455435,0.2293375
19.0900002,0.2536791,0.2405633
19.1000004,0.2447738,0.2308387
19.1100006,0.2372307,0.2405825
19.1200008,0.2330355,0.2372977
19.1300011,0.2576444,0.2395028
19.1400013,0.2502829,0.2272849
19.1500015,0.2459429,0.2270831
19.1600018,0.2424274,0.2343382
19.1700001,0.2535964,0.2316879
19.1800003,0.2341037,0.2278577
19.1900005,0.2313706,0.2369549
19.2000008,0.2312595,0.2392195
19.210001,0.2354631,0.2302067
19.2200012,0.2474537,0.21977
19.2300014,0.2408623,0.2226402
19.2400017,0.2377473,0.2280442
19.25,0.2319467,0.2362282
19.2600002,0.2194683,0.2410228
19.2700005,0.2407315,0.2392367
19.2800007,0.237761,0.2397266
19.2900009,0.2395485,0.2491558
19.3000011,0.2321649,0.2489559
19.3100014,0.241049,0.2252119
19.3200016,0.2475173,0.2292662
19.3300018,0.2461617,0.2396693
19.3400002,0.2470636,0.2432816
19.3500004,0.2463552,0.2500575
19.3600006,0.2270027,0.2395027
19.3700008,0.2323462,0.2419346
19.3800011,0.2301759,0.2396906
19.3900013,0.2404702,0.2459617
19.4000015,0.2277925,0.2412596
19.4100018,0.2415615,0.2405739
19.4200001,0.2488518,0.2394805
19.4300003,0.2346987,0.232308
19.4400005,0.235321,0.2365894
19.4500008,0.2372667,0.2432071
19.460001,0.237524,0.2312453
19.4700012,0.2424676,0.2265976
19.4800014,0.2486335,0.2312749
19.4900017,0.241225,0.2353025
19.5,0.2367377,0.2320771
19.5100002,0.2312214,0.2340913
19.5200005,0.2363636,0.2316265
19.5300007,0.2328997,0.2374442
19.5400009,0.2393303,0.2339338
19.5500011,0.2388951,0.237949
19.5600014,0.243732,0.2395295
19.5700016,0.2536448,0.2390624
19.5800018,0.2554117,0.2374786
19.5900002,0.2624117,0.2419459
19.6000004,0.2463713,0.2467811
19.6100006,0.2527637,0.2360994
19.6200008,0.2446579,0.2366275
19.6300011,0.2329363,0.2415787
19.6400013,0.2280812,0.2420874
19.6500015,0.2361754,0.255592
19.6600018,0.2251091,0.2476221
19.6700001,0.2333141,0.2334332
19.6800003,0.2247874,0.2365369
19.6900005,0.2277205,0.2454145
19.7000008,0.2327767,0.2499028
19.710001,0.2403551,0.2355368
19.7200012,0.2314662,0.2333713
19.7300014,0.2304054,0.2282723
19.7400017,0.229309,0.2377273
19.75,0.2332522,0.2399214
19.7600002,0.235582,0.2371421
19.7700005,0.2388143,0.2366636
19.7800007,0.2336074,0.2442902
19.7900009,0.2301852,0.2336469
19.8000011,0.2223543,0.2256871
19.8100014,0.2335722,0.2293395
19.8200016,0.2302709,0.2313
19.8300018,0.2347308,0.2246574
19.8400002,0.2318834,0.2322876
19.8500004,0.2300213,0.2383418
19.8600006,0.2401585,0.2334161
19.8700008,0.2417486,0.2271737
19.8800011,0.2476907,0.2273806
19.8900013,0.2367286,0.2201406
19.9000015,0.2313892,0.2266962
19.9100018,0.2373552,0.2219038
19.9200001,0.2320469,0.2276905
19.9300003,0.2446663,0.2325941
19.9400005,0.2433385,0.2283484
19.9500008,0.2358632,0.2371116
19.960001,0.248283,0.2258428
19.9700012,0.2364697,0.2359958
19.9800014,0.2379396,0.2306063
19.9900017,0.2435415,0.2309838
20.0,0.2376468,0.2333497
20.0100002,0.2387697,0.2430732
20.0200005,0.2429911,0.241864
20.0300007,0.2278788,0.247409
20.0400009,0.2366006,0.2361377
20.0500011,0.2400444,0.2368924
20.0600014,0.2496334,0.2398649
20.0700016,0.2543846,0.2404807
20.0800018,0.2512881,0.2323068
20.0900002,0.2497391,0.2295601
20.1000004,0.247671,0.2343087
20.1100006,0.2343508,0.2259918
20.1200008,0.2367268,0.2236293
20.1300011,0.2299673,0.2174658
20.1400013,0.2342716,0.2204225
20.1500015,0.2333289,0.2295622
20.1600018,0.2299585,0.2305934
20.1700001,0.2326775,0.2443623
20.1800003,0.2227612,0.2412317
20.1900005,0.2439968,0.2307565
20.2000008,0.2356119,0.233198
20.210001,0.2607839,0.238402
20.2200012,0.2530946,0.2389445
20.2300014,0.2335164,0.2371373
20.2400017,0.2482371,0.2307278
20.2500019,0.2571572,0.234699
20.2600002,0.2590411,0.2348673
20.2700005,0.2510615,0.2316873
20.2800007,0.2527768,0.2311813
20.2900009,0.2602608,0.233032
20.3000011,0.2552452,0.2364734
20.3100014,0.2576281,0.2296432
20.3200016,0.253404,0.2324866
20.3300018,0.2411889,0.2308505
20.3400002,0.2565679,0.2348282
20.3500004,0.2635728,0.2423611
20.3600006,0.2519147,0.2276183
20.3700008,0.2599167,0.2284524
20.3800011,0.253186,0.243164
20.3900013,0.2442988,0.2410058
20.4000015,0.253801,0.2366997
20.4100018,0.2608105,0.2262478
20.4200001,0.2524131,0.2350033
20.4300003,0.2463317,0.2376639
20.4400005,0.2482308,0.2400957
20.4500008,0.2469934,0.233245
20.460001,0.25329,0.2228191
20.4700012,0.2381186,0.2343945
20.4800014,0.2349989,0.2320562
20.4900017,0.2397628,0.2403942
20.5000019,0.2638386,0.2371493
20.5100002,0.2425453,0.233022
20.5200005,0.2394283,0.2304614
20.5300007,0.2377475,0.238493
20.5400009,0.2530636,0.2332766
20.5500011,0.2481165,0.2394322
20.5600014,0.2450078,0.2307284
20.5700016,0.2579545,0.2407685
20.5800018,0.2688692,0.2355451
20.5900002,0.2565655,0.2263685
20.6000004,0.2578328,0.2277823
20.6100006,0.2620473,0.2305944
20.6200008,0.2713474,0.2268015
20.6300011,0.2687907,0.2276921
20.6400013,0.2623573,0.2220396
20.6500015,0.264784,0.2253054
20.6600018,0.2490797,0.2219064
20.6700001,0.2549345,0.2139161
20.6800003,0.2506385,0.2281247
20.6900005,0.2368968,0.2300924
20.7000008,0.2554339,0.224488
20.710001,0.2468894,0.230667
20.7200012,0.2459799,0.2375397
20.7300014,0.2357641,0.2356708
20.7400017,0.2384604,0.2389426
20.7500019,0.2385079,0.2286551
20.7600002,0.2544926,0.2259618
20.7700005,0.2565731,0.2313868
20.7800007,0.2435445,0.2192255
20.7900009,0.25357,0.2229164
20.8000011,0.2561356,0.2464266
20.8100014,0.2448802,0.2280632
20.8200016,0.2375297,0.2355186
20.8300018,0.236525,0.2185841
20.8400002,0.2402619,0.2271488
20.8500004,0.2685558,0.2305505
20.8600006,0.2625249,0.2250082
20.8700008,0.2597507,0.2239612
20.8800011,0.2598633,0.2361334
20.8900013,0.2646307,0.2352196
20.9000015,0.2610373,0.2289393
20.9100018,0.2570971,0.2222944
20.9200001,0.2618588,0.2264198
20.9300003,0.2588715,0.2362251
20.9400005,0.264414,0.2292222
20.9500008,0.2588247,0.2328596
20.960001,0.2521369,0.23437
20.9700012,0.2601632,0.2226156
20.9800014,0.25672,0.2245475
20.9900017,0.2573317,0.2298773
21.0000019,0.2532046,0.2288874
21.0100002,0.2523719,0.2319606
21.0200005,0.2545024,0.2369645
21.0300007,0.2508208,0.2308075
21.0400009,0.2331324,0.227331
21.0500011,0.2512435,0.2399177
21.0600014,0.2452532,0.2418949
21.0700016,0.2406389,0.2260766
21.0800018,0.2325333,0.2296862
21.0900002,0.2494548,0.2357845
21.1000004,0.2554394,0.2280971
21.1100006,0.2472245,0.2270862
21.1200008,0.2540896,0.2280329
21.1300011,0.2397918,0.2219657
21.1400013,0.2476404,0.22457
21.1500015,0.2660357,0.2329344
21.1600018,0.2688301,0.2370187
21.1700001,0.2662148,0.2255442
21.1800003,0.2648879,0.2285646
21.1900005,0.2554434,0.2295339
21.2000008,0.2635175,0.2230435
21.210001,0.2608351,0.2267274
21.2200012,0.2643044,0.2329464
21.2300014,0.270736,0.2248808
21.2400017,0.2643652,0.2295799
21.2500019,0.2577738,0.2319988
21.2600002,0.2565763,0.2306982
21.2700005,0.2471252,0.2213874
21.2800007,0.2391565,0.2196354
21.2900009,0.2384061,0.2256631
21.3000011,0.2453971,0.2299702
21.3100014,0.2507214,0.2302929
21.3200016,0.2474116,0.2281725
21.3300018,0.2594694,0.2358152
21.3400002,0.2559095,0.226222
21.3500004,0.2686827,0.2346563
21.3600006,0.2692784,0.2284491
21.3700008,0.2622886,0.2326327
21.3800011,0.2689721,0.2177813
21.3900013,0.2587729,0.2343145
21.4000015,0.2460821,0.2254768
21.4100018,0.2603953,0.2313036
21.4200001,0.256468,0.2381696
21.4300003,0.2609501,0.2453375
21.4400005,0.2525126,0.2337042
21.4500008,0.2621791,0.2312169
21.460001,0.2501985,0.2345255
21.4700012,0.2585348,0.233382
21.4800014,0.2646687,0.2282454
21.4900017,0.2575042,0.2380359
21.5000019,0.2519925,0.2295695
21.5100002,0.2439529,0.2324041
21.5200005,0.2411726,0.2347116
21.5300007,0.2365851,0.2319675
21.5400009,0.2415774,0.2282645
21.5500011,0.2459603,0.2362054
21.5600014,0.2564992,0.2387009
21.5700016,0.2558734,0.2346113
21.5800018,0.2521442,0.2431485
21.5900002,0.2587623,0.2456828
21.6000004,0.2548695,0.2369834
21.6100006,0.2449201,0.238546
21.6200008,0.2430901,0.2440857
21.6300011,0.250683,0.2300186
21.6400013,0.2630274,0.2366968
21.6500015,0.251735,0.2294868
21.6600018,0.2529401,0.2381701
21.6700001,0.2473355,0.2400772
21.6800003,0.2406607,0.2285965
21.6900005,0.2439252,0.2392312
21.7000008,0.2334577,0.2415901
21.710001,0.2319226,0.2329532
21.7200012,0.2390872,0.2349645
21.7300014,0.2308698,0.2259223
21.7400017,0.2320955,0.224606
21.7500019,0.2357164,0.2401123
21.7600002,0.2298395,0.2344609
21.7700005,0.2394498,0.2359981
21.7800007,0.2344209,0.2454485
21.7900009,0.2392865,0.2261586
21.8000011,0.2271616,0.2311184
21.8100014,0.2221674,0.2302041
21.8200016,0.2237271,0.2198334
21.8300018,0.2227061,0.2139067
21.8400002,0.2307641,0.2200383
21.8500004,0.2428511,0.2365647
21.8600006,0.2385267,0.2254445
21.8700008,0.2408138,0.2258983
21.8800011,0.2427111,0.2235374
21.8900013,0.2349827,0.2256378
21.9000015,0.2387093,0.2276965
21.9100018,0.2376168,0.2208841
21.920002,0.24248,0.2225497
21.9300003,0.2368263,0.2324758
21.9400005,0.2390374,0.2280806
21.9500008,0.2427804,0.2259173
21.960001,0.2396592,0.2218887
21.9700012,0.2358422,0.2343831
21.9800014,0.2319692,0.2307339
21.9900017,0.2376034,0.2315589
22.0000019,0.2380754,0.2340831
22.0100002,0.2466359,0.2365748
22.0200005,0.2612395,0.2240495
22.0300007,0.2521324,0.2376022
22.0400009,0.2536026,0.2352008
22.0500011,0.2509827,0.234732
22.0600014,0.2534736,0.2352412
22.0700016,0.2566147,0.2390437
22.0800018,0.2585558,0.2328442
22.0900002,0.2655566,0.2172565
22.1000004,0.259959,0.2223096
22.1100006,0.2555889,0.2370133
22.1200008,0.2476793,0.2287519
22.1300011,0.2514572,0.2219579
22.1400013,0.2434234,0.2206125
22.1500015,0.241053,0.2212452
22.1600018,0.2493727,0.229096
22.170002,0.2543039,0.2167368
22.1800003,0.2538984,0.2176276
22.1900005,0.2576439,0.2219587
22.2000008,0.2600762,0.2171189
22.210001,0.2636818,0.226686
22.2200012,0.2584873,0.2233535
22.2300014,0.2725551,0.2220629
22.2400017,0.2685503,0.216287
22.2500019,0.2504002,0.2193578
22.2600002,0.2490441,0.2125425
22.2700005,0.2471703,0.2171813
22.2800007,0.2320774,0.224214
22.2900009,0.2451158,0.2298671
22.3000011,0.242887,0.229078
22.3100014,0.2515597,0.2285669
22.3200016,0.2492315,0.2320839
22.3300018,0.2567434,0.2386004
22.3400002,0.2592112,0.2333321
22.3500004,0.2540877,0.2241549
22.3600006,0.2468577,0.230487
22.3700008,0.2583556,0.2280257
22.3800011,0.2591917,0.2399115
22.3900013,0.2681743,0.22925
22.4000015,0.2663101,0.221679
22.4100018,0.2693525,0.227091
22.420002,0.2695019,0.2294314
22.4300003,0.2608406,0.2408719
22.4400005,0.2560531,0.2474999
22.4500008,0.2582139,0.2468337
22.460001,0.2613198,0.2338754
22.4700012,0.259477,0.2249234
22.4800014,0.2686212,0.2286745
22.4900017,0.2641625,0.2260038
22.5000019,0.2613841,0.226828
22.5100002,0.2604498,0.2235353
22.5200005,0.2592399,0.2257203
22.5300007,0.2587373,0.2236617
22.5400009,0.253671,0.2222249
22.5500011,0.2556577,0.232681
22.5600014,0.2661649,0.2218352
22.5700016,0.273953,0.2382383
22.5800018,0.2618244,0.2373413
22.5900002,0.2617759,0.2339076
22.6000004,0.2625483,0.2394922
22.6100006,0.2619895,0.2182766
22.6200008,0.2681838,0.2374396
22.6300011,0.2722634,0.2323883
22.6400013,0.2736211,0.2365258
22.6500015,0.262101,0.2403537
22.6600018,0.2634712,0.240021
22.670002,0.2542481,0.2318056
22.6800003,0.2625368,0.2258707
22.6900005,0.2487737,0.2308806
22.7000008,0.259739,0.2312047
22.710001,0.2639482,0.2374947
22.7200012,0.2594948,0.2282791
22.7300014,0.2553154,0.2297011
22.7400017,0.2550905,0.2273742
22.7500019,0.2556219,0.2365329
22.7600002,0.2591781,0.2303416
22.7700005,0.2541849,0.2342942
22.7800007,0.2681842,0.2330675
22.7900009,0.2663892,0.2295222
22.8000011,0.2554029,0.2314708
22.8100014,0.254211,0.2340997
22.8200016,0.2649826,0.2343999
22.8300018,0.2654077,0.2347339
22.8400002,0.2548908,0.2369169
22.8500004,0.2677861,0.2364735
22.8600006,0.2651386,0.2383903
22.8700008,0.2627936,0.2377509
22.8800011,0.2608095,0.2375263
22.8900013,0.2671147,0.2384246
22.9000015,0.2627125,0.2483227
22.9100018,0.2554791,0.2396606
22.920002,0.2615953,0.2484421
22.9300003,0.2593287,0.2422525
22.9400005,0.2603472,0.2476917
22.9500008,0.2588169,0.2336082
22.960001,0.2569916,0.2408595
22.9700012,0.2553709,0.2395006
22.9800014,0.2556196,0.2405161
22.9900017,0.257573,0.2319936
23.0000019,0.2440676,0.2409939
23.0100002,0.2559443,0.2372949
23.0200005,0.248509,0.2413009
23.0300007,0.2498423,0.2456758
23.0400009,0.2560911,0.2405801
23.0500011,0.2551309,0.2406022
23.0600014,0.2631509,0.2399719
23.0700016,0.2623531,0.2309665
23.0800018,0.264417,0.2261495
23.0900002,0.2623399,0.2243142
23.1000004,0.2538103,0.2318732
23.1100006,0.2580313,0.233228
23.1200008,0.2544564,0.2423647
23.1300011,0.2552825,0.2348182
23.1400013,0.2594136,0.2381033
23.1500015,0.2440897,0.2311236
23.1600018,0.2458021,0.2318413
23.170002,0.2522744,0.2273821
23.1800003,0.2501987,0.2329146
23.1900005,0.2551926,0.2210944
23.2000008,0.2455936,0.2248767
23.210001,0.2621909,0.2375951
23.2200012,0.2578526,0.2287301
23.2300014,0.2431845,0.2287288
23.2400017,0.2390677,0.2286605
23.2500019,0.243487,0.2270825
23.2600002,0.246196,0.2391455
23.2700005,0.239114,0.2447204
23.2800007,0.2395712,0.2376074
23.2900009,0.2317449,0.2361525
23.3000011,0.2284002,0.2405702
23.3100014,0.243047,0.2376068
23.3200016,0.2370405,0.230926
23.3300018,0.2318961,0.2487012
23.3400021,0.2303123,0.2392249
23.3500004,0.2302359,0.2277579
23.3600006,0.236333,0.218262
23.3700008,0.2312091,0.2363471
23.3800011,0.2320725,0.2317222
23.3900013,0.2387428,0.2286219
23.4000015,0.2470727,0.2306743
23.4100018,0.2411378,0.2263568
23.420002,0.2457361,0.2264424
23.4300003,0.2443099,0.2358786
23.4400005,0.2387745,0.2380759
23.4500008,0.2410459,0.2409893
23.460001,0.2440049,0.2371769
23.4700012,0.249696,0.2343424
23.4800014,0.2535577,0.2284408
23.4900017,0.2538184,0.2276804
23.5000019,0.2557929,0.2385221
23.5100002,0.2572939,0.237976
23.5200005,0.2600703,0.2348059
23.5300007,0.2566727,0.2402582
23.5400009,0.2520165,0.23934
23.5500011,0.2621347,0.2450498
23.5600014,0.2619913,0.2444298
23.5700016,0.2554644,0.2402025
23.5800018,0.2544874,0.2404437
23.5900021,0.2571281,0.2379535
23.6000004,0.2599916,0.2287835
23.6100006,0.2762403,0.2227937
23.6200008,0.267793,0.2161366
23.6300011,0.2767034,0.2273093
23.6400013,0.2598988,0.2254469
23.6500015,0.2723618,0.2363964
23.6600018,0.2679858,0.2311079
23.670002,0.2734376,0.2202655
23.6800003,0.2783464,0.2200318
23.6900005,0.2694519,0.2326917
23.7000008,0.2693901,0.2332715
23.710001,0.2652881,0.2251839
23.7200012,0.2642144,0.224852
23.7300014,0.2635777,0.2269749
23.7400017,0.2654381,0.2263657
23.7500019,0.262661,0.2348966
23.7600002,0.2650382,0.2309083
23.7700005,0.2662382,0.2320101
23.7800007,0.2684875,0.2265429
23.7900009,0.2598547,0.2274307
23.8000011,0.2863346,0.2287759
23.8100014,0.2616071,0.2198991
23.8200016,0.2698544,0.2246204
23.8300018,0.2663205,0.2169851
23.8400021,0.2613846,0.2123167
23.8500004,0.2625904,0.2111105
23.8600006,0.2546233,0.2213211
23.8700008,0.2642225,0.216654
23.8800011,0.2523938,0.2252011
23.8900013,0.2561947,0.2205046
23.9000015,0.2572154,0.2243688
23.9100018,0.2660235,0.2317119
23.920002,0.2632108,0.2259852
23.9300003,0.2624058,0.2271965
23.9400005,0.2590669,0.229127
23.9500008,0.270955,0.2366474
23.960001,0.2741382,0.2246537
23.9700012,0.2670129,0.2298935
23.9800014,0.2613536,0.2349163
23.9900017,0.2666916,0.2340627
24.0000019,0.2617013,0.2393239
24.0100002,0.2605636,0.2377965
24.0200005,0.2672752,0.2332959
24.0300007,0.2556435,0.2343101
24.0400009,0.2711004,0.2402436
24.0500011,0.2734039,0.235744
24.0600014,0.2705396,0.2394865
24.0700016,0.2771238,0.2463818
24.0800018,0.2688871,0.2464145
24.0900021,0.2665672,0.2427287
24.1000004,0.2632374,0.2330803
24.1100006,0.258935,0.245075
24.1200008,0.2647395,0.2374427
24.1300011,0.2568002,0.2460954
24.1400013,0.2551299,0.240115
24.1500015,0.2582632,0.2219226
24.1600018,0.2551315,0.2190544
24.170002,0.2595163,0.2286428
24.1800003,0.2635323,0.2271313
24.1900005,0.2634966,0.2303417
24.2000008,0.277355,0.2282075
24.210001,0.2752403,0.2341148
24.2200012,0.2690575,0.2256778
24.2300014,0.259894,0.2280452
24.2400017,0.265971,0.2320747
24.2500019,0.2672761,0.224152
24.2600002,0.2661574,0.2380447
24.2700005,0.266773,0.2288281
24.2800007,0.2592711,0.2369948
24.2900009,0.2569531,0.2375504
24.3000011,0.261999,0.2420838
24.3100014,0.2574237,0.2328
24.3200016,0.2616168,0.244863
24.3300018,0.2595317,0.2469286
24.3400021,0.2589591,0.2374305
24.3500004,0.2585963,0.2457898
24.3600006,0.2705977,0.2450541
24.3700008,0.2623372,0.2456452
24.3800011,0.2558226,0.24043
24.3900013,0.2625847,0.2479092
24.4000015,0.2628175,0.2406889
24.4100018,0.2586903,0.2413596
24.420002,0.2577967,0.2334584
24.4300003,0.2492659,0.2206318
24.4400005,0.2476788,0.2356281
24.4500008,0.2570736,0.2388091
24.460001,0.2510831,0.2374062
24.4700012,0.2562631,0.2277307
24.4800014,0.25305,0.2367053
24.4900017,0.2583099,0.2387799
24.5000019,0.2605963,0.2318126
24.5100002,0.2494704,0.241587
24.5200005,0.2598086,0.2376026
24.5300007,0.2651221,0.2373761
24.5400009,0.2609136,0.2249889
24.5500011,0.256747,0.2275221
24.5600014,0.2549913,0.2372447
24.5700016,0.2540769,0.2337975
24.5800018,0.2522312,0.2389234
24.5900021,0.2599356,0.230379
24.6000004,0.2586534,0.2477515
24.6100006,0.2521466,0.2393775
24.6200008,0.2566889,0.2346681
24.6300011,0.2583797,0.2523754
24.6400013,0.249849,0.239961
24.6500015,0.2571987,0.2397393
24.6600018,0.264645,0.2421254
24.670002,0.2597422,0.2400475
24.6800003,0.2519038,0.2404237
24.6900005,0.2572067,0.2491345
24.7000008,0.2495353,0.2440996
24.710001,0.2502169,0.2350171
24.7200012,0.2476353,0.2401712
24.7300014,0.2549015,0.2367544
24.7400017,0.2608938,0.2337672
24.7500019,0.2619632,0.2446561
24.7600002,0.2529685,0.2483172
24.7700005,0.2536296,0.2444915
24.7800007,0.255408,0.2483874
24.7900009,0.2506944,0.2505217
24.8000011,0.2516618,0.240935
24.8100014,0.2577315,0.2366027
24.8200016,0.2547051,0.2479161
24.8300018,0.2576464,0.2442594
24.8400021,0.2505111,0.2464043
24.8500004,0.2402461,0.2432768
24.8600006,0.2451078,0.2342364
24.8700008,0.2493143,0.2271684
24.8800011,0.2567999,0.2317898
24.8900013,0.2568756,0.2382697
24.9000015,0.2574053,0.2361943
24.9100018,0.2582896,0.2457248
24.920002,0.2550262,0.2547486
24.9300003,0.2432353,0.2462324
24.9400005,0.2534124,0.2578747
24.9500008,0.2527332,0.2554016
24.960001,0.2515755,0.2506624
24.9700012,0.2491937,0.2614886
24.9800014,0.2545038,0.2573108
24.9900017,0.2629945,0.2536227
25.0000019,0.2534846,0.2523268
25.0100021,0.2623551,0.246202
25.0200005,0.2652766,0.2463695
25.0300007,0.257297,0.2441667
25.0400009,0.2585554,0.2442869
25.0500011,0.2651952,0.2524258
25.0600014,0.2649026,0.2477104
25.0700016,0.2625727,0.2475014
25.0800018,0.2635483,0.2460215
25.0900021,0.268044,0.2495341
25.1000004,0.2597016,0.2482635
25.1100006,0.271462,0.2438797
25.1200008,0.2637465,0.239521
25.1300011,0.2756048,0.2409208
25.1400013,0.2543251,0.2423138
25.1500015,0.2635475,0.232054
25.1600018,0.2643073,0.2436047
25.170002,0.2635832,0.2365507
25.1800003,0.2831594,0.2409911
25.1900005,0.2676874,0.2341597
25.2000008,0.2675641,0.2408816
25.210001,0.2703263,0.2402174
25.2200012,0.2664191,0.245296
25.2300014,0.2703043,0.2434095
25.2400017,0.2641375,0.2384105
25.2500019,0.2540568,0.2458405
25.2600021,0.2665657,0.2410286
25.2700005,0.2618131,0.2369939
25.2800007,0.2652793,0.2303611
25.2900009,0.2637474,0.2269914
25.3000011,0.2681312,0.2367636
25.3100014,0.255567,0.2326917
25.3200016,0.2501469,0.2555223
25.3300018,0.2437045,0.2536045
25.3400021,0.2526589,0.247473
25.3500004,0.2513345,0.2336942
25.3600006,0.245013,0.2426407
25.3700008,0.2463735,0.2409015
25.3800011,0.2490124,0.2387766
25.3900013,0.2519123,0.2365106
25.4000015,0.245908,0.2336343
25.4100018,0.239491,0.2382801
25.420002,0.2429474,0.2331391
25.4300003,0.2488224,0.2334784
25.4400005,0.2521148,0.2346541
25.4500008,0.244303,0.2326481
25.460001,0.2481464,0.2253317
25.4700012,0.2469558,0.2243836
25.4800014,0.2389622,0.2152324
25.4900017,0.2464776,0.2360639
25.5000019,0.2457549,0.2330781
25.5100021,0.2577228,0.2375625
25.5200005,0.2522641,0.2151913
25.5300007,0.246959,0.2275812
25.5400009,0.2489265,0.2320483
25.5500011,0.2471076,0.2322437
25.5600014,0.2510296,0.2358456
25.5700016,0.2567248,0.2328942
25.5800018,0.2617657,0.2190972
25.5900021,0.2453788,0.2412472
25.6000004,0.2429738,0.2404071
25.6100006,0.244554,0.2294113
25.6200008,0.2513956,0.2339441
25.6300011,0.2541397,0.2324407
25.6400013,0.2448144,0.2359844
25.6500015,0.2505968,0.2377352
25.6600018,0.2612526,0.2339066
25.670002,0.2527386,0.2453291
25.6800003,0.2533474,0.2349685
25.6900005,0.245085,0.2356495
25.7000008,0.2500913,0.238402
25.710001,0.2432508,0.23038
25.7200012,0.2413391,0.2335206
25.7300014,0.2457396,0.236982
25.7400017,0.2468186,0.2272472
25.7500019,0.2426131,0.2345306
25.7600021,0.2537261,0.2261416
25.7700005,0.2454226,0.2327451
25.7800007,0.246705,0.2287634
25.7900009,0.2537763,0.2233288
25.8000011,0.2568981,0.2298344
25.8100014,0.2616841,0.2211296
25.8200016,0.2508003,0.2335751
25.8300018,0.2432498,0.2232374
25.8400021,0.2484135,0.2159211
25.8500004,0.2506984,0.220535
25.8600006,0.2435356,0.2167191
25.8700008,0.2426956,0.2198719
25.8800011,0.2377407,0.2107036
25.8900013,0.2358062,0.228272
25.9000015,0.2442396,0.2236904
25.9100018,0.2406747,0.2229275
25.920002,0.2521797,0.230499
25.9300003,0.2506255,0.2237842
25.9400005,0.253874,0.224918
25.9500008,0.25752,0.2213826
25.960001,0.26238,0.2164429
25.9700012,0.2604308,0.2190972
25.9800014,0.2566987,0.2204892
25.9900017,0.2486564,0.2193903
26.0000019,0.246433,0.2135712
26.0100021,0.2555369,0.2096208
26.0200005,0.2482528,0.2159312
26.0300007,0.2481855,0.2250405
26.0400009,0.2420003,0.2265543
26.0500011,0.2443284,0.2227253
26.0600014,0.2378524,0.2260315
26.0700016,0.2378019,0.2309064
26.0800018,0.2447454,0.2416777
26.0900021,0.2462467,0.2348253
26.1000004,0.2458549,0.2291333
26.1100006,0.2418156,0.2305849
26.1200008,0.2388133,0.2315439
26.1300011,0.2447838,0.2335764
26.1400013,0.2458193,0.227498
26.1500015,0.2504038,0.2364363
26.1600018,0.2535571,0.2381925
26.170002,0.2433948,0.2398469
26.1800003,0.2481719,0.2409895
26.1900005,0.2430486,0.2426932
26.2000008,0.238573,0.2445018
26.210001,0.2517603,0.2339572
26.2200012,0.250483,0.2436731
26.2300014,0.2510141,0.2452461
26.2400017,0.246971,0.2457638
26.2500019,0.2453341,0.2398421
26.2600021,0.2485666,0.2314665
26.2700005,0.2452874,0.2378469
26.2800007,0.2401802,0.225574
26.2900009,0.2380683,0.2202278
26.3000011,0.2373751,0.236657
26.3100014,0.2521057,0.2373595
26.3200016,0.2450045,0.2316511
26.3300018,0.2480631,0.2386973
26.3400021,0.2543496,0.2344779
26.3500004,0.2441848,0.2328333
26.3600006,0.2392333,0.2367545
26.3700008,0.2409227,0.2289058
26.3800011,0.2350571,0.2237891
26.3900013,0.2436291,0.2340926
26.4000015,0.2447448,0.2461706
26.4100018,0.2599979,0.2349839
26.420002,0.2424689,0.2275646
26.4300003,0.2487954,0.2216267
26.4400005,0.2509022,0.2215774
26.4500008,0.2425311,0.2279143
26.460001,0.2450555,0.2272099
26.4700012,0.2410155,0.2224117
26.4800014,0.2460836,0.2334476
26.4900017,0.2383681,0.2339543
26.5000019,0.2404606,0.2261574
26.5100021,0.2415008,0.2341773
26.5200005,0.2436524,0.2263953
26.5300007,0.2507359,0.2292193
26.5400009,0.2546272,0.2315958
26.5500011,0.2453683,0.2390154
26.5600014,0.2396425,0.2343138
26.5700016,0.2459905,0.2277504
26.5800018,0.2545319,0.2241586
26.5900021,0.2489359,0.2247785
26.6000004,0.2470211,0.2292927
26.6100006,0.2479964,0.2185482
26.6200008,0.26008,0.225805
26.6300011,0.2550438,0.2150493
26.6400013,0.2557386,0.2220482
26.6500015,0.2568652,0.2226574
26.6600018,0.2528247,0.2230646
26.670002,0.2483083,0.2161541
26.6800022,0.2459172,0.2168616
26.6900005,0.2609376,0.2196123
26.7000008,0.2486635,0.2190696
26.710001,0.2556809,0.2225818
26.7200012,0.244595,0.2345155
26.7300014,0.2420916,0.2213624
26.7400017,0.2452873,0.2195344
26.7500019,0.2414061,0.2213387
26.7600021,0.2412688,0.2165585
26.7700005,0.2416314,0.2250076
26.7800007,0.2455812,0.227209
26.7900009,0.2432377,0.2280101
26.8000011,0.2452261,0.2325998
26.8100014,0.2493899,0.2259274
26.8200016,0.2458552,0.2315923
26.8300018,0.2383981,0.2339166
26.8400021,0.2470362,0.2223143
26.8500004,0.2323565,0.2293713
26.8600006,0.2399276,0.2243494
26.8700008,0.2430695,0.238615
26.8800011,0.2404251,0.2351649
26.8900013,0.2284218,0.235997
26.9000015,0.2354959,0.2344209
26.9100018,0.2348408,0.2312642
26.920002,0.2386855,0.2310095
26.9300022,0.2427221,0.2329426
26.9400005,0.2501258,0.2363548
26.9500008,0.2412221,0.2371866
26.960001,0.23269,0.232435
26.9700012,0.243528,0.2286977
26.9800014,0.248605,0.222468
26.9900017,0.2480042,0.2334367
27.0000019,0.2504407,0.2263416
27.0100021,0.2502605,0.2234522
27.0200005,0.2528894,0.2316568
27.0300007,0.2529196,0.2243961
27.0400009,0.2543975,0.2213025
27.0500011,0.2503087,0.2243573
27.0600014,0.2506304,0.2325182
27.0700016,0.2440246,0.2325351
27.0800018,0.244762,0.236685
27.0900021,0.2409323,0.2346701
27.1000004,0.2518653,0.2338466
27.1100006,0.2482179,0.2328528
27.1200008,0.2484245,0.2408792
27.1300011,0.2451913,0.2280191
27.1400013,0.2340132,0.2325403
27.1500015,0.2349269,0.2350739
27.1600018,0.2437357,0.2322063
27.170002,0.2422021,0.2396103
27.1800022,0.2370695,0.2361175
27.1900005,0.2370749,0.2353837
27.2000008,0.250599,0.2335884
27.210001,0.2557885,0.2341105
27.2200012,0.2484852,0.234929
27.2300014,0.237295,0.2315631
27.2400017,0.2338068,0.2233003
27.2500019,0.2432326,0.2305579
27.2600021,0.2395821,0.2290283
27.2700005,0.2333656,0.2285142
27.2800007,0.2394596,0.2360388
27.2900009,0.2416666,0.2319565
27.3000011,0.2472145,0.23178
27.3100014,0.2489163,0.2243945
27.3200016,0.2523641,0.230973
27.3300018,0.2473139,0.2319618
27.3400021,0.253016,0.2397784
27.3500004,0.2523451,0.2345824
27.3600006,0.2496197,0.2334511
27.3700008,0.251691,0.2331314
27.3800011,0.2566943,0.2352195
27.3900013,0.256052,0.2324802
27.4000015,0.2667489,0.2461569
27.4100018,0.2605729,0.2314241
27.420002,0.2605857,0.2369331
27.4300022,0.2512631,0.2217091
27.4400005,0.2677195,0.2275498
27.4500008,0.2513568,0.2240755
27.460001,0.2453447,0.2361936
27.4700012,0.256062,0.2318286
27.4800014,0.2554778,0.2331278
27.4900017,0.256013,0.2271767
27.5000019,0.2528499,0.239042
27.5100021,0.2523553,0.2265127
27.5200005,0.2470638,0.2378561
27.5300007,0.2516472,0.2360833
27.5400009,0.2472344,0.2386019
27.5500011,0.2528428,0.2407709
27.5600014,0.2522219,0.2251599
27.5700016,0.2378355,0.223645
27.5800018,0.2418391,0.2173483
27.5900021,0.2401141,0.2200897
27.6000004,0.2354891,0.2221466
27.6100006,0.2363709,0.2297892
27.6200008,0.2377353,0.2193561
27.6300011,0.2322414,0.2292947
27.6400013,0.2316907,0.232353
27.6500015,0.2497132,0.2269717
27.6600018,0.2391221,0.2308491
27.670002,0.2468369,0.2352724
27.6800022,0.2584881,0.2331498
27.6900005,0.256115,0.2320114
27.7000008,0.2522523,0.2425599
27.710001,0.2482793,0.2410876
27.7200012,0.2523769,0.2284774
27.7300014,0.250862,0.2313918
27.7400017,0.2503644,0.2212073
27.7500019,0.2459527,0.2148599
27.7600021,0.2379358,0.2252597
27.7700005,0.2547492,0.2299082
27.7800007,0.2465158,0.2236497
27.7900009,0.2498588,0.2298197
27.8000011,0.2529142,0.2279728
27.8100014,0.2472328,0.2184646
27.8200016,0.2578765,0.2351783
27.8300018,0.2554961,0.2343927
27.8400021,0.2571586,0.2381439
27.8500004,0.2613655,0.2372922
27.8600006,0.2657701,0.2334516
27.8700008,0.2670473,0.235284
27.8800011,0.2623022,0.241434
27.8900013,0.2616946,0.2354841
27.9000015,0.2674352,0.2498992
27.9100018,0.2600882,0.2459037
27.920002,0.2579981,0.2355336
27.9300022,0.2517424,0.2431579
27.9400005,0.2630458,0.2334404
27.9500008,0.2689677,0.2359741
27.960001,0.2646455,0.2375531
27.9700012,0.2648533,0.2363464
27.9800014,0.2662405,0.2410482
27.9900017,0.2540517,0.2358129
28.0000019,0.2572775,0.2313321
28.0100021,0.2613482,0.2423972
28.0200005,0.2712187,0.2537973
28.0300007,0.2587207,0.2396176
28.0400009,0.2658874,0.2357086
28.0500011,0.2635373,0.2409556
28.0600014,0.2661364,0.2539131
28.0700016,0.2655174,0.2328738
28.0800018,0.2674931,0.2334924
28.0900021,0.2718178,0.2330253
28.1000004,0.2744505,0.2334882
28.1100006,0.2658164,0.2358766
28.1200008,0.2673374,0.2276282
28.1300011,0.2681555,0.2273226
28.1400013,0.2701797,0.22717
28.1500015,0.2653325,0.2341962
28.1600018,0.253417,0.2343963
28.170002,0.2607744,0.2373242
28.1800022,0.2608947,0.2360832
28.1900005,0.2670452,0.2281997
28.2000008,0.2729232,0.2303957
28.210001,0.2689425,0.229557
28.2200012,0.2658995,0.221583
28.2300014,0.2786035,0.2243716
28.2400017,0.2762873,0.2245446
28.2500019,0.273834,0.2283113
28.2600021,0.266822,0.2358504
28.2700005,0.2722345,0.232423
28.2800007,0.2664688,0.2274102
28.2900009,0.2625358,0.2248961
28.3000011,0.2664128,0.2216368
28.3100014,0.2699678,0.2373375
28.3200016,0.2715109,0.2307798
28.3300018,0.2658688,0.2313584
28.3400021,0.2614426,0.2391386
28.3500023,0.2637549,0.2328408
28.3600006,0.2706013,0.2311774
28.3700008,0.2690526,0.2384597
28.3800011,0.2730407,0.2388002
28.3900013,0.2673832,0.2276495
28.4000015,0.2657995,0.2376887
28.4100018,0.2724555,0.2378303
28.420002,0.2664138,0.226405
28.4300022,0.2644887,0.2342011
28.4400005,0.2560108,0.235723
28.4500008,0.2604877,0.2343258
28.460001,0.2652541,0.2303616
28.4700012,0.2702781,0.2370684
28.4800014,0.2608103,0.233873
28.4900017,0.2627396,0.2303109
28.5000019,0.2670081,0.2298956
28.5100021,0.268917,0.2296343
28.5200005,0.2636221,0.2270918
28.5300007,0.2726207,0.2318646
28.5400009,0.2619287,0.2296245
28.5500011,0.2537062,0.229579
28.5600014,0.2656865,0.2263427
28.5700016,0.2508708,0.2399173
28.5800018,0.2564825,0.240636
28.5900021,0.2556364,0.2390432
28.6000023,0.2592949,0.2345915
28.6100006,0.2629363,0.2376227
28.6200008,0.2650927,0.2407666
28.6300011,0.2573086,0.2417839
28.6400013,0.2540041,0.2367897
28.6500015,0.2531744,0.2502266
28.6600018,0.2509559,0.2419417
28.670002,0.2510396,0.2381085
28.6800022,0.247691,0.2467693
28.6900005,0.248129,0.2407286
28.7000008,0.2491181,0.2390656
28.710001,0.2590815,0.2455565
28.7200012,0.2509773,0.2372787
28.7300014,0.2507505,0.2463269
28.7400017,0.2614248,0.2317063
28.7500019,0.2650205,0.2340923
28.7600021,0.2676992,0.2339641
28.7700005,0.268495,0.2316518
28.7800007,0.258651,0.2211459
28.7900009,0.2606223,0.2300473
28.8000011,0.2619163,0.2330134
28.8100014,0.2622674,0.2337321
28.8200016,0.2652893,0.2306781
28.8300018,0.2522953,0.2307737
28.8400021,0.2617101,0.2365235
28.8500023,0.2508292,0.2288394
28.8600006,0.2519118,0.2416489
28.8700008,0.25277,0.2361585
28.8800011,0.245153,0.2375102
28.8900013,0.2447174,0.2317468
28.9000015,0.2460386,0.2367455
28.9100018,0.2522475,0.2412773
28.920002,0.2508598,0.2402539
28.9300022,0.2458119,0.2321279
28.9400005,0.2500664,0.2452715
28.9500008,0.2473567,0.2474884
28.960001,0.2566974,0.245897
28.9700012,0.2579727,0.2459903
28.9800014,0.2490359,0.2509123
28.9900017,0.2473653,0.2460065
29.0000019,0.2540497,0.2456209
29.0100021,0.2393119,0.2351136
29.0200005,0.2382001,0.2381775
29.0300007,0.2420661,0.240531
29.0400009,0.2558886,0.242751
29.0500011,0.2396493,0.2239786
29.0600014,0.23983,0.239316
29.0700016,0.2354857,0.2362085
29.0800018,0.2506345,0.2331578
29.0900021,0.251122,0.2435189
29.1000023,0.2518597,0.2405379
29.1100006,0.2447742,0.2451321
29.1200008,0.2468087,0.23474
29.1300011,0.2454974,0.2441376
29.1400013,0.2439345,0.244808
29.1500015,0.2502017,0.2512902
29.1600018,0.2399643,0.2526909
29.170002,0.2404213,0.2582291
29.1800022,0.2446871,0.2465806
29.1900005,0.2482137,0.2489871
29.2000008,0.2381782,0.2529268
29.210001,0.2433333,0.2392877
29.2200012,0.2427373,0.2373581
29.2300014,0.2508477,0.2437561
29.2400017,0.2489461,0.2427107
29.2500019,0.2410538,0.2400954
29.2600021,0.2464272,0.2366444
29.2700005,0.2522625,0.2374945
29.2800007,0.2527819,0.2358326
29.2900009,0.2507457,0.231654
29.3000011,0.2624621,0.2284517
29.3100014,0.2512283,0.2347167
29.3200016,0.2563131,0.2363068
29.3300018,0.2542702,0.2426857
29.3400021,0.2621405,0.230003
29.3500023,0.2650286,0.2304415
29.3600006,0.2597313,0.2291383
29.3700008,0.2540067,0.2371766
29.3800011,0.2626408,0.2296126
29.3900013,0.2556812,0.2333371
29.4000015,0.2604771,0.2443037
29.4100018,0.2662722,0.2446766
29.420002,0.2648152,0.2356017
29.4300022,0.260272,0.227867
29.4400005,0.2615823,0.2280257
29.4500008,0.2563396,0.2341729
29.460001,0.2532806,0.2262633
29.4700012,0.2584838,0.223341
29.4800014,0.2561926,0.233177
29.4900017,0.2572985,0.2241561
29.5000019,0.257055,0.231713
29.5100021,0.2575679,0.229565
29.5200005,0.2609051,0.2358066
29.5300007,0.2462672,0.226408
29.5400009,0.2513776,0.2374325
29.5500011,0.250753,0.2265181
29.5600014,0.2637526,0.2272014
29.5700016,0.2492711,0.2271073
29.5800018,0.2519822,0.2248294
29.5900021,0.2519177,0.2362569
29.6000023,0.2476638,0.23334
29.6100006,0.2468815,0.2374697
29.6200008,0.2502272,0.2363856
29.6300011,0.2703978,0.2343555
29.6400013,0.2637017,0.2342801
29.6500015,0.2533484,0.2448545
29.6600018,0.2486145,0.2429771
29.670002,0.242952,0.2408033
29.6800022,0.2466055,0.239214
29.6900005,0.2328757,0.2378695
29.7000008,0.2449483,0.2358969
29.710001,0.2422002,0.2273748
29.7200012,0.2452691,0.217296
29.7300014,0.242305,0.2255111
29.7400017,0.2418012,0.2322831
29.7500019,0.2498908,0.2395361
29.7600021,0.2618219,0.2446482
29.7700024,0.2571682,0.2417261
29.7800007,0.2445329,0.2309349
29.7900009,0.250333,0.2374021
29.8000011,0.2531256,0.2367147
29.8100014,0.2615867,0.2349008
29.8200016,0.2596721,0.2335539
29.8300018,0.2530082,0.2352023
29.8400021,0.2491291,0.2355579
29.8500023,0.2488389,0.2378075
29.8600006,0.2529506,0.2410188
29.8700008,0.2518542,0.2486377
29.8800011,0.2424398,0.2508494
29.8900013,0.2468631,0.2443638
29.9000015,0.2403046,0.2404906
29.9100018,0.2538617,0.2436036
29.920002,0.2501588,0.2553116
29.9300022,0.2584647,0.2568779
29.9400005,0.2598011,0.2454724
29.9500008,0.2550371,0.2522169
29.960001,0.2510411,0.2581398
29.9700012,0.2570665,0.2508622
29.9800014,0.2498261,0.247208
29.9900017,0.2453743,0.2377886
30.0000019,0.2410354,0.2590746
30.0100021,0.2499711,0.2500554
30.0200024,0.2493417,0.2426432
30.0300007,0.2508054,0.2432568
30.0400009,0.2505499,0.2579091
30.0500011,0.2581722,0.2608094
30.0600014,0.2399426,0.2549826
30.0700016,0.2528898,0.2519046
30.0800018,0.2456886,0.2494396
30.0900021,0.2479768,0.2566284
30.1000023,0.2501777,0.2466334
30.1100006,0.2670264,0.2428206
30.1200008,0.2422874,0.2486227
30.1300011,0.2482225,0.2592404
30.1400013,0.2384092,0.2479365
30.1500015,0.2475476,0.2443452
30.1600018,0.2520461,0.2412614
30.170002,0.2408188,0.2437297
30.1800022,0.2470552,0.2478437
30.1900005,0.2428229,0.2538842
30.2000008,0.2521047,0.2442425
30.210001,0.2454811,0.2390888
30.2200012,0.2436846,0.2494082
30.2300014,0.2523373,0.2565269
30.2400017,0.2445905,0.2517996
30.2500019,0.2497549,0.2496402
30.2600021,0.2543851,0.2592
30.2700024,0.2458794,0.2528252
30.2800007,0.2562251,0.2494527
30.2900009,0.2518144,0.2667363
30.3000011,0.2455582,0.2667239
30.3100014,0.2575489,0.2510471
30.3200016,0.2690535,0.2651974
30.3300018,0.2461217,0.2609839
30.3400021,0.2462802,0.2549145
30.3500023,0.2472628,0.2549374
30.3600006,0.2399538,0.2493011
30.3700008,0.2368765,0.2606769
30.3800011,0.2496042,0.2702088
30.3900013,0.2525069,0.253475
30.4000015,0.2484104,0.2559835
30.4100018,0.248151,0.2600786
30.420002,0.2598094,0.2545792
30.4300022,0.2600131,0.2464074
30.4400005,0.2567102,0.2611639
30.4500008,0.2540305,0.2570025
30.460001,0.2486902,0.2703688
30.4700012,0.2505415,0.2608481
30.4800014,0.2606872,0.2596633
30.4900017,0.2608655,0.2798285
30.5000019,0.2615535,0.2695611
30.5100021,0.2586902,0.252842
30.5200024,0.2605816,0.2572647
30.5300007,0.2621318,0.2542435
30.5400009,0.2560041,0.2490072
30.5500011,0.2545378,0.2560206
30.5600014,0.2503526,0.2564712
30.5700016,0.2617705,0.2451952
30.5800018,0.2615816,0.2363323
30.5900021,0.2476003,0.2405994
30.6000023,0.255435,0.2516793
30.6100006,0.257802,0.2456731
30.6200008,0.2736423,0.2495264
30.6300011,0.262662,0.2444294
30.6400013,0.2614758,0.2541396
30.6500015,0.2584592,0.2483402
30.6600018,0.2599844,0.2484642
30.670002,0.252261,0.2552322
30.6800022,0.2488412,0.2514545
30.6900005,0.2546616,0.2496367
30.7000008,0.2549827,0.2504934
30.710001,0.2488958,0.2437232
30.7200012,0.2562004,0.2390681
30.7300014,0.2522617,0.2495815
30.7400017,0.2574593,0.2454011
30.7500019,0.2458666,0.2453831
30.7600021,0.2469281,0.2560313
30.7700024,0.2393656,0.2457816
30.7800007,0.2430342,0.2503874
30.7900009,0.2505797,0.2538944
30.8000011,0.2508093,0.2487193
30.8100014,0.2437012,0.2409866
30.8200016,0.249255,0.2300029
30.8300018,0.2434226,0.2323179
30.8400021,0.2500304,0.2251675
30.8500023,0.2439149,0.235294
30.8600006,0.2498272,0.2305003
30.8700008,0.2447915,0.2304408
30.8800011,0.2481456,0.23266
30.8900013,0.2484372,0.2298191
30.9000015,0.2546301,0.2261442
30.9100018,0.2408708,0.2276338
30.920002,0.2577821,0.2219234
30.9300022,0.2484797,0.2369322
30.9400005,0.2498091,0.2265328
30.9500008,0.2597817,0.234841
30.960001,0.2629889,0.2428762
30.9700012,0.2626356,0.2507988
30.9800014,0.2560096,0.2445312
30.9900017,0.2617157,0.2519617
31.0000019,0.2574146,0.2430757
31.0100021,0.2667945,0.2258367
31.0200024,0.2657974,0.2412925
31.0300007,0.2584656,0.2377397
31.0400009,0.2643991,0.2284146
31.0500011,0.2702304,0.2371259
31.0600014,0.2668437,0.22593
31.0700016,0.2606729,0.2278053
31.0800018,0.2560619,0.2419015
31.0900021,0.2551885,0.2255286
31.1000023,0.2640542,0.2270999
31.1100006,0.2662825,0.2292786
31.1200008,0.2571504,0.2362944
31.1300011,0.2608266,0.2340023
31.1400013,0.2590785,0.2409444
31.1500015,0.2610787,0.2342549
31.1600018,0.2617513,0.2340359
31.170002,0.2554831,0.2406937
31.1800022,0.2540327,0.2353678
31.1900005,0.2507017,0.239305
31.2000008,0.2563927,0.2285932
31.210001,0.2572109,0.2401903
31.2200012,0.2628838,0.2394439
31.2300014,0.255378,0.2528491
31.2400017,0.2606358,0.2473008
31.2500019,0.2631824,0.2282878
31.2600021,0.2542702,0.2265226
31.2700024,0.2472422,0.2343098
31.2800007,0.2635777,0.2231398
31.2900009,0.2576897,0.2339503
31.3000011,0.2653963,0.2415163
31.3100014,0.2605992,0.2391808
31.3200016,0.2651505,0.2406534
31.3300018,0.2620519,0.2415205
31.3400021,0.2679649,0.2384631
31.3500023,0.2729049,0.251492
31.3600006,0.2641584,0.2343218
31.3700008,0.273735,0.2328869
31.3800011,0.2621272,0.2292127
31.3900013,0.2585557,0.2289392
31.4000015,0.2480193,0.2351726
31.4100018,0.2593553,0.2274598
31.420002,0.2732966,0.230404
31.4300022,0.2660483,0.241953
31.4400024,0.2690422,0.2260891
31.4500008,0.2648641,0.2329171
31.460001,0.268566,0.2259381
31.4700012,0.2649336,0.2288461
31.4800014,0.2666836,0.2312638
31.4900017,0.2716589,0.23342
31.5000019,0.2709599,0.2340747
31.5100021,0.2716114,0.2221663
31.5200024,0.2678717,0.210706
31.5300007,0.2698409,0.2146499
31.5400009,0.2659414,0.2302432
31.5500011,0.2751636,0.2261221
31.5600014,0.2739572,0.2245156
31.5700016,0.2716842,0.2252563
31.5800018,0.2733371,0.228863
31.5900021,0.2636896,0.2374534
31.6000023,0.2639706,0.2329298
31.6100006,0.2667786,0.221473
31.6200008,0.2844197,0.2289923
31.6300011,0.2732466,0.2259279
31.6400013,0.2807899,0.2279408
31.6500015,0.2628829,0.2309671
31.6600018,0.2629059,0.2367895
31.670002,0.2804282,0.2311972
31.6800022,0.2687654,0.2410207
31.6900024,0.2731183,0.2345225
31.7000008,0.2613608,0.2373088
31.710001,0.2657364,0.2282244
31.7200012,0.2493488,0.2351822
31.7300014,0.2482558,0.2303683
31.7400017,0.2489585,0.2479609
31.7500019,0.2504947,0.2292507
31.7600021,0.2536196,0.2328981
31.7700024,0.2533548,0.2305398
31.7800007,0.2530373,0.2359018
31.7900009,0.2633268,0.2331384
31.8000011,0.263393,0.2356854
31.8100014,0.2636383,0.2232089
31.8200016,0.2574733,0.2232056
31.8300018,0.2654957,0.2255595
31.8400021,0.2626025,0.2323211
31.8500023,0.269867,0.2334963
31.8600006,0.2665033,0.2234357
31.8700008,0.2641227,0.2362037
31.8800011,0.2636752,0.2240783
31.8900013,0.2708177,0.2348757
31.9000015,0.2749439,0.2096532
31.9100018,0.2720329,0.2211682
31.920002,0.2690072,0.2233818
31.9300022,0.2620365,0.2346533
31.9400024,0.2578368,0.2406187
31.9500008,0.2641579,0.2384859
31.960001,0.264426,0.2400504
31.9700012,0.2728006,0.2385301
31.9800014,0.2666503,0.2426721
31.9900017,0.2582648,0.2352393
32.0,0.263926,0.2426135
32.0100021,0.2724656,0.2292372
32.0200005,0.2708051,0.2423679
32.0300026,0.266127,0.230079
32.0400009,0.2688436,0.2264904
32.0500031,0.2683147,0.2253424
32.0600014,0.2623803,0.2297789
32.0699997,0.2624147,0.2258855
32.0800018,0.2683175,0.226791
32.0900002,0.2562719,0.2330608
32.1000023,0.2654162,0.2296319
32.1100006,0.2630672,0.2292831
32.1200027,0.258693,0.2250035
32.1300011,0.2590138,0.238629
32.1400032,0.2680657,0.2288663
32.1500015,0.2804979,0.2408234
32.1599998,0.2726615,0.2312293
32.170002,0.2654208,0.2484567
32.1800003,0.2682628,0.2472254
32.1900024,0.2706693,0.2331423
32.2000008,0.2689324,0.2211333
32.2100029,0.2650644,0.236565
32.2200012,0.267067,0.2340443
32.2300034,0.2699542,0.2275429
32.2400017,0.2721567,0.2349199
32.25,0.2801621,0.2311365
32.2600021,0.2596883,0.2204706
32.2700005,0.2625042,0.2168457
32.2800026,0.2709369,0.2290809
32.2900009,0.262654,0.2222436
32.3000031,0.276769,0.2228121
32.3100014,0.2620523,0.2191792
32.3199997,0.2759336,0.2140015
32.3300018,0.2718537,0.2246224
32.3400002,0.2690126,0.2214127
32.3500023,0.2745971,0.2257552
32.3600006,0.2673207,0.2137979
32.3700027,0.273437,0.2202345
32.3800011,0.2746606,0.2283406
32.3900032,0.2830757,0.2312199
32.4000015,0.2641129,0.2302331
32.4099998,0.2734853,0.2332486
32.420002,0.2561192,0.2363409
32.4300003,0.260027,0.2336007
32.4400024,0.2583762,0.2244969
32.4500008,0.2631969,0.2259238
32.4600029,0.261,0.2244238
32.4700012,0.2608471,0.2156612
32.4800034,0.2623497,0.2228277
32.4900017,0.2548369,0.2223807
32.5,0.2712994,0.2179159
32.5100021,0.2655786,0.2252988
32.5200005,0.2593109,0.2245922
32.5300026,0.2599033,0.2249103
32.5400009,0.2694556,0.2259035
32.5500031,0.2621124,0.2246047
32.5600014,0.2613873,0.2376854
32.5699997,0.2665128,0.2366379
32.5800018,0.2683736,0.237304
32.5900002,0.2604628,0.2317014
32.6000023,0.2614462,0.235491
32.6100006,0.2562332,0.2335737
32.6200027,0.2542946,0.2272883
32.6300011,0.2568692,0.2252162
32.6400032,0.2641058,0.2268102
32.6500015,0.2716732,0.2325668
32.6599998,0.272,0.2329666
32.670002,0.2715159,0.2202699
32.6800003,0.2677233,0.2389128
32.6900024,0.2669073,0.2365798
32.7000008,0.2650908,0.2258105
32.7100029,0.2700515,0.2282512
32.7200012,0.2774893,0.2355766
32.7300034,0.2682279,0.232291
32.7400017,0.2803705,0.2327451
32.75,0.2600069,0.232967
32.7600021,0.2549073,0.2423461
32.7700005,0.2574829,0.2353528
32.7800026,0.2584984,0.2420078
32.7900009,0.2589578,0.2311829
32.8000031,0.2710508,0.227824
32.8100014,0.2716048,0.2289678
32.8199997,0.2562437,0.2399019
32.8300018,0.2506475,0.2285126
32.8400002,0.2530461,0.2341669
32.8500023,0.2580133,0.2426753
32.8600006,0.2568739,0.2302068
32.8700027,0.247996,0.2411975
32.8800011,0.2598014,0.2387863
32.8900032,0.2553812,0.232858
32.9000015,0.2659001,0.2400928
32.9099998,0.2584438,0.2339098
32.920002,0.2663194,0.2322024
32.9300003,0.2618416,0.2469127
32.9400024,0.2697302,0.2534356
32.9500008,0.2720199,0.2459355
32.9600029,0.2636048,0.2475878
32.9700012,0.2608031,0.2580772
32.9800034,0.264129,0.2474547
32.9900017,0.260595,0.2440486
33.0,0.255894,0.2415979
33.0100021,0.2483657,0.2459163
33.0200005,0.2583824,0.2426057
33.0300026,0.2498553,0.2513329
33.0400009,0.2530118,0.2450407
33.0500031,0.2416151,0.2368241
33.0600014,0.2533771,0.2372111
33.0699997,0.2538629,0.2352262
33.0800018,0.2505554,0.2306591
33.0900002,0.249252,0.2377844
33.1000023,0.2462401,0.2471022
33.1100006,0.25262,0.2573755
33.1200027,0.251063,0.2516386
33.1300011,0.2504407,0.2431185
33.1400032,0.256367,0.2487269
33.1500015,0.2495667,0.2539604
33.1599998,0.2572199,0.2553622
33.170002,0.2527484,0.2572367
33.1800003,0.2436647,0.2687235
33.1900024,0.2502348,0.2614431
33.2000008,0.2627448,0.2595306
33.2100029,0.2564472,0.2650111
33.2200012,0.2536188,0.2692517
33.2300034,0.2617419,0.2732154
33.2400017,0.256133,0.2513835
33.25,0.2588581,0.243108
33.2600021,0.2570744,0.240942
33.2700005,0.2542149,0.2449944
33.2800026,0.264377,0.2447196
33.2900009,0.2618347,0.2511969
33.3000031,0.2549915,0.2421573
33.3100014,0.2680381,0.2580788
33.3199997,0.2599495,0.2569141
33.3300018,0.2620166,0.255157
33.3400002,0.2636547,0.2493776
33.3500023,0.2557373,0.243918
33.3600006,0.2619533,0.2485327
33.3700027,0.2569422,0.2384573
33.3800011,0.2717162,0.2357854
33.3900032,0.2620236,0.2268437
33.4000015,0.2592548,0.225584
33.4099998,0.2613105,0.231905
33.420002,0.2684357,0.239494
33.4300003,0.2619987,0.2268339
33.4400024,0.2721274,0.2232517
33.4500008,0.2723977,0.2297364
33.4600029,0.2678142,0.2325695
33.4700012,0.2605778,0.218456
33.4800034,0.2643885,0.2158752
33.4900017,0.264338,0.2197053
33.5,0.2585135,0.2246183
33.5100021,0.2655643,0.2284335
33.5200005,0.2655531,0.2224087
33.5300026,0.2634757,0.2297103
33.5400009,0.2473405,0.217053
33.5500031,0.2659103,0.2222875
33.5600014,0.2594618,0.2223059
33.5699997,0.2555128,0.2188211
33.5800018,0.2601418,0.2235415
33.5900002,0.2605746,0.2252052
33.6000023,0.252406,0.2244379
33.6100006,0.2586395,0.2276266
33.6200027,0.2577782,0.2340953
33.6300011,0.2636643,0.2261257
33.6400032,0.2607712,0.219004
33.6500015,0.2560475,0.2299989
33.6599998,0.2545179,0.2362805
33.670002,0.2523088,0.2290007
33.6800003,0.2630883,0.2192996
33.6900024,0.2712403,0.2227845
33.7000008,0.2608217,0.2274438
33.7100029,0.2698942,0.2270681
33.7200012,0.2548424,0.2301873
33.7300034,0.254241,0.2310502
33.7400017,0.2458475,0.2264186
33.75,0.2583327,0.2229128
33.7600021,0.2595583,0.2261939
33.7700005,0.2533522,0.2260529
33.7800026,0.2605624,0.2225497
33.7900009,0.2531436,0.2251194
33.8000031,0.2598777,0.2283985
33.8100014,0.2611372,0.2396739
33.8200035,0.2550274,0.2349811
33.8300018,0.2630335,0.2398912
33.8400002,0.2671981,0.236299
33.8500023,0.2745439,0.2415441
33.8600006,0.2717913,0.2348041
33.8700027,0.2680255,0.2351978
33.8800011,0.2771883,0.2402252
33.8900032,0.2746059,0.2453759
33.9000015,0.2693368,0.24941
33.9099998,0.2731591,0.2416432
33.920002,0.2634187,0.2391212
33.9300003,0.261111,0.2425901
33.9400024,0.2682226,0.23051
33.9500008,0.2644283,0.2449997
33.9600029,0.2739133,0.233021
33.9700012,0.2751839,0.2280185
33.9800034,0.2672991,0.2348317
33.9900017,0.2696542,0.2276892
34.0,0.2632039,0.2302973
34.0100021,0.2612105,0.2281323
34.0200005,0.263753,0.2385259
34.0300026,0.2709247,0.2422622
34.0400009,0.274461,0.2367409
34.0500031,0.2700501,0.2408321
34.0600014,0.2717679,0.2376971
34.0700035,0.2695908,0.2366799
34.0800018,0.2630312,0.2398148
34.0900002,0.2700787,0.2318735
34.1000023,0.2591302,0.2433582
34.1100006,0.2580323,0.2527108
34.1200027,0.2585964,0.2366776
34.1300011,0.2673707,0.2313686
34.1400032,0.2667983,0.2301868
34.1500015,0.2553814,0.2303826
34.1599998,0.2672249,0.2330253
34.170002,0.2573064,0.2424174
34.1800003,0.2602302,0.2355694
34.1900024,0.2639553,0.2397948
34.2000008,0.2653055,0.2403373
34.2100029,0.2589266,0.2351086
34.2200012,0.2719386,0.2329771
34.2300034,0.2740552,0.2335858
34.2400017,0.2727848,0.2398506
34.25,0.2694131,0.2285063
34.2600021,0.276437,0.2259031
34.2700005,0.2745281,0.2262596
34.2800026,0.2816823,0.2287052
34.2900009,0.2775513,0.2207052
34.3000031,0.2738185,0.2271246
34.3100014,0.2624703,0.2197205
34.3200035,0.2703653,0.2212188
34.3300018,0.2689835,0.2234583
34.3400002,0.2656625,0.2267295
34.3500023,0.2618698,0.2228847
34.3600006,0.2625638,0.2302217
34.3700027,0.2675074,0.2362256
34.3800011,0.2710044,0.2318613
34.3900032,0.2685378,0.230051
34.4000015,0.2659824,0.2443128
34.4099998,0.2712126,0.232546
34.420002,0.2707437,0.2344757
34.4300003,0.2731,0.230194
34.4400024,0.278867,0.229829
34.4500008,0.2619368,0.2223221
34.4600029,0.2594292,0.2340106
34.4700012,0.2601764,0.2342395
34.4800034,0.2636063,0.2360276
34.4900017,0.2653823,0.2324366
34.5,0.2662366,0.2358909
34.5100021,0.2641386,0.2329698
34.5200005,0.2718238,0.2357124
34.5300026,0.255509,0.2288127
34.5400009,0.2679032,0.2342515
34.5500031,0.2681651,0.2348583
34.5600014,0.270931,0.2393058
34.5700035,0.2710633,0.2321564
34.5800018,0.2664622,0.2277748
34.5900002,0.2713161,0.2296299
34.6000023,0.2681969,0.235076
34.6100006,0.2664283,0.234704
34.6200027,0.2587138,0.2260396
34.6300011,0.2603979,0.2351922
34.6400032,0.2463377,0.2336845
34.6500015,0.248501,0.2247471
34.6599998,0.2572014,0.2318961
34.670002,0.2526737,0.2217415
34.6800003,0.2494002,0.218889
34.6900024,0.2713172,0.2142401
34.7000008,0.2659924,0.2202675
34.7100029,0.2675704,0.2190916
34.7200012,0.281676,0.2132941
34.7300034,0.2818038,0.2199222
34.7400017,0.2759635,0.2288295
34.75,0.2741372,0.2325726
34.7600021,0.2666156,0.227763
34.7700005,0.2824706,0.2212023
34.7800026,0.2721043,0.233892
34.7900009,0.2613769,0.2133669
34.8000031,0.2652209,0.215104
34.8100014,0.2619297,0.2160971
34.8200035,0.2737472,0.2214919
34.8300018,0.2668618,0.222085
34.8400002,0.2679801,0.2170746
34.8500023,0.2501222,0.2297703
34.8600006,0.246436,0.2319564
34.8700027,0.2557835,0.2277574
34.8800011,0.2564853,0.2196017
34.8900032,0.2508698,0.2181758
34.9000015,0.2468051,0.2081175
34.9099998,0.2639982,0.2044491
34.920002,0.2649212,0.2131221
34.9300003,0.2760617,0.2125215
34.9400024,0.2652583,0.204516
34.9500008,0.2734944,0.2070916
34.9600029,0.2585506,0.2110666
34.9700012,0.261696,0.2168245
34.9800034,0.2587905,0.2094879
34.9900017,0.2465022,0.2167705
35.0,0.2557248,0.2246872
35.0100021,0.2677391,0.2243592
35.0200005,0.2634107,0.2270001
35.0300026,0.2623846,0.2226608
35.0400009,0.2593492,0.2262297
35.0500031,0.2534229,0.2108592
35.0600014,0.2628753,0.2151717
35.0700035,0.2576301,0.2174775
35.0800018,0.2675468,0.2300928
35.0900002,0.2588321,0.230573
35.1000023,0.2753496,0.222993
35.1100006,0.2675305,0.2248496
35.1200027,0.2621369,0.2285803
35.1300011,0.2599045,0.2259883
35.1400032,0.2647083,0.23907
35.1500015,0.2573124,0.2407053
35.1599998,0.2676433,0.231378
35.170002,0.2559538,0.2273194
35.1800003,0.2566033,0.2337648
35.1900024,0.2539558,0.2334488
35.2000008,0.2542639,0.2380849
35.2100029,0.2599644,0.2262187
35.2200012,0.2684395,0.2224862
35.2300034,0.2747314,0.2216744
35.2400017,0.2718582,0.2268932
35.25,0.2816178,0.2164442
35.2600021,0.2697442,0.2315453
35.2700005,0.2945507,0.2183873
35.2800026,0.2813108,0.2223139
35.2900009,0.2834192,0.2358232
35.3000031,0.2640108,0.2316874
35.3100014,0.2670904,0.2255492
35.3200035,0.2594922,0.2222363
35.3300018,0.2653302,0.2264269
35.3400002,0.2523828,0.2350259
35.3500023,0.2508492,0.2306778
35.3600006,0.2573628,0.2297798
35.3700027,0.2601787,0.2334093
35.3800011,0.2588324,0.2330982
35.3900032,0.2584015,0.2359199
35.4000015,0.261067,0.2319596
35.4099998,0.2701707,0.2294834
35.420002,0.2706387,0.2283583
35.4300003,0.2714933,0.2174177
35.4400024,0.2579611,0.2235519
35.4500008,0.2622418,0.2316748
35.4600029,0.2623539,0.2286831
35.4700012,0.2505438,0.2304769
35.4800034,0.2636599,0.2305658
35.4900017,0.2574479,0.222717
35.5,0.26707,0.2198629
35.5100021,0.2560676,0.2230926
35.5200005,0.2662674,0.2184719
35.5300026,0.2656789,0.2253126
35.5400009,0.2599176,0.2227458
35.5500031,0.2524536,0.2267843
35.5600014,0.2614028,0.2315073
35.5700035,0.265244,0.2280372
35.5800018,0.2502517,0.2250043
35.5900002,0.2546891,0.2286443
35.6000023,0.2542439,0.2208493
35.6100006,0.2599204,0.2240322
35.6200027,0.2578348,0.2262783
35.6300011,0.2501532,0.2210192
35.6400032,0.2529421,0.2312862
35.6500015,0.2544473,0.2310205
35.6599998,0.2565421,0.2157127
35.670002,0.2522336,0.2274365
35.6800003,0.2448564,0.2176665
35.6900024,0.2489841,0.223153
35.7000008,0.2469633,0.2229231
35.7100029,0.2547369,0.2211417
35.7200012,0.2519129,0.2207754
35.7300034,0.254445,0.2301896
35.7400017,0.2446555,0.2233436
35.75,0.2646674,0.2192134
35.7600021,0.261546,0.2235435
35.7700005,0.265643,0.2259847
35.7800026,0.2637343,0.2206939
35.7900009,0.2578706,0.2284534
35.8000031,0.2665062,0.2304976
35.8100014,0.2719288,0.2216577
35.8200035,0.2631603,0.2190666
35.8300018,0.2635989,0.2183516
35.8400002,0.2598865,0.2232506
35.8500023,0.269713,0.2162632
35.8600006,0.2743773,0.2215126
35.8700027,0.2731671,0.212635
35.8800011,0.2777595,0.221044
35.8900032,0.2772971,0.214691
35.9000015,0.2698527,0.2261955
35.9099998,0.2813367,0.2197491
35.920002,0.2753576,0.2152775
35.9300003,0.277695,0.2117965
35.9400024,0.2684631,0.214445
35.9500008,0.2878865,0.2160515
35.9600029,0.286478,0.2196509
35.9700012,0.279008,0.2232239
35.9800034,0.2617308,0.2274564
35.9900017,0.2768124,0.224847
36.0,0.2792692,0.2306035
36.0100021,0.2742906,0.2382411
36.0200005,0.2704346,0.2356452
36.0300026,0.2739816,0.2270072
36.0400009,0.2686051,0.2272761
36.0500031,0.2732488,0.2282527
36.0600014,0.2766257,0.2328169
36.0700035,0.2776102,0.2324402
36.0800018,0.2768269,0.2308822
36.0900002,0.259362,0.2377483
36.1000023,0.2736927,0.2244038
36.1100006,0.276125,0.2281747
36.1200027,0.278102,0.2217317
36.1300011,0.2764371,0.2222944
36.1400032,0.274737,0.2233712
36.1500015,0.2672816,0.2168775
36.1599998,0.2705934,0.2241422
36.170002,0.2653812,0.2266227
36.1800003,0.2647539,0.2240953
36.1900024,0.2655829,0.2240695
36.2000008,0.2686471,0.220786
36.2100029,0.2622625,0.2280048
36.2200012,0.2627275,0.2236312
36.2300034,0.2636411,0.2246286
36.2400017,0.2670876,0.2263976
36.25,0.2741566,0.2265809
36.2600021,0.2687907,0.2252229
36.2700005,0.2676946,0.2289569
36.2800026,0.2699906,0.2332091
36.2900009,0.267276,0.2372675
36.3000031,0.2710682,0.2258244
36.3100014,0.2721825,0.2280978
36.3200035,0.2531895,0.2340782
36.3300018,0.2663029,0.2416953
36.3400002,0.2683787,0.2444973
36.3500023,0.2625802,0.2290179
36.3600006,0.2716269,0.2358837
36.3700027,0.2685339,0.2265524
36.3800011,0.2707784,0.2296106
36.3900032,0.2807854,0.2285243
36.4000015,0.2701347,0.2278955
36.4099998,0.2638279,0.227863
36.420002,0.268169,0.2232307
36.4300003,0.2755438,0.2271855
36.4400024,0.2649197,0.2221454
36.4500008,0.2818882,0.2220711
36.4600029,0.2778201,0.2260798
36.4700012,0.2702486,0.2194485
36.4800034,0.2730021,0.2181724
36.4900017,0.2771904,0.2280091
36.5,0.2752236,0.2281679
36.5100021,0.2719926,0.2275822
36.5200005,0.2805614,0.2275933
36.5300026,0.2843113,0.2390887
36.5400009,0.2742055,0.2303336
36.5500031,0.2735595,0.2254644
36.5600014,0.272314,0.2321185
36.5700035,0.2771057,0.2305193
36.5800018,0.2731608,0.2443612
36.5900002,0.2725456,0.2436221
36.6000023,0.2803015,0.236672
36.6100006,0.2683127,0.2408952
36.6200027,0.2676695,0.229741
36.6300011,0.2699232,0.2378227
36.6400032,0.2730818,0.2294582
36.6500015,0.2660257,0.231988
36.6599998,0.269881,0.2331571
36.670002,0.2675644,0.2302999
36.6800003,0.2720876,0.2278955
36.6900024,0.2626131,0.2236031
36.7000008,0.2690552,0.2294972
36.7100029,0.2668176,0.2293032
36.7200012,0.2569574,0.2349244
36.7300034,0.2549809,0.2298028
36.7400017,0.2553654,0.2301392
36.75,0.2647926,0.2234961
36.7600021,0.2576363,0.2343238
36.7700005,0.2563211,0.230615
36.7800026,0.2564099,0.2257063
36.7900009,0.2536345,0.2245339
36.8000031,0.2563296,0.2249498
36.8100014,0.2602406,0.2269627
36.8200035,0.2551461,0.2283812
36.8300018,0.2612864,0.2256582
36.8400002,0.2521534,0.2259186
36.8500023,0.2549703,0.2279939
36.8600006,0.2677985,0.234343
36.8700027,0.2661613,0.2364484
36.8800011,0.2641898,0.2351193
36.8900032,0.2648299,0.2209056
36.9000015,0.260008,0.2261061
36.9099998,0.2563199,0.2245448
36.920002,0.2522978,0.2276083
36.9300003,0.2491939,0.2260503
36.9400024,0.2558956,0.2219997
36.9500008,0.2592296,0.2193381
36.9600029,0.263513,0.2229667
36.9700012,0.2654272,0.220942
36.9800034,0.2665109,0.2264087
36.9900017,0.2667553,0.2297562
37.0,0.2578262,0.2279036
37.0100021,0.2671049,0.2265019
37.0200005,0.2646928,0.2213622
37.0300026,0.264355,0.2209387
37.0400009,0.2616595,0.2256959
37.0500031,0.2685948,0.2162445
37.0600014,0.2714913,0.2158736
37.0700035,0.2713294,0.2093134
37.0800018,0.2710842,0.2195976
37.0900002,0.267478,0.2208623
37.1000023,0.2641021,0.2191501
37.1100006,0.264514,0.2213642
37.1200027,0.2693867,0.2163972
37.1300011,0.2607812,0.2245901
37.1400032,0.2726451,0.2211141
37.1500015,0.2736316,0.2257415
37.1600037,0.2772382,0.2318021
37.170002,0.2600647,0.2304801
37.1800003,0.2522525,0.228885
37.1900024,0.2667626,0.2359742
37.2000008,0.2554377,0.2399184
37.2100029,0.2580507,0.2243478
37.2200012,0.2585135,0.231451
37.2300034,0.2651296,0.2210698
37.2400017,0.2556936,0.2276319
37.25,0.2520841,0.2241118
37.2600021,0.2611237,0.2273859
37.2700005,0.2556261,0.2268803
37.2800026,0.2594728,0.220514
37.2900009,0.2572099,0.2129965
37.3000031,0.2545766,0.2157348
37.3100014,0.2525723,0.2205105
37.3200035,0.2606549,0.2127366
37.3300018,0.2644662,0.2086458
37.3400002,0.2627627,0.215486
37.3500023,0.2631664,0.213324
37.3600006,0.2703949,0.215564
37.3700027,0.2669036,0.2096561
37.3800011,0.2543351,0.2170022
37.3900032,0.2560191,0.2153049
37.4000015,0.2592742,0.2205134
37.4100037,0.2571678,0.2241948
37.420002,0.2581017,0.2226434
37.4300003,0.2571256,0.2321264
37.4400024,0.2641486,0.2238458
37.4500008,0.2473042,0.225177
37.4600029,0.2502272,0.2248007
37.4700012,0.2596387,0.2281357
37.4800034,0.2660567,0.2261426
37.4900017,0.2618487,0.224373
37.5,0.2646708,0.2165506
37.5100021,0.271659,0.2166495
37.5200005,0.2714978,0.2164976
37.5300026,0.2671859,0.2244661
37.5400009,0.2687715,0.2249014
37.5500031,0.2719755,0.2196632
37.5600014,0.2650098,0.2199279
37.5700035,0.273822,0.2272632
37.5800018,0.2760007,0.2240638
37.5900002,0.2715092,0.2240709
37.6000023,0.2628692,0.2225338
37.6100006,0.2692033,0.2240167
37.6200027,0.2705432,0.2217218
37.6300011,0.2757899,0.2283002
37.6400032,0.2808433,0.2313973
37.6500015,0.2740556,0.2192347
37.6600037,0.2720196,0.2225543
37.670002,0.271242,0.217288
37.6800003,0.2757254,0.2254035
37.6900024,0.2753119,0.2175051
37.7000008,0.2734535,0.2195009
37.7100029,0.2717396,0.2237729
37.7200012,0.2774867,0.2133799
37.7300034,0.2754076,0.2109767
37.7400017,0.2811199,0.2190261
37.75,0.275065,0.2245196
37.7600021,0.2711076,0.2137337
37.7700005,0.2626536,0.2114364
37.7800026,0.2728795,0.2096759
37.7900009,0.2764093,0.201904
37.8000031,0.2756718,0.2118955
37.8100014,0.258956,0.2138782
37.8200035,0.2673836,0.2097026
37.8300018,0.2721632,0.2110749
37.8400002,0.2642176,0.217038
37.8500023,0.2658752,0.2145849
37.8600006,0.2714429,0.2175834
37.8700027,0.2684873,0.2166395
37.8800011,0.2687071,0.2180265
37.8900032,0.2707095,0.214684
37.9000015,0.2654294,0.2100389
37.9100037,0.2723005,0.2174679
37.920002,0.2671905,0.2184854
37.9300003,0.262762,0.222067
37.9400024,0.2667915,0.2174685
37.9500008,0.2652995,0.2196497
37.9600029,0.2618806,0.2096403
37.9700012,0.2678064,0.2186361
37.9800034,0.2655022,0.217858
37.9900017,0.2667203,0.2159505
38.0,0.2680283,0.2075368
38.0100021,0.2683733,0.2132687
38.0200005,0.2661951,0.220631
38.0300026,0.2652407,0.2215563
38.0400009,0.2632501,0.2149207
38.0500031,0.2672758,0.224092
38.0600014,0.2743853,0.2199799
38.0700035,0.2662221,0.2154236
38.0800018,0.2653312,0.2128668
38.0900002,0.2639206,0.2139091
38.1000023,0.2692448,0.2215235
38.1100006,0.2652844,0.2182914
38.1200027,0.2596203,0.2247201
38.1300011,0.2610273,0.2196401
38.1400032,0.2640521,0.2182169
38.1500015,0.2656972,0.2237627
38.1600037,0.261777,0.2197778
38.170002,0.2643294,0.2165885
38.1800003,0.2645485,0.2339898
38.1900024,0.2621664,0.2296883
38.2000008,0.2628126,0.2189742
38.2100029,0.2617325,0.2201884
38.2200012,0.2710622,0.2256669
38.2300034,0.2642508,0.2277855
38.2400017,0.2579201,0.2231193
38.25,0.2571232,0.2321831
38.2600021,0.2708706,0.2232569
38.2700005,0.2683983,0.2322928
38.2800026,0.2632251,0.2378041
38.2900009,0.2627852,0.2311681
38.3000031,0.2738886,0.232793
38.3100014,0.2707836,0.2309922
38.3200035,0.2857835,0.221997
38.3300018,0.2790017,0.2311672
38.3400002,0.2722971,0.2344934
38.3500023,0.2747858,0.2243932
38.3600006,0.2769144,0.2260898
38.3700027,0.2752191,0.2302055
38.3800011,0.2738052,0.2270262
38.3900032,0.2673589,0.2259807
38.4000015,0.2705645,0.2261354
38.4100037,0.2702374,0.2278806
38.420002,0.2734761,0.2295499
38.4300003,0.2608804,0.2217244
38.4400024,0.2688768,0.2221206
38.4500008,0.2696014,0.2242828
38.4600029,0.2722575,0.225652
38.4700012,0.269599,0.229185
38.4800034,0.2645219,0.231874
38.4900017,0.2704789,0.2417646
38.5,0.2685487,0.2407639
38.5100021,0.2662288,0.2363161
38.5200005,0.2673513,0.2359665
38.5300026,0.2549243,0.2415578
38.5400009,0.2638721,0.2389303
38.5500031,0.2736858,0.2355966
38.5600014,0.2666005,0.2267175
38.5700035,0.2738725,0.236079
38.5800018,0.2699935,0.2445351
38.5900002,0.2648236,0.2321347
38.6000023,0.2739509,0.2448011
38.6100006,0.2735064,0.2370842
38.6200027,0.2714154,0.2341491
38.6300011,0.2680867,0.2311544
38.6400032,0.2623487,0.2226173
38.6500015,0.2545192,0.2199114
38.6600037,0.2615215,0.2135395
38.670002,0.2687561,0.2254686
38.6800003,0.2558764,0.220095
38.6900024,0.2554771,0.2226054
38.7000008,0.2458748,0.2125982
38.7100029,0.2559967,0.2210799
38.7200012,0.2540545,0.2195599
38.7300034,0.2578097,0.2125033
38.7400017,0.2528735,0.2181488
38.75,0.2521603,0.2290245
38.7600021,0.2533113,0.2226985
38.7700005,0.249879,0.2150954
38.7800026,0.2421515,0.2137577
38.7900009,0.2480229,0.221353
38.8000031,0.2499082,0.2163392
38.8100014,0.2540186,0.2245182
38.8200035,0.2455597,0.2321725
38.8300018,0.2492348,0.2303365
38.8400002,0.2442412,0.2237426
38.8500023,0.2448374,0.2326477
38.8600006,0.2535011,0.2311156
38.8700027,0.2540332,0.2342018
38.8800011,0.2385729,0.2303594
38.8900032,0.2543074,0.2359321
38.9000015,0.2508881,0.2265619
38.9100037,0.2601586,0.2218186
38.920002,0.2492322,0.2278689
38.9300003,0.255962,0.2340191
38.9400024,0.2552156,0.2248265
38.9500008,0.2505212,0.2161487
38.9600029,0.2523683,0.2229537
38.9700012,0.2447923,0.2232688
38.9800034,0.2482011,0.2343903
38.9900017,0.2509229,0.2406996
39.0,0.2497433,0.2316232
39.0100021,0.2437139,0.2341805
39.0200005,0.2424578,0.2357153
39.0300026,0.2396949,0.2262773
39.0400009,0.2434832,0.2318357
39.0500031,0.2419383,0.2242812
39.0600014,0.2380815,0.2389491
39.0700035,0.2422966,0.2305771
39.0800018,0.2429479,0.2263997
39.0900002,0.2560819,0.2299493
39.1000023,0.2491323,0.2238001
39.1100006,0.2496551,0.2308569
39.1200027,0.2417011,0.2270552
39.1300011,0.2564914,0.2237668
39.1400032,0.2487182,0.2333172
39.1500015,0.2390486,0.2289137
39.1600037,0.2488147,0.2376025
39.170002,0.2405983,0.2316615
39.1800003,0.2424735,0.2253473
39.1900024,0.2398064,0.2361249
39.2000008,0.2507928,0.236748
39.2100029,0.2443213,0.2411553
39.2200012,0.2546631,0.2427191
39.2300034,0.2541077,0.2459117
39.2400017,0.2548371,0.2417042
39.25,0.2586498,0.2334617
39.2600021,0.2556267,0.2172493
39.2700005,0.2625796,0.2288373
39.2800026,0.2720691,0.2374881
39.2900009,0.2581252,0.229138
39.3000031,0.249889,0.2240257
39.3100014,0.2382866,0.2300792
39.3200035,0.2464035,0.2372123
39.3300018,0.2426587,0.2283683
39.3400002,0.2541839,0.2416142
39.3500023,0.2485384,0.2330429
39.3600006,0.2475913,0.2411115
39.3700027,0.2454124,0.2358041
39.3800011,0.2503999,0.2308613
39.3900032,0.2565603,0.2377251
39.4000015,0.2583771,0.2430495
39.4100037,0.2610773,0.2488588
39.420002,0.2593194,0.2391675
39.4300003,0.2612378,0.2393641
39.4400024,0.2703221,0.2396021
39.4500008,0.2680932,0.2349775
39.4600029,0.2683792,0.2377087
39.4700012,0.2681733,0.2403976
39.4800034,0.2564395,0.2425856
39.4900017,0.2578006,0.2314557
39.5,0.2533895,0.2385992
39.5100021,0.2557397,0.2399021
39.5200005,0.2539757,0.2449129
39.5300026,0.2604409,0.2270313
39.5400009,0.2590523,0.23262
39.5500031,0.2539451,0.2311321
39.5600014,0.2728476,0.2358804
39.5700035,0.2653953,0.2331987
39.5800018,0.2647463,0.2323528
39.5900002,0.2684804,0.2279216
39.6000023,0.2615045,0.2385993
39.6100006,0.2653994,0.240164
39.6200027,0.2589057,0.237801
39.6300011,0.2549217,0.2367042
39.6400032,0.2554356,0.2340862
39.6500015,0.2581885,0.239166
39.6600037,0.263774,0.2328409
39.670002,0.2628399,0.2509656
39.6800003,0.2660394,0.2392423
39.6900024,0.2635005,0.233958
39.7000008,0.2632252,0.2323534
39.7100029,0.2537574,0.2345004
39.7200012,0.2593632,0.2309946
39.7300034,0.2777782,0.2373292
39.7400017,0.2696857,0.2475828
39.75,0.2649066,0.2388765
39.7600021,0.2686898,0.2385176
39.7700005,0.2718325,0.2314699
39.7800026,0.2574226,0.229937
39.7900009,0.2544222,0.2265575
39.8000031,0.2600199,0.2224528
39.8100014,0.2632959,0.2278264
39.8200035,0.2473587,0.2337637
39.8300018,0.2500973,0.2373853
39.8400002,0.2634615,0.2427734
39.8500023,0.2690755,0.2304811
39.8600006,0.2594575,0.2334657
39.8700027,0.2508795,0.2367637
39.8800011,0.2639033,0.2244915
39.8900032,0.2654481,0.2398036
39.9000015,0.2637073,0.2204632
39.9100037,0.2668805,0.2299127
39.920002,0.2703881,0.2295372
39.9300003,0.2778568,0.2346811
39.9400024,0.2626302,0.2440612
39.9500008,0.2613391,0.2363555
39.9600029,0.2729866,0.2408861
39.9700012,0.2694703,0.2470676
39.9800034,0.2767281,0.2386663
39.9900017,0.2621466,0.2423902
40.0,0.256137,0.2507359
40.0100021,0.2611658,0.2394682
40.0200005,0.254723,0.2532495
40.0300026,0.2619779,0.2350556
40.0400009,0.2652146,0.2370221
40.0500031,0.2616879,0.244822
40.0600014,0.2547782,0.2462132
40.0700035,0.2540666,0.2396311
40.0800018,0.2524229,0.239912
40.0900002,0.2549184,0.2271921
40.1000023,0.2567498,0.2340463
40.1100006,0.2580449,0.2287854
40.1200027,0.2668041,0.228702
40.1300011,0.2630413,0.2215474
40.1400032,0.2580582,0.2210997
40.1500015,0.2532209,0.2240906
40.1600037,0.2468619,0.2281752
40.170002,0.2559156,0.2271847
40.1800003,0.2558085,0.2297909
40.1900024,0.2601564,0.2289297
40.2000008,0.2633571,0.2229576
40.2100029,0.2632507,0.219148
40.2200012,0.2644857,0.2274707
40.2300034,0.2658446,0.2225517
40.2400017,0.2582524,0.2159222
40.2500038,0.2531644,0.2278229
40.2600021,0.2546364,0.2214631
40.2700005,0.2580477,0.2248007
40.2800026,0.2688773,0.2193836
40.2900009,0.2624744,0.2212753
40.3000031,0.2655879,0.2248939
40.3100014,0.2672533,0.2250302
40.3200035,0.2702686,0.2376886
40.3300018,0.2731348,0.2351529
40.3400002,0.2771625,0.2334554
40.3500023,0.2648788,0.2407775
40.3600006,0.2717722,0.2367648
40.3700027,0.2704124,0.2287695
40.3800011,0.2737179,0.2288192
40.3900032,0.261049,0.2222091
40.4000015,0.2651729,0.2272275
40.4100037,0.2665826,0.2297556
40.420002,0.2751093,0.2303679
40.4300003,0.2685623,0.2275426
40.4400024,0.2616299,0.2253093
40.4500008,0.261592,0.2270011
40.4600029,0.2657221,0.2346026
40.4700012,0.2658261,0.2343985
40.4800034,0.2651362,0.2366506
40.4900017,0.2648711,0.2351377
40.5000038,0.2692044,0.2355837
40.5100021,0.2626252,0.2287802
40.5200005,0.2639446,0.2365375
40.5300026,0.260748,0.2363569
40.5400009,0.2510121,0.2316252
40.5500031,0.2517085,0.2269147
40.5600014,0.2621822,0.2296499
40.5700035,0.2511167,0.2275002
40.5800018,0.2567316,0.2176602
40.5900002,0.2574839,0.2158512
40.6000023,0.2560369,0.2260607
40.6100006,0.2622347,0.2222059
40.6200027,0.2538638,0.2181946
40.6300011,0.2512106,0.226446
40.6400032,0.2636638,0.2313459
40.6500015,0.2756448,0.2270625
40.6600037,0.2701274,0.2234452
40.670002,0.268917,0.2205319
40.6800003,0.2687513,0.2232527
40.6900024,0.2636299,0.2262202
40.7000008,0.2622608,0.2250123
40.7100029,0.2573124,0.2252267
40.7200012,0.2631391,0.2252827
40.7300034,0.2558827,0.2232911
40.7400017,0.263932,0.2320033
40.7500038,0.2680305,0.2379622
40.7600021,0.271902,0.2309081
40.7700005,0.2706694,0.2315979
40.7800026,0.2582443,0.2267395
40.7900009,0.2605081,0.2318294
40.8000031,0.2519306,0.2254367
40.8100014,0.2530447,0.2303577
40.8200035,0.2573464,0.2258126
40.8300018,0.2534588,0.2176065
40.8400002,0.2572525,0.2202739
40.8500023,0.2551745,0.2356339
40.8600006,0.2645774,0.2247612
40.8700027,0.2628705,0.2259267
40.8800011,0.2603776,0.2218078
40.8900032,0.2615352,0.2323443
40.9000015,0.2635119,0.2298418
40.9100037,0.2663911,0.2272164
40.920002,0.2690373,0.2274191
40.9300003,0.2777555,0.2337735
40.9400024,0.2651587,0.2196174
40.9500008,0.2570644,0.2242819
40.9600029,0.2552544,0.23565
40.9700012,0.2613445,0.2316345
40.9800034,0.269112,0.2301397
40.9900017,0.2652946,0.2283094
41.0000038,0.2648967,0.2345044
41.0100021,0.2630689,0.2336708
41.0200005,0.2617922,0.2329935
41.0300026,0.273284,0.2294397
41.0400009,0.2667193,0.2315929
41.0500031,0.2735605,0.2440462
41.0600014,0.2669413,0.2408071
41.0700035,0.2805818,0.2450049
41.0800018,0.2735154,0.2337641
41.0900002,0.2780691,0.2261179
41.1000023,0.2675434,0.2364082
41.1100006,0.2680633,0.2298714
41.1200027,0.2600915,0.2289559
41.1300011,0.2607177,0.2315738
41.1400032,0.2573149,0.2305039
41.1500015,0.2617754,0.2199787
41.1600037,0.2672738,0.2258575
41.170002,0.2737754,0.2299526
41.1800003,0.2722898,0.2194308
41.1900024,0.2807826,0.2195091
41.2000008,0.2705221,0.2216414
41.2100029,0.2758495,0.2322834
41.2200012,0.2576932,0.2245571
41.2300034,0.2665556,0.2364388
41.2400017,0.2627633,0.2304813
41.2500038,0.2694492,0.2320076
41.2600021,0.26746,0.2259836
41.2700005,0.2628232,0.2297108
41.2800026,0.2590038,0.2173111
41.2900009,0.2524668,0.2221465
41.3000031,0.2465423,0.2189319
41.3100014,0.2447793,0.2185237
41.3200035,0.2594158,0.2265289
41.3300018,0.2538649,0.2245468
41.3400002,0.2519377,0.2202654
41.3500023,0.2531438,0.2277856
41.3600006,0.2644717,0.2278956
41.3700027,0.2661334,0.2238868
41.3800011,0.2777278,0.2273072
41.3900032,0.2725022,0.2229403
41.4000015,0.2744098,0.2337313
41.4100037,0.2697036,0.2276319
41.420002,0.2635736,0.2262151
41.4300003,0.2620658,0.232153
41.4400024,0.2610358,0.2321771
41.4500008,0.2620769,0.2180995
41.4600029,0.2645074,0.2357536
41.4700012,0.2575816,0.2245723
41.4800034,0.2596542,0.2311698
41.4900017,0.2574345,0.2293487
41.5000038,0.2670529,0.2317161
41.5100021,0.2581617,0.2293606
41.5200005,0.2673412,0.2373656
41.5300026,0.2686585,0.2288415
41.5400009,0.2629796,0.2392051
41.5500031,0.266365,0.2369403
41.5600014,0.2619393,0.2378994
41.5700035,0.2792727,0.238967
41.5800018,0.2674354,0.2321375
41.5900002,0.2686094,0.232577
41.6000023,0.2598132,0.2283789
41.6100006,0.2699142,0.2381004
41.6200027,0.2759374,0.2358802
41.6300011,0.2739228,0.2315047
41.6400032,0.2705459,0.2341337
41.6500015,0.2602988,0.2278181
41.6600037,0.2753096,0.2402535
41.670002,0.2655688,0.2378595
41.6800003,0.2552503,0.2396905
41.6900024,0.26054,0.2486226
41.7000008,0.2657405,0.2423792
41.7100029,0.266969,0.2362793
41.7200012,0.2750852,0.2408682
41.7300034,0.2672175,0.2447808
41.7400017,0.2700388,0.235871
41.7500038,0.287545,0.243812
41.7600021,0.274818,0.2334131
41.7700005,0.2729273,0.236292
41.7800026,0.2671716,0.2318625
41.7900009,0.26221,0.2347336
41.8000031,0.2626465,0.2393543
41.8100014,0.2577163,0.2384332
41.8200035,0.2678845,0.2369857
41.8300018,0.2561453,0.2402345
41.8400002,0.2594929,0.2308865
41.8500023,0.2567491,0.2300114
41.8600006,0.2615273,0.233022
41.8700027,0.2536103,0.2344209
41.8800011,0.2562716,0.2410767
41.8900032,0.2546678,0.2319884
41.9000015,0.2584466,0.2232466
41.9100037,0.2592438,0.221744
41.920002,0.2629576,0.2312027
41.9300003,0.2563417,0.2312437
41.9400024,0.2546153,0.2273709
41.9500008,0.2475502,0.2381603
41.9600029,0.2459916,0.2381091
41.9700012,0.2521816,0.2338194
41.9800034,0.256746,0.2375687
41.9900017,0.2600165,0.2299969
42.0000038,0.2522715,0.2343252
42.0100021,0.2521963,0.2303562
42.0200005,0.2575026,0.2314454
42.0300026,0.2567374,0.2348958
42.0400009,0.2604817,0.2316805
42.0500031,0.2540854,0.237294
42.0600014,0.2490295,0.2446087
42.0700035,0.2701522,0.2423234
42.0800018,0.2638776,0.2455219
42.0900002,0.2612965,0.2423458
42.1000023,0.2572747,0.2418315
42.1100006,0.259302,0.2445361
42.1200027,0.2554874,0.2393848
42.1300011,0.2549421,0.2454895
42.1400032,0.2539424,0.2409145
42.1500015,0.253211,0.2398736
42.1600037,0.2480892,0.2394367
42.170002,0.2573493,0.2446305
42.1800003,0.2521526,0.2364888
42.1900024,0.2511447,0.2503394
42.2000008,0.2578359,0.2498752
42.2100029,0.2698911,0.2459985
42.2200012,0.2630854,0.2414581
42.2300034,0.2646184,0.2386072
42.2400017,0.2649134,0.245416
42.2500038,0.265465,0.236391
42.2600021,0.2629246,0.2363407
42.2700005,0.261222,0.2390968
42.2800026,0.2598389,0.2523789
42.2900009,0.2627208,0.249417
42.3000031,0.2533002,0.2472642
42.3100014,0.2554805,0.2383469
42.3200035,0.2648177,0.2412376
42.3300018,0.2632996,0.234809
42.3400002,0.2653742,0.2285516
42.3500023,0.2657767,0.2461552
42.3600006,0.2617625,0.2353338
42.3700027,0.2660895,0.2320999
42.3800011,0.2669905,0.2281801
42.3900032,0.2668864,0.2418161
42.4000015,0.2600746,0.2463056
42.4100037,0.2715475,0.2426122
42.420002,0.2774924,0.2366154
42.4300003,0.2751673,0.2457848
42.4400024,0.2690815,0.2470011
42.4500008,0.2601622,0.2476204
42.4600029,0.2644937,0.2426648
42.4700012,0.2611061,0.2355747
42.4800034,0.2684625,0.2341041
42.4900017,0.272709,0.2389428
42.5000038,0.2667843,0.2398358
42.5100021,0.2701576,0.230776
42.5200005,0.2536,0.2317379
42.5300026,0.2719839,0.2335251
42.5400009,0.2794845,0.2302062
42.5500031,0.266587,0.2330571
42.5600014,0.2697126,0.2383882
42.5700035,0.2700698,0.2280796
42.5800018,0.2662343,0.2335858
42.5900002,0.2656712,0.245201
42.6000023,0.2599059,0.2361574
42.6100006,0.2648916,0.244907
42.6200027,0.2647498,0.2472627
42.6300011,0.2630686,0.2475304
42.6400032,0.2644252,0.2499578
42.6500015,0.2629462,0.2429822
42.6600037,0.2599598,0.2464421
42.670002,0.2532741,0.2498437
42.6800003,0.2658606,0.2526405
42.6900024,0.2599159,0.2487348
42.7000008,0.2695333,0.2442624
42.7100029,0.265718,0.2541394
42.7200012,0.2633204,0.2506632
42.7300034,0.2656406,0.2569644
42.7400017,0.2665651,0.2631111
42.7500038,0.2612631,0.2560715
42.7600021,0.270477,0.2497977
42.7700005,0.2611678,0.243932
42.7800026,0.2675188,0.2454354
42.7900009,0.2610975,0.251256
42.8000031,0.2650988,0.2583508
42.8100014,0.2678669,0.2593772
42.8200035,0.2574566,0.2526361
42.8300018,0.2585819,0.2506739
42.8400002,0.259494,0.2537458
42.8500023,0.2598705,0.2601668
42.8600006,0.2645729,0.2607821
42.8700027,0.259518,0.2555028
42.8800011,0.2589276,0.2504507
42.8900032,0.2630141,0.2460623
42.9000015,0.2623665,0.2513319
42.9100037,0.2579796,0.2383133
42.920002,0.2616054,0.2426604
42.9300003,0.2595738,0.2419984
42.9400024,0.2531852,0.2330458
42.9500008,0.2510853,0.2250613
42.9600029,0.2458628,0.2412775
42.9700012,0.2540602,0.2385447
42.9800034,0.2440179,0.2366282
42.9900017,0.2526068,0.2404168
43.0000038,0.2587168,0.2332935
43.0100021,0.2500739,0.2287167
43.0200005,0.2555507,0.2203273
43.0300026,0.2578174,0.2287443
43.0400009,0.2515503,0.2405136
43.0500031,0.2632496,0.2314188
43.0600014,0.2547045,0.2375975
43.0700035,0.2532159,0.2283342
43.0800018,0.2618367,0.2326471
43.0900002,0.252772,0.2343702
43.1000023,0.2550964,0.2283013
43.1100006,0.2517278,0.2344137
43.1200027,0.2528382,0.2358414
43.1300011,0.2602602,0.2465354
43.1400032,0.2651727,0.2490061
43.1500015,0.2689574,0.2406125
43.1600037,0.2696443,0.2480169
43.170002,0.2749375,0.2350964
43.1800003,0.2651207,0.2503555
43.1900024,0.2691253,0.2382549
43.2000008,0.2669137,0.2377895
43.2100029,0.2588327,0.2331817
43.2200012,0.2480252,0.2382854
43.2300034,0.2492092,0.2307311
43.2400017,0.2567091,0.2341374
43.2500038,0.2612222,0.2276882
43.2600021,0.2651784,0.238538
43.2700005,0.2575432,0.230429
43.2800026,0.2473731,0.2294375
43.2900009,0.2492774,0.2349459
43.3000031,0.2468936,0.232258
43.3100014,0.2496308,0.2272694
43.3200035,0.2499521,0.2281587
43.3300018,0.2574533,0.2384877
43.3400002,0.2515627,0.2363744
43.3500023,0.2518868,0.2339566
43.3600006,0.2607743,0.2405239
43.3700027,0.2479217,0.2353729
43.3800011,0.249905,0.228124
43.3900032,0.2377533,0.2289471
43.4000015,0.2322374,0.235743
43.4100037,0.2326984,0.23403
43.420002,0.230316,0.2352628
43.4300003,0.2313197,0.2366402
43.4400024,0.2395673,0.2297571
43.4500008,0.2460295,0.234854
43.4600029,0.234102,0.2451789
43.4700012,0.2353557,0.2381739
43.4800034,0.2385505,0.251299
43.4900017,0.2388387,0.2524831
43.5000038,0.2273568,0.2399075
43.5100021,0.2270744,0.2421625
43.5200005,0.2327815,0.2395801
43.5300026,0.2323515,0.2378726
43.5400009,0.2205396,0.238188
43.5500031,0.22882,0.2430539
43.5600014,0.2312927,0.2448815
43.5700035,0.2247706,0.2417129
43.5800018,0.2251201,0.241551
43.590004,0.2212343,0.2422694
43.6000023,0.2315839,0.2328369
43.6100006,0.2205619,0.2379529
43.6200027,0.2263655,0.2329697
43.6300011,0.2218048,0.2384688
43.6400032,0.2276743,0.2322433
43.6500015,0.2238393,0.2420147
43.6600037,0.2272852,0.2343177
43.670002,0.2356348,0.2297449
43.6800003,0.2273253,0.2445381
43.6900024,0.2241398,0.2462087
43.7000008,0.2316933,0.2482221
43.7100029,0.2347324,0.2505265
43.7200012,0.2257536,0.2345158
43.7300034,0.2194798,0.2330821
43.7400017,0.2210736,0.2365067
43.7500038,0.2183208,0.2397769
43.7600021,0.2149753,0.2451072
43.7700005,0.225207,0.2437557
43.7800026,0.2213099,0.2420983
43.7900009,0.2223785,0.239592
43.8000031,0.2244259,0.2439322
43.8100014,0.2229616,0.2420527
43.8200035,0.2387378,0.2445993
43.8300018,0.235767,0.2397643
43.840004,0.2371227,0.2429368
43.8500023,0.2369092,0.2445951
43.8600006,0.2355876,0.2465536
43.8700027,0.2347261,0.248127
43.8800011,0.2382033,0.2450815
43.8900032,0.2381871,0.2507095
43.9000015,0.2519246,0.2464633
43.9100037,0.2487901,0.2382308
43.920002,0.2518728,0.2406876
43.9300003,0.2401727,0.2482918
43.9400024,0.2429255,0.2513031
43.9500008,0.2515178,0.2416327
43.9600029,0.2398607,0.2529306
43.9700012,0.2485407,0.2462263
43.9800034,0.2525487,0.2517195
43.9900017,0.2501194,0.2429774
44.0000038,0.2529951,0.2423169
44.0100021,0.2514931,0.236551
44.0200005,0.2439565,0.2413626
44.0300026,0.2425174,0.2394193
44.0400009,0.2467241,0.2471786
44.0500031,0.2480266,0.2495251
44.0600014,0.245881,0.2522515
44.0700035,0.2466826,0.2631986
44.0800018,0.2515384,0.2570163
44.090004,0.247545,0.2474227
44.1000023,0.2529604,0.2502028
44.1100006,0.2461701,0.2524174
44.1200027,0.2414488,0.24935
44.1300011,0.2429247,0.2441025
44.1400032,0.250209,0.2521026
44.1500015,0.2464331,0.2549739
44.1600037,0.2415824,0.2592451
44.170002,0.2536211,0.251931
44.1800003,0.2461344,0.2458571
44.1900024,0.2562568,0.243055
44.2000008,0.2581474,0.2423139
44.2100029,0.2763146,0.2486343
44.2200012,0.2676817,0.2346327
44.2300034,0.2589067,0.2444012
44.2400017,0.2664385,0.2457901
44.2500038,0.2627855,0.2432113
44.2600021,0.2576485,0.2394185
44.2700005,0.2575449,0.2419478
44.2800026,0.2623009,0.2457765
44.2900009,0.2591232,0.2492552
44.3000031,0.2654106,0.2347283
44.3100014,0.2550266,0.2452864
44.3200035,0.2452936,0.2426877
44.3300018,0.2552711,0.2519507
44.340004,0.2484598,0.2392785
44.3500023,0.2456558,0.2390882
44.3600006,0.2566026,0.2412278
44.3700027,0.2536641,0.2584878
44.3800011,0.2530099,0.2500623
44.3900032,0.256002,0.2422623
44.4000015,0.2476321,0.2505394
44.4100037,0.2494262,0.2506265
44.420002,0.2489194,0.2533825
44.4300003,0.2432318,0.2486283
44.4400024,0.2398149,0.2515645
44.4500008,0.2491456,0.2462766
44.4600029,0.2527138,0.2502674
44.4700012,0.2523645,0.2443341
44.4800034,0.2482396,0.2492041
44.4900017,0.2477532,0.2481894
44.5000038,0.2429732,0.2475816
44.5100021,0.2504322,0.2487479
44.5200005,0.2503652,0.2457994
44.5300026,0.2601883,0.253053
44.5400009,0.2544163,0.2448853
44.5500031,0.2513201,0.252924
44.5600014,0.2500272,0.2517228
44.5700035,0.2441155,0.253699
44.5800018,0.2477971,0.24969
44.590004,0.2532306,0.241699
44.6000023,0.2537694,0.2580083
44.6100006,0.2576961,0.2632628
44.6200027,0.2514132,0.2704308
44.6300011,0.2497617,0.2551381
44.6400032,0.2470115,0.2557607
44.6500015,0.2418572,0.2546294
44.6600037,0.2600715,0.2564095
44.670002,0.2486298,0.2563935
44.6800003,0.2510332,0.2505521
44.6900024,0.255017,0.2524298
44.7000008,0.2524801,0.2512997
44.7100029,0.2455218,0.2345893
44.7200012,0.2517389,0.2604689
44.7300034,0.2573786,0.2529546
44.7400017,0.2563792,0.2445524
44.7500038,0.2581833,0.2416601
44.7600021,0.2541397,0.2390102
44.7700005,0.2492788,0.2411151
44.7800026,0.2532625,0.2485831
44.7900009,0.2523129,0.254026
44.8000031,0.2522532,0.2453619
44.8100014,0.2553245,0.2441541
44.8200035,0.2498481,0.2527578
44.8300018,0.251283,0.2541766
44.840004,0.2516059,0.257296
44.8500023,0.2419811,0.2567427
44.8600006,0.2488947,0.24981
44.8700027,0.2566861,0.2616616
44.8800011,0.2557852,0.2548288
44.8900032,0.2434176,0.2567609
44.9000015,0.2440985,0.2557805
44.9100037,0.2521456,0.252893
44.920002,0.251332,0.2613744
44.9300003,0.2544794,0.2540028
44.9400024,0.2558762,0.2650236
44.9500008,0.2628967,0.2599916
44.9600029,0.2477408,0.254791
44.9700012,0.2491647,0.2528931
44.9800034,0.2465819,0.2614178
44.9900017,0.2503645,0.2507844
45.0000038,0.2474774,0.248715
45.0100021,0.2573208,0.2539024
45.0200005,0.2583543,0.2476694
45.0300026,0.2635291,0.2550408
45.0400009,0.2596668,0.2551379
45.0500031,0.2692914,0.2467276
45.0600014,0.2529356,0.2509891
45.0700035,0.2491284,0.2496613
45.0800018,0.2629271,0.2581219
45.090004,0.2497679,0.2658078
45.1000023,0.253532,0.2581271
45.1100006,0.2582159,0.2470278
45.1200027,0.2514967,0.2614789
45.1300011,0.2419961,0.2454128
45.1400032,0.2473897,0.2594209
45.1500015,0.2455195,0.2525167
45.1600037,0.2487315,0.2485351
45.170002,0.2528618,0.2387976
45.1800003,0.2441637,0.242634
45.1900024,0.255143,0.2482352
45.2000008,0.255979,0.2480398
45.2100029,0.2446538,0.2507734
45.2200012,0.2460362,0.2491641
45.2300034,0.2418692,0.2541306
45.2400017,0.2457883,0.2564765
45.2500038,0.250942,0.2466987
45.2600021,0.243893,0.2410406
45.2700005,0.248144,0.2573994
45.2800026,0.2519016,0.2503397
45.2900009,0.259065,0.2465774
45.3000031,0.2539299,0.2531647
45.3100014,0.259172,0.2541589
45.3200035,0.2578454,0.241079
45.3300018,0.2531471,0.2472994
45.340004,0.2524688,0.2575706
45.3500023,0.2508779,0.261122
45.3600006,0.2506239,0.2545896
45.3700027,0.2616755,0.2399503
45.3800011,0.2572878,0.2455755
45.3900032,0.2487204,0.2515565
45.4000015,0.2540683,0.2430729
45.4100037,0.2529155,0.2523077
45.420002,0.2576573,0.2633049
45.4300003,0.2509739,0.2455766
45.4400024,0.2668632,0.2466646
45.4500008,0.2532728,0.2644828
45.4600029,0.2497101,0.2397726
45.4700012,0.2671713,0.2444692
45.4800034,0.2618605,0.2456322
45.4900017,0.2573561,0.249935
45.5000038,0.2589765,0.2417258
45.5100021,0.2657815,0.2506223
45.5200005,0.272327,0.245621
45.5300026,0.2719742,0.2443656
45.5400009,0.2628528,0.2663732
45.5500031,0.2572286,0.249938
45.5600014,0.2563961,0.2462293
45.5700035,0.2569954,0.2513041
45.5800018,0.2460131,0.2471588
45.590004,0.2441473,0.2497498
45.6000023,0.2494382,0.2532444
45.6100006,0.2485529,0.2515322
45.6200027,0.2451098,0.2529476
45.6300011,0.2485559,0.2461394
45.6400032,0.252921,0.2505243
45.6500015,0.2458794,0.2481811
45.6600037,0.2553127,0.2491557
45.670002,0.2459568,0.2489347
45.6800003,0.2449233,0.2501842
45.6900024,0.2444108,0.2513376
45.7000008,0.258567,0.2604379
45.7100029,0.2495112,0.2438653
45.7200012,0.2597651,0.2414307
45.7300034,0.2534977,0.2506131
45.7400017,0.25831,0.247152
45.7500038,0.2548079,0.2455508
45.7600021,0.25975,0.242734
45.7700005,0.2615888,0.2381079
45.7800026,0.2545057,0.2538463
45.7900009,0.2534982,0.2403919
45.8000031,0.2643622,0.2454109
45.8100014,0.2573521,0.2506579
45.8200035,0.2585189,0.2429076
45.8300018,0.2480717,0.250011
45.840004,0.2509983,0.2561085
45.8500023,0.2564658,0.2472306
45.8600006,0.2465618,0.2377521
45.8700027,0.2491411,0.2459564
45.8800011,0.2516855,0.2468189
45.8900032,0.2524972,0.2373031
45.9000015,0.2539033,0.2401787
45.9100037,0.2498895,0.2372937
45.920002,0.2558053,0.2540819
45.9300003,0.2559015,0.2486923
45.9400024,0.2531536,0.2516524
45.9500008,0.2498552,0.2493196
45.9600029,0.254833,0.251698
45.9700012,0.2497593,0.2416262
45.9800034,0.2562457,0.2467258
45.9900017,0.2553454,0.2391268
46.0000038,0.2588777,0.2354696
46.0100021,0.2501415,0.2420862
46.0200005,0.2524181,0.2462707
46.0300026,0.2595788,0.2382375
46.0400009,0.2573858,0.2361144
46.0500031,0.2517093,0.2323849
46.0600014,0.2553271,0.2389441
46.0700035,0.2500473,0.2317288
46.0800018,0.2497776,0.2367051
46.090004,0.2487594,0.2474942
46.1000023,0.251748,0.245495
46.1100006,0.2514217,0.2520079
46.1200027,0.2581962,0.2586656
46.1300011,0.2580506,0.2472836
46.1400032,0.2563672,0.2416182
46.1500015,0.2457869,0.2513488
46.1600037,0.2540412,0.2442832
46.170002,0.2524905,0.2409904
46.1800003,0.2528965,0.2395344
46.1900024,0.24785,0.2474089
46.2000008,0.2539257,0.2532918
46.2100029,0.2529494,0.2550282
46.2200012,0.2491482,0.241973
46.2300034,0.2505296,0.2476959
46.2400017,0.2479509,0.2503048
46.2500038,0.2559363,0.2404176
46.2600021,0.2538992,0.2448205
46.2700005,0.2561171,0.2474113
46.2800026,0.2674047,0.250649
46.2900009,0.2648732,0.2428875
46.3000031,0.2549531,0.2412414
46.3100014,0.2584259,0.2363088
46.3200035,0.2550633,0.2462507
46.3300018,0.2629595,0.2413303
46.340004,0.2592324,0.2466228
46.3500023,0.2575524,0.2505896
46.3600006,0.2582763,0.2414718
46.3700027,0.2517946,0.2505114
46.3800011,0.2496979,0.2360773
46.3900032,0.2551691,0.2292995
46.4000015,0.2522288,0.2351619
46.4100037,0.2539867,0.23273
46.420002,0.2525709,0.2461257
46.4300003,0.2517188,0.2331437
46.4400024,0.2458946,0.2365398
46.4500008,0.2402857,0.2454477
46.4600029,0.2425247,0.2381862
46.4700012,0.254171,0.2451242
46.4800034,0.2494768,0.2486211
46.4900017,0.2506474,0.2441242
46.5000038,0.2600116,0.2447449
46.5100021,0.2435516,0.2419671
46.5200005,0.2575893,0.2459457
46.5300026,0.2560933,0.2478665
46.5400009,0.2558714,0.233603
46.5500031,0.2526929,0.2342034
46.5600014,0.248001,0.2379666
46.5700035,0.2503538,0.2368745
46.5800018,0.2382874,0.2356957
46.590004,0.2335979,0.2400078
46.6000023,0.2453352,0.2484141
46.6100006,0.2410597,0.253243
46.6200027,0.2477968,0.2556536
46.6300011,0.2411629,0.256612
46.6400032,0.2548623,0.2504137
46.6500015,0.2645532,0.2515854
46.6600037,0.2568384,0.2722762
46.670002,0.2574059,0.2546624
46.6800041,0.2480845,0.2490577
46.6900024,0.2476562,0.2484609
46.7000008,0.2462627,0.2552261
46.7100029,0.2480606,0.2572327
46.7200012,0.2489399,0.2535079
46.7300034,0.2424311,0.2560082
46.7400017,0.2499389,0.2501011
46.7500038,0.257173,0.2623644
46.7600021,0.2569765,0.2515171
46.7700005,0.2485396,0.2556453
46.7800026,0.2500753,0.2619291
46.7900009,0.2709209,0.2529373
46.8000031,0.2558883,0.2500435
46.8100014,0.259176,0.2556155
46.8200035,0.2559615,0.2672346
46.8300018,0.2517414,0.253207
46.840004,0.2540593,0.2578764
46.8500023,0.250243,0.2542975
46.8600006,0.2470729,0.2470144
46.8700027,0.2488539,0.2516762
46.8800011,0.2505673,0.2632718
46.8900032,0.2497574,0.2576051
46.9000015,0.2500507,0.2491719
46.9100037,0.2570057,0.2654246
46.920002,0.2565359,0.2688077
46.9300041,0.2477142,0.2641733
46.9400024,0.2460585,0.2685442
46.9500008,0.2482842,0.2624647
46.9600029,0.2532533,0.270251
46.9700012,0.2549028,0.2695671
46.9800034,0.2593397,0.2669916
46.9900017,0.2595922,0.2639786
47.0000038,0.2544805,0.2798511
47.0100021,0.2465601,0.2541583
47.0200005,0.2535174,0.2659291
47.0300026,0.2531851,0.2628577
47.0400009,0.255889,0.2579495
47.0500031,0.2571161,0.2625135
47.0600014,0.242035,0.2672528
47.0700035,0.2551873,0.2645388
47.0800018,0.2549945,0.2665142
47.090004,0.2608793,0.2747909
47.1000023,0.257515,0.2623115
47.1100006,0.2440404,0.2657153
47.1200027,0.251726,0.260947
47.1300011,0.2549857,0.2662581
47.1400032,0.2572514,0.2545037
47.1500015,0.253491,0.2456373
47.1600037,0.2622301,0.243121
47.170002,0.2517658,0.253202
47.1800041,0.2540527,0.2519215
47.1900024,0.2643717,0.2403401
47.2000008,0.2466774,0.2445803
47.2100029,0.2514106,0.2458403
47.2200012,0.2526508,0.2474065
47.2300034,0.2561622,0.2587317
47.2400017,0.2642522,0.2514541
47.2500038,0.2505011,0.2425846
47.2600021,0.2442522,0.2555932
47.2700005,0.2498299,0.2484733
47.2800026,0.2607982,0.2524898
47.2900009,0.2604496,0.2588075
47.3000031,0.2515674,0.2565961
47.3100014,0.2654734,0.2686616
47.3200035,0.2585566,0.2463675
47.3300018,0.2582929,0.243593
47.340004,0.2523085,0.2538961
47.3500023,0.2523135,0.2453712
47.3600006,0.2501066,0.2530829
47.3700027,0.2463174,0.2596537
47.3800011,0.2610726,0.2545197
47.3900032,0.2542897,0.2575226
47.4000015,0.2469597,0.2589389
47.4100037,0.2442154,0.2596835
47.420002,0.2567709,0.2487168
47.4300041,0.2434944,0.2537726
47.4400024,0.2433234,0.252687
47.4500008,0.2578768,0.2626693
47.4600029,0.2563325,0.2564701
47.4700012,0.253791,0.2529232
47.4800034,0.2516181,0.2560737
47.4900017,0.2487833,0.2539249
47.5000038,0.2527698,0.2586333
47.5100021,0.2555366,0.2508593
47.5200005,0.2592821,0.2516825
47.5300026,0.2641264,0.2471574
47.5400009,0.2612526,0.2573246
47.5500031,0.2491368,0.2574224
47.5600014,0.2635753,0.2543807
47.5700035,0.2722317,0.2468218
47.5800018,0.2597258,0.2522065
47.590004,0.2608402,0.250716
47.6000023,0.2596742,0.2462674
47.6100006,0.2561258,0.2496957
47.6200027,0.2613656,0.262778
47.6300011,0.260092,0.2544207
47.6400032,0.2517181,0.2536089
47.6500015,0.2533115,0.2577873
47.6600037,0.2496248,0.2732477
47.670002,0.2423651,0.2537737
47.6800041,0.2526049,0.2755966
47.6900024,0.2506105,0.2714925
47.7000008,0.2470856,0.2533104
47.7100029,0.2584237,0.2496397
47.7200012,0.2546832,0.2492657
47.7300034,0.2516407,0.2506498
47.7400017,0.2460227,0.2470548
47.7500038,0.2461918,0.2570196
47.7600021,0.2537886,0.2487005
47.7700005,0.2568805,0.254234
47.7800026,0.2613632,0.2595198
47.7900009,0.2504445,0.2557635
47.8000031,0.2466832,0.2553588
47.8100014,0.2469253,0.2617368
47.8200035,0.2502753,0.2613446
47.8300018,0.248168,0.2612208
47.840004,0.2465255,0.2699379
47.8500023,0.2502728,0.2731031
47.8600006,0.2482688,0.2680078
47.8700027,0.2518707,0.2689736
47.8800011,0.2560898,0.2639859
47.8900032,0.2555076,0.2620754
47.9000015,0.2603022,0.2600821
47.9100037,0.2514565,0.2579907
47.920002,0.2406739,0.2618265
47.9300041,0.2502377,0.2550628
47.9400024,0.2509925,0.2450022
47.9500008,0.2536586,0.2548275
47.9600029,0.2520585,0.255325
47.9700012,0.2469964,0.2654424
47.9800034,0.2528815,0.2616118
47.9900017,0.2542673,0.2476715
48.0000038,0.2546095,0.2554824
48.0100021,0.2580399,0.2499133
48.0200005,0.260055,0.2592459
48.0300026,0.2615921,0.2525085
48.0400009,0.2626626,0.250336
48.0500031,0.268192,0.2498601
48.0600014,0.2611582,0.2529137
48.0700035,0.2676769,0.2577186
48.0800018,0.2658539,0.2493746
48.090004,0.2549513,0.2494325
48.1000023,0.2582878,0.2403071
48.1100006,0.2555247,0.2541937
48.1200027,0.255366,0.2526484
48.1300011,0.2538058,0.2556037
48.1400032,0.2677833,0.2532389
48.1500015,0.2586466,0.2534263
48.1600037,0.259474,0.2405063
48.170002,0.2554068,0.2449073
48.1800041,0.2483262,0.2535461
48.1900024,0.2476027,0.2485712
48.2000008,0.2478167,0.2564301
48.2100029,0.2476268,0.2573286
48.2200012,0.2470416,0.263845
48.2300034,0.253658,0.267312
48.2400017,0.2610016,0.2525907
48.2500038,0.2535646,0.2635568
48.2600021,0.255493,0.2619234
48.2700005,0.2624052,0.2502524
48.2800026,0.2602582,0.2539586
48.2900009,0.2574622,0.2503935
48.3000031,0.2615358,0.249013
48.3100014,0.2552759,0.2604184
48.3200035,0.2487482,0.2579828
48.3300018,0.257078,0.2647654
48.340004,0.2548322,0.2684546
48.3500023,0.2580831,0.2656478
48.3600006,0.2576259,0.2629519
48.3700027,0.2506085,0.2748991
48.3800011,0.2589961,0.2583236
48.3900032,0.251569,0.2490539
48.4000015,0.2429559,0.2583244
48.4100037,0.2489047,0.2589179
48.420002,0.253409,0.2541412
48.4300041,0.2543628,0.2438666
48.4400024,0.2628652,0.2347588
48.4500008,0.2570204,0.2463838
48.4600029,0.2608083,0.2422833
48.4700012,0.2700673,0.2421913
48.4800034,0.2639958,0.2437968
48.4900017,0.2704417,0.2467729
48.5000038,0.2613082,0.2531813
48.5100021,0.2605515,0.2628554
48.5200005,0.2645346,0.2634985
48.5300026,0.2552721,0.2634948
48.5400009,0.252468,0.2580693
48.5500031,0.2574503,0.2606819
48.5600014,0.2600873,0.2709363
48.5700035,0.2519666,0.258833
48.5800018,0.246435,0.2485317
48.590004,0.256102,0.2643242
48.6000023,0.2591197,0.2504959
48.6100006,0.2564305,0.2603737
48.6200027,0.2634575,0.2451231
48.6300011,0.2616554,0.2557082
48.6400032,0.2519953,0.2562606
48.6500015,0.2590635,0.2565383
48.6600037,0.2602321,0.2597671
48.670002,0.2429048,0.2545663
48.6800041,0.2503738,0.2516199
48.6900024,0.2571907,0.251882
48.7000008,0.2599447,0.2596444
48.7100029,0.259839,0.2726037
48.7200012,0.2633006,0.2672614
48.7300034,0.2562813,0.2672085
48.7400017,0.2524929,0.2686978
48.7500038,0.257511,0.265633
48.7600021,0.2560309,0.2577543
48.7700005,0.2573324,0.2750159
48.7800026,0.254587,0.2726707
48.7900009,0.2477249,0.2733853
48.8000031,0.2567121,0.2722384
48.8100014,0.2532832,0.2706713
48.8200035,0.2636521,0.278933
48.8300018,0.2605785,0.2803641
48.840004,0.2662546,0.281307
48.8500023,0.2560588,0.2894396
48.8600006,0.2579081,0.2785718
48.8700027,0.2640626,0.2856705
48.8800011,0.2562746,0.2736771
48.8900032,0.263972,0.2691928
48.9000015,0.2614901,0.2604086
48.9100037,0.2562189,0.2648034
48.920002,0.2596275,0.2682769
48.9300041,0.2658919,0.263926
48.9400024,0.2625058,0.2651448
48.9500008,0.2613554,0.2662775
48.9600029,0.2700027,0.2608059
48.9700012,0.2708808,0.2628837
48.9800034,0.2609273,0.2813925
48.9900017,0.2603634,0.2744812
49.0000038,0.2574505,0.2581394
49.0100021,0.2600946,0.2671944
49.0200005,0.265738,0.2771571
49.0300026,0.2698278,0.2787913
49.0400009,0.264083,0.2640283
49.0500031,0.2675249,0.2658468
49.0600014,0.2591802,0.264108
49.0700035,0.2648939,0.2618086
49.0800018,0.2675915,0.266939
49.090004,0.2691802,0.2630884
49.1000023,0.2767141,0.2652154
49.1100006,0.259298,0.2612661
49.1200027,0.2695107,0.2676666
49.1300011,0.257438,0.2657141
49.1400032,0.256266,0.2648083
49.1500015,0.2692462,0.2712036
49.1600037,0.2644511,0.2659386
49.170002,0.2659816,0.2585213
49.1800041,0.2669791,0.2555189
49.1900024,0.2714109,0.2520185
49.2000008,0.2701083,0.2487392
49.2100029,0.2803576,0.2526546
49.2200012,0.2746048,0.2536803
49.2300034,0.2626256,0.267147
49.2400017,0.2624881,0.2636437
49.2500038,0.2538164,0.2520898
49.2600021,0.2711943,0.2611997
49.2700005,0.2670283,0.2550371
49.2800026,0.2758851,0.2673589
49.2900009,0.256561,0.26608
49.3000031,0.2694852,0.2585095
49.3100014,0.2585027,0.2552795
49.3200035,0.2731764,0.2568707
49.3300018,0.285118,0.2669638
49.340004,0.26769,0.2661367
49.3500023,0.2707986,0.2658529
49.3600006,0.268439,0.2768031
49.3700027,0.2638157,0.2696368
49.3800011,0.2708689,0.2625376
49.3900032,0.2613516,0.2590532
49.4000015,0.2680124,0.2676989
49.4100037,0.2642196,0.2546357
49.420002,0.268647,0.2492007
49.4300041,0.2623426,0.2678218
49.4400024,0.2713266,0.2717625
49.4500008,0.2591462,0.261125
49.4600029,0.2729759,0.2709355
49.4700012,0.2656878,0.2680944
49.4800034,0.2589811,0.2634142
49.4900017,0.2628075,0.265101
49.5000038,0.2557245,0.256571
49.5100021,0.2636068,0.2562515
49.5200005,0.2609066,0.2599935
49.5300026,0.2607116,0.270146
49.5400009,0.2620349,0.2576264
49.5500031,0.281284,0.2518651
49.5600014,0.2678757,0.2604055
49.5700035,0.2661791,0.2702921
49.5800018,0.2751436,0.2532513
49.590004,0.2691932,0.2444916
49.6000023,0.2662841,0.2586857
49.6100006,0.2666764,0.2410241
49.6200027,0.2586526,0.2650355
49.6300011,0.2609867,0.2590552
49.6400032,0.2628284,0.2575946
49.6500015,0.2599489,0.2733282
49.6600037,0.2573749,0.2510734
49.670002,0.2578838,0.2525947
49.6800041,0.2555688,0.262096
49.6900024,0.2570247,0.2572129
49.7000008,0.2605532,0.2489354
49.7100029,0.2572223,0.2572928
49.7200012,0.2543873,0.2651227
49.7300034,0.2558351,0.2582435
49.7400017,0.2509754,0.2707941
49.7500038,0.2504771,0.2647514
49.7600021,0.2464918,0.2626804
49.7700005,0.2495675,0.2623248
49.7800026,0.2560864,0.2740159
49.7900009,0.2606146,0.2622307
49.8000031,0.2382458,0.2788055
49.8100014,0.2469936,0.275859
49.8200035,0.2456228,0.2655002
49.8300018,0.2466496,0.2728051
49.840004,0.2383855,0.262998
49.8500023,0.2401454,0.2544346
49.8600006,0.2473492,0.2794791
49.8700027,0.2509234,0.2612183
49.8800011,0.2539304,0.2636408
49.8900032,0.2451081,0.2653294
49.9000015,0.2526322,0.2743742
49.9100037,0.2511962,0.2796425
49.920002,0.24256,0.2680626
49.9300041,0.2575365,0.2782022
49.9400024,0.2552951,0.2756429
49.9500008,0.2525672,0.2663911
49.9600029,0.2491865,0.272739
49.9700012,0.2445949,0.2759718
49.9800034,0.2539316,0.2653679
49.9900017,0.248889,0.2631292
50.0000038,0.2469987,0.2549218
50.0100021,0.2557512,0.2578883
50.0200043,0.2595542,0.2687361
50.0300026,0.2528499,0.2666168
50.0400009,0.2488995,0.2655018
50.0500031,0.2495185,0.2609998
50.0600014,0.2510082,0.2705208
50.0700035,0.2491105,0.2724387
50.0800018,0.2365044,0.2865939
50.090004,0.2495667,0.2700084
50.1000023,0.2492666,0.2682231
50.1100006,0.2607868,0.2716144
50.1200027,0.2617029,0.271673
50.1300011,0.2505738,0.2583923
50.1400032,0.2433109,0.2596247
50.1500015,0.2448675,0.2602602
50.1600037,0.244308,0.2693259
50.170002,0.25045,0.2551237
50.1800041,0.2447627,0.2548979
50.1900024,0.2470105,0.2653911
50.2000008,0.2481936,0.2490531
50.2100029,0.2523354,0.2491056
50.2200012,0.2630817,0.2545166
50.2300034,0.2533886,0.2602667
50.2400017,0.2589999,0.2608758
50.2500038,0.2731396,0.2670782
50.2600021,0.2666457,0.2591543
50.2700043,0.2659829,0.2698443
50.2800026,0.2623109,0.2568537
50.2900009,0.2560772,0.2530305
50.3000031,0.2565385,0.2605729
50.3100014,0.2595667,0.2688206
50.3200035,0.2621099,0.2592038
50.3300018,0.2684239,0.2629391
50.340004,0.2597551,0.2551233
50.3500023,0.2702022,0.2652093
50.3600006,0.2642171,0.2787079
50.3700027,0.2767313,0.2687166
50.3800011,0.2692116,0.2672372
50.3900032,0.2631792,0.2572117
50.4000015,0.2698371,0.2568165
50.4100037,0.2700001,0.2621298
50.420002,0.2805959,0.2638611
50.4300041,0.2759933,0.2560114
50.4400024,0.2637889,0.2556151
50.4500008,0.2649823,0.2469257
50.4600029,0.2550913,0.2654404
50.4700012,0.2601551,0.2609361
50.4800034,0.2624049,0.2650617
50.4900017,0.2576515,0.2731672
50.5000038,0.2555625,0.2578849
50.5100021,0.2548966,0.2592159
50.5200043,0.2549285,0.2539777
50.5300026,0.2589711,0.2629783
50.5400009,0.2555221,0.2682682
50.5500031,0.25083,0.2638188
50.5600014,0.2409161,0.2611297
50.5700035,0.2491465,0.2626818
50.5800018,0.2431322,0.2539783
50.590004,0.2477008,0.2565048
50.6000023,0.2552968,0.2549113
50.6100006,0.2468867,0.2621167
50.6200027,0.2596768,0.2593506
50.6300011,0.2555942,0.2615848
50.6400032,0.2549088,0.257816
50.6500015,0.2531354,0.2630588
50.6600037,0.2579525,0.2724311
50.670002,0.2557404,0.2531854
50.6800041,0.2586975,0.2527724
50.6900024,0.2572667,0.2651946
50.7000008,0.252025,0.2599437
50.7100029,0.2496659,0.2660181
50.7200012,0.2516952,0.2542942
50.7300034,0.254694,0.2618668
50.7400017,0.2632048,0.2594522
50.7500038,0.2577602,0.2544158
50.7600021,0.2607689,0.2566141
50.7700043,0.2536812,0.2551771
50.7800026,0.2574106,0.2577893
50.7900009,0.2508281,0.2435539
50.8000031,0.2519274,0.2419479
50.8100014,0.2523185,0.250847
50.8200035,0.260727,0.2620222
50.8300018,0.2644868,0.2650758
50.840004,0.2611062,0.2605595
50.8500023,0.2575466,0.2632076
50.8600006,0.2503404,0.2515727
50.8700027,0.2473267,0.2479144
50.8800011,0.2514121,0.2491513
50.8900032,0.249504,0.2488109
50.9000015,0.2589119,0.2523261
50.9100037,0.2553835,0.2612428
50.920002,0.2580034,0.2501047
50.9300041,0.2592791,0.2522837
50.9400024,0.2592626,0.2506729
50.9500008,0.2557727,0.2600449
50.9600029,0.2536601,0.2655526
50.9700012,0.2429415,0.270081
50.9800034,0.2492197,0.2553127
50.9900017,0.2480354,0.243691
51.0000038,0.2498742,0.2511861
51.0100021,0.2439474,0.2503896
51.0200043,0.2486321,0.2506333
51.0300026,0.2587454,0.2561622
51.0400009,0.2553158,0.2682424
51.0500031,0.2608884,0.2666619
51.0600014,0.2641766,0.2541632
51.0700035,0.2662332,0.2484547
51.0800018,0.2573786,0.2458746
51.090004,0.2615693,0.2392864
51.1000023,0.2539664,0.2499735
51.1100006,0.2547425,0.2579226
51.1200027,0.2588855,0.2546705
51.1300011,0.2640022,0.2687995
51.1400032,0.2660473,0.2829001
51.1500015,0.2621529,0.2720501
51.1600037,0.2653296,0.2622105
51.170002,0.2564182,0.2612977
51.1800041,0.2557607,0.2466162
51.1900024,0.2633192,0.245347
51.2000008,0.2523944,0.2431053
51.2100029,0.2470625,0.2628571
51.2200012,0.2557327,0.2599857
51.2300034,0.2544913,0.2390547
51.2400017,0.266404,0.2463499
51.2500038,0.2415873,0.2584331
51.2600021,0.2530003,0.2398799
51.2700043,0.2553268,0.255388
51.2800026,0.2600192,0.2320161
51.2900009,0.2564539,0.2615684
51.3000031,0.2561027,0.2502299
51.3100014,0.2513479,0.2520733
51.3200035,0.2610465,0.2503921
51.3300018,0.2574308,0.252428
51.340004,0.2581528,0.2558382
51.3500023,0.2565578,0.242272
51.3600006,0.2588758,0.2525484
51.3700027,0.2539973,0.2509304
51.3800011,0.2591732,0.2533224
51.3900032,0.2537628,0.2494037
51.4000015,0.2617162,0.2461551
51.4100037,0.252794,0.2504725
51.420002,0.2651468,0.2612409
51.4300041,0.2584452,0.2579142
51.4400024,0.2625171,0.2543225
51.4500008,0.2671812,0.2560424
51.4600029,0.2722397,0.2754983
51.4700012,0.2648685,0.2639069
51.4800034,0.2604204,0.2676172
51.4900017,0.2721841,0.2556454
51.5000038,0.2692295,0.2465222
51.5100021,0.2552434,0.2497046
51.5200043,0.2671325,0.2517642
51.5300026,0.2655365,0.2452141
51.5400009,0.2679724,0.2435269
51.5500031,0.260808,0.2457814
51.5600014,0.2718119,0.2467745
51.5700035,0.2645962,0.2633626
51.5800018,0.2657074,0.2601019
51.590004,0.2448968,0.2616806
51.6000023,0.2516474,0.255809
51.6100006,0.2458625,0.2715261
51.6200027,0.2501408,0.2602351
51.6300011,0.2439957,0.2456314
51.6400032,0.25644,0.2525536
51.6500015,0.2513014,0.2585879
51.6600037,0.2620177,0.2743584
51.670002,0.2658018,0.2636814
51.6800041,0.2686945,0.2581689
51.6900024,0.2592514,0.2626297
51.7000008,0.2719435,0.2482578
51.7100029,0.2674533,0.2620199
51.7200012,0.262751,0.2563096
51.7300034,0.2683016,0.2470177
51.7400017,0.2682385,0.2716958
51.7500038,0.2663852,0.2649655
51.7600021,0.2605022,0.2723367
51.7700043,0.2713473,0.2743949
51.7800026,0.2642118,0.2631203
51.7900009,0.2608919,0.2616747
51.8000031,0.2714294,0.2572613
51.8100014,0.2750017,0.2566957
51.8200035,0.268178,0.2592901
51.8300018,0.2730179,0.254246
51.840004,0.2579153,0.2456381
51.8500023,0.2548286,0.2599567
51.8600006,0.2591552,0.2507906
51.8700027,0.2508824,0.2524145
51.8800011,0.2498981,0.2483601
51.8900032,0.2454044,0.2582836
51.9000015,0.2561487,0.2473403
51.9100037,0.2516142,0.256171
51.920002,0.2534892,0.2549982
51.9300041,0.2619225,0.2477565
51.9400024,0.2526913,0.2502082
51.9500008,0.256153,0.249476
51.9600029,0.2590852,0.2464177
51.9700012,0.2607315,0.2528965
51.9800034,0.2630581,0.2533325
51.9900017,0.2559352,0.2538429
52.0000038,0.2582929,0.2824562
52.0100021,0.2563626,0.2653113
52.0200043,0.2454391,0.2527036
52.0300026,0.2429186,0.2587755
52.0400009,0.2548817,0.2567416
52.0500031,0.2601566,0.244191
52.0600014,0.2496388,0.2415902
52.0700035,0.2401424,0.2446167
52.0800018,0.2546738,0.2393274
52.090004,0.2566605,0.2468347
52.1000023,0.2381697,0.2456366
52.1100006,0.2472241,0.2445381
52.1200027,0.2515415,0.256122
52.1300011,0.2570679,0.2503761
52.1400032,0.2479153,0.2454518
52.1500015,0.2587326,0.2361608
52.1600037,0.2619693,0.2476074
52.170002,0.2493318,0.2673792
52.1800041,0.2490335,0.2715705
52.1900024,0.2386071,0.2639291
52.2000008,0.2563521,0.2590295
52.2100029,0.248435,0.2615919
52.2200012,0.2548762,0.2580785
52.2300034,0.2604509,0.2535138
52.2400017,0.2461948,0.2539845
52.2500038,0.2572623,0.2530248
52.2600021,0.2513261,0.2513398
52.2700043,0.258209,0.2484266
52.2800026,0.2528577,0.2566772
52.2900009,0.2619866,0.2589855
52.3000031,0.2693228,0.2624676
52.3100014,0.262945,0.2496337
52.3200035,0.2631299,0.2419187
52.3300018,0.2581822,0.2642328
52.340004,0.2495793,0.2502995
52.3500023,0.2471975,0.2551446
52.3600006,0.2470729,0.2475627
52.3700027,0.2458667,0.2624103
52.3800011,0.2444674,0.2502619
52.3900032,0.2472726,0.2579485
52.4000015,0.2512142,0.2556378
52.4100037,0.2551451,0.2477173
52.420002,0.2504233,0.2502428
52.4300041,0.2555405,0.2486152
52.4400024,0.2456233,0.2519566
52.4500008,0.2492323,0.2577433
52.4600029,0.2487558,0.2661797
52.4700012,0.2522155,0.2590686
52.4800034,0.2654693,0.2610503
52.4900017,0.2672954,0.2603495
52.5000038,0.2679682,0.2549787
52.5100021,0.2688851,0.2586192
52.5200043,0.2724389,0.2584262
52.5300026,0.2671057,0.2443235
52.5400009,0.2754109,0.2650871
52.5500031,0.2712564,0.2676049
52.5600014,0.2642339,0.2504103
52.5700035,0.2654325,0.2720468
52.5800018,0.2698689,0.2592286
52.590004,0.2566,0.2412051
52.6000023,0.2675857,0.2561806
52.6100006,0.2675726,0.2528212
52.6200027,0.2678131,0.2556602
52.6300011,0.2656942,0.2462852
52.6400032,0.2742282,0.2517613
52.6500015,0.25888,0.252169
52.6600037,0.2697514,0.2588575
52.670002,0.2659166,0.2607266
52.6800041,0.2574793,0.2347872
52.6900024,0.2642809,0.2337548
52.7000008,0.2602485,0.2478222
52.7100029,0.2558826,0.2575243
52.7200012,0.267714,0.2528953
52.7300034,0.2648953,0.2607828
52.7400017,0.2626917,0.244721
52.7500038,0.2589967,0.2483767
52.7600021,0.259817,0.2570046
52.7700043,0.2589247,0.2470341
52.7800026,0.2583191,0.2535981
52.7900009,0.2458964,0.2651668
52.8000031,0.2514514,0.2545014
52.8100014,0.2517585,0.2514392
52.8200035,0.2577228,0.2531708
52.8300018,0.254403,0.2472881
52.840004,0.2502309,0.2495796
52.8500023,0.2540266,0.2476289
52.8600006,0.2527704,0.2413383
52.8700027,0.2586601,0.2516304
52.8800011,0.2622811,0.2534436
52.8900032,0.2646913,0.2564263
52.9000015,0.2732984,0.2482837
52.9100037,0.2735122,0.2648596
52.920002,0.2712608,0.2604483
52.9300041,0.2672788,0.2519302
52.9400024,0.2705308,0.2490119
52.9500008,0.26124,0.2517742
52.9600029,0.2540972,0.2652616
52.9700012,0.2542083,0.2592801
52.9800034,0.2557164,0.2717074
52.9900017,0.2492077,0.2502502
53.0000038,0.2607951,0.2487441
53.0100021,0.2453689,0.2375201
53.0200043,0.2586356,0.2451603
53.0300026,0.2412191,0.243234
53.0400009,0.2386647,0.2341683
53.0500031,0.2425082,0.2291537
53.0600014,0.2535147,0.2380531
53.0700035,0.2532268,0.2484969
53.0800018,0.248468,0.2374213
53.090004,0.257375,0.2404454
53.1000023,0.2549299,0.2430188
53.1100044,0.2570409,0.2375096
53.1200027,0.2619192,0.2544627
53.1300011,0.2653973,0.2367608
53.1400032,0.2640393,0.2486875
53.1500015,0.2572553,0.2386696
53.1600037,0.2674522,0.2301435
53.170002,0.2654582,0.2519499
53.1800041,0.2765452,0.2395034
53.1900024,0.2657502,0.243396
53.2000008,0.2579647,0.2465985
53.2100029,0.2569704,0.2445644
53.2200012,0.2630227,0.2492877
53.2300034,0.2723887,0.2478129
53.2400017,0.2634918,0.2285143
53.2500038,0.2610729,0.2389062
53.2600021,0.2713982,0.245329
53.2700043,0.2695008,0.2566538
53.2800026,0.2671006,0.2429091
53.2900009,0.2613322,0.2462643
53.3000031,0.259468,0.2563083
53.3100014,0.2581994,0.2503095
53.3200035,0.26538,0.2493447
53.3300018,0.2601229,0.2526161
53.340004,0.2704332,0.2484191
53.3500023,0.2781841,0.2574732
53.3600044,0.27235,0.2494635
53.3700027,0.2661675,0.2408293
53.3800011,0.2659266,0.2379838
53.3900032,0.2691533,0.2459556
53.4000015,0.2674208,0.245937
53.4100037,0.2690034,0.2432836
53.420002,0.264194,0.2394203
53.4300041,0.2571542,0.2330638
53.4400024,0.2628759,0.2405236
53.4500008,0.2691873,0.2469544
53.4600029,0.2652492,0.2429819
53.4700012,0.261925,0.251743
53.4800034,0.2591143,0.2631191
53.4900017,0.2705417,0.2630623
53.5000038,0.2583387,0.2532291
53.5100021,0.2667369,0.2564368
53.5200043,0.2667386,0.2555704
53.5300026,0.2595927,0.255904
53.5400009,0.2566904,0.2488057
53.5500031,0.2665185,0.2606779
53.5600014,0.2625708,0.2389675
53.5700035,0.2591583,0.2501704
53.5800018,0.2576745,0.2457554
53.590004,0.2595862,0.245855
53.6000023,0.2726008,0.2449551
53.6100044,0.2727829,0.2387824
53.6200027,0.2725501,0.2359056
53.6300011,0.2641275,0.25121
53.6400032,0.2617607,0.2498089
53.6500015,0.251777,0.2620991
53.6600037,0.2519941,0.2486504
53.670002,0.2568318,0.2397698
53.6800041,0.2575369,0.2382449
53.6900024,0.2496483,0.2367708
53.7000008,0.2559788,0.2407264
53.7100029,0.2631176,0.2439353
53.7200012,0.2630241,0.239223
53.7300034,0.2635463,0.2264558
53.7400017,0.2663716,0.2408919
53.7500038,0.2681357,0.2372885
53.7600021,0.2568536,0.2276439
53.7700043,0.2640129,0.2395272
53.7800026,0.2502285,0.2444437
53.7900009,0.2476944,0.2480618
53.8000031,0.2620026,0.2372057
53.8100014,0.2605412,0.2588342
53.8200035,0.2687501,0.2467398
53.8300018,0.2686891,0.247356
53.840004,0.2520435,0.2469721
53.8500023,0.2511077,0.2473419
53.8600044,0.251763,0.2465648
53.8700027,0.2609098,0.2400107
53.8800011,0.2506359,0.2541575
53.8900032,0.2521566,0.2485678
53.9000015,0.2521431,0.2479542
53.9100037,0.2566437,0.2487396
53.920002,0.2518123,0.2508704
53.9300041,0.252805,0.2582877
53.9400024,0.2482004,0.2468255
53.9500008,0.2512581,0.2513355
53.9600029,0.2532869,0.25075
53.9700012,0.2576206,0.2482725
53.9800034,0.2600967,0.2520049
53.9900017,0.2620161,0.2482454
54.0000038,0.2579844,0.2386892
54.0100021,0.2535757,0.2388866
54.0200043,0.2595085,0.2449246
54.0300026,0.256261,0.2378314
54.0400009,0.2599976,0.2460353
54.0500031,0.2525166,0.251615
54.0600014,0.2605977,0.2562075
54.0700035,0.2599064,0.2523592
54.0800018,0.2527349,0.247703
54.090004,0.2514985,0.2501525
54.1000023,0.2447964,0.2400118
54.1100044,0.2491279,0.2375329
54.1200027,0.2503279,0.2456116
54.1300011,0.2469989,0.2295693
54.1400032,0.2481488,0.2340954
54.1500015,0.2413192,0.2327466
54.1600037,0.2536319,0.2389025
54.170002,0.2552567,0.2360525
54.1800041,0.2422414,0.2315711
54.1900024,0.2437371,0.2392135
54.2000008,0.2596045,0.2367162
54.2100029,0.258994,0.2431212
54.2200012,0.2553765,0.2511147
54.2300034,0.2398974,0.2524208
54.2400017,0.246949,0.2482245
54.2500038,0.2471067,0.2453546
54.2600021,0.2487169,0.2417721
54.2700043,0.2423223,0.2268629
54.2800026,0.2469188,0.2390419
54.2900009,0.2377165,0.2386881
54.3000031,0.2480206,0.2389337
54.3100014,0.2433325,0.2378255
54.3200035,0.2582436,0.2369758
54.3300018,0.2538721,0.2393223
54.340004,0.2533,0.2562838
54.3500023,0.2409152,0.2387058
54.3600044,0.2465942,0.2416024
54.3700027,0.2483425,0.2434306
54.3800011,0.2507812,0.2494647
54.3900032,0.241039,0.2448529
54.4000015,0.2353865,0.256922
54.4100037,0.2451138,0.2590786
54.420002,0.2385692,0.2499337
54.4300041,0.2468904,0.2428783
54.4400024,0.2527558,0.2414116
54.4500008,0.2496746,0.2324796
54.4600029,0.2554671,0.2380011
54.4700012,0.2531927,0.2468969
54.4800034,0.249421,0.259399
54.4900017,0.2560387,0.2476252
54.5000038,0.2554742,0.2495503
54.5100021,0.2477746,0.2398205
54.5200043,0.2560244,0.2396941
54.5300026,0.2521185,0.2344878
54.5400009,0.2568605,0.2324413
54.5500031,0.2533642,0.2259925
54.5600014,0.2557774,0.2283969
54.5700035,0.2527514,0.2328049
54.5800018,0.2618371,0.2343115
54.590004,0.2649348,0.2337715
54.6000023,0.2552987,0.2364539
54.6100044,0.26052,0.2368467
54.6200027,0.2613211,0.232704
54.6300011,0.2555665,0.2399436
54.6400032,0.2532929,0.2441649
54.6500015,0.2558591,0.2531086
54.6600037,0.249501,0.235784
54.670002,0.246532,0.2374818
54.6800041,0.2503373,0.2300585
54.6900024,0.2522745,0.2281571
54.7000008,0.2568601,0.2351372
54.7100029,0.250865,0.2411851
54.7200012,0.2511367,0.2451084
54.7300034,0.2434852,0.2514101
54.7400017,0.2556126,0.2503126
54.7500038,0.2544712,0.2469093
54.7600021,0.2592525,0.2385495
54.7700043,0.2506849,0.2498679
54.7800026,0.2553318,0.234553
54.7900009,0.2571293,0.2286309
54.8000031,0.2592,0.2307713
54.8100014,0.259187,0.2355166
54.8200035,0.2569309,0.2334616
54.8300018,0.2624575,0.2354549
54.840004,0.2522283,0.2370865
54.8500023,0.2466511,0.2370692
54.8600044,0.2497175,0.2342253
54.8700027,0.2558496,0.2353976
54.8800011,0.2529911,0.2404976
54.8900032,0.2591941,0.2429484
54.9000015,0.2521601,0.2382263
54.9100037,0.2577543,0.2348026
54.920002,0.245633,0.2430229
54.9300041,0.2558714,0.237556
54.9400024,0.2512524,0.2474222
54.9500008,0.2635484,0.2538804
54.9600029,0.2678069,0.2523218
54.9700012,0.260789,0.2675527
54.9800034,0.2654075,0.2576936
54.9900017,0.255239,0.2525999
55.0000038,0.2576034,0.2615031
55.0100021,0.2565172,0.2542243
55.0200043,0.2717246,0.2539338
55.0300026,0.2610862,0.2511042
55.0400009,0.252203,0.253219
55.0500031,0.2547502,0.2539247
55.0600014,0.2540989,0.25891
55.0700035,0.2497068,0.2596509
55.0800018,0.2572429,0.2525708
55.090004,0.2591713,0.2598436
55.1000023,0.2536641,0.2581993
55.1100044,0.252874,0.2461599
55.1200027,0.2703857,0.2566973
55.1300011,0.2505688,0.2424461
55.1400032,0.252578,0.2498237
55.1500015,0.2513354,0.2418348
55.1600037,0.252561,0.2425878
55.170002,0.2457011,0.2411408
55.1800041,0.2649006,0.2473324
55.1900024,0.2616984,0.2352452
55.2000008,0.2578799,0.2352825
55.2100029,0.2693326,0.2424561
55.2200012,0.2568829,0.2386098
55.2300034,0.2616184,0.2366569
55.2400017,0.2636331,0.2398676
55.2500038,0.2678298,0.2381153
55.2600021,0.267989,0.2562383
55.2700043,0.2596284,0.2568384
55.2800026,0.2569353,0.2553153
55.2900009,0.2640724,0.256283
55.3000031,0.2592124,0.2538583
55.3100014,0.256416,0.2707292
55.3200035,0.254761,0.249263
55.3300018,0.2572568,0.2426097
55.340004,0.2619882,0.2541946
55.3500023,0.2480884,0.2506391
55.3600044,0.2502358,0.2529287
55.3700027,0.2487076,0.2640292
55.3800011,0.2583392,0.2720131
55.3900032,0.2715801,0.262412
55.4000015,0.2533352,0.2525746
55.4100037,0.2633087,0.2436591
55.420002,0.2674543,0.2440586
55.4300041,0.2601037,0.247206
55.4400024,0.2648517,0.2391996
55.4500008,0.2522498,0.2493862
55.4600029,0.2563963,0.2500942
55.4700012,0.2597678,0.2438301
55.4800034,0.2557776,0.2367413
55.4900017,0.2546136,0.2383749
55.5000038,0.2633626,0.2477587
55.5100021,0.26116,0.2480728
55.5200043,0.2597636,0.2510121
55.5300026,0.2618087,0.2422262
55.5400009,0.2672406,0.246587
55.5500031,0.2576925,0.2394281
55.5600014,0.2584193,0.2328087
55.5700035,0.2533027,0.2461342
55.5800018,0.2579898,0.245843
55.590004,0.2603529,0.2367365
55.6000023,0.2627965,0.2436356
55.6100044,0.2515687,0.2419445
55.6200027,0.2555049,0.2451443
55.6300011,0.2507566,0.2317589
55.6400032,0.2561523,0.2446162
55.6500015,0.2500747,0.2497024
55.6600037,0.2458115,0.2490778
55.670002,0.2469111,0.2530345
55.6800041,0.2504206,0.252578
55.6900024,0.2481219,0.253107
55.7000008,0.2574666,0.2575809
55.7100029,0.2521541,0.2599668
55.7200012,0.2578867,0.2521464
55.7300034,0.2526768,0.2463371
55.7400017,0.2549185,0.2413204
55.7500038,0.2597538,0.2543738
55.7600021,0.255941,0.2659903
55.7700043,0.2414359,0.2569976
55.7800026,0.2493059,0.2476266
55.7900009,0.2565188,0.2376337
55.8000031,0.2503607,0.23819
55.8100014,0.2431637,0.242769
55.8200035,0.2447509,0.2508775
55.8300018,0.2518499,0.2477287
55.840004,0.2450459,0.25318
55.8500023,0.2361981,0.2450724
55.8600044,0.2375192,0.2376584
55.8700027,0.2364687,0.24515
55.8800011,0.2505474,0.2445418
55.8900032,0.2482068,0.248061
55.9000015,0.2550321,0.2397815
55.9100037,0.2446502,0.2497931
55.920002,0.2398949,0.2387782
55.9300041,0.2451958,0.2507037
55.9400024,0.2369002,0.2410152
55.9500008,0.2314046,0.254493
55.9600029,0.2386902,0.2508304
55.9700012,0.2380649,0.2505589
55.9800034,0.2349104,0.2492876
55.9900017,0.2372592,0.2430495
56.0000038,0.2467961,0.234773
56.0100021,0.2448452,0.2281931
56.0200043,0.2419106,0.2401929
56.0300026,0.2392292,0.2390768
56.0400009,0.2376432,0.2402645
56.0500031,0.2410661,0.2301956
56.0600014,0.2418672,0.2398829
56.0700035,0.2398186,0.2387729
56.0800018,0.2491264,0.2356536
56.090004,0.2576377,0.2423857
56.1000023,0.2509745,0.2352531
56.1100044,0.250605,0.2378052
56.1200027,0.2517285,0.238948
56.1300011,0.2560552,0.237926
56.1400032,0.2527301,0.2377965
56.1500015,0.2409097,0.2403201
56.1600037,0.23891,0.2351377
56.170002,0.2324523,0.2380353
56.1800041,0.2463806,0.2255076
56.1900024,0.2424586,0.2336529
56.2000008,0.2401675,0.2371968
56.2100029,0.2441224,0.2443234
56.2200012,0.2422852,0.2427378
56.2300034,0.2347791,0.2420149
56.2400017,0.2481613,0.2326649
56.2500038,0.2540357,0.2387004
56.2600021,0.255755,0.2341024
56.2700043,0.2448436,0.241184
56.2800026,0.2426895,0.2407884
56.2900009,0.2509321,0.2391065
56.3000031,0.2486647,0.2515267
56.3100014,0.259905,0.244346
56.3200035,0.2584349,0.2381324
56.3300018,0.2573827,0.2322977
56.340004,0.2601123,0.2251695
56.3500023,0.2574975,0.2303473
56.3600044,0.2595579,0.2290055
56.3700027,0.2569291,0.2299196
56.3800011,0.2575968,0.23135
56.3900032,0.2424992,0.2413616
56.4000015,0.2398714,0.2389258
56.4100037,0.2432947,0.2474178
56.420002,0.2395092,0.2472218
56.4300041,0.242359,0.2444291
56.4400024,0.2448528,0.2333526
56.4500046,0.2456505,0.2383521
56.4600029,0.2563611,0.2302696
56.4700012,0.2547516,0.2335687
56.4800034,0.2428999,0.2362354
56.4900017,0.2438053,0.2356446
56.5000038,0.2422588,0.2382938
56.5100021,0.2380208,0.2317346
56.5200043,0.239367,0.2469487
56.5300026,0.2492116,0.2288633
56.5400009,0.2502857,0.2344519
56.5500031,0.2452471,0.2330468
56.5600014,0.2477765,0.2483206
56.5700035,0.2498063,0.2378517
56.5800018,0.2512732,0.2401865
56.590004,0.2523395,0.246129
56.6000023,0.2512637,0.2498931
56.6100044,0.2413683,0.2380854
56.6200027,0.2459041,0.2359914
56.6300011,0.2450582,0.2286781
56.6400032,0.2483011,0.2301458
56.6500015,0.25529,0.2376533
56.6600037,0.2625141,0.2342049
56.670002,0.2512002,0.2461841
56.6800041,0.2467728,0.2342221
56.6900024,0.2577505,0.2273804
56.7000046,0.2588973,0.2378858
56.7100029,0.2614166,0.2377538
56.7200012,0.260313,0.2256217
56.7300034,0.2617646,0.2367172
56.7400017,0.2497226,0.2330895
56.7500038,0.2596054,0.233606
56.7600021,0.2500757,0.2295397
56.7700043,0.2513681,0.2343486
56.7800026,0.2565976,0.238748
56.7900009,0.2542489,0.2268788
56.8000031,0.261518,0.2293152
56.8100014,0.2515437,0.2222439
56.8200035,0.256714,0.2262148
56.8300018,0.2557016,0.2316323
56.840004,0.2503876,0.2305252
56.8500023,0.2521693,0.2362377
56.8600044,0.2520384,0.2347514
56.8700027,0.2586661,0.2360076
56.8800011,0.2519556,0.2369733
56.8900032,0.2519532,0.2353759
56.9000015,0.2594157,0.2405569
56.9100037,0.2596717,0.2331233
56.920002,0.2614234,0.2352401
56.9300041,0.2564432,0.2367242
56.9400024,0.2600135,0.2355441
56.9500046,0.2553071,0.2405747
56.9600029,0.247585,0.2342712
56.9700012,0.2526115,0.2348807
56.9800034,0.2597186,0.2368766
56.9900017,0.2587603,0.2331829
57.0000038,0.2560808,0.2381634
57.0100021,0.2569697,0.2381039
57.0200043,0.2540224,0.2411887
57.0300026,0.25308,0.2444864
57.0400009,0.2504849,0.2491205
57.0500031,0.2554439,0.2511976
57.0600014,0.2517323,0.2445895
57.0700035,0.2581483,0.2501703
57.0800018,0.2554065,0.2449627
57.090004,0.2555135,0.2415413
57.1000023,0.2498708,0.2397387
57.1100044,0.2482733,0.2476405
57.1200027,0.2528557,0.2525506
57.1300011,0.2571489,0.2577074
57.1400032,0.2528019,0.2443465
57.1500015,0.2511155,0.259419
57.1600037,0.2574865,0.2614996
57.170002,0.2576966,0.2583845
57.1800041,0.254397,0.2694243
57.1900024,0.2617892,0.2690199
57.2000046,0.2586442,0.2661295
57.2100029,0.2609051,0.2536235
57.2200012,0.2621252,0.2526716
57.2300034,0.2521963,0.2511404
57.2400017,0.2568393,0.2527625
57.2500038,0.2630736,0.2515205
57.2600021,0.2481243,0.2449982
57.2700043,0.2602438,0.240649
57.2800026,0.2539655,0.2540224
57.2900009,0.2564077,0.2582447
57.3000031,0.256419,0.2612039
57.3100014,0.2579992,0.2654425
57.3200035,0.2528915,0.2626315
57.3300018,0.2594086,0.2585449
57.340004,0.25112,0.2559546
57.3500023,0.2614521,0.2566921
57.3600044,0.2594509,0.2496442
57.3700027,0.2601817,0.2404336
57.3800011,0.262014,0.2440165
57.3900032,0.2565401,0.2437157
57.4000015,0.2593059,0.2491066
57.4100037,0.256908,0.2540646
57.420002,0.2568067,0.2448964
57.4300041,0.2497919,0.2327091
57.4400024,0.259655,0.2297907
57.4500046,0.2549652,0.2348297
57.4600029,0.2646349,0.2281036
57.4700012,0.2579119,0.2278196
57.4800034,0.2548751,0.2305947
57.4900017,0.2604753,0.2332216
57.5000038,0.2625832,0.2307277
57.5100021,0.2587103,0.2356326
57.5200043,0.2575924,0.2418829
57.5300026,0.2650916,0.2433441
57.5400009,0.2669429,0.2473716
57.5500031,0.2545406,0.2399259
57.5600014,0.257486,0.240744
57.5700035,0.2497472,0.2362062
57.5800018,0.2557337,0.2403159
57.590004,0.2620125,0.2487969
57.6000023,0.2642216,0.243869
57.6100044,0.2636238,0.2487364
57.6200027,0.2570307,0.2563197
57.6300011,0.2535348,0.2443298
57.6400032,0.2583855,0.2506657
57.6500015,0.2611693,0.2560457
57.6600037,0.2531142,0.2604651
57.670002,0.2483279,0.2761565
57.6800041,0.2567799,0.25572
57.6900024,0.251816,0.2540811
57.7000046,0.2576243,0.2604471
57.7100029,0.2463339,0.2544255
57.7200012,0.2563408,0.2460654
57.7300034,0.254737,0.2541763
57.7400017,0.2546134,0.2529305
57.7500038,0.2508275,0.2498122
57.7600021,0.2656171,0.2435268
57.7700043,0.2564714,0.2430877
57.7800026,0.2443758,0.2459109
57.7900009,0.2419906,0.2449666
57.8000031,0.2499426,0.2385085
57.8100014,0.2579161,0.2492829
57.8200035,0.2544349,0.2467146
57.8300018,0.255018,0.2507949
57.840004,0.2571085,0.2553074
57.8500023,0.2588563,0.2466926
57.8600044,0.2505148,0.243503
57.8700027,0.2607335,0.2427915
57.8800011,0.2640654,0.2539564
57.8900032,0.2504583,0.2647239
57.9000015,0.2500499,0.2382685
57.9100037,0.2416899,0.2465224
57.920002,0.2412187,0.2464491
57.9300041,0.2517249,0.2636658
57.9400024,0.2587739,0.2556916
57.9500046,0.2534515,0.2567249
57.9600029,0.2588021,0.2606154
57.9700012,0.2706043,0.2583249
57.9800034,0.2603537,0.2516924
57.9900017,0.2534961,0.2654587
58.0000038,0.2518147,0.2610496
58.0100021,0.2485143,0.2586558
58.0200043,0.2565556,0.2527186
58.0300026,0.2610616,0.2581022
58.0400009,0.2692907,0.256859
58.0500031,0.2533306,0.2493591
58.0600014,0.2486804,0.2501086
58.0700035,0.2499559,0.2528814
58.0800018,0.2545802,0.252904
58.090004,0.2584202,0.2483844
58.1000023,0.2448072,0.2580604
58.1100044,0.2538466,0.2528489
58.1200027,0.2466149,0.2477914
58.1300011,0.2531812,0.2446011
58.1400032,0.2481359,0.2508794
58.1500015,0.2408328,0.2317806
58.1600037,0.2413586,0.2349124
58.170002,0.2404075,0.240032
58.1800041,0.2399516,0.2513195
58.1900024,0.2478781,0.2507496
58.2000046,0.2516116,0.2466239
58.2100029,0.2567815,0.2568578
58.2200012,0.2404032,0.2550066
58.2300034,0.2443326,0.2534357
58.2400017,0.2407222,0.2538901
58.2500038,0.2534544,0.2538049
58.2600021,0.2484112,0.2582137
58.2700043,0.2418854,0.2545075
58.2800026,0.2361405,0.2481926
58.2900009,0.2381663,0.2516896
58.3000031,0.2426843,0.2555394
58.3100014,0.2382352,0.2508992
58.3200035,0.2449417,0.250957
58.3300018,0.243889,0.2482428
58.340004,0.236919,0.2417577
58.3500023,0.2399181,0.242359
58.3600044,0.2365,0.2441347
58.3700027,0.2423651,0.2598625
58.3800011,0.2437968,0.2550142
58.3900032,0.2461687,0.2491212
58.4000015,0.256339,0.2591036
58.4100037,0.2555656,0.2539162
58.420002,0.2527635,0.2433794
58.4300041,0.2509456,0.2421803
58.4400024,0.248155,0.2593881
58.4500046,0.2588422,0.2541808
58.4600029,0.243221,0.2472947
58.4700012,0.2430608,0.2403599
58.4800034,0.2458047,0.2322075
58.4900017,0.243423,0.2312075
58.5000038,0.2365247,0.2389594
58.5100021,0.2384618,0.2377342
58.5200043,0.2374521,0.2486812
58.5300026,0.2405058,0.2449648
58.5400009,0.2493345,0.2382054
58.5500031,0.2548765,0.2251284
58.5600014,0.2524595,0.2309376
58.5700035,0.2498488,0.2392311
58.5800018,0.2556573,0.2383406
58.590004,0.258404,0.2387322
58.6000023,0.2543342,0.2291154
58.6100044,0.25924,0.2457925
58.6200027,0.2487992,0.2461821
58.6300011,0.2480762,0.2324969
58.6400032,0.2529128,0.2308184
58.6500015,0.2555532,0.236965
58.6600037,0.2659441,0.2307108
58.670002,0.2526257,0.2426113
58.6800041,0.2586698,0.2456359
58.6900024,0.2557854,0.2466227
58.7000046,0.2455796,0.2471499
58.7100029,0.2450639,0.2473002
58.7200012,0.2485829,0.2377006
58.7300034,0.2433658,0.2247594
58.7400017,0.2455166,0.2318097
58.7500038,0.2418955,0.2340311
58.7600021,0.2485851,0.2270919
58.7700043,0.2470772,0.232306
58.7800026,0.2494577,0.2403079
58.7900009,0.2500684,0.237679
58.8000031,0.2602677,0.2299366
58.8100014,0.240447,0.2354026
58.8200035,0.2393981,0.2292743
58.8300018,0.2371394,0.2177075
58.840004,0.2410804,0.2303118
58.8500023,0.236141,0.2329981
58.8600044,0.2433139,0.2394443
58.8700027,0.2371059,0.240139
58.8800011,0.2430712,0.2457711
58.8900032,0.2456653,0.2435531
58.9000015,0.2504917,0.2337461
58.9100037,0.2343338,0.2253856
58.920002,0.2534206,0.2265909
58.9300041,0.2415946,0.2327961
58.9400024,0.2503558,0.2421516
58.9500046,0.2443632,0.236039
58.9600029,0.2456965,0.249579
58.9700012,0.2605735,0.2395874
58.9800034,0.249234,0.2328975
58.9900017,0.2556134,0.2362818
59.0000038,0.2473817,0.2420309
59.0100021,0.2551668,0.2492041
59.0200043,0.2534651,0.2339384
59.0300026,0.2600394,0.2453854
59.0400009,0.2565476,0.2438165
59.0500031,0.254403,0.2423434
59.0600014,0.2651556,0.2458629
59.0700035,0.2600765,0.2455528
59.0800018,0.2520425,0.2396925
59.090004,0.2477976,0.2271089
59.1000023,0.251854,0.2282014
59.1100044,0.2558589,0.2273704
59.1200027,0.2499062,0.2306194
59.1300011,0.2528427,0.2282529
59.1400032,0.2427236,0.2308895
59.1500015,0.25683,0.233709
59.1600037,0.255788,0.2324584
59.170002,0.2617371,0.230082
59.1800041,0.2492015,0.2271344
59.1900024,0.2488742,0.2183888
59.2000046,0.2472696,0.2204406
59.2100029,0.2548516,0.2243825
59.2200012,0.2599287,0.2130618
59.2300034,0.2501159,0.2175887
59.2400017,0.2564455,0.2210718
59.2500038,0.2584087,0.2250357
59.2600021,0.2571675,0.211263
59.2700043,0.2560908,0.2152642
59.2800026,0.2553044,0.2164766
59.2900009,0.2466565,0.2172435
59.3000031,0.2524675,0.2193275
59.3100014,0.254513,0.2176457
59.3200035,0.2606522,0.2182141
59.3300018,0.2515385,0.2179094
59.340004,0.2549141,0.2275202
59.3500023,0.2478239,0.2278655
59.3600044,0.2401544,0.2353653
59.3700027,0.2454762,0.2338608
59.3800011,0.2382175,0.2249629
59.3900032,0.2422861,0.2246257
59.4000015,0.2442966,0.2249435
59.4100037,0.2382119,0.2318359
59.420002,0.2367644,0.2274021
59.4300041,0.2428766,0.2178941
59.4400024,0.2474525,0.2274918
59.4500046,0.2459496,0.2278541
59.4600029,0.2374902,0.2292409
59.4700012,0.2454855,0.227489
59.4800034,0.2363303,0.2388622
59.4900017,0.2449289,0.2366695
59.5000038,0.2488766,0.2346839
59.5100021,0.2344865,0.2272435
59.5200043,0.2376583,0.2335932
59.5300026,0.2419661,0.2407432
59.5400047,0.2536573,0.22907
59.5500031,0.2448549,0.229365
59.5600014,0.2512566,0.2311521
59.5700035,0.2480799,0.2302022
59.5800018,0.2515616,0.2433676
59.590004,0.2418681,0.2340347
59.6000023,0.2461939,0.2404106
59.6100044,0.25055,0.2482594
59.6200027,0.2531704,0.2412417
59.6300011,0.2447949,0.2309378
59.6400032,0.2491845,0.2353438
59.6500015,0.2490949,0.2303309
59.6600037,0.240267,0.2214496
59.670002,0.2507395,0.225613
59.6800041,0.2466189,0.2245396
59.6900024,0.2621714,0.2264491
59.7000046,0.2486467,0.2354833
59.7100029,0.2444739,0.2292192
59.7200012,0.2446985,0.2237502
59.7300034,0.2390388,0.2296305
59.7400017,0.2356443,0.2256334
59.7500038,0.2361117,0.2346729
59.7600021,0.2456753,0.2326155
59.7700043,0.2465384,0.2341273
59.7800026,0.2488477,0.2378002
59.7900047,0.2494434,0.2344477
59.8000031,0.2527371,0.2329801
59.8100014,0.2430459,0.2433529
59.8200035,0.2458779,0.2473044
59.8300018,0.2535394,0.238877
59.840004,0.252456,0.237062
59.8500023,0.2544093,0.2321627
59.8600044,0.249888,0.230186
59.8700027,0.2548988,0.2257279
59.8800011,0.2442644,0.2237686
59.8900032,0.2307862,0.2287186
59.9000015,0.2342726,0.2297426
59.9100037,0.2444715,0.2294946
59.920002,0.2427506,0.2310568
59.9300041,0.2452318,0.2322186
59.9400024,0.2380564,0.2317874
59.9500046,0.2339719,0.2362524
59.9600029,0.2451272,0.2360189
59.9700012,0.2472831,0.2267615
59.9800034,0.2427067,0.237296
59.9900017,0.2428456,0.2343594
60.0000038,0.2440973,0.2406434
60.0100021,0.2411533,0.2351145
60.0200043,0.2582456,0.2306911
60.0300026,0.2628089,0.2318762
60.0400047,0.2611103,0.2389257
60.0500031,0.2532276,0.2353816
60.0600014,0.2522731,0.2246091
60.0700035,0.2484115,0.2316624
60.0800018,0.2445459,0.2416045
60.090004,0.2473961,0.2403293
60.1000023,0.2509937,0.2272669
60.1100044,0.2497346,0.2269872
60.1200027,0.2532254,0.2227073
60.1300011,0.2452303,0.2263523
60.1400032,0.2562665,0.2221098
60.1500015,0.2520913,0.2201589
60.1600037,0.2536905,0.2305996
60.170002,0.2570345,0.2410858
60.1800041,0.24341,0.2286179
60.1900024,0.2486364,0.2290981
60.2000046,0.2450722,0.2305397
60.2100029,0.2539824,0.2276544
60.2200012,0.2388922,0.228743
60.2300034,0.2519074,0.2286241
60.2400017,0.258818,0.2262704
60.2500038,0.2522179,0.2285918
60.2600021,0.2582853,0.2156677
60.2700043,0.2502743,0.2287344
60.2800026,0.2505231,0.2398647
60.2900047,0.2417108,0.2324491
60.3000031,0.2564843,0.2401845
60.3100014,0.2494569,0.2331753
60.3200035,0.2375204,0.2397296
60.3300018,0.2477621,0.2402422
60.340004,0.2538737,0.2315763
60.3500023,0.2573069,0.2500767
60.3600044,0.2372833,0.2420476
60.3700027,0.2436731,0.2495854
60.3800011,0.2478116,0.2509128
60.3900032,0.240957,0.2419146
60.4000015,0.2397326,0.2336005
60.4100037,0.2466787,0.2359834
60.420002,0.2405828,0.2387314
60.4300041,0.245165,0.2310717
60.4400024,0.2400779,0.227983
60.4500046,0.2488595,0.2324217
60.4600029,0.2577609,0.2434011
60.4700012,0.2493579,0.2431152
60.4800034,0.2462846,0.2458419
60.4900017,0.2455713,0.2435978
60.5000038,0.252098,0.2335992
60.5100021,0.2511543,0.2433847
60.5200043,0.2535625,0.2323341
60.5300026,0.2435752,0.2358204
60.5400047,0.2438582,0.2340026
60.5500031,0.2487551,0.2429747
60.5600014,0.2466386,0.2322057
60.5700035,0.2521302,0.2306618
60.5800018,0.2501202,0.2205224
60.590004,0.2491707,0.2220844
60.6000023,0.2473254,0.226044
60.6100044,0.2426287,0.2234886
60.6200027,0.2369539,0.2257065
60.6300011,0.2376461,0.2231104
60.6400032,0.2321932,0.2272152
60.6500015,0.2440264,0.2227031
60.6600037,0.245767,0.228697
60.670002,0.2495576,0.2289445
60.6800041,0.2408389,0.2253497
60.6900024,0.244865,0.2240684
60.7000046,0.2427253,0.22136
60.7100029,0.2469784,0.2149635
60.7200012,0.2475036,0.2047404
60.7300034,0.2387914,0.2131351
60.7400017,0.2541285,0.2264131
60.7500038,0.2464303,0.2247045
60.7600021,0.2529842,0.2353904
60.7700043,0.2495517,0.238345
60.7800026,0.2522411,0.2440892
60.7900047,0.2452688,0.2386533
60.8000031,0.2549023,0.2442235
60.8100014,0.2502814,0.2384244
60.8200035,0.2562728,0.2364509
60.8300018,0.2445134,0.2287352
60.840004,0.245717,0.2285807
60.8500023,0.2536309,0.2371822
60.8600044,0.261452,0.2331189
60.8700027,0.2438685,0.2310066
60.8800011,0.2472242,0.2354535
60.8900032,0.2634996,0.2433821
60.9000015,0.2490843,0.2377761
60.9100037,0.2564703,0.2413153
60.920002,0.2547459,0.2400932
60.9300041,0.2465224,0.2414541
60.9400024,0.2485261,0.2436463
60.9500046,0.2568944,0.2373011
60.9600029,0.2466411,0.2296092
60.9700012,0.2562367,0.2302875
60.9800034,0.2604607,0.2344889
60.9900017,0.2405981,0.2329728
61.0000038,0.2495513,0.2247164
61.0100021,0.2449757,0.2276474
61.0200043,0.244455,0.2219099
61.0300026,0.2454736,0.2293859
61.0400047,0.2450732,0.2301617
61.0500031,0.2515869,0.2423167
61.0600014,0.2493245,0.2416709
61.0700035,0.2542315,0.2469831
61.0800018,0.256763,0.2367407
61.090004,0.2505347,0.2324107
61.1000023,0.2539033,0.2428102
61.1100044,0.2402517,0.2367125
61.1200027,0.2450105,0.2297767
61.1300011,0.2386049,0.238356
61.1400032,0.2459647,0.2398338
61.1500015,0.2429524,0.2346652
61.1600037,0.2430695,0.2271435
61.170002,0.243149,0.2442186
61.1800041,0.2457796,0.2397076
61.1900024,0.2464885,0.2305295
61.2000046,0.2375328,0.2390925
61.2100029,0.2412227,0.2492507
61.2200012,0.2415431,0.243435
61.2300034,0.2412782,0.2420001
61.2400017,0.2489951,0.2315636
61.2500038,0.2482347,0.2422187
61.2600021,0.2455941,0.2337159
61.2700043,0.2391058,0.2301098
61.2800026,0.2332944,0.2303633
61.2900047,0.2446609,0.2434705
61.3000031,0.2526,0.2325387
61.3100014,0.2431994,0.2449656
61.3200035,0.2452011,0.2370791
61.3300018,0.2423711,0.2369859
61.340004,0.2392719,0.2360549
61.3500023,0.2493062,0.2336095
61.3600044,0.253815,0.2270847
61.3700027,0.241031,0.2327425
61.3800011,0.2444421,0.2405236
61.3900032,0.2398776,0.2365114
61.4000015,0.2459639,0.2397862
61.4100037,0.2413031,0.2366503
61.420002,0.2470789,0.2298458
61.4300041,0.2526081,0.2244637
61.4400024,0.2492945,0.2352942
61.4500046,0.2510193,0.2290259
61.4600029,0.2478578,0.2324532
61.4700012,0.248662,0.2304394
61.4800034,0.2416349,0.2327411
61.4900017,0.2327255,0.2318323
61.5000038,0.2309874,0.2424267
61.5100021,0.2387086,0.2355809
61.5200043,0.2435221,0.2288316
61.5300026,0.242926,0.2324461
61.5400047,0.2454904,0.2339508
61.5500031,0.245181,0.225925
61.5600014,0.2406446,0.2256164
61.5700035,0.2409862,0.2374783
61.5800018,0.238452,0.2245573
61.590004,0.2520273,0.2253231
61.6000023,0.2487807,0.2373524
61.6100044,0.250919,0.2481405
61.6200027,0.2546821,0.2328618
61.6300011,0.2468413,0.2445592
61.6400032,0.2550899,0.2301717
61.6500015,0.2594287,0.2361732
61.6600037,0.2489006,0.2361923
61.670002,0.259014,0.2443265
61.6800041,0.2451094,0.2395594
61.6900024,0.2391483,0.2278377
61.7000046,0.2430474,0.2230633
61.7100029,0.2379287,0.2270622
61.7200012,0.2468187,0.2230348
61.7300034,0.2350961,0.2124307
61.7400017,0.2340344,0.217423
61.7500038,0.236127,0.2200005
61.7600021,0.2388932,0.220947
61.7700043,0.2494431,0.224863
61.7800026,0.2431175,0.2192519
61.7900047,0.2367128,0.2182849
61.8000031,0.2449001,0.2286354
61.8100014,0.2431245,0.2323382
61.8200035,0.2333471,0.232831
61.8300018,0.2392977,0.2345897
61.840004,0.2356185,0.2321957
61.8500023,0.2342945,0.2210927
61.8600044,0.2464003,0.2284625
61.8700027,0.2404528,0.2446102
61.8800011,0.2364214,0.2425587
61.8900032,0.2329971,0.2449176
61.9000015,0.2285014,0.2374739
61.9100037,0.2282797,0.2402307
61.920002,0.2206085,0.2239228
61.9300041,0.225808,0.2407635
61.9400024,0.2266998,0.2526362
61.9500046,0.2269367,0.2424596
61.9600029,0.2225588,0.2342674
61.9700012,0.224536,0.2479118
61.9800034,0.22632,0.2378429
61.9900017,0.2361928,0.2407911
62.0000038,0.2331171,0.2385468
62.0100021,0.2361631,0.2299268
62.0200043,0.2324162,0.231975
62.0300026,0.2273863,0.2362383
62.0400047,0.2208308,0.247355
62.0500031,0.2353623,0.2373257
62.0600014,0.2326363,0.2380712
62.0700035,0.2379886,0.2308352
62.0800018,0.2389633,0.2394534
62.090004,0.2421539,0.2237809
62.1000023,0.243487,0.2307266
62.1100044,0.2312618,0.2343562
62.1200027,0.228521,0.2457674
62.1300011,0.2296662,0.2426556
62.1400032,0.2350236,0.2305607
62.1500015,0.2465327,0.2288172
62.1600037,0.242786,0.234419
62.170002,0.2405989,0.2318834
62.1800041,0.2370785,0.2344739
62.1900024,0.2311213,0.2307286
62.2000046,0.2262255,0.2389975
62.2100029,0.2282987,0.2401727
62.2200012,0.232401,0.2367258
62.2300034,0.2202425,0.2311994
62.2400017,0.2340149,0.2284105
62.2500038,0.2261683,0.2334129
62.2600021,0.2215398,0.2276281
62.2700043,0.2238467,0.2325334
62.2800026,0.2359052,0.2327072
62.2900047,0.2362551,0.2407292
62.3000031,0.2416595,0.2433641
62.3100014,0.2346413,0.2512957
62.3200035,0.2238918,0.2435341
62.3300018,0.2233347,0.2480912
62.340004,0.2317286,0.2461822
62.3500023,0.2300779,0.2421969
62.3600044,0.2334079,0.2454036
62.3700027,0.2388355,0.2377837
62.3800011,0.2401574,0.2352572
62.3900032,0.2333546,0.2299751
62.4000015,0.2379816,0.2396359
62.4100037,0.2203728,0.2395553
62.420002,0.2205416,0.2401928
62.4300041,0.2323969,0.2395338
62.4400024,0.2337582,0.242866
62.4500046,0.2311991,0.2426045
62.4600029,0.2317936,0.2250783
62.4700012,0.2229096,0.2217281
62.4800034,0.2228008,0.2249808
62.4900017,0.2370208,0.2315045
62.5000038,0.2420092,0.2321341
62.5100021,0.2329703,0.2312686
62.5200043,0.2395387,0.2254584
62.5300026,0.2413767,0.2276725
62.5400047,0.2388369,0.229233
62.5500031,0.2403336,0.227411
62.5600014,0.2341133,0.2407214
62.5700035,0.2313986,0.2305816
62.5800018,0.2296033,0.2358301
62.590004,0.2375108,0.2498549
62.6000023,0.2330492,0.2397025
62.6100044,0.2418005,0.2433024
62.6200027,0.2490935,0.2369017
62.6300011,0.2328125,0.2247322
62.6400032,0.2321187,0.2496485
62.6500015,0.233557,0.2506981
62.6600037,0.2353361,0.2418453
62.670002,0.2368968,0.2424213
62.6800041,0.2395479,0.2385316
62.6900024,0.2374947,0.2381249
62.7000046,0.2362089,0.2353241
62.7100029,0.2366338,0.2436182
62.7200012,0.2388738,0.2411112
62.7300034,0.2482937,0.2504331
62.7400017,0.2390082,0.2346552
62.7500038,0.2382353,0.2366483
62.7600021,0.2367404,0.2321186
62.7700043,0.2325678,0.2239104
62.7800026,0.2306214,0.2334178
62.7900047,0.2276063,0.2284564
62.8000031,0.2333104,0.2239836
62.8100014,0.2400729,0.2408493
62.8200035,0.2329203,0.237807
62.8300018,0.2301228,0.2467351
62.840004,0.2347473,0.2442477
62.8500023,0.2372396,0.2284778
62.8600044,0.2384717,0.2299526
62.8700027,0.2377111,0.2252621
62.8800049,0.2323253,0.2338475
62.8900032,0.2453537,0.2272034
62.9000015,0.2439191,0.2284462
62.9100037,0.2498664,0.2325773
62.920002,0.2433781,0.2287761
62.9300041,0.254512,0.2240274
62.9400024,0.2482975,0.2324751
62.9500046,0.2441225,0.2387231
62.9600029,0.2540639,0.2351584
62.9700012,0.2521241,0.2502842
62.9800034,0.2495366,0.2397059
62.9900017,0.2466875,0.2414262
63.0000038,0.2428323,0.2419527
63.0100021,0.2491011,0.2373917
63.0200043,0.2458415,0.227687
63.0300026,0.2518253,0.2380119
63.0400047,0.2470356,0.2343754
63.0500031,0.2517624,0.2259065
63.0600014,0.2447625,0.2393364
63.0700035,0.246301,0.2341657
63.0800018,0.2436057,0.242493
63.090004,0.2505417,0.2363854
63.1000023,0.2495906,0.2469795
63.1100044,0.2466189,0.2445359
63.1200027,0.24566,0.25379
63.1300049,0.2431011,0.2392357
63.1400032,0.2542246,0.2258939
63.1500015,0.2535915,0.2452281
63.1600037,0.2527974,0.2462371
63.170002,0.2546634,0.2483713
63.1800041,0.256431,0.2397443
63.1900024,0.2482499,0.2318834
63.2000046,0.2589007,0.2305259
63.2100029,0.2512903,0.2327848
63.2200012,0.2517127,0.232809
63.2300034,0.2444666,0.2269146
63.2400017,0.2429397,0.2231777
63.2500038,0.2465322,0.2259932
63.2600021,0.2404332,0.2289629
63.2700043,0.2369421,0.227439
63.2800026,0.2339873,0.2311623
63.2900047,0.2283451,0.2319673
63.3000031,0.2384337,0.2252389
63.3100014,0.2492284,0.222498
63.3200035,0.242249,0.2287549
63.3300018,0.2414463,0.2343919
63.340004,0.2404841,0.2382411
63.3500023,0.2455007,0.2340902
63.3600044,0.2443751,0.2229403
63.3700027,0.2421148,0.2270653
63.3800049,0.2409776,0.2437309
63.3900032,0.2450092,0.2392449
63.4000015,0.2472703,0.2342242
63.4100037,0.2419466,0.2355898
63.420002,0.2479074,0.2439333
63.4300041,0.2395369,0.2453626
63.4400024,0.2493022,0.2420427
63.4500046,0.2571458,0.2510817
63.4600029,0.2433618,0.2422466
63.4700012,0.2438193,0.2436843
63.4800034,0.2443243,0.2529593
63.4900017,0.2401062,0.2474885
63.5000038,0.24695,0.2578858
63.5100021,0.2484722,0.2523683
63.5200043,0.2299603,0.2492171
63.5300026,0.236812,0.2346625
63.5400047,0.2373569,0.2568585
63.5500031,0.2321488,0.2499776
63.5600014,0.2393132,0.2446879
63.5700035,0.240089,0.2482099
63.5800018,0.24333,0.2450449
63.590004,0.2463258,0.2423431
63.6000023,0.2443887,0.2373879
63.6100044,0.2393138,0.2451733
63.6200027,0.2383354,0.2419682
63.6300049,0.2408796,0.2334394
63.6400032,0.2463483,0.2387715
63.6500015,0.2521416,0.2390229
63.6600037,0.2406282,0.2389008
63.670002,0.2408974,0.2282292
63.6800041,0.2361079,0.2358118
63.6900024,0.2387725,0.2422711
63.7000046,0.2379381,0.2481801
63.7100029,0.2294015,0.2285652
63.7200012,0.2224638,0.228786
63.7300034,0.2278928,0.2274459
63.7400017,0.232407,0.2412193
63.7500038,0.234434,0.2354724
63.7600021,0.2386439,0.2520492
63.7700043,0.2427729,0.2463975
63.7800026,0.2352448,0.2404148
63.7900047,0.2355319,0.2497142
63.8000031,0.2333197,0.2506419
63.8100014,0.2375353,0.246063
63.8200035,0.2388381,0.2459174
63.8300018,0.2343184,0.2429034
63.840004,0.2441685,0.2445604
63.8500023,0.2431741,0.2342698
63.8600044,0.2443082,0.2359128
63.8700027,0.2414649,0.236554
63.8800049,0.2473217,0.2382256
63.8900032,0.2455271,0.2223856
63.9000015,0.2414727,0.2289267
63.9100037,0.2500867,0.2326396
63.920002,0.2456171,0.2319111
63.9300041,0.2613828,0.2342101
63.9400024,0.2492865,0.2356092
63.9500046,0.24707,0.2323904
63.9600029,0.2489113,0.2278119
63.9700012,0.2426945,0.2305052
63.9800034,0.2411611,0.2319997
63.9900017,0.2493942,0.2381921
64.0,0.2454437,0.2424611
64.0100021,0.2415069,0.2430153
64.0200043,0.2456104,0.2420567
64.0300064,0.2367418,0.2316558
64.0400009,0.2337175,0.2403054
64.0500031,0.2323596,0.2285635
64.0600052,0.233239,0.2369646
64.0699997,0.2301977,0.2432626
64.0800018,0.2345092,0.2481232
64.090004,0.2312318,0.2372726
64.1000061,0.2316737,0.2403324
64.1100006,0.2265793,0.2488131
64.1200027,0.2256025,0.2554923
64.1300049,0.2355182,0.2439747
64.1399994,0.2400642,0.2371338
64.1500015,0.2495107,0.2370839
64.1600037,0.2412848,0.239112
64.1700058,0.2407622,0.2455296
64.1800003,0.2508269,0.2391881
64.1900024,0.2532303,0.2346199
64.2000046,0.2516186,0.237374
64.2100067,0.2529741,0.2438525
64.2200012,0.2506303,0.2316187
64.2300034,0.2538424,0.2389783
64.2400055,0.2627876,0.2469779
64.25,0.2700948,0.2422954
64.2600021,0.2611066,0.2462978
64.2700043,0.2612023,0.2455867
64.2800064,0.2742308,0.2438125
64.2900009,0.2654518,0.2401304
64.3000031,0.2642094,0.2397435
64.3100052,0.2591083,0.2351218
64.3199997,0.2526762,0.2358211
64.3300018,0.2418927,0.2425102
64.340004,0.2364303,0.2400398
64.3500061,0.2521609,0.2421131
64.3600006,0.2433839,0.2418121
64.3700027,0.2421233,0.2334185
64.3800049,0.2385326,0.2395577
64.3899994,0.2422891,0.2326021
64.4000015,0.2304301,0.2335281
64.4100037,0.2309835,0.2330466
64.4200058,0.2263111,0.2361485
64.4300003,0.2284835,0.2355935
64.4400024,0.233152,0.2462169
64.4500046,0.2334244,0.242161
64.4600067,0.2366193,0.2395814
64.4700012,0.2275045,0.2339393
64.4800034,0.2378063,0.238975
64.4900055,0.2407713,0.234226
64.5,0.2293288,0.2323712
64.5100021,0.2327723,0.2433471
64.5200043,0.2304257,0.2455764
64.5300064,0.2298174,0.2396107
64.5400009,0.2149047,0.2406576
64.5500031,0.2174907,0.2463332
64.5600052,0.2166006,0.2446607
64.5699997,0.2216742,0.2451521
64.5800018,0.2207995,0.2447313
64.590004,0.2333123,0.23781
64.6000061,0.2258373,0.2373746
64.6100006,0.2218596,0.2323448
64.6200027,0.217701,0.2276953
64.6300049,0.2277431,0.227613
64.6399994,0.2294251,0.234174
64.6500015,0.2283688,0.2278889
64.6600037,0.2201082,0.2312419
64.6700058,0.2276073,0.2328942
64.6800003,0.2281381,0.2363641
64.6900024,0.2340733,0.2407591
64.7000046,0.2329142,0.2372973
64.7100067,0.2374918,0.2330661
64.7200012,0.2396638,0.2308742
64.7300034,0.2262129,0.2383204
64.7400055,0.2347843,0.2367079
64.75,0.2429889,0.2290103
64.7600021,0.2418312,0.2341906
64.7700043,0.2422554,0.2240575
64.7800064,0.2390457,0.2392051
64.7900009,0.2487398,0.221315
64.8000031,0.2502086,0.2212018
64.8100052,0.240023,0.2306626
64.8199997,0.2485824,0.2366787
64.8300018,0.2376935,0.2292939
64.840004,0.2380584,0.2240269
64.8500061,0.2514285,0.2305825
64.8600006,0.240436,0.2402043
64.8700027,0.2368676,0.2457806
64.8800049,0.2405735,0.2396174
64.8899994,0.2402708,0.2331462
64.9000015,0.2513302,0.2414327
64.9100037,0.2356994,0.2333284
64.9200058,0.2435913,0.2464533
64.9300003,0.2338218,0.2414931
64.9400024,0.2220007,0.2298518
64.9500046,0.240074,0.234375
64.9600067,0.2375558,0.2393537
64.9700012,0.2392052,0.2282493
64.9800034,0.2403335,0.2336177
64.9900055,0.2377041,0.2347345
65.0,0.241724,0.2360806
65.0100021,0.2389462,0.2485599
65.0200043,0.2429864,0.2435397
65.0300064,0.2499637,0.236169
65.0400009,0.2536217,0.2314054
65.0500031,0.2529954,0.2379008
65.0600052,0.2571955,0.2249413
65.0699997,0.2526404,0.2276796
65.0800018,0.2552726,0.2376729
65.090004,0.2474244,0.2373282
65.1000061,0.2439648,0.2255493
65.1100006,0.2537116,0.2255749
65.1200027,0.2438968,0.2416118
65.1300049,0.2417367,0.2308891
65.1399994,0.2461878,0.2335453
65.1500015,0.2421778,0.252351
65.1600037,0.2428036,0.2468735
65.1700058,0.2438507,0.2405889
65.1800003,0.2416612,0.2458195
65.1900024,0.2420137,0.2438896
65.2000046,0.2531592,0.2340168
65.2100067,0.2473598,0.2348037
65.2200012,0.247723,0.2389054
65.2300034,0.2445688,0.2268012
65.2400055,0.2323453,0.2391137
65.25,0.2488191,0.2466928
65.2600021,0.2437419,0.2461699
65.2700043,0.2375425,0.2436216
65.2800064,0.2426354,0.2394621
65.2900009,0.2348625,0.2336062
65.3000031,0.243379,0.2337002
65.3100052,0.2487855,0.2410475
65.3199997,0.2473666,0.2326708
65.3300018,0.2434798,0.2378526
65.340004,0.2406918,0.2377038
65.3500061,0.2477187,0.2371608
65.3600006,0.2399699,0.2343606
65.3700027,0.2375624,0.2360075
65.3800049,0.2462038,0.2298958
65.3899994,0.2495677,0.2468278
65.4000015,0.2368411,0.2431619
65.4100037,0.2560138,0.2419326
65.4200058,0.2481232,0.2491419
65.4300003,0.2440966,0.2493122
65.4400024,0.2402896,0.2616178
65.4500046,0.2513921,0.2474817
65.4600067,0.2485203,0.2422559
65.4700012,0.2502514,0.2434301
65.4800034,0.2551414,0.2352857
65.4900055,0.2620061,0.249325
65.5,0.2549051,0.2461668
65.5100021,0.2617716,0.229267
65.5200043,0.2552807,0.2354397
65.5300064,0.2516781,0.2352961
65.5400009,0.2565215,0.2417384
65.5500031,0.2465239,0.2384927
65.5600052,0.2471394,0.2345739
65.5699997,0.2519236,0.2466384
65.5800018,0.2514332,0.2403176
65.590004,0.254146,0.2421483
65.6000061,0.245718,0.2485719
65.6100006,0.2470801,0.242675
65.6200027,0.2477006,0.2389301
65.6300049,0.2435187,0.2313059
65.6399994,0.2448067,0.2301807
65.6500015,0.2528084,0.2402099
65.6600037,0.2484251,0.2409644
65.6700058,0.2500634,0.2505105
65.6800003,0.2454642,0.2483461
65.6900024,0.2539765,0.2342707
65.7000046,0.251341,0.2270119
65.7100067,0.2548069,0.2297643
65.7200012,0.2542995,0.2243906
65.7300034,0.2510543,0.2330989
65.7400055,0.2460464,0.2266244
65.75,0.2565266,0.2365927
65.7600021,0.246195,0.2244366
65.7700043,0.2460538,0.2304944
65.7800064,0.2454384,0.2262199
65.7900009,0.2578448,0.237937
65.8000031,0.2512136,0.2322211
65.8100052,0.2483619,0.2343362
65.8199997,0.2504439,0.2335397
65.8300018,0.2564963,0.2412404
65.840004,0.2520495,0.239272
65.8500061,0.2452756,0.2371221
65.8600006,0.243668,0.2445832
65.8700027,0.2518612,0.2399386
65.8800049,0.2627405,0.236699
65.8899994,0.2577429,0.2348413
65.9000015,0.2564974,0.2341405
65.9100037,0.255511,0.2433464
65.9200058,0.2521272,0.2331633
65.9300003,0.2513606,0.2350906
65.9400024,0.2420964,0.240284
65.9500046,0.2460599,0.2429723
65.9600067,0.2443152,0.2333269
65.9700012,0.2492925,0.2228397
65.9800034,0.2514827,0.2274138
65.9900055,0.2509612,0.2241113
66.0,0.2543125,0.2313157
66.0100021,0.2480441,0.2359753
66.0200043,0.2523236,0.2372829
66.0300064,0.2498999,0.2349506
66.0400009,0.2502468,0.2274491
66.0500031,0.2470995,0.2217234
66.0600052,0.2508844,0.2292658
66.0699997,0.2511449,0.2192081
66.0800018,0.2508358,0.2288824
66.090004,0.260522,0.2292496
66.1000061,0.2413657,0.2401526
66.1100006,0.2535182,0.2317124
66.1200027,0.2543406,0.2304941
66.1300049,0.2528436,0.2385742
66.1399994,0.2506644,0.2345828
66.1500015,0.2485909,0.2282844
66.1600037,0.2482557,0.2307608
66.1700058,0.2353782,0.2343334
66.1800003,0.2368958,0.2344982
66.1900024,0.2355073,0.2203459
66.2000046,0.2402596,0.2280116
66.2100067,0.2312976,0.2271297
66.2200012,0.2353453,0.2249817
66.2300034,0.2337572,0.2273475
66.2400055,0.2407684,0.2225897
66.25,0.2460574,0.2204266
66.2600021,0.2412744,0.2286568
66.2700043,0.2362006,0.2296328
66.2800064,0.237506,0.2414689
66.2900009,0.2394479,0.2311183
66.3000031,0.2463952,0.2404013
66.3100052,0.2495789,0.2404822
66.3199997,0.2512013,0.2398795
66.3300018,0.2592574,0.2352667
66.340004,0.2573996,0.2435128
66.3500061,0.2549493,0.2472442
66.3600006,0.2409349,0.2303293
66.3700027,0.2438083,0.2336577
66.3800049,0.2525049,0.2293724
66.3899994,0.240746,0.2273959
66.4000015,0.2412408,0.2377013
66.4100037,0.2479393,0.2348523
66.4200058,0.2494707,0.2360537
66.4300003,0.2386229,0.2326187
66.4400024,0.242166,0.235993
66.4500046,0.2335421,0.2299397
66.4600067,0.2240833,0.2269069
66.4700012,0.2334213,0.2273555
66.4800034,0.2305503,0.2277718
66.4900055,0.2483972,0.2242439
66.5,0.246894,0.2272885
66.5100021,0.2511229,0.2362636
66.5200043,0.2385209,0.2322085
66.5300064,0.2426445,0.2180731
66.5400009,0.2444796,0.2274178
66.5500031,0.2411907,0.2192587
66.5600052,0.2374504,0.2317418
66.5699997,0.2398724,0.234862
66.5800018,0.2363253,0.2165254
66.590004,0.2426537,0.2197425
66.6000061,0.2324358,0.2205729
66.6100006,0.2391641,0.2217502
66.6200027,0.2372035,0.2282726
66.6300049,0.2414126,0.2260496
66.6399994,0.2380201,0.2319426
66.6500015,0.2318835,0.2363296
66.6600037,0.236368,0.2382602
66.6700058,0.229391,0.2330604
66.6800003,0.2296198,0.2329527
66.6900024,0.2329493,0.236067
66.7000046,0.2380867,0.2334986
66.7100067,0.2368709,0.2291349
66.7200012,0.2390998,0.2351618
66.7300034,0.2489079,0.2306242
66.7400055,0.2448653,0.2368369
66.75,0.2459457,0.2319319
66.7600021,0.2335157,0.2287109
66.7700043,0.2333922,0.2272138
66.7800064,0.2330046,0.2270868
66.7900009,0.2297297,0.2248814
66.8000031,0.2258646,0.2385302
66.8100052,0.2276933,0.2381236
66.8199997,0.2370343,0.2375245
66.8300018,0.2328032,0.2350098
66.840004,0.2244998,0.2410887
66.8500061,0.2317592,0.2359217
66.8600006,0.2342039,0.2260995
66.8700027,0.2358575,0.2307018
66.8800049,0.2285105,0.2325268
66.8899994,0.2278177,0.2370798
66.9000015,0.2329334,0.2401874
66.9100037,0.2357535,0.2292804
66.9200058,0.2364354,0.2341218
66.9300003,0.2350696,0.2402604
66.9400024,0.2387098,0.2379287
66.9500046,0.2407059,0.2249828
66.9600067,0.2416539,0.2250957
66.9700012,0.2423243,0.2258919
66.9800034,0.2334929,0.2257478
66.9900055,0.2365133,0.2302464
67.0,0.2313465,0.2193057
67.0100021,0.2306942,0.2295545
67.0200043,0.2309959,0.2362502
67.0300064,0.2257629,0.2344496
67.0400009,0.2285743,0.2279007
67.0500031,0.2217899,0.2283221
67.0600052,0.2188979,0.2230601
67.0699997,0.2300574,0.223344
67.0800018,0.2229515,0.2227385
67.090004,0.218931,0.2207679
67.1000061,0.2184056,0.2223607
67.1100006,0.2301031,0.2137498
67.1200027,0.2341273,0.2227561
67.1300049,0.2401701,0.2308789
67.1399994,0.2443426,0.2309238
67.1500015,0.2442392,0.2279929
67.1600037,0.2336613,0.2351929
67.1700058,0.2397251,0.2297111
67.1800003,0.249765,0.2242768
67.1900024,0.2556143,0.2257417
67.2000046,0.2434277,0.234596
67.2100067,0.2494237,0.2247361
67.2200012,0.2456538,0.2315882
67.2300034,0.241532,0.2271109
67.2400055,0.2337132,0.2267003
67.25,0.2347515,0.2272763
67.2600021,0.2313733,0.2350895
67.2700043,0.2309709,0.2366352
67.2800064,0.240421,0.2314057
67.2900009,0.2332783,0.2374718
67.3000031,0.2394407,0.2339319
67.3100052,0.2399222,0.2366462
67.3199997,0.248579,0.2244473
67.3300018,0.2478641,0.2293585
67.340004,0.2392657,0.2325454
67.3500061,0.2351582,0.2454212
67.3600006,0.2339277,0.2249659
67.3700027,0.2336078,0.2342099
67.3800049,0.2311103,0.2336651
67.3899994,0.232051,0.2308546
67.4000015,0.2302845,0.2271391
67.4100037,0.2431135,0.2362742
67.4200058,0.2299496,0.2359325
67.4300003,0.2327792,0.2359857
67.4400024,0.2266437,0.2366992
67.4500046,0.2174527,0.2280354
67.4600067,0.2222533,0.2356371
67.4700012,0.2250212,0.2425674
67.4800034,0.2370033,0.2495503
67.4900055,0.2407457,0.2463493
67.5,0.2326874,0.2410104
67.5100021,0.2327632,0.2370965
67.5200043,0.2325247,0.2282249
67.5300064,0.2356131,0.2276124
67.5400009,0.2395367,0.22707
67.5500031,0.2342178,0.2343999
67.5600052,0.242488,0.2314199
67.5699997,0.2375136,0.2371189
67.5800018,0.243694,0.2403164
67.590004,0.248197,0.238363
67.6000061,0.2447639,0.2351965
67.6100006,0.2437897,0.2391966
67.6200027,0.2449806,0.2481124
67.6300049,0.2500557,0.2382319
67.640007,0.2542548,0.2325812
67.6500015,0.2617641,0.2257347
67.6600037,0.2470562,0.2333142
67.6700058,0.2418789,0.2268429
67.6800003,0.2509821,0.2363596
67.6900024,0.2465132,0.2261853
67.7000046,0.2526631,0.2265435
67.7100067,0.257144,0.2340043
67.7200012,0.2589982,0.2272889
67.7300034,0.2490869,0.239813
67.7400055,0.2550911,0.2489555
67.75,0.2396891,0.2391358
67.7600021,0.2473085,0.2354829
67.7700043,0.2446511,0.2319403
67.7800064,0.2481763,0.2369921
67.7900009,0.2369506,0.2427875
67.8000031,0.2398398,0.2376736
67.8100052,0.2400624,0.2418858
67.8199997,0.2419826,0.2367518
67.8300018,0.2338607,0.2343681
67.840004,0.2265553,0.2306559
67.8500061,0.2325494,0.2233278
67.8600006,0.2300968,0.2364712
67.8700027,0.2481396,0.2369794
67.8800049,0.2432065,0.247307
67.890007,0.2557574,0.2370505
67.9000015,0.2638605,0.2326575
67.9100037,0.2491769,0.2323823
67.9200058,0.2462103,0.2345683
67.9300003,0.2581098,0.230547
67.9400024,0.2511643,0.2333341
67.9500046,0.2481301,0.2443432
67.9600067,0.2478427,0.2375014
67.9700012,0.2496637,0.23051
67.9800034,0.2374728,0.2283864
67.9900055,0.2311297,0.2175094
68.0,0.2351495,0.2225146
68.0100021,0.2370526,0.2270261
68.0200043,0.2363914,0.2298235
68.0300064,0.2337364,0.2208171
68.0400009,0.2414158,0.2292397
68.0500031,0.2423274,0.2383839
68.0600052,0.2357187,0.2282879
68.0699997,0.2416313,0.2367883
68.0800018,0.2515046,0.2442575
68.090004,0.2464605,0.2452441
68.1000061,0.2473565,0.2395536
68.1100006,0.2400979,0.2412447
68.1200027,0.2560609,0.2384189
68.1300049,0.2508493,0.2517752
68.140007,0.2492694,0.2562477
68.1500015,0.2499264,0.2527555
68.1600037,0.2532934,0.2440718
68.1700058,0.2409778,0.2342844
68.1800003,0.254859,0.2339299
68.1900024,0.2505798,0.2525332
68.2000046,0.253506,0.2563569
68.2100067,0.2539106,0.2494618
68.2200012,0.252907,0.2561136
68.2300034,0.2492376,0.2537154
68.2400055,0.2486462,0.2510175
68.25,0.2514952,0.2409848
68.2600021,0.2377318,0.2260078
68.2700043,0.2604402,0.2268895
68.2800064,0.2598016,0.241286
68.2900009,0.2491108,0.2455782
68.3000031,0.2628179,0.2383529
68.3100052,0.2485853,0.2256442
68.3199997,0.2486807,0.2262082
68.3300018,0.2527513,0.2286333
68.340004,0.2502038,0.2268942
68.3500061,0.2468533,0.2228717
68.3600006,0.2561544,0.2293055
68.3700027,0.2530309,0.2330776
68.3800049,0.2518977,0.2212327
68.390007,0.2488926,0.2394454
68.4000015,0.2372238,0.246677
68.4100037,0.2288968,0.2264687
68.4200058,0.2408134,0.2421255
68.4300003,0.2394606,0.2281091
68.4400024,0.2436924,0.2412512
68.4500046,0.2400064,0.2410726
68.4600067,0.2428078,0.2429436
68.4700012,0.2490918,0.2407648
68.4800034,0.2527777,0.2249734
68.4900055,0.2509053,0.2372463
68.5,0.242471,0.2211081
68.5100021,0.2568686,0.2287867
68.5200043,0.2544636,0.2361065
68.5300064,0.2451895,0.2370898
68.5400009,0.2470328,0.2384402
68.5500031,0.2356578,0.2307443
68.5600052,0.2424616,0.2366053
68.5699997,0.2412883,0.2403227
68.5800018,0.2327546,0.2414783
68.590004,0.2238371,0.2332048
68.6000061,0.2205212,0.2297983
68.6100006,0.2274751,0.2290355
68.6200027,0.2276397,0.2219474
68.6300049,0.230644,0.2200486
68.640007,0.2424885,0.2310308
68.6500015,0.2447722,0.2249144
68.6600037,0.2446147,0.2250589
68.6700058,0.2491936,0.2275254
68.6800003,0.2461789,0.2244208
68.6900024,0.2430816,0.2320384
68.7000046,0.244129,0.2453308
68.7100067,0.2412197,0.2325433
68.7200012,0.2358095,0.2275025
68.7300034,0.2405767,0.2259007
68.7400055,0.2400992,0.2320907
68.75,0.2468145,0.2415834
68.7600021,0.25413,0.2420938
68.7700043,0.2509416,0.2274375
68.7800064,0.2492161,0.2253556
68.7900009,0.2419885,0.230739
68.8000031,0.2419265,0.2280072
68.8100052,0.241724,0.2308988
68.8199997,0.2283888,0.2225127
68.8300018,0.2330652,0.2281964
68.840004,0.2345895,0.2214958
68.8500061,0.2343944,0.2193338
68.8600006,0.2435976,0.2281263
68.8700027,0.2486933,0.2333234
68.8800049,0.2453578,0.2382666
68.890007,0.2420454,0.2234693
68.9000015,0.2359471,0.2489361
68.9100037,0.2554398,0.2479671
68.9200058,0.252537,0.2451798
68.9300003,0.2524908,0.2466451
68.9400024,0.2564512,0.2403855
68.9500046,0.2594569,0.2366662
68.9600067,0.2557645,0.2404461
68.9700012,0.2467309,0.2442081
68.9800034,0.2508721,0.2668296
68.9900055,0.2483441,0.2335875
69.0,0.260967,0.2495338
69.0100021,0.2576574,0.2318231
69.0200043,0.2515856,0.2303579
69.0300064,0.2480737,0.2466801
69.0400009,0.2420865,0.2347063
69.0500031,0.2458177,0.2366071
69.0600052,0.2361106,0.2469222
69.0699997,0.248803,0.2533512
69.0800018,0.2471279,0.2427399
69.090004,0.2418426,0.2363671
69.1000061,0.2478612,0.2366287
69.1100006,0.2412616,0.2347203
69.1200027,0.2356111,0.2397482
69.1300049,0.2395495,0.2520507
69.140007,0.2412646,0.2354942
69.1500015,0.2398532,0.2458093
69.1600037,0.2540084,0.2388416
69.1700058,0.2510103,0.240788
69.1800003,0.2494845,0.2345591
69.1900024,0.2570908,0.2284939
69.2000046,0.2588646,0.2114376
69.2100067,0.2587287,0.2273774
69.2200012,0.2533208,0.233245
69.2300034,0.2622053,0.2281115
69.2400055,0.2640811,0.2219205
69.25,0.2693216,0.2393883
69.2600021,0.2661615,0.227223
69.2700043,0.2626578,0.2376054
69.2800064,0.2614492,0.2374565
69.2900009,0.2507469,0.2413324
69.3000031,0.2521902,0.2374298
69.3100052,0.2472433,0.2444921
69.3199997,0.2410707,0.2329757
69.3300018,0.2452882,0.2193603
69.340004,0.2464869,0.2382929
69.3500061,0.2498156,0.2277701
69.3600006,0.243971,0.2322474
69.3700027,0.2506667,0.2352101
69.3800049,0.2505555,0.2316591
69.390007,0.2521101,0.2221568
69.4000015,0.2435983,0.2293783
69.4100037,0.2424832,0.2356769
69.4200058,0.2480561,0.2260258
69.4300003,0.24618,0.2332431
69.4400024,0.243454,0.2224504
69.4500046,0.25618,0.2273968
69.4600067,0.2514025,0.2384819
69.4700012,0.2507723,0.225805
69.4800034,0.2565982,0.2273184
69.4900055,0.2496617,0.2321271
69.5,0.2535779,0.2341313
69.5100021,0.2425631,0.232753
69.5200043,0.2400284,0.224972
69.5300064,0.2381959,0.2314965
69.5400009,0.2484138,0.2208063
69.5500031,0.2472719,0.2212485
69.5600052,0.2529987,0.2241328
69.5699997,0.2446975,0.2285474
69.5800018,0.2444941,0.227429
69.590004,0.2333277,0.2346282
69.6000061,0.2343113,0.2344526
69.6100006,0.2419642,0.2401042
69.6200027,0.2372053,0.2221962
69.6300049,0.2374823,0.219459
69.640007,0.2483834,0.2332487
69.6500015,0.2430499,0.2362971
69.6600037,0.245455,0.2238565
69.6700058,0.248608,0.231856
69.6800003,0.2509028,0.2259396
69.6900024,0.2430159,0.2310496
69.7000046,0.2456452,0.2305972
69.7100067,0.2506984,0.227894
69.7200012,0.2389694,0.2340425
69.7300034,0.2430814,0.2310742
69.7400055,0.2507557,0.2354027
69.75,0.2575019,0.2193689
69.7600021,0.2453702,0.2247131
69.7700043,0.2443633,0.2250177
69.7800064,0.2468753,0.2305063
69.7900009,0.2407171,0.2311793
69.8000031,0.2498479,0.2354041
69.8100052,0.2505137,0.2332717
69.8199997,0.2548245,0.2186379
69.8300018,0.2475688,0.2254466
69.840004,0.2470779,0.2259749
69.8500061,0.2435715,0.2290888
69.8600006,0.2503583,0.2271571
69.8700027,0.2606694,0.2252122
69.8800049,0.2544371,0.2256569
69.890007,0.2535541,0.2322321
69.9000015,0.2513744,0.2307059
69.9100037,0.2647467,0.2257425
69.9200058,0.2601382,0.2266768
69.9300003,0.2649724,0.2244318
69.9400024,0.2578744,0.2200267
69.9500046,0.2563637,0.2247768
69.9600067,0.2697192,0.2262523
69.9700012,0.2582519,0.2263452
69.9800034,0.2622668,0.2415445
69.9900055,0.2572591,0.23816
70.0,0.2600358,0.2348307
70.0100021,0.2618468,0.2379371
70.0200043,0.268718,0.2395106
70.0300064,0.259177,0.2320055
70.0400009,0.2573017,0.2321438
70.0500031,0.2581426,0.2331452
70.0600052,0.2598247,0.2364133
70.0699997,0.2548493,0.2294308
70.0800018,0.2427,0.249265
70.090004,0.2494143,0.2353851
70.1000061,0.2406088,0.2365148
70.1100006,0.2498582,0.2300864
70.1200027,0.2539875,0.2237313
70.1300049,0.252022,0.2285583
70.140007,0.2458884,0.2216
70.1500015,0.2497359,0.2292239
70.1600037,0.249443,0.2295648
70.1700058,0.2583152,0.2279329
70.1800003,0.255405,0.2279807
70.1900024,0.2547158,0.2243696
70.2000046,0.2610196,0.224996
70.2100067,0.269724,0.2251167
70.2200012,0.2635789,0.2203541
70.2300034,0.2595786,0.2309968
70.2400055,0.2664764,0.2278726
70.25,0.2669467,0.2180112
70.2600021,0.2648343,0.2250503
70.2700043,0.252877,0.2284803
70.2800064,0.2563896,0.2393946
70.2900009,0.2551783,0.2229908
70.3000031,0.261528,0.2223986
70.3100052,0.2634251,0.2335769
70.3199997,0.2628548,0.2369923
70.3300018,0.2611488,0.2385481
70.340004,0.2584149,0.2234378
70.3500061,0.2580576,0.224479
70.3600006,0.253382,0.2314791
70.3700027,0.2628279,0.2386193
70.3800049,0.2568978,0.2317936
70.390007,0.2572842,0.2287708
70.4000015,0.2567663,0.2270363
70.4100037,0.2567028,0.239214
70.4200058,0.2518869,0.2223312
70.4300003,0.2515168,0.2281521
70.4400024,0.2567385,0.2299637
70.4500046,0.2515005,0.240087
70.4600067,0.2581596,0.2344071
70.4700012,0.2619659,0.2321144
70.4800034,0.2511673,0.2268181
70.4900055,0.2549796,0.2341337
70.5,0.2651384,0.2437031
70.5100021,0.2555041,0.2310621
70.5200043,0.2552844,0.242598
70.5300064,0.2549885,0.2315761
70.5400009,0.2603799,0.2256554
70.5500031,0.2604286,0.2322142
70.5600052,0.2608203,0.2303895
70.5699997,0.2569745,0.2401346
70.5800018,0.2513394,0.2417552
70.590004,0.2453718,0.2398307
70.6000061,0.2488493,0.2354746
70.6100006,0.250966,0.2327212
70.6200027,0.2665703,0.2313941
70.6300049,0.2585879,0.2256748
70.640007,0.2623182,0.2314644
70.6500015,0.2700284,0.2318314
70.6600037,0.2659262,0.2283796
70.6700058,0.2608078,0.2225961
70.6800003,0.2695959,0.2248331
70.6900024,0.2677204,0.2306102
70.7000046,0.2597404,0.2264731
70.7100067,0.2736951,0.2301711
70.7200012,0.2642395,0.2250684
70.7300034,0.2670705,0.2337589
70.7400055,0.2763798,0.2258137
70.75,0.272157,0.2407122
70.7600021,0.2594261,0.2358757
70.7700043,0.2630543,0.2300359
70.7800064,0.2703826,0.2312219
70.7900009,0.2669241,0.2337331
70.8000031,0.2729165,0.2278144
70.8100052,0.2830422,0.2354591
70.8199997,0.2720661,0.2276801
70.8300018,0.2686132,0.2273485
70.840004,0.2628829,0.2290257
70.8500061,0.2725438,0.2280753
70.8600006,0.2784477,0.2386014
70.8700027,0.2748635,0.2432349
70.8800049,0.2720328,0.2479759
70.890007,0.2808529,0.2384049
70.9000015,0.2712087,0.2380769
70.9100037,0.2626725,0.2229766
70.9200058,0.2742859,0.2231806
70.9300003,0.263453,0.2230517
70.9400024,0.2615695,0.2387013
70.9500046,0.2664119,0.2379089
70.9600067,0.2568462,0.2273715
70.9700012,0.2558424,0.2419031
70.9800034,0.2580521,0.2373776
70.9900055,0.2571163,0.232129
71.0,0.2537051,0.2240756
71.0100021,0.2548597,0.2265907
71.0200043,0.2466947,0.2299276
71.0300064,0.2485118,0.2306346
71.0400009,0.2453967,0.2310534
71.0500031,0.2582369,0.2282431
71.0600052,0.2676765,0.2308333
71.0699997,0.2693917,0.2345183
71.0800018,0.259933,0.2382512
71.090004,0.2590469,0.236193
71.1000061,0.2637412,0.2342471
71.1100006,0.2639867,0.2343188
71.1200027,0.2495289,0.2399341
71.1300049,0.2509018,0.2354437
71.140007,0.2591344,0.2300842
71.1500015,0.2614705,0.2352191
71.1600037,0.252633,0.2196703
71.1700058,0.2557022,0.2243831
71.1800003,0.2603153,0.2391998
71.1900024,0.2609925,0.2309996
71.2000046,0.2634277,0.2322942
71.2100067,0.2565174,0.2272701
71.2200012,0.2489293,0.2371485
71.2300034,0.2566666,0.2276382
71.2400055,0.2516257,0.2462049
71.25,0.2622125,0.2328764
71.2600021,0.2665938,0.2308356
71.2700043,0.2620506,0.2362005
71.2800064,0.2629126,0.2357545
71.2900009,0.2562584,0.2333833
71.3000031,0.2668702,0.2318318
71.3100052,0.2667902,0.2319334
71.3199997,0.2609794,0.2401058
71.3300018,0.2657368,0.2478128
71.340004,0.270294,0.2330951
71.3500061,0.2618131,0.2357301
71.3600006,0.2737608,0.2365404
71.3700027,0.2601063,0.239612
71.3800049,0.2508794,0.2400613
71.390007,0.2400519,0.2343228
71.4000015,0.2477684,0.2307241
71.4100037,0.2478094,0.2330772
71.4200058,0.2421826,0.2365361
71.4300003,0.2477204,0.236969
71.4400024,0.2495248,0.2306154
71.4500046,0.2479221,0.2325362
71.4600067,0.2553933,0.2360079
71.4700012,0.2487701,0.229827
71.4800034,0.2526434,0.2280837
71.4900055,0.2536295,0.2303229
71.5,0.2636575,0.2385018
71.5100021,0.2567972,0.2234467
71.5200043,0.2619306,0.2256755
71.5300064,0.2595116,0.2379211
71.5400009,0.2563669,0.2264597
71.5500031,0.2544924,0.2332224
71.5600052,0.2457444,0.2338095
71.5699997,0.2474781,0.2359882
71.5800018,0.2608387,0.2356406
71.590004,0.2551516,0.2246724
71.6000061,0.2509874,0.2248532
71.6100006,0.2558772,0.2331626
71.6200027,0.2581652,0.2342387
71.6300049,0.2510539,0.2357315
71.640007,0.2577071,0.2355991
71.6500015,0.2589574,0.2362723
71.6600037,0.2530456,0.2233432
71.6700058,0.2604193,0.2308239
71.6800003,0.2498967,0.2255387
71.6900024,0.2609205,0.2347303
71.7000046,0.2529125,0.2351509
71.7100067,0.2531032,0.2192025
71.7200012,0.252357,0.2330975
71.7300034,0.2496792,0.2326611
71.7400055,0.2467078,0.2305535
71.75,0.2558334,0.2336338
71.7600021,0.2591876,0.2326189
71.7700043,0.2642669,0.2274681
71.7800064,0.2647359,0.2278305
71.7900009,0.263873,0.2271259
71.8000031,0.2680134,0.229911
71.8100052,0.2531094,0.2407725
71.8199997,0.2621208,0.2297655
71.8300018,0.2532072,0.2233132
71.840004,0.2589163,0.2427959
71.8500061,0.2645773,0.2427755
71.8600006,0.2562285,0.2316545
71.8700027,0.2647078,0.2273171
71.8800049,0.2709692,0.2369381
71.890007,0.2728747,0.2391606
71.9000015,0.2831327,0.2448135
71.9100037,0.2638627,0.2371888
71.9200058,0.2629906,0.2342287
71.9300003,0.2727069,0.2348737
71.9400024,0.2798455,0.2370571
71.9500046,0.2665083,0.2349768
71.9600067,0.2740093,0.2306794
71.9700012,0.2612388,0.2309998
71.9800034,0.2638462,0.2332661
71.9900055,0.2617517,0.2198668
72.0,0.2648151,0.2319699
72.0100021,0.255082,0.2251429
72.0200043,0.2610486,0.2379122
72.0300064,0.2685083,0.234814
72.0400009,0.2644866,0.2328924
72.0500031,0.258571,0.2317265
72.0600052,0.2654922,0.2339186
72.0699997,0.2711934,0.2340986
72.0800018,0.2707348,0.2218999
72.090004,0.2673837,0.2283351
72.1000061,0.257573,0.2314679
72.1100006,0.2532561,0.2328896
72.1200027,0.2592215,0.2348545
72.1300049,0.2673818,0.2269703
72.140007,0.2721022,0.2279418
72.1500015,0.2735951,0.2285746
72.1600037,0.2710241,0.2303551
72.1700058,0.2700472,0.23512
72.1800003,0.2793349,0.2325891
72.1900024,0.2739805,0.2335815
72.2000046,0.2609014,0.2472967
72.2100067,0.2712148,0.2444654
72.2200012,0.2857952,0.2359284
72.2300034,0.2786923,0.2306723
72.2400055,0.2706375,0.2340128
72.25,0.2711402,0.2404454
72.2600021,0.2705794,0.2343025
72.2700043,0.276127,0.2315556
72.2800064,0.2837889,0.238
72.2900009,0.2771699,0.2410182
72.3000031,0.2702222,0.2428464
72.3100052,0.2754735,0.2350844
72.3199997,0.2795184,0.2279191
72.3300018,0.2790999,0.226935
72.340004,0.2787163,0.2284987
72.3500061,0.2820979,0.2315649
72.3600006,0.2782743,0.227849
72.3700027,0.2751034,0.222772
72.3800049,0.2775787,0.2280681
72.390007,0.2804002,0.2124836
72.4000015,0.2751658,0.2159836
72.4100037,0.277128,0.2317602
72.4200058,0.2746366,0.2288699
72.4300003,0.282879,0.2276404
72.4400024,0.2622366,0.2225568
72.4500046,0.2726173,0.2290662
72.4600067,0.280003,0.2329676
72.4700012,0.2774186,0.2247558
72.4800034,0.2649936,0.2258641
72.4900055,0.274512,0.2139934
72.5,0.275232,0.2156835
72.5100021,0.2779757,0.2158229
72.5200043,0.2805515,0.2279399
72.5300064,0.2651273,0.2415083
72.5400009,0.2727378,0.2354837
72.5500031,0.2801328,0.2380937
72.5600052,0.2827447,0.224444
72.5699997,0.2716345,0.2299244
72.5800018,0.2816167,0.2252901
72.590004,0.2813869,0.2221659
72.6000061,0.2743626,0.2249151
72.6100006,0.279235,0.2273139
72.6200027,0.2710168,0.2295163
72.6300049,0.2770217,0.2305271
72.640007,0.2909528,0.2270515
72.6500015,0.2830631,0.2345425
72.6600037,0.2758668,0.2384129
72.6700058,0.2824768,0.2310299
72.6800003,0.2725783,0.2345853
72.6900024,0.2590494,0.2341537
72.7000046,0.2683219,0.2342298
72.7100067,0.268778,0.2375718
72.7200012,0.2660312,0.2446666
72.7300034,0.2702758,0.2368435
72.7400055,0.2675202,0.227482
72.75,0.2698904,0.2299126
72.7600021,0.2715607,0.2366156
72.7700043,0.2770051,0.2358505
72.7800064,0.2757709,0.2452347
72.7900009,0.2827615,0.2506211
72.8000031,0.2736887,0.2467518
72.8100052,0.2725373,0.2443439
72.8199997,0.2731824,0.2528693
72.8300018,0.2671958,0.2385985
72.840004,0.2753198,0.2329437
72.8500061,0.2628669,0.2389742
72.8600006,0.2663373,0.2344049
72.8700027,0.2590327,0.2326459
72.8800049,0.2566459,0.2358564
72.890007,0.261357,0.2398309
72.9000015,0.2571499,0.2401529
72.9100037,0.2545795,0.2331542
72.9200058,0.2491636,0.2364536
72.9300003,0.2502773,0.2357431
72.9400024,0.2547663,0.2463711
72.9500046,0.2596469,0.2408071
72.9600067,0.267247,0.2363973
72.9700012,0.2611545,0.2345305
72.9800034,0.2605346,0.2331731
72.9900055,0.2510655,0.2365353
73.0,0.2552937,0.2398748
73.0100021,0.255273,0.2342691
73.0200043,0.2604838,0.238717
73.0300064,0.2628348,0.2290328
73.0400009,0.2607109,0.2197553
73.0500031,0.2669932,0.2279167
73.0600052,0.2708117,0.2346502
73.0699997,0.2728433,0.2310585
73.0800018,0.2721161,0.2267527
73.090004,0.2642315,0.2201493
73.1000061,0.2628691,0.2265023
73.1100006,0.2626008,0.2317026
73.1200027,0.2645796,0.2336643
73.1300049,0.2634203,0.2283032
73.140007,0.2516008,0.2399561
73.1500015,0.2625242,0.2366226
73.1600037,0.2522022,0.2384692
73.1700058,0.2636103,0.2446679
73.1800003,0.270132,0.2387296
73.1900024,0.2663228,0.2467594
73.2000046,0.2682283,0.2447594
73.2100067,0.2821029,0.242567
73.2200012,0.2685049,0.2396167
73.2300034,0.2676252,0.2380179
73.2400055,0.2539204,0.2394085
73.25,0.2596475,0.2385656
73.2600021,0.2628393,0.2435184
73.2700043,0.2660055,0.2396611
73.2800064,0.2749065,0.2369979
73.2900009,0.2720748,0.2357107
73.3000031,0.2725531,0.236491
73.3100052,0.2636576,0.2422987
73.3199997,0.2607647,0.2378423
73.3300018,0.2659596,0.2387811
73.340004,0.2619935,0.2389106
73.3500061,0.2650672,0.2333075
73.3600006,0.2669201,0.2472344
73.3700027,0.2627652,0.2429491
73.3800049,0.2708114,0.2442066
73.390007,0.266059,0.2440912
73.4000015,0.2735005,0.2544579
73.4100037,0.2670041,0.2397896
73.4200058,0.2768232,0.2503426
73.4300003,0.2678761,0.2552829
73.4400024,0.2676641,0.2414588
73.4500046,0.2633281,0.2415443
73.4600067,0.2732119,0.2451835
73.4700012,0.2724155,0.2353045
73.4800034,0.2676625,0.2477441
73.4900055,0.2725818,0.2502569
73.5,0.2684267,0.2434515
73.5100021,0.2765557,0.2391707
73.5200043,0.2677432,0.2363096
73.5300064,0.2725053,0.2334638
73.5400009,0.2640936,0.2488931
73.5500031,0.271143,0.2490076
73.5600052,0.2622584,0.2436445
73.5699997,0.2730512,0.2551808
73.5800018,0.271771,0.2572912
73.590004,0.271805,0.2579534
73.6000061,0.2720264,0.2513108
73.6100006,0.2770154,0.2504465
73.6200027,0.2698479,0.2491573
73.6300049,0.2617938,0.2475105
73.640007,0.2601097,0.2339113
73.6500015,0.2601061,0.2340728
73.6600037,0.2623671,0.2212703
73.6700058,0.2602926,0.2423366
73.6800003,0.2651715,0.2436906
73.6900024,0.2635158,0.233137
73.7000046,0.2752395,0.2415675
73.7100067,0.2673008,0.23521
73.7200012,0.2731809,0.2346202
73.7300034,0.2690989,0.2357692
73.7400055,0.2745259,0.2448094
73.75,0.2683852,0.257378
73.7600021,0.2682005,0.2505407
73.7700043,0.2758504,0.2423799
73.7800064,0.2766924,0.2412559
73.7900009,0.2712319,0.2363672
73.8000031,0.2698924,0.2355135
73.8100052,0.2762421,0.2560103
73.8199997,0.2868411,0.2585834
73.8300018,0.275667,0.2522856
73.840004,0.285928,0.2678742
73.8500061,0.2753414,0.2776652
73.8600006,0.2872364,0.2644161
73.8700027,0.2774468,0.2466546
73.8800049,0.2765418,0.2451876
73.890007,0.2890146,0.2326196
73.9000015,0.2823746,0.2354779
73.9100037,0.2818373,0.2526849
73.9200058,0.2889882,0.24855
73.9300003,0.2758263,0.2499649
73.9400024,0.2785836,0.2577803
73.9500046,0.2823857,0.2594272
73.9600067,0.2767189,0.2616571
73.9700012,0.2746127,0.2635454
73.9800034,0.2826182,0.2655226
73.9900055,0.2818782,0.2489345
74.0,0.2766936,0.2554043
74.0100021,0.2785685,0.2563814
74.0200043,0.2789288,0.2423207
74.0300064,0.2898525,0.2340484
74.0400009,0.2773295,0.2459839
74.0500031,0.2731213,0.2400986
74.0600052,0.2854197,0.2265918
74.0700073,0.2858284,0.2339395
74.0800018,0.277813,0.2294129
74.090004,0.2861207,0.2418751
74.1000061,0.2717005,0.2425455
74.1100006,0.2704203,0.2582256
74.1200027,0.2749492,0.2435499
74.1300049,0.2659426,0.2289308
74.140007,0.2686753,0.2317592
74.1500015,0.2607321,0.2268128
74.1600037,0.2522603,0.2372286
74.1700058,0.2671042,0.2208799
74.1800003,0.2591965,0.2105623
74.1900024,0.2573214,0.2343611
74.2000046,0.250804,0.2253882
74.2100067,0.2652709,0.2304641
74.2200012,0.2639009,0.2328251
74.2300034,0.2502816,0.2168077
74.2400055,0.2566456,0.2194803
74.25,0.2555398,0.2239628
74.2600021,0.2591149,0.2281351
74.2700043,0.2482373,0.2357107
74.2800064,0.2482698,0.2355774
74.2900009,0.2517087,0.2361616
74.3000031,0.252701,0.2284962
74.3100052,0.2639029,0.2237767
74.3200073,0.2661873,0.2322356
74.3300018,0.2680391,0.2343808
74.340004,0.2649855,0.2309573
74.3500061,0.2734273,0.232833
74.3600006,0.271694,0.2404102
74.3700027,0.2844735,0.2299927
74.3800049,0.2813141,0.2336143
74.390007,0.2733152,0.2288944
74.4000015,0.2767217,0.2307839
74.4100037,0.2771578,0.2332453
74.4200058,0.2699384,0.2248537
74.4300003,0.2695697,0.2252912
74.4400024,0.2684837,0.221562
74.4500046,0.2702104,0.2234099
74.4600067,0.2763646,0.2163171
74.4700012,0.2644398,0.2314282
74.4800034,0.2705241,0.2288434
74.4900055,0.2698531,0.2311297
74.5,0.2660541,0.2293463
74.5100021,0.2775743,0.2237861
74.5200043,0.2759332,0.2285974
74.5300064,0.2745581,0.2097069
74.5400009,0.268924,0.2106475
74.5500031,0.271917,0.2273351
74.5600052,0.2713248,0.2261115
74.5700073,0.2699979,0.2284137
74.5800018,0.265078,0.2258927
74.590004,0.2730284,0.2282298
74.6000061,0.2827004,0.2348664
74.6100006,0.2783206,0.2149673
74.6200027,0.2791702,0.2284411
74.6300049,0.2709099,0.2216902
74.640007,0.2733933,0.2286534
74.6500015,0.2739166,0.2256013
74.6600037,0.2658735,0.2334913
74.6700058,0.2695937,0.2348947
74.6800003,0.2641898,0.2385411
74.6900024,0.2777284,0.219514
74.7000046,0.2768302,0.2447918
74.7100067,0.2713799,0.2407738
74.7200012,0.2674594,0.2332368
74.7300034,0.273772,0.2306927
74.7400055,0.2698277,0.2229602
74.75,0.2692651,0.2344154
74.7600021,0.2831796,0.2327651
74.7700043,0.2628698,0.2406886
74.7800064,0.2658226,0.2378958
74.7900009,0.2565894,0.2370572
74.8000031,0.2710812,0.236764
74.8100052,0.2614658,0.2368587
74.8200073,0.2685663,0.2276144
74.8300018,0.2681161,0.2318404
74.840004,0.2621742,0.2380856
74.8500061,0.2607479,0.2382465
74.8600006,0.2652665,0.2285219
74.8700027,0.2643231,0.2289215
74.8800049,0.257834,0.2457471
74.890007,0.2654501,0.2415603
74.9000015,0.2639543,0.2406723
74.9100037,0.2717248,0.2358015
74.9200058,0.2609986,0.2213273
74.9300003,0.2620093,0.2417311
74.9400024,0.2505309,0.2368429
74.9500046,0.2628204,0.2371527
74.9600067,0.2541733,0.2328724
74.9700012,0.2587041,0.2242216
74.9800034,0.2592238,0.2313938
74.9900055,0.2681732,0.2393731
75.0,0.2647272,0.2452044
75.0100021,0.263093,0.2412623
75.0200043,0.2683887,0.2395829
75.0300064,0.2569217,0.2462327
75.0400009,0.2686966,0.257634
75.0500031,0.2595134,0.2533403
75.0600052,0.2680319,0.2508982
75.0700073,0.2608818,0.2415006
75.0800018,0.2622904,0.2424238
75.090004,0.2754776,0.2432199
75.1000061,0.261112,0.2355613
75.1100006,0.2611569,0.2417199
75.1200027,0.2713834,0.2469726
75.1300049,0.2704666,0.246757
75.140007,0.2593259,0.2432555
75.1500015,0.2739505,0.2339021
75.1600037,0.2752594,0.2399912
75.1700058,0.2748892,0.2308771
75.1800003,0.2699601,0.2359717
75.1900024,0.2711851,0.2434106
75.2000046,0.2724624,0.2346991
75.2100067,0.2704398,0.2400895
75.2200012,0.272622,0.2390073
75.2300034,0.2698488,0.2460547
75.2400055,0.2691246,0.2330608
75.25,0.2710581,0.2419969
75.2600021,0.2719584,0.2378419
75.2700043,0.2712763,0.2303957
75.2800064,0.277223,0.2455124
75.2900009,0.2823807,0.235074
75.3000031,0.2806347,0.2343564
75.3100052,0.2807087,0.2378553
75.3200073,0.2736377,0.2432798
75.3300018,0.2631153,0.2475811
75.340004,0.2724226,0.248819
75.3500061,0.2667608,0.2456187
75.3600006,0.2708408,0.2550186
75.3700027,0.2702007,0.2514045
75.3800049,0.2762517,0.2345513
75.390007,0.270169,0.2372464
75.4000015,0.2614045,0.2447339
75.4100037,0.2570898,0.2416808
75.4200058,0.2643371,0.2397103
75.4300003,0.2619378,0.2418367
75.4400024,0.2713917,0.2362431
75.4500046,0.269925,0.2294881
75.4600067,0.264164,0.2343128
75.4700012,0.2622609,0.2295678
75.4800034,0.2671902,0.2344618
75.4900055,0.2668052,0.2385655
75.5,0.2730931,0.2391791
75.5100021,0.2612438,0.2311394
75.5200043,0.2633238,0.2379458
75.5300064,0.2761801,0.2338666
75.5400009,0.2608064,0.2337474
75.5500031,0.2739878,0.2369311
75.5600052,0.2723485,0.233012
75.5700073,0.2852019,0.2248001
75.5800018,0.2763422,0.2368795
75.590004,0.267398,0.2351418
75.6000061,0.2711348,0.2352657
75.6100006,0.2714995,0.2410337
75.6200027,0.2646863,0.2371106
75.6300049,0.2707624,0.2280583
75.640007,0.2740058,0.230382
75.6500015,0.2657758,0.2441626
75.6600037,0.2728459,0.2402299
75.6700058,0.2697067,0.2415063
75.6800003,0.2667107,0.2407806
75.6900024,0.2537252,0.2314869
75.7000046,0.2653412,0.2264882
75.7100067,0.2595546,0.2326341
75.7200012,0.2594682,0.2498008
75.7300034,0.2619769,0.2445572
75.7400055,0.2550566,0.2374479
75.75,0.260715,0.2313355
75.7600021,0.258095,0.2294369
75.7700043,0.2602208,0.2321732
75.7800064,0.2606552,0.2365663
75.7900009,0.2644791,0.2378378
75.8000031,0.2666569,0.2460626
75.8100052,0.2556662,0.2300318
75.8200073,0.2645377,0.2325487
75.8300018,0.2585459,0.2313359
75.840004,0.2667236,0.2322812
75.8500061,0.2729279,0.2286424
75.8600006,0.2740026,0.2395561
75.8700027,0.2750881,0.2373435
75.8800049,0.2751709,0.2368667
75.890007,0.277224,0.2400922
75.9000015,0.2679845,0.235764
75.9100037,0.2657381,0.2283
75.9200058,0.2727636,0.2256615
75.9300003,0.2740436,0.2402093
75.9400024,0.2707402,0.2373548
75.9500046,0.2662094,0.2310078
75.9600067,0.2614088,0.2446819
75.9700012,0.2682158,0.2372874
75.9800034,0.2672114,0.2417233
75.9900055,0.277362,0.23185
76.0,0.2702508,0.2219595
76.0100021,0.2695209,0.2316843
76.0200043,0.2627528,0.2462738
76.0300064,0.2591104,0.2346071
76.0400009,0.2584553,0.23395
76.0500031,0.2692995,0.2371945
76.0600052,0.268384,0.2257783
76.0700073,0.2671022,0.2226904
76.0800018,0.2618499,0.2331362
76.090004,0.2597068,0.2357225
76.1000061,0.263511,0.2350958
76.1100006,0.2695878,0.237312
76.1200027,0.2701049,0.2309246
76.1300049,0.2634628,0.223766
76.140007,0.271553,0.2277032
76.1500015,0.2640102,0.241209
76.1600037,0.2571656,0.2305854
76.1700058,0.2584563,0.2394867
76.1800003,0.2656415,0.2384139
76.1900024,0.2685642,0.2385458
76.2000046,0.2654144,0.2318312
76.2100067,0.2687478,0.2362007
76.2200012,0.261878,0.2285318
76.2300034,0.2742334,0.2508516
76.2400055,0.2611448,0.2348237
76.25,0.2682402,0.2268211
76.2600021,0.2678873,0.2336548
76.2700043,0.2747972,0.2438861
76.2800064,0.2826077,0.2379974
76.2900009,0.2685241,0.2290353
76.3000031,0.262059,0.2338529
76.3100052,0.259974,0.2448599
76.3200073,0.2568596,0.2341607
76.3300018,0.2621996,0.2344367
76.340004,0.2600155,0.2370747
76.3500061,0.2691059,0.2369929
76.3600006,0.2587106,0.2397794
76.3700027,0.257371,0.2410689
76.3800049,0.2517171,0.2350027
76.390007,0.2665076,0.2332207
76.4000015,0.2597791,0.2335747
76.4100037,0.2647265,0.2277079
76.4200058,0.2575093,0.2273351
76.4300003,0.258438,0.2416035
76.4400024,0.2590734,0.2209061
76.4500046,0.2567588,0.2188936
76.4600067,0.2566664,0.2218171
76.4700012,0.2603183,0.2214998
76.4800034,0.2643298,0.2246003
76.4900055,0.2694051,0.219798
76.5,0.2681733,0.2221521
76.5100021,0.2688091,0.2297182
76.5200043,0.2591927,0.2269944
76.5300064,0.2634113,0.2186706
76.5400009,0.2610416,0.2211739
76.5500031,0.2592176,0.2160852
76.5600052,0.2716619,0.2153919
76.5700073,0.2673751,0.2250504
76.5800018,0.2694743,0.2334731
76.590004,0.2709977,0.2344631
76.6000061,0.2602971,0.2311575
76.6100006,0.2611579,0.2310288
76.6200027,0.2579931,0.2295059
76.6300049,0.2591543,0.2147841
76.640007,0.2595843,0.2214888
76.6500015,0.2659576,0.2168983
76.6600037,0.2672214,0.2220899
76.6700058,0.2609305,0.2276776
76.6800003,0.2713741,0.229103
76.6900024,0.2723037,0.2254272
76.7000046,0.2684279,0.2284727
76.7100067,0.2763327,0.2255451
76.7200012,0.2649694,0.2367284
76.7300034,0.2726901,0.2237227
76.7400055,0.2700903,0.2132462
76.75,0.2702054,0.2139059
76.7600021,0.2724919,0.2180606
76.7700043,0.2729625,0.2074546
76.7800064,0.2729466,0.2166152
76.7900009,0.2722113,0.2164012
76.8000031,0.2742422,0.2288665
76.8100052,0.2730924,0.2159801
76.8200073,0.2677805,0.2197892
76.8300018,0.2764933,0.2218037
76.840004,0.2742427,0.219176
76.8500061,0.2834697,0.2135215
76.8600006,0.2711884,0.2131969
76.8700027,0.2722417,0.2167891
76.8800049,0.2641852,0.2153912
76.890007,0.2711013,0.2158714
76.9000015,0.2731684,0.2018273
76.9100037,0.2694567,0.2142942
76.9200058,0.2815414,0.2123508
76.9300003,0.2788206,0.2092226
76.9400024,0.2747051,0.2174697
76.9500046,0.2779201,0.2131504
76.9600067,0.275646,0.214788
76.9700012,0.2818942,0.2103988
76.9800034,0.2827652,0.2228621
76.9900055,0.2789889,0.222803
77.0,0.2837554,0.2101417
77.0100021,0.2803389,0.2150932
77.0200043,0.2770287,0.2169345
77.0300064,0.2923473,0.2235714
77.0400009,0.2878556,0.2193705
77.0500031,0.2962234,0.2251252
77.0600052,0.2915,0.2235381
77.0700073,0.3043679,0.2137253
77.0800018,0.2890892,0.2092457
77.090004,0.2830454,0.2087286
77.1000061,0.2931321,0.2069595
77.1100006,0.2846422,0.2098956
77.1200027,0.2872951,0.214346
77.1300049,0.278978,0.216597
77.140007,0.2778575,0.21743
77.1500015,0.2713416,0.2056725
77.1600037,0.2818995,0.2076041
77.1700058,0.2698805,0.2106998
77.1800003,0.271302,0.2075287
77.1900024,0.26561,0.2075687
77.2000046,0.2730763,0.2120957
77.2100067,0.2796325,0.2108706
77.2200012,0.2729394,0.2174456
77.2300034,0.2770165,0.2270766
77.2400055,0.265209,0.2081535
77.25,0.2701408,0.2272533
77.2600021,0.273604,0.228185
77.2700043,0.2680831,0.2186437
77.2800064,0.265185,0.2219653
77.2900009,0.2562823,0.2257169
77.3000031,0.2583907,0.2218698
77.3100052,0.2663974,0.221533
77.3200073,0.2652189,0.2247525
77.3300018,0.2755308,0.2171068
77.340004,0.2652206,0.2154704
77.3500061,0.2569189,0.2103896
77.3600006,0.2667586,0.2333369
77.3700027,0.2627898,0.2220963
77.3800049,0.2608867,0.2212163
77.390007,0.2619042,0.2188373
77.4000015,0.2653014,0.2278867
77.4100037,0.2623731,0.2143325
77.4200058,0.2686933,0.2028566
77.4300003,0.2704844,0.2043303
77.4400024,0.2628219,0.2137176
77.4500046,0.2588171,0.215568
77.4600067,0.2654905,0.2227788
77.4700012,0.2585005,0.2236478
77.4800034,0.2735074,0.2260428
77.4900055,0.2718486,0.2174696
77.5,0.2744306,0.2329342
77.5100021,0.2716829,0.2256429
77.5200043,0.2756459,0.2099118
77.5300064,0.2726635,0.2134858
77.5400009,0.2662382,0.214968
77.5500031,0.2616023,0.2160844
77.5600052,0.2654547,0.228941
77.5700073,0.2579261,0.2322535
77.5800018,0.2649633,0.215862
77.590004,0.2674321,0.2253003
77.6000061,0.2643419,0.2263566
77.6100006,0.272662,0.226029
77.6200027,0.2681215,0.2288114
77.6300049,0.2581826,0.2288779
77.640007,0.2633403,0.2231759
77.6500015,0.2604472,0.227418
77.6600037,0.2600394,0.2291556
77.6700058,0.2583303,0.217906
77.6800003,0.2663914,0.2221096
77.6900024,0.259731,0.2247615
77.7000046,0.2749439,0.2211984
77.7100067,0.2623759,0.2254479
77.7200012,0.2681987,0.2239616
77.7300034,0.2765766,0.2341354
77.7400055,0.2731892,0.233478
77.75,0.27456,0.2363774
77.7600021,0.2687152,0.2311456
77.7700043,0.277703,0.2313675
77.7800064,0.2609228,0.2289765
77.7900009,0.2623026,0.2216284
77.8000031,0.2643401,0.2283708
77.8100052,0.2635094,0.2290004
77.8200073,0.2653228,0.2296233
77.8300018,0.266535,0.2262792
77.840004,0.2604659,0.2372809
77.8500061,0.2628595,0.2432684
77.8600006,0.2655551,0.2250325
77.8700027,0.2629662,0.2145535
77.8800049,0.2647944,0.2316374
77.890007,0.2653102,0.205157
77.9000015,0.2663298,0.220137
77.9100037,0.2625202,0.2159597
77.9200058,0.259626,0.2232485
77.9300003,0.2646199,0.2221655
77.9400024,0.2719086,0.2171331
77.9500046,0.2709055,0.2166976
77.9600067,0.271822,0.2185446
77.9700012,0.2680541,0.2061476
77.9800034,0.2726595,0.2058955
77.9900055,0.2776371,0.2085416
78.0,0.274727,0.2232677
78.0100021,0.2859725,0.2221292
78.0200043,0.2811452,0.2257605
78.0300064,0.2819118,0.2261194
78.0400009,0.2754886,0.2277882
78.0500031,0.2779329,0.2338489
78.0600052,0.2821222,0.245107
78.0700073,0.2676566,0.2380166
78.0800018,0.2795706,0.2252549
78.090004,0.2843584,0.2210678
78.1000061,0.288268,0.2213308
78.1100006,0.289646,0.2276588
78.1200027,0.2871816,0.2236625
78.1300049,0.282268,0.213796
78.140007,0.2857392,0.2186884
78.1500015,0.2829782,0.221986
78.1600037,0.2771699,0.2294308
78.1700058,0.2830112,0.2341745
78.1800003,0.2876821,0.2364675
78.1900024,0.2822959,0.2253988
78.2000046,0.2853957,0.2311808
78.2100067,0.2862406,0.2296389
78.2200012,0.2792204,0.2215108
78.2300034,0.2894239,0.2346135
78.2400055,0.281049,0.2313633
78.25,0.2814476,0.2260889
78.2600021,0.2833183,0.2366791
78.2700043,0.2818322,0.2403513
78.2800064,0.2802513,0.2293114
78.2900009,0.2700309,0.220001
78.3000031,0.2790925,0.2210214
78.3100052,0.2802861,0.2274833
78.3200073,0.2769156,0.2321523
78.3300018,0.2765902,0.2327466
78.340004,0.2725953,0.2214856
78.3500061,0.2737255,0.2315245
78.3600006,0.2757427,0.2230668
78.3700027,0.2773645,0.2408605
78.3800049,0.2738708,0.2333096
78.390007,0.2813691,0.2309168
78.4000015,0.2824403,0.2292146
78.4100037,0.285877,0.2287975
78.4200058,0.2802692,0.2238855
78.4300003,0.2852479,0.2338371
78.4400024,0.2848673,0.2341385
78.4500046,0.2837428,0.2358211
78.4600067,0.280508,0.2217004
78.4700012,0.2729793,0.235441
78.4800034,0.2801774,0.2351308
78.4900055,0.2975898,0.2320675
78.5,0.291537,0.2189374
78.5100021,0.2744291,0.2237394
78.5200043,0.2916951,0.2296344
78.5300064,0.2957463,0.2171529
78.5400009,0.2796321,0.2181596
78.5500031,0.2883843,0.2259125
78.5600052,0.2821356,0.2214794
78.5700073,0.2766697,0.2203733
78.5800018,0.2812367,0.2274457
78.590004,0.2782834,0.2244528
78.6000061,0.2709694,0.2267071
78.6100006,0.2804934,0.2251084
78.6200027,0.2705728,0.2295309
78.6300049,0.2725867,0.2267736
78.640007,0.2825093,0.2220791
78.6500015,0.2747093,0.2264944
78.6600037,0.283739,0.2281078
78.6700058,0.2764649,0.2332798
78.6800003,0.2744641,0.2313164
78.6900024,0.2718756,0.2332926
78.7000046,0.2761596,0.231828
78.7100067,0.2597984,0.231003
78.7200012,0.2659549,0.2363251
78.7300034,0.2647541,0.2242005
78.7400055,0.2559083,0.2313921
78.75,0.2594992,0.2253007
78.7600021,0.2580129,0.2282562
78.7700043,0.262384,0.2180858
78.7800064,0.2610793,0.2252082
78.7900009,0.2619882,0.2222109
78.8000031,0.2682141,0.2309651
78.8100052,0.2715693,0.231371
78.8200073,0.274347,0.2320348
78.8300018,0.2683667,0.2327535
78.840004,0.2730627,0.2347507
78.8500061,0.2764791,0.2273921
78.8600006,0.2738635,0.221316
78.8700027,0.2731172,0.2349994
78.8800049,0.2742759,0.222577
78.890007,0.2752799,0.2348969
78.9000015,0.271195,0.2205849
78.9100037,0.2743008,0.2217909
78.9200058,0.2732961,0.2200531
78.9300003,0.2726434,0.2257403
78.9400024,0.2707827,0.2302371
78.9500046,0.2683615,0.2240831
78.9600067,0.2609069,0.2225718
78.9700012,0.2653788,0.2213992
78.9800034,0.2715203,0.2282773
78.9900055,0.2696254,0.2250907
79.0,0.2735481,0.2245394
79.0100021,0.2761524,0.2325476
79.0200043,0.2745928,0.2271542
79.0300064,0.2768272,0.2332203
79.0400009,0.2801699,0.227266
79.0500031,0.2788178,0.2255401
79.0600052,0.2697458,0.2272431
79.0700073,0.2731749,0.2392913
79.0800018,0.2711116,0.2322511
79.090004,0.2679033,0.232866
79.1000061,0.2722724,0.2229269
79.1100006,0.2688412,0.2359991
79.1200027,0.268879,0.2452176
79.1300049,0.2818879,0.238115
79.140007,0.2746591,0.2398024
79.1500015,0.28223,0.2331033
79.1600037,0.2777582,0.2372283
79.1700058,0.285638,0.228827
79.1800003,0.2806159,0.2486944
79.1900024,0.2742926,0.2350182
79.2000046,0.2708164,0.2289069
79.2100067,0.2694729,0.2293783
79.2200012,0.2668347,0.2277326
79.2300034,0.2671687,0.2281836
79.2400055,0.2739872,0.2300792
79.25,0.2662278,0.2355977
79.2600021,0.258749,0.2445086
79.2700043,0.2612812,0.243676
79.2800064,0.2625067,0.2272235
79.2900009,0.2652009,0.2341122
79.3000031,0.2724968,0.2441244
79.3100052,0.2784141,0.2388899
79.3200073,0.2809342,0.232361
79.3300018,0.2725833,0.2344004
79.340004,0.2776028,0.2392106
79.3500061,0.2704992,0.2386435
79.3600006,0.2677454,0.2325695
79.3700027,0.2688892,0.2458632
79.3800049,0.2762897,0.2291976
79.390007,0.2757222,0.2316473
79.4000015,0.2757118,0.2504581
79.4100037,0.275435,0.2361475
79.4200058,0.2610679,0.2339271
79.4300003,0.2673042,0.2358937
79.4400024,0.2684921,0.2305735
79.4500046,0.2766467,0.231149
79.4600067,0.2760467,0.2279046
79.4700012,0.2785535,0.2379756
79.4800034,0.2815148,0.2302954
79.4900055,0.2837884,0.2322003
79.5,0.2744361,0.2431706
79.5100021,0.2773496,0.228997
79.5200043,0.2757747,0.2258593
79.5300064,0.2695028,0.2419279
79.5400009,0.2664616,0.2357078
79.5500031,0.2633403,0.2327704
79.5600052,0.2698092,0.2204337
79.5700073,0.2752473,0.2186722
79.5800018,0.2856514,0.2240296
79.590004,0.2840908,0.2330264
79.6000061,0.2776811,0.2336594
79.6100006,0.2741974,0.2158871
79.6200027,0.2727802,0.224727
79.6300049,0.2682903,0.2384846
79.640007,0.2661211,0.2302939
79.6500015,0.2671039,0.2260243
79.6600037,0.2755855,0.2273324
79.6700058,0.2660862,0.2369782
79.6800003,0.2697682,0.2313888
79.6900024,0.2764037,0.228549
79.7000046,0.269717,0.2218254
79.7100067,0.268944,0.2217603
79.7200012,0.2736302,0.2297958
79.7300034,0.2733698,0.22242
79.7400055,0.2707219,0.2248913
79.75,0.2653256,0.2278149
79.7600021,0.265485,0.2257251
79.7700043,0.2498668,0.2215668
79.7800064,0.264805,0.2311554
79.7900009,0.2644753,0.2234343
79.8000031,0.264054,0.2303873
79.8100052,0.2761295,0.2293625
79.8200073,0.2630775,0.2298524
79.8300018,0.2622126,0.2250212
79.840004,0.2698391,0.2243126
79.8500061,0.2618164,0.228738
79.8600006,0.2633917,0.233707
79.8700027,0.2627681,0.2325211
79.8800049,0.2721968,0.2420351
79.890007,0.272613,0.2355805
79.9000015,0.2633422,0.2345578
79.9100037,0.2678332,0.2383599
79.9200058,0.2608589,0.2342072
79.9300003,0.2698644,0.2297542
79.9400024,0.2712404,0.2349476
79.9500046,0.2622378,0.2403719
79.9600067,0.2722379,0.2359204
79.9700012,0.2703086,0.2250162
79.9800034,0.2708649,0.2242829
79.9900055,0.2728284,0.2208039
80.0,0.2651484,0.2221965
80.0100021,0.2630572,0.2315058
80.0200043,0.2763298,0.2345866
80.0300064,0.2734347,0.2242599
80.0400009,0.2703285,0.233707
80.0500031,0.2659375,0.2325239
80.0600052,0.267506,0.2239234
80.0700073,0.2678087,0.2347907
80.0800018,0.2664556,0.2363255
80.090004,0.2663313,0.2489442
80.1000061,0.2648495,0.2494471
80.1100006,0.26849,0.2465421
80.1200027,0.2598229,0.2413247
80.1300049,0.2661069,0.2344901
80.140007,0.2677142,0.2414845
80.1500015,0.2705238,0.2423623
80.1600037,0.2675818,0.2477805
80.1700058,0.2660504,0.2294752
80.1800003,0.2695063,0.2216523
80.1900024,0.2712095,0.2321111
80.2000046,0.2664598,0.2296354
80.2100067,0.2669928,0.2354158
80.2200012,0.2648799,0.2390501
80.2300034,0.2705839,0.2388343
80.2400055,0.2700778,0.236652
80.25,0.2728835,0.2405461
80.2600021,0.2706047,0.2398385
80.2700043,0.2672468,0.2393162
80.2800064,0.2623022,0.2356313
80.2900009,0.2652496,0.2294909
80.3000031,0.2626952,0.2361594
80.3100052,0.267198,0.22047
80.3200073,0.2604782,0.2285067
80.3300018,0.2726599,0.2278757
80.340004,0.2626036,0.2358458
80.3500061,0.2573892,0.2420259
80.3600006,0.2560253,0.2372638
80.3700027,0.2614731,0.2432679
80.3800049,0.2531753,0.2438459
80.390007,0.2542194,0.2354999
80.4000015,0.2663043,0.2318829
80.4100037,0.2595732,0.2393774
80.4200058,0.2542623,0.2418231
80.4300003,0.2719354,0.2288358
80.4400024,0.2770383,0.2224434
80.4500046,0.2677006,0.2242538
80.4600067,0.2677767,0.2356713
80.4700012,0.2736221,0.2247027
80.4800034,0.2650465,0.2311183
80.4900055,0.2746626,0.2296867
80.5000076,0.2735955,0.2237723
80.5100021,0.2738812,0.2246652
80.5200043,0.2723944,0.2322389
80.5300064,0.2691177,0.2279343
80.5400009,0.2614402,0.2271954
80.5500031,0.2644143,0.2362682
80.5600052,0.2585472,0.2217741
80.5700073,0.2528104,0.237148
80.5800018,0.26277,0.2376543
80.590004,0.2692408,0.2374266
80.6000061,0.2691366,0.233015
80.6100006,0.2694435,0.2232319
80.6200027,0.2682309,0.2207287
80.6300049,0.2579912,0.2246397
80.640007,0.2610369,0.2203904
80.6500015,0.2556377,0.233627
80.6600037,0.2546155,0.2296999
80.6700058,0.2716327,0.2287931
80.6800003,0.2594877,0.2342205
80.6900024,0.2601533,0.2326726
80.7000046,0.2587813,0.2330322
80.7100067,0.2558657,0.2352689
80.7200012,0.2515152,0.2320209
80.7300034,0.2574672,0.2429112
80.7400055,0.2505703,0.2358711
80.7500076,0.2583697,0.2312648
80.7600021,0.2628528,0.2171271
80.7700043,0.2488372,0.2268025
80.7800064,0.2506029,0.2377233
80.7900009,0.2616357,0.2291269
80.8000031,0.251093,0.2360003
80.8100052,0.2515043,0.2334883
80.8200073,0.2555058,0.2295231
80.8300018,0.2585634,0.2247465
80.840004,0.255689,0.2320693
80.8500061,0.2559508,0.2282541
80.8600006,0.2650037,0.2285641
80.8700027,0.2615137,0.2264271
80.8800049,0.2682918,0.2281824
80.890007,0.2621725,0.2322474
80.9000015,0.2614914,0.233849
80.9100037,0.245712,0.2243986
80.9200058,0.2639098,0.2187864
80.9300003,0.2551265,0.2201557
80.9400024,0.2581544,0.2174875
80.9500046,0.2621298,0.2264928
80.9600067,0.2643284,0.2238822
80.9700012,0.2687916,0.2259823
80.9800034,0.2573879,0.2137057
80.9900055,0.2604535,0.226848
81.0000076,0.2627261,0.2323123
81.0100021,0.2605237,0.231612
81.0200043,0.2532848,0.2286736
81.0300064,0.2576891,0.2247636
81.0400009,0.2573491,0.2273848
81.0500031,0.260183,0.2229337
81.0600052,0.2613224,0.2222017
81.0700073,0.256132,0.227253
81.0800018,0.2591746,0.2419807
81.090004,0.2684849,0.2428927
81.1000061,0.25957,0.2329601
81.1100006,0.2525148,0.2444358
81.1200027,0.2660354,0.2414665
81.1300049,0.2711742,0.2491969
81.140007,0.2676345,0.2328396
81.1500015,0.2655419,0.2390183
81.1600037,0.2650189,0.2330615
81.1700058,0.2641493,0.2324463
81.1800003,0.2610041,0.2274827
81.1900024,0.2621379,0.2271355
81.2000046,0.2678298,0.230067
81.2100067,0.2593616,0.2444202
81.2200012,0.2570224,0.240524
81.2300034,0.2486594,0.2322184
81.2400055,0.2455776,0.234645
81.2500076,0.2477523,0.2325238
81.2600021,0.2577588,0.2172426
81.2700043,0.2549644,0.2288746
81.2800064,0.2685748,0.2276079
81.2900009,0.2683059,0.2263494
81.3000031,0.2777766,0.2243832
81.3100052,0.2808307,0.2248898
81.3200073,0.2727317,0.2255192
81.3300018,0.2734786,0.2308461
81.340004,0.2834384,0.2277731
81.3500061,0.2770374,0.2290795
81.3600006,0.2710485,0.2251687
81.3700027,0.2654234,0.2309034
81.3800049,0.2745732,0.2350749
81.390007,0.2638455,0.2365235
81.4000015,0.2777236,0.2413312
81.4100037,0.275437,0.2262142
81.4200058,0.2749715,0.221704
81.4300003,0.2678429,0.2329832
81.4400024,0.2729999,0.2312541
81.4500046,0.2695776,0.2278003
81.4600067,0.2686232,0.2249341
81.4700012,0.2738551,0.2260438
81.4800034,0.2632653,0.2284398
81.4900055,0.2694282,0.2303735
81.5000076,0.2669776,0.229258
81.5100021,0.2840417,0.2273312
81.5200043,0.2824369,0.2244468
81.5300064,0.2746851,0.2321481
81.5400009,0.2712095,0.2295363
81.5500031,0.2668167,0.2284052
81.5600052,0.2711214,0.2264831
81.5700073,0.2612921,0.2306736
81.5800018,0.2765293,0.2217025
81.590004,0.2714327,0.2171992
81.6000061,0.2733139,0.2191632
81.6100006,0.2713186,0.2263929
81.6200027,0.2679296,0.2237885
81.6300049,0.2808005,0.2172165
81.640007,0.2658616,0.2205745
81.6500015,0.2706542,0.2169441
81.6600037,0.2648362,0.216342
81.6700058,0.2700075,0.2229529
81.6800003,0.2641424,0.217233
81.6900024,0.2640904,0.2165843
81.7000046,0.2634642,0.2235588
81.7100067,0.2559449,0.2168641
81.7200012,0.2770282,0.2191
81.7300034,0.2794325,0.2206905
81.7400055,0.2762063,0.2232014
81.7500076,0.2760724,0.2236481
81.7600021,0.2748332,0.2202279
81.7700043,0.2872076,0.2229826
81.7800064,0.2762788,0.2244729
81.7900009,0.2794676,0.2281104
81.8000031,0.2889994,0.2296585
81.8100052,0.2906808,0.2307599
81.8200073,0.2817852,0.2284986
81.8300018,0.2829449,0.2352546
81.840004,0.2831754,0.2217462
81.8500061,0.2828889,0.2322869
81.8600006,0.2864133,0.2275575
81.8700027,0.2824491,0.2313196
81.8800049,0.2794984,0.2329915
81.890007,0.2741038,0.2256188
81.9000015,0.2778848,0.2396519
81.9100037,0.2818757,0.2311199
81.9200058,0.2832682,0.224356
81.9300003,0.2786421,0.217259
81.9400024,0.2731794,0.2226421
81.9500046,0.2746966,0.2391864
81.9600067,0.2814186,0.229328
81.9700012,0.2858654,0.2349058
81.9800034,0.2809656,0.2316637
81.9900055,0.2762169,0.2344771
82.0000076,0.2796753,0.2297083
82.0100021,0.2689047,0.230916
82.0200043,0.2737218,0.2379377
82.0300064,0.2817919,0.2395679
82.0400009,0.2820453,0.2552914
82.0500031,0.2690756,0.2354404
82.0600052,0.2755583,0.2401785
82.0700073,0.2750897,0.2436033
82.0800018,0.2794485,0.2465339
82.090004,0.2791107,0.2442999
82.1000061,0.2719599,0.2496406
82.1100006,0.2669827,0.2519429
82.1200027,0.2689881,0.246535
82.1300049,0.2675431,0.2471384
82.140007,0.2615372,0.2531505
82.1500015,0.2748727,0.2502564
82.1600037,0.2760596,0.2544288
82.1700058,0.2650289,0.2497025
82.1800003,0.2649243,0.2490037
82.1900024,0.2619776,0.2340216
82.2000046,0.262437,0.2408871
82.2100067,0.2639405,0.2385512
82.2200012,0.25514,0.2351217
82.2300034,0.2558928,0.2327148
82.2400055,0.2608807,0.2390625
82.2500076,0.2660354,0.243378
82.2600021,0.2666539,0.2333233
82.2700043,0.2646523,0.2388156
82.2800064,0.256663,0.2348934
82.2900009,0.2698575,0.2350239
82.3000031,0.2635451,0.2315629
82.3100052,0.2678023,0.2382613
82.3200073,0.2555105,0.2395979
82.3300018,0.260085,0.2338221
82.340004,0.250217,0.2374523
82.3500061,0.2478011,0.2247709
82.3600006,0.2503529,0.2394396
82.3700027,0.2581199,0.2408544
82.3800049,0.2606797,0.2406775
82.390007,0.2637051,0.2374985
82.4000015,0.2632829,0.2414479
82.4100037,0.2665823,0.23001
82.4200058,0.2650436,0.2329706
82.4300003,0.2556154,0.2216716
82.4400024,0.2584831,0.2389919
82.4500046,0.26807,0.2388727
82.4600067,0.2762383,0.2280966
82.4700012,0.2792529,0.2183621
82.4800034,0.2659356,0.2259394
82.4900055,0.2772892,0.2211877
82.5000076,0.2709911,0.2228628
82.5100021,0.2707783,0.2258848
82.5200043,0.2801112,0.2309078
82.5300064,0.2725685,0.2222003
82.5400009,0.2730152,0.2140643
82.5500031,0.2831376,0.2202097
82.5600052,0.2807218,0.2167189
82.5700073,0.2757994,0.2215151
82.5800018,0.2865392,0.2223034
82.590004,0.2855421,0.230647
82.6000061,0.2842675,0.2129056
82.6100006,0.2712434,0.2079314
82.6200027,0.2701946,0.2153453
82.6300049,0.2664913,0.2249686
82.640007,0.2572087,0.2225655
82.6500015,0.2726062,0.2195431
82.6600037,0.2651564,0.2235206
82.6700058,0.271232,0.2322384
82.6800003,0.2695819,0.2250074
82.6900024,0.2743335,0.2283891
82.7000046,0.2750044,0.2276466
82.7100067,0.2716516,0.2187105
82.7200012,0.2674892,0.2202821
82.7300034,0.2753881,0.2223691
82.7400055,0.273956,0.2161248
82.7500076,0.2750807,0.2249866
82.7600021,0.2725391,0.2160899
82.7700043,0.2685597,0.2226816
82.7800064,0.2656297,0.2185807
82.7900009,0.2773337,0.2282926
82.8000031,0.2651989,0.2194896
82.8100052,0.2715772,0.2268493
82.8200073,0.2641059,0.2294925
82.8300018,0.2652594,0.2228038
82.840004,0.256515,0.2176619
82.8500061,0.257587,0.2333598
82.8600006,0.2649308,0.2401363
82.8700027,0.2672555,0.2343255
82.8800049,0.2780959,0.2300868
82.890007,0.2711955,0.2405947
82.9000015,0.2807106,0.2316608
82.9100037,0.2718719,0.2430154
82.9200058,0.2756158,0.2427035
82.9300003,0.269675,0.237925
82.9400024,0.2781113,0.229559
82.9500046,0.2723604,0.2286382
82.9600067,0.2675689,0.2267501
82.9700012,0.2657453,0.2331299
82.9800034,0.2724741,0.2182206
82.9900055,0.2666929,0.2190007
83.0000076,0.2590641,0.215777
83.0100021,0.2682779,0.2246717
83.0200043,0.2651475,0.230291
83.0300064,0.2757969,0.2356867
83.0400009,0.2790658,0.2235751
83.0500031,0.2702503,0.2189009
83.0600052,0.2740184,0.2326846
83.0700073,0.2724534,0.2373927
83.0800018,0.2669266,0.2376757
83.090004,0.2717013,0.2396672
83.1000061,0.2794663,0.2449225
83.1100006,0.2740673,0.2380495
83.1200027,0.2715822,0.2443908
83.1300049,0.2745718,0.2457418
83.140007,0.2694628,0.2443343
83.1500015,0.2695704,0.2592565
83.1600037,0.2629172,0.265869
83.1700058,0.2639825,0.2579412
83.1800003,0.2731769,0.2391716
83.1900024,0.263143,0.2358018
83.2000046,0.2748094,0.2412463
83.2100067,0.2685458,0.2387997
83.2200012,0.2707773,0.2446732
83.2300034,0.2763229,0.2549185
83.2400055,0.2653321,0.2402067
83.2500076,0.2689895,0.2376064
83.2600021,0.2711846,0.2567782
83.2700043,0.2670655,0.2458607
83.2800064,0.2706697,0.2419699
83.2900009,0.2668674,0.2440668
83.3000031,0.2785555,0.238572
83.3100052,0.2786297,0.2493756
83.3200073,0.2835751,0.2521557
83.3300018,0.2819955,0.2523518
83.340004,0.2801146,0.2485611
83.3500061,0.2720405,0.2494256
83.3600006,0.278773,0.2376664
83.3700027,0.2729354,0.2400063
83.3800049,0.2754644,0.2488686
83.390007,0.2727908,0.2416843
83.4000015,0.2769246,0.2451795
83.4100037,0.2768807,0.2423064
83.4200058,0.2889196,0.2393442
83.4300003,0.2867171,0.2324825
83.4400024,0.270602,0.2306982
83.4500046,0.2631875,0.2506548
83.4600067,0.265209,0.2420301
83.4700012,0.2725467,0.2347387
83.4800034,0.2786846,0.2329961
83.4900055,0.2765682,0.2302811
83.5000076,0.2756326,0.2371272
83.5100021,0.2712637,0.2389404
83.5200043,0.2783209,0.2416228
83.5300064,0.2672771,0.2414387
83.5400009,0.2729034,0.2278262
83.5500031,0.2777959,0.2275195
83.5600052,0.2741597,0.2316589
83.5700073,0.2714841,0.2368793
83.5800018,0.2771021,0.2430336
83.590004,0.2747046,0.234654
83.6000061,0.2794338,0.2390555
83.6100006,0.2796443,0.2334712
83.6200027,0.2827246,0.2413975
83.6300049,0.268195,0.2400663
83.640007,0.2834948,0.2367551
83.6500015,0.2730857,0.2214351
83.6600037,0.2779386,0.225026
83.6700058,0.2682885,0.2385975
83.6800003,0.2702201,0.230987
83.6900024,0.2653612,0.2396222
83.7000046,0.2800269,0.2376527
83.7100067,0.2790089,0.2344035
83.7200012,0.2684088,0.2314186
83.7300034,0.2699369,0.2322573
83.7400055,0.2830938,0.2328616
83.7500076,0.2849744,0.2279725
83.7600021,0.2736302,0.2424348
83.7700043,0.2705987,0.2411527
83.7800064,0.2665495,0.2402874
83.7900009,0.2654967,0.2457294
83.8000031,0.2691757,0.2414709
83.8100052,0.2740022,0.2303156
83.8200073,0.283753,0.2365515
83.8300018,0.2813521,0.2252488
83.840004,0.2876286,0.2285368
83.8500061,0.2830286,0.2342359
83.8600006,0.2759582,0.2272962
83.8700027,0.2807158,0.2332328
83.8800049,0.2854885,0.2299132
83.890007,0.2798238,0.235194
83.9000015,0.2807227,0.2458595
83.9100037,0.2745151,0.2229575
83.9200058,0.2752019,0.2255763
83.9300003,0.2858875,0.220605
83.9400024,0.2710391,0.2252204
83.9500046,0.2738974,0.217411
83.9600067,0.279192,0.2254709
83.9700012,0.2810112,0.2281926
83.9800034,0.275693,0.2323162
83.9900055,0.2771139,0.2327097
84.0000076,0.2719745,0.2309253
84.0100021,0.2792576,0.222749
84.0200043,0.2826636,0.2234242
84.0300064,0.2916787,0.2151639
84.0400009,0.2929464,0.221899
84.0500031,0.2859938,0.2306966
84.0600052,0.2859924,0.2329784
84.0700073,0.2870506,0.2257602
84.0800018,0.2895246,0.2335503
84.090004,0.2842706,0.2251984
84.1000061,0.2789675,0.2326823
84.1100006,0.2800879,0.2329909
84.1200027,0.2946262,0.230467
84.1300049,0.2805554,0.2366945
84.140007,0.2769438,0.2351022
84.1500015,0.2691589,0.2366601
84.1600037,0.2642543,0.2430854
84.1700058,0.2646735,0.2393215
84.1800003,0.2640123,0.2400474
84.1900024,0.2707599,0.2372994
84.2000046,0.2681327,0.2324213
84.2100067,0.2849493,0.237732
84.2200012,0.2901251,0.2320044
84.2300034,0.2882259,0.2409617
84.2400055,0.2867638,0.2420659
84.2500076,0.2943681,0.2347964
84.2600021,0.2847267,0.2400901
84.2700043,0.2835591,0.2456462
84.2800064,0.2762066,0.2339628
84.2900009,0.2673906,0.2400486
84.3000031,0.2662053,0.2305378
84.3100052,0.2767541,0.2341205
84.3200073,0.2718009,0.2301894
84.3300018,0.2756847,0.2384124
84.340004,0.2779375,0.2407488
84.3500061,0.2819753,0.2365023
84.3600006,0.2801275,0.2326084
84.3700027,0.273192,0.2457188
84.3800049,0.2755027,0.2435311
84.390007,0.2746848,0.2455614
84.4000015,0.2757429,0.2456922
84.4100037,0.2796013,0.2512571
84.4200058,0.2809485,0.2341409
84.4300003,0.2848896,0.2295453
84.4400024,0.2820051,0.2232769
84.4500046,0.2747598,0.2228359
84.4600067,0.2749486,0.2283679
84.4700012,0.2706699,0.2230311
84.4800034,0.2641272,0.2275148
84.4900055,0.2787587,0.2227107
84.5000076,0.2727022,0.2359535
84.5100021,0.2760294,0.2275587
84.5200043,0.2748184,0.2250925
84.5300064,0.2716496,0.2200072
84.5400009,0.2732063,0.2276296
84.5500031,0.2658435,0.2413947
84.5600052,0.2624185,0.2358361
84.5700073,0.2611974,0.2327789
84.5800018,0.251484,0.2384872
84.590004,0.2634024,0.2255275
84.6000061,0.2629079,0.2288678
84.6100006,0.2612172,0.225407
84.6200027,0.2671785,0.228414
84.6300049,0.2552558,0.2269888
84.640007,0.2536994,0.2234099
84.6500015,0.2652478,0.223178
84.6600037,0.2628593,0.2230413
84.6700058,0.2695369,0.2339146
84.6800003,0.2681187,0.2386002
84.6900024,0.2737435,0.2304318
84.7000046,0.2748286,0.2382953
84.7100067,0.2830587,0.2299593
84.7200012,0.2707445,0.2345667
84.7300034,0.2809219,0.2312634
84.7400055,0.2882577,0.2289356
84.7500076,0.2835227,0.2362029
84.7600021,0.2707284,0.2261497
84.7700043,0.2749993,0.2316464
84.7800064,0.2770519,0.2249091
84.7900009,0.2760265,0.2247255
84.8000031,0.2792691,0.2243723
84.8100052,0.2666916,0.2250211
84.8200073,0.2781969,0.2307623
84.8300018,0.2655447,0.2248825
84.840004,0.2734533,0.2290137
84.8500061,0.2645687,0.2235686
84.8600006,0.2759247,0.2297537
84.8700027,0.2694443,0.2306617
84.8800049,0.2715448,0.2225159
84.890007,0.2642089,0.2265073
84.9000015,0.2635989,0.2309122
84.9100037,0.2738388,0.2331113
84.9200058,0.2740923,0.218057
84.9300003,0.2790866,0.2255713
84.9400024,0.2752396,0.2224823
84.9500046,0.2805354,0.2147177
84.9600067,0.2713428,0.2080797
84.9700012,0.2734095,0.2214271
84.9800034,0.2727272,0.2178923
84.9900055,0.2714531,0.2203792
85.0000076,0.2641386,0.2300846
85.0100021,0.2662934,0.2371941
85.0200043,0.2648673,0.2250311
85.0300064,0.2624439,0.2282765
85.0400009,0.2685117,0.2241754
85.0500031,0.2691747,0.2296783
85.0600052,0.2591936,0.2288638
85.0700073,0.2630216,0.2311028
85.0800018,0.2645898,0.2306212
85.090004,0.2696092,0.2425418
85.1000061,0.265237,0.2360539
85.1100006,0.2608079,0.2425887
85.1200027,0.2620428,0.2367028
85.1300049,0.2657998,0.2241558
85.140007,0.2667643,0.2263197
85.1500015,0.2766942,0.2272648
85.1600037,0.2697171,0.2333022
85.1700058,0.2697866,0.231078
85.1800003,0.263038,0.2287125
85.1900024,0.2599822,0.2376745
85.2000046,0.2667488,0.2400044
85.2100067,0.271147,0.2371519
85.2200012,0.2637955,0.2416002
85.2300034,0.2575693,0.2314676
85.2400055,0.265705,0.2322297
85.2500076,0.2608007,0.2348778
85.2600021,0.2683972,0.2394524
85.2700043,0.2553318,0.2260821
85.2800064,0.2571325,0.2274219
85.2900009,0.2592285,0.2333464
85.3000031,0.274765,0.2384357
85.3100052,0.2593811,0.236587
85.3200073,0.2675268,0.2454149
85.3300018,0.2622065,0.2426071
85.340004,0.2701195,0.2319422
85.3500061,0.2701882,0.2448906
85.3600006,0.2808337,0.2312402
85.3700027,0.272503,0.2351233
85.3800049,0.2727156,0.2295896
85.390007,0.2721975,0.2379687
85.4000015,0.2799169,0.220388
85.4100037,0.2847277,0.2158669
85.4200058,0.2786688,0.2313303
85.4300003,0.2815202,0.2345976
85.4400024,0.275342,0.2170881
85.4500046,0.2763145,0.2244238
85.4600067,0.2868421,0.2318421
85.4700012,0.2817733,0.227204
85.4800034,0.2844352,0.2242632
85.4900055,0.28183,0.2327263
85.5000076,0.2721643,0.2296369
85.5100021,0.2814707,0.2267977
85.5200043,0.2704999,0.2342705
85.5300064,0.267296,0.2271407
85.5400009,0.269396,0.2252326
85.5500031,0.2683491,0.2242486
85.5600052,0.2740145,0.2338197
85.5700073,0.2721159,0.22992
85.5800018,0.2699053,0.2196099
85.590004,0.26684,0.2146952
85.6000061,0.2683651,0.230201
85.6100006,0.2734373,0.213072
85.6200027,0.2735468,0.2284998
85.6300049,0.2725407,0.2369832
85.640007,0.2752924,0.2345171
85.6500015,0.2750992,0.2328249
85.6600037,0.2741772,0.2364305
85.6700058,0.27395,0.2349525
85.6800003,0.2794905,0.2339354
85.6900024,0.2692624,0.2410813
85.7000046,0.2796099,0.2401326
85.7100067,0.2728917,0.2427429
85.7200012,0.2795134,0.2407473
85.7300034,0.2668952,0.2459973
85.7400055,0.2761764,0.2406429
85.7500076,0.2728019,0.2343465
85.7600021,0.2787653,0.2357219
85.7700043,0.2765777,0.2391757
85.7800064,0.2767111,0.2393102
85.7900009,0.2877488,0.2380606
85.8000031,0.2802933,0.2295177
85.8100052,0.2840151,0.2258549
85.8200073,0.2842152,0.2342818
85.8300018,0.2905954,0.2370484
85.840004,0.2858569,0.233182
85.8500061,0.2820861,0.2352102
85.8600006,0.2817369,0.2327433
85.8700027,0.2802868,0.2171593
85.8800049,0.2885141,0.2218122
85.890007,0.2802821,0.2297345
85.9000015,0.2826362,0.2312702
85.9100037,0.2748641,0.237097
85.9200058,0.2701619,0.2333116
85.9300003,0.2758719,0.2311644
85.9400024,0.2695338,0.2249605
85.9500046,0.2772795,0.2254331
85.9600067,0.2717833,0.2353366
85.9700012,0.2681719,0.2301396
85.9800034,0.2730504,0.2331148
85.9900055,0.2698111,0.2408226
86.0000076,0.2813387,0.2345222
86.0100021,0.2846791,0.2370692
86.0200043,0.2731374,0.2430361
86.0300064,0.2695512,0.2362878
86.0400009,0.271031,0.2294005
86.0500031,0.2741036,0.219908
86.0600052,0.2777517,0.2314639
86.0700073,0.2891027,0.2206013
86.0800018,0.2816693,0.2370301
86.090004,0.2786063,0.2264431
86.1000061,0.2799841,0.2350908
86.1100006,0.2638955,0.2367393
86.1200027,0.2757044,0.2327326
86.1300049,0.2688567,0.2334722
86.140007,0.279351,0.2381969
86.1500015,0.2791128,0.2477108
86.1600037,0.277964,0.232313
86.1700058,0.2767836,0.2294972
86.1800003,0.2732455,0.2356784
86.1900024,0.273688,0.218153
86.2000046,0.263937,0.2376398
86.2100067,0.2764906,0.2350505
86.2200012,0.2737771,0.2257542
86.2300034,0.2644043,0.2310736
86.2400055,0.2615504,0.2227415
86.2500076,0.2698114,0.2246678
86.2600021,0.2668129,0.2267248
86.2700043,0.2701108,0.234509
86.2800064,0.2870163,0.231276
86.2900009,0.2751308,0.2317168
86.3000031,0.2789128,0.2370589
86.3100052,0.2749569,0.2457302
86.3200073,0.2787319,0.2410053
86.3300018,0.2761504,0.2432308
86.340004,0.2716944,0.2509089
86.3500061,0.2744114,0.2371162
86.3600006,0.2857895,0.2348391
86.3700027,0.2734796,0.2307302
86.3800049,0.2754384,0.2283109
86.390007,0.2734264,0.2249269
86.4000015,0.277488,0.221582
86.4100037,0.2826339,0.2286963
86.4200058,0.2752052,0.2303857
86.4300003,0.2764766,0.2323749
86.4400024,0.2754488,0.2292965
86.4500046,0.2799201,0.2276952
86.4600067,0.2890896,0.2372611
86.4700012,0.2801086,0.2368525
86.4800034,0.2845216,0.2386718
86.4900055,0.2786033,0.2258614
86.5000076,0.275298,0.2323912
86.5100021,0.2755701,0.2341342
86.5200043,0.2836627,0.2330493
86.5300064,0.2775001,0.246067
86.5400009,0.285454,0.2341584
86.5500031,0.2770919,0.2252779
86.5600052,0.2720524,0.2355141
86.5700073,0.2848986,0.2400127
86.5800018,0.277463,0.2307214
86.590004,0.2756706,0.2358713
86.6000061,0.273612,0.2410386
86.6100006,0.265674,0.2468937
86.6200027,0.2710385,0.2507029
86.6300049,0.2627239,0.2623476
86.640007,0.2788656,0.2497012
86.6500015,0.2725838,0.2484623
86.6600037,0.2708977,0.2448657
86.6700058,0.2656389,0.2370244
86.6800003,0.2585867,0.2461861
86.6900024,0.2585177,0.2245319
86.7000046,0.264477,0.2379019
86.7100067,0.2689573,0.2451433
86.7200012,0.273927,0.230155
86.7300034,0.2638724,0.2367946
86.7400055,0.2740881,0.2305276
86.7500076,0.2665464,0.2324232
86.7600021,0.2576941,0.2423228
86.7700043,0.2598544,0.2420008
86.7800064,0.2671471,0.2450995
86.7900009,0.265992,0.2355153
86.8000031,0.2574487,0.2355835
86.8100052,0.2571734,0.2442498
86.8200073,0.2607047,0.2514194
86.8300018,0.2582606,0.2376156
86.840004,0.2616386,0.2503956
86.8500061,0.2716666,0.2460911
86.8600006,0.2612243,0.2288684
86.8700027,0.2687831,0.2347869
86.8800049,0.272275,0.2338918
86.890007,0.2707973,0.2358429
86.9000015,0.2624409,0.2279758
86.9100037,0.2622113,0.2280409
86.9200058,0.2608835,0.2264448
86.9300079,0.2643607,0.231333
86.9400024,0.2711066,0.2386089
86.9500046,0.2711728,0.2303511
86.9600067,0.2766903,0.2303628
86.9700012,0.281709,0.2351573
86.9800034,0.2731738,0.2199641
86.9900055,0.268131,0.21707
87.0000076,0.270901,0.2164681
87.0100021,0.2693024,0.2155271
87.0200043,0.2741609,0.2155551
87.0300064,0.269816,0.2162677
87.0400009,0.2804278,0.2184177
87.0500031,0.2665512,0.2268787
87.0600052,0.2716167,0.2184248
87.0700073,0.2694752,0.222782
87.0800018,0.2717523,0.2243375
87.090004,0.279437,0.2276559
87.1000061,0.274471,0.2252758
87.1100006,0.2685043,0.2435198
87.1200027,0.2642196,0.231852
87.1300049,0.2708441,0.2335613
87.140007,0.269379,0.2364691
87.1500015,0.263142,0.2301087
87.1600037,0.2703769,0.2256155
87.1700058,0.2630998,0.2436904
87.1800079,0.2698416,0.2449903
87.1900024,0.2624447,0.2331013
87.2000046,0.2670173,0.2226416
87.2100067,0.2670175,0.2274542
87.2200012,0.266545,0.2308732
87.2300034,0.2690697,0.2275057
87.2400055,0.2681069,0.2403021
87.2500076,0.2716554,0.2352587
87.2600021,0.2778235,0.2189537
87.2700043,0.2697288,0.2332127
87.2800064,0.279093,0.2194689
87.2900009,0.2840739,0.2223675
87.3000031,0.2746467,0.217936
87.3100052,0.2773866,0.2248007
87.3200073,0.2828508,0.2234226
87.3300018,0.2904403,0.2293214
87.340004,0.2862388,0.2271705
87.3500061,0.288435,0.2178139
87.3600006,0.2743413,0.225191
87.3700027,0.2816767,0.2238676
87.3800049,0.2764533,0.2300096
87.390007,0.271163,0.2227284
87.4000015,0.2688679,0.2325633
87.4100037,0.2712286,0.2238241
87.4200058,0.267965,0.2232847
87.4300079,0.2708187,0.2259939
87.4400024,0.2644371,0.2348307
87.4500046,0.2679149,0.2226915
87.4600067,0.2734489,0.2375593
87.4700012,0.265932,0.2318616
87.4800034,0.2619772,0.2342585
87.4900055,0.2626989,0.2345842
87.5000076,0.2700446,0.2348005
87.5100021,0.2731689,0.2397736
87.5200043,0.2661318,0.235564
87.5300064,0.2661418,0.2415943
87.5400009,0.2693683,0.2386902
87.5500031,0.2622643,0.2456853
87.5600052,0.2624313,0.2505178
87.5700073,0.2689447,0.2507331
87.5800018,0.2665932,0.2465363
87.590004,0.2659034,0.2495211
87.6000061,0.2648513,0.2456183
87.6100006,0.2613399,0.2401888
87.6200027,0.2582815,0.2414982
87.6300049,0.2656145,0.2476365
87.640007,0.2678989,0.2461108
87.6500015,0.2614988,0.2647226
87.6600037,0.2635581,0.2523054
87.6700058,0.2514102,0.2450742
87.6800079,0.2638975,0.2524964
87.6900024,0.2697762,0.2520644
87.7000046,0.2653911,0.2529997
87.7100067,0.2580144,0.2421131
87.7200012,0.24961,0.2320224
87.7300034,0.2639942,0.225996
87.7400055,0.2548884,0.238655
87.7500076,0.2593001,0.2322421
87.7600021,0.2574191,0.2380766
87.7700043,0.2527036,0.2431571
87.7800064,0.2490996,0.2457237
87.7900009,0.2523945,0.2418011
87.8000031,0.2551571,0.2361723
87.8100052,0.2447098,0.2441578
87.8200073,0.2570532,0.2363921
87.8300018,0.252321,0.2445986
87.840004,0.2545036,0.2324209
87.8500061,0.247256,0.2400825
87.8600006,0.2543416,0.2263923
87.8700027,0.2499862,0.2232205
87.8800049,0.257515,0.2303315
87.890007,0.2634229,0.2311042
87.9000015,0.2577399,0.2343709
87.9100037,0.2604317,0.2242803
87.9200058,0.2635037,0.2290537
87.9300079,0.2597886,0.2372608
87.9400024,0.2664264,0.2288824
87.9500046,0.2619201,0.2190117
87.9600067,0.2618349,0.22104
87.9700012,0.2611691,0.2222681
87.9800034,0.2522132,0.2217801
87.9900055,0.2581369,0.2257486
88.0000076,0.2516054,0.2242839
88.0100021,0.2566292,0.2244589
88.0200043,0.2636476,0.2228071
88.0300064,0.2592389,0.2241231
88.0400009,0.2575511,0.2273457
88.0500031,0.2550534,0.225184
88.0600052,0.2457743,0.2267527
88.0700073,0.2522725,0.2268653
88.0800018,0.2432189,0.2234817
88.090004,0.253316,0.2260061
88.1000061,0.2587423,0.2286811
88.1100006,0.2523289,0.2306146
88.1200027,0.2548909,0.2304741
88.1300049,0.2562199,0.2396316
88.140007,0.2498166,0.2377526
88.1500015,0.2620038,0.2339389
88.1600037,0.2591635,0.2344801
88.1700058,0.2591557,0.2324013
88.1800079,0.2573256,0.215929
88.1900024,0.2656252,0.2291472
88.2000046,0.2648613,0.2206957
88.2100067,0.2630219,0.230689
88.2200012,0.2584946,0.2222015
88.2300034,0.261208,0.2359065
88.2400055,0.2658241,0.2366798
88.2500076,0.2636766,0.2359211
88.2600021,0.2609127,0.2330745
88.2700043,0.2608498,0.2400526
88.2800064,0.2631963,0.221543
88.2900009,0.266899,0.2460289
88.3000031,0.2718003,0.2399062
88.3100052,0.2766828,0.2338248
88.3200073,0.276046,0.2230395
88.3300018,0.2782674,0.2320896
88.340004,0.2661895,0.2301027
88.3500061,0.2717906,0.2410855
88.3600006,0.2701871,0.2404164
88.3700027,0.2779301,0.2249931
88.3800049,0.270707,0.2329755
88.390007,0.2700944,0.2338986
88.4000015,0.2796842,0.2330647
88.4100037,0.2796381,0.2346746
88.4200058,0.2697717,0.2464593
88.4300079,0.2605193,0.2403341
88.4400024,0.2671825,0.2273986
88.4500046,0.26171,0.2278189
88.4600067,0.2661621,0.2350659
88.4700012,0.2698264,0.2264993
88.4800034,0.270689,0.2260301
88.4900055,0.2726227,0.2258222
88.5000076,0.2648824,0.231774
88.5100021,0.2666304,0.24564
88.5200043,0.2629566,0.2379649
88.5300064,0.2682013,0.247716
88.5400009,0.2641142,0.2422663
88.5500031,0.2684673,0.2312281
88.5600052,0.2735121,0.2336537
88.5700073,0.2710863,0.236098
88.5800018,0.2672793,0.2255632
88.590004,0.2681528,0.2344099
88.6000061,0.2747605,0.2286804
88.6100006,0.2775498,0.2346325
88.6200027,0.2679462,0.2312822
88.6300049,0.2702817,0.2420967
88.640007,0.2603944,0.2392507
88.6500015,0.2721548,0.234184
88.6600037,0.2727571,0.2544243
88.6700058,0.2751825,0.2439478
88.6800079,0.2642345,0.2400649
88.6900024,0.2744382,0.2458966
88.7000046,0.2730236,0.2438211
88.7100067,0.2725967,0.234324
88.7200012,0.2743247,0.2278766
88.7300034,0.2750191,0.2252951
88.7400055,0.2759641,0.2311963
88.7500076,0.2686987,0.222254
88.7600021,0.2654431,0.2327207
88.7700043,0.2609299,0.2353015
88.7800064,0.2628992,0.2301825
88.7900009,0.26538,0.2286131
88.8000031,0.2697332,0.2264712
88.8100052,0.2695228,0.2256927
88.8200073,0.2640603,0.2268956
88.8300018,0.2688872,0.2372409
88.840004,0.263409,0.2314871
88.8500061,0.2727158,0.2368754
88.8600006,0.2678903,0.2276031
88.8700027,0.2628244,0.2246292
88.8800049,0.2667432,0.2313676
88.890007,0.2692147,0.2356866
88.9000015,0.2767677,0.223107
88.9100037,0.2676658,0.2279275
88.9200058,0.2789443,0.230566
88.9300079,0.2673675,0.2303855
88.9400024,0.2680963,0.2271501
88.9500046,0.2707766,0.2257281
88.9600067,0.2695922,0.235405
88.9700012,0.2711012,0.2380563
88.9800034,0.2576544,0.240259
88.9900055,0.2598773,0.2338528
89.0000076,0.2616232,0.2333639
89.0100021,0.2694162,0.2246282
89.0200043,0.2712403,0.2345395
89.0300064,0.2720799,0.2361841
89.0400009,0.2666485,0.2326478
89.0500031,0.2725153,0.2318255
89.0600052,0.2711872,0.2324727
89.0700073,0.2714463,0.2259713
89.0800018,0.2691278,0.2351535
89.090004,0.2728651,0.2351399
89.1000061,0.2791192,0.2378454
89.1100006,0.2705943,0.2342609
89.1200027,0.2661734,0.2471939
89.1300049,0.2735362,0.2313951
89.140007,0.2755361,0.2332448
89.1500015,0.274644,0.2374974
89.1600037,0.2755323,0.2218288
89.1700058,0.2695093,0.2225104
89.1800079,0.271465,0.224796
89.1900024,0.2732945,0.2379983
89.2000046,0.2788939,0.2320531
89.2100067,0.2744451,0.2412578
89.2200012,0.2697961,0.2289925
89.2300034,0.2738011,0.2260304
89.2400055,0.281229,0.2273997
89.2500076,0.2752095,0.2244287
89.2600021,0.2785935,0.2281632
89.2700043,0.2706522,0.2226625
89.2800064,0.2695576,0.2242654
89.2900009,0.2709825,0.2295704
89.3000031,0.2827939,0.2265543
89.3100052,0.2730673,0.235698
89.3200073,0.2619436,0.2406019
89.3300018,0.2616715,0.2245409
89.340004,0.2723421,0.2321087
89.3500061,0.2748334,0.2237933
89.3600006,0.2737972,0.2285639
89.3700027,0.2834864,0.2387058
89.3800049,0.2773104,0.2325963
89.390007,0.2751019,0.2359147
89.4000015,0.2739832,0.2307298
89.4100037,0.2826064,0.2327217
89.4200058,0.2803555,0.2353939
89.4300079,0.2819186,0.2284601
89.4400024,0.2852427,0.2336345
89.4500046,0.276394,0.2444812
89.4600067,0.2850108,0.2425066
89.4700012,0.2742589,0.2390515
89.4800034,0.2759943,0.238829
89.4900055,0.279839,0.2336387
89.5000076,0.2972533,0.2322308
89.5100021,0.2876754,0.2226769
89.5200043,0.2938873,0.2268135
89.5300064,0.2922201,0.222902
89.5400009,0.2941072,0.2164273
89.5500031,0.2879069,0.2127868
89.5600052,0.277849,0.2165081
89.5700073,0.278143,0.2240969
89.5800018,0.273681,0.2328049
89.590004,0.2819519,0.2285595
89.6000061,0.2757477,0.2299283
89.6100006,0.2707202,0.2227565
89.6200027,0.2768123,0.2216603
89.6300049,0.2818085,0.2255163
89.640007,0.2756847,0.2285316
89.6500015,0.2839931,0.2267932
89.6600037,0.2877996,0.2343645
89.6700058,0.2897956,0.2282633
89.6800079,0.2826123,0.2232603
89.6900024,0.2833824,0.2228581
89.7000046,0.297429,0.2275992
89.7100067,0.2934194,0.2350934
89.7200012,0.2753851,0.2404686
89.7300034,0.2718157,0.2322791
89.7400055,0.2861767,0.2359753
89.7500076,0.2862099,0.2201495
89.7600021,0.2789989,0.2300505
89.7700043,0.2848633,0.2255044
89.7800064,0.2821397,0.2262979
89.7900009,0.2821628,0.2379901
89.8000031,0.2825932,0.2365382
89.8100052,0.2696635,0.231167
89.8200073,0.2828358,0.2414725
89.8300018,0.2741777,0.2389446
89.840004,0.2678733,0.2375881
89.8500061,0.2719827,0.2332246
89.8600006,0.2748004,0.2357934
89.8700027,0.2758605,0.237169
89.8800049,0.2783345,0.2397456
89.890007,0.2735223,0.2400683
89.9000015,0.2836401,0.2415561
89.9100037,0.2815519,0.2291812
89.9200058,0.2821949,0.2297765
89.9300079,0.2722645,0.2391195
89.9400024,0.270881,0.2322348
89.9500046,0.2714235,0.2405125
89.9600067,0.2732506,0.2370494
89.9700012,0.2698415,0.2303679
89.9800034,0.2734052,0.2437313
89.9900055,0.2710827,0.2414383
90.0000076,0.2718247,0.2338154
90.0100021,0.266838,0.2369462
90.0200043,0.2722605,0.2299887
90.0300064,0.2623593,0.2286785
90.0400009,0.2603954,0.2229302
90.0500031,0.266764,0.2285012
90.0600052,0.263622,0.2302287
90.0700073,0.267364,0.2273178
90.0800018,0.2608564,0.2306958
90.090004,0.2620279,0.2290718
90.1000061,0.263433,0.2292535
90.1100006,0.261747,0.225939
90.1200027,0.2612387,0.2287248
90.1300049,0.2628453,0.2318841
90.140007,0.2723017,0.2222158
90.1500015,0.2651358,0.2347142
90.1600037,0.2685523,0.2389112
90.1700058,0.2625226,0.2341077
90.1800079,0.2665307,0.2371116
90.1900024,0.2599371,0.2365089
90.2000046,0.266942,0.2264871
90.2100067,0.2607744,0.2269764
90.2200012,0.2607689,0.2356187
90.2300034,0.2684931,0.2290778
90.2400055,0.2596868,0.2340108
90.2500076,0.2676468,0.2437655
90.2600021,0.2691606,0.2384773
90.2700043,0.2647393,0.2403697
90.2800064,0.2666245,0.2396258
90.2900009,0.2619212,0.2434173
90.3000031,0.2576741,0.2362557
90.3100052,0.2685187,0.2402678
90.3200073,0.263291,0.2423343
90.3300018,0.2629696,0.2393823
90.340004,0.2653658,0.2354988
90.3500061,0.2667959,0.2317179
90.3600006,0.2637828,0.2215004
90.3700027,0.2582915,0.2295076
90.3800049,0.2630119,0.2262785
90.390007,0.2623597,0.2285249
90.4000015,0.2573006,0.2205495
90.4100037,0.2618424,0.2331225
90.4200058,0.2623132,0.2377751
90.4300079,0.2618175,0.2435236
90.4400024,0.2657818,0.2478832
90.4500046,0.2691735,0.2305341
90.4600067,0.25937,0.2423969
90.4700012,0.2603691,0.2392761
90.4800034,0.2567994,0.2315011
90.4900055,0.257036,0.2378359
90.5000076,0.2574038,0.2319008
90.5100021,0.2566377,0.2269096
90.5200043,0.262856,0.243903
90.5300064,0.2601043,0.2489583
90.5400009,0.259258,0.2376696
90.5500031,0.2537613,0.225254
90.5600052,0.2510468,0.2333497
90.5700073,0.2645589,0.2351318
90.5800018,0.2549441,0.229034
90.590004,0.2640907,0.233721
90.6000061,0.2592031,0.2271057
90.6100006,0.2607872,0.2431502
90.6200027,0.2567944,0.2287561
90.6300049,0.2600251,0.2327072
90.640007,0.2573293,0.2365934
90.6500015,0.2643075,0.2352355
90.6600037,0.2591855,0.23685
90.6700058,0.2643167,0.2271177
90.6800079,0.2533828,0.2260024
90.6900024,0.2520484,0.2279956
90.7000046,0.2494337,0.231895
90.7100067,0.2586221,0.2305757
90.7200012,0.2584575,0.2365073
90.7300034,0.2545695,0.2269865
90.7400055,0.2595912,0.2322233
90.7500076,0.2564202,0.2259113
90.7600021,0.2591732,0.227642
90.7700043,0.26206,0.2257158
90.7800064,0.2692347,0.2278716
90.7900009,0.2581176,0.2300807
90.8000031,0.2559859,0.2163976
90.8100052,0.2599323,0.2287936
90.8200073,0.2642792,0.2346763
90.8300018,0.2679512,0.2281793
90.840004,0.2615762,0.2286331
90.8500061,0.2634768,0.232213
90.8600006,0.2576475,0.2283154
90.8700027,0.2622552,0.2348507
90.8800049,0.2549267,0.2292705
90.890007,0.2534921,0.2242946
90.9000015,0.2618219,0.2339651
90.9100037,0.2621876,0.2274211
90.9200058,0.2608795,0.2258251
90.9300079,0.2555705,0.233458
90.9400024,0.2503229,0.2214071
90.9500046,0.2545458,0.2272327
90.9600067,0.2557086,0.2248374
90.9700012,0.2516683,0.2197585
90.9800034,0.2522543,0.2246623
90.9900055,0.2546002,0.2177335
91.0000076,0.261745,0.2278783
91.0100021,0.2615467,0.2196533
91.0200043,0.2630499,0.2229362
91.0300064,0.2557192,0.2292106
91.0400009,0.2609093,0.2371255
91.0500031,0.2615021,0.2232732
91.0600052,0.2531231,0.2162224
91.0700073,0.2582068,0.2226043
91.0800018,0.2666386,0.2228402
91.090004,0.259152,0.2299648
91.1000061,0.2612655,0.2286884
91.1100006,0.2608548,0.2250052
91.1200027,0.2577802,0.2343465
91.1300049,0.2612593,0.2317657
91.140007,0.2514602,0.234318
91.1500015,0.2654718,0.2380676
91.1600037,0.2715977,0.2302739
91.1700058,0.266909,0.2243228
91.1800079,0.2555772,0.2303974
91.1900024,0.2660227,0.2330654
91.2000046,0.2620137,0.2293609
91.2100067,0.2637214,0.2326359
91.2200012,0.2586436,0.2320382
91.2300034,0.2606744,0.2354678
91.2400055,0.2586782,0.2344769
91.2500076,0.2679977,0.2285304
91.2600021,0.2540017,0.2245447
91.2700043,0.2588569,0.2365616
91.2800064,0.2607244,0.2285232
91.2900009,0.2539783,0.2317736
91.3000031,0.261514,0.2225148
91.3100052,0.2633353,0.237256
91.3200073,0.2640037,0.2223166
91.3300018,0.2614956,0.2351595
91.340004,0.2690573,0.2300884
91.3500061,0.2623844,0.2365857
91.3600006,0.2605805,0.240172
91.3700027,0.2616987,0.2286635
91.3800049,0.2614617,0.2283521
91.390007,0.2544948,0.2310765
91.4000015,0.255214,0.2144222
91.4100037,0.2538364,0.2200167
91.4200058,0.2600139,0.2247328
91.4300079,0.2546454,0.226679
91.4400024,0.2659377,0.2296857
91.4500046,0.2668865,0.2241018
91.4600067,0.2685664,0.2194858
91.4700012,0.2630681,0.2209322
91.4800034,0.2609227,0.2194891
91.4900055,0.2586819,0.2283786
91.5000076,0.2638577,0.2284435
91.5100021,0.2561782,0.2234357
91.5200043,0.2533066,0.2265372
91.5300064,0.2541006,0.2240391
91.5400009,0.2613329,0.2266275
91.5500031,0.2504036,0.2256588
91.5600052,0.2578486,0.2289129
91.5700073,0.266721,0.2292548
91.5800018,0.262219,0.2336306
91.590004,0.2585267,0.2352671
91.6000061,0.2618578,0.2300734
91.6100006,0.2617594,0.2090392
91.6200027,0.2644224,0.2282526
91.6300049,0.2619269,0.22742
91.640007,0.2652163,0.2196591
91.6500015,0.265961,0.2326546
91.6600037,0.2633561,0.2319772
91.6700058,0.2649671,0.2236219
91.6800079,0.2636368,0.2289118
91.6900024,0.2663268,0.2149513
91.7000046,0.2544131,0.2193918
91.7100067,0.2545644,0.2107206
91.7200012,0.2566729,0.2209018
91.7300034,0.2634355,0.2293724
91.7400055,0.2615905,0.2283356
91.7500076,0.2576985,0.2324236
91.7600021,0.2557821,0.2283706
91.7700043,0.2563049,0.2316449
91.7800064,0.2618298,0.2290443
91.7900009,0.2682882,0.2238949
91.8000031,0.2593164,0.2276662
91.8100052,0.2758633,0.2291606
91.8200073,0.2662635,0.2240416
91.8300018,0.2651625,0.2241652
91.840004,0.262772,0.2239605
91.8500061,0.264731,0.2269646
91.8600006,0.2565408,0.2200587
91.8700027,0.2696029,0.2251058
91.8800049,0.2687325,0.2250076
91.890007,0.284516,0.2240726
91.9000015,0.2793915,0.2156307
91.9100037,0.2735993,0.2278028
91.9200058,0.2585413,0.218764
91.9300079,0.2598082,0.2190703
91.9400024,0.2535119,0.2233865
91.9500046,0.2579548,0.2238361
91.9600067,0.2648337,0.2304137
91.9700012,0.2568862,0.2244284
91.9800034,0.2627631,0.2264692
91.9900055,0.252744,0.2211917
92.0000076,0.2568018,0.2264164
92.0100021,0.2508173,0.2260714
92.0200043,0.2535633,0.2248828
92.0300064,0.2532354,0.2160787
92.0400009,0.2480341,0.2299288
92.0500031,0.25725,0.2362474
92.0600052,0.2508165,0.2474601
92.0700073,0.2560136,0.2388241
92.0800018,0.2542987,0.2343705
92.090004,0.2534208,0.2298455
92.1000061,0.2553525,0.2250048
92.1100006,0.2442469,0.2384326
92.1200027,0.2471353,0.23095
92.1300049,0.2498245,0.231916
92.140007,0.2551044,0.2287855
92.1500015,0.2424351,0.2202348
92.1600037,0.247264,0.2204303
92.1700058,0.2484209,0.225776
92.1800079,0.255903,0.2296234
92.1900024,0.2619374,0.2266067
92.2000046,0.2558256,0.2328169
92.2100067,0.255323,0.2365035
92.2200012,0.2563793,0.2387827
92.2300034,0.2607241,0.2381997
92.2400055,0.2586029,0.2382012
92.2500076,0.2607968,0.23438
92.2600021,0.2599833,0.2282007
92.2700043,0.2534707,0.2408423
92.2800064,0.2467871,0.2280186
92.2900009,0.2484195,0.2365413
92.3000031,0.2481534,0.2367175
92.3100052,0.2518364,0.2410897
92.3200073,0.2472423,0.2355582
92.3300018,0.2399837,0.2397608
92.340004,0.2606527,0.2335632
92.3500061,0.253952,0.2357195
92.3600006,0.2541152,0.2358577
92.3700027,0.2511863,0.2366869
92.3800049,0.2426259,0.2253109
92.390007,0.2466503,0.2300645
92.4000015,0.2470632,0.2177052
92.4100037,0.2505519,0.2273456
92.4200058,0.2487784,0.2364279
92.4300079,0.2541128,0.2306691
92.4400024,0.2532991,0.2352032
92.4500046,0.2444145,0.2336194
92.4600067,0.2521294,0.2226947
92.4700012,0.2510739,0.2209857
92.4800034,0.2545304,0.2322493
92.4900055,0.2597717,0.2406131
92.5000076,0.2572029,0.2267953
92.5100021,0.2590439,0.2250885
92.5200043,0.2584171,0.2311219
92.5300064,0.2538573,0.2288853
92.5400009,0.2574022,0.2309445
92.5500031,0.2534144,0.2265236
92.5600052,0.2519015,0.2256922
92.5700073,0.250067,0.2317333
92.5800018,0.2563314,0.2311645
92.590004,0.2535487,0.2286807
92.6000061,0.2564402,0.2133458
92.6100006,0.2588453,0.2294171
92.6200027,0.2562572,0.2395943
92.6300049,0.2626773,0.2388038
92.640007,0.260187,0.2301816
92.6500015,0.2586753,0.2295049
92.6600037,0.2476709,0.2275585
92.6700058,0.2588042,0.229297
92.6800079,0.2532639,0.2381601
92.6900024,0.2535089,0.2233537
92.7000046,0.2598901,0.228013
92.7100067,0.2503042,0.2217472
92.7200012,0.2464985,0.2251092
92.7300034,0.2469379,0.2175628
92.7400055,0.2515144,0.2260193
92.7500076,0.2556356,0.2330297
92.7600021,0.2555674,0.2299404
92.7700043,0.2550973,0.2261685
92.7800064,0.2579123,0.2224631
92.7900009,0.2546331,0.233093
92.8000031,0.2629287,0.2184976
92.8100052,0.2568888,0.2352802
92.8200073,0.2580744,0.2303951
92.8300018,0.2467357,0.2307401
92.840004,0.2500103,0.2212868
92.8500061,0.2440473,0.2221477
92.8600006,0.2441625,0.226816
92.8700027,0.2385407,0.2205088
92.8800049,0.2481932,0.2218787
92.890007,0.2433311,0.2207865
92.9000015,0.2431902,0.2240739
92.9100037,0.2464556,0.2308424
92.9200058,0.2546792,0.221702
92.9300079,0.252834,0.210301
92.9400024,0.2475784,0.2285541
92.9500046,0.2420731,0.2261974
92.9600067,0.2422944,0.2250495
92.9700012,0.2505774,0.2170814
92.9800034,0.2506697,0.2242793
92.9900055,0.2451059,0.2278389
93.0000076,0.2521349,0.2281812
93.0100021,0.254251,0.2145218
93.0200043,0.2496817,0.2216145
93.0300064,0.25045,0.2231213
93.0400009,0.2464453,0.2226909
93.0500031,0.2468102,0.2266206
93.0600052,0.2482404,0.2279775
93.0700073,0.2483788,0.2261285
93.0800018,0.2586495,0.2233638
93.090004,0.252684,0.2316646
93.1000061,0.2583539,0.2245852
93.1100006,0.2495057,0.2207299
93.1200027,0.2477585,0.2282829
93.1300049,0.2526927,0.2293139
93.140007,0.2562167,0.2319771
93.1500015,0.2585596,0.2378669
93.1600037,0.2520889,0.2286481
93.1700058,0.2512264,0.2287872
93.1800079,0.2521895,0.2269772
93.1900024,0.254815,0.2308624
93.2000046,0.2540032,0.2218282
93.2100067,0.2541581,0.2214091
93.2200012,0.2554463,0.2240447
93.2300034,0.2486532,0.2304912
93.2400055,0.2559363,0.2131098
93.2500076,0.2594232,0.2162111
93.2600021,0.2539172,0.2307765
93.2700043,0.2532672,0.2217145
93.2800064,0.2602288,0.2296261
93.2900009,0.2617286,0.2276879
93.3000031,0.2478265,0.2314416
93.3100052,0.2631837,0.2280285
93.3200073,0.2565221,0.2313075
93.3300018,0.2576792,0.2320816
93.340004,0.2531115,0.2235142
93.3500061,0.2465219,0.2257691
93.3600082,0.2496211,0.2283571
93.3700027,0.238945,0.2269793
93.3800049,0.2499292,0.2343593
93.390007,0.255335,0.2158706
93.4000015,0.2490355,0.2300674
93.4100037,0.2423132,0.2202274
93.4200058,0.2482369,0.2266871
93.4300079,0.2440407,0.222288
93.4400024,0.2403394,0.2273187
93.4500046,0.2441591,0.2219149
93.4600067,0.2536033,0.2235987
93.4700012,0.2556486,0.2338852
93.4800034,0.2439856,0.2243222
93.4900055,0.2452023,0.2231071
93.5000076,0.2557083,0.2249259
93.5100021,0.2499087,0.2307587
93.5200043,0.2466617,0.2176261
93.5300064,0.2512205,0.2260649
93.5400009,0.2456354,0.2265133
93.5500031,0.248219,0.2271031
93.5600052,0.2470702,0.2256376
93.5700073,0.2499358,0.2291357
93.5800018,0.2502321,0.2278466
93.590004,0.2500053,0.2313796
93.6000061,0.2428467,0.2366645
93.6100082,0.2469357,0.2256803
93.6200027,0.2493299,0.2251989
93.6300049,0.2461636,0.2182105
93.640007,0.2450694,0.2336353
93.6500015,0.2423864,0.2338581
93.6600037,0.2511186,0.2295547
93.6700058,0.2491805,0.2284689
93.6800079,0.2489246,0.2346287
93.6900024,0.2547846,0.2268534
93.7000046,0.2547114,0.2312755
93.7100067,0.262484,0.2254646
93.7200012,0.2588284,0.2339554
93.7300034,0.2577475,0.2257349
93.7400055,0.2612256,0.2270876
93.7500076,0.2527322,0.2277671
93.7600021,0.2598843,0.2353897
93.7700043,0.2540166,0.2306662
93.7800064,0.2585307,0.2245163
93.7900009,0.2686961,0.2263276
93.8000031,0.2668781,0.216402
93.8100052,0.262558,0.2301325
93.8200073,0.2614702,0.2303407
93.8300018,0.2652978,0.2205415
93.840004,0.2663533,0.2205299
93.8500061,0.2671948,0.2289491
93.8600082,0.2678218,0.2330807
93.8700027,0.2637671,0.2237138
93.8800049,0.2629767,0.2202056
93.890007,0.2644624,0.2328458
93.9000015,0.2694586,0.2246743
93.9100037,0.2607951,0.2288588
93.9200058,0.2636154,0.2275893
93.9300079,0.2571659,0.2336401
93.9400024,0.2645049,0.2311489
93.9500046,0.2659954,0.220902
93.9600067,0.272378,0.2239074
93.9700012,0.2615764,0.2219628
93.9800034,0.2714182,0.2263158
93.9900055,0.2713925,0.2213638
94.0000076,0.2646305,0.226122
94.0100021,0.2562481,0.2263122
94.0200043,0.2553086,0.2237797
94.0300064,0.2650722,0.2345377
94.0400009,0.2630642,0.2171746
94.0500031,0.2639907,0.2219063
94.0600052,0.2661949,0.225916
94.0700073,0.2719496,0.2202493
94.0800018,0.2661344,0.2243137
94.090004,0.2623739,0.2170143
94.1000061,0.270137,0.2153551
94.1100082,0.2678507,0.2144992
94.1200027,0.2748267,0.2295011
94.1300049,0.2689962,0.2326689
94.140007,0.2673109,0.2292972
94.1500015,0.268639,0.226311
94.1600037,0.2733203,0.2321399
94.1700058,0.2685453,0.2379286
94.1800079,0.2784644,0.2318114
94.1900024,0.2655543,0.2257952
94.2000046,0.2729574,0.2289772
94.2100067,0.2696638,0.2242283
94.2200012,0.2687468,0.2345081
94.2300034,0.2607018,0.2262136
94.2400055,0.2624629,0.2361419
94.2500076,0.2568563,0.2205953
94.2600021,0.2714713,0.2233784
94.2700043,0.2654179,0.2350099
94.2800064,0.2647068,0.231083
94.2900009,0.2640823,0.2263136
94.3000031,0.2578277,0.2295126
94.3100052,0.2548242,0.2259017
94.3200073,0.2617933,0.2221163
94.3300018,0.2661808,0.2157789
94.340004,0.2646727,0.2163922
94.3500061,0.2667383,0.2321977
94.3600082,0.2631163,0.2165509
94.3700027,0.2632357,0.211476
94.3800049,0.2638242,0.2183932
94.390007,0.2648896,0.225304
94.4000015,0.2583508,0.2264836
94.4100037,0.2603835,0.2266279
94.4200058,0.2592472,0.2267782
94.4300079,0.2589274,0.2187605
94.4400024,0.2629222,0.2197997
94.4500046,0.2685766,0.217904
94.4600067,0.2671399,0.2272154
94.4700012,0.2578553,0.2309491
94.4800034,0.25975,0.2196952
94.4900055,0.2648176,0.2289901
94.5000076,0.2536738,0.2205936
94.5100021,0.2595021,0.2281989
94.5200043,0.2478153,0.2248484
94.5300064,0.2536752,0.2277174
94.5400009,0.2615811,0.2288435
94.5500031,0.2623951,0.2269599
94.5600052,0.2630513,0.2360205
94.5700073,0.263834,0.2424853
94.5800018,0.2588597,0.2312752
94.590004,0.2598707,0.2372669
94.6000061,0.2555581,0.2295761
94.6100082,0.2545596,0.2294609
94.6200027,0.2550532,0.2295946
94.6300049,0.2567535,0.2294626
94.640007,0.2565878,0.2294891
94.6500015,0.2649252,0.2339304
94.6600037,0.2668533,0.2354218
94.6700058,0.267135,0.2319861
94.6800079,0.2595349,0.2295558
94.6900024,0.2609816,0.2353121
94.7000046,0.2699195,0.2355199
94.7100067,0.2659383,0.2333822
94.7200012,0.2581464,0.2365269
94.7300034,0.256129,0.2355918
94.7400055,0.2546621,0.2355927
94.7500076,0.2605985,0.2335673
94.7600021,0.2613309,0.2338078
94.7700043,0.2629825,0.2314579
94.7800064,0.2561379,0.2355382
94.7900009,0.258435,0.2401432
94.8000031,0.246011,0.2286394
94.8100052,0.2496727,0.2296156
94.8200073,0.2561327,0.233581
94.8300018,0.2573451,0.2382417
94.840004,0.2534185,0.2253868
94.8500061,0.2518922,0.2346667
94.8600082,0.2564019,0.2379828
94.8700027,0.2487833,0.2429102
94.8800049,0.2540713,0.2405135
94.890007,0.2504623,0.2321244
94.9000015,0.2518349,0.2291802
94.9100037,0.2553801,0.2323677
94.9200058,0.2555273,0.2304129
94.9300079,0.2487559,0.233071
94.9400024,0.2440059,0.2375983
94.9500046,0.2496725,0.2352419
94.9600067,0.2531242,0.2353297
94.9700012,0.2513404,0.2269628
94.9800034,0.2549323,0.2180512
94.9900055,0.2519613,0.23365
95.0000076,0.2524903,0.235618
95.0100021,0.2499354,0.2262054
95.0200043,0.2429769,0.2282299
95.0300064,0.245831,0.2209288
95.0400009,0.2463345,0.2270649
95.0500031,0.2509188,0.2333217
95.0600052,0.2506786,0.2283097
95.0700073,0.25111,0.2258033
95.0800018,0.251444,0.2255417
95.090004,0.2534768,0.2324745
95.1000061,0.2410437,0.230957
95.1100082,0.2446359,0.2261323
95.1200027,0.2387794,0.2197745
95.1300049,0.2398591,0.226436
95.140007,0.2407411,0.2336449
95.1500015,0.2478534,0.2325661
95.1600037,0.2437947,0.2359886
95.1700058,0.2397905,0.2202492
95.1800079,0.2466851,0.2258431
95.1900024,0.2412177,0.2307961
95.2000046,0.2406019,0.2190018
95.2100067,0.2446939,0.2246324
95.2200012,0.2408643,0.2262325
95.2300034,0.2439982,0.2363746
95.2400055,0.2414731,0.2414885
95.2500076,0.2377578,0.2232539
95.2600021,0.2386805,0.2255813
95.2700043,0.2439808,0.2203697
95.2800064,0.2458403,0.2194505
95.2900009,0.2385236,0.2116363
95.3000031,0.2452045,0.2130224
95.3100052,0.2462884,0.2217556
95.3200073,0.2469483,0.2288614
95.3300018,0.2402678,0.2207817
95.340004,0.2394779,0.2263045
95.3500061,0.2511554,0.2320762
95.3600082,0.2413034,0.2302164
95.3700027,0.245818,0.2394694
95.3800049,0.2534435,0.2300482
95.390007,0.2546592,0.2325705
95.4000015,0.253287,0.2297937
95.4100037,0.2516408,0.2303061
95.4200058,0.2519855,0.2259366
95.4300079,0.255532,0.2301887
95.4400024,0.2510549,0.2265723
95.4500046,0.2516293,0.2338103
95.4600067,0.2472762,0.2370395
95.4700012,0.2586096,0.2279626
95.4800034,0.2544611,0.2268615
95.4900055,0.255706,0.2386934
95.5000076,0.2526675,0.2467251
95.5100021,0.2488997,0.2321343
95.5200043,0.2531651,0.2283713
95.5300064,0.2520105,0.2226158
95.5400009,0.2497195,0.2170096
95.5500031,0.2498361,0.2128894
95.5600052,0.2412126,0.2348934
95.5700073,0.2504049,0.2270662
95.5800018,0.2474048,0.2355491
95.590004,0.2449996,0.2344606
95.6000061,0.2494463,0.22674
95.6100082,0.2412531,0.2356633
95.6200027,0.2447212,0.2428661
95.6300049,0.2477769,0.2444965
95.640007,0.2445372,0.2351043
95.6500015,0.2489211,0.2354969
95.6600037,0.2407722,0.2339999
95.6700058,0.2403656,0.2332302
95.6800079,0.2343225,0.2458578
95.6900024,0.2432731,0.2448677
95.7000046,0.2485134,0.2350461
95.7100067,0.2481882,0.2451425
95.7200012,0.2507676,0.2317381
95.7300034,0.2501991,0.2407069
95.7400055,0.2510156,0.2395536
95.7500076,0.2449217,0.2410337
95.7600021,0.2470634,0.2433824
95.7700043,0.2434989,0.2273538
95.7800064,0.2412181,0.2322381
95.7900009,0.2460819,0.2300275
95.8000031,0.248364,0.2287296
95.8100052,0.2502941,0.2275352
95.8200073,0.2551554,0.2299976
95.8300018,0.2646721,0.2222629
95.840004,0.2413061,0.2385466
95.8500061,0.2411579,0.2320549
95.8600082,0.2482591,0.2235764
95.8700027,0.2534376,0.2318552
95.8800049,0.2494278,0.2299276
95.890007,0.2502558,0.2264153
95.9000015,0.2536272,0.2273577
95.9100037,0.2545114,0.2367718
95.9200058,0.2642694,0.2360871
95.9300079,0.2539506,0.2320177
95.9400024,0.2553239,0.2347304
95.9500046,0.251203,0.2398816
95.9600067,0.2528346,0.2312163
95.9700012,0.2538879,0.2293672
95.9800034,0.253483,0.2394166
95.9900055,0.2537269,0.2309277
96.0000076,0.2417573,0.2356708
96.0100021,0.2478213,0.2286058
96.0200043,0.2502191,0.2317741
96.0300064,0.2534882,0.2402314
96.0400009,0.2569612,0.2321428
96.0500031,0.2563531,0.2348742
96.0600052,0.2515625,0.2325489
96.0700073,0.2632532,0.2281261
96.0800018,0.2566166,0.2425702
96.090004,0.25359,0.2371375
96.1000061,0.2543858,0.2280322
96.1100082,0.2540081,0.2305083
96.1200027,0.2530144,0.23767
96.1300049,0.249627,0.2285118
96.140007,0.2473844,0.225414
96.1500015,0.2562096,0.2196898
96.1600037,0.2495053,0.2296242
96.1700058,0.2460617,0.2218979
96.1800079,0.2498505,0.2255091
96.1900024,0.245906,0.2334533
96.2000046,0.2421736,0.2291875
96.2100067,0.2442297,0.2177893
96.2200012,0.2483526,0.2303516
96.2300034,0.2433165,0.2393058
96.2400055,0.2362905,0.2305031
96.2500076,0.2449123,0.2311878
96.2600021,0.244135,0.2268234
96.2700043,0.2438172,0.2390186
96.2800064,0.2475529,0.2236505
96.2900009,0.2456599,0.2348472
96.3000031,0.239832,0.2266149
96.3100052,0.2538612,0.2242229
96.3200073,0.2446655,0.2172939
96.3300018,0.2392766,0.221481
96.340004,0.2438259,0.2403507
96.3500061,0.2399004,0.2193318
96.3600082,0.252912,0.2256673
96.3700027,0.2472905,0.2273383
96.3800049,0.2426484,0.2283547
96.390007,0.2431423,0.2183295
96.4000015,0.2410408,0.2213579
96.4100037,0.2336632,0.2287785
96.4200058,0.2381592,0.2201394
96.4300079,0.2343237,0.2296312
96.4400024,0.2392428,0.2180336
96.4500046,0.2411692,0.2284555
96.4600067,0.236834,0.2221844
96.4700012,0.2435439,0.2263055
96.4800034,0.2345715,0.2182527
96.4900055,0.2458474,0.223115
96.5000076,0.2328304,0.2226554
96.5100021,0.2458432,0.2311952
96.5200043,0.2370986,0.2328639
96.5300064,0.2376263,0.2174037
96.5400009,0.245563,0.2291118
96.5500031,0.2446599,0.2293963
96.5600052,0.2543902,0.2437807
96.5700073,0.2530417,0.234707
96.5800018,0.2512259,0.2450602
96.590004,0.2484831,0.2234129
96.6000061,0.2477049,0.2263593
96.6100082,0.2469175,0.2434657
96.6200027,0.242138,0.2387088
96.6300049,0.2482315,0.2341383
96.640007,0.2548324,0.2275946
96.6500015,0.249691,0.2293317
96.6600037,0.2526534,0.2288369
96.6700058,0.2482785,0.2464885
96.6800079,0.2450977,0.2344867
96.6900024,0.2466358,0.2364668
96.7000046,0.2523438,0.2336794
96.7100067,0.248186,0.2286321
96.7200012,0.2472716,0.2396915
96.7300034,0.2540748,0.2353351
96.7400055,0.2475221,0.2283166
96.7500076,0.2538395,0.2322087
96.7600021,0.2497734,0.2269289
96.7700043,0.2501848,0.2284673
96.7800064,0.2458895,0.2339528
96.7900009,0.2496477,0.2317894
96.8000031,0.2558815,0.2353878
96.8100052,0.2433466,0.242862
96.8200073,0.2407665,0.2355192
96.8300018,0.2375142,0.2358324
96.840004,0.2355348,0.2350731
96.8500061,0.2391033,0.2251496
96.8600082,0.2530146,0.2394323
96.8700027,0.2503589,0.228457
96.8800049,0.2511159,0.2439185
96.890007,0.2518969,0.2447606
96.9000015,0.2541102,0.2341056
96.9100037,0.2442304,0.2314279
96.9200058,0.2443179,0.2404722
96.9300079,0.2464586,0.2384896
96.9400024,0.2397019,0.2270983
96.9500046,0.2486397,0.2322208
96.9600067,0.2536177,0.2275915
96.9700012,0.2590049,0.2252109
96.9800034,0.2516914,0.227671
96.9900055,0.2501943,0.2230638
97.0000076,0.2460563,0.2425014
97.0100021,0.2468653,0.2350958
97.0200043,0.2470028,0.2232094
97.0300064,0.2452519,0.2211845
97.0400009,0.2417496,0.2248944
97.0500031,0.2377483,0.227396
97.0600052,0.2286852,0.2305283
97.0700073,0.239953,0.238337
97.0800018,0.2392637,0.2335495
97.090004,0.2306621,0.2362949
97.1000061,0.2328957,0.228045
97.1100082,0.2377418,0.2220036
97.1200027,0.2377583,0.2339943
97.1300049,0.2367837,0.2252677
97.140007,0.2322041,0.2350676
97.1500015,0.2346401,0.2328396
97.1600037,0.2396167,0.2369471
97.1700058,0.2480759,0.234189
97.1800079,0.2396153,0.2256846
97.1900024,0.2327142,0.2447522
97.2000046,0.234943,0.2337941
97.2100067,0.232723,0.2352119
97.2200012,0.2396451,0.2349138
97.2300034,0.2365771,0.2302483
97.2400055,0.2366927,0.2325847
97.2500076,0.2362699,0.2341854
97.2600021,0.2376401,0.2397282
97.2700043,0.2404504,0.2371848
97.2800064,0.2412189,0.2329296
97.2900009,0.2422665,0.2332604
97.3000031,0.2341295,0.2351326
97.3100052,0.2467734,0.235929
97.3200073,0.2412221,0.231309
97.3300018,0.2399985,0.2369297
97.340004,0.246585,0.2472313
97.3500061,0.2543529,0.2368789
97.3600082,0.2414687,0.2427771
97.3700027,0.2370109,0.2365982
97.3800049,0.2379486,0.2336244
97.390007,0.240583,0.2358843
97.4000015,0.2392659,0.2397894
97.4100037,0.2382057,0.2343626
97.4200058,0.2406753,0.2349332
97.4300079,0.2390516,0.2296059
97.4400024,0.2424428,0.2245784
97.4500046,0.2433979,0.2368434
97.4600067,0.2332575,0.238465
97.4700012,0.2424618,0.2338456
97.4800034,0.2476832,0.2226874
97.4900055,0.245912,0.2289332
97.5000076,0.2436832,0.2407611
97.5100021,0.2421549,0.2377975
97.5200043,0.25149,0.2304933
97.5300064,0.2463604,0.2491251
97.5400009,0.2435014,0.2531493
97.5500031,0.2401969,0.2439279
97.5600052,0.2429196,0.2504741
97.5700073,0.2467539,0.2492848
97.5800018,0.2380584,0.244928
97.590004,0.2320931,0.2416512
97.6000061,0.2397138,0.2384728
97.6100082,0.2497086,0.2247961
97.6200027,0.2437503,0.2270885
97.6300049,0.2351679,0.2351121
97.640007,0.2363175,0.229055
97.6500015,0.2402784,0.2343316
97.6600037,0.2383715,0.221808
97.6700058,0.2369286,0.2280259
97.6800079,0.2355532,0.2267149
97.6900024,0.2339415,0.2281576
97.7000046,0.2379076,0.2352398
97.7100067,0.2492371,0.2285714
97.7200012,0.244879,0.2311998
97.7300034,0.2452782,0.2357775
97.7400055,0.2502033,0.2424368
97.7500076,0.243259,0.2396569
97.7600021,0.2476893,0.2379824
97.7700043,0.2482733,0.2280903
97.7800064,0.2424116,0.2311839
97.7900009,0.2394455,0.2368002
97.8000031,0.2372075,0.2284547
97.8100052,0.2481551,0.241198
97.8200073,0.2454013,0.2340398
97.8300018,0.2443596,0.2210523
97.840004,0.2444382,0.2257318
97.8500061,0.2413071,0.2414475
97.8600082,0.2411154,0.2409378
97.8700027,0.2357218,0.2440448
97.8800049,0.2376593,0.2429428
97.890007,0.2329687,0.2370011
97.9000015,0.2360126,0.2331711
97.9100037,0.2484948,0.2435863
97.9200058,0.2421559,0.242971
97.9300079,0.2413876,0.2374612
97.9400024,0.2475737,0.2402116
97.9500046,0.2533998,0.2277747
97.9600067,0.2322312,0.2397679
97.9700012,0.2465112,0.2343764
97.9800034,0.2446072,0.2482729
97.9900055,0.2401512,0.2407684
98.0000076,0.2460181,0.2431216
98.0100021,0.2414222,0.2437312
98.0200043,0.2371707,0.2399536
98.0300064,0.2409686,0.2360402
98.0400009,0.2462272,0.2260478
98.0500031,0.2472314,0.2400261
98.0600052,0.2418553,0.2444598
98.0700073,0.2455265,0.2375813
98.0800018,0.2422183,0.2393099
98.090004,0.2375619,0.2376868
98.1000061,0.2404914,0.2238695
98.1100082,0.2427929,0.2393531
98.1200027,0.2418956,0.2335087
98.1300049,0.2468135,0.2298246
98.140007,0.2426111,0.2306677
98.1500015,0.241397,0.2349599
98.1600037,0.2418914,0.2364832
98.1700058,0.238852,0.236053
98.1800079,0.2328871,0.2368173
98.1900024,0.2315654,0.2411703
98.2000046,0.2381985,0.2355507
98.2100067,0.2400294,0.2372286
98.2200012,0.2401972,0.2451858
98.2300034,0.2416854,0.2502036
98.2400055,0.2377482,0.2363505
98.2500076,0.239776,0.23762
98.2600021,0.2360365,0.2357696
98.2700043,0.2381799,0.2286289
98.2800064,0.2395413,0.2345822
98.2900009,0.2369583,0.2292729
98.3000031,0.2428395,0.2246341
98.3100052,0.2405178,0.223295
98.3200073,0.2350282,0.2128648
98.3300018,0.2356836,0.231124
98.340004,0.2402739,0.2321082
98.3500061,0.2412261,0.2107453
98.3600082,0.2435958,0.2148189
98.3700027,0.2392023,0.2141047
98.3800049,0.2358936,0.224917
98.390007,0.2495581,0.2150347
98.4000015,0.2486467,0.2210053
98.4100037,0.2526736,0.221431
98.4200058,0.2490122,0.22649
98.4300079,0.2416905,0.2304251
98.4400024,0.2469456,0.2153947
98.4500046,0.2370122,0.2143809
98.4600067,0.2475649,0.2215613
98.4700012,0.2447241,0.2222542
98.4800034,0.2510079,0.2268136
98.4900055,0.2469805,0.2212855
98.5000076,0.2416219,0.224855
98.5100021,0.2445486,0.2245011
98.5200043,0.2501633,0.2272825
98.5300064,0.247409,0.2148865
98.5400009,0.2447286,0.2265605
98.5500031,0.2442813,0.2184561
98.5600052,0.2469041,0.2155238
98.5700073,0.248338,0.2174837
98.5800018,0.2439758,0.2238144
98.590004,0.2476642,0.2186706
98.6000061,0.2462611,0.214343
98.6100082,0.2433935,0.2255901
98.6200027,0.2450331,0.2246232
98.6300049,0.2430243,0.2286588
98.640007,0.2414449,0.2220031
98.6500015,0.243259,0.2241416
98.6600037,0.2502608,0.2285225
98.6700058,0.2509139,0.2216083
98.6800079,0.251952,0.2206639
98.6900024,0.2476244,0.2242398
98.7000046,0.2471763,0.2268378
98.7100067,0.245444,0.2261728
98.7200012,0.2436828,0.2298783
98.7300034,0.2488639,0.2317427
98.7400055,0.2478015,0.2286451
98.7500076,0.2354467,0.21665
98.7600021,0.2461845,0.2234588
98.7700043,0.2411408,0.2347458
98.7800064,0.243337,0.2291973
98.7900009,0.2385019,0.2252686
98.8000031,0.2362746,0.2371824
98.8100052,0.2401498,0.2276016
98.8200073,0.2473921,0.2319688
98.8300018,0.243463,0.2299193
98.840004,0.2434848,0.222222
98.8500061,0.2425552,0.224577
98.8600082,0.2482866,0.2301316
98.8700027,0.2438123,0.2333171
98.8800049,0.2401078,0.2417067
98.890007,0.2390213,0.2384453
98.9000015,0.2393845,0.2387328
98.9100037,0.2406615,0.2348679
98.9200058,0.2471638,0.2312186
98.9300079,0.2424643,0.2206742
98.9400024,0.2450975,0.2259111
98.9500046,0.2345909,0.2299656
98.9600067,0.2385625,0.2236984
98.9700012,0.2334399,0.228287
98.9800034,0.2377544,0.2307124
98.9900055,0.2389692,0.2279921
99.0000076,0.2469405,0.2340993
99.0100021,0.2428932,0.2235132
99.0200043,0.245885,0.2355013
99.0300064,0.2395686,0.2433644
99.0400009,0.2440619,0.2322858
99.0500031,0.2474497,0.2395479
99.0600052,0.2388333,0.2325785
99.0700073,0.2378584,0.2337642
99.0800018,0.2375775,0.2256765
99.090004,0.2431131,0.2214936
99.1000061,0.2424616,0.218086
99.1100082,0.2441027,0.2236334
99.1200027,0.2382288,0.2284056
99.1300049,0.2395252,0.231371
99.140007,0.2419236,0.2355432
99.1500015,0.2392433,0.2368331
99.1600037,0.2439773,0.2395761
99.1700058,0.245074,0.230651
99.1800079,0.2452207,0.2338451
99.1900024,0.2500711,0.2365647
99.2000046,0.2409167,0.2306077
99.2100067,0.2539409,0.2330659
99.2200012,0.2425746,0.2241408
99.2300034,0.2463889,0.2260707
99.2400055,0.2492406,0.2394535
99.2500076,0.2422745,0.2407899
99.2600021,0.2443964,0.2273497
99.2700043,0.242829,0.2330733
99.2800064,0.2461883,0.2224794
99.2900009,0.2481495,0.2266967
99.3000031,0.2532089,0.2345901
99.3100052,0.2489465,0.239433
99.3200073,0.2467276,0.2385892
99.3300018,0.2480903,0.2327187
99.340004,0.2412001,0.2276068
99.3500061,0.2397511,0.239649
99.3600082,0.2342693,0.2427854
99.3700027,0.2418081,0.2366899
99.3800049,0.2391742,0.23061
99.390007,0.2462254,0.2414986
99.4000015,0.2494977,0.2364392
99.4100037,0.2301269,0.2313588
99.4200058,0.225049,0.2401762
99.4300079,0.2282328,0.2448228
99.4400024,0.2404168,0.2402358
99.4500046,0.2402295,0.2312077
99.4600067,0.2315088,0.2259871
99.4700012,0.232278,0.2427286
99.4800034,0.2283338,0.2529221
99.4900055,0.234635,0.2349493
99.5000076,0.2406726,0.2361998
99.5100021,0.2374507,0.2257581
99.5200043,0.2455768,0.237807
99.5300064,0.2532345,0.2329548
99.5400009,0.2486737,0.2416214
99.5500031,0.2393551,0.236662
99.5600052,0.2363688,0.2309439
99.5700073,0.239213,0.2438339
99.5800018,0.2472811,0.2473329
99.590004,0.2385994,0.2297781
99.6000061,0.2569096,0.2477965
99.6100082,0.2373624,0.2420288
99.6200027,0.2482254,0.242368
99.6300049,0.2405084,0.2484165
99.640007,0.2474842,0.2441375
99.6500015,0.2404567,0.2373534
99.6600037,0.2377568,0.2358493
99.6700058,0.2350986,0.2437515
99.6800079,0.2388155,0.2362338
99.6900024,0.233419,0.2379709
99.7000046,0.2370105,0.2430227
99.7100067,0.2376304,0.2359075
99.7200012,0.2400325,0.2329168
99.7300034,0.2394065,0.2484423
99.7400055,0.2374311,0.2413388
99.7500076,0.2400513,0.2451515
99.7600021,0.2398223,0.2429588
99.7700043,0.2392175,0.2406381
99.7800064,0.2408008,0.2347017
99.7900085,0.2447893,0.2376728
99.8000031,0.2335387,0.2343391
99.8100052,0.2318642,0.2311355
99.8200073,0.2333364,0.2344883
99.8300018,0.2374115,0.2397206
99.840004,0.2460384,0.2266014
99.8500061,0.2348066,0.2473004
99.8600082,0.2396248,0.2536346
99.8700027,0.2443484,0.2355666
99.8800049,0.2395488,0.2398957
99.890007,0.2484774,0.2396222
99.9000015,0.2390443,0.2411653
99.9100037,0.2495387,0.2459826
99.9200058,0.2543201,0.2594092
99.9300079,0.2586838,0.2444986
99.9400024,0.2522485,0.2332373
99.9500046,0.2571289,0.2473405
99.9600067,0.2600585,0.2388807
99.9700012,0.2528739,0.2445634
99.9800034,0.243883,0.2435232
99.9900055,0.2453201,0.2461863
100.0000076,0.2508183,0.2369633
