Time/Residue,AFR5_R1.xvg,AFR5_R2.xvg
0.0,209.702,211.472
0.01,213.519,212.775
0.02,217.066,218.41
0.03,219.93,219.385
0.04,216.887,220.864
0.05,219.773,219.875
0.06,219.937,226.009
0.07,223.881,223.514
0.08,220.358,222.268
0.09,221.924,219.094
0.1,222.345,218.33
0.11,220.612,217.376
0.12,219.798,219.159
0.13,226.086,221.587
0.14,223.834,223.082
0.15,221.677,220.778
0.16,221.172,220.416
0.17,219.893,219.836
0.18,223.605,220.921
0.19,221.47,219.496
0.2,223.544,217.448
0.21,224.538,220.484
0.22,224.549,220.899
0.23,224.026,222.049
0.24,224.532,222.509
0.25,226.442,221.903
0.26,229.696,222.508
0.27,223.073,225.664
0.28,223.435,224.24
0.29,222.08,223.679
0.3,224.446,227.009
0.31,226.035,223.115
0.32,221.934,224.734
0.33,224.053,229.634
0.34,227.856,225.232
0.35,227.443,226.271
0.36,227.696,225.455
0.37,228.566,227.037
0.38,221.695,227.626
0.39,224.893,229.336
0.4,221.386,226.782
0.41,227.142,225.574
0.42,226.792,229.191
0.43,226.875,227.07
0.44,227.277,231.432
0.45,224.376,230.223
0.46,225.378,227.314
0.47,229.041,223.144
0.48,229.172,229.138
0.49,228.186,227.791
0.5,226.336,229.305
0.51,228.687,228.737
0.52,228.641,230.5
0.53,229.205,229.695
0.54,225.777,229.312
0.55,227.27,228.907
0.56,229.983,226.902
0.57,225.756,229.461
0.58,230.295,232.845
0.59,230.407,232.679
0.6,227.996,228.442
0.61,227.95,227.892
0.62,226.85,229.535
0.63,227.322,233.5
0.64,225.59,229.804
0.65,225.572,230.002
0.66,225.811,232.068
0.67,225.524,235.041
0.68,226.348,232.099
0.69,222.852,231.265
0.7,225.69,231.971
0.71,222.352,231.602
0.72,226.602,229.764
0.73,222.587,233.974
0.74,222.954,233.232
0.75,226.834,230.191
0.76,226.798,232.629
0.77,229.153,231.92
0.78,228.988,234.829
0.79,227.708,231.101
0.8,227.224,229.126
0.81,227.43,228.966
0.82,222.817,228.287
0.83,224.146,229.16
0.84,225.478,230.672
0.85,221.852,230.097
0.86,223.77,229.981
0.87,225.504,229.429
0.88,222.872,230.524
0.89,225.309,233.565
0.9,225.324,230.83
0.91,224.841,230.523
0.92,225.798,232.606
0.93,222.859,231.063
0.94,223.394,230.475
0.95,227.416,227.108
0.96,224.043,229.625
0.97,226.778,231.123
0.98,223.883,228.355
0.99,225.996,231.159
1.0,227.347,231.499
1.01,225.373,228.727
1.02,226.197,231.227
1.03,229.603,230.021
1.04,224.922,231.367
1.05,224.784,233.334
1.06,226.257,228.625
1.07,226.421,229.512
1.08,225.605,229.138
1.09,225.255,227.886
1.1,226.201,225.832
1.11,224.968,227.378
1.12,224.814,230.516
1.13,225.949,229.859
1.14,221.34,232.771
1.15,222.895,231.578
1.16,224.237,229.228
1.17,224.679,229.638
1.18,226.646,231.001
1.19,227.351,231.447
1.2,222.856,226.843
1.21,220.323,231.818
1.22,225.076,227.995
1.23,223.088,230.252
1.24,225.585,228.712
1.25,223.924,230.098
1.26,225.053,231.216
1.27,226.103,229.808
1.28,225.267,229.817
1.29,224.902,229.185
1.3,226.012,226.904
1.31,224.401,228.247
1.32,226.886,228.109
1.33,224.65,233.066
1.34,228.024,230.246
1.35,229.445,225.06
1.36,224.805,229.208
1.37,224.094,228.275
1.38,226.073,227.476
1.39,226.269,221.249
1.4,224.817,228.221
1.41,226.672,228.093
1.42,224.475,228.712
1.43,226.237,227.1
1.44,227.551,227.41
1.45,228.533,226.929
1.46,227.414,230.224
1.47,229.159,223.73
1.48,229.143,225.468
1.49,228.293,229.081
1.5,229.714,225.792
1.51,227.891,228.096
1.52,229.289,223.371
1.53,226.191,227.403
1.54,225.836,228.537
1.55,232.479,226.906
1.56,228.437,231.983
1.57,226.532,229.588
1.58,227.835,227.234
1.59,229.627,225.98
1.6,228.472,228.802
1.61,230.708,229.064
1.62,229.587,230.16
1.63,229.627,230.516
1.64,227.52,227.56
1.65,231.937,231.176
1.66,231.274,226.124
1.67,227.785,230.303
1.68,231.606,229.265
1.69,230.03,230.319
1.7,230.173,230.421
1.71,228.398,230.672
1.72,229.598,228.964
1.73,230.221,227.347
1.74,228.77,231.547
1.75,229.148,226.535
1.76,231.276,229.873
1.77,233.598,229.617
1.78,232.513,231.591
1.79,232.173,231.135
1.8,231.837,228.526
1.81,234.766,233.16
1.82,230.268,230.064
1.83,234.712,231.212
1.84,230.842,232.026
1.85,232.516,232.761
1.86,231.837,228.398
1.87,230.98,230.99
1.88,229.774,234.183
1.89,228.583,232.542
1.9,229.222,230.284
1.91,232.98,228.316
1.92,232.635,228.853
1.93,233.982,232.485
1.94,231.105,237.545
1.95,233.729,227.791
1.96,235.748,230.384
1.97,231.991,228.811
1.98,233.539,234.625
1.99,232.974,234.097
2.0,232.486,234.896
2.01,233.86,228.292
2.02,233.616,226.493
2.03,233.051,228.957
2.04,231.372,232.277
2.05,229.968,232.419
2.06,235.12,234.04
2.07,234.025,231.559
2.08,233.295,232.488
2.09,233.059,230.95
2.1,229.742,230.74
2.11,234.807,232.867
2.12,233.276,230.323
2.13,234.109,234.742
2.14,235.865,231.367
2.15,233.84,233.353
2.16,234.121,234.378
2.17,235.722,233.52
2.18,234.559,230.525
2.19,236.578,234.494
2.2,238.744,231.593
2.21,234.461,231.864
2.22,232.638,233.191
2.23,235.3,234.54
2.24,233.438,234.1
2.25,235.392,235.061
2.26,237.381,230.473
2.27,234.929,229.987
2.28,236.497,233.467
2.29,237.067,232.794
2.3,235.608,234.828
2.31,237.086,233.352
2.32,238.971,232.671
2.33,235.31,232.365
2.34,233.1,235.094
2.35,240.736,233.72
2.36,234.281,232.15
2.37,237.322,235.651
2.38,240.514,233.548
2.39,239.729,231.977
2.4,239.008,232.012
2.41,236.205,232.899
2.42,238.15,231.468
2.43,239.963,234.483
2.44,233.674,233.057
2.45,237.901,234.211
2.46,239.917,233.061
2.47,235.471,237.193
2.48,236.808,230.135
2.49,237.823,232.667
2.5,241.294,231.933
2.51,233.797,229.331
2.52,238.599,231.441
2.53,236.007,230.848
2.54,237.577,233.049
2.55,235.676,237.684
2.56,239.319,234.287
2.57,236.527,232.091
2.58,236.264,232.339
2.59,238.804,234.078
2.6,238.005,233.234
2.61,240.176,233.364
2.62,234.498,234.329
2.63,234.723,231.17
2.64,237.089,235.072
2.65,237.17,231.198
2.66,236.332,231.544
2.67,236.266,237.88
2.68,234.546,231.996
2.69,236.06,235.169
2.7,238.197,233.524
2.71,235.612,238.367
2.72,238.879,235.674
2.73,237.071,231.318
2.74,235.527,229.58
2.75,239.755,233.329
2.76,242.515,232.354
2.77,238.072,234.722
2.78,240.505,236.779
2.79,239.227,233.917
2.8,237.211,235.436
2.81,236.601,233.438
2.82,239.157,235.184
2.83,241.209,236.091
2.84,237.045,231.872
2.85,238.073,235.599
2.86,234.262,234.573
2.87,238.701,237.398
2.88,240.444,237.941
2.89,234.244,234.653
2.9,233.758,235.716
2.91,235.108,235.002
2.92,238.633,229.672
2.93,236.981,231.728
2.94,235.224,231.881
2.95,235.521,233.209
2.96,236.986,232.841
2.97,232.763,230.724
2.98,234.487,233.467
2.99,236.691,235.247
3.0,235.67,235.281
3.01,236.701,231.335
3.02,238.113,230.76
3.03,234.456,232.843
3.04,236.307,233.726
3.05,239.551,234.957
3.06,232.846,233.561
3.07,235.518,235.427
3.08,234.564,234.347
3.09,235.796,232.037
3.1,236.045,233.319
3.11,236.549,238.171
3.12,236.557,234.104
3.13,231.561,232.95
3.14,235.093,229.954
3.15,236.368,229.898
3.16,235.224,232.375
3.17,234.884,232.828
3.18,238.26,232.251
3.19,236.08,233.558
3.2,235.962,230.27
3.21,235.251,237.247
3.22,231.362,231.219
3.23,231.556,233.222
3.24,236.991,233.163
3.25,239.759,236.165
3.26,237.319,232.733
3.27,235.913,236.43
3.28,234.117,233.038
3.29,233.428,234.647
3.3,234.766,232.118
3.31,234.836,232.963
3.32,239.7,231.589
3.33,234.784,231.774
3.34,236.576,233.879
3.35,237.726,233.729
3.36,237.363,234.989
3.37,237.29,233.311
3.38,236.919,234.899
3.39,234.912,231.613
3.4,229.807,231.612
3.41,236.165,232.994
3.42,229.757,231.281
3.43,232.408,234.098
3.44,230.978,233.398
3.45,230.72,234.245
3.46,230.856,232.671
3.47,231.632,234.861
3.48,233.787,236.047
3.49,234.102,237.021
3.5,233.266,236.634
3.51,234.639,236.488
3.52,231.45,235.432
3.53,234.613,233.63
3.54,232.468,238.679
3.55,234.102,237.792
3.56,236.035,236.173
3.57,236.117,233.686
3.58,234.33,237.005
3.59,234.06,237.144
3.6,230.4,235.66
3.61,232.28,234.901
3.62,237.302,237.804
3.63,231.553,236.107
3.64,233.23,237.705
3.65,235.129,239.882
3.66,233.653,235.891
3.67,237.237,233.835
3.68,237.141,235.07
3.69,234.879,238.616
3.7,238.189,236.739
3.71,234.823,235.944
3.72,234.042,236.814
3.73,234.131,237.734
3.74,233.605,236.987
3.75,236.223,234.285
3.76,237.767,236.066
3.77,237.753,238.071
3.78,235.52,239.243
3.79,232.899,237.054
3.8,235.875,237.325
3.81,232.322,239.057
3.82,236.079,240.87
3.83,233.503,237.083
3.84,233.619,236.606
3.85,234.601,237.293
3.86,236.407,236.57
3.87,235.414,236.82
3.88,234.239,235.671
3.89,236.156,238.163
3.9,237.381,238.366
3.91,237.689,239.673
3.92,236.683,237.774
3.93,236.471,237.478
3.94,236.283,239.79
3.95,237.009,237.275
3.96,234.276,236.667
3.97,234.852,232.593
3.98,234.204,237.838
3.99,234.073,236.522
4.0,235.991,238.505
4.01,231.812,237.684
4.02,231.671,234.785
4.03,236.897,238.012
4.04,234.063,237.007
4.05,232.168,233.768
4.06,232.75,235.555
4.07,231.022,236.879
4.08,230.773,237.812
4.09,232.459,235.464
4.1,231.642,237.262
4.11,234.961,233.548
4.12,232.286,237.731
4.13,230.738,238.203
4.14,230.548,236.397
4.15,232.592,240.151
4.16,231.474,241.272
4.17,236.166,241.407
4.18,232.725,233.65
4.19,231.884,236.87
4.2,232.9,237.38
4.21,236.399,237.878
4.22,238.871,237.644
4.23,234.528,236.251
4.24,233.337,237.112
4.25,230.473,237.565
4.26,232.256,238.316
4.27,232.386,234.582
4.28,233.026,237.38
4.29,230.894,235.943
4.3,233.708,235.624
4.31,230.553,233.806
4.32,235.123,234.792
4.33,233.727,235.438
4.34,231.902,232.137
4.35,231.853,235.626
4.36,230.339,231.593
4.37,236.279,232.137
4.38,230.553,231.863
4.39,233.499,231.912
4.4,234.357,231.601
4.41,232.707,233.267
4.42,230.735,234.906
4.43,231.559,232.323
4.44,232.294,231.684
4.45,231.797,233.797
4.46,234.612,233.06
4.47,233.249,233.27
4.48,231.832,231.073
4.49,232.825,233.7
4.5,234.583,234.225
4.51,232.415,232.94
4.52,232.516,230.855
4.53,232.815,236.745
4.54,232.967,234.264
4.55,234.758,233.393
4.56,234.738,231.855
4.57,235.328,234.554
4.58,232.493,233.746
4.59,233.693,233.739
4.6,233.876,231.693
4.61,233.159,232.491
4.62,233.172,232.259
4.63,234.716,235.523
4.64,232.776,232.323
4.65,230.999,234.236
4.66,231.053,231.313
4.67,226.627,229.893
4.68,231.415,236.561
4.69,229.506,231.887
4.7,233.211,230.716
4.71,232.122,233.148
4.72,227.867,231.255
4.73,232.184,236.248
4.74,232.448,233.608
4.75,227.622,233.991
4.76,232.335,232.782
4.77,232.341,232.616
4.78,234.051,235.061
4.79,232.581,237.103
4.8,230.495,229.472
4.81,235.578,235.334
4.82,230.158,235.023
4.83,234.216,236.335
4.84,229.875,237.393
4.85,232.369,235.814
4.86,230.052,231.949
4.87,228.264,234.454
4.88,232.097,236.436
4.89,232.75,236.333
4.9,231.41,236.628
4.91,232.5,233.506
4.92,237.258,234.884
4.93,233.492,231.636
4.94,236.684,236.132
4.95,229.79,234.627
4.96,232.96,231.551
4.97,233.016,230.336
4.98,234.133,232.299
4.99,230.132,230.873
5.0,231.82,233.514
5.01,234.369,234.134
5.02,235.68,235.897
5.03,233.813,231.023
5.04,230.061,230.701
5.05,230.822,229.971
5.06,236.589,232.698
5.07,231.784,231.3
5.08,232.014,228.448
5.09,236.369,228.939
5.1,229.671,231.719
5.11,234.546,231.469
5.12,237.035,232.38
5.13,232.478,228.932
5.14,231.016,231.125
5.15,232.754,231.669
5.16,230.672,230.089
5.17,231.779,231.2
5.18,233.227,231.256
5.19,227.538,232.715
5.2,230.631,232.232
5.21,232.33,231.15
5.22,234.691,228.96
5.23,231.261,232.204
5.24,231.049,228.01
5.25,228.046,226.067
5.26,229.526,225.579
5.27,226.621,231.758
5.28,236.3,230.778
5.29,233.37,231.167
5.3,236.725,228.253
5.31,236.057,231.888
5.32,232.376,231.245
5.33,235.839,231.143
5.34,235.234,232.048
5.35,234.617,230.137
5.36,236.019,232.99
5.37,233.666,231.013
5.38,237.392,232.28
5.39,236.281,228.704
5.4,234.214,231.231
5.41,234.348,230.386
5.42,235.564,228.748
5.43,233.903,231.083
5.44,236.605,237.163
5.45,232.836,232.831
5.46,232.516,231.553
5.47,234.955,230.675
5.48,233.792,237.05
5.49,235.964,231.807
5.5,235.121,230.898
5.51,240.534,232.065
5.52,235.249,231.687
5.53,231.892,236.185
5.54,236.548,233.198
5.55,233.932,234.297
5.56,236.181,237.408
5.57,234.067,231.707
5.58,236.895,236.419
5.59,238.534,236.977
5.6,236.098,236.013
5.61,235.924,235.192
5.62,238.164,238.0
5.63,229.895,237.417
5.64,233.527,238.237
5.65,232.843,235.668
5.66,235.13,238.099
5.67,234.116,233.203
5.68,233.437,237.364
5.69,233.84,234.875
5.7,234.777,233.699
5.71,234.241,235.585
5.72,233.318,233.532
5.73,235.143,230.592
5.74,232.169,230.783
5.75,238.641,233.359
5.76,236.185,237.086
5.77,238.042,235.002
5.78,237.09,232.681
5.79,235.934,232.85
5.8,235.851,233.367
5.81,237.239,235.971
5.82,236.04,232.132
5.83,237.052,234.087
5.84,235.301,233.8
5.85,237.742,232.753
5.86,236.257,231.461
5.87,233.805,232.546
5.88,235.912,233.73
5.89,236.481,235.386
5.9,235.065,234.577
5.91,232.417,232.305
5.92,227.355,232.009
5.93,233.906,234.058
5.94,233.981,228.551
5.95,233.941,231.694
5.96,234.943,230.546
5.97,235.598,231.924
5.98,228.864,234.042
5.99,230.922,231.66
6.0,229.697,235.848
6.01,232.968,233.361
6.02,232.496,233.347
6.03,233.989,231.553
6.04,235.34,230.953
6.05,235.932,230.044
6.06,231.225,233.029
6.07,233.042,231.241
6.08,236.207,233.184
6.09,233.01,233.427
6.1,233.372,233.796
6.11,233.802,232.057
6.12,231.43,229.201
6.13,233.468,231.387
6.14,235.593,233.16
6.15,238.329,232.563
6.16,238.94,235.476
6.17,239.719,230.065
6.18,235.328,229.652
6.19,235.414,232.404
6.2,236.075,232.601
6.21,237.63,232.273
6.22,232.879,234.344
6.23,236.437,234.489
6.24,235.808,235.83
6.25,233.65,233.331
6.26,237.017,231.909
6.27,234.876,230.58
6.28,234.173,233.85
6.29,229.433,234.026
6.3,231.126,232.166
6.31,236.151,233.286
6.32,233.447,233.687
6.33,234.326,232.451
6.34,236.046,230.375
6.35,237.461,233.854
6.36,238.428,231.74
6.37,238.142,232.774
6.38,233.23,233.214
6.39,234.344,235.616
6.4,237.646,231.839
6.41,236.954,233.455
6.42,240.128,230.969
6.43,239.185,232.426
6.44,239.819,229.913
6.45,237.063,231.156
6.46,237.202,233.783
6.47,232.912,228.837
6.48,235.188,228.603
6.49,238.892,232.746
6.5,232.364,229.824
6.51,238.255,231.617
6.52,240.427,230.615
6.53,238.244,233.341
6.54,238.096,226.803
6.55,236.135,232.382
6.56,234.572,230.923
6.57,235.084,234.95
6.58,235.662,231.814
6.59,237.18,227.508
6.6,233.883,230.935
6.61,240.138,228.219
6.62,230.382,230.491
6.63,234.934,230.92
6.64,232.553,234.46
6.65,235.286,235.32
6.66,233.491,232.405
6.67,235.926,235.441
6.68,236.9,231.042
6.69,236.709,231.166
6.7,236.435,231.727
6.71,232.007,231.979
6.72,235.778,232.233
6.73,233.251,235.362
6.74,234.561,231.384
6.75,232.534,235.055
6.76,235.691,233.53
6.77,234.187,232.394
6.78,234.483,232.628
6.79,234.03,235.216
6.8,234.892,231.879
6.81,238.055,233.989
6.82,235.006,236.922
6.83,234.321,234.622
6.84,232.867,232.709
6.85,241.218,235.221
6.86,233.788,233.329
6.87,232.28,235.522
6.88,232.236,236.171
6.89,232.663,233.366
6.9,231.402,233.22
6.91,235.634,231.73
6.92,239.049,231.004
6.93,232.184,233.897
6.94,232.687,233.918
6.95,233.251,236.619
6.96,233.999,235.775
6.97,233.577,232.583
6.98,229.366,233.709
6.99,232.512,236.663
7.0,231.389,236.629
7.01,234.518,238.263
7.02,229.421,235.543
7.03,234.483,237.011
7.04,231.731,237.704
7.05,233.343,237.009
7.06,235.249,236.787
7.07,237.17,236.681
7.08,235.146,235.841
7.09,233.795,237.624
7.1,234.698,235.49
7.11,235.668,237.408
7.12,234.357,237.447
7.13,235.476,238.98
7.14,235.185,237.566
7.15,237.981,236.991
7.16,235.417,233.323
7.17,234.073,236.157
7.18,233.303,234.85
7.19,234.533,238.066
7.2,236.853,235.805
7.21,235.687,233.066
7.22,232.456,236.599
7.23,238.283,234.658
7.24,234.292,235.931
7.25,234.381,238.014
7.26,229.922,237.949
7.27,234.529,237.8
7.28,234.944,238.173
7.29,233.804,236.922
7.3,235.033,233.843
7.31,234.944,234.82
7.32,233.861,237.094
7.33,232.613,233.932
7.34,232.413,238.338
7.35,228.983,241.339
7.36,233.031,236.983
7.37,233.448,234.99
7.38,232.909,235.503
7.39,235.327,235.894
7.4,237.324,233.762
7.41,233.038,236.272
7.42,235.716,236.078
7.43,232.671,233.993
7.44,232.958,239.205
7.45,238.052,237.594
7.46,234.529,238.334
7.47,233.211,235.023
7.48,232.658,232.612
7.49,233.483,234.311
7.5,238.171,233.681
7.51,236.498,236.122
7.52,234.563,231.47
7.53,235.505,233.857
7.54,231.438,236.773
7.55,230.198,231.885
7.56,233.08,233.921
7.57,233.863,237.808
7.58,235.301,240.447
7.59,233.755,237.795
7.6,234.581,238.606
7.61,232.68,235.708
7.62,230.732,232.652
7.63,234.106,238.463
7.64,230.867,235.919
7.65,234.62,238.999
7.66,235.119,236.283
7.67,233.486,233.211
7.68,229.638,237.482
7.69,228.259,234.995
7.7,230.016,232.077
7.71,230.144,233.693
7.72,234.56,233.43
7.73,235.864,232.959
7.74,235.549,236.059
7.75,235.563,235.756
7.76,236.868,233.165
7.77,236.078,233.753
7.78,238.924,234.925
7.79,235.239,235.013
7.8,234.881,235.935
7.81,235.85,234.381
7.82,236.217,234.737
7.83,235.496,235.64
7.84,234.766,240.569
7.85,232.348,237.82
7.86,233.277,234.846
7.87,233.83,231.927
7.88,232.635,230.662
7.89,235.161,235.094
7.9,234.365,233.777
7.91,233.925,230.73
7.92,234.551,233.434
7.93,235.491,234.222
7.94,234.465,232.187
7.95,237.005,228.634
7.96,233.951,230.316
7.97,235.26,229.714
7.98,231.771,233.196
7.99,234.686,233.157
8.0,229.911,231.172
8.01,231.408,235.431
8.02,234.746,232.29
8.03,238.472,232.492
8.04,236.573,233.498
8.05,235.039,232.571
8.06,231.085,231.844
8.07,234.92,235.088
8.08,231.772,231.481
8.09,235.09,231.618
8.1,233.827,233.556
8.11,227.939,231.155
8.12,229.434,232.893
8.13,232.001,233.636
8.14,225.903,233.024
8.15,231.572,234.534
8.16,232.219,234.714
8.17,230.234,236.354
8.18,235.66,232.593
8.19,230.101,233.742
8.2,230.022,232.801
8.21,227.602,234.837
8.22,233.27,232.355
8.23,232.674,231.507
8.24,230.272,232.055
8.25,229.977,231.465
8.26,232.063,231.231
8.27,233.68,232.074
8.28,231.861,230.709
8.29,232.547,232.097
8.3,231.409,231.038
8.31,234.192,231.402
8.32,234.533,227.724
8.33,231.548,233.351
8.34,233.68,231.188
8.35,232.923,233.84
8.36,230.759,237.213
8.37,230.989,234.909
8.38,235.61,233.702
8.39,233.326,236.53
8.4,234.104,236.045
8.41,234.028,236.153
8.42,234.254,237.585
8.43,232.394,235.014
8.44,234.08,234.586
8.45,234.653,237.003
8.46,236.102,237.069
8.47,232.455,233.549
8.48,235.082,235.076
8.49,234.558,236.401
8.5,232.548,232.103
8.51,232.455,235.13
8.52,232.019,236.847
8.53,230.057,237.467
8.54,235.805,232.243
8.55,233.654,234.339
8.56,231.004,236.175
8.57,227.814,236.586
8.58,230.454,233.369
8.59,230.487,235.389
8.6,228.385,234.036
8.61,231.553,233.919
8.62,231.782,234.693
8.63,234.225,235.29
8.64,234.598,234.247
8.65,229.492,234.559
8.66,231.926,237.129
8.67,231.968,236.662
8.68,235.536,238.009
8.69,229.554,237.635
8.7,232.822,233.053
8.71,235.485,234.9
8.72,233.428,236.11
8.73,231.387,236.385
8.74,234.367,232.249
8.75,231.821,233.836
8.76,230.187,233.606
8.77,233.347,234.402
8.78,229.208,238.03
8.79,233.803,233.484
8.8,232.184,234.375
8.81,233.095,230.544
8.82,236.591,233.175
8.83,236.84,234.28
8.84,233.187,235.177
8.85,235.836,232.857
8.86,232.577,235.691
8.87,233.392,234.788
8.88,232.807,234.331
8.89,234.217,231.75
8.9,233.171,232.115
8.91,233.145,231.023
8.92,237.084,237.155
8.93,234.615,235.713
8.94,233.046,234.352
8.95,232.019,233.95
8.96,230.69,231.273
8.97,231.346,236.105
8.98,230.535,232.08
8.99,233.456,233.309
9.0,233.28,232.897
9.01,232.892,228.304
9.02,236.6,230.18
9.03,233.55,232.39
9.04,231.673,231.18
9.05,232.803,235.651
9.06,230.286,231.656
9.07,235.894,227.688
9.08,234.775,231.995
9.09,233.822,230.537
9.1,233.725,232.506
9.11,231.204,233.282
9.12,233.986,233.142
9.13,231.965,231.185
9.14,234.017,230.656
9.15,233.298,232.089
9.16,237.554,230.544
9.17,236.157,229.679
9.18,234.347,227.99
9.19,230.288,229.557
9.2,233.928,227.922
9.21,233.163,233.181
9.22,234.11,230.854
9.23,233.942,234.895
9.24,234.453,232.939
9.25,232.757,233.781
9.26,231.798,232.078
9.27,232.724,233.002
9.28,234.546,230.59
9.29,235.062,230.698
9.3,232.059,233.772
9.31,234.287,232.872
9.32,231.38,232.184
9.33,233.519,229.432
9.34,233.029,227.907
9.35,236.578,228.612
9.36,235.753,232.759
9.37,236.065,228.728
9.38,235.469,227.776
9.39,231.41,230.094
9.4,233.7,229.927
9.41,233.366,227.996
9.42,234.135,231.391
9.43,230.873,228.859
9.44,236.787,231.086
9.45,231.144,231.86
9.46,235.443,228.838
9.47,231.01,230.619
9.48,235.358,230.293
9.49,233.36,231.425
9.5,234.408,231.293
9.51,229.321,227.841
9.52,234.667,226.607
9.53,232.679,225.816
9.54,234.399,231.149
9.55,233.699,228.228
9.56,232.718,232.497
9.57,229.356,230.583
9.58,232.683,231.014
9.59,232.394,232.107
9.6,229.939,231.924
9.61,228.497,229.392
9.62,229.224,229.398
9.63,231.086,230.044
9.64,228.198,230.316
9.65,230.642,227.914
9.66,228.367,227.034
9.67,228.289,231.376
9.68,232.636,228.189
9.69,231.861,229.852
9.7,231.678,224.783
9.71,230.912,229.551
9.72,230.054,224.823
9.73,232.373,228.395
9.74,229.769,228.738
9.75,232.164,227.028
9.76,233.503,227.876
9.77,231.454,228.54
9.78,231.849,229.658
9.79,234.578,231.685
9.8,233.747,228.635
9.81,234.011,233.002
9.82,236.077,226.954
9.83,232.206,233.563
9.84,233.545,233.151
9.85,232.279,235.798
9.86,230.902,235.017
9.87,231.84,233.027
9.88,229.213,229.632
9.89,230.589,228.542
9.9,229.676,226.012
9.91,229.389,225.899
9.92,228.598,230.724
9.93,230.293,231.511
9.94,232.157,230.95
9.95,231.883,231.066
9.96,232.347,226.656
9.97,228.93,225.552
9.98,229.486,231.509
9.99,227.816,229.17
10.0,227.605,228.047
10.01,227.45,227.265
10.02,230.622,228.483
10.03,228.782,226.457
10.04,228.674,226.319
10.05,227.735,226.227
10.06,228.609,226.558
10.07,227.354,230.971
10.08,228.323,229.79
10.09,226.633,229.469
10.1,226.94,233.206
10.11,228.822,232.866
10.12,230.865,228.0
10.13,228.689,231.639
10.14,231.466,227.169
10.15,228.256,226.225
10.16,228.718,227.968
10.17,228.194,228.197
10.18,227.87,231.164
10.19,230.437,227.836
10.2,230.781,230.142
10.21,226.43,228.355
10.22,228.34,228.359
10.23,230.92,228.89
10.24,225.05,232.736
10.25,225.516,228.848
10.26,227.132,230.597
10.27,225.785,231.884
10.28,227.172,231.663
10.29,229.528,229.086
10.3,227.176,232.201
10.31,231.272,230.987
10.32,225.592,229.91
10.33,227.677,231.161
10.34,230.404,229.151
10.35,227.01,232.489
10.36,228.926,232.014
10.37,228.887,230.779
10.38,226.244,232.392
10.39,226.397,229.386
10.4,226.583,228.742
10.41,227.574,228.433
10.42,224.878,226.981
10.43,227.318,229.079
10.44,227.942,228.186
10.45,230.839,230.042
10.46,228.892,228.746
10.47,227.209,229.564
10.48,228.754,231.165
10.49,227.871,229.817
10.5,226.693,230.599
10.51,225.423,225.067
10.52,227.074,228.182
10.53,229.072,231.762
10.54,226.867,224.677
10.55,230.472,225.624
10.56,227.123,226.648
10.57,226.348,233.285
10.58,226.169,230.189
10.59,226.918,230.24
10.6,227.527,230.497
10.61,230.706,231.428
10.62,231.415,232.049
10.63,230.576,230.501
10.64,229.979,232.913
10.65,230.3,233.55
10.66,228.166,230.386
10.67,226.831,231.562
10.68,224.862,233.713
10.69,226.001,230.342
10.7,221.835,229.966
10.71,221.71,230.107
10.72,224.506,232.496
10.73,224.458,232.466
10.74,225.226,230.634
10.75,227.08,233.507
10.76,227.199,231.928
10.77,228.082,234.326
10.78,225.572,233.006
10.79,227.539,230.521
10.8,230.184,231.306
10.81,227.187,234.464
10.82,223.299,233.443
10.83,223.449,233.597
10.84,223.806,236.052
10.85,227.169,238.451
10.86,224.822,235.185
10.87,225.322,237.692
10.88,226.668,229.51
10.89,225.487,234.619
10.9,227.51,230.706
10.91,227.669,230.618
10.92,224.308,231.297
10.93,222.736,232.366
10.94,223.707,232.278
10.95,223.315,231.12
10.96,222.727,233.927
10.97,222.348,229.761
10.98,224.168,233.463
10.99,227.381,236.862
11.0,226.964,234.735
11.01,225.612,232.485
11.02,226.921,234.716
11.03,223.436,234.787
11.04,224.935,235.283
11.05,221.925,234.893
11.06,223.666,234.614
11.07,224.997,234.025
11.08,225.235,233.963
11.09,228.059,231.488
11.1,227.176,233.364
11.11,224.876,231.089
11.12,227.773,232.652
11.13,225.358,234.843
11.14,223.015,231.862
11.15,228.828,231.041
11.16,226.536,229.15
11.17,228.976,228.218
11.18,226.001,234.295
11.19,227.438,234.042
11.2,227.532,233.781
11.21,227.514,234.045
11.22,231.334,235.001
11.23,224.564,236.185
11.24,230.444,235.716
11.25,227.213,231.977
11.26,230.357,236.407
11.27,227.059,231.24
11.28,227.271,235.746
11.29,228.875,233.726
11.3,225.773,233.769
11.31,229.105,233.924
11.32,227.228,232.329
11.33,227.999,234.848
11.34,226.23,233.293
11.35,227.923,230.993
11.36,229.195,231.902
11.37,231.717,231.284
11.38,230.368,229.688
11.39,234.287,231.28
11.4,233.675,230.19
11.41,229.93,236.663
11.42,232.614,231.409
11.43,231.78,225.72
11.44,230.391,226.304
11.45,230.444,230.341
11.46,232.14,226.334
11.47,232.08,226.981
11.48,233.15,232.051
11.49,232.31,230.482
11.5,232.527,230.69
11.51,231.567,231.723
11.52,230.347,232.642
11.53,228.747,232.094
11.54,226.826,234.188
11.55,229.493,234.665
11.56,228.643,229.274
11.57,226.282,229.054
11.58,228.699,231.115
11.59,229.394,230.354
11.6,229.89,227.665
11.61,228.845,231.718
11.62,232.447,229.307
11.63,234.771,231.866
11.64,232.291,231.336
11.65,228.46,227.598
11.66,232.031,226.953
11.67,229.821,227.666
11.68,230.935,231.565
11.69,232.985,230.021
11.7,232.68,230.737
11.71,229.605,230.075
11.72,229.3,227.943
11.73,232.992,231.894
11.74,230.143,228.455
11.75,230.661,227.143
11.76,231.308,225.175
11.77,229.627,230.321
11.78,230.074,227.037
11.79,227.883,228.496
11.8,228.439,229.882
11.81,228.886,229.13
11.82,225.445,230.116
11.83,227.377,233.104
11.84,228.471,231.919
11.85,226.161,230.424
11.86,226.195,229.879
11.87,225.312,230.158
11.88,229.286,229.255
11.89,228.857,233.151
11.9,228.505,230.875
11.91,229.009,233.606
11.92,230.454,229.203
11.93,233.082,232.806
11.94,232.362,231.032
11.95,228.972,230.046
11.96,232.072,234.106
11.97,230.122,229.801
11.98,231.546,232.035
11.99,228.844,234.101
12.0,231.011,229.644
12.01,231.013,231.762
12.02,231.256,230.017
12.03,231.678,228.605
12.04,229.082,231.565
12.05,231.642,229.567
12.06,229.696,231.402
12.07,231.779,229.838
12.08,232.551,230.581
12.09,232.203,229.788
12.1,232.548,230.989
12.11,231.542,229.785
12.12,231.594,230.969
12.13,228.733,229.518
12.14,231.807,230.407
12.15,233.116,231.793
12.16,232.165,233.485
12.17,233.885,231.634
12.18,235.024,230.83
12.19,231.774,231.565
12.2,232.971,234.747
12.21,234.291,232.89
12.22,232.831,233.352
12.23,230.539,231.464
12.24,230.179,229.195
12.25,230.62,232.789
12.26,231.265,228.798
12.27,231.076,232.439
12.28,230.569,232.576
12.29,232.021,228.664
12.3,229.381,229.214
12.31,230.747,231.476
12.32,230.142,228.892
12.33,229.927,233.732
12.34,232.505,228.325
12.35,232.867,229.047
12.36,228.134,229.329
12.37,228.462,231.258
12.38,231.519,230.54
12.39,225.975,227.963
12.4,227.437,225.004
12.41,229.834,227.891
12.42,227.222,227.982
12.43,226.84,225.974
12.44,228.086,226.944
12.45,226.999,227.556
12.46,229.909,227.983
12.47,228.069,231.322
12.48,230.189,228.468
12.49,228.791,226.482
12.5,229.429,228.565
12.51,229.067,229.8
12.52,233.122,230.797
12.53,234.906,231.473
12.54,232.125,231.048
12.55,232.671,231.644
12.56,230.788,232.192
12.57,230.042,228.636
12.58,231.172,230.478
12.59,231.392,227.828
12.6,231.374,230.0
12.61,232.045,232.331
12.62,230.263,231.815
12.63,231.247,230.863
12.64,233.338,232.687
12.65,231.009,234.719
12.66,233.253,234.066
12.67,230.483,235.32
12.68,230.264,232.028
12.69,231.198,231.606
12.7,227.251,230.989
12.71,230.942,230.133
12.72,230.909,226.235
12.73,230.635,234.925
12.74,228.881,231.162
12.75,233.28,227.842
12.76,230.22,226.893
12.77,226.999,230.959
12.78,231.846,232.401
12.79,226.719,232.631
12.8,228.371,233.24
12.81,230.666,233.853
12.82,229.105,232.083
12.83,224.734,231.403
12.84,228.815,234.615
12.85,230.085,234.549
12.86,228.665,231.977
12.87,229.752,236.755
12.88,226.482,234.271
12.89,227.659,233.602
12.9,228.003,233.774
12.91,228.108,238.034
12.92,229.614,236.044
12.93,230.018,236.375
12.94,230.538,236.255
12.95,228.852,232.908
12.96,228.993,233.298
12.97,226.144,234.255
12.98,230.329,232.292
12.99,228.155,234.222
13.0,228.066,231.061
13.01,226.327,232.781
13.02,233.037,232.292
13.03,232.834,231.471
13.04,227.481,232.724
13.05,229.58,233.114
13.06,228.542,235.491
13.07,230.028,230.555
13.08,231.26,234.135
13.09,231.771,234.01
13.1,232.379,231.73
13.11,229.591,232.898
13.12,233.682,234.593
13.13,235.297,236.977
13.14,232.838,238.069
13.15,232.184,236.22
13.16,232.873,235.574
13.17,230.272,236.685
13.18,227.032,236.361
13.19,230.184,233.98
13.2,230.65,235.48
13.21,228.969,233.441
13.22,232.092,231.389
13.23,228.453,233.229
13.24,226.85,229.458
13.25,229.62,231.325
13.26,229.359,232.189
13.27,235.725,226.109
13.28,234.748,228.899
13.29,231.224,231.535
13.3,229.746,229.877
13.31,235.584,232.225
13.32,228.531,230.535
13.33,230.716,234.568
13.34,232.312,233.511
13.35,229.552,233.76
13.36,231.611,233.102
13.37,232.326,233.502
13.38,232.255,235.415
13.39,233.141,234.824
13.4,232.11,229.002
13.41,230.26,233.479
13.42,230.335,231.577
13.43,230.5,228.775
13.44,232.641,230.069
13.45,232.998,227.17
13.46,228.211,230.309
13.47,233.938,231.238
13.48,230.31,227.712
13.49,234.741,227.804
13.5,227.23,234.091
13.51,230.069,230.424
13.52,230.411,226.851
13.53,234.69,229.723
13.54,232.027,228.038
13.55,232.763,226.815
13.56,231.764,228.942
13.57,235.683,228.96
13.58,232.687,232.565
13.59,234.193,232.316
13.6,232.476,233.473
13.61,232.261,233.159
13.62,235.751,229.558
13.63,233.344,230.773
13.64,233.041,232.208
13.65,237.398,228.969
13.66,233.67,231.424
13.67,234.535,231.488
13.68,235.215,229.234
13.69,234.684,230.979
13.7,232.363,231.064
13.71,236.212,231.844
13.72,236.984,228.731
13.73,234.686,229.094
13.74,234.425,224.249
13.75,236.476,226.659
13.76,234.374,225.146
13.77,230.833,227.937
13.78,232.27,226.678
13.79,238.39,228.645
13.8,234.591,229.351
13.81,232.35,227.557
13.82,233.143,226.617
13.83,235.719,229.067
13.84,232.855,230.764
13.85,235.824,228.267
13.86,231.771,234.592
13.87,232.27,233.173
13.88,230.408,229.163
13.89,234.891,227.352
13.9,233.612,229.606
13.91,231.749,230.531
13.92,232.997,228.967
13.93,231.325,231.027
13.94,234.415,226.874
13.95,234.33,230.956
13.96,233.672,230.409
13.97,233.347,231.885
13.98,235.703,229.322
13.99,235.879,231.363
14.0,237.229,231.839
14.01,234.577,227.076
14.02,233.977,231.522
14.03,234.19,231.469
14.04,235.366,229.416
14.05,230.373,230.447
14.06,233.756,229.106
14.07,231.684,230.699
14.08,234.428,229.793
14.09,232.029,231.605
14.1,235.919,233.806
14.11,234.904,232.018
14.12,236.287,234.967
14.13,233.23,232.468
14.14,235.106,235.331
14.15,233.948,231.995
14.16,236.136,234.741
14.17,232.674,231.276
14.18,235.514,229.433
14.19,235.037,229.436
14.2,235.852,228.784
14.21,235.247,230.885
14.22,235.729,231.223
14.23,232.617,230.507
14.24,236.862,237.671
14.25,232.85,233.724
14.26,236.243,233.653
14.27,237.497,233.325
14.28,240.067,233.726
14.29,238.608,233.771
14.3,237.981,233.2
14.31,234.522,234.248
14.32,235.288,231.537
14.33,234.474,231.998
14.34,237.19,234.06
14.35,237.696,232.29
14.36,235.55,233.687
14.37,237.575,231.641
14.38,238.991,231.668
14.39,239.436,230.696
14.4,236.232,231.155
14.41,234.72,229.764
14.42,237.55,231.786
14.43,233.862,226.824
14.44,233.15,227.959
14.45,234.347,226.159
14.46,236.746,229.569
14.47,235.108,228.957
14.48,232.513,230.618
14.49,232.109,228.785
14.5,231.581,230.563
14.51,237.183,228.159
14.52,234.61,233.026
14.53,233.487,228.289
14.54,235.784,225.787
14.55,234.348,226.247
14.56,235.579,226.944
14.57,234.262,227.134
14.58,236.115,230.344
14.59,235.425,228.898
14.6,236.461,228.901
14.61,235.267,229.094
14.62,233.567,235.344
14.63,233.067,230.793
14.64,232.248,229.427
14.65,230.961,228.662
14.66,232.368,229.561
14.67,234.249,226.658
14.68,232.279,230.513
14.69,232.662,229.341
14.7,231.409,230.098
14.71,233.187,226.399
14.72,230.873,227.385
14.73,233.545,230.568
14.74,231.877,229.828
14.75,228.856,229.132
14.76,231.066,227.651
14.77,231.5,232.007
14.78,229.158,232.555
14.79,230.849,232.243
14.8,235.225,232.326
14.81,232.561,232.344
14.82,233.774,234.878
14.83,232.102,232.667
14.84,232.859,235.115
14.85,236.38,232.147
14.86,231.461,231.751
14.87,233.192,233.763
14.88,233.007,232.654
14.89,232.876,234.206
14.9,232.568,236.252
14.91,229.672,231.312
14.92,234.329,231.151
14.93,229.047,234.053
14.94,231.218,232.942
14.95,230.224,234.903
14.96,235.055,230.693
14.97,236.467,232.469
14.98,235.646,232.411
14.99,231.83,231.509
15.0,233.101,230.014
15.01,233.48,230.503
15.02,233.145,232.806
15.03,234.409,230.935
15.04,236.419,236.472
15.05,235.04,231.612
15.06,233.807,232.206
15.07,232.923,234.617
15.08,234.869,235.179
15.09,232.361,231.946
15.1,233.041,230.484
15.11,233.892,232.12
15.12,234.678,231.955
15.13,235.146,233.69
15.14,236.622,230.349
15.15,234.32,229.839
15.16,235.95,228.819
15.17,238.416,231.103
15.18,239.134,228.707
15.19,236.495,228.871
15.2,236.787,228.56
15.21,237.241,226.731
15.22,237.729,228.639
15.23,239.604,227.697
15.24,234.987,228.321
15.25,234.619,228.725
15.26,236.621,225.324
15.27,234.771,229.32
15.28,236.971,228.571
15.29,233.013,231.84
15.3,236.948,229.524
15.31,235.348,231.876
15.32,235.641,229.358
15.33,230.559,228.702
15.34,230.567,227.887
15.35,235.651,226.984
15.36,231.956,230.493
15.37,232.459,228.633
15.38,232.58,228.639
15.39,231.842,227.652
15.4,235.618,231.111
15.41,231.383,231.523
15.42,232.278,231.516
15.43,235.607,229.854
15.44,232.335,232.859
15.45,234.693,227.667
15.46,239.081,228.604
15.47,237.092,228.941
15.48,236.383,231.935
15.49,235.065,229.551
15.5,235.248,228.801
15.51,235.811,230.261
15.52,236.93,233.133
15.53,234.281,231.434
15.54,237.936,230.533
15.55,233.394,233.289
15.56,237.864,235.127
15.57,239.438,234.777
15.58,237.772,232.358
15.59,235.015,232.598
15.6,236.879,230.7
15.61,237.866,232.462
15.62,237.416,232.93
15.63,238.069,229.424
15.64,238.938,229.801
15.65,237.576,233.023
15.66,235.694,231.341
15.67,234.426,233.878
15.68,236.058,228.156
15.69,234.784,229.628
15.7,233.604,232.484
15.71,237.227,230.197
15.72,233.303,228.691
15.73,236.838,229.007
15.74,238.062,228.13
15.75,236.226,227.689
15.76,240.181,227.828
15.77,241.573,228.431
15.78,239.368,231.951
15.79,240.826,229.822
15.8,241.455,233.029
15.81,239.131,232.205
15.82,238.946,234.595
15.83,235.655,235.027
15.84,237.106,233.345
15.85,236.578,236.665
15.86,235.365,234.689
15.87,239.63,237.621
15.88,238.4,235.397
15.89,235.928,238.992
15.9,237.628,230.716
15.91,232.203,233.04
15.92,236.571,234.781
15.93,234.005,234.067
15.94,234.056,232.462
15.95,231.318,233.15
15.96,235.988,236.495
15.97,237.446,236.217
15.98,235.878,236.706
15.99,233.141,233.931
16.0,236.807,234.474
16.01,236.678,235.192
16.02,237.099,233.289
16.03,238.148,235.055
16.04,236.935,234.527
16.05,233.087,236.533
16.06,236.328,229.094
16.07,230.012,236.946
16.08,235.745,236.661
16.09,232.553,232.998
16.1,230.805,235.332
16.11,232.124,232.91
16.12,232.571,235.022
16.13,232.67,233.677
16.14,232.781,238.432
16.15,233.559,232.495
16.16,232.285,235.092
16.17,233.311,236.712
16.18,235.234,230.276
16.19,232.414,232.642
16.2,232.816,233.119
16.21,232.161,231.322
16.22,231.642,235.794
16.23,232.145,229.013
16.24,234.153,233.833
16.25,230.827,236.191
16.26,230.718,234.36
16.27,229.258,233.914
16.28,230.66,234.089
16.29,230.251,234.056
16.3,230.196,230.401
16.31,233.373,228.79
16.32,233.358,229.383
16.33,232.652,231.781
16.34,229.65,230.842
16.35,231.841,229.965
16.36,231.511,232.984
16.37,232.265,230.329
16.38,234.347,232.881
16.39,236.144,232.642
16.4,236.583,231.384
16.41,234.252,235.042
16.42,231.092,236.026
16.43,230.542,233.79
16.44,232.016,235.462
16.45,232.425,234.987
16.46,232.621,232.623
16.47,231.908,236.636
16.48,231.986,235.812
16.49,231.144,237.695
16.5,232.526,236.976
16.51,231.724,237.591
16.52,233.101,237.02
16.53,233.893,240.171
16.54,232.308,237.412
16.55,231.962,234.614
16.56,234.106,237.788
16.57,238.498,238.46
16.58,232.287,235.858
16.59,231.632,236.405
16.6,232.708,239.963
16.61,234.718,235.001
16.62,234.199,237.198
16.63,234.122,239.007
16.64,232.721,239.864
16.65,234.459,236.588
16.66,237.488,234.62
16.67,235.682,229.843
16.68,235.577,235.453
16.69,235.981,230.325
16.7,235.265,232.559
16.71,234.22,235.584
16.72,234.209,235.891
16.73,231.104,235.026
16.74,235.633,235.047
16.75,234.535,238.501
16.76,237.356,237.331
16.77,234.775,235.103
16.78,237.26,232.919
16.79,233.008,234.178
16.8,234.054,232.471
16.81,237.701,235.268
16.82,235.879,231.449
16.83,234.74,236.153
16.84,232.192,230.389
16.85,235.268,232.783
16.86,232.351,235.217
16.87,231.577,234.649
16.88,231.791,233.136
16.89,236.658,235.925
16.9,231.548,232.86
16.91,230.976,240.096
16.92,231.736,235.484
16.93,233.282,235.788
16.94,233.045,233.994
16.95,237.512,234.291
16.96,234.501,234.07
16.97,233.313,229.679
16.98,234.478,235.967
16.99,233.302,234.846
17.0,235.794,238.923
17.01,236.501,236.916
17.02,231.869,237.489
17.03,234.013,233.428
17.04,233.773,235.403
17.05,234.276,235.674
17.06,232.677,235.817
17.07,233.673,236.951
17.08,235.371,239.753
17.09,236.553,238.574
17.1,234.878,234.597
17.11,234.996,235.968
17.12,235.054,235.198
17.13,233.947,235.925
17.14,239.605,235.172
17.15,234.85,236.607
17.16,235.751,241.136
17.17,235.967,237.444
17.18,235.21,236.014
17.19,236.698,236.943
17.2,235.904,238.611
17.21,238.545,239.929
17.22,238.614,238.838
17.23,234.84,238.218
17.24,232.032,241.266
17.25,233.04,239.596
17.26,232.994,237.385
17.27,235.745,239.227
17.28,235.225,239.232
17.29,235.346,237.276
17.3,235.035,235.73
17.31,235.62,239.968
17.32,231.859,239.031
17.33,235.796,235.075
17.34,237.809,233.138
17.35,237.11,233.904
17.36,236.504,235.674
17.37,235.62,234.57
17.38,235.757,236.843
17.39,237.441,235.783
17.4,235.026,237.112
17.41,234.377,236.256
17.42,232.55,239.873
17.43,234.072,232.184
17.44,233.383,239.973
17.45,233.537,233.031
17.46,233.184,230.683
17.47,230.379,234.657
17.48,234.186,237.335
17.49,229.953,237.115
17.5,228.451,237.99
17.51,229.739,239.147
17.52,234.396,234.402
17.53,231.584,240.881
17.54,228.005,241.346
17.55,229.505,242.328
17.56,231.131,238.963
17.57,234.204,241.422
17.58,234.822,240.818
17.59,231.554,238.231
17.6,234.612,236.565
17.61,230.099,243.053
17.62,232.091,238.077
17.63,232.061,243.807
17.64,232.34,236.977
17.65,232.896,241.208
17.66,234.761,237.743
17.67,232.503,235.338
17.68,230.249,238.084
17.69,228.156,236.04
17.7,230.051,237.782
17.71,229.582,233.904
17.72,230.331,234.265
17.73,231.533,235.583
17.74,228.633,236.308
17.75,229.048,239.429
17.76,231.194,235.476
17.77,231.154,234.519
17.78,231.252,235.789
17.79,228.504,236.786
17.8,235.045,237.212
17.81,230.841,234.549
17.82,231.438,236.671
17.83,232.614,236.445
17.84,228.198,237.31
17.85,231.486,234.453
17.86,230.95,241.124
17.87,227.623,237.38
17.88,230.683,237.685
17.89,233.359,236.476
17.9,232.946,234.098
17.91,233.398,240.011
17.92,231.032,235.836
17.93,232.25,237.462
17.94,229.268,233.507
17.95,231.888,235.01
17.96,231.252,235.25
17.97,232.405,239.209
17.98,229.19,238.709
17.99,231.606,239.175
18.0,233.225,233.025
18.01,227.363,239.925
18.02,230.56,237.269
18.03,226.636,239.451
18.04,230.084,236.419
18.05,233.619,235.248
18.06,231.75,236.88
18.07,228.378,237.399
18.08,227.692,235.801
18.09,231.134,236.292
18.1,228.949,237.401
18.11,232.097,238.696
18.12,230.338,238.854
18.13,228.469,235.168
18.14,229.584,235.61
18.15,226.509,237.414
18.16,230.34,237.27
18.17,231.16,240.555
18.18,230.126,237.068
18.19,232.277,234.842
18.2,231.385,237.037
18.21,230.43,235.997
18.22,235.16,238.011
18.23,228.812,235.873
18.24,233.449,233.906
18.25,235.653,238.311
18.26,232.522,233.151
18.27,229.78,235.772
18.28,230.705,234.798
18.29,235.662,238.251
18.3,234.419,235.735
18.31,227.641,234.509
18.32,231.621,234.424
18.33,230.617,234.576
18.34,232.856,236.186
18.35,228.305,235.971
18.36,230.851,236.036
18.37,233.946,233.145
18.38,234.016,235.046
18.39,230.222,236.397
18.4,231.805,234.415
18.41,234.699,236.834
18.42,234.008,231.355
18.43,232.477,233.371
18.44,232.107,236.216
18.45,229.944,235.366
18.46,232.586,236.366
18.47,233.197,237.143
18.48,232.674,236.977
18.49,231.703,238.851
18.5,232.707,237.597
18.51,229.996,237.099
18.52,233.185,240.33
18.53,231.766,234.938
18.54,233.127,234.715
18.55,229.575,237.58
18.56,234.161,236.042
18.57,234.471,232.752
18.58,234.245,237.344
18.59,235.033,235.713
18.6,231.417,238.961
18.61,231.081,238.875
18.62,234.417,235.86
18.63,230.865,235.541
18.64,232.494,235.885
18.65,233.408,235.08
18.66,229.417,237.275
18.67,234.531,238.147
18.68,233.902,235.842
18.69,233.172,238.367
18.7,231.115,237.338
18.71,229.131,239.42
18.72,231.75,238.511
18.73,228.018,235.935
18.74,231.858,237.875
18.75,232.074,236.911
18.76,230.842,236.444
18.77,230.761,238.397
18.78,231.12,236.987
18.79,230.808,232.545
18.8,233.308,235.778
18.81,229.373,232.854
18.82,231.163,235.583
18.83,231.195,237.045
18.84,231.267,233.467
18.85,229.077,233.835
18.86,229.987,234.431
18.87,230.148,234.788
18.88,232.703,234.715
18.89,233.891,233.205
18.9,235.243,233.728
18.91,234.904,231.323
18.92,230.459,237.348
18.93,231.691,231.263
18.94,237.081,235.658
18.95,231.715,234.537
18.96,231.212,232.84
18.97,230.969,235.185
18.98,232.751,233.46
18.99,233.881,236.662
19.0,229.608,233.849
19.01,231.682,233.883
19.02,231.442,235.867
19.03,233.047,233.139
19.04,235.393,236.933
19.05,231.573,238.885
19.06,232.909,234.67
19.07,232.221,235.076
19.08,232.085,237.226
19.09,233.928,239.547
19.1,230.332,233.762
19.11,233.372,231.885
19.12,234.092,234.33
19.13,234.858,235.162
19.14,232.953,235.95
19.15,238.516,236.023
19.16,234.718,233.422
19.17,239.687,235.443
19.18,238.41,234.684
19.19,236.57,234.872
19.2,234.753,235.534
19.21,236.085,235.755
19.22,236.28,238.451
19.23,241.999,238.485
19.24,237.319,236.708
19.25,240.055,238.521
19.26,236.767,240.962
19.27,238.555,239.746
19.28,234.02,239.623
19.29,237.645,238.119
19.3,236.422,236.586
19.31,236.614,239.261
19.32,234.627,232.752
19.33,237.018,242.34
19.34,234.847,236.64
19.35,235.003,236.507
19.36,233.937,234.994
19.37,237.905,234.203
19.38,239.627,236.893
19.39,238.559,238.665
19.4,235.151,238.227
19.41,237.924,237.168
19.42,238.108,236.148
19.43,236.399,233.093
19.44,234.372,236.636
19.45,237.71,236.944
19.46,239.195,239.922
19.47,237.138,238.767
19.48,236.975,238.67
19.49,234.851,237.698
19.5,231.116,238.64
19.51,234.893,236.581
19.52,233.565,234.774
19.53,236.315,234.522
19.54,233.901,238.122
19.55,235.631,236.729
19.56,233.996,234.805
19.57,237.203,232.662
19.58,233.993,235.257
19.59,234.118,238.857
19.6,238.516,232.125
19.61,235.837,235.344
19.62,234.259,235.405
19.63,235.229,234.191
19.64,236.497,236.608
19.65,235.181,237.435
19.66,231.23,233.14
19.67,232.686,237.462
19.68,235.993,230.276
19.69,236.411,234.842
19.7,235.496,232.646
19.71,230.915,229.469
19.72,229.377,233.155
19.73,230.251,231.263
19.74,234.028,229.197
19.75,232.907,232.047
19.76,231.88,230.816
19.77,231.176,232.605
19.78,232.446,231.166
19.79,235.619,234.418
19.8,233.136,233.057
19.81,234.464,231.802
19.82,237.136,234.471
19.83,236.518,230.506
19.84,238.347,236.725
19.85,237.874,237.442
19.86,233.466,230.067
19.87,237.373,229.948
19.88,233.897,235.423
19.89,232.45,234.384
19.9,234.179,234.521
19.91,232.59,236.013
19.92,231.46,233.783
19.93,234.467,229.514
19.94,234.495,233.522
19.95,233.083,228.831
19.96,235.778,234.008
19.97,235.955,232.868
19.98,238.358,231.395
19.99,237.767,231.178
20.0,236.634,232.493
20.01,231.985,234.737
20.02,236.185,236.417
20.03,233.607,231.756
20.04,232.507,236.874
20.05,233.237,237.737
20.06,230.752,234.106
20.07,232.667,228.586
20.08,232.069,231.971
20.09,234.303,234.525
20.1,233.481,230.045
20.11,232.202,236.298
20.12,230.625,229.755
20.13,233.261,233.508
20.14,228.514,229.753
20.15,233.745,233.927
20.16,230.47,231.931
20.17,227.607,230.729
20.18,228.456,231.096
20.19,229.785,232.205
20.2,229.817,227.418
20.21,229.049,230.368
20.22,231.984,227.531
20.23,232.155,231.76
20.24,228.062,233.057
20.25,230.796,231.24
20.26,228.976,230.696
20.27,231.736,230.404
20.28,229.746,230.231
20.29,229.952,230.558
20.3,226.148,227.741
20.31,228.802,227.055
20.32,227.813,230.727
20.33,230.225,235.944
20.34,230.95,230.854
20.35,229.289,233.231
20.36,230.909,232.64
20.37,229.809,232.127
20.38,229.834,236.003
20.39,229.18,231.272
20.4,233.076,233.923
20.41,228.551,231.019
20.42,225.212,227.744
20.43,228.811,228.923
20.44,228.14,226.066
20.45,225.462,229.295
20.46,224.472,228.11
20.47,228.474,231.777
20.48,228.365,229.573
20.49,226.323,229.879
20.5,224.77,231.045
20.51,226.827,230.725
20.52,225.457,230.162
20.53,225.158,228.065
20.54,230.315,231.248
20.55,227.477,232.696
20.56,226.688,232.108
20.57,230.426,229.519
20.58,229.196,227.645
20.59,229.938,231.656
20.6,227.209,230.428
20.61,227.452,231.842
20.62,227.325,234.833
20.63,226.536,232.916
20.64,226.109,235.374
20.65,229.233,234.133
20.66,225.267,232.503
20.67,227.643,233.565
20.68,232.869,234.093
20.69,230.287,232.731
20.7,229.958,233.441
20.71,229.745,231.284
20.72,230.262,232.833
20.73,229.85,230.165
20.74,230.296,230.143
20.75,229.882,232.305
20.76,230.803,231.885
20.77,232.397,234.362
20.78,231.482,234.626
20.79,229.446,235.592
20.8,229.221,230.079
20.81,232.019,235.358
20.82,232.449,234.167
20.83,228.932,230.112
20.84,228.55,231.904
20.85,232.173,230.182
20.86,232.399,232.213
20.87,233.421,228.38
20.88,232.474,232.394
20.89,231.019,232.039
20.9,231.095,232.749
20.91,231.481,233.328
20.92,230.313,232.22
20.93,231.503,230.017
20.94,232.474,230.962
20.95,233.896,233.065
20.96,236.735,229.452
20.97,232.629,232.142
20.98,234.367,231.062
20.99,229.929,230.384
21.0,229.55,229.91
21.01,231.66,229.817
21.02,227.622,230.093
21.03,231.775,227.32
21.04,231.798,228.749
21.05,232.437,230.805
21.06,231.87,231.485
21.07,228.308,233.27
21.08,228.212,231.883
21.09,228.447,231.667
21.1,225.734,231.543
21.11,230.34,233.961
21.12,233.09,232.42
21.13,230.974,234.805
21.14,227.385,235.793
21.15,230.818,233.553
21.16,229.774,231.344
21.17,225.449,232.84
21.18,226.558,228.93
21.19,230.895,233.128
21.2,227.28,230.403
21.21,232.07,228.466
21.22,232.292,229.058
21.23,230.72,231.801
21.24,232.013,229.139
21.25,234.699,228.874
21.26,233.981,228.129
21.27,233.715,230.54
21.28,234.769,231.174
21.29,237.179,230.636
21.3,236.187,232.564
21.31,236.084,231.038
21.32,233.014,230.42
21.33,234.624,228.675
21.34,234.045,230.612
21.35,228.922,230.207
21.36,234.061,231.029
21.37,233.956,229.22
21.38,229.727,230.675
21.39,230.1,232.689
21.4,231.334,229.781
21.41,230.741,227.582
21.42,228.567,230.516
21.43,230.725,229.483
21.44,231.849,229.439
21.45,231.926,225.611
21.46,232.694,230.222
21.47,235.508,228.902
21.48,231.618,228.142
21.49,230.282,231.353
21.5,230.295,232.167
21.51,232.581,232.751
21.52,231.639,229.49
21.53,233.903,227.958
21.54,231.885,228.848
21.55,234.512,227.709
21.56,232.649,228.826
21.57,234.724,228.321
21.58,235.611,227.422
21.59,233.207,229.53
21.6,227.246,232.336
21.61,236.595,228.044
21.62,228.409,235.387
21.63,230.699,228.295
21.64,233.633,228.601
21.65,232.177,228.994
21.66,231.468,227.368
21.67,230.083,225.805
21.68,231.865,230.329
21.69,232.182,229.284
21.7,231.684,225.543
21.71,230.894,230.453
21.72,234.589,227.275
21.73,230.522,228.236
21.74,232.551,227.712
21.75,230.325,225.876
21.76,229.359,226.767
21.77,233.18,228.584
21.78,234.46,233.798
21.79,234.463,231.369
21.8,230.142,225.782
21.81,231.503,229.523
21.82,237.011,229.781
21.83,233.344,227.33
21.84,235.896,228.81
21.85,236.918,227.31
21.86,237.533,226.442
21.87,236.129,227.857
21.88,232.953,227.728
21.89,234.595,231.407
21.9,235.426,228.282
21.91,237.915,227.919
21.92,236.673,234.94
21.93,231.57,228.578
21.94,236.831,232.877
21.95,234.068,234.31
21.96,235.056,232.163
21.97,235.653,230.066
21.98,232.808,231.439
21.99,234.312,231.8
22.0,232.544,232.353
22.01,232.382,229.9
22.02,230.564,228.403
22.03,231.469,232.482
22.04,232.051,228.912
22.05,230.712,229.617
22.06,233.539,230.768
22.07,234.42,231.578
22.08,231.697,234.306
22.09,234.863,234.53
22.1,234.927,234.356
22.11,230.934,232.979
22.12,231.688,232.118
22.13,233.952,233.102
22.14,233.687,231.2
22.15,228.295,232.928
22.16,235.863,226.382
22.17,233.655,232.4
22.18,233.303,229.355
22.19,227.812,233.545
22.2,231.988,232.002
22.21,234.627,230.659
22.22,233.252,228.145
22.23,231.227,230.549
22.24,232.002,231.423
22.25,231.757,231.591
22.26,235.943,229.801
22.27,234.99,231.261
22.28,237.486,231.208
22.29,231.996,229.558
22.3,233.188,230.475
22.31,229.818,229.418
22.32,232.452,231.967
22.33,233.91,230.683
22.34,233.658,229.831
22.35,236.952,231.877
22.36,230.167,229.047
22.37,233.697,232.459
22.38,227.15,230.689
22.39,231.781,234.175
22.4,232.978,230.912
22.41,232.225,227.489
22.42,232.619,232.899
22.43,235.188,229.991
22.44,238.173,231.417
22.45,233.789,233.978
22.46,236.657,233.071
22.47,235.519,234.019
22.48,232.184,233.771
22.49,230.953,229.846
22.5,230.808,231.987
22.51,232.946,231.025
22.52,233.099,234.262
22.53,232.618,233.168
22.54,229.184,232.65
22.55,229.884,233.736
22.56,231.223,230.119
22.57,226.459,233.541
22.58,228.313,231.391
22.59,230.903,232.312
22.6,228.593,232.702
22.61,230.56,228.972
22.62,230.134,228.071
22.63,231.405,226.583
22.64,232.184,226.713
22.65,228.529,223.017
22.66,226.501,227.207
22.67,229.102,225.501
22.68,229.757,231.628
22.69,227.467,229.129
22.7,228.891,229.005
22.71,231.191,226.956
22.72,229.796,227.197
22.73,232.701,231.222
22.74,234.555,225.231
22.75,230.759,229.632
22.76,231.045,231.837
22.77,232.91,232.915
22.78,231.487,230.419
22.79,227.167,232.912
22.8,232.462,233.508
22.81,234.179,232.557
22.82,228.704,230.303
22.83,230.852,228.24
22.84,230.481,229.119
22.85,231.586,229.017
22.86,227.396,229.131
22.87,230.222,230.568
22.88,228.402,226.928
22.89,229.868,229.537
22.9,229.294,230.323
22.91,229.821,229.228
22.92,229.926,230.448
22.93,234.01,227.846
22.94,228.77,224.567
22.95,232.514,225.611
22.96,231.518,227.096
22.97,231.949,225.317
22.98,230.284,229.403
22.99,230.751,227.1
23.0,228.657,228.608
23.01,229.229,226.716
23.02,231.367,231.701
23.03,230.979,230.967
23.04,231.835,227.28
23.05,231.998,225.007
23.06,229.091,229.282
23.07,232.573,228.575
23.08,232.118,227.604
23.09,233.117,226.853
23.1,229.018,230.345
23.11,233.045,230.589
23.12,229.614,228.868
23.13,230.653,224.727
23.14,234.434,226.258
23.15,230.937,230.678
23.16,234.997,228.983
23.17,230.657,231.745
23.18,229.059,233.112
23.19,233.209,235.2
23.2,232.43,234.047
23.21,233.146,233.607
23.22,232.493,229.88
23.23,233.559,231.035
23.24,231.664,230.111
23.25,232.631,226.847
23.26,232.43,230.079
23.27,234.75,226.275
23.28,233.514,229.194
23.29,235.118,226.873
23.3,234.861,228.446
23.31,233.883,229.226
23.32,233.751,226.931
23.33,232.386,230.066
23.34,229.564,228.358
23.35,234.822,232.087
23.36,233.959,233.567
23.37,229.817,233.723
23.38,230.083,231.83
23.39,232.568,229.485
23.4,232.269,235.105
23.41,232.136,231.633
23.42,228.837,229.653
23.43,228.253,230.161
23.44,229.041,224.357
23.45,225.346,229.861
23.46,230.739,230.578
23.47,229.605,232.818
23.48,231.263,231.324
23.49,226.525,230.95
23.5,229.522,231.219
23.51,225.885,229.116
23.52,231.131,230.422
23.53,230.211,231.092
23.54,225.883,230.318
23.55,227.652,229.673
23.56,228.458,232.097
23.57,228.89,232.528
23.58,226.095,227.324
23.59,227.907,230.888
23.6,226.422,226.474
23.61,227.322,234.234
23.62,226.646,231.241
23.63,228.994,233.47
23.64,230.805,233.556
23.65,228.541,233.708
23.66,227.968,230.878
23.67,229.259,234.408
23.68,231.918,234.915
23.69,230.622,228.899
23.7,229.276,231.415
23.71,232.118,233.608
23.72,231.381,230.691
23.73,231.517,227.464
23.74,231.092,232.325
23.75,231.2,229.284
23.76,229.564,237.536
23.77,232.64,230.502
23.78,232.167,229.872
23.79,230.615,231.402
23.8,226.896,231.228
23.81,232.888,228.351
23.82,232.125,231.448
23.83,233.114,230.07
23.84,231.348,228.645
23.85,231.505,230.835
23.86,232.749,231.317
23.87,227.077,231.006
23.88,230.02,231.909
23.89,232.845,229.29
23.9,231.156,230.957
23.91,230.088,228.466
23.92,232.244,233.768
23.93,232.645,236.048
23.94,231.998,232.984
23.95,231.301,232.361
23.96,231.403,231.398
23.97,233.173,234.166
23.98,229.104,232.713
23.99,227.429,232.011
24.0,226.755,236.661
24.01,228.069,230.271
24.02,231.449,228.711
24.03,232.004,232.855
24.04,229.412,233.945
24.05,226.671,231.886
24.06,230.116,233.662
24.07,227.06,231.878
24.08,228.99,232.061
24.09,228.543,227.239
24.1,230.342,231.033
24.11,228.803,228.323
24.12,227.644,229.483
24.13,229.443,230.824
24.14,229.573,233.958
24.15,229.048,234.709
24.16,231.042,231.546
24.17,229.064,229.246
24.18,229.976,229.111
24.19,228.139,233.279
24.2,230.31,234.501
24.21,230.15,231.922
24.22,232.563,231.564
24.23,230.369,230.112
24.24,228.967,230.761
24.25,229.921,230.818
24.26,231.194,229.543
24.27,228.565,231.126
24.28,226.233,232.313
24.29,228.334,231.024
24.3,228.594,230.196
24.31,228.182,232.553
24.32,231.605,230.353
24.33,231.507,231.65
24.34,230.456,233.94
24.35,229.403,233.189
24.36,231.353,231.185
24.37,230.735,230.946
24.38,229.418,226.937
24.39,227.941,230.112
24.4,229.182,229.967
24.41,227.465,231.941
24.42,229.274,230.093
24.43,228.524,231.741
24.44,230.661,233.543
24.45,228.84,230.559
24.46,231.065,233.509
24.47,230.115,233.556
24.48,230.719,230.17
24.49,231.487,232.449
24.5,230.235,233.844
24.51,231.705,235.864
24.52,228.881,233.343
24.53,230.254,232.08
24.54,229.687,238.135
24.55,229.666,233.857
24.56,232.08,226.941
24.57,231.285,229.602
24.58,229.115,228.15
24.59,232.734,231.943
24.6,233.239,230.138
24.61,232.052,229.249
24.62,230.523,231.949
24.63,229.759,232.463
24.64,227.773,235.314
24.65,234.287,229.931
24.66,232.671,232.842
24.67,227.294,230.68
24.68,229.64,232.496
24.69,229.392,233.578
24.7,227.056,234.412
24.71,231.301,233.521
24.72,233.405,230.958
24.73,229.296,231.851
24.74,229.187,228.692
24.75,230.662,229.452
24.76,231.581,230.015
24.77,230.968,231.405
24.78,232.285,230.026
24.79,232.355,227.598
24.8,233.873,232.231
24.81,229.52,228.889
24.82,229.112,230.404
24.83,232.426,230.91
24.84,233.119,228.928
24.85,230.698,227.321
24.86,228.877,228.984
24.87,230.238,231.387
24.88,231.805,226.696
24.89,230.437,231.0
24.9,233.046,230.913
24.91,229.985,230.684
24.92,232.26,232.108
24.93,232.249,230.347
24.94,233.041,230.359
24.95,231.704,228.152
24.96,231.012,228.348
24.97,230.278,229.185
24.98,229.247,231.667
24.99,227.059,227.899
25.0,231.684,233.018
25.01,230.989,229.287
25.02,231.407,231.377
25.03,230.653,231.241
25.04,228.144,232.255
25.05,231.032,233.08
25.06,230.125,234.75
25.07,231.207,229.167
25.08,232.748,233.288
25.09,233.922,234.052
25.1,235.647,232.464
25.11,233.618,234.793
25.12,235.171,233.094
25.13,232.679,235.073
25.14,232.936,237.051
25.15,230.109,235.81
25.16,229.863,234.489
25.17,232.272,231.875
25.18,231.977,233.244
25.19,230.276,233.766
25.2,230.493,237.221
25.21,231.522,234.136
25.22,231.641,231.266
25.23,233.808,227.603
25.24,230.892,231.541
25.25,231.951,231.467
25.26,231.084,233.46
25.27,230.21,234.064
25.28,232.38,231.531
25.29,230.668,235.277
25.3,231.16,231.238
25.31,232.503,231.314
25.32,234.366,231.459
25.33,231.149,231.537
25.34,231.072,233.027
25.35,235.616,230.25
25.36,232.184,226.93
25.37,231.073,232.213
25.38,231.007,231.326
25.39,233.58,231.406
25.4,233.809,230.873
25.41,232.47,232.137
25.42,235.352,229.68
25.43,236.036,230.876
25.44,235.253,228.643
25.45,232.626,232.391
25.46,231.222,233.828
25.47,234.643,229.689
25.48,233.394,229.775
25.49,231.278,229.993
25.5,233.552,229.733
25.51,233.646,231.338
25.52,234.328,231.945
25.53,231.29,231.809
25.54,235.383,231.432
25.55,232.384,232.731
25.56,235.504,231.786
25.57,236.789,233.575
25.58,235.9,235.4
25.59,233.903,232.786
25.6,231.758,230.768
25.61,233.735,232.282
25.62,232.92,229.715
25.63,233.636,226.095
25.64,235.844,230.855
25.65,233.947,230.506
25.66,233.386,226.365
25.67,235.862,228.462
25.68,236.107,232.888
25.69,235.574,230.224
25.7,234.692,231.099
25.71,234.498,235.212
25.72,232.784,234.245
25.73,237.408,232.853
25.74,234.551,232.051
25.75,232.988,233.049
25.76,232.799,234.833
25.77,233.639,235.287
25.78,230.239,235.206
25.79,236.145,233.414
25.8,234.019,233.379
25.81,232.376,233.221
25.82,232.975,235.417
25.83,233.804,232.444
25.84,232.681,230.569
25.85,232.3,233.77
25.86,231.909,231.771
25.87,233.375,233.743
25.88,234.478,235.616
25.89,235.361,231.497
25.9,234.256,234.089
25.91,234.616,231.819
25.92,234.969,230.546
25.93,233.988,237.21
25.94,232.45,236.207
25.95,233.038,234.044
25.96,234.663,235.918
25.97,228.715,236.498
25.98,233.356,236.334
25.99,231.717,235.153
26.0,235.447,233.416
26.01,237.155,235.487
26.02,229.541,232.724
26.03,232.887,233.911
26.04,234.022,234.009
26.05,234.176,233.044
26.06,233.112,232.423
26.07,231.063,235.392
26.08,233.648,233.813
26.09,235.111,233.723
26.1,232.332,230.422
26.11,230.839,229.97
26.12,232.963,234.391
26.13,232.556,235.042
26.14,233.181,235.219
26.15,231.693,235.156
26.16,231.35,236.681
26.17,236.418,238.543
26.18,234.109,237.374
26.19,230.597,236.459
26.2,235.635,239.879
26.21,233.015,237.778
26.22,232.445,233.614
26.23,231.286,237.088
26.24,234.341,233.93
26.25,233.972,235.588
26.26,233.705,233.814
26.27,233.249,236.001
26.28,235.312,233.66
26.29,235.603,233.186
26.3,228.923,232.673
26.31,236.23,231.429
26.32,237.584,236.539
26.33,235.96,233.872
26.34,236.083,237.127
26.35,232.754,235.677
26.36,232.358,237.197
26.37,238.076,236.32
26.38,237.334,235.622
26.39,236.763,236.855
26.4,237.56,235.847
26.41,233.78,234.873
26.42,233.539,236.654
26.43,236.822,235.349
26.44,233.422,231.393
26.45,233.637,235.05
26.46,231.295,237.642
26.47,231.876,236.194
26.48,232.864,236.764
26.49,234.992,236.484
26.5,235.442,236.983
26.51,233.339,235.081
26.52,234.856,235.743
26.53,233.641,232.221
26.54,232.249,233.506
26.55,233.609,238.179
26.56,233.196,237.0
26.57,231.954,234.354
26.58,233.119,235.214
26.59,234.602,236.089
26.6,233.636,233.716
26.61,233.664,231.883
26.62,234.849,233.754
26.63,233.169,234.225
26.64,234.951,233.923
26.65,234.327,233.891
26.66,230.727,237.378
26.67,227.877,234.385
26.68,230.4,235.014
26.69,231.635,237.803
26.7,232.907,234.774
26.71,233.438,234.9
26.72,236.948,231.349
26.73,235.593,236.505
26.74,235.748,230.541
26.75,232.272,234.335
26.76,233.372,235.597
26.77,236.311,229.165
26.78,236.508,226.716
26.79,231.558,230.434
26.8,234.435,232.261
26.81,233.904,232.294
26.82,231.875,234.18
26.83,231.045,232.913
26.84,230.485,233.66
26.85,231.865,231.085
26.86,226.173,235.775
26.87,229.531,231.332
26.88,231.391,232.536
26.89,231.117,231.507
26.9,231.056,236.64
26.91,230.371,235.936
26.92,235.43,235.576
26.93,233.489,234.944
26.94,233.348,233.051
26.95,234.538,230.946
26.96,231.115,232.472
26.97,232.719,232.256
26.98,231.056,231.677
26.99,231.796,231.074
27.0,231.615,235.185
27.01,228.768,233.561
27.02,228.988,233.198
27.03,228.218,235.995
27.04,229.461,233.312
27.05,230.828,234.717
27.06,232.25,240.531
27.07,231.036,236.607
27.08,230.525,238.381
27.09,231.913,237.331
27.1,230.402,235.871
27.11,231.352,236.45
27.12,235.416,235.499
27.13,233.446,234.577
27.14,232.838,238.596
27.15,229.25,232.867
27.16,230.629,235.32
27.17,228.795,234.61
27.18,231.765,233.434
27.19,233.13,233.93
27.2,234.082,235.687
27.21,231.483,233.42
27.22,231.0,231.896
27.23,231.437,233.642
27.24,226.587,236.701
27.25,229.091,233.347
27.26,231.423,234.882
27.27,231.333,236.54
27.28,232.534,235.492
27.29,232.734,233.284
27.3,236.711,235.249
27.31,232.064,232.054
27.32,232.387,233.052
27.33,232.299,234.714
27.34,233.586,236.73
27.35,234.168,231.688
27.36,233.133,239.592
27.37,233.913,233.094
27.38,229.479,232.715
27.39,229.165,232.561
27.4,233.568,234.71
27.41,232.428,231.188
27.42,229.244,230.894
27.43,228.912,233.796
27.44,231.312,229.694
27.45,230.595,234.564
27.46,231.381,232.762
27.47,231.314,233.004
27.48,231.444,236.178
27.49,231.788,230.82
27.5,232.469,230.146
27.51,229.474,235.741
27.52,232.35,231.777
27.53,233.107,237.133
27.54,232.41,235.861
27.55,230.88,234.808
27.56,229.891,235.417
27.57,231.912,232.285
27.58,230.012,233.377
27.59,228.779,236.29
27.6,228.574,233.671
27.61,230.139,230.937
27.62,227.95,233.018
27.63,229.012,231.399
27.64,229.94,233.269
27.65,227.583,232.187
27.66,230.187,230.951
27.67,230.885,231.152
27.68,230.752,229.772
27.69,228.935,233.573
27.7,229.493,232.527
27.71,228.822,234.429
27.72,230.32,230.449
27.73,231.35,233.286
27.74,228.886,233.325
27.75,230.021,231.74
27.76,227.733,232.55
27.77,231.924,233.001
27.78,228.565,234.122
27.79,228.411,232.883
27.8,231.771,229.29
27.81,233.341,233.658
27.82,231.56,236.14
27.83,234.295,231.731
27.84,232.124,234.021
27.85,231.036,231.959
27.86,233.446,230.848
27.87,231.239,232.212
27.88,230.771,235.33
27.89,228.389,230.906
27.9,226.849,235.045
27.91,233.042,234.356
27.92,231.359,229.963
27.93,233.286,232.382
27.94,234.564,232.118
27.95,230.497,232.46
27.96,232.784,234.366
27.97,228.565,231.82
27.98,227.082,230.098
27.99,229.012,231.02
28.0,230.12,233.429
28.01,229.015,228.037
28.02,227.925,234.744
28.03,230.206,229.938
28.04,228.697,232.559
28.05,226.854,230.474
28.06,222.945,233.822
28.07,227.959,233.584
28.08,228.191,231.048
28.09,231.58,231.222
28.1,232.489,235.355
28.11,228.58,234.984
28.12,231.155,236.784
28.13,231.584,233.019
28.14,229.934,235.962
28.15,227.699,234.211
28.16,230.975,233.081
28.17,230.578,234.057
28.18,230.012,235.769
28.19,231.129,239.439
28.2,233.57,234.207
28.21,231.667,236.157
28.22,227.708,239.28
28.23,231.288,234.687
28.24,231.616,232.709
28.25,225.83,231.483
28.26,228.569,232.185
28.27,230.768,230.853
28.28,225.057,234.431
28.29,228.167,235.431
28.3,227.378,234.107
28.31,227.653,235.351
28.32,225.355,233.802
28.33,228.61,233.093
28.34,226.992,236.331
28.35,227.798,233.752
28.36,225.844,232.738
28.37,224.006,234.583
28.38,225.638,233.314
28.39,227.682,235.335
28.4,227.784,235.083
28.41,226.716,233.588
28.42,228.32,237.375
28.43,227.738,235.218
28.44,229.12,235.143
28.45,228.438,233.015
28.46,231.776,231.622
28.47,230.117,231.094
28.48,228.007,230.592
28.49,224.389,232.386
28.5,230.898,231.032
28.51,228.56,231.79
28.52,221.782,233.377
28.53,226.883,233.593
28.54,228.025,235.308
28.55,228.901,236.521
28.56,228.316,233.234
28.57,225.493,230.239
28.58,229.831,234.299
28.59,227.587,235.484
28.6,227.527,233.642
28.61,227.216,234.587
28.62,229.962,230.072
28.63,227.578,232.812
28.64,231.45,232.206
28.65,228.26,233.767
28.66,227.058,232.348
28.67,227.915,234.769
28.68,224.806,233.203
28.69,227.252,235.358
28.7,224.415,234.605
28.71,228.271,232.689
28.72,229.202,232.701
28.73,225.693,232.812
28.74,230.352,235.588
28.75,228.996,233.206
28.76,229.673,231.925
28.77,228.781,235.099
28.78,231.125,232.187
28.79,225.195,235.393
28.8,230.349,237.348
28.81,231.34,232.571
28.82,230.49,229.731
28.83,230.749,234.339
28.84,229.133,234.096
28.85,230.667,234.549
28.86,232.909,233.141
28.87,229.641,230.713
28.88,229.467,234.403
28.89,228.233,234.273
28.9,227.253,236.97
28.91,228.082,234.834
28.92,226.231,235.533
28.93,226.151,238.605
28.94,231.002,238.604
28.95,225.891,234.573
28.96,227.653,234.114
28.97,225.964,233.32
28.98,224.04,233.244
28.99,227.284,230.928
29.0,227.184,236.604
29.01,228.762,237.563
29.02,225.434,233.603
29.03,227.539,231.957
29.04,227.935,234.917
29.05,226.257,234.9
29.06,225.925,234.679
29.07,226.156,232.913
29.08,230.677,232.949
29.09,223.755,237.091
29.1,224.705,235.433
29.11,229.3,234.795
29.12,228.809,234.409
29.13,225.426,232.201
29.14,226.245,231.359
29.15,224.31,234.04
29.16,226.779,230.57
29.17,224.267,236.165
29.18,225.008,234.977
29.19,227.041,233.159
29.2,226.985,235.752
29.21,227.689,234.968
29.22,225.064,232.122
29.23,224.187,232.557
29.24,228.012,233.485
29.25,227.892,234.06
29.26,227.956,237.055
29.27,225.255,231.906
29.28,226.728,233.499
29.29,224.686,233.048
29.3,225.983,233.007
29.31,224.06,232.319
29.32,227.684,233.021
29.33,222.928,230.207
29.34,227.797,229.872
29.35,223.194,232.699
29.36,224.515,232.572
29.37,229.549,230.846
29.38,227.188,230.163
29.39,226.37,234.091
29.4,226.731,230.945
29.41,225.794,230.397
29.42,226.511,233.296
29.43,228.793,230.393
29.44,228.901,237.344
29.45,227.639,231.767
29.46,220.823,232.48
29.47,221.661,232.134
29.48,228.528,228.775
29.49,225.99,229.811
29.5,224.43,231.122
29.51,225.972,231.328
29.52,226.193,233.077
29.53,224.944,233.588
29.54,224.997,234.045
29.55,225.15,231.522
29.56,229.028,233.105
29.57,224.891,236.42
29.58,226.477,232.742
29.59,227.763,232.4
29.6,226.012,233.435
29.61,223.634,226.819
29.62,226.099,231.754
29.63,225.553,232.363
29.64,226.998,228.317
29.65,229.668,231.903
29.66,228.728,234.819
29.67,223.241,230.95
29.68,224.119,234.062
29.69,224.987,234.948
29.7,226.038,235.452
29.71,222.841,233.44
29.72,220.728,230.273
29.73,222.183,235.673
29.74,223.351,235.806
29.75,227.919,230.469
29.76,224.049,232.613
29.77,222.963,233.708
29.78,230.249,231.092
29.79,226.04,229.821
29.8,227.548,231.309
29.81,223.908,230.119
29.82,224.779,230.27
29.83,223.853,234.859
29.84,226.01,231.111
29.85,226.629,229.813
29.86,220.001,230.443
29.87,225.126,229.284
29.88,224.075,233.395
29.89,226.693,231.322
29.9,224.384,231.695
29.91,226.36,229.608
29.92,225.481,229.328
29.93,226.333,231.262
29.94,228.853,229.393
29.95,224.685,232.28
29.96,223.945,229.784
29.97,229.151,233.741
29.98,228.98,230.905
29.99,226.885,228.067
30.0,227.085,229.738
30.01,223.372,231.217
30.02,223.06,232.044
30.03,221.224,228.969
30.04,220.077,229.865
30.05,221.484,233.763
30.06,222.719,233.733
30.07,219.196,231.969
30.08,224.29,228.622
30.09,221.956,230.146
30.1,222.977,231.99
30.11,220.825,231.423
30.12,221.902,230.639
30.13,224.535,231.928
30.14,221.929,230.551
30.15,219.997,232.648
30.16,221.641,232.913
30.17,221.082,231.482
30.18,224.147,227.824
30.19,221.0,229.483
30.2,223.306,235.564
30.21,222.907,230.131
30.22,223.554,231.552
30.23,222.05,232.352
30.24,219.865,230.775
30.25,223.144,232.253
30.26,224.546,231.376
30.27,223.434,231.116
30.28,220.035,233.539
30.29,220.857,230.426
30.3,223.538,238.315
30.31,225.147,233.926
30.32,225.312,232.797
30.33,223.335,233.8
30.34,224.709,232.43
30.35,223.99,231.347
30.36,225.736,230.915
30.37,224.196,227.172
30.38,224.028,231.767
30.39,225.75,229.49
30.4,225.098,231.005
30.41,226.506,232.25
30.42,224.433,231.684
30.43,226.67,229.268
30.44,223.94,231.595
30.45,227.171,229.64
30.46,224.487,233.81
30.47,227.961,232.476
30.48,223.627,233.68
30.49,229.557,232.761
30.5,225.822,235.353
30.51,225.569,232.398
30.52,228.567,235.349
30.53,225.865,234.039
30.54,227.621,233.425
30.55,221.65,232.262
30.56,224.221,232.634
30.57,222.936,231.36
30.58,225.854,230.117
30.59,225.038,230.152
30.6,224.266,233.025
30.61,221.068,232.27
30.62,221.499,232.166
30.63,224.443,226.251
30.64,223.195,227.845
30.65,222.876,231.951
30.66,220.903,234.245
30.67,222.811,229.901
30.68,224.749,229.961
30.69,223.69,229.663
30.7,231.946,230.68
30.71,227.516,234.357
30.72,227.27,233.182
30.73,224.643,232.888
30.74,226.652,233.848
30.75,226.439,232.565
30.76,226.091,230.931
30.77,225.404,234.133
30.78,223.45,234.26
30.79,223.877,230.605
30.8,224.029,234.932
30.81,226.368,230.716
30.82,226.855,233.765
30.83,229.833,233.346
30.84,228.066,230.354
30.85,228.361,230.626
30.86,228.494,228.286
30.87,227.208,230.354
30.88,226.863,233.344
30.89,224.748,233.941
30.9,229.692,234.528
30.91,224.345,229.5
30.92,228.541,235.46
30.93,226.079,235.19
30.94,223.415,234.89
30.95,229.148,231.208
30.96,226.766,233.137
30.97,225.212,229.789
30.98,225.922,230.278
30.99,225.163,229.153
31.0,225.167,229.514
31.01,226.951,229.683
31.02,225.156,230.788
31.03,224.144,231.15
31.04,227.562,231.722
31.05,226.809,232.3
31.06,226.537,232.924
31.07,226.765,231.329
31.08,219.17,228.84
31.09,225.597,231.255
31.1,223.571,231.976
31.11,224.737,235.337
31.12,223.611,233.346
31.13,226.188,229.38
31.14,223.418,227.68
31.15,221.419,232.046
31.16,220.567,228.367
31.17,224.294,234.962
31.18,227.536,228.901
31.19,227.071,234.103
31.2,224.378,234.633
31.21,224.813,231.912
31.22,223.597,232.962
31.23,221.161,235.524
31.24,222.171,232.206
31.25,219.547,233.704
31.26,220.517,231.519
31.27,223.562,228.704
31.28,222.055,230.624
31.29,225.232,234.28
31.3,223.448,234.919
31.31,222.833,231.081
31.32,222.559,230.126
31.33,221.032,232.287
31.34,220.991,231.456
31.35,222.757,235.241
31.36,224.986,234.146
31.37,223.072,232.623
31.38,225.365,233.286
31.39,223.859,234.781
31.4,224.7,231.383
31.41,224.645,229.951
31.42,223.981,232.881
31.43,223.805,231.064
31.44,220.999,233.844
31.45,223.104,231.598
31.46,224.371,230.701
31.47,225.948,230.362
31.48,225.456,233.013
31.49,225.077,230.806
31.5,222.397,231.387
31.51,222.214,233.717
31.52,221.567,234.163
31.53,221.136,232.242
31.54,226.556,230.408
31.55,222.236,234.967
31.56,226.556,235.158
31.57,220.544,233.798
31.58,224.692,233.766
31.59,223.849,233.518
31.6,219.696,230.245
31.61,222.567,225.791
31.62,226.239,229.15
31.63,226.283,228.562
31.64,224.521,228.357
31.65,224.107,229.331
31.66,222.111,233.569
31.67,225.406,230.805
31.68,225.257,230.063
31.69,226.387,228.594
31.7,227.814,230.619
31.71,222.882,229.705
31.72,221.859,231.778
31.73,220.708,230.429
31.74,222.024,229.433
31.75,223.859,231.71
31.76,223.85,229.675
31.77,224.247,231.749
31.78,225.93,234.1
31.79,226.03,229.704
31.8,225.171,228.444
31.81,224.813,230.886
31.82,227.048,227.995
31.83,224.441,229.217
31.84,221.361,230.073
31.85,224.993,233.602
31.86,222.849,228.871
31.87,226.226,232.295
31.88,226.271,229.608
31.89,225.571,231.329
31.9,229.366,236.177
31.91,223.751,228.861
31.92,227.093,231.95
31.93,229.863,232.736
31.94,224.49,238.169
31.95,225.712,235.253
31.96,227.563,236.899
31.97,223.894,233.154
31.98,228.854,231.672
31.99,228.431,230.818
32.0,227.075,229.005
32.01,227.622,227.812
32.02,228.374,232.128
32.03,227.503,230.958
32.04,229.908,234.73
32.05,224.583,230.547
32.06,226.048,230.74
32.07,223.73,232.614
32.08,227.123,234.12
32.09,223.439,230.423
32.1,223.66,230.028
32.11,223.38,235.931
32.12,223.28,233.261
32.13,226.432,237.639
32.14,227.485,235.074
32.15,226.374,233.762
32.16,226.019,235.781
32.17,222.585,234.329
32.18,226.341,231.867
32.19,228.958,235.114
32.2,224.907,233.114
32.21,224.104,232.794
32.22,229.035,233.857
32.23,228.151,230.547
32.24,223.607,231.601
32.25,227.715,235.932
32.26,227.027,231.332
32.27,227.036,234.366
32.28,226.132,236.612
32.29,224.999,236.206
32.3,225.339,232.434
32.31,221.909,236.874
32.32,225.543,235.756
32.33,225.102,235.621
32.34,225.33,234.054
32.35,224.892,234.396
32.36,225.461,233.385
32.37,226.773,234.251
32.38,229.063,231.888
32.39,230.116,231.475
32.4,225.669,229.958
32.41,226.322,232.091
32.42,223.819,235.049
32.43,227.425,230.563
32.44,228.897,229.729
32.45,226.705,228.104
32.46,228.311,230.34
32.47,227.885,231.0
32.48,228.122,228.345
32.49,229.028,231.733
32.5,227.603,233.444
32.51,228.314,234.091
32.52,228.437,232.8
32.53,229.932,232.891
32.54,228.063,232.428
32.55,225.941,232.543
32.56,225.226,234.644
32.57,223.915,231.552
32.58,222.416,235.568
32.59,222.615,231.884
32.6,223.085,232.803
32.61,222.658,231.918
32.62,219.229,232.825
32.63,224.626,229.578
32.64,223.071,228.099
32.65,224.29,227.793
32.66,223.173,234.588
32.67,222.323,230.892
32.68,224.619,231.766
32.69,223.941,233.129
32.7,222.158,233.851
32.71,220.849,232.48
32.72,219.428,233.329
32.73,220.596,235.028
32.74,222.436,230.237
32.75,220.188,234.298
32.76,220.139,235.677
32.77,221.631,232.305
32.78,222.355,231.801
32.79,223.499,230.538
32.8,219.234,229.434
32.81,224.609,230.269
32.82,221.497,233.819
32.83,223.942,231.639
32.84,221.098,226.773
32.85,222.059,230.243
32.86,223.358,229.751
32.87,224.291,228.423
32.88,229.14,229.761
32.89,223.68,229.934
32.9,226.713,234.131
32.91,224.341,232.85
32.92,223.199,233.455
32.93,223.577,228.114
32.94,224.039,233.795
32.95,223.965,230.752
32.96,225.98,231.581
32.97,224.838,232.561
32.98,221.569,227.505
32.99,221.76,226.56
33.0,222.038,227.255
33.01,220.791,230.038
33.02,224.253,226.787
33.03,221.377,230.161
33.04,224.261,234.204
33.05,225.562,232.535
33.06,225.264,231.804
33.07,225.766,230.414
33.08,223.24,230.603
33.09,224.601,229.532
33.1,223.436,230.098
33.11,223.584,227.247
33.12,222.57,228.351
33.13,224.428,230.333
33.14,223.748,229.82
33.15,225.057,232.222
33.16,221.839,231.015
33.17,222.622,231.063
33.18,223.512,229.914
33.19,221.349,229.802
33.2,225.197,232.395
33.21,224.475,232.945
33.22,226.017,233.411
33.23,221.316,230.138
33.24,223.115,228.993
33.25,222.235,233.42
33.26,221.671,232.18
33.27,220.587,232.163
33.28,223.291,230.829
33.29,220.699,228.754
33.3,223.463,231.674
33.31,223.145,232.137
33.32,223.53,231.421
33.33,224.259,228.717
33.34,223.368,232.626
33.35,223.158,231.333
33.36,218.673,228.928
33.37,222.989,231.815
33.38,226.268,231.483
33.39,224.211,230.942
33.4,222.497,230.076
33.41,221.767,230.765
33.42,221.148,231.386
33.43,224.005,231.784
33.44,220.205,230.368
33.45,219.404,229.901
33.46,223.002,229.418
33.47,224.453,232.917
33.48,224.385,230.03
33.49,226.264,231.612
33.5,226.235,233.59
33.51,226.412,230.815
33.52,226.468,230.679
33.53,226.491,228.893
33.54,223.802,232.775
33.55,222.112,233.095
33.56,223.903,230.626
33.57,222.357,230.749
33.58,221.335,234.857
33.59,220.308,230.418
33.6,219.313,232.026
33.61,227.48,233.213
33.62,224.177,231.962
33.63,225.515,227.593
33.64,220.747,229.388
33.65,220.461,229.709
33.66,222.53,230.726
33.67,226.926,230.671
33.68,223.113,228.413
33.69,225.729,230.058
33.7,223.096,233.188
33.71,224.607,230.82
33.72,223.277,228.148
33.73,225.222,228.45
33.74,225.677,233.599
33.75,224.469,231.597
33.76,226.515,232.212
33.77,225.606,228.223
33.78,223.084,230.4
33.79,222.177,229.137
33.8,224.166,227.875
33.81,226.936,230.289
33.82,226.665,231.841
33.83,224.378,230.638
33.84,226.048,233.571
33.85,227.021,236.597
33.86,228.272,232.391
33.87,228.039,233.974
33.88,225.908,227.671
33.89,225.279,231.552
33.9,224.038,231.808
33.91,226.533,230.9
33.92,221.412,227.357
33.93,225.887,229.897
33.94,225.712,233.667
33.95,224.028,231.548
33.96,227.483,233.304
33.97,227.344,231.911
33.98,226.73,232.176
33.99,225.728,232.766
34.0,227.267,228.168
34.01,223.292,233.092
34.02,225.376,227.07
34.03,224.984,229.192
34.04,228.299,232.246
34.05,224.617,231.785
34.06,226.23,231.039
34.07,226.441,235.072
34.08,228.761,231.412
34.09,226.441,233.158
34.1,222.976,230.546
34.11,226.984,229.602
34.12,225.438,231.356
34.13,225.479,229.628
34.14,226.798,227.393
34.15,223.534,229.085
34.16,226.778,232.065
34.17,223.734,226.668
34.18,221.193,226.495
34.19,224.486,227.549
34.2,226.758,229.211
34.21,223.983,231.845
34.22,224.841,230.646
34.23,222.742,232.554
34.24,227.661,229.497
34.25,226.517,229.792
34.26,224.602,228.987
34.27,228.949,229.196
34.28,226.213,231.546
34.29,225.043,231.442
34.3,230.19,229.6
34.31,226.141,230.438
34.32,229.655,232.07
34.33,226.139,228.096
34.34,223.803,226.729
34.35,227.14,231.726
34.36,227.496,229.918
34.37,227.884,233.574
34.38,228.567,234.753
34.39,229.588,228.67
34.4,230.071,230.988
34.41,226.789,229.856
34.42,227.452,229.534
34.43,228.949,232.392
34.44,224.837,233.028
34.45,226.309,232.526
34.46,227.669,230.68
34.47,224.523,232.23
34.48,227.708,231.942
34.49,227.538,233.448
34.5,221.867,233.53
34.51,224.179,231.507
34.52,224.974,232.574
34.53,228.369,232.422
34.54,227.729,232.783
34.55,227.906,232.496
34.56,227.381,230.324
34.57,225.715,230.671
34.58,221.931,235.829
34.59,225.379,235.295
34.6,222.19,234.248
34.61,223.002,232.366
34.62,222.714,236.397
34.63,228.621,232.286
34.64,225.3,235.895
34.65,226.362,237.977
34.66,223.364,236.276
34.67,223.192,240.571
34.68,222.733,234.975
34.69,220.883,235.841
34.7,223.428,235.982
34.71,226.516,234.261
34.72,221.707,234.33
34.73,222.21,234.069
34.74,222.164,231.712
34.75,222.159,231.214
34.76,224.827,236.793
34.77,227.983,234.817
34.78,224.666,234.026
34.79,221.606,234.586
34.8,223.468,234.771
34.81,225.996,230.785
34.82,224.868,232.899
34.83,223.713,236.422
34.84,222.33,234.484
34.85,223.044,232.686
34.86,226.173,235.134
34.87,223.34,231.116
34.88,224.858,232.94
34.89,222.851,231.255
34.9,224.885,231.946
34.91,224.721,230.976
34.92,226.135,233.687
34.93,223.806,232.674
34.94,220.937,236.174
34.95,224.76,234.815
34.96,223.287,230.901
34.97,226.861,230.021
34.98,228.184,234.453
34.99,224.266,232.334
35.0,226.35,234.974
35.01,224.612,230.129
35.02,228.623,230.64
35.03,224.588,230.732
35.04,226.594,232.978
35.05,224.991,231.785
35.06,226.797,234.401
35.07,225.741,233.001
35.08,224.136,236.533
35.09,224.298,234.968
35.1,224.641,235.492
35.11,226.893,235.695
35.12,224.054,235.645
35.13,223.601,235.641
35.14,224.44,234.677
35.15,224.078,235.251
35.16,228.396,232.003
35.17,228.665,233.376
35.18,225.945,233.352
35.19,227.34,231.932
35.2,223.841,230.878
35.21,225.034,230.067
35.22,224.195,229.032
35.23,226.03,233.463
35.24,224.657,232.586
35.25,223.979,234.408
35.26,223.01,232.553
35.27,227.348,231.784
35.28,223.396,231.537
35.29,223.033,231.087
35.3,223.203,234.243
35.31,223.145,236.915
35.32,224.368,236.185
35.33,223.123,236.041
35.34,220.657,235.976
35.35,224.171,235.125
35.36,222.796,236.893
35.37,223.092,236.459
35.38,220.35,228.906
35.39,223.936,231.853
35.4,226.336,233.826
35.41,223.04,232.794
35.42,223.522,235.301
35.43,222.959,236.461
35.44,220.337,233.009
35.45,221.039,231.231
35.46,222.787,231.396
35.47,221.984,231.959
35.48,220.076,237.757
35.49,222.145,234.576
35.5,225.425,230.194
35.51,223.183,233.063
35.52,223.771,230.803
35.53,224.954,231.944
35.54,229.692,231.172
35.55,225.161,229.818
35.56,228.469,225.776
35.57,224.571,230.654
35.58,224.509,228.871
35.59,224.37,231.235
35.6,225.587,230.96
35.61,223.644,229.115
35.62,221.694,234.156
35.63,223.83,230.473
35.64,225.083,231.275
35.65,223.866,227.173
35.66,225.842,236.696
35.67,221.399,233.728
35.68,224.634,234.348
35.69,227.116,235.303
35.7,225.314,234.533
35.71,221.71,233.119
35.72,226.339,233.665
35.73,225.263,233.045
35.74,225.029,234.025
35.75,222.341,233.653
35.76,224.342,231.943
35.77,223.465,238.051
35.78,224.597,230.964
35.79,222.667,234.252
35.8,226.86,233.718
35.81,224.121,234.915
35.82,226.347,236.071
35.83,225.445,234.102
35.84,225.566,233.01
35.85,224.355,233.151
35.86,228.582,235.415
35.87,225.134,233.396
35.88,226.84,235.558
35.89,230.213,230.733
35.9,226.473,231.047
35.91,223.573,233.436
35.92,225.607,234.904
35.93,222.757,232.312
35.94,224.275,228.932
35.95,226.27,226.129
35.96,227.176,229.254
35.97,222.406,231.365
35.98,223.287,232.192
35.99,222.63,231.039
36.0,228.2,231.445
36.01,224.006,232.298
36.02,223.126,234.263
36.03,225.484,232.273
36.04,222.559,232.061
36.05,220.587,229.205
36.06,222.627,228.04
36.07,221.254,230.062
36.08,223.911,231.3
36.09,223.816,233.291
36.1,224.28,229.76
36.11,224.903,228.55
36.12,223.093,232.191
36.13,222.948,228.66
36.14,222.62,228.219
36.15,220.239,230.499
36.16,222.347,233.152
36.17,220.887,230.353
36.18,222.717,229.535
36.19,223.19,231.998
36.2,223.216,231.167
36.21,225.788,232.086
36.22,224.974,230.247
36.23,223.979,228.104
36.24,225.078,230.034
36.25,223.376,230.638
36.26,224.582,232.4
36.27,223.599,231.437
36.28,221.948,233.563
36.29,221.374,236.308
36.3,217.882,234.148
36.31,217.931,230.952
36.32,217.666,233.905
36.33,225.332,234.05
36.34,225.89,233.289
36.35,226.648,230.007
36.36,221.815,232.606
36.37,221.553,233.522
36.38,224.388,232.315
36.39,226.404,234.068
36.4,224.434,234.52
36.41,222.486,232.509
36.42,224.723,231.052
36.43,220.49,233.181
36.44,220.869,232.368
36.45,223.226,231.694
36.46,223.121,233.669
36.47,222.45,235.061
36.48,224.317,235.675
36.49,226.66,233.046
36.5,223.788,235.286
36.51,222.13,233.447
36.52,225.531,232.902
36.53,225.425,231.489
36.54,223.011,232.369
36.55,224.104,231.771
36.56,221.977,232.524
36.57,220.212,229.033
36.58,224.621,226.769
36.59,225.802,225.515
36.6,224.295,227.847
36.61,226.891,227.447
36.62,222.873,226.295
36.63,224.498,227.954
36.64,221.402,228.331
36.65,225.6,224.89
36.66,222.204,230.039
36.67,224.344,226.197
36.68,225.056,225.236
36.69,221.16,229.303
36.7,222.989,229.172
36.71,221.227,225.963
36.72,220.369,223.264
36.73,224.794,228.202
36.74,225.336,227.85
36.75,222.518,231.044
36.76,222.293,231.7
36.77,224.472,232.789
36.78,221.917,227.473
36.79,224.042,227.801
36.8,223.553,226.274
36.81,222.249,226.322
36.82,221.878,225.205
36.83,222.576,224.831
36.84,222.784,230.27
36.85,223.168,228.04
36.86,224.279,225.202
36.87,222.469,226.566
36.88,224.537,228.552
36.89,224.468,227.19
36.9,226.498,225.571
36.91,226.155,225.935
36.92,222.041,227.926
36.93,225.061,231.871
36.94,224.184,225.676
36.95,223.989,225.819
36.96,226.812,225.299
36.97,222.908,229.346
36.98,223.393,229.151
36.99,224.958,225.809
37.0,222.844,229.32
37.01,226.214,229.993
37.02,223.877,230.101
37.03,225.586,232.045
37.04,225.539,227.475
37.05,224.824,225.949
37.06,225.958,226.345
37.07,220.909,224.375
37.08,222.191,229.594
37.09,225.568,229.924
37.1,227.129,232.028
37.11,227.576,233.031
37.12,225.789,231.314
37.13,227.281,232.408
37.14,227.593,232.309
37.15,229.182,231.651
37.16,227.933,231.725
37.17,227.415,234.088
37.18,226.343,229.032
37.19,223.884,231.39
37.2,224.253,229.198
37.21,222.979,226.094
37.22,221.499,228.688
37.23,221.146,225.377
37.24,225.062,226.013
37.25,227.127,228.338
37.26,225.355,227.841
37.27,229.363,226.754
37.28,223.134,227.953
37.29,224.576,230.994
37.3,224.596,226.598
37.31,228.26,229.691
37.32,227.513,227.128
37.33,227.929,227.727
37.34,227.121,229.417
37.35,226.617,226.458
37.36,227.703,229.294
37.37,227.378,231.267
37.38,227.171,229.152
37.39,226.056,228.986
37.4,223.371,227.219
37.41,226.176,224.359
37.42,230.503,231.04
37.43,226.294,230.597
37.44,226.997,227.401
37.45,227.505,230.069
37.46,225.228,228.481
37.47,230.773,228.858
37.48,227.135,225.102
37.49,226.319,225.619
37.5,228.645,226.017
37.51,227.965,227.017
37.52,229.628,227.73
37.53,226.131,225.987
37.54,226.98,226.623
37.55,226.482,228.478
37.56,226.688,225.792
37.57,226.281,228.166
37.58,230.945,226.538
37.59,226.954,228.176
37.6,227.578,223.393
37.61,225.562,226.213
37.62,229.412,229.338
37.63,227.343,228.702
37.64,225.717,230.354
37.65,226.425,223.642
37.66,226.581,227.712
37.67,229.434,222.014
37.68,228.357,226.14
37.69,224.633,227.88
37.7,226.784,226.97
37.71,226.547,223.845
37.72,226.189,225.006
37.73,225.873,227.077
37.74,227.234,228.045
37.75,225.943,227.612
37.76,226.554,227.763
37.77,226.896,229.492
37.78,226.101,226.462
37.79,225.196,229.653
37.8,222.464,227.451
37.81,226.547,227.528
37.82,224.279,228.179
37.83,224.794,226.403
37.84,223.217,227.589
37.85,227.488,229.84
37.86,226.955,228.84
37.87,230.863,230.344
37.88,227.563,229.295
37.89,227.938,228.843
37.9,228.504,231.043
37.91,225.29,233.404
37.92,232.813,231.654
37.93,229.237,231.613
37.94,225.537,232.523
37.95,227.039,229.025
37.96,227.57,227.95
37.97,225.896,225.487
37.98,225.273,225.777
37.99,226.856,229.734
38.0,224.936,225.678
38.01,221.191,227.243
38.02,227.938,231.577
38.03,226.395,229.416
38.04,223.294,228.337
38.05,223.843,227.046
38.06,225.394,230.532
38.07,224.583,228.54
38.08,223.954,228.451
38.09,222.672,230.67
38.1,225.471,228.724
38.11,226.636,230.718
38.12,222.672,228.877
38.13,222.445,228.205
38.14,226.368,230.352
38.15,222.486,231.813
38.16,222.725,228.474
38.17,225.115,231.81
38.18,223.197,227.801
38.19,222.152,225.703
38.2,224.058,230.062
38.21,223.159,231.178
38.22,221.253,228.102
38.23,223.914,226.681
38.24,220.855,230.071
38.25,224.167,232.999
38.26,222.737,228.691
38.27,222.133,230.212
38.28,223.129,232.871
38.29,224.412,232.101
38.3,226.25,232.928
38.31,224.732,230.014
38.32,224.68,227.554
38.33,225.028,230.944
38.34,222.641,229.317
38.35,222.346,231.892
38.36,226.821,229.756
38.37,225.36,229.302
38.38,224.497,230.51
38.39,226.487,229.611
38.4,225.516,230.859
38.41,226.048,231.782
38.42,225.633,232.639
38.43,228.172,232.036
38.44,224.181,232.405
38.45,228.336,233.892
38.46,222.458,233.931
38.47,224.007,235.473
38.48,226.165,236.162
38.49,226.668,231.972
38.5,226.31,231.269
38.51,226.354,231.165
38.52,223.689,232.026
38.53,223.508,235.819
38.54,225.879,235.513
38.55,223.458,233.958
38.56,226.895,233.894
38.57,225.023,232.811
38.58,226.719,231.025
38.59,225.602,230.944
38.6,223.272,232.976
38.61,222.591,233.969
38.62,221.762,232.692
38.63,224.086,229.998
38.64,222.598,229.962
38.65,224.107,233.7
38.66,224.405,231.674
38.67,221.893,231.591
38.68,230.992,231.555
38.69,224.404,229.469
38.7,226.705,233.822
38.71,225.444,234.846
38.72,223.543,229.959
38.73,222.568,229.43
38.74,223.548,230.232
38.75,224.964,229.215
38.76,224.954,233.595
38.77,224.839,230.884
38.78,224.028,232.733
38.79,224.482,230.053
38.8,224.964,230.0
38.81,222.771,235.089
38.82,227.938,232.128
38.83,225.622,232.84
38.84,223.698,235.548
38.85,222.644,232.756
38.86,222.936,232.169
38.87,222.397,229.573
38.88,224.955,232.396
38.89,223.364,230.613
38.9,222.267,229.221
38.91,225.07,231.714
38.92,222.416,235.099
38.93,223.816,229.669
38.94,223.482,235.615
38.95,224.333,236.086
38.96,224.517,230.067
38.97,226.212,235.609
38.98,227.777,235.248
38.99,227.776,234.624
39.0,228.234,233.872
39.01,228.098,232.748
39.02,227.351,233.511
39.03,226.301,227.636
39.04,226.937,230.771
39.05,225.084,230.855
39.06,227.148,234.324
39.07,227.6,234.741
39.08,228.813,236.784
39.09,229.183,234.36
39.1,224.091,234.506
39.11,225.086,236.778
39.12,223.635,236.475
39.13,226.573,232.715
39.14,223.346,239.754
39.15,227.274,237.541
39.16,223.513,236.271
39.17,223.515,237.015
39.18,228.149,238.668
39.19,225.268,236.874
39.2,224.327,240.675
39.21,227.367,235.79
39.22,221.064,232.194
39.23,224.279,236.797
39.24,225.446,233.533
39.25,225.063,234.003
39.26,222.357,232.995
39.27,225.294,239.194
39.28,226.846,231.494
39.29,223.786,235.589
39.3,222.766,232.381
39.31,224.641,236.855
39.32,224.061,236.95
39.33,229.882,236.057
39.34,226.895,236.814
39.35,227.115,234.604
39.36,224.84,234.916
39.37,224.91,235.414
39.38,223.226,234.82
39.39,222.256,234.08
39.4,228.622,233.587
39.41,224.313,231.296
39.42,225.428,233.203
39.43,225.35,237.361
39.44,224.761,233.405
39.45,224.769,229.425
39.46,226.71,236.202
39.47,227.531,232.295
39.48,228.328,232.342
39.49,223.38,236.326
39.5,225.154,231.534
39.51,224.722,233.575
39.52,227.727,231.299
39.53,229.302,235.109
39.54,223.566,236.77
39.55,227.606,234.315
39.56,223.73,232.746
39.57,222.642,229.321
39.58,226.654,233.549
39.59,225.114,232.103
39.6,224.84,230.447
39.61,226.193,227.974
39.62,224.152,233.585
39.63,225.577,232.013
39.64,225.574,230.841
39.65,225.242,232.343
39.66,221.996,229.864
39.67,222.403,234.088
39.68,225.365,232.185
39.69,224.228,236.0
39.7,226.805,234.89
39.71,225.613,228.199
39.72,227.274,228.325
39.73,226.873,229.222
39.74,225.635,229.171
39.75,224.252,231.034
39.76,224.249,225.957
39.77,225.571,228.984
39.78,228.793,232.806
39.79,223.595,230.158
39.8,224.507,232.774
39.81,228.245,228.994
39.82,222.463,235.109
39.83,225.541,234.597
39.84,223.7,230.051
39.85,224.584,228.928
39.86,226.577,233.115
39.87,223.877,229.732
39.88,223.977,230.987
39.89,224.812,227.62
39.9,220.33,230.881
39.91,219.581,229.188
39.92,225.165,231.825
39.93,225.411,228.612
39.94,228.049,228.709
39.95,225.69,227.739
39.96,224.22,232.164
39.97,226.239,231.172
39.98,223.948,234.589
39.99,226.694,231.092
40.0,225.852,231.419
40.01,224.996,229.864
40.02,225.55,229.532
40.03,225.774,232.661
40.04,228.668,230.996
40.05,229.681,228.239
40.06,223.651,231.463
40.07,228.914,230.617
40.08,225.866,228.598
40.09,226.866,230.109
40.1,227.026,228.052
40.11,228.775,230.459
40.12,228.11,229.108
40.13,223.716,227.71
40.14,226.512,230.277
40.15,225.491,225.658
40.16,225.056,228.32
40.17,227.873,225.402
40.18,225.235,226.75
40.19,229.453,229.749
40.2,226.569,228.858
40.21,228.558,226.213
40.22,223.659,225.717
40.23,225.496,225.542
40.24,229.038,225.306
40.25,230.492,227.476
40.26,227.304,226.114
40.27,227.417,223.673
40.28,226.314,226.903
40.29,223.85,228.173
40.3,229.339,229.262
40.31,224.349,225.0
40.32,227.448,226.588
40.33,227.239,228.104
40.34,228.152,225.472
40.35,225.389,229.818
40.36,225.476,226.916
40.37,225.021,228.954
40.38,224.156,229.748
40.39,227.147,228.828
40.4,228.154,227.971
40.41,226.016,227.387
40.42,225.799,228.653
40.43,228.518,229.151
40.44,224.473,231.93
40.45,224.188,231.945
40.46,227.073,232.409
40.47,231.792,229.157
40.48,222.569,227.988
40.49,224.076,231.973
40.5,226.553,228.2
40.51,225.99,229.074
40.52,228.061,225.866
40.53,225.453,227.792
40.54,228.857,227.147
40.55,225.931,229.753
40.56,225.666,231.575
40.57,227.09,228.941
40.58,224.539,228.337
40.59,227.276,226.892
40.6,225.465,225.16
40.61,226.568,224.926
40.62,229.829,226.573
40.63,232.556,229.478
40.64,224.989,226.135
40.65,223.909,227.886
40.66,224.621,230.514
40.67,223.907,226.678
40.68,225.822,229.749
40.69,225.108,228.158
40.7,224.025,225.633
40.71,225.662,225.29
40.72,227.864,226.681
40.73,222.757,226.657
40.74,222.749,228.306
40.75,227.788,229.681
40.76,226.255,230.637
40.77,226.464,229.605
40.78,225.632,228.037
40.79,225.895,228.718
40.8,224.181,228.794
40.81,226.483,229.098
40.82,223.562,231.544
40.83,224.601,227.859
40.84,225.547,226.026
40.85,225.743,229.881
40.86,226.735,228.201
40.87,226.449,227.219
40.88,226.984,228.161
40.89,226.116,223.986
40.9,226.145,228.381
40.91,227.642,223.799
40.92,227.967,227.345
40.93,227.587,226.1
40.94,226.24,226.569
40.95,227.947,225.823
40.96,229.746,228.541
40.97,231.101,226.826
40.98,228.201,226.933
40.99,226.619,226.38
41.0,225.663,229.223
41.01,226.898,229.005
41.02,224.903,226.175
41.03,225.774,228.04
41.04,226.641,228.145
41.05,224.809,227.61
41.06,228.315,231.59
41.07,231.691,225.159
41.08,228.649,228.614
41.09,230.508,226.154
41.1,228.953,229.798
41.11,234.112,231.146
41.12,232.753,228.365
41.13,232.691,228.004
41.14,233.329,225.309
41.15,233.389,226.651
41.16,234.452,226.567
41.17,235.035,231.312
41.18,230.466,226.865
41.19,232.641,227.851
41.2,233.3,227.075
41.21,234.147,225.889
41.22,232.659,231.864
41.23,235.331,231.359
41.24,230.394,232.166
41.25,235.078,229.055
41.26,234.816,231.16
41.27,231.312,230.098
41.28,234.81,231.825
41.29,234.975,230.278
41.3,234.563,230.63
41.31,230.918,232.3
41.32,232.512,229.483
41.33,231.205,228.91
41.34,231.365,231.539
41.35,230.016,233.436
41.36,232.486,234.455
41.37,233.117,232.449
41.38,224.602,233.236
41.39,228.634,231.892
41.4,226.258,232.725
41.41,229.372,230.434
41.42,226.314,233.19
41.43,226.703,232.804
41.44,227.388,229.17
41.45,229.391,226.091
41.46,231.179,231.955
41.47,230.649,228.903
41.48,232.577,230.924
41.49,229.633,229.298
41.5,230.267,232.473
41.51,234.278,230.595
41.52,230.574,231.378
41.53,229.154,230.493
41.54,230.956,227.031
41.55,231.917,227.431
41.56,231.349,229.494
41.57,227.005,230.036
41.58,230.483,228.875
41.59,228.647,228.893
41.6,234.298,226.216
41.61,231.678,228.638
41.62,231.072,231.905
41.63,231.925,233.819
41.64,227.406,231.095
41.65,225.675,229.737
41.66,229.618,228.671
41.67,229.726,232.998
41.68,230.818,231.33
41.69,227.541,230.911
41.7,231.183,232.444
41.71,233.551,231.767
41.72,232.777,230.875
41.73,230.701,229.722
41.74,230.818,233.324
41.75,230.911,228.689
41.76,231.033,232.678
41.77,233.361,232.217
41.78,233.273,232.24
41.79,232.252,235.691
41.8,230.872,234.665
41.81,231.472,230.737
41.82,230.262,234.548
41.83,235.094,232.323
41.84,231.661,230.983
41.85,229.96,232.269
41.86,234.023,230.065
41.87,232.938,227.308
41.88,235.641,233.718
41.89,232.288,229.052
41.9,232.154,228.201
41.91,232.333,231.614
41.92,230.503,230.181
41.93,230.422,228.343
41.94,228.943,230.42
41.95,231.0,229.394
41.96,229.33,231.608
41.97,226.333,230.052
41.98,227.656,232.231
41.99,227.712,236.144
42.0,229.417,234.849
42.01,231.545,233.618
42.02,232.857,234.699
42.03,227.481,234.378
42.04,231.612,233.959
42.05,228.064,234.003
42.06,230.181,230.455
42.07,229.274,229.727
42.08,229.411,233.095
42.09,228.64,233.792
42.1,228.605,236.344
42.11,229.01,230.897
42.12,227.093,236.14
42.13,227.987,231.809
42.14,225.811,233.935
42.15,230.807,230.821
42.16,223.936,230.444
42.17,228.436,234.304
42.18,228.225,232.91
42.19,229.138,231.363
42.2,230.019,232.882
42.21,229.896,232.778
42.22,230.857,233.626
42.23,228.278,232.137
42.24,229.416,231.135
42.25,228.596,233.478
42.26,226.56,234.202
42.27,226.712,230.933
42.28,229.674,229.41
42.29,225.658,234.558
42.3,230.396,230.691
42.31,230.137,228.454
42.32,229.297,230.567
42.33,232.454,232.462
42.34,232.837,233.825
42.35,233.148,233.143
42.36,234.095,232.792
42.37,231.176,230.627
42.38,227.189,234.094
42.39,226.87,231.307
42.4,230.052,231.836
42.41,230.236,230.354
42.42,228.749,229.103
42.43,230.806,232.212
42.44,228.88,229.816
42.45,227.231,229.084
42.46,232.108,227.096
42.47,229.724,228.445
42.48,230.027,231.084
42.49,228.485,227.369
42.5,226.165,227.809
42.51,230.294,226.267
42.52,225.399,231.339
42.53,227.11,229.794
42.54,228.397,228.386
42.55,228.72,232.249
42.56,230.933,228.535
42.57,232.515,224.339
42.58,228.571,226.27
42.59,230.12,228.452
42.6,230.47,226.125
42.61,229.973,231.275
42.62,231.338,231.869
42.63,228.563,233.374
42.64,230.905,228.026
42.65,229.939,225.006
42.66,231.78,223.317
42.67,228.52,226.847
42.68,229.066,226.997
42.69,229.424,229.706
42.7,228.733,226.402
42.71,228.376,226.05
42.72,232.338,231.974
42.73,230.003,223.537
42.74,228.457,228.696
42.75,231.062,224.912
42.76,230.253,227.918
42.77,234.139,227.162
42.78,230.644,224.818
42.79,230.314,220.528
42.8,230.852,224.901
42.81,233.109,223.577
42.82,233.999,224.395
42.83,232.132,226.01
42.84,233.527,226.124
42.85,230.884,224.347
42.86,228.486,222.015
42.87,227.681,226.681
42.88,228.559,227.135
42.89,229.014,225.254
42.9,227.409,225.184
42.91,231.069,224.804
42.92,227.248,223.824
42.93,229.318,227.554
42.94,231.573,224.021
42.95,226.52,227.164
42.96,228.052,229.524
42.97,225.756,226.105
42.98,227.224,227.626
42.99,226.781,231.288
43.0,227.098,230.511
43.01,227.207,228.134
43.02,229.184,228.344
43.03,224.907,227.356
43.04,225.286,231.592
43.05,227.095,232.257
43.06,231.077,230.949
43.07,228.219,227.89
43.08,229.256,225.853
43.09,227.743,224.901
43.1,230.409,227.325
43.11,228.906,230.394
43.12,232.504,231.057
43.13,227.885,229.17
43.14,230.039,227.923
43.15,230.25,226.947
43.16,230.592,230.073
43.17,230.56,225.729
43.18,233.169,229.113
43.19,232.297,228.396
43.2,227.875,226.364
43.21,228.494,228.501
43.22,230.423,232.138
43.23,229.235,228.441
43.24,233.439,230.359
43.25,231.266,226.933
43.26,232.234,230.836
43.27,230.482,229.132
43.28,231.395,230.029
43.29,228.042,230.859
43.3,227.733,231.082
43.31,227.895,231.377
43.32,229.738,231.172
43.33,230.876,230.651
43.34,230.221,226.993
43.35,232.362,228.475
43.36,230.078,232.28
43.37,231.89,231.786
43.38,229.377,229.693
43.39,230.856,228.667
43.4,228.381,228.956
43.41,229.379,231.407
43.42,231.907,229.3
43.43,227.746,232.747
43.44,233.15,236.141
43.45,228.571,235.413
43.46,228.746,230.692
43.47,228.334,232.703
43.48,228.896,229.119
43.49,229.766,233.539
43.5,227.417,233.891
43.51,233.585,233.087
43.52,231.466,230.865
43.53,231.213,232.111
43.54,234.427,233.629
43.55,231.515,231.642
43.56,231.924,231.729
43.57,232.191,230.571
43.58,232.388,231.285
43.59,230.527,231.446
43.6,232.178,233.259
43.61,232.197,232.867
43.62,232.001,231.085
43.63,230.427,228.67
43.64,235.233,230.502
43.65,233.059,234.481
43.66,233.182,232.299
43.67,233.491,229.942
43.68,231.629,236.241
43.69,231.246,232.303
43.7,232.134,229.256
43.71,230.408,231.181
43.72,231.709,230.521
43.73,231.02,228.459
43.74,229.798,231.104
43.75,231.602,229.511
43.76,234.0,228.884
43.77,233.828,230.445
43.78,230.902,231.833
43.79,229.737,228.08
43.8,230.201,232.522
43.81,231.478,230.952
43.82,227.274,230.105
43.83,234.747,228.658
43.84,228.921,230.06
43.85,226.064,228.551
43.86,229.89,231.413
43.87,228.459,233.117
43.88,229.052,230.511
43.89,231.035,232.921
43.9,229.401,231.641
43.91,232.683,231.631
43.92,225.921,231.2
43.93,227.416,237.121
43.94,232.155,232.688
43.95,230.496,231.597
43.96,228.019,230.835
43.97,227.352,231.378
43.98,228.771,232.039
43.99,228.425,230.047
44.0,228.703,232.026
44.01,230.809,234.593
44.02,226.262,227.684
44.03,227.352,233.308
44.04,230.101,232.017
44.05,230.181,233.481
44.06,229.554,234.192
44.07,224.615,231.147
44.08,226.813,228.773
44.09,227.648,232.229
44.1,224.829,233.514
44.11,228.674,231.958
44.12,228.725,231.129
44.13,231.143,228.307
44.14,228.145,230.679
44.15,229.419,229.97
44.16,228.691,228.046
44.17,229.258,229.941
44.18,228.804,231.662
44.19,224.74,230.082
44.2,227.523,233.008
44.21,231.727,229.475
44.22,228.609,228.071
44.23,229.669,229.62
44.24,226.008,232.312
44.25,229.614,230.47
44.26,227.663,228.873
44.27,228.544,227.979
44.28,226.848,230.578
44.29,229.881,231.018
44.3,227.694,226.112
44.31,230.771,227.929
44.32,227.711,229.83
44.33,231.303,226.119
44.34,228.515,223.923
44.35,230.436,225.387
44.36,230.656,229.882
44.37,231.175,227.964
44.38,230.178,230.745
44.39,231.106,228.978
44.4,233.424,227.151
44.41,230.64,229.903
44.42,234.726,229.957
44.43,233.266,230.142
44.44,231.665,233.27
44.45,230.972,229.526
44.46,229.877,228.875
44.47,233.087,229.533
44.48,228.059,231.79
44.49,228.848,229.911
44.5,228.536,228.684
44.51,230.957,230.244
44.52,228.55,229.507
44.53,231.293,228.044
44.54,228.378,227.574
44.55,235.015,227.701
44.56,232.077,230.448
44.57,231.517,231.827
44.58,231.276,229.553
44.59,229.498,227.548
44.6,228.781,227.009
44.61,226.111,228.456
44.62,225.511,225.889
44.63,227.182,230.727
44.64,229.307,230.583
44.65,226.99,230.421
44.66,231.716,231.579
44.67,227.149,228.945
44.68,230.183,231.772
44.69,226.4,230.495
44.7,230.864,231.263
44.71,229.147,228.5
44.72,228.638,232.489
44.73,227.814,231.948
44.74,230.571,234.572
44.75,230.715,230.312
44.76,230.797,231.245
44.77,228.426,231.383
44.78,230.327,231.477
44.79,230.356,231.331
44.8,233.516,231.896
44.81,230.853,228.101
44.82,231.767,228.805
44.83,227.17,231.275
44.84,227.055,231.202
44.85,231.968,232.149
44.86,230.91,235.019
44.87,227.367,231.956
44.88,226.451,231.787
44.89,228.438,235.34
44.9,227.866,234.54
44.91,230.008,232.895
44.92,227.404,235.089
44.93,225.772,236.791
44.94,229.453,234.752
44.95,228.575,235.703
44.96,228.413,236.547
44.97,228.795,234.361
44.98,229.498,233.333
44.99,227.313,234.786
45.0,229.583,235.474
45.01,229.538,234.411
45.02,226.032,235.161
45.03,230.075,235.669
45.04,227.9,232.38
45.05,227.44,237.0
45.06,226.932,238.397
45.07,227.419,234.154
45.08,227.505,231.263
45.09,228.443,235.491
45.1,226.072,237.144
45.11,225.963,234.094
45.12,224.325,231.536
45.13,226.479,232.353
45.14,227.808,234.262
45.15,227.085,236.34
45.16,227.775,239.284
45.17,228.028,237.516
45.18,225.718,236.776
45.19,230.893,235.416
45.2,230.298,232.357
45.21,228.651,233.542
45.22,225.305,232.973
45.23,225.806,235.698
45.24,226.11,236.252
45.25,228.012,235.959
45.26,224.882,234.019
45.27,227.938,232.869
45.28,228.998,236.137
45.29,229.489,233.829
45.3,227.883,233.412
45.31,221.853,236.635
45.32,224.58,233.902
45.33,230.704,233.438
45.34,229.48,233.255
45.35,226.412,238.655
45.36,224.43,236.961
45.37,227.513,237.361
45.38,227.527,234.584
45.39,225.855,238.626
45.4,227.35,233.562
45.41,226.107,232.923
45.42,227.786,235.092
45.43,226.823,233.952
45.44,228.308,235.183
45.45,230.494,234.357
45.46,225.211,230.923
45.47,229.304,233.497
45.48,226.425,236.502
45.49,231.403,234.631
45.5,229.041,233.883
45.51,229.632,234.766
45.52,230.567,232.554
45.53,228.691,232.745
45.54,226.465,233.442
45.55,228.249,234.13
45.56,229.502,234.218
45.57,226.029,232.598
45.58,228.978,236.309
45.59,229.221,233.478
45.6,228.723,233.627
45.61,228.541,235.097
45.62,231.863,234.187
45.63,231.558,239.133
45.64,233.205,238.937
45.65,226.862,238.875
45.66,231.629,237.176
45.67,229.688,236.019
45.68,228.083,237.824
45.69,227.696,235.15
45.7,231.347,237.65
45.71,230.147,233.454
45.72,234.129,234.024
45.73,231.534,236.493
45.74,231.024,232.258
45.75,227.768,232.468
45.76,227.593,232.772
45.77,230.118,235.051
45.78,229.455,233.609
45.79,227.817,235.027
45.8,229.369,236.741
45.81,224.254,237.34
45.82,226.512,231.444
45.83,226.199,234.508
45.84,225.909,232.721
45.85,228.204,234.08
45.86,228.488,235.754
45.87,229.061,233.603
45.88,230.843,234.88
45.89,230.445,234.089
45.9,231.402,233.799
45.91,229.918,233.031
45.92,230.8,236.491
45.93,228.895,232.92
45.94,228.005,234.842
45.95,228.276,232.916
45.96,225.867,230.34
45.97,227.823,235.936
45.98,228.218,231.773
45.99,227.452,236.914
46.0,226.917,236.965
46.01,229.257,233.814
46.02,227.116,231.543
46.03,225.789,230.023
46.04,228.244,232.002
46.05,228.921,233.462
46.06,229.942,230.645
46.07,230.264,229.063
46.08,231.059,231.935
46.09,232.275,234.575
46.1,228.447,235.496
46.11,227.83,235.708
46.12,228.891,237.351
46.13,226.747,233.571
46.14,228.427,234.217
46.15,224.588,230.898
46.16,230.036,237.277
46.17,227.7,236.712
46.18,224.522,233.896
46.19,225.861,236.573
46.2,225.086,235.17
46.21,226.948,231.104
46.22,227.382,233.771
46.23,227.575,231.068
46.24,227.954,233.909
46.25,229.585,235.706
46.26,227.978,236.476
46.27,229.675,233.036
46.28,226.69,234.723
46.29,227.965,231.191
46.3,230.397,234.645
46.31,227.367,230.197
46.32,230.812,234.237
46.33,230.389,235.836
46.34,229.262,234.61
46.35,227.746,235.351
46.36,227.373,237.39
46.37,227.39,237.941
46.38,225.328,237.747
46.39,228.439,237.889
46.4,230.898,234.104
46.41,230.102,234.201
46.42,229.443,233.967
46.43,231.58,236.161
46.44,233.926,235.58
46.45,230.353,234.145
46.46,231.834,234.626
46.47,226.356,239.308
46.48,228.291,233.549
46.49,229.195,238.6
46.5,231.963,237.566
46.51,230.621,235.411
46.52,230.695,236.111
46.53,228.317,236.514
46.54,232.325,237.006
46.55,233.59,232.865
46.56,227.236,235.474
46.57,231.866,239.518
46.58,231.22,233.53
46.59,229.553,236.549
46.6,227.67,237.012
46.61,229.481,233.52
46.62,228.902,238.67
46.63,227.29,235.332
46.64,228.324,235.662
46.65,226.858,234.848
46.66,228.273,232.272
46.67,227.016,235.332
46.68,225.968,234.429
46.69,225.817,239.137
46.7,227.023,240.364
46.71,231.34,237.716
46.72,229.798,237.625
46.73,228.085,236.049
46.74,229.211,232.929
46.75,228.369,233.831
46.76,226.329,235.208
46.77,233.566,234.7
46.78,227.812,237.126
46.79,230.8,236.404
46.8,231.081,236.661
46.81,235.024,234.702
46.82,230.367,232.404
46.83,227.95,228.841
46.84,233.66,234.348
46.85,225.324,234.176
46.86,230.493,233.752
46.87,233.761,235.689
46.88,230.709,232.301
46.89,234.106,234.484
46.9,231.948,235.63
46.91,232.016,232.643
46.92,232.507,233.921
46.93,234.312,231.965
46.94,229.215,228.765
46.95,228.726,233.235
46.96,229.277,234.819
46.97,232.643,231.639
46.98,231.861,235.309
46.99,235.168,235.928
47.0,230.355,232.417
47.01,230.612,233.589
47.02,228.123,234.921
47.03,226.525,234.753
47.04,228.305,233.224
47.05,227.893,233.941
47.06,227.203,236.818
47.07,229.842,237.776
47.08,229.676,236.847
47.09,231.063,233.335
47.1,231.889,233.818
47.11,231.094,232.177
47.12,231.117,229.618
47.13,231.282,232.107
47.14,228.79,228.559
47.15,231.918,228.122
47.16,232.307,230.845
47.17,233.185,231.718
47.18,235.054,231.009
47.19,231.553,232.87
47.2,235.549,231.412
47.21,235.075,231.244
47.22,233.397,231.586
47.23,230.876,231.565
47.24,230.664,229.233
47.25,231.908,235.31
47.26,228.815,230.385
47.27,232.684,231.407
47.28,233.032,228.827
47.29,231.525,231.723
47.3,231.302,230.461
47.31,229.971,228.973
47.32,230.849,233.878
47.33,229.134,227.165
47.34,230.752,234.66
47.35,226.358,230.559
47.36,229.922,233.227
47.37,232.377,228.472
47.38,229.371,235.244
47.39,229.999,229.36
47.4,231.284,230.521
47.41,230.248,232.412
47.42,228.181,231.887
47.43,227.295,230.089
47.44,229.052,228.751
47.45,230.039,227.737
47.46,229.657,230.253
47.47,229.469,231.486
47.48,232.168,230.434
47.49,228.883,232.141
47.5,228.061,232.118
47.51,229.062,234.592
47.52,230.353,232.483
47.53,228.03,233.393
47.54,233.571,231.578
47.55,227.211,229.417
47.56,230.465,231.288
47.57,229.95,233.105
47.58,229.988,233.441
47.59,227.862,232.283
47.6,226.339,232.65
47.61,225.619,234.506
47.62,226.36,233.053
47.63,228.71,230.893
47.64,230.897,229.821
47.65,226.474,230.066
47.66,225.702,235.197
47.67,224.527,233.685
47.68,227.536,229.373
47.69,227.428,229.434
47.7,228.93,233.241
47.71,231.701,232.817
47.72,229.625,232.944
47.73,225.127,235.837
47.74,225.86,234.051
47.75,226.316,233.197
47.76,226.146,233.404
47.77,226.729,231.847
47.78,224.586,232.181
47.79,227.599,233.946
47.8,226.993,235.035
47.81,229.959,235.329
47.82,226.741,235.434
47.83,230.703,238.148
47.84,231.041,234.642
47.85,230.973,235.57
47.86,229.671,231.224
47.87,229.619,238.441
47.88,226.187,238.153
47.89,228.141,233.686
47.9,229.323,231.402
47.91,233.606,234.348
47.92,230.285,234.976
47.93,229.724,232.313
47.94,229.841,234.932
47.95,228.065,234.625
47.96,232.233,237.538
47.97,227.81,235.555
47.98,228.516,234.236
47.99,232.284,234.488
48.0,230.023,235.29
48.01,232.351,228.36
48.02,230.169,233.131
48.03,229.378,232.471
48.04,230.111,233.311
48.05,229.447,232.44
48.06,228.637,229.778
48.07,229.894,227.403
48.08,227.507,229.548
48.09,227.586,229.17
48.1,227.128,231.388
48.11,225.64,226.895
48.12,225.375,228.793
48.13,229.494,234.037
48.14,224.12,230.209
48.15,227.023,233.059
48.16,225.676,230.841
48.17,228.883,232.449
48.18,229.513,230.394
48.19,227.073,235.509
48.2,226.593,238.525
48.21,228.299,232.622
48.22,227.748,233.815
48.23,226.382,230.604
48.24,228.358,230.929
48.25,225.762,233.243
48.26,229.729,234.944
48.27,228.41,232.329
48.28,229.698,229.905
48.29,229.016,227.762
48.3,225.698,227.687
48.31,225.938,229.41
48.32,227.074,228.244
48.33,227.07,231.429
48.34,228.744,228.677
48.35,226.978,229.162
48.36,225.722,229.598
48.37,227.464,231.807
48.38,228.906,229.033
48.39,226.588,230.339
48.4,228.345,234.773
48.41,229.776,235.485
48.42,226.532,234.493
48.43,226.017,232.686
48.44,227.168,234.308
48.45,229.007,232.875
48.46,230.106,233.893
48.47,231.419,232.879
48.48,226.9,230.461
48.49,232.047,236.311
48.5,230.627,234.759
48.51,228.817,234.036
48.52,229.676,232.149
48.53,227.123,232.274
48.54,228.956,232.892
48.55,229.465,234.846
48.56,230.083,231.109
48.57,231.536,232.487
48.58,232.106,234.546
48.59,229.926,232.666
48.6,234.357,230.548
48.61,231.104,231.156
48.62,228.954,233.413
48.63,233.25,234.427
48.64,234.562,230.709
48.65,229.906,232.645
48.66,232.578,230.086
48.67,233.934,231.95
48.68,229.777,230.988
48.69,232.098,233.59
48.7,232.593,231.884
48.71,233.081,231.419
48.72,232.68,230.116
48.73,234.975,231.696
48.74,230.283,231.924
48.75,231.06,235.133
48.76,233.809,228.078
48.77,229.08,229.336
48.78,229.233,231.042
48.79,228.713,229.755
48.8,230.266,233.326
48.81,230.271,230.007
48.82,230.423,234.382
48.83,227.394,229.161
48.84,229.171,228.426
48.85,232.082,230.985
48.86,233.41,227.351
48.87,226.255,230.453
48.88,227.716,230.699
48.89,230.346,232.25
48.9,229.808,228.634
48.91,228.554,230.163
48.92,230.394,232.245
48.93,230.486,228.391
48.94,227.751,228.776
48.95,231.189,233.79
48.96,228.238,229.657
48.97,229.159,226.617
48.98,232.144,230.553
48.99,228.823,226.124
49.0,230.217,230.033
49.01,231.315,229.612
49.02,232.376,226.087
49.03,233.502,228.823
49.04,233.796,232.666
49.05,228.688,229.904
49.06,229.582,230.395
49.07,231.659,229.111
49.08,232.646,227.981
49.09,227.166,229.983
49.1,235.361,228.944
49.11,233.037,232.235
49.12,231.107,226.026
49.13,233.961,226.916
49.14,233.988,229.939
49.15,231.313,232.84
49.16,229.512,227.258
49.17,231.673,230.614
49.18,230.702,231.427
49.19,232.647,231.015
49.2,233.0,233.117
49.21,232.228,229.593
49.22,232.503,228.933
49.23,231.564,227.952
49.24,230.274,233.56
49.25,229.107,229.435
49.26,230.394,233.286
49.27,230.145,227.353
49.28,230.099,232.621
49.29,229.754,233.227
49.3,228.82,233.244
49.31,230.8,231.758
49.32,229.056,230.791
49.33,231.896,234.698
49.34,231.805,233.554
49.35,230.493,233.192
49.36,230.448,231.71
49.37,229.163,232.343
49.38,228.516,230.786
49.39,231.049,230.97
49.4,232.004,233.49
49.41,228.751,232.935
49.42,229.591,229.753
49.43,231.697,229.742
49.44,230.573,233.064
49.45,227.598,230.528
49.46,229.021,228.909
49.47,228.118,233.044
49.48,229.395,232.039
49.49,230.496,231.518
49.5,230.496,232.167
49.51,228.795,233.205
49.52,227.519,230.218
49.53,225.241,229.251
49.54,226.247,233.434
49.55,226.898,230.787
49.56,229.047,232.29
49.57,227.99,232.058
49.58,226.541,231.86
49.59,228.59,237.293
49.6,227.889,233.479
49.61,229.75,228.774
49.62,225.223,233.052
49.63,232.857,231.47
49.64,229.833,233.251
49.65,228.952,233.179
49.66,230.268,232.454
49.67,230.457,231.148
49.68,227.895,229.157
49.69,225.93,227.749
49.7,229.916,230.336
49.71,226.935,232.385
49.72,230.176,231.455
49.73,226.607,227.804
49.74,227.47,230.275
49.75,229.419,234.493
49.76,227.243,232.72
49.77,225.698,230.98
49.78,227.304,229.026
49.79,227.114,231.874
49.8,226.621,233.119
49.81,231.148,230.514
49.82,229.943,232.222
49.83,229.692,234.412
49.84,229.617,234.696
49.85,232.509,233.936
49.86,233.631,226.814
49.87,233.115,227.987
49.88,229.866,231.39
49.89,228.029,231.555
49.9,233.289,231.741
49.91,232.934,229.053
49.92,230.104,231.165
49.93,232.907,232.482
49.94,228.185,230.361
49.95,229.717,232.842
49.96,226.718,225.942
49.97,228.773,227.36
49.98,226.993,228.323
49.99,230.042,228.024
50.0,227.294,226.654
50.01,226.95,230.972
50.02,231.705,227.966
50.03,228.796,227.554
50.04,228.605,230.452
50.05,226.588,230.237
50.06,231.092,232.113
50.07,227.743,230.309
50.08,226.83,231.965
50.09,228.063,226.479
50.1,226.737,224.879
50.11,225.245,229.696
50.12,226.869,226.769
50.13,228.217,231.381
50.14,229.393,225.681
50.15,230.158,229.124
50.16,231.4,229.672
50.17,229.296,225.522
50.18,230.771,226.014
50.19,231.193,228.603
50.2,233.165,228.819
50.21,229.87,228.845
50.22,231.929,229.032
50.23,229.038,228.849
50.24,231.927,228.966
50.25,230.261,230.361
50.26,234.838,230.234
50.27,234.672,228.83
50.28,233.315,227.398
50.29,232.791,227.767
50.3,235.698,228.141
50.31,226.753,231.162
50.32,231.426,230.482
50.33,232.095,227.874
50.34,231.553,231.255
50.35,231.039,230.789
50.36,233.623,229.551
50.37,229.076,231.979
50.38,231.348,228.965
50.39,233.312,229.417
50.4,230.489,227.64
50.41,233.932,232.4
50.42,231.868,229.407
50.43,234.962,229.512
50.44,233.928,230.524
50.45,230.66,229.458
50.46,230.508,225.932
50.47,234.39,229.458
50.48,233.083,229.508
50.49,233.746,232.165
50.5,235.233,228.55
50.51,233.898,229.15
50.52,237.796,230.351
50.53,235.068,233.981
50.54,233.71,227.63
50.55,232.335,232.956
50.56,234.603,231.409
50.57,230.983,231.918
50.58,230.584,231.278
50.59,231.76,234.105
50.6,232.148,232.798
50.61,229.062,231.703
50.62,230.156,231.456
50.63,234.251,232.358
50.64,231.1,236.209
50.65,232.219,228.391
50.66,233.471,229.009
50.67,231.576,233.338
50.68,230.13,229.808
50.69,230.72,231.936
50.7,232.092,232.987
50.71,230.277,232.861
50.72,232.778,231.782
50.73,233.794,229.088
50.74,229.237,233.083
50.75,233.277,232.331
50.76,231.631,230.818
50.77,230.168,233.574
50.78,231.438,230.514
50.79,229.256,229.358
50.8,231.678,231.061
50.81,229.841,232.876
50.82,234.581,232.685
50.83,234.88,234.162
50.84,231.731,230.835
50.85,231.129,231.109
50.86,234.193,234.497
50.87,231.409,231.749
50.88,229.06,233.751
50.89,233.908,231.903
50.9,229.238,233.904
50.91,231.443,232.351
50.92,232.429,231.009
50.93,233.553,230.688
50.94,229.545,230.387
50.95,234.111,231.043
50.96,230.995,231.757
50.97,233.209,233.287
50.98,228.938,229.595
50.99,231.062,230.062
51.0,227.333,230.353
51.01,226.459,231.689
51.02,228.283,230.031
51.03,227.833,233.499
51.04,227.632,230.628
51.05,228.337,233.004
51.06,232.219,232.408
51.07,229.735,231.356
51.08,227.334,233.666
51.09,233.299,232.564
51.1,230.668,229.984
51.11,230.316,230.905
51.12,231.153,230.454
51.13,230.41,233.774
51.14,231.786,231.248
51.15,232.182,231.051
51.16,227.254,231.071
51.17,228.911,231.84
51.18,229.257,233.426
51.19,230.957,226.981
51.2,228.169,231.654
51.21,226.677,232.097
51.22,227.46,228.774
51.23,230.668,228.125
51.24,229.045,227.263
51.25,229.307,228.347
51.26,230.427,228.844
51.27,227.417,228.619
51.28,228.012,231.834
51.29,226.983,230.305
51.3,224.902,229.604
51.31,229.361,231.142
51.32,229.887,231.431
51.33,226.34,226.435
51.34,230.49,229.214
51.35,228.388,232.761
51.36,227.247,230.861
51.37,227.082,230.37
51.38,226.648,232.929
51.39,224.095,229.568
51.4,226.342,228.373
51.41,225.422,231.243
51.42,227.05,230.305
51.43,227.411,230.836
51.44,227.657,231.595
51.45,222.41,229.334
51.46,228.825,228.197
51.47,227.523,229.54
51.48,226.162,231.495
51.49,225.111,235.362
51.5,228.344,229.581
51.51,226.634,228.037
51.52,227.888,232.86
51.53,228.741,228.94
51.54,229.916,227.499
51.55,225.827,227.685
51.56,228.913,228.523
51.57,226.207,227.421
51.58,230.965,228.364
51.59,230.966,229.493
51.6,229.054,229.862
51.61,230.431,231.856
51.62,229.422,230.228
51.63,231.284,230.263
51.64,233.305,234.236
51.65,232.466,234.099
51.66,229.902,231.845
51.67,230.97,233.068
51.68,232.965,227.77
51.69,232.901,231.142
51.7,232.908,228.779
51.71,226.756,232.172
51.72,230.579,227.874
51.73,232.179,230.487
51.74,229.341,231.201
51.75,231.339,232.113
51.76,230.215,231.878
51.77,226.955,231.065
51.78,228.249,227.007
51.79,227.828,230.458
51.8,228.961,226.442
51.81,227.297,230.045
51.82,229.921,228.385
51.83,231.448,229.759
51.84,231.454,230.565
51.85,234.417,229.296
51.86,227.366,232.012
51.87,227.541,230.969
51.88,230.666,229.792
51.89,230.198,233.754
51.9,228.535,231.042
51.91,233.419,228.777
51.92,229.056,226.448
51.93,230.547,231.207
51.94,228.186,233.482
51.95,225.854,231.772
51.96,225.392,231.642
51.97,231.492,232.003
51.98,229.462,228.976
51.99,231.648,231.465
52.0,229.958,231.167
52.01,228.251,230.918
52.02,229.263,234.925
52.03,231.358,230.04
52.04,232.981,233.652
52.05,227.67,227.028
52.06,227.43,229.83
52.07,231.072,231.368
52.08,229.296,231.099
52.09,226.632,229.238
52.1,229.074,228.945
52.11,229.535,230.745
52.12,227.819,229.592
52.13,229.828,231.217
52.14,231.148,228.571
52.15,232.821,227.424
52.16,231.735,232.894
52.17,234.745,228.91
52.18,230.145,230.365
52.19,233.638,229.374
52.2,229.541,231.906
52.21,232.736,230.494
52.22,227.918,235.384
52.23,230.522,231.083
52.24,229.686,229.387
52.25,227.529,231.327
52.26,228.612,231.14
52.27,228.798,232.932
52.28,225.036,229.336
52.29,229.346,229.327
52.3,228.509,231.178
52.31,230.222,226.796
52.32,228.708,228.953
52.33,230.94,227.017
52.34,224.508,230.578
52.35,229.347,228.936
52.36,229.646,228.913
52.37,229.621,226.624
52.38,228.146,228.135
52.39,229.402,228.569
52.4,226.643,226.905
52.41,226.438,228.983
52.42,226.736,227.531
52.43,228.794,226.31
52.44,229.216,229.209
52.45,227.825,226.482
52.46,228.06,229.224
52.47,227.516,229.819
52.48,228.314,228.298
52.49,227.44,228.406
52.5,227.447,228.204
52.51,226.854,229.09
52.52,226.559,228.361
52.53,228.962,229.192
52.54,223.155,233.193
52.55,232.035,227.664
52.56,228.463,230.768
52.57,230.645,227.516
52.58,228.739,227.56
52.59,230.993,231.557
52.6,230.646,227.815
52.61,232.588,227.02
52.62,232.764,229.232
52.63,230.672,227.086
52.64,231.512,225.848
52.65,229.483,226.803
52.66,227.84,227.527
52.67,229.562,228.133
52.68,230.71,224.777
52.69,228.825,227.459
52.7,229.821,226.173
52.71,228.721,230.755
52.72,231.681,229.138
52.73,229.714,231.673
52.74,230.6,226.557
52.75,231.254,226.639
52.76,230.09,222.559
52.77,232.168,226.523
52.78,230.835,227.926
52.79,226.763,227.217
52.8,227.444,228.037
52.81,228.893,223.943
52.82,230.839,228.345
52.83,227.743,230.655
52.84,228.944,231.093
52.85,229.545,227.285
52.86,230.025,229.122
52.87,229.273,229.755
52.88,225.759,230.493
52.89,225.775,227.588
52.9,227.377,228.892
52.91,226.639,228.129
52.92,227.362,226.734
52.93,226.084,225.43
52.94,228.023,229.326
52.95,229.571,226.215
52.96,227.56,225.539
52.97,226.373,224.658
52.98,225.642,232.021
52.99,226.619,225.263
53.0,227.067,224.327
53.01,227.359,225.786
53.02,225.218,226.999
53.03,231.474,227.599
53.04,230.77,224.96
53.05,230.199,226.707
53.06,229.292,224.655
53.07,233.041,223.303
53.08,224.932,223.643
53.09,228.955,223.305
53.1,228.178,223.89
53.11,228.974,226.184
53.12,223.332,227.303
53.13,229.729,223.083
53.14,231.135,222.894
53.15,228.966,221.003
53.16,231.751,223.29
53.17,226.359,225.195
53.18,229.898,223.877
53.19,229.745,223.495
53.2,227.873,224.393
53.21,230.312,222.662
53.22,225.77,226.123
53.23,229.544,225.008
53.24,228.177,225.032
53.25,228.422,226.372
53.26,230.943,225.238
53.27,230.259,226.647
53.28,234.275,223.199
53.29,233.164,221.882
53.3,227.383,224.355
53.31,230.024,226.057
53.32,229.664,221.823
53.33,227.678,223.774
53.34,228.668,222.615
53.35,227.836,224.629
53.36,225.467,221.81
53.37,226.383,226.2
53.38,224.907,222.722
53.39,229.742,222.726
53.4,228.119,224.551
53.41,231.243,226.574
53.42,229.113,225.324
53.43,226.227,229.433
53.44,231.022,225.702
53.45,232.104,230.382
53.46,226.28,227.775
53.47,229.124,227.462
53.48,227.537,224.731
53.49,232.128,227.558
53.5,228.573,228.887
53.51,229.66,226.37
53.52,226.069,225.317
53.53,225.626,225.685
53.54,228.32,225.023
53.55,226.213,225.683
53.56,225.492,222.484
53.57,228.279,226.795
53.58,226.674,226.496
53.59,228.176,225.489
53.6,227.457,223.919
53.61,223.26,226.105
53.62,223.802,224.305
53.63,226.173,225.941
53.64,225.184,223.573
53.65,226.112,228.818
53.66,224.904,223.943
53.67,224.829,225.766
53.68,228.293,230.598
53.69,228.36,225.447
53.7,229.596,223.69
53.71,230.339,227.61
53.72,230.428,226.859
53.73,227.741,226.337
53.74,231.485,227.232
53.75,227.607,223.073
53.76,228.308,225.096
53.77,234.64,227.211
53.78,229.615,227.954
53.79,231.078,225.476
53.8,232.9,228.14
53.81,230.67,228.461
53.82,234.85,227.467
53.83,231.605,226.001
53.84,231.061,226.695
53.85,230.668,228.024
53.86,226.944,223.478
53.87,229.544,227.373
53.88,227.007,223.42
53.89,228.534,227.504
53.9,232.572,229.983
53.91,229.81,226.064
53.92,230.968,227.194
53.93,230.084,223.471
53.94,229.168,228.962
53.95,227.261,227.036
53.96,228.66,229.254
53.97,228.24,222.518
53.98,228.872,223.587
53.99,227.699,226.108
54.0,227.629,225.281
54.01,228.776,226.508
54.02,228.806,226.387
54.03,228.721,227.819
54.04,225.193,228.405
54.05,226.199,228.517
54.06,228.209,226.802
54.07,227.921,227.18
54.08,227.079,227.305
54.09,229.688,226.257
54.1,231.959,224.963
54.11,225.907,227.886
54.12,228.912,224.833
54.13,225.487,228.952
54.14,232.3,230.035
54.15,234.212,229.504
54.16,230.245,227.564
54.17,232.94,223.867
54.18,228.855,229.918
54.19,230.311,225.198
54.2,231.877,225.498
54.21,231.08,227.739
54.22,226.379,224.724
54.23,232.018,223.075
54.24,233.814,228.899
54.25,230.411,225.692
54.26,230.523,226.384
54.27,228.398,224.145
54.28,227.986,224.112
54.29,227.695,220.772
54.3,233.575,220.321
54.31,230.639,222.36
54.32,231.933,222.403
54.33,229.536,223.256
54.34,227.167,226.77
54.35,228.081,226.062
54.36,224.124,223.295
54.37,227.654,225.167
54.38,227.637,223.271
54.39,227.48,221.866
54.4,227.042,225.891
54.41,229.274,225.742
54.42,226.981,227.184
54.43,227.493,225.055
54.44,229.795,226.747
54.45,228.54,225.878
54.46,229.08,226.021
54.47,228.172,222.912
54.48,229.182,225.054
54.49,230.877,225.836
54.5,228.269,225.429
54.51,225.267,228.896
54.52,228.079,227.244
54.53,226.241,230.133
54.54,228.927,225.523
54.55,230.459,228.6
54.56,229.448,224.96
54.57,232.559,224.496
54.58,227.876,225.65
54.59,230.457,223.239
54.6,230.05,225.947
54.61,227.713,226.401
54.62,226.198,224.098
54.63,225.913,223.624
54.64,224.811,228.015
54.65,226.564,225.901
54.66,229.047,229.036
54.67,229.819,224.022
54.68,230.099,222.848
54.69,230.418,223.499
54.7,226.469,226.017
54.71,225.452,221.873
54.72,230.994,223.4
54.73,231.744,224.807
54.74,230.942,224.054
54.75,227.981,227.034
54.76,229.226,221.222
54.77,227.292,224.524
54.78,228.843,224.009
54.79,227.616,223.833
54.8,227.866,221.99
54.81,230.159,221.988
54.82,228.967,225.293
54.83,231.318,220.909
54.84,230.556,222.245
54.85,230.678,220.766
54.86,231.176,221.726
54.87,231.063,225.141
54.88,230.422,223.154
54.89,233.267,220.664
54.9,230.78,221.993
54.91,230.197,224.062
54.92,231.591,222.681
54.93,225.81,221.935
54.94,229.607,222.097
54.95,227.07,222.596
54.96,229.01,224.922
54.97,232.503,222.506
54.98,230.333,226.004
54.99,226.649,223.151
55.0,227.567,222.514
55.01,229.033,223.201
55.02,232.582,225.393
55.03,234.718,223.718
55.04,230.117,224.304
55.05,232.034,222.632
55.06,232.481,225.285
55.07,232.318,225.372
55.08,228.527,224.022
55.09,232.468,225.008
55.1,232.647,222.651
55.11,231.302,222.164
55.12,233.272,225.17
55.13,232.296,221.909
55.14,229.782,226.382
55.15,231.345,221.139
55.16,229.879,223.64
55.17,228.589,225.087
55.18,227.623,224.912
55.19,233.642,225.005
55.2,232.556,220.802
55.21,229.756,223.731
55.22,234.268,224.109
55.23,232.629,223.888
55.24,231.44,227.265
55.25,234.348,226.3
55.26,236.437,228.554
55.27,233.021,223.668
55.28,231.472,224.176
55.29,232.984,225.812
55.3,235.785,223.84
55.31,235.776,221.862
55.32,233.723,224.357
55.33,236.808,220.605
55.34,233.876,224.555
55.35,235.077,224.984
55.36,233.023,226.854
55.37,233.545,223.244
55.38,233.262,224.512
55.39,232.454,224.206
55.4,234.89,221.576
55.41,230.749,222.879
55.42,229.67,224.004
55.43,233.593,225.69
55.44,233.935,220.5
55.45,235.447,224.096
55.46,233.408,223.775
55.47,233.229,221.673
55.48,234.666,221.25
55.49,233.542,223.145
55.5,232.66,225.537
55.51,229.451,223.637
55.52,231.163,227.457
55.53,233.664,222.422
55.54,232.492,223.754
55.55,234.639,224.286
55.56,234.74,220.039
55.57,227.34,225.402
55.58,230.931,223.93
55.59,230.398,223.887
55.6,232.106,222.561
55.61,232.094,225.899
55.62,235.605,224.321
55.63,236.332,224.902
55.64,232.243,224.433
55.65,234.788,225.808
55.66,234.944,228.259
55.67,237.363,224.0
55.68,233.761,221.513
55.69,231.726,224.149
55.7,232.279,219.986
55.71,235.139,225.725
55.72,236.425,222.602
55.73,233.875,221.577
55.74,233.603,221.976
55.75,232.909,224.324
55.76,230.825,223.437
55.77,235.76,219.205
55.78,231.368,224.321
55.79,233.952,226.434
55.8,231.744,221.315
55.81,228.671,228.819
55.82,230.343,224.649
55.83,231.428,223.913
55.84,234.501,220.477
55.85,233.585,225.32
55.86,234.485,221.193
55.87,233.631,224.097
55.88,233.856,224.318
55.89,231.304,221.304
55.9,231.101,221.632
55.91,233.638,221.605
55.92,231.057,227.552
55.93,227.585,222.984
55.94,231.967,225.84
55.95,230.714,222.453
55.96,231.43,223.529
55.97,232.658,221.591
55.98,228.328,220.11
55.99,227.924,223.353
56.0,229.916,223.174
56.01,228.92,223.778
56.02,231.403,221.186
56.03,233.729,221.993
56.04,233.075,224.514
56.05,230.678,223.686
56.06,232.058,225.095
56.07,228.404,225.061
56.08,232.103,224.278
56.09,231.886,226.853
56.1,229.16,224.995
56.11,230.111,225.125
56.12,231.048,225.359
56.13,230.175,224.958
56.14,229.53,224.181
56.15,233.295,223.5
56.16,229.256,226.668
56.17,226.685,222.84
56.18,230.281,223.679
56.19,228.51,222.367
56.2,232.471,223.971
56.21,229.989,223.227
56.22,228.552,225.578
56.23,232.026,226.057
56.24,230.691,225.107
56.25,228.973,223.981
56.26,230.062,223.291
56.27,232.476,219.916
56.28,233.509,223.049
56.29,231.016,223.019
56.3,234.52,224.003
56.31,230.665,225.905
56.32,230.719,228.149
56.33,230.778,225.574
56.34,228.921,222.039
56.35,231.689,224.585
56.36,233.811,221.591
56.37,231.453,223.796
56.38,229.247,226.576
56.39,227.667,225.341
56.4,232.714,224.31
56.41,231.369,226.475
56.42,229.598,228.449
56.43,229.324,225.766
56.44,230.511,225.776
56.45,228.385,225.742
56.46,227.881,221.987
56.47,228.504,223.273
56.48,231.85,225.921
56.49,232.619,224.454
56.5,230.99,222.923
56.51,229.469,223.666
56.52,229.261,225.334
56.53,227.002,225.611
56.54,230.77,222.66
56.55,229.504,224.19
56.56,228.535,220.308
56.57,229.42,221.94
56.58,227.111,226.969
56.59,227.686,221.433
56.6,231.264,221.273
56.61,230.901,221.395
56.62,228.623,223.284
56.63,230.794,220.556
56.64,231.48,224.513
56.65,232.204,219.945
56.66,231.224,224.65
56.67,229.192,221.678
56.68,229.672,220.798
56.69,230.065,221.832
56.7,230.057,220.131
56.71,232.158,220.721
56.72,231.447,219.499
56.73,230.982,219.114
56.74,229.74,220.042
56.75,229.854,220.675
56.76,233.184,217.187
56.77,226.098,219.703
56.78,230.172,221.402
56.79,227.762,220.447
56.8,231.571,220.948
56.81,230.734,220.037
56.82,227.671,222.891
56.83,233.222,224.114
56.84,227.641,221.626
56.85,231.744,222.549
56.86,228.774,218.531
56.87,228.318,222.389
56.88,225.154,219.291
56.89,228.442,219.128
56.9,225.814,222.427
56.91,230.061,222.513
56.92,228.819,225.284
56.93,228.898,220.002
56.94,228.396,222.801
56.95,229.045,222.786
56.96,230.908,222.285
56.97,234.262,221.864
56.98,234.141,221.738
56.99,231.704,220.638
57.0,227.927,223.078
57.01,229.691,220.215
57.02,230.785,221.928
57.03,226.076,220.156
57.04,231.277,220.779
57.05,229.465,222.396
57.06,229.798,221.905
57.07,227.146,222.484
57.08,228.39,220.844
57.09,229.046,220.649
57.1,229.313,221.246
57.11,230.4,219.747
57.12,229.152,219.207
57.13,229.939,219.289
57.14,229.299,224.699
57.15,228.931,224.0
57.16,226.692,222.374
57.17,228.02,222.611
57.18,227.703,221.097
57.19,224.838,222.661
57.2,228.684,224.387
57.21,229.715,225.64
57.22,229.175,223.412
57.23,228.748,222.987
57.24,228.039,220.474
57.25,228.756,223.423
57.26,228.354,222.483
57.27,231.004,226.048
57.28,232.361,225.647
57.29,230.967,220.941
57.3,228.815,223.634
57.31,226.371,222.117
57.32,230.711,218.477
57.33,228.307,223.254
57.34,230.842,221.025
57.35,229.365,222.803
57.36,230.136,220.008
57.37,228.08,222.661
57.38,230.458,221.213
57.39,230.281,222.365
57.4,227.719,219.206
57.41,232.261,222.272
57.42,227.923,228.183
57.43,231.588,226.352
57.44,230.025,223.266
57.45,229.363,225.696
57.46,228.528,225.069
57.47,228.941,224.603
57.48,229.124,227.564
57.49,231.085,223.917
57.5,228.224,222.282
57.51,228.804,224.147
57.52,225.726,226.815
57.53,226.288,224.94
57.54,223.76,226.083
57.55,226.275,222.508
57.56,229.228,225.106
57.57,228.51,223.55
57.58,228.889,225.213
57.59,229.142,224.43
57.6,227.86,222.838
57.61,228.325,225.152
57.62,228.641,221.749
57.63,227.208,225.786
57.64,225.962,224.989
57.65,224.828,227.154
57.66,226.039,222.522
57.67,220.651,226.411
57.68,225.745,224.858
57.69,227.755,227.162
57.7,223.131,227.158
57.71,226.984,227.485
57.72,230.989,224.693
57.73,229.809,223.509
57.74,229.011,221.327
57.75,227.02,221.727
57.76,229.997,227.23
57.77,223.859,227.341
57.78,225.443,224.835
57.79,224.987,221.795
57.8,225.584,225.362
57.81,227.96,223.863
57.82,228.168,231.029
57.83,224.928,228.537
57.84,225.283,227.413
57.85,225.481,229.123
57.86,226.581,227.819
57.87,226.515,226.529
57.88,227.853,226.215
57.89,224.928,226.129
57.9,226.354,228.797
57.91,226.795,230.199
57.92,223.841,230.122
57.93,225.234,230.215
57.94,223.738,224.189
57.95,226.063,225.663
57.96,224.654,231.596
57.97,223.458,227.19
57.98,226.035,226.302
57.99,228.296,226.207
58.0,225.598,227.594
58.01,229.061,226.196
58.02,225.338,227.482
58.03,224.592,225.706
58.04,226.883,226.243
58.05,228.147,226.551
58.06,227.575,228.391
58.07,225.399,225.444
58.08,230.198,223.967
58.09,229.673,226.921
58.1,228.785,227.472
58.11,230.505,226.57
58.12,228.163,227.814
58.13,226.429,228.848
58.14,226.735,225.109
58.15,233.687,228.028
58.16,232.128,223.717
58.17,231.719,227.207
58.18,230.165,226.203
58.19,232.088,228.298
58.2,231.34,225.677
58.21,227.537,227.997
58.22,232.483,226.797
58.23,230.853,227.13
58.24,230.304,228.574
58.25,230.835,227.264
58.26,233.617,225.249
58.27,232.031,224.44
58.28,233.125,221.37
58.29,232.604,224.66
58.3,232.094,225.554
58.31,232.753,227.174
58.32,232.427,227.986
58.33,235.055,232.844
58.34,233.645,228.56
58.35,229.625,227.642
58.36,231.293,225.207
58.37,232.719,224.623
58.38,235.224,227.677
58.39,231.226,222.398
58.4,227.752,222.742
58.41,227.764,224.259
58.42,230.747,221.912
58.43,231.693,227.104
58.44,234.139,223.199
58.45,235.041,226.583
58.46,234.045,231.715
58.47,230.512,230.85
58.48,230.031,228.374
58.49,229.192,224.568
58.5,230.012,227.394
58.51,229.013,227.218
58.52,228.024,226.082
58.53,233.13,222.498
58.54,224.753,224.562
58.55,225.034,223.902
58.56,222.746,228.557
58.57,230.469,226.716
58.58,228.033,225.236
58.59,230.305,225.432
58.6,227.827,224.316
58.61,231.545,224.856
58.62,230.329,223.699
58.63,232.081,223.414
58.64,230.394,224.705
58.65,232.297,224.955
58.66,230.243,222.155
58.67,230.8,224.678
58.68,230.801,225.376
58.69,233.094,225.104
58.7,232.452,224.458
58.71,232.27,227.605
58.72,229.85,228.778
58.73,232.384,226.922
58.74,228.734,228.263
58.75,226.821,228.091
58.76,227.007,232.076
58.77,231.969,229.016
58.78,227.865,229.512
58.79,227.648,227.057
58.8,226.772,226.409
58.81,231.486,224.502
58.82,230.126,226.966
58.83,228.783,226.275
58.84,228.236,225.272
58.85,225.825,224.988
58.86,229.012,225.106
58.87,228.935,224.698
58.88,228.156,222.698
58.89,230.447,224.903
58.9,231.7,224.581
58.91,232.249,229.126
58.92,229.647,226.101
58.93,229.936,225.58
58.94,230.284,226.077
58.95,231.485,225.257
58.96,230.932,224.785
58.97,227.821,225.59
58.98,229.477,224.902
58.99,226.657,223.095
59.0,231.504,224.312
59.01,227.042,224.829
59.02,229.579,221.139
59.03,229.346,226.377
59.04,229.678,225.378
59.05,228.936,225.839
59.06,229.314,224.717
59.07,230.794,224.193
59.08,226.252,227.542
59.09,227.971,224.634
59.1,228.272,224.54
59.11,233.013,227.518
59.12,230.98,223.95
59.13,230.588,230.57
59.14,228.76,225.469
59.15,232.233,226.878
59.16,229.044,224.252
59.17,234.484,224.327
59.18,231.254,227.409
59.19,233.096,223.161
59.2,231.705,223.555
59.21,231.85,224.108
59.22,234.201,222.088
59.23,228.823,223.839
59.24,232.482,226.301
59.25,233.975,227.474
59.26,232.932,226.216
59.27,231.723,224.18
59.28,230.899,223.472
59.29,231.054,226.283
59.3,231.961,229.636
59.31,231.11,225.507
59.32,231.567,227.255
59.33,231.102,223.988
59.34,230.738,227.954
59.35,230.575,225.722
59.36,234.076,227.261
59.37,229.017,225.643
59.38,231.868,228.774
59.39,231.267,223.036
59.4,230.908,227.566
59.41,230.95,224.059
59.42,230.925,220.066
59.43,231.921,229.281
59.44,228.883,224.921
59.45,229.839,226.701
59.46,231.207,228.649
59.47,229.222,225.585
59.48,227.471,225.745
59.49,230.799,226.519
59.5,233.314,229.438
59.51,229.703,225.686
59.52,231.089,224.636
59.53,229.605,227.999
59.54,229.932,224.799
59.55,228.076,227.237
59.56,227.887,226.184
59.57,229.675,225.742
59.58,226.804,226.839
59.59,226.811,224.315
59.6,227.406,224.593
59.61,227.079,224.142
59.62,227.83,224.186
59.63,228.436,223.553
59.64,231.3,222.675
59.65,231.325,225.922
59.66,229.239,223.771
59.67,231.106,226.158
59.68,225.469,224.282
59.69,225.438,224.233
59.7,226.396,224.934
59.71,227.451,225.075
59.72,228.422,218.958
59.73,221.974,219.879
59.74,230.199,224.08
59.75,226.722,223.53
59.76,224.624,224.329
59.77,226.671,226.642
59.78,223.094,226.112
59.79,226.929,227.059
59.8,227.332,229.699
59.81,228.866,226.411
59.82,228.144,228.93
59.83,227.038,231.875
59.84,226.925,230.775
59.85,224.821,230.215
59.86,226.68,229.128
59.87,228.029,228.13
59.88,228.419,233.046
59.89,228.927,229.772
59.9,229.34,228.476
59.91,226.37,225.43
59.92,227.807,228.832
59.93,227.558,226.173
59.94,228.762,228.588
59.95,228.67,226.294
59.96,231.272,228.608
59.97,225.991,223.099
59.98,228.358,223.089
59.99,233.248,224.726
60.0,232.081,224.486
60.01,227.408,226.773
60.02,232.462,223.592
60.03,228.572,224.486
60.04,228.602,221.94
60.05,230.181,222.648
60.06,232.311,222.947
60.07,232.959,224.771
60.08,232.863,221.524
60.09,233.639,222.025
60.1,231.793,220.969
60.11,230.468,225.839
60.12,228.043,223.55
60.13,225.588,224.805
60.14,230.316,223.381
60.15,231.312,223.574
60.16,230.524,223.769
60.17,227.788,221.808
60.18,229.635,225.337
60.19,231.127,225.228
60.2,229.567,223.945
60.21,227.182,227.634
60.22,225.852,227.4
60.23,229.24,223.402
60.24,234.511,225.65
60.25,228.107,227.294
60.26,228.467,225.472
60.27,225.952,222.29
60.28,229.487,221.715
60.29,223.646,222.818
60.3,226.987,226.951
60.31,223.401,229.814
60.32,224.387,223.987
60.33,227.631,227.525
60.34,226.3,224.789
60.35,228.409,225.551
60.36,225.219,222.832
60.37,226.33,226.56
60.38,225.482,224.801
60.39,227.107,226.016
60.4,227.855,220.95
60.41,228.547,226.038
60.42,227.167,226.152
60.43,227.75,223.557
60.44,227.778,223.418
60.45,226.413,222.368
60.46,229.187,223.093
60.47,229.741,221.973
60.48,227.679,223.171
60.49,229.271,225.612
60.5,228.504,225.54
60.51,229.425,222.99
60.52,226.229,220.341
60.53,226.328,223.089
60.54,227.952,221.212
60.55,224.02,220.045
60.56,230.471,225.787
60.57,226.099,224.65
60.58,224.838,225.676
60.59,228.696,226.092
60.6,227.854,220.712
60.61,229.446,224.792
60.62,230.132,225.514
60.63,231.147,222.769
60.64,230.725,226.084
60.65,232.168,223.155
60.66,229.482,226.552
60.67,228.616,227.588
60.68,226.906,227.751
60.69,224.77,224.364
60.7,227.775,227.971
60.71,228.34,226.662
60.72,225.243,227.517
60.73,224.383,221.577
60.74,223.804,227.406
60.75,229.968,222.973
60.76,229.978,225.082
60.77,231.071,223.879
60.78,229.734,224.699
60.79,227.869,225.258
60.8,229.316,223.647
60.81,226.339,225.08
60.82,228.878,222.563
60.83,228.092,221.845
60.84,226.87,222.125
60.85,227.039,225.361
60.86,231.406,225.517
60.87,229.87,221.413
60.88,229.693,225.904
60.89,228.436,224.071
60.9,228.899,223.611
60.91,228.71,225.222
60.92,225.21,223.48
60.93,224.792,225.297
60.94,225.423,224.888
60.95,224.684,228.295
60.96,227.26,226.232
60.97,226.309,224.608
60.98,223.018,224.771
60.99,226.775,224.163
61.0,229.167,227.912
61.01,228.152,224.479
61.02,227.435,226.642
61.03,225.866,225.811
61.04,227.407,224.932
61.05,229.038,224.608
61.06,228.462,226.464
61.07,225.962,224.944
61.08,227.114,226.949
61.09,230.111,228.683
61.1,228.532,225.389
61.11,226.505,226.076
61.12,227.204,225.785
61.13,227.38,227.278
61.14,225.182,224.544
61.15,225.765,226.704
61.16,226.523,226.358
61.17,227.617,226.106
61.18,229.208,226.538
61.19,229.856,226.921
61.2,228.081,218.639
61.21,229.651,224.932
61.22,225.168,223.58
61.23,226.717,226.076
61.24,225.157,226.604
61.25,225.884,224.495
61.26,229.551,221.873
61.27,229.007,222.935
61.28,227.25,224.371
61.29,227.097,225.232
61.3,226.951,225.49
61.31,226.415,221.26
61.32,225.464,222.606
61.33,227.698,227.082
61.34,228.615,223.731
61.35,231.219,222.496
61.36,226.844,224.181
61.37,232.218,226.382
61.38,227.29,223.267
61.39,227.025,223.75
61.4,230.361,221.28
61.41,227.405,221.394
61.42,226.41,215.762
61.43,228.919,220.608
61.44,226.385,224.094
61.45,225.282,224.402
61.46,227.252,222.352
61.47,228.123,221.811
61.48,228.31,220.384
61.49,229.583,221.871
61.5,227.861,223.927
61.51,230.52,225.755
61.52,228.946,226.387
61.53,229.059,226.919
61.54,228.122,222.866
61.55,228.02,226.061
61.56,229.719,223.84
61.57,233.483,222.46
61.58,231.16,225.28
61.59,234.4,226.734
61.6,230.733,224.743
61.61,234.251,225.733
61.62,228.464,226.97
61.63,231.138,227.761
61.64,233.403,225.097
61.65,230.76,221.855
61.66,229.106,225.713
61.67,230.857,226.363
61.68,228.859,223.701
61.69,227.716,223.997
61.7,231.046,225.389
61.71,228.864,222.625
61.72,228.769,223.561
61.73,230.403,225.998
61.74,224.505,222.783
61.75,227.905,226.627
61.76,226.095,225.639
61.77,231.541,226.319
61.78,232.266,224.69
61.79,230.382,226.064
61.8,229.825,231.105
61.81,230.187,226.588
61.82,230.242,226.21
61.83,227.82,226.882
61.84,230.266,226.104
61.85,230.955,230.769
61.86,233.608,225.961
61.87,230.096,225.507
61.88,227.745,225.988
61.89,229.755,224.747
61.9,229.621,230.048
61.91,229.699,228.675
61.92,226.865,228.654
61.93,230.386,226.132
61.94,228.133,227.495
61.95,231.316,224.12
61.96,230.746,231.037
61.97,229.33,225.176
61.98,230.425,230.657
61.99,226.236,228.521
62.0,229.91,229.552
62.01,229.131,227.882
62.02,225.644,229.922
62.03,227.471,228.517
62.04,229.847,226.715
62.05,229.614,224.556
62.06,232.479,227.122
62.07,231.161,227.08
62.08,228.802,226.952
62.09,230.195,225.956
62.1,229.997,228.666
62.11,228.763,228.131
62.12,230.685,226.758
62.13,228.505,225.744
62.14,229.856,227.764
62.15,230.876,227.331
62.16,229.185,230.031
62.17,227.469,225.991
62.18,226.338,228.413
62.19,229.562,231.158
62.2,228.958,226.175
62.21,226.275,228.147
62.22,225.523,229.473
62.23,225.901,226.252
62.24,227.055,228.615
62.25,226.867,229.741
62.26,226.558,226.215
62.27,223.191,226.195
62.28,223.2,227.483
62.29,230.754,228.453
62.3,228.31,225.609
62.31,228.709,228.299
62.32,227.727,226.843
62.33,226.515,227.11
62.34,229.653,225.927
62.35,226.31,223.917
62.36,228.067,223.324
62.37,229.136,228.248
62.38,228.466,226.367
62.39,226.09,226.775
62.4,226.224,221.252
62.41,225.108,224.005
62.42,230.319,223.329
62.43,226.821,227.219
62.44,228.817,222.761
62.45,227.205,228.157
62.46,229.001,221.946
62.47,227.09,226.233
62.48,227.225,222.054
62.49,229.62,222.99
62.5,226.961,220.447
62.51,227.838,225.701
62.52,226.702,228.66
62.53,226.306,225.881
62.54,226.912,226.582
62.55,223.149,224.354
62.56,223.512,226.776
62.57,228.604,224.066
62.58,227.883,225.658
62.59,229.079,224.822
62.6,226.87,229.982
62.61,226.211,226.451
62.62,227.831,224.812
62.63,229.673,226.483
62.64,230.24,225.125
62.65,227.486,228.234
62.66,227.65,225.009
62.67,230.032,227.411
62.68,231.012,224.853
62.69,225.398,227.334
62.7,229.331,222.614
62.71,231.226,226.247
62.72,230.162,224.326
62.73,228.742,224.105
62.74,227.689,225.827
62.75,229.109,224.772
62.76,225.866,227.509
62.77,232.462,220.932
62.78,231.229,225.533
62.79,227.124,222.875
62.8,228.835,227.536
62.81,227.541,222.687
62.82,226.778,226.501
62.83,226.646,224.4
62.84,225.758,223.737
62.85,226.146,227.542
62.86,227.84,225.815
62.87,229.343,225.864
62.88,228.333,224.463
62.89,227.196,224.928
62.9,229.379,218.525
62.91,230.571,225.564
62.92,229.474,220.635
62.93,227.928,220.392
62.94,228.898,222.065
62.95,228.807,223.889
62.96,227.34,222.769
62.97,233.185,224.455
62.98,233.01,226.094
62.99,230.639,225.743
63.0,228.229,225.92
63.01,230.889,223.231
63.02,232.974,223.058
63.03,228.741,226.079
63.04,230.787,224.923
63.05,233.112,228.467
63.06,230.412,229.684
63.07,230.047,228.127
63.08,227.908,230.051
63.09,228.856,228.29
63.1,228.549,227.662
63.11,227.981,228.508
63.12,227.246,228.875
63.13,229.633,225.405
63.14,229.596,229.0
63.15,228.579,230.066
63.16,228.897,228.746
63.17,227.604,222.076
63.18,226.785,226.91
63.19,227.998,224.268
63.2,226.294,223.867
63.21,232.242,223.974
63.22,225.573,226.276
63.23,231.147,231.075
63.24,228.536,227.901
63.25,230.537,226.332
63.26,231.795,224.527
63.27,234.645,224.199
63.28,231.82,225.305
63.29,229.941,226.207
63.3,231.909,224.636
63.31,229.513,222.316
63.32,230.678,221.259
63.33,225.367,223.241
63.34,226.16,225.536
63.35,227.911,224.976
63.36,226.909,223.71
63.37,226.665,224.369
63.38,223.67,223.476
63.39,227.449,225.981
63.4,232.339,225.975
63.41,226.336,224.337
63.42,226.741,222.429
63.43,225.349,222.451
63.44,229.721,224.057
63.45,225.979,219.274
63.46,229.205,222.466
63.47,224.861,223.984
63.48,225.497,224.24
63.49,229.776,225.701
63.5,231.344,222.135
63.51,227.723,222.052
63.52,227.557,222.31
63.53,225.94,221.093
63.54,225.003,225.182
63.55,227.872,223.122
63.56,230.164,222.911
63.57,226.563,224.221
63.58,224.296,220.948
63.59,226.221,225.022
63.6,225.622,221.641
63.61,227.696,220.687
63.62,226.476,223.172
63.63,225.586,223.273
63.64,228.851,224.744
63.65,223.941,227.567
63.66,225.782,225.639
63.67,225.446,223.066
63.68,230.745,224.249
63.69,227.876,224.728
63.7,233.615,224.553
63.71,231.771,223.83
63.72,228.226,224.433
63.73,230.127,219.394
63.74,227.196,223.966
63.75,229.703,223.794
63.76,228.4,221.051
63.77,228.888,222.257
63.78,227.79,225.104
63.79,227.602,221.716
63.8,226.804,224.634
63.81,225.898,223.726
63.82,230.333,224.618
63.83,230.429,223.594
63.84,227.98,227.583
63.85,230.847,227.285
63.86,229.665,224.625
63.87,226.191,226.413
63.88,227.945,224.142
63.89,229.71,225.503
63.9,227.864,226.927
63.91,230.849,227.359
63.92,229.427,228.858
63.93,228.613,227.801
63.94,229.931,228.368
63.95,227.149,228.213
63.96,224.802,225.994
63.97,227.637,227.314
63.98,227.767,226.427
63.99,229.115,225.154
64.0,226.781,226.44
64.01,226.834,222.954
64.02,226.631,229.038
64.03,225.345,224.941
64.04,229.676,225.057
64.05,223.569,226.121
64.06,227.412,225.731
64.07,225.408,226.057
64.08,223.138,225.03
64.09,225.263,222.427
64.1,222.523,223.513
64.11,223.975,227.149
64.12,226.092,224.89
64.13,227.163,223.208
64.14,227.256,223.805
64.15,226.213,225.419
64.16,224.907,224.333
64.17,224.751,223.778
64.18,224.548,227.533
64.19,228.579,226.522
64.2,230.419,227.7
64.21,227.241,225.159
64.22,224.062,226.37
64.23,226.62,229.458
64.24,226.344,224.967
64.25,226.618,224.742
64.26,232.236,224.734
64.27,229.604,224.144
64.28,228.529,227.953
64.29,228.892,226.921
64.3,233.856,228.044
64.31,229.166,226.22
64.32,228.909,225.711
64.33,227.984,224.65
64.34,229.295,224.668
64.35,229.337,225.88
64.36,230.339,227.294
64.37,224.607,225.576
64.38,229.069,224.331
64.39,228.455,225.923
64.4,230.748,225.033
64.41,228.265,223.669
64.42,226.787,226.396
64.43,228.362,227.907
64.44,230.087,225.783
64.45,226.454,225.601
64.46,226.825,227.862
64.47,229.269,228.009
64.48,229.821,233.918
64.49,232.932,231.787
64.5,227.265,230.148
64.51,229.539,228.823
64.52,229.51,229.177
64.53,226.189,229.273
64.54,229.492,231.582
64.55,233.153,229.885
64.56,228.133,230.127
64.57,226.474,228.34
64.58,230.096,230.892
64.59,230.014,226.103
64.6,227.345,223.605
64.61,226.99,225.012
64.62,233.923,225.833
64.63,227.694,224.449
64.64,227.915,224.052
64.65,226.692,227.879
64.66,227.227,225.82
64.67,227.43,225.768
64.68,233.276,227.632
64.69,231.692,228.406
64.7,233.761,228.78
64.71,230.338,225.805
64.72,233.046,229.871
64.73,229.885,226.635
64.74,234.972,229.595
64.75,232.123,231.448
64.76,233.825,228.202
64.77,228.727,227.373
64.78,230.852,228.144
64.79,227.876,227.364
64.8,227.966,228.844
64.81,227.286,225.313
64.82,230.912,224.706
64.83,229.227,227.753
64.84,233.402,227.311
64.85,228.384,225.722
64.86,226.86,223.884
64.87,228.251,227.743
64.88,228.651,224.494
64.89,230.731,223.548
64.9,230.625,228.661
64.91,226.201,227.023
64.92,228.124,226.375
64.93,227.321,227.982
64.94,226.922,226.77
64.95,228.589,224.416
64.96,228.851,228.284
64.97,225.526,222.536
64.98,225.807,228.57
64.99,226.294,226.876
65.0,227.313,228.145
65.01,225.546,226.076
65.02,224.51,227.372
65.03,227.97,228.786
65.04,224.192,227.494
65.05,223.645,228.739
65.06,223.937,230.242
65.07,224.442,227.442
65.08,224.226,231.852
65.09,224.471,228.608
65.1,225.187,227.345
65.11,224.006,231.262
65.12,225.375,231.736
65.13,224.458,229.267
65.14,227.171,230.991
65.15,224.427,234.407
65.16,227.81,231.969
65.17,225.437,230.381
65.18,225.343,230.48
65.19,225.163,232.967
65.2,226.035,229.216
65.21,223.535,229.732
65.22,229.536,226.477
65.23,224.85,229.748
65.24,224.772,231.633
65.25,226.679,230.075
65.26,229.459,227.162
65.27,224.106,226.574
65.28,227.195,227.659
65.29,225.736,227.971
65.3,227.717,233.086
65.31,228.519,228.087
65.32,227.558,229.213
65.33,227.216,226.866
65.34,227.754,229.26
65.35,226.079,230.833
65.36,226.202,225.682
65.37,225.277,229.392
65.38,228.438,230.018
65.39,226.194,230.15
65.4,226.757,228.983
65.41,224.005,227.912
65.42,226.395,227.982
65.43,226.114,227.392
65.44,225.91,228.846
65.45,222.877,228.326
65.46,227.077,225.644
65.47,226.357,226.185
65.48,225.249,226.356
65.49,225.132,229.512
65.5,225.703,228.834
65.51,226.663,226.32
65.52,227.116,224.069
65.53,224.729,223.512
65.54,230.053,222.387
65.55,229.79,225.344
65.56,222.956,225.099
65.57,226.705,225.672
65.58,224.923,225.276
65.59,224.484,222.343
65.6,227.794,226.714
65.61,227.308,222.935
65.62,225.561,223.438
65.63,229.081,226.31
65.64,227.249,223.772
65.65,227.643,221.09
65.66,227.102,221.873
65.67,227.93,226.694
65.68,226.844,223.93
65.69,228.349,222.732
65.7,227.76,222.585
65.71,229.587,222.8
65.72,227.494,224.51
65.73,224.82,221.656
65.74,224.845,224.253
65.75,225.618,221.888
65.76,226.578,221.271
65.77,226.76,222.294
65.78,228.951,223.348
65.79,224.4,222.123
65.8,226.661,224.412
65.81,228.152,221.732
65.82,225.902,221.081
65.83,225.708,223.329
65.84,226.657,225.288
65.85,224.954,220.999
65.86,225.805,221.989
65.87,224.451,220.627
65.88,225.724,223.091
65.89,228.539,224.251
65.9,228.003,228.322
65.91,224.648,222.475
65.92,227.638,225.213
65.93,225.473,222.451
65.94,226.157,222.975
65.95,228.14,226.53
65.96,226.871,226.983
65.97,228.175,224.25
65.98,228.255,223.619
65.99,226.22,220.647
66.0,226.268,220.797
66.01,226.907,221.514
66.02,223.879,217.791
66.03,224.006,219.505
66.04,224.954,223.404
66.05,223.68,225.246
66.06,225.919,224.252
66.07,227.224,225.719
66.08,224.681,226.029
66.09,228.369,221.487
66.1,226.649,223.652
66.11,227.113,223.464
66.12,226.721,223.772
66.13,221.823,223.831
66.14,222.917,224.951
66.15,227.309,226.981
66.16,226.866,226.396
66.17,229.977,222.563
66.18,225.68,222.514
66.19,230.505,225.031
66.2,224.272,224.606
66.21,228.793,227.555
66.22,224.523,224.304
66.23,225.285,222.73
66.24,223.882,228.186
66.25,226.562,228.164
66.26,225.0,224.78
66.27,228.312,229.597
66.28,224.79,230.629
66.29,224.651,230.253
66.3,228.683,228.417
66.31,227.462,227.364
66.32,226.013,229.145
66.33,227.714,230.642
66.34,227.39,227.554
66.35,224.972,224.439
66.36,226.851,227.428
66.37,225.662,226.803
66.38,228.855,225.851
66.39,224.952,226.7
66.4,228.524,231.472
66.41,226.103,226.025
66.42,228.886,229.298
66.43,228.154,229.344
66.44,225.203,226.623
66.45,231.029,226.806
66.46,228.462,229.627
66.47,228.506,231.261
66.48,227.021,228.968
66.49,230.424,225.226
66.5,227.296,229.382
66.51,228.185,229.652
66.52,229.602,229.129
66.53,227.145,229.748
66.54,229.773,223.065
66.55,229.259,225.439
66.56,228.406,228.241
66.57,229.938,226.109
66.58,227.394,224.815
66.59,226.558,228.726
66.6,222.969,228.094
66.61,221.826,226.238
66.62,222.515,230.251
66.63,223.28,226.044
66.64,225.251,225.147
66.65,227.613,225.052
66.66,223.598,226.44
66.67,223.609,225.81
66.68,224.949,225.689
66.69,227.461,224.646
66.7,223.36,226.353
66.71,222.714,224.103
66.72,223.904,226.34
66.73,225.307,226.93
66.74,223.431,227.164
66.75,224.57,223.336
66.76,227.041,222.775
66.77,223.389,224.177
66.78,222.88,224.938
66.79,226.409,225.119
66.8,226.146,225.899
66.81,225.294,223.653
66.82,225.108,228.465
66.83,223.864,229.92
66.84,224.692,229.483
66.85,224.826,226.519
66.86,228.509,227.986
66.87,228.14,225.723
66.88,228.223,229.625
66.89,226.467,226.236
66.9,223.887,227.111
66.91,224.493,232.487
66.92,224.923,231.651
66.93,227.313,231.935
66.94,226.653,228.933
66.95,225.5,228.244
66.96,228.734,227.373
66.97,226.919,228.784
66.98,225.228,228.829
66.99,225.543,223.575
67.0,227.899,225.3
67.01,227.237,230.133
67.02,226.08,227.908
67.03,224.986,225.953
67.04,221.897,225.303
67.05,226.401,225.331
67.06,225.097,225.7
67.07,222.4,225.646
67.08,224.999,225.746
67.09,224.741,227.242
67.1,225.807,222.416
67.11,224.577,224.118
67.12,229.156,223.641
67.13,227.707,225.43
67.14,225.405,225.019
67.15,228.727,228.971
67.16,226.404,231.492
67.17,225.623,227.784
67.18,225.697,224.974
67.19,227.349,231.314
67.2,226.219,224.512
67.21,227.183,226.884
67.22,227.646,230.473
67.23,224.49,225.299
67.24,227.516,222.64
67.25,227.8,221.979
67.26,224.348,223.521
67.27,224.182,224.74
67.28,224.953,225.616
67.29,228.882,226.205
67.3,226.369,225.274
67.31,226.32,222.385
67.32,228.095,223.996
67.33,228.534,229.472
67.34,224.821,226.936
67.35,229.544,226.54
67.36,225.637,226.258
67.37,225.001,227.571
67.38,225.931,228.642
67.39,225.437,225.532
67.4,225.947,230.036
67.41,228.34,228.226
67.42,227.312,230.295
67.43,223.667,222.544
67.44,227.155,226.773
67.45,226.942,226.176
67.46,226.834,229.297
67.47,228.163,227.296
67.48,227.453,226.941
67.49,225.832,226.938
67.5,228.11,227.091
67.51,227.12,224.066
67.52,229.822,228.907
67.53,227.301,224.838
67.54,226.238,225.874
67.55,228.077,227.816
67.56,225.221,226.886
67.57,222.264,225.984
67.58,227.769,221.917
67.59,227.09,226.65
67.6,228.58,223.846
67.61,228.558,225.415
67.62,227.868,225.546
67.63,230.628,225.752
67.64,228.332,226.037
67.65,228.019,223.951
67.66,227.574,222.679
67.67,227.447,224.814
67.68,227.772,223.754
67.69,228.773,228.457
67.7,231.533,226.807
67.71,230.35,228.334
67.72,228.971,225.505
67.73,231.678,224.349
67.74,227.375,223.229
67.75,226.926,229.313
67.76,227.762,227.111
67.77,228.356,228.071
67.78,229.594,225.781
67.79,229.737,228.174
67.8,228.39,223.385
67.81,226.428,224.928
67.82,228.02,222.209
67.83,229.307,223.777
67.84,226.116,227.055
67.85,231.706,226.003
67.86,226.733,229.475
67.87,226.541,225.209
67.88,225.136,226.878
67.89,227.797,229.247
67.9,228.754,226.77
67.91,227.739,228.285
67.92,229.424,228.716
67.93,226.467,226.574
67.94,231.286,227.009
67.95,227.263,226.116
67.96,228.041,225.739
67.97,228.289,225.203
67.98,224.682,227.713
67.99,225.721,228.033
68.0,226.721,229.405
68.01,228.749,226.643
68.02,231.564,227.922
68.03,225.989,225.748
68.04,228.729,227.111
68.05,228.778,229.407
68.06,229.925,229.522
68.07,229.626,224.079
68.08,228.673,226.56
68.09,227.354,227.917
68.1,232.016,226.515
68.11,226.695,223.523
68.12,225.368,222.834
68.13,227.442,226.127
68.14,229.061,225.611
68.15,230.946,227.468
68.16,227.508,226.654
68.17,232.374,229.782
68.18,226.88,226.817
68.19,223.733,228.454
68.2,223.035,228.147
68.21,227.406,227.273
68.22,229.579,223.866
68.23,225.624,229.574
68.24,228.478,228.411
68.25,228.391,226.255
68.26,227.226,226.69
68.27,226.243,226.328
68.28,225.29,226.98
68.29,226.624,232.009
68.3,230.746,225.478
68.31,228.136,227.692
68.32,224.211,227.267
68.33,231.384,226.523
68.34,232.514,225.181
68.35,228.606,223.309
68.36,229.394,222.636
68.37,229.583,224.079
68.38,227.446,222.205
68.39,229.136,226.224
68.4,225.727,228.301
68.41,228.731,223.657
68.42,229.315,221.053
68.43,228.364,223.831
68.44,230.385,222.705
68.45,225.667,225.882
68.46,228.808,226.686
68.47,227.926,226.174
68.48,225.869,225.262
68.49,229.35,223.723
68.5,228.167,225.56
68.51,227.423,226.215
68.52,230.746,226.768
68.53,228.449,228.799
68.54,231.807,228.149
68.55,227.592,226.003
68.56,225.348,226.174
68.57,226.973,229.772
68.58,229.133,228.301
68.59,228.058,225.896
68.6,228.334,228.873
68.61,227.471,226.457
68.62,228.861,228.846
68.63,229.417,230.315
68.64,228.917,226.868
68.65,229.697,226.66
68.66,227.018,229.167
68.67,226.949,225.583
68.68,228.765,231.108
68.69,227.955,228.508
68.7,227.311,226.014
68.71,229.975,227.528
68.72,227.537,227.272
68.73,226.953,226.011
68.74,228.664,229.305
68.75,226.503,228.763
68.76,229.611,223.477
68.77,231.06,225.127
68.78,233.828,224.015
68.79,226.605,227.231
68.8,228.483,224.547
68.81,230.847,231.7
68.82,228.987,224.055
68.83,229.389,224.013
68.84,225.59,223.37
68.85,229.676,226.486
68.86,230.167,227.116
68.87,230.358,228.295
68.88,231.951,223.544
68.89,229.9,227.323
68.9,228.109,223.607
68.91,229.301,225.896
68.92,229.417,224.93
68.93,227.102,223.795
68.94,228.406,227.848
68.95,227.83,224.457
68.96,230.035,226.253
68.97,232.691,226.006
68.98,231.852,226.693
68.99,231.487,225.656
69.0,230.444,227.436
69.01,231.093,223.54
69.02,230.96,227.311
69.03,229.964,226.943
69.04,231.013,224.622
69.05,229.843,225.431
69.06,227.61,222.39
69.07,228.962,222.418
69.08,224.018,222.899
69.09,228.127,224.68
69.1,228.256,221.594
69.11,229.742,225.408
69.12,230.345,223.644
69.13,232.956,225.456
69.14,232.464,223.742
69.15,232.715,223.532
69.16,231.876,221.859
69.17,234.517,228.792
69.18,228.094,227.688
69.19,232.824,227.778
69.2,229.759,225.537
69.21,233.259,226.389
69.22,231.134,227.214
69.23,228.797,225.029
69.24,229.139,226.297
69.25,231.866,226.38
69.26,229.114,227.703
69.27,229.111,226.297
69.28,231.377,227.999
69.29,233.216,228.397
69.3,229.18,223.595
69.31,230.946,227.262
69.32,229.917,224.816
69.33,229.808,225.328
69.34,235.99,223.575
69.35,228.088,221.482
69.36,231.235,222.915
69.37,233.929,223.801
69.38,233.859,221.317
69.39,231.325,226.218
69.4,229.859,221.412
69.41,232.238,223.57
69.42,231.681,224.501
69.43,232.919,223.731
69.44,228.62,224.886
69.45,229.584,221.74
69.46,233.13,223.698
69.47,228.654,221.609
69.48,231.428,222.596
69.49,229.015,224.292
69.5,228.619,224.614
69.51,228.045,226.295
69.52,228.845,224.134
69.53,224.294,224.911
69.54,227.781,227.767
69.55,229.364,229.252
69.56,232.032,231.987
69.57,230.551,231.352
69.58,230.87,229.377
69.59,231.507,230.502
69.6,231.655,230.36
69.61,234.869,225.655
69.62,234.989,232.482
69.63,231.282,230.303
69.64,233.653,226.285
69.65,231.94,224.854
69.66,234.999,225.786
69.67,233.39,225.303
69.68,232.646,224.857
69.69,233.734,223.796
69.7,237.564,225.813
69.71,235.465,225.394
69.72,231.825,226.56
69.73,234.034,227.083
69.74,231.993,227.38
69.75,236.418,223.501
69.76,233.135,225.643
69.77,229.457,224.793
69.78,232.802,226.564
69.79,234.263,224.73
69.8,232.876,224.255
69.81,229.979,225.973
69.82,233.869,225.74
69.83,233.228,227.102
69.84,232.62,224.298
69.85,231.599,226.818
69.86,230.049,223.279
69.87,227.598,226.663
69.88,230.371,226.656
69.89,231.058,230.876
69.9,230.718,228.572
69.91,226.95,227.367
69.92,228.924,226.515
69.93,226.943,223.321
69.94,227.448,224.443
69.95,231.568,222.564
69.96,228.735,222.977
69.97,226.969,224.528
69.98,227.726,225.208
69.99,230.19,223.741
70.0,229.138,224.922
70.01,228.869,227.476
70.02,230.08,221.237
70.03,229.513,227.333
70.04,232.795,223.385
70.05,230.112,224.297
70.06,229.842,225.224
70.07,231.272,228.723
70.08,227.708,228.392
70.09,231.035,223.845
70.1,230.108,223.379
70.11,230.814,225.543
70.12,229.978,224.504
70.13,233.517,228.193
70.14,234.023,227.614
70.15,230.867,225.923
70.16,231.21,225.302
70.17,234.12,224.088
70.18,230.999,225.039
70.19,231.6,224.942
70.2,228.776,225.924
70.21,230.313,226.809
70.22,231.836,226.191
70.23,229.253,229.427
70.24,231.542,226.745
70.25,229.166,225.813
70.26,227.495,228.189
70.27,229.672,230.327
70.28,231.751,229.184
70.29,229.78,228.496
70.3,225.395,226.317
70.31,227.524,230.748
70.32,227.687,226.681
70.33,229.796,228.257
70.34,229.089,227.56
70.35,226.963,227.37
70.36,231.553,227.705
70.37,229.119,226.517
70.38,229.006,225.81
70.39,228.343,225.145
70.4,226.926,225.532
70.41,226.668,228.217
70.42,229.371,225.245
70.43,228.184,222.616
70.44,226.29,226.748
70.45,224.359,226.622
70.46,230.656,225.951
70.47,225.445,226.386
70.48,226.856,226.912
70.49,225.608,228.524
70.5,223.96,227.869
70.51,225.545,226.794
70.52,227.603,228.504
70.53,229.689,228.983
70.54,230.652,229.157
70.55,228.573,227.745
70.56,225.103,225.943
70.57,227.313,227.086
70.58,228.509,230.335
70.59,225.401,230.334
70.6,224.458,230.917
70.61,227.576,230.433
70.62,224.683,227.286
70.63,229.12,228.543
70.64,228.38,225.95
70.65,229.156,225.773
70.66,226.373,228.282
70.67,224.278,230.436
70.68,225.153,227.926
70.69,222.735,225.144
70.7,227.293,226.438
70.71,229.114,223.769
70.72,226.405,223.412
70.73,227.466,221.786
70.74,229.754,224.789
70.75,226.895,224.635
70.76,229.909,226.96
70.77,228.977,224.505
70.78,227.651,222.132
70.79,229.003,226.246
70.8,227.078,225.757
70.81,230.948,223.034
70.82,224.527,221.876
70.83,226.752,226.503
70.84,226.733,225.583
70.85,227.09,224.671
70.86,226.845,226.205
70.87,227.159,226.76
70.88,223.501,229.849
70.89,229.567,227.129
70.9,224.557,227.046
70.91,223.454,229.183
70.92,226.565,228.509
70.93,223.763,229.103
70.94,223.772,231.341
70.95,225.262,230.9
70.96,225.693,229.171
70.97,228.76,227.727
70.98,227.79,226.832
70.99,225.307,225.634
71.0,224.42,224.545
71.01,227.079,223.754
71.02,227.0,220.162
71.03,226.985,222.008
71.04,224.962,226.844
71.05,226.788,225.94
71.06,224.282,223.986
71.07,228.173,227.222
71.08,228.023,224.975
71.09,226.552,225.884
71.1,226.923,223.437
71.11,227.092,225.85
71.12,225.8,223.93
71.13,227.595,224.034
71.14,225.588,226.297
71.15,229.789,223.223
71.16,229.227,225.934
71.17,226.813,223.202
71.18,228.435,225.22
71.19,227.813,224.174
71.2,225.99,225.926
71.21,227.742,222.571
71.22,225.602,224.928
71.23,222.912,225.012
71.24,227.044,227.261
71.25,226.049,224.69
71.26,222.714,221.781
71.27,225.787,226.618
71.28,228.388,221.512
71.29,231.149,226.29
71.3,229.299,227.319
71.31,228.553,227.263
71.32,227.345,228.253
71.33,225.912,223.409
71.34,227.964,225.992
71.35,231.886,228.448
71.36,230.878,222.854
71.37,230.095,224.32
71.38,229.121,223.782
71.39,226.235,226.289
71.4,229.364,222.112
71.41,226.46,226.104
71.42,224.122,226.583
71.43,226.446,228.128
71.44,230.752,228.794
71.45,226.402,226.135
71.46,227.487,225.557
71.47,228.58,228.867
71.48,228.371,225.348
71.49,226.67,227.917
71.5,225.674,225.06
71.51,228.212,223.978
71.52,230.438,224.33
71.53,229.081,223.599
71.54,226.405,226.114
71.55,231.241,220.422
71.56,231.074,222.746
71.57,226.833,224.752
71.58,225.336,221.164
71.59,223.173,221.045
71.6,226.921,222.106
71.61,221.408,224.921
71.62,225.836,226.052
71.63,226.279,225.038
71.64,228.924,221.953
71.65,231.859,225.21
71.66,229.4,224.482
71.67,226.191,220.055
71.68,225.631,222.029
71.69,223.014,223.174
71.7,222.695,224.937
71.71,222.953,224.2
71.72,223.237,224.058
71.73,226.789,220.953
71.74,225.09,222.883
71.75,226.378,223.789
71.76,225.997,225.772
71.77,224.995,225.503
71.78,224.032,227.593
71.79,225.292,224.462
71.8,225.162,222.63
71.81,224.922,224.807
71.82,225.382,224.523
71.83,223.458,224.625
71.84,224.288,224.244
71.85,226.18,222.204
71.86,225.511,224.958
71.87,223.01,223.908
71.88,227.916,224.616
71.89,223.032,225.422
71.9,223.209,228.468
71.91,224.171,224.771
71.92,225.657,223.004
71.93,228.07,223.341
71.94,225.271,224.572
71.95,228.959,225.442
71.96,226.396,225.423
71.97,229.233,224.148
71.98,223.426,219.727
71.99,224.942,223.445
72.0,225.803,225.508
72.01,223.271,226.742
72.02,228.241,225.63
72.03,225.236,224.463
72.04,223.47,222.545
72.05,225.484,225.788
72.06,226.449,226.234
72.07,225.519,223.456
72.08,226.675,223.024
72.09,229.007,219.609
72.1,228.18,222.893
72.11,225.262,222.309
72.12,228.97,222.804
72.13,227.232,222.336
72.14,230.566,225.865
72.15,231.538,222.365
72.16,227.429,225.072
72.17,229.294,224.004
72.18,225.994,223.181
72.19,228.85,225.88
72.2,228.072,223.754
72.21,226.059,224.835
72.22,228.446,224.241
72.23,228.531,227.942
72.24,226.807,230.584
72.25,225.924,223.889
72.26,228.109,224.972
72.27,228.309,227.07
72.28,228.848,224.236
72.29,228.35,224.784
72.3,228.014,223.307
72.31,228.674,223.147
72.32,227.612,224.983
72.33,227.719,220.98
72.34,230.432,223.706
72.35,231.524,224.779
72.36,228.803,224.561
72.37,227.723,221.658
72.38,227.674,224.607
72.39,228.819,224.196
72.4,232.527,225.307
72.41,230.613,228.43
72.42,230.219,225.29
72.43,229.615,221.772
72.44,228.28,223.078
72.45,228.118,226.177
72.46,229.075,223.926
72.47,228.262,227.496
72.48,228.953,225.137
72.49,227.399,223.368
72.5,229.008,224.365
72.51,225.602,223.012
72.52,226.169,224.836
72.53,226.617,225.842
72.54,226.264,225.919
72.55,228.948,225.067
72.56,226.518,226.801
72.57,226.118,226.022
72.58,230.014,229.285
72.59,227.087,224.883
72.6,230.032,225.491
72.61,226.408,222.48
72.62,231.542,223.622
72.63,227.441,224.292
72.64,227.985,226.856
72.65,228.34,221.376
72.66,227.729,224.645
72.67,225.318,223.814
72.68,228.926,221.93
72.69,225.145,226.519
72.7,229.673,224.064
72.71,229.013,224.639
72.72,226.462,226.988
72.73,229.195,228.291
72.74,228.767,225.934
72.75,226.645,224.986
72.76,233.229,224.361
72.77,229.167,227.357
72.78,228.237,228.857
72.79,228.542,228.584
72.8,226.23,227.146
72.81,223.741,232.444
72.82,228.582,228.052
72.83,228.332,227.871
72.84,230.446,229.881
72.85,228.323,229.129
72.86,227.412,227.338
72.87,229.093,226.795
72.88,226.844,226.176
72.89,228.51,226.742
72.9,227.398,228.568
72.91,227.196,228.257
72.92,227.026,232.189
72.93,228.651,226.807
72.94,228.781,231.351
72.95,227.16,227.291
72.96,226.32,231.346
72.97,231.108,225.425
72.98,231.848,229.549
72.99,229.931,230.863
73.0,229.488,229.116
73.01,233.445,229.623
73.02,228.765,231.624
73.03,228.635,232.022
73.04,228.412,228.385
73.05,231.016,230.296
73.06,232.42,226.172
73.07,234.621,228.147
73.08,231.583,228.796
73.09,231.886,230.411
73.1,230.057,228.602
73.11,229.238,227.991
73.12,233.168,227.991
73.13,230.786,227.628
73.14,235.081,226.447
73.15,231.056,225.921
73.16,229.869,227.2
73.17,230.898,227.093
73.18,232.769,222.238
73.19,232.523,222.569
73.2,232.34,222.876
73.21,231.235,228.271
73.22,229.125,224.331
73.23,226.307,226.627
73.24,228.784,224.116
73.25,232.123,225.445
73.26,227.309,226.261
73.27,226.032,225.399
73.28,227.034,225.329
73.29,229.175,228.717
73.3,227.998,230.489
73.31,228.694,224.936
73.32,230.402,227.259
73.33,229.953,227.501
73.34,228.408,229.325
73.35,227.106,228.617
73.36,228.966,228.583
73.37,228.839,228.08
73.38,225.969,227.239
73.39,229.577,224.359
73.4,227.447,230.715
73.41,227.804,228.279
73.42,230.875,227.74
73.43,227.561,229.292
73.44,224.782,226.155
73.45,229.908,227.19
73.46,226.484,231.31
73.47,230.294,231.834
73.48,227.99,226.353
73.49,226.495,228.609
73.5,231.963,227.1
73.51,230.537,224.838
73.52,232.014,223.832
73.53,228.564,223.484
73.54,229.135,221.207
73.55,232.538,225.936
73.56,229.298,225.959
73.57,228.094,226.331
73.58,230.194,226.308
73.59,228.34,228.095
73.6,227.471,225.684
73.61,229.696,229.093
73.62,228.106,226.709
73.63,228.627,227.777
73.64,226.979,227.007
73.65,231.443,227.262
73.66,229.761,226.055
73.67,228.011,227.671
73.68,230.578,226.49
73.69,226.052,227.431
73.7,230.156,226.258
73.71,230.688,227.392
73.72,230.234,227.75
73.73,231.832,226.343
73.74,232.496,225.883
73.75,229.574,222.948
73.76,233.15,225.512
73.77,234.582,227.879
73.78,232.075,227.838
73.79,228.921,227.606
73.8,228.52,226.236
73.81,228.6,228.712
73.82,224.397,229.382
73.83,230.827,227.738
73.84,231.302,226.122
73.85,232.598,226.531
73.86,234.141,225.439
73.87,230.73,225.688
73.88,225.081,225.225
73.89,232.472,225.919
73.9,226.709,228.694
73.91,228.989,225.624
73.92,228.736,223.04
73.93,227.376,223.634
73.94,228.881,224.909
73.95,225.865,224.411
73.96,226.097,224.139
73.97,227.506,226.277
73.98,229.17,225.55
73.99,227.928,226.197
74.0,228.088,222.311
74.01,228.597,224.977
74.02,229.17,223.392
74.03,226.651,225.47
74.04,230.342,226.787
74.05,226.39,227.849
74.06,224.952,225.463
74.07,228.09,226.084
74.08,227.55,227.749
74.09,225.622,226.497
74.1,225.99,221.703
74.11,224.228,229.131
74.12,225.295,228.359
74.13,227.214,229.417
74.14,223.049,222.852
74.15,222.382,227.689
74.16,226.227,223.086
74.17,225.416,226.829
74.18,224.608,226.214
74.19,224.45,229.272
74.2,226.017,228.707
74.21,223.402,227.305
74.22,225.113,224.758
74.23,225.827,226.03
74.24,223.672,224.009
74.25,227.523,226.312
74.26,224.154,224.331
74.27,225.183,227.327
74.28,226.344,226.258
74.29,225.643,227.124
74.3,225.054,222.779
74.31,223.609,224.236
74.32,225.225,223.184
74.33,230.709,224.66
74.34,227.278,225.784
74.35,225.772,223.188
74.36,227.006,226.71
74.37,226.746,222.823
74.38,225.624,225.131
74.39,226.478,225.981
74.4,226.289,226.802
74.41,227.943,222.979
74.42,232.96,224.175
74.43,228.892,223.876
74.44,226.002,226.118
74.45,229.133,224.721
74.46,227.246,226.489
74.47,225.008,229.531
74.48,229.918,221.683
74.49,228.505,225.51
74.5,226.522,223.468
74.51,230.031,223.393
74.52,227.664,224.981
74.53,225.818,225.738
74.54,227.938,226.656
74.55,227.437,225.318
74.56,227.477,223.826
74.57,226.787,225.055
74.58,224.889,227.816
74.59,231.834,226.196
74.6,226.94,225.253
74.61,226.386,222.623
74.62,231.263,221.043
74.63,228.043,223.559
74.64,230.92,222.616
74.65,230.61,222.097
74.66,227.112,222.867
74.67,230.15,220.056
74.68,228.278,221.942
74.69,226.186,223.424
74.7,225.119,222.97
74.71,227.728,225.269
74.72,226.178,226.281
74.73,228.235,226.128
74.74,228.012,223.598
74.75,228.569,221.385
74.76,229.773,222.729
74.77,228.935,226.158
74.78,228.825,222.506
74.79,228.196,224.438
74.8,229.764,223.312
74.81,228.834,222.297
74.82,228.275,220.001
74.83,228.49,224.483
74.84,227.937,223.61
74.85,223.334,221.623
74.86,220.765,225.202
74.87,226.322,221.606
74.88,225.807,223.065
74.89,228.363,221.108
74.9,228.665,221.844
74.91,227.53,222.129
74.92,225.072,223.614
74.93,226.925,228.789
74.94,227.935,224.668
74.95,227.991,225.719
74.96,227.253,220.814
74.97,228.034,222.603
74.98,228.069,224.28
74.99,228.612,222.15
75.0,227.224,223.512
75.01,227.967,221.671
75.02,227.169,224.416
75.03,228.088,227.125
75.04,230.843,227.917
75.05,228.718,224.185
75.06,227.779,225.173
75.07,226.081,223.388
75.08,228.437,224.485
75.09,226.249,225.735
75.1,228.388,228.714
75.11,225.946,227.616
75.12,225.992,225.573
75.13,228.841,225.373
75.14,225.045,224.049
75.15,226.836,226.631
75.16,227.272,222.329
75.17,227.835,223.09
75.18,226.248,223.27
75.19,228.306,220.089
75.2,228.265,221.346
75.21,226.724,223.113
75.22,227.678,224.501
75.23,226.245,224.842
75.24,226.093,221.706
75.25,225.937,218.877
75.26,227.974,221.605
75.27,229.368,222.792
75.28,228.705,222.331
75.29,231.406,224.055
75.3,227.29,219.941
75.31,228.245,218.823
75.32,223.105,218.11
75.33,226.369,223.32
75.34,226.024,220.608
75.35,221.877,218.689
75.36,225.138,222.483
75.37,225.468,223.079
75.38,225.014,224.453
75.39,222.07,223.361
75.4,228.207,225.037
75.41,225.271,225.226
75.42,227.865,222.087
75.43,226.849,219.769
75.44,225.424,219.591
75.45,225.724,223.409
75.46,224.404,221.245
75.47,226.041,221.911
75.48,224.838,225.195
75.49,222.976,223.011
75.5,224.27,224.201
75.51,223.157,225.469
75.52,223.345,224.418
75.53,224.147,225.587
75.54,225.821,227.566
75.55,226.369,226.558
75.56,222.513,226.75
75.57,224.084,224.17
75.58,223.553,221.978
75.59,225.397,224.926
75.6,222.555,225.648
75.61,223.049,225.519
75.62,225.122,219.968
75.63,222.522,221.926
75.64,224.01,222.551
75.65,219.792,220.383
75.66,222.768,224.636
75.67,223.591,222.941
75.68,223.392,224.352
75.69,219.831,221.368
75.7,223.694,222.133
75.71,222.297,224.69
75.72,227.74,222.733
75.73,224.004,221.987
75.74,224.436,216.738
75.75,223.487,224.675
75.76,226.967,222.683
75.77,221.585,223.729
75.78,217.863,222.681
75.79,222.91,220.484
75.8,222.98,223.945
75.81,222.811,223.364
75.82,224.008,218.806
75.83,230.017,216.789
75.84,225.827,220.89
75.85,224.75,219.734
75.86,227.764,216.871
75.87,225.766,217.93
75.88,229.908,219.733
75.89,225.861,219.233
75.9,225.756,222.309
75.91,226.395,224.366
75.92,225.23,225.89
75.93,222.002,222.98
75.94,224.717,223.015
75.95,221.826,224.19
75.96,223.951,224.13
75.97,227.123,221.978
75.98,227.219,221.726
75.99,227.151,224.953
76.0,221.404,227.049
76.01,226.278,226.167
76.02,221.621,228.438
76.03,227.233,223.0
76.04,225.543,221.344
76.05,224.545,220.93
76.06,223.518,223.774
76.07,223.588,226.21
76.08,224.88,222.938
76.09,224.321,222.316
76.1,225.537,220.127
76.11,224.709,222.32
76.12,226.351,221.613
76.13,224.488,223.261
76.14,226.441,222.793
76.15,225.202,225.307
76.16,222.518,226.102
76.17,224.531,226.775
76.18,223.618,219.887
76.19,218.132,228.573
76.2,223.902,226.791
76.21,222.051,227.897
76.22,222.696,226.754
76.23,223.52,224.599
76.24,220.72,225.807
76.25,223.69,223.347
76.26,221.602,225.487
76.27,225.555,222.618
76.28,224.249,224.872
76.29,220.796,224.836
76.3,224.142,222.028
76.31,224.055,224.375
76.32,223.416,222.538
76.33,220.143,226.109
76.34,222.651,225.148
76.35,223.897,223.428
76.36,222.975,226.389
76.37,223.968,226.577
76.38,225.044,225.814
76.39,223.678,227.365
76.4,225.871,224.545
76.41,223.821,224.784
76.42,224.554,221.662
76.43,225.724,223.78
76.44,226.179,224.759
76.45,224.815,221.631
76.46,222.781,223.328
76.47,222.297,223.464
76.48,226.131,223.442
76.49,228.54,226.477
76.5,223.97,226.711
76.51,225.352,226.716
76.52,225.6,225.329
76.53,226.468,221.222
76.54,225.937,222.881
76.55,227.721,222.592
76.56,226.121,223.481
76.57,225.017,224.592
76.58,225.578,219.926
76.59,224.569,224.399
76.6,227.069,227.879
76.61,226.678,226.125
76.62,225.442,225.083
76.63,224.795,226.279
76.64,227.175,225.445
76.65,224.175,219.623
76.66,227.216,226.76
76.67,223.314,221.121
76.68,222.236,225.939
76.69,220.418,225.383
76.7,223.001,222.031
76.71,219.207,223.432
76.72,220.741,224.571
76.73,223.924,221.929
76.74,222.175,224.897
76.75,223.061,222.333
76.76,224.272,221.953
76.77,222.149,222.117
76.78,219.421,225.123
76.79,221.785,223.005
76.8,219.836,223.751
76.81,221.39,225.774
76.82,223.431,223.373
76.83,222.039,222.049
76.84,221.159,225.219
76.85,224.485,226.481
76.86,219.266,223.15
76.87,222.932,225.45
76.88,222.589,228.108
76.89,223.711,223.023
76.9,227.402,222.43
76.91,228.55,223.102
76.92,226.752,228.712
76.93,225.696,224.721
76.94,225.134,222.748
76.95,226.246,221.051
76.96,227.038,223.918
76.97,225.261,222.245
76.98,223.847,224.918
76.99,227.363,224.378
77.0,226.858,221.097
77.01,225.232,227.76
77.02,228.302,225.541
77.03,227.818,228.214
77.04,226.01,225.329
77.05,227.186,224.992
77.06,226.883,227.589
77.07,227.779,225.2
77.08,222.426,225.855
77.09,224.48,225.424
77.1,226.426,225.087
77.11,226.036,222.046
77.12,224.455,223.743
77.13,226.757,222.125
77.14,224.406,222.383
77.15,225.571,222.915
77.16,224.068,225.46
77.17,226.878,222.597
77.18,225.385,224.861
77.19,226.332,225.203
77.2,227.175,224.381
77.21,227.434,225.035
77.22,225.211,222.518
77.23,226.453,227.813
77.24,225.662,221.025
77.25,229.301,224.806
77.26,232.534,222.356
77.27,230.7,225.444
77.28,225.618,220.443
77.29,224.486,222.548
77.3,228.6,223.669
77.31,229.093,220.833
77.32,227.576,222.754
77.33,227.569,221.123
77.34,226.107,221.987
77.35,226.738,224.864
77.36,226.793,223.226
77.37,225.724,223.299
77.38,225.082,226.828
77.39,227.405,225.377
77.4,225.297,220.54
77.41,225.199,224.456
77.42,225.482,223.305
77.43,224.565,224.834
77.44,225.795,222.425
77.45,225.541,221.608
77.46,224.293,223.489
77.47,222.723,222.501
77.48,225.644,222.719
77.49,227.943,221.108
77.5,226.319,220.836
77.51,222.748,223.646
77.52,221.859,225.425
77.53,224.322,224.562
77.54,224.404,224.212
77.55,226.965,222.601
77.56,227.758,221.173
77.57,222.89,224.396
77.58,224.092,222.987
77.59,228.825,223.74
77.6,227.552,224.275
77.61,224.805,225.378
77.62,226.772,225.261
77.63,223.74,225.733
77.64,224.379,224.836
77.65,225.851,225.598
77.66,224.614,228.516
77.67,226.789,227.675
77.68,226.83,229.986
77.69,224.488,225.114
77.7,227.706,229.536
77.71,228.542,227.489
77.72,227.325,228.286
77.73,226.015,226.296
77.74,226.228,228.673
77.75,225.188,225.121
77.76,224.562,226.982
77.77,222.921,227.503
77.78,223.829,226.774
77.79,227.806,222.985
77.8,226.531,225.198
77.81,225.959,225.417
77.82,227.226,225.707
77.83,227.604,229.066
77.84,227.358,226.885
77.85,228.361,230.382
77.86,227.377,227.752
77.87,226.076,225.752
77.88,226.499,229.163
77.89,223.679,225.494
77.9,225.903,227.072
77.91,223.211,227.713
77.92,228.321,226.199
77.93,224.357,226.669
77.94,227.724,224.502
77.95,227.21,226.63
77.96,225.526,221.584
77.97,226.081,224.333
77.98,223.64,222.739
77.99,223.172,223.347
78.0,224.889,225.803
78.01,227.426,226.283
78.02,225.745,222.583
78.03,225.379,229.293
78.04,225.607,226.885
78.05,225.123,224.3
78.06,223.911,227.501
78.07,224.037,224.63
78.08,228.433,227.589
78.09,225.177,225.955
78.1,225.502,224.44
78.11,224.072,225.779
78.12,229.169,227.337
78.13,223.536,226.61
78.14,222.155,220.612
78.15,225.146,225.693
78.16,225.271,223.875
78.17,225.788,227.818
78.18,221.384,229.302
78.19,223.985,225.346
78.2,222.925,230.4
78.21,226.491,227.053
78.22,224.832,229.412
78.23,220.854,225.774
78.24,223.506,228.91
78.25,224.412,227.451
78.26,224.98,223.303
78.27,224.271,226.301
78.28,227.235,227.142
78.29,226.486,229.354
78.3,222.614,230.916
78.31,224.286,229.192
78.32,221.965,227.075
78.33,224.684,226.532
78.34,223.708,223.497
78.35,225.351,225.117
78.36,223.869,227.157
78.37,223.337,227.284
78.38,222.359,228.665
78.39,223.997,224.296
78.4,221.663,225.061
78.41,224.246,225.753
78.42,225.891,226.561
78.43,224.993,224.623
78.44,226.999,226.633
78.45,226.014,222.183
78.46,227.895,228.287
78.47,228.033,221.604
78.48,228.42,227.576
78.49,224.763,221.391
78.5,229.572,221.658
78.51,227.305,225.388
78.52,230.057,225.025
78.53,229.704,226.113
78.54,229.422,227.753
78.55,229.166,225.231
78.56,225.526,229.358
78.57,228.433,229.421
78.58,226.747,229.836
78.59,225.664,225.866
78.6,228.76,228.653
78.61,227.864,229.632
78.62,226.847,225.443
78.63,225.19,231.822
78.64,224.008,226.661
78.65,226.645,225.538
78.66,224.719,224.711
78.67,225.594,224.002
78.68,225.875,227.049
78.69,225.664,227.841
78.7,224.693,227.754
78.71,228.11,223.849
78.72,225.789,224.145
78.73,226.253,223.655
78.74,225.49,224.558
78.75,225.302,226.295
78.76,227.274,224.491
78.77,226.512,224.947
78.78,225.673,227.35
78.79,225.762,225.239
78.8,222.256,225.508
78.81,226.209,228.182
78.82,225.719,227.911
78.83,228.196,224.072
78.84,227.049,227.296
78.85,226.032,222.626
78.86,223.029,224.745
78.87,224.898,222.579
78.88,226.632,226.043
78.89,221.621,226.414
78.9,227.998,225.066
78.91,229.702,224.141
78.92,223.283,224.57
78.93,224.817,225.849
78.94,226.254,224.848
78.95,226.546,225.857
78.96,225.167,224.472
78.97,229.143,219.9
78.98,227.3,224.752
78.99,228.427,220.951
79.0,228.192,224.171
79.01,229.51,222.382
79.02,226.172,219.93
79.03,229.225,224.613
79.04,228.603,222.683
79.05,228.442,219.145
79.06,226.869,217.661
79.07,224.984,223.536
79.08,230.293,223.29
79.09,224.566,221.593
79.1,227.521,225.601
79.11,229.148,225.793
79.12,227.983,222.766
79.13,226.243,222.257
79.14,234.517,223.155
79.15,230.395,223.106
79.16,229.569,225.988
79.17,230.482,229.919
79.18,225.861,224.124
79.19,229.04,223.243
79.2,229.372,226.558
79.21,226.665,226.343
79.22,227.251,224.895
79.23,224.177,222.249
79.24,227.727,223.615
79.25,224.135,223.972
79.26,226.563,222.629
79.27,225.612,221.963
79.28,227.535,219.705
79.29,227.365,220.175
79.3,224.977,221.954
79.31,225.241,226.926
79.32,225.144,220.641
79.33,224.321,220.927
79.34,225.608,219.252
79.35,227.146,220.287
79.36,230.627,218.721
79.37,228.256,224.989
79.38,227.75,224.636
79.39,229.114,222.928
79.4,224.818,220.849
79.41,224.72,222.063
79.42,227.297,223.21
79.43,226.341,224.099
79.44,227.88,224.495
79.45,226.362,223.611
79.46,226.803,227.017
79.47,225.835,223.461
79.48,225.456,222.174
79.49,228.793,222.853
79.5,228.125,225.864
79.51,227.527,222.812
79.52,226.779,220.703
79.53,231.068,221.442
79.54,227.921,224.834
79.55,226.344,224.047
79.56,226.431,222.922
79.57,226.683,227.436
79.58,226.422,222.958
79.59,223.617,221.295
79.6,227.076,221.735
79.61,223.465,221.8
79.62,224.496,223.582
79.63,221.214,220.298
79.64,222.432,225.911
79.65,228.507,223.995
79.66,227.863,222.113
79.67,225.937,225.569
79.68,225.23,225.9
79.69,226.821,222.907
79.7,225.823,221.775
79.71,229.407,222.796
79.72,223.835,224.669
79.73,227.08,222.045
79.74,225.723,222.015
79.75,224.36,217.671
79.76,227.736,217.889
79.77,222.768,223.358
79.78,224.582,223.472
79.79,226.765,221.964
79.8,225.846,222.743
79.81,226.268,225.734
79.82,229.344,222.328
79.83,227.694,223.976
79.84,229.795,222.868
79.85,230.74,220.655
79.86,231.372,219.312
79.87,229.557,224.363
79.88,228.371,227.486
79.89,226.902,223.718
79.9,225.758,222.516
79.91,227.926,219.905
79.92,227.824,220.837
79.93,227.241,221.049
79.94,225.851,220.186
79.95,227.553,219.828
79.96,225.753,218.547
79.97,223.059,216.832
79.98,227.694,217.822
79.99,225.711,220.975
80.0,227.002,217.014
80.01,226.417,219.169
80.02,226.669,218.813
80.03,225.676,215.536
80.04,228.751,221.753
80.05,227.309,216.841
80.06,227.323,219.718
80.07,226.68,218.099
80.08,222.578,218.63
80.09,224.546,216.942
80.1,225.725,220.865
80.11,224.818,220.304
80.12,226.494,221.395
80.13,224.957,222.039
80.14,222.114,216.215
80.15,223.076,218.474
80.16,224.323,223.396
80.17,220.764,222.226
80.18,221.659,220.375
80.19,222.452,219.612
80.2,223.246,220.642
80.21,223.136,221.575
80.22,225.093,218.403
80.23,222.848,217.448
80.24,225.385,218.72
80.25,223.573,221.607
80.26,225.663,218.635
80.27,222.749,217.528
80.28,225.566,220.022
80.29,221.934,218.399
80.3,221.718,218.78
80.31,223.921,221.356
80.32,226.904,222.966
80.33,227.094,218.487
80.34,226.181,221.1
80.35,223.962,219.697
80.36,225.876,218.359
80.37,227.687,218.858
80.38,229.022,221.802
80.39,227.11,216.693
80.4,227.999,215.316
80.41,227.342,217.805
80.42,230.946,218.204
80.43,228.226,219.249
80.44,226.277,216.931
80.45,224.72,219.031
80.46,224.923,217.48
80.47,224.403,216.714
80.48,226.186,216.229
80.49,224.579,217.985
80.5,223.518,218.537
80.51,223.218,217.346
80.52,225.914,218.665
80.53,220.36,218.764
80.54,224.177,216.139
80.55,225.81,218.714
80.56,224.4,216.663
80.57,222.583,219.225
80.58,222.88,221.513
80.59,224.07,219.511
80.6,222.624,218.902
80.61,223.631,220.881
80.62,222.503,215.211
80.63,223.406,220.027
80.64,220.308,223.134
80.65,224.692,219.385
80.66,223.776,221.632
80.67,222.454,219.473
80.68,224.201,220.085
80.69,223.439,215.512
80.7,220.306,220.486
80.71,222.347,219.138
80.72,222.758,215.918
80.73,222.813,220.211
80.74,223.079,220.965
80.75,219.706,222.303
80.76,225.595,225.759
80.77,223.124,221.526
80.78,222.047,219.524
80.79,221.416,222.819
80.8,223.724,225.371
80.81,223.119,221.274
80.82,223.953,220.258
80.83,225.232,218.934
80.84,224.56,221.864
80.85,228.363,218.879
80.86,226.518,219.391
80.87,226.43,220.411
80.88,225.31,215.081
80.89,221.736,216.456
80.9,225.577,220.963
80.91,227.604,219.316
80.92,224.786,218.808
80.93,225.985,217.044
80.94,225.215,220.327
80.95,226.975,221.143
80.96,223.877,221.964
80.97,224.787,222.381
80.98,225.26,220.251
80.99,225.537,216.802
81.0,228.562,220.126
81.01,221.7,216.544
81.02,220.357,217.769
81.03,222.224,218.176
81.04,224.716,213.727
81.05,223.488,216.398
81.06,223.082,218.764
81.07,227.714,214.9
81.08,226.972,219.36
81.09,224.222,215.845
81.1,224.248,220.843
81.11,226.29,217.796
81.12,226.916,215.87
81.13,228.75,216.892
81.14,230.231,216.721
81.15,224.013,218.595
81.16,225.215,222.516
81.17,222.77,220.338
81.18,224.973,217.92
81.19,226.231,217.665
81.2,225.016,213.988
81.21,224.043,217.75
81.22,227.407,220.342
81.23,222.481,218.093
81.24,225.168,219.641
81.25,225.259,222.785
81.26,227.3,217.203
81.27,226.787,219.931
81.28,229.278,219.441
81.29,228.129,220.187
81.3,227.377,223.732
81.31,225.514,221.272
81.32,224.779,219.296
81.33,228.685,222.353
81.34,228.047,221.768
81.35,228.094,221.144
81.36,227.87,220.586
81.37,228.039,221.385
81.38,227.977,220.842
81.39,225.958,224.359
81.4,225.26,218.956
81.41,229.051,220.525
81.42,227.702,217.93
81.43,226.361,225.384
81.44,230.009,219.772
81.45,224.623,220.77
81.46,227.632,215.957
81.47,225.569,219.016
81.48,227.072,222.276
81.49,226.712,223.674
81.5,229.08,222.795
81.51,229.862,222.358
81.52,228.742,224.386
81.53,227.891,222.871
81.54,227.442,220.342
81.55,230.378,221.86
81.56,228.268,221.68
81.57,227.407,221.081
81.58,228.367,222.214
81.59,225.43,216.951
81.6,228.436,217.902
81.61,226.361,221.587
81.62,226.552,221.732
81.63,227.512,220.659
81.64,229.56,220.445
81.65,228.037,220.268
81.66,226.446,222.42
81.67,225.505,218.395
81.68,225.685,218.071
81.69,227.587,222.072
81.7,225.519,218.497
81.71,225.428,214.535
81.72,230.922,218.629
81.73,228.237,213.93
81.74,226.515,220.471
81.75,228.645,221.736
81.76,228.563,221.387
81.77,224.254,223.683
81.78,224.026,219.997
81.79,228.127,216.366
81.8,225.658,221.451
81.81,225.39,219.982
81.82,228.644,216.928
81.83,224.71,217.199
81.84,225.466,217.871
81.85,226.33,216.33
81.86,227.069,218.825
81.87,226.143,216.874
81.88,228.734,219.516
81.89,226.085,218.735
81.9,229.093,217.056
81.91,229.075,219.689
81.92,229.006,218.817
81.93,231.543,221.832
81.94,226.379,219.839
81.95,230.184,224.423
81.96,226.003,219.981
81.97,224.036,221.897
81.98,226.697,224.256
81.99,227.996,221.104
82.0,230.119,222.405
82.01,231.29,217.265
82.02,228.889,219.092
82.03,227.921,221.473
82.04,224.073,218.132
82.05,227.618,220.218
82.06,227.77,221.72
82.07,224.839,219.056
82.08,225.677,218.681
82.09,223.354,219.492
82.1,225.688,217.764
82.11,225.017,219.567
82.12,230.926,220.959
82.13,224.327,222.625
82.14,225.878,219.822
82.15,227.493,218.978
82.16,221.573,222.76
82.17,223.043,219.322
82.18,225.39,221.823
82.19,224.744,221.962
82.2,223.833,221.9
82.21,226.623,220.838
82.22,227.123,223.254
82.23,224.326,221.178
82.24,226.635,219.709
82.25,223.979,221.307
82.26,229.164,221.552
82.27,228.529,221.652
82.28,227.768,222.653
82.29,230.179,221.237
82.3,227.885,220.166
82.31,224.883,223.776
82.32,228.592,222.804
82.33,229.951,221.069
82.34,226.151,221.767
82.35,230.423,225.771
82.36,229.413,220.332
82.37,227.281,218.101
82.38,225.971,218.45
82.39,226.054,215.327
82.4,230.709,222.729
82.41,228.121,219.502
82.42,227.864,219.005
82.43,229.924,217.556
82.44,230.536,219.487
82.45,230.852,223.12
82.46,227.542,222.361
82.47,229.409,221.633
82.48,233.858,221.451
82.49,227.806,221.967
82.5,230.079,222.987
82.51,229.391,222.997
82.52,231.644,220.322
82.53,229.566,218.055
82.54,229.577,221.263
82.55,227.228,221.606
82.56,229.859,223.918
82.57,233.001,222.582
82.58,234.129,224.293
82.59,235.244,217.36
82.6,227.881,221.316
82.61,230.81,223.514
82.62,229.976,222.432
82.63,231.734,222.727
82.64,230.076,224.138
82.65,232.745,226.422
82.66,233.611,221.407
82.67,234.161,221.367
82.68,234.766,219.06
82.69,229.546,221.067
82.7,233.915,223.212
82.71,230.284,221.525
82.72,232.357,222.976
82.73,232.505,222.38
82.74,231.394,227.525
82.75,237.122,227.334
82.76,231.231,224.119
82.77,228.39,223.981
82.78,230.766,225.668
82.79,233.021,222.275
82.8,229.977,224.778
82.81,232.484,223.744
82.82,232.032,224.708
82.83,232.769,226.091
82.84,230.089,222.891
82.85,233.854,224.893
82.86,231.012,224.324
82.87,233.456,223.642
82.88,227.933,224.766
82.89,232.275,226.862
82.9,231.972,221.945
82.91,227.091,222.184
82.92,230.369,222.463
82.93,232.414,220.496
82.94,228.401,224.368
82.95,228.055,222.304
82.96,231.745,224.84
82.97,230.191,223.104
82.98,229.567,224.467
82.99,229.573,221.378
83.0,230.885,220.443
83.01,228.638,224.46
83.02,229.883,223.205
83.03,230.005,223.282
83.04,230.146,224.929
83.05,229.467,222.083
83.06,228.188,222.608
83.07,228.603,220.658
83.08,228.288,222.72
83.09,227.304,222.728
83.1,230.798,227.077
83.11,230.71,221.609
83.12,228.107,219.186
83.13,224.742,217.75
83.14,228.083,220.89
83.15,229.761,219.221
83.16,226.102,224.143
83.17,230.028,223.171
83.18,229.009,225.899
83.19,227.702,223.228
83.2,226.622,225.766
83.21,228.814,223.551
83.22,230.485,223.693
83.23,230.319,221.489
83.24,228.922,222.139
83.25,229.666,222.357
83.26,229.966,223.838
83.27,227.726,221.369
83.28,227.386,219.263
83.29,227.996,227.396
83.3,231.325,222.264
83.31,230.776,224.641
83.32,226.991,219.65
83.33,229.388,222.739
83.34,228.301,226.166
83.35,228.397,224.157
83.36,229.829,225.591
83.37,230.536,224.22
83.38,227.282,223.234
83.39,231.091,221.455
83.4,231.01,224.232
83.41,226.69,226.785
83.42,231.855,222.04
83.43,231.723,222.742
83.44,230.082,222.725
83.45,230.585,222.353
83.46,229.509,222.745
83.47,231.795,224.448
83.48,226.45,227.193
83.49,227.809,225.978
83.5,228.786,222.797
83.51,231.385,222.91
83.52,231.122,225.616
83.53,228.277,226.126
83.54,227.512,224.727
83.55,228.795,223.391
83.56,225.011,225.314
83.57,231.102,223.052
83.58,231.452,227.003
83.59,229.069,224.559
83.6,231.292,229.074
83.61,228.232,224.451
83.62,228.787,228.215
83.63,229.162,226.704
83.64,229.917,225.946
83.65,228.301,220.748
83.66,225.955,223.523
83.67,227.204,223.814
83.68,228.024,220.888
83.69,229.204,222.074
83.7,227.472,225.439
83.71,231.628,224.334
83.72,224.339,221.943
83.73,227.021,218.615
83.74,233.113,220.49
83.75,233.917,223.48
83.76,228.47,222.721
83.77,233.679,220.887
83.78,233.981,221.985
83.79,229.706,222.719
83.8,227.32,227.563
83.81,228.551,225.238
83.82,227.326,225.234
83.83,228.411,224.64
83.84,229.129,222.838
83.85,228.604,222.093
83.86,230.489,217.543
83.87,228.602,221.603
83.88,229.796,221.098
83.89,232.491,223.849
83.9,230.487,221.772
83.91,228.397,220.731
83.92,226.842,219.684
83.93,228.412,216.323
83.94,228.143,220.51
83.95,229.1,222.801
83.96,230.227,220.816
83.97,229.663,224.668
83.98,228.984,223.863
83.99,231.156,226.483
84.0,227.244,221.775
84.01,230.543,221.61
84.02,229.916,221.017
84.03,227.99,222.12
84.04,228.12,218.135
84.05,228.413,221.893
84.06,228.132,222.686
84.07,229.407,221.356
84.08,226.267,222.114
84.09,225.799,221.248
84.1,229.472,222.793
84.11,226.64,221.911
84.12,226.096,221.809
84.13,227.584,222.972
84.14,226.183,223.479
84.15,228.679,221.925
84.16,227.257,219.968
84.17,227.464,222.913
84.18,226.741,221.871
84.19,225.888,221.683
84.2,226.891,222.079
84.21,225.377,216.763
84.22,226.865,222.905
84.23,229.237,219.905
84.24,226.711,222.757
84.25,227.657,217.962
84.26,227.21,219.324
84.27,226.128,218.638
84.28,229.724,219.775
84.29,226.716,220.114
84.3,228.165,218.788
84.31,227.538,221.527
84.32,224.548,220.652
84.33,225.414,223.343
84.34,225.463,224.128
84.35,223.144,220.075
84.36,226.913,222.133
84.37,228.692,221.466
84.38,227.876,221.55
84.39,229.904,220.623
84.4,227.126,221.033
84.41,228.013,223.997
84.42,224.353,225.192
84.43,222.704,224.766
84.44,223.112,225.371
84.45,227.793,222.668
84.46,226.08,220.761
84.47,227.39,221.326
84.48,229.259,227.175
84.49,228.377,223.495
84.5,226.493,225.192
84.51,224.557,225.013
84.52,222.76,225.025
84.53,226.637,226.384
84.54,230.701,224.754
84.55,225.702,219.873
84.56,224.426,224.294
84.57,226.956,224.966
84.58,229.466,226.41
84.59,228.4,225.966
84.6,227.623,225.442
84.61,228.457,223.165
84.62,228.6,224.281
84.63,230.333,225.391
84.64,226.126,224.1
84.65,230.292,223.508
84.66,226.347,225.23
84.67,228.943,221.018
84.68,233.13,222.257
84.69,229.531,223.61
84.7,230.373,225.917
84.71,229.413,226.218
84.72,230.764,226.708
84.73,229.15,225.63
84.74,231.676,228.255
84.75,230.002,225.614
84.76,227.95,229.718
84.77,229.712,229.241
84.78,226.556,228.698
84.79,226.92,226.317
84.8,233.276,228.064
84.81,230.537,227.017
84.82,228.718,225.736
84.83,229.084,226.473
84.84,230.388,226.452
84.85,230.891,223.053
84.86,228.025,220.233
84.87,230.306,227.421
84.88,232.57,223.683
84.89,229.296,224.116
84.9,228.159,220.978
84.91,227.609,222.018
84.92,229.021,223.653
84.93,226.715,223.617
84.94,228.977,227.106
84.95,226.523,226.794
84.96,229.539,227.699
84.97,226.144,222.571
84.98,226.812,224.558
84.99,230.862,222.92
85.0,228.472,225.005
85.01,225.764,216.141
85.02,228.199,221.24
85.03,226.932,221.112
85.04,228.496,221.497
85.05,227.338,223.016
85.06,228.546,223.847
85.07,226.306,224.804
85.08,230.436,223.842
85.09,230.125,223.93
85.1,230.433,225.978
85.11,229.785,225.547
85.12,226.176,226.718
85.13,223.971,224.373
85.14,229.122,224.776
85.15,229.515,225.287
85.16,223.529,224.651
85.17,229.734,224.925
85.18,229.782,220.025
85.19,227.552,224.498
85.2,230.679,221.965
85.21,227.816,222.675
85.22,228.799,224.05
85.23,225.791,223.577
85.24,226.564,224.124
85.25,229.451,224.038
85.26,230.866,222.433
85.27,229.152,221.222
85.28,228.705,221.721
85.29,231.047,218.949
85.3,230.87,221.747
85.31,226.926,224.053
85.32,223.792,224.339
85.33,227.383,220.251
85.34,230.901,224.415
85.35,229.114,223.109
85.36,227.897,224.394
85.37,230.398,224.082
85.38,228.937,225.742
85.39,231.726,222.821
85.4,228.491,227.805
85.41,231.115,224.544
85.42,231.967,225.72
85.43,233.262,226.375
85.44,229.051,226.409
85.45,226.77,224.736
85.46,230.032,228.646
85.47,232.468,222.315
85.48,231.862,222.101
85.49,230.779,225.629
85.5,230.249,224.222
85.51,231.149,225.529
85.52,230.105,225.552
85.53,227.117,226.541
85.54,228.437,226.174
85.55,226.146,225.531
85.56,231.529,224.853
85.57,228.927,226.535
85.58,227.156,222.337
85.59,229.87,226.523
85.6,225.138,225.444
85.61,227.757,223.587
85.62,226.268,220.466
85.63,228.057,222.765
85.64,228.626,219.131
85.65,230.628,219.162
85.66,226.329,222.469
85.67,231.183,226.533
85.68,224.576,222.584
85.69,224.56,222.814
85.7,225.471,224.781
85.71,229.259,223.885
85.72,226.745,221.948
85.73,228.812,221.531
85.74,227.355,222.282
85.75,227.258,222.334
85.76,225.728,220.389
85.77,224.93,223.93
85.78,229.946,220.424
85.79,225.996,223.489
85.8,225.751,223.189
85.81,227.055,224.389
85.82,226.881,219.229
85.83,230.172,222.532
85.84,224.264,223.825
85.85,223.477,227.422
85.86,230.576,224.691
85.87,230.138,222.269
85.88,231.485,222.251
85.89,228.763,223.27
85.9,229.672,224.409
85.91,227.061,220.187
85.92,228.659,223.969
85.93,232.01,224.982
85.94,229.51,224.329
85.95,230.964,226.461
85.96,231.494,227.131
85.97,229.798,225.424
85.98,230.789,226.404
85.99,229.129,226.144
86.0,232.086,226.618
86.01,235.721,226.402
86.02,230.472,219.581
86.03,234.03,224.613
86.04,233.632,220.809
86.05,233.852,222.451
86.06,231.095,223.445
86.07,232.745,220.571
86.08,234.345,225.944
86.09,233.246,223.895
86.1,232.752,223.17
86.11,234.975,225.998
86.12,234.505,226.238
86.13,236.614,227.448
86.14,234.279,226.573
86.15,236.971,224.925
86.16,236.881,224.861
86.17,232.971,225.429
86.18,232.962,226.354
86.19,235.801,226.141
86.2,235.929,225.887
86.21,232.333,223.357
86.22,238.3,228.603
86.23,236.319,224.339
86.24,235.639,222.188
86.25,234.349,227.758
86.26,232.263,223.567
86.27,237.468,224.232
86.28,235.433,226.146
86.29,231.337,225.104
86.3,237.429,228.618
86.31,234.587,226.03
86.32,235.475,224.968
86.33,232.956,221.826
86.34,232.957,222.215
86.35,233.374,223.586
86.36,232.466,225.207
86.37,231.038,224.059
86.38,234.253,222.583
86.39,236.257,220.099
86.4,230.671,226.305
86.41,233.309,226.696
86.42,234.057,225.893
86.43,230.562,224.955
86.44,234.582,223.9
86.45,237.698,224.493
86.46,232.047,228.574
86.47,235.489,222.933
86.48,234.791,222.814
86.49,231.788,224.743
86.5,232.101,223.989
86.51,227.331,223.791
86.52,229.969,224.606
86.53,233.237,224.186
86.54,231.633,226.732
86.55,229.742,225.081
86.56,229.272,220.864
86.57,228.547,225.773
86.58,226.606,222.607
86.59,229.037,221.141
86.6,229.531,222.487
86.61,230.942,224.334
86.62,229.26,223.227
86.63,233.729,224.14
86.64,229.213,222.858
86.65,231.708,224.462
86.66,229.907,222.55
86.67,230.777,222.466
86.68,226.803,221.35
86.69,231.124,222.947
86.7,228.716,224.019
86.71,228.783,223.156
86.72,231.718,224.441
86.73,228.58,226.128
86.74,229.09,218.837
86.75,230.389,220.326
86.76,233.245,220.676
86.77,230.948,222.499
86.78,233.202,221.821
86.79,229.095,224.628
86.8,228.584,225.136
86.81,235.734,221.608
86.82,230.846,222.331
86.83,227.125,221.359
86.84,233.38,224.224
86.85,231.074,223.083
86.86,230.523,220.071
86.87,229.509,227.32
86.88,234.599,225.399
86.89,233.384,221.724
86.9,234.355,223.193
86.91,230.096,218.331
86.92,229.891,224.682
86.93,229.686,220.547
86.94,228.642,222.595
86.95,231.923,225.104
86.96,232.248,224.416
86.97,231.337,223.794
86.98,229.648,223.277
86.99,229.045,225.496
87.0,229.841,225.177
87.01,230.055,227.545
87.02,231.364,223.966
87.03,231.662,224.662
87.04,228.409,227.651
87.05,229.775,224.495
87.06,230.17,223.944
87.07,231.114,226.312
87.08,226.931,221.571
87.09,231.268,222.164
87.1,230.17,224.764
87.11,229.129,221.926
87.12,228.086,221.551
87.13,229.485,222.144
87.14,231.295,223.141
87.15,230.484,220.497
87.16,227.03,220.59
87.17,229.992,223.537
87.18,231.368,219.831
87.19,233.321,219.925
87.2,231.897,220.192
87.21,228.358,220.769
87.22,229.061,220.814
87.23,231.878,222.829
87.24,230.342,224.999
87.25,227.991,219.801
87.26,229.657,219.827
87.27,232.954,220.276
87.28,230.886,221.606
87.29,231.522,223.001
87.3,231.037,218.513
87.31,228.096,223.35
87.32,228.679,222.722
87.33,226.611,221.053
87.34,230.256,221.92
87.35,232.851,220.459
87.36,228.434,220.582
87.37,227.713,224.625
87.38,228.307,222.025
87.39,231.37,219.184
87.4,227.773,221.968
87.41,227.745,220.432
87.42,231.293,219.252
87.43,226.699,220.975
87.44,230.317,220.895
87.45,230.224,225.965
87.46,228.691,224.012
87.47,229.931,221.341
87.48,230.373,221.817
87.49,227.612,223.088
87.5,230.577,219.697
87.51,231.552,220.653
87.52,230.721,221.357
87.53,232.376,222.805
87.54,229.885,224.012
87.55,228.944,222.073
87.56,231.817,222.653
87.57,231.842,219.486
87.58,229.661,220.745
87.59,229.452,222.602
87.6,231.502,223.09
87.61,226.642,221.361
87.62,231.485,227.348
87.63,228.379,221.705
87.64,229.988,221.748
87.65,229.763,221.201
87.66,226.534,224.957
87.67,233.079,222.034
87.68,230.547,224.57
87.69,230.449,224.715
87.7,234.601,223.514
87.71,230.359,223.511
87.72,230.897,226.414
87.73,233.24,225.619
87.74,235.93,222.608
87.75,233.744,224.563
87.76,226.506,224.692
87.77,229.493,226.505
87.78,229.909,226.112
87.79,232.798,226.94
87.8,232.488,225.858
87.81,229.377,227.388
87.82,228.163,227.133
87.83,232.101,229.727
87.84,227.505,224.796
87.85,232.77,223.974
87.86,226.22,226.151
87.87,226.084,225.98
87.88,225.211,224.956
87.89,227.794,225.821
87.9,229.615,228.111
87.91,229.396,226.526
87.92,230.727,224.936
87.93,228.503,225.091
87.94,231.457,225.792
87.95,228.94,222.578
87.96,229.296,224.542
87.97,226.585,222.481
87.98,228.562,227.194
87.99,226.902,223.147
88.0,233.017,224.354
88.01,231.833,225.344
88.02,227.225,226.259
88.03,230.427,226.105
88.04,232.275,223.941
88.05,228.365,225.451
88.06,230.948,229.334
88.07,232.109,226.481
88.08,232.615,223.033
88.09,232.464,226.715
88.1,232.138,227.023
88.11,231.369,227.465
88.12,230.511,230.89
88.13,234.182,229.333
88.14,231.842,229.727
88.15,231.29,227.283
88.16,229.634,231.475
88.17,235.21,225.325
88.18,233.306,227.138
88.19,232.748,229.904
88.2,234.814,231.066
88.21,232.293,225.328
88.22,233.675,226.224
88.23,237.335,225.599
88.24,235.196,227.712
88.25,235.395,225.661
88.26,233.374,225.622
88.27,234.872,227.011
88.28,235.634,228.381
88.29,235.386,225.855
88.3,231.65,225.592
88.31,234.569,225.284
88.32,231.745,227.743
88.33,232.517,227.174
88.34,229.986,226.774
88.35,233.407,224.365
88.36,230.243,224.314
88.37,234.75,222.828
88.38,232.985,223.844
88.39,229.434,225.483
88.4,231.765,219.521
88.41,230.831,225.116
88.42,230.001,225.593
88.43,231.04,225.188
88.44,234.157,221.889
88.45,233.921,223.688
88.46,230.498,223.946
88.47,232.4,222.088
88.48,233.505,222.912
88.49,232.63,225.395
88.5,232.974,225.741
88.51,232.252,222.062
88.52,229.544,220.5
88.53,230.295,225.112
88.54,228.346,224.455
88.55,232.469,224.846
88.56,233.18,222.458
88.57,232.089,221.766
88.58,233.211,224.665
88.59,228.917,223.121
88.6,230.839,221.993
88.61,231.67,226.687
88.62,229.875,225.808
88.63,228.479,227.743
88.64,233.015,227.015
88.65,227.391,224.797
88.66,228.48,224.904
88.67,230.409,224.031
88.68,229.779,226.337
88.69,228.341,222.334
88.7,230.119,222.474
88.71,230.316,224.341
88.72,229.178,222.322
88.73,228.193,218.508
88.74,226.943,226.515
88.75,224.306,221.117
88.76,229.491,220.569
88.77,231.469,223.279
88.78,228.761,225.908
88.79,230.006,224.89
88.8,225.961,224.313
88.81,226.212,225.424
88.82,227.836,224.496
88.83,227.725,221.404
88.84,225.287,219.962
88.85,226.742,220.125
88.86,229.084,224.816
88.87,224.889,219.949
88.88,226.883,223.493
88.89,232.114,223.672
88.9,227.438,224.758
88.91,228.63,224.585
88.92,230.434,226.276
88.93,233.216,227.256
88.94,228.896,222.398
88.95,229.828,227.598
88.96,231.086,224.378
88.97,229.589,225.011
88.98,226.753,223.116
88.99,228.629,222.781
89.0,232.342,222.222
89.01,229.752,222.496
89.02,227.375,223.626
89.03,229.73,221.59
89.04,229.864,220.304
89.05,229.084,222.979
89.06,228.151,221.29
89.07,226.858,221.079
89.08,227.599,222.101
89.09,227.815,221.302
89.1,229.964,221.409
89.11,227.983,221.769
89.12,227.014,221.466
89.13,227.952,224.107
89.14,226.275,226.491
89.15,227.428,220.466
89.16,227.733,219.98
89.17,229.573,221.097
89.18,225.282,221.151
89.19,225.642,216.914
89.2,229.475,222.202
89.21,231.21,220.446
89.22,231.018,223.036
89.23,230.805,221.864
89.24,228.36,223.506
89.25,228.641,220.215
89.26,229.072,226.885
89.27,228.55,221.389
89.28,229.908,222.706
89.29,229.465,224.763
89.3,228.748,222.722
89.31,231.781,223.568
89.32,230.712,224.864
89.33,226.907,224.458
89.34,228.847,225.928
89.35,228.4,220.006
89.36,227.824,227.639
89.37,229.041,225.846
89.38,229.958,226.926
89.39,231.154,225.667
89.4,232.258,228.327
89.41,227.622,226.422
89.42,231.375,222.583
89.43,226.5,223.364
89.44,231.435,224.766
89.45,228.978,223.327
89.46,230.408,222.169
89.47,230.199,225.455
89.48,227.807,224.574
89.49,232.176,224.151
89.5,232.514,224.5
89.51,229.567,224.245
89.52,228.56,223.612
89.53,229.692,223.308
89.54,231.103,222.96
89.55,231.068,222.542
89.56,229.953,226.529
89.57,227.815,222.634
89.58,230.285,224.995
89.59,227.798,224.173
89.6,227.307,223.253
89.61,228.763,222.552
89.62,227.303,226.872
89.63,228.998,226.388
89.64,224.831,222.459
89.65,228.137,224.077
89.66,226.12,220.602
89.67,226.544,223.382
89.68,226.512,223.07
89.69,227.352,223.976
89.7,228.863,222.833
89.71,227.838,222.221
89.72,224.063,222.996
89.73,226.971,226.548
89.74,225.209,228.12
89.75,227.04,223.644
89.76,226.836,224.855
89.77,224.634,222.61
89.78,231.085,222.42
89.79,227.57,223.356
89.8,228.516,224.16
89.81,228.641,226.721
89.82,229.692,222.745
89.83,233.273,220.935
89.84,231.38,226.93
89.85,228.143,223.963
89.86,225.95,222.534
89.87,226.232,223.292
89.88,223.369,222.302
89.89,225.03,221.856
89.9,226.894,223.929
89.91,226.042,226.304
89.92,227.18,224.203
89.93,226.094,222.07
89.94,226.367,224.201
89.95,224.73,222.534
89.96,226.193,220.362
89.97,225.874,221.872
89.98,227.352,219.337
89.99,228.408,223.595
90.0,231.767,223.849
90.01,226.311,224.256
90.02,227.504,222.609
90.03,231.132,221.74
90.04,227.754,220.251
90.05,228.741,221.133
90.06,225.436,219.608
90.07,225.009,221.477
90.08,226.294,223.183
90.09,227.905,222.645
90.1,230.453,226.793
90.11,228.345,226.986
90.12,228.685,225.646
90.13,228.358,224.968
90.14,226.051,225.968
90.15,232.237,225.614
90.16,226.281,225.978
90.17,228.656,224.965
90.18,228.036,223.104
90.19,230.918,227.314
90.2,234.723,223.303
90.21,228.516,225.159
90.22,227.55,224.211
90.23,232.013,223.465
90.24,227.992,224.384
90.25,224.529,224.164
90.26,229.941,226.334
90.27,227.898,223.536
90.28,225.826,224.306
90.29,230.191,224.517
90.3,228.096,227.272
90.31,226.019,222.361
90.32,227.627,220.214
90.33,228.144,217.818
90.34,229.316,218.849
90.35,228.53,221.351
90.36,229.131,223.668
90.37,228.07,225.951
90.38,230.625,221.365
90.39,230.583,219.076
90.4,231.582,224.112
90.41,230.14,221.965
90.42,226.47,222.22
90.43,227.253,220.704
90.44,230.236,218.774
90.45,226.94,220.679
90.46,227.612,222.713
90.47,229.931,221.297
90.48,229.885,220.607
90.49,231.231,220.13
90.5,226.365,219.083
90.51,227.503,221.686
90.52,227.663,222.186
90.53,227.958,223.749
90.54,230.232,219.943
90.55,228.923,223.956
90.56,225.523,224.141
90.57,226.455,223.355
90.58,226.915,220.899
90.59,226.036,222.946
90.6,228.172,224.267
90.61,230.151,224.717
90.62,228.754,222.692
90.63,229.62,224.664
90.64,225.141,222.779
90.65,226.884,225.054
90.66,228.758,222.282
90.67,229.13,223.183
90.68,228.988,224.57
90.69,228.892,221.463
90.7,225.51,223.596
90.71,223.856,224.388
90.72,228.218,226.411
90.73,226.084,228.267
90.74,224.709,227.096
90.75,224.212,226.337
90.76,227.808,228.639
90.77,227.817,228.942
90.78,226.969,225.834
90.79,228.199,224.989
90.8,228.856,227.815
90.81,227.735,223.882
90.82,226.012,224.55
90.83,226.892,223.53
90.84,226.867,227.835
90.85,227.578,224.171
90.86,229.799,227.244
90.87,229.979,226.117
90.88,226.903,225.016
90.89,224.094,224.305
90.9,224.022,228.106
90.91,226.317,228.592
90.92,223.807,230.539
90.93,222.189,227.746
90.94,224.684,228.051
90.95,226.188,225.938
90.96,225.916,228.024
90.97,224.527,225.602
90.98,230.208,226.621
90.99,229.892,223.873
91.0,229.955,224.561
91.01,227.004,225.239
91.02,223.649,223.485
91.03,226.497,225.394
91.04,228.163,224.607
91.05,226.131,224.657
91.06,224.748,221.905
91.07,226.144,224.122
91.08,230.998,226.088
91.09,228.81,225.043
91.1,228.847,226.659
91.11,228.084,225.8
91.12,226.202,227.005
91.13,230.307,226.12
91.14,228.695,226.863
91.15,230.347,225.631
91.16,228.303,226.614
91.17,227.492,224.293
91.18,228.189,227.021
91.19,227.133,225.38
91.2,227.042,225.704
91.21,233.846,225.128
91.22,226.552,223.046
91.23,227.738,225.913
91.24,227.314,224.968
91.25,226.864,230.903
91.26,223.534,225.12
91.27,228.504,221.906
91.28,230.593,225.911
91.29,231.239,219.527
91.3,228.048,224.825
91.31,223.042,221.977
91.32,228.975,221.63
91.33,225.527,227.085
91.34,228.577,226.099
91.35,226.997,229.333
91.36,225.808,224.532
91.37,226.276,223.05
91.38,231.849,226.458
91.39,229.934,225.248
91.4,230.143,224.954
91.41,227.777,227.479
91.42,227.503,227.155
91.43,224.71,227.27
91.44,227.04,231.135
91.45,229.247,225.712
91.46,224.73,226.683
91.47,227.926,230.414
91.48,227.954,228.169
91.49,228.238,229.355
91.5,228.581,227.103
91.51,227.381,228.41
91.52,228.43,226.252
91.53,228.138,227.383
91.54,229.624,226.488
91.55,226.451,228.294
91.56,224.09,226.815
91.57,225.204,230.028
91.58,228.007,228.443
91.59,223.687,228.033
91.6,223.374,228.492
91.61,225.667,228.454
91.62,225.834,226.523
91.63,226.58,225.037
91.64,225.566,226.256
91.65,223.501,228.751
91.66,222.633,225.303
91.67,225.327,226.14
91.68,225.583,227.41
91.69,228.052,229.132
91.7,227.249,230.935
91.71,225.547,224.835
91.72,226.452,230.315
91.73,227.536,227.716
91.74,228.469,226.039
91.75,225.11,222.882
91.76,225.454,221.796
91.77,226.302,222.642
91.78,227.409,224.211
91.79,224.954,224.866
91.8,227.492,225.883
91.81,223.821,227.021
91.82,227.232,225.277
91.83,229.534,227.909
91.84,227.98,226.806
91.85,223.559,227.249
91.86,225.939,227.753
91.87,225.923,228.505
91.88,227.37,229.068
91.89,227.623,223.641
91.9,226.783,225.931
91.91,225.64,228.331
91.92,227.457,231.001
91.93,229.467,229.444
91.94,227.268,223.647
91.95,227.113,226.761
91.96,227.557,225.572
91.97,229.115,229.375
91.98,225.736,225.968
91.99,225.683,226.345
92.0,225.04,222.546
92.01,227.046,225.922
92.02,224.924,228.373
92.03,225.251,225.164
92.04,229.331,222.178
92.05,222.607,221.63
92.06,228.022,220.183
92.07,226.037,218.594
92.08,226.341,219.005
92.09,225.188,223.076
92.1,227.324,227.851
92.11,226.256,222.779
92.12,224.218,224.44
92.13,225.959,225.819
92.14,226.472,226.011
92.15,224.358,227.133
92.16,225.355,225.497
92.17,223.811,226.586
92.18,227.91,222.271
92.19,225.052,225.126
92.2,229.277,222.434
92.21,225.51,221.716
92.22,231.234,227.647
92.23,225.63,220.772
92.24,227.337,220.442
92.25,230.178,224.965
92.26,225.806,223.259
92.27,226.411,225.482
92.28,226.015,223.94
92.29,225.672,224.684
92.3,227.745,224.251
92.31,227.774,228.641
92.32,225.128,222.625
92.33,228.29,221.349
92.34,228.512,224.435
92.35,228.853,223.69
92.36,229.574,227.173
92.37,228.799,222.127
92.38,226.828,219.754
92.39,225.009,224.473
92.4,221.603,219.63
92.41,224.552,224.526
92.42,227.641,222.608
92.43,226.189,223.28
92.44,228.293,221.061
92.45,225.296,222.1
92.46,226.05,220.177
92.47,225.74,223.182
92.48,228.368,224.965
92.49,226.793,225.299
92.5,224.472,220.205
92.51,226.911,222.811
92.52,227.729,222.96
92.53,226.334,223.349
92.54,227.557,225.561
92.55,226.413,224.892
92.56,225.302,223.886
92.57,225.829,223.805
92.58,228.16,228.93
92.59,228.531,226.003
92.6,226.829,227.682
92.61,230.254,225.521
92.62,228.353,224.664
92.63,226.333,223.699
92.64,227.135,225.042
92.65,226.554,226.972
92.66,228.434,223.881
92.67,227.072,223.68
92.68,226.489,225.931
92.69,224.542,222.725
92.7,226.488,224.111
92.71,222.934,222.884
92.72,224.89,220.848
92.73,226.955,220.196
92.74,221.604,220.949
92.75,221.931,225.521
92.76,223.506,222.452
92.77,223.145,225.564
92.78,221.282,224.72
92.79,225.036,226.628
92.8,220.997,223.846
92.81,222.35,224.645
92.82,223.804,225.065
92.83,225.191,223.482
92.84,225.627,222.852
92.85,227.148,224.137
92.86,226.482,223.084
92.87,223.655,220.98
92.88,224.759,222.663
92.89,225.211,221.308
92.9,225.252,227.02
92.91,226.911,226.265
92.92,225.171,222.577
92.93,222.946,223.631
92.94,222.239,223.652
92.95,222.851,224.638
92.96,225.781,223.83
92.97,227.05,225.832
92.98,224.643,225.716
92.99,225.349,225.994
93.0,225.518,226.207
93.01,223.009,221.835
93.02,224.484,222.552
93.03,225.624,222.385
93.04,226.365,220.719
93.05,224.925,224.004
93.06,228.142,222.557
93.07,220.877,224.445
93.08,223.615,224.293
93.09,224.53,225.89
93.1,228.982,223.347
93.11,222.969,223.653
93.12,224.84,222.505
93.13,223.911,223.851
93.14,227.039,220.921
93.15,227.238,224.462
93.16,227.341,222.938
93.17,222.076,223.022
93.18,222.704,224.424
93.19,220.492,223.274
93.2,223.634,223.912
93.21,224.071,221.766
93.22,225.656,224.887
93.23,227.557,222.075
93.24,224.187,224.292
93.25,223.873,221.398
93.26,221.311,217.498
93.27,220.353,220.582
93.28,222.485,223.784
93.29,221.303,219.253
93.3,224.51,221.325
93.31,223.399,218.463
93.32,224.138,225.447
93.33,224.629,223.964
93.34,224.408,223.258
93.35,224.93,223.967
93.36,225.607,223.698
93.37,224.818,224.778
93.38,226.167,221.949
93.39,227.006,221.657
93.4,227.668,220.149
93.41,224.826,223.1
93.42,221.934,222.267
93.43,226.113,221.375
93.44,223.876,222.501
93.45,225.301,221.504
93.46,224.331,219.504
93.47,228.684,223.142
93.48,227.203,221.342
93.49,223.695,221.611
93.5,223.184,219.396
93.51,226.294,220.934
93.52,224.604,219.222
93.53,225.406,221.989
93.54,226.229,221.822
93.55,224.267,223.983
93.56,224.977,221.752
93.57,225.726,220.931
93.58,226.196,225.502
93.59,223.957,220.531
93.6,225.823,221.582
93.61,225.227,221.278
93.62,227.462,220.105
93.63,222.367,218.275
93.64,224.06,220.218
93.65,224.099,221.844
93.66,227.444,223.438
93.67,227.79,225.71
93.68,225.215,227.706
93.69,223.207,227.415
93.7,224.666,225.273
93.71,222.709,226.062
93.72,222.4,223.855
93.73,221.863,226.213
93.74,223.64,222.495
93.75,221.975,222.069
93.76,220.726,223.226
93.77,225.152,222.403
93.78,226.312,225.116
93.79,224.71,224.023
93.8,225.915,225.74
93.81,226.133,222.213
93.82,226.967,224.033
93.83,222.649,221.554
93.84,226.531,221.898
93.85,225.947,223.51
93.86,226.014,224.684
93.87,225.901,224.862
93.88,225.401,225.128
93.89,226.35,222.666
93.9,225.566,221.919
93.91,225.621,227.656
93.92,224.554,222.546
93.93,224.493,221.768
93.94,226.099,224.134
93.95,225.482,222.931
93.96,225.318,224.479
93.97,226.565,223.764
93.98,225.119,221.589
93.99,225.694,224.295
94.0,225.633,225.0
94.01,227.024,227.664
94.02,226.674,226.908
94.03,226.932,227.476
94.04,223.125,224.556
94.05,226.261,223.571
94.06,228.605,221.027
94.07,226.262,225.689
94.08,227.799,221.775
94.09,224.662,223.825
94.1,230.355,224.439
94.11,228.884,219.524
94.12,229.226,219.372
94.13,228.218,227.031
94.14,229.815,223.257
94.15,232.631,226.197
94.16,230.867,225.407
94.17,227.557,227.883
94.18,228.65,226.981
94.19,229.419,227.284
94.2,229.299,228.068
94.21,225.334,227.697
94.22,228.579,223.942
94.23,228.104,223.467
94.24,226.94,226.759
94.25,228.67,224.548
94.26,224.618,227.167
94.27,227.106,225.748
94.28,226.588,223.702
94.29,225.726,225.816
94.3,225.656,223.322
94.31,224.408,222.928
94.32,225.554,219.941
94.33,225.607,224.586
94.34,228.802,222.273
94.35,225.329,222.889
94.36,229.982,223.51
94.37,223.94,219.652
94.38,224.959,218.924
94.39,229.256,218.866
94.4,226.218,219.535
94.41,227.878,221.621
94.42,223.138,219.418
94.43,224.763,218.616
94.44,225.322,221.129
94.45,225.09,220.029
94.46,225.928,221.233
94.47,227.344,224.297
94.48,227.926,227.734
94.49,225.334,222.076
94.5,227.747,220.507
94.51,226.615,223.429
94.52,224.694,222.535
94.53,228.191,222.242
94.54,225.12,221.795
94.55,226.638,219.139
94.56,228.221,222.771
94.57,227.274,225.271
94.58,224.703,223.03
94.59,226.103,221.202
94.6,225.925,222.632
94.61,227.199,220.632
94.62,227.395,221.867
94.63,226.202,222.205
94.64,226.41,220.014
94.65,227.366,220.283
94.66,225.046,223.337
94.67,224.761,223.697
94.68,228.269,225.688
94.69,226.547,221.012
94.7,227.984,220.399
94.71,224.544,223.193
94.72,227.814,226.227
94.73,228.469,226.943
94.74,225.953,224.375
94.75,226.128,224.16
94.76,229.168,223.707
94.77,224.803,223.294
94.78,229.159,221.034
94.79,227.246,224.741
94.8,227.341,222.699
94.81,228.735,224.018
94.82,227.153,221.924
94.83,229.043,222.099
94.84,230.313,218.228
94.85,232.076,222.245
94.86,233.04,221.705
94.87,230.896,219.616
94.88,229.398,221.926
94.89,231.451,223.504
94.9,232.193,223.99
94.91,229.666,220.008
94.92,228.713,221.589
94.93,232.958,221.667
94.94,230.09,221.428
94.95,227.311,222.911
94.96,229.977,223.771
94.97,226.215,223.354
94.98,228.039,220.471
94.99,227.275,220.838
95.0,232.219,222.757
95.01,229.574,223.983
95.02,230.059,220.202
95.03,230.69,220.127
95.04,229.219,221.64
95.05,230.004,219.93
95.06,225.917,219.705
95.07,227.57,220.919
95.08,226.848,219.608
95.09,227.515,221.734
95.1,227.196,220.492
95.11,226.144,218.074
95.12,223.464,219.244
95.13,224.449,217.559
95.14,226.066,218.11
95.15,223.777,222.335
95.16,220.88,222.362
95.17,226.337,220.924
95.18,222.745,221.009
95.19,224.974,220.413
95.2,220.977,221.562
95.21,226.971,219.001
95.22,225.712,223.244
95.23,225.35,224.305
95.24,228.727,222.426
95.25,229.713,225.547
95.26,232.066,225.567
95.27,231.652,224.031
95.28,229.694,221.695
95.29,226.04,224.602
95.3,225.391,223.359
95.31,229.881,225.796
95.32,228.948,224.127
95.33,226.636,223.866
95.34,228.661,220.585
95.35,228.134,223.113
95.36,225.687,226.429
95.37,224.514,223.131
95.38,227.984,222.818
95.39,225.44,224.694
95.4,227.63,220.54
95.41,229.883,229.0
95.42,232.269,226.928
95.43,227.422,224.682
95.44,224.809,225.122
95.45,229.316,224.822
95.46,226.045,225.506
95.47,226.297,228.64
95.48,229.347,226.52
95.49,228.204,224.528
95.5,226.836,224.484
95.51,227.679,222.728
95.52,234.078,222.161
95.53,232.34,225.537
95.54,232.422,226.721
95.55,230.209,222.752
95.56,229.179,221.715
95.57,228.171,227.559
95.58,227.345,221.073
95.59,224.944,227.38
95.6,228.463,225.958
95.61,230.051,224.986
95.62,226.704,227.247
95.63,234.622,223.772
95.64,231.014,227.685
95.65,230.83,225.743
95.66,227.441,222.747
95.67,229.008,226.232
95.68,227.498,225.453
95.69,229.141,225.589
95.7,225.651,223.662
95.71,224.388,225.427
95.72,228.369,221.206
95.73,227.681,224.634
95.74,228.484,220.421
95.75,229.852,222.614
95.76,232.211,222.128
95.77,228.65,223.864
95.78,229.692,225.926
95.79,228.23,223.539
95.8,229.447,220.127
95.81,229.426,220.004
95.82,229.465,224.889
95.83,228.016,224.834
95.84,229.008,224.388
95.85,230.627,225.202
95.86,230.51,225.225
95.87,231.25,224.099
95.88,228.939,219.7
95.89,228.691,220.254
95.9,226.126,221.874
95.91,227.52,222.258
95.92,222.099,227.703
95.93,228.061,223.005
95.94,228.026,221.463
95.95,226.052,220.059
95.96,228.684,221.285
95.97,224.019,224.482
95.98,228.284,219.267
95.99,226.783,220.042
96.0,223.746,221.221
96.01,222.352,219.593
96.02,224.521,221.539
96.03,223.458,219.084
96.04,225.366,226.081
96.05,224.434,223.087
96.06,225.742,222.203
96.07,223.083,221.657
96.08,224.822,221.437
96.09,225.603,221.222
96.1,223.445,223.777
96.11,222.085,222.967
96.12,224.464,220.61
96.13,228.002,223.814
96.14,225.038,225.158
96.15,227.95,216.904
96.16,228.068,220.564
96.17,225.317,221.88
96.18,223.772,224.731
96.19,225.418,222.54
96.2,228.838,220.916
96.21,223.921,220.781
96.22,225.17,221.051
96.23,228.01,223.712
96.24,227.209,219.938
96.25,227.372,224.856
96.26,223.274,222.898
96.27,226.45,222.311
96.28,223.833,221.26
96.29,226.293,222.439
96.3,229.533,224.821
96.31,227.691,222.32
96.32,227.888,222.088
96.33,229.512,219.537
96.34,228.341,220.641
96.35,228.902,217.769
96.36,228.566,221.959
96.37,228.157,219.068
96.38,228.91,217.354
96.39,229.004,221.505
96.4,231.657,220.976
96.41,232.528,218.292
96.42,230.222,219.081
96.43,230.286,220.736
96.44,229.981,218.361
96.45,228.867,219.888
96.46,230.733,221.497
96.47,233.203,218.2
96.48,228.813,222.778
96.49,231.565,219.694
96.5,227.966,222.289
96.51,230.337,221.998
96.52,229.917,221.375
96.53,230.401,221.454
96.54,229.604,222.583
96.55,231.575,227.301
96.56,233.574,226.672
96.57,228.743,222.517
96.58,230.05,224.454
96.59,231.592,226.368
96.6,230.557,223.774
96.61,229.114,223.859
96.62,228.76,225.289
96.63,229.964,224.408
96.64,234.274,229.264
96.65,228.376,226.227
96.66,233.877,221.745
96.67,232.389,221.718
96.68,232.012,222.593
96.69,229.462,223.364
96.7,231.494,223.869
96.71,228.318,221.061
96.72,227.297,223.232
96.73,229.167,224.277
96.74,230.744,225.579
96.75,231.717,223.327
96.76,229.432,223.253
96.77,233.951,221.732
96.78,231.771,218.656
96.79,228.961,222.13
96.8,229.591,222.102
96.81,229.034,223.332
96.82,231.077,220.783
96.83,229.158,220.884
96.84,229.098,225.542
96.85,229.66,223.997
96.86,231.146,222.343
96.87,232.228,224.01
96.88,231.588,225.043
96.89,232.342,223.027
96.9,228.549,221.733
96.91,229.56,224.525
96.92,232.324,224.243
96.93,231.521,223.091
96.94,228.649,223.434
96.95,231.559,221.288
96.96,229.58,225.783
96.97,231.149,223.57
96.98,232.351,223.878
96.99,230.26,223.585
97.0,231.164,219.999
97.01,231.433,221.169
97.02,226.458,223.282
97.03,226.867,218.202
97.04,227.53,220.016
97.05,227.347,218.982
97.06,224.267,218.057
97.07,224.897,217.562
97.08,227.213,218.887
97.09,225.669,220.88
97.1,227.188,221.83
97.11,226.266,221.809
97.12,224.786,218.056
97.13,225.284,220.823
97.14,225.67,220.616
97.15,229.645,220.458
97.16,226.614,220.394
97.17,226.057,222.14
97.18,225.89,221.168
97.19,225.825,222.248
97.2,224.418,219.138
97.21,226.564,220.276
97.22,225.047,222.082
97.23,224.987,223.039
97.24,225.877,221.733
97.25,224.283,219.068
97.26,225.498,221.828
97.27,228.97,220.769
97.28,225.603,220.325
97.29,222.726,221.142
97.3,225.907,222.956
97.31,225.893,221.403
97.32,223.972,221.408
97.33,224.236,222.456
97.34,226.072,223.723
97.35,222.969,224.922
97.36,225.539,220.563
97.37,223.861,218.088
97.38,224.107,223.0
97.39,225.828,222.02
97.4,228.28,222.74
97.41,223.647,222.357
97.42,227.094,221.077
97.43,223.054,226.011
97.44,222.667,220.886
97.45,225.809,223.938
97.46,224.349,224.854
97.47,226.715,221.523
97.48,225.118,219.69
97.49,228.276,226.357
97.5,226.272,224.55
97.51,226.424,223.226
97.52,222.613,217.634
97.53,228.249,219.242
97.54,223.212,220.887
97.55,223.396,222.761
97.56,227.274,222.68
97.57,221.4,220.352
97.58,222.555,220.933
97.59,224.362,220.148
97.6,220.755,221.171
97.61,223.361,220.932
97.62,225.285,226.987
97.63,225.062,220.952
97.64,222.567,223.325
97.65,224.281,222.233
97.66,225.64,222.653
97.67,223.186,221.754
97.68,222.022,223.868
97.69,225.979,220.524
97.7,228.107,222.06
97.71,225.517,228.469
97.72,227.695,223.84
97.73,225.932,223.758
97.74,226.664,220.975
97.75,228.447,223.338
97.76,224.886,222.871
97.77,225.241,223.787
97.78,225.64,225.785
97.79,227.892,221.375
97.8,227.368,222.588
97.81,225.598,221.584
97.82,224.8,223.831
97.83,224.989,221.368
97.84,224.553,222.074
97.85,227.41,222.243
97.86,228.599,225.077
97.87,229.122,222.01
97.88,226.269,221.624
97.89,228.425,220.926
97.9,227.73,225.26
97.91,228.59,219.193
97.92,229.623,219.116
97.93,228.934,222.867
97.94,230.555,226.557
97.95,229.429,222.126
97.96,228.682,224.346
97.97,231.779,223.637
97.98,228.153,221.763
97.99,228.349,220.782
98.0,227.75,221.497
98.01,227.461,219.584
98.02,228.749,222.694
98.03,228.136,223.748
98.04,227.34,225.112
98.05,225.562,226.323
98.06,226.029,220.21
98.07,228.435,220.485
98.08,228.306,219.639
98.09,226.937,216.558
98.1,228.318,218.8
98.11,228.78,216.67
98.12,233.064,221.36
98.13,229.305,219.372
98.14,229.628,218.535
98.15,229.886,219.544
98.16,228.114,218.672
98.17,230.731,219.714
98.18,229.99,221.955
98.19,228.668,221.197
98.2,226.399,220.611
98.21,232.033,218.257
98.22,227.389,219.773
98.23,227.053,219.95
98.24,226.349,220.706
98.25,231.762,218.382
98.26,229.026,218.759
98.27,233.334,221.9
98.28,229.303,215.9
98.29,231.122,218.973
98.3,227.551,219.707
98.31,229.332,219.378
98.32,229.471,221.234
98.33,228.367,221.203
98.34,232.063,220.913
98.35,225.3,221.771
98.36,230.501,218.598
98.37,230.013,219.853
98.38,230.636,224.528
98.39,233.248,222.163
98.4,229.819,225.039
98.41,229.149,223.826
98.42,228.449,222.347
98.43,231.618,221.453
98.44,232.893,217.002
98.45,230.107,221.825
98.46,227.698,223.628
98.47,229.318,219.321
98.48,230.808,221.009
98.49,228.957,221.373
98.5,233.435,223.899
98.51,231.417,218.032
98.52,229.361,221.716
98.53,229.111,219.492
98.54,230.587,219.959
98.55,228.978,224.749
98.56,231.529,218.287
98.57,231.228,221.914
98.58,232.76,218.679
98.59,226.255,219.64
98.6,227.703,216.721
98.61,229.52,218.895
98.62,230.682,220.726
98.63,229.279,219.82
98.64,230.512,217.771
98.65,230.025,223.61
98.66,229.935,222.362
98.67,229.488,220.185
98.68,233.001,222.993
98.69,230.28,218.992
98.7,227.476,219.144
98.71,228.197,224.628
98.72,232.006,219.543
98.73,232.207,219.696
98.74,231.066,220.638
98.75,226.037,219.981
98.76,227.753,214.969
98.77,227.531,220.957
98.78,227.912,221.371
98.79,224.453,218.498
98.8,228.403,225.299
98.81,229.607,222.557
98.82,230.912,221.209
98.83,225.993,224.078
98.84,229.214,225.466
98.85,227.391,221.449
98.86,234.674,218.558
98.87,229.222,223.596
98.88,229.898,224.377
98.89,227.819,221.482
98.9,228.276,222.859
98.91,228.964,224.284
98.92,230.561,222.464
98.93,229.201,223.164
98.94,231.381,222.675
98.95,232.152,223.175
98.96,229.846,222.113
98.97,230.947,223.457
98.98,229.568,221.605
98.99,234.006,226.147
99.0,232.443,222.945
99.01,231.997,220.984
99.02,230.713,226.112
99.03,231.615,222.435
99.04,227.961,221.217
99.05,226.734,225.088
99.06,231.22,222.104
99.07,232.314,223.506
99.08,228.583,222.367
99.09,228.514,221.912
99.1,230.684,222.753
99.11,231.786,219.701
99.12,232.66,219.186
99.13,229.766,222.879
99.14,234.044,218.154
99.15,232.446,222.96
99.16,230.756,221.5
99.17,232.388,219.27
99.18,229.108,219.068
99.19,229.079,223.45
99.2,229.547,220.082
99.21,232.643,224.182
99.22,233.736,225.229
99.23,227.604,222.087
99.24,230.007,225.726
99.25,229.337,223.076
99.26,233.436,226.229
99.27,233.911,224.204
99.28,232.134,226.924
99.29,233.671,223.474
99.3,232.457,226.109
99.31,234.819,222.995
99.32,233.225,223.68
99.33,233.432,223.623
99.34,230.751,225.372
99.35,232.098,227.609
99.36,233.551,227.051
99.37,232.52,226.174
99.38,232.31,226.097
99.39,231.061,226.12
99.4,233.219,224.442
99.41,234.845,227.591
99.42,235.026,225.157
99.43,230.738,220.664
99.44,230.365,223.488
99.45,232.394,221.408
99.46,231.105,222.805
99.47,233.789,224.948
99.48,231.368,226.366
99.49,232.919,223.929
99.5,233.912,219.92
99.51,231.496,221.455
99.52,232.291,223.554
99.53,230.265,221.47
99.54,228.602,222.769
99.55,231.839,222.768
99.56,230.088,223.932
99.57,230.645,223.247
99.58,228.451,224.422
99.59,229.945,222.252
99.6,234.165,220.432
99.61,230.667,222.596
99.62,231.271,223.112
99.63,229.322,218.845
99.64,227.819,221.076
99.65,229.126,220.042
99.66,230.518,223.617
99.67,230.907,220.113
99.68,232.382,223.751
99.69,230.554,224.482
99.7,232.492,221.782
99.71,233.354,222.31
99.72,234.045,221.824
99.73,234.892,220.202
99.74,233.469,222.023
99.75,234.395,222.759
99.76,230.711,224.24
99.77,232.651,225.493
99.78,233.075,225.398
99.79,228.202,222.82
99.8,232.006,225.012
99.81,231.89,226.165
99.82,233.58,223.589
99.83,228.161,220.813
99.84,233.522,220.674
99.85,226.818,221.934
99.86,228.08,221.158
99.87,229.3,224.849
99.88,231.74,221.67
99.89,229.748,222.062
99.9,228.636,224.253
99.91,230.41,225.373
99.92,231.696,222.329
99.93,231.597,224.682
99.94,229.088,224.434
99.95,230.309,224.171
99.96,231.115,226.411
99.97,230.688,224.437
99.98,230.053,224.472
99.99,231.488,227.036
100.0,230.377,228.111
