Time/Residue,AFR5_R1.xvg,AFR5_R2.xvg,Average
0,209.702,211.472,210.587
0.01,213.519,212.775,213.147
0.02,217.066,218.41,217.738
0.03,219.93,219.385,219.6575
0.04,216.887,220.864,218.8755
0.05,219.773,219.875,219.824
0.06,219.937,226.009,222.973
0.07,223.881,223.514,223.6975
0.08,220.358,222.268,221.313
0.09,221.924,219.094,220.509
0.1,222.345,218.33,220.3375
0.11,220.612,217.376,218.994
0.12,219.798,219.159,219.4785
0.13,226.086,221.587,223.8365
0.14,223.834,223.082,223.458
0.15,221.677,220.778,221.2275
0.16,221.172,220.416,220.794
0.17,219.893,219.836,219.8645
0.18,223.605,220.921,222.263
0.19,221.47,219.496,220.483
0.2,223.544,217.448,220.496
0.21,224.538,220.484,222.511
0.22,224.549,220.899,222.724
0.23,224.026,222.049,223.0375
0.24,224.532,222.509,223.5205
0.25,226.442,221.903,224.1725
0.26,229.696,222.508,226.102
0.27,223.073,225.664,224.3685
0.28,223.435,224.24,223.8375
0.29,222.08,223.679,222.8795
0.3,224.446,227.009,225.7275
0.31,226.035,223.115,224.575
0.32,221.934,224.734,223.334
0.33,224.053,229.634,226.8435
0.34,227.856,225.232,226.544
0.35,227.443,226.271,226.857
0.36,227.696,225.455,226.5755
0.37,228.566,227.037,227.8015
0.38,221.695,227.626,224.6605
0.39,224.893,229.336,227.1145
0.4,221.386,226.782,224.084
0.41,227.142,225.574,226.358
0.42,226.792,229.191,227.9915
0.43,226.875,227.07,226.9725
0.44,227.277,231.432,229.3545
0.45,224.376,230.223,227.2995
0.46,225.378,227.314,226.346
0.47,229.041,223.144,226.0925
0.48,229.172,229.138,229.155
0.49,228.186,227.791,227.9885
0.5,226.336,229.305,227.8205
0.51,228.687,228.737,228.712
0.52,228.641,230.5,229.5705
0.53,229.205,229.695,229.45
0.54,225.777,229.312,227.5445
0.55,227.27,228.907,228.0885
0.56,229.983,226.902,228.4425
0.57,225.756,229.461,227.6085
0.58,230.295,232.845,231.57
0.59,230.407,232.679,231.543
0.6,227.996,228.442,228.219
0.61,227.95,227.892,227.921
0.62,226.85,229.535,228.1925
0.63,227.322,233.5,230.411
0.64,225.59,229.804,227.697
0.65,225.572,230.002,227.787
0.66,225.811,232.068,228.9395
0.67,225.524,235.041,230.2825
0.68,226.348,232.099,229.2235
0.69,222.852,231.265,227.0585
0.7,225.69,231.971,228.8305
0.71,222.352,231.602,226.977
0.72,226.602,229.764,228.183
0.73,222.587,233.974,228.2805
0.74,222.954,233.232,228.093
0.75,226.834,230.191,228.5125
0.76,226.798,232.629,229.7135
0.77,229.153,231.92,230.5365
0.78,228.988,234.829,231.9085
0.79,227.708,231.101,229.4045
0.8,227.224,229.126,228.175
0.81,227.43,228.966,228.198
0.82,222.817,228.287,225.552
0.83,224.146,229.16,226.653
0.84,225.478,230.672,228.075
0.85,221.852,230.097,225.9745
0.86,223.77,229.981,226.8755
0.87,225.504,229.429,227.4665
0.88,222.872,230.524,226.698
0.89,225.309,233.565,229.437
0.9,225.324,230.83,228.077
0.91,224.841,230.523,227.682
0.92,225.798,232.606,229.202
0.93,222.859,231.063,226.961
0.94,223.394,230.475,226.9345
0.95,227.416,227.108,227.262
0.96,224.043,229.625,226.834
0.97,226.778,231.123,228.9505
0.98,223.883,228.355,226.119
0.99,225.996,231.159,228.5775
1,227.347,231.499,229.423
1.01,225.373,228.727,227.05
1.02,226.197,231.227,228.712
1.03,229.603,230.021,229.812
1.04,224.922,231.367,228.1445
1.05,224.784,233.334,229.059
1.06,226.257,228.625,227.441
1.07,226.421,229.512,227.9665
1.08,225.605,229.138,227.3715
1.09,225.255,227.886,226.5705
1.1,226.201,225.832,226.0165
1.11,224.968,227.378,226.173
1.12,224.814,230.516,227.665
1.13,225.949,229.859,227.904
1.14,221.34,232.771,227.0555
1.15,222.895,231.578,227.2365
1.16,224.237,229.228,226.7325
1.17,224.679,229.638,227.1585
1.18,226.646,231.001,228.8235
1.19,227.351,231.447,229.399
1.2,222.856,226.843,224.8495
1.21,220.323,231.818,226.0705
1.22,225.076,227.995,226.5355
1.23,223.088,230.252,226.67
1.24,225.585,228.712,227.1485
1.25,223.924,230.098,227.011
1.26,225.053,231.216,228.1345
1.27,226.103,229.808,227.9555
1.28,225.267,229.817,227.542
1.29,224.902,229.185,227.0435
1.3,226.012,226.904,226.458
1.31,224.401,228.247,226.324
1.32,226.886,228.109,227.4975
1.33,224.65,233.066,228.858
1.34,228.024,230.246,229.135
1.35,229.445,225.06,227.2525
1.36,224.805,229.208,227.0065
1.37,224.094,228.275,226.1845
1.38,226.073,227.476,226.7745
1.39,226.269,221.249,223.759
1.4,224.817,228.221,226.519
1.41,226.672,228.093,227.3825
1.42,224.475,228.712,226.5935
1.43,226.237,227.1,226.6685
1.44,227.551,227.41,227.4805
1.45,228.533,226.929,227.731
1.46,227.414,230.224,228.819
1.47,229.159,223.73,226.4445
1.48,229.143,225.468,227.3055
1.49,228.293,229.081,228.687
1.5,229.714,225.792,227.753
1.51,227.891,228.096,227.9935
1.52,229.289,223.371,226.33
1.53,226.191,227.403,226.797
1.54,225.836,228.537,227.1865
1.55,232.479,226.906,229.6925
1.56,228.437,231.983,230.21
1.57,226.532,229.588,228.06
1.58,227.835,227.234,227.5345
1.59,229.627,225.98,227.8035
1.6,228.472,228.802,228.637
1.61,230.708,229.064,229.886
1.62,229.587,230.16,229.8735
1.63,229.627,230.516,230.0715
1.64,227.52,227.56,227.54
1.65,231.937,231.176,231.5565
1.66,231.274,226.124,228.699
1.67,227.785,230.303,229.044
1.68,231.606,229.265,230.4355
1.69,230.03,230.319,230.1745
1.7,230.173,230.421,230.297
1.71,228.398,230.672,229.535
1.72,229.598,228.964,229.281
1.73,230.221,227.347,228.784
1.74,228.77,231.547,230.1585
1.75,229.148,226.535,227.8415
1.76,231.276,229.873,230.5745
1.77,233.598,229.617,231.6075
1.78,232.513,231.591,232.052
1.79,232.173,231.135,231.654
1.8,231.837,228.526,230.1815
1.81,234.766,233.16,233.963
1.82,230.268,230.064,230.166
1.83,234.712,231.212,232.962
1.84,230.842,232.026,231.434
1.85,232.516,232.761,232.6385
1.86,231.837,228.398,230.1175
1.87,230.98,230.99,230.985
1.88,229.774,234.183,231.9785
1.89,228.583,232.542,230.5625
1.9,229.222,230.284,229.753
1.91,232.98,228.316,230.648
1.92,232.635,228.853,230.744
1.93,233.982,232.485,233.2335
1.94,231.105,237.545,234.325
1.95,233.729,227.791,230.76
1.96,235.748,230.384,233.066
1.97,231.991,228.811,230.401
1.98,233.539,234.625,234.082
1.99,232.974,234.097,233.5355
2,232.486,234.896,233.691
2.01,233.86,228.292,231.076
2.02,233.616,226.493,230.0545
2.03,233.051,228.957,231.004
2.04,231.372,232.277,231.8245
2.05,229.968,232.419,231.1935
2.06,235.12,234.04,234.58
2.07,234.025,231.559,232.792
2.08,233.295,232.488,232.8915
2.09,233.059,230.95,232.0045
2.1,229.742,230.74,230.241
2.11,234.807,232.867,233.837
2.12,233.276,230.323,231.7995
2.13,234.109,234.742,234.4255
2.14,235.865,231.367,233.616
2.15,233.84,233.353,233.5965
2.16,234.121,234.378,234.2495
2.17,235.722,233.52,234.621
2.18,234.559,230.525,232.542
2.19,236.578,234.494,235.536
2.2,238.744,231.593,235.1685
2.21,234.461,231.864,233.1625
2.22,232.638,233.191,232.9145
2.23,235.3,234.54,234.92
2.24,233.438,234.1,233.769
2.25,235.392,235.061,235.2265
2.26,237.381,230.473,233.927
2.27,234.929,229.987,232.458
2.28,236.497,233.467,234.982
2.29,237.067,232.794,234.9305
2.3,235.608,234.828,235.218
2.31,237.086,233.352,235.219
2.32,238.971,232.671,235.821
2.33,235.31,232.365,233.8375
2.34,233.1,235.094,234.097
2.35,240.736,233.72,237.228
2.36,234.281,232.15,233.2155
2.37,237.322,235.651,236.4865
2.38,240.514,233.548,237.031
2.39,239.729,231.977,235.853
2.4,239.008,232.012,235.51
2.41,236.205,232.899,234.552
2.42,238.15,231.468,234.809
2.43,239.963,234.483,237.223
2.44,233.674,233.057,233.3655
2.45,237.901,234.211,236.056
2.46,239.917,233.061,236.489
2.47,235.471,237.193,236.332
2.48,236.808,230.135,233.4715
2.49,237.823,232.667,235.245
2.5,241.294,231.933,236.6135
2.51,233.797,229.331,231.564
2.52,238.599,231.441,235.02
2.53,236.007,230.848,233.4275
2.54,237.577,233.049,235.313
2.55,235.676,237.684,236.68
2.56,239.319,234.287,236.803
2.57,236.527,232.091,234.309
2.58,236.264,232.339,234.3015
2.59,238.804,234.078,236.441
2.6,238.005,233.234,235.6195
2.61,240.176,233.364,236.77
2.62,234.498,234.329,234.4135
2.63,234.723,231.17,232.9465
2.64,237.089,235.072,236.0805
2.65,237.17,231.198,234.184
2.66,236.332,231.544,233.938
2.67,236.266,237.88,237.073
2.68,234.546,231.996,233.271
2.69,236.06,235.169,235.6145
2.7,238.197,233.524,235.8605
2.71,235.612,238.367,236.9895
2.72,238.879,235.674,237.2765
2.73,237.071,231.318,234.1945
2.74,235.527,229.58,232.5535
2.75,239.755,233.329,236.542
2.76,242.515,232.354,237.4345
2.77,238.072,234.722,236.397
2.78,240.505,236.779,238.642
2.79,239.227,233.917,236.572
2.8,237.211,235.436,236.3235
2.81,236.601,233.438,235.0195
2.82,239.157,235.184,237.1705
2.83,241.209,236.091,238.65
2.84,237.045,231.872,234.4585
2.85,238.073,235.599,236.836
2.86,234.262,234.573,234.4175
2.87,238.701,237.398,238.0495
2.88,240.444,237.941,239.1925
2.89,234.244,234.653,234.4485
2.9,233.758,235.716,234.737
2.91,235.108,235.002,235.055
2.92,238.633,229.672,234.1525
2.93,236.981,231.728,234.3545
2.94,235.224,231.881,233.5525
2.95,235.521,233.209,234.365
2.96,236.986,232.841,234.9135
2.97,232.763,230.724,231.7435
2.98,234.487,233.467,233.977
2.99,236.691,235.247,235.969
3,235.67,235.281,235.4755
3.01,236.701,231.335,234.018
3.02,238.113,230.76,234.4365
3.03,234.456,232.843,233.6495
3.04,236.307,233.726,235.0165
3.05,239.551,234.957,237.254
3.06,232.846,233.561,233.2035
3.07,235.518,235.427,235.4725
3.08,234.564,234.347,234.4555
3.09,235.796,232.037,233.9165
3.1,236.045,233.319,234.682
3.11,236.549,238.171,237.36
3.12,236.557,234.104,235.3305
3.13,231.561,232.95,232.2555
3.14,235.093,229.954,232.5235
3.15,236.368,229.898,233.133
3.16,235.224,232.375,233.7995
3.17,234.884,232.828,233.856
3.18,238.26,232.251,235.2555
3.19,236.08,233.558,234.819
3.2,235.962,230.27,233.116
3.21,235.251,237.247,236.249
3.22,231.362,231.219,231.2905
3.23,231.556,233.222,232.389
3.24,236.991,233.163,235.077
3.25,239.759,236.165,237.962
3.26,237.319,232.733,235.026
3.27,235.913,236.43,236.1715
3.28,234.117,233.038,233.5775
3.29,233.428,234.647,234.0375
3.3,234.766,232.118,233.442
3.31,234.836,232.963,233.8995
3.32,239.7,231.589,235.6445
3.33,234.784,231.774,233.279
3.34,236.576,233.879,235.2275
3.35,237.726,233.729,235.7275
3.36,237.363,234.989,236.176
3.37,237.29,233.311,235.3005
3.38,236.919,234.899,235.909
3.39,234.912,231.613,233.2625
3.4,229.807,231.612,230.7095
3.41,236.165,232.994,234.5795
3.42,229.757,231.281,230.519
3.43,232.408,234.098,233.253
3.44,230.978,233.398,232.188
3.45,230.72,234.245,232.4825
3.46,230.856,232.671,231.7635
3.47,231.632,234.861,233.2465
3.48,233.787,236.047,234.917
3.49,234.102,237.021,235.5615
3.5,233.266,236.634,234.95
3.51,234.639,236.488,235.5635
3.52,231.45,235.432,233.441
3.53,234.613,233.63,234.1215
3.54,232.468,238.679,235.5735
3.55,234.102,237.792,235.947
3.56,236.035,236.173,236.104
3.57,236.117,233.686,234.9015
3.58,234.33,237.005,235.6675
3.59,234.06,237.144,235.602
3.6,230.4,235.66,233.03
3.61,232.28,234.901,233.5905
3.62,237.302,237.804,237.553
3.63,231.553,236.107,233.83
3.64,233.23,237.705,235.4675
3.65,235.129,239.882,237.5055
3.66,233.653,235.891,234.772
3.67,237.237,233.835,235.536
3.68,237.141,235.07,236.1055
3.69,234.879,238.616,236.7475
3.7,238.189,236.739,237.464
3.71,234.823,235.944,235.3835
3.72,234.042,236.814,235.428
3.73,234.131,237.734,235.9325
3.74,233.605,236.987,235.296
3.75,236.223,234.285,235.254
3.76,237.767,236.066,236.9165
3.77,237.753,238.071,237.912
3.78,235.52,239.243,237.3815
3.79,232.899,237.054,234.9765
3.8,235.875,237.325,236.6
3.81,232.322,239.057,235.6895
3.82,236.079,240.87,238.4745
3.83,233.503,237.083,235.293
3.84,233.619,236.606,235.1125
3.85,234.601,237.293,235.947
3.86,236.407,236.57,236.4885
3.87,235.414,236.82,236.117
3.88,234.239,235.671,234.955
3.89,236.156,238.163,237.1595
3.9,237.381,238.366,237.8735
3.91,237.689,239.673,238.681
3.92,236.683,237.774,237.2285
3.93,236.471,237.478,236.9745
3.94,236.283,239.79,238.0365
3.95,237.009,237.275,237.142
3.96,234.276,236.667,235.4715
3.97,234.852,232.593,233.7225
3.98,234.204,237.838,236.021
3.99,234.073,236.522,235.2975
4,235.991,238.505,237.248
4.01,231.812,237.684,234.748
4.02,231.671,234.785,233.228
4.03,236.897,238.012,237.4545
4.04,234.063,237.007,235.535
4.05,232.168,233.768,232.968
4.06,232.75,235.555,234.1525
4.07,231.022,236.879,233.9505
4.08,230.773,237.812,234.2925
4.09,232.459,235.464,233.9615
4.1,231.642,237.262,234.452
4.11,234.961,233.548,234.2545
4.12,232.286,237.731,235.0085
4.13,230.738,238.203,234.4705
4.14,230.548,236.397,233.4725
4.15,232.592,240.151,236.3715
4.16,231.474,241.272,236.373
4.17,236.166,241.407,238.7865
4.18,232.725,233.65,233.1875
4.19,231.884,236.87,234.377
4.2,232.9,237.38,235.14
4.21,236.399,237.878,237.1385
4.22,238.871,237.644,238.2575
4.23,234.528,236.251,235.3895
4.24,233.337,237.112,235.2245
4.25,230.473,237.565,234.019
4.26,232.256,238.316,235.286
4.27,232.386,234.582,233.484
4.28,233.026,237.38,235.203
4.29,230.894,235.943,233.4185
4.3,233.708,235.624,234.666
4.31,230.553,233.806,232.1795
4.32,235.123,234.792,234.9575
4.33,233.727,235.438,234.5825
4.34,231.902,232.137,232.0195
4.35,231.853,235.626,233.7395
4.36,230.339,231.593,230.966
4.37,236.279,232.137,234.208
4.38,230.553,231.863,231.208
4.39,233.499,231.912,232.7055
4.4,234.357,231.601,232.979
4.41,232.707,233.267,232.987
4.42,230.735,234.906,232.8205
4.43,231.559,232.323,231.941
4.44,232.294,231.684,231.989
4.45,231.797,233.797,232.797
4.46,234.612,233.06,233.836
4.47,233.249,233.27,233.2595
4.48,231.832,231.073,231.4525
4.49,232.825,233.7,233.2625
4.5,234.583,234.225,234.404
4.51,232.415,232.94,232.6775
4.52,232.516,230.855,231.6855
4.53,232.815,236.745,234.78
4.54,232.967,234.264,233.6155
4.55,234.758,233.393,234.0755
4.56,234.738,231.855,233.2965
4.57,235.328,234.554,234.941
4.58,232.493,233.746,233.1195
4.59,233.693,233.739,233.716
4.6,233.876,231.693,232.7845
4.61,233.159,232.491,232.825
4.62,233.172,232.259,232.7155
4.63,234.716,235.523,235.1195
4.64,232.776,232.323,232.5495
4.65,230.999,234.236,232.6175
4.66,231.053,231.313,231.183
4.67,226.627,229.893,228.26
4.68,231.415,236.561,233.988
4.69,229.506,231.887,230.6965
4.7,233.211,230.716,231.9635
4.71,232.122,233.148,232.635
4.72,227.867,231.255,229.561
4.73,232.184,236.248,234.216
4.74,232.448,233.608,233.028
4.75,227.622,233.991,230.8065
4.76,232.335,232.782,232.5585
4.77,232.341,232.616,232.4785
4.78,234.051,235.061,234.556
4.79,232.581,237.103,234.842
4.8,230.495,229.472,229.9835
4.81,235.578,235.334,235.456
4.82,230.158,235.023,232.5905
4.83,234.216,236.335,235.2755
4.84,229.875,237.393,233.634
4.85,232.369,235.814,234.0915
4.86,230.052,231.949,231.0005
4.87,228.264,234.454,231.359
4.88,232.097,236.436,234.2665
4.89,232.75,236.333,234.5415
4.9,231.41,236.628,234.019
4.91,232.5,233.506,233.003
4.92,237.258,234.884,236.071
4.93,233.492,231.636,232.564
4.94,236.684,236.132,236.408
4.95,229.79,234.627,232.2085
4.96,232.96,231.551,232.2555
4.97,233.016,230.336,231.676
4.98,234.133,232.299,233.216
4.99,230.132,230.873,230.5025
5,231.82,233.514,232.667
5.01,234.369,234.134,234.2515
5.02,235.68,235.897,235.7885
5.03,233.813,231.023,232.418
5.04,230.061,230.701,230.381
5.05,230.822,229.971,230.3965
5.06,236.589,232.698,234.6435
5.07,231.784,231.3,231.542
5.08,232.014,228.448,230.231
5.09,236.369,228.939,232.654
5.1,229.671,231.719,230.695
5.11,234.546,231.469,233.0075
5.12,237.035,232.38,234.7075
5.13,232.478,228.932,230.705
5.14,231.016,231.125,231.0705
5.15,232.754,231.669,232.2115
5.16,230.672,230.089,230.3805
5.17,231.779,231.2,231.4895
5.18,233.227,231.256,232.2415
5.19,227.538,232.715,230.1265
5.2,230.631,232.232,231.4315
5.21,232.33,231.15,231.74
5.22,234.691,228.96,231.8255
5.23,231.261,232.204,231.7325
5.24,231.049,228.01,229.5295
5.25,228.046,226.067,227.0565
5.26,229.526,225.579,227.5525
5.27,226.621,231.758,229.1895
5.28,236.3,230.778,233.539
5.29,233.37,231.167,232.2685
5.3,236.725,228.253,232.489
5.31,236.057,231.888,233.9725
5.32,232.376,231.245,231.8105
5.33,235.839,231.143,233.491
5.34,235.234,232.048,233.641
5.35,234.617,230.137,232.377
5.36,236.019,232.99,234.5045
5.37,233.666,231.013,232.3395
5.38,237.392,232.28,234.836
5.39,236.281,228.704,232.4925
5.4,234.214,231.231,232.7225
5.41,234.348,230.386,232.367
5.42,235.564,228.748,232.156
5.43,233.903,231.083,232.493
5.44,236.605,237.163,236.884
5.45,232.836,232.831,232.8335
5.46,232.516,231.553,232.0345
5.47,234.955,230.675,232.815
5.48,233.792,237.05,235.421
5.49,235.964,231.807,233.8855
5.5,235.121,230.898,233.0095
5.51,240.534,232.065,236.2995
5.52,235.249,231.687,233.468
5.53,231.892,236.185,234.0385
5.54,236.548,233.198,234.873
5.55,233.932,234.297,234.1145
5.56,236.181,237.408,236.7945
5.57,234.067,231.707,232.887
5.58,236.895,236.419,236.657
5.59,238.534,236.977,237.7555
5.6,236.098,236.013,236.0555
5.61,235.924,235.192,235.558
5.62,238.164,238,238.082
5.63,229.895,237.417,233.656
5.64,233.527,238.237,235.882
5.65,232.843,235.668,234.2555
5.66,235.13,238.099,236.6145
5.67,234.116,233.203,233.6595
5.68,233.437,237.364,235.4005
5.69,233.84,234.875,234.3575
5.7,234.777,233.699,234.238
5.71,234.241,235.585,234.913
5.72,233.318,233.532,233.425
5.73,235.143,230.592,232.8675
5.74,232.169,230.783,231.476
5.75,238.641,233.359,236
5.76,236.185,237.086,236.6355
5.77,238.042,235.002,236.522
5.78,237.09,232.681,234.8855
5.79,235.934,232.85,234.392
5.8,235.851,233.367,234.609
5.81,237.239,235.971,236.605
5.82,236.04,232.132,234.086
5.83,237.052,234.087,235.5695
5.84,235.301,233.8,234.5505
5.85,237.742,232.753,235.2475
5.86,236.257,231.461,233.859
5.87,233.805,232.546,233.1755
5.88,235.912,233.73,234.821
5.89,236.481,235.386,235.9335
5.9,235.065,234.577,234.821
5.91,232.417,232.305,232.361
5.92,227.355,232.009,229.682
5.93,233.906,234.058,233.982
5.94,233.981,228.551,231.266
5.95,233.941,231.694,232.8175
5.96,234.943,230.546,232.7445
5.97,235.598,231.924,233.761
5.98,228.864,234.042,231.453
5.99,230.922,231.66,231.291
6,229.697,235.848,232.7725
6.01,232.968,233.361,233.1645
6.02,232.496,233.347,232.9215
6.03,233.989,231.553,232.771
6.04,235.34,230.953,233.1465
6.05,235.932,230.044,232.988
6.06,231.225,233.029,232.127
6.07,233.042,231.241,232.1415
6.08,236.207,233.184,234.6955
6.09,233.01,233.427,233.2185
6.1,233.372,233.796,233.584
6.11,233.802,232.057,232.9295
6.12,231.43,229.201,230.3155
6.13,233.468,231.387,232.4275
6.14,235.593,233.16,234.3765
6.15,238.329,232.563,235.446
6.16,238.94,235.476,237.208
6.17,239.719,230.065,234.892
6.18,235.328,229.652,232.49
6.19,235.414,232.404,233.909
6.2,236.075,232.601,234.338
6.21,237.63,232.273,234.9515
6.22,232.879,234.344,233.6115
6.23,236.437,234.489,235.463
6.24,235.808,235.83,235.819
6.25,233.65,233.331,233.4905
6.26,237.017,231.909,234.463
6.27,234.876,230.58,232.728
6.28,234.173,233.85,234.0115
6.29,229.433,234.026,231.7295
6.3,231.126,232.166,231.646
6.31,236.151,233.286,234.7185
6.32,233.447,233.687,233.567
6.33,234.326,232.451,233.3885
6.34,236.046,230.375,233.2105
6.35,237.461,233.854,235.6575
6.36,238.428,231.74,235.084
6.37,238.142,232.774,235.458
6.38,233.23,233.214,233.222
6.39,234.344,235.616,234.98
6.4,237.646,231.839,234.7425
6.41,236.954,233.455,235.2045
6.42,240.128,230.969,235.5485
6.43,239.185,232.426,235.8055
6.44,239.819,229.913,234.866
6.45,237.063,231.156,234.1095
6.46,237.202,233.783,235.4925
6.47,232.912,228.837,230.8745
6.48,235.188,228.603,231.8955
6.49,238.892,232.746,235.819
6.5,232.364,229.824,231.094
6.51,238.255,231.617,234.936
6.52,240.427,230.615,235.521
6.53,238.244,233.341,235.7925
6.54,238.096,226.803,232.4495
6.55,236.135,232.382,234.2585
6.56,234.572,230.923,232.7475
6.57,235.084,234.95,235.017
6.58,235.662,231.814,233.738
6.59,237.18,227.508,232.344
6.6,233.883,230.935,232.409
6.61,240.138,228.219,234.1785
6.62,230.382,230.491,230.4365
6.63,234.934,230.92,232.927
6.64,232.553,234.46,233.5065
6.65,235.286,235.32,235.303
6.66,233.491,232.405,232.948
6.67,235.926,235.441,235.6835
6.68,236.9,231.042,233.971
6.69,236.709,231.166,233.9375
6.7,236.435,231.727,234.081
6.71,232.007,231.979,231.993
6.72,235.778,232.233,234.0055
6.73,233.251,235.362,234.3065
6.74,234.561,231.384,232.9725
6.75,232.534,235.055,233.7945
6.76,235.691,233.53,234.6105
6.77,234.187,232.394,233.2905
6.78,234.483,232.628,233.5555
6.79,234.03,235.216,234.623
6.8,234.892,231.879,233.3855
6.81,238.055,233.989,236.022
6.82,235.006,236.922,235.964
6.83,234.321,234.622,234.4715
6.84,232.867,232.709,232.788
6.85,241.218,235.221,238.2195
6.86,233.788,233.329,233.5585
6.87,232.28,235.522,233.901
6.88,232.236,236.171,234.2035
6.89,232.663,233.366,233.0145
6.9,231.402,233.22,232.311
6.91,235.634,231.73,233.682
6.92,239.049,231.004,235.0265
6.93,232.184,233.897,233.0405
6.94,232.687,233.918,233.3025
6.95,233.251,236.619,234.935
6.96,233.999,235.775,234.887
6.97,233.577,232.583,233.08
6.98,229.366,233.709,231.5375
6.99,232.512,236.663,234.5875
7,231.389,236.629,234.009
7.01,234.518,238.263,236.3905
7.02,229.421,235.543,232.482
7.03,234.483,237.011,235.747
7.04,231.731,237.704,234.7175
7.05,233.343,237.009,235.176
7.06,235.249,236.787,236.018
7.07,237.17,236.681,236.9255
7.08,235.146,235.841,235.4935
7.09,233.795,237.624,235.7095
7.1,234.698,235.49,235.094
7.11,235.668,237.408,236.538
7.12,234.357,237.447,235.902
7.13,235.476,238.98,237.228
7.14,235.185,237.566,236.3755
7.15,237.981,236.991,237.486
7.16,235.417,233.323,234.37
7.17,234.073,236.157,235.115
7.18,233.303,234.85,234.0765
7.19,234.533,238.066,236.2995
7.2,236.853,235.805,236.329
7.21,235.687,233.066,234.3765
7.22,232.456,236.599,234.5275
7.23,238.283,234.658,236.4705
7.24,234.292,235.931,235.1115
7.25,234.381,238.014,236.1975
7.26,229.922,237.949,233.9355
7.27,234.529,237.8,236.1645
7.28,234.944,238.173,236.5585
7.29,233.804,236.922,235.363
7.3,235.033,233.843,234.438
7.31,234.944,234.82,234.882
7.32,233.861,237.094,235.4775
7.33,232.613,233.932,233.2725
7.34,232.413,238.338,235.3755
7.35,228.983,241.339,235.161
7.36,233.031,236.983,235.007
7.37,233.448,234.99,234.219
7.38,232.909,235.503,234.206
7.39,235.327,235.894,235.6105
7.4,237.324,233.762,235.543
7.41,233.038,236.272,234.655
7.42,235.716,236.078,235.897
7.43,232.671,233.993,233.332
7.44,232.958,239.205,236.0815
7.45,238.052,237.594,237.823
7.46,234.529,238.334,236.4315
7.47,233.211,235.023,234.117
7.48,232.658,232.612,232.635
7.49,233.483,234.311,233.897
7.5,238.171,233.681,235.926
7.51,236.498,236.122,236.31
7.52,234.563,231.47,233.0165
7.53,235.505,233.857,234.681
7.54,231.438,236.773,234.1055
7.55,230.198,231.885,231.0415
7.56,233.08,233.921,233.5005
7.57,233.863,237.808,235.8355
7.58,235.301,240.447,237.874
7.59,233.755,237.795,235.775
7.6,234.581,238.606,236.5935
7.61,232.68,235.708,234.194
7.62,230.732,232.652,231.692
7.63,234.106,238.463,236.2845
7.64,230.867,235.919,233.393
7.65,234.62,238.999,236.8095
7.66,235.119,236.283,235.701
7.67,233.486,233.211,233.3485
7.68,229.638,237.482,233.56
7.69,228.259,234.995,231.627
7.7,230.016,232.077,231.0465
7.71,230.144,233.693,231.9185
7.72,234.56,233.43,233.995
7.73,235.864,232.959,234.4115
7.74,235.549,236.059,235.804
7.75,235.563,235.756,235.6595
7.76,236.868,233.165,235.0165
7.77,236.078,233.753,234.9155
7.78,238.924,234.925,236.9245
7.79,235.239,235.013,235.126
7.8,234.881,235.935,235.408
7.81,235.85,234.381,235.1155
7.82,236.217,234.737,235.477
7.83,235.496,235.64,235.568
7.84,234.766,240.569,237.6675
7.85,232.348,237.82,235.084
7.86,233.277,234.846,234.0615
7.87,233.83,231.927,232.8785
7.88,232.635,230.662,231.6485
7.89,235.161,235.094,235.1275
7.9,234.365,233.777,234.071
7.91,233.925,230.73,232.3275
7.92,234.551,233.434,233.9925
7.93,235.491,234.222,234.8565
7.94,234.465,232.187,233.326
7.95,237.005,228.634,232.8195
7.96,233.951,230.316,232.1335
7.97,235.26,229.714,232.487
7.98,231.771,233.196,232.4835
7.99,234.686,233.157,233.9215
8,229.911,231.172,230.5415
8.01,231.408,235.431,233.4195
8.02,234.746,232.29,233.518
8.03,238.472,232.492,235.482
8.04,236.573,233.498,235.0355
8.05,235.039,232.571,233.805
8.06,231.085,231.844,231.4645
8.07,234.92,235.088,235.004
8.08,231.772,231.481,231.6265
8.09,235.09,231.618,233.354
8.1,233.827,233.556,233.6915
8.11,227.939,231.155,229.547
8.12,229.434,232.893,231.1635
8.13,232.001,233.636,232.8185
8.14,225.903,233.024,229.4635
8.15,231.572,234.534,233.053
8.16,232.219,234.714,233.4665
8.17,230.234,236.354,233.294
8.18,235.66,232.593,234.1265
8.19,230.101,233.742,231.9215
8.2,230.022,232.801,231.4115
8.21,227.602,234.837,231.2195
8.22,233.27,232.355,232.8125
8.23,232.674,231.507,232.0905
8.24,230.272,232.055,231.1635
8.25,229.977,231.465,230.721
8.26,232.063,231.231,231.647
8.27,233.68,232.074,232.877
8.28,231.861,230.709,231.285
8.29,232.547,232.097,232.322
8.3,231.409,231.038,231.2235
8.31,234.192,231.402,232.797
8.32,234.533,227.724,231.1285
8.33,231.548,233.351,232.4495
8.34,233.68,231.188,232.434
8.35,232.923,233.84,233.3815
8.36,230.759,237.213,233.986
8.37,230.989,234.909,232.949
8.38,235.61,233.702,234.656
8.39,233.326,236.53,234.928
8.4,234.104,236.045,235.0745
8.41,234.028,236.153,235.0905
8.42,234.254,237.585,235.9195
8.43,232.394,235.014,233.704
8.44,234.08,234.586,234.333
8.45,234.653,237.003,235.828
8.46,236.102,237.069,236.5855
8.47,232.455,233.549,233.002
8.48,235.082,235.076,235.079
8.49,234.558,236.401,235.4795
8.5,232.548,232.103,232.3255
8.51,232.455,235.13,233.7925
8.52,232.019,236.847,234.433
8.53,230.057,237.467,233.762
8.54,235.805,232.243,234.024
8.55,233.654,234.339,233.9965
8.56,231.004,236.175,233.5895
8.57,227.814,236.586,232.2
8.58,230.454,233.369,231.9115
8.59,230.487,235.389,232.938
8.6,228.385,234.036,231.2105
8.61,231.553,233.919,232.736
8.62,231.782,234.693,233.2375
8.63,234.225,235.29,234.7575
8.64,234.598,234.247,234.4225
8.65,229.492,234.559,232.0255
8.66,231.926,237.129,234.5275
8.67,231.968,236.662,234.315
8.68,235.536,238.009,236.7725
8.69,229.554,237.635,233.5945
8.7,232.822,233.053,232.9375
8.71,235.485,234.9,235.1925
8.72,233.428,236.11,234.769
8.73,231.387,236.385,233.886
8.74,234.367,232.249,233.308
8.75,231.821,233.836,232.8285
8.76,230.187,233.606,231.8965
8.77,233.347,234.402,233.8745
8.78,229.208,238.03,233.619
8.79,233.803,233.484,233.6435
8.8,232.184,234.375,233.2795
8.81,233.095,230.544,231.8195
8.82,236.591,233.175,234.883
8.83,236.84,234.28,235.56
8.84,233.187,235.177,234.182
8.85,235.836,232.857,234.3465
8.86,232.577,235.691,234.134
8.87,233.392,234.788,234.09
8.88,232.807,234.331,233.569
8.89,234.217,231.75,232.9835
8.9,233.171,232.115,232.643
8.91,233.145,231.023,232.084
8.92,237.084,237.155,237.1195
8.93,234.615,235.713,235.164
8.94,233.046,234.352,233.699
8.95,232.019,233.95,232.9845
8.96,230.69,231.273,230.9815
8.97,231.346,236.105,233.7255
8.98,230.535,232.08,231.3075
8.99,233.456,233.309,233.3825
9,233.28,232.897,233.0885
9.01,232.892,228.304,230.598
9.02,236.6,230.18,233.39
9.03,233.55,232.39,232.97
9.04,231.673,231.18,231.4265
9.05,232.803,235.651,234.227
9.06,230.286,231.656,230.971
9.07,235.894,227.688,231.791
9.08,234.775,231.995,233.385
9.09,233.822,230.537,232.1795
9.1,233.725,232.506,233.1155
9.11,231.204,233.282,232.243
9.12,233.986,233.142,233.564
9.13,231.965,231.185,231.575
9.14,234.017,230.656,232.3365
9.15,233.298,232.089,232.6935
9.16,237.554,230.544,234.049
9.17,236.157,229.679,232.918
9.18,234.347,227.99,231.1685
9.19,230.288,229.557,229.9225
9.2,233.928,227.922,230.925
9.21,233.163,233.181,233.172
9.22,234.11,230.854,232.482
9.23,233.942,234.895,234.4185
9.24,234.453,232.939,233.696
9.25,232.757,233.781,233.269
9.26,231.798,232.078,231.938
9.27,232.724,233.002,232.863
9.28,234.546,230.59,232.568
9.29,235.062,230.698,232.88
9.3,232.059,233.772,232.9155
9.31,234.287,232.872,233.5795
9.32,231.38,232.184,231.782
9.33,233.519,229.432,231.4755
9.34,233.029,227.907,230.468
9.35,236.578,228.612,232.595
9.36,235.753,232.759,234.256
9.37,236.065,228.728,232.3965
9.38,235.469,227.776,231.6225
9.39,231.41,230.094,230.752
9.4,233.7,229.927,231.8135
9.41,233.366,227.996,230.681
9.42,234.135,231.391,232.763
9.43,230.873,228.859,229.866
9.44,236.787,231.086,233.9365
9.45,231.144,231.86,231.502
9.46,235.443,228.838,232.1405
9.47,231.01,230.619,230.8145
9.48,235.358,230.293,232.8255
9.49,233.36,231.425,232.3925
9.5,234.408,231.293,232.8505
9.51,229.321,227.841,228.581
9.52,234.667,226.607,230.637
9.53,232.679,225.816,229.2475
9.54,234.399,231.149,232.774
9.55,233.699,228.228,230.9635
9.56,232.718,232.497,232.6075
9.57,229.356,230.583,229.9695
9.58,232.683,231.014,231.8485
9.59,232.394,232.107,232.2505
9.6,229.939,231.924,230.9315
9.61,228.497,229.392,228.9445
9.62,229.224,229.398,229.311
9.63,231.086,230.044,230.565
9.64,228.198,230.316,229.257
9.65,230.642,227.914,229.278
9.66,228.367,227.034,227.7005
9.67,228.289,231.376,229.8325
9.68,232.636,228.189,230.4125
9.69,231.861,229.852,230.8565
9.7,231.678,224.783,228.2305
9.71,230.912,229.551,230.2315
9.72,230.054,224.823,227.4385
9.73,232.373,228.395,230.384
9.74,229.769,228.738,229.2535
9.75,232.164,227.028,229.596
9.76,233.503,227.876,230.6895
9.77,231.454,228.54,229.997
9.78,231.849,229.658,230.7535
9.79,234.578,231.685,233.1315
9.8,233.747,228.635,231.191
9.81,234.011,233.002,233.5065
9.82,236.077,226.954,231.5155
9.83,232.206,233.563,232.8845
9.84,233.545,233.151,233.348
9.85,232.279,235.798,234.0385
9.86,230.902,235.017,232.9595
9.87,231.84,233.027,232.4335
9.88,229.213,229.632,229.4225
9.89,230.589,228.542,229.5655
9.9,229.676,226.012,227.844
9.91,229.389,225.899,227.644
9.92,228.598,230.724,229.661
9.93,230.293,231.511,230.902
9.94,232.157,230.95,231.5535
9.95,231.883,231.066,231.4745
9.96,232.347,226.656,229.5015
9.97,228.93,225.552,227.241
9.98,229.486,231.509,230.4975
9.99,227.816,229.17,228.493
10,227.605,228.047,227.826
10.01,227.45,227.265,227.3575
10.02,230.622,228.483,229.5525
10.03,228.782,226.457,227.6195
10.04,228.674,226.319,227.4965
10.05,227.735,226.227,226.981
10.06,228.609,226.558,227.5835
10.07,227.354,230.971,229.1625
10.08,228.323,229.79,229.0565
10.09,226.633,229.469,228.051
10.1,226.94,233.206,230.073
10.11,228.822,232.866,230.844
10.12,230.865,228,229.4325
10.13,228.689,231.639,230.164
10.14,231.466,227.169,229.3175
10.15,228.256,226.225,227.2405
10.16,228.718,227.968,228.343
10.17,228.194,228.197,228.1955
10.18,227.87,231.164,229.517
10.19,230.437,227.836,229.1365
10.2,230.781,230.142,230.4615
10.21,226.43,228.355,227.3925
10.22,228.34,228.359,228.3495
10.23,230.92,228.89,229.905
10.24,225.05,232.736,228.893
10.25,225.516,228.848,227.182
10.26,227.132,230.597,228.8645
10.27,225.785,231.884,228.8345
10.28,227.172,231.663,229.4175
10.29,229.528,229.086,229.307
10.3,227.176,232.201,229.6885
10.31,231.272,230.987,231.1295
10.32,225.592,229.91,227.751
10.33,227.677,231.161,229.419
10.34,230.404,229.151,229.7775
10.35,227.01,232.489,229.7495
10.36,228.926,232.014,230.47
10.37,228.887,230.779,229.833
10.38,226.244,232.392,229.318
10.39,226.397,229.386,227.8915
10.4,226.583,228.742,227.6625
10.41,227.574,228.433,228.0035
10.42,224.878,226.981,225.9295
10.43,227.318,229.079,228.1985
10.44,227.942,228.186,228.064
10.45,230.839,230.042,230.4405
10.46,228.892,228.746,228.819
10.47,227.209,229.564,228.3865
10.48,228.754,231.165,229.9595
10.49,227.871,229.817,228.844
10.5,226.693,230.599,228.646
10.51,225.423,225.067,225.245
10.52,227.074,228.182,227.628
10.53,229.072,231.762,230.417
10.54,226.867,224.677,225.772
10.55,230.472,225.624,228.048
10.56,227.123,226.648,226.8855
10.57,226.348,233.285,229.8165
10.58,226.169,230.189,228.179
10.59,226.918,230.24,228.579
10.6,227.527,230.497,229.012
10.61,230.706,231.428,231.067
10.62,231.415,232.049,231.732
10.63,230.576,230.501,230.5385
10.64,229.979,232.913,231.446
10.65,230.3,233.55,231.925
10.66,228.166,230.386,229.276
10.67,226.831,231.562,229.1965
10.68,224.862,233.713,229.2875
10.69,226.001,230.342,228.1715
10.7,221.835,229.966,225.9005
10.71,221.71,230.107,225.9085
10.72,224.506,232.496,228.501
10.73,224.458,232.466,228.462
10.74,225.226,230.634,227.93
10.75,227.08,233.507,230.2935
10.76,227.199,231.928,229.5635
10.77,228.082,234.326,231.204
10.78,225.572,233.006,229.289
10.79,227.539,230.521,229.03
10.8,230.184,231.306,230.745
10.81,227.187,234.464,230.8255
10.82,223.299,233.443,228.371
10.83,223.449,233.597,228.523
10.84,223.806,236.052,229.929
10.85,227.169,238.451,232.81
10.86,224.822,235.185,230.0035
10.87,225.322,237.692,231.507
10.88,226.668,229.51,228.089
10.89,225.487,234.619,230.053
10.9,227.51,230.706,229.108
10.91,227.669,230.618,229.1435
10.92,224.308,231.297,227.8025
10.93,222.736,232.366,227.551
10.94,223.707,232.278,227.9925
10.95,223.315,231.12,227.2175
10.96,222.727,233.927,228.327
10.97,222.348,229.761,226.0545
10.98,224.168,233.463,228.8155
10.99,227.381,236.862,232.1215
11,226.964,234.735,230.8495
11.01,225.612,232.485,229.0485
11.02,226.921,234.716,230.8185
11.03,223.436,234.787,229.1115
11.04,224.935,235.283,230.109
11.05,221.925,234.893,228.409
11.06,223.666,234.614,229.14
11.07,224.997,234.025,229.511
11.08,225.235,233.963,229.599
11.09,228.059,231.488,229.7735
11.1,227.176,233.364,230.27
11.11,224.876,231.089,227.9825
11.12,227.773,232.652,230.2125
11.13,225.358,234.843,230.1005
11.14,223.015,231.862,227.4385
11.15,228.828,231.041,229.9345
11.16,226.536,229.15,227.843
11.17,228.976,228.218,228.597
11.18,226.001,234.295,230.148
11.19,227.438,234.042,230.74
11.2,227.532,233.781,230.6565
11.21,227.514,234.045,230.7795
11.22,231.334,235.001,233.1675
11.23,224.564,236.185,230.3745
11.24,230.444,235.716,233.08
11.25,227.213,231.977,229.595
11.26,230.357,236.407,233.382
11.27,227.059,231.24,229.1495
11.28,227.271,235.746,231.5085
11.29,228.875,233.726,231.3005
11.3,225.773,233.769,229.771
11.31,229.105,233.924,231.5145
11.32,227.228,232.329,229.7785
11.33,227.999,234.848,231.4235
11.34,226.23,233.293,229.7615
11.35,227.923,230.993,229.458
11.36,229.195,231.902,230.5485
11.37,231.717,231.284,231.5005
11.38,230.368,229.688,230.028
11.39,234.287,231.28,232.7835
11.4,233.675,230.19,231.9325
11.41,229.93,236.663,233.2965
11.42,232.614,231.409,232.0115
11.43,231.78,225.72,228.75
11.44,230.391,226.304,228.3475
11.45,230.444,230.341,230.3925
11.46,232.14,226.334,229.237
11.47,232.08,226.981,229.5305
11.48,233.15,232.051,232.6005
11.49,232.31,230.482,231.396
11.5,232.527,230.69,231.6085
11.51,231.567,231.723,231.645
11.52,230.347,232.642,231.4945
11.53,228.747,232.094,230.4205
11.54,226.826,234.188,230.507
11.55,229.493,234.665,232.079
11.56,228.643,229.274,228.9585
11.57,226.282,229.054,227.668
11.58,228.699,231.115,229.907
11.59,229.394,230.354,229.874
11.6,229.89,227.665,228.7775
11.61,228.845,231.718,230.2815
11.62,232.447,229.307,230.877
11.63,234.771,231.866,233.3185
11.64,232.291,231.336,231.8135
11.65,228.46,227.598,228.029
11.66,232.031,226.953,229.492
11.67,229.821,227.666,228.7435
11.68,230.935,231.565,231.25
11.69,232.985,230.021,231.503
11.7,232.68,230.737,231.7085
11.71,229.605,230.075,229.84
11.72,229.3,227.943,228.6215
11.73,232.992,231.894,232.443
11.74,230.143,228.455,229.299
11.75,230.661,227.143,228.902
11.76,231.308,225.175,228.2415
11.77,229.627,230.321,229.974
11.78,230.074,227.037,228.5555
11.79,227.883,228.496,228.1895
11.8,228.439,229.882,229.1605
11.81,228.886,229.13,229.008
11.82,225.445,230.116,227.7805
11.83,227.377,233.104,230.2405
11.84,228.471,231.919,230.195
11.85,226.161,230.424,228.2925
11.86,226.195,229.879,228.037
11.87,225.312,230.158,227.735
11.88,229.286,229.255,229.2705
11.89,228.857,233.151,231.004
11.9,228.505,230.875,229.69
11.91,229.009,233.606,231.3075
11.92,230.454,229.203,229.8285
11.93,233.082,232.806,232.944
11.94,232.362,231.032,231.697
11.95,228.972,230.046,229.509
11.96,232.072,234.106,233.089
11.97,230.122,229.801,229.9615
11.98,231.546,232.035,231.7905
11.99,228.844,234.101,231.4725
12,231.011,229.644,230.3275
12.01,231.013,231.762,231.3875
12.02,231.256,230.017,230.6365
12.03,231.678,228.605,230.1415
12.04,229.082,231.565,230.3235
12.05,231.642,229.567,230.6045
12.06,229.696,231.402,230.549
12.07,231.779,229.838,230.8085
12.08,232.551,230.581,231.566
12.09,232.203,229.788,230.9955
12.1,232.548,230.989,231.7685
12.11,231.542,229.785,230.6635
12.12,231.594,230.969,231.2815
12.13,228.733,229.518,229.1255
12.14,231.807,230.407,231.107
12.15,233.116,231.793,232.4545
12.16,232.165,233.485,232.825
12.17,233.885,231.634,232.7595
12.18,235.024,230.83,232.927
12.19,231.774,231.565,231.6695
12.2,232.971,234.747,233.859
12.21,234.291,232.89,233.5905
12.22,232.831,233.352,233.0915
12.23,230.539,231.464,231.0015
12.24,230.179,229.195,229.687
12.25,230.62,232.789,231.7045
12.26,231.265,228.798,230.0315
12.27,231.076,232.439,231.7575
12.28,230.569,232.576,231.5725
12.29,232.021,228.664,230.3425
12.3,229.381,229.214,229.2975
12.31,230.747,231.476,231.1115
12.32,230.142,228.892,229.517
12.33,229.927,233.732,231.8295
12.34,232.505,228.325,230.415
12.35,232.867,229.047,230.957
12.36,228.134,229.329,228.7315
12.37,228.462,231.258,229.86
12.38,231.519,230.54,231.0295
12.39,225.975,227.963,226.969
12.4,227.437,225.004,226.2205
12.41,229.834,227.891,228.8625
12.42,227.222,227.982,227.602
12.43,226.84,225.974,226.407
12.44,228.086,226.944,227.515
12.45,226.999,227.556,227.2775
12.46,229.909,227.983,228.946
12.47,228.069,231.322,229.6955
12.48,230.189,228.468,229.3285
12.49,228.791,226.482,227.6365
12.5,229.429,228.565,228.997
12.51,229.067,229.8,229.4335
12.52,233.122,230.797,231.9595
12.53,234.906,231.473,233.1895
12.54,232.125,231.048,231.5865
12.55,232.671,231.644,232.1575
12.56,230.788,232.192,231.49
12.57,230.042,228.636,229.339
12.58,231.172,230.478,230.825
12.59,231.392,227.828,229.61
12.6,231.374,230,230.687
12.61,232.045,232.331,232.188
12.62,230.263,231.815,231.039
12.63,231.247,230.863,231.055
12.64,233.338,232.687,233.0125
12.65,231.009,234.719,232.864
12.66,233.253,234.066,233.6595
12.67,230.483,235.32,232.9015
12.68,230.264,232.028,231.146
12.69,231.198,231.606,231.402
12.7,227.251,230.989,229.12
12.71,230.942,230.133,230.5375
12.72,230.909,226.235,228.572
12.73,230.635,234.925,232.78
12.74,228.881,231.162,230.0215
12.75,233.28,227.842,230.561
12.76,230.22,226.893,228.5565
12.77,226.999,230.959,228.979
12.78,231.846,232.401,232.1235
12.79,226.719,232.631,229.675
12.8,228.371,233.24,230.8055
12.81,230.666,233.853,232.2595
12.82,229.105,232.083,230.594
12.83,224.734,231.403,228.0685
12.84,228.815,234.615,231.715
12.85,230.085,234.549,232.317
12.86,228.665,231.977,230.321
12.87,229.752,236.755,233.2535
12.88,226.482,234.271,230.3765
12.89,227.659,233.602,230.6305
12.9,228.003,233.774,230.8885
12.91,228.108,238.034,233.071
12.92,229.614,236.044,232.829
12.93,230.018,236.375,233.1965
12.94,230.538,236.255,233.3965
12.95,228.852,232.908,230.88
12.96,228.993,233.298,231.1455
12.97,226.144,234.255,230.1995
12.98,230.329,232.292,231.3105
12.99,228.155,234.222,231.1885
13,228.066,231.061,229.5635
13.01,226.327,232.781,229.554
13.02,233.037,232.292,232.6645
13.03,232.834,231.471,232.1525
13.04,227.481,232.724,230.1025
13.05,229.58,233.114,231.347
13.06,228.542,235.491,232.0165
13.07,230.028,230.555,230.2915
13.08,231.26,234.135,232.6975
13.09,231.771,234.01,232.8905
13.1,232.379,231.73,232.0545
13.11,229.591,232.898,231.2445
13.12,233.682,234.593,234.1375
13.13,235.297,236.977,236.137
13.14,232.838,238.069,235.4535
13.15,232.184,236.22,234.202
13.16,232.873,235.574,234.2235
13.17,230.272,236.685,233.4785
13.18,227.032,236.361,231.6965
13.19,230.184,233.98,232.082
13.2,230.65,235.48,233.065
13.21,228.969,233.441,231.205
13.22,232.092,231.389,231.7405
13.23,228.453,233.229,230.841
13.24,226.85,229.458,228.154
13.25,229.62,231.325,230.4725
13.26,229.359,232.189,230.774
13.27,235.725,226.109,230.917
13.28,234.748,228.899,231.8235
13.29,231.224,231.535,231.3795
13.3,229.746,229.877,229.8115
13.31,235.584,232.225,233.9045
13.32,228.531,230.535,229.533
13.33,230.716,234.568,232.642
13.34,232.312,233.511,232.9115
13.35,229.552,233.76,231.656
13.36,231.611,233.102,232.3565
13.37,232.326,233.502,232.914
13.38,232.255,235.415,233.835
13.39,233.141,234.824,233.9825
13.4,232.11,229.002,230.556
13.41,230.26,233.479,231.8695
13.42,230.335,231.577,230.956
13.43,230.5,228.775,229.6375
13.44,232.641,230.069,231.355
13.45,232.998,227.17,230.084
13.46,228.211,230.309,229.26
13.47,233.938,231.238,232.588
13.48,230.31,227.712,229.011
13.49,234.741,227.804,231.2725
13.5,227.23,234.091,230.6605
13.51,230.069,230.424,230.2465
13.52,230.411,226.851,228.631
13.53,234.69,229.723,232.2065
13.54,232.027,228.038,230.0325
13.55,232.763,226.815,229.789
13.56,231.764,228.942,230.353
13.57,235.683,228.96,232.3215
13.58,232.687,232.565,232.626
13.59,234.193,232.316,233.2545
13.6,232.476,233.473,232.9745
13.61,232.261,233.159,232.71
13.62,235.751,229.558,232.6545
13.63,233.344,230.773,232.0585
13.64,233.041,232.208,232.6245
13.65,237.398,228.969,233.1835
13.66,233.67,231.424,232.547
13.67,234.535,231.488,233.0115
13.68,235.215,229.234,232.2245
13.69,234.684,230.979,232.8315
13.7,232.363,231.064,231.7135
13.71,236.212,231.844,234.028
13.72,236.984,228.731,232.8575
13.73,234.686,229.094,231.89
13.74,234.425,224.249,229.337
13.75,236.476,226.659,231.5675
13.76,234.374,225.146,229.76
13.77,230.833,227.937,229.385
13.78,232.27,226.678,229.474
13.79,238.39,228.645,233.5175
13.8,234.591,229.351,231.971
13.81,232.35,227.557,229.9535
13.82,233.143,226.617,229.88
13.83,235.719,229.067,232.393
13.84,232.855,230.764,231.8095
13.85,235.824,228.267,232.0455
13.86,231.771,234.592,233.1815
13.87,232.27,233.173,232.7215
13.88,230.408,229.163,229.7855
13.89,234.891,227.352,231.1215
13.9,233.612,229.606,231.609
13.91,231.749,230.531,231.14
13.92,232.997,228.967,230.982
13.93,231.325,231.027,231.176
13.94,234.415,226.874,230.6445
13.95,234.33,230.956,232.643
13.96,233.672,230.409,232.0405
13.97,233.347,231.885,232.616
13.98,235.703,229.322,232.5125
13.99,235.879,231.363,233.621
14,237.229,231.839,234.534
14.01,234.577,227.076,230.8265
14.02,233.977,231.522,232.7495
14.03,234.19,231.469,232.8295
14.04,235.366,229.416,232.391
14.05,230.373,230.447,230.41
14.06,233.756,229.106,231.431
14.07,231.684,230.699,231.1915
14.08,234.428,229.793,232.1105
14.09,232.029,231.605,231.817
14.1,235.919,233.806,234.8625
14.11,234.904,232.018,233.461
14.12,236.287,234.967,235.627
14.13,233.23,232.468,232.849
14.14,235.106,235.331,235.2185
14.15,233.948,231.995,232.9715
14.16,236.136,234.741,235.4385
14.17,232.674,231.276,231.975
14.18,235.514,229.433,232.4735
14.19,235.037,229.436,232.2365
14.2,235.852,228.784,232.318
14.21,235.247,230.885,233.066
14.22,235.729,231.223,233.476
14.23,232.617,230.507,231.562
14.24,236.862,237.671,237.2665
14.25,232.85,233.724,233.287
14.26,236.243,233.653,234.948
14.27,237.497,233.325,235.411
14.28,240.067,233.726,236.8965
14.29,238.608,233.771,236.1895
14.3,237.981,233.2,235.5905
14.31,234.522,234.248,234.385
14.32,235.288,231.537,233.4125
14.33,234.474,231.998,233.236
14.34,237.19,234.06,235.625
14.35,237.696,232.29,234.993
14.36,235.55,233.687,234.6185
14.37,237.575,231.641,234.608
14.38,238.991,231.668,235.3295
14.39,239.436,230.696,235.066
14.4,236.232,231.155,233.6935
14.41,234.72,229.764,232.242
14.42,237.55,231.786,234.668
14.43,233.862,226.824,230.343
14.44,233.15,227.959,230.5545
14.45,234.347,226.159,230.253
14.46,236.746,229.569,233.1575
14.47,235.108,228.957,232.0325
14.48,232.513,230.618,231.5655
14.49,232.109,228.785,230.447
14.5,231.581,230.563,231.072
14.51,237.183,228.159,232.671
14.52,234.61,233.026,233.818
14.53,233.487,228.289,230.888
14.54,235.784,225.787,230.7855
14.55,234.348,226.247,230.2975
14.56,235.579,226.944,231.2615
14.57,234.262,227.134,230.698
14.58,236.115,230.344,233.2295
14.59,235.425,228.898,232.1615
14.6,236.461,228.901,232.681
14.61,235.267,229.094,232.1805
14.62,233.567,235.344,234.4555
14.63,233.067,230.793,231.93
14.64,232.248,229.427,230.8375
14.65,230.961,228.662,229.8115
14.66,232.368,229.561,230.9645
14.67,234.249,226.658,230.4535
14.68,232.279,230.513,231.396
14.69,232.662,229.341,231.0015
14.7,231.409,230.098,230.7535
14.71,233.187,226.399,229.793
14.72,230.873,227.385,229.129
14.73,233.545,230.568,232.0565
14.74,231.877,229.828,230.8525
14.75,228.856,229.132,228.994
14.76,231.066,227.651,229.3585
14.77,231.5,232.007,231.7535
14.78,229.158,232.555,230.8565
14.79,230.849,232.243,231.546
14.8,235.225,232.326,233.7755
14.81,232.561,232.344,232.4525
14.82,233.774,234.878,234.326
14.83,232.102,232.667,232.3845
14.84,232.859,235.115,233.987
14.85,236.38,232.147,234.2635
14.86,231.461,231.751,231.606
14.87,233.192,233.763,233.4775
14.88,233.007,232.654,232.8305
14.89,232.876,234.206,233.541
14.9,232.568,236.252,234.41
14.91,229.672,231.312,230.492
14.92,234.329,231.151,232.74
14.93,229.047,234.053,231.55
14.94,231.218,232.942,232.08
14.95,230.224,234.903,232.5635
14.96,235.055,230.693,232.874
14.97,236.467,232.469,234.468
14.98,235.646,232.411,234.0285
14.99,231.83,231.509,231.6695
15,233.101,230.014,231.5575
15.01,233.48,230.503,231.9915
15.02,233.145,232.806,232.9755
15.03,234.409,230.935,232.672
15.04,236.419,236.472,236.4455
15.05,235.04,231.612,233.326
15.06,233.807,232.206,233.0065
15.07,232.923,234.617,233.77
15.08,234.869,235.179,235.024
15.09,232.361,231.946,232.1535
15.1,233.041,230.484,231.7625
15.11,233.892,232.12,233.006
15.12,234.678,231.955,233.3165
15.13,235.146,233.69,234.418
15.14,236.622,230.349,233.4855
15.15,234.32,229.839,232.0795
15.16,235.95,228.819,232.3845
15.17,238.416,231.103,234.7595
15.18,239.134,228.707,233.9205
15.19,236.495,228.871,232.683
15.2,236.787,228.56,232.6735
15.21,237.241,226.731,231.986
15.22,237.729,228.639,233.184
15.23,239.604,227.697,233.6505
15.24,234.987,228.321,231.654
15.25,234.619,228.725,231.672
15.26,236.621,225.324,230.9725
15.27,234.771,229.32,232.0455
15.28,236.971,228.571,232.771
15.29,233.013,231.84,232.4265
15.3,236.948,229.524,233.236
15.31,235.348,231.876,233.612
15.32,235.641,229.358,232.4995
15.33,230.559,228.702,229.6305
15.34,230.567,227.887,229.227
15.35,235.651,226.984,231.3175
15.36,231.956,230.493,231.2245
15.37,232.459,228.633,230.546
15.38,232.58,228.639,230.6095
15.39,231.842,227.652,229.747
15.4,235.618,231.111,233.3645
15.41,231.383,231.523,231.453
15.42,232.278,231.516,231.897
15.43,235.607,229.854,232.7305
15.44,232.335,232.859,232.597
15.45,234.693,227.667,231.18
15.46,239.081,228.604,233.8425
15.47,237.092,228.941,233.0165
15.48,236.383,231.935,234.159
15.49,235.065,229.551,232.308
15.5,235.248,228.801,232.0245
15.51,235.811,230.261,233.036
15.52,236.93,233.133,235.0315
15.53,234.281,231.434,232.8575
15.54,237.936,230.533,234.2345
15.55,233.394,233.289,233.3415
15.56,237.864,235.127,236.4955
15.57,239.438,234.777,237.1075
15.58,237.772,232.358,235.065
15.59,235.015,232.598,233.8065
15.6,236.879,230.7,233.7895
15.61,237.866,232.462,235.164
15.62,237.416,232.93,235.173
15.63,238.069,229.424,233.7465
15.64,238.938,229.801,234.3695
15.65,237.576,233.023,235.2995
15.66,235.694,231.341,233.5175
15.67,234.426,233.878,234.152
15.68,236.058,228.156,232.107
15.69,234.784,229.628,232.206
15.7,233.604,232.484,233.044
15.71,237.227,230.197,233.712
15.72,233.303,228.691,230.997
15.73,236.838,229.007,232.9225
15.74,238.062,228.13,233.096
15.75,236.226,227.689,231.9575
15.76,240.181,227.828,234.0045
15.77,241.573,228.431,235.002
15.78,239.368,231.951,235.6595
15.79,240.826,229.822,235.324
15.8,241.455,233.029,237.242
15.81,239.131,232.205,235.668
15.82,238.946,234.595,236.7705
15.83,235.655,235.027,235.341
15.84,237.106,233.345,235.2255
15.85,236.578,236.665,236.6215
15.86,235.365,234.689,235.027
15.87,239.63,237.621,238.6255
15.88,238.4,235.397,236.8985
15.89,235.928,238.992,237.46
15.9,237.628,230.716,234.172
15.91,232.203,233.04,232.6215
15.92,236.571,234.781,235.676
15.93,234.005,234.067,234.036
15.94,234.056,232.462,233.259
15.95,231.318,233.15,232.234
15.96,235.988,236.495,236.2415
15.97,237.446,236.217,236.8315
15.98,235.878,236.706,236.292
15.99,233.141,233.931,233.536
16,236.807,234.474,235.6405
16.01,236.678,235.192,235.935
16.02,237.099,233.289,235.194
16.03,238.148,235.055,236.6015
16.04,236.935,234.527,235.731
16.05,233.087,236.533,234.81
16.06,236.328,229.094,232.711
16.07,230.012,236.946,233.479
16.08,235.745,236.661,236.203
16.09,232.553,232.998,232.7755
16.1,230.805,235.332,233.0685
16.11,232.124,232.91,232.517
16.12,232.571,235.022,233.7965
16.13,232.67,233.677,233.1735
16.14,232.781,238.432,235.6065
16.15,233.559,232.495,233.027
16.16,232.285,235.092,233.6885
16.17,233.311,236.712,235.0115
16.18,235.234,230.276,232.755
16.19,232.414,232.642,232.528
16.2,232.816,233.119,232.9675
16.21,232.161,231.322,231.7415
16.22,231.642,235.794,233.718
16.23,232.145,229.013,230.579
16.24,234.153,233.833,233.993
16.25,230.827,236.191,233.509
16.26,230.718,234.36,232.539
16.27,229.258,233.914,231.586
16.28,230.66,234.089,232.3745
16.29,230.251,234.056,232.1535
16.3,230.196,230.401,230.2985
16.31,233.373,228.79,231.0815
16.32,233.358,229.383,231.3705
16.33,232.652,231.781,232.2165
16.34,229.65,230.842,230.246
16.35,231.841,229.965,230.903
16.36,231.511,232.984,232.2475
16.37,232.265,230.329,231.297
16.38,234.347,232.881,233.614
16.39,236.144,232.642,234.393
16.4,236.583,231.384,233.9835
16.41,234.252,235.042,234.647
16.42,231.092,236.026,233.559
16.43,230.542,233.79,232.166
16.44,232.016,235.462,233.739
16.45,232.425,234.987,233.706
16.46,232.621,232.623,232.622
16.47,231.908,236.636,234.272
16.48,231.986,235.812,233.899
16.49,231.144,237.695,234.4195
16.5,232.526,236.976,234.751
16.51,231.724,237.591,234.6575
16.52,233.101,237.02,235.0605
16.53,233.893,240.171,237.032
16.54,232.308,237.412,234.86
16.55,231.962,234.614,233.288
16.56,234.106,237.788,235.947
16.57,238.498,238.46,238.479
16.58,232.287,235.858,234.0725
16.59,231.632,236.405,234.0185
16.6,232.708,239.963,236.3355
16.61,234.718,235.001,234.8595
16.62,234.199,237.198,235.6985
16.63,234.122,239.007,236.5645
16.64,232.721,239.864,236.2925
16.65,234.459,236.588,235.5235
16.66,237.488,234.62,236.054
16.67,235.682,229.843,232.7625
16.68,235.577,235.453,235.515
16.69,235.981,230.325,233.153
16.7,235.265,232.559,233.912
16.71,234.22,235.584,234.902
16.72,234.209,235.891,235.05
16.73,231.104,235.026,233.065
16.74,235.633,235.047,235.34
16.75,234.535,238.501,236.518
16.76,237.356,237.331,237.3435
16.77,234.775,235.103,234.939
16.78,237.26,232.919,235.0895
16.79,233.008,234.178,233.593
16.8,234.054,232.471,233.2625
16.81,237.701,235.268,236.4845
16.82,235.879,231.449,233.664
16.83,234.74,236.153,235.4465
16.84,232.192,230.389,231.2905
16.85,235.268,232.783,234.0255
16.86,232.351,235.217,233.784
16.87,231.577,234.649,233.113
16.88,231.791,233.136,232.4635
16.89,236.658,235.925,236.2915
16.9,231.548,232.86,232.204
16.91,230.976,240.096,235.536
16.92,231.736,235.484,233.61
16.93,233.282,235.788,234.535
16.94,233.045,233.994,233.5195
16.95,237.512,234.291,235.9015
16.96,234.501,234.07,234.2855
16.97,233.313,229.679,231.496
16.98,234.478,235.967,235.2225
16.99,233.302,234.846,234.074
17,235.794,238.923,237.3585
17.01,236.501,236.916,236.7085
17.02,231.869,237.489,234.679
17.03,234.013,233.428,233.7205
17.04,233.773,235.403,234.588
17.05,234.276,235.674,234.975
17.06,232.677,235.817,234.247
17.07,233.673,236.951,235.312
17.08,235.371,239.753,237.562
17.09,236.553,238.574,237.5635
17.1,234.878,234.597,234.7375
17.11,234.996,235.968,235.482
17.12,235.054,235.198,235.126
17.13,233.947,235.925,234.936
17.14,239.605,235.172,237.3885
17.15,234.85,236.607,235.7285
17.16,235.751,241.136,238.4435
17.17,235.967,237.444,236.7055
17.18,235.21,236.014,235.612
17.19,236.698,236.943,236.8205
17.2,235.904,238.611,237.2575
17.21,238.545,239.929,239.237
17.22,238.614,238.838,238.726
17.23,234.84,238.218,236.529
17.24,232.032,241.266,236.649
17.25,233.04,239.596,236.318
17.26,232.994,237.385,235.1895
17.27,235.745,239.227,237.486
17.28,235.225,239.232,237.2285
17.29,235.346,237.276,236.311
17.3,235.035,235.73,235.3825
17.31,235.62,239.968,237.794
17.32,231.859,239.031,235.445
17.33,235.796,235.075,235.4355
17.34,237.809,233.138,235.4735
17.35,237.11,233.904,235.507
17.36,236.504,235.674,236.089
17.37,235.62,234.57,235.095
17.38,235.757,236.843,236.3
17.39,237.441,235.783,236.612
17.4,235.026,237.112,236.069
17.41,234.377,236.256,235.3165
17.42,232.55,239.873,236.2115
17.43,234.072,232.184,233.128
17.44,233.383,239.973,236.678
17.45,233.537,233.031,233.284
17.46,233.184,230.683,231.9335
17.47,230.379,234.657,232.518
17.48,234.186,237.335,235.7605
17.49,229.953,237.115,233.534
17.5,228.451,237.99,233.2205
17.51,229.739,239.147,234.443
17.52,234.396,234.402,234.399
17.53,231.584,240.881,236.2325
17.54,228.005,241.346,234.6755
17.55,229.505,242.328,235.9165
17.56,231.131,238.963,235.047
17.57,234.204,241.422,237.813
17.58,234.822,240.818,237.82
17.59,231.554,238.231,234.8925
17.6,234.612,236.565,235.5885
17.61,230.099,243.053,236.576
17.62,232.091,238.077,235.084
17.63,232.061,243.807,237.934
17.64,232.34,236.977,234.6585
17.65,232.896,241.208,237.052
17.66,234.761,237.743,236.252
17.67,232.503,235.338,233.9205
17.68,230.249,238.084,234.1665
17.69,228.156,236.04,232.098
17.7,230.051,237.782,233.9165
17.71,229.582,233.904,231.743
17.72,230.331,234.265,232.298
17.73,231.533,235.583,233.558
17.74,228.633,236.308,232.4705
17.75,229.048,239.429,234.2385
17.76,231.194,235.476,233.335
17.77,231.154,234.519,232.8365
17.78,231.252,235.789,233.5205
17.79,228.504,236.786,232.645
17.8,235.045,237.212,236.1285
17.81,230.841,234.549,232.695
17.82,231.438,236.671,234.0545
17.83,232.614,236.445,234.5295
17.84,228.198,237.31,232.754
17.85,231.486,234.453,232.9695
17.86,230.95,241.124,236.037
17.87,227.623,237.38,232.5015
17.88,230.683,237.685,234.184
17.89,233.359,236.476,234.9175
17.9,232.946,234.098,233.522
17.91,233.398,240.011,236.7045
17.92,231.032,235.836,233.434
17.93,232.25,237.462,234.856
17.94,229.268,233.507,231.3875
17.95,231.888,235.01,233.449
17.96,231.252,235.25,233.251
17.97,232.405,239.209,235.807
17.98,229.19,238.709,233.9495
17.99,231.606,239.175,235.3905
18,233.225,233.025,233.125
18.01,227.363,239.925,233.644
18.02,230.56,237.269,233.9145
18.03,226.636,239.451,233.0435
18.04,230.084,236.419,233.2515
18.05,233.619,235.248,234.4335
18.06,231.75,236.88,234.315
18.07,228.378,237.399,232.8885
18.08,227.692,235.801,231.7465
18.09,231.134,236.292,233.713
18.1,228.949,237.401,233.175
18.11,232.097,238.696,235.3965
18.12,230.338,238.854,234.596
18.13,228.469,235.168,231.8185
18.14,229.584,235.61,232.597
18.15,226.509,237.414,231.9615
18.16,230.34,237.27,233.805
18.17,231.16,240.555,235.8575
18.18,230.126,237.068,233.597
18.19,232.277,234.842,233.5595
18.2,231.385,237.037,234.211
18.21,230.43,235.997,233.2135
18.22,235.16,238.011,236.5855
18.23,228.812,235.873,232.3425
18.24,233.449,233.906,233.6775
18.25,235.653,238.311,236.982
18.26,232.522,233.151,232.8365
18.27,229.78,235.772,232.776
18.28,230.705,234.798,232.7515
18.29,235.662,238.251,236.9565
18.3,234.419,235.735,235.077
18.31,227.641,234.509,231.075
18.32,231.621,234.424,233.0225
18.33,230.617,234.576,232.5965
18.34,232.856,236.186,234.521
18.35,228.305,235.971,232.138
18.36,230.851,236.036,233.4435
18.37,233.946,233.145,233.5455
18.38,234.016,235.046,234.531
18.39,230.222,236.397,233.3095
18.4,231.805,234.415,233.11
18.41,234.699,236.834,235.7665
18.42,234.008,231.355,232.6815
18.43,232.477,233.371,232.924
18.44,232.107,236.216,234.1615
18.45,229.944,235.366,232.655
18.46,232.586,236.366,234.476
18.47,233.197,237.143,235.17
18.48,232.674,236.977,234.8255
18.49,231.703,238.851,235.277
18.5,232.707,237.597,235.152
18.51,229.996,237.099,233.5475
18.52,233.185,240.33,236.7575
18.53,231.766,234.938,233.352
18.54,233.127,234.715,233.921
18.55,229.575,237.58,233.5775
18.56,234.161,236.042,235.1015
18.57,234.471,232.752,233.6115
18.58,234.245,237.344,235.7945
18.59,235.033,235.713,235.373
18.6,231.417,238.961,235.189
18.61,231.081,238.875,234.978
18.62,234.417,235.86,235.1385
18.63,230.865,235.541,233.203
18.64,232.494,235.885,234.1895
18.65,233.408,235.08,234.244
18.66,229.417,237.275,233.346
18.67,234.531,238.147,236.339
18.68,233.902,235.842,234.872
18.69,233.172,238.367,235.7695
18.7,231.115,237.338,234.2265
18.71,229.131,239.42,234.2755
18.72,231.75,238.511,235.1305
18.73,228.018,235.935,231.9765
18.74,231.858,237.875,234.8665
18.75,232.074,236.911,234.4925
18.76,230.842,236.444,233.643
18.77,230.761,238.397,234.579
18.78,231.12,236.987,234.0535
18.79,230.808,232.545,231.6765
18.8,233.308,235.778,234.543
18.81,229.373,232.854,231.1135
18.82,231.163,235.583,233.373
18.83,231.195,237.045,234.12
18.84,231.267,233.467,232.367
18.85,229.077,233.835,231.456
18.86,229.987,234.431,232.209
18.87,230.148,234.788,232.468
18.88,232.703,234.715,233.709
18.89,233.891,233.205,233.548
18.9,235.243,233.728,234.4855
18.91,234.904,231.323,233.1135
18.92,230.459,237.348,233.9035
18.93,231.691,231.263,231.477
18.94,237.081,235.658,236.3695
18.95,231.715,234.537,233.126
18.96,231.212,232.84,232.026
18.97,230.969,235.185,233.077
18.98,232.751,233.46,233.1055
18.99,233.881,236.662,235.2715
19,229.608,233.849,231.7285
19.01,231.682,233.883,232.7825
19.02,231.442,235.867,233.6545
19.03,233.047,233.139,233.093
19.04,235.393,236.933,236.163
19.05,231.573,238.885,235.229
19.06,232.909,234.67,233.7895
19.07,232.221,235.076,233.6485
19.08,232.085,237.226,234.6555
19.09,233.928,239.547,236.7375
19.1,230.332,233.762,232.047
19.11,233.372,231.885,232.6285
19.12,234.092,234.33,234.211
19.13,234.858,235.162,235.01
19.14,232.953,235.95,234.4515
19.15,238.516,236.023,237.2695
19.16,234.718,233.422,234.07
19.17,239.687,235.443,237.565
19.18,238.41,234.684,236.547
19.19,236.57,234.872,235.721
19.2,234.753,235.534,235.1435
19.21,236.085,235.755,235.92
19.22,236.28,238.451,237.3655
19.23,241.999,238.485,240.242
19.24,237.319,236.708,237.0135
19.25,240.055,238.521,239.288
19.26,236.767,240.962,238.8645
19.27,238.555,239.746,239.1505
19.28,234.02,239.623,236.8215
19.29,237.645,238.119,237.882
19.3,236.422,236.586,236.504
19.31,236.614,239.261,237.9375
19.32,234.627,232.752,233.6895
19.33,237.018,242.34,239.679
19.34,234.847,236.64,235.7435
19.35,235.003,236.507,235.755
19.36,233.937,234.994,234.4655
19.37,237.905,234.203,236.054
19.38,239.627,236.893,238.26
19.39,238.559,238.665,238.612
19.4,235.151,238.227,236.689
19.41,237.924,237.168,237.546
19.42,238.108,236.148,237.128
19.43,236.399,233.093,234.746
19.44,234.372,236.636,235.504
19.45,237.71,236.944,237.327
19.46,239.195,239.922,239.5585
19.47,237.138,238.767,237.9525
19.48,236.975,238.67,237.8225
19.49,234.851,237.698,236.2745
19.5,231.116,238.64,234.878
19.51,234.893,236.581,235.737
19.52,233.565,234.774,234.1695
19.53,236.315,234.522,235.4185
19.54,233.901,238.122,236.0115
19.55,235.631,236.729,236.18
19.56,233.996,234.805,234.4005
19.57,237.203,232.662,234.9325
19.58,233.993,235.257,234.625
19.59,234.118,238.857,236.4875
19.6,238.516,232.125,235.3205
19.61,235.837,235.344,235.5905
19.62,234.259,235.405,234.832
19.63,235.229,234.191,234.71
19.64,236.497,236.608,236.5525
19.65,235.181,237.435,236.308
19.66,231.23,233.14,232.185
19.67,232.686,237.462,235.074
19.68,235.993,230.276,233.1345
19.69,236.411,234.842,235.6265
19.7,235.496,232.646,234.071
19.71,230.915,229.469,230.192
19.72,229.377,233.155,231.266
19.73,230.251,231.263,230.757
19.74,234.028,229.197,231.6125
19.75,232.907,232.047,232.477
19.76,231.88,230.816,231.348
19.77,231.176,232.605,231.8905
19.78,232.446,231.166,231.806
19.79,235.619,234.418,235.0185
19.8,233.136,233.057,233.0965
19.81,234.464,231.802,233.133
19.82,237.136,234.471,235.8035
19.83,236.518,230.506,233.512
19.84,238.347,236.725,237.536
19.85,237.874,237.442,237.658
19.86,233.466,230.067,231.7665
19.87,237.373,229.948,233.6605
19.88,233.897,235.423,234.66
19.89,232.45,234.384,233.417
19.9,234.179,234.521,234.35
19.91,232.59,236.013,234.3015
19.92,231.46,233.783,232.6215
19.93,234.467,229.514,231.9905
19.94,234.495,233.522,234.0085
19.95,233.083,228.831,230.957
19.96,235.778,234.008,234.893
19.97,235.955,232.868,234.4115
19.98,238.358,231.395,234.8765
19.99,237.767,231.178,234.4725
20,236.634,232.493,234.5635
20.01,231.985,234.737,233.361
20.02,236.185,236.417,236.301
20.03,233.607,231.756,232.6815
20.04,232.507,236.874,234.6905
20.05,233.237,237.737,235.487
20.06,230.752,234.106,232.429
20.07,232.667,228.586,230.6265
20.08,232.069,231.971,232.02
20.09,234.303,234.525,234.414
20.1,233.481,230.045,231.763
20.11,232.202,236.298,234.25
20.12,230.625,229.755,230.19
20.13,233.261,233.508,233.3845
20.14,228.514,229.753,229.1335
20.15,233.745,233.927,233.836
20.16,230.47,231.931,231.2005
20.17,227.607,230.729,229.168
20.18,228.456,231.096,229.776
20.19,229.785,232.205,230.995
20.2,229.817,227.418,228.6175
20.21,229.049,230.368,229.7085
20.22,231.984,227.531,229.7575
20.23,232.155,231.76,231.9575
20.24,228.062,233.057,230.5595
20.25,230.796,231.24,231.018
20.26,228.976,230.696,229.836
20.27,231.736,230.404,231.07
20.28,229.746,230.231,229.9885
20.29,229.952,230.558,230.255
20.3,226.148,227.741,226.9445
20.31,228.802,227.055,227.9285
20.32,227.813,230.727,229.27
20.33,230.225,235.944,233.0845
20.34,230.95,230.854,230.902
20.35,229.289,233.231,231.26
20.36,230.909,232.64,231.7745
20.37,229.809,232.127,230.968
20.38,229.834,236.003,232.9185
20.39,229.18,231.272,230.226
20.4,233.076,233.923,233.4995
20.41,228.551,231.019,229.785
20.42,225.212,227.744,226.478
20.43,228.811,228.923,228.867
20.44,228.14,226.066,227.103
20.45,225.462,229.295,227.3785
20.46,224.472,228.11,226.291
20.47,228.474,231.777,230.1255
20.48,228.365,229.573,228.969
20.49,226.323,229.879,228.101
20.5,224.77,231.045,227.9075
20.51,226.827,230.725,228.776
20.52,225.457,230.162,227.8095
20.53,225.158,228.065,226.6115
20.54,230.315,231.248,230.7815
20.55,227.477,232.696,230.0865
20.56,226.688,232.108,229.398
20.57,230.426,229.519,229.9725
20.58,229.196,227.645,228.4205
20.59,229.938,231.656,230.797
20.6,227.209,230.428,228.8185
20.61,227.452,231.842,229.647
20.62,227.325,234.833,231.079
20.63,226.536,232.916,229.726
20.64,226.109,235.374,230.7415
20.65,229.233,234.133,231.683
20.66,225.267,232.503,228.885
20.67,227.643,233.565,230.604
20.68,232.869,234.093,233.481
20.69,230.287,232.731,231.509
20.7,229.958,233.441,231.6995
20.71,229.745,231.284,230.5145
20.72,230.262,232.833,231.5475
20.73,229.85,230.165,230.0075
20.74,230.296,230.143,230.2195
20.75,229.882,232.305,231.0935
20.76,230.803,231.885,231.344
20.77,232.397,234.362,233.3795
20.78,231.482,234.626,233.054
20.79,229.446,235.592,232.519
20.8,229.221,230.079,229.65
20.81,232.019,235.358,233.6885
20.82,232.449,234.167,233.308
20.83,228.932,230.112,229.522
20.84,228.55,231.904,230.227
20.85,232.173,230.182,231.1775
20.86,232.399,232.213,232.306
20.87,233.421,228.38,230.9005
20.88,232.474,232.394,232.434
20.89,231.019,232.039,231.529
20.9,231.095,232.749,231.922
20.91,231.481,233.328,232.4045
20.92,230.313,232.22,231.2665
20.93,231.503,230.017,230.76
20.94,232.474,230.962,231.718
20.95,233.896,233.065,233.4805
20.96,236.735,229.452,233.0935
20.97,232.629,232.142,232.3855
20.98,234.367,231.062,232.7145
20.99,229.929,230.384,230.1565
21,229.55,229.91,229.73
21.01,231.66,229.817,230.7385
21.02,227.622,230.093,228.8575
21.03,231.775,227.32,229.5475
21.04,231.798,228.749,230.2735
21.05,232.437,230.805,231.621
21.06,231.87,231.485,231.6775
21.07,228.308,233.27,230.789
21.08,228.212,231.883,230.0475
21.09,228.447,231.667,230.057
21.1,225.734,231.543,228.6385
21.11,230.34,233.961,232.1505
21.12,233.09,232.42,232.755
21.13,230.974,234.805,232.8895
21.14,227.385,235.793,231.589
21.15,230.818,233.553,232.1855
21.16,229.774,231.344,230.559
21.17,225.449,232.84,229.1445
21.18,226.558,228.93,227.744
21.19,230.895,233.128,232.0115
21.2,227.28,230.403,228.8415
21.21,232.07,228.466,230.268
21.22,232.292,229.058,230.675
21.23,230.72,231.801,231.2605
21.24,232.013,229.139,230.576
21.25,234.699,228.874,231.7865
21.26,233.981,228.129,231.055
21.27,233.715,230.54,232.1275
21.28,234.769,231.174,232.9715
21.29,237.179,230.636,233.9075
21.3,236.187,232.564,234.3755
21.31,236.084,231.038,233.561
21.32,233.014,230.42,231.717
21.33,234.624,228.675,231.6495
21.34,234.045,230.612,232.3285
21.35,228.922,230.207,229.5645
21.36,234.061,231.029,232.545
21.37,233.956,229.22,231.588
21.38,229.727,230.675,230.201
21.39,230.1,232.689,231.3945
21.4,231.334,229.781,230.5575
21.41,230.741,227.582,229.1615
21.42,228.567,230.516,229.5415
21.43,230.725,229.483,230.104
21.44,231.849,229.439,230.644
21.45,231.926,225.611,228.7685
21.46,232.694,230.222,231.458
21.47,235.508,228.902,232.205
21.48,231.618,228.142,229.88
21.49,230.282,231.353,230.8175
21.5,230.295,232.167,231.231
21.51,232.581,232.751,232.666
21.52,231.639,229.49,230.5645
21.53,233.903,227.958,230.9305
21.54,231.885,228.848,230.3665
21.55,234.512,227.709,231.1105
21.56,232.649,228.826,230.7375
21.57,234.724,228.321,231.5225
21.58,235.611,227.422,231.5165
21.59,233.207,229.53,231.3685
21.6,227.246,232.336,229.791
21.61,236.595,228.044,232.3195
21.62,228.409,235.387,231.898
21.63,230.699,228.295,229.497
21.64,233.633,228.601,231.117
21.65,232.177,228.994,230.5855
21.66,231.468,227.368,229.418
21.67,230.083,225.805,227.944
21.68,231.865,230.329,231.097
21.69,232.182,229.284,230.733
21.7,231.684,225.543,228.6135
21.71,230.894,230.453,230.6735
21.72,234.589,227.275,230.932
21.73,230.522,228.236,229.379
21.74,232.551,227.712,230.1315
21.75,230.325,225.876,228.1005
21.76,229.359,226.767,228.063
21.77,233.18,228.584,230.882
21.78,234.46,233.798,234.129
21.79,234.463,231.369,232.916
21.8,230.142,225.782,227.962
21.81,231.503,229.523,230.513
21.82,237.011,229.781,233.396
21.83,233.344,227.33,230.337
21.84,235.896,228.81,232.353
21.85,236.918,227.31,232.114
21.86,237.533,226.442,231.9875
21.87,236.129,227.857,231.993
21.88,232.953,227.728,230.3405
21.89,234.595,231.407,233.001
21.9,235.426,228.282,231.854
21.91,237.915,227.919,232.917
21.92,236.673,234.94,235.8065
21.93,231.57,228.578,230.074
21.94,236.831,232.877,234.854
21.95,234.068,234.31,234.189
21.96,235.056,232.163,233.6095
21.97,235.653,230.066,232.8595
21.98,232.808,231.439,232.1235
21.99,234.312,231.8,233.056
22,232.544,232.353,232.4485
22.01,232.382,229.9,231.141
22.02,230.564,228.403,229.4835
22.03,231.469,232.482,231.9755
22.04,232.051,228.912,230.4815
22.05,230.712,229.617,230.1645
22.06,233.539,230.768,232.1535
22.07,234.42,231.578,232.999
22.08,231.697,234.306,233.0015
22.09,234.863,234.53,234.6965
22.1,234.927,234.356,234.6415
22.11,230.934,232.979,231.9565
22.12,231.688,232.118,231.903
22.13,233.952,233.102,233.527
22.14,233.687,231.2,232.4435
22.15,228.295,232.928,230.6115
22.16,235.863,226.382,231.1225
22.17,233.655,232.4,233.0275
22.18,233.303,229.355,231.329
22.19,227.812,233.545,230.6785
22.2,231.988,232.002,231.995
22.21,234.627,230.659,232.643
22.22,233.252,228.145,230.6985
22.23,231.227,230.549,230.888
22.24,232.002,231.423,231.7125
22.25,231.757,231.591,231.674
22.26,235.943,229.801,232.872
22.27,234.99,231.261,233.1255
22.28,237.486,231.208,234.347
22.29,231.996,229.558,230.777
22.3,233.188,230.475,231.8315
22.31,229.818,229.418,229.618
22.32,232.452,231.967,232.2095
22.33,233.91,230.683,232.2965
22.34,233.658,229.831,231.7445
22.35,236.952,231.877,234.4145
22.36,230.167,229.047,229.607
22.37,233.697,232.459,233.078
22.38,227.15,230.689,228.9195
22.39,231.781,234.175,232.978
22.4,232.978,230.912,231.945
22.41,232.225,227.489,229.857
22.42,232.619,232.899,232.759
22.43,235.188,229.991,232.5895
22.44,238.173,231.417,234.795
22.45,233.789,233.978,233.8835
22.46,236.657,233.071,234.864
22.47,235.519,234.019,234.769
22.48,232.184,233.771,232.9775
22.49,230.953,229.846,230.3995
22.5,230.808,231.987,231.3975
22.51,232.946,231.025,231.9855
22.52,233.099,234.262,233.6805
22.53,232.618,233.168,232.893
22.54,229.184,232.65,230.917
22.55,229.884,233.736,231.81
22.56,231.223,230.119,230.671
22.57,226.459,233.541,230
22.58,228.313,231.391,229.852
22.59,230.903,232.312,231.6075
22.6,228.593,232.702,230.6475
22.61,230.56,228.972,229.766
22.62,230.134,228.071,229.1025
22.63,231.405,226.583,228.994
22.64,232.184,226.713,229.4485
22.65,228.529,223.017,225.773
22.66,226.501,227.207,226.854
22.67,229.102,225.501,227.3015
22.68,229.757,231.628,230.6925
22.69,227.467,229.129,228.298
22.7,228.891,229.005,228.948
22.71,231.191,226.956,229.0735
22.72,229.796,227.197,228.4965
22.73,232.701,231.222,231.9615
22.74,234.555,225.231,229.893
22.75,230.759,229.632,230.1955
22.76,231.045,231.837,231.441
22.77,232.91,232.915,232.9125
22.78,231.487,230.419,230.953
22.79,227.167,232.912,230.0395
22.8,232.462,233.508,232.985
22.81,234.179,232.557,233.368
22.82,228.704,230.303,229.5035
22.83,230.852,228.24,229.546
22.84,230.481,229.119,229.8
22.85,231.586,229.017,230.3015
22.86,227.396,229.131,228.2635
22.87,230.222,230.568,230.395
22.88,228.402,226.928,227.665
22.89,229.868,229.537,229.7025
22.9,229.294,230.323,229.8085
22.91,229.821,229.228,229.5245
22.92,229.926,230.448,230.187
22.93,234.01,227.846,230.928
22.94,228.77,224.567,226.6685
22.95,232.514,225.611,229.0625
22.96,231.518,227.096,229.307
22.97,231.949,225.317,228.633
22.98,230.284,229.403,229.8435
22.99,230.751,227.1,228.9255
23,228.657,228.608,228.6325
23.01,229.229,226.716,227.9725
23.02,231.367,231.701,231.534
23.03,230.979,230.967,230.973
23.04,231.835,227.28,229.5575
23.05,231.998,225.007,228.5025
23.06,229.091,229.282,229.1865
23.07,232.573,228.575,230.574
23.08,232.118,227.604,229.861
23.09,233.117,226.853,229.985
23.1,229.018,230.345,229.6815
23.11,233.045,230.589,231.817
23.12,229.614,228.868,229.241
23.13,230.653,224.727,227.69
23.14,234.434,226.258,230.346
23.15,230.937,230.678,230.8075
23.16,234.997,228.983,231.99
23.17,230.657,231.745,231.201
23.18,229.059,233.112,231.0855
23.19,233.209,235.2,234.2045
23.2,232.43,234.047,233.2385
23.21,233.146,233.607,233.3765
23.22,232.493,229.88,231.1865
23.23,233.559,231.035,232.297
23.24,231.664,230.111,230.8875
23.25,232.631,226.847,229.739
23.26,232.43,230.079,231.2545
23.27,234.75,226.275,230.5125
23.28,233.514,229.194,231.354
23.29,235.118,226.873,230.9955
23.3,234.861,228.446,231.6535
23.31,233.883,229.226,231.5545
23.32,233.751,226.931,230.341
23.33,232.386,230.066,231.226
23.34,229.564,228.358,228.961
23.35,234.822,232.087,233.4545
23.36,233.959,233.567,233.763
23.37,229.817,233.723,231.77
23.38,230.083,231.83,230.9565
23.39,232.568,229.485,231.0265
23.4,232.269,235.105,233.687
23.41,232.136,231.633,231.8845
23.42,228.837,229.653,229.245
23.43,228.253,230.161,229.207
23.44,229.041,224.357,226.699
23.45,225.346,229.861,227.6035
23.46,230.739,230.578,230.6585
23.47,229.605,232.818,231.2115
23.48,231.263,231.324,231.2935
23.49,226.525,230.95,228.7375
23.5,229.522,231.219,230.3705
23.51,225.885,229.116,227.5005
23.52,231.131,230.422,230.7765
23.53,230.211,231.092,230.6515
23.54,225.883,230.318,228.1005
23.55,227.652,229.673,228.6625
23.56,228.458,232.097,230.2775
23.57,228.89,232.528,230.709
23.58,226.095,227.324,226.7095
23.59,227.907,230.888,229.3975
23.6,226.422,226.474,226.448
23.61,227.322,234.234,230.778
23.62,226.646,231.241,228.9435
23.63,228.994,233.47,231.232
23.64,230.805,233.556,232.1805
23.65,228.541,233.708,231.1245
23.66,227.968,230.878,229.423
23.67,229.259,234.408,231.8335
23.68,231.918,234.915,233.4165
23.69,230.622,228.899,229.7605
23.7,229.276,231.415,230.3455
23.71,232.118,233.608,232.863
23.72,231.381,230.691,231.036
23.73,231.517,227.464,229.4905
23.74,231.092,232.325,231.7085
23.75,231.2,229.284,230.242
23.76,229.564,237.536,233.55
23.77,232.64,230.502,231.571
23.78,232.167,229.872,231.0195
23.79,230.615,231.402,231.0085
23.8,226.896,231.228,229.062
23.81,232.888,228.351,230.6195
23.82,232.125,231.448,231.7865
23.83,233.114,230.07,231.592
23.84,231.348,228.645,229.9965
23.85,231.505,230.835,231.17
23.86,232.749,231.317,232.033
23.87,227.077,231.006,229.0415
23.88,230.02,231.909,230.9645
23.89,232.845,229.29,231.0675
23.9,231.156,230.957,231.0565
23.91,230.088,228.466,229.277
23.92,232.244,233.768,233.006
23.93,232.645,236.048,234.3465
23.94,231.998,232.984,232.491
23.95,231.301,232.361,231.831
23.96,231.403,231.398,231.4005
23.97,233.173,234.166,233.6695
23.98,229.104,232.713,230.9085
23.99,227.429,232.011,229.72
24,226.755,236.661,231.708
24.01,228.069,230.271,229.17
24.02,231.449,228.711,230.08
24.03,232.004,232.855,232.4295
24.04,229.412,233.945,231.6785
24.05,226.671,231.886,229.2785
24.06,230.116,233.662,231.889
24.07,227.06,231.878,229.469
24.08,228.99,232.061,230.5255
24.09,228.543,227.239,227.891
24.1,230.342,231.033,230.6875
24.11,228.803,228.323,228.563
24.12,227.644,229.483,228.5635
24.13,229.443,230.824,230.1335
24.14,229.573,233.958,231.7655
24.15,229.048,234.709,231.8785
24.16,231.042,231.546,231.294
24.17,229.064,229.246,229.155
24.18,229.976,229.111,229.5435
24.19,228.139,233.279,230.709
24.2,230.31,234.501,232.4055
24.21,230.15,231.922,231.036
24.22,232.563,231.564,232.0635
24.23,230.369,230.112,230.2405
24.24,228.967,230.761,229.864
24.25,229.921,230.818,230.3695
24.26,231.194,229.543,230.3685
24.27,228.565,231.126,229.8455
24.28,226.233,232.313,229.273
24.29,228.334,231.024,229.679
24.3,228.594,230.196,229.395
24.31,228.182,232.553,230.3675
24.32,231.605,230.353,230.979
24.33,231.507,231.65,231.5785
24.34,230.456,233.94,232.198
24.35,229.403,233.189,231.296
24.36,231.353,231.185,231.269
24.37,230.735,230.946,230.8405
24.38,229.418,226.937,228.1775
24.39,227.941,230.112,229.0265
24.4,229.182,229.967,229.5745
24.41,227.465,231.941,229.703
24.42,229.274,230.093,229.6835
24.43,228.524,231.741,230.1325
24.44,230.661,233.543,232.102
24.45,228.84,230.559,229.6995
24.46,231.065,233.509,232.287
24.47,230.115,233.556,231.8355
24.48,230.719,230.17,230.4445
24.49,231.487,232.449,231.968
24.5,230.235,233.844,232.0395
24.51,231.705,235.864,233.7845
24.52,228.881,233.343,231.112
24.53,230.254,232.08,231.167
24.54,229.687,238.135,233.911
24.55,229.666,233.857,231.7615
24.56,232.08,226.941,229.5105
24.57,231.285,229.602,230.4435
24.58,229.115,228.15,228.6325
24.59,232.734,231.943,232.3385
24.6,233.239,230.138,231.6885
24.61,232.052,229.249,230.6505
24.62,230.523,231.949,231.236
24.63,229.759,232.463,231.111
24.64,227.773,235.314,231.5435
24.65,234.287,229.931,232.109
24.66,232.671,232.842,232.7565
24.67,227.294,230.68,228.987
24.68,229.64,232.496,231.068
24.69,229.392,233.578,231.485
24.7,227.056,234.412,230.734
24.71,231.301,233.521,232.411
24.72,233.405,230.958,232.1815
24.73,229.296,231.851,230.5735
24.74,229.187,228.692,228.9395
24.75,230.662,229.452,230.057
24.76,231.581,230.015,230.798
24.77,230.968,231.405,231.1865
24.78,232.285,230.026,231.1555
24.79,232.355,227.598,229.9765
24.8,233.873,232.231,233.052
24.81,229.52,228.889,229.2045
24.82,229.112,230.404,229.758
24.83,232.426,230.91,231.668
24.84,233.119,228.928,231.0235
24.85,230.698,227.321,229.0095
24.86,228.877,228.984,228.9305
24.87,230.238,231.387,230.8125
24.88,231.805,226.696,229.2505
24.89,230.437,231,230.7185
24.9,233.046,230.913,231.9795
24.91,229.985,230.684,230.3345
24.92,232.26,232.108,232.184
24.93,232.249,230.347,231.298
24.94,233.041,230.359,231.7
24.95,231.704,228.152,229.928
24.96,231.012,228.348,229.68
24.97,230.278,229.185,229.7315
24.98,229.247,231.667,230.457
24.99,227.059,227.899,227.479
25,231.684,233.018,232.351
25.01,230.989,229.287,230.138
25.02,231.407,231.377,231.392
25.03,230.653,231.241,230.947
25.04,228.144,232.255,230.1995
25.05,231.032,233.08,232.056
25.06,230.125,234.75,232.4375
25.07,231.207,229.167,230.187
25.08,232.748,233.288,233.018
25.09,233.922,234.052,233.987
25.1,235.647,232.464,234.0555
25.11,233.618,234.793,234.2055
25.12,235.171,233.094,234.1325
25.13,232.679,235.073,233.876
25.14,232.936,237.051,234.9935
25.15,230.109,235.81,232.9595
25.16,229.863,234.489,232.176
25.17,232.272,231.875,232.0735
25.18,231.977,233.244,232.6105
25.19,230.276,233.766,232.021
25.2,230.493,237.221,233.857
25.21,231.522,234.136,232.829
25.22,231.641,231.266,231.4535
25.23,233.808,227.603,230.7055
25.24,230.892,231.541,231.2165
25.25,231.951,231.467,231.709
25.26,231.084,233.46,232.272
25.27,230.21,234.064,232.137
25.28,232.38,231.531,231.9555
25.29,230.668,235.277,232.9725
25.3,231.16,231.238,231.199
25.31,232.503,231.314,231.9085
25.32,234.366,231.459,232.9125
25.33,231.149,231.537,231.343
25.34,231.072,233.027,232.0495
25.35,235.616,230.25,232.933
25.36,232.184,226.93,229.557
25.37,231.073,232.213,231.643
25.38,231.007,231.326,231.1665
25.39,233.58,231.406,232.493
25.4,233.809,230.873,232.341
25.41,232.47,232.137,232.3035
25.42,235.352,229.68,232.516
25.43,236.036,230.876,233.456
25.44,235.253,228.643,231.948
25.45,232.626,232.391,232.5085
25.46,231.222,233.828,232.525
25.47,234.643,229.689,232.166
25.48,233.394,229.775,231.5845
25.49,231.278,229.993,230.6355
25.5,233.552,229.733,231.6425
25.51,233.646,231.338,232.492
25.52,234.328,231.945,233.1365
25.53,231.29,231.809,231.5495
25.54,235.383,231.432,233.4075
25.55,232.384,232.731,232.5575
25.56,235.504,231.786,233.645
25.57,236.789,233.575,235.182
25.58,235.9,235.4,235.65
25.59,233.903,232.786,233.3445
25.6,231.758,230.768,231.263
25.61,233.735,232.282,233.0085
25.62,232.92,229.715,231.3175
25.63,233.636,226.095,229.8655
25.64,235.844,230.855,233.3495
25.65,233.947,230.506,232.2265
25.66,233.386,226.365,229.8755
25.67,235.862,228.462,232.162
25.68,236.107,232.888,234.4975
25.69,235.574,230.224,232.899
25.7,234.692,231.099,232.8955
25.71,234.498,235.212,234.855
25.72,232.784,234.245,233.5145
25.73,237.408,232.853,235.1305
25.74,234.551,232.051,233.301
25.75,232.988,233.049,233.0185
25.76,232.799,234.833,233.816
25.77,233.639,235.287,234.463
25.78,230.239,235.206,232.7225
25.79,236.145,233.414,234.7795
25.8,234.019,233.379,233.699
25.81,232.376,233.221,232.7985
25.82,232.975,235.417,234.196
25.83,233.804,232.444,233.124
25.84,232.681,230.569,231.625
25.85,232.3,233.77,233.035
25.86,231.909,231.771,231.84
25.87,233.375,233.743,233.559
25.88,234.478,235.616,235.047
25.89,235.361,231.497,233.429
25.9,234.256,234.089,234.1725
25.91,234.616,231.819,233.2175
25.92,234.969,230.546,232.7575
25.93,233.988,237.21,235.599
25.94,232.45,236.207,234.3285
25.95,233.038,234.044,233.541
25.96,234.663,235.918,235.2905
25.97,228.715,236.498,232.6065
25.98,233.356,236.334,234.845
25.99,231.717,235.153,233.435
26,235.447,233.416,234.4315
26.01,237.155,235.487,236.321
26.02,229.541,232.724,231.1325
26.03,232.887,233.911,233.399
26.04,234.022,234.009,234.0155
26.05,234.176,233.044,233.61
26.06,233.112,232.423,232.7675
26.07,231.063,235.392,233.2275
26.08,233.648,233.813,233.7305
26.09,235.111,233.723,234.417
26.1,232.332,230.422,231.377
26.11,230.839,229.97,230.4045
26.12,232.963,234.391,233.677
26.13,232.556,235.042,233.799
26.14,233.181,235.219,234.2
26.15,231.693,235.156,233.4245
26.16,231.35,236.681,234.0155
26.17,236.418,238.543,237.4805
26.18,234.109,237.374,235.7415
26.19,230.597,236.459,233.528
26.2,235.635,239.879,237.757
26.21,233.015,237.778,235.3965
26.22,232.445,233.614,233.0295
26.23,231.286,237.088,234.187
26.24,234.341,233.93,234.1355
26.25,233.972,235.588,234.78
26.26,233.705,233.814,233.7595
26.27,233.249,236.001,234.625
26.28,235.312,233.66,234.486
26.29,235.603,233.186,234.3945
26.3,228.923,232.673,230.798
26.31,236.23,231.429,233.8295
26.32,237.584,236.539,237.0615
26.33,235.96,233.872,234.916
26.34,236.083,237.127,236.605
26.35,232.754,235.677,234.2155
26.36,232.358,237.197,234.7775
26.37,238.076,236.32,237.198
26.38,237.334,235.622,236.478
26.39,236.763,236.855,236.809
26.4,237.56,235.847,236.7035
26.41,233.78,234.873,234.3265
26.42,233.539,236.654,235.0965
26.43,236.822,235.349,236.0855
26.44,233.422,231.393,232.4075
26.45,233.637,235.05,234.3435
26.46,231.295,237.642,234.4685
26.47,231.876,236.194,234.035
26.48,232.864,236.764,234.814
26.49,234.992,236.484,235.738
26.5,235.442,236.983,236.2125
26.51,233.339,235.081,234.21
26.52,234.856,235.743,235.2995
26.53,233.641,232.221,232.931
26.54,232.249,233.506,232.8775
26.55,233.609,238.179,235.894
26.56,233.196,237,235.098
26.57,231.954,234.354,233.154
26.58,233.119,235.214,234.1665
26.59,234.602,236.089,235.3455
26.6,233.636,233.716,233.676
26.61,233.664,231.883,232.7735
26.62,234.849,233.754,234.3015
26.63,233.169,234.225,233.697
26.64,234.951,233.923,234.437
26.65,234.327,233.891,234.109
26.66,230.727,237.378,234.0525
26.67,227.877,234.385,231.131
26.68,230.4,235.014,232.707
26.69,231.635,237.803,234.719
26.7,232.907,234.774,233.8405
26.71,233.438,234.9,234.169
26.72,236.948,231.349,234.1485
26.73,235.593,236.505,236.049
26.74,235.748,230.541,233.1445
26.75,232.272,234.335,233.3035
26.76,233.372,235.597,234.4845
26.77,236.311,229.165,232.738
26.78,236.508,226.716,231.612
26.79,231.558,230.434,230.996
26.8,234.435,232.261,233.348
26.81,233.904,232.294,233.099
26.82,231.875,234.18,233.0275
26.83,231.045,232.913,231.979
26.84,230.485,233.66,232.0725
26.85,231.865,231.085,231.475
26.86,226.173,235.775,230.974
26.87,229.531,231.332,230.4315
26.88,231.391,232.536,231.9635
26.89,231.117,231.507,231.312
26.9,231.056,236.64,233.848
26.91,230.371,235.936,233.1535
26.92,235.43,235.576,235.503
26.93,233.489,234.944,234.2165
26.94,233.348,233.051,233.1995
26.95,234.538,230.946,232.742
26.96,231.115,232.472,231.7935
26.97,232.719,232.256,232.4875
26.98,231.056,231.677,231.3665
26.99,231.796,231.074,231.435
27,231.615,235.185,233.4
27.01,228.768,233.561,231.1645
27.02,228.988,233.198,231.093
27.03,228.218,235.995,232.1065
27.04,229.461,233.312,231.3865
27.05,230.828,234.717,232.7725
27.06,232.25,240.531,236.3905
27.07,231.036,236.607,233.8215
27.08,230.525,238.381,234.453
27.09,231.913,237.331,234.622
27.1,230.402,235.871,233.1365
27.11,231.352,236.45,233.901
27.12,235.416,235.499,235.4575
27.13,233.446,234.577,234.0115
27.14,232.838,238.596,235.717
27.15,229.25,232.867,231.0585
27.16,230.629,235.32,232.9745
27.17,228.795,234.61,231.7025
27.18,231.765,233.434,232.5995
27.19,233.13,233.93,233.53
27.2,234.082,235.687,234.8845
27.21,231.483,233.42,232.4515
27.22,231,231.896,231.448
27.23,231.437,233.642,232.5395
27.24,226.587,236.701,231.644
27.25,229.091,233.347,231.219
27.26,231.423,234.882,233.1525
27.27,231.333,236.54,233.9365
27.28,232.534,235.492,234.013
27.29,232.734,233.284,233.009
27.3,236.711,235.249,235.98
27.31,232.064,232.054,232.059
27.32,232.387,233.052,232.7195
27.33,232.299,234.714,233.5065
27.34,233.586,236.73,235.158
27.35,234.168,231.688,232.928
27.36,233.133,239.592,236.3625
27.37,233.913,233.094,233.5035
27.38,229.479,232.715,231.097
27.39,229.165,232.561,230.863
27.4,233.568,234.71,234.139
27.41,232.428,231.188,231.808
27.42,229.244,230.894,230.069
27.43,228.912,233.796,231.354
27.44,231.312,229.694,230.503
27.45,230.595,234.564,232.5795
27.46,231.381,232.762,232.0715
27.47,231.314,233.004,232.159
27.48,231.444,236.178,233.811
27.49,231.788,230.82,231.304
27.5,232.469,230.146,231.3075
27.51,229.474,235.741,232.6075
27.52,232.35,231.777,232.0635
27.53,233.107,237.133,235.12
27.54,232.41,235.861,234.1355
27.55,230.88,234.808,232.844
27.56,229.891,235.417,232.654
27.57,231.912,232.285,232.0985
27.58,230.012,233.377,231.6945
27.59,228.779,236.29,232.5345
27.6,228.574,233.671,231.1225
27.61,230.139,230.937,230.538
27.62,227.95,233.018,230.484
27.63,229.012,231.399,230.2055
27.64,229.94,233.269,231.6045
27.65,227.583,232.187,229.885
27.66,230.187,230.951,230.569
27.67,230.885,231.152,231.0185
27.68,230.752,229.772,230.262
27.69,228.935,233.573,231.254
27.7,229.493,232.527,231.01
27.71,228.822,234.429,231.6255
27.72,230.32,230.449,230.3845
27.73,231.35,233.286,232.318
27.74,228.886,233.325,231.1055
27.75,230.021,231.74,230.8805
27.76,227.733,232.55,230.1415
27.77,231.924,233.001,232.4625
27.78,228.565,234.122,231.3435
27.79,228.411,232.883,230.647
27.8,231.771,229.29,230.5305
27.81,233.341,233.658,233.4995
27.82,231.56,236.14,233.85
27.83,234.295,231.731,233.013
27.84,232.124,234.021,233.0725
27.85,231.036,231.959,231.4975
27.86,233.446,230.848,232.147
27.87,231.239,232.212,231.7255
27.88,230.771,235.33,233.0505
27.89,228.389,230.906,229.6475
27.9,226.849,235.045,230.947
27.91,233.042,234.356,233.699
27.92,231.359,229.963,230.661
27.93,233.286,232.382,232.834
27.94,234.564,232.118,233.341
27.95,230.497,232.46,231.4785
27.96,232.784,234.366,233.575
27.97,228.565,231.82,230.1925
27.98,227.082,230.098,228.59
27.99,229.012,231.02,230.016
28,230.12,233.429,231.7745
28.01,229.015,228.037,228.526
28.02,227.925,234.744,231.3345
28.03,230.206,229.938,230.072
28.04,228.697,232.559,230.628
28.05,226.854,230.474,228.664
28.06,222.945,233.822,228.3835
28.07,227.959,233.584,230.7715
28.08,228.191,231.048,229.6195
28.09,231.58,231.222,231.401
28.1,232.489,235.355,233.922
28.11,228.58,234.984,231.782
28.12,231.155,236.784,233.9695
28.13,231.584,233.019,232.3015
28.14,229.934,235.962,232.948
28.15,227.699,234.211,230.955
28.16,230.975,233.081,232.028
28.17,230.578,234.057,232.3175
28.18,230.012,235.769,232.8905
28.19,231.129,239.439,235.284
28.2,233.57,234.207,233.8885
28.21,231.667,236.157,233.912
28.22,227.708,239.28,233.494
28.23,231.288,234.687,232.9875
28.24,231.616,232.709,232.1625
28.25,225.83,231.483,228.6565
28.26,228.569,232.185,230.377
28.27,230.768,230.853,230.8105
28.28,225.057,234.431,229.744
28.29,228.167,235.431,231.799
28.3,227.378,234.107,230.7425
28.31,227.653,235.351,231.502
28.32,225.355,233.802,229.5785
28.33,228.61,233.093,230.8515
28.34,226.992,236.331,231.6615
28.35,227.798,233.752,230.775
28.36,225.844,232.738,229.291
28.37,224.006,234.583,229.2945
28.38,225.638,233.314,229.476
28.39,227.682,235.335,231.5085
28.4,227.784,235.083,231.4335
28.41,226.716,233.588,230.152
28.42,228.32,237.375,232.8475
28.43,227.738,235.218,231.478
28.44,229.12,235.143,232.1315
28.45,228.438,233.015,230.7265
28.46,231.776,231.622,231.699
28.47,230.117,231.094,230.6055
28.48,228.007,230.592,229.2995
28.49,224.389,232.386,228.3875
28.5,230.898,231.032,230.965
28.51,228.56,231.79,230.175
28.52,221.782,233.377,227.5795
28.53,226.883,233.593,230.238
28.54,228.025,235.308,231.6665
28.55,228.901,236.521,232.711
28.56,228.316,233.234,230.775
28.57,225.493,230.239,227.866
28.58,229.831,234.299,232.065
28.59,227.587,235.484,231.5355
28.6,227.527,233.642,230.5845
28.61,227.216,234.587,230.9015
28.62,229.962,230.072,230.017
28.63,227.578,232.812,230.195
28.64,231.45,232.206,231.828
28.65,228.26,233.767,231.0135
28.66,227.058,232.348,229.703
28.67,227.915,234.769,231.342
28.68,224.806,233.203,229.0045
28.69,227.252,235.358,231.305
28.7,224.415,234.605,229.51
28.71,228.271,232.689,230.48
28.72,229.202,232.701,230.9515
28.73,225.693,232.812,229.2525
28.74,230.352,235.588,232.97
28.75,228.996,233.206,231.101
28.76,229.673,231.925,230.799
28.77,228.781,235.099,231.94
28.78,231.125,232.187,231.656
28.79,225.195,235.393,230.294
28.8,230.349,237.348,233.8485
28.81,231.34,232.571,231.9555
28.82,230.49,229.731,230.1105
28.83,230.749,234.339,232.544
28.84,229.133,234.096,231.6145
28.85,230.667,234.549,232.608
28.86,232.909,233.141,233.025
28.87,229.641,230.713,230.177
28.88,229.467,234.403,231.935
28.89,228.233,234.273,231.253
28.9,227.253,236.97,232.1115
28.91,228.082,234.834,231.458
28.92,226.231,235.533,230.882
28.93,226.151,238.605,232.378
28.94,231.002,238.604,234.803
28.95,225.891,234.573,230.232
28.96,227.653,234.114,230.8835
28.97,225.964,233.32,229.642
28.98,224.04,233.244,228.642
28.99,227.284,230.928,229.106
29,227.184,236.604,231.894
29.01,228.762,237.563,233.1625
29.02,225.434,233.603,229.5185
29.03,227.539,231.957,229.748
29.04,227.935,234.917,231.426
29.05,226.257,234.9,230.5785
29.06,225.925,234.679,230.302
29.07,226.156,232.913,229.5345
29.08,230.677,232.949,231.813
29.09,223.755,237.091,230.423
29.1,224.705,235.433,230.069
29.11,229.3,234.795,232.0475
29.12,228.809,234.409,231.609
29.13,225.426,232.201,228.8135
29.14,226.245,231.359,228.802
29.15,224.31,234.04,229.175
29.16,226.779,230.57,228.6745
29.17,224.267,236.165,230.216
29.18,225.008,234.977,229.9925
29.19,227.041,233.159,230.1
29.2,226.985,235.752,231.3685
29.21,227.689,234.968,231.3285
29.22,225.064,232.122,228.593
29.23,224.187,232.557,228.372
29.24,228.012,233.485,230.7485
29.25,227.892,234.06,230.976
29.26,227.956,237.055,232.5055
29.27,225.255,231.906,228.5805
29.28,226.728,233.499,230.1135
29.29,224.686,233.048,228.867
29.3,225.983,233.007,229.495
29.31,224.06,232.319,228.1895
29.32,227.684,233.021,230.3525
29.33,222.928,230.207,226.5675
29.34,227.797,229.872,228.8345
29.35,223.194,232.699,227.9465
29.36,224.515,232.572,228.5435
29.37,229.549,230.846,230.1975
29.38,227.188,230.163,228.6755
29.39,226.37,234.091,230.2305
29.4,226.731,230.945,228.838
29.41,225.794,230.397,228.0955
29.42,226.511,233.296,229.9035
29.43,228.793,230.393,229.593
29.44,228.901,237.344,233.1225
29.45,227.639,231.767,229.703
29.46,220.823,232.48,226.6515
29.47,221.661,232.134,226.8975
29.48,228.528,228.775,228.6515
29.49,225.99,229.811,227.9005
29.5,224.43,231.122,227.776
29.51,225.972,231.328,228.65
29.52,226.193,233.077,229.635
29.53,224.944,233.588,229.266
29.54,224.997,234.045,229.521
29.55,225.15,231.522,228.336
29.56,229.028,233.105,231.0665
29.57,224.891,236.42,230.6555
29.58,226.477,232.742,229.6095
29.59,227.763,232.4,230.0815
29.6,226.012,233.435,229.7235
29.61,223.634,226.819,225.2265
29.62,226.099,231.754,228.9265
29.63,225.553,232.363,228.958
29.64,226.998,228.317,227.6575
29.65,229.668,231.903,230.7855
29.66,228.728,234.819,231.7735
29.67,223.241,230.95,227.0955
29.68,224.119,234.062,229.0905
29.69,224.987,234.948,229.9675
29.7,226.038,235.452,230.745
29.71,222.841,233.44,228.1405
29.72,220.728,230.273,225.5005
29.73,222.183,235.673,228.928
29.74,223.351,235.806,229.5785
29.75,227.919,230.469,229.194
29.76,224.049,232.613,228.331
29.77,222.963,233.708,228.3355
29.78,230.249,231.092,230.6705
29.79,226.04,229.821,227.9305
29.8,227.548,231.309,229.4285
29.81,223.908,230.119,227.0135
29.82,224.779,230.27,227.5245
29.83,223.853,234.859,229.356
29.84,226.01,231.111,228.5605
29.85,226.629,229.813,228.221
29.86,220.001,230.443,225.222
29.87,225.126,229.284,227.205
29.88,224.075,233.395,228.735
29.89,226.693,231.322,229.0075
29.9,224.384,231.695,228.0395
29.91,226.36,229.608,227.984
29.92,225.481,229.328,227.4045
29.93,226.333,231.262,228.7975
29.94,228.853,229.393,229.123
29.95,224.685,232.28,228.4825
29.96,223.945,229.784,226.8645
29.97,229.151,233.741,231.446
29.98,228.98,230.905,229.9425
29.99,226.885,228.067,227.476
30,227.085,229.738,228.4115
30.01,223.372,231.217,227.2945
30.02,223.06,232.044,227.552
30.03,221.224,228.969,225.0965
30.04,220.077,229.865,224.971
30.05,221.484,233.763,227.6235
30.06,222.719,233.733,228.226
30.07,219.196,231.969,225.5825
30.08,224.29,228.622,226.456
30.09,221.956,230.146,226.051
30.1,222.977,231.99,227.4835
30.11,220.825,231.423,226.124
30.12,221.902,230.639,226.2705
30.13,224.535,231.928,228.2315
30.14,221.929,230.551,226.24
30.15,219.997,232.648,226.3225
30.16,221.641,232.913,227.277
30.17,221.082,231.482,226.282
30.18,224.147,227.824,225.9855
30.19,221,229.483,225.2415
30.2,223.306,235.564,229.435
30.21,222.907,230.131,226.519
30.22,223.554,231.552,227.553
30.23,222.05,232.352,227.201
30.24,219.865,230.775,225.32
30.25,223.144,232.253,227.6985
30.26,224.546,231.376,227.961
30.27,223.434,231.116,227.275
30.28,220.035,233.539,226.787
30.29,220.857,230.426,225.6415
30.3,223.538,238.315,230.9265
30.31,225.147,233.926,229.5365
30.32,225.312,232.797,229.0545
30.33,223.335,233.8,228.5675
30.34,224.709,232.43,228.5695
30.35,223.99,231.347,227.6685
30.36,225.736,230.915,228.3255
30.37,224.196,227.172,225.684
30.38,224.028,231.767,227.8975
30.39,225.75,229.49,227.62
30.4,225.098,231.005,228.0515
30.41,226.506,232.25,229.378
30.42,224.433,231.684,228.0585
30.43,226.67,229.268,227.969
30.44,223.94,231.595,227.7675
30.45,227.171,229.64,228.4055
30.46,224.487,233.81,229.1485
30.47,227.961,232.476,230.2185
30.48,223.627,233.68,228.6535
30.49,229.557,232.761,231.159
30.5,225.822,235.353,230.5875
30.51,225.569,232.398,228.9835
30.52,228.567,235.349,231.958
30.53,225.865,234.039,229.952
30.54,227.621,233.425,230.523
30.55,221.65,232.262,226.956
30.56,224.221,232.634,228.4275
30.57,222.936,231.36,227.148
30.58,225.854,230.117,227.9855
30.59,225.038,230.152,227.595
30.6,224.266,233.025,228.6455
30.61,221.068,232.27,226.669
30.62,221.499,232.166,226.8325
30.63,224.443,226.251,225.347
30.64,223.195,227.845,225.52
30.65,222.876,231.951,227.4135
30.66,220.903,234.245,227.574
30.67,222.811,229.901,226.356
30.68,224.749,229.961,227.355
30.69,223.69,229.663,226.6765
30.7,231.946,230.68,231.313
30.71,227.516,234.357,230.9365
30.72,227.27,233.182,230.226
30.73,224.643,232.888,228.7655
30.74,226.652,233.848,230.25
30.75,226.439,232.565,229.502
30.76,226.091,230.931,228.511
30.77,225.404,234.133,229.7685
30.78,223.45,234.26,228.855
30.79,223.877,230.605,227.241
30.8,224.029,234.932,229.4805
30.81,226.368,230.716,228.542
30.82,226.855,233.765,230.31
30.83,229.833,233.346,231.5895
30.84,228.066,230.354,229.21
30.85,228.361,230.626,229.4935
30.86,228.494,228.286,228.39
30.87,227.208,230.354,228.781
30.88,226.863,233.344,230.1035
30.89,224.748,233.941,229.3445
30.9,229.692,234.528,232.11
30.91,224.345,229.5,226.9225
30.92,228.541,235.46,232.0005
30.93,226.079,235.19,230.6345
30.94,223.415,234.89,229.1525
30.95,229.148,231.208,230.178
30.96,226.766,233.137,229.9515
30.97,225.212,229.789,227.5005
30.98,225.922,230.278,228.1
30.99,225.163,229.153,227.158
31,225.167,229.514,227.3405
31.01,226.951,229.683,228.317
31.02,225.156,230.788,227.972
31.03,224.144,231.15,227.647
31.04,227.562,231.722,229.642
31.05,226.809,232.3,229.5545
31.06,226.537,232.924,229.7305
31.07,226.765,231.329,229.047
31.08,219.17,228.84,224.005
31.09,225.597,231.255,228.426
31.1,223.571,231.976,227.7735
31.11,224.737,235.337,230.037
31.12,223.611,233.346,228.4785
31.13,226.188,229.38,227.784
31.14,223.418,227.68,225.549
31.15,221.419,232.046,226.7325
31.16,220.567,228.367,224.467
31.17,224.294,234.962,229.628
31.18,227.536,228.901,228.2185
31.19,227.071,234.103,230.587
31.2,224.378,234.633,229.5055
31.21,224.813,231.912,228.3625
31.22,223.597,232.962,228.2795
31.23,221.161,235.524,228.3425
31.24,222.171,232.206,227.1885
31.25,219.547,233.704,226.6255
31.26,220.517,231.519,226.018
31.27,223.562,228.704,226.133
31.28,222.055,230.624,226.3395
31.29,225.232,234.28,229.756
31.3,223.448,234.919,229.1835
31.31,222.833,231.081,226.957
31.32,222.559,230.126,226.3425
31.33,221.032,232.287,226.6595
31.34,220.991,231.456,226.2235
31.35,222.757,235.241,228.999
31.36,224.986,234.146,229.566
31.37,223.072,232.623,227.8475
31.38,225.365,233.286,229.3255
31.39,223.859,234.781,229.32
31.4,224.7,231.383,228.0415
31.41,224.645,229.951,227.298
31.42,223.981,232.881,228.431
31.43,223.805,231.064,227.4345
31.44,220.999,233.844,227.4215
31.45,223.104,231.598,227.351
31.46,224.371,230.701,227.536
31.47,225.948,230.362,228.155
31.48,225.456,233.013,229.2345
31.49,225.077,230.806,227.9415
31.5,222.397,231.387,226.892
31.51,222.214,233.717,227.9655
31.52,221.567,234.163,227.865
31.53,221.136,232.242,226.689
31.54,226.556,230.408,228.482
31.55,222.236,234.967,228.6015
31.56,226.556,235.158,230.857
31.57,220.544,233.798,227.171
31.58,224.692,233.766,229.229
31.59,223.849,233.518,228.6835
31.6,219.696,230.245,224.9705
31.61,222.567,225.791,224.179
31.62,226.239,229.15,227.6945
31.63,226.283,228.562,227.4225
31.64,224.521,228.357,226.439
31.65,224.107,229.331,226.719
31.66,222.111,233.569,227.84
31.67,225.406,230.805,228.1055
31.68,225.257,230.063,227.66
31.69,226.387,228.594,227.4905
31.7,227.814,230.619,229.2165
31.71,222.882,229.705,226.2935
31.72,221.859,231.778,226.8185
31.73,220.708,230.429,225.5685
31.74,222.024,229.433,225.7285
31.75,223.859,231.71,227.7845
31.76,223.85,229.675,226.7625
31.77,224.247,231.749,227.998
31.78,225.93,234.1,230.015
31.79,226.03,229.704,227.867
31.8,225.171,228.444,226.8075
31.81,224.813,230.886,227.8495
31.82,227.048,227.995,227.5215
31.83,224.441,229.217,226.829
31.84,221.361,230.073,225.717
31.85,224.993,233.602,229.2975
31.86,222.849,228.871,225.86
31.87,226.226,232.295,229.2605
31.88,226.271,229.608,227.9395
31.89,225.571,231.329,228.45
31.9,229.366,236.177,232.7715
31.91,223.751,228.861,226.306
31.92,227.093,231.95,229.5215
31.93,229.863,232.736,231.2995
31.94,224.49,238.169,231.3295
31.95,225.712,235.253,230.4825
31.96,227.563,236.899,232.231
31.97,223.894,233.154,228.524
31.98,228.854,231.672,230.263
31.99,228.431,230.818,229.6245
32,227.075,229.005,228.04
32.01,227.622,227.812,227.717
32.02,228.374,232.128,230.251
32.03,227.503,230.958,229.2305
32.04,229.908,234.73,232.319
32.05,224.583,230.547,227.565
32.06,226.048,230.74,228.394
32.07,223.73,232.614,228.172
32.08,227.123,234.12,230.6215
32.09,223.439,230.423,226.931
32.1,223.66,230.028,226.844
32.11,223.38,235.931,229.6555
32.12,223.28,233.261,228.2705
32.13,226.432,237.639,232.0355
32.14,227.485,235.074,231.2795
32.15,226.374,233.762,230.068
32.16,226.019,235.781,230.9
32.17,222.585,234.329,228.457
32.18,226.341,231.867,229.104
32.19,228.958,235.114,232.036
32.2,224.907,233.114,229.0105
32.21,224.104,232.794,228.449
32.22,229.035,233.857,231.446
32.23,228.151,230.547,229.349
32.24,223.607,231.601,227.604
32.25,227.715,235.932,231.8235
32.26,227.027,231.332,229.1795
32.27,227.036,234.366,230.701
32.28,226.132,236.612,231.372
32.29,224.999,236.206,230.6025
32.3,225.339,232.434,228.8865
32.31,221.909,236.874,229.3915
32.32,225.543,235.756,230.6495
32.33,225.102,235.621,230.3615
32.34,225.33,234.054,229.692
32.35,224.892,234.396,229.644
32.36,225.461,233.385,229.423
32.37,226.773,234.251,230.512
32.38,229.063,231.888,230.4755
32.39,230.116,231.475,230.7955
32.4,225.669,229.958,227.8135
32.41,226.322,232.091,229.2065
32.42,223.819,235.049,229.434
32.43,227.425,230.563,228.994
32.44,228.897,229.729,229.313
32.45,226.705,228.104,227.4045
32.46,228.311,230.34,229.3255
32.47,227.885,231,229.4425
32.48,228.122,228.345,228.2335
32.49,229.028,231.733,230.3805
32.5,227.603,233.444,230.5235
32.51,228.314,234.091,231.2025
32.52,228.437,232.8,230.6185
32.53,229.932,232.891,231.4115
32.54,228.063,232.428,230.2455
32.55,225.941,232.543,229.242
32.56,225.226,234.644,229.935
32.57,223.915,231.552,227.7335
32.58,222.416,235.568,228.992
32.59,222.615,231.884,227.2495
32.6,223.085,232.803,227.944
32.61,222.658,231.918,227.288
32.62,219.229,232.825,226.027
32.63,224.626,229.578,227.102
32.64,223.071,228.099,225.585
32.65,224.29,227.793,226.0415
32.66,223.173,234.588,228.8805
32.67,222.323,230.892,226.6075
32.68,224.619,231.766,228.1925
32.69,223.941,233.129,228.535
32.7,222.158,233.851,228.0045
32.71,220.849,232.48,226.6645
32.72,219.428,233.329,226.3785
32.73,220.596,235.028,227.812
32.74,222.436,230.237,226.3365
32.75,220.188,234.298,227.243
32.76,220.139,235.677,227.908
32.77,221.631,232.305,226.968
32.78,222.355,231.801,227.078
32.79,223.499,230.538,227.0185
32.8,219.234,229.434,224.334
32.81,224.609,230.269,227.439
32.82,221.497,233.819,227.658
32.83,223.942,231.639,227.7905
32.84,221.098,226.773,223.9355
32.85,222.059,230.243,226.151
32.86,223.358,229.751,226.5545
32.87,224.291,228.423,226.357
32.88,229.14,229.761,229.4505
32.89,223.68,229.934,226.807
32.9,226.713,234.131,230.422
32.91,224.341,232.85,228.5955
32.92,223.199,233.455,228.327
32.93,223.577,228.114,225.8455
32.94,224.039,233.795,228.917
32.95,223.965,230.752,227.3585
32.96,225.98,231.581,228.7805
32.97,224.838,232.561,228.6995
32.98,221.569,227.505,224.537
32.99,221.76,226.56,224.16
33,222.038,227.255,224.6465
33.01,220.791,230.038,225.4145
33.02,224.253,226.787,225.52
33.03,221.377,230.161,225.769
33.04,224.261,234.204,229.2325
33.05,225.562,232.535,229.0485
33.06,225.264,231.804,228.534
33.07,225.766,230.414,228.09
33.08,223.24,230.603,226.9215
33.09,224.601,229.532,227.0665
33.1,223.436,230.098,226.767
33.11,223.584,227.247,225.4155
33.12,222.57,228.351,225.4605
33.13,224.428,230.333,227.3805
33.14,223.748,229.82,226.784
33.15,225.057,232.222,228.6395
33.16,221.839,231.015,226.427
33.17,222.622,231.063,226.8425
33.18,223.512,229.914,226.713
33.19,221.349,229.802,225.5755
33.2,225.197,232.395,228.796
33.21,224.475,232.945,228.71
33.22,226.017,233.411,229.714
33.23,221.316,230.138,225.727
33.24,223.115,228.993,226.054
33.25,222.235,233.42,227.8275
33.26,221.671,232.18,226.9255
33.27,220.587,232.163,226.375
33.28,223.291,230.829,227.06
33.29,220.699,228.754,224.7265
33.3,223.463,231.674,227.5685
33.31,223.145,232.137,227.641
33.32,223.53,231.421,227.4755
33.33,224.259,228.717,226.488
33.34,223.368,232.626,227.997
33.35,223.158,231.333,227.2455
33.36,218.673,228.928,223.8005
33.37,222.989,231.815,227.402
33.38,226.268,231.483,228.8755
33.39,224.211,230.942,227.5765
33.4,222.497,230.076,226.2865
33.41,221.767,230.765,226.266
33.42,221.148,231.386,226.267
33.43,224.005,231.784,227.8945
33.44,220.205,230.368,225.2865
33.45,219.404,229.901,224.6525
33.46,223.002,229.418,226.21
33.47,224.453,232.917,228.685
33.48,224.385,230.03,227.2075
33.49,226.264,231.612,228.938
33.5,226.235,233.59,229.9125
33.51,226.412,230.815,228.6135
33.52,226.468,230.679,228.5735
33.53,226.491,228.893,227.692
33.54,223.802,232.775,228.2885
33.55,222.112,233.095,227.6035
33.56,223.903,230.626,227.2645
33.57,222.357,230.749,226.553
33.58,221.335,234.857,228.096
33.59,220.308,230.418,225.363
33.6,219.313,232.026,225.6695
33.61,227.48,233.213,230.3465
33.62,224.177,231.962,228.0695
33.63,225.515,227.593,226.554
33.64,220.747,229.388,225.0675
33.65,220.461,229.709,225.085
33.66,222.53,230.726,226.628
33.67,226.926,230.671,228.7985
33.68,223.113,228.413,225.763
33.69,225.729,230.058,227.8935
33.7,223.096,233.188,228.142
33.71,224.607,230.82,227.7135
33.72,223.277,228.148,225.7125
33.73,225.222,228.45,226.836
33.74,225.677,233.599,229.638
33.75,224.469,231.597,228.033
33.76,226.515,232.212,229.3635
33.77,225.606,228.223,226.9145
33.78,223.084,230.4,226.742
33.79,222.177,229.137,225.657
33.8,224.166,227.875,226.0205
33.81,226.936,230.289,228.6125
33.82,226.665,231.841,229.253
33.83,224.378,230.638,227.508
33.84,226.048,233.571,229.8095
33.85,227.021,236.597,231.809
33.86,228.272,232.391,230.3315
33.87,228.039,233.974,231.0065
33.88,225.908,227.671,226.7895
33.89,225.279,231.552,228.4155
33.9,224.038,231.808,227.923
33.91,226.533,230.9,228.7165
33.92,221.412,227.357,224.3845
33.93,225.887,229.897,227.892
33.94,225.712,233.667,229.6895
33.95,224.028,231.548,227.788
33.96,227.483,233.304,230.3935
33.97,227.344,231.911,229.6275
33.98,226.73,232.176,229.453
33.99,225.728,232.766,229.247
34,227.267,228.168,227.7175
34.01,223.292,233.092,228.192
34.02,225.376,227.07,226.223
34.03,224.984,229.192,227.088
34.04,228.299,232.246,230.2725
34.05,224.617,231.785,228.201
34.06,226.23,231.039,228.6345
34.07,226.441,235.072,230.7565
34.08,228.761,231.412,230.0865
34.09,226.441,233.158,229.7995
34.1,222.976,230.546,226.761
34.11,226.984,229.602,228.293
34.12,225.438,231.356,228.397
34.13,225.479,229.628,227.5535
34.14,226.798,227.393,227.0955
34.15,223.534,229.085,226.3095
34.16,226.778,232.065,229.4215
34.17,223.734,226.668,225.201
34.18,221.193,226.495,223.844
34.19,224.486,227.549,226.0175
34.2,226.758,229.211,227.9845
34.21,223.983,231.845,227.914
34.22,224.841,230.646,227.7435
34.23,222.742,232.554,227.648
34.24,227.661,229.497,228.579
34.25,226.517,229.792,228.1545
34.26,224.602,228.987,226.7945
34.27,228.949,229.196,229.0725
34.28,226.213,231.546,228.8795
34.29,225.043,231.442,228.2425
34.3,230.19,229.6,229.895
34.31,226.141,230.438,228.2895
34.32,229.655,232.07,230.8625
34.33,226.139,228.096,227.1175
34.34,223.803,226.729,225.266
34.35,227.14,231.726,229.433
34.36,227.496,229.918,228.707
34.37,227.884,233.574,230.729
34.38,228.567,234.753,231.66
34.39,229.588,228.67,229.129
34.4,230.071,230.988,230.5295
34.41,226.789,229.856,228.3225
34.42,227.452,229.534,228.493
34.43,228.949,232.392,230.6705
34.44,224.837,233.028,228.9325
34.45,226.309,232.526,229.4175
34.46,227.669,230.68,229.1745
34.47,224.523,232.23,228.3765
34.48,227.708,231.942,229.825
34.49,227.538,233.448,230.493
34.5,221.867,233.53,227.6985
34.51,224.179,231.507,227.843
34.52,224.974,232.574,228.774
34.53,228.369,232.422,230.3955
34.54,227.729,232.783,230.256
34.55,227.906,232.496,230.201
34.56,227.381,230.324,228.8525
34.57,225.715,230.671,228.193
34.58,221.931,235.829,228.88
34.59,225.379,235.295,230.337
34.6,222.19,234.248,228.219
34.61,223.002,232.366,227.684
34.62,222.714,236.397,229.5555
34.63,228.621,232.286,230.4535
34.64,225.3,235.895,230.5975
34.65,226.362,237.977,232.1695
34.66,223.364,236.276,229.82
34.67,223.192,240.571,231.8815
34.68,222.733,234.975,228.854
34.69,220.883,235.841,228.362
34.7,223.428,235.982,229.705
34.71,226.516,234.261,230.3885
34.72,221.707,234.33,228.0185
34.73,222.21,234.069,228.1395
34.74,222.164,231.712,226.938
34.75,222.159,231.214,226.6865
34.76,224.827,236.793,230.81
34.77,227.983,234.817,231.4
34.78,224.666,234.026,229.346
34.79,221.606,234.586,228.096
34.8,223.468,234.771,229.1195
34.81,225.996,230.785,228.3905
34.82,224.868,232.899,228.8835
34.83,223.713,236.422,230.0675
34.84,222.33,234.484,228.407
34.85,223.044,232.686,227.865
34.86,226.173,235.134,230.6535
34.87,223.34,231.116,227.228
34.88,224.858,232.94,228.899
34.89,222.851,231.255,227.053
34.9,224.885,231.946,228.4155
34.91,224.721,230.976,227.8485
34.92,226.135,233.687,229.911
34.93,223.806,232.674,228.24
34.94,220.937,236.174,228.5555
34.95,224.76,234.815,229.7875
34.96,223.287,230.901,227.094
34.97,226.861,230.021,228.441
34.98,228.184,234.453,231.3185
34.99,224.266,232.334,228.3
35,226.35,234.974,230.662
35.01,224.612,230.129,227.3705
35.02,228.623,230.64,229.6315
35.03,224.588,230.732,227.66
35.04,226.594,232.978,229.786
35.05,224.991,231.785,228.388
35.06,226.797,234.401,230.599
35.07,225.741,233.001,229.371
35.08,224.136,236.533,230.3345
35.09,224.298,234.968,229.633
35.1,224.641,235.492,230.0665
35.11,226.893,235.695,231.294
35.12,224.054,235.645,229.8495
35.13,223.601,235.641,229.621
35.14,224.44,234.677,229.5585
35.15,224.078,235.251,229.6645
35.16,228.396,232.003,230.1995
35.17,228.665,233.376,231.0205
35.18,225.945,233.352,229.6485
35.19,227.34,231.932,229.636
35.2,223.841,230.878,227.3595
35.21,225.034,230.067,227.5505
35.22,224.195,229.032,226.6135
35.23,226.03,233.463,229.7465
35.24,224.657,232.586,228.6215
35.25,223.979,234.408,229.1935
35.26,223.01,232.553,227.7815
35.27,227.348,231.784,229.566
35.28,223.396,231.537,227.4665
35.29,223.033,231.087,227.06
35.3,223.203,234.243,228.723
35.31,223.145,236.915,230.03
35.32,224.368,236.185,230.2765
35.33,223.123,236.041,229.582
35.34,220.657,235.976,228.3165
35.35,224.171,235.125,229.648
35.36,222.796,236.893,229.8445
35.37,223.092,236.459,229.7755
35.38,220.35,228.906,224.628
35.39,223.936,231.853,227.8945
35.4,226.336,233.826,230.081
35.41,223.04,232.794,227.917
35.42,223.522,235.301,229.4115
35.43,222.959,236.461,229.71
35.44,220.337,233.009,226.673
35.45,221.039,231.231,226.135
35.46,222.787,231.396,227.0915
35.47,221.984,231.959,226.9715
35.48,220.076,237.757,228.9165
35.49,222.145,234.576,228.3605
35.5,225.425,230.194,227.8095
35.51,223.183,233.063,228.123
35.52,223.771,230.803,227.287
35.53,224.954,231.944,228.449
35.54,229.692,231.172,230.432
35.55,225.161,229.818,227.4895
35.56,228.469,225.776,227.1225
35.57,224.571,230.654,227.6125
35.58,224.509,228.871,226.69
35.59,224.37,231.235,227.8025
35.6,225.587,230.96,228.2735
35.61,223.644,229.115,226.3795
35.62,221.694,234.156,227.925
35.63,223.83,230.473,227.1515
35.64,225.083,231.275,228.179
35.65,223.866,227.173,225.5195
35.66,225.842,236.696,231.269
35.67,221.399,233.728,227.5635
35.68,224.634,234.348,229.491
35.69,227.116,235.303,231.2095
35.7,225.314,234.533,229.9235
35.71,221.71,233.119,227.4145
35.72,226.339,233.665,230.002
35.73,225.263,233.045,229.154
35.74,225.029,234.025,229.527
35.75,222.341,233.653,227.997
35.76,224.342,231.943,228.1425
35.77,223.465,238.051,230.758
35.78,224.597,230.964,227.7805
35.79,222.667,234.252,228.4595
35.8,226.86,233.718,230.289
35.81,224.121,234.915,229.518
35.82,226.347,236.071,231.209
35.83,225.445,234.102,229.7735
35.84,225.566,233.01,229.288
35.85,224.355,233.151,228.753
35.86,228.582,235.415,231.9985
35.87,225.134,233.396,229.265
35.88,226.84,235.558,231.199
35.89,230.213,230.733,230.473
35.9,226.473,231.047,228.76
35.91,223.573,233.436,228.5045
35.92,225.607,234.904,230.2555
35.93,222.757,232.312,227.5345
35.94,224.275,228.932,226.6035
35.95,226.27,226.129,226.1995
35.96,227.176,229.254,228.215
35.97,222.406,231.365,226.8855
35.98,223.287,232.192,227.7395
35.99,222.63,231.039,226.8345
36,228.2,231.445,229.8225
36.01,224.006,232.298,228.152
36.02,223.126,234.263,228.6945
36.03,225.484,232.273,228.8785
36.04,222.559,232.061,227.31
36.05,220.587,229.205,224.896
36.06,222.627,228.04,225.3335
36.07,221.254,230.062,225.658
36.08,223.911,231.3,227.6055
36.09,223.816,233.291,228.5535
36.1,224.28,229.76,227.02
36.11,224.903,228.55,226.7265
36.12,223.093,232.191,227.642
36.13,222.948,228.66,225.804
36.14,222.62,228.219,225.4195
36.15,220.239,230.499,225.369
36.16,222.347,233.152,227.7495
36.17,220.887,230.353,225.62
36.18,222.717,229.535,226.126
36.19,223.19,231.998,227.594
36.2,223.216,231.167,227.1915
36.21,225.788,232.086,228.937
36.22,224.974,230.247,227.6105
36.23,223.979,228.104,226.0415
36.24,225.078,230.034,227.556
36.25,223.376,230.638,227.007
36.26,224.582,232.4,228.491
36.27,223.599,231.437,227.518
36.28,221.948,233.563,227.7555
36.29,221.374,236.308,228.841
36.3,217.882,234.148,226.015
36.31,217.931,230.952,224.4415
36.32,217.666,233.905,225.7855
36.33,225.332,234.05,229.691
36.34,225.89,233.289,229.5895
36.35,226.648,230.007,228.3275
36.36,221.815,232.606,227.2105
36.37,221.553,233.522,227.5375
36.38,224.388,232.315,228.3515
36.39,226.404,234.068,230.236
36.4,224.434,234.52,229.477
36.41,222.486,232.509,227.4975
36.42,224.723,231.052,227.8875
36.43,220.49,233.181,226.8355
36.44,220.869,232.368,226.6185
36.45,223.226,231.694,227.46
36.46,223.121,233.669,228.395
36.47,222.45,235.061,228.7555
36.48,224.317,235.675,229.996
36.49,226.66,233.046,229.853
36.5,223.788,235.286,229.537
36.51,222.13,233.447,227.7885
36.52,225.531,232.902,229.2165
36.53,225.425,231.489,228.457
36.54,223.011,232.369,227.69
36.55,224.104,231.771,227.9375
36.56,221.977,232.524,227.2505
36.57,220.212,229.033,224.6225
36.58,224.621,226.769,225.695
36.59,225.802,225.515,225.6585
36.6,224.295,227.847,226.071
36.61,226.891,227.447,227.169
36.62,222.873,226.295,224.584
36.63,224.498,227.954,226.226
36.64,221.402,228.331,224.8665
36.65,225.6,224.89,225.245
36.66,222.204,230.039,226.1215
36.67,224.344,226.197,225.2705
36.68,225.056,225.236,225.146
36.69,221.16,229.303,225.2315
36.7,222.989,229.172,226.0805
36.71,221.227,225.963,223.595
36.72,220.369,223.264,221.8165
36.73,224.794,228.202,226.498
36.74,225.336,227.85,226.593
36.75,222.518,231.044,226.781
36.76,222.293,231.7,226.9965
36.77,224.472,232.789,228.6305
36.78,221.917,227.473,224.695
36.79,224.042,227.801,225.9215
36.8,223.553,226.274,224.9135
36.81,222.249,226.322,224.2855
36.82,221.878,225.205,223.5415
36.83,222.576,224.831,223.7035
36.84,222.784,230.27,226.527
36.85,223.168,228.04,225.604
36.86,224.279,225.202,224.7405
36.87,222.469,226.566,224.5175
36.88,224.537,228.552,226.5445
36.89,224.468,227.19,225.829
36.9,226.498,225.571,226.0345
36.91,226.155,225.935,226.045
36.92,222.041,227.926,224.9835
36.93,225.061,231.871,228.466
36.94,224.184,225.676,224.93
36.95,223.989,225.819,224.904
36.96,226.812,225.299,226.0555
36.97,222.908,229.346,226.127
36.98,223.393,229.151,226.272
36.99,224.958,225.809,225.3835
37,222.844,229.32,226.082
37.01,226.214,229.993,228.1035
37.02,223.877,230.101,226.989
37.03,225.586,232.045,228.8155
37.04,225.539,227.475,226.507
37.05,224.824,225.949,225.3865
37.06,225.958,226.345,226.1515
37.07,220.909,224.375,222.642
37.08,222.191,229.594,225.8925
37.09,225.568,229.924,227.746
37.1,227.129,232.028,229.5785
37.11,227.576,233.031,230.3035
37.12,225.789,231.314,228.5515
37.13,227.281,232.408,229.8445
37.14,227.593,232.309,229.951
37.15,229.182,231.651,230.4165
37.16,227.933,231.725,229.829
37.17,227.415,234.088,230.7515
37.18,226.343,229.032,227.6875
37.19,223.884,231.39,227.637
37.2,224.253,229.198,226.7255
37.21,222.979,226.094,224.5365
37.22,221.499,228.688,225.0935
37.23,221.146,225.377,223.2615
37.24,225.062,226.013,225.5375
37.25,227.127,228.338,227.7325
37.26,225.355,227.841,226.598
37.27,229.363,226.754,228.0585
37.28,223.134,227.953,225.5435
37.29,224.576,230.994,227.785
37.3,224.596,226.598,225.597
37.31,228.26,229.691,228.9755
37.32,227.513,227.128,227.3205
37.33,227.929,227.727,227.828
37.34,227.121,229.417,228.269
37.35,226.617,226.458,226.5375
37.36,227.703,229.294,228.4985
37.37,227.378,231.267,229.3225
37.38,227.171,229.152,228.1615
37.39,226.056,228.986,227.521
37.4,223.371,227.219,225.295
37.41,226.176,224.359,225.2675
37.42,230.503,231.04,230.7715
37.43,226.294,230.597,228.4455
37.44,226.997,227.401,227.199
37.45,227.505,230.069,228.787
37.46,225.228,228.481,226.8545
37.47,230.773,228.858,229.8155
37.48,227.135,225.102,226.1185
37.49,226.319,225.619,225.969
37.5,228.645,226.017,227.331
37.51,227.965,227.017,227.491
37.52,229.628,227.73,228.679
37.53,226.131,225.987,226.059
37.54,226.98,226.623,226.8015
37.55,226.482,228.478,227.48
37.56,226.688,225.792,226.24
37.57,226.281,228.166,227.2235
37.58,230.945,226.538,228.7415
37.59,226.954,228.176,227.565
37.6,227.578,223.393,225.4855
37.61,225.562,226.213,225.8875
37.62,229.412,229.338,229.375
37.63,227.343,228.702,228.0225
37.64,225.717,230.354,228.0355
37.65,226.425,223.642,225.0335
37.66,226.581,227.712,227.1465
37.67,229.434,222.014,225.724
37.68,228.357,226.14,227.2485
37.69,224.633,227.88,226.2565
37.7,226.784,226.97,226.877
37.71,226.547,223.845,225.196
37.72,226.189,225.006,225.5975
37.73,225.873,227.077,226.475
37.74,227.234,228.045,227.6395
37.75,225.943,227.612,226.7775
37.76,226.554,227.763,227.1585
37.77,226.896,229.492,228.194
37.78,226.101,226.462,226.2815
37.79,225.196,229.653,227.4245
37.8,222.464,227.451,224.9575
37.81,226.547,227.528,227.0375
37.82,224.279,228.179,226.229
37.83,224.794,226.403,225.5985
37.84,223.217,227.589,225.403
37.85,227.488,229.84,228.664
37.86,226.955,228.84,227.8975
37.87,230.863,230.344,230.6035
37.88,227.563,229.295,228.429
37.89,227.938,228.843,228.3905
37.9,228.504,231.043,229.7735
37.91,225.29,233.404,229.347
37.92,232.813,231.654,232.2335
37.93,229.237,231.613,230.425
37.94,225.537,232.523,229.03
37.95,227.039,229.025,228.032
37.96,227.57,227.95,227.76
37.97,225.896,225.487,225.6915
37.98,225.273,225.777,225.525
37.99,226.856,229.734,228.295
38,224.936,225.678,225.307
38.01,221.191,227.243,224.217
38.02,227.938,231.577,229.7575
38.03,226.395,229.416,227.9055
38.04,223.294,228.337,225.8155
38.05,223.843,227.046,225.4445
38.06,225.394,230.532,227.963
38.07,224.583,228.54,226.5615
38.08,223.954,228.451,226.2025
38.09,222.672,230.67,226.671
38.1,225.471,228.724,227.0975
38.11,226.636,230.718,228.677
38.12,222.672,228.877,225.7745
38.13,222.445,228.205,225.325
38.14,226.368,230.352,228.36
38.15,222.486,231.813,227.1495
38.16,222.725,228.474,225.5995
38.17,225.115,231.81,228.4625
38.18,223.197,227.801,225.499
38.19,222.152,225.703,223.9275
38.2,224.058,230.062,227.06
38.21,223.159,231.178,227.1685
38.22,221.253,228.102,224.6775
38.23,223.914,226.681,225.2975
38.24,220.855,230.071,225.463
38.25,224.167,232.999,228.583
38.26,222.737,228.691,225.714
38.27,222.133,230.212,226.1725
38.28,223.129,232.871,228
38.29,224.412,232.101,228.2565
38.3,226.25,232.928,229.589
38.31,224.732,230.014,227.373
38.32,224.68,227.554,226.117
38.33,225.028,230.944,227.986
38.34,222.641,229.317,225.979
38.35,222.346,231.892,227.119
38.36,226.821,229.756,228.2885
38.37,225.36,229.302,227.331
38.38,224.497,230.51,227.5035
38.39,226.487,229.611,228.049
38.4,225.516,230.859,228.1875
38.41,226.048,231.782,228.915
38.42,225.633,232.639,229.136
38.43,228.172,232.036,230.104
38.44,224.181,232.405,228.293
38.45,228.336,233.892,231.114
38.46,222.458,233.931,228.1945
38.47,224.007,235.473,229.74
38.48,226.165,236.162,231.1635
38.49,226.668,231.972,229.32
38.5,226.31,231.269,228.7895
38.51,226.354,231.165,228.7595
38.52,223.689,232.026,227.8575
38.53,223.508,235.819,229.6635
38.54,225.879,235.513,230.696
38.55,223.458,233.958,228.708
38.56,226.895,233.894,230.3945
38.57,225.023,232.811,228.917
38.58,226.719,231.025,228.872
38.59,225.602,230.944,228.273
38.6,223.272,232.976,228.124
38.61,222.591,233.969,228.28
38.62,221.762,232.692,227.227
38.63,224.086,229.998,227.042
38.64,222.598,229.962,226.28
38.65,224.107,233.7,228.9035
38.66,224.405,231.674,228.0395
38.67,221.893,231.591,226.742
38.68,230.992,231.555,231.2735
38.69,224.404,229.469,226.9365
38.7,226.705,233.822,230.2635
38.71,225.444,234.846,230.145
38.72,223.543,229.959,226.751
38.73,222.568,229.43,225.999
38.74,223.548,230.232,226.89
38.75,224.964,229.215,227.0895
38.76,224.954,233.595,229.2745
38.77,224.839,230.884,227.8615
38.78,224.028,232.733,228.3805
38.79,224.482,230.053,227.2675
38.8,224.964,230,227.482
38.81,222.771,235.089,228.93
38.82,227.938,232.128,230.033
38.83,225.622,232.84,229.231
38.84,223.698,235.548,229.623
38.85,222.644,232.756,227.7
38.86,222.936,232.169,227.5525
38.87,222.397,229.573,225.985
38.88,224.955,232.396,228.6755
38.89,223.364,230.613,226.9885
38.9,222.267,229.221,225.744
38.91,225.07,231.714,228.392
38.92,222.416,235.099,228.7575
38.93,223.816,229.669,226.7425
38.94,223.482,235.615,229.5485
38.95,224.333,236.086,230.2095
38.96,224.517,230.067,227.292
38.97,226.212,235.609,230.9105
38.98,227.777,235.248,231.5125
38.99,227.776,234.624,231.2
39,228.234,233.872,231.053
39.01,228.098,232.748,230.423
39.02,227.351,233.511,230.431
39.03,226.301,227.636,226.9685
39.04,226.937,230.771,228.854
39.05,225.084,230.855,227.9695
39.06,227.148,234.324,230.736
39.07,227.6,234.741,231.1705
39.08,228.813,236.784,232.7985
39.09,229.183,234.36,231.7715
39.1,224.091,234.506,229.2985
39.11,225.086,236.778,230.932
39.12,223.635,236.475,230.055
39.13,226.573,232.715,229.644
39.14,223.346,239.754,231.55
39.15,227.274,237.541,232.4075
39.16,223.513,236.271,229.892
39.17,223.515,237.015,230.265
39.18,228.149,238.668,233.4085
39.19,225.268,236.874,231.071
39.2,224.327,240.675,232.501
39.21,227.367,235.79,231.5785
39.22,221.064,232.194,226.629
39.23,224.279,236.797,230.538
39.24,225.446,233.533,229.4895
39.25,225.063,234.003,229.533
39.26,222.357,232.995,227.676
39.27,225.294,239.194,232.244
39.28,226.846,231.494,229.17
39.29,223.786,235.589,229.6875
39.3,222.766,232.381,227.5735
39.31,224.641,236.855,230.748
39.32,224.061,236.95,230.5055
39.33,229.882,236.057,232.9695
39.34,226.895,236.814,231.8545
39.35,227.115,234.604,230.8595
39.36,224.84,234.916,229.878
39.37,224.91,235.414,230.162
39.38,223.226,234.82,229.023
39.39,222.256,234.08,228.168
39.4,228.622,233.587,231.1045
39.41,224.313,231.296,227.8045
39.42,225.428,233.203,229.3155
39.43,225.35,237.361,231.3555
39.44,224.761,233.405,229.083
39.45,224.769,229.425,227.097
39.46,226.71,236.202,231.456
39.47,227.531,232.295,229.913
39.48,228.328,232.342,230.335
39.49,223.38,236.326,229.853
39.5,225.154,231.534,228.344
39.51,224.722,233.575,229.1485
39.52,227.727,231.299,229.513
39.53,229.302,235.109,232.2055
39.54,223.566,236.77,230.168
39.55,227.606,234.315,230.9605
39.56,223.73,232.746,228.238
39.57,222.642,229.321,225.9815
39.58,226.654,233.549,230.1015
39.59,225.114,232.103,228.6085
39.6,224.84,230.447,227.6435
39.61,226.193,227.974,227.0835
39.62,224.152,233.585,228.8685
39.63,225.577,232.013,228.795
39.64,225.574,230.841,228.2075
39.65,225.242,232.343,228.7925
39.66,221.996,229.864,225.93
39.67,222.403,234.088,228.2455
39.68,225.365,232.185,228.775
39.69,224.228,236,230.114
39.7,226.805,234.89,230.8475
39.71,225.613,228.199,226.906
39.72,227.274,228.325,227.7995
39.73,226.873,229.222,228.0475
39.74,225.635,229.171,227.403
39.75,224.252,231.034,227.643
39.76,224.249,225.957,225.103
39.77,225.571,228.984,227.2775
39.78,228.793,232.806,230.7995
39.79,223.595,230.158,226.8765
39.8,224.507,232.774,228.6405
39.81,228.245,228.994,228.6195
39.82,222.463,235.109,228.786
39.83,225.541,234.597,230.069
39.84,223.7,230.051,226.8755
39.85,224.584,228.928,226.756
39.86,226.577,233.115,229.846
39.87,223.877,229.732,226.8045
39.88,223.977,230.987,227.482
39.89,224.812,227.62,226.216
39.9,220.33,230.881,225.6055
39.91,219.581,229.188,224.3845
39.92,225.165,231.825,228.495
39.93,225.411,228.612,227.0115
39.94,228.049,228.709,228.379
39.95,225.69,227.739,226.7145
39.96,224.22,232.164,228.192
39.97,226.239,231.172,228.7055
39.98,223.948,234.589,229.2685
39.99,226.694,231.092,228.893
40,225.852,231.419,228.6355
40.01,224.996,229.864,227.43
40.02,225.55,229.532,227.541
40.03,225.774,232.661,229.2175
40.04,228.668,230.996,229.832
40.05,229.681,228.239,228.96
40.06,223.651,231.463,227.557
40.07,228.914,230.617,229.7655
40.08,225.866,228.598,227.232
40.09,226.866,230.109,228.4875
40.1,227.026,228.052,227.539
40.11,228.775,230.459,229.617
40.12,228.11,229.108,228.609
40.13,223.716,227.71,225.713
40.14,226.512,230.277,228.3945
40.15,225.491,225.658,225.5745
40.16,225.056,228.32,226.688
40.17,227.873,225.402,226.6375
40.18,225.235,226.75,225.9925
40.19,229.453,229.749,229.601
40.2,226.569,228.858,227.7135
40.21,228.558,226.213,227.3855
40.22,223.659,225.717,224.688
40.23,225.496,225.542,225.519
40.24,229.038,225.306,227.172
40.25,230.492,227.476,228.984
40.26,227.304,226.114,226.709
40.27,227.417,223.673,225.545
40.28,226.314,226.903,226.6085
40.29,223.85,228.173,226.0115
40.3,229.339,229.262,229.3005
40.31,224.349,225,224.6745
40.32,227.448,226.588,227.018
40.33,227.239,228.104,227.6715
40.34,228.152,225.472,226.812
40.35,225.389,229.818,227.6035
40.36,225.476,226.916,226.196
40.37,225.021,228.954,226.9875
40.38,224.156,229.748,226.952
40.39,227.147,228.828,227.9875
40.4,228.154,227.971,228.0625
40.41,226.016,227.387,226.7015
40.42,225.799,228.653,227.226
40.43,228.518,229.151,228.8345
40.44,224.473,231.93,228.2015
40.45,224.188,231.945,228.0665
40.46,227.073,232.409,229.741
40.47,231.792,229.157,230.4745
40.48,222.569,227.988,225.2785
40.49,224.076,231.973,228.0245
40.5,226.553,228.2,227.3765
40.51,225.99,229.074,227.532
40.52,228.061,225.866,226.9635
40.53,225.453,227.792,226.6225
40.54,228.857,227.147,228.002
40.55,225.931,229.753,227.842
40.56,225.666,231.575,228.6205
40.57,227.09,228.941,228.0155
40.58,224.539,228.337,226.438
40.59,227.276,226.892,227.084
40.6,225.465,225.16,225.3125
40.61,226.568,224.926,225.747
40.62,229.829,226.573,228.201
40.63,232.556,229.478,231.017
40.64,224.989,226.135,225.562
40.65,223.909,227.886,225.8975
40.66,224.621,230.514,227.5675
40.67,223.907,226.678,225.2925
40.68,225.822,229.749,227.7855
40.69,225.108,228.158,226.633
40.7,224.025,225.633,224.829
40.71,225.662,225.29,225.476
40.72,227.864,226.681,227.2725
40.73,222.757,226.657,224.707
40.74,222.749,228.306,225.5275
40.75,227.788,229.681,228.7345
40.76,226.255,230.637,228.446
40.77,226.464,229.605,228.0345
40.78,225.632,228.037,226.8345
40.79,225.895,228.718,227.3065
40.8,224.181,228.794,226.4875
40.81,226.483,229.098,227.7905
40.82,223.562,231.544,227.553
40.83,224.601,227.859,226.23
40.84,225.547,226.026,225.7865
40.85,225.743,229.881,227.812
40.86,226.735,228.201,227.468
40.87,226.449,227.219,226.834
40.88,226.984,228.161,227.5725
40.89,226.116,223.986,225.051
40.9,226.145,228.381,227.263
40.91,227.642,223.799,225.7205
40.92,227.967,227.345,227.656
40.93,227.587,226.1,226.8435
40.94,226.24,226.569,226.4045
40.95,227.947,225.823,226.885
40.96,229.746,228.541,229.1435
40.97,231.101,226.826,228.9635
40.98,228.201,226.933,227.567
40.99,226.619,226.38,226.4995
41,225.663,229.223,227.443
41.01,226.898,229.005,227.9515
41.02,224.903,226.175,225.539
41.03,225.774,228.04,226.907
41.04,226.641,228.145,227.393
41.05,224.809,227.61,226.2095
41.06,228.315,231.59,229.9525
41.07,231.691,225.159,228.425
41.08,228.649,228.614,228.6315
41.09,230.508,226.154,228.331
41.1,228.953,229.798,229.3755
41.11,234.112,231.146,232.629
41.12,232.753,228.365,230.559
41.13,232.691,228.004,230.3475
41.14,233.329,225.309,229.319
41.15,233.389,226.651,230.02
41.16,234.452,226.567,230.5095
41.17,235.035,231.312,233.1735
41.18,230.466,226.865,228.6655
41.19,232.641,227.851,230.246
41.2,233.3,227.075,230.1875
41.21,234.147,225.889,230.018
41.22,232.659,231.864,232.2615
41.23,235.331,231.359,233.345
41.24,230.394,232.166,231.28
41.25,235.078,229.055,232.0665
41.26,234.816,231.16,232.988
41.27,231.312,230.098,230.705
41.28,234.81,231.825,233.3175
41.29,234.975,230.278,232.6265
41.3,234.563,230.63,232.5965
41.31,230.918,232.3,231.609
41.32,232.512,229.483,230.9975
41.33,231.205,228.91,230.0575
41.34,231.365,231.539,231.452
41.35,230.016,233.436,231.726
41.36,232.486,234.455,233.4705
41.37,233.117,232.449,232.783
41.38,224.602,233.236,228.919
41.39,228.634,231.892,230.263
41.4,226.258,232.725,229.4915
41.41,229.372,230.434,229.903
41.42,226.314,233.19,229.752
41.43,226.703,232.804,229.7535
41.44,227.388,229.17,228.279
41.45,229.391,226.091,227.741
41.46,231.179,231.955,231.567
41.47,230.649,228.903,229.776
41.48,232.577,230.924,231.7505
41.49,229.633,229.298,229.4655
41.5,230.267,232.473,231.37
41.51,234.278,230.595,232.4365
41.52,230.574,231.378,230.976
41.53,229.154,230.493,229.8235
41.54,230.956,227.031,228.9935
41.55,231.917,227.431,229.674
41.56,231.349,229.494,230.4215
41.57,227.005,230.036,228.5205
41.58,230.483,228.875,229.679
41.59,228.647,228.893,228.77
41.6,234.298,226.216,230.257
41.61,231.678,228.638,230.158
41.62,231.072,231.905,231.4885
41.63,231.925,233.819,232.872
41.64,227.406,231.095,229.2505
41.65,225.675,229.737,227.706
41.66,229.618,228.671,229.1445
41.67,229.726,232.998,231.362
41.68,230.818,231.33,231.074
41.69,227.541,230.911,229.226
41.7,231.183,232.444,231.8135
41.71,233.551,231.767,232.659
41.72,232.777,230.875,231.826
41.73,230.701,229.722,230.2115
41.74,230.818,233.324,232.071
41.75,230.911,228.689,229.8
41.76,231.033,232.678,231.8555
41.77,233.361,232.217,232.789
41.78,233.273,232.24,232.7565
41.79,232.252,235.691,233.9715
41.8,230.872,234.665,232.7685
41.81,231.472,230.737,231.1045
41.82,230.262,234.548,232.405
41.83,235.094,232.323,233.7085
41.84,231.661,230.983,231.322
41.85,229.96,232.269,231.1145
41.86,234.023,230.065,232.044
41.87,232.938,227.308,230.123
41.88,235.641,233.718,234.6795
41.89,232.288,229.052,230.67
41.9,232.154,228.201,230.1775
41.91,232.333,231.614,231.9735
41.92,230.503,230.181,230.342
41.93,230.422,228.343,229.3825
41.94,228.943,230.42,229.6815
41.95,231,229.394,230.197
41.96,229.33,231.608,230.469
41.97,226.333,230.052,228.1925
41.98,227.656,232.231,229.9435
41.99,227.712,236.144,231.928
42,229.417,234.849,232.133
42.01,231.545,233.618,232.5815
42.02,232.857,234.699,233.778
42.03,227.481,234.378,230.9295
42.04,231.612,233.959,232.7855
42.05,228.064,234.003,231.0335
42.06,230.181,230.455,230.318
42.07,229.274,229.727,229.5005
42.08,229.411,233.095,231.253
42.09,228.64,233.792,231.216
42.1,228.605,236.344,232.4745
42.11,229.01,230.897,229.9535
42.12,227.093,236.14,231.6165
42.13,227.987,231.809,229.898
42.14,225.811,233.935,229.873
42.15,230.807,230.821,230.814
42.16,223.936,230.444,227.19
42.17,228.436,234.304,231.37
42.18,228.225,232.91,230.5675
42.19,229.138,231.363,230.2505
42.2,230.019,232.882,231.4505
42.21,229.896,232.778,231.337
42.22,230.857,233.626,232.2415
42.23,228.278,232.137,230.2075
42.24,229.416,231.135,230.2755
42.25,228.596,233.478,231.037
42.26,226.56,234.202,230.381
42.27,226.712,230.933,228.8225
42.28,229.674,229.41,229.542
42.29,225.658,234.558,230.108
42.3,230.396,230.691,230.5435
42.31,230.137,228.454,229.2955
42.32,229.297,230.567,229.932
42.33,232.454,232.462,232.458
42.34,232.837,233.825,233.331
42.35,233.148,233.143,233.1455
42.36,234.095,232.792,233.4435
42.37,231.176,230.627,230.9015
42.38,227.189,234.094,230.6415
42.39,226.87,231.307,229.0885
42.4,230.052,231.836,230.944
42.41,230.236,230.354,230.295
42.42,228.749,229.103,228.926
42.43,230.806,232.212,231.509
42.44,228.88,229.816,229.348
42.45,227.231,229.084,228.1575
42.46,232.108,227.096,229.602
42.47,229.724,228.445,229.0845
42.48,230.027,231.084,230.5555
42.49,228.485,227.369,227.927
42.5,226.165,227.809,226.987
42.51,230.294,226.267,228.2805
42.52,225.399,231.339,228.369
42.53,227.11,229.794,228.452
42.54,228.397,228.386,228.3915
42.55,228.72,232.249,230.4845
42.56,230.933,228.535,229.734
42.57,232.515,224.339,228.427
42.58,228.571,226.27,227.4205
42.59,230.12,228.452,229.286
42.6,230.47,226.125,228.2975
42.61,229.973,231.275,230.624
42.62,231.338,231.869,231.6035
42.63,228.563,233.374,230.9685
42.64,230.905,228.026,229.4655
42.65,229.939,225.006,227.4725
42.66,231.78,223.317,227.5485
42.67,228.52,226.847,227.6835
42.68,229.066,226.997,228.0315
42.69,229.424,229.706,229.565
42.7,228.733,226.402,227.5675
42.71,228.376,226.05,227.213
42.72,232.338,231.974,232.156
42.73,230.003,223.537,226.77
42.74,228.457,228.696,228.5765
42.75,231.062,224.912,227.987
42.76,230.253,227.918,229.0855
42.77,234.139,227.162,230.6505
42.78,230.644,224.818,227.731
42.79,230.314,220.528,225.421
42.8,230.852,224.901,227.8765
42.81,233.109,223.577,228.343
42.82,233.999,224.395,229.197
42.83,232.132,226.01,229.071
42.84,233.527,226.124,229.8255
42.85,230.884,224.347,227.6155
42.86,228.486,222.015,225.2505
42.87,227.681,226.681,227.181
42.88,228.559,227.135,227.847
42.89,229.014,225.254,227.134
42.9,227.409,225.184,226.2965
42.91,231.069,224.804,227.9365
42.92,227.248,223.824,225.536
42.93,229.318,227.554,228.436
42.94,231.573,224.021,227.797
42.95,226.52,227.164,226.842
42.96,228.052,229.524,228.788
42.97,225.756,226.105,225.9305
42.98,227.224,227.626,227.425
42.99,226.781,231.288,229.0345
43,227.098,230.511,228.8045
43.01,227.207,228.134,227.6705
43.02,229.184,228.344,228.764
43.03,224.907,227.356,226.1315
43.04,225.286,231.592,228.439
43.05,227.095,232.257,229.676
43.06,231.077,230.949,231.013
43.07,228.219,227.89,228.0545
43.08,229.256,225.853,227.5545
43.09,227.743,224.901,226.322
43.1,230.409,227.325,228.867
43.11,228.906,230.394,229.65
43.12,232.504,231.057,231.7805
43.13,227.885,229.17,228.5275
43.14,230.039,227.923,228.981
43.15,230.25,226.947,228.5985
43.16,230.592,230.073,230.3325
43.17,230.56,225.729,228.1445
43.18,233.169,229.113,231.141
43.19,232.297,228.396,230.3465
43.2,227.875,226.364,227.1195
43.21,228.494,228.501,228.4975
43.22,230.423,232.138,231.2805
43.23,229.235,228.441,228.838
43.24,233.439,230.359,231.899
43.25,231.266,226.933,229.0995
43.26,232.234,230.836,231.535
43.27,230.482,229.132,229.807
43.28,231.395,230.029,230.712
43.29,228.042,230.859,229.4505
43.3,227.733,231.082,229.4075
43.31,227.895,231.377,229.636
43.32,229.738,231.172,230.455
43.33,230.876,230.651,230.7635
43.34,230.221,226.993,228.607
43.35,232.362,228.475,230.4185
43.36,230.078,232.28,231.179
43.37,231.89,231.786,231.838
43.38,229.377,229.693,229.535
43.39,230.856,228.667,229.7615
43.4,228.381,228.956,228.6685
43.41,229.379,231.407,230.393
43.42,231.907,229.3,230.6035
43.43,227.746,232.747,230.2465
43.44,233.15,236.141,234.6455
43.45,228.571,235.413,231.992
43.46,228.746,230.692,229.719
43.47,228.334,232.703,230.5185
43.48,228.896,229.119,229.0075
43.49,229.766,233.539,231.6525
43.5,227.417,233.891,230.654
43.51,233.585,233.087,233.336
43.52,231.466,230.865,231.1655
43.53,231.213,232.111,231.662
43.54,234.427,233.629,234.028
43.55,231.515,231.642,231.5785
43.56,231.924,231.729,231.8265
43.57,232.191,230.571,231.381
43.58,232.388,231.285,231.8365
43.59,230.527,231.446,230.9865
43.6,232.178,233.259,232.7185
43.61,232.197,232.867,232.532
43.62,232.001,231.085,231.543
43.63,230.427,228.67,229.5485
43.64,235.233,230.502,232.8675
43.65,233.059,234.481,233.77
43.66,233.182,232.299,232.7405
43.67,233.491,229.942,231.7165
43.68,231.629,236.241,233.935
43.69,231.246,232.303,231.7745
43.7,232.134,229.256,230.695
43.71,230.408,231.181,230.7945
43.72,231.709,230.521,231.115
43.73,231.02,228.459,229.7395
43.74,229.798,231.104,230.451
43.75,231.602,229.511,230.5565
43.76,234,228.884,231.442
43.77,233.828,230.445,232.1365
43.78,230.902,231.833,231.3675
43.79,229.737,228.08,228.9085
43.8,230.201,232.522,231.3615
43.81,231.478,230.952,231.215
43.82,227.274,230.105,228.6895
43.83,234.747,228.658,231.7025
43.84,228.921,230.06,229.4905
43.85,226.064,228.551,227.3075
43.86,229.89,231.413,230.6515
43.87,228.459,233.117,230.788
43.88,229.052,230.511,229.7815
43.89,231.035,232.921,231.978
43.9,229.401,231.641,230.521
43.91,232.683,231.631,232.157
43.92,225.921,231.2,228.5605
43.93,227.416,237.121,232.2685
43.94,232.155,232.688,232.4215
43.95,230.496,231.597,231.0465
43.96,228.019,230.835,229.427
43.97,227.352,231.378,229.365
43.98,228.771,232.039,230.405
43.99,228.425,230.047,229.236
44,228.703,232.026,230.3645
44.01,230.809,234.593,232.701
44.02,226.262,227.684,226.973
44.03,227.352,233.308,230.33
44.04,230.101,232.017,231.059
44.05,230.181,233.481,231.831
44.06,229.554,234.192,231.873
44.07,224.615,231.147,227.881
44.08,226.813,228.773,227.793
44.09,227.648,232.229,229.9385
44.1,224.829,233.514,229.1715
44.11,228.674,231.958,230.316
44.12,228.725,231.129,229.927
44.13,231.143,228.307,229.725
44.14,228.145,230.679,229.412
44.15,229.419,229.97,229.6945
44.16,228.691,228.046,228.3685
44.17,229.258,229.941,229.5995
44.18,228.804,231.662,230.233
44.19,224.74,230.082,227.411
44.2,227.523,233.008,230.2655
44.21,231.727,229.475,230.601
44.22,228.609,228.071,228.34
44.23,229.669,229.62,229.6445
44.24,226.008,232.312,229.16
44.25,229.614,230.47,230.042
44.26,227.663,228.873,228.268
44.27,228.544,227.979,228.2615
44.28,226.848,230.578,228.713
44.29,229.881,231.018,230.4495
44.3,227.694,226.112,226.903
44.31,230.771,227.929,229.35
44.32,227.711,229.83,228.7705
44.33,231.303,226.119,228.711
44.34,228.515,223.923,226.219
44.35,230.436,225.387,227.9115
44.36,230.656,229.882,230.269
44.37,231.175,227.964,229.5695
44.38,230.178,230.745,230.4615
44.39,231.106,228.978,230.042
44.4,233.424,227.151,230.2875
44.41,230.64,229.903,230.2715
44.42,234.726,229.957,232.3415
44.43,233.266,230.142,231.704
44.44,231.665,233.27,232.4675
44.45,230.972,229.526,230.249
44.46,229.877,228.875,229.376
44.47,233.087,229.533,231.31
44.48,228.059,231.79,229.9245
44.49,228.848,229.911,229.3795
44.5,228.536,228.684,228.61
44.51,230.957,230.244,230.6005
44.52,228.55,229.507,229.0285
44.53,231.293,228.044,229.6685
44.54,228.378,227.574,227.976
44.55,235.015,227.701,231.358
44.56,232.077,230.448,231.2625
44.57,231.517,231.827,231.672
44.58,231.276,229.553,230.4145
44.59,229.498,227.548,228.523
44.6,228.781,227.009,227.895
44.61,226.111,228.456,227.2835
44.62,225.511,225.889,225.7
44.63,227.182,230.727,228.9545
44.64,229.307,230.583,229.945
44.65,226.99,230.421,228.7055
44.66,231.716,231.579,231.6475
44.67,227.149,228.945,228.047
44.68,230.183,231.772,230.9775
44.69,226.4,230.495,228.4475
44.7,230.864,231.263,231.0635
44.71,229.147,228.5,228.8235
44.72,228.638,232.489,230.5635
44.73,227.814,231.948,229.881
44.74,230.571,234.572,232.5715
44.75,230.715,230.312,230.5135
44.76,230.797,231.245,231.021
44.77,228.426,231.383,229.9045
44.78,230.327,231.477,230.902
44.79,230.356,231.331,230.8435
44.8,233.516,231.896,232.706
44.81,230.853,228.101,229.477
44.82,231.767,228.805,230.286
44.83,227.17,231.275,229.2225
44.84,227.055,231.202,229.1285
44.85,231.968,232.149,232.0585
44.86,230.91,235.019,232.9645
44.87,227.367,231.956,229.6615
44.88,226.451,231.787,229.119
44.89,228.438,235.34,231.889
44.9,227.866,234.54,231.203
44.91,230.008,232.895,231.4515
44.92,227.404,235.089,231.2465
44.93,225.772,236.791,231.2815
44.94,229.453,234.752,232.1025
44.95,228.575,235.703,232.139
44.96,228.413,236.547,232.48
44.97,228.795,234.361,231.578
44.98,229.498,233.333,231.4155
44.99,227.313,234.786,231.0495
45,229.583,235.474,232.5285
45.01,229.538,234.411,231.9745
45.02,226.032,235.161,230.5965
45.03,230.075,235.669,232.872
45.04,227.9,232.38,230.14
45.05,227.44,237,232.22
45.06,226.932,238.397,232.6645
45.07,227.419,234.154,230.7865
45.08,227.505,231.263,229.384
45.09,228.443,235.491,231.967
45.1,226.072,237.144,231.608
45.11,225.963,234.094,230.0285
45.12,224.325,231.536,227.9305
45.13,226.479,232.353,229.416
45.14,227.808,234.262,231.035
45.15,227.085,236.34,231.7125
45.16,227.775,239.284,233.5295
45.17,228.028,237.516,232.772
45.18,225.718,236.776,231.247
45.19,230.893,235.416,233.1545
45.2,230.298,232.357,231.3275
45.21,228.651,233.542,231.0965
45.22,225.305,232.973,229.139
45.23,225.806,235.698,230.752
45.24,226.11,236.252,231.181
45.25,228.012,235.959,231.9855
45.26,224.882,234.019,229.4505
45.27,227.938,232.869,230.4035
45.28,228.998,236.137,232.5675
45.29,229.489,233.829,231.659
45.3,227.883,233.412,230.6475
45.31,221.853,236.635,229.244
45.32,224.58,233.902,229.241
45.33,230.704,233.438,232.071
45.34,229.48,233.255,231.3675
45.35,226.412,238.655,232.5335
45.36,224.43,236.961,230.6955
45.37,227.513,237.361,232.437
45.38,227.527,234.584,231.0555
45.39,225.855,238.626,232.2405
45.4,227.35,233.562,230.456
45.41,226.107,232.923,229.515
45.42,227.786,235.092,231.439
45.43,226.823,233.952,230.3875
45.44,228.308,235.183,231.7455
45.45,230.494,234.357,232.4255
45.46,225.211,230.923,228.067
45.47,229.304,233.497,231.4005
45.48,226.425,236.502,231.4635
45.49,231.403,234.631,233.017
45.5,229.041,233.883,231.462
45.51,229.632,234.766,232.199
45.52,230.567,232.554,231.5605
45.53,228.691,232.745,230.718
45.54,226.465,233.442,229.9535
45.55,228.249,234.13,231.1895
45.56,229.502,234.218,231.86
45.57,226.029,232.598,229.3135
45.58,228.978,236.309,232.6435
45.59,229.221,233.478,231.3495
45.6,228.723,233.627,231.175
45.61,228.541,235.097,231.819
45.62,231.863,234.187,233.025
45.63,231.558,239.133,235.3455
45.64,233.205,238.937,236.071
45.65,226.862,238.875,232.8685
45.66,231.629,237.176,234.4025
45.67,229.688,236.019,232.8535
45.68,228.083,237.824,232.9535
45.69,227.696,235.15,231.423
45.7,231.347,237.65,234.4985
45.71,230.147,233.454,231.8005
45.72,234.129,234.024,234.0765
45.73,231.534,236.493,234.0135
45.74,231.024,232.258,231.641
45.75,227.768,232.468,230.118
45.76,227.593,232.772,230.1825
45.77,230.118,235.051,232.5845
45.78,229.455,233.609,231.532
45.79,227.817,235.027,231.422
45.8,229.369,236.741,233.055
45.81,224.254,237.34,230.797
45.82,226.512,231.444,228.978
45.83,226.199,234.508,230.3535
45.84,225.909,232.721,229.315
45.85,228.204,234.08,231.142
45.86,228.488,235.754,232.121
45.87,229.061,233.603,231.332
45.88,230.843,234.88,232.8615
45.89,230.445,234.089,232.267
45.9,231.402,233.799,232.6005
45.91,229.918,233.031,231.4745
45.92,230.8,236.491,233.6455
45.93,228.895,232.92,230.9075
45.94,228.005,234.842,231.4235
45.95,228.276,232.916,230.596
45.96,225.867,230.34,228.1035
45.97,227.823,235.936,231.8795
45.98,228.218,231.773,229.9955
45.99,227.452,236.914,232.183
46,226.917,236.965,231.941
46.01,229.257,233.814,231.5355
46.02,227.116,231.543,229.3295
46.03,225.789,230.023,227.906
46.04,228.244,232.002,230.123
46.05,228.921,233.462,231.1915
46.06,229.942,230.645,230.2935
46.07,230.264,229.063,229.6635
46.08,231.059,231.935,231.497
46.09,232.275,234.575,233.425
46.1,228.447,235.496,231.9715
46.11,227.83,235.708,231.769
46.12,228.891,237.351,233.121
46.13,226.747,233.571,230.159
46.14,228.427,234.217,231.322
46.15,224.588,230.898,227.743
46.16,230.036,237.277,233.6565
46.17,227.7,236.712,232.206
46.18,224.522,233.896,229.209
46.19,225.861,236.573,231.217
46.2,225.086,235.17,230.128
46.21,226.948,231.104,229.026
46.22,227.382,233.771,230.5765
46.23,227.575,231.068,229.3215
46.24,227.954,233.909,230.9315
46.25,229.585,235.706,232.6455
46.26,227.978,236.476,232.227
46.27,229.675,233.036,231.3555
46.28,226.69,234.723,230.7065
46.29,227.965,231.191,229.578
46.3,230.397,234.645,232.521
46.31,227.367,230.197,228.782
46.32,230.812,234.237,232.5245
46.33,230.389,235.836,233.1125
46.34,229.262,234.61,231.936
46.35,227.746,235.351,231.5485
46.36,227.373,237.39,232.3815
46.37,227.39,237.941,232.6655
46.38,225.328,237.747,231.5375
46.39,228.439,237.889,233.164
46.4,230.898,234.104,232.501
46.41,230.102,234.201,232.1515
46.42,229.443,233.967,231.705
46.43,231.58,236.161,233.8705
46.44,233.926,235.58,234.753
46.45,230.353,234.145,232.249
46.46,231.834,234.626,233.23
46.47,226.356,239.308,232.832
46.48,228.291,233.549,230.92
46.49,229.195,238.6,233.8975
46.5,231.963,237.566,234.7645
46.51,230.621,235.411,233.016
46.52,230.695,236.111,233.403
46.53,228.317,236.514,232.4155
46.54,232.325,237.006,234.6655
46.55,233.59,232.865,233.2275
46.56,227.236,235.474,231.355
46.57,231.866,239.518,235.692
46.58,231.22,233.53,232.375
46.59,229.553,236.549,233.051
46.6,227.67,237.012,232.341
46.61,229.481,233.52,231.5005
46.62,228.902,238.67,233.786
46.63,227.29,235.332,231.311
46.64,228.324,235.662,231.993
46.65,226.858,234.848,230.853
46.66,228.273,232.272,230.2725
46.67,227.016,235.332,231.174
46.68,225.968,234.429,230.1985
46.69,225.817,239.137,232.477
46.7,227.023,240.364,233.6935
46.71,231.34,237.716,234.528
46.72,229.798,237.625,233.7115
46.73,228.085,236.049,232.067
46.74,229.211,232.929,231.07
46.75,228.369,233.831,231.1
46.76,226.329,235.208,230.7685
46.77,233.566,234.7,234.133
46.78,227.812,237.126,232.469
46.79,230.8,236.404,233.602
46.8,231.081,236.661,233.871
46.81,235.024,234.702,234.863
46.82,230.367,232.404,231.3855
46.83,227.95,228.841,228.3955
46.84,233.66,234.348,234.004
46.85,225.324,234.176,229.75
46.86,230.493,233.752,232.1225
46.87,233.761,235.689,234.725
46.88,230.709,232.301,231.505
46.89,234.106,234.484,234.295
46.9,231.948,235.63,233.789
46.91,232.016,232.643,232.3295
46.92,232.507,233.921,233.214
46.93,234.312,231.965,233.1385
46.94,229.215,228.765,228.99
46.95,228.726,233.235,230.9805
46.96,229.277,234.819,232.048
46.97,232.643,231.639,232.141
46.98,231.861,235.309,233.585
46.99,235.168,235.928,235.548
47,230.355,232.417,231.386
47.01,230.612,233.589,232.1005
47.02,228.123,234.921,231.522
47.03,226.525,234.753,230.639
47.04,228.305,233.224,230.7645
47.05,227.893,233.941,230.917
47.06,227.203,236.818,232.0105
47.07,229.842,237.776,233.809
47.08,229.676,236.847,233.2615
47.09,231.063,233.335,232.199
47.1,231.889,233.818,232.8535
47.11,231.094,232.177,231.6355
47.12,231.117,229.618,230.3675
47.13,231.282,232.107,231.6945
47.14,228.79,228.559,228.6745
47.15,231.918,228.122,230.02
47.16,232.307,230.845,231.576
47.17,233.185,231.718,232.4515
47.18,235.054,231.009,233.0315
47.19,231.553,232.87,232.2115
47.2,235.549,231.412,233.4805
47.21,235.075,231.244,233.1595
47.22,233.397,231.586,232.4915
47.23,230.876,231.565,231.2205
47.24,230.664,229.233,229.9485
47.25,231.908,235.31,233.609
47.26,228.815,230.385,229.6
47.27,232.684,231.407,232.0455
47.28,233.032,228.827,230.9295
47.29,231.525,231.723,231.624
47.3,231.302,230.461,230.8815
47.31,229.971,228.973,229.472
47.32,230.849,233.878,232.3635
47.33,229.134,227.165,228.1495
47.34,230.752,234.66,232.706
47.35,226.358,230.559,228.4585
47.36,229.922,233.227,231.5745
47.37,232.377,228.472,230.4245
47.38,229.371,235.244,232.3075
47.39,229.999,229.36,229.6795
47.4,231.284,230.521,230.9025
47.41,230.248,232.412,231.33
47.42,228.181,231.887,230.034
47.43,227.295,230.089,228.692
47.44,229.052,228.751,228.9015
47.45,230.039,227.737,228.888
47.46,229.657,230.253,229.955
47.47,229.469,231.486,230.4775
47.48,232.168,230.434,231.301
47.49,228.883,232.141,230.512
47.5,228.061,232.118,230.0895
47.51,229.062,234.592,231.827
47.52,230.353,232.483,231.418
47.53,228.03,233.393,230.7115
47.54,233.571,231.578,232.5745
47.55,227.211,229.417,228.314
47.56,230.465,231.288,230.8765
47.57,229.95,233.105,231.5275
47.58,229.988,233.441,231.7145
47.59,227.862,232.283,230.0725
47.6,226.339,232.65,229.4945
47.61,225.619,234.506,230.0625
47.62,226.36,233.053,229.7065
47.63,228.71,230.893,229.8015
47.64,230.897,229.821,230.359
47.65,226.474,230.066,228.27
47.66,225.702,235.197,230.4495
47.67,224.527,233.685,229.106
47.68,227.536,229.373,228.4545
47.69,227.428,229.434,228.431
47.7,228.93,233.241,231.0855
47.71,231.701,232.817,232.259
47.72,229.625,232.944,231.2845
47.73,225.127,235.837,230.482
47.74,225.86,234.051,229.9555
47.75,226.316,233.197,229.7565
47.76,226.146,233.404,229.775
47.77,226.729,231.847,229.288
47.78,224.586,232.181,228.3835
47.79,227.599,233.946,230.7725
47.8,226.993,235.035,231.014
47.81,229.959,235.329,232.644
47.82,226.741,235.434,231.0875
47.83,230.703,238.148,234.4255
47.84,231.041,234.642,232.8415
47.85,230.973,235.57,233.2715
47.86,229.671,231.224,230.4475
47.87,229.619,238.441,234.03
47.88,226.187,238.153,232.17
47.89,228.141,233.686,230.9135
47.9,229.323,231.402,230.3625
47.91,233.606,234.348,233.977
47.92,230.285,234.976,232.6305
47.93,229.724,232.313,231.0185
47.94,229.841,234.932,232.3865
47.95,228.065,234.625,231.345
47.96,232.233,237.538,234.8855
47.97,227.81,235.555,231.6825
47.98,228.516,234.236,231.376
47.99,232.284,234.488,233.386
48,230.023,235.29,232.6565
48.01,232.351,228.36,230.3555
48.02,230.169,233.131,231.65
48.03,229.378,232.471,230.9245
48.04,230.111,233.311,231.711
48.05,229.447,232.44,230.9435
48.06,228.637,229.778,229.2075
48.07,229.894,227.403,228.6485
48.08,227.507,229.548,228.5275
48.09,227.586,229.17,228.378
48.1,227.128,231.388,229.258
48.11,225.64,226.895,226.2675
48.12,225.375,228.793,227.084
48.13,229.494,234.037,231.7655
48.14,224.12,230.209,227.1645
48.15,227.023,233.059,230.041
48.16,225.676,230.841,228.2585
48.17,228.883,232.449,230.666
48.18,229.513,230.394,229.9535
48.19,227.073,235.509,231.291
48.2,226.593,238.525,232.559
48.21,228.299,232.622,230.4605
48.22,227.748,233.815,230.7815
48.23,226.382,230.604,228.493
48.24,228.358,230.929,229.6435
48.25,225.762,233.243,229.5025
48.26,229.729,234.944,232.3365
48.27,228.41,232.329,230.3695
48.28,229.698,229.905,229.8015
48.29,229.016,227.762,228.389
48.3,225.698,227.687,226.6925
48.31,225.938,229.41,227.674
48.32,227.074,228.244,227.659
48.33,227.07,231.429,229.2495
48.34,228.744,228.677,228.7105
48.35,226.978,229.162,228.07
48.36,225.722,229.598,227.66
48.37,227.464,231.807,229.6355
48.38,228.906,229.033,228.9695
48.39,226.588,230.339,228.4635
48.4,228.345,234.773,231.559
48.41,229.776,235.485,232.6305
48.42,226.532,234.493,230.5125
48.43,226.017,232.686,229.3515
48.44,227.168,234.308,230.738
48.45,229.007,232.875,230.941
48.46,230.106,233.893,231.9995
48.47,231.419,232.879,232.149
48.48,226.9,230.461,228.6805
48.49,232.047,236.311,234.179
48.5,230.627,234.759,232.693
48.51,228.817,234.036,231.4265
48.52,229.676,232.149,230.9125
48.53,227.123,232.274,229.6985
48.54,228.956,232.892,230.924
48.55,229.465,234.846,232.1555
48.56,230.083,231.109,230.596
48.57,231.536,232.487,232.0115
48.58,232.106,234.546,233.326
48.59,229.926,232.666,231.296
48.6,234.357,230.548,232.4525
48.61,231.104,231.156,231.13
48.62,228.954,233.413,231.1835
48.63,233.25,234.427,233.8385
48.64,234.562,230.709,232.6355
48.65,229.906,232.645,231.2755
48.66,232.578,230.086,231.332
48.67,233.934,231.95,232.942
48.68,229.777,230.988,230.3825
48.69,232.098,233.59,232.844
48.7,232.593,231.884,232.2385
48.71,233.081,231.419,232.25
48.72,232.68,230.116,231.398
48.73,234.975,231.696,233.3355
48.74,230.283,231.924,231.1035
48.75,231.06,235.133,233.0965
48.76,233.809,228.078,230.9435
48.77,229.08,229.336,229.208
48.78,229.233,231.042,230.1375
48.79,228.713,229.755,229.234
48.8,230.266,233.326,231.796
48.81,230.271,230.007,230.139
48.82,230.423,234.382,232.4025
48.83,227.394,229.161,228.2775
48.84,229.171,228.426,228.7985
48.85,232.082,230.985,231.5335
48.86,233.41,227.351,230.3805
48.87,226.255,230.453,228.354
48.88,227.716,230.699,229.2075
48.89,230.346,232.25,231.298
48.9,229.808,228.634,229.221
48.91,228.554,230.163,229.3585
48.92,230.394,232.245,231.3195
48.93,230.486,228.391,229.4385
48.94,227.751,228.776,228.2635
48.95,231.189,233.79,232.4895
48.96,228.238,229.657,228.9475
48.97,229.159,226.617,227.888
48.98,232.144,230.553,231.3485
48.99,228.823,226.124,227.4735
49,230.217,230.033,230.125
49.01,231.315,229.612,230.4635
49.02,232.376,226.087,229.2315
49.03,233.502,228.823,231.1625
49.04,233.796,232.666,233.231
49.05,228.688,229.904,229.296
49.06,229.582,230.395,229.9885
49.07,231.659,229.111,230.385
49.08,232.646,227.981,230.3135
49.09,227.166,229.983,228.5745
49.1,235.361,228.944,232.1525
49.11,233.037,232.235,232.636
49.12,231.107,226.026,228.5665
49.13,233.961,226.916,230.4385
49.14,233.988,229.939,231.9635
49.15,231.313,232.84,232.0765
49.16,229.512,227.258,228.385
49.17,231.673,230.614,231.1435
49.18,230.702,231.427,231.0645
49.19,232.647,231.015,231.831
49.2,233,233.117,233.0585
49.21,232.228,229.593,230.9105
49.22,232.503,228.933,230.718
49.23,231.564,227.952,229.758
49.24,230.274,233.56,231.917
49.25,229.107,229.435,229.271
49.26,230.394,233.286,231.84
49.27,230.145,227.353,228.749
49.28,230.099,232.621,231.36
49.29,229.754,233.227,231.4905
49.3,228.82,233.244,231.032
49.31,230.8,231.758,231.279
49.32,229.056,230.791,229.9235
49.33,231.896,234.698,233.297
49.34,231.805,233.554,232.6795
49.35,230.493,233.192,231.8425
49.36,230.448,231.71,231.079
49.37,229.163,232.343,230.753
49.38,228.516,230.786,229.651
49.39,231.049,230.97,231.0095
49.4,232.004,233.49,232.747
49.41,228.751,232.935,230.843
49.42,229.591,229.753,229.672
49.43,231.697,229.742,230.7195
49.44,230.573,233.064,231.8185
49.45,227.598,230.528,229.063
49.46,229.021,228.909,228.965
49.47,228.118,233.044,230.581
49.48,229.395,232.039,230.717
49.49,230.496,231.518,231.007
49.5,230.496,232.167,231.3315
49.51,228.795,233.205,231
49.52,227.519,230.218,228.8685
49.53,225.241,229.251,227.246
49.54,226.247,233.434,229.8405
49.55,226.898,230.787,228.8425
49.56,229.047,232.29,230.6685
49.57,227.99,232.058,230.024
49.58,226.541,231.86,229.2005
49.59,228.59,237.293,232.9415
49.6,227.889,233.479,230.684
49.61,229.75,228.774,229.262
49.62,225.223,233.052,229.1375
49.63,232.857,231.47,232.1635
49.64,229.833,233.251,231.542
49.65,228.952,233.179,231.0655
49.66,230.268,232.454,231.361
49.67,230.457,231.148,230.8025
49.68,227.895,229.157,228.526
49.69,225.93,227.749,226.8395
49.7,229.916,230.336,230.126
49.71,226.935,232.385,229.66
49.72,230.176,231.455,230.8155
49.73,226.607,227.804,227.2055
49.74,227.47,230.275,228.8725
49.75,229.419,234.493,231.956
49.76,227.243,232.72,229.9815
49.77,225.698,230.98,228.339
49.78,227.304,229.026,228.165
49.79,227.114,231.874,229.494
49.8,226.621,233.119,229.87
49.81,231.148,230.514,230.831
49.82,229.943,232.222,231.0825
49.83,229.692,234.412,232.052
49.84,229.617,234.696,232.1565
49.85,232.509,233.936,233.2225
49.86,233.631,226.814,230.2225
49.87,233.115,227.987,230.551
49.88,229.866,231.39,230.628
49.89,228.029,231.555,229.792
49.9,233.289,231.741,232.515
49.91,232.934,229.053,230.9935
49.92,230.104,231.165,230.6345
49.93,232.907,232.482,232.6945
49.94,228.185,230.361,229.273
49.95,229.717,232.842,231.2795
49.96,226.718,225.942,226.33
49.97,228.773,227.36,228.0665
49.98,226.993,228.323,227.658
49.99,230.042,228.024,229.033
50,227.294,226.654,226.974
50.01,226.95,230.972,228.961
50.02,231.705,227.966,229.8355
50.03,228.796,227.554,228.175
50.04,228.605,230.452,229.5285
50.05,226.588,230.237,228.4125
50.06,231.092,232.113,231.6025
50.07,227.743,230.309,229.026
50.08,226.83,231.965,229.3975
50.09,228.063,226.479,227.271
50.1,226.737,224.879,225.808
50.11,225.245,229.696,227.4705
50.12,226.869,226.769,226.819
50.13,228.217,231.381,229.799
50.14,229.393,225.681,227.537
50.15,230.158,229.124,229.641
50.16,231.4,229.672,230.536
50.17,229.296,225.522,227.409
50.18,230.771,226.014,228.3925
50.19,231.193,228.603,229.898
50.2,233.165,228.819,230.992
50.21,229.87,228.845,229.3575
50.22,231.929,229.032,230.4805
50.23,229.038,228.849,228.9435
50.24,231.927,228.966,230.4465
50.25,230.261,230.361,230.311
50.26,234.838,230.234,232.536
50.27,234.672,228.83,231.751
50.28,233.315,227.398,230.3565
50.29,232.791,227.767,230.279
50.3,235.698,228.141,231.9195
50.31,226.753,231.162,228.9575
50.32,231.426,230.482,230.954
50.33,232.095,227.874,229.9845
50.34,231.553,231.255,231.404
50.35,231.039,230.789,230.914
50.36,233.623,229.551,231.587
50.37,229.076,231.979,230.5275
50.38,231.348,228.965,230.1565
50.39,233.312,229.417,231.3645
50.4,230.489,227.64,229.0645
50.41,233.932,232.4,233.166
50.42,231.868,229.407,230.6375
50.43,234.962,229.512,232.237
50.44,233.928,230.524,232.226
50.45,230.66,229.458,230.059
50.46,230.508,225.932,228.22
50.47,234.39,229.458,231.924
50.48,233.083,229.508,231.2955
50.49,233.746,232.165,232.9555
50.5,235.233,228.55,231.8915
50.51,233.898,229.15,231.524
50.52,237.796,230.351,234.0735
50.53,235.068,233.981,234.5245
50.54,233.71,227.63,230.67
50.55,232.335,232.956,232.6455
50.56,234.603,231.409,233.006
50.57,230.983,231.918,231.4505
50.58,230.584,231.278,230.931
50.59,231.76,234.105,232.9325
50.6,232.148,232.798,232.473
50.61,229.062,231.703,230.3825
50.62,230.156,231.456,230.806
50.63,234.251,232.358,233.3045
50.64,231.1,236.209,233.6545
50.65,232.219,228.391,230.305
50.66,233.471,229.009,231.24
50.67,231.576,233.338,232.457
50.68,230.13,229.808,229.969
50.69,230.72,231.936,231.328
50.7,232.092,232.987,232.5395
50.71,230.277,232.861,231.569
50.72,232.778,231.782,232.28
50.73,233.794,229.088,231.441
50.74,229.237,233.083,231.16
50.75,233.277,232.331,232.804
50.76,231.631,230.818,231.2245
50.77,230.168,233.574,231.871
50.78,231.438,230.514,230.976
50.79,229.256,229.358,229.307
50.8,231.678,231.061,231.3695
50.81,229.841,232.876,231.3585
50.82,234.581,232.685,233.633
50.83,234.88,234.162,234.521
50.84,231.731,230.835,231.283
50.85,231.129,231.109,231.119
50.86,234.193,234.497,234.345
50.87,231.409,231.749,231.579
50.88,229.06,233.751,231.4055
50.89,233.908,231.903,232.9055
50.9,229.238,233.904,231.571
50.91,231.443,232.351,231.897
50.92,232.429,231.009,231.719
50.93,233.553,230.688,232.1205
50.94,229.545,230.387,229.966
50.95,234.111,231.043,232.577
50.96,230.995,231.757,231.376
50.97,233.209,233.287,233.248
50.98,228.938,229.595,229.2665
50.99,231.062,230.062,230.562
51,227.333,230.353,228.843
51.01,226.459,231.689,229.074
51.02,228.283,230.031,229.157
51.03,227.833,233.499,230.666
51.04,227.632,230.628,229.13
51.05,228.337,233.004,230.6705
51.06,232.219,232.408,232.3135
51.07,229.735,231.356,230.5455
51.08,227.334,233.666,230.5
51.09,233.299,232.564,232.9315
51.1,230.668,229.984,230.326
51.11,230.316,230.905,230.6105
51.12,231.153,230.454,230.8035
51.13,230.41,233.774,232.092
51.14,231.786,231.248,231.517
51.15,232.182,231.051,231.6165
51.16,227.254,231.071,229.1625
51.17,228.911,231.84,230.3755
51.18,229.257,233.426,231.3415
51.19,230.957,226.981,228.969
51.2,228.169,231.654,229.9115
51.21,226.677,232.097,229.387
51.22,227.46,228.774,228.117
51.23,230.668,228.125,229.3965
51.24,229.045,227.263,228.154
51.25,229.307,228.347,228.827
51.26,230.427,228.844,229.6355
51.27,227.417,228.619,228.018
51.28,228.012,231.834,229.923
51.29,226.983,230.305,228.644
51.3,224.902,229.604,227.253
51.31,229.361,231.142,230.2515
51.32,229.887,231.431,230.659
51.33,226.34,226.435,226.3875
51.34,230.49,229.214,229.852
51.35,228.388,232.761,230.5745
51.36,227.247,230.861,229.054
51.37,227.082,230.37,228.726
51.38,226.648,232.929,229.7885
51.39,224.095,229.568,226.8315
51.4,226.342,228.373,227.3575
51.41,225.422,231.243,228.3325
51.42,227.05,230.305,228.6775
51.43,227.411,230.836,229.1235
51.44,227.657,231.595,229.626
51.45,222.41,229.334,225.872
51.46,228.825,228.197,228.511
51.47,227.523,229.54,228.5315
51.48,226.162,231.495,228.8285
51.49,225.111,235.362,230.2365
51.5,228.344,229.581,228.9625
51.51,226.634,228.037,227.3355
51.52,227.888,232.86,230.374
51.53,228.741,228.94,228.8405
51.54,229.916,227.499,228.7075
51.55,225.827,227.685,226.756
51.56,228.913,228.523,228.718
51.57,226.207,227.421,226.814
51.58,230.965,228.364,229.6645
51.59,230.966,229.493,230.2295
51.6,229.054,229.862,229.458
51.61,230.431,231.856,231.1435
51.62,229.422,230.228,229.825
51.63,231.284,230.263,230.7735
51.64,233.305,234.236,233.7705
51.65,232.466,234.099,233.2825
51.66,229.902,231.845,230.8735
51.67,230.97,233.068,232.019
51.68,232.965,227.77,230.3675
51.69,232.901,231.142,232.0215
51.7,232.908,228.779,230.8435
51.71,226.756,232.172,229.464
51.72,230.579,227.874,229.2265
51.73,232.179,230.487,231.333
51.74,229.341,231.201,230.271
51.75,231.339,232.113,231.726
51.76,230.215,231.878,231.0465
51.77,226.955,231.065,229.01
51.78,228.249,227.007,227.628
51.79,227.828,230.458,229.143
51.8,228.961,226.442,227.7015
51.81,227.297,230.045,228.671
51.82,229.921,228.385,229.153
51.83,231.448,229.759,230.6035
51.84,231.454,230.565,231.0095
51.85,234.417,229.296,231.8565
51.86,227.366,232.012,229.689
51.87,227.541,230.969,229.255
51.88,230.666,229.792,230.229
51.89,230.198,233.754,231.976
51.9,228.535,231.042,229.7885
51.91,233.419,228.777,231.098
51.92,229.056,226.448,227.752
51.93,230.547,231.207,230.877
51.94,228.186,233.482,230.834
51.95,225.854,231.772,228.813
51.96,225.392,231.642,228.517
51.97,231.492,232.003,231.7475
51.98,229.462,228.976,229.219
51.99,231.648,231.465,231.5565
52,229.958,231.167,230.5625
52.01,228.251,230.918,229.5845
52.02,229.263,234.925,232.094
52.03,231.358,230.04,230.699
52.04,232.981,233.652,233.3165
52.05,227.67,227.028,227.349
52.06,227.43,229.83,228.63
52.07,231.072,231.368,231.22
52.08,229.296,231.099,230.1975
52.09,226.632,229.238,227.935
52.1,229.074,228.945,229.0095
52.11,229.535,230.745,230.14
52.12,227.819,229.592,228.7055
52.13,229.828,231.217,230.5225
52.14,231.148,228.571,229.8595
52.15,232.821,227.424,230.1225
52.16,231.735,232.894,232.3145
52.17,234.745,228.91,231.8275
52.18,230.145,230.365,230.255
52.19,233.638,229.374,231.506
52.2,229.541,231.906,230.7235
52.21,232.736,230.494,231.615
52.22,227.918,235.384,231.651
52.23,230.522,231.083,230.8025
52.24,229.686,229.387,229.5365
52.25,227.529,231.327,229.428
52.26,228.612,231.14,229.876
52.27,228.798,232.932,230.865
52.28,225.036,229.336,227.186
52.29,229.346,229.327,229.3365
52.3,228.509,231.178,229.8435
52.31,230.222,226.796,228.509
52.32,228.708,228.953,228.8305
52.33,230.94,227.017,228.9785
52.34,224.508,230.578,227.543
52.35,229.347,228.936,229.1415
52.36,229.646,228.913,229.2795
52.37,229.621,226.624,228.1225
52.38,228.146,228.135,228.1405
52.39,229.402,228.569,228.9855
52.4,226.643,226.905,226.774
52.41,226.438,228.983,227.7105
52.42,226.736,227.531,227.1335
52.43,228.794,226.31,227.552
52.44,229.216,229.209,229.2125
52.45,227.825,226.482,227.1535
52.46,228.06,229.224,228.642
52.47,227.516,229.819,228.6675
52.48,228.314,228.298,228.306
52.49,227.44,228.406,227.923
52.5,227.447,228.204,227.8255
52.51,226.854,229.09,227.972
52.52,226.559,228.361,227.46
52.53,228.962,229.192,229.077
52.54,223.155,233.193,228.174
52.55,232.035,227.664,229.8495
52.56,228.463,230.768,229.6155
52.57,230.645,227.516,229.0805
52.58,228.739,227.56,228.1495
52.59,230.993,231.557,231.275
52.6,230.646,227.815,229.2305
52.61,232.588,227.02,229.804
52.62,232.764,229.232,230.998
52.63,230.672,227.086,228.879
52.64,231.512,225.848,228.68
52.65,229.483,226.803,228.143
52.66,227.84,227.527,227.6835
52.67,229.562,228.133,228.8475
52.68,230.71,224.777,227.7435
52.69,228.825,227.459,228.142
52.7,229.821,226.173,227.997
52.71,228.721,230.755,229.738
52.72,231.681,229.138,230.4095
52.73,229.714,231.673,230.6935
52.74,230.6,226.557,228.5785
52.75,231.254,226.639,228.9465
52.76,230.09,222.559,226.3245
52.77,232.168,226.523,229.3455
52.78,230.835,227.926,229.3805
52.79,226.763,227.217,226.99
52.8,227.444,228.037,227.7405
52.81,228.893,223.943,226.418
52.82,230.839,228.345,229.592
52.83,227.743,230.655,229.199
52.84,228.944,231.093,230.0185
52.85,229.545,227.285,228.415
52.86,230.025,229.122,229.5735
52.87,229.273,229.755,229.514
52.88,225.759,230.493,228.126
52.89,225.775,227.588,226.6815
52.9,227.377,228.892,228.1345
52.91,226.639,228.129,227.384
52.92,227.362,226.734,227.048
52.93,226.084,225.43,225.757
52.94,228.023,229.326,228.6745
52.95,229.571,226.215,227.893
52.96,227.56,225.539,226.5495
52.97,226.373,224.658,225.5155
52.98,225.642,232.021,228.8315
52.99,226.619,225.263,225.941
53,227.067,224.327,225.697
53.01,227.359,225.786,226.5725
53.02,225.218,226.999,226.1085
53.03,231.474,227.599,229.5365
53.04,230.77,224.96,227.865
53.05,230.199,226.707,228.453
53.06,229.292,224.655,226.9735
53.07,233.041,223.303,228.172
53.08,224.932,223.643,224.2875
53.09,228.955,223.305,226.13
53.1,228.178,223.89,226.034
53.11,228.974,226.184,227.579
53.12,223.332,227.303,225.3175
53.13,229.729,223.083,226.406
53.14,231.135,222.894,227.0145
53.15,228.966,221.003,224.9845
53.16,231.751,223.29,227.5205
53.17,226.359,225.195,225.777
53.18,229.898,223.877,226.8875
53.19,229.745,223.495,226.62
53.2,227.873,224.393,226.133
53.21,230.312,222.662,226.487
53.22,225.77,226.123,225.9465
53.23,229.544,225.008,227.276
53.24,228.177,225.032,226.6045
53.25,228.422,226.372,227.397
53.26,230.943,225.238,228.0905
53.27,230.259,226.647,228.453
53.28,234.275,223.199,228.737
53.29,233.164,221.882,227.523
53.3,227.383,224.355,225.869
53.31,230.024,226.057,228.0405
53.32,229.664,221.823,225.7435
53.33,227.678,223.774,225.726
53.34,228.668,222.615,225.6415
53.35,227.836,224.629,226.2325
53.36,225.467,221.81,223.6385
53.37,226.383,226.2,226.2915
53.38,224.907,222.722,223.8145
53.39,229.742,222.726,226.234
53.4,228.119,224.551,226.335
53.41,231.243,226.574,228.9085
53.42,229.113,225.324,227.2185
53.43,226.227,229.433,227.83
53.44,231.022,225.702,228.362
53.45,232.104,230.382,231.243
53.46,226.28,227.775,227.0275
53.47,229.124,227.462,228.293
53.48,227.537,224.731,226.134
53.49,232.128,227.558,229.843
53.5,228.573,228.887,228.73
53.51,229.66,226.37,228.015
53.52,226.069,225.317,225.693
53.53,225.626,225.685,225.6555
53.54,228.32,225.023,226.6715
53.55,226.213,225.683,225.948
53.56,225.492,222.484,223.988
53.57,228.279,226.795,227.537
53.58,226.674,226.496,226.585
53.59,228.176,225.489,226.8325
53.6,227.457,223.919,225.688
53.61,223.26,226.105,224.6825
53.62,223.802,224.305,224.0535
53.63,226.173,225.941,226.057
53.64,225.184,223.573,224.3785
53.65,226.112,228.818,227.465
53.66,224.904,223.943,224.4235
53.67,224.829,225.766,225.2975
53.68,228.293,230.598,229.4455
53.69,228.36,225.447,226.9035
53.7,229.596,223.69,226.643
53.71,230.339,227.61,228.9745
53.72,230.428,226.859,228.6435
53.73,227.741,226.337,227.039
53.74,231.485,227.232,229.3585
53.75,227.607,223.073,225.34
53.76,228.308,225.096,226.702
53.77,234.64,227.211,230.9255
53.78,229.615,227.954,228.7845
53.79,231.078,225.476,228.277
53.8,232.9,228.14,230.52
53.81,230.67,228.461,229.5655
53.82,234.85,227.467,231.1585
53.83,231.605,226.001,228.803
53.84,231.061,226.695,228.878
53.85,230.668,228.024,229.346
53.86,226.944,223.478,225.211
53.87,229.544,227.373,228.4585
53.88,227.007,223.42,225.2135
53.89,228.534,227.504,228.019
53.9,232.572,229.983,231.2775
53.91,229.81,226.064,227.937
53.92,230.968,227.194,229.081
53.93,230.084,223.471,226.7775
53.94,229.168,228.962,229.065
53.95,227.261,227.036,227.1485
53.96,228.66,229.254,228.957
53.97,228.24,222.518,225.379
53.98,228.872,223.587,226.2295
53.99,227.699,226.108,226.9035
54,227.629,225.281,226.455
54.01,228.776,226.508,227.642
54.02,228.806,226.387,227.5965
54.03,228.721,227.819,228.27
54.04,225.193,228.405,226.799
54.05,226.199,228.517,227.358
54.06,228.209,226.802,227.5055
54.07,227.921,227.18,227.5505
54.08,227.079,227.305,227.192
54.09,229.688,226.257,227.9725
54.1,231.959,224.963,228.461
54.11,225.907,227.886,226.8965
54.12,228.912,224.833,226.8725
54.13,225.487,228.952,227.2195
54.14,232.3,230.035,231.1675
54.15,234.212,229.504,231.858
54.16,230.245,227.564,228.9045
54.17,232.94,223.867,228.4035
54.18,228.855,229.918,229.3865
54.19,230.311,225.198,227.7545
54.2,231.877,225.498,228.6875
54.21,231.08,227.739,229.4095
54.22,226.379,224.724,225.5515
54.23,232.018,223.075,227.5465
54.24,233.814,228.899,231.3565
54.25,230.411,225.692,228.0515
54.26,230.523,226.384,228.4535
54.27,228.398,224.145,226.2715
54.28,227.986,224.112,226.049
54.29,227.695,220.772,224.2335
54.3,233.575,220.321,226.948
54.31,230.639,222.36,226.4995
54.32,231.933,222.403,227.168
54.33,229.536,223.256,226.396
54.34,227.167,226.77,226.9685
54.35,228.081,226.062,227.0715
54.36,224.124,223.295,223.7095
54.37,227.654,225.167,226.4105
54.38,227.637,223.271,225.454
54.39,227.48,221.866,224.673
54.4,227.042,225.891,226.4665
54.41,229.274,225.742,227.508
54.42,226.981,227.184,227.0825
54.43,227.493,225.055,226.274
54.44,229.795,226.747,228.271
54.45,228.54,225.878,227.209
54.46,229.08,226.021,227.5505
54.47,228.172,222.912,225.542
54.48,229.182,225.054,227.118
54.49,230.877,225.836,228.3565
54.5,228.269,225.429,226.849
54.51,225.267,228.896,227.0815
54.52,228.079,227.244,227.6615
54.53,226.241,230.133,228.187
54.54,228.927,225.523,227.225
54.55,230.459,228.6,229.5295
54.56,229.448,224.96,227.204
54.57,232.559,224.496,228.5275
54.58,227.876,225.65,226.763
54.59,230.457,223.239,226.848
54.6,230.05,225.947,227.9985
54.61,227.713,226.401,227.057
54.62,226.198,224.098,225.148
54.63,225.913,223.624,224.7685
54.64,224.811,228.015,226.413
54.65,226.564,225.901,226.2325
54.66,229.047,229.036,229.0415
54.67,229.819,224.022,226.9205
54.68,230.099,222.848,226.4735
54.69,230.418,223.499,226.9585
54.7,226.469,226.017,226.243
54.71,225.452,221.873,223.6625
54.72,230.994,223.4,227.197
54.73,231.744,224.807,228.2755
54.74,230.942,224.054,227.498
54.75,227.981,227.034,227.5075
54.76,229.226,221.222,225.224
54.77,227.292,224.524,225.908
54.78,228.843,224.009,226.426
54.79,227.616,223.833,225.7245
54.8,227.866,221.99,224.928
54.81,230.159,221.988,226.0735
54.82,228.967,225.293,227.13
54.83,231.318,220.909,226.1135
54.84,230.556,222.245,226.4005
54.85,230.678,220.766,225.722
54.86,231.176,221.726,226.451
54.87,231.063,225.141,228.102
54.88,230.422,223.154,226.788
54.89,233.267,220.664,226.9655
54.9,230.78,221.993,226.3865
54.91,230.197,224.062,227.1295
54.92,231.591,222.681,227.136
54.93,225.81,221.935,223.8725
54.94,229.607,222.097,225.852
54.95,227.07,222.596,224.833
54.96,229.01,224.922,226.966
54.97,232.503,222.506,227.5045
54.98,230.333,226.004,228.1685
54.99,226.649,223.151,224.9
55,227.567,222.514,225.0405
55.01,229.033,223.201,226.117
55.02,232.582,225.393,228.9875
55.03,234.718,223.718,229.218
55.04,230.117,224.304,227.2105
55.05,232.034,222.632,227.333
55.06,232.481,225.285,228.883
55.07,232.318,225.372,228.845
55.08,228.527,224.022,226.2745
55.09,232.468,225.008,228.738
55.1,232.647,222.651,227.649
55.11,231.302,222.164,226.733
55.12,233.272,225.17,229.221
55.13,232.296,221.909,227.1025
55.14,229.782,226.382,228.082
55.15,231.345,221.139,226.242
55.16,229.879,223.64,226.7595
55.17,228.589,225.087,226.838
55.18,227.623,224.912,226.2675
55.19,233.642,225.005,229.3235
55.2,232.556,220.802,226.679
55.21,229.756,223.731,226.7435
55.22,234.268,224.109,229.1885
55.23,232.629,223.888,228.2585
55.24,231.44,227.265,229.3525
55.25,234.348,226.3,230.324
55.26,236.437,228.554,232.4955
55.27,233.021,223.668,228.3445
55.28,231.472,224.176,227.824
55.29,232.984,225.812,229.398
55.3,235.785,223.84,229.8125
55.31,235.776,221.862,228.819
55.32,233.723,224.357,229.04
55.33,236.808,220.605,228.7065
55.34,233.876,224.555,229.2155
55.35,235.077,224.984,230.0305
55.36,233.023,226.854,229.9385
55.37,233.545,223.244,228.3945
55.38,233.262,224.512,228.887
55.39,232.454,224.206,228.33
55.4,234.89,221.576,228.233
55.41,230.749,222.879,226.814
55.42,229.67,224.004,226.837
55.43,233.593,225.69,229.6415
55.44,233.935,220.5,227.2175
55.45,235.447,224.096,229.7715
55.46,233.408,223.775,228.5915
55.47,233.229,221.673,227.451
55.48,234.666,221.25,227.958
55.49,233.542,223.145,228.3435
55.5,232.66,225.537,229.0985
55.51,229.451,223.637,226.544
55.52,231.163,227.457,229.31
55.53,233.664,222.422,228.043
55.54,232.492,223.754,228.123
55.55,234.639,224.286,229.4625
55.56,234.74,220.039,227.3895
55.57,227.34,225.402,226.371
55.58,230.931,223.93,227.4305
55.59,230.398,223.887,227.1425
55.6,232.106,222.561,227.3335
55.61,232.094,225.899,228.9965
55.62,235.605,224.321,229.963
55.63,236.332,224.902,230.617
55.64,232.243,224.433,228.338
55.65,234.788,225.808,230.298
55.66,234.944,228.259,231.6015
55.67,237.363,224,230.6815
55.68,233.761,221.513,227.637
55.69,231.726,224.149,227.9375
55.7,232.279,219.986,226.1325
55.71,235.139,225.725,230.432
55.72,236.425,222.602,229.5135
55.73,233.875,221.577,227.726
55.74,233.603,221.976,227.7895
55.75,232.909,224.324,228.6165
55.76,230.825,223.437,227.131
55.77,235.76,219.205,227.4825
55.78,231.368,224.321,227.8445
55.79,233.952,226.434,230.193
55.8,231.744,221.315,226.5295
55.81,228.671,228.819,228.745
55.82,230.343,224.649,227.496
55.83,231.428,223.913,227.6705
55.84,234.501,220.477,227.489
55.85,233.585,225.32,229.4525
55.86,234.485,221.193,227.839
55.87,233.631,224.097,228.864
55.88,233.856,224.318,229.087
55.89,231.304,221.304,226.304
55.9,231.101,221.632,226.3665
55.91,233.638,221.605,227.6215
55.92,231.057,227.552,229.3045
55.93,227.585,222.984,225.2845
55.94,231.967,225.84,228.9035
55.95,230.714,222.453,226.5835
55.96,231.43,223.529,227.4795
55.97,232.658,221.591,227.1245
55.98,228.328,220.11,224.219
55.99,227.924,223.353,225.6385
56,229.916,223.174,226.545
56.01,228.92,223.778,226.349
56.02,231.403,221.186,226.2945
56.03,233.729,221.993,227.861
56.04,233.075,224.514,228.7945
56.05,230.678,223.686,227.182
56.06,232.058,225.095,228.5765
56.07,228.404,225.061,226.7325
56.08,232.103,224.278,228.1905
56.09,231.886,226.853,229.3695
56.1,229.16,224.995,227.0775
56.11,230.111,225.125,227.618
56.12,231.048,225.359,228.2035
56.13,230.175,224.958,227.5665
56.14,229.53,224.181,226.8555
56.15,233.295,223.5,228.3975
56.16,229.256,226.668,227.962
56.17,226.685,222.84,224.7625
56.18,230.281,223.679,226.98
56.19,228.51,222.367,225.4385
56.2,232.471,223.971,228.221
56.21,229.989,223.227,226.608
56.22,228.552,225.578,227.065
56.23,232.026,226.057,229.0415
56.24,230.691,225.107,227.899
56.25,228.973,223.981,226.477
56.26,230.062,223.291,226.6765
56.27,232.476,219.916,226.196
56.28,233.509,223.049,228.279
56.29,231.016,223.019,227.0175
56.3,234.52,224.003,229.2615
56.31,230.665,225.905,228.285
56.32,230.719,228.149,229.434
56.33,230.778,225.574,228.176
56.34,228.921,222.039,225.48
56.35,231.689,224.585,228.137
56.36,233.811,221.591,227.701
56.37,231.453,223.796,227.6245
56.38,229.247,226.576,227.9115
56.39,227.667,225.341,226.504
56.4,232.714,224.31,228.512
56.41,231.369,226.475,228.922
56.42,229.598,228.449,229.0235
56.43,229.324,225.766,227.545
56.44,230.511,225.776,228.1435
56.45,228.385,225.742,227.0635
56.46,227.881,221.987,224.934
56.47,228.504,223.273,225.8885
56.48,231.85,225.921,228.8855
56.49,232.619,224.454,228.5365
56.5,230.99,222.923,226.9565
56.51,229.469,223.666,226.5675
56.52,229.261,225.334,227.2975
56.53,227.002,225.611,226.3065
56.54,230.77,222.66,226.715
56.55,229.504,224.19,226.847
56.56,228.535,220.308,224.4215
56.57,229.42,221.94,225.68
56.58,227.111,226.969,227.04
56.59,227.686,221.433,224.5595
56.6,231.264,221.273,226.2685
56.61,230.901,221.395,226.148
56.62,228.623,223.284,225.9535
56.63,230.794,220.556,225.675
56.64,231.48,224.513,227.9965
56.65,232.204,219.945,226.0745
56.66,231.224,224.65,227.937
56.67,229.192,221.678,225.435
56.68,229.672,220.798,225.235
56.69,230.065,221.832,225.9485
56.7,230.057,220.131,225.094
56.71,232.158,220.721,226.4395
56.72,231.447,219.499,225.473
56.73,230.982,219.114,225.048
56.74,229.74,220.042,224.891
56.75,229.854,220.675,225.2645
56.76,233.184,217.187,225.1855
56.77,226.098,219.703,222.9005
56.78,230.172,221.402,225.787
56.79,227.762,220.447,224.1045
56.8,231.571,220.948,226.2595
56.81,230.734,220.037,225.3855
56.82,227.671,222.891,225.281
56.83,233.222,224.114,228.668
56.84,227.641,221.626,224.6335
56.85,231.744,222.549,227.1465
56.86,228.774,218.531,223.6525
56.87,228.318,222.389,225.3535
56.88,225.154,219.291,222.2225
56.89,228.442,219.128,223.785
56.9,225.814,222.427,224.1205
56.91,230.061,222.513,226.287
56.92,228.819,225.284,227.0515
56.93,228.898,220.002,224.45
56.94,228.396,222.801,225.5985
56.95,229.045,222.786,225.9155
56.96,230.908,222.285,226.5965
56.97,234.262,221.864,228.063
56.98,234.141,221.738,227.9395
56.99,231.704,220.638,226.171
57,227.927,223.078,225.5025
57.01,229.691,220.215,224.953
57.02,230.785,221.928,226.3565
57.03,226.076,220.156,223.116
57.04,231.277,220.779,226.028
57.05,229.465,222.396,225.9305
57.06,229.798,221.905,225.8515
57.07,227.146,222.484,224.815
57.08,228.39,220.844,224.617
57.09,229.046,220.649,224.8475
57.1,229.313,221.246,225.2795
57.11,230.4,219.747,225.0735
57.12,229.152,219.207,224.1795
57.13,229.939,219.289,224.614
57.14,229.299,224.699,226.999
57.15,228.931,224,226.4655
57.16,226.692,222.374,224.533
57.17,228.02,222.611,225.3155
57.18,227.703,221.097,224.4
57.19,224.838,222.661,223.7495
57.2,228.684,224.387,226.5355
57.21,229.715,225.64,227.6775
57.22,229.175,223.412,226.2935
57.23,228.748,222.987,225.8675
57.24,228.039,220.474,224.2565
57.25,228.756,223.423,226.0895
57.26,228.354,222.483,225.4185
57.27,231.004,226.048,228.526
57.28,232.361,225.647,229.004
57.29,230.967,220.941,225.954
57.3,228.815,223.634,226.2245
57.31,226.371,222.117,224.244
57.32,230.711,218.477,224.594
57.33,228.307,223.254,225.7805
57.34,230.842,221.025,225.9335
57.35,229.365,222.803,226.084
57.36,230.136,220.008,225.072
57.37,228.08,222.661,225.3705
57.38,230.458,221.213,225.8355
57.39,230.281,222.365,226.323
57.4,227.719,219.206,223.4625
57.41,232.261,222.272,227.2665
57.42,227.923,228.183,228.053
57.43,231.588,226.352,228.97
57.44,230.025,223.266,226.6455
57.45,229.363,225.696,227.5295
57.46,228.528,225.069,226.7985
57.47,228.941,224.603,226.772
57.48,229.124,227.564,228.344
57.49,231.085,223.917,227.501
57.5,228.224,222.282,225.253
57.51,228.804,224.147,226.4755
57.52,225.726,226.815,226.2705
57.53,226.288,224.94,225.614
57.54,223.76,226.083,224.9215
57.55,226.275,222.508,224.3915
57.56,229.228,225.106,227.167
57.57,228.51,223.55,226.03
57.58,228.889,225.213,227.051
57.59,229.142,224.43,226.786
57.6,227.86,222.838,225.349
57.61,228.325,225.152,226.7385
57.62,228.641,221.749,225.195
57.63,227.208,225.786,226.497
57.64,225.962,224.989,225.4755
57.65,224.828,227.154,225.991
57.66,226.039,222.522,224.2805
57.67,220.651,226.411,223.531
57.68,225.745,224.858,225.3015
57.69,227.755,227.162,227.4585
57.7,223.131,227.158,225.1445
57.71,226.984,227.485,227.2345
57.72,230.989,224.693,227.841
57.73,229.809,223.509,226.659
57.74,229.011,221.327,225.169
57.75,227.02,221.727,224.3735
57.76,229.997,227.23,228.6135
57.77,223.859,227.341,225.6
57.78,225.443,224.835,225.139
57.79,224.987,221.795,223.391
57.8,225.584,225.362,225.473
57.81,227.96,223.863,225.9115
57.82,228.168,231.029,229.5985
57.83,224.928,228.537,226.7325
57.84,225.283,227.413,226.348
57.85,225.481,229.123,227.302
57.86,226.581,227.819,227.2
57.87,226.515,226.529,226.522
57.88,227.853,226.215,227.034
57.89,224.928,226.129,225.5285
57.9,226.354,228.797,227.5755
57.91,226.795,230.199,228.497
57.92,223.841,230.122,226.9815
57.93,225.234,230.215,227.7245
57.94,223.738,224.189,223.9635
57.95,226.063,225.663,225.863
57.96,224.654,231.596,228.125
57.97,223.458,227.19,225.324
57.98,226.035,226.302,226.1685
57.99,228.296,226.207,227.2515
58,225.598,227.594,226.596
58.01,229.061,226.196,227.6285
58.02,225.338,227.482,226.41
58.03,224.592,225.706,225.149
58.04,226.883,226.243,226.563
58.05,228.147,226.551,227.349
58.06,227.575,228.391,227.983
58.07,225.399,225.444,225.4215
58.08,230.198,223.967,227.0825
58.09,229.673,226.921,228.297
58.1,228.785,227.472,228.1285
58.11,230.505,226.57,228.5375
58.12,228.163,227.814,227.9885
58.13,226.429,228.848,227.6385
58.14,226.735,225.109,225.922
58.15,233.687,228.028,230.8575
58.16,232.128,223.717,227.9225
58.17,231.719,227.207,229.463
58.18,230.165,226.203,228.184
58.19,232.088,228.298,230.193
58.2,231.34,225.677,228.5085
58.21,227.537,227.997,227.767
58.22,232.483,226.797,229.64
58.23,230.853,227.13,228.9915
58.24,230.304,228.574,229.439
58.25,230.835,227.264,229.0495
58.26,233.617,225.249,229.433
58.27,232.031,224.44,228.2355
58.28,233.125,221.37,227.2475
58.29,232.604,224.66,228.632
58.3,232.094,225.554,228.824
58.31,232.753,227.174,229.9635
58.32,232.427,227.986,230.2065
58.33,235.055,232.844,233.9495
58.34,233.645,228.56,231.1025
58.35,229.625,227.642,228.6335
58.36,231.293,225.207,228.25
58.37,232.719,224.623,228.671
58.38,235.224,227.677,231.4505
58.39,231.226,222.398,226.812
58.4,227.752,222.742,225.247
58.41,227.764,224.259,226.0115
58.42,230.747,221.912,226.3295
58.43,231.693,227.104,229.3985
58.44,234.139,223.199,228.669
58.45,235.041,226.583,230.812
58.46,234.045,231.715,232.88
58.47,230.512,230.85,230.681
58.48,230.031,228.374,229.2025
58.49,229.192,224.568,226.88
58.5,230.012,227.394,228.703
58.51,229.013,227.218,228.1155
58.52,228.024,226.082,227.053
58.53,233.13,222.498,227.814
58.54,224.753,224.562,224.6575
58.55,225.034,223.902,224.468
58.56,222.746,228.557,225.6515
58.57,230.469,226.716,228.5925
58.58,228.033,225.236,226.6345
58.59,230.305,225.432,227.8685
58.6,227.827,224.316,226.0715
58.61,231.545,224.856,228.2005
58.62,230.329,223.699,227.014
58.63,232.081,223.414,227.7475
58.64,230.394,224.705,227.5495
58.65,232.297,224.955,228.626
58.66,230.243,222.155,226.199
58.67,230.8,224.678,227.739
58.68,230.801,225.376,228.0885
58.69,233.094,225.104,229.099
58.7,232.452,224.458,228.455
58.71,232.27,227.605,229.9375
58.72,229.85,228.778,229.314
58.73,232.384,226.922,229.653
58.74,228.734,228.263,228.4985
58.75,226.821,228.091,227.456
58.76,227.007,232.076,229.5415
58.77,231.969,229.016,230.4925
58.78,227.865,229.512,228.6885
58.79,227.648,227.057,227.3525
58.8,226.772,226.409,226.5905
58.81,231.486,224.502,227.994
58.82,230.126,226.966,228.546
58.83,228.783,226.275,227.529
58.84,228.236,225.272,226.754
58.85,225.825,224.988,225.4065
58.86,229.012,225.106,227.059
58.87,228.935,224.698,226.8165
58.88,228.156,222.698,225.427
58.89,230.447,224.903,227.675
58.9,231.7,224.581,228.1405
58.91,232.249,229.126,230.6875
58.92,229.647,226.101,227.874
58.93,229.936,225.58,227.758
58.94,230.284,226.077,228.1805
58.95,231.485,225.257,228.371
58.96,230.932,224.785,227.8585
58.97,227.821,225.59,226.7055
58.98,229.477,224.902,227.1895
58.99,226.657,223.095,224.876
59,231.504,224.312,227.908
59.01,227.042,224.829,225.9355
59.02,229.579,221.139,225.359
59.03,229.346,226.377,227.8615
59.04,229.678,225.378,227.528
59.05,228.936,225.839,227.3875
59.06,229.314,224.717,227.0155
59.07,230.794,224.193,227.4935
59.08,226.252,227.542,226.897
59.09,227.971,224.634,226.3025
59.1,228.272,224.54,226.406
59.11,233.013,227.518,230.2655
59.12,230.98,223.95,227.465
59.13,230.588,230.57,230.579
59.14,228.76,225.469,227.1145
59.15,232.233,226.878,229.5555
59.16,229.044,224.252,226.648
59.17,234.484,224.327,229.4055
59.18,231.254,227.409,229.3315
59.19,233.096,223.161,228.1285
59.2,231.705,223.555,227.63
59.21,231.85,224.108,227.979
59.22,234.201,222.088,228.1445
59.23,228.823,223.839,226.331
59.24,232.482,226.301,229.3915
59.25,233.975,227.474,230.7245
59.26,232.932,226.216,229.574
59.27,231.723,224.18,227.9515
59.28,230.899,223.472,227.1855
59.29,231.054,226.283,228.6685
59.3,231.961,229.636,230.7985
59.31,231.11,225.507,228.3085
59.32,231.567,227.255,229.411
59.33,231.102,223.988,227.545
59.34,230.738,227.954,229.346
59.35,230.575,225.722,228.1485
59.36,234.076,227.261,230.6685
59.37,229.017,225.643,227.33
59.38,231.868,228.774,230.321
59.39,231.267,223.036,227.1515
59.4,230.908,227.566,229.237
59.41,230.95,224.059,227.5045
59.42,230.925,220.066,225.4955
59.43,231.921,229.281,230.601
59.44,228.883,224.921,226.902
59.45,229.839,226.701,228.27
59.46,231.207,228.649,229.928
59.47,229.222,225.585,227.4035
59.48,227.471,225.745,226.608
59.49,230.799,226.519,228.659
59.5,233.314,229.438,231.376
59.51,229.703,225.686,227.6945
59.52,231.089,224.636,227.8625
59.53,229.605,227.999,228.802
59.54,229.932,224.799,227.3655
59.55,228.076,227.237,227.6565
59.56,227.887,226.184,227.0355
59.57,229.675,225.742,227.7085
59.58,226.804,226.839,226.8215
59.59,226.811,224.315,225.563
59.6,227.406,224.593,225.9995
59.61,227.079,224.142,225.6105
59.62,227.83,224.186,226.008
59.63,228.436,223.553,225.9945
59.64,231.3,222.675,226.9875
59.65,231.325,225.922,228.6235
59.66,229.239,223.771,226.505
59.67,231.106,226.158,228.632
59.68,225.469,224.282,224.8755
59.69,225.438,224.233,224.8355
59.7,226.396,224.934,225.665
59.71,227.451,225.075,226.263
59.72,228.422,218.958,223.69
59.73,221.974,219.879,220.9265
59.74,230.199,224.08,227.1395
59.75,226.722,223.53,225.126
59.76,224.624,224.329,224.4765
59.77,226.671,226.642,226.6565
59.78,223.094,226.112,224.603
59.79,226.929,227.059,226.994
59.8,227.332,229.699,228.5155
59.81,228.866,226.411,227.6385
59.82,228.144,228.93,228.537
59.83,227.038,231.875,229.4565
59.84,226.925,230.775,228.85
59.85,224.821,230.215,227.518
59.86,226.68,229.128,227.904
59.87,228.029,228.13,228.0795
59.88,228.419,233.046,230.7325
59.89,228.927,229.772,229.3495
59.9,229.34,228.476,228.908
59.91,226.37,225.43,225.9
59.92,227.807,228.832,228.3195
59.93,227.558,226.173,226.8655
59.94,228.762,228.588,228.675
59.95,228.67,226.294,227.482
59.96,231.272,228.608,229.94
59.97,225.991,223.099,224.545
59.98,228.358,223.089,225.7235
59.99,233.248,224.726,228.987
60,232.081,224.486,228.2835
60.01,227.408,226.773,227.0905
60.02,232.462,223.592,228.027
60.03,228.572,224.486,226.529
60.04,228.602,221.94,225.271
60.05,230.181,222.648,226.4145
60.06,232.311,222.947,227.629
60.07,232.959,224.771,228.865
60.08,232.863,221.524,227.1935
60.09,233.639,222.025,227.832
60.1,231.793,220.969,226.381
60.11,230.468,225.839,228.1535
60.12,228.043,223.55,225.7965
60.13,225.588,224.805,225.1965
60.14,230.316,223.381,226.8485
60.15,231.312,223.574,227.443
60.16,230.524,223.769,227.1465
60.17,227.788,221.808,224.798
60.18,229.635,225.337,227.486
60.19,231.127,225.228,228.1775
60.2,229.567,223.945,226.756
60.21,227.182,227.634,227.408
60.22,225.852,227.4,226.626
60.23,229.24,223.402,226.321
60.24,234.511,225.65,230.0805
60.25,228.107,227.294,227.7005
60.26,228.467,225.472,226.9695
60.27,225.952,222.29,224.121
60.28,229.487,221.715,225.601
60.29,223.646,222.818,223.232
60.3,226.987,226.951,226.969
60.31,223.401,229.814,226.6075
60.32,224.387,223.987,224.187
60.33,227.631,227.525,227.578
60.34,226.3,224.789,225.5445
60.35,228.409,225.551,226.98
60.36,225.219,222.832,224.0255
60.37,226.33,226.56,226.445
60.38,225.482,224.801,225.1415
60.39,227.107,226.016,226.5615
60.4,227.855,220.95,224.4025
60.41,228.547,226.038,227.2925
60.42,227.167,226.152,226.6595
60.43,227.75,223.557,225.6535
60.44,227.778,223.418,225.598
60.45,226.413,222.368,224.3905
60.46,229.187,223.093,226.14
60.47,229.741,221.973,225.857
60.48,227.679,223.171,225.425
60.49,229.271,225.612,227.4415
60.5,228.504,225.54,227.022
60.51,229.425,222.99,226.2075
60.52,226.229,220.341,223.285
60.53,226.328,223.089,224.7085
60.54,227.952,221.212,224.582
60.55,224.02,220.045,222.0325
60.56,230.471,225.787,228.129
60.57,226.099,224.65,225.3745
60.58,224.838,225.676,225.257
60.59,228.696,226.092,227.394
60.6,227.854,220.712,224.283
60.61,229.446,224.792,227.119
60.62,230.132,225.514,227.823
60.63,231.147,222.769,226.958
60.64,230.725,226.084,228.4045
60.65,232.168,223.155,227.6615
60.66,229.482,226.552,228.017
60.67,228.616,227.588,228.102
60.68,226.906,227.751,227.3285
60.69,224.77,224.364,224.567
60.7,227.775,227.971,227.873
60.71,228.34,226.662,227.501
60.72,225.243,227.517,226.38
60.73,224.383,221.577,222.98
60.74,223.804,227.406,225.605
60.75,229.968,222.973,226.4705
60.76,229.978,225.082,227.53
60.77,231.071,223.879,227.475
60.78,229.734,224.699,227.2165
60.79,227.869,225.258,226.5635
60.8,229.316,223.647,226.4815
60.81,226.339,225.08,225.7095
60.82,228.878,222.563,225.7205
60.83,228.092,221.845,224.9685
60.84,226.87,222.125,224.4975
60.85,227.039,225.361,226.2
60.86,231.406,225.517,228.4615
60.87,229.87,221.413,225.6415
60.88,229.693,225.904,227.7985
60.89,228.436,224.071,226.2535
60.9,228.899,223.611,226.255
60.91,228.71,225.222,226.966
60.92,225.21,223.48,224.345
60.93,224.792,225.297,225.0445
60.94,225.423,224.888,225.1555
60.95,224.684,228.295,226.4895
60.96,227.26,226.232,226.746
60.97,226.309,224.608,225.4585
60.98,223.018,224.771,223.8945
60.99,226.775,224.163,225.469
61,229.167,227.912,228.5395
61.01,228.152,224.479,226.3155
61.02,227.435,226.642,227.0385
61.03,225.866,225.811,225.8385
61.04,227.407,224.932,226.1695
61.05,229.038,224.608,226.823
61.06,228.462,226.464,227.463
61.07,225.962,224.944,225.453
61.08,227.114,226.949,227.0315
61.09,230.111,228.683,229.397
61.1,228.532,225.389,226.9605
61.11,226.505,226.076,226.2905
61.12,227.204,225.785,226.4945
61.13,227.38,227.278,227.329
61.14,225.182,224.544,224.863
61.15,225.765,226.704,226.2345
61.16,226.523,226.358,226.4405
61.17,227.617,226.106,226.8615
61.18,229.208,226.538,227.873
61.19,229.856,226.921,228.3885
61.2,228.081,218.639,223.36
61.21,229.651,224.932,227.2915
61.22,225.168,223.58,224.374
61.23,226.717,226.076,226.3965
61.24,225.157,226.604,225.8805
61.25,225.884,224.495,225.1895
61.26,229.551,221.873,225.712
61.27,229.007,222.935,225.971
61.28,227.25,224.371,225.8105
61.29,227.097,225.232,226.1645
61.3,226.951,225.49,226.2205
61.31,226.415,221.26,223.8375
61.32,225.464,222.606,224.035
61.33,227.698,227.082,227.39
61.34,228.615,223.731,226.173
61.35,231.219,222.496,226.8575
61.36,226.844,224.181,225.5125
61.37,232.218,226.382,229.3
61.38,227.29,223.267,225.2785
61.39,227.025,223.75,225.3875
61.4,230.361,221.28,225.8205
61.41,227.405,221.394,224.3995
61.42,226.41,215.762,221.086
61.43,228.919,220.608,224.7635
61.44,226.385,224.094,225.2395
61.45,225.282,224.402,224.842
61.46,227.252,222.352,224.802
61.47,228.123,221.811,224.967
61.48,228.31,220.384,224.347
61.49,229.583,221.871,225.727
61.5,227.861,223.927,225.894
61.51,230.52,225.755,228.1375
61.52,228.946,226.387,227.6665
61.53,229.059,226.919,227.989
61.54,228.122,222.866,225.494
61.55,228.02,226.061,227.0405
61.56,229.719,223.84,226.7795
61.57,233.483,222.46,227.9715
61.58,231.16,225.28,228.22
61.59,234.4,226.734,230.567
61.6,230.733,224.743,227.738
61.61,234.251,225.733,229.992
61.62,228.464,226.97,227.717
61.63,231.138,227.761,229.4495
61.64,233.403,225.097,229.25
61.65,230.76,221.855,226.3075
61.66,229.106,225.713,227.4095
61.67,230.857,226.363,228.61
61.68,228.859,223.701,226.28
61.69,227.716,223.997,225.8565
61.7,231.046,225.389,228.2175
61.71,228.864,222.625,225.7445
61.72,228.769,223.561,226.165
61.73,230.403,225.998,228.2005
61.74,224.505,222.783,223.644
61.75,227.905,226.627,227.266
61.76,226.095,225.639,225.867
61.77,231.541,226.319,228.93
61.78,232.266,224.69,228.478
61.79,230.382,226.064,228.223
61.8,229.825,231.105,230.465
61.81,230.187,226.588,228.3875
61.82,230.242,226.21,228.226
61.83,227.82,226.882,227.351
61.84,230.266,226.104,228.185
61.85,230.955,230.769,230.862
61.86,233.608,225.961,229.7845
61.87,230.096,225.507,227.8015
61.88,227.745,225.988,226.8665
61.89,229.755,224.747,227.251
61.9,229.621,230.048,229.8345
61.91,229.699,228.675,229.187
61.92,226.865,228.654,227.7595
61.93,230.386,226.132,228.259
61.94,228.133,227.495,227.814
61.95,231.316,224.12,227.718
61.96,230.746,231.037,230.8915
61.97,229.33,225.176,227.253
61.98,230.425,230.657,230.541
61.99,226.236,228.521,227.3785
62,229.91,229.552,229.731
62.01,229.131,227.882,228.5065
62.02,225.644,229.922,227.783
62.03,227.471,228.517,227.994
62.04,229.847,226.715,228.281
62.05,229.614,224.556,227.085
62.06,232.479,227.122,229.8005
62.07,231.161,227.08,229.1205
62.08,228.802,226.952,227.877
62.09,230.195,225.956,228.0755
62.1,229.997,228.666,229.3315
62.11,228.763,228.131,228.447
62.12,230.685,226.758,228.7215
62.13,228.505,225.744,227.1245
62.14,229.856,227.764,228.81
62.15,230.876,227.331,229.1035
62.16,229.185,230.031,229.608
62.17,227.469,225.991,226.73
62.18,226.338,228.413,227.3755
62.19,229.562,231.158,230.36
62.2,228.958,226.175,227.5665
62.21,226.275,228.147,227.211
62.22,225.523,229.473,227.498
62.23,225.901,226.252,226.0765
62.24,227.055,228.615,227.835
62.25,226.867,229.741,228.304
62.26,226.558,226.215,226.3865
62.27,223.191,226.195,224.693
62.28,223.2,227.483,225.3415
62.29,230.754,228.453,229.6035
62.3,228.31,225.609,226.9595
62.31,228.709,228.299,228.504
62.32,227.727,226.843,227.285
62.33,226.515,227.11,226.8125
62.34,229.653,225.927,227.79
62.35,226.31,223.917,225.1135
62.36,228.067,223.324,225.6955
62.37,229.136,228.248,228.692
62.38,228.466,226.367,227.4165
62.39,226.09,226.775,226.4325
62.4,226.224,221.252,223.738
62.41,225.108,224.005,224.5565
62.42,230.319,223.329,226.824
62.43,226.821,227.219,227.02
62.44,228.817,222.761,225.789
62.45,227.205,228.157,227.681
62.46,229.001,221.946,225.4735
62.47,227.09,226.233,226.6615
62.48,227.225,222.054,224.6395
62.49,229.62,222.99,226.305
62.5,226.961,220.447,223.704
62.51,227.838,225.701,226.7695
62.52,226.702,228.66,227.681
62.53,226.306,225.881,226.0935
62.54,226.912,226.582,226.747
62.55,223.149,224.354,223.7515
62.56,223.512,226.776,225.144
62.57,228.604,224.066,226.335
62.58,227.883,225.658,226.7705
62.59,229.079,224.822,226.9505
62.6,226.87,229.982,228.426
62.61,226.211,226.451,226.331
62.62,227.831,224.812,226.3215
62.63,229.673,226.483,228.078
62.64,230.24,225.125,227.6825
62.65,227.486,228.234,227.86
62.66,227.65,225.009,226.3295
62.67,230.032,227.411,228.7215
62.68,231.012,224.853,227.9325
62.69,225.398,227.334,226.366
62.7,229.331,222.614,225.9725
62.71,231.226,226.247,228.7365
62.72,230.162,224.326,227.244
62.73,228.742,224.105,226.4235
62.74,227.689,225.827,226.758
62.75,229.109,224.772,226.9405
62.76,225.866,227.509,226.6875
62.77,232.462,220.932,226.697
62.78,231.229,225.533,228.381
62.79,227.124,222.875,224.9995
62.8,228.835,227.536,228.1855
62.81,227.541,222.687,225.114
62.82,226.778,226.501,226.6395
62.83,226.646,224.4,225.523
62.84,225.758,223.737,224.7475
62.85,226.146,227.542,226.844
62.86,227.84,225.815,226.8275
62.87,229.343,225.864,227.6035
62.88,228.333,224.463,226.398
62.89,227.196,224.928,226.062
62.9,229.379,218.525,223.952
62.91,230.571,225.564,228.0675
62.92,229.474,220.635,225.0545
62.93,227.928,220.392,224.16
62.94,228.898,222.065,225.4815
62.95,228.807,223.889,226.348
62.96,227.34,222.769,225.0545
62.97,233.185,224.455,228.82
62.98,233.01,226.094,229.552
62.99,230.639,225.743,228.191
63,228.229,225.92,227.0745
63.01,230.889,223.231,227.06
63.02,232.974,223.058,228.016
63.03,228.741,226.079,227.41
63.04,230.787,224.923,227.855
63.05,233.112,228.467,230.7895
63.06,230.412,229.684,230.048
63.07,230.047,228.127,229.087
63.08,227.908,230.051,228.9795
63.09,228.856,228.29,228.573
63.1,228.549,227.662,228.1055
63.11,227.981,228.508,228.2445
63.12,227.246,228.875,228.0605
63.13,229.633,225.405,227.519
63.14,229.596,229,229.298
63.15,228.579,230.066,229.3225
63.16,228.897,228.746,228.8215
63.17,227.604,222.076,224.84
63.18,226.785,226.91,226.8475
63.19,227.998,224.268,226.133
63.2,226.294,223.867,225.0805
63.21,232.242,223.974,228.108
63.22,225.573,226.276,225.9245
63.23,231.147,231.075,231.111
63.24,228.536,227.901,228.2185
63.25,230.537,226.332,228.4345
63.26,231.795,224.527,228.161
63.27,234.645,224.199,229.422
63.28,231.82,225.305,228.5625
63.29,229.941,226.207,228.074
63.3,231.909,224.636,228.2725
63.31,229.513,222.316,225.9145
63.32,230.678,221.259,225.9685
63.33,225.367,223.241,224.304
63.34,226.16,225.536,225.848
63.35,227.911,224.976,226.4435
63.36,226.909,223.71,225.3095
63.37,226.665,224.369,225.517
63.38,223.67,223.476,223.573
63.39,227.449,225.981,226.715
63.4,232.339,225.975,229.157
63.41,226.336,224.337,225.3365
63.42,226.741,222.429,224.585
63.43,225.349,222.451,223.9
63.44,229.721,224.057,226.889
63.45,225.979,219.274,222.6265
63.46,229.205,222.466,225.8355
63.47,224.861,223.984,224.4225
63.48,225.497,224.24,224.8685
63.49,229.776,225.701,227.7385
63.5,231.344,222.135,226.7395
63.51,227.723,222.052,224.8875
63.52,227.557,222.31,224.9335
63.53,225.94,221.093,223.5165
63.54,225.003,225.182,225.0925
63.55,227.872,223.122,225.497
63.56,230.164,222.911,226.5375
63.57,226.563,224.221,225.392
63.58,224.296,220.948,222.622
63.59,226.221,225.022,225.6215
63.6,225.622,221.641,223.6315
63.61,227.696,220.687,224.1915
63.62,226.476,223.172,224.824
63.63,225.586,223.273,224.4295
63.64,228.851,224.744,226.7975
63.65,223.941,227.567,225.754
63.66,225.782,225.639,225.7105
63.67,225.446,223.066,224.256
63.68,230.745,224.249,227.497
63.69,227.876,224.728,226.302
63.7,233.615,224.553,229.084
63.71,231.771,223.83,227.8005
63.72,228.226,224.433,226.3295
63.73,230.127,219.394,224.7605
63.74,227.196,223.966,225.581
63.75,229.703,223.794,226.7485
63.76,228.4,221.051,224.7255
63.77,228.888,222.257,225.5725
63.78,227.79,225.104,226.447
63.79,227.602,221.716,224.659
63.8,226.804,224.634,225.719
63.81,225.898,223.726,224.812
63.82,230.333,224.618,227.4755
63.83,230.429,223.594,227.0115
63.84,227.98,227.583,227.7815
63.85,230.847,227.285,229.066
63.86,229.665,224.625,227.145
63.87,226.191,226.413,226.302
63.88,227.945,224.142,226.0435
63.89,229.71,225.503,227.6065
63.9,227.864,226.927,227.3955
63.91,230.849,227.359,229.104
63.92,229.427,228.858,229.1425
63.93,228.613,227.801,228.207
63.94,229.931,228.368,229.1495
63.95,227.149,228.213,227.681
63.96,224.802,225.994,225.398
63.97,227.637,227.314,227.4755
63.98,227.767,226.427,227.097
63.99,229.115,225.154,227.1345
64,226.781,226.44,226.6105
64.01,226.834,222.954,224.894
64.02,226.631,229.038,227.8345
64.03,225.345,224.941,225.143
64.04,229.676,225.057,227.3665
64.05,223.569,226.121,224.845
64.06,227.412,225.731,226.5715
64.07,225.408,226.057,225.7325
64.08,223.138,225.03,224.084
64.09,225.263,222.427,223.845
64.1,222.523,223.513,223.018
64.11,223.975,227.149,225.562
64.12,226.092,224.89,225.491
64.13,227.163,223.208,225.1855
64.14,227.256,223.805,225.5305
64.15,226.213,225.419,225.816
64.16,224.907,224.333,224.62
64.17,224.751,223.778,224.2645
64.18,224.548,227.533,226.0405
64.19,228.579,226.522,227.5505
64.2,230.419,227.7,229.0595
64.21,227.241,225.159,226.2
64.22,224.062,226.37,225.216
64.23,226.62,229.458,228.039
64.24,226.344,224.967,225.6555
64.25,226.618,224.742,225.68
64.26,232.236,224.734,228.485
64.27,229.604,224.144,226.874
64.28,228.529,227.953,228.241
64.29,228.892,226.921,227.9065
64.3,233.856,228.044,230.95
64.31,229.166,226.22,227.693
64.32,228.909,225.711,227.31
64.33,227.984,224.65,226.317
64.34,229.295,224.668,226.9815
64.35,229.337,225.88,227.6085
64.36,230.339,227.294,228.8165
64.37,224.607,225.576,225.0915
64.38,229.069,224.331,226.7
64.39,228.455,225.923,227.189
64.4,230.748,225.033,227.8905
64.41,228.265,223.669,225.967
64.42,226.787,226.396,226.5915
64.43,228.362,227.907,228.1345
64.44,230.087,225.783,227.935
64.45,226.454,225.601,226.0275
64.46,226.825,227.862,227.3435
64.47,229.269,228.009,228.639
64.48,229.821,233.918,231.8695
64.49,232.932,231.787,232.3595
64.5,227.265,230.148,228.7065
64.51,229.539,228.823,229.181
64.52,229.51,229.177,229.3435
64.53,226.189,229.273,227.731
64.54,229.492,231.582,230.537
64.55,233.153,229.885,231.519
64.56,228.133,230.127,229.13
64.57,226.474,228.34,227.407
64.58,230.096,230.892,230.494
64.59,230.014,226.103,228.0585
64.6,227.345,223.605,225.475
64.61,226.99,225.012,226.001
64.62,233.923,225.833,229.878
64.63,227.694,224.449,226.0715
64.64,227.915,224.052,225.9835
64.65,226.692,227.879,227.2855
64.66,227.227,225.82,226.5235
64.67,227.43,225.768,226.599
64.68,233.276,227.632,230.454
64.69,231.692,228.406,230.049
64.7,233.761,228.78,231.2705
64.71,230.338,225.805,228.0715
64.72,233.046,229.871,231.4585
64.73,229.885,226.635,228.26
64.74,234.972,229.595,232.2835
64.75,232.123,231.448,231.7855
64.76,233.825,228.202,231.0135
64.77,228.727,227.373,228.05
64.78,230.852,228.144,229.498
64.79,227.876,227.364,227.62
64.8,227.966,228.844,228.405
64.81,227.286,225.313,226.2995
64.82,230.912,224.706,227.809
64.83,229.227,227.753,228.49
64.84,233.402,227.311,230.3565
64.85,228.384,225.722,227.053
64.86,226.86,223.884,225.372
64.87,228.251,227.743,227.997
64.88,228.651,224.494,226.5725
64.89,230.731,223.548,227.1395
64.9,230.625,228.661,229.643
64.91,226.201,227.023,226.612
64.92,228.124,226.375,227.2495
64.93,227.321,227.982,227.6515
64.94,226.922,226.77,226.846
64.95,228.589,224.416,226.5025
64.96,228.851,228.284,228.5675
64.97,225.526,222.536,224.031
64.98,225.807,228.57,227.1885
64.99,226.294,226.876,226.585
65,227.313,228.145,227.729
65.01,225.546,226.076,225.811
65.02,224.51,227.372,225.941
65.03,227.97,228.786,228.378
65.04,224.192,227.494,225.843
65.05,223.645,228.739,226.192
65.06,223.937,230.242,227.0895
65.07,224.442,227.442,225.942
65.08,224.226,231.852,228.039
65.09,224.471,228.608,226.5395
65.1,225.187,227.345,226.266
65.11,224.006,231.262,227.634
65.12,225.375,231.736,228.5555
65.13,224.458,229.267,226.8625
65.14,227.171,230.991,229.081
65.15,224.427,234.407,229.417
65.16,227.81,231.969,229.8895
65.17,225.437,230.381,227.909
65.18,225.343,230.48,227.9115
65.19,225.163,232.967,229.065
65.2,226.035,229.216,227.6255
65.21,223.535,229.732,226.6335
65.22,229.536,226.477,228.0065
65.23,224.85,229.748,227.299
65.24,224.772,231.633,228.2025
65.25,226.679,230.075,228.377
65.26,229.459,227.162,228.3105
65.27,224.106,226.574,225.34
65.28,227.195,227.659,227.427
65.29,225.736,227.971,226.8535
65.3,227.717,233.086,230.4015
65.31,228.519,228.087,228.303
65.32,227.558,229.213,228.3855
65.33,227.216,226.866,227.041
65.34,227.754,229.26,228.507
65.35,226.079,230.833,228.456
65.36,226.202,225.682,225.942
65.37,225.277,229.392,227.3345
65.38,228.438,230.018,229.228
65.39,226.194,230.15,228.172
65.4,226.757,228.983,227.87
65.41,224.005,227.912,225.9585
65.42,226.395,227.982,227.1885
65.43,226.114,227.392,226.753
65.44,225.91,228.846,227.378
65.45,222.877,228.326,225.6015
65.46,227.077,225.644,226.3605
65.47,226.357,226.185,226.271
65.48,225.249,226.356,225.8025
65.49,225.132,229.512,227.322
65.5,225.703,228.834,227.2685
65.51,226.663,226.32,226.4915
65.52,227.116,224.069,225.5925
65.53,224.729,223.512,224.1205
65.54,230.053,222.387,226.22
65.55,229.79,225.344,227.567
65.56,222.956,225.099,224.0275
65.57,226.705,225.672,226.1885
65.58,224.923,225.276,225.0995
65.59,224.484,222.343,223.4135
65.6,227.794,226.714,227.254
65.61,227.308,222.935,225.1215
65.62,225.561,223.438,224.4995
65.63,229.081,226.31,227.6955
65.64,227.249,223.772,225.5105
65.65,227.643,221.09,224.3665
65.66,227.102,221.873,224.4875
65.67,227.93,226.694,227.312
65.68,226.844,223.93,225.387
65.69,228.349,222.732,225.5405
65.7,227.76,222.585,225.1725
65.71,229.587,222.8,226.1935
65.72,227.494,224.51,226.002
65.73,224.82,221.656,223.238
65.74,224.845,224.253,224.549
65.75,225.618,221.888,223.753
65.76,226.578,221.271,223.9245
65.77,226.76,222.294,224.527
65.78,228.951,223.348,226.1495
65.79,224.4,222.123,223.2615
65.8,226.661,224.412,225.5365
65.81,228.152,221.732,224.942
65.82,225.902,221.081,223.4915
65.83,225.708,223.329,224.5185
65.84,226.657,225.288,225.9725
65.85,224.954,220.999,222.9765
65.86,225.805,221.989,223.897
65.87,224.451,220.627,222.539
65.88,225.724,223.091,224.4075
65.89,228.539,224.251,226.395
65.9,228.003,228.322,228.1625
65.91,224.648,222.475,223.5615
65.92,227.638,225.213,226.4255
65.93,225.473,222.451,223.962
65.94,226.157,222.975,224.566
65.95,228.14,226.53,227.335
65.96,226.871,226.983,226.927
65.97,228.175,224.25,226.2125
65.98,228.255,223.619,225.937
65.99,226.22,220.647,223.4335
66,226.268,220.797,223.5325
66.01,226.907,221.514,224.2105
66.02,223.879,217.791,220.835
66.03,224.006,219.505,221.7555
66.04,224.954,223.404,224.179
66.05,223.68,225.246,224.463
66.06,225.919,224.252,225.0855
66.07,227.224,225.719,226.4715
66.08,224.681,226.029,225.355
66.09,228.369,221.487,224.928
66.1,226.649,223.652,225.1505
66.11,227.113,223.464,225.2885
66.12,226.721,223.772,225.2465
66.13,221.823,223.831,222.827
66.14,222.917,224.951,223.934
66.15,227.309,226.981,227.145
66.16,226.866,226.396,226.631
66.17,229.977,222.563,226.27
66.18,225.68,222.514,224.097
66.19,230.505,225.031,227.768
66.2,224.272,224.606,224.439
66.21,228.793,227.555,228.174
66.22,224.523,224.304,224.4135
66.23,225.285,222.73,224.0075
66.24,223.882,228.186,226.034
66.25,226.562,228.164,227.363
66.26,225,224.78,224.89
66.27,228.312,229.597,228.9545
66.28,224.79,230.629,227.7095
66.29,224.651,230.253,227.452
66.3,228.683,228.417,228.55
66.31,227.462,227.364,227.413
66.32,226.013,229.145,227.579
66.33,227.714,230.642,229.178
66.34,227.39,227.554,227.472
66.35,224.972,224.439,224.7055
66.36,226.851,227.428,227.1395
66.37,225.662,226.803,226.2325
66.38,228.855,225.851,227.353
66.39,224.952,226.7,225.826
66.4,228.524,231.472,229.998
66.41,226.103,226.025,226.064
66.42,228.886,229.298,229.092
66.43,228.154,229.344,228.749
66.44,225.203,226.623,225.913
66.45,231.029,226.806,228.9175
66.46,228.462,229.627,229.0445
66.47,228.506,231.261,229.8835
66.48,227.021,228.968,227.9945
66.49,230.424,225.226,227.825
66.5,227.296,229.382,228.339
66.51,228.185,229.652,228.9185
66.52,229.602,229.129,229.3655
66.53,227.145,229.748,228.4465
66.54,229.773,223.065,226.419
66.55,229.259,225.439,227.349
66.56,228.406,228.241,228.3235
66.57,229.938,226.109,228.0235
66.58,227.394,224.815,226.1045
66.59,226.558,228.726,227.642
66.6,222.969,228.094,225.5315
66.61,221.826,226.238,224.032
66.62,222.515,230.251,226.383
66.63,223.28,226.044,224.662
66.64,225.251,225.147,225.199
66.65,227.613,225.052,226.3325
66.66,223.598,226.44,225.019
66.67,223.609,225.81,224.7095
66.68,224.949,225.689,225.319
66.69,227.461,224.646,226.0535
66.7,223.36,226.353,224.8565
66.71,222.714,224.103,223.4085
66.72,223.904,226.34,225.122
66.73,225.307,226.93,226.1185
66.74,223.431,227.164,225.2975
66.75,224.57,223.336,223.953
66.76,227.041,222.775,224.908
66.77,223.389,224.177,223.783
66.78,222.88,224.938,223.909
66.79,226.409,225.119,225.764
66.8,226.146,225.899,226.0225
66.81,225.294,223.653,224.4735
66.82,225.108,228.465,226.7865
66.83,223.864,229.92,226.892
66.84,224.692,229.483,227.0875
66.85,224.826,226.519,225.6725
66.86,228.509,227.986,228.2475
66.87,228.14,225.723,226.9315
66.88,228.223,229.625,228.924
66.89,226.467,226.236,226.3515
66.9,223.887,227.111,225.499
66.91,224.493,232.487,228.49
66.92,224.923,231.651,228.287
66.93,227.313,231.935,229.624
66.94,226.653,228.933,227.793
66.95,225.5,228.244,226.872
66.96,228.734,227.373,228.0535
66.97,226.919,228.784,227.8515
66.98,225.228,228.829,227.0285
66.99,225.543,223.575,224.559
67,227.899,225.3,226.5995
67.01,227.237,230.133,228.685
67.02,226.08,227.908,226.994
67.03,224.986,225.953,225.4695
67.04,221.897,225.303,223.6
67.05,226.401,225.331,225.866
67.06,225.097,225.7,225.3985
67.07,222.4,225.646,224.023
67.08,224.999,225.746,225.3725
67.09,224.741,227.242,225.9915
67.1,225.807,222.416,224.1115
67.11,224.577,224.118,224.3475
67.12,229.156,223.641,226.3985
67.13,227.707,225.43,226.5685
67.14,225.405,225.019,225.212
67.15,228.727,228.971,228.849
67.16,226.404,231.492,228.948
67.17,225.623,227.784,226.7035
67.18,225.697,224.974,225.3355
67.19,227.349,231.314,229.3315
67.2,226.219,224.512,225.3655
67.21,227.183,226.884,227.0335
67.22,227.646,230.473,229.0595
67.23,224.49,225.299,224.8945
67.24,227.516,222.64,225.078
67.25,227.8,221.979,224.8895
67.26,224.348,223.521,223.9345
67.27,224.182,224.74,224.461
67.28,224.953,225.616,225.2845
67.29,228.882,226.205,227.5435
67.3,226.369,225.274,225.8215
67.31,226.32,222.385,224.3525
67.32,228.095,223.996,226.0455
67.33,228.534,229.472,229.003
67.34,224.821,226.936,225.8785
67.35,229.544,226.54,228.042
67.36,225.637,226.258,225.9475
67.37,225.001,227.571,226.286
67.38,225.931,228.642,227.2865
67.39,225.437,225.532,225.4845
67.4,225.947,230.036,227.9915
67.41,228.34,228.226,228.283
67.42,227.312,230.295,228.8035
67.43,223.667,222.544,223.1055
67.44,227.155,226.773,226.964
67.45,226.942,226.176,226.559
67.46,226.834,229.297,228.0655
67.47,228.163,227.296,227.7295
67.48,227.453,226.941,227.197
67.49,225.832,226.938,226.385
67.5,228.11,227.091,227.6005
67.51,227.12,224.066,225.593
67.52,229.822,228.907,229.3645
67.53,227.301,224.838,226.0695
67.54,226.238,225.874,226.056
67.55,228.077,227.816,227.9465
67.56,225.221,226.886,226.0535
67.57,222.264,225.984,224.124
67.58,227.769,221.917,224.843
67.59,227.09,226.65,226.87
67.6,228.58,223.846,226.213
67.61,228.558,225.415,226.9865
67.62,227.868,225.546,226.707
67.63,230.628,225.752,228.19
67.64,228.332,226.037,227.1845
67.65,228.019,223.951,225.985
67.66,227.574,222.679,225.1265
67.67,227.447,224.814,226.1305
67.68,227.772,223.754,225.763
67.69,228.773,228.457,228.615
67.7,231.533,226.807,229.17
67.71,230.35,228.334,229.342
67.72,228.971,225.505,227.238
67.73,231.678,224.349,228.0135
67.74,227.375,223.229,225.302
67.75,226.926,229.313,228.1195
67.76,227.762,227.111,227.4365
67.77,228.356,228.071,228.2135
67.78,229.594,225.781,227.6875
67.79,229.737,228.174,228.9555
67.8,228.39,223.385,225.8875
67.81,226.428,224.928,225.678
67.82,228.02,222.209,225.1145
67.83,229.307,223.777,226.542
67.84,226.116,227.055,226.5855
67.85,231.706,226.003,228.8545
67.86,226.733,229.475,228.104
67.87,226.541,225.209,225.875
67.88,225.136,226.878,226.007
67.89,227.797,229.247,228.522
67.9,228.754,226.77,227.762
67.91,227.739,228.285,228.012
67.92,229.424,228.716,229.07
67.93,226.467,226.574,226.5205
67.94,231.286,227.009,229.1475
67.95,227.263,226.116,226.6895
67.96,228.041,225.739,226.89
67.97,228.289,225.203,226.746
67.98,224.682,227.713,226.1975
67.99,225.721,228.033,226.877
68,226.721,229.405,228.063
68.01,228.749,226.643,227.696
68.02,231.564,227.922,229.743
68.03,225.989,225.748,225.8685
68.04,228.729,227.111,227.92
68.05,228.778,229.407,229.0925
68.06,229.925,229.522,229.7235
68.07,229.626,224.079,226.8525
68.08,228.673,226.56,227.6165
68.09,227.354,227.917,227.6355
68.1,232.016,226.515,229.2655
68.11,226.695,223.523,225.109
68.12,225.368,222.834,224.101
68.13,227.442,226.127,226.7845
68.14,229.061,225.611,227.336
68.15,230.946,227.468,229.207
68.16,227.508,226.654,227.081
68.17,232.374,229.782,231.078
68.18,226.88,226.817,226.8485
68.19,223.733,228.454,226.0935
68.2,223.035,228.147,225.591
68.21,227.406,227.273,227.3395
68.22,229.579,223.866,226.7225
68.23,225.624,229.574,227.599
68.24,228.478,228.411,228.4445
68.25,228.391,226.255,227.323
68.26,227.226,226.69,226.958
68.27,226.243,226.328,226.2855
68.28,225.29,226.98,226.135
68.29,226.624,232.009,229.3165
68.3,230.746,225.478,228.112
68.31,228.136,227.692,227.914
68.32,224.211,227.267,225.739
68.33,231.384,226.523,228.9535
68.34,232.514,225.181,228.8475
68.35,228.606,223.309,225.9575
68.36,229.394,222.636,226.015
68.37,229.583,224.079,226.831
68.38,227.446,222.205,224.8255
68.39,229.136,226.224,227.68
68.4,225.727,228.301,227.014
68.41,228.731,223.657,226.194
68.42,229.315,221.053,225.184
68.43,228.364,223.831,226.0975
68.44,230.385,222.705,226.545
68.45,225.667,225.882,225.7745
68.46,228.808,226.686,227.747
68.47,227.926,226.174,227.05
68.48,225.869,225.262,225.5655
68.49,229.35,223.723,226.5365
68.5,228.167,225.56,226.8635
68.51,227.423,226.215,226.819
68.52,230.746,226.768,228.757
68.53,228.449,228.799,228.624
68.54,231.807,228.149,229.978
68.55,227.592,226.003,226.7975
68.56,225.348,226.174,225.761
68.57,226.973,229.772,228.3725
68.58,229.133,228.301,228.717
68.59,228.058,225.896,226.977
68.6,228.334,228.873,228.6035
68.61,227.471,226.457,226.964
68.62,228.861,228.846,228.8535
68.63,229.417,230.315,229.866
68.64,228.917,226.868,227.8925
68.65,229.697,226.66,228.1785
68.66,227.018,229.167,228.0925
68.67,226.949,225.583,226.266
68.68,228.765,231.108,229.9365
68.69,227.955,228.508,228.2315
68.7,227.311,226.014,226.6625
68.71,229.975,227.528,228.7515
68.72,227.537,227.272,227.4045
68.73,226.953,226.011,226.482
68.74,228.664,229.305,228.9845
68.75,226.503,228.763,227.633
68.76,229.611,223.477,226.544
68.77,231.06,225.127,228.0935
68.78,233.828,224.015,228.9215
68.79,226.605,227.231,226.918
68.8,228.483,224.547,226.515
68.81,230.847,231.7,231.2735
68.82,228.987,224.055,226.521
68.83,229.389,224.013,226.701
68.84,225.59,223.37,224.48
68.85,229.676,226.486,228.081
68.86,230.167,227.116,228.6415
68.87,230.358,228.295,229.3265
68.88,231.951,223.544,227.7475
68.89,229.9,227.323,228.6115
68.9,228.109,223.607,225.858
68.91,229.301,225.896,227.5985
68.92,229.417,224.93,227.1735
68.93,227.102,223.795,225.4485
68.94,228.406,227.848,228.127
68.95,227.83,224.457,226.1435
68.96,230.035,226.253,228.144
68.97,232.691,226.006,229.3485
68.98,231.852,226.693,229.2725
68.99,231.487,225.656,228.5715
69,230.444,227.436,228.94
69.01,231.093,223.54,227.3165
69.02,230.96,227.311,229.1355
69.03,229.964,226.943,228.4535
69.04,231.013,224.622,227.8175
69.05,229.843,225.431,227.637
69.06,227.61,222.39,225
69.07,228.962,222.418,225.69
69.08,224.018,222.899,223.4585
69.09,228.127,224.68,226.4035
69.1,228.256,221.594,224.925
69.11,229.742,225.408,227.575
69.12,230.345,223.644,226.9945
69.13,232.956,225.456,229.206
69.14,232.464,223.742,228.103
69.15,232.715,223.532,228.1235
69.16,231.876,221.859,226.8675
69.17,234.517,228.792,231.6545
69.18,228.094,227.688,227.891
69.19,232.824,227.778,230.301
69.2,229.759,225.537,227.648
69.21,233.259,226.389,229.824
69.22,231.134,227.214,229.174
69.23,228.797,225.029,226.913
69.24,229.139,226.297,227.718
69.25,231.866,226.38,229.123
69.26,229.114,227.703,228.4085
69.27,229.111,226.297,227.704
69.28,231.377,227.999,229.688
69.29,233.216,228.397,230.8065
69.3,229.18,223.595,226.3875
69.31,230.946,227.262,229.104
69.32,229.917,224.816,227.3665
69.33,229.808,225.328,227.568
69.34,235.99,223.575,229.7825
69.35,228.088,221.482,224.785
69.36,231.235,222.915,227.075
69.37,233.929,223.801,228.865
69.38,233.859,221.317,227.588
69.39,231.325,226.218,228.7715
69.4,229.859,221.412,225.6355
69.41,232.238,223.57,227.904
69.42,231.681,224.501,228.091
69.43,232.919,223.731,228.325
69.44,228.62,224.886,226.753
69.45,229.584,221.74,225.662
69.46,233.13,223.698,228.414
69.47,228.654,221.609,225.1315
69.48,231.428,222.596,227.012
69.49,229.015,224.292,226.6535
69.5,228.619,224.614,226.6165
69.51,228.045,226.295,227.17
69.52,228.845,224.134,226.4895
69.53,224.294,224.911,224.6025
69.54,227.781,227.767,227.774
69.55,229.364,229.252,229.308
69.56,232.032,231.987,232.0095
69.57,230.551,231.352,230.9515
69.58,230.87,229.377,230.1235
69.59,231.507,230.502,231.0045
69.6,231.655,230.36,231.0075
69.61,234.869,225.655,230.262
69.62,234.989,232.482,233.7355
69.63,231.282,230.303,230.7925
69.64,233.653,226.285,229.969
69.65,231.94,224.854,228.397
69.66,234.999,225.786,230.3925
69.67,233.39,225.303,229.3465
69.68,232.646,224.857,228.7515
69.69,233.734,223.796,228.765
69.7,237.564,225.813,231.6885
69.71,235.465,225.394,230.4295
69.72,231.825,226.56,229.1925
69.73,234.034,227.083,230.5585
69.74,231.993,227.38,229.6865
69.75,236.418,223.501,229.9595
69.76,233.135,225.643,229.389
69.77,229.457,224.793,227.125
69.78,232.802,226.564,229.683
69.79,234.263,224.73,229.4965
69.8,232.876,224.255,228.5655
69.81,229.979,225.973,227.976
69.82,233.869,225.74,229.8045
69.83,233.228,227.102,230.165
69.84,232.62,224.298,228.459
69.85,231.599,226.818,229.2085
69.86,230.049,223.279,226.664
69.87,227.598,226.663,227.1305
69.88,230.371,226.656,228.5135
69.89,231.058,230.876,230.967
69.9,230.718,228.572,229.645
69.91,226.95,227.367,227.1585
69.92,228.924,226.515,227.7195
69.93,226.943,223.321,225.132
69.94,227.448,224.443,225.9455
69.95,231.568,222.564,227.066
69.96,228.735,222.977,225.856
69.97,226.969,224.528,225.7485
69.98,227.726,225.208,226.467
69.99,230.19,223.741,226.9655
70,229.138,224.922,227.03
70.01,228.869,227.476,228.1725
70.02,230.08,221.237,225.6585
70.03,229.513,227.333,228.423
70.04,232.795,223.385,228.09
70.05,230.112,224.297,227.2045
70.06,229.842,225.224,227.533
70.07,231.272,228.723,229.9975
70.08,227.708,228.392,228.05
70.09,231.035,223.845,227.44
70.1,230.108,223.379,226.7435
70.11,230.814,225.543,228.1785
70.12,229.978,224.504,227.241
70.13,233.517,228.193,230.855
70.14,234.023,227.614,230.8185
70.15,230.867,225.923,228.395
70.16,231.21,225.302,228.256
70.17,234.12,224.088,229.104
70.18,230.999,225.039,228.019
70.19,231.6,224.942,228.271
70.2,228.776,225.924,227.35
70.21,230.313,226.809,228.561
70.22,231.836,226.191,229.0135
70.23,229.253,229.427,229.34
70.24,231.542,226.745,229.1435
70.25,229.166,225.813,227.4895
70.26,227.495,228.189,227.842
70.27,229.672,230.327,229.9995
70.28,231.751,229.184,230.4675
70.29,229.78,228.496,229.138
70.3,225.395,226.317,225.856
70.31,227.524,230.748,229.136
70.32,227.687,226.681,227.184
70.33,229.796,228.257,229.0265
70.34,229.089,227.56,228.3245
70.35,226.963,227.37,227.1665
70.36,231.553,227.705,229.629
70.37,229.119,226.517,227.818
70.38,229.006,225.81,227.408
70.39,228.343,225.145,226.744
70.4,226.926,225.532,226.229
70.41,226.668,228.217,227.4425
70.42,229.371,225.245,227.308
70.43,228.184,222.616,225.4
70.44,226.29,226.748,226.519
70.45,224.359,226.622,225.4905
70.46,230.656,225.951,228.3035
70.47,225.445,226.386,225.9155
70.48,226.856,226.912,226.884
70.49,225.608,228.524,227.066
70.5,223.96,227.869,225.9145
70.51,225.545,226.794,226.1695
70.52,227.603,228.504,228.0535
70.53,229.689,228.983,229.336
70.54,230.652,229.157,229.9045
70.55,228.573,227.745,228.159
70.56,225.103,225.943,225.523
70.57,227.313,227.086,227.1995
70.58,228.509,230.335,229.422
70.59,225.401,230.334,227.8675
70.6,224.458,230.917,227.6875
70.61,227.576,230.433,229.0045
70.62,224.683,227.286,225.9845
70.63,229.12,228.543,228.8315
70.64,228.38,225.95,227.165
70.65,229.156,225.773,227.4645
70.66,226.373,228.282,227.3275
70.67,224.278,230.436,227.357
70.68,225.153,227.926,226.5395
70.69,222.735,225.144,223.9395
70.7,227.293,226.438,226.8655
70.71,229.114,223.769,226.4415
70.72,226.405,223.412,224.9085
70.73,227.466,221.786,224.626
70.74,229.754,224.789,227.2715
70.75,226.895,224.635,225.765
70.76,229.909,226.96,228.4345
70.77,228.977,224.505,226.741
70.78,227.651,222.132,224.8915
70.79,229.003,226.246,227.6245
70.8,227.078,225.757,226.4175
70.81,230.948,223.034,226.991
70.82,224.527,221.876,223.2015
70.83,226.752,226.503,226.6275
70.84,226.733,225.583,226.158
70.85,227.09,224.671,225.8805
70.86,226.845,226.205,226.525
70.87,227.159,226.76,226.9595
70.88,223.501,229.849,226.675
70.89,229.567,227.129,228.348
70.9,224.557,227.046,225.8015
70.91,223.454,229.183,226.3185
70.92,226.565,228.509,227.537
70.93,223.763,229.103,226.433
70.94,223.772,231.341,227.5565
70.95,225.262,230.9,228.081
70.96,225.693,229.171,227.432
70.97,228.76,227.727,228.2435
70.98,227.79,226.832,227.311
70.99,225.307,225.634,225.4705
71,224.42,224.545,224.4825
71.01,227.079,223.754,225.4165
71.02,227,220.162,223.581
71.03,226.985,222.008,224.4965
71.04,224.962,226.844,225.903
71.05,226.788,225.94,226.364
71.06,224.282,223.986,224.134
71.07,228.173,227.222,227.6975
71.08,228.023,224.975,226.499
71.09,226.552,225.884,226.218
71.1,226.923,223.437,225.18
71.11,227.092,225.85,226.471
71.12,225.8,223.93,224.865
71.13,227.595,224.034,225.8145
71.14,225.588,226.297,225.9425
71.15,229.789,223.223,226.506
71.16,229.227,225.934,227.5805
71.17,226.813,223.202,225.0075
71.18,228.435,225.22,226.8275
71.19,227.813,224.174,225.9935
71.2,225.99,225.926,225.958
71.21,227.742,222.571,225.1565
71.22,225.602,224.928,225.265
71.23,222.912,225.012,223.962
71.24,227.044,227.261,227.1525
71.25,226.049,224.69,225.3695
71.26,222.714,221.781,222.2475
71.27,225.787,226.618,226.2025
71.28,228.388,221.512,224.95
71.29,231.149,226.29,228.7195
71.3,229.299,227.319,228.309
71.31,228.553,227.263,227.908
71.32,227.345,228.253,227.799
71.33,225.912,223.409,224.6605
71.34,227.964,225.992,226.978
71.35,231.886,228.448,230.167
71.36,230.878,222.854,226.866
71.37,230.095,224.32,227.2075
71.38,229.121,223.782,226.4515
71.39,226.235,226.289,226.262
71.4,229.364,222.112,225.738
71.41,226.46,226.104,226.282
71.42,224.122,226.583,225.3525
71.43,226.446,228.128,227.287
71.44,230.752,228.794,229.773
71.45,226.402,226.135,226.2685
71.46,227.487,225.557,226.522
71.47,228.58,228.867,228.7235
71.48,228.371,225.348,226.8595
71.49,226.67,227.917,227.2935
71.5,225.674,225.06,225.367
71.51,228.212,223.978,226.095
71.52,230.438,224.33,227.384
71.53,229.081,223.599,226.34
71.54,226.405,226.114,226.2595
71.55,231.241,220.422,225.8315
71.56,231.074,222.746,226.91
71.57,226.833,224.752,225.7925
71.58,225.336,221.164,223.25
71.59,223.173,221.045,222.109
71.6,226.921,222.106,224.5135
71.61,221.408,224.921,223.1645
71.62,225.836,226.052,225.944
71.63,226.279,225.038,225.6585
71.64,228.924,221.953,225.4385
71.65,231.859,225.21,228.5345
71.66,229.4,224.482,226.941
71.67,226.191,220.055,223.123
71.68,225.631,222.029,223.83
71.69,223.014,223.174,223.094
71.7,222.695,224.937,223.816
71.71,222.953,224.2,223.5765
71.72,223.237,224.058,223.6475
71.73,226.789,220.953,223.871
71.74,225.09,222.883,223.9865
71.75,226.378,223.789,225.0835
71.76,225.997,225.772,225.8845
71.77,224.995,225.503,225.249
71.78,224.032,227.593,225.8125
71.79,225.292,224.462,224.877
71.8,225.162,222.63,223.896
71.81,224.922,224.807,224.8645
71.82,225.382,224.523,224.9525
71.83,223.458,224.625,224.0415
71.84,224.288,224.244,224.266
71.85,226.18,222.204,224.192
71.86,225.511,224.958,225.2345
71.87,223.01,223.908,223.459
71.88,227.916,224.616,226.266
71.89,223.032,225.422,224.227
71.9,223.209,228.468,225.8385
71.91,224.171,224.771,224.471
71.92,225.657,223.004,224.3305
71.93,228.07,223.341,225.7055
71.94,225.271,224.572,224.9215
71.95,228.959,225.442,227.2005
71.96,226.396,225.423,225.9095
71.97,229.233,224.148,226.6905
71.98,223.426,219.727,221.5765
71.99,224.942,223.445,224.1935
72,225.803,225.508,225.6555
72.01,223.271,226.742,225.0065
72.02,228.241,225.63,226.9355
72.03,225.236,224.463,224.8495
72.04,223.47,222.545,223.0075
72.05,225.484,225.788,225.636
72.06,226.449,226.234,226.3415
72.07,225.519,223.456,224.4875
72.08,226.675,223.024,224.8495
72.09,229.007,219.609,224.308
72.1,228.18,222.893,225.5365
72.11,225.262,222.309,223.7855
72.12,228.97,222.804,225.887
72.13,227.232,222.336,224.784
72.14,230.566,225.865,228.2155
72.15,231.538,222.365,226.9515
72.16,227.429,225.072,226.2505
72.17,229.294,224.004,226.649
72.18,225.994,223.181,224.5875
72.19,228.85,225.88,227.365
72.2,228.072,223.754,225.913
72.21,226.059,224.835,225.447
72.22,228.446,224.241,226.3435
72.23,228.531,227.942,228.2365
72.24,226.807,230.584,228.6955
72.25,225.924,223.889,224.9065
72.26,228.109,224.972,226.5405
72.27,228.309,227.07,227.6895
72.28,228.848,224.236,226.542
72.29,228.35,224.784,226.567
72.3,228.014,223.307,225.6605
72.31,228.674,223.147,225.9105
72.32,227.612,224.983,226.2975
72.33,227.719,220.98,224.3495
72.34,230.432,223.706,227.069
72.35,231.524,224.779,228.1515
72.36,228.803,224.561,226.682
72.37,227.723,221.658,224.6905
72.38,227.674,224.607,226.1405
72.39,228.819,224.196,226.5075
72.4,232.527,225.307,228.917
72.41,230.613,228.43,229.5215
72.42,230.219,225.29,227.7545
72.43,229.615,221.772,225.6935
72.44,228.28,223.078,225.679
72.45,228.118,226.177,227.1475
72.46,229.075,223.926,226.5005
72.47,228.262,227.496,227.879
72.48,228.953,225.137,227.045
72.49,227.399,223.368,225.3835
72.5,229.008,224.365,226.6865
72.51,225.602,223.012,224.307
72.52,226.169,224.836,225.5025
72.53,226.617,225.842,226.2295
72.54,226.264,225.919,226.0915
72.55,228.948,225.067,227.0075
72.56,226.518,226.801,226.6595
72.57,226.118,226.022,226.07
72.58,230.014,229.285,229.6495
72.59,227.087,224.883,225.985
72.6,230.032,225.491,227.7615
72.61,226.408,222.48,224.444
72.62,231.542,223.622,227.582
72.63,227.441,224.292,225.8665
72.64,227.985,226.856,227.4205
72.65,228.34,221.376,224.858
72.66,227.729,224.645,226.187
72.67,225.318,223.814,224.566
72.68,228.926,221.93,225.428
72.69,225.145,226.519,225.832
72.7,229.673,224.064,226.8685
72.71,229.013,224.639,226.826
72.72,226.462,226.988,226.725
72.73,229.195,228.291,228.743
72.74,228.767,225.934,227.3505
72.75,226.645,224.986,225.8155
72.76,233.229,224.361,228.795
72.77,229.167,227.357,228.262
72.78,228.237,228.857,228.547
72.79,228.542,228.584,228.563
72.8,226.23,227.146,226.688
72.81,223.741,232.444,228.0925
72.82,228.582,228.052,228.317
72.83,228.332,227.871,228.1015
72.84,230.446,229.881,230.1635
72.85,228.323,229.129,228.726
72.86,227.412,227.338,227.375
72.87,229.093,226.795,227.944
72.88,226.844,226.176,226.51
72.89,228.51,226.742,227.626
72.9,227.398,228.568,227.983
72.91,227.196,228.257,227.7265
72.92,227.026,232.189,229.6075
72.93,228.651,226.807,227.729
72.94,228.781,231.351,230.066
72.95,227.16,227.291,227.2255
72.96,226.32,231.346,228.833
72.97,231.108,225.425,228.2665
72.98,231.848,229.549,230.6985
72.99,229.931,230.863,230.397
73,229.488,229.116,229.302
73.01,233.445,229.623,231.534
73.02,228.765,231.624,230.1945
73.03,228.635,232.022,230.3285
73.04,228.412,228.385,228.3985
73.05,231.016,230.296,230.656
73.06,232.42,226.172,229.296
73.07,234.621,228.147,231.384
73.08,231.583,228.796,230.1895
73.09,231.886,230.411,231.1485
73.1,230.057,228.602,229.3295
73.11,229.238,227.991,228.6145
73.12,233.168,227.991,230.5795
73.13,230.786,227.628,229.207
73.14,235.081,226.447,230.764
73.15,231.056,225.921,228.4885
73.16,229.869,227.2,228.5345
73.17,230.898,227.093,228.9955
73.18,232.769,222.238,227.5035
73.19,232.523,222.569,227.546
73.2,232.34,222.876,227.608
73.21,231.235,228.271,229.753
73.22,229.125,224.331,226.728
73.23,226.307,226.627,226.467
73.24,228.784,224.116,226.45
73.25,232.123,225.445,228.784
73.26,227.309,226.261,226.785
73.27,226.032,225.399,225.7155
73.28,227.034,225.329,226.1815
73.29,229.175,228.717,228.946
73.3,227.998,230.489,229.2435
73.31,228.694,224.936,226.815
73.32,230.402,227.259,228.8305
73.33,229.953,227.501,228.727
73.34,228.408,229.325,228.8665
73.35,227.106,228.617,227.8615
73.36,228.966,228.583,228.7745
73.37,228.839,228.08,228.4595
73.38,225.969,227.239,226.604
73.39,229.577,224.359,226.968
73.4,227.447,230.715,229.081
73.41,227.804,228.279,228.0415
73.42,230.875,227.74,229.3075
73.43,227.561,229.292,228.4265
73.44,224.782,226.155,225.4685
73.45,229.908,227.19,228.549
73.46,226.484,231.31,228.897
73.47,230.294,231.834,231.064
73.48,227.99,226.353,227.1715
73.49,226.495,228.609,227.552
73.5,231.963,227.1,229.5315
73.51,230.537,224.838,227.6875
73.52,232.014,223.832,227.923
73.53,228.564,223.484,226.024
73.54,229.135,221.207,225.171
73.55,232.538,225.936,229.237
73.56,229.298,225.959,227.6285
73.57,228.094,226.331,227.2125
73.58,230.194,226.308,228.251
73.59,228.34,228.095,228.2175
73.6,227.471,225.684,226.5775
73.61,229.696,229.093,229.3945
73.62,228.106,226.709,227.4075
73.63,228.627,227.777,228.202
73.64,226.979,227.007,226.993
73.65,231.443,227.262,229.3525
73.66,229.761,226.055,227.908
73.67,228.011,227.671,227.841
73.68,230.578,226.49,228.534
73.69,226.052,227.431,226.7415
73.7,230.156,226.258,228.207
73.71,230.688,227.392,229.04
73.72,230.234,227.75,228.992
73.73,231.832,226.343,229.0875
73.74,232.496,225.883,229.1895
73.75,229.574,222.948,226.261
73.76,233.15,225.512,229.331
73.77,234.582,227.879,231.2305
73.78,232.075,227.838,229.9565
73.79,228.921,227.606,228.2635
73.8,228.52,226.236,227.378
73.81,228.6,228.712,228.656
73.82,224.397,229.382,226.8895
73.83,230.827,227.738,229.2825
73.84,231.302,226.122,228.712
73.85,232.598,226.531,229.5645
73.86,234.141,225.439,229.79
73.87,230.73,225.688,228.209
73.88,225.081,225.225,225.153
73.89,232.472,225.919,229.1955
73.9,226.709,228.694,227.7015
73.91,228.989,225.624,227.3065
73.92,228.736,223.04,225.888
73.93,227.376,223.634,225.505
73.94,228.881,224.909,226.895
73.95,225.865,224.411,225.138
73.96,226.097,224.139,225.118
73.97,227.506,226.277,226.8915
73.98,229.17,225.55,227.36
73.99,227.928,226.197,227.0625
74,228.088,222.311,225.1995
74.01,228.597,224.977,226.787
74.02,229.17,223.392,226.281
74.03,226.651,225.47,226.0605
74.04,230.342,226.787,228.5645
74.05,226.39,227.849,227.1195
74.06,224.952,225.463,225.2075
74.07,228.09,226.084,227.087
74.08,227.55,227.749,227.6495
74.09,225.622,226.497,226.0595
74.1,225.99,221.703,223.8465
74.11,224.228,229.131,226.6795
74.12,225.295,228.359,226.827
74.13,227.214,229.417,228.3155
74.14,223.049,222.852,222.9505
74.15,222.382,227.689,225.0355
74.16,226.227,223.086,224.6565
74.17,225.416,226.829,226.1225
74.18,224.608,226.214,225.411
74.19,224.45,229.272,226.861
74.2,226.017,228.707,227.362
74.21,223.402,227.305,225.3535
74.22,225.113,224.758,224.9355
74.23,225.827,226.03,225.9285
74.24,223.672,224.009,223.8405
74.25,227.523,226.312,226.9175
74.26,224.154,224.331,224.2425
74.27,225.183,227.327,226.255
74.28,226.344,226.258,226.301
74.29,225.643,227.124,226.3835
74.3,225.054,222.779,223.9165
74.31,223.609,224.236,223.9225
74.32,225.225,223.184,224.2045
74.33,230.709,224.66,227.6845
74.34,227.278,225.784,226.531
74.35,225.772,223.188,224.48
74.36,227.006,226.71,226.858
74.37,226.746,222.823,224.7845
74.38,225.624,225.131,225.3775
74.39,226.478,225.981,226.2295
74.4,226.289,226.802,226.5455
74.41,227.943,222.979,225.461
74.42,232.96,224.175,228.5675
74.43,228.892,223.876,226.384
74.44,226.002,226.118,226.06
74.45,229.133,224.721,226.927
74.46,227.246,226.489,226.8675
74.47,225.008,229.531,227.2695
74.48,229.918,221.683,225.8005
74.49,228.505,225.51,227.0075
74.5,226.522,223.468,224.995
74.51,230.031,223.393,226.712
74.52,227.664,224.981,226.3225
74.53,225.818,225.738,225.778
74.54,227.938,226.656,227.297
74.55,227.437,225.318,226.3775
74.56,227.477,223.826,225.6515
74.57,226.787,225.055,225.921
74.58,224.889,227.816,226.3525
74.59,231.834,226.196,229.015
74.6,226.94,225.253,226.0965
74.61,226.386,222.623,224.5045
74.62,231.263,221.043,226.153
74.63,228.043,223.559,225.801
74.64,230.92,222.616,226.768
74.65,230.61,222.097,226.3535
74.66,227.112,222.867,224.9895
74.67,230.15,220.056,225.103
74.68,228.278,221.942,225.11
74.69,226.186,223.424,224.805
74.7,225.119,222.97,224.0445
74.71,227.728,225.269,226.4985
74.72,226.178,226.281,226.2295
74.73,228.235,226.128,227.1815
74.74,228.012,223.598,225.805
74.75,228.569,221.385,224.977
74.76,229.773,222.729,226.251
74.77,228.935,226.158,227.5465
74.78,228.825,222.506,225.6655
74.79,228.196,224.438,226.317
74.8,229.764,223.312,226.538
74.81,228.834,222.297,225.5655
74.82,228.275,220.001,224.138
74.83,228.49,224.483,226.4865
74.84,227.937,223.61,225.7735
74.85,223.334,221.623,222.4785
74.86,220.765,225.202,222.9835
74.87,226.322,221.606,223.964
74.88,225.807,223.065,224.436
74.89,228.363,221.108,224.7355
74.9,228.665,221.844,225.2545
74.91,227.53,222.129,224.8295
74.92,225.072,223.614,224.343
74.93,226.925,228.789,227.857
74.94,227.935,224.668,226.3015
74.95,227.991,225.719,226.855
74.96,227.253,220.814,224.0335
74.97,228.034,222.603,225.3185
74.98,228.069,224.28,226.1745
74.99,228.612,222.15,225.381
75,227.224,223.512,225.368
75.01,227.967,221.671,224.819
75.02,227.169,224.416,225.7925
75.03,228.088,227.125,227.6065
75.04,230.843,227.917,229.38
75.05,228.718,224.185,226.4515
75.06,227.779,225.173,226.476
75.07,226.081,223.388,224.7345
75.08,228.437,224.485,226.461
75.09,226.249,225.735,225.992
75.1,228.388,228.714,228.551
75.11,225.946,227.616,226.781
75.12,225.992,225.573,225.7825
75.13,228.841,225.373,227.107
75.14,225.045,224.049,224.547
75.15,226.836,226.631,226.7335
75.16,227.272,222.329,224.8005
75.17,227.835,223.09,225.4625
75.18,226.248,223.27,224.759
75.19,228.306,220.089,224.1975
75.2,228.265,221.346,224.8055
75.21,226.724,223.113,224.9185
75.22,227.678,224.501,226.0895
75.23,226.245,224.842,225.5435
75.24,226.093,221.706,223.8995
75.25,225.937,218.877,222.407
75.26,227.974,221.605,224.7895
75.27,229.368,222.792,226.08
75.28,228.705,222.331,225.518
75.29,231.406,224.055,227.7305
75.3,227.29,219.941,223.6155
75.31,228.245,218.823,223.534
75.32,223.105,218.11,220.6075
75.33,226.369,223.32,224.8445
75.34,226.024,220.608,223.316
75.35,221.877,218.689,220.283
75.36,225.138,222.483,223.8105
75.37,225.468,223.079,224.2735
75.38,225.014,224.453,224.7335
75.39,222.07,223.361,222.7155
75.4,228.207,225.037,226.622
75.41,225.271,225.226,225.2485
75.42,227.865,222.087,224.976
75.43,226.849,219.769,223.309
75.44,225.424,219.591,222.5075
75.45,225.724,223.409,224.5665
75.46,224.404,221.245,222.8245
75.47,226.041,221.911,223.976
75.48,224.838,225.195,225.0165
75.49,222.976,223.011,222.9935
75.5,224.27,224.201,224.2355
75.51,223.157,225.469,224.313
75.52,223.345,224.418,223.8815
75.53,224.147,225.587,224.867
75.54,225.821,227.566,226.6935
75.55,226.369,226.558,226.4635
75.56,222.513,226.75,224.6315
75.57,224.084,224.17,224.127
75.58,223.553,221.978,222.7655
75.59,225.397,224.926,225.1615
75.6,222.555,225.648,224.1015
75.61,223.049,225.519,224.284
75.62,225.122,219.968,222.545
75.63,222.522,221.926,222.224
75.64,224.01,222.551,223.2805
75.65,219.792,220.383,220.0875
75.66,222.768,224.636,223.702
75.67,223.591,222.941,223.266
75.68,223.392,224.352,223.872
75.69,219.831,221.368,220.5995
75.7,223.694,222.133,222.9135
75.71,222.297,224.69,223.4935
75.72,227.74,222.733,225.2365
75.73,224.004,221.987,222.9955
75.74,224.436,216.738,220.587
75.75,223.487,224.675,224.081
75.76,226.967,222.683,224.825
75.77,221.585,223.729,222.657
75.78,217.863,222.681,220.272
75.79,222.91,220.484,221.697
75.8,222.98,223.945,223.4625
75.81,222.811,223.364,223.0875
75.82,224.008,218.806,221.407
75.83,230.017,216.789,223.403
75.84,225.827,220.89,223.3585
75.85,224.75,219.734,222.242
75.86,227.764,216.871,222.3175
75.87,225.766,217.93,221.848
75.88,229.908,219.733,224.8205
75.89,225.861,219.233,222.547
75.9,225.756,222.309,224.0325
75.91,226.395,224.366,225.3805
75.92,225.23,225.89,225.56
75.93,222.002,222.98,222.491
75.94,224.717,223.015,223.866
75.95,221.826,224.19,223.008
75.96,223.951,224.13,224.0405
75.97,227.123,221.978,224.5505
75.98,227.219,221.726,224.4725
75.99,227.151,224.953,226.052
76,221.404,227.049,224.2265
76.01,226.278,226.167,226.2225
76.02,221.621,228.438,225.0295
76.03,227.233,223,225.1165
76.04,225.543,221.344,223.4435
76.05,224.545,220.93,222.7375
76.06,223.518,223.774,223.646
76.07,223.588,226.21,224.899
76.08,224.88,222.938,223.909
76.09,224.321,222.316,223.3185
76.1,225.537,220.127,222.832
76.11,224.709,222.32,223.5145
76.12,226.351,221.613,223.982
76.13,224.488,223.261,223.8745
76.14,226.441,222.793,224.617
76.15,225.202,225.307,225.2545
76.16,222.518,226.102,224.31
76.17,224.531,226.775,225.653
76.18,223.618,219.887,221.7525
76.19,218.132,228.573,223.3525
76.2,223.902,226.791,225.3465
76.21,222.051,227.897,224.974
76.22,222.696,226.754,224.725
76.23,223.52,224.599,224.0595
76.24,220.72,225.807,223.2635
76.25,223.69,223.347,223.5185
76.26,221.602,225.487,223.5445
76.27,225.555,222.618,224.0865
76.28,224.249,224.872,224.5605
76.29,220.796,224.836,222.816
76.3,224.142,222.028,223.085
76.31,224.055,224.375,224.215
76.32,223.416,222.538,222.977
76.33,220.143,226.109,223.126
76.34,222.651,225.148,223.8995
76.35,223.897,223.428,223.6625
76.36,222.975,226.389,224.682
76.37,223.968,226.577,225.2725
76.38,225.044,225.814,225.429
76.39,223.678,227.365,225.5215
76.4,225.871,224.545,225.208
76.41,223.821,224.784,224.3025
76.42,224.554,221.662,223.108
76.43,225.724,223.78,224.752
76.44,226.179,224.759,225.469
76.45,224.815,221.631,223.223
76.46,222.781,223.328,223.0545
76.47,222.297,223.464,222.8805
76.48,226.131,223.442,224.7865
76.49,228.54,226.477,227.5085
76.5,223.97,226.711,225.3405
76.51,225.352,226.716,226.034
76.52,225.6,225.329,225.4645
76.53,226.468,221.222,223.845
76.54,225.937,222.881,224.409
76.55,227.721,222.592,225.1565
76.56,226.121,223.481,224.801
76.57,225.017,224.592,224.8045
76.58,225.578,219.926,222.752
76.59,224.569,224.399,224.484
76.6,227.069,227.879,227.474
76.61,226.678,226.125,226.4015
76.62,225.442,225.083,225.2625
76.63,224.795,226.279,225.537
76.64,227.175,225.445,226.31
76.65,224.175,219.623,221.899
76.66,227.216,226.76,226.988
76.67,223.314,221.121,222.2175
76.68,222.236,225.939,224.0875
76.69,220.418,225.383,222.9005
76.7,223.001,222.031,222.516
76.71,219.207,223.432,221.3195
76.72,220.741,224.571,222.656
76.73,223.924,221.929,222.9265
76.74,222.175,224.897,223.536
76.75,223.061,222.333,222.697
76.76,224.272,221.953,223.1125
76.77,222.149,222.117,222.133
76.78,219.421,225.123,222.272
76.79,221.785,223.005,222.395
76.8,219.836,223.751,221.7935
76.81,221.39,225.774,223.582
76.82,223.431,223.373,223.402
76.83,222.039,222.049,222.044
76.84,221.159,225.219,223.189
76.85,224.485,226.481,225.483
76.86,219.266,223.15,221.208
76.87,222.932,225.45,224.191
76.88,222.589,228.108,225.3485
76.89,223.711,223.023,223.367
76.9,227.402,222.43,224.916
76.91,228.55,223.102,225.826
76.92,226.752,228.712,227.732
76.93,225.696,224.721,225.2085
76.94,225.134,222.748,223.941
76.95,226.246,221.051,223.6485
76.96,227.038,223.918,225.478
76.97,225.261,222.245,223.753
76.98,223.847,224.918,224.3825
76.99,227.363,224.378,225.8705
77,226.858,221.097,223.9775
77.01,225.232,227.76,226.496
77.02,228.302,225.541,226.9215
77.03,227.818,228.214,228.016
77.04,226.01,225.329,225.6695
77.05,227.186,224.992,226.089
77.06,226.883,227.589,227.236
77.07,227.779,225.2,226.4895
77.08,222.426,225.855,224.1405
77.09,224.48,225.424,224.952
77.1,226.426,225.087,225.7565
77.11,226.036,222.046,224.041
77.12,224.455,223.743,224.099
77.13,226.757,222.125,224.441
77.14,224.406,222.383,223.3945
77.15,225.571,222.915,224.243
77.16,224.068,225.46,224.764
77.17,226.878,222.597,224.7375
77.18,225.385,224.861,225.123
77.19,226.332,225.203,225.7675
77.2,227.175,224.381,225.778
77.21,227.434,225.035,226.2345
77.22,225.211,222.518,223.8645
77.23,226.453,227.813,227.133
77.24,225.662,221.025,223.3435
77.25,229.301,224.806,227.0535
77.26,232.534,222.356,227.445
77.27,230.7,225.444,228.072
77.28,225.618,220.443,223.0305
77.29,224.486,222.548,223.517
77.3,228.6,223.669,226.1345
77.31,229.093,220.833,224.963
77.32,227.576,222.754,225.165
77.33,227.569,221.123,224.346
77.34,226.107,221.987,224.047
77.35,226.738,224.864,225.801
77.36,226.793,223.226,225.0095
77.37,225.724,223.299,224.5115
77.38,225.082,226.828,225.955
77.39,227.405,225.377,226.391
77.4,225.297,220.54,222.9185
77.41,225.199,224.456,224.8275
77.42,225.482,223.305,224.3935
77.43,224.565,224.834,224.6995
77.44,225.795,222.425,224.11
77.45,225.541,221.608,223.5745
77.46,224.293,223.489,223.891
77.47,222.723,222.501,222.612
77.48,225.644,222.719,224.1815
77.49,227.943,221.108,224.5255
77.5,226.319,220.836,223.5775
77.51,222.748,223.646,223.197
77.52,221.859,225.425,223.642
77.53,224.322,224.562,224.442
77.54,224.404,224.212,224.308
77.55,226.965,222.601,224.783
77.56,227.758,221.173,224.4655
77.57,222.89,224.396,223.643
77.58,224.092,222.987,223.5395
77.59,228.825,223.74,226.2825
77.6,227.552,224.275,225.9135
77.61,224.805,225.378,225.0915
77.62,226.772,225.261,226.0165
77.63,223.74,225.733,224.7365
77.64,224.379,224.836,224.6075
77.65,225.851,225.598,225.7245
77.66,224.614,228.516,226.565
77.67,226.789,227.675,227.232
77.68,226.83,229.986,228.408
77.69,224.488,225.114,224.801
77.7,227.706,229.536,228.621
77.71,228.542,227.489,228.0155
77.72,227.325,228.286,227.8055
77.73,226.015,226.296,226.1555
77.74,226.228,228.673,227.4505
77.75,225.188,225.121,225.1545
77.76,224.562,226.982,225.772
77.77,222.921,227.503,225.212
77.78,223.829,226.774,225.3015
77.79,227.806,222.985,225.3955
77.8,226.531,225.198,225.8645
77.81,225.959,225.417,225.688
77.82,227.226,225.707,226.4665
77.83,227.604,229.066,228.335
77.84,227.358,226.885,227.1215
77.85,228.361,230.382,229.3715
77.86,227.377,227.752,227.5645
77.87,226.076,225.752,225.914
77.88,226.499,229.163,227.831
77.89,223.679,225.494,224.5865
77.9,225.903,227.072,226.4875
77.91,223.211,227.713,225.462
77.92,228.321,226.199,227.26
77.93,224.357,226.669,225.513
77.94,227.724,224.502,226.113
77.95,227.21,226.63,226.92
77.96,225.526,221.584,223.555
77.97,226.081,224.333,225.207
77.98,223.64,222.739,223.1895
77.99,223.172,223.347,223.2595
78,224.889,225.803,225.346
78.01,227.426,226.283,226.8545
78.02,225.745,222.583,224.164
78.03,225.379,229.293,227.336
78.04,225.607,226.885,226.246
78.05,225.123,224.3,224.7115
78.06,223.911,227.501,225.706
78.07,224.037,224.63,224.3335
78.08,228.433,227.589,228.011
78.09,225.177,225.955,225.566
78.1,225.502,224.44,224.971
78.11,224.072,225.779,224.9255
78.12,229.169,227.337,228.253
78.13,223.536,226.61,225.073
78.14,222.155,220.612,221.3835
78.15,225.146,225.693,225.4195
78.16,225.271,223.875,224.573
78.17,225.788,227.818,226.803
78.18,221.384,229.302,225.343
78.19,223.985,225.346,224.6655
78.2,222.925,230.4,226.6625
78.21,226.491,227.053,226.772
78.22,224.832,229.412,227.122
78.23,220.854,225.774,223.314
78.24,223.506,228.91,226.208
78.25,224.412,227.451,225.9315
78.26,224.98,223.303,224.1415
78.27,224.271,226.301,225.286
78.28,227.235,227.142,227.1885
78.29,226.486,229.354,227.92
78.3,222.614,230.916,226.765
78.31,224.286,229.192,226.739
78.32,221.965,227.075,224.52
78.33,224.684,226.532,225.608
78.34,223.708,223.497,223.6025
78.35,225.351,225.117,225.234
78.36,223.869,227.157,225.513
78.37,223.337,227.284,225.3105
78.38,222.359,228.665,225.512
78.39,223.997,224.296,224.1465
78.4,221.663,225.061,223.362
78.41,224.246,225.753,224.9995
78.42,225.891,226.561,226.226
78.43,224.993,224.623,224.808
78.44,226.999,226.633,226.816
78.45,226.014,222.183,224.0985
78.46,227.895,228.287,228.091
78.47,228.033,221.604,224.8185
78.48,228.42,227.576,227.998
78.49,224.763,221.391,223.077
78.5,229.572,221.658,225.615
78.51,227.305,225.388,226.3465
78.52,230.057,225.025,227.541
78.53,229.704,226.113,227.9085
78.54,229.422,227.753,228.5875
78.55,229.166,225.231,227.1985
78.56,225.526,229.358,227.442
78.57,228.433,229.421,228.927
78.58,226.747,229.836,228.2915
78.59,225.664,225.866,225.765
78.6,228.76,228.653,228.7065
78.61,227.864,229.632,228.748
78.62,226.847,225.443,226.145
78.63,225.19,231.822,228.506
78.64,224.008,226.661,225.3345
78.65,226.645,225.538,226.0915
78.66,224.719,224.711,224.715
78.67,225.594,224.002,224.798
78.68,225.875,227.049,226.462
78.69,225.664,227.841,226.7525
78.7,224.693,227.754,226.2235
78.71,228.11,223.849,225.9795
78.72,225.789,224.145,224.967
78.73,226.253,223.655,224.954
78.74,225.49,224.558,225.024
78.75,225.302,226.295,225.7985
78.76,227.274,224.491,225.8825
78.77,226.512,224.947,225.7295
78.78,225.673,227.35,226.5115
78.79,225.762,225.239,225.5005
78.8,222.256,225.508,223.882
78.81,226.209,228.182,227.1955
78.82,225.719,227.911,226.815
78.83,228.196,224.072,226.134
78.84,227.049,227.296,227.1725
78.85,226.032,222.626,224.329
78.86,223.029,224.745,223.887
78.87,224.898,222.579,223.7385
78.88,226.632,226.043,226.3375
78.89,221.621,226.414,224.0175
78.9,227.998,225.066,226.532
78.91,229.702,224.141,226.9215
78.92,223.283,224.57,223.9265
78.93,224.817,225.849,225.333
78.94,226.254,224.848,225.551
78.95,226.546,225.857,226.2015
78.96,225.167,224.472,224.8195
78.97,229.143,219.9,224.5215
78.98,227.3,224.752,226.026
78.99,228.427,220.951,224.689
79,228.192,224.171,226.1815
79.01,229.51,222.382,225.946
79.02,226.172,219.93,223.051
79.03,229.225,224.613,226.919
79.04,228.603,222.683,225.643
79.05,228.442,219.145,223.7935
79.06,226.869,217.661,222.265
79.07,224.984,223.536,224.26
79.08,230.293,223.29,226.7915
79.09,224.566,221.593,223.0795
79.1,227.521,225.601,226.561
79.11,229.148,225.793,227.4705
79.12,227.983,222.766,225.3745
79.13,226.243,222.257,224.25
79.14,234.517,223.155,228.836
79.15,230.395,223.106,226.7505
79.16,229.569,225.988,227.7785
79.17,230.482,229.919,230.2005
79.18,225.861,224.124,224.9925
79.19,229.04,223.243,226.1415
79.2,229.372,226.558,227.965
79.21,226.665,226.343,226.504
79.22,227.251,224.895,226.073
79.23,224.177,222.249,223.213
79.24,227.727,223.615,225.671
79.25,224.135,223.972,224.0535
79.26,226.563,222.629,224.596
79.27,225.612,221.963,223.7875
79.28,227.535,219.705,223.62
79.29,227.365,220.175,223.77
79.3,224.977,221.954,223.4655
79.31,225.241,226.926,226.0835
79.32,225.144,220.641,222.8925
79.33,224.321,220.927,222.624
79.34,225.608,219.252,222.43
79.35,227.146,220.287,223.7165
79.36,230.627,218.721,224.674
79.37,228.256,224.989,226.6225
79.38,227.75,224.636,226.193
79.39,229.114,222.928,226.021
79.4,224.818,220.849,222.8335
79.41,224.72,222.063,223.3915
79.42,227.297,223.21,225.2535
79.43,226.341,224.099,225.22
79.44,227.88,224.495,226.1875
79.45,226.362,223.611,224.9865
79.46,226.803,227.017,226.91
79.47,225.835,223.461,224.648
79.48,225.456,222.174,223.815
79.49,228.793,222.853,225.823
79.5,228.125,225.864,226.9945
79.51,227.527,222.812,225.1695
79.52,226.779,220.703,223.741
79.53,231.068,221.442,226.255
79.54,227.921,224.834,226.3775
79.55,226.344,224.047,225.1955
79.56,226.431,222.922,224.6765
79.57,226.683,227.436,227.0595
79.58,226.422,222.958,224.69
79.59,223.617,221.295,222.456
79.6,227.076,221.735,224.4055
79.61,223.465,221.8,222.6325
79.62,224.496,223.582,224.039
79.63,221.214,220.298,220.756
79.64,222.432,225.911,224.1715
79.65,228.507,223.995,226.251
79.66,227.863,222.113,224.988
79.67,225.937,225.569,225.753
79.68,225.23,225.9,225.565
79.69,226.821,222.907,224.864
79.7,225.823,221.775,223.799
79.71,229.407,222.796,226.1015
79.72,223.835,224.669,224.252
79.73,227.08,222.045,224.5625
79.74,225.723,222.015,223.869
79.75,224.36,217.671,221.0155
79.76,227.736,217.889,222.8125
79.77,222.768,223.358,223.063
79.78,224.582,223.472,224.027
79.79,226.765,221.964,224.3645
79.8,225.846,222.743,224.2945
79.81,226.268,225.734,226.001
79.82,229.344,222.328,225.836
79.83,227.694,223.976,225.835
79.84,229.795,222.868,226.3315
79.85,230.74,220.655,225.6975
79.86,231.372,219.312,225.342
79.87,229.557,224.363,226.96
79.88,228.371,227.486,227.9285
79.89,226.902,223.718,225.31
79.9,225.758,222.516,224.137
79.91,227.926,219.905,223.9155
79.92,227.824,220.837,224.3305
79.93,227.241,221.049,224.145
79.94,225.851,220.186,223.0185
79.95,227.553,219.828,223.6905
79.96,225.753,218.547,222.15
79.97,223.059,216.832,219.9455
79.98,227.694,217.822,222.758
79.99,225.711,220.975,223.343
80,227.002,217.014,222.008
80.01,226.417,219.169,222.793
80.02,226.669,218.813,222.741
80.03,225.676,215.536,220.606
80.04,228.751,221.753,225.252
80.05,227.309,216.841,222.075
80.06,227.323,219.718,223.5205
80.07,226.68,218.099,222.3895
80.08,222.578,218.63,220.604
80.09,224.546,216.942,220.744
80.1,225.725,220.865,223.295
80.11,224.818,220.304,222.561
80.12,226.494,221.395,223.9445
80.13,224.957,222.039,223.498
80.14,222.114,216.215,219.1645
80.15,223.076,218.474,220.775
80.16,224.323,223.396,223.8595
80.17,220.764,222.226,221.495
80.18,221.659,220.375,221.017
80.19,222.452,219.612,221.032
80.2,223.246,220.642,221.944
80.21,223.136,221.575,222.3555
80.22,225.093,218.403,221.748
80.23,222.848,217.448,220.148
80.24,225.385,218.72,222.0525
80.25,223.573,221.607,222.59
80.26,225.663,218.635,222.149
80.27,222.749,217.528,220.1385
80.28,225.566,220.022,222.794
80.29,221.934,218.399,220.1665
80.3,221.718,218.78,220.249
80.31,223.921,221.356,222.6385
80.32,226.904,222.966,224.935
80.33,227.094,218.487,222.7905
80.34,226.181,221.1,223.6405
80.35,223.962,219.697,221.8295
80.36,225.876,218.359,222.1175
80.37,227.687,218.858,223.2725
80.38,229.022,221.802,225.412
80.39,227.11,216.693,221.9015
80.4,227.999,215.316,221.6575
80.41,227.342,217.805,222.5735
80.42,230.946,218.204,224.575
80.43,228.226,219.249,223.7375
80.44,226.277,216.931,221.604
80.45,224.72,219.031,221.8755
80.46,224.923,217.48,221.2015
80.47,224.403,216.714,220.5585
80.48,226.186,216.229,221.2075
80.49,224.579,217.985,221.282
80.5,223.518,218.537,221.0275
80.51,223.218,217.346,220.282
80.52,225.914,218.665,222.2895
80.53,220.36,218.764,219.562
80.54,224.177,216.139,220.158
80.55,225.81,218.714,222.262
80.56,224.4,216.663,220.5315
80.57,222.583,219.225,220.904
80.58,222.88,221.513,222.1965
80.59,224.07,219.511,221.7905
80.6,222.624,218.902,220.763
80.61,223.631,220.881,222.256
80.62,222.503,215.211,218.857
80.63,223.406,220.027,221.7165
80.64,220.308,223.134,221.721
80.65,224.692,219.385,222.0385
80.66,223.776,221.632,222.704
80.67,222.454,219.473,220.9635
80.68,224.201,220.085,222.143
80.69,223.439,215.512,219.4755
80.7,220.306,220.486,220.396
80.71,222.347,219.138,220.7425
80.72,222.758,215.918,219.338
80.73,222.813,220.211,221.512
80.74,223.079,220.965,222.022
80.75,219.706,222.303,221.0045
80.76,225.595,225.759,225.677
80.77,223.124,221.526,222.325
80.78,222.047,219.524,220.7855
80.79,221.416,222.819,222.1175
80.8,223.724,225.371,224.5475
80.81,223.119,221.274,222.1965
80.82,223.953,220.258,222.1055
80.83,225.232,218.934,222.083
80.84,224.56,221.864,223.212
80.85,228.363,218.879,223.621
80.86,226.518,219.391,222.9545
80.87,226.43,220.411,223.4205
80.88,225.31,215.081,220.1955
80.89,221.736,216.456,219.096
80.9,225.577,220.963,223.27
80.91,227.604,219.316,223.46
80.92,224.786,218.808,221.797
80.93,225.985,217.044,221.5145
80.94,225.215,220.327,222.771
80.95,226.975,221.143,224.059
80.96,223.877,221.964,222.9205
80.97,224.787,222.381,223.584
80.98,225.26,220.251,222.7555
80.99,225.537,216.802,221.1695
81,228.562,220.126,224.344
81.01,221.7,216.544,219.122
81.02,220.357,217.769,219.063
81.03,222.224,218.176,220.2
81.04,224.716,213.727,219.2215
81.05,223.488,216.398,219.943
81.06,223.082,218.764,220.923
81.07,227.714,214.9,221.307
81.08,226.972,219.36,223.166
81.09,224.222,215.845,220.0335
81.1,224.248,220.843,222.5455
81.11,226.29,217.796,222.043
81.12,226.916,215.87,221.393
81.13,228.75,216.892,222.821
81.14,230.231,216.721,223.476
81.15,224.013,218.595,221.304
81.16,225.215,222.516,223.8655
81.17,222.77,220.338,221.554
81.18,224.973,217.92,221.4465
81.19,226.231,217.665,221.948
81.2,225.016,213.988,219.502
81.21,224.043,217.75,220.8965
81.22,227.407,220.342,223.8745
81.23,222.481,218.093,220.287
81.24,225.168,219.641,222.4045
81.25,225.259,222.785,224.022
81.26,227.3,217.203,222.2515
81.27,226.787,219.931,223.359
81.28,229.278,219.441,224.3595
81.29,228.129,220.187,224.158
81.3,227.377,223.732,225.5545
81.31,225.514,221.272,223.393
81.32,224.779,219.296,222.0375
81.33,228.685,222.353,225.519
81.34,228.047,221.768,224.9075
81.35,228.094,221.144,224.619
81.36,227.87,220.586,224.228
81.37,228.039,221.385,224.712
81.38,227.977,220.842,224.4095
81.39,225.958,224.359,225.1585
81.4,225.26,218.956,222.108
81.41,229.051,220.525,224.788
81.42,227.702,217.93,222.816
81.43,226.361,225.384,225.8725
81.44,230.009,219.772,224.8905
81.45,224.623,220.77,222.6965
81.46,227.632,215.957,221.7945
81.47,225.569,219.016,222.2925
81.48,227.072,222.276,224.674
81.49,226.712,223.674,225.193
81.5,229.08,222.795,225.9375
81.51,229.862,222.358,226.11
81.52,228.742,224.386,226.564
81.53,227.891,222.871,225.381
81.54,227.442,220.342,223.892
81.55,230.378,221.86,226.119
81.56,228.268,221.68,224.974
81.57,227.407,221.081,224.244
81.58,228.367,222.214,225.2905
81.59,225.43,216.951,221.1905
81.6,228.436,217.902,223.169
81.61,226.361,221.587,223.974
81.62,226.552,221.732,224.142
81.63,227.512,220.659,224.0855
81.64,229.56,220.445,225.0025
81.65,228.037,220.268,224.1525
81.66,226.446,222.42,224.433
81.67,225.505,218.395,221.95
81.68,225.685,218.071,221.878
81.69,227.587,222.072,224.8295
81.7,225.519,218.497,222.008
81.71,225.428,214.535,219.9815
81.72,230.922,218.629,224.7755
81.73,228.237,213.93,221.0835
81.74,226.515,220.471,223.493
81.75,228.645,221.736,225.1905
81.76,228.563,221.387,224.975
81.77,224.254,223.683,223.9685
81.78,224.026,219.997,222.0115
81.79,228.127,216.366,222.2465
81.8,225.658,221.451,223.5545
81.81,225.39,219.982,222.686
81.82,228.644,216.928,222.786
81.83,224.71,217.199,220.9545
81.84,225.466,217.871,221.6685
81.85,226.33,216.33,221.33
81.86,227.069,218.825,222.947
81.87,226.143,216.874,221.5085
81.88,228.734,219.516,224.125
81.89,226.085,218.735,222.41
81.9,229.093,217.056,223.0745
81.91,229.075,219.689,224.382
81.92,229.006,218.817,223.9115
81.93,231.543,221.832,226.6875
81.94,226.379,219.839,223.109
81.95,230.184,224.423,227.3035
81.96,226.003,219.981,222.992
81.97,224.036,221.897,222.9665
81.98,226.697,224.256,225.4765
81.99,227.996,221.104,224.55
82,230.119,222.405,226.262
82.01,231.29,217.265,224.2775
82.02,228.889,219.092,223.9905
82.03,227.921,221.473,224.697
82.04,224.073,218.132,221.1025
82.05,227.618,220.218,223.918
82.06,227.77,221.72,224.745
82.07,224.839,219.056,221.9475
82.08,225.677,218.681,222.179
82.09,223.354,219.492,221.423
82.1,225.688,217.764,221.726
82.11,225.017,219.567,222.292
82.12,230.926,220.959,225.9425
82.13,224.327,222.625,223.476
82.14,225.878,219.822,222.85
82.15,227.493,218.978,223.2355
82.16,221.573,222.76,222.1665
82.17,223.043,219.322,221.1825
82.18,225.39,221.823,223.6065
82.19,224.744,221.962,223.353
82.2,223.833,221.9,222.8665
82.21,226.623,220.838,223.7305
82.22,227.123,223.254,225.1885
82.23,224.326,221.178,222.752
82.24,226.635,219.709,223.172
82.25,223.979,221.307,222.643
82.26,229.164,221.552,225.358
82.27,228.529,221.652,225.0905
82.28,227.768,222.653,225.2105
82.29,230.179,221.237,225.708
82.3,227.885,220.166,224.0255
82.31,224.883,223.776,224.3295
82.32,228.592,222.804,225.698
82.33,229.951,221.069,225.51
82.34,226.151,221.767,223.959
82.35,230.423,225.771,228.097
82.36,229.413,220.332,224.8725
82.37,227.281,218.101,222.691
82.38,225.971,218.45,222.2105
82.39,226.054,215.327,220.6905
82.4,230.709,222.729,226.719
82.41,228.121,219.502,223.8115
82.42,227.864,219.005,223.4345
82.43,229.924,217.556,223.74
82.44,230.536,219.487,225.0115
82.45,230.852,223.12,226.986
82.46,227.542,222.361,224.9515
82.47,229.409,221.633,225.521
82.48,233.858,221.451,227.6545
82.49,227.806,221.967,224.8865
82.5,230.079,222.987,226.533
82.51,229.391,222.997,226.194
82.52,231.644,220.322,225.983
82.53,229.566,218.055,223.8105
82.54,229.577,221.263,225.42
82.55,227.228,221.606,224.417
82.56,229.859,223.918,226.8885
82.57,233.001,222.582,227.7915
82.58,234.129,224.293,229.211
82.59,235.244,217.36,226.302
82.6,227.881,221.316,224.5985
82.61,230.81,223.514,227.162
82.62,229.976,222.432,226.204
82.63,231.734,222.727,227.2305
82.64,230.076,224.138,227.107
82.65,232.745,226.422,229.5835
82.66,233.611,221.407,227.509
82.67,234.161,221.367,227.764
82.68,234.766,219.06,226.913
82.69,229.546,221.067,225.3065
82.7,233.915,223.212,228.5635
82.71,230.284,221.525,225.9045
82.72,232.357,222.976,227.6665
82.73,232.505,222.38,227.4425
82.74,231.394,227.525,229.4595
82.75,237.122,227.334,232.228
82.76,231.231,224.119,227.675
82.77,228.39,223.981,226.1855
82.78,230.766,225.668,228.217
82.79,233.021,222.275,227.648
82.8,229.977,224.778,227.3775
82.81,232.484,223.744,228.114
82.82,232.032,224.708,228.37
82.83,232.769,226.091,229.43
82.84,230.089,222.891,226.49
82.85,233.854,224.893,229.3735
82.86,231.012,224.324,227.668
82.87,233.456,223.642,228.549
82.88,227.933,224.766,226.3495
82.89,232.275,226.862,229.5685
82.9,231.972,221.945,226.9585
82.91,227.091,222.184,224.6375
82.92,230.369,222.463,226.416
82.93,232.414,220.496,226.455
82.94,228.401,224.368,226.3845
82.95,228.055,222.304,225.1795
82.96,231.745,224.84,228.2925
82.97,230.191,223.104,226.6475
82.98,229.567,224.467,227.017
82.99,229.573,221.378,225.4755
83,230.885,220.443,225.664
83.01,228.638,224.46,226.549
83.02,229.883,223.205,226.544
83.03,230.005,223.282,226.6435
83.04,230.146,224.929,227.5375
83.05,229.467,222.083,225.775
83.06,228.188,222.608,225.398
83.07,228.603,220.658,224.6305
83.08,228.288,222.72,225.504
83.09,227.304,222.728,225.016
83.1,230.798,227.077,228.9375
83.11,230.71,221.609,226.1595
83.12,228.107,219.186,223.6465
83.13,224.742,217.75,221.246
83.14,228.083,220.89,224.4865
83.15,229.761,219.221,224.491
83.16,226.102,224.143,225.1225
83.17,230.028,223.171,226.5995
83.18,229.009,225.899,227.454
83.19,227.702,223.228,225.465
83.2,226.622,225.766,226.194
83.21,228.814,223.551,226.1825
83.22,230.485,223.693,227.089
83.23,230.319,221.489,225.904
83.24,228.922,222.139,225.5305
83.25,229.666,222.357,226.0115
83.26,229.966,223.838,226.902
83.27,227.726,221.369,224.5475
83.28,227.386,219.263,223.3245
83.29,227.996,227.396,227.696
83.3,231.325,222.264,226.7945
83.31,230.776,224.641,227.7085
83.32,226.991,219.65,223.3205
83.33,229.388,222.739,226.0635
83.34,228.301,226.166,227.2335
83.35,228.397,224.157,226.277
83.36,229.829,225.591,227.71
83.37,230.536,224.22,227.378
83.38,227.282,223.234,225.258
83.39,231.091,221.455,226.273
83.4,231.01,224.232,227.621
83.41,226.69,226.785,226.7375
83.42,231.855,222.04,226.9475
83.43,231.723,222.742,227.2325
83.44,230.082,222.725,226.4035
83.45,230.585,222.353,226.469
83.46,229.509,222.745,226.127
83.47,231.795,224.448,228.1215
83.48,226.45,227.193,226.8215
83.49,227.809,225.978,226.8935
83.5,228.786,222.797,225.7915
83.51,231.385,222.91,227.1475
83.52,231.122,225.616,228.369
83.53,228.277,226.126,227.2015
83.54,227.512,224.727,226.1195
83.55,228.795,223.391,226.093
83.56,225.011,225.314,225.1625
83.57,231.102,223.052,227.077
83.58,231.452,227.003,229.2275
83.59,229.069,224.559,226.814
83.6,231.292,229.074,230.183
83.61,228.232,224.451,226.3415
83.62,228.787,228.215,228.501
83.63,229.162,226.704,227.933
83.64,229.917,225.946,227.9315
83.65,228.301,220.748,224.5245
83.66,225.955,223.523,224.739
83.67,227.204,223.814,225.509
83.68,228.024,220.888,224.456
83.69,229.204,222.074,225.639
83.7,227.472,225.439,226.4555
83.71,231.628,224.334,227.981
83.72,224.339,221.943,223.141
83.73,227.021,218.615,222.818
83.74,233.113,220.49,226.8015
83.75,233.917,223.48,228.6985
83.76,228.47,222.721,225.5955
83.77,233.679,220.887,227.283
83.78,233.981,221.985,227.983
83.79,229.706,222.719,226.2125
83.8,227.32,227.563,227.4415
83.81,228.551,225.238,226.8945
83.82,227.326,225.234,226.28
83.83,228.411,224.64,226.5255
83.84,229.129,222.838,225.9835
83.85,228.604,222.093,225.3485
83.86,230.489,217.543,224.016
83.87,228.602,221.603,225.1025
83.88,229.796,221.098,225.447
83.89,232.491,223.849,228.17
83.9,230.487,221.772,226.1295
83.91,228.397,220.731,224.564
83.92,226.842,219.684,223.263
83.93,228.412,216.323,222.3675
83.94,228.143,220.51,224.3265
83.95,229.1,222.801,225.9505
83.96,230.227,220.816,225.5215
83.97,229.663,224.668,227.1655
83.98,228.984,223.863,226.4235
83.99,231.156,226.483,228.8195
84,227.244,221.775,224.5095
84.01,230.543,221.61,226.0765
84.02,229.916,221.017,225.4665
84.03,227.99,222.12,225.055
84.04,228.12,218.135,223.1275
84.05,228.413,221.893,225.153
84.06,228.132,222.686,225.409
84.07,229.407,221.356,225.3815
84.08,226.267,222.114,224.1905
84.09,225.799,221.248,223.5235
84.1,229.472,222.793,226.1325
84.11,226.64,221.911,224.2755
84.12,226.096,221.809,223.9525
84.13,227.584,222.972,225.278
84.14,226.183,223.479,224.831
84.15,228.679,221.925,225.302
84.16,227.257,219.968,223.6125
84.17,227.464,222.913,225.1885
84.18,226.741,221.871,224.306
84.19,225.888,221.683,223.7855
84.2,226.891,222.079,224.485
84.21,225.377,216.763,221.07
84.22,226.865,222.905,224.885
84.23,229.237,219.905,224.571
84.24,226.711,222.757,224.734
84.25,227.657,217.962,222.8095
84.26,227.21,219.324,223.267
84.27,226.128,218.638,222.383
84.28,229.724,219.775,224.7495
84.29,226.716,220.114,223.415
84.3,228.165,218.788,223.4765
84.31,227.538,221.527,224.5325
84.32,224.548,220.652,222.6
84.33,225.414,223.343,224.3785
84.34,225.463,224.128,224.7955
84.35,223.144,220.075,221.6095
84.36,226.913,222.133,224.523
84.37,228.692,221.466,225.079
84.38,227.876,221.55,224.713
84.39,229.904,220.623,225.2635
84.4,227.126,221.033,224.0795
84.41,228.013,223.997,226.005
84.42,224.353,225.192,224.7725
84.43,222.704,224.766,223.735
84.44,223.112,225.371,224.2415
84.45,227.793,222.668,225.2305
84.46,226.08,220.761,223.4205
84.47,227.39,221.326,224.358
84.48,229.259,227.175,228.217
84.49,228.377,223.495,225.936
84.5,226.493,225.192,225.8425
84.51,224.557,225.013,224.785
84.52,222.76,225.025,223.8925
84.53,226.637,226.384,226.5105
84.54,230.701,224.754,227.7275
84.55,225.702,219.873,222.7875
84.56,224.426,224.294,224.36
84.57,226.956,224.966,225.961
84.58,229.466,226.41,227.938
84.59,228.4,225.966,227.183
84.6,227.623,225.442,226.5325
84.61,228.457,223.165,225.811
84.62,228.6,224.281,226.4405
84.63,230.333,225.391,227.862
84.64,226.126,224.1,225.113
84.65,230.292,223.508,226.9
84.66,226.347,225.23,225.7885
84.67,228.943,221.018,224.9805
84.68,233.13,222.257,227.6935
84.69,229.531,223.61,226.5705
84.7,230.373,225.917,228.145
84.71,229.413,226.218,227.8155
84.72,230.764,226.708,228.736
84.73,229.15,225.63,227.39
84.74,231.676,228.255,229.9655
84.75,230.002,225.614,227.808
84.76,227.95,229.718,228.834
84.77,229.712,229.241,229.4765
84.78,226.556,228.698,227.627
84.79,226.92,226.317,226.6185
84.8,233.276,228.064,230.67
84.81,230.537,227.017,228.777
84.82,228.718,225.736,227.227
84.83,229.084,226.473,227.7785
84.84,230.388,226.452,228.42
84.85,230.891,223.053,226.972
84.86,228.025,220.233,224.129
84.87,230.306,227.421,228.8635
84.88,232.57,223.683,228.1265
84.89,229.296,224.116,226.706
84.9,228.159,220.978,224.5685
84.91,227.609,222.018,224.8135
84.92,229.021,223.653,226.337
84.93,226.715,223.617,225.166
84.94,228.977,227.106,228.0415
84.95,226.523,226.794,226.6585
84.96,229.539,227.699,228.619
84.97,226.144,222.571,224.3575
84.98,226.812,224.558,225.685
84.99,230.862,222.92,226.891
85,228.472,225.005,226.7385
85.01,225.764,216.141,220.9525
85.02,228.199,221.24,224.7195
85.03,226.932,221.112,224.022
85.04,228.496,221.497,224.9965
85.05,227.338,223.016,225.177
85.06,228.546,223.847,226.1965
85.07,226.306,224.804,225.555
85.08,230.436,223.842,227.139
85.09,230.125,223.93,227.0275
85.1,230.433,225.978,228.2055
85.11,229.785,225.547,227.666
85.12,226.176,226.718,226.447
85.13,223.971,224.373,224.172
85.14,229.122,224.776,226.949
85.15,229.515,225.287,227.401
85.16,223.529,224.651,224.09
85.17,229.734,224.925,227.3295
85.18,229.782,220.025,224.9035
85.19,227.552,224.498,226.025
85.2,230.679,221.965,226.322
85.21,227.816,222.675,225.2455
85.22,228.799,224.05,226.4245
85.23,225.791,223.577,224.684
85.24,226.564,224.124,225.344
85.25,229.451,224.038,226.7445
85.26,230.866,222.433,226.6495
85.27,229.152,221.222,225.187
85.28,228.705,221.721,225.213
85.29,231.047,218.949,224.998
85.3,230.87,221.747,226.3085
85.31,226.926,224.053,225.4895
85.32,223.792,224.339,224.0655
85.33,227.383,220.251,223.817
85.34,230.901,224.415,227.658
85.35,229.114,223.109,226.1115
85.36,227.897,224.394,226.1455
85.37,230.398,224.082,227.24
85.38,228.937,225.742,227.3395
85.39,231.726,222.821,227.2735
85.4,228.491,227.805,228.148
85.41,231.115,224.544,227.8295
85.42,231.967,225.72,228.8435
85.43,233.262,226.375,229.8185
85.44,229.051,226.409,227.73
85.45,226.77,224.736,225.753
85.46,230.032,228.646,229.339
85.47,232.468,222.315,227.3915
85.48,231.862,222.101,226.9815
85.49,230.779,225.629,228.204
85.5,230.249,224.222,227.2355
85.51,231.149,225.529,228.339
85.52,230.105,225.552,227.8285
85.53,227.117,226.541,226.829
85.54,228.437,226.174,227.3055
85.55,226.146,225.531,225.8385
85.56,231.529,224.853,228.191
85.57,228.927,226.535,227.731
85.58,227.156,222.337,224.7465
85.59,229.87,226.523,228.1965
85.6,225.138,225.444,225.291
85.61,227.757,223.587,225.672
85.62,226.268,220.466,223.367
85.63,228.057,222.765,225.411
85.64,228.626,219.131,223.8785
85.65,230.628,219.162,224.895
85.66,226.329,222.469,224.399
85.67,231.183,226.533,228.858
85.68,224.576,222.584,223.58
85.69,224.56,222.814,223.687
85.7,225.471,224.781,225.126
85.71,229.259,223.885,226.572
85.72,226.745,221.948,224.3465
85.73,228.812,221.531,225.1715
85.74,227.355,222.282,224.8185
85.75,227.258,222.334,224.796
85.76,225.728,220.389,223.0585
85.77,224.93,223.93,224.43
85.78,229.946,220.424,225.185
85.79,225.996,223.489,224.7425
85.8,225.751,223.189,224.47
85.81,227.055,224.389,225.722
85.82,226.881,219.229,223.055
85.83,230.172,222.532,226.352
85.84,224.264,223.825,224.0445
85.85,223.477,227.422,225.4495
85.86,230.576,224.691,227.6335
85.87,230.138,222.269,226.2035
85.88,231.485,222.251,226.868
85.89,228.763,223.27,226.0165
85.9,229.672,224.409,227.0405
85.91,227.061,220.187,223.624
85.92,228.659,223.969,226.314
85.93,232.01,224.982,228.496
85.94,229.51,224.329,226.9195
85.95,230.964,226.461,228.7125
85.96,231.494,227.131,229.3125
85.97,229.798,225.424,227.611
85.98,230.789,226.404,228.5965
85.99,229.129,226.144,227.6365
86,232.086,226.618,229.352
86.01,235.721,226.402,231.0615
86.02,230.472,219.581,225.0265
86.03,234.03,224.613,229.3215
86.04,233.632,220.809,227.2205
86.05,233.852,222.451,228.1515
86.06,231.095,223.445,227.27
86.07,232.745,220.571,226.658
86.08,234.345,225.944,230.1445
86.09,233.246,223.895,228.5705
86.1,232.752,223.17,227.961
86.11,234.975,225.998,230.4865
86.12,234.505,226.238,230.3715
86.13,236.614,227.448,232.031
86.14,234.279,226.573,230.426
86.15,236.971,224.925,230.948
86.16,236.881,224.861,230.871
86.17,232.971,225.429,229.2
86.18,232.962,226.354,229.658
86.19,235.801,226.141,230.971
86.2,235.929,225.887,230.908
86.21,232.333,223.357,227.845
86.22,238.3,228.603,233.4515
86.23,236.319,224.339,230.329
86.24,235.639,222.188,228.9135
86.25,234.349,227.758,231.0535
86.26,232.263,223.567,227.915
86.27,237.468,224.232,230.85
86.28,235.433,226.146,230.7895
86.29,231.337,225.104,228.2205
86.3,237.429,228.618,233.0235
86.31,234.587,226.03,230.3085
86.32,235.475,224.968,230.2215
86.33,232.956,221.826,227.391
86.34,232.957,222.215,227.586
86.35,233.374,223.586,228.48
86.36,232.466,225.207,228.8365
86.37,231.038,224.059,227.5485
86.38,234.253,222.583,228.418
86.39,236.257,220.099,228.178
86.4,230.671,226.305,228.488
86.41,233.309,226.696,230.0025
86.42,234.057,225.893,229.975
86.43,230.562,224.955,227.7585
86.44,234.582,223.9,229.241
86.45,237.698,224.493,231.0955
86.46,232.047,228.574,230.3105
86.47,235.489,222.933,229.211
86.48,234.791,222.814,228.8025
86.49,231.788,224.743,228.2655
86.5,232.101,223.989,228.045
86.51,227.331,223.791,225.561
86.52,229.969,224.606,227.2875
86.53,233.237,224.186,228.7115
86.54,231.633,226.732,229.1825
86.55,229.742,225.081,227.4115
86.56,229.272,220.864,225.068
86.57,228.547,225.773,227.16
86.58,226.606,222.607,224.6065
86.59,229.037,221.141,225.089
86.6,229.531,222.487,226.009
86.61,230.942,224.334,227.638
86.62,229.26,223.227,226.2435
86.63,233.729,224.14,228.9345
86.64,229.213,222.858,226.0355
86.65,231.708,224.462,228.085
86.66,229.907,222.55,226.2285
86.67,230.777,222.466,226.6215
86.68,226.803,221.35,224.0765
86.69,231.124,222.947,227.0355
86.7,228.716,224.019,226.3675
86.71,228.783,223.156,225.9695
86.72,231.718,224.441,228.0795
86.73,228.58,226.128,227.354
86.74,229.09,218.837,223.9635
86.75,230.389,220.326,225.3575
86.76,233.245,220.676,226.9605
86.77,230.948,222.499,226.7235
86.78,233.202,221.821,227.5115
86.79,229.095,224.628,226.8615
86.8,228.584,225.136,226.86
86.81,235.734,221.608,228.671
86.82,230.846,222.331,226.5885
86.83,227.125,221.359,224.242
86.84,233.38,224.224,228.802
86.85,231.074,223.083,227.0785
86.86,230.523,220.071,225.297
86.87,229.509,227.32,228.4145
86.88,234.599,225.399,229.999
86.89,233.384,221.724,227.554
86.9,234.355,223.193,228.774
86.91,230.096,218.331,224.2135
86.92,229.891,224.682,227.2865
86.93,229.686,220.547,225.1165
86.94,228.642,222.595,225.6185
86.95,231.923,225.104,228.5135
86.96,232.248,224.416,228.332
86.97,231.337,223.794,227.5655
86.98,229.648,223.277,226.4625
86.99,229.045,225.496,227.2705
87,229.841,225.177,227.509
87.01,230.055,227.545,228.8
87.02,231.364,223.966,227.665
87.03,231.662,224.662,228.162
87.04,228.409,227.651,228.03
87.05,229.775,224.495,227.135
87.06,230.17,223.944,227.057
87.07,231.114,226.312,228.713
87.08,226.931,221.571,224.251
87.09,231.268,222.164,226.716
87.1,230.17,224.764,227.467
87.11,229.129,221.926,225.5275
87.12,228.086,221.551,224.8185
87.13,229.485,222.144,225.8145
87.14,231.295,223.141,227.218
87.15,230.484,220.497,225.4905
87.16,227.03,220.59,223.81
87.17,229.992,223.537,226.7645
87.18,231.368,219.831,225.5995
87.19,233.321,219.925,226.623
87.2,231.897,220.192,226.0445
87.21,228.358,220.769,224.5635
87.22,229.061,220.814,224.9375
87.23,231.878,222.829,227.3535
87.24,230.342,224.999,227.6705
87.25,227.991,219.801,223.896
87.26,229.657,219.827,224.742
87.27,232.954,220.276,226.615
87.28,230.886,221.606,226.246
87.29,231.522,223.001,227.2615
87.3,231.037,218.513,224.775
87.31,228.096,223.35,225.723
87.32,228.679,222.722,225.7005
87.33,226.611,221.053,223.832
87.34,230.256,221.92,226.088
87.35,232.851,220.459,226.655
87.36,228.434,220.582,224.508
87.37,227.713,224.625,226.169
87.38,228.307,222.025,225.166
87.39,231.37,219.184,225.277
87.4,227.773,221.968,224.8705
87.41,227.745,220.432,224.0885
87.42,231.293,219.252,225.2725
87.43,226.699,220.975,223.837
87.44,230.317,220.895,225.606
87.45,230.224,225.965,228.0945
87.46,228.691,224.012,226.3515
87.47,229.931,221.341,225.636
87.48,230.373,221.817,226.095
87.49,227.612,223.088,225.35
87.5,230.577,219.697,225.137
87.51,231.552,220.653,226.1025
87.52,230.721,221.357,226.039
87.53,232.376,222.805,227.5905
87.54,229.885,224.012,226.9485
87.55,228.944,222.073,225.5085
87.56,231.817,222.653,227.235
87.57,231.842,219.486,225.664
87.58,229.661,220.745,225.203
87.59,229.452,222.602,226.027
87.6,231.502,223.09,227.296
87.61,226.642,221.361,224.0015
87.62,231.485,227.348,229.4165
87.63,228.379,221.705,225.042
87.64,229.988,221.748,225.868
87.65,229.763,221.201,225.482
87.66,226.534,224.957,225.7455
87.67,233.079,222.034,227.5565
87.68,230.547,224.57,227.5585
87.69,230.449,224.715,227.582
87.7,234.601,223.514,229.0575
87.71,230.359,223.511,226.935
87.72,230.897,226.414,228.6555
87.73,233.24,225.619,229.4295
87.74,235.93,222.608,229.269
87.75,233.744,224.563,229.1535
87.76,226.506,224.692,225.599
87.77,229.493,226.505,227.999
87.78,229.909,226.112,228.0105
87.79,232.798,226.94,229.869
87.8,232.488,225.858,229.173
87.81,229.377,227.388,228.3825
87.82,228.163,227.133,227.648
87.83,232.101,229.727,230.914
87.84,227.505,224.796,226.1505
87.85,232.77,223.974,228.372
87.86,226.22,226.151,226.1855
87.87,226.084,225.98,226.032
87.88,225.211,224.956,225.0835
87.89,227.794,225.821,226.8075
87.9,229.615,228.111,228.863
87.91,229.396,226.526,227.961
87.92,230.727,224.936,227.8315
87.93,228.503,225.091,226.797
87.94,231.457,225.792,228.6245
87.95,228.94,222.578,225.759
87.96,229.296,224.542,226.919
87.97,226.585,222.481,224.533
87.98,228.562,227.194,227.878
87.99,226.902,223.147,225.0245
88,233.017,224.354,228.6855
88.01,231.833,225.344,228.5885
88.02,227.225,226.259,226.742
88.03,230.427,226.105,228.266
88.04,232.275,223.941,228.108
88.05,228.365,225.451,226.908
88.06,230.948,229.334,230.141
88.07,232.109,226.481,229.295
88.08,232.615,223.033,227.824
88.09,232.464,226.715,229.5895
88.1,232.138,227.023,229.5805
88.11,231.369,227.465,229.417
88.12,230.511,230.89,230.7005
88.13,234.182,229.333,231.7575
88.14,231.842,229.727,230.7845
88.15,231.29,227.283,229.2865
88.16,229.634,231.475,230.5545
88.17,235.21,225.325,230.2675
88.18,233.306,227.138,230.222
88.19,232.748,229.904,231.326
88.2,234.814,231.066,232.94
88.21,232.293,225.328,228.8105
88.22,233.675,226.224,229.9495
88.23,237.335,225.599,231.467
88.24,235.196,227.712,231.454
88.25,235.395,225.661,230.528
88.26,233.374,225.622,229.498
88.27,234.872,227.011,230.9415
88.28,235.634,228.381,232.0075
88.29,235.386,225.855,230.6205
88.3,231.65,225.592,228.621
88.31,234.569,225.284,229.9265
88.32,231.745,227.743,229.744
88.33,232.517,227.174,229.8455
88.34,229.986,226.774,228.38
88.35,233.407,224.365,228.886
88.36,230.243,224.314,227.2785
88.37,234.75,222.828,228.789
88.38,232.985,223.844,228.4145
88.39,229.434,225.483,227.4585
88.4,231.765,219.521,225.643
88.41,230.831,225.116,227.9735
88.42,230.001,225.593,227.797
88.43,231.04,225.188,228.114
88.44,234.157,221.889,228.023
88.45,233.921,223.688,228.8045
88.46,230.498,223.946,227.222
88.47,232.4,222.088,227.244
88.48,233.505,222.912,228.2085
88.49,232.63,225.395,229.0125
88.5,232.974,225.741,229.3575
88.51,232.252,222.062,227.157
88.52,229.544,220.5,225.022
88.53,230.295,225.112,227.7035
88.54,228.346,224.455,226.4005
88.55,232.469,224.846,228.6575
88.56,233.18,222.458,227.819
88.57,232.089,221.766,226.9275
88.58,233.211,224.665,228.938
88.59,228.917,223.121,226.019
88.6,230.839,221.993,226.416
88.61,231.67,226.687,229.1785
88.62,229.875,225.808,227.8415
88.63,228.479,227.743,228.111
88.64,233.015,227.015,230.015
88.65,227.391,224.797,226.094
88.66,228.48,224.904,226.692
88.67,230.409,224.031,227.22
88.68,229.779,226.337,228.058
88.69,228.341,222.334,225.3375
88.7,230.119,222.474,226.2965
88.71,230.316,224.341,227.3285
88.72,229.178,222.322,225.75
88.73,228.193,218.508,223.3505
88.74,226.943,226.515,226.729
88.75,224.306,221.117,222.7115
88.76,229.491,220.569,225.03
88.77,231.469,223.279,227.374
88.78,228.761,225.908,227.3345
88.79,230.006,224.89,227.448
88.8,225.961,224.313,225.137
88.81,226.212,225.424,225.818
88.82,227.836,224.496,226.166
88.83,227.725,221.404,224.5645
88.84,225.287,219.962,222.6245
88.85,226.742,220.125,223.4335
88.86,229.084,224.816,226.95
88.87,224.889,219.949,222.419
88.88,226.883,223.493,225.188
88.89,232.114,223.672,227.893
88.9,227.438,224.758,226.098
88.91,228.63,224.585,226.6075
88.92,230.434,226.276,228.355
88.93,233.216,227.256,230.236
88.94,228.896,222.398,225.647
88.95,229.828,227.598,228.713
88.96,231.086,224.378,227.732
88.97,229.589,225.011,227.3
88.98,226.753,223.116,224.9345
88.99,228.629,222.781,225.705
89,232.342,222.222,227.282
89.01,229.752,222.496,226.124
89.02,227.375,223.626,225.5005
89.03,229.73,221.59,225.66
89.04,229.864,220.304,225.084
89.05,229.084,222.979,226.0315
89.06,228.151,221.29,224.7205
89.07,226.858,221.079,223.9685
89.08,227.599,222.101,224.85
89.09,227.815,221.302,224.5585
89.1,229.964,221.409,225.6865
89.11,227.983,221.769,224.876
89.12,227.014,221.466,224.24
89.13,227.952,224.107,226.0295
89.14,226.275,226.491,226.383
89.15,227.428,220.466,223.947
89.16,227.733,219.98,223.8565
89.17,229.573,221.097,225.335
89.18,225.282,221.151,223.2165
89.19,225.642,216.914,221.278
89.2,229.475,222.202,225.8385
89.21,231.21,220.446,225.828
89.22,231.018,223.036,227.027
89.23,230.805,221.864,226.3345
89.24,228.36,223.506,225.933
89.25,228.641,220.215,224.428
89.26,229.072,226.885,227.9785
89.27,228.55,221.389,224.9695
89.28,229.908,222.706,226.307
89.29,229.465,224.763,227.114
89.3,228.748,222.722,225.735
89.31,231.781,223.568,227.6745
89.32,230.712,224.864,227.788
89.33,226.907,224.458,225.6825
89.34,228.847,225.928,227.3875
89.35,228.4,220.006,224.203
89.36,227.824,227.639,227.7315
89.37,229.041,225.846,227.4435
89.38,229.958,226.926,228.442
89.39,231.154,225.667,228.4105
89.4,232.258,228.327,230.2925
89.41,227.622,226.422,227.022
89.42,231.375,222.583,226.979
89.43,226.5,223.364,224.932
89.44,231.435,224.766,228.1005
89.45,228.978,223.327,226.1525
89.46,230.408,222.169,226.2885
89.47,230.199,225.455,227.827
89.48,227.807,224.574,226.1905
89.49,232.176,224.151,228.1635
89.5,232.514,224.5,228.507
89.51,229.567,224.245,226.906
89.52,228.56,223.612,226.086
89.53,229.692,223.308,226.5
89.54,231.103,222.96,227.0315
89.55,231.068,222.542,226.805
89.56,229.953,226.529,228.241
89.57,227.815,222.634,225.2245
89.58,230.285,224.995,227.64
89.59,227.798,224.173,225.9855
89.6,227.307,223.253,225.28
89.61,228.763,222.552,225.6575
89.62,227.303,226.872,227.0875
89.63,228.998,226.388,227.693
89.64,224.831,222.459,223.645
89.65,228.137,224.077,226.107
89.66,226.12,220.602,223.361
89.67,226.544,223.382,224.963
89.68,226.512,223.07,224.791
89.69,227.352,223.976,225.664
89.7,228.863,222.833,225.848
89.71,227.838,222.221,225.0295
89.72,224.063,222.996,223.5295
89.73,226.971,226.548,226.7595
89.74,225.209,228.12,226.6645
89.75,227.04,223.644,225.342
89.76,226.836,224.855,225.8455
89.77,224.634,222.61,223.622
89.78,231.085,222.42,226.7525
89.79,227.57,223.356,225.463
89.8,228.516,224.16,226.338
89.81,228.641,226.721,227.681
89.82,229.692,222.745,226.2185
89.83,233.273,220.935,227.104
89.84,231.38,226.93,229.155
89.85,228.143,223.963,226.053
89.86,225.95,222.534,224.242
89.87,226.232,223.292,224.762
89.88,223.369,222.302,222.8355
89.89,225.03,221.856,223.443
89.9,226.894,223.929,225.4115
89.91,226.042,226.304,226.173
89.92,227.18,224.203,225.6915
89.93,226.094,222.07,224.082
89.94,226.367,224.201,225.284
89.95,224.73,222.534,223.632
89.96,226.193,220.362,223.2775
89.97,225.874,221.872,223.873
89.98,227.352,219.337,223.3445
89.99,228.408,223.595,226.0015
90,231.767,223.849,227.808
90.01,226.311,224.256,225.2835
90.02,227.504,222.609,225.0565
90.03,231.132,221.74,226.436
90.04,227.754,220.251,224.0025
90.05,228.741,221.133,224.937
90.06,225.436,219.608,222.522
90.07,225.009,221.477,223.243
90.08,226.294,223.183,224.7385
90.09,227.905,222.645,225.275
90.1,230.453,226.793,228.623
90.11,228.345,226.986,227.6655
90.12,228.685,225.646,227.1655
90.13,228.358,224.968,226.663
90.14,226.051,225.968,226.0095
90.15,232.237,225.614,228.9255
90.16,226.281,225.978,226.1295
90.17,228.656,224.965,226.8105
90.18,228.036,223.104,225.57
90.19,230.918,227.314,229.116
90.2,234.723,223.303,229.013
90.21,228.516,225.159,226.8375
90.22,227.55,224.211,225.8805
90.23,232.013,223.465,227.739
90.24,227.992,224.384,226.188
90.25,224.529,224.164,224.3465
90.26,229.941,226.334,228.1375
90.27,227.898,223.536,225.717
90.28,225.826,224.306,225.066
90.29,230.191,224.517,227.354
90.3,228.096,227.272,227.684
90.31,226.019,222.361,224.19
90.32,227.627,220.214,223.9205
90.33,228.144,217.818,222.981
90.34,229.316,218.849,224.0825
90.35,228.53,221.351,224.9405
90.36,229.131,223.668,226.3995
90.37,228.07,225.951,227.0105
90.38,230.625,221.365,225.995
90.39,230.583,219.076,224.8295
90.4,231.582,224.112,227.847
90.41,230.14,221.965,226.0525
90.42,226.47,222.22,224.345
90.43,227.253,220.704,223.9785
90.44,230.236,218.774,224.505
90.45,226.94,220.679,223.8095
90.46,227.612,222.713,225.1625
90.47,229.931,221.297,225.614
90.48,229.885,220.607,225.246
90.49,231.231,220.13,225.6805
90.5,226.365,219.083,222.724
90.51,227.503,221.686,224.5945
90.52,227.663,222.186,224.9245
90.53,227.958,223.749,225.8535
90.54,230.232,219.943,225.0875
90.55,228.923,223.956,226.4395
90.56,225.523,224.141,224.832
90.57,226.455,223.355,224.905
90.58,226.915,220.899,223.907
90.59,226.036,222.946,224.491
90.6,228.172,224.267,226.2195
90.61,230.151,224.717,227.434
90.62,228.754,222.692,225.723
90.63,229.62,224.664,227.142
90.64,225.141,222.779,223.96
90.65,226.884,225.054,225.969
90.66,228.758,222.282,225.52
90.67,229.13,223.183,226.1565
90.68,228.988,224.57,226.779
90.69,228.892,221.463,225.1775
90.7,225.51,223.596,224.553
90.71,223.856,224.388,224.122
90.72,228.218,226.411,227.3145
90.73,226.084,228.267,227.1755
90.74,224.709,227.096,225.9025
90.75,224.212,226.337,225.2745
90.76,227.808,228.639,228.2235
90.77,227.817,228.942,228.3795
90.78,226.969,225.834,226.4015
90.79,228.199,224.989,226.594
90.8,228.856,227.815,228.3355
90.81,227.735,223.882,225.8085
90.82,226.012,224.55,225.281
90.83,226.892,223.53,225.211
90.84,226.867,227.835,227.351
90.85,227.578,224.171,225.8745
90.86,229.799,227.244,228.5215
90.87,229.979,226.117,228.048
90.88,226.903,225.016,225.9595
90.89,224.094,224.305,224.1995
90.9,224.022,228.106,226.064
90.91,226.317,228.592,227.4545
90.92,223.807,230.539,227.173
90.93,222.189,227.746,224.9675
90.94,224.684,228.051,226.3675
90.95,226.188,225.938,226.063
90.96,225.916,228.024,226.97
90.97,224.527,225.602,225.0645
90.98,230.208,226.621,228.4145
90.99,229.892,223.873,226.8825
91,229.955,224.561,227.258
91.01,227.004,225.239,226.1215
91.02,223.649,223.485,223.567
91.03,226.497,225.394,225.9455
91.04,228.163,224.607,226.385
91.05,226.131,224.657,225.394
91.06,224.748,221.905,223.3265
91.07,226.144,224.122,225.133
91.08,230.998,226.088,228.543
91.09,228.81,225.043,226.9265
91.1,228.847,226.659,227.753
91.11,228.084,225.8,226.942
91.12,226.202,227.005,226.6035
91.13,230.307,226.12,228.2135
91.14,228.695,226.863,227.779
91.15,230.347,225.631,227.989
91.16,228.303,226.614,227.4585
91.17,227.492,224.293,225.8925
91.18,228.189,227.021,227.605
91.19,227.133,225.38,226.2565
91.2,227.042,225.704,226.373
91.21,233.846,225.128,229.487
91.22,226.552,223.046,224.799
91.23,227.738,225.913,226.8255
91.24,227.314,224.968,226.141
91.25,226.864,230.903,228.8835
91.26,223.534,225.12,224.327
91.27,228.504,221.906,225.205
91.28,230.593,225.911,228.252
91.29,231.239,219.527,225.383
91.3,228.048,224.825,226.4365
91.31,223.042,221.977,222.5095
91.32,228.975,221.63,225.3025
91.33,225.527,227.085,226.306
91.34,228.577,226.099,227.338
91.35,226.997,229.333,228.165
91.36,225.808,224.532,225.17
91.37,226.276,223.05,224.663
91.38,231.849,226.458,229.1535
91.39,229.934,225.248,227.591
91.4,230.143,224.954,227.5485
91.41,227.777,227.479,227.628
91.42,227.503,227.155,227.329
91.43,224.71,227.27,225.99
91.44,227.04,231.135,229.0875
91.45,229.247,225.712,227.4795
91.46,224.73,226.683,225.7065
91.47,227.926,230.414,229.17
91.48,227.954,228.169,228.0615
91.49,228.238,229.355,228.7965
91.5,228.581,227.103,227.842
91.51,227.381,228.41,227.8955
91.52,228.43,226.252,227.341
91.53,228.138,227.383,227.7605
91.54,229.624,226.488,228.056
91.55,226.451,228.294,227.3725
91.56,224.09,226.815,225.4525
91.57,225.204,230.028,227.616
91.58,228.007,228.443,228.225
91.59,223.687,228.033,225.86
91.6,223.374,228.492,225.933
91.61,225.667,228.454,227.0605
91.62,225.834,226.523,226.1785
91.63,226.58,225.037,225.8085
91.64,225.566,226.256,225.911
91.65,223.501,228.751,226.126
91.66,222.633,225.303,223.968
91.67,225.327,226.14,225.7335
91.68,225.583,227.41,226.4965
91.69,228.052,229.132,228.592
91.7,227.249,230.935,229.092
91.71,225.547,224.835,225.191
91.72,226.452,230.315,228.3835
91.73,227.536,227.716,227.626
91.74,228.469,226.039,227.254
91.75,225.11,222.882,223.996
91.76,225.454,221.796,223.625
91.77,226.302,222.642,224.472
91.78,227.409,224.211,225.81
91.79,224.954,224.866,224.91
91.8,227.492,225.883,226.6875
91.81,223.821,227.021,225.421
91.82,227.232,225.277,226.2545
91.83,229.534,227.909,228.7215
91.84,227.98,226.806,227.393
91.85,223.559,227.249,225.404
91.86,225.939,227.753,226.846
91.87,225.923,228.505,227.214
91.88,227.37,229.068,228.219
91.89,227.623,223.641,225.632
91.9,226.783,225.931,226.357
91.91,225.64,228.331,226.9855
91.92,227.457,231.001,229.229
91.93,229.467,229.444,229.4555
91.94,227.268,223.647,225.4575
91.95,227.113,226.761,226.937
91.96,227.557,225.572,226.5645
91.97,229.115,229.375,229.245
91.98,225.736,225.968,225.852
91.99,225.683,226.345,226.014
92,225.04,222.546,223.793
92.01,227.046,225.922,226.484
92.02,224.924,228.373,226.6485
92.03,225.251,225.164,225.2075
92.04,229.331,222.178,225.7545
92.05,222.607,221.63,222.1185
92.06,228.022,220.183,224.1025
92.07,226.037,218.594,222.3155
92.08,226.341,219.005,222.673
92.09,225.188,223.076,224.132
92.1,227.324,227.851,227.5875
92.11,226.256,222.779,224.5175
92.12,224.218,224.44,224.329
92.13,225.959,225.819,225.889
92.14,226.472,226.011,226.2415
92.15,224.358,227.133,225.7455
92.16,225.355,225.497,225.426
92.17,223.811,226.586,225.1985
92.18,227.91,222.271,225.0905
92.19,225.052,225.126,225.089
92.2,229.277,222.434,225.8555
92.21,225.51,221.716,223.613
92.22,231.234,227.647,229.4405
92.23,225.63,220.772,223.201
92.24,227.337,220.442,223.8895
92.25,230.178,224.965,227.5715
92.26,225.806,223.259,224.5325
92.27,226.411,225.482,225.9465
92.28,226.015,223.94,224.9775
92.29,225.672,224.684,225.178
92.3,227.745,224.251,225.998
92.31,227.774,228.641,228.2075
92.32,225.128,222.625,223.8765
92.33,228.29,221.349,224.8195
92.34,228.512,224.435,226.4735
92.35,228.853,223.69,226.2715
92.36,229.574,227.173,228.3735
92.37,228.799,222.127,225.463
92.38,226.828,219.754,223.291
92.39,225.009,224.473,224.741
92.4,221.603,219.63,220.6165
92.41,224.552,224.526,224.539
92.42,227.641,222.608,225.1245
92.43,226.189,223.28,224.7345
92.44,228.293,221.061,224.677
92.45,225.296,222.1,223.698
92.46,226.05,220.177,223.1135
92.47,225.74,223.182,224.461
92.48,228.368,224.965,226.6665
92.49,226.793,225.299,226.046
92.5,224.472,220.205,222.3385
92.51,226.911,222.811,224.861
92.52,227.729,222.96,225.3445
92.53,226.334,223.349,224.8415
92.54,227.557,225.561,226.559
92.55,226.413,224.892,225.6525
92.56,225.302,223.886,224.594
92.57,225.829,223.805,224.817
92.58,228.16,228.93,228.545
92.59,228.531,226.003,227.267
92.6,226.829,227.682,227.2555
92.61,230.254,225.521,227.8875
92.62,228.353,224.664,226.5085
92.63,226.333,223.699,225.016
92.64,227.135,225.042,226.0885
92.65,226.554,226.972,226.763
92.66,228.434,223.881,226.1575
92.67,227.072,223.68,225.376
92.68,226.489,225.931,226.21
92.69,224.542,222.725,223.6335
92.7,226.488,224.111,225.2995
92.71,222.934,222.884,222.909
92.72,224.89,220.848,222.869
92.73,226.955,220.196,223.5755
92.74,221.604,220.949,221.2765
92.75,221.931,225.521,223.726
92.76,223.506,222.452,222.979
92.77,223.145,225.564,224.3545
92.78,221.282,224.72,223.001
92.79,225.036,226.628,225.832
92.8,220.997,223.846,222.4215
92.81,222.35,224.645,223.4975
92.82,223.804,225.065,224.4345
92.83,225.191,223.482,224.3365
92.84,225.627,222.852,224.2395
92.85,227.148,224.137,225.6425
92.86,226.482,223.084,224.783
92.87,223.655,220.98,222.3175
92.88,224.759,222.663,223.711
92.89,225.211,221.308,223.2595
92.9,225.252,227.02,226.136
92.91,226.911,226.265,226.588
92.92,225.171,222.577,223.874
92.93,222.946,223.631,223.2885
92.94,222.239,223.652,222.9455
92.95,222.851,224.638,223.7445
92.96,225.781,223.83,224.8055
92.97,227.05,225.832,226.441
92.98,224.643,225.716,225.1795
92.99,225.349,225.994,225.6715
93,225.518,226.207,225.8625
93.01,223.009,221.835,222.422
93.02,224.484,222.552,223.518
93.03,225.624,222.385,224.0045
93.04,226.365,220.719,223.542
93.05,224.925,224.004,224.4645
93.06,228.142,222.557,225.3495
93.07,220.877,224.445,222.661
93.08,223.615,224.293,223.954
93.09,224.53,225.89,225.21
93.1,228.982,223.347,226.1645
93.11,222.969,223.653,223.311
93.12,224.84,222.505,223.6725
93.13,223.911,223.851,223.881
93.14,227.039,220.921,223.98
93.15,227.238,224.462,225.85
93.16,227.341,222.938,225.1395
93.17,222.076,223.022,222.549
93.18,222.704,224.424,223.564
93.19,220.492,223.274,221.883
93.2,223.634,223.912,223.773
93.21,224.071,221.766,222.9185
93.22,225.656,224.887,225.2715
93.23,227.557,222.075,224.816
93.24,224.187,224.292,224.2395
93.25,223.873,221.398,222.6355
93.26,221.311,217.498,219.4045
93.27,220.353,220.582,220.4675
93.28,222.485,223.784,223.1345
93.29,221.303,219.253,220.278
93.3,224.51,221.325,222.9175
93.31,223.399,218.463,220.931
93.32,224.138,225.447,224.7925
93.33,224.629,223.964,224.2965
93.34,224.408,223.258,223.833
93.35,224.93,223.967,224.4485
93.36,225.607,223.698,224.6525
93.37,224.818,224.778,224.798
93.38,226.167,221.949,224.058
93.39,227.006,221.657,224.3315
93.4,227.668,220.149,223.9085
93.41,224.826,223.1,223.963
93.42,221.934,222.267,222.1005
93.43,226.113,221.375,223.744
93.44,223.876,222.501,223.1885
93.45,225.301,221.504,223.4025
93.46,224.331,219.504,221.9175
93.47,228.684,223.142,225.913
93.48,227.203,221.342,224.2725
93.49,223.695,221.611,222.653
93.5,223.184,219.396,221.29
93.51,226.294,220.934,223.614
93.52,224.604,219.222,221.913
93.53,225.406,221.989,223.6975
93.54,226.229,221.822,224.0255
93.55,224.267,223.983,224.125
93.56,224.977,221.752,223.3645
93.57,225.726,220.931,223.3285
93.58,226.196,225.502,225.849
93.59,223.957,220.531,222.244
93.6,225.823,221.582,223.7025
93.61,225.227,221.278,223.2525
93.62,227.462,220.105,223.7835
93.63,222.367,218.275,220.321
93.64,224.06,220.218,222.139
93.65,224.099,221.844,222.9715
93.66,227.444,223.438,225.441
93.67,227.79,225.71,226.75
93.68,225.215,227.706,226.4605
93.69,223.207,227.415,225.311
93.7,224.666,225.273,224.9695
93.71,222.709,226.062,224.3855
93.72,222.4,223.855,223.1275
93.73,221.863,226.213,224.038
93.74,223.64,222.495,223.0675
93.75,221.975,222.069,222.022
93.76,220.726,223.226,221.976
93.77,225.152,222.403,223.7775
93.78,226.312,225.116,225.714
93.79,224.71,224.023,224.3665
93.8,225.915,225.74,225.8275
93.81,226.133,222.213,224.173
93.82,226.967,224.033,225.5
93.83,222.649,221.554,222.1015
93.84,226.531,221.898,224.2145
93.85,225.947,223.51,224.7285
93.86,226.014,224.684,225.349
93.87,225.901,224.862,225.3815
93.88,225.401,225.128,225.2645
93.89,226.35,222.666,224.508
93.9,225.566,221.919,223.7425
93.91,225.621,227.656,226.6385
93.92,224.554,222.546,223.55
93.93,224.493,221.768,223.1305
93.94,226.099,224.134,225.1165
93.95,225.482,222.931,224.2065
93.96,225.318,224.479,224.8985
93.97,226.565,223.764,225.1645
93.98,225.119,221.589,223.354
93.99,225.694,224.295,224.9945
94,225.633,225,225.3165
94.01,227.024,227.664,227.344
94.02,226.674,226.908,226.791
94.03,226.932,227.476,227.204
94.04,223.125,224.556,223.8405
94.05,226.261,223.571,224.916
94.06,228.605,221.027,224.816
94.07,226.262,225.689,225.9755
94.08,227.799,221.775,224.787
94.09,224.662,223.825,224.2435
94.1,230.355,224.439,227.397
94.11,228.884,219.524,224.204
94.12,229.226,219.372,224.299
94.13,228.218,227.031,227.6245
94.14,229.815,223.257,226.536
94.15,232.631,226.197,229.414
94.16,230.867,225.407,228.137
94.17,227.557,227.883,227.72
94.18,228.65,226.981,227.8155
94.19,229.419,227.284,228.3515
94.2,229.299,228.068,228.6835
94.21,225.334,227.697,226.5155
94.22,228.579,223.942,226.2605
94.23,228.104,223.467,225.7855
94.24,226.94,226.759,226.8495
94.25,228.67,224.548,226.609
94.26,224.618,227.167,225.8925
94.27,227.106,225.748,226.427
94.28,226.588,223.702,225.145
94.29,225.726,225.816,225.771
94.3,225.656,223.322,224.489
94.31,224.408,222.928,223.668
94.32,225.554,219.941,222.7475
94.33,225.607,224.586,225.0965
94.34,228.802,222.273,225.5375
94.35,225.329,222.889,224.109
94.36,229.982,223.51,226.746
94.37,223.94,219.652,221.796
94.38,224.959,218.924,221.9415
94.39,229.256,218.866,224.061
94.4,226.218,219.535,222.8765
94.41,227.878,221.621,224.7495
94.42,223.138,219.418,221.278
94.43,224.763,218.616,221.6895
94.44,225.322,221.129,223.2255
94.45,225.09,220.029,222.5595
94.46,225.928,221.233,223.5805
94.47,227.344,224.297,225.8205
94.48,227.926,227.734,227.83
94.49,225.334,222.076,223.705
94.5,227.747,220.507,224.127
94.51,226.615,223.429,225.022
94.52,224.694,222.535,223.6145
94.53,228.191,222.242,225.2165
94.54,225.12,221.795,223.4575
94.55,226.638,219.139,222.8885
94.56,228.221,222.771,225.496
94.57,227.274,225.271,226.2725
94.58,224.703,223.03,223.8665
94.59,226.103,221.202,223.6525
94.6,225.925,222.632,224.2785
94.61,227.199,220.632,223.9155
94.62,227.395,221.867,224.631
94.63,226.202,222.205,224.2035
94.64,226.41,220.014,223.212
94.65,227.366,220.283,223.8245
94.66,225.046,223.337,224.1915
94.67,224.761,223.697,224.229
94.68,228.269,225.688,226.9785
94.69,226.547,221.012,223.7795
94.7,227.984,220.399,224.1915
94.71,224.544,223.193,223.8685
94.72,227.814,226.227,227.0205
94.73,228.469,226.943,227.706
94.74,225.953,224.375,225.164
94.75,226.128,224.16,225.144
94.76,229.168,223.707,226.4375
94.77,224.803,223.294,224.0485
94.78,229.159,221.034,225.0965
94.79,227.246,224.741,225.9935
94.8,227.341,222.699,225.02
94.81,228.735,224.018,226.3765
94.82,227.153,221.924,224.5385
94.83,229.043,222.099,225.571
94.84,230.313,218.228,224.2705
94.85,232.076,222.245,227.1605
94.86,233.04,221.705,227.3725
94.87,230.896,219.616,225.256
94.88,229.398,221.926,225.662
94.89,231.451,223.504,227.4775
94.9,232.193,223.99,228.0915
94.91,229.666,220.008,224.837
94.92,228.713,221.589,225.151
94.93,232.958,221.667,227.3125
94.94,230.09,221.428,225.759
94.95,227.311,222.911,225.111
94.96,229.977,223.771,226.874
94.97,226.215,223.354,224.7845
94.98,228.039,220.471,224.255
94.99,227.275,220.838,224.0565
95,232.219,222.757,227.488
95.01,229.574,223.983,226.7785
95.02,230.059,220.202,225.1305
95.03,230.69,220.127,225.4085
95.04,229.219,221.64,225.4295
95.05,230.004,219.93,224.967
95.06,225.917,219.705,222.811
95.07,227.57,220.919,224.2445
95.08,226.848,219.608,223.228
95.09,227.515,221.734,224.6245
95.1,227.196,220.492,223.844
95.11,226.144,218.074,222.109
95.12,223.464,219.244,221.354
95.13,224.449,217.559,221.004
95.14,226.066,218.11,222.088
95.15,223.777,222.335,223.056
95.16,220.88,222.362,221.621
95.17,226.337,220.924,223.6305
95.18,222.745,221.009,221.877
95.19,224.974,220.413,222.6935
95.2,220.977,221.562,221.2695
95.21,226.971,219.001,222.986
95.22,225.712,223.244,224.478
95.23,225.35,224.305,224.8275
95.24,228.727,222.426,225.5765
95.25,229.713,225.547,227.63
95.26,232.066,225.567,228.8165
95.27,231.652,224.031,227.8415
95.28,229.694,221.695,225.6945
95.29,226.04,224.602,225.321
95.3,225.391,223.359,224.375
95.31,229.881,225.796,227.8385
95.32,228.948,224.127,226.5375
95.33,226.636,223.866,225.251
95.34,228.661,220.585,224.623
95.35,228.134,223.113,225.6235
95.36,225.687,226.429,226.058
95.37,224.514,223.131,223.8225
95.38,227.984,222.818,225.401
95.39,225.44,224.694,225.067
95.4,227.63,220.54,224.085
95.41,229.883,229,229.4415
95.42,232.269,226.928,229.5985
95.43,227.422,224.682,226.052
95.44,224.809,225.122,224.9655
95.45,229.316,224.822,227.069
95.46,226.045,225.506,225.7755
95.47,226.297,228.64,227.4685
95.48,229.347,226.52,227.9335
95.49,228.204,224.528,226.366
95.5,226.836,224.484,225.66
95.51,227.679,222.728,225.2035
95.52,234.078,222.161,228.1195
95.53,232.34,225.537,228.9385
95.54,232.422,226.721,229.5715
95.55,230.209,222.752,226.4805
95.56,229.179,221.715,225.447
95.57,228.171,227.559,227.865
95.58,227.345,221.073,224.209
95.59,224.944,227.38,226.162
95.6,228.463,225.958,227.2105
95.61,230.051,224.986,227.5185
95.62,226.704,227.247,226.9755
95.63,234.622,223.772,229.197
95.64,231.014,227.685,229.3495
95.65,230.83,225.743,228.2865
95.66,227.441,222.747,225.094
95.67,229.008,226.232,227.62
95.68,227.498,225.453,226.4755
95.69,229.141,225.589,227.365
95.7,225.651,223.662,224.6565
95.71,224.388,225.427,224.9075
95.72,228.369,221.206,224.7875
95.73,227.681,224.634,226.1575
95.74,228.484,220.421,224.4525
95.75,229.852,222.614,226.233
95.76,232.211,222.128,227.1695
95.77,228.65,223.864,226.257
95.78,229.692,225.926,227.809
95.79,228.23,223.539,225.8845
95.8,229.447,220.127,224.787
95.81,229.426,220.004,224.715
95.82,229.465,224.889,227.177
95.83,228.016,224.834,226.425
95.84,229.008,224.388,226.698
95.85,230.627,225.202,227.9145
95.86,230.51,225.225,227.8675
95.87,231.25,224.099,227.6745
95.88,228.939,219.7,224.3195
95.89,228.691,220.254,224.4725
95.9,226.126,221.874,224
95.91,227.52,222.258,224.889
95.92,222.099,227.703,224.901
95.93,228.061,223.005,225.533
95.94,228.026,221.463,224.7445
95.95,226.052,220.059,223.0555
95.96,228.684,221.285,224.9845
95.97,224.019,224.482,224.2505
95.98,228.284,219.267,223.7755
95.99,226.783,220.042,223.4125
96,223.746,221.221,222.4835
96.01,222.352,219.593,220.9725
96.02,224.521,221.539,223.03
96.03,223.458,219.084,221.271
96.04,225.366,226.081,225.7235
96.05,224.434,223.087,223.7605
96.06,225.742,222.203,223.9725
96.07,223.083,221.657,222.37
96.08,224.822,221.437,223.1295
96.09,225.603,221.222,223.4125
96.1,223.445,223.777,223.611
96.11,222.085,222.967,222.526
96.12,224.464,220.61,222.537
96.13,228.002,223.814,225.908
96.14,225.038,225.158,225.098
96.15,227.95,216.904,222.427
96.16,228.068,220.564,224.316
96.17,225.317,221.88,223.5985
96.18,223.772,224.731,224.2515
96.19,225.418,222.54,223.979
96.2,228.838,220.916,224.877
96.21,223.921,220.781,222.351
96.22,225.17,221.051,223.1105
96.23,228.01,223.712,225.861
96.24,227.209,219.938,223.5735
96.25,227.372,224.856,226.114
96.26,223.274,222.898,223.086
96.27,226.45,222.311,224.3805
96.28,223.833,221.26,222.5465
96.29,226.293,222.439,224.366
96.3,229.533,224.821,227.177
96.31,227.691,222.32,225.0055
96.32,227.888,222.088,224.988
96.33,229.512,219.537,224.5245
96.34,228.341,220.641,224.491
96.35,228.902,217.769,223.3355
96.36,228.566,221.959,225.2625
96.37,228.157,219.068,223.6125
96.38,228.91,217.354,223.132
96.39,229.004,221.505,225.2545
96.4,231.657,220.976,226.3165
96.41,232.528,218.292,225.41
96.42,230.222,219.081,224.6515
96.43,230.286,220.736,225.511
96.44,229.981,218.361,224.171
96.45,228.867,219.888,224.3775
96.46,230.733,221.497,226.115
96.47,233.203,218.2,225.7015
96.48,228.813,222.778,225.7955
96.49,231.565,219.694,225.6295
96.5,227.966,222.289,225.1275
96.51,230.337,221.998,226.1675
96.52,229.917,221.375,225.646
96.53,230.401,221.454,225.9275
96.54,229.604,222.583,226.0935
96.55,231.575,227.301,229.438
96.56,233.574,226.672,230.123
96.57,228.743,222.517,225.63
96.58,230.05,224.454,227.252
96.59,231.592,226.368,228.98
96.6,230.557,223.774,227.1655
96.61,229.114,223.859,226.4865
96.62,228.76,225.289,227.0245
96.63,229.964,224.408,227.186
96.64,234.274,229.264,231.769
96.65,228.376,226.227,227.3015
96.66,233.877,221.745,227.811
96.67,232.389,221.718,227.0535
96.68,232.012,222.593,227.3025
96.69,229.462,223.364,226.413
96.7,231.494,223.869,227.6815
96.71,228.318,221.061,224.6895
96.72,227.297,223.232,225.2645
96.73,229.167,224.277,226.722
96.74,230.744,225.579,228.1615
96.75,231.717,223.327,227.522
96.76,229.432,223.253,226.3425
96.77,233.951,221.732,227.8415
96.78,231.771,218.656,225.2135
96.79,228.961,222.13,225.5455
96.8,229.591,222.102,225.8465
96.81,229.034,223.332,226.183
96.82,231.077,220.783,225.93
96.83,229.158,220.884,225.021
96.84,229.098,225.542,227.32
96.85,229.66,223.997,226.8285
96.86,231.146,222.343,226.7445
96.87,232.228,224.01,228.119
96.88,231.588,225.043,228.3155
96.89,232.342,223.027,227.6845
96.9,228.549,221.733,225.141
96.91,229.56,224.525,227.0425
96.92,232.324,224.243,228.2835
96.93,231.521,223.091,227.306
96.94,228.649,223.434,226.0415
96.95,231.559,221.288,226.4235
96.96,229.58,225.783,227.6815
96.97,231.149,223.57,227.3595
96.98,232.351,223.878,228.1145
96.99,230.26,223.585,226.9225
97,231.164,219.999,225.5815
97.01,231.433,221.169,226.301
97.02,226.458,223.282,224.87
97.03,226.867,218.202,222.5345
97.04,227.53,220.016,223.773
97.05,227.347,218.982,223.1645
97.06,224.267,218.057,221.162
97.07,224.897,217.562,221.2295
97.08,227.213,218.887,223.05
97.09,225.669,220.88,223.2745
97.1,227.188,221.83,224.509
97.11,226.266,221.809,224.0375
97.12,224.786,218.056,221.421
97.13,225.284,220.823,223.0535
97.14,225.67,220.616,223.143
97.15,229.645,220.458,225.0515
97.16,226.614,220.394,223.504
97.17,226.057,222.14,224.0985
97.18,225.89,221.168,223.529
97.19,225.825,222.248,224.0365
97.2,224.418,219.138,221.778
97.21,226.564,220.276,223.42
97.22,225.047,222.082,223.5645
97.23,224.987,223.039,224.013
97.24,225.877,221.733,223.805
97.25,224.283,219.068,221.6755
97.26,225.498,221.828,223.663
97.27,228.97,220.769,224.8695
97.28,225.603,220.325,222.964
97.29,222.726,221.142,221.934
97.3,225.907,222.956,224.4315
97.31,225.893,221.403,223.648
97.32,223.972,221.408,222.69
97.33,224.236,222.456,223.346
97.34,226.072,223.723,224.8975
97.35,222.969,224.922,223.9455
97.36,225.539,220.563,223.051
97.37,223.861,218.088,220.9745
97.38,224.107,223,223.5535
97.39,225.828,222.02,223.924
97.4,228.28,222.74,225.51
97.41,223.647,222.357,223.002
97.42,227.094,221.077,224.0855
97.43,223.054,226.011,224.5325
97.44,222.667,220.886,221.7765
97.45,225.809,223.938,224.8735
97.46,224.349,224.854,224.6015
97.47,226.715,221.523,224.119
97.48,225.118,219.69,222.404
97.49,228.276,226.357,227.3165
97.5,226.272,224.55,225.411
97.51,226.424,223.226,224.825
97.52,222.613,217.634,220.1235
97.53,228.249,219.242,223.7455
97.54,223.212,220.887,222.0495
97.55,223.396,222.761,223.0785
97.56,227.274,222.68,224.977
97.57,221.4,220.352,220.876
97.58,222.555,220.933,221.744
97.59,224.362,220.148,222.255
97.6,220.755,221.171,220.963
97.61,223.361,220.932,222.1465
97.62,225.285,226.987,226.136
97.63,225.062,220.952,223.007
97.64,222.567,223.325,222.946
97.65,224.281,222.233,223.257
97.66,225.64,222.653,224.1465
97.67,223.186,221.754,222.47
97.68,222.022,223.868,222.945
97.69,225.979,220.524,223.2515
97.7,228.107,222.06,225.0835
97.71,225.517,228.469,226.993
97.72,227.695,223.84,225.7675
97.73,225.932,223.758,224.845
97.74,226.664,220.975,223.8195
97.75,228.447,223.338,225.8925
97.76,224.886,222.871,223.8785
97.77,225.241,223.787,224.514
97.78,225.64,225.785,225.7125
97.79,227.892,221.375,224.6335
97.8,227.368,222.588,224.978
97.81,225.598,221.584,223.591
97.82,224.8,223.831,224.3155
97.83,224.989,221.368,223.1785
97.84,224.553,222.074,223.3135
97.85,227.41,222.243,224.8265
97.86,228.599,225.077,226.838
97.87,229.122,222.01,225.566
97.88,226.269,221.624,223.9465
97.89,228.425,220.926,224.6755
97.9,227.73,225.26,226.495
97.91,228.59,219.193,223.8915
97.92,229.623,219.116,224.3695
97.93,228.934,222.867,225.9005
97.94,230.555,226.557,228.556
97.95,229.429,222.126,225.7775
97.96,228.682,224.346,226.514
97.97,231.779,223.637,227.708
97.98,228.153,221.763,224.958
97.99,228.349,220.782,224.5655
98,227.75,221.497,224.6235
98.01,227.461,219.584,223.5225
98.02,228.749,222.694,225.7215
98.03,228.136,223.748,225.942
98.04,227.34,225.112,226.226
98.05,225.562,226.323,225.9425
98.06,226.029,220.21,223.1195
98.07,228.435,220.485,224.46
98.08,228.306,219.639,223.9725
98.09,226.937,216.558,221.7475
98.1,228.318,218.8,223.559
98.11,228.78,216.67,222.725
98.12,233.064,221.36,227.212
98.13,229.305,219.372,224.3385
98.14,229.628,218.535,224.0815
98.15,229.886,219.544,224.715
98.16,228.114,218.672,223.393
98.17,230.731,219.714,225.2225
98.18,229.99,221.955,225.9725
98.19,228.668,221.197,224.9325
98.2,226.399,220.611,223.505
98.21,232.033,218.257,225.145
98.22,227.389,219.773,223.581
98.23,227.053,219.95,223.5015
98.24,226.349,220.706,223.5275
98.25,231.762,218.382,225.072
98.26,229.026,218.759,223.8925
98.27,233.334,221.9,227.617
98.28,229.303,215.9,222.6015
98.29,231.122,218.973,225.0475
98.3,227.551,219.707,223.629
98.31,229.332,219.378,224.355
98.32,229.471,221.234,225.3525
98.33,228.367,221.203,224.785
98.34,232.063,220.913,226.488
98.35,225.3,221.771,223.5355
98.36,230.501,218.598,224.5495
98.37,230.013,219.853,224.933
98.38,230.636,224.528,227.582
98.39,233.248,222.163,227.7055
98.4,229.819,225.039,227.429
98.41,229.149,223.826,226.4875
98.42,228.449,222.347,225.398
98.43,231.618,221.453,226.5355
98.44,232.893,217.002,224.9475
98.45,230.107,221.825,225.966
98.46,227.698,223.628,225.663
98.47,229.318,219.321,224.3195
98.48,230.808,221.009,225.9085
98.49,228.957,221.373,225.165
98.5,233.435,223.899,228.667
98.51,231.417,218.032,224.7245
98.52,229.361,221.716,225.5385
98.53,229.111,219.492,224.3015
98.54,230.587,219.959,225.273
98.55,228.978,224.749,226.8635
98.56,231.529,218.287,224.908
98.57,231.228,221.914,226.571
98.58,232.76,218.679,225.7195
98.59,226.255,219.64,222.9475
98.6,227.703,216.721,222.212
98.61,229.52,218.895,224.2075
98.62,230.682,220.726,225.704
98.63,229.279,219.82,224.5495
98.64,230.512,217.771,224.1415
98.65,230.025,223.61,226.8175
98.66,229.935,222.362,226.1485
98.67,229.488,220.185,224.8365
98.68,233.001,222.993,227.997
98.69,230.28,218.992,224.636
98.7,227.476,219.144,223.31
98.71,228.197,224.628,226.4125
98.72,232.006,219.543,225.7745
98.73,232.207,219.696,225.9515
98.74,231.066,220.638,225.852
98.75,226.037,219.981,223.009
98.76,227.753,214.969,221.361
98.77,227.531,220.957,224.244
98.78,227.912,221.371,224.6415
98.79,224.453,218.498,221.4755
98.8,228.403,225.299,226.851
98.81,229.607,222.557,226.082
98.82,230.912,221.209,226.0605
98.83,225.993,224.078,225.0355
98.84,229.214,225.466,227.34
98.85,227.391,221.449,224.42
98.86,234.674,218.558,226.616
98.87,229.222,223.596,226.409
98.88,229.898,224.377,227.1375
98.89,227.819,221.482,224.6505
98.9,228.276,222.859,225.5675
98.91,228.964,224.284,226.624
98.92,230.561,222.464,226.5125
98.93,229.201,223.164,226.1825
98.94,231.381,222.675,227.028
98.95,232.152,223.175,227.6635
98.96,229.846,222.113,225.9795
98.97,230.947,223.457,227.202
98.98,229.568,221.605,225.5865
98.99,234.006,226.147,230.0765
99,232.443,222.945,227.694
99.01,231.997,220.984,226.4905
99.02,230.713,226.112,228.4125
99.03,231.615,222.435,227.025
99.04,227.961,221.217,224.589
99.05,226.734,225.088,225.911
99.06,231.22,222.104,226.662
99.07,232.314,223.506,227.91
99.08,228.583,222.367,225.475
99.09,228.514,221.912,225.213
99.1,230.684,222.753,226.7185
99.11,231.786,219.701,225.7435
99.12,232.66,219.186,225.923
99.13,229.766,222.879,226.3225
99.14,234.044,218.154,226.099
99.15,232.446,222.96,227.703
99.16,230.756,221.5,226.128
99.17,232.388,219.27,225.829
99.18,229.108,219.068,224.088
99.19,229.079,223.45,226.2645
99.2,229.547,220.082,224.8145
99.21,232.643,224.182,228.4125
99.22,233.736,225.229,229.4825
99.23,227.604,222.087,224.8455
99.24,230.007,225.726,227.8665
99.25,229.337,223.076,226.2065
99.26,233.436,226.229,229.8325
99.27,233.911,224.204,229.0575
99.28,232.134,226.924,229.529
99.29,233.671,223.474,228.5725
99.3,232.457,226.109,229.283
99.31,234.819,222.995,228.907
99.32,233.225,223.68,228.4525
99.33,233.432,223.623,228.5275
99.34,230.751,225.372,228.0615
99.35,232.098,227.609,229.8535
99.36,233.551,227.051,230.301
99.37,232.52,226.174,229.347
99.38,232.31,226.097,229.2035
99.39,231.061,226.12,228.5905
99.4,233.219,224.442,228.8305
99.41,234.845,227.591,231.218
99.42,235.026,225.157,230.0915
99.43,230.738,220.664,225.701
99.44,230.365,223.488,226.9265
99.45,232.394,221.408,226.901
99.46,231.105,222.805,226.955
99.47,233.789,224.948,229.3685
99.48,231.368,226.366,228.867
99.49,232.919,223.929,228.424
99.5,233.912,219.92,226.916
99.51,231.496,221.455,226.4755
99.52,232.291,223.554,227.9225
99.53,230.265,221.47,225.8675
99.54,228.602,222.769,225.6855
99.55,231.839,222.768,227.3035
99.56,230.088,223.932,227.01
99.57,230.645,223.247,226.946
99.58,228.451,224.422,226.4365
99.59,229.945,222.252,226.0985
99.6,234.165,220.432,227.2985
99.61,230.667,222.596,226.6315
99.62,231.271,223.112,227.1915
99.63,229.322,218.845,224.0835
99.64,227.819,221.076,224.4475
99.65,229.126,220.042,224.584
99.66,230.518,223.617,227.0675
99.67,230.907,220.113,225.51
99.68,232.382,223.751,228.0665
99.69,230.554,224.482,227.518
99.7,232.492,221.782,227.137
99.71,233.354,222.31,227.832
99.72,234.045,221.824,227.9345
99.73,234.892,220.202,227.547
99.74,233.469,222.023,227.746
99.75,234.395,222.759,228.577
99.76,230.711,224.24,227.4755
99.77,232.651,225.493,229.072
99.78,233.075,225.398,229.2365
99.79,228.202,222.82,225.511
99.8,232.006,225.012,228.509
99.81,231.89,226.165,229.0275
99.82,233.58,223.589,228.5845
99.83,228.161,220.813,224.487
99.84,233.522,220.674,227.098
99.85,226.818,221.934,224.376
99.86,228.08,221.158,224.619
99.87,229.3,224.849,227.0745
99.88,231.74,221.67,226.705
99.89,229.748,222.062,225.905
99.9,228.636,224.253,226.4445
99.91,230.41,225.373,227.8915
99.92,231.696,222.329,227.0125
99.93,231.597,224.682,228.1395
99.94,229.088,224.434,226.761
99.95,230.309,224.171,227.24
99.96,231.115,226.411,228.763
99.97,230.688,224.437,227.5625
99.98,230.053,224.472,227.2625
99.99,231.488,227.036,229.262
100,230.377,228.111,229.244
