Time/Residue,AFR5_R1.xvg,hbonds_md_A4482_R2.xvg
0.0,3.0,4.0
0.01,2.0,2.0
0.02,2.0,3.0
0.03,3.0,4.0
0.04,2.0,4.0
0.05,2.0,4.0
0.06,2.0,2.0
0.07,1.0,4.0
0.08,2.0,3.0
0.09,2.0,6.0
0.1,2.0,5.0
0.11,2.0,3.0
0.12,2.0,5.0
0.13,3.0,4.0
0.14,2.0,4.0
0.15,2.0,5.0
0.16,0.0,5.0
0.17,2.0,5.0
0.18,2.0,5.0
0.19,3.0,3.0
0.2,1.0,5.0
0.21,3.0,3.0
0.22,3.0,4.0
0.23,3.0,3.0
0.24,0.0,3.0
0.25,2.0,4.0
0.26,3.0,3.0
0.27,2.0,3.0
0.28,1.0,4.0
0.29,2.0,4.0
0.3,3.0,5.0
0.31,3.0,4.0
0.32,3.0,3.0
0.33,2.0,6.0
0.34,3.0,5.0
0.35,1.0,4.0
0.36,3.0,4.0
0.37,2.0,5.0
0.38,2.0,4.0
0.39,2.0,5.0
0.4,0.0,5.0
0.41,1.0,5.0
0.42,1.0,6.0
0.43,2.0,4.0
0.44,2.0,6.0
0.45,1.0,4.0
0.46,1.0,6.0
0.47,3.0,4.0
0.48,1.0,4.0
0.49,3.0,4.0
0.5,2.0,5.0
0.51,1.0,5.0
0.52,2.0,5.0
0.53,1.0,5.0
0.54,4.0,5.0
0.55,2.0,3.0
0.56,3.0,4.0
0.57,2.0,4.0
0.58,2.0,4.0
0.59,2.0,6.0
0.6,2.0,4.0
0.61,1.0,5.0
0.62,2.0,4.0
0.63,3.0,6.0
0.64,1.0,3.0
0.65,3.0,5.0
0.66,2.0,6.0
0.67,3.0,5.0
0.68,3.0,6.0
0.69,2.0,5.0
0.7,1.0,6.0
0.71,2.0,4.0
0.72,3.0,4.0
0.73,2.0,6.0
0.74,3.0,4.0
0.75,3.0,4.0
0.76,3.0,5.0
0.77,2.0,4.0
0.78,4.0,3.0
0.79,4.0,6.0
0.8,4.0,5.0
0.81,2.0,6.0
0.82,3.0,5.0
0.83,2.0,6.0
0.84,1.0,7.0
0.85,2.0,5.0
0.86,2.0,6.0
0.87,2.0,6.0
0.88,2.0,5.0
0.89,3.0,6.0
0.9,2.0,5.0
0.91,3.0,5.0
0.92,4.0,6.0
0.93,2.0,4.0
0.94,2.0,4.0
0.95,2.0,5.0
0.96,1.0,4.0
0.97,3.0,4.0
0.98,1.0,4.0
0.99,2.0,4.0
1.0,2.0,4.0
1.01,2.0,4.0
1.02,1.0,3.0
1.03,3.0,5.0
1.04,2.0,6.0
1.05,2.0,5.0
1.06,2.0,6.0
1.07,2.0,6.0
1.08,2.0,6.0
1.09,2.0,6.0
1.1,2.0,6.0
1.11,2.0,6.0
1.12,1.0,4.0
1.13,2.0,6.0
1.14,2.0,3.0
1.15,2.0,5.0
1.16,2.0,5.0
1.17,2.0,4.0
1.18,2.0,6.0
1.19,2.0,7.0
1.2,3.0,4.0
1.21,3.0,5.0
1.22,3.0,7.0
1.23,1.0,5.0
1.24,2.0,6.0
1.25,2.0,6.0
1.26,3.0,4.0
1.27,2.0,4.0
1.28,2.0,4.0
1.29,1.0,5.0
1.3,3.0,4.0
1.31,2.0,5.0
1.32,1.0,6.0
1.33,1.0,6.0
1.34,2.0,7.0
1.35,2.0,3.0
1.36,2.0,2.0
1.37,2.0,3.0
1.38,2.0,3.0
1.39,2.0,5.0
1.4,2.0,5.0
1.41,1.0,6.0
1.42,2.0,6.0
1.43,2.0,7.0
1.44,2.0,6.0
1.45,2.0,6.0
1.46,2.0,6.0
1.47,2.0,4.0
1.48,1.0,5.0
1.49,3.0,7.0
1.5,2.0,5.0
1.51,2.0,3.0
1.52,3.0,4.0
1.53,1.0,5.0
1.54,2.0,5.0
1.55,2.0,4.0
1.56,2.0,5.0
1.57,2.0,5.0
1.58,2.0,4.0
1.59,2.0,5.0
1.6,0.0,7.0
1.61,3.0,4.0
1.62,1.0,5.0
1.63,3.0,5.0
1.64,3.0,4.0
1.65,2.0,4.0
1.66,2.0,4.0
1.67,2.0,4.0
1.68,2.0,5.0
1.69,2.0,2.0
1.7,4.0,4.0
1.71,2.0,4.0
1.72,2.0,3.0
1.73,2.0,4.0
1.74,2.0,4.0
1.75,2.0,4.0
1.76,2.0,3.0
1.77,2.0,3.0
1.78,2.0,3.0
1.79,1.0,3.0
1.8,2.0,4.0
1.81,2.0,3.0
1.82,1.0,3.0
1.83,2.0,3.0
1.84,3.0,4.0
1.85,3.0,6.0
1.86,2.0,5.0
1.87,2.0,5.0
1.88,3.0,4.0
1.89,3.0,4.0
1.9,2.0,5.0
1.91,1.0,5.0
1.92,1.0,5.0
1.93,1.0,3.0
1.94,1.0,4.0
1.95,2.0,5.0
1.96,2.0,4.0
1.97,2.0,3.0
1.98,2.0,3.0
1.99,1.0,2.0
2.0,1.0,3.0
2.01,1.0,3.0
2.02,1.0,3.0
2.03,2.0,3.0
2.04,2.0,4.0
2.05,2.0,4.0
2.06,3.0,4.0
2.07,3.0,4.0
2.08,1.0,5.0
2.09,1.0,6.0
2.1,1.0,3.0
2.11,3.0,3.0
2.12,2.0,3.0
2.13,3.0,3.0
2.14,2.0,5.0
2.15,1.0,5.0
2.16,1.0,3.0
2.17,1.0,4.0
2.18,1.0,5.0
2.19,1.0,3.0
2.2,1.0,2.0
2.21,2.0,5.0
2.22,1.0,2.0
2.23,0.0,3.0
2.24,1.0,3.0
2.25,1.0,2.0
2.26,0.0,2.0
2.27,2.0,3.0
2.28,1.0,4.0
2.29,0.0,3.0
2.3,2.0,3.0
2.31,0.0,3.0
2.32,1.0,2.0
2.33,2.0,1.0
2.34,2.0,2.0
2.35,2.0,2.0
2.36,0.0,4.0
2.37,1.0,3.0
2.38,2.0,3.0
2.39,2.0,3.0
2.4,3.0,5.0
2.41,1.0,2.0
2.42,0.0,3.0
2.43,0.0,2.0
2.44,1.0,4.0
2.45,1.0,2.0
2.46,1.0,2.0
2.47,1.0,3.0
2.48,0.0,1.0
2.49,2.0,2.0
2.5,3.0,2.0
2.51,3.0,2.0
2.52,2.0,2.0
2.53,3.0,0.0
2.54,1.0,1.0
2.55,2.0,2.0
2.56,2.0,2.0
2.57,3.0,3.0
2.58,2.0,3.0
2.59,1.0,3.0
2.6,2.0,4.0
2.61,0.0,1.0
2.62,1.0,3.0
2.63,2.0,4.0
2.64,2.0,3.0
2.65,2.0,3.0
2.66,1.0,5.0
2.67,2.0,1.0
2.68,3.0,3.0
2.69,1.0,4.0
2.7,1.0,4.0
2.71,4.0,4.0
2.72,1.0,4.0
2.73,1.0,3.0
2.74,1.0,3.0
2.75,2.0,5.0
2.76,3.0,5.0
2.77,1.0,3.0
2.78,1.0,4.0
2.79,1.0,5.0
2.8,2.0,3.0
2.81,2.0,3.0
2.82,2.0,5.0
2.83,3.0,3.0
2.84,6.0,4.0
2.85,3.0,6.0
2.86,4.0,4.0
2.87,5.0,4.0
2.88,5.0,3.0
2.89,6.0,5.0
2.9,5.0,3.0
2.91,3.0,3.0
2.92,4.0,4.0
2.93,4.0,3.0
2.94,6.0,3.0
2.95,6.0,3.0
2.96,5.0,3.0
2.97,4.0,3.0
2.98,3.0,3.0
2.99,5.0,2.0
3.0,2.0,4.0
3.01,4.0,3.0
3.02,6.0,3.0
3.03,3.0,5.0
3.04,5.0,2.0
3.05,3.0,5.0
3.06,3.0,4.0
3.07,4.0,4.0
3.08,6.0,3.0
3.09,4.0,4.0
3.1,6.0,4.0
3.11,4.0,2.0
3.12,5.0,4.0
3.13,5.0,3.0
3.14,7.0,4.0
3.15,3.0,4.0
3.16,5.0,3.0
3.17,4.0,4.0
3.18,5.0,4.0
3.19,4.0,3.0
3.2,4.0,4.0
3.21,5.0,2.0
3.22,5.0,3.0
3.23,5.0,2.0
3.24,5.0,2.0
3.25,5.0,2.0
3.26,4.0,4.0
3.27,5.0,5.0
3.28,4.0,4.0
3.29,5.0,5.0
3.3,5.0,5.0
3.31,5.0,5.0
3.32,6.0,4.0
3.33,5.0,4.0
3.34,4.0,6.0
3.35,4.0,4.0
3.36,5.0,5.0
3.37,5.0,5.0
3.38,7.0,5.0
3.39,4.0,4.0
3.4,5.0,5.0
3.41,5.0,3.0
3.42,6.0,2.0
3.43,4.0,4.0
3.44,4.0,4.0
3.45,5.0,5.0
3.46,5.0,4.0
3.47,4.0,3.0
3.48,2.0,4.0
3.49,5.0,4.0
3.5,5.0,4.0
3.51,4.0,5.0
3.52,5.0,4.0
3.53,4.0,4.0
3.54,4.0,4.0
3.55,4.0,4.0
3.56,4.0,4.0
3.57,7.0,4.0
3.58,5.0,4.0
3.59,6.0,4.0
3.6,4.0,4.0
3.61,4.0,4.0
3.62,4.0,4.0
3.63,5.0,4.0
3.64,4.0,4.0
3.65,4.0,4.0
3.66,5.0,4.0
3.67,4.0,5.0
3.68,5.0,4.0
3.69,2.0,6.0
3.7,6.0,4.0
3.71,6.0,5.0
3.72,4.0,3.0
3.73,5.0,2.0
3.74,4.0,3.0
3.75,6.0,3.0
3.76,5.0,3.0
3.77,7.0,2.0
3.78,5.0,3.0
3.79,5.0,3.0
3.8,7.0,5.0
3.81,7.0,4.0
3.82,5.0,2.0
3.83,3.0,3.0
3.84,5.0,3.0
3.85,3.0,3.0
3.86,6.0,3.0
3.87,6.0,5.0
3.88,5.0,3.0
3.89,5.0,3.0
3.9,4.0,2.0
3.91,5.0,3.0
3.92,6.0,2.0
3.93,5.0,3.0
3.94,5.0,2.0
3.95,5.0,2.0
3.96,5.0,2.0
3.97,5.0,3.0
3.98,6.0,3.0
3.99,4.0,3.0
4.0,6.0,2.0
4.01,6.0,2.0
4.02,6.0,2.0
4.03,5.0,3.0
4.04,4.0,0.0
4.05,5.0,1.0
4.06,6.0,3.0
4.07,5.0,2.0
4.08,5.0,3.0
4.09,5.0,3.0
4.1,5.0,4.0
4.11,5.0,4.0
4.12,4.0,3.0
4.13,4.0,3.0
4.14,3.0,2.0
4.15,4.0,2.0
4.16,3.0,1.0
4.17,4.0,2.0
4.18,4.0,2.0
4.19,4.0,3.0
4.2,5.0,2.0
4.21,4.0,1.0
4.22,3.0,3.0
4.23,4.0,2.0
4.24,3.0,2.0
4.25,4.0,2.0
4.26,3.0,1.0
4.27,5.0,2.0
4.28,4.0,2.0
4.29,6.0,3.0
4.3,2.0,3.0
4.31,4.0,2.0
4.32,4.0,0.0
4.33,2.0,2.0
4.34,4.0,3.0
4.35,5.0,2.0
4.36,4.0,0.0
4.37,2.0,2.0
4.38,4.0,2.0
4.39,4.0,2.0
4.4,4.0,2.0
4.41,5.0,2.0
4.42,4.0,4.0
4.43,3.0,3.0
4.44,4.0,3.0
4.45,4.0,3.0
4.46,4.0,2.0
4.47,4.0,3.0
4.48,2.0,1.0
4.49,4.0,2.0
4.5,4.0,2.0
4.51,4.0,2.0
4.52,4.0,1.0
4.53,5.0,1.0
4.54,4.0,2.0
4.55,3.0,2.0
4.56,4.0,0.0
4.57,4.0,3.0
4.58,3.0,3.0
4.59,4.0,3.0
4.6,5.0,2.0
4.61,7.0,4.0
4.62,6.0,2.0
4.63,7.0,2.0
4.64,5.0,4.0
4.65,6.0,3.0
4.66,6.0,3.0
4.67,4.0,4.0
4.68,5.0,2.0
4.69,7.0,3.0
4.7,6.0,2.0
4.71,6.0,4.0
4.72,4.0,4.0
4.73,5.0,4.0
4.74,6.0,4.0
4.75,4.0,3.0
4.76,5.0,2.0
4.77,6.0,1.0
4.78,4.0,1.0
4.79,5.0,2.0
4.8,5.0,3.0
4.81,4.0,4.0
4.82,5.0,2.0
4.83,4.0,2.0
4.84,4.0,2.0
4.85,5.0,3.0
4.86,7.0,2.0
4.87,5.0,2.0
4.88,7.0,1.0
4.89,7.0,3.0
4.9,7.0,4.0
4.91,8.0,1.0
4.92,5.0,1.0
4.93,7.0,1.0
4.94,7.0,4.0
4.95,5.0,2.0
4.96,5.0,1.0
4.97,4.0,3.0
4.98,5.0,3.0
4.99,5.0,1.0
5.0,5.0,2.0
5.01,4.0,3.0
5.02,5.0,4.0
5.03,5.0,3.0
5.04,5.0,2.0
5.05,4.0,3.0
5.06,4.0,2.0
5.07,5.0,2.0
5.08,4.0,2.0
5.09,5.0,1.0
5.1,3.0,2.0
5.11,4.0,3.0
5.12,5.0,1.0
5.13,2.0,4.0
5.14,5.0,5.0
5.15,4.0,3.0
5.16,3.0,1.0
5.17,3.0,2.0
5.18,3.0,3.0
5.19,3.0,2.0
5.2,4.0,3.0
5.21,5.0,2.0
5.22,4.0,3.0
5.23,3.0,4.0
5.24,4.0,4.0
5.25,3.0,3.0
5.26,3.0,3.0
5.27,4.0,2.0
5.28,4.0,0.0
5.29,3.0,2.0
5.3,3.0,1.0
5.31,3.0,1.0
5.32,4.0,2.0
5.33,4.0,1.0
5.34,2.0,1.0
5.35,4.0,2.0
5.36,4.0,2.0
5.37,4.0,3.0
5.38,5.0,5.0
5.39,4.0,3.0
5.4,4.0,3.0
5.41,4.0,2.0
5.42,5.0,2.0
5.43,5.0,3.0
5.44,6.0,2.0
5.45,5.0,2.0
5.46,3.0,3.0
5.47,5.0,2.0
5.48,5.0,4.0
5.49,5.0,5.0
5.5,2.0,5.0
5.51,4.0,5.0
5.52,4.0,4.0
5.53,5.0,3.0
5.54,5.0,5.0
5.55,6.0,3.0
5.56,3.0,3.0
5.57,1.0,3.0
5.58,3.0,3.0
5.59,2.0,3.0
5.6,3.0,5.0
5.61,5.0,5.0
5.62,5.0,5.0
5.63,3.0,4.0
5.64,4.0,2.0
5.65,5.0,3.0
5.66,3.0,5.0
5.67,3.0,3.0
5.68,3.0,5.0
5.69,3.0,1.0
5.7,4.0,4.0
5.71,3.0,2.0
5.72,2.0,5.0
5.73,4.0,5.0
5.74,5.0,3.0
5.75,5.0,4.0
5.76,5.0,2.0
5.77,5.0,3.0
5.78,2.0,1.0
5.79,1.0,2.0
5.8,3.0,3.0
5.81,7.0,3.0
5.82,5.0,2.0
5.83,5.0,2.0
5.84,4.0,2.0
5.85,5.0,3.0
5.86,4.0,3.0
5.87,3.0,3.0
5.88,3.0,2.0
5.89,4.0,3.0
5.9,3.0,1.0
5.91,4.0,3.0
5.92,4.0,3.0
5.93,4.0,2.0
5.94,6.0,1.0
5.95,3.0,2.0
5.96,5.0,4.0
5.97,3.0,4.0
5.98,3.0,3.0
5.99,5.0,4.0
6.0,6.0,3.0
6.01,4.0,4.0
6.02,4.0,2.0
6.03,4.0,0.0
6.04,5.0,3.0
6.05,5.0,3.0
6.06,6.0,1.0
6.07,5.0,3.0
6.08,5.0,2.0
6.09,4.0,3.0
6.1,4.0,3.0
6.11,4.0,2.0
6.12,6.0,2.0
6.13,4.0,0.0
6.14,5.0,1.0
6.15,5.0,1.0
6.16,5.0,1.0
6.17,4.0,1.0
6.18,4.0,1.0
6.19,4.0,2.0
6.2,3.0,1.0
6.21,5.0,1.0
6.22,5.0,1.0
6.23,5.0,3.0
6.24,4.0,2.0
6.25,3.0,2.0
6.26,6.0,2.0
6.27,4.0,1.0
6.28,4.0,1.0
6.29,3.0,1.0
6.3,2.0,1.0
6.31,4.0,1.0
6.32,4.0,2.0
6.33,4.0,2.0
6.34,4.0,1.0
6.35,4.0,2.0
6.36,4.0,1.0
6.37,4.0,1.0
6.38,6.0,2.0
6.39,3.0,0.0
6.4,4.0,1.0
6.41,4.0,2.0
6.42,6.0,2.0
6.43,4.0,2.0
6.44,4.0,2.0
6.45,3.0,2.0
6.46,3.0,2.0
6.47,3.0,2.0
6.48,5.0,0.0
6.49,2.0,1.0
6.5,4.0,2.0
6.51,3.0,0.0
6.52,4.0,1.0
6.53,3.0,1.0
6.54,5.0,1.0
6.55,3.0,1.0
6.56,5.0,2.0
6.57,3.0,1.0
6.58,4.0,1.0
6.59,3.0,1.0
6.6,5.0,0.0
6.61,3.0,1.0
6.62,4.0,1.0
6.63,4.0,1.0
6.64,4.0,0.0
6.65,3.0,1.0
6.66,3.0,0.0
6.67,3.0,0.0
6.68,3.0,1.0
6.69,5.0,1.0
6.7,3.0,1.0
6.71,4.0,1.0
6.72,4.0,1.0
6.73,4.0,2.0
6.74,7.0,2.0
6.75,4.0,1.0
6.76,4.0,2.0
6.77,3.0,2.0
6.78,4.0,2.0
6.79,3.0,2.0
6.8,2.0,1.0
6.81,4.0,1.0
6.82,5.0,2.0
6.83,4.0,2.0
6.84,4.0,1.0
6.85,2.0,2.0
6.86,4.0,1.0
6.87,3.0,3.0
6.88,3.0,1.0
6.89,3.0,1.0
6.9,3.0,1.0
6.91,4.0,2.0
6.92,3.0,1.0
6.93,5.0,1.0
6.94,6.0,1.0
6.95,4.0,1.0
6.96,4.0,2.0
6.97,4.0,2.0
6.98,3.0,0.0
6.99,4.0,1.0
7.0,5.0,1.0
7.01,4.0,1.0
7.02,4.0,1.0
7.03,5.0,1.0
7.04,5.0,0.0
7.05,5.0,1.0
7.06,5.0,2.0
7.07,4.0,4.0
7.08,3.0,1.0
7.09,3.0,0.0
7.1,4.0,2.0
7.11,4.0,2.0
7.12,4.0,1.0
7.13,5.0,1.0
7.14,5.0,0.0
7.15,5.0,3.0
7.16,4.0,1.0
7.17,5.0,1.0
7.18,4.0,2.0
7.19,5.0,3.0
7.2,6.0,3.0
7.21,3.0,2.0
7.22,5.0,2.0
7.23,4.0,3.0
7.24,5.0,1.0
7.25,4.0,2.0
7.26,4.0,2.0
7.27,5.0,2.0
7.28,7.0,4.0
7.29,5.0,3.0
7.3,4.0,3.0
7.31,3.0,2.0
7.32,3.0,3.0
7.33,4.0,2.0
7.34,4.0,2.0
7.35,4.0,1.0
7.36,4.0,2.0
7.37,4.0,2.0
7.38,5.0,4.0
7.39,3.0,2.0
7.4,4.0,3.0
7.41,5.0,1.0
7.42,5.0,1.0
7.43,5.0,1.0
7.44,4.0,1.0
7.45,4.0,2.0
7.46,4.0,2.0
7.47,4.0,1.0
7.48,5.0,3.0
7.49,5.0,0.0
7.5,4.0,2.0
7.51,4.0,1.0
7.52,6.0,2.0
7.53,4.0,3.0
7.54,6.0,2.0
7.55,3.0,2.0
7.56,6.0,2.0
7.57,4.0,1.0
7.58,3.0,1.0
7.59,4.0,2.0
7.6,5.0,2.0
7.61,4.0,1.0
7.62,3.0,2.0
7.63,5.0,1.0
7.64,3.0,2.0
7.65,5.0,2.0
7.66,6.0,1.0
7.67,5.0,1.0
7.68,4.0,1.0
7.69,5.0,0.0
7.7,5.0,1.0
7.71,2.0,1.0
7.72,5.0,1.0
7.73,5.0,1.0
7.74,5.0,1.0
7.75,6.0,2.0
7.76,4.0,1.0
7.77,4.0,1.0
7.78,5.0,0.0
7.79,4.0,1.0
7.8,4.0,1.0
7.81,5.0,1.0
7.82,4.0,2.0
7.83,3.0,1.0
7.84,3.0,1.0
7.85,7.0,1.0
7.86,7.0,1.0
7.87,3.0,2.0
7.88,4.0,1.0
7.89,3.0,2.0
7.9,5.0,2.0
7.91,5.0,2.0
7.92,4.0,3.0
7.93,3.0,3.0
7.94,5.0,3.0
7.95,4.0,2.0
7.96,3.0,2.0
7.97,5.0,2.0
7.98,5.0,2.0
7.99,5.0,2.0
8.0,6.0,5.0
8.01,5.0,4.0
8.02,5.0,2.0
8.03,3.0,3.0
8.04,4.0,1.0
8.05,4.0,2.0
8.06,5.0,3.0
8.07,8.0,3.0
8.08,3.0,2.0
8.09,5.0,3.0
8.1,5.0,2.0
8.11,6.0,2.0
8.12,4.0,1.0
8.13,5.0,3.0
8.14,4.0,3.0
8.15,4.0,2.0
8.16,5.0,2.0
8.17,5.0,1.0
8.18,5.0,1.0
8.19,4.0,2.0
8.2,4.0,3.0
8.21,6.0,3.0
8.22,4.0,2.0
8.23,4.0,2.0
8.24,5.0,1.0
8.25,6.0,2.0
8.26,4.0,0.0
8.27,4.0,1.0
8.28,4.0,0.0
8.29,3.0,1.0
8.3,4.0,0.0
8.31,5.0,1.0
8.32,4.0,1.0
8.33,5.0,0.0
8.34,6.0,1.0
8.35,4.0,2.0
8.36,2.0,1.0
8.37,5.0,1.0
8.38,6.0,1.0
8.39,3.0,3.0
8.4,4.0,2.0
8.41,4.0,2.0
8.42,5.0,2.0
8.43,5.0,3.0
8.44,4.0,1.0
8.45,5.0,1.0
8.46,5.0,1.0
8.47,5.0,1.0
8.48,7.0,0.0
8.49,7.0,2.0
8.5,6.0,1.0
8.51,6.0,1.0
8.52,5.0,3.0
8.53,5.0,3.0
8.54,8.0,2.0
8.55,6.0,4.0
8.56,5.0,3.0
8.57,4.0,3.0
8.58,7.0,3.0
8.59,5.0,2.0
8.6,4.0,4.0
8.61,4.0,2.0
8.62,5.0,3.0
8.63,7.0,3.0
8.64,4.0,2.0
8.65,4.0,3.0
8.66,4.0,3.0
8.67,6.0,2.0
8.68,5.0,2.0
8.69,4.0,3.0
8.7,3.0,2.0
8.71,5.0,2.0
8.72,4.0,2.0
8.73,4.0,2.0
8.74,4.0,0.0
8.75,3.0,3.0
8.76,5.0,2.0
8.77,5.0,3.0
8.78,6.0,2.0
8.79,6.0,2.0
8.8,4.0,3.0
8.81,2.0,4.0
8.82,3.0,3.0
8.83,6.0,3.0
8.84,4.0,3.0
8.85,4.0,3.0
8.86,4.0,4.0
8.87,5.0,4.0
8.88,5.0,2.0
8.89,4.0,4.0
8.9,5.0,4.0
8.91,5.0,3.0
8.92,3.0,2.0
8.93,4.0,3.0
8.94,3.0,4.0
8.95,4.0,4.0
8.96,2.0,3.0
8.97,6.0,3.0
8.98,3.0,3.0
8.99,4.0,3.0
9.0,4.0,3.0
9.01,3.0,3.0
9.02,5.0,4.0
9.03,4.0,4.0
9.04,5.0,3.0
9.05,6.0,3.0
9.06,6.0,3.0
9.07,3.0,3.0
9.08,5.0,2.0
9.09,4.0,4.0
9.1,5.0,3.0
9.11,4.0,3.0
9.12,4.0,2.0
9.13,5.0,4.0
9.14,4.0,3.0
9.15,5.0,4.0
9.16,4.0,4.0
9.17,4.0,3.0
9.18,4.0,3.0
9.19,4.0,4.0
9.2,3.0,3.0
9.21,5.0,3.0
9.22,3.0,3.0
9.23,5.0,4.0
9.24,5.0,4.0
9.25,5.0,4.0
9.26,4.0,3.0
9.27,3.0,2.0
9.28,4.0,3.0
9.29,5.0,4.0
9.3,3.0,3.0
9.31,5.0,3.0
9.32,4.0,3.0
9.33,4.0,2.0
9.34,4.0,4.0
9.35,3.0,3.0
9.36,5.0,4.0
9.37,3.0,4.0
9.38,4.0,4.0
9.39,4.0,3.0
9.4,5.0,5.0
9.41,6.0,4.0
9.42,5.0,4.0
9.43,4.0,5.0
9.44,5.0,4.0
9.45,5.0,3.0
9.46,5.0,2.0
9.47,5.0,4.0
9.48,4.0,3.0
9.49,4.0,4.0
9.5,3.0,3.0
9.51,6.0,3.0
9.52,5.0,4.0
9.53,6.0,4.0
9.54,4.0,3.0
9.55,5.0,4.0
9.56,6.0,3.0
9.57,4.0,4.0
9.58,6.0,3.0
9.59,7.0,2.0
9.6,3.0,1.0
9.61,3.0,1.0
9.62,3.0,2.0
9.63,5.0,2.0
9.64,4.0,1.0
9.65,4.0,2.0
9.66,6.0,0.0
9.67,6.0,2.0
9.68,6.0,1.0
9.69,6.0,0.0
9.7,7.0,2.0
9.71,3.0,4.0
9.72,5.0,3.0
9.73,6.0,3.0
9.74,3.0,3.0
9.75,5.0,2.0
9.76,6.0,2.0
9.77,6.0,3.0
9.78,4.0,4.0
9.79,5.0,2.0
9.8,5.0,3.0
9.81,5.0,3.0
9.82,4.0,3.0
9.83,5.0,3.0
9.84,3.0,3.0
9.85,5.0,2.0
9.86,6.0,3.0
9.87,4.0,1.0
9.88,5.0,3.0
9.89,6.0,5.0
9.9,7.0,3.0
9.91,5.0,5.0
9.92,6.0,2.0
9.93,4.0,3.0
9.94,5.0,2.0
9.95,7.0,3.0
9.96,6.0,2.0
9.97,5.0,1.0
9.98,4.0,4.0
9.99,6.0,2.0
10.0,4.0,2.0
10.01,6.0,2.0
10.02,6.0,3.0
10.03,3.0,4.0
10.04,7.0,3.0
10.05,7.0,3.0
10.06,5.0,3.0
10.07,4.0,2.0
10.08,4.0,4.0
10.09,6.0,3.0
10.1,5.0,3.0
10.11,7.0,2.0
10.12,6.0,2.0
10.13,5.0,2.0
10.14,5.0,1.0
10.15,4.0,4.0
10.16,4.0,3.0
10.17,4.0,2.0
10.18,6.0,4.0
10.19,6.0,4.0
10.2,4.0,1.0
10.21,5.0,1.0
10.22,6.0,1.0
10.23,5.0,2.0
10.24,6.0,4.0
10.25,5.0,3.0
10.26,6.0,4.0
10.27,6.0,3.0
10.28,5.0,4.0
10.29,5.0,5.0
10.3,5.0,2.0
10.31,4.0,3.0
10.32,6.0,5.0
10.33,5.0,2.0
10.34,4.0,2.0
10.35,4.0,4.0
10.36,7.0,4.0
10.37,6.0,3.0
10.38,5.0,3.0
10.39,6.0,2.0
10.4,6.0,5.0
10.41,6.0,3.0
10.42,5.0,3.0
10.43,6.0,3.0
10.44,6.0,3.0
10.45,7.0,3.0
10.46,6.0,1.0
10.47,4.0,2.0
10.48,5.0,3.0
10.49,4.0,2.0
10.5,4.0,3.0
10.51,3.0,2.0
10.52,2.0,3.0
10.53,7.0,3.0
10.54,5.0,3.0
10.55,6.0,2.0
10.56,6.0,4.0
10.57,4.0,2.0
10.58,4.0,0.0
10.59,4.0,2.0
10.6,5.0,3.0
10.61,6.0,4.0
10.62,5.0,1.0
10.63,6.0,3.0
10.64,6.0,3.0
10.65,6.0,2.0
10.66,5.0,2.0
10.67,5.0,3.0
10.68,5.0,3.0
10.69,7.0,3.0
10.7,5.0,2.0
10.71,5.0,2.0
10.72,6.0,1.0
10.73,6.0,1.0
10.74,4.0,2.0
10.75,7.0,3.0
10.76,6.0,3.0
10.77,5.0,2.0
10.78,5.0,2.0
10.79,5.0,3.0
10.8,5.0,3.0
10.81,5.0,1.0
10.82,6.0,2.0
10.83,5.0,2.0
10.84,5.0,2.0
10.85,6.0,1.0
10.86,4.0,2.0
10.87,6.0,2.0
10.88,6.0,3.0
10.89,6.0,1.0
10.9,7.0,3.0
10.91,6.0,2.0
10.92,7.0,3.0
10.93,7.0,3.0
10.94,4.0,3.0
10.95,5.0,3.0
10.96,8.0,4.0
10.97,7.0,3.0
10.98,6.0,3.0
10.99,5.0,4.0
11.0,5.0,3.0
11.01,5.0,4.0
11.02,5.0,3.0
11.03,6.0,5.0
11.04,5.0,4.0
11.05,6.0,4.0
11.06,5.0,4.0
11.07,8.0,4.0
11.08,5.0,4.0
11.09,5.0,4.0
11.1,5.0,4.0
11.11,6.0,5.0
11.12,5.0,3.0
11.13,6.0,3.0
11.14,5.0,3.0
11.15,7.0,3.0
11.16,5.0,4.0
11.17,7.0,4.0
11.18,3.0,3.0
11.19,5.0,4.0
11.2,7.0,3.0
11.21,6.0,3.0
11.22,4.0,3.0
11.23,7.0,4.0
11.24,6.0,4.0
11.25,6.0,3.0
11.26,5.0,4.0
11.27,6.0,4.0
11.28,5.0,3.0
11.29,4.0,4.0
11.3,5.0,4.0
11.31,5.0,3.0
11.32,5.0,4.0
11.33,6.0,3.0
11.34,5.0,4.0
11.35,6.0,4.0
11.36,5.0,4.0
11.37,4.0,3.0
11.38,6.0,5.0
11.39,3.0,4.0
11.4,5.0,3.0
11.41,6.0,4.0
11.42,5.0,4.0
11.43,7.0,4.0
11.44,5.0,4.0
11.45,6.0,4.0
11.46,4.0,3.0
11.47,1.0,5.0
11.48,4.0,5.0
11.49,5.0,5.0
11.5,4.0,4.0
11.51,4.0,4.0
11.52,6.0,3.0
11.53,7.0,4.0
11.54,4.0,4.0
11.55,5.0,4.0
11.56,5.0,4.0
11.57,7.0,3.0
11.58,6.0,4.0
11.59,6.0,3.0
11.6,6.0,3.0
11.61,7.0,2.0
11.62,7.0,3.0
11.63,5.0,3.0
11.64,4.0,1.0
11.65,5.0,1.0
11.66,6.0,1.0
11.67,4.0,1.0
11.68,6.0,1.0
11.69,6.0,3.0
11.7,6.0,3.0
11.71,7.0,2.0
11.72,4.0,3.0
11.73,5.0,2.0
11.74,6.0,2.0
11.75,5.0,2.0
11.76,4.0,2.0
11.77,6.0,2.0
11.78,4.0,2.0
11.79,5.0,2.0
11.8,2.0,2.0
11.81,6.0,2.0
11.82,5.0,1.0
11.83,6.0,3.0
11.84,5.0,2.0
11.85,4.0,3.0
11.86,4.0,2.0
11.87,4.0,3.0
11.88,3.0,3.0
11.89,3.0,2.0
11.9,3.0,2.0
11.91,4.0,2.0
11.92,5.0,2.0
11.93,5.0,1.0
11.94,4.0,3.0
11.95,4.0,3.0
11.96,6.0,2.0
11.97,6.0,2.0
11.98,5.0,3.0
11.99,3.0,2.0
12.0,6.0,4.0
12.01,5.0,2.0
12.02,6.0,3.0
12.03,5.0,3.0
12.04,3.0,2.0
12.05,6.0,1.0
12.06,4.0,5.0
12.07,3.0,4.0
12.08,7.0,1.0
12.09,4.0,3.0
12.1,5.0,1.0
12.11,5.0,2.0
12.12,5.0,2.0
12.13,6.0,3.0
12.14,4.0,2.0
12.15,2.0,5.0
12.16,6.0,4.0
12.17,4.0,3.0
12.18,3.0,4.0
12.19,6.0,5.0
12.2,5.0,4.0
12.21,5.0,4.0
12.22,5.0,3.0
12.23,7.0,5.0
12.24,5.0,2.0
12.25,4.0,3.0
12.26,4.0,4.0
12.27,7.0,4.0
12.28,6.0,5.0
12.29,4.0,3.0
12.3,5.0,3.0
12.31,4.0,3.0
12.32,5.0,3.0
12.33,7.0,4.0
12.34,5.0,4.0
12.35,5.0,4.0
12.36,6.0,4.0
12.37,6.0,3.0
12.38,4.0,2.0
12.39,5.0,3.0
12.4,3.0,4.0
12.41,2.0,3.0
12.42,3.0,5.0
12.43,4.0,2.0
12.44,5.0,4.0
12.45,4.0,4.0
12.46,4.0,4.0
12.47,3.0,3.0
12.48,5.0,2.0
12.49,3.0,3.0
12.5,5.0,4.0
12.51,5.0,5.0
12.52,5.0,3.0
12.53,5.0,3.0
12.54,4.0,4.0
12.55,4.0,3.0
12.56,3.0,3.0
12.57,6.0,4.0
12.58,5.0,3.0
12.59,4.0,3.0
12.6,3.0,3.0
12.61,4.0,3.0
12.62,4.0,2.0
12.63,4.0,2.0
12.64,4.0,2.0
12.65,4.0,2.0
12.66,5.0,3.0
12.67,3.0,2.0
12.68,3.0,2.0
12.69,5.0,2.0
12.7,4.0,2.0
12.71,5.0,2.0
12.72,4.0,3.0
12.73,3.0,2.0
12.74,4.0,2.0
12.75,5.0,3.0
12.76,4.0,2.0
12.77,4.0,2.0
12.78,2.0,2.0
12.79,2.0,1.0
12.8,3.0,2.0
12.81,4.0,2.0
12.82,2.0,2.0
12.83,3.0,2.0
12.84,2.0,2.0
12.85,3.0,5.0
12.86,5.0,3.0
12.87,5.0,4.0
12.88,4.0,2.0
12.89,3.0,2.0
12.9,3.0,2.0
12.91,5.0,2.0
12.92,4.0,2.0
12.93,4.0,2.0
12.94,4.0,2.0
12.95,3.0,2.0
12.96,4.0,2.0
12.97,4.0,2.0
12.98,4.0,2.0
12.99,4.0,2.0
13.0,4.0,2.0
13.01,4.0,2.0
13.02,3.0,1.0
13.03,3.0,1.0
13.04,4.0,1.0
13.05,4.0,1.0
13.06,4.0,1.0
13.07,3.0,0.0
13.08,3.0,0.0
13.09,3.0,1.0
13.1,3.0,1.0
13.11,3.0,1.0
13.12,5.0,1.0
13.13,4.0,0.0
13.14,5.0,2.0
13.15,3.0,1.0
13.16,2.0,0.0
13.17,4.0,1.0
13.18,4.0,1.0
13.19,4.0,1.0
13.2,3.0,1.0
13.21,5.0,1.0
13.22,4.0,1.0
13.23,4.0,1.0
13.24,5.0,3.0
13.25,3.0,3.0
13.26,3.0,1.0
13.27,5.0,1.0
13.28,3.0,1.0
13.29,6.0,1.0
13.3,5.0,2.0
13.31,3.0,2.0
13.32,2.0,2.0
13.33,4.0,2.0
13.34,6.0,2.0
13.35,4.0,2.0
13.36,4.0,2.0
13.37,4.0,2.0
13.38,3.0,2.0
13.39,4.0,2.0
13.4,2.0,3.0
13.41,4.0,1.0
13.42,3.0,1.0
13.43,3.0,1.0
13.44,4.0,1.0
13.45,2.0,2.0
13.46,3.0,1.0
13.47,3.0,1.0
13.48,3.0,1.0
13.49,4.0,1.0
13.5,4.0,1.0
13.51,4.0,1.0
13.52,2.0,2.0
13.53,4.0,2.0
13.54,3.0,1.0
13.55,3.0,2.0
13.56,4.0,1.0
13.57,4.0,1.0
13.58,4.0,1.0
13.59,3.0,2.0
13.6,4.0,1.0
13.61,5.0,1.0
13.62,3.0,1.0
13.63,2.0,1.0
13.64,3.0,2.0
13.65,2.0,2.0
13.66,3.0,1.0
13.67,4.0,1.0
13.68,3.0,1.0
13.69,3.0,2.0
13.7,3.0,1.0
13.71,3.0,2.0
13.72,3.0,1.0
13.73,2.0,1.0
13.74,3.0,1.0
13.75,2.0,1.0
13.76,3.0,1.0
13.77,3.0,1.0
13.78,3.0,2.0
13.79,2.0,1.0
13.8,3.0,1.0
13.81,3.0,2.0
13.82,5.0,2.0
13.83,2.0,2.0
13.84,4.0,2.0
13.85,2.0,2.0
13.86,2.0,2.0
13.87,3.0,2.0
13.88,3.0,3.0
13.89,4.0,3.0
13.9,3.0,2.0
13.91,3.0,2.0
13.92,4.0,1.0
13.93,4.0,2.0
13.94,4.0,3.0
13.95,3.0,3.0
13.96,3.0,2.0
13.97,3.0,2.0
13.98,3.0,2.0
13.99,5.0,2.0
14.0,4.0,2.0
14.01,4.0,2.0
14.02,4.0,2.0
14.03,2.0,2.0
14.04,3.0,2.0
14.05,5.0,2.0
14.06,5.0,1.0
14.07,2.0,2.0
14.08,4.0,2.0
14.09,2.0,2.0
14.1,4.0,2.0
14.11,4.0,2.0
14.12,3.0,2.0
14.13,5.0,2.0
14.14,3.0,2.0
14.15,2.0,1.0
14.16,3.0,2.0
14.17,2.0,2.0
14.18,4.0,2.0
14.19,4.0,2.0
14.2,3.0,2.0
14.21,4.0,2.0
14.22,3.0,2.0
14.23,3.0,2.0
14.24,3.0,2.0
14.25,2.0,2.0
14.26,3.0,2.0
14.27,3.0,2.0
14.28,4.0,2.0
14.29,4.0,2.0
14.3,3.0,2.0
14.31,5.0,2.0
14.32,4.0,2.0
14.33,6.0,1.0
14.34,6.0,3.0
14.35,2.0,1.0
14.36,3.0,2.0
14.37,3.0,1.0
14.38,2.0,1.0
14.39,7.0,2.0
14.4,4.0,4.0
14.41,3.0,4.0
14.42,4.0,3.0
14.43,2.0,4.0
14.44,3.0,3.0
14.45,6.0,4.0
14.46,5.0,4.0
14.47,3.0,4.0
14.48,3.0,4.0
14.49,3.0,3.0
14.5,4.0,4.0
14.51,4.0,3.0
14.52,2.0,4.0
14.53,3.0,4.0
14.54,4.0,3.0
14.55,3.0,3.0
14.56,2.0,3.0
14.57,5.0,3.0
14.58,4.0,4.0
14.59,4.0,3.0
14.6,3.0,3.0
14.61,5.0,3.0
14.62,5.0,4.0
14.63,4.0,3.0
14.64,4.0,4.0
14.65,4.0,4.0
14.66,4.0,2.0
14.67,4.0,5.0
14.68,3.0,4.0
14.69,4.0,4.0
14.7,2.0,3.0
14.71,3.0,2.0
14.72,3.0,3.0
14.73,2.0,3.0
14.74,2.0,3.0
14.75,3.0,2.0
14.76,3.0,3.0
14.77,5.0,3.0
14.78,5.0,2.0
14.79,3.0,2.0
14.8,4.0,3.0
14.81,4.0,2.0
14.82,1.0,3.0
14.83,3.0,3.0
14.84,4.0,2.0
14.85,2.0,2.0
14.86,4.0,2.0
14.87,4.0,3.0
14.88,3.0,1.0
14.89,4.0,3.0
14.9,4.0,4.0
14.91,4.0,2.0
14.92,4.0,3.0
14.93,3.0,3.0
14.94,3.0,2.0
14.95,3.0,2.0
14.96,5.0,2.0
14.97,4.0,2.0
14.98,3.0,2.0
14.99,2.0,2.0
15.0,3.0,2.0
15.01,2.0,2.0
15.02,4.0,2.0
15.03,1.0,2.0
15.04,4.0,3.0
15.05,5.0,3.0
15.06,4.0,2.0
15.07,3.0,4.0
15.08,3.0,3.0
15.09,4.0,2.0
15.1,3.0,2.0
15.11,4.0,3.0
15.12,3.0,1.0
15.13,4.0,3.0
15.14,4.0,2.0
15.15,4.0,2.0
15.16,3.0,2.0
15.17,3.0,2.0
15.18,5.0,3.0
15.19,3.0,2.0
15.2,3.0,2.0
15.21,3.0,2.0
15.22,2.0,2.0
15.23,3.0,3.0
15.24,2.0,2.0
15.25,3.0,3.0
15.26,4.0,1.0
15.27,5.0,2.0
15.28,3.0,3.0
15.29,3.0,1.0
15.3,1.0,1.0
15.31,3.0,3.0
15.32,4.0,2.0
15.33,1.0,2.0
15.34,5.0,2.0
15.35,3.0,2.0
15.36,4.0,3.0
15.37,4.0,2.0
15.38,5.0,3.0
15.39,4.0,1.0
15.4,4.0,2.0
15.41,3.0,4.0
15.42,4.0,4.0
15.43,4.0,3.0
15.44,1.0,2.0
15.45,3.0,2.0
15.46,3.0,3.0
15.47,4.0,1.0
15.48,5.0,3.0
15.49,4.0,2.0
15.5,3.0,3.0
15.51,5.0,2.0
15.52,4.0,2.0
15.53,5.0,2.0
15.54,4.0,2.0
15.55,5.0,2.0
15.56,4.0,3.0
15.57,2.0,3.0
15.58,3.0,2.0
15.59,3.0,3.0
15.6,3.0,3.0
15.61,2.0,2.0
15.62,3.0,2.0
15.63,3.0,1.0
15.64,4.0,1.0
15.65,4.0,2.0
15.66,3.0,1.0
15.67,4.0,3.0
15.68,4.0,0.0
15.69,3.0,2.0
15.7,3.0,2.0
15.71,4.0,3.0
15.72,4.0,0.0
15.73,4.0,4.0
15.74,3.0,1.0
15.75,5.0,2.0
15.76,4.0,0.0
15.77,3.0,1.0
15.78,3.0,2.0
15.79,3.0,2.0
15.8,3.0,2.0
15.81,3.0,2.0
15.82,4.0,2.0
15.83,3.0,3.0
15.84,3.0,2.0
15.85,4.0,1.0
15.86,3.0,2.0
15.87,2.0,2.0
15.88,5.0,3.0
15.89,3.0,3.0
15.9,3.0,3.0
15.91,2.0,3.0
15.92,3.0,1.0
15.93,3.0,2.0
15.94,6.0,1.0
15.95,3.0,3.0
15.96,4.0,2.0
15.97,2.0,2.0
15.98,4.0,2.0
15.99,3.0,0.0
16.0,4.0,3.0
16.01,4.0,2.0
16.02,4.0,3.0
16.03,4.0,2.0
16.04,4.0,2.0
16.05,3.0,3.0
16.06,4.0,1.0
16.07,3.0,2.0
16.08,4.0,3.0
16.09,3.0,4.0
16.1,3.0,3.0
16.11,3.0,2.0
16.12,3.0,2.0
16.13,2.0,1.0
16.14,4.0,2.0
16.15,3.0,2.0
16.16,3.0,3.0
16.17,4.0,2.0
16.18,3.0,3.0
16.19,3.0,3.0
16.2,4.0,2.0
16.21,3.0,3.0
16.22,4.0,1.0
16.23,5.0,3.0
16.24,3.0,3.0
16.25,4.0,3.0
16.26,4.0,2.0
16.27,3.0,2.0
16.28,3.0,2.0
16.29,4.0,3.0
16.3,4.0,3.0
16.31,4.0,3.0
16.32,2.0,3.0
16.33,2.0,1.0
16.34,4.0,2.0
16.35,3.0,3.0
16.36,3.0,3.0
16.37,3.0,2.0
16.38,4.0,2.0
16.39,2.0,3.0
16.4,4.0,2.0
16.41,4.0,1.0
16.42,4.0,2.0
16.43,4.0,3.0
16.44,2.0,2.0
16.45,4.0,2.0
16.46,3.0,3.0
16.47,3.0,2.0
16.48,4.0,2.0
16.49,2.0,2.0
16.5,5.0,3.0
16.51,3.0,2.0
16.52,2.0,2.0
16.53,5.0,3.0
16.54,5.0,3.0
16.55,6.0,3.0
16.56,3.0,2.0
16.57,3.0,2.0
16.58,4.0,2.0
16.59,3.0,1.0
16.6,3.0,2.0
16.61,3.0,2.0
16.62,2.0,3.0
16.63,2.0,2.0
16.64,3.0,2.0
16.65,3.0,2.0
16.66,4.0,4.0
16.67,2.0,2.0
16.68,4.0,3.0
16.69,3.0,4.0
16.7,3.0,3.0
16.71,3.0,2.0
16.72,4.0,2.0
16.73,4.0,1.0
16.74,5.0,3.0
16.75,2.0,2.0
16.76,4.0,2.0
16.77,3.0,2.0
16.78,1.0,3.0
16.79,5.0,3.0
16.8,3.0,3.0
16.81,5.0,3.0
16.82,3.0,3.0
16.83,4.0,2.0
16.84,4.0,2.0
16.85,5.0,4.0
16.86,5.0,2.0
16.87,4.0,3.0
16.88,4.0,3.0
16.89,4.0,3.0
16.9,4.0,4.0
16.91,2.0,2.0
16.92,4.0,3.0
16.93,4.0,2.0
16.94,2.0,3.0
16.95,2.0,4.0
16.96,3.0,3.0
16.97,2.0,4.0
16.98,3.0,4.0
16.99,4.0,2.0
17.0,3.0,2.0
17.01,4.0,2.0
17.02,2.0,2.0
17.03,4.0,3.0
17.04,5.0,4.0
17.05,3.0,0.0
17.06,4.0,3.0
17.07,4.0,3.0
17.08,3.0,3.0
17.09,4.0,2.0
17.1,2.0,2.0
17.11,3.0,1.0
17.12,3.0,2.0
17.13,5.0,3.0
17.14,3.0,3.0
17.15,4.0,2.0
17.16,4.0,3.0
17.17,3.0,1.0
17.18,3.0,2.0
17.19,4.0,2.0
17.2,3.0,2.0
17.21,2.0,1.0
17.22,3.0,3.0
17.23,3.0,1.0
17.24,4.0,2.0
17.25,3.0,1.0
17.26,3.0,2.0
17.27,4.0,2.0
17.28,5.0,1.0
17.29,3.0,1.0
17.3,4.0,1.0
17.31,3.0,1.0
17.32,4.0,1.0
17.33,4.0,1.0
17.34,2.0,2.0
17.35,3.0,1.0
17.36,4.0,1.0
17.37,3.0,2.0
17.38,4.0,1.0
17.39,2.0,1.0
17.4,6.0,1.0
17.41,5.0,0.0
17.42,5.0,0.0
17.43,5.0,0.0
17.44,4.0,0.0
17.45,4.0,1.0
17.46,6.0,0.0
17.47,5.0,1.0
17.48,6.0,0.0
17.49,6.0,1.0
17.5,4.0,1.0
17.51,6.0,1.0
17.52,5.0,2.0
17.53,6.0,1.0
17.54,5.0,1.0
17.55,3.0,2.0
17.56,4.0,0.0
17.57,5.0,1.0
17.58,7.0,1.0
17.59,4.0,2.0
17.6,5.0,1.0
17.61,7.0,2.0
17.62,6.0,1.0
17.63,4.0,2.0
17.64,4.0,2.0
17.65,5.0,1.0
17.66,6.0,2.0
17.67,6.0,1.0
17.68,3.0,2.0
17.69,7.0,1.0
17.7,5.0,1.0
17.71,5.0,1.0
17.72,5.0,1.0
17.73,4.0,2.0
17.74,6.0,2.0
17.75,5.0,2.0
17.76,4.0,2.0
17.77,6.0,1.0
17.78,3.0,2.0
17.79,4.0,2.0
17.8,6.0,2.0
17.81,8.0,0.0
17.82,5.0,1.0
17.83,4.0,2.0
17.84,6.0,1.0
17.85,5.0,0.0
17.86,6.0,3.0
17.87,5.0,3.0
17.88,5.0,3.0
17.89,5.0,3.0
17.9,2.0,3.0
17.91,2.0,1.0
17.92,5.0,3.0
17.93,4.0,1.0
17.94,5.0,3.0
17.95,5.0,3.0
17.96,5.0,2.0
17.97,4.0,3.0
17.98,5.0,2.0
17.99,4.0,2.0
18.0,3.0,1.0
18.01,7.0,3.0
18.02,5.0,4.0
18.03,6.0,3.0
18.04,4.0,2.0
18.05,7.0,3.0
18.06,2.0,3.0
18.07,3.0,3.0
18.08,4.0,2.0
18.09,4.0,4.0
18.1,6.0,3.0
18.11,6.0,4.0
18.12,6.0,3.0
18.13,4.0,2.0
18.14,6.0,1.0
18.15,4.0,2.0
18.16,5.0,2.0
18.17,4.0,1.0
18.18,4.0,1.0
18.19,5.0,1.0
18.2,5.0,2.0
18.21,5.0,2.0
18.22,3.0,1.0
18.23,6.0,2.0
18.24,6.0,2.0
18.25,4.0,2.0
18.26,6.0,1.0
18.27,3.0,1.0
18.28,6.0,2.0
18.29,2.0,1.0
18.3,6.0,2.0
18.31,4.0,1.0
18.32,3.0,2.0
18.33,1.0,1.0
18.34,3.0,1.0
18.35,4.0,2.0
18.36,3.0,3.0
18.37,4.0,2.0
18.38,4.0,2.0
18.39,4.0,2.0
18.4,3.0,0.0
18.41,4.0,2.0
18.42,3.0,2.0
18.43,4.0,2.0
18.44,2.0,2.0
18.45,5.0,2.0
18.46,3.0,1.0
18.47,6.0,3.0
18.48,5.0,2.0
18.49,6.0,3.0
18.5,4.0,2.0
18.51,2.0,2.0
18.52,5.0,3.0
18.53,3.0,2.0
18.54,6.0,2.0
18.55,4.0,2.0
18.56,5.0,2.0
18.57,4.0,2.0
18.58,3.0,2.0
18.59,4.0,2.0
18.6,6.0,2.0
18.61,4.0,2.0
18.62,6.0,2.0
18.63,4.0,2.0
18.64,4.0,2.0
18.65,6.0,1.0
18.66,5.0,0.0
18.67,5.0,1.0
18.68,3.0,1.0
18.69,4.0,2.0
18.7,3.0,1.0
18.71,5.0,1.0
18.72,5.0,2.0
18.73,5.0,3.0
18.74,6.0,1.0
18.75,5.0,1.0
18.76,4.0,2.0
18.77,6.0,1.0
18.78,3.0,2.0
18.79,4.0,2.0
18.8,6.0,2.0
18.81,3.0,1.0
18.82,4.0,1.0
18.83,7.0,1.0
18.84,4.0,1.0
18.85,5.0,2.0
18.86,6.0,2.0
18.87,5.0,1.0
18.88,5.0,2.0
18.89,5.0,1.0
18.9,5.0,2.0
18.91,6.0,2.0
18.92,6.0,2.0
18.93,6.0,0.0
18.94,5.0,0.0
18.95,5.0,1.0
18.96,7.0,1.0
18.97,6.0,1.0
18.98,5.0,2.0
18.99,4.0,2.0
19.0,6.0,1.0
19.01,3.0,3.0
19.02,5.0,1.0
19.03,5.0,3.0
19.04,4.0,3.0
19.05,6.0,2.0
19.06,5.0,3.0
19.07,3.0,2.0
19.08,5.0,2.0
19.09,6.0,3.0
19.1,5.0,2.0
19.11,6.0,3.0
19.12,6.0,1.0
19.13,4.0,2.0
19.14,7.0,3.0
19.15,4.0,3.0
19.16,5.0,2.0
19.17,4.0,2.0
19.18,5.0,2.0
19.19,5.0,2.0
19.2,6.0,3.0
19.21,6.0,3.0
19.22,6.0,3.0
19.23,7.0,3.0
19.24,4.0,3.0
19.25,5.0,2.0
19.26,4.0,1.0
19.27,4.0,1.0
19.28,4.0,2.0
19.29,3.0,0.0
19.3,6.0,1.0
19.31,4.0,2.0
19.32,5.0,1.0
19.33,3.0,1.0
19.34,4.0,1.0
19.35,5.0,2.0
19.36,6.0,1.0
19.37,7.0,2.0
19.38,5.0,2.0
19.39,5.0,2.0
19.4,6.0,3.0
19.41,6.0,1.0
19.42,3.0,1.0
19.43,5.0,2.0
19.44,6.0,2.0
19.45,4.0,2.0
19.46,4.0,3.0
19.47,3.0,1.0
19.48,7.0,2.0
19.49,6.0,1.0
19.5,4.0,3.0
19.51,5.0,3.0
19.52,5.0,2.0
19.53,4.0,3.0
19.54,3.0,2.0
19.55,6.0,0.0
19.56,5.0,2.0
19.57,4.0,1.0
19.58,4.0,3.0
19.59,2.0,1.0
19.6,2.0,2.0
19.61,5.0,0.0
19.62,5.0,2.0
19.63,4.0,2.0
19.64,6.0,3.0
19.65,4.0,2.0
19.66,6.0,2.0
19.67,3.0,1.0
19.68,4.0,1.0
19.69,4.0,3.0
19.7,5.0,3.0
19.71,5.0,2.0
19.72,4.0,2.0
19.73,5.0,2.0
19.74,4.0,2.0
19.75,3.0,2.0
19.76,4.0,3.0
19.77,4.0,4.0
19.78,2.0,2.0
19.79,3.0,3.0
19.8,5.0,2.0
19.81,5.0,3.0
19.82,4.0,3.0
19.83,3.0,3.0
19.84,5.0,4.0
19.85,4.0,3.0
19.86,6.0,3.0
19.87,5.0,3.0
19.88,6.0,2.0
19.89,6.0,4.0
19.9,5.0,3.0
19.91,4.0,3.0
19.92,7.0,3.0
19.93,5.0,3.0
19.94,6.0,3.0
19.95,6.0,4.0
19.96,5.0,3.0
19.97,7.0,3.0
19.98,4.0,3.0
19.99,4.0,3.0
20.0,5.0,4.0
20.01,6.0,3.0
20.02,4.0,3.0
20.03,4.0,3.0
20.04,5.0,2.0
20.05,5.0,3.0
20.06,6.0,4.0
20.07,5.0,3.0
20.08,5.0,3.0
20.09,5.0,3.0
20.1,4.0,3.0
20.11,6.0,3.0
20.12,7.0,3.0
20.13,6.0,3.0
20.14,6.0,3.0
20.15,7.0,2.0
20.16,5.0,4.0
20.17,5.0,3.0
20.18,7.0,3.0
20.19,5.0,3.0
20.2,6.0,3.0
20.21,5.0,3.0
20.22,6.0,4.0
20.23,6.0,2.0
20.24,4.0,3.0
20.25,5.0,1.0
20.26,5.0,1.0
20.27,6.0,2.0
20.28,4.0,2.0
20.29,4.0,2.0
20.3,4.0,3.0
20.31,3.0,3.0
20.32,4.0,3.0
20.33,5.0,3.0
20.34,4.0,3.0
20.35,4.0,3.0
20.36,2.0,3.0
20.37,4.0,3.0
20.38,3.0,3.0
20.39,4.0,4.0
20.4,4.0,3.0
20.41,4.0,5.0
20.42,3.0,3.0
20.43,4.0,4.0
20.44,3.0,3.0
20.45,4.0,4.0
20.46,5.0,3.0
20.47,3.0,6.0
20.48,2.0,2.0
20.49,3.0,4.0
20.5,2.0,4.0
20.51,3.0,3.0
20.52,4.0,4.0
20.53,3.0,5.0
20.54,4.0,3.0
20.55,5.0,4.0
20.56,5.0,4.0
20.57,3.0,5.0
20.58,5.0,5.0
20.59,3.0,5.0
20.6,3.0,4.0
20.61,3.0,5.0
20.62,2.0,5.0
20.63,2.0,3.0
20.64,2.0,6.0
20.65,3.0,5.0
20.66,1.0,5.0
20.67,2.0,4.0
20.68,2.0,5.0
20.69,3.0,4.0
20.7,2.0,6.0
20.71,2.0,5.0
20.72,2.0,5.0
20.73,2.0,5.0
20.74,1.0,5.0
20.75,2.0,5.0
20.76,3.0,6.0
20.77,3.0,4.0
20.78,2.0,5.0
20.79,2.0,4.0
20.8,4.0,5.0
20.81,1.0,6.0
20.82,2.0,4.0
20.83,2.0,4.0
20.84,2.0,3.0
20.85,3.0,4.0
20.86,2.0,4.0
20.87,2.0,4.0
20.88,4.0,5.0
20.89,3.0,5.0
20.9,3.0,4.0
20.91,2.0,4.0
20.92,3.0,5.0
20.93,4.0,4.0
20.94,2.0,5.0
20.95,4.0,4.0
20.96,3.0,4.0
20.97,3.0,4.0
20.98,2.0,4.0
20.99,4.0,3.0
21.0,3.0,3.0
21.01,3.0,2.0
21.02,4.0,2.0
21.03,3.0,4.0
21.04,5.0,4.0
21.05,4.0,5.0
21.06,4.0,5.0
21.07,3.0,4.0
21.08,5.0,4.0
21.09,4.0,5.0
21.1,4.0,5.0
21.11,3.0,5.0
21.12,5.0,4.0
21.13,3.0,5.0
21.14,3.0,4.0
21.15,3.0,4.0
21.16,3.0,5.0
21.17,3.0,4.0
21.18,3.0,3.0
21.19,1.0,4.0
21.2,4.0,4.0
21.21,3.0,4.0
21.22,5.0,3.0
21.23,3.0,4.0
21.24,4.0,4.0
21.25,4.0,6.0
21.26,5.0,4.0
21.27,5.0,5.0
21.28,4.0,4.0
21.29,4.0,4.0
21.3,4.0,4.0
21.31,5.0,4.0
21.32,4.0,4.0
21.33,5.0,4.0
21.34,6.0,4.0
21.35,3.0,5.0
21.36,4.0,5.0
21.37,5.0,5.0
21.38,4.0,5.0
21.39,3.0,5.0
21.4,3.0,4.0
21.41,3.0,5.0
21.42,3.0,5.0
21.43,3.0,3.0
21.44,2.0,4.0
21.45,5.0,5.0
21.46,3.0,3.0
21.47,4.0,4.0
21.48,4.0,5.0
21.49,4.0,5.0
21.5,3.0,4.0
21.51,2.0,6.0
21.52,3.0,5.0
21.53,4.0,5.0
21.54,3.0,5.0
21.55,3.0,5.0
21.56,4.0,5.0
21.57,3.0,4.0
21.58,3.0,5.0
21.59,4.0,4.0
21.6,4.0,4.0
21.61,4.0,5.0
21.62,2.0,5.0
21.63,3.0,6.0
21.64,4.0,5.0
21.65,3.0,4.0
21.66,2.0,4.0
21.67,1.0,4.0
21.68,1.0,4.0
21.69,1.0,3.0
21.7,3.0,5.0
21.71,2.0,4.0
21.72,1.0,5.0
21.73,3.0,5.0
21.74,5.0,6.0
21.75,5.0,5.0
21.76,3.0,3.0
21.77,4.0,5.0
21.78,4.0,5.0
21.79,4.0,5.0
21.8,5.0,5.0
21.81,5.0,4.0
21.82,6.0,4.0
21.83,4.0,4.0
21.84,4.0,5.0
21.85,4.0,3.0
21.86,4.0,2.0
21.87,6.0,3.0
21.88,4.0,2.0
21.89,3.0,2.0
21.9,4.0,2.0
21.91,5.0,3.0
21.92,5.0,3.0
21.93,4.0,4.0
21.94,4.0,3.0
21.95,1.0,2.0
21.96,4.0,3.0
21.97,4.0,2.0
21.98,3.0,3.0
21.99,4.0,3.0
22.0,5.0,4.0
22.01,4.0,2.0
22.02,4.0,3.0
22.03,2.0,1.0
22.04,3.0,3.0
22.05,3.0,3.0
22.06,3.0,5.0
22.07,2.0,5.0
22.08,3.0,3.0
22.09,3.0,4.0
22.1,1.0,5.0
22.11,2.0,4.0
22.12,3.0,5.0
22.13,3.0,5.0
22.14,3.0,3.0
22.15,3.0,5.0
22.16,4.0,4.0
22.17,2.0,4.0
22.18,3.0,3.0
22.19,3.0,5.0
22.2,4.0,5.0
22.21,1.0,5.0
22.22,1.0,6.0
22.23,4.0,4.0
22.24,5.0,5.0
22.25,4.0,5.0
22.26,3.0,5.0
22.27,3.0,4.0
22.28,4.0,3.0
22.29,3.0,5.0
22.3,1.0,4.0
22.31,3.0,3.0
22.32,4.0,4.0
22.33,2.0,4.0
22.34,2.0,5.0
22.35,3.0,4.0
22.36,3.0,5.0
22.37,2.0,4.0
22.38,1.0,5.0
22.39,2.0,5.0
22.4,2.0,5.0
22.41,1.0,4.0
22.42,3.0,4.0
22.43,2.0,3.0
22.44,4.0,3.0
22.45,2.0,4.0
22.46,2.0,4.0
22.47,2.0,3.0
22.48,1.0,5.0
22.49,2.0,3.0
22.5,2.0,3.0
22.51,2.0,4.0
22.52,2.0,3.0
22.53,1.0,3.0
22.54,2.0,4.0
22.55,2.0,3.0
22.56,2.0,2.0
22.57,1.0,4.0
22.58,1.0,4.0
22.59,1.0,3.0
22.6,2.0,3.0
22.61,1.0,3.0
22.62,2.0,3.0
22.63,2.0,3.0
22.64,2.0,3.0
22.65,2.0,4.0
22.66,2.0,4.0
22.67,3.0,2.0
22.68,3.0,3.0
22.69,3.0,4.0
22.7,2.0,4.0
22.71,3.0,3.0
22.72,2.0,3.0
22.73,2.0,2.0
22.74,2.0,3.0
22.75,2.0,4.0
22.76,2.0,4.0
22.77,2.0,4.0
22.78,3.0,4.0
22.79,3.0,4.0
22.8,3.0,3.0
22.81,5.0,3.0
22.82,5.0,3.0
22.83,3.0,4.0
22.84,3.0,3.0
22.85,4.0,3.0
22.86,3.0,3.0
22.87,3.0,3.0
22.88,3.0,4.0
22.89,3.0,2.0
22.9,3.0,5.0
22.91,3.0,4.0
22.92,4.0,4.0
22.93,2.0,4.0
22.94,1.0,2.0
22.95,4.0,2.0
22.96,3.0,3.0
22.97,1.0,2.0
22.98,1.0,4.0
22.99,3.0,3.0
23.0,4.0,4.0
23.01,2.0,3.0
23.02,3.0,3.0
23.03,2.0,3.0
23.04,3.0,3.0
23.05,4.0,3.0
23.06,4.0,3.0
23.07,3.0,4.0
23.08,2.0,3.0
23.09,2.0,3.0
23.1,2.0,4.0
23.11,2.0,3.0
23.12,2.0,4.0
23.13,1.0,3.0
23.14,1.0,3.0
23.15,1.0,2.0
23.16,1.0,4.0
23.17,2.0,3.0
23.18,2.0,4.0
23.19,3.0,2.0
23.2,3.0,3.0
23.21,1.0,4.0
23.22,1.0,3.0
23.23,3.0,3.0
23.24,2.0,3.0
23.25,1.0,2.0
23.26,3.0,3.0
23.27,2.0,4.0
23.28,2.0,3.0
23.29,2.0,3.0
23.3,4.0,4.0
23.31,3.0,3.0
23.32,3.0,2.0
23.33,4.0,4.0
23.34,2.0,4.0
23.35,4.0,2.0
23.36,4.0,2.0
23.37,3.0,2.0
23.38,5.0,3.0
23.39,3.0,2.0
23.4,4.0,3.0
23.41,3.0,3.0
23.42,4.0,2.0
23.43,3.0,2.0
23.44,3.0,2.0
23.45,4.0,3.0
23.46,4.0,3.0
23.47,5.0,3.0
23.48,3.0,2.0
23.49,3.0,3.0
23.5,4.0,3.0
23.51,4.0,3.0
23.52,3.0,4.0
23.53,1.0,3.0
23.54,4.0,3.0
23.55,3.0,3.0
23.56,4.0,4.0
23.57,4.0,3.0
23.58,3.0,3.0
23.59,2.0,3.0
23.6,2.0,3.0
23.61,5.0,4.0
23.62,4.0,3.0
23.63,3.0,3.0
23.64,4.0,3.0
23.65,3.0,5.0
23.66,4.0,3.0
23.67,3.0,4.0
23.68,3.0,2.0
23.69,4.0,3.0
23.7,4.0,3.0
23.71,3.0,3.0
23.72,4.0,3.0
23.73,3.0,3.0
23.74,4.0,4.0
23.75,2.0,3.0
23.76,2.0,3.0
23.77,2.0,2.0
23.78,3.0,3.0
23.79,2.0,4.0
23.8,2.0,3.0
23.81,2.0,3.0
23.82,2.0,3.0
23.83,0.0,3.0
23.84,2.0,4.0
23.85,1.0,4.0
23.86,1.0,4.0
23.87,3.0,3.0
23.88,2.0,2.0
23.89,1.0,3.0
23.9,2.0,3.0
23.91,2.0,3.0
23.92,2.0,4.0
23.93,1.0,3.0
23.94,2.0,3.0
23.95,1.0,3.0
23.96,2.0,3.0
23.97,2.0,3.0
23.98,1.0,3.0
23.99,2.0,2.0
24.0,3.0,3.0
24.01,3.0,3.0
24.02,4.0,2.0
24.03,3.0,3.0
24.04,4.0,3.0
24.05,2.0,3.0
24.06,3.0,3.0
24.07,4.0,4.0
24.08,2.0,3.0
24.09,2.0,3.0
24.1,2.0,4.0
24.11,2.0,4.0
24.12,2.0,3.0
24.13,1.0,3.0
24.14,2.0,3.0
24.15,1.0,3.0
24.16,2.0,3.0
24.17,2.0,3.0
24.18,2.0,3.0
24.19,2.0,4.0
24.2,1.0,4.0
24.21,3.0,4.0
24.22,2.0,2.0
24.23,4.0,4.0
24.24,3.0,3.0
24.25,2.0,4.0
24.26,3.0,3.0
24.27,4.0,3.0
24.28,3.0,3.0
24.29,1.0,4.0
24.3,2.0,3.0
24.31,2.0,4.0
24.32,3.0,1.0
24.33,2.0,4.0
24.34,3.0,3.0
24.35,3.0,3.0
24.36,2.0,5.0
24.37,2.0,3.0
24.38,4.0,3.0
24.39,2.0,4.0
24.4,2.0,3.0
24.41,2.0,3.0
24.42,2.0,2.0
24.43,3.0,5.0
24.44,3.0,3.0
24.45,2.0,5.0
24.46,1.0,3.0
24.47,2.0,3.0
24.48,3.0,3.0
24.49,4.0,1.0
24.5,3.0,3.0
24.51,3.0,2.0
24.52,2.0,2.0
24.53,1.0,3.0
24.54,2.0,2.0
24.55,4.0,0.0
24.56,3.0,2.0
24.57,2.0,2.0
24.58,3.0,3.0
24.59,3.0,2.0
24.6,3.0,0.0
24.61,1.0,3.0
24.62,2.0,2.0
24.63,2.0,2.0
24.64,2.0,2.0
24.65,2.0,2.0
24.66,3.0,2.0
24.67,3.0,2.0
24.68,4.0,2.0
24.69,2.0,2.0
24.7,2.0,2.0
24.71,3.0,3.0
24.72,1.0,3.0
24.73,2.0,2.0
24.74,2.0,2.0
24.75,5.0,2.0
24.76,2.0,2.0
24.77,3.0,1.0
24.78,2.0,1.0
24.79,3.0,2.0
24.8,4.0,2.0
24.81,2.0,2.0
24.82,3.0,3.0
24.83,2.0,2.0
24.84,4.0,1.0
24.85,2.0,1.0
24.86,2.0,3.0
24.87,2.0,2.0
24.88,2.0,3.0
24.89,3.0,3.0
24.9,2.0,4.0
24.91,2.0,3.0
24.92,2.0,3.0
24.93,3.0,3.0
24.94,2.0,2.0
24.95,2.0,2.0
24.96,3.0,2.0
24.97,1.0,2.0
24.98,3.0,2.0
24.99,3.0,2.0
25.0,3.0,2.0
25.01,3.0,2.0
25.02,3.0,2.0
25.03,2.0,2.0
25.04,3.0,2.0
25.05,4.0,2.0
25.06,3.0,1.0
25.07,3.0,2.0
25.08,2.0,1.0
25.09,2.0,2.0
25.1,2.0,3.0
25.11,5.0,2.0
25.12,3.0,4.0
25.13,5.0,4.0
25.14,3.0,4.0
25.15,2.0,4.0
25.16,4.0,3.0
25.17,3.0,4.0
25.18,2.0,4.0
25.19,2.0,3.0
25.2,2.0,3.0
25.21,4.0,2.0
25.22,4.0,2.0
25.23,1.0,4.0
25.24,2.0,3.0
25.25,1.0,3.0
25.26,2.0,4.0
25.27,3.0,3.0
25.28,3.0,4.0
25.29,2.0,3.0
25.3,5.0,5.0
25.31,2.0,4.0
25.32,2.0,4.0
25.33,3.0,4.0
25.34,3.0,3.0
25.35,4.0,3.0
25.36,3.0,3.0
25.37,1.0,3.0
25.38,3.0,4.0
25.39,3.0,4.0
25.4,3.0,2.0
25.41,3.0,3.0
25.42,3.0,3.0
25.43,3.0,4.0
25.44,4.0,3.0
25.45,3.0,2.0
25.46,4.0,4.0
25.47,3.0,3.0
25.48,3.0,4.0
25.49,4.0,3.0
25.5,4.0,3.0
25.51,5.0,3.0
25.52,5.0,3.0
25.53,4.0,3.0
25.54,3.0,4.0
25.55,3.0,1.0
25.56,2.0,2.0
25.57,5.0,3.0
25.58,1.0,4.0
25.59,2.0,4.0
25.6,2.0,2.0
25.61,1.0,3.0
25.62,2.0,3.0
25.63,2.0,3.0
25.64,2.0,4.0
25.65,2.0,3.0
25.66,2.0,4.0
25.67,0.0,4.0
25.68,0.0,4.0
25.69,1.0,3.0
25.7,1.0,4.0
25.71,2.0,4.0
25.72,1.0,3.0
25.73,2.0,3.0
25.74,2.0,3.0
25.75,2.0,3.0
25.76,1.0,3.0
25.77,2.0,4.0
25.78,2.0,4.0
25.79,1.0,3.0
25.8,0.0,3.0
25.81,0.0,3.0
25.82,0.0,4.0
25.83,0.0,3.0
25.84,0.0,4.0
25.85,0.0,3.0
25.86,1.0,4.0
25.87,0.0,3.0
25.88,1.0,4.0
25.89,0.0,3.0
25.9,0.0,3.0
25.91,0.0,3.0
25.92,0.0,3.0
25.93,2.0,4.0
25.94,1.0,4.0
25.95,0.0,4.0
25.96,0.0,3.0
25.97,3.0,3.0
25.98,2.0,4.0
25.99,1.0,3.0
26.0,0.0,3.0
26.01,2.0,4.0
26.02,1.0,3.0
26.03,1.0,3.0
26.04,2.0,4.0
26.05,1.0,3.0
26.06,1.0,4.0
26.07,0.0,4.0
26.08,1.0,3.0
26.09,1.0,4.0
26.1,1.0,3.0
26.11,2.0,3.0
26.12,1.0,3.0
26.13,1.0,3.0
26.14,0.0,3.0
26.15,1.0,3.0
26.16,1.0,4.0
26.17,1.0,4.0
26.18,2.0,3.0
26.19,2.0,2.0
26.2,1.0,2.0
26.21,0.0,2.0
26.22,2.0,3.0
26.23,1.0,3.0
26.24,1.0,2.0
26.25,1.0,2.0
26.26,2.0,2.0
26.27,3.0,2.0
26.28,2.0,2.0
26.29,2.0,3.0
26.3,1.0,1.0
26.31,1.0,2.0
26.32,1.0,3.0
26.33,2.0,1.0
26.34,2.0,2.0
26.35,2.0,2.0
26.36,3.0,3.0
26.37,3.0,2.0
26.38,3.0,3.0
26.39,3.0,2.0
26.4,3.0,1.0
26.41,3.0,3.0
26.42,3.0,3.0
26.43,3.0,1.0
26.44,2.0,2.0
26.45,2.0,3.0
26.46,4.0,3.0
26.47,4.0,2.0
26.48,2.0,3.0
26.49,1.0,2.0
26.5,5.0,3.0
26.51,0.0,2.0
26.52,2.0,1.0
26.53,2.0,2.0
26.54,3.0,3.0
26.55,2.0,3.0
26.56,2.0,1.0
26.57,1.0,2.0
26.58,0.0,3.0
26.59,1.0,1.0
26.6,2.0,2.0
26.61,1.0,2.0
26.62,1.0,3.0
26.63,2.0,2.0
26.64,2.0,2.0
26.65,1.0,3.0
26.66,1.0,2.0
26.67,1.0,2.0
26.68,2.0,2.0
26.69,1.0,2.0
26.7,2.0,3.0
26.71,2.0,3.0
26.72,2.0,2.0
26.73,1.0,2.0
26.74,1.0,2.0
26.75,2.0,2.0
26.76,2.0,2.0
26.77,2.0,3.0
26.78,2.0,1.0
26.79,2.0,1.0
26.8,3.0,2.0
26.81,2.0,2.0
26.82,2.0,2.0
26.83,2.0,1.0
26.84,3.0,2.0
26.85,3.0,2.0
26.86,3.0,2.0
26.87,2.0,2.0
26.88,2.0,2.0
26.89,2.0,3.0
26.9,2.0,1.0
26.91,2.0,2.0
26.92,1.0,2.0
26.93,1.0,2.0
26.94,2.0,3.0
26.95,2.0,2.0
26.96,2.0,1.0
26.97,2.0,1.0
26.98,2.0,0.0
26.99,1.0,3.0
27.0,3.0,3.0
27.01,2.0,4.0
27.02,3.0,3.0
27.03,1.0,3.0
27.04,2.0,3.0
27.05,2.0,3.0
27.06,2.0,3.0
27.07,2.0,3.0
27.08,3.0,3.0
27.09,2.0,3.0
27.1,2.0,4.0
27.11,2.0,4.0
27.12,3.0,4.0
27.13,1.0,4.0
27.14,2.0,3.0
27.15,1.0,4.0
27.16,2.0,4.0
27.17,2.0,4.0
27.18,2.0,3.0
27.19,1.0,1.0
27.2,0.0,3.0
27.21,1.0,2.0
27.22,2.0,1.0
27.23,2.0,2.0
27.24,2.0,5.0
27.25,1.0,3.0
27.26,2.0,1.0
27.27,1.0,4.0
27.28,1.0,3.0
27.29,3.0,3.0
27.3,2.0,3.0
27.31,1.0,3.0
27.32,2.0,2.0
27.33,1.0,3.0
27.34,0.0,4.0
27.35,3.0,4.0
27.36,1.0,3.0
27.37,2.0,3.0
27.38,2.0,3.0
27.39,1.0,3.0
27.4,2.0,3.0
27.41,2.0,3.0
27.42,2.0,2.0
27.43,1.0,3.0
27.44,1.0,4.0
27.45,2.0,4.0
27.46,0.0,4.0
27.47,1.0,4.0
27.48,1.0,4.0
27.49,1.0,3.0
27.5,1.0,4.0
27.51,1.0,4.0
27.52,1.0,3.0
27.53,1.0,3.0
27.54,1.0,4.0
27.55,1.0,2.0
27.56,1.0,3.0
27.57,1.0,4.0
27.58,0.0,1.0
27.59,0.0,4.0
27.6,0.0,2.0
27.61,0.0,3.0
27.62,0.0,3.0
27.63,0.0,2.0
27.64,0.0,3.0
27.65,0.0,4.0
27.66,0.0,3.0
27.67,0.0,3.0
27.68,0.0,3.0
27.69,0.0,3.0
27.7,1.0,4.0
27.71,1.0,4.0
27.72,2.0,4.0
27.73,1.0,3.0
27.74,1.0,3.0
27.75,0.0,3.0
27.76,1.0,3.0
27.77,1.0,4.0
27.78,1.0,3.0
27.79,1.0,3.0
27.8,1.0,3.0
27.81,1.0,4.0
27.82,0.0,4.0
27.83,1.0,2.0
27.84,1.0,2.0
27.85,0.0,3.0
27.86,0.0,4.0
27.87,2.0,3.0
27.88,1.0,3.0
27.89,0.0,4.0
27.9,1.0,4.0
27.91,1.0,3.0
27.92,1.0,4.0
27.93,0.0,2.0
27.94,1.0,4.0
27.95,0.0,4.0
27.96,1.0,3.0
27.97,0.0,3.0
27.98,1.0,3.0
27.99,0.0,3.0
28.0,1.0,2.0
28.01,1.0,2.0
28.02,0.0,1.0
28.03,1.0,2.0
28.04,0.0,4.0
28.05,0.0,2.0
28.06,1.0,3.0
28.07,1.0,3.0
28.08,2.0,4.0
28.09,2.0,3.0
28.1,0.0,4.0
28.11,1.0,6.0
28.12,1.0,4.0
28.13,1.0,3.0
28.14,0.0,4.0
28.15,1.0,3.0
28.16,1.0,2.0
28.17,1.0,3.0
28.18,1.0,2.0
28.19,1.0,3.0
28.2,1.0,4.0
28.21,1.0,2.0
28.22,1.0,2.0
28.23,1.0,3.0
28.24,1.0,1.0
28.25,1.0,3.0
28.26,1.0,2.0
28.27,1.0,2.0
28.28,1.0,3.0
28.29,1.0,2.0
28.3,1.0,3.0
28.31,2.0,3.0
28.32,0.0,4.0
28.33,2.0,3.0
28.34,1.0,3.0
28.35,1.0,1.0
28.36,1.0,3.0
28.37,0.0,3.0
28.38,1.0,4.0
28.39,1.0,2.0
28.4,1.0,3.0
28.41,1.0,4.0
28.42,1.0,4.0
28.43,1.0,4.0
28.44,2.0,2.0
28.45,2.0,3.0
28.46,1.0,4.0
28.47,2.0,2.0
28.48,1.0,2.0
28.49,1.0,3.0
28.5,0.0,4.0
28.51,2.0,4.0
28.52,3.0,4.0
28.53,1.0,3.0
28.54,2.0,4.0
28.55,1.0,4.0
28.56,0.0,3.0
28.57,0.0,3.0
28.58,1.0,2.0
28.59,2.0,4.0
28.6,1.0,3.0
28.61,1.0,3.0
28.62,1.0,2.0
28.63,1.0,4.0
28.64,1.0,4.0
28.65,2.0,3.0
28.66,1.0,4.0
28.67,0.0,3.0
28.68,1.0,4.0
28.69,1.0,3.0
28.7,1.0,4.0
28.71,1.0,4.0
28.72,1.0,3.0
28.73,3.0,3.0
28.74,1.0,3.0
28.75,1.0,3.0
28.76,1.0,4.0
28.77,1.0,3.0
28.78,1.0,4.0
28.79,2.0,4.0
28.8,1.0,3.0
28.81,2.0,3.0
28.82,1.0,4.0
28.83,1.0,3.0
28.84,2.0,3.0
28.85,0.0,4.0
28.86,1.0,3.0
28.87,1.0,2.0
28.88,2.0,3.0
28.89,2.0,4.0
28.9,1.0,4.0
28.91,1.0,3.0
28.92,1.0,4.0
28.93,1.0,3.0
28.94,1.0,3.0
28.95,1.0,3.0
28.96,1.0,3.0
28.97,2.0,3.0
28.98,1.0,4.0
28.99,2.0,2.0
29.0,2.0,3.0
29.01,1.0,2.0
29.02,1.0,3.0
29.03,2.0,3.0
29.04,1.0,2.0
29.05,1.0,2.0
29.06,3.0,4.0
29.07,0.0,3.0
29.08,0.0,4.0
29.09,1.0,3.0
29.1,0.0,2.0
29.11,1.0,3.0
29.12,1.0,2.0
29.13,1.0,3.0
29.14,1.0,3.0
29.15,1.0,3.0
29.16,1.0,3.0
29.17,2.0,3.0
29.18,1.0,3.0
29.19,1.0,3.0
29.2,1.0,3.0
29.21,1.0,3.0
29.22,1.0,3.0
29.23,1.0,3.0
29.24,1.0,3.0
29.25,1.0,3.0
29.26,1.0,3.0
29.27,1.0,2.0
29.28,2.0,3.0
29.29,1.0,3.0
29.3,2.0,3.0
29.31,2.0,4.0
29.32,2.0,3.0
29.33,1.0,2.0
29.34,1.0,3.0
29.35,1.0,4.0
29.36,1.0,3.0
29.37,1.0,2.0
29.38,1.0,3.0
29.39,1.0,3.0
29.4,1.0,3.0
29.41,0.0,4.0
29.42,1.0,5.0
29.43,2.0,4.0
29.44,1.0,3.0
29.45,1.0,4.0
29.46,2.0,3.0
29.47,1.0,3.0
29.48,2.0,4.0
29.49,2.0,3.0
29.5,3.0,4.0
29.51,2.0,3.0
29.52,2.0,3.0
29.53,3.0,3.0
29.54,2.0,4.0
29.55,2.0,5.0
29.56,2.0,4.0
29.57,2.0,5.0
29.58,2.0,4.0
29.59,1.0,3.0
29.6,1.0,3.0
29.61,2.0,3.0
29.62,1.0,3.0
29.63,1.0,4.0
29.64,1.0,2.0
29.65,1.0,3.0
29.66,1.0,3.0
29.67,1.0,3.0
29.68,2.0,3.0
29.69,1.0,4.0
29.7,1.0,3.0
29.71,0.0,2.0
29.72,1.0,3.0
29.73,2.0,2.0
29.74,1.0,3.0
29.75,1.0,3.0
29.76,3.0,3.0
29.77,1.0,2.0
29.78,1.0,5.0
29.79,1.0,3.0
29.8,1.0,4.0
29.81,1.0,3.0
29.82,1.0,2.0
29.83,1.0,3.0
29.84,1.0,3.0
29.85,1.0,3.0
29.86,1.0,3.0
29.87,1.0,4.0
29.88,2.0,3.0
29.89,0.0,3.0
29.9,2.0,4.0
29.91,2.0,3.0
29.92,1.0,4.0
29.93,1.0,2.0
29.94,1.0,3.0
29.95,1.0,4.0
29.96,1.0,3.0
29.97,0.0,4.0
29.98,1.0,3.0
29.99,1.0,3.0
30.0,1.0,3.0
30.01,1.0,4.0
30.02,1.0,3.0
30.03,1.0,6.0
30.04,0.0,3.0
30.05,0.0,3.0
30.06,1.0,2.0
30.07,2.0,3.0
30.08,1.0,4.0
30.09,2.0,4.0
30.1,1.0,3.0
30.11,1.0,4.0
30.12,1.0,4.0
30.13,2.0,3.0
30.14,2.0,4.0
30.15,1.0,3.0
30.16,1.0,3.0
30.17,1.0,3.0
30.18,1.0,4.0
30.19,1.0,3.0
30.2,1.0,3.0
30.21,0.0,5.0
30.22,2.0,3.0
30.23,1.0,5.0
30.24,2.0,4.0
30.25,1.0,4.0
30.26,1.0,3.0
30.27,0.0,4.0
30.28,3.0,4.0
30.29,1.0,4.0
30.3,1.0,3.0
30.31,1.0,3.0
30.32,1.0,4.0
30.33,1.0,3.0
30.34,1.0,4.0
30.35,1.0,4.0
30.36,1.0,3.0
30.37,1.0,1.0
30.38,1.0,3.0
30.39,1.0,4.0
30.4,1.0,4.0
30.41,1.0,3.0
30.42,1.0,3.0
30.43,2.0,3.0
30.44,1.0,1.0
30.45,1.0,4.0
30.46,1.0,4.0
30.47,1.0,3.0
30.48,1.0,3.0
30.49,0.0,2.0
30.5,1.0,3.0
30.51,1.0,1.0
30.52,1.0,3.0
30.53,1.0,1.0
30.54,1.0,2.0
30.55,2.0,3.0
30.56,1.0,2.0
30.57,1.0,2.0
30.58,1.0,1.0
30.59,1.0,2.0
30.6,1.0,2.0
30.61,1.0,2.0
30.62,1.0,2.0
30.63,1.0,2.0
30.64,1.0,3.0
30.65,1.0,2.0
30.66,2.0,2.0
30.67,1.0,2.0
30.68,1.0,2.0
30.69,1.0,3.0
30.7,1.0,3.0
30.71,1.0,3.0
30.72,1.0,2.0
30.73,1.0,2.0
30.74,1.0,2.0
30.75,1.0,2.0
30.76,1.0,2.0
30.77,1.0,2.0
30.78,1.0,2.0
30.79,1.0,2.0
30.8,1.0,4.0
30.81,0.0,1.0
30.82,1.0,2.0
30.83,1.0,3.0
30.84,1.0,4.0
30.85,1.0,3.0
30.86,2.0,3.0
30.87,1.0,4.0
30.88,0.0,3.0
30.89,1.0,4.0
30.9,1.0,3.0
30.91,1.0,3.0
30.92,1.0,3.0
30.93,1.0,3.0
30.94,1.0,3.0
30.95,1.0,2.0
30.96,1.0,4.0
30.97,1.0,3.0
30.98,1.0,4.0
30.99,1.0,2.0
31.0,1.0,4.0
31.01,1.0,3.0
31.02,1.0,3.0
31.03,1.0,3.0
31.04,1.0,4.0
31.05,1.0,3.0
31.06,1.0,3.0
31.07,1.0,4.0
31.08,1.0,3.0
31.09,1.0,3.0
31.1,1.0,4.0
31.11,1.0,3.0
31.12,1.0,4.0
31.13,1.0,2.0
31.14,1.0,4.0
31.15,1.0,2.0
31.16,1.0,3.0
31.17,1.0,3.0
31.18,1.0,3.0
31.19,1.0,3.0
31.2,1.0,4.0
31.21,1.0,3.0
31.22,1.0,4.0
31.23,1.0,3.0
31.24,1.0,2.0
31.25,1.0,3.0
31.26,2.0,2.0
31.27,1.0,3.0
31.28,1.0,3.0
31.29,1.0,3.0
31.3,1.0,3.0
31.31,2.0,3.0
31.32,1.0,2.0
31.33,2.0,4.0
31.34,1.0,2.0
31.35,1.0,3.0
31.36,1.0,2.0
31.37,1.0,3.0
31.38,1.0,3.0
31.39,1.0,4.0
31.4,1.0,4.0
31.41,1.0,4.0
31.42,1.0,3.0
31.43,1.0,2.0
31.44,1.0,1.0
31.45,1.0,3.0
31.46,1.0,3.0
31.47,1.0,4.0
31.48,1.0,2.0
31.49,1.0,4.0
31.5,1.0,2.0
31.51,1.0,3.0
31.52,1.0,1.0
31.53,1.0,2.0
31.54,1.0,2.0
31.55,1.0,3.0
31.56,1.0,1.0
31.57,1.0,2.0
31.58,1.0,3.0
31.59,1.0,2.0
31.6,1.0,2.0
31.61,1.0,3.0
31.62,1.0,3.0
31.63,1.0,2.0
31.64,1.0,2.0
31.65,0.0,2.0
31.66,1.0,2.0
31.67,1.0,3.0
31.68,1.0,2.0
31.69,1.0,2.0
31.7,1.0,3.0
31.71,1.0,3.0
31.72,1.0,3.0
31.73,1.0,3.0
31.74,2.0,4.0
31.75,1.0,3.0
31.76,1.0,3.0
31.77,1.0,5.0
31.78,1.0,3.0
31.79,1.0,4.0
31.8,1.0,3.0
31.81,0.0,3.0
31.82,1.0,3.0
31.83,1.0,3.0
31.84,1.0,3.0
31.85,1.0,2.0
31.86,1.0,1.0
31.87,0.0,2.0
31.88,1.0,2.0
31.89,1.0,2.0
31.9,1.0,4.0
31.91,1.0,3.0
31.92,1.0,3.0
31.93,1.0,4.0
31.94,1.0,3.0
31.95,1.0,3.0
31.96,1.0,3.0
31.97,1.0,3.0
31.98,1.0,3.0
31.99,1.0,2.0
32.0,1.0,4.0
32.01,1.0,5.0
32.02,1.0,5.0
32.03,1.0,3.0
32.04,1.0,2.0
32.05,1.0,3.0
32.06,1.0,2.0
32.07,1.0,4.0
32.08,2.0,4.0
32.09,2.0,3.0
32.1,1.0,4.0
32.11,2.0,4.0
32.12,1.0,4.0
32.13,1.0,4.0
32.14,1.0,4.0
32.15,2.0,3.0
32.16,1.0,4.0
32.17,1.0,5.0
32.18,1.0,4.0
32.19,1.0,4.0
32.2,1.0,4.0
32.21,2.0,3.0
32.22,1.0,3.0
32.23,1.0,3.0
32.24,2.0,4.0
32.25,2.0,5.0
32.26,1.0,3.0
32.27,1.0,3.0
32.28,1.0,4.0
32.29,1.0,5.0
32.3,1.0,4.0
32.31,1.0,4.0
32.32,1.0,4.0
32.33,1.0,5.0
32.34,1.0,4.0
32.35,1.0,4.0
32.36,1.0,4.0
32.37,1.0,4.0
32.38,1.0,2.0
32.39,1.0,3.0
32.4,1.0,4.0
32.41,2.0,2.0
32.42,1.0,3.0
32.43,1.0,2.0
32.44,1.0,3.0
32.45,1.0,3.0
32.46,1.0,3.0
32.47,1.0,4.0
32.48,1.0,2.0
32.49,1.0,3.0
32.5,1.0,2.0
32.51,1.0,3.0
32.52,1.0,3.0
32.53,1.0,3.0
32.54,0.0,3.0
32.55,1.0,2.0
32.56,1.0,3.0
32.57,1.0,2.0
32.58,1.0,3.0
32.59,1.0,5.0
32.6,1.0,2.0
32.61,1.0,2.0
32.62,1.0,4.0
32.63,1.0,3.0
32.64,1.0,5.0
32.65,2.0,3.0
32.66,2.0,4.0
32.67,1.0,4.0
32.68,1.0,4.0
32.69,1.0,5.0
32.7,1.0,4.0
32.71,1.0,4.0
32.72,1.0,3.0
32.73,1.0,2.0
32.74,1.0,4.0
32.75,1.0,3.0
32.76,2.0,4.0
32.77,1.0,4.0
32.78,1.0,3.0
32.79,1.0,4.0
32.8,1.0,3.0
32.81,1.0,3.0
32.82,1.0,5.0
32.83,1.0,4.0
32.84,1.0,3.0
32.85,1.0,4.0
32.86,1.0,4.0
32.87,1.0,4.0
32.88,1.0,3.0
32.89,1.0,2.0
32.9,1.0,3.0
32.91,1.0,3.0
32.92,1.0,3.0
32.93,1.0,3.0
32.94,1.0,3.0
32.95,1.0,7.0
32.96,1.0,3.0
32.97,1.0,3.0
32.98,1.0,3.0
32.99,1.0,3.0
33.0,1.0,2.0
33.01,1.0,3.0
33.02,1.0,3.0
33.03,1.0,5.0
33.04,1.0,3.0
33.05,1.0,3.0
33.06,1.0,3.0
33.07,1.0,4.0
33.08,1.0,3.0
33.09,1.0,4.0
33.1,1.0,3.0
33.11,1.0,3.0
33.12,1.0,5.0
33.13,1.0,3.0
33.14,1.0,3.0
33.15,2.0,3.0
33.16,1.0,3.0
33.17,1.0,3.0
33.18,1.0,2.0
33.19,1.0,2.0
33.2,1.0,1.0
33.21,1.0,4.0
33.22,1.0,3.0
33.23,1.0,2.0
33.24,2.0,3.0
33.25,1.0,3.0
33.26,1.0,3.0
33.27,1.0,3.0
33.28,1.0,3.0
33.29,1.0,3.0
33.3,1.0,3.0
33.31,1.0,2.0
33.32,1.0,3.0
33.33,1.0,2.0
33.34,1.0,4.0
33.35,1.0,4.0
33.36,1.0,4.0
33.37,1.0,3.0
33.38,0.0,3.0
33.39,1.0,2.0
33.4,1.0,2.0
33.41,2.0,2.0
33.42,1.0,2.0
33.43,2.0,1.0
33.44,1.0,2.0
33.45,1.0,2.0
33.46,1.0,3.0
33.47,1.0,3.0
33.48,2.0,3.0
33.49,1.0,4.0
33.5,1.0,3.0
33.51,1.0,3.0
33.52,1.0,2.0
33.53,1.0,2.0
33.54,1.0,3.0
33.55,1.0,3.0
33.56,1.0,2.0
33.57,1.0,2.0
33.58,2.0,2.0
33.59,1.0,3.0
33.6,1.0,2.0
33.61,1.0,2.0
33.62,1.0,2.0
33.63,1.0,2.0
33.64,1.0,2.0
33.65,1.0,2.0
33.66,1.0,2.0
33.67,1.0,2.0
33.68,0.0,2.0
33.69,1.0,2.0
33.7,1.0,1.0
33.71,1.0,0.0
33.72,1.0,0.0
33.73,1.0,1.0
33.74,1.0,1.0
33.75,1.0,1.0
33.76,1.0,1.0
33.77,1.0,1.0
33.78,1.0,2.0
33.79,1.0,3.0
33.8,1.0,4.0
33.81,1.0,2.0
33.82,1.0,3.0
33.83,1.0,2.0
33.84,1.0,2.0
33.85,1.0,2.0
33.86,1.0,1.0
33.87,1.0,1.0
33.88,1.0,3.0
33.89,1.0,1.0
33.9,1.0,1.0
33.91,1.0,2.0
33.92,1.0,3.0
33.93,1.0,1.0
33.94,1.0,2.0
33.95,1.0,1.0
33.96,1.0,3.0
33.97,1.0,2.0
33.98,1.0,0.0
33.99,1.0,4.0
34.0,1.0,1.0
34.01,1.0,2.0
34.02,1.0,3.0
34.03,1.0,1.0
34.04,1.0,3.0
34.05,2.0,3.0
34.06,2.0,3.0
34.07,1.0,4.0
34.08,1.0,3.0
34.09,1.0,2.0
34.1,1.0,3.0
34.11,1.0,3.0
34.12,1.0,1.0
34.13,2.0,2.0
34.14,1.0,1.0
34.15,1.0,2.0
34.16,1.0,2.0
34.17,1.0,2.0
34.18,2.0,2.0
34.19,0.0,2.0
34.2,2.0,1.0
34.21,1.0,2.0
34.22,1.0,2.0
34.23,1.0,3.0
34.24,1.0,2.0
34.25,1.0,2.0
34.26,1.0,2.0
34.27,1.0,2.0
34.28,1.0,1.0
34.29,1.0,0.0
34.3,1.0,2.0
34.31,1.0,2.0
34.32,1.0,2.0
34.33,1.0,2.0
34.34,1.0,2.0
34.35,1.0,2.0
34.36,1.0,2.0
34.37,1.0,0.0
34.38,1.0,0.0
34.39,1.0,0.0
34.4,1.0,0.0
34.41,2.0,0.0
34.42,1.0,0.0
34.43,1.0,0.0
34.44,1.0,1.0
34.45,1.0,0.0
34.46,0.0,0.0
34.47,1.0,0.0
34.48,1.0,1.0
34.49,1.0,1.0
34.5,1.0,1.0
34.51,1.0,1.0
34.52,1.0,1.0
34.53,1.0,1.0
34.54,1.0,2.0
34.55,1.0,2.0
34.56,1.0,1.0
34.57,1.0,1.0
34.58,1.0,2.0
34.59,1.0,2.0
34.6,1.0,1.0
34.61,1.0,1.0
34.62,1.0,2.0
34.63,1.0,1.0
34.64,1.0,1.0
34.65,1.0,1.0
34.66,1.0,1.0
34.67,1.0,1.0
34.68,1.0,2.0
34.69,1.0,2.0
34.7,1.0,3.0
34.71,1.0,3.0
34.72,1.0,3.0
34.73,1.0,3.0
34.74,1.0,4.0
34.75,1.0,3.0
34.76,1.0,3.0
34.77,1.0,3.0
34.78,1.0,3.0
34.79,1.0,2.0
34.8,1.0,3.0
34.81,1.0,2.0
34.82,1.0,3.0
34.83,1.0,3.0
34.84,1.0,1.0
34.85,1.0,2.0
34.86,1.0,2.0
34.87,1.0,1.0
34.88,0.0,1.0
34.89,1.0,2.0
34.9,1.0,2.0
34.91,1.0,2.0
34.92,1.0,2.0
34.93,1.0,4.0
34.94,1.0,3.0
34.95,1.0,3.0
34.96,0.0,2.0
34.97,1.0,3.0
34.98,1.0,2.0
34.99,1.0,3.0
35.0,0.0,2.0
35.01,1.0,3.0
35.02,1.0,3.0
35.03,1.0,1.0
35.04,1.0,1.0
35.05,1.0,2.0
35.06,1.0,2.0
35.07,1.0,4.0
35.08,1.0,1.0
35.09,1.0,2.0
35.1,1.0,2.0
35.11,1.0,4.0
35.12,1.0,3.0
35.13,1.0,3.0
35.14,1.0,3.0
35.15,1.0,2.0
35.16,1.0,3.0
35.17,1.0,2.0
35.18,1.0,3.0
35.19,1.0,3.0
35.2,1.0,3.0
35.21,1.0,3.0
35.22,1.0,3.0
35.23,1.0,3.0
35.24,1.0,2.0
35.25,1.0,3.0
35.26,1.0,2.0
35.27,1.0,2.0
35.28,1.0,2.0
35.29,2.0,2.0
35.3,1.0,4.0
35.31,1.0,3.0
35.32,1.0,4.0
35.33,1.0,4.0
35.34,1.0,2.0
35.35,1.0,4.0
35.36,1.0,3.0
35.37,1.0,3.0
35.38,1.0,3.0
35.39,1.0,2.0
35.4,2.0,3.0
35.41,1.0,3.0
35.42,1.0,2.0
35.43,1.0,4.0
35.44,1.0,4.0
35.45,2.0,0.0
35.46,2.0,2.0
35.47,1.0,2.0
35.48,1.0,3.0
35.49,1.0,2.0
35.5,1.0,2.0
35.51,1.0,2.0
35.52,1.0,2.0
35.53,1.0,2.0
35.54,1.0,4.0
35.55,1.0,4.0
35.56,1.0,3.0
35.57,1.0,2.0
35.58,1.0,3.0
35.59,0.0,4.0
35.6,1.0,3.0
35.61,1.0,4.0
35.62,1.0,2.0
35.63,1.0,2.0
35.64,1.0,2.0
35.65,1.0,3.0
35.66,1.0,1.0
35.67,1.0,2.0
35.68,1.0,2.0
35.69,1.0,1.0
35.7,1.0,2.0
35.71,1.0,1.0
35.72,1.0,1.0
35.73,1.0,2.0
35.74,1.0,1.0
35.75,1.0,3.0
35.76,1.0,2.0
35.77,1.0,1.0
35.78,1.0,2.0
35.79,1.0,1.0
35.8,1.0,1.0
35.81,1.0,1.0
35.82,0.0,2.0
35.83,1.0,1.0
35.84,1.0,1.0
35.85,2.0,1.0
35.86,2.0,1.0
35.87,2.0,1.0
35.88,4.0,1.0
35.89,1.0,2.0
35.9,1.0,1.0
35.91,1.0,1.0
35.92,1.0,1.0
35.93,1.0,1.0
35.94,1.0,1.0
35.95,1.0,0.0
35.96,1.0,2.0
35.97,1.0,2.0
35.98,1.0,2.0
35.99,1.0,2.0
36.0,1.0,2.0
36.01,1.0,2.0
36.02,1.0,1.0
36.03,1.0,1.0
36.04,1.0,1.0
36.05,1.0,2.0
36.06,1.0,2.0
36.07,1.0,2.0
36.08,1.0,1.0
36.09,1.0,1.0
36.1,1.0,1.0
36.11,1.0,1.0
36.12,1.0,1.0
36.13,1.0,2.0
36.14,1.0,1.0
36.15,3.0,1.0
36.16,2.0,0.0
36.17,2.0,1.0
36.18,2.0,1.0
36.19,2.0,2.0
36.2,2.0,0.0
36.21,2.0,2.0
36.22,1.0,1.0
36.23,1.0,1.0
36.24,1.0,2.0
36.25,1.0,2.0
36.26,1.0,2.0
36.27,1.0,2.0
36.28,1.0,3.0
36.29,1.0,3.0
36.3,1.0,2.0
36.31,1.0,3.0
36.32,1.0,2.0
36.33,1.0,2.0
36.34,1.0,3.0
36.35,1.0,2.0
36.36,1.0,1.0
36.37,1.0,1.0
36.38,1.0,2.0
36.39,1.0,1.0
36.4,1.0,1.0
36.41,1.0,2.0
36.42,1.0,2.0
36.43,1.0,1.0
36.44,1.0,3.0
36.45,1.0,4.0
36.46,1.0,1.0
36.47,1.0,2.0
36.48,1.0,3.0
36.49,1.0,3.0
36.5,1.0,3.0
36.51,2.0,3.0
36.52,1.0,2.0
36.53,1.0,3.0
36.54,1.0,2.0
36.55,1.0,2.0
36.56,0.0,2.0
36.57,1.0,4.0
36.58,1.0,2.0
36.59,2.0,3.0
36.6,1.0,2.0
36.61,1.0,4.0
36.62,1.0,3.0
36.63,1.0,3.0
36.64,1.0,2.0
36.65,1.0,2.0
36.66,1.0,3.0
36.67,1.0,3.0
36.68,1.0,3.0
36.69,1.0,1.0
36.7,2.0,2.0
36.71,1.0,2.0
36.72,1.0,1.0
36.73,1.0,2.0
36.74,1.0,2.0
36.75,1.0,2.0
36.76,1.0,3.0
36.77,1.0,3.0
36.78,1.0,2.0
36.79,2.0,2.0
36.8,1.0,3.0
36.81,1.0,2.0
36.82,1.0,2.0
36.83,1.0,2.0
36.84,1.0,2.0
36.85,1.0,2.0
36.86,1.0,3.0
36.87,1.0,4.0
36.88,1.0,2.0
36.89,1.0,2.0
36.9,1.0,3.0
36.91,1.0,3.0
36.92,1.0,3.0
36.93,1.0,2.0
36.94,1.0,3.0
36.95,1.0,3.0
36.96,1.0,3.0
36.97,1.0,1.0
36.98,1.0,2.0
36.99,1.0,2.0
37.0,1.0,2.0
37.01,1.0,2.0
37.02,1.0,2.0
37.03,1.0,2.0
37.04,1.0,2.0
37.05,1.0,2.0
37.06,2.0,2.0
37.07,1.0,3.0
37.08,2.0,2.0
37.09,1.0,2.0
37.1,1.0,2.0
37.11,1.0,2.0
37.12,2.0,2.0
37.13,1.0,2.0
37.14,2.0,2.0
37.15,1.0,2.0
37.16,1.0,2.0
37.17,1.0,3.0
37.18,1.0,1.0
37.19,1.0,2.0
37.2,1.0,3.0
37.21,3.0,2.0
37.22,1.0,2.0
37.23,1.0,2.0
37.24,1.0,2.0
37.25,1.0,2.0
37.26,1.0,2.0
37.27,1.0,3.0
37.28,2.0,1.0
37.29,2.0,1.0
37.3,1.0,1.0
37.31,1.0,1.0
37.32,1.0,1.0
37.33,1.0,2.0
37.34,1.0,2.0
37.35,1.0,1.0
37.36,1.0,2.0
37.37,1.0,1.0
37.38,1.0,1.0
37.39,1.0,2.0
37.4,1.0,3.0
37.41,1.0,2.0
37.42,1.0,2.0
37.43,1.0,3.0
37.44,1.0,3.0
37.45,1.0,0.0
37.46,1.0,1.0
37.47,1.0,1.0
37.48,1.0,1.0
37.49,1.0,0.0
37.5,2.0,1.0
37.51,1.0,3.0
37.52,1.0,3.0
37.53,1.0,2.0
37.54,1.0,1.0
37.55,1.0,2.0
37.56,1.0,3.0
37.57,2.0,3.0
37.58,1.0,3.0
37.59,1.0,2.0
37.6,1.0,3.0
37.61,1.0,3.0
37.62,1.0,2.0
37.63,1.0,2.0
37.64,1.0,2.0
37.65,1.0,2.0
37.66,1.0,2.0
37.67,1.0,2.0
37.68,1.0,2.0
37.69,1.0,2.0
37.7,1.0,3.0
37.71,1.0,2.0
37.72,1.0,3.0
37.73,2.0,4.0
37.74,1.0,3.0
37.75,1.0,2.0
37.76,1.0,4.0
37.77,1.0,4.0
37.78,1.0,3.0
37.79,1.0,4.0
37.8,1.0,3.0
37.81,2.0,2.0
37.82,2.0,2.0
37.83,1.0,1.0
37.84,1.0,2.0
37.85,2.0,2.0
37.86,2.0,2.0
37.87,2.0,2.0
37.88,1.0,1.0
37.89,2.0,3.0
37.9,2.0,1.0
37.91,1.0,1.0
37.92,1.0,2.0
37.93,2.0,1.0
37.94,2.0,1.0
37.95,2.0,2.0
37.96,2.0,1.0
37.97,2.0,2.0
37.98,2.0,1.0
37.99,3.0,3.0
38.0,2.0,2.0
38.01,2.0,1.0
38.02,2.0,1.0
38.03,1.0,1.0
38.04,2.0,1.0
38.05,2.0,2.0
38.06,1.0,3.0
38.07,1.0,1.0
38.08,2.0,1.0
38.09,2.0,1.0
38.1,2.0,1.0
38.11,1.0,1.0
38.12,1.0,2.0
38.13,1.0,3.0
38.14,1.0,2.0
38.15,1.0,1.0
38.16,1.0,4.0
38.17,2.0,2.0
38.18,1.0,2.0
38.19,1.0,3.0
38.2,2.0,3.0
38.21,3.0,2.0
38.22,1.0,2.0
38.23,2.0,2.0
38.24,1.0,2.0
38.25,1.0,3.0
38.26,2.0,5.0
38.27,2.0,5.0
38.28,2.0,4.0
38.29,2.0,2.0
38.3,1.0,5.0
38.31,1.0,5.0
38.32,3.0,4.0
38.33,1.0,5.0
38.34,3.0,4.0
38.35,3.0,3.0
38.36,2.0,3.0
38.37,3.0,3.0
38.38,3.0,3.0
38.39,2.0,2.0
38.4,2.0,4.0
38.41,3.0,3.0
38.42,2.0,2.0
38.43,2.0,2.0
38.44,2.0,2.0
38.45,2.0,1.0
38.46,2.0,2.0
38.47,2.0,2.0
38.48,2.0,3.0
38.49,2.0,1.0
38.5,2.0,2.0
38.51,1.0,3.0
38.52,3.0,3.0
38.53,2.0,2.0
38.54,3.0,3.0
38.55,3.0,2.0
38.56,2.0,3.0
38.57,2.0,2.0
38.58,3.0,1.0
38.59,2.0,2.0
38.6,3.0,2.0
38.61,3.0,2.0
38.62,3.0,1.0
38.63,3.0,1.0
38.64,2.0,3.0
38.65,3.0,1.0
38.66,2.0,2.0
38.67,2.0,2.0
38.68,2.0,2.0
38.69,3.0,3.0
38.7,3.0,2.0
38.71,3.0,3.0
38.72,2.0,3.0
38.73,2.0,3.0
38.74,2.0,4.0
38.75,2.0,3.0
38.76,3.0,3.0
38.77,2.0,3.0
38.78,4.0,4.0
38.79,2.0,2.0
38.8,3.0,2.0
38.81,1.0,3.0
38.82,1.0,5.0
38.83,2.0,4.0
38.84,2.0,3.0
38.85,2.0,3.0
38.86,2.0,3.0
38.87,2.0,4.0
38.88,2.0,2.0
38.89,2.0,2.0
38.9,2.0,3.0
38.91,2.0,2.0
38.92,2.0,3.0
38.93,2.0,3.0
38.94,2.0,3.0
38.95,3.0,2.0
38.96,3.0,2.0
38.97,2.0,2.0
38.98,2.0,2.0
38.99,3.0,2.0
39.0,2.0,2.0
39.01,2.0,2.0
39.02,2.0,2.0
39.03,1.0,1.0
39.04,3.0,2.0
39.05,3.0,3.0
39.06,2.0,2.0
39.07,1.0,1.0
39.08,3.0,5.0
39.09,1.0,1.0
39.1,2.0,2.0
39.11,1.0,2.0
39.12,1.0,4.0
39.13,1.0,2.0
39.14,1.0,2.0
39.15,1.0,3.0
39.16,1.0,2.0
39.17,2.0,2.0
39.18,1.0,3.0
39.19,2.0,4.0
39.2,1.0,2.0
39.21,2.0,1.0
39.22,2.0,3.0
39.23,2.0,2.0
39.24,1.0,3.0
39.25,1.0,2.0
39.26,2.0,2.0
39.27,1.0,3.0
39.28,1.0,2.0
39.29,0.0,2.0
39.3,0.0,2.0
39.31,1.0,1.0
39.32,1.0,2.0
39.33,1.0,2.0
39.34,1.0,3.0
39.35,1.0,3.0
39.36,1.0,2.0
39.37,1.0,2.0
39.38,1.0,3.0
39.39,1.0,2.0
39.4,1.0,2.0
39.41,1.0,1.0
39.42,0.0,1.0
39.43,2.0,1.0
39.44,0.0,2.0
39.45,0.0,2.0
39.46,1.0,1.0
39.47,1.0,1.0
39.48,1.0,1.0
39.49,1.0,2.0
39.5,1.0,1.0
39.51,1.0,1.0
39.52,1.0,1.0
39.53,1.0,1.0
39.54,1.0,2.0
39.55,1.0,1.0
39.56,1.0,2.0
39.57,1.0,1.0
39.58,1.0,1.0
39.59,1.0,1.0
39.6,1.0,1.0
39.61,1.0,3.0
39.62,0.0,0.0
39.63,1.0,2.0
39.64,1.0,1.0
39.65,1.0,1.0
39.66,2.0,2.0
39.67,1.0,2.0
39.68,1.0,1.0
39.69,1.0,2.0
39.7,1.0,2.0
39.71,2.0,2.0
39.72,1.0,1.0
39.73,1.0,1.0
39.74,1.0,1.0
39.75,0.0,2.0
39.76,2.0,1.0
39.77,1.0,2.0
39.78,1.0,2.0
39.79,1.0,3.0
39.8,1.0,3.0
39.81,1.0,3.0
39.82,0.0,3.0
39.83,1.0,2.0
39.84,1.0,2.0
39.85,0.0,2.0
39.86,1.0,3.0
39.87,1.0,2.0
39.88,0.0,2.0
39.89,1.0,2.0
39.9,1.0,2.0
39.91,0.0,3.0
39.92,0.0,2.0
39.93,1.0,1.0
39.94,1.0,2.0
39.95,1.0,2.0
39.96,1.0,3.0
39.97,1.0,3.0
39.98,1.0,2.0
39.99,1.0,2.0
40.0,1.0,2.0
40.01,1.0,2.0
40.02,1.0,2.0
40.03,1.0,1.0
40.04,1.0,2.0
40.05,1.0,2.0
40.06,1.0,2.0
40.07,1.0,2.0
40.08,1.0,2.0
40.09,1.0,2.0
40.1,1.0,2.0
40.11,1.0,2.0
40.12,1.0,2.0
40.13,1.0,2.0
40.14,1.0,1.0
40.15,1.0,2.0
40.16,1.0,2.0
40.17,1.0,1.0
40.18,2.0,1.0
40.19,0.0,1.0
40.2,0.0,1.0
40.21,0.0,1.0
40.22,0.0,2.0
40.23,0.0,1.0
40.24,0.0,1.0
40.25,0.0,1.0
40.26,0.0,1.0
40.27,0.0,1.0
40.28,1.0,2.0
40.29,1.0,2.0
40.3,1.0,3.0
40.31,1.0,4.0
40.32,1.0,3.0
40.33,1.0,2.0
40.34,1.0,3.0
40.35,0.0,4.0
40.36,0.0,4.0
40.37,0.0,3.0
40.38,0.0,3.0
40.39,1.0,2.0
40.4,0.0,2.0
40.41,0.0,2.0
40.42,0.0,2.0
40.43,0.0,2.0
40.44,0.0,2.0
40.45,0.0,3.0
40.46,0.0,2.0
40.47,0.0,3.0
40.48,1.0,3.0
40.49,0.0,2.0
40.5,0.0,2.0
40.51,0.0,1.0
40.52,0.0,2.0
40.53,0.0,2.0
40.54,0.0,2.0
40.55,0.0,2.0
40.56,0.0,2.0
40.57,1.0,2.0
40.58,1.0,2.0
40.59,0.0,3.0
40.6,0.0,1.0
40.61,1.0,2.0
40.62,1.0,3.0
40.63,1.0,2.0
40.64,1.0,2.0
40.65,0.0,2.0
40.66,0.0,2.0
40.67,0.0,2.0
40.68,0.0,1.0
40.69,0.0,2.0
40.7,0.0,2.0
40.71,0.0,1.0
40.72,1.0,2.0
40.73,0.0,2.0
40.74,0.0,2.0
40.75,2.0,2.0
40.76,2.0,3.0
40.77,2.0,2.0
40.78,2.0,2.0
40.79,2.0,1.0
40.8,2.0,2.0
40.81,0.0,2.0
40.82,0.0,2.0
40.83,1.0,3.0
40.84,1.0,2.0
40.85,1.0,1.0
40.86,1.0,1.0
40.87,2.0,3.0
40.88,1.0,2.0
40.89,0.0,3.0
40.9,1.0,3.0
40.91,1.0,2.0
40.92,0.0,2.0
40.93,1.0,2.0
40.94,1.0,2.0
40.95,1.0,2.0
40.96,1.0,3.0
40.97,1.0,2.0
40.98,2.0,0.0
40.99,1.0,2.0
41.0,2.0,1.0
41.01,2.0,2.0
41.02,1.0,1.0
41.03,1.0,1.0
41.04,1.0,1.0
41.05,2.0,1.0
41.06,1.0,2.0
41.07,2.0,1.0
41.08,2.0,1.0
41.09,0.0,1.0
41.1,0.0,2.0
41.11,1.0,1.0
41.12,1.0,1.0
41.13,1.0,1.0
41.14,1.0,1.0
41.15,1.0,2.0
41.16,0.0,2.0
41.17,1.0,1.0
41.18,1.0,1.0
41.19,1.0,1.0
41.2,1.0,1.0
41.21,1.0,1.0
41.22,0.0,1.0
41.23,2.0,3.0
41.24,1.0,2.0
41.25,1.0,1.0
41.26,0.0,1.0
41.27,0.0,1.0
41.28,0.0,1.0
41.29,2.0,1.0
41.3,0.0,1.0
41.31,0.0,1.0
41.32,1.0,1.0
41.33,1.0,0.0
41.34,0.0,1.0
41.35,1.0,1.0
41.36,1.0,1.0
41.37,1.0,3.0
41.38,1.0,4.0
41.39,1.0,3.0
41.4,0.0,4.0
41.41,1.0,3.0
41.42,1.0,2.0
41.43,1.0,3.0
41.44,0.0,3.0
41.45,0.0,2.0
41.46,0.0,2.0
41.47,0.0,2.0
41.48,0.0,2.0
41.49,1.0,2.0
41.5,0.0,1.0
41.51,0.0,1.0
41.52,0.0,1.0
41.53,0.0,1.0
41.54,0.0,1.0
41.55,0.0,1.0
41.56,1.0,1.0
41.57,1.0,1.0
41.58,0.0,1.0
41.59,0.0,1.0
41.6,1.0,1.0
41.61,0.0,1.0
41.62,0.0,1.0
41.63,0.0,1.0
41.64,0.0,1.0
41.65,0.0,1.0
41.66,0.0,1.0
41.67,0.0,1.0
41.68,1.0,1.0
41.69,2.0,2.0
41.7,0.0,1.0
41.71,1.0,1.0
41.72,0.0,1.0
41.73,1.0,1.0
41.74,1.0,1.0
41.75,1.0,1.0
41.76,0.0,1.0
41.77,0.0,1.0
41.78,0.0,1.0
41.79,1.0,1.0
41.8,1.0,2.0
41.81,1.0,2.0
41.82,1.0,1.0
41.83,1.0,1.0
41.84,0.0,1.0
41.85,0.0,1.0
41.86,1.0,1.0
41.87,0.0,2.0
41.88,0.0,1.0
41.89,0.0,1.0
41.9,0.0,1.0
41.91,2.0,1.0
41.92,0.0,1.0
41.93,1.0,1.0
41.94,0.0,1.0
41.95,0.0,1.0
41.96,0.0,1.0
41.97,0.0,1.0
41.98,2.0,1.0
41.99,1.0,1.0
42.0,0.0,1.0
42.01,1.0,1.0
42.02,1.0,1.0
42.03,0.0,2.0
42.04,1.0,1.0
42.05,1.0,2.0
42.06,1.0,1.0
42.07,1.0,1.0
42.08,1.0,1.0
42.09,1.0,1.0
42.1,0.0,1.0
42.11,1.0,1.0
42.12,0.0,1.0
42.13,1.0,1.0
42.14,1.0,1.0
42.15,1.0,1.0
42.16,1.0,1.0
42.17,1.0,1.0
42.18,0.0,1.0
42.19,2.0,1.0
42.2,0.0,1.0
42.21,0.0,1.0
42.22,0.0,1.0
42.23,1.0,1.0
42.24,0.0,1.0
42.25,0.0,1.0
42.26,0.0,1.0
42.27,0.0,1.0
42.28,0.0,1.0
42.29,1.0,1.0
42.3,0.0,1.0
42.31,1.0,1.0
42.32,0.0,1.0
42.33,0.0,1.0
42.34,0.0,1.0
42.35,1.0,2.0
42.36,0.0,1.0
42.37,2.0,2.0
42.38,0.0,1.0
42.39,0.0,1.0
42.4,1.0,1.0
42.41,0.0,1.0
42.42,0.0,1.0
42.43,0.0,1.0
42.44,0.0,1.0
42.45,0.0,2.0
42.46,2.0,1.0
42.47,0.0,0.0
42.48,0.0,2.0
42.49,0.0,1.0
42.5,1.0,1.0
42.51,0.0,2.0
42.52,0.0,1.0
42.53,0.0,1.0
42.54,0.0,2.0
42.55,1.0,3.0
42.56,0.0,2.0
42.57,0.0,1.0
42.58,0.0,2.0
42.59,0.0,2.0
42.6,0.0,1.0
42.61,0.0,0.0
42.62,0.0,1.0
42.63,1.0,2.0
42.64,1.0,2.0
42.65,0.0,2.0
42.66,0.0,2.0
42.67,0.0,1.0
42.68,1.0,1.0
42.69,0.0,2.0
42.7,0.0,2.0
42.71,0.0,1.0
42.72,1.0,2.0
42.73,1.0,2.0
42.74,0.0,2.0
42.75,0.0,1.0
42.76,0.0,2.0
42.77,0.0,1.0
42.78,0.0,2.0
42.79,0.0,1.0
42.8,0.0,2.0
42.81,0.0,2.0
42.82,0.0,1.0
42.83,0.0,1.0
42.84,1.0,1.0
42.85,0.0,1.0
42.86,3.0,3.0
42.87,0.0,1.0
42.88,1.0,2.0
42.89,1.0,1.0
42.9,0.0,2.0
42.91,0.0,1.0
42.92,0.0,1.0
42.93,1.0,1.0
42.94,2.0,1.0
42.95,0.0,1.0
42.96,0.0,1.0
42.97,0.0,2.0
42.98,0.0,2.0
42.99,1.0,1.0
43.0,0.0,0.0
43.01,1.0,2.0
43.02,1.0,1.0
43.03,0.0,1.0
43.04,3.0,1.0
43.05,0.0,1.0
43.06,1.0,1.0
43.07,0.0,1.0
43.08,0.0,1.0
43.09,0.0,2.0
43.1,0.0,1.0
43.11,0.0,1.0
43.12,0.0,1.0
43.13,0.0,0.0
43.14,1.0,1.0
43.15,0.0,1.0
43.16,1.0,1.0
43.17,0.0,1.0
43.18,1.0,2.0
43.19,0.0,2.0
43.2,1.0,1.0
43.21,0.0,1.0
43.22,1.0,3.0
43.23,1.0,2.0
43.24,1.0,2.0
43.25,1.0,1.0
43.26,0.0,2.0
43.27,0.0,1.0
43.28,1.0,1.0
43.29,1.0,1.0
43.3,1.0,2.0
43.31,1.0,1.0
43.32,1.0,1.0
43.33,1.0,1.0
43.34,1.0,1.0
43.35,1.0,1.0
43.36,1.0,0.0
43.37,1.0,2.0
43.38,1.0,1.0
43.39,1.0,2.0
43.4,1.0,1.0
43.41,0.0,0.0
43.42,1.0,0.0
43.43,0.0,0.0
43.44,1.0,0.0
43.45,1.0,0.0
43.46,1.0,0.0
43.47,1.0,0.0
43.48,1.0,0.0
43.49,1.0,0.0
43.5,1.0,0.0
43.51,0.0,0.0
43.52,1.0,0.0
43.53,1.0,0.0
43.54,1.0,0.0
43.55,1.0,0.0
43.56,1.0,0.0
43.57,0.0,0.0
43.58,1.0,0.0
43.59,0.0,0.0
43.6,0.0,0.0
43.61,0.0,0.0
43.62,0.0,1.0
43.63,1.0,1.0
43.64,0.0,1.0
43.65,0.0,0.0
43.66,0.0,1.0
43.67,0.0,1.0
43.68,0.0,1.0
43.69,0.0,1.0
43.7,0.0,1.0
43.71,0.0,1.0
43.72,1.0,0.0
43.73,1.0,0.0
43.74,1.0,1.0
43.75,1.0,2.0
43.76,1.0,1.0
43.77,0.0,1.0
43.78,1.0,1.0
43.79,2.0,1.0
43.8,0.0,1.0
43.81,1.0,1.0
43.82,1.0,1.0
43.83,0.0,3.0
43.84,2.0,2.0
43.85,1.0,1.0
43.86,1.0,1.0
43.87,1.0,1.0
43.88,1.0,1.0
43.89,1.0,1.0
43.9,1.0,1.0
43.91,0.0,1.0
43.92,0.0,2.0
43.93,1.0,1.0
43.94,1.0,1.0
43.95,1.0,2.0
43.96,1.0,3.0
43.97,0.0,2.0
43.98,0.0,2.0
43.99,0.0,1.0
44.0,0.0,2.0
44.01,0.0,1.0
44.02,0.0,1.0
44.03,0.0,1.0
44.04,0.0,1.0
44.05,0.0,0.0
44.06,0.0,0.0
44.07,0.0,0.0
44.08,0.0,1.0
44.09,0.0,1.0
44.1,0.0,1.0
44.11,1.0,1.0
44.12,1.0,1.0
44.13,1.0,1.0
44.14,1.0,1.0
44.15,0.0,0.0
44.16,0.0,1.0
44.17,0.0,1.0
44.18,0.0,1.0
44.19,1.0,0.0
44.2,0.0,2.0
44.21,0.0,2.0
44.22,0.0,2.0
44.23,0.0,1.0
44.24,0.0,1.0
44.25,0.0,1.0
44.26,0.0,2.0
44.27,0.0,1.0
44.28,0.0,1.0
44.29,0.0,1.0
44.3,0.0,1.0
44.31,0.0,1.0
44.32,0.0,1.0
44.33,0.0,2.0
44.34,0.0,2.0
44.35,1.0,1.0
44.36,0.0,1.0
44.37,1.0,2.0
44.38,0.0,1.0
44.39,0.0,1.0
44.4,0.0,1.0
44.41,0.0,1.0
44.42,0.0,1.0
44.43,1.0,1.0
44.44,0.0,1.0
44.45,0.0,2.0
44.46,1.0,1.0
44.47,1.0,2.0
44.48,0.0,2.0
44.49,0.0,2.0
44.5,1.0,1.0
44.51,0.0,1.0
44.52,0.0,2.0
44.53,1.0,2.0
44.54,1.0,2.0
44.55,0.0,1.0
44.56,1.0,3.0
44.57,1.0,2.0
44.58,1.0,2.0
44.59,1.0,1.0
44.6,1.0,1.0
44.61,0.0,1.0
44.62,0.0,1.0
44.63,0.0,1.0
44.64,1.0,1.0
44.65,1.0,1.0
44.66,0.0,1.0
44.67,0.0,3.0
44.68,0.0,3.0
44.69,0.0,1.0
44.7,0.0,4.0
44.71,0.0,3.0
44.72,0.0,3.0
44.73,0.0,1.0
44.74,0.0,3.0
44.75,0.0,3.0
44.76,0.0,2.0
44.77,1.0,3.0
44.78,1.0,1.0
44.79,1.0,3.0
44.8,1.0,2.0
44.81,1.0,2.0
44.82,1.0,2.0
44.83,1.0,1.0
44.84,1.0,2.0
44.85,1.0,2.0
44.86,2.0,3.0
44.87,0.0,2.0
44.88,0.0,4.0
44.89,1.0,2.0
44.9,0.0,2.0
44.91,0.0,1.0
44.92,0.0,2.0
44.93,0.0,1.0
44.94,2.0,1.0
44.95,0.0,1.0
44.96,0.0,3.0
44.97,0.0,2.0
44.98,1.0,3.0
44.99,1.0,1.0
45.0,1.0,1.0
45.01,1.0,3.0
45.02,1.0,1.0
45.03,1.0,2.0
45.04,2.0,2.0
45.05,1.0,2.0
45.06,1.0,3.0
45.07,1.0,1.0
45.08,1.0,1.0
45.09,1.0,2.0
45.1,0.0,1.0
45.11,2.0,2.0
45.12,1.0,3.0
45.13,2.0,1.0
45.14,1.0,3.0
45.15,1.0,1.0
45.16,1.0,2.0
45.17,0.0,3.0
45.18,1.0,2.0
45.19,2.0,2.0
45.2,1.0,3.0
45.21,1.0,1.0
45.22,0.0,2.0
45.23,1.0,2.0
45.24,0.0,2.0
45.25,0.0,0.0
45.26,1.0,2.0
45.27,1.0,3.0
45.28,1.0,1.0
45.29,1.0,1.0
45.3,1.0,2.0
45.31,1.0,1.0
45.32,0.0,1.0
45.33,0.0,1.0
45.34,0.0,2.0
45.35,1.0,1.0
45.36,0.0,1.0
45.37,1.0,2.0
45.38,1.0,1.0
45.39,0.0,0.0
45.4,0.0,0.0
45.41,1.0,1.0
45.42,0.0,1.0
45.43,0.0,1.0
45.44,1.0,1.0
45.45,0.0,2.0
45.46,0.0,2.0
45.47,0.0,1.0
45.48,1.0,1.0
45.49,0.0,1.0
45.5,0.0,1.0
45.51,1.0,3.0
45.52,0.0,2.0
45.53,1.0,2.0
45.54,0.0,2.0
45.55,0.0,1.0
45.56,2.0,2.0
45.57,0.0,2.0
45.58,0.0,1.0
45.59,0.0,1.0
45.6,0.0,1.0
45.61,0.0,1.0
45.62,0.0,1.0
45.63,1.0,1.0
45.64,1.0,1.0
45.65,1.0,2.0
45.66,0.0,3.0
45.67,1.0,1.0
45.68,1.0,2.0
45.69,0.0,3.0
45.7,0.0,2.0
45.71,1.0,3.0
45.72,1.0,3.0
45.73,1.0,2.0
45.74,2.0,3.0
45.75,0.0,2.0
45.76,1.0,2.0
45.77,1.0,1.0
45.78,0.0,3.0
45.79,0.0,1.0
45.8,1.0,1.0
45.81,1.0,1.0
45.82,0.0,1.0
45.83,1.0,1.0
45.84,0.0,1.0
45.85,0.0,2.0
45.86,0.0,1.0
45.87,0.0,1.0
45.88,0.0,1.0
45.89,0.0,2.0
45.9,0.0,3.0
45.91,0.0,2.0
45.92,0.0,3.0
45.93,0.0,2.0
45.94,0.0,2.0
45.95,0.0,2.0
45.96,0.0,2.0
45.97,0.0,2.0
45.98,0.0,3.0
45.99,0.0,3.0
46.0,0.0,1.0
46.01,1.0,1.0
46.02,0.0,2.0
46.03,1.0,3.0
46.04,1.0,0.0
46.05,2.0,2.0
46.06,1.0,1.0
46.07,0.0,1.0
46.08,2.0,0.0
46.09,0.0,2.0
46.1,0.0,1.0
46.11,0.0,2.0
46.12,0.0,2.0
46.13,0.0,2.0
46.14,0.0,1.0
46.15,1.0,2.0
46.16,0.0,3.0
46.17,0.0,1.0
46.18,0.0,2.0
46.19,1.0,1.0
46.2,0.0,3.0
46.21,0.0,2.0
46.22,1.0,2.0
46.23,0.0,1.0
46.24,1.0,2.0
46.25,0.0,2.0
46.26,0.0,2.0
46.27,1.0,2.0
46.28,0.0,2.0
46.29,0.0,2.0
46.3,1.0,2.0
46.31,0.0,3.0
46.32,1.0,3.0
46.33,1.0,2.0
46.34,0.0,4.0
46.35,1.0,1.0
46.36,0.0,0.0
46.37,0.0,3.0
46.38,1.0,2.0
46.39,0.0,2.0
46.4,0.0,2.0
46.41,1.0,2.0
46.42,0.0,2.0
46.43,0.0,2.0
46.44,1.0,2.0
46.45,0.0,0.0
46.46,0.0,1.0
46.47,1.0,2.0
46.48,0.0,1.0
46.49,0.0,3.0
46.5,0.0,2.0
46.51,0.0,2.0
46.52,1.0,4.0
46.53,1.0,2.0
46.54,1.0,1.0
46.55,0.0,3.0
46.56,0.0,2.0
46.57,0.0,2.0
46.58,0.0,1.0
46.59,0.0,2.0
46.6,1.0,2.0
46.61,0.0,3.0
46.62,2.0,2.0
46.63,0.0,1.0
46.64,0.0,2.0
46.65,1.0,2.0
46.66,0.0,3.0
46.67,0.0,3.0
46.68,0.0,3.0
46.69,1.0,2.0
46.7,0.0,2.0
46.71,0.0,2.0
46.72,0.0,2.0
46.73,1.0,2.0
46.74,0.0,1.0
46.75,0.0,2.0
46.76,0.0,2.0
46.77,0.0,2.0
46.78,0.0,1.0
46.79,0.0,2.0
46.8,0.0,1.0
46.81,0.0,2.0
46.82,1.0,1.0
46.83,0.0,2.0
46.84,0.0,1.0
46.85,1.0,3.0
46.86,3.0,3.0
46.87,0.0,3.0
46.88,1.0,2.0
46.89,0.0,4.0
46.9,1.0,3.0
46.91,0.0,4.0
46.92,0.0,4.0
46.93,0.0,2.0
46.94,0.0,2.0
46.95,2.0,0.0
46.96,0.0,2.0
46.97,0.0,2.0
46.98,0.0,1.0
46.99,1.0,2.0
47.0,1.0,3.0
47.01,1.0,3.0
47.02,1.0,2.0
47.03,0.0,2.0
47.04,1.0,3.0
47.05,0.0,2.0
47.06,1.0,2.0
47.07,2.0,2.0
47.08,0.0,1.0
47.09,1.0,2.0
47.1,1.0,3.0
47.11,0.0,2.0
47.12,0.0,1.0
47.13,1.0,2.0
47.14,0.0,0.0
47.15,0.0,1.0
47.16,2.0,2.0
47.17,0.0,2.0
47.18,1.0,1.0
47.19,0.0,2.0
47.2,1.0,2.0
47.21,0.0,2.0
47.22,0.0,1.0
47.23,0.0,2.0
47.24,0.0,2.0
47.25,0.0,1.0
47.26,0.0,1.0
47.27,0.0,1.0
47.28,1.0,2.0
47.29,0.0,2.0
47.3,1.0,1.0
47.31,1.0,2.0
47.32,2.0,1.0
47.33,0.0,1.0
47.34,1.0,1.0
47.35,0.0,2.0
47.36,1.0,2.0
47.37,1.0,1.0
47.38,0.0,1.0
47.39,0.0,1.0
47.4,0.0,2.0
47.41,0.0,2.0
47.42,1.0,2.0
47.43,0.0,3.0
47.44,0.0,1.0
47.45,1.0,2.0
47.46,0.0,2.0
47.47,0.0,3.0
47.48,0.0,3.0
47.49,0.0,3.0
47.5,1.0,2.0
47.51,0.0,2.0
47.52,0.0,0.0
47.53,0.0,1.0
47.54,0.0,2.0
47.55,2.0,2.0
47.56,2.0,1.0
47.57,2.0,1.0
47.58,1.0,1.0
47.59,3.0,2.0
47.6,0.0,2.0
47.61,0.0,2.0
47.62,3.0,1.0
47.63,2.0,2.0
47.64,2.0,3.0
47.65,1.0,2.0
47.66,2.0,2.0
47.67,2.0,2.0
47.68,2.0,1.0
47.69,3.0,2.0
47.7,3.0,3.0
47.71,2.0,2.0
47.72,3.0,2.0
47.73,2.0,1.0
47.74,2.0,1.0
47.75,2.0,1.0
47.76,1.0,2.0
47.77,2.0,1.0
47.78,0.0,2.0
47.79,0.0,1.0
47.8,1.0,2.0
47.81,0.0,1.0
47.82,0.0,1.0
47.83,1.0,1.0
47.84,2.0,1.0
47.85,1.0,2.0
47.86,1.0,2.0
47.87,0.0,2.0
47.88,2.0,2.0
47.89,1.0,2.0
47.9,1.0,2.0
47.91,2.0,2.0
47.92,1.0,1.0
47.93,2.0,2.0
47.94,0.0,1.0
47.95,1.0,1.0
47.96,0.0,1.0
47.97,3.0,1.0
47.98,0.0,1.0
47.99,2.0,2.0
48.0,1.0,2.0
48.01,1.0,2.0
48.02,2.0,1.0
48.03,2.0,1.0
48.04,2.0,1.0
48.05,2.0,1.0
48.06,0.0,1.0
48.07,1.0,3.0
48.08,1.0,1.0
48.09,2.0,2.0
48.1,1.0,1.0
48.11,2.0,2.0
48.12,2.0,2.0
48.13,2.0,1.0
48.14,2.0,1.0
48.15,1.0,1.0
48.16,2.0,1.0
48.17,1.0,1.0
48.18,0.0,2.0
48.19,0.0,0.0
48.2,1.0,0.0
48.21,1.0,1.0
48.22,0.0,1.0
48.23,1.0,1.0
48.24,0.0,2.0
48.25,1.0,1.0
48.26,1.0,1.0
48.27,1.0,1.0
48.28,1.0,1.0
48.29,0.0,1.0
48.3,1.0,1.0
48.31,0.0,2.0
48.32,0.0,2.0
48.33,0.0,1.0
48.34,1.0,1.0
48.35,0.0,1.0
48.36,0.0,2.0
48.37,0.0,1.0
48.38,0.0,1.0
48.39,0.0,1.0
48.4,1.0,1.0
48.41,0.0,1.0
48.42,1.0,1.0
48.43,0.0,1.0
48.44,0.0,1.0
48.45,0.0,1.0
48.46,0.0,1.0
48.47,1.0,2.0
48.48,0.0,1.0
48.49,1.0,2.0
48.5,1.0,4.0
48.51,0.0,2.0
48.52,0.0,2.0
48.53,1.0,3.0
48.54,0.0,2.0
48.55,1.0,2.0
48.56,0.0,2.0
48.57,0.0,3.0
48.58,0.0,3.0
48.59,0.0,2.0
48.6,0.0,2.0
48.61,0.0,2.0
48.62,2.0,3.0
48.63,0.0,2.0
48.64,0.0,2.0
48.65,0.0,2.0
48.66,0.0,3.0
48.67,2.0,2.0
48.68,2.0,2.0
48.69,1.0,3.0
48.7,1.0,2.0
48.71,1.0,2.0
48.72,1.0,2.0
48.73,0.0,2.0
48.74,3.0,3.0
48.75,1.0,2.0
48.76,1.0,2.0
48.77,0.0,2.0
48.78,1.0,2.0
48.79,1.0,1.0
48.8,1.0,1.0
48.81,0.0,3.0
48.82,0.0,2.0
48.83,1.0,2.0
48.84,1.0,2.0
48.85,1.0,2.0
48.86,1.0,3.0
48.87,2.0,2.0
48.88,2.0,2.0
48.89,2.0,1.0
48.9,0.0,2.0
48.91,0.0,1.0
48.92,1.0,1.0
48.93,1.0,1.0
48.94,1.0,1.0
48.95,1.0,2.0
48.96,0.0,1.0
48.97,0.0,1.0
48.98,0.0,1.0
48.99,1.0,1.0
49.0,0.0,1.0
49.01,1.0,1.0
49.02,2.0,1.0
49.03,0.0,1.0
49.04,0.0,2.0
49.05,2.0,0.0
49.06,2.0,1.0
49.07,2.0,1.0
49.08,1.0,0.0
49.09,1.0,1.0
49.1,1.0,1.0
49.11,1.0,1.0
49.12,0.0,1.0
49.13,1.0,2.0
49.14,0.0,2.0
49.15,1.0,1.0
49.16,0.0,1.0
49.17,0.0,2.0
49.18,0.0,1.0
49.19,0.0,1.0
49.2,1.0,2.0
49.21,1.0,1.0
49.22,1.0,1.0
49.23,2.0,2.0
49.24,2.0,0.0
49.25,2.0,0.0
49.26,1.0,1.0
49.27,1.0,0.0
49.28,2.0,0.0
49.29,2.0,1.0
49.3,2.0,2.0
49.31,1.0,1.0
49.32,1.0,2.0
49.33,1.0,1.0
49.34,2.0,1.0
49.35,2.0,1.0
49.36,1.0,2.0
49.37,2.0,2.0
49.38,2.0,2.0
49.39,2.0,0.0
49.4,1.0,3.0
49.41,1.0,3.0
49.42,1.0,2.0
49.43,1.0,2.0
49.44,2.0,2.0
49.45,2.0,2.0
49.46,2.0,2.0
49.47,0.0,3.0
49.48,2.0,3.0
49.49,2.0,3.0
49.5,2.0,3.0
49.51,2.0,2.0
49.52,2.0,4.0
49.53,1.0,2.0
49.54,2.0,3.0
49.55,2.0,2.0
49.56,2.0,3.0
49.57,1.0,1.0
49.58,1.0,1.0
49.59,2.0,2.0
49.6,1.0,2.0
49.61,2.0,0.0
49.62,2.0,0.0
49.63,2.0,1.0
49.64,2.0,1.0
49.65,2.0,1.0
49.66,1.0,2.0
49.67,2.0,2.0
49.68,2.0,3.0
49.69,1.0,1.0
49.7,2.0,1.0
49.71,2.0,2.0
49.72,2.0,1.0
49.73,2.0,3.0
49.74,2.0,1.0
49.75,2.0,1.0
49.76,1.0,2.0
49.77,2.0,3.0
49.78,2.0,1.0
49.79,3.0,1.0
49.8,1.0,3.0
49.81,2.0,3.0
49.82,1.0,3.0
49.83,2.0,3.0
49.84,2.0,3.0
49.85,2.0,4.0
49.86,1.0,3.0
49.87,1.0,2.0
49.88,0.0,2.0
49.89,2.0,3.0
49.9,2.0,3.0
49.91,2.0,2.0
49.92,2.0,2.0
49.93,1.0,2.0
49.94,1.0,3.0
49.95,2.0,2.0
49.96,1.0,3.0
49.97,2.0,4.0
49.98,2.0,4.0
49.99,0.0,5.0
50.0,2.0,5.0
50.01,2.0,4.0
50.02,1.0,3.0
50.03,2.0,3.0
50.04,2.0,4.0
50.05,2.0,4.0
50.06,2.0,4.0
50.07,2.0,4.0
50.08,1.0,4.0
50.09,1.0,5.0
50.1,2.0,3.0
50.11,2.0,4.0
50.12,2.0,4.0
50.13,2.0,4.0
50.14,2.0,5.0
50.15,2.0,4.0
50.16,2.0,5.0
50.17,2.0,3.0
50.18,2.0,4.0
50.19,2.0,5.0
50.2,1.0,3.0
50.21,2.0,3.0
50.22,2.0,4.0
50.23,2.0,4.0
50.24,1.0,5.0
50.25,2.0,4.0
50.26,2.0,4.0
50.27,1.0,4.0
50.28,2.0,4.0
50.29,2.0,4.0
50.3,2.0,4.0
50.31,2.0,4.0
50.32,2.0,4.0
50.33,2.0,4.0
50.34,2.0,4.0
50.35,2.0,4.0
50.36,2.0,4.0
50.37,2.0,4.0
50.38,1.0,5.0
50.39,2.0,4.0
50.4,2.0,3.0
50.41,1.0,4.0
50.42,1.0,4.0
50.43,1.0,3.0
50.44,1.0,4.0
50.45,1.0,4.0
50.46,2.0,4.0
50.47,2.0,4.0
50.48,1.0,4.0
50.49,2.0,3.0
50.5,1.0,4.0
50.51,1.0,4.0
50.52,2.0,3.0
50.53,1.0,4.0
50.54,2.0,4.0
50.55,1.0,4.0
50.56,2.0,4.0
50.57,2.0,4.0
50.58,2.0,4.0
50.59,2.0,4.0
50.6,2.0,4.0
50.61,1.0,4.0
50.62,1.0,3.0
50.63,2.0,4.0
50.64,2.0,3.0
50.65,2.0,4.0
50.66,1.0,4.0
50.67,2.0,3.0
50.68,2.0,5.0
50.69,1.0,4.0
50.7,2.0,3.0
50.71,2.0,3.0
50.72,2.0,5.0
50.73,2.0,4.0
50.74,3.0,6.0
50.75,2.0,5.0
50.76,2.0,3.0
50.77,0.0,4.0
50.78,2.0,4.0
50.79,1.0,3.0
50.8,2.0,4.0
50.81,2.0,3.0
50.82,1.0,4.0
50.83,2.0,3.0
50.84,2.0,2.0
50.85,1.0,5.0
50.86,0.0,5.0
50.87,1.0,3.0
50.88,2.0,3.0
50.89,1.0,3.0
50.9,2.0,3.0
50.91,1.0,5.0
50.92,2.0,4.0
50.93,1.0,2.0
50.94,2.0,5.0
50.95,1.0,4.0
50.96,1.0,4.0
50.97,2.0,4.0
50.98,0.0,5.0
50.99,2.0,2.0
51.0,2.0,3.0
51.01,2.0,3.0
51.02,2.0,3.0
51.03,2.0,3.0
51.04,2.0,4.0
51.05,2.0,4.0
51.06,2.0,3.0
51.07,2.0,2.0
51.08,2.0,1.0
51.09,2.0,3.0
51.1,1.0,3.0
51.11,2.0,4.0
51.12,2.0,4.0
51.13,2.0,3.0
51.14,2.0,3.0
51.15,1.0,4.0
51.16,1.0,2.0
51.17,1.0,5.0
51.18,2.0,3.0
51.19,2.0,3.0
51.2,2.0,4.0
51.21,2.0,4.0
51.22,1.0,3.0
51.23,2.0,4.0
51.24,1.0,4.0
51.25,3.0,4.0
51.26,2.0,5.0
51.27,1.0,5.0
51.28,1.0,5.0
51.29,1.0,4.0
51.3,2.0,4.0
51.31,1.0,5.0
51.32,2.0,3.0
51.33,2.0,3.0
51.34,1.0,5.0
51.35,2.0,5.0
51.36,2.0,4.0
51.37,2.0,4.0
51.38,2.0,5.0
51.39,1.0,4.0
51.4,1.0,3.0
51.41,1.0,3.0
51.42,2.0,5.0
51.43,2.0,3.0
51.44,3.0,3.0
51.45,1.0,4.0
51.46,1.0,4.0
51.47,2.0,4.0
51.48,2.0,3.0
51.49,2.0,3.0
51.5,1.0,2.0
51.51,1.0,4.0
51.52,1.0,4.0
51.53,2.0,2.0
51.54,1.0,3.0
51.55,1.0,2.0
51.56,1.0,3.0
51.57,1.0,3.0
51.58,2.0,2.0
51.59,1.0,2.0
51.6,2.0,2.0
51.61,1.0,3.0
51.62,1.0,3.0
51.63,2.0,3.0
51.64,1.0,2.0
51.65,1.0,3.0
51.66,1.0,4.0
51.67,1.0,3.0
51.68,1.0,3.0
51.69,1.0,3.0
51.7,2.0,4.0
51.71,1.0,2.0
51.72,2.0,2.0
51.73,3.0,3.0
51.74,1.0,3.0
51.75,1.0,2.0
51.76,1.0,4.0
51.77,1.0,3.0
51.78,0.0,4.0
51.79,2.0,3.0
51.8,1.0,3.0
51.81,1.0,3.0
51.82,0.0,2.0
51.83,1.0,2.0
51.84,1.0,4.0
51.85,1.0,7.0
51.86,2.0,4.0
51.87,2.0,2.0
51.88,2.0,3.0
51.89,2.0,4.0
51.9,2.0,4.0
51.91,2.0,5.0
51.92,0.0,2.0
51.93,1.0,5.0
51.94,2.0,4.0
51.95,3.0,4.0
51.96,2.0,4.0
51.97,1.0,4.0
51.98,2.0,3.0
51.99,2.0,3.0
52.0,2.0,1.0
52.01,2.0,2.0
52.02,1.0,3.0
52.03,1.0,3.0
52.04,1.0,4.0
52.05,1.0,3.0
52.06,2.0,3.0
52.07,1.0,3.0
52.08,2.0,3.0
52.09,1.0,3.0
52.1,1.0,4.0
52.11,2.0,4.0
52.12,1.0,3.0
52.13,2.0,3.0
52.14,1.0,3.0
52.15,2.0,1.0
52.16,2.0,2.0
52.17,2.0,4.0
52.18,2.0,3.0
52.19,2.0,2.0
52.2,2.0,4.0
52.21,2.0,2.0
52.22,2.0,3.0
52.23,2.0,3.0
52.24,2.0,3.0
52.25,3.0,2.0
52.26,2.0,3.0
52.27,2.0,3.0
52.28,2.0,4.0
52.29,2.0,2.0
52.3,2.0,2.0
52.31,1.0,4.0
52.32,2.0,2.0
52.33,2.0,1.0
52.34,2.0,2.0
52.35,1.0,3.0
52.36,3.0,3.0
52.37,2.0,3.0
52.38,2.0,2.0
52.39,1.0,4.0
52.4,2.0,4.0
52.41,2.0,2.0
52.42,2.0,2.0
52.43,3.0,3.0
52.44,2.0,2.0
52.45,2.0,2.0
52.46,1.0,2.0
52.47,2.0,3.0
52.48,3.0,3.0
52.49,2.0,3.0
52.5,1.0,2.0
52.51,1.0,3.0
52.52,2.0,5.0
52.53,1.0,4.0
52.54,2.0,4.0
52.55,1.0,3.0
52.56,1.0,4.0
52.57,2.0,3.0
52.58,2.0,3.0
52.59,1.0,2.0
52.6,2.0,3.0
52.61,2.0,3.0
52.62,2.0,1.0
52.63,2.0,2.0
52.64,2.0,3.0
52.65,2.0,3.0
52.66,1.0,4.0
52.67,3.0,1.0
52.68,1.0,3.0
52.69,2.0,2.0
52.7,2.0,2.0
52.71,2.0,2.0
52.72,2.0,1.0
52.73,2.0,3.0
52.74,1.0,3.0
52.75,2.0,3.0
52.76,2.0,3.0
52.77,2.0,3.0
52.78,1.0,3.0
52.79,0.0,4.0
52.8,2.0,3.0
52.81,2.0,4.0
52.82,2.0,4.0
52.83,2.0,1.0
52.84,2.0,3.0
52.85,2.0,2.0
52.86,2.0,2.0
52.87,2.0,3.0
52.88,2.0,4.0
52.89,2.0,3.0
52.9,1.0,3.0
52.91,1.0,3.0
52.92,1.0,4.0
52.93,1.0,2.0
52.94,1.0,4.0
52.95,2.0,4.0
52.96,2.0,4.0
52.97,1.0,3.0
52.98,1.0,3.0
52.99,2.0,2.0
53.0,2.0,2.0
53.01,2.0,2.0
53.02,2.0,2.0
53.03,1.0,2.0
53.04,2.0,2.0
53.05,2.0,2.0
53.06,2.0,2.0
53.07,1.0,2.0
53.08,2.0,3.0
53.09,1.0,2.0
53.1,2.0,2.0
53.11,2.0,2.0
53.12,1.0,2.0
53.13,3.0,2.0
53.14,1.0,2.0
53.15,2.0,2.0
53.16,2.0,1.0
53.17,2.0,2.0
53.18,2.0,2.0
53.19,2.0,4.0
53.2,3.0,3.0
53.21,2.0,3.0
53.22,2.0,2.0
53.23,3.0,2.0
53.24,1.0,2.0
53.25,2.0,1.0
53.26,2.0,2.0
53.27,1.0,2.0
53.28,2.0,2.0
53.29,2.0,2.0
53.3,2.0,1.0
53.31,2.0,2.0
53.32,2.0,2.0
53.33,1.0,2.0
53.34,2.0,3.0
53.35,1.0,2.0
53.36,2.0,1.0
53.37,2.0,3.0
53.38,2.0,4.0
53.39,2.0,3.0
53.4,2.0,3.0
53.41,3.0,3.0
53.42,2.0,3.0
53.43,2.0,3.0
53.44,3.0,4.0
53.45,1.0,4.0
53.46,2.0,2.0
53.47,3.0,2.0
53.48,2.0,1.0
53.49,3.0,1.0
53.5,2.0,4.0
53.51,1.0,5.0
53.52,2.0,4.0
53.53,3.0,2.0
53.54,2.0,3.0
53.55,2.0,2.0
53.56,2.0,3.0
53.57,2.0,2.0
53.58,1.0,2.0
53.59,1.0,2.0
53.6,2.0,2.0
53.61,2.0,3.0
53.62,2.0,1.0
53.63,2.0,2.0
53.64,3.0,2.0
53.65,2.0,1.0
53.66,2.0,2.0
53.67,1.0,3.0
53.68,2.0,2.0
53.69,2.0,1.0
53.7,2.0,1.0
53.71,2.0,0.0
53.72,2.0,1.0
53.73,2.0,0.0
53.74,2.0,2.0
53.75,2.0,1.0
53.76,2.0,0.0
53.77,1.0,1.0
53.78,2.0,2.0
53.79,1.0,0.0
53.8,2.0,0.0
53.81,2.0,1.0
53.82,2.0,0.0
53.83,2.0,1.0
53.84,1.0,0.0
53.85,1.0,1.0
53.86,1.0,1.0
53.87,1.0,1.0
53.88,2.0,1.0
53.89,2.0,1.0
53.9,1.0,0.0
53.91,2.0,0.0
53.92,3.0,0.0
53.93,1.0,1.0
53.94,3.0,0.0
53.95,2.0,0.0
53.96,1.0,1.0
53.97,2.0,0.0
53.98,2.0,1.0
53.99,1.0,1.0
54.0,2.0,1.0
54.01,2.0,1.0
54.02,2.0,0.0
54.03,2.0,1.0
54.04,3.0,0.0
54.05,1.0,1.0
54.06,2.0,0.0
54.07,1.0,0.0
54.08,2.0,1.0
54.09,2.0,1.0
54.1,1.0,0.0
54.11,2.0,0.0
54.12,2.0,0.0
54.13,1.0,1.0
54.14,1.0,0.0
54.15,1.0,0.0
54.16,1.0,1.0
54.17,1.0,1.0
54.18,2.0,0.0
54.19,2.0,0.0
54.2,1.0,0.0
54.21,1.0,0.0
54.22,2.0,1.0
54.23,2.0,1.0
54.24,2.0,0.0
54.25,2.0,0.0
54.26,1.0,1.0
54.27,2.0,1.0
54.28,2.0,2.0
54.29,2.0,1.0
54.3,2.0,0.0
54.31,2.0,1.0
54.32,1.0,0.0
54.33,2.0,1.0
54.34,1.0,1.0
54.35,2.0,0.0
54.36,2.0,1.0
54.37,2.0,1.0
54.38,1.0,1.0
54.39,2.0,0.0
54.4,1.0,0.0
54.41,2.0,0.0
54.42,2.0,0.0
54.43,2.0,0.0
54.44,1.0,0.0
54.45,2.0,1.0
54.46,1.0,1.0
54.47,2.0,1.0
54.48,1.0,0.0
54.49,1.0,0.0
54.5,2.0,0.0
54.51,2.0,1.0
54.52,2.0,2.0
54.53,2.0,1.0
54.54,2.0,0.0
54.55,2.0,1.0
54.56,1.0,1.0
54.57,2.0,1.0
54.58,2.0,1.0
54.59,2.0,1.0
54.6,1.0,0.0
54.61,2.0,0.0
54.62,1.0,1.0
54.63,1.0,1.0
54.64,3.0,1.0
54.65,1.0,1.0
54.66,1.0,1.0
54.67,1.0,2.0
54.68,2.0,1.0
54.69,1.0,0.0
54.7,2.0,0.0
54.71,2.0,1.0
54.72,2.0,0.0
54.73,2.0,1.0
54.74,2.0,1.0
54.75,2.0,1.0
54.76,1.0,1.0
54.77,2.0,1.0
54.78,1.0,1.0
54.79,2.0,1.0
54.8,2.0,2.0
54.81,1.0,1.0
54.82,2.0,0.0
54.83,3.0,2.0
54.84,2.0,2.0
54.85,2.0,1.0
54.86,1.0,2.0
54.87,2.0,2.0
54.88,2.0,2.0
54.89,1.0,2.0
54.9,2.0,3.0
54.91,2.0,3.0
54.92,1.0,3.0
54.93,3.0,3.0
54.94,2.0,3.0
54.95,0.0,3.0
54.96,1.0,4.0
54.97,2.0,3.0
54.98,2.0,3.0
54.99,1.0,3.0
55.0,2.0,4.0
55.01,2.0,3.0
55.02,2.0,4.0
55.03,2.0,3.0
55.04,2.0,3.0
55.05,1.0,3.0
55.06,2.0,3.0
55.07,1.0,3.0
55.08,1.0,2.0
55.09,2.0,2.0
55.1,1.0,3.0
55.11,2.0,3.0
55.12,1.0,3.0
55.13,2.0,3.0
55.14,2.0,3.0
55.15,1.0,3.0
55.16,2.0,2.0
55.17,2.0,3.0
55.18,2.0,3.0
55.19,2.0,3.0
55.2,2.0,2.0
55.21,0.0,3.0
55.22,2.0,3.0
55.23,0.0,2.0
55.24,1.0,3.0
55.25,2.0,3.0
55.26,2.0,3.0
55.27,2.0,2.0
55.28,1.0,2.0
55.29,2.0,2.0
55.3,2.0,3.0
55.31,2.0,3.0
55.32,1.0,2.0
55.33,2.0,2.0
55.34,1.0,3.0
55.35,1.0,2.0
55.36,2.0,3.0
55.37,1.0,3.0
55.38,3.0,3.0
55.39,2.0,3.0
55.4,2.0,3.0
55.41,1.0,2.0
55.42,1.0,3.0
55.43,1.0,3.0
55.44,2.0,3.0
55.45,1.0,3.0
55.46,2.0,3.0
55.47,2.0,2.0
55.48,2.0,2.0
55.49,2.0,2.0
55.5,1.0,2.0
55.51,1.0,2.0
55.52,1.0,3.0
55.53,1.0,1.0
55.54,2.0,2.0
55.55,2.0,3.0
55.56,1.0,2.0
55.57,2.0,2.0
55.58,2.0,2.0
55.59,1.0,2.0
55.6,2.0,3.0
55.61,1.0,1.0
55.62,1.0,3.0
55.63,1.0,3.0
55.64,1.0,3.0
55.65,1.0,3.0
55.66,1.0,1.0
55.67,3.0,1.0
55.68,1.0,1.0
55.69,2.0,1.0
55.7,1.0,1.0
55.71,2.0,1.0
55.72,2.0,1.0
55.73,2.0,1.0
55.74,1.0,2.0
55.75,2.0,4.0
55.76,2.0,2.0
55.77,1.0,1.0
55.78,1.0,2.0
55.79,1.0,3.0
55.8,2.0,2.0
55.81,2.0,2.0
55.82,2.0,2.0
55.83,1.0,1.0
55.84,1.0,1.0
55.85,2.0,1.0
55.86,2.0,1.0
55.87,2.0,1.0
55.88,1.0,2.0
55.89,2.0,1.0
55.9,3.0,1.0
55.91,2.0,1.0
55.92,1.0,1.0
55.93,3.0,2.0
55.94,2.0,1.0
55.95,1.0,2.0
55.96,1.0,2.0
55.97,2.0,2.0
55.98,1.0,1.0
55.99,2.0,2.0
56.0,3.0,3.0
56.01,1.0,2.0
56.02,1.0,1.0
56.03,2.0,3.0
56.04,1.0,2.0
56.05,3.0,1.0
56.06,1.0,2.0
56.07,2.0,1.0
56.08,1.0,3.0
56.09,1.0,2.0
56.1,1.0,1.0
56.11,2.0,1.0
56.12,2.0,1.0
56.13,3.0,2.0
56.14,2.0,2.0
56.15,2.0,1.0
56.16,2.0,2.0
56.17,2.0,1.0
56.18,2.0,1.0
56.19,1.0,2.0
56.2,1.0,1.0
56.21,3.0,1.0
56.22,1.0,0.0
56.23,2.0,2.0
56.24,2.0,2.0
56.25,2.0,2.0
56.26,2.0,1.0
56.27,1.0,1.0
56.28,2.0,0.0
56.29,1.0,0.0
56.3,2.0,0.0
56.31,2.0,1.0
56.32,4.0,1.0
56.33,3.0,1.0
56.34,2.0,2.0
56.35,2.0,3.0
56.36,1.0,1.0
56.37,1.0,3.0
56.38,1.0,1.0
56.39,2.0,1.0
56.4,2.0,2.0
56.41,2.0,3.0
56.42,3.0,1.0
56.43,1.0,4.0
56.44,2.0,3.0
56.45,1.0,4.0
56.46,2.0,3.0
56.47,2.0,4.0
56.48,2.0,3.0
56.49,2.0,4.0
56.5,2.0,2.0
56.51,2.0,2.0
56.52,2.0,3.0
56.53,2.0,3.0
56.54,2.0,2.0
56.55,1.0,2.0
56.56,2.0,3.0
56.57,2.0,4.0
56.58,3.0,3.0
56.59,2.0,1.0
56.6,2.0,1.0
56.61,3.0,2.0
56.62,3.0,2.0
56.63,3.0,2.0
56.64,1.0,2.0
56.65,2.0,2.0
56.66,2.0,2.0
56.67,3.0,0.0
56.68,2.0,2.0
56.69,2.0,1.0
56.7,2.0,2.0
56.71,2.0,1.0
56.72,2.0,3.0
56.73,2.0,2.0
56.74,1.0,3.0
56.75,2.0,2.0
56.76,2.0,2.0
56.77,2.0,2.0
56.78,2.0,2.0
56.79,1.0,2.0
56.8,2.0,2.0
56.81,2.0,2.0
56.82,3.0,3.0
56.83,2.0,3.0
56.84,2.0,3.0
56.85,1.0,2.0
56.86,2.0,2.0
56.87,2.0,2.0
56.88,2.0,4.0
56.89,1.0,2.0
56.9,2.0,1.0
56.91,2.0,2.0
56.92,2.0,3.0
56.93,2.0,2.0
56.94,2.0,4.0
56.95,1.0,4.0
56.96,2.0,2.0
56.97,2.0,3.0
56.98,2.0,1.0
56.99,2.0,2.0
57.0,2.0,3.0
57.01,1.0,3.0
57.02,2.0,3.0
57.03,1.0,2.0
57.04,2.0,2.0
57.05,2.0,3.0
57.06,2.0,1.0
57.07,1.0,3.0
57.08,2.0,3.0
57.09,2.0,2.0
57.1,1.0,2.0
57.11,2.0,2.0
57.12,1.0,4.0
57.13,1.0,3.0
57.14,1.0,2.0
57.15,1.0,3.0
57.16,2.0,2.0
57.17,1.0,2.0
57.18,2.0,2.0
57.19,2.0,3.0
57.2,3.0,1.0
57.21,2.0,3.0
57.22,2.0,3.0
57.23,2.0,1.0
57.24,2.0,1.0
57.25,2.0,2.0
57.26,1.0,1.0
57.27,1.0,2.0
57.28,1.0,1.0
57.29,1.0,2.0
57.3,2.0,1.0
57.31,2.0,1.0
57.32,2.0,1.0
57.33,1.0,2.0
57.34,2.0,1.0
57.35,2.0,2.0
57.36,2.0,3.0
57.37,1.0,2.0
57.38,0.0,2.0
57.39,2.0,2.0
57.4,0.0,1.0
57.41,2.0,1.0
57.42,2.0,1.0
57.43,2.0,4.0
57.44,2.0,2.0
57.45,1.0,1.0
57.46,2.0,2.0
57.47,2.0,2.0
57.48,2.0,2.0
57.49,2.0,2.0
57.5,1.0,2.0
57.51,2.0,0.0
57.52,1.0,2.0
57.53,0.0,1.0
57.54,0.0,1.0
57.55,1.0,1.0
57.56,2.0,2.0
57.57,0.0,2.0
57.58,1.0,1.0
57.59,1.0,2.0
57.6,1.0,1.0
57.61,0.0,1.0
57.62,2.0,3.0
57.63,0.0,1.0
57.64,1.0,2.0
57.65,1.0,2.0
57.66,2.0,2.0
57.67,1.0,3.0
57.68,1.0,1.0
57.69,2.0,2.0
57.7,1.0,1.0
57.71,1.0,1.0
57.72,2.0,2.0
57.73,1.0,2.0
57.74,1.0,1.0
57.75,1.0,1.0
57.76,2.0,1.0
57.77,3.0,1.0
57.78,0.0,2.0
57.79,0.0,3.0
57.8,1.0,3.0
57.81,0.0,2.0
57.82,0.0,2.0
57.83,1.0,1.0
57.84,0.0,1.0
57.85,1.0,1.0
57.86,2.0,1.0
57.87,1.0,2.0
57.88,2.0,1.0
57.89,1.0,1.0
57.9,0.0,1.0
57.91,1.0,1.0
57.92,2.0,1.0
57.93,1.0,2.0
57.94,1.0,3.0
57.95,1.0,1.0
57.96,1.0,2.0
57.97,0.0,2.0
57.98,0.0,2.0
57.99,0.0,2.0
58.0,1.0,2.0
58.01,1.0,2.0
58.02,1.0,2.0
58.03,1.0,2.0
58.04,2.0,1.0
58.05,1.0,1.0
58.06,2.0,1.0
58.07,2.0,1.0
58.08,1.0,1.0
58.09,2.0,1.0
58.1,1.0,1.0
58.11,2.0,1.0
58.12,2.0,2.0
58.13,2.0,1.0
58.14,1.0,2.0
58.15,2.0,1.0
58.16,2.0,1.0
58.17,1.0,1.0
58.18,2.0,2.0
58.19,2.0,2.0
58.2,2.0,1.0
58.21,2.0,1.0
58.22,2.0,1.0
58.23,2.0,2.0
58.24,1.0,3.0
58.25,2.0,1.0
58.26,2.0,1.0
58.27,1.0,2.0
58.28,2.0,1.0
58.29,2.0,2.0
58.3,2.0,1.0
58.31,1.0,1.0
58.32,2.0,1.0
58.33,2.0,1.0
58.34,1.0,1.0
58.35,2.0,2.0
58.36,2.0,1.0
58.37,2.0,1.0
58.38,1.0,1.0
58.39,1.0,1.0
58.4,1.0,1.0
58.41,3.0,1.0
58.42,1.0,1.0
58.43,2.0,1.0
58.44,1.0,2.0
58.45,0.0,1.0
58.46,1.0,1.0
58.47,2.0,1.0
58.48,2.0,1.0
58.49,1.0,1.0
58.5,2.0,1.0
58.51,1.0,1.0
58.52,2.0,2.0
58.53,2.0,2.0
58.54,1.0,3.0
58.55,1.0,1.0
58.56,1.0,1.0
58.57,0.0,1.0
58.58,1.0,2.0
58.59,2.0,1.0
58.6,1.0,1.0
58.61,1.0,1.0
58.62,2.0,1.0
58.63,2.0,1.0
58.64,1.0,1.0
58.65,1.0,1.0
58.66,2.0,1.0
58.67,2.0,0.0
58.68,2.0,1.0
58.69,2.0,2.0
58.7,2.0,1.0
58.71,2.0,1.0
58.72,1.0,1.0
58.73,1.0,0.0
58.74,2.0,1.0
58.75,1.0,1.0
58.76,2.0,1.0
58.77,1.0,1.0
58.78,2.0,1.0
58.79,2.0,2.0
58.8,1.0,1.0
58.81,2.0,0.0
58.82,1.0,1.0
58.83,2.0,1.0
58.84,1.0,0.0
58.85,2.0,1.0
58.86,1.0,1.0
58.87,2.0,1.0
58.88,1.0,1.0
58.89,1.0,1.0
58.9,1.0,0.0
58.91,2.0,0.0
58.92,1.0,1.0
58.93,2.0,1.0
58.94,2.0,1.0
58.95,0.0,1.0
58.96,2.0,1.0
58.97,2.0,2.0
58.98,2.0,1.0
58.99,1.0,2.0
59.0,1.0,0.0
59.01,1.0,1.0
59.02,2.0,2.0
59.03,2.0,2.0
59.04,2.0,2.0
59.05,1.0,1.0
59.06,2.0,2.0
59.07,2.0,2.0
59.08,2.0,2.0
59.09,2.0,0.0
59.1,1.0,2.0
59.11,2.0,3.0
59.12,2.0,2.0
59.13,2.0,0.0
59.14,1.0,2.0
59.15,2.0,0.0
59.16,2.0,1.0
59.17,2.0,1.0
59.18,1.0,1.0
59.19,1.0,2.0
59.2,1.0,2.0
59.21,1.0,1.0
59.22,3.0,2.0
59.23,2.0,1.0
59.24,1.0,1.0
59.25,1.0,2.0
59.26,2.0,1.0
59.27,2.0,1.0
59.28,2.0,0.0
59.29,0.0,2.0
59.3,1.0,1.0
59.31,0.0,2.0
59.32,1.0,1.0
59.33,1.0,3.0
59.34,1.0,2.0
59.35,1.0,3.0
59.36,2.0,1.0
59.37,2.0,1.0
59.38,0.0,1.0
59.39,1.0,0.0
59.4,0.0,1.0
59.41,0.0,1.0
59.42,2.0,0.0
59.43,0.0,1.0
59.44,0.0,1.0
59.45,0.0,2.0
59.46,2.0,1.0
59.47,0.0,1.0
59.48,2.0,2.0
59.49,2.0,1.0
59.5,2.0,1.0
59.51,0.0,2.0
59.52,1.0,2.0
59.53,2.0,1.0
59.54,1.0,1.0
59.55,2.0,1.0
59.56,2.0,1.0
59.57,1.0,1.0
59.58,2.0,0.0
59.59,2.0,1.0
59.6,1.0,1.0
59.61,1.0,0.0
59.62,2.0,0.0
59.63,1.0,0.0
59.64,2.0,0.0
59.65,1.0,1.0
59.66,2.0,1.0
59.67,2.0,0.0
59.68,1.0,1.0
59.69,1.0,0.0
59.7,2.0,1.0
59.71,2.0,1.0
59.72,0.0,2.0
59.73,1.0,1.0
59.74,1.0,0.0
59.75,1.0,2.0
59.76,2.0,0.0
59.77,1.0,0.0
59.78,2.0,0.0
59.79,2.0,1.0
59.8,2.0,1.0
59.81,0.0,1.0
59.82,2.0,1.0
59.83,2.0,1.0
59.84,2.0,1.0
59.85,2.0,1.0
59.86,3.0,1.0
59.87,2.0,1.0
59.88,3.0,2.0
59.89,1.0,2.0
59.9,0.0,0.0
59.91,1.0,1.0
59.92,2.0,1.0
59.93,2.0,1.0
59.94,1.0,1.0
59.95,2.0,2.0
59.96,2.0,1.0
59.97,2.0,2.0
59.98,1.0,2.0
59.99,2.0,1.0
60.0,2.0,2.0
60.01,2.0,2.0
60.02,2.0,2.0
60.03,1.0,2.0
60.04,1.0,1.0
60.05,2.0,1.0
60.06,2.0,1.0
60.07,3.0,2.0
60.08,1.0,0.0
60.09,1.0,0.0
60.1,2.0,1.0
60.11,0.0,0.0
60.12,2.0,1.0
60.13,1.0,1.0
60.14,1.0,1.0
60.15,0.0,1.0
60.16,2.0,1.0
60.17,1.0,1.0
60.18,2.0,3.0
60.19,1.0,4.0
60.2,0.0,4.0
60.21,2.0,2.0
60.22,2.0,3.0
60.23,2.0,1.0
60.24,2.0,2.0
60.25,0.0,3.0
60.26,1.0,1.0
60.27,2.0,3.0
60.28,2.0,2.0
60.29,2.0,1.0
60.3,1.0,2.0
60.31,3.0,3.0
60.32,1.0,1.0
60.33,2.0,3.0
60.34,2.0,2.0
60.35,2.0,1.0
60.36,2.0,2.0
60.37,1.0,3.0
60.38,1.0,2.0
60.39,2.0,0.0
60.4,1.0,0.0
60.41,2.0,0.0
60.42,2.0,0.0
60.43,1.0,0.0
60.44,2.0,0.0
60.45,3.0,1.0
60.46,2.0,1.0
60.47,2.0,0.0
60.48,0.0,0.0
60.49,2.0,0.0
60.5,2.0,0.0
60.51,0.0,0.0
60.52,1.0,0.0
60.53,0.0,0.0
60.54,2.0,0.0
60.55,0.0,0.0
60.56,2.0,0.0
60.57,1.0,0.0
60.58,0.0,0.0
60.59,2.0,0.0
60.6,1.0,0.0
60.61,1.0,0.0
60.62,1.0,0.0
60.63,2.0,1.0
60.64,1.0,0.0
60.65,2.0,0.0
60.66,1.0,0.0
60.67,2.0,0.0
60.68,2.0,0.0
60.69,1.0,0.0
60.7,1.0,0.0
60.71,2.0,0.0
60.72,1.0,0.0
60.73,2.0,0.0
60.74,2.0,0.0
60.75,1.0,0.0
60.76,2.0,0.0
60.77,2.0,2.0
60.78,2.0,0.0
60.79,2.0,1.0
60.8,2.0,0.0
60.81,3.0,0.0
60.82,2.0,1.0
60.83,1.0,0.0
60.84,1.0,1.0
60.85,1.0,0.0
60.86,1.0,0.0
60.87,2.0,1.0
60.88,2.0,1.0
60.89,2.0,0.0
60.9,2.0,0.0
60.91,2.0,0.0
60.92,1.0,1.0
60.93,2.0,0.0
60.94,3.0,1.0
60.95,1.0,0.0
60.96,1.0,1.0
60.97,1.0,1.0
60.98,2.0,0.0
60.99,1.0,1.0
61.0,0.0,1.0
61.01,2.0,1.0
61.02,2.0,2.0
61.03,1.0,0.0
61.04,2.0,0.0
61.05,1.0,2.0
61.06,2.0,1.0
61.07,2.0,0.0
61.08,1.0,1.0
61.09,3.0,0.0
61.1,3.0,0.0
61.11,1.0,1.0
61.12,2.0,0.0
61.13,1.0,1.0
61.14,2.0,1.0
61.15,1.0,1.0
61.16,1.0,1.0
61.17,1.0,1.0
61.18,1.0,1.0
61.19,2.0,2.0
61.2,2.0,0.0
61.21,2.0,2.0
61.22,2.0,0.0
61.23,2.0,0.0
61.24,2.0,1.0
61.25,2.0,0.0
61.26,3.0,0.0
61.27,0.0,0.0
61.28,1.0,1.0
61.29,0.0,1.0
61.3,2.0,3.0
61.31,1.0,1.0
61.32,0.0,1.0
61.33,1.0,1.0
61.34,0.0,2.0
61.35,2.0,2.0
61.36,2.0,1.0
61.37,1.0,1.0
61.38,1.0,1.0
61.39,2.0,1.0
61.4,2.0,2.0
61.41,2.0,1.0
61.42,2.0,3.0
61.43,1.0,1.0
61.44,1.0,1.0
61.45,2.0,1.0
61.46,2.0,1.0
61.47,2.0,2.0
61.48,0.0,0.0
61.49,1.0,0.0
61.5,1.0,0.0
61.51,3.0,0.0
61.52,2.0,1.0
61.53,3.0,1.0
61.54,1.0,1.0
61.55,2.0,1.0
61.56,2.0,1.0
61.57,2.0,1.0
61.58,2.0,1.0
61.59,1.0,2.0
61.6,0.0,1.0
61.61,1.0,2.0
61.62,1.0,1.0
61.63,1.0,1.0
61.64,2.0,1.0
61.65,1.0,1.0
61.66,2.0,2.0
61.67,1.0,0.0
61.68,1.0,0.0
61.69,2.0,1.0
61.7,2.0,1.0
61.71,3.0,1.0
61.72,1.0,2.0
61.73,1.0,1.0
61.74,2.0,1.0
61.75,1.0,1.0
61.76,2.0,1.0
61.77,2.0,1.0
61.78,2.0,1.0
61.79,1.0,1.0
61.8,3.0,1.0
61.81,2.0,1.0
61.82,2.0,1.0
61.83,2.0,2.0
61.84,1.0,1.0
61.85,2.0,1.0
61.86,2.0,1.0
61.87,2.0,1.0
61.88,2.0,1.0
61.89,2.0,1.0
61.9,2.0,1.0
61.91,2.0,1.0
61.92,2.0,1.0
61.93,2.0,2.0
61.94,2.0,1.0
61.95,2.0,1.0
61.96,2.0,1.0
61.97,2.0,1.0
61.98,2.0,0.0
61.99,2.0,2.0
62.0,2.0,3.0
62.01,1.0,1.0
62.02,1.0,2.0
62.03,1.0,1.0
62.04,0.0,2.0
62.05,3.0,2.0
62.06,2.0,2.0
62.07,1.0,1.0
62.08,1.0,1.0
62.09,2.0,2.0
62.1,1.0,2.0
62.11,3.0,1.0
62.12,1.0,2.0
62.13,2.0,3.0
62.14,2.0,1.0
62.15,2.0,2.0
62.16,2.0,1.0
62.17,1.0,1.0
62.18,2.0,1.0
62.19,2.0,1.0
62.2,2.0,1.0
62.21,2.0,1.0
62.22,2.0,2.0
62.23,1.0,2.0
62.24,1.0,1.0
62.25,1.0,3.0
62.26,1.0,3.0
62.27,1.0,4.0
62.28,0.0,0.0
62.29,1.0,2.0
62.3,1.0,3.0
62.31,1.0,2.0
62.32,1.0,1.0
62.33,0.0,1.0
62.34,1.0,2.0
62.35,0.0,1.0
62.36,1.0,1.0
62.37,1.0,0.0
62.38,1.0,0.0
62.39,0.0,1.0
62.4,1.0,1.0
62.41,2.0,0.0
62.42,1.0,1.0
62.43,2.0,0.0
62.44,1.0,0.0
62.45,1.0,0.0
62.46,1.0,0.0
62.47,2.0,0.0
62.48,1.0,0.0
62.49,2.0,0.0
62.5,1.0,0.0
62.51,1.0,0.0
62.52,1.0,0.0
62.53,2.0,0.0
62.54,2.0,1.0
62.55,1.0,0.0
62.56,2.0,0.0
62.57,1.0,0.0
62.58,2.0,0.0
62.59,3.0,1.0
62.6,1.0,1.0
62.61,2.0,1.0
62.62,2.0,2.0
62.63,2.0,2.0
62.64,2.0,1.0
62.65,3.0,3.0
62.66,2.0,1.0
62.67,2.0,2.0
62.68,2.0,2.0
62.69,2.0,4.0
62.7,2.0,2.0
62.71,2.0,2.0
62.72,2.0,3.0
62.73,1.0,4.0
62.74,0.0,5.0
62.75,1.0,3.0
62.76,2.0,3.0
62.77,2.0,3.0
62.78,2.0,2.0
62.79,1.0,3.0
62.8,1.0,3.0
62.81,2.0,3.0
62.82,2.0,3.0
62.83,1.0,3.0
62.84,1.0,4.0
62.85,2.0,3.0
62.86,2.0,3.0
62.87,1.0,3.0
62.88,1.0,3.0
62.89,2.0,3.0
62.9,2.0,3.0
62.91,2.0,3.0
62.92,1.0,3.0
62.93,2.0,3.0
62.94,2.0,3.0
62.95,2.0,4.0
62.96,2.0,4.0
62.97,2.0,4.0
62.98,2.0,4.0
62.99,2.0,4.0
63.0,1.0,4.0
63.01,1.0,4.0
63.02,2.0,4.0
63.03,2.0,3.0
63.04,2.0,4.0
63.05,1.0,4.0
63.06,1.0,4.0
63.07,2.0,4.0
63.08,2.0,4.0
63.09,2.0,3.0
63.1,3.0,4.0
63.11,2.0,4.0
63.12,1.0,4.0
63.13,2.0,5.0
63.14,2.0,4.0
63.15,2.0,1.0
63.16,2.0,3.0
63.17,2.0,3.0
63.18,2.0,3.0
63.19,1.0,3.0
63.2,1.0,4.0
63.21,2.0,2.0
63.22,1.0,2.0
63.23,2.0,1.0
63.24,2.0,1.0
63.25,3.0,1.0
63.26,3.0,1.0
63.27,1.0,2.0
63.28,2.0,2.0
63.29,2.0,2.0
63.3,1.0,2.0
63.31,2.0,2.0
63.32,1.0,2.0
63.33,3.0,2.0
63.34,1.0,2.0
63.35,2.0,2.0
63.36,1.0,1.0
63.37,1.0,2.0
63.38,2.0,2.0
63.39,0.0,1.0
63.4,1.0,1.0
63.41,0.0,1.0
63.42,1.0,1.0
63.43,0.0,1.0
63.44,1.0,1.0
63.45,1.0,0.0
63.46,2.0,1.0
63.47,2.0,1.0
63.48,1.0,1.0
63.49,2.0,1.0
63.5,1.0,1.0
63.51,2.0,1.0
63.52,1.0,2.0
63.53,2.0,1.0
63.54,0.0,3.0
63.55,2.0,1.0
63.56,1.0,2.0
63.57,1.0,2.0
63.58,1.0,1.0
63.59,1.0,1.0
63.6,0.0,1.0
63.61,0.0,1.0
63.62,1.0,1.0
63.63,1.0,1.0
63.64,1.0,1.0
63.65,1.0,1.0
63.66,1.0,1.0
63.67,2.0,1.0
63.68,2.0,2.0
63.69,1.0,1.0
63.7,2.0,1.0
63.71,1.0,1.0
63.72,2.0,2.0
63.73,1.0,1.0
63.74,0.0,1.0
63.75,0.0,2.0
63.76,1.0,1.0
63.77,1.0,1.0
63.78,1.0,1.0
63.79,1.0,3.0
63.8,1.0,1.0
63.81,1.0,2.0
63.82,0.0,2.0
63.83,1.0,1.0
63.84,0.0,1.0
63.85,2.0,2.0
63.86,1.0,1.0
63.87,2.0,1.0
63.88,1.0,1.0
63.89,0.0,2.0
63.9,1.0,1.0
63.91,0.0,0.0
63.92,1.0,0.0
63.93,0.0,1.0
63.94,1.0,1.0
63.95,1.0,0.0
63.96,1.0,1.0
63.97,3.0,0.0
63.98,1.0,1.0
63.99,1.0,1.0
64.0,1.0,1.0
64.01,1.0,0.0
64.02,2.0,1.0
64.03,0.0,1.0
64.04,1.0,1.0
64.05,1.0,1.0
64.06,1.0,2.0
64.07,1.0,2.0
64.08,2.0,1.0
64.09,2.0,1.0
64.1,1.0,2.0
64.11,1.0,1.0
64.12,1.0,2.0
64.13,0.0,1.0
64.14,0.0,2.0
64.15,1.0,2.0
64.16,1.0,2.0
64.17,0.0,0.0
64.18,1.0,1.0
64.19,1.0,0.0
64.2,2.0,0.0
64.21,0.0,1.0
64.22,1.0,2.0
64.23,1.0,1.0
64.24,2.0,1.0
64.25,3.0,1.0
64.26,2.0,1.0
64.27,2.0,0.0
64.28,2.0,0.0
64.29,2.0,0.0
64.3,2.0,0.0
64.31,3.0,0.0
64.32,2.0,1.0
64.33,3.0,0.0
64.34,1.0,0.0
64.35,2.0,1.0
64.36,0.0,0.0
64.37,0.0,0.0
64.38,2.0,1.0
64.39,0.0,1.0
64.4,1.0,2.0
64.41,1.0,1.0
64.42,0.0,0.0
64.43,1.0,2.0
64.44,0.0,1.0
64.45,1.0,1.0
64.46,0.0,3.0
64.47,0.0,2.0
64.48,1.0,2.0
64.49,1.0,2.0
64.5,1.0,2.0
64.51,0.0,1.0
64.52,1.0,1.0
64.53,1.0,2.0
64.54,1.0,1.0
64.55,0.0,1.0
64.56,2.0,1.0
64.57,2.0,2.0
64.58,2.0,1.0
64.59,2.0,1.0
64.6,2.0,2.0
64.61,2.0,1.0
64.62,2.0,1.0
64.63,2.0,2.0
64.64,2.0,2.0
64.65,2.0,1.0
64.66,2.0,2.0
64.67,2.0,1.0
64.68,2.0,1.0
64.69,2.0,0.0
64.7,2.0,1.0
64.71,2.0,1.0
64.72,2.0,2.0
64.73,2.0,1.0
64.74,2.0,2.0
64.75,2.0,2.0
64.76,2.0,2.0
64.77,2.0,1.0
64.78,2.0,1.0
64.79,2.0,2.0
64.8,1.0,1.0
64.81,1.0,1.0
64.82,2.0,2.0
64.83,2.0,3.0
64.84,2.0,2.0
64.85,2.0,1.0
64.86,1.0,1.0
64.87,1.0,1.0
64.88,2.0,1.0
64.89,0.0,1.0
64.9,1.0,2.0
64.91,0.0,2.0
64.92,0.0,2.0
64.93,1.0,1.0
64.94,2.0,2.0
64.95,2.0,3.0
64.96,0.0,1.0
64.97,2.0,1.0
64.98,1.0,3.0
64.99,2.0,3.0
65.0,1.0,2.0
65.01,1.0,3.0
65.02,0.0,1.0
65.03,1.0,1.0
65.04,2.0,0.0
65.05,2.0,0.0
65.06,2.0,0.0
65.07,1.0,0.0
65.08,2.0,0.0
65.09,2.0,1.0
65.1,0.0,0.0
65.11,0.0,0.0
65.12,1.0,0.0
65.13,1.0,0.0
65.14,1.0,0.0
65.15,1.0,0.0
65.16,3.0,0.0
65.17,1.0,0.0
65.18,1.0,1.0
65.19,2.0,0.0
65.2,2.0,0.0
65.21,1.0,0.0
65.22,1.0,1.0
65.23,0.0,0.0
65.24,1.0,0.0
65.25,2.0,0.0
65.26,2.0,0.0
65.27,2.0,0.0
65.28,1.0,1.0
65.29,2.0,0.0
65.3,2.0,1.0
65.31,1.0,0.0
65.32,1.0,0.0
65.33,1.0,1.0
65.34,4.0,1.0
65.35,2.0,1.0
65.36,2.0,1.0
65.37,1.0,0.0
65.38,0.0,0.0
65.39,0.0,0.0
65.4,0.0,0.0
65.41,0.0,1.0
65.42,0.0,0.0
65.43,0.0,0.0
65.44,0.0,1.0
65.45,0.0,1.0
65.46,2.0,1.0
65.47,0.0,2.0
65.48,0.0,2.0
65.49,1.0,1.0
65.5,0.0,1.0
65.51,0.0,1.0
65.52,0.0,1.0
65.53,0.0,1.0
65.54,0.0,1.0
65.55,0.0,1.0
65.56,1.0,2.0
65.57,1.0,1.0
65.58,0.0,1.0
65.59,1.0,1.0
65.6,0.0,2.0
65.61,1.0,1.0
65.62,1.0,2.0
65.63,1.0,1.0
65.64,0.0,1.0
65.65,0.0,3.0
65.66,1.0,1.0
65.67,2.0,0.0
65.68,1.0,0.0
65.69,0.0,2.0
65.7,1.0,2.0
65.71,1.0,1.0
65.72,0.0,0.0
65.73,2.0,0.0
65.74,0.0,1.0
65.75,1.0,0.0
65.76,0.0,0.0
65.77,1.0,2.0
65.78,0.0,0.0
65.79,1.0,1.0
65.8,0.0,1.0
65.81,0.0,0.0
65.82,1.0,1.0
65.83,0.0,0.0
65.84,1.0,1.0
65.85,1.0,0.0
65.86,2.0,0.0
65.87,2.0,0.0
65.88,2.0,1.0
65.89,2.0,1.0
65.9,2.0,1.0
65.91,1.0,1.0
65.92,1.0,0.0
65.93,1.0,0.0
65.94,0.0,1.0
65.95,1.0,0.0
65.96,1.0,0.0
65.97,1.0,1.0
65.98,1.0,0.0
65.99,1.0,0.0
66.0,0.0,0.0
66.01,1.0,0.0
66.02,2.0,1.0
66.03,0.0,1.0
66.04,1.0,0.0
66.05,2.0,1.0
66.06,0.0,2.0
66.07,1.0,2.0
66.08,0.0,0.0
66.09,1.0,0.0
66.1,1.0,1.0
66.11,1.0,1.0
66.12,1.0,0.0
66.13,0.0,0.0
66.14,2.0,1.0
66.15,1.0,0.0
66.16,1.0,2.0
66.17,0.0,1.0
66.18,1.0,3.0
66.19,1.0,1.0
66.2,2.0,1.0
66.21,3.0,0.0
66.22,2.0,1.0
66.23,3.0,0.0
66.24,3.0,1.0
66.25,3.0,3.0
66.26,1.0,2.0
66.27,3.0,2.0
66.28,3.0,1.0
66.29,3.0,2.0
66.3,2.0,0.0
66.31,4.0,2.0
66.32,2.0,2.0
66.33,3.0,4.0
66.34,3.0,2.0
66.35,2.0,0.0
66.36,2.0,1.0
66.37,3.0,1.0
66.38,1.0,1.0
66.39,1.0,0.0
66.4,1.0,1.0
66.41,0.0,1.0
66.42,1.0,2.0
66.43,0.0,2.0
66.44,1.0,1.0
66.45,2.0,2.0
66.46,1.0,3.0
66.47,2.0,3.0
66.48,0.0,3.0
66.49,1.0,2.0
66.5,2.0,4.0
66.51,0.0,4.0
66.52,1.0,3.0
66.53,1.0,3.0
66.54,0.0,3.0
66.55,1.0,2.0
66.56,2.0,2.0
66.57,2.0,2.0
66.58,0.0,1.0
66.59,0.0,1.0
66.6,1.0,2.0
66.61,2.0,0.0
66.62,0.0,2.0
66.63,1.0,1.0
66.64,1.0,2.0
66.65,1.0,3.0
66.66,2.0,2.0
66.67,1.0,1.0
66.68,0.0,1.0
66.69,1.0,1.0
66.7,0.0,1.0
66.71,2.0,1.0
66.72,1.0,1.0
66.73,1.0,1.0
66.74,1.0,1.0
66.75,1.0,3.0
66.76,1.0,1.0
66.77,1.0,1.0
66.78,1.0,2.0
66.79,1.0,1.0
66.8,2.0,1.0
66.81,1.0,2.0
66.82,2.0,2.0
66.83,1.0,1.0
66.84,2.0,1.0
66.85,2.0,2.0
66.86,2.0,1.0
66.87,2.0,1.0
66.88,2.0,1.0
66.89,2.0,1.0
66.9,2.0,1.0
66.91,1.0,1.0
66.92,1.0,1.0
66.93,2.0,1.0
66.94,2.0,1.0
66.95,1.0,1.0
66.96,3.0,1.0
66.97,2.0,1.0
66.98,1.0,1.0
66.99,2.0,2.0
67.0,2.0,1.0
67.01,1.0,1.0
67.02,1.0,1.0
67.03,2.0,1.0
67.04,0.0,1.0
67.05,2.0,1.0
67.06,2.0,1.0
67.07,1.0,1.0
67.08,2.0,1.0
67.09,3.0,1.0
67.1,2.0,1.0
67.11,3.0,1.0
67.12,2.0,1.0
67.13,0.0,1.0
67.14,1.0,1.0
67.15,0.0,1.0
67.16,0.0,1.0
67.17,1.0,0.0
67.18,2.0,0.0
67.19,2.0,0.0
67.2,1.0,1.0
67.21,2.0,0.0
67.22,2.0,0.0
67.23,2.0,0.0
67.24,2.0,0.0
67.25,2.0,1.0
67.26,1.0,0.0
67.27,1.0,0.0
67.28,2.0,0.0
67.29,1.0,0.0
67.3,2.0,0.0
67.31,2.0,1.0
67.32,0.0,1.0
67.33,0.0,0.0
67.34,2.0,0.0
67.35,2.0,1.0
67.36,3.0,1.0
67.37,1.0,1.0
67.38,1.0,0.0
67.39,2.0,0.0
67.4,2.0,0.0
67.41,1.0,2.0
67.42,1.0,2.0
67.43,1.0,2.0
67.44,1.0,1.0
67.45,2.0,0.0
67.46,2.0,1.0
67.47,2.0,0.0
67.48,3.0,2.0
67.49,2.0,1.0
67.5,1.0,1.0
67.51,1.0,1.0
67.52,3.0,2.0
67.53,3.0,2.0
67.54,0.0,2.0
67.55,2.0,1.0
67.56,2.0,1.0
67.57,1.0,1.0
67.58,2.0,1.0
67.59,2.0,1.0
67.6,2.0,1.0
67.61,1.0,2.0
67.62,3.0,2.0
67.63,1.0,2.0
67.64,3.0,1.0
67.65,3.0,2.0
67.66,2.0,1.0
67.67,3.0,1.0
67.68,2.0,1.0
67.69,2.0,1.0
67.7,2.0,1.0
67.71,1.0,2.0
67.72,1.0,1.0
67.73,2.0,1.0
67.74,2.0,1.0
67.75,2.0,1.0
67.76,1.0,2.0
67.77,2.0,1.0
67.78,2.0,1.0
67.79,3.0,1.0
67.8,2.0,1.0
67.81,2.0,1.0
67.82,0.0,1.0
67.83,3.0,1.0
67.84,3.0,2.0
67.85,3.0,2.0
67.86,1.0,1.0
67.87,2.0,1.0
67.88,2.0,1.0
67.89,2.0,1.0
67.9,2.0,1.0
67.91,2.0,1.0
67.92,1.0,1.0
67.93,1.0,1.0
67.94,1.0,1.0
67.95,2.0,1.0
67.96,1.0,2.0
67.97,3.0,2.0
67.98,3.0,2.0
67.99,2.0,2.0
68.0,1.0,1.0
68.01,1.0,1.0
68.02,1.0,1.0
68.03,2.0,1.0
68.04,1.0,1.0
68.05,3.0,1.0
68.06,2.0,2.0
68.07,2.0,3.0
68.08,1.0,3.0
68.09,1.0,4.0
68.1,0.0,1.0
68.11,0.0,1.0
68.12,0.0,1.0
68.13,1.0,2.0
68.14,1.0,1.0
68.15,0.0,1.0
68.16,0.0,1.0
68.17,2.0,2.0
68.18,2.0,2.0
68.19,2.0,1.0
68.2,1.0,1.0
68.21,2.0,1.0
68.22,1.0,1.0
68.23,2.0,1.0
68.24,2.0,1.0
68.25,2.0,1.0
68.26,1.0,1.0
68.27,2.0,1.0
68.28,1.0,1.0
68.29,1.0,2.0
68.3,1.0,1.0
68.31,2.0,1.0
68.32,2.0,1.0
68.33,1.0,2.0
68.34,1.0,1.0
68.35,1.0,2.0
68.36,2.0,2.0
68.37,2.0,1.0
68.38,2.0,1.0
68.39,2.0,1.0
68.4,2.0,0.0
68.41,1.0,1.0
68.42,2.0,0.0
68.43,2.0,0.0
68.44,1.0,1.0
68.45,2.0,1.0
68.46,2.0,1.0
68.47,2.0,2.0
68.48,1.0,1.0
68.49,2.0,1.0
68.5,4.0,0.0
68.51,3.0,1.0
68.52,2.0,0.0
68.53,1.0,1.0
68.54,2.0,1.0
68.55,2.0,2.0
68.56,2.0,2.0
68.57,2.0,1.0
68.58,1.0,1.0
68.59,2.0,2.0
68.6,2.0,1.0
68.61,1.0,3.0
68.62,1.0,1.0
68.63,1.0,0.0
68.64,2.0,0.0
68.65,2.0,3.0
68.66,1.0,3.0
68.67,3.0,1.0
68.68,1.0,3.0
68.69,2.0,1.0
68.7,1.0,2.0
68.71,2.0,1.0
68.72,2.0,1.0
68.73,1.0,2.0
68.74,1.0,2.0
68.75,1.0,1.0
68.76,1.0,0.0
68.77,2.0,0.0
68.78,1.0,2.0
68.79,1.0,2.0
68.8,1.0,1.0
68.81,1.0,0.0
68.82,2.0,3.0
68.83,2.0,2.0
68.84,1.0,2.0
68.85,1.0,1.0
68.86,0.0,0.0
68.87,0.0,0.0
68.88,2.0,0.0
68.89,1.0,0.0
68.9,2.0,2.0
68.91,2.0,2.0
68.92,2.0,1.0
68.93,1.0,2.0
68.94,2.0,0.0
68.95,1.0,1.0
68.96,1.0,2.0
68.97,1.0,1.0
68.98,2.0,1.0
68.99,1.0,1.0
69.0,1.0,1.0
69.01,1.0,0.0
69.02,2.0,1.0
69.03,1.0,0.0
69.04,1.0,1.0
69.05,1.0,1.0
69.06,2.0,0.0
69.07,1.0,0.0
69.08,2.0,1.0
69.09,1.0,1.0
69.1,1.0,0.0
69.11,3.0,0.0
69.12,2.0,1.0
69.13,2.0,2.0
69.14,1.0,1.0
69.15,2.0,1.0
69.16,1.0,1.0
69.17,2.0,1.0
69.18,1.0,1.0
69.19,1.0,1.0
69.2,2.0,0.0
69.21,2.0,0.0
69.22,2.0,1.0
69.23,2.0,1.0
69.24,1.0,1.0
69.25,2.0,1.0
69.26,0.0,2.0
69.27,1.0,3.0
69.28,1.0,1.0
69.29,1.0,1.0
69.3,1.0,1.0
69.31,1.0,1.0
69.32,1.0,0.0
69.33,2.0,1.0
69.34,1.0,3.0
69.35,3.0,2.0
69.36,1.0,2.0
69.37,1.0,3.0
69.38,1.0,2.0
69.39,1.0,4.0
69.4,2.0,2.0
69.41,2.0,4.0
69.42,1.0,2.0
69.43,1.0,1.0
69.44,2.0,1.0
69.45,1.0,3.0
69.46,3.0,0.0
69.47,1.0,1.0
69.48,1.0,1.0
69.49,1.0,1.0
69.5,1.0,2.0
69.51,1.0,2.0
69.52,1.0,1.0
69.53,2.0,1.0
69.54,2.0,1.0
69.55,2.0,1.0
69.56,0.0,1.0
69.57,1.0,2.0
69.58,2.0,4.0
69.59,2.0,2.0
69.6,1.0,2.0
69.61,1.0,2.0
69.62,2.0,1.0
69.63,2.0,3.0
69.64,2.0,1.0
69.65,1.0,1.0
69.66,2.0,1.0
69.67,1.0,1.0
69.68,1.0,1.0
69.69,1.0,1.0
69.7,1.0,2.0
69.71,2.0,1.0
69.72,1.0,1.0
69.73,2.0,1.0
69.74,2.0,1.0
69.75,1.0,2.0
69.76,1.0,1.0
69.77,2.0,1.0
69.78,1.0,1.0
69.79,1.0,1.0
69.8,1.0,1.0
69.81,2.0,1.0
69.82,1.0,0.0
69.83,1.0,0.0
69.84,2.0,0.0
69.85,2.0,0.0
69.86,1.0,1.0
69.87,2.0,1.0
69.88,1.0,1.0
69.89,1.0,1.0
69.9,2.0,1.0
69.91,1.0,1.0
69.92,1.0,1.0
69.93,2.0,2.0
69.94,2.0,2.0
69.95,0.0,1.0
69.96,1.0,2.0
69.97,2.0,2.0
69.98,2.0,1.0
69.99,2.0,1.0
70.0,2.0,2.0
70.01,0.0,1.0
70.02,1.0,1.0
70.03,2.0,1.0
70.04,1.0,1.0
70.05,2.0,2.0
70.06,2.0,1.0
70.07,2.0,1.0
70.08,1.0,2.0
70.09,2.0,1.0
70.1,2.0,1.0
70.11,0.0,1.0
70.12,1.0,1.0
70.13,1.0,1.0
70.14,2.0,1.0
70.15,2.0,1.0
70.16,2.0,1.0
70.17,2.0,1.0
70.18,1.0,1.0
70.19,2.0,1.0
70.2,2.0,1.0
70.21,2.0,1.0
70.22,2.0,1.0
70.23,2.0,2.0
70.24,2.0,1.0
70.25,2.0,1.0
70.26,2.0,1.0
70.27,2.0,1.0
70.28,2.0,1.0
70.29,2.0,1.0
70.3,2.0,1.0
70.31,2.0,1.0
70.32,2.0,1.0
70.33,1.0,0.0
70.34,2.0,1.0
70.35,2.0,1.0
70.36,2.0,2.0
70.37,2.0,1.0
70.38,3.0,2.0
70.39,2.0,1.0
70.4,2.0,2.0
70.41,2.0,1.0
70.42,1.0,1.0
70.43,2.0,1.0
70.44,1.0,1.0
70.45,3.0,1.0
70.46,2.0,1.0
70.47,2.0,1.0
70.48,2.0,1.0
70.49,2.0,2.0
70.5,1.0,1.0
70.51,2.0,1.0
70.52,2.0,1.0
70.53,1.0,1.0
70.54,0.0,1.0
70.55,1.0,1.0
70.56,1.0,1.0
70.57,1.0,1.0
70.58,2.0,1.0
70.59,2.0,1.0
70.6,2.0,1.0
70.61,1.0,1.0
70.62,2.0,1.0
70.63,0.0,2.0
70.64,2.0,1.0
70.65,2.0,1.0
70.66,1.0,3.0
70.67,1.0,2.0
70.68,2.0,2.0
70.69,1.0,2.0
70.7,2.0,3.0
70.71,2.0,2.0
70.72,1.0,2.0
70.73,2.0,1.0
70.74,2.0,1.0
70.75,2.0,2.0
70.76,2.0,2.0
70.77,1.0,2.0
70.78,2.0,3.0
70.79,2.0,3.0
70.8,2.0,3.0
70.81,1.0,3.0
70.82,2.0,3.0
70.83,2.0,4.0
70.84,2.0,2.0
70.85,2.0,2.0
70.86,1.0,5.0
70.87,2.0,2.0
70.88,2.0,2.0
70.89,2.0,2.0
70.9,1.0,3.0
70.91,1.0,2.0
70.92,2.0,2.0
70.93,1.0,1.0
70.94,1.0,2.0
70.95,1.0,1.0
70.96,1.0,1.0
70.97,2.0,0.0
70.98,3.0,0.0
70.99,1.0,1.0
71.0,1.0,1.0
71.01,1.0,1.0
71.02,2.0,2.0
71.03,1.0,1.0
71.04,1.0,2.0
71.05,2.0,3.0
71.06,1.0,1.0
71.07,2.0,2.0
71.08,2.0,3.0
71.09,2.0,1.0
71.1,2.0,1.0
71.11,1.0,2.0
71.12,1.0,2.0
71.13,2.0,2.0
71.14,1.0,2.0
71.15,3.0,2.0
71.16,1.0,2.0
71.17,2.0,1.0
71.18,0.0,2.0
71.19,1.0,3.0
71.2,2.0,1.0
71.21,1.0,2.0
71.22,2.0,1.0
71.23,2.0,1.0
71.24,2.0,1.0
71.25,2.0,1.0
71.26,2.0,2.0
71.27,1.0,1.0
71.28,2.0,2.0
71.29,1.0,2.0
71.3,1.0,2.0
71.31,1.0,1.0
71.32,2.0,1.0
71.33,2.0,1.0
71.34,1.0,1.0
71.35,3.0,1.0
71.36,1.0,2.0
71.37,1.0,1.0
71.38,2.0,1.0
71.39,1.0,3.0
71.4,2.0,0.0
71.41,2.0,2.0
71.42,1.0,2.0
71.43,1.0,1.0
71.44,2.0,1.0
71.45,1.0,2.0
71.46,1.0,1.0
71.47,2.0,1.0
71.48,3.0,2.0
71.49,1.0,2.0
71.5,3.0,1.0
71.51,2.0,0.0
71.52,1.0,0.0
71.53,1.0,0.0
71.54,2.0,2.0
71.55,1.0,3.0
71.56,2.0,1.0
71.57,1.0,1.0
71.58,2.0,3.0
71.59,1.0,2.0
71.6,1.0,2.0
71.61,1.0,1.0
71.62,2.0,1.0
71.63,1.0,4.0
71.64,2.0,2.0
71.65,2.0,3.0
71.66,1.0,4.0
71.67,2.0,3.0
71.68,2.0,3.0
71.69,1.0,1.0
71.7,2.0,3.0
71.71,2.0,3.0
71.72,1.0,2.0
71.73,2.0,3.0
71.74,2.0,4.0
71.75,2.0,3.0
71.76,2.0,0.0
71.77,2.0,3.0
71.78,1.0,3.0
71.79,2.0,2.0
71.8,2.0,4.0
71.81,2.0,2.0
71.82,1.0,3.0
71.83,2.0,1.0
71.84,1.0,2.0
71.85,2.0,3.0
71.86,2.0,2.0
71.87,1.0,3.0
71.88,1.0,0.0
71.89,1.0,3.0
71.9,1.0,2.0
71.91,1.0,2.0
71.92,2.0,0.0
71.93,1.0,1.0
71.94,2.0,1.0
71.95,2.0,1.0
71.96,1.0,1.0
71.97,2.0,1.0
71.98,2.0,1.0
71.99,2.0,2.0
72.0,2.0,2.0
72.01,2.0,2.0
72.02,1.0,3.0
72.03,1.0,2.0
72.04,1.0,1.0
72.05,1.0,0.0
72.06,2.0,1.0
72.07,1.0,1.0
72.08,2.0,2.0
72.09,1.0,2.0
72.1,1.0,2.0
72.11,2.0,2.0
72.12,2.0,2.0
72.13,2.0,1.0
72.14,1.0,2.0
72.15,1.0,1.0
72.16,1.0,2.0
72.17,1.0,2.0
72.18,2.0,2.0
72.19,1.0,3.0
72.2,1.0,2.0
72.21,1.0,1.0
72.22,1.0,2.0
72.23,1.0,1.0
72.24,1.0,3.0
72.25,1.0,2.0
72.26,2.0,2.0
72.27,2.0,4.0
72.28,2.0,2.0
72.29,1.0,3.0
72.3,2.0,1.0
72.31,1.0,1.0
72.32,1.0,1.0
72.33,1.0,2.0
72.34,1.0,1.0
72.35,2.0,0.0
72.36,1.0,2.0
72.37,2.0,1.0
72.38,2.0,3.0
72.39,1.0,1.0
72.4,1.0,1.0
72.41,2.0,2.0
72.42,3.0,2.0
72.43,2.0,3.0
72.44,1.0,1.0
72.45,3.0,1.0
72.46,1.0,3.0
72.47,2.0,3.0
72.48,2.0,2.0
72.49,2.0,3.0
72.5,1.0,3.0
72.51,1.0,3.0
72.52,2.0,3.0
72.53,2.0,2.0
72.54,1.0,1.0
72.55,2.0,1.0
72.56,2.0,1.0
72.57,1.0,0.0
72.58,1.0,1.0
72.59,2.0,3.0
72.6,1.0,2.0
72.61,1.0,2.0
72.62,2.0,3.0
72.63,2.0,1.0
72.64,1.0,2.0
72.65,1.0,0.0
72.66,2.0,1.0
72.67,0.0,0.0
72.68,2.0,1.0
72.69,1.0,1.0
72.7,2.0,2.0
72.71,2.0,1.0
72.72,1.0,1.0
72.73,2.0,0.0
72.74,1.0,1.0
72.75,2.0,1.0
72.76,1.0,1.0
72.77,1.0,4.0
72.78,1.0,2.0
72.79,2.0,3.0
72.8,1.0,4.0
72.81,2.0,2.0
72.82,1.0,4.0
72.83,1.0,3.0
72.84,2.0,3.0
72.85,1.0,4.0
72.86,2.0,4.0
72.87,1.0,3.0
72.88,2.0,3.0
72.89,1.0,4.0
72.9,2.0,2.0
72.91,1.0,2.0
72.92,2.0,3.0
72.93,2.0,3.0
72.94,1.0,5.0
72.95,2.0,3.0
72.96,2.0,4.0
72.97,1.0,3.0
72.98,2.0,3.0
72.99,2.0,2.0
73.0,1.0,3.0
73.01,2.0,3.0
73.02,1.0,2.0
73.03,1.0,5.0
73.04,2.0,4.0
73.05,2.0,5.0
73.06,2.0,4.0
73.07,1.0,3.0
73.08,1.0,5.0
73.09,2.0,3.0
73.1,2.0,5.0
73.11,1.0,5.0
73.12,2.0,3.0
73.13,1.0,4.0
73.14,1.0,5.0
73.15,2.0,3.0
73.16,2.0,5.0
73.17,2.0,4.0
73.18,1.0,5.0
73.19,2.0,3.0
73.2,2.0,5.0
73.21,2.0,5.0
73.22,2.0,4.0
73.23,2.0,4.0
73.24,1.0,2.0
73.25,2.0,3.0
73.26,1.0,4.0
73.27,2.0,5.0
73.28,2.0,5.0
73.29,3.0,5.0
73.3,2.0,5.0
73.31,2.0,4.0
73.32,1.0,1.0
73.33,1.0,3.0
73.34,2.0,3.0
73.35,2.0,4.0
73.36,2.0,3.0
73.37,0.0,1.0
73.38,2.0,0.0
73.39,1.0,1.0
73.4,2.0,1.0
73.41,2.0,1.0
73.42,1.0,1.0
73.43,1.0,0.0
73.44,1.0,0.0
73.45,1.0,1.0
73.46,2.0,0.0
73.47,2.0,0.0
73.48,2.0,0.0
73.49,1.0,1.0
73.5,2.0,1.0
73.51,2.0,1.0
73.52,1.0,0.0
73.53,1.0,2.0
73.54,1.0,0.0
73.55,2.0,0.0
73.56,2.0,0.0
73.57,1.0,1.0
73.58,1.0,0.0
73.59,2.0,0.0
73.6,1.0,2.0
73.61,1.0,0.0
73.62,2.0,0.0
73.63,1.0,1.0
73.64,2.0,1.0
73.65,1.0,2.0
73.66,1.0,0.0
73.67,2.0,0.0
73.68,2.0,0.0
73.69,1.0,0.0
73.7,1.0,1.0
73.71,1.0,1.0
73.72,1.0,0.0
73.73,2.0,0.0
73.74,1.0,0.0
73.75,2.0,0.0
73.76,1.0,1.0
73.77,1.0,1.0
73.78,2.0,2.0
73.79,1.0,2.0
73.8,2.0,0.0
73.81,2.0,0.0
73.82,2.0,0.0
73.83,2.0,0.0
73.84,2.0,1.0
73.85,1.0,1.0
73.86,1.0,1.0
73.87,1.0,0.0
73.88,2.0,1.0
73.89,2.0,1.0
73.9,2.0,1.0
73.91,1.0,1.0
73.92,1.0,1.0
73.93,1.0,1.0
73.94,1.0,1.0
73.95,2.0,2.0
73.96,1.0,2.0
73.97,1.0,1.0
73.98,1.0,1.0
73.99,1.0,1.0
74.0,1.0,2.0
74.01,0.0,1.0
74.02,2.0,1.0
74.03,0.0,1.0
74.04,1.0,1.0
74.05,2.0,0.0
74.06,1.0,2.0
74.07,2.0,1.0
74.08,2.0,2.0
74.09,1.0,1.0
74.1,2.0,2.0
74.11,1.0,2.0
74.12,2.0,3.0
74.13,1.0,1.0
74.14,2.0,1.0
74.15,2.0,2.0
74.16,1.0,2.0
74.17,0.0,1.0
74.18,1.0,1.0
74.19,2.0,1.0
74.2,1.0,3.0
74.21,1.0,1.0
74.22,2.0,1.0
74.23,2.0,2.0
74.24,2.0,1.0
74.25,2.0,1.0
74.26,2.0,1.0
74.27,2.0,0.0
74.28,1.0,1.0
74.29,2.0,1.0
74.3,2.0,0.0
74.31,1.0,1.0
74.32,2.0,0.0
74.33,1.0,1.0
74.34,2.0,1.0
74.35,0.0,1.0
74.36,2.0,1.0
74.37,2.0,1.0
74.38,1.0,0.0
74.39,1.0,1.0
74.4,2.0,1.0
74.41,2.0,1.0
74.42,2.0,1.0
74.43,2.0,1.0
74.44,1.0,1.0
74.45,1.0,3.0
74.46,1.0,0.0
74.47,1.0,0.0
74.48,2.0,0.0
74.49,2.0,0.0
74.5,2.0,0.0
74.51,1.0,0.0
74.52,0.0,1.0
74.53,1.0,0.0
74.54,2.0,0.0
74.55,1.0,2.0
74.56,1.0,1.0
74.57,2.0,1.0
74.58,2.0,1.0
74.59,1.0,1.0
74.6,2.0,2.0
74.61,1.0,1.0
74.62,1.0,2.0
74.63,2.0,0.0
74.64,1.0,1.0
74.65,2.0,1.0
74.66,2.0,1.0
74.67,2.0,2.0
74.68,0.0,1.0
74.69,2.0,1.0
74.7,1.0,1.0
74.71,2.0,1.0
74.72,1.0,0.0
74.73,1.0,3.0
74.74,1.0,2.0
74.75,2.0,1.0
74.76,0.0,1.0
74.77,2.0,1.0
74.78,2.0,1.0
74.79,2.0,1.0
74.8,2.0,2.0
74.81,3.0,1.0
74.82,2.0,1.0
74.83,2.0,1.0
74.84,1.0,0.0
74.85,2.0,2.0
74.86,1.0,1.0
74.87,1.0,1.0
74.88,2.0,2.0
74.89,2.0,1.0
74.9,1.0,1.0
74.91,2.0,1.0
74.92,1.0,1.0
74.93,2.0,1.0
74.94,1.0,1.0
74.95,2.0,0.0
74.96,2.0,1.0
74.97,1.0,1.0
74.98,1.0,1.0
74.99,1.0,0.0
75.0,2.0,1.0
75.01,1.0,0.0
75.02,2.0,1.0
75.03,2.0,1.0
75.04,1.0,2.0
75.05,3.0,1.0
75.06,1.0,2.0
75.07,2.0,3.0
75.08,2.0,2.0
75.09,2.0,1.0
75.1,2.0,2.0
75.11,2.0,1.0
75.12,1.0,1.0
75.13,2.0,1.0
75.14,2.0,3.0
75.15,1.0,2.0
75.16,2.0,1.0
75.17,2.0,1.0
75.18,0.0,1.0
75.19,0.0,1.0
75.2,0.0,1.0
75.21,1.0,1.0
75.22,2.0,1.0
75.23,1.0,1.0
75.24,1.0,2.0
75.25,0.0,2.0
75.26,1.0,1.0
75.27,2.0,1.0
75.28,0.0,1.0
75.29,2.0,2.0
75.3,2.0,1.0
75.31,2.0,1.0
75.32,2.0,1.0
75.33,0.0,1.0
75.34,2.0,2.0
75.35,2.0,1.0
75.36,2.0,1.0
75.37,2.0,1.0
75.38,1.0,2.0
75.39,2.0,2.0
75.4,2.0,3.0
75.41,2.0,1.0
75.42,1.0,1.0
75.43,2.0,1.0
75.44,2.0,2.0
75.45,2.0,1.0
75.46,1.0,2.0
75.47,3.0,1.0
75.48,2.0,1.0
75.49,2.0,2.0
75.5,1.0,1.0
75.51,3.0,2.0
75.52,2.0,2.0
75.53,2.0,2.0
75.54,1.0,1.0
75.55,1.0,1.0
75.56,1.0,2.0
75.57,1.0,1.0
75.58,1.0,1.0
75.59,2.0,1.0
75.6,3.0,1.0
75.61,2.0,1.0
75.62,3.0,0.0
75.63,1.0,1.0
75.64,1.0,0.0
75.65,2.0,0.0
75.66,1.0,0.0
75.67,1.0,1.0
75.68,1.0,1.0
75.69,1.0,2.0
75.7,3.0,1.0
75.71,1.0,2.0
75.72,1.0,1.0
75.73,2.0,2.0
75.74,2.0,1.0
75.75,1.0,1.0
75.76,3.0,1.0
75.77,2.0,1.0
75.78,3.0,1.0
75.79,1.0,1.0
75.8,2.0,2.0
75.81,1.0,1.0
75.82,2.0,1.0
75.83,2.0,0.0
75.84,2.0,1.0
75.85,2.0,1.0
75.86,1.0,1.0
75.87,3.0,1.0
75.88,2.0,1.0
75.89,1.0,0.0
75.9,1.0,0.0
75.91,1.0,0.0
75.92,3.0,0.0
75.93,2.0,0.0
75.94,1.0,0.0
75.95,2.0,0.0
75.96,2.0,0.0
75.97,2.0,0.0
75.98,1.0,0.0
75.99,1.0,0.0
76.0,2.0,0.0
76.01,2.0,0.0
76.02,1.0,0.0
76.03,2.0,0.0
76.04,1.0,0.0
76.05,1.0,0.0
76.06,2.0,0.0
76.07,3.0,0.0
76.08,3.0,0.0
76.09,2.0,1.0
76.1,1.0,0.0
76.11,2.0,0.0
76.12,2.0,0.0
76.13,1.0,0.0
76.14,1.0,1.0
76.15,1.0,0.0
76.16,1.0,0.0
76.17,1.0,1.0
76.18,2.0,0.0
76.19,1.0,0.0
76.2,2.0,0.0
76.21,1.0,1.0
76.22,1.0,1.0
76.23,3.0,0.0
76.24,2.0,1.0
76.25,2.0,0.0
76.26,1.0,0.0
76.27,1.0,0.0
76.28,1.0,1.0
76.29,1.0,0.0
76.3,1.0,0.0
76.31,1.0,1.0
76.32,1.0,1.0
76.33,2.0,0.0
76.34,2.0,0.0
76.35,2.0,2.0
76.36,1.0,1.0
76.37,2.0,1.0
76.38,1.0,1.0
76.39,1.0,1.0
76.4,1.0,1.0
76.41,2.0,2.0
76.42,1.0,2.0
76.43,1.0,1.0
76.44,1.0,1.0
76.45,4.0,1.0
76.46,1.0,1.0
76.47,2.0,1.0
76.48,1.0,1.0
76.49,2.0,1.0
76.5,1.0,0.0
76.51,1.0,1.0
76.52,0.0,1.0
76.53,2.0,1.0
76.54,1.0,1.0
76.55,1.0,1.0
76.56,2.0,1.0
76.57,2.0,1.0
76.58,2.0,1.0
76.59,3.0,1.0
76.6,0.0,1.0
76.61,3.0,1.0
76.62,1.0,1.0
76.63,2.0,1.0
76.64,2.0,2.0
76.65,1.0,1.0
76.66,2.0,1.0
76.67,0.0,1.0
76.68,1.0,1.0
76.69,1.0,1.0
76.7,2.0,1.0
76.71,2.0,1.0
76.72,2.0,1.0
76.73,2.0,2.0
76.74,1.0,1.0
76.75,2.0,1.0
76.76,2.0,1.0
76.77,2.0,1.0
76.78,2.0,0.0
76.79,3.0,3.0
76.8,3.0,1.0
76.81,1.0,2.0
76.82,2.0,1.0
76.83,1.0,1.0
76.84,2.0,2.0
76.85,2.0,1.0
76.86,1.0,2.0
76.87,1.0,1.0
76.88,3.0,1.0
76.89,3.0,1.0
76.9,3.0,0.0
76.91,3.0,1.0
76.92,2.0,2.0
76.93,2.0,2.0
76.94,1.0,2.0
76.95,2.0,2.0
76.96,1.0,3.0
76.97,2.0,2.0
76.98,3.0,2.0
76.99,2.0,2.0
77.0,2.0,2.0
77.01,3.0,2.0
77.02,2.0,2.0
77.03,1.0,1.0
77.04,1.0,2.0
77.05,2.0,2.0
77.06,1.0,2.0
77.07,1.0,2.0
77.08,3.0,1.0
77.09,2.0,3.0
77.1,3.0,1.0
77.11,3.0,1.0
77.12,2.0,1.0
77.13,3.0,1.0
77.14,2.0,1.0
77.15,2.0,1.0
77.16,3.0,0.0
77.17,3.0,0.0
77.18,1.0,2.0
77.19,1.0,1.0
77.2,1.0,1.0
77.21,2.0,1.0
77.22,2.0,1.0
77.23,1.0,1.0
77.24,1.0,2.0
77.25,1.0,1.0
77.26,0.0,1.0
77.27,2.0,1.0
77.28,1.0,1.0
77.29,3.0,1.0
77.3,2.0,1.0
77.31,2.0,1.0
77.32,2.0,1.0
77.33,2.0,1.0
77.34,1.0,0.0
77.35,1.0,1.0
77.36,1.0,1.0
77.37,1.0,1.0
77.38,2.0,2.0
77.39,1.0,1.0
77.4,1.0,1.0
77.41,2.0,2.0
77.42,1.0,2.0
77.43,2.0,1.0
77.44,0.0,1.0
77.45,1.0,2.0
77.46,2.0,3.0
77.47,1.0,2.0
77.48,1.0,1.0
77.49,1.0,2.0
77.5,1.0,1.0
77.51,1.0,1.0
77.52,1.0,1.0
77.53,2.0,1.0
77.54,2.0,1.0
77.55,1.0,1.0
77.56,1.0,1.0
77.57,1.0,1.0
77.58,2.0,1.0
77.59,1.0,1.0
77.6,2.0,2.0
77.61,2.0,2.0
77.62,2.0,2.0
77.63,0.0,2.0
77.64,2.0,2.0
77.65,1.0,2.0
77.66,1.0,2.0
77.67,1.0,1.0
77.68,1.0,0.0
77.69,1.0,1.0
77.7,1.0,1.0
77.71,1.0,1.0
77.72,2.0,1.0
77.73,1.0,1.0
77.74,2.0,1.0
77.75,1.0,1.0
77.76,1.0,1.0
77.77,2.0,1.0
77.78,1.0,1.0
77.79,2.0,1.0
77.8,3.0,1.0
77.81,2.0,1.0
77.82,0.0,2.0
77.83,0.0,1.0
77.84,0.0,2.0
77.85,1.0,2.0
77.86,2.0,2.0
77.87,1.0,2.0
77.88,2.0,2.0
77.89,2.0,3.0
77.9,2.0,5.0
77.91,2.0,5.0
77.92,1.0,5.0
77.93,1.0,2.0
77.94,2.0,1.0
77.95,2.0,1.0
77.96,2.0,1.0
77.97,1.0,1.0
77.98,0.0,0.0
77.99,1.0,0.0
78.0,2.0,1.0
78.01,2.0,1.0
78.02,2.0,1.0
78.03,2.0,1.0
78.04,1.0,3.0
78.05,1.0,1.0
78.06,2.0,1.0
78.07,2.0,1.0
78.08,2.0,2.0
78.09,2.0,2.0
78.1,2.0,2.0
78.11,2.0,1.0
78.12,2.0,1.0
78.13,1.0,1.0
78.14,3.0,0.0
78.15,1.0,2.0
78.16,1.0,2.0
78.17,1.0,2.0
78.18,2.0,1.0
78.19,2.0,2.0
78.2,2.0,2.0
78.21,2.0,2.0
78.22,1.0,1.0
78.23,2.0,2.0
78.24,1.0,2.0
78.25,2.0,2.0
78.26,1.0,2.0
78.27,1.0,1.0
78.28,2.0,1.0
78.29,3.0,3.0
78.3,3.0,2.0
78.31,1.0,2.0
78.32,1.0,3.0
78.33,2.0,3.0
78.34,2.0,3.0
78.35,1.0,2.0
78.36,2.0,2.0
78.37,1.0,2.0
78.38,1.0,2.0
78.39,0.0,2.0
78.4,2.0,1.0
78.41,2.0,3.0
78.42,1.0,4.0
78.43,1.0,1.0
78.44,1.0,2.0
78.45,2.0,3.0
78.46,1.0,3.0
78.47,1.0,2.0
78.48,1.0,2.0
78.49,1.0,2.0
78.5,2.0,2.0
78.51,2.0,1.0
78.52,1.0,1.0
78.53,2.0,1.0
78.54,2.0,2.0
78.55,1.0,1.0
78.56,2.0,2.0
78.57,0.0,3.0
78.58,1.0,4.0
78.59,0.0,3.0
78.6,1.0,3.0
78.61,0.0,3.0
78.62,0.0,3.0
78.63,2.0,4.0
78.64,0.0,2.0
78.65,1.0,3.0
78.66,1.0,3.0
78.67,1.0,3.0
78.68,1.0,2.0
78.69,0.0,1.0
78.7,1.0,2.0
78.71,1.0,1.0
78.72,2.0,0.0
78.73,1.0,1.0
78.74,1.0,1.0
78.75,0.0,1.0
78.76,2.0,1.0
78.77,2.0,1.0
78.78,1.0,2.0
78.79,2.0,2.0
78.8,1.0,2.0
78.81,2.0,2.0
78.82,1.0,1.0
78.83,0.0,2.0
78.84,2.0,2.0
78.85,1.0,1.0
78.86,1.0,2.0
78.87,1.0,1.0
78.88,1.0,3.0
78.89,1.0,3.0
78.9,3.0,2.0
78.91,1.0,2.0
78.92,0.0,3.0
78.93,1.0,3.0
78.94,1.0,3.0
78.95,0.0,3.0
78.96,2.0,3.0
78.97,2.0,4.0
78.98,2.0,4.0
78.99,2.0,4.0
79.0,1.0,4.0
79.01,0.0,4.0
79.02,1.0,4.0
79.03,2.0,4.0
79.04,1.0,2.0
79.05,2.0,2.0
79.06,2.0,3.0
79.07,1.0,1.0
79.08,2.0,1.0
79.09,2.0,1.0
79.1,0.0,1.0
79.11,1.0,1.0
79.12,2.0,1.0
79.13,1.0,1.0
79.14,1.0,1.0
79.15,1.0,1.0
79.16,2.0,1.0
79.17,3.0,1.0
79.18,1.0,1.0
79.19,1.0,2.0
79.2,1.0,1.0
79.21,0.0,1.0
79.22,1.0,1.0
79.23,0.0,1.0
79.24,2.0,1.0
79.25,2.0,1.0
79.26,2.0,1.0
79.27,1.0,1.0
79.28,1.0,1.0
79.29,2.0,1.0
79.3,2.0,1.0
79.31,1.0,3.0
79.32,1.0,4.0
79.33,0.0,2.0
79.34,2.0,3.0
79.35,2.0,3.0
79.36,2.0,4.0
79.37,1.0,4.0
79.38,0.0,4.0
79.39,2.0,3.0
79.4,1.0,3.0
79.41,1.0,5.0
79.42,2.0,4.0
79.43,0.0,4.0
79.44,0.0,5.0
79.45,0.0,4.0
79.46,2.0,4.0
79.47,1.0,3.0
79.48,0.0,4.0
79.49,2.0,2.0
79.5,1.0,3.0
79.51,1.0,4.0
79.52,2.0,2.0
79.53,1.0,2.0
79.54,0.0,1.0
79.55,0.0,1.0
79.56,2.0,1.0
79.57,2.0,1.0
79.58,3.0,1.0
79.59,2.0,2.0
79.6,2.0,2.0
79.61,2.0,1.0
79.62,2.0,2.0
79.63,2.0,3.0
79.64,2.0,1.0
79.65,2.0,2.0
79.66,2.0,2.0
79.67,1.0,2.0
79.68,1.0,2.0
79.69,2.0,2.0
79.7,1.0,4.0
79.71,2.0,1.0
79.72,2.0,3.0
79.73,3.0,3.0
79.74,2.0,3.0
79.75,1.0,1.0
79.76,1.0,2.0
79.77,2.0,3.0
79.78,2.0,3.0
79.79,2.0,3.0
79.8,1.0,3.0
79.81,2.0,3.0
79.82,1.0,3.0
79.83,1.0,2.0
79.84,1.0,3.0
79.85,3.0,2.0
79.86,3.0,3.0
79.87,1.0,3.0
79.88,3.0,2.0
79.89,2.0,3.0
79.9,1.0,3.0
79.91,2.0,1.0
79.92,3.0,3.0
79.93,1.0,3.0
79.94,1.0,3.0
79.95,2.0,3.0
79.96,2.0,4.0
79.97,1.0,3.0
79.98,2.0,5.0
79.99,1.0,4.0
80.0,1.0,2.0
80.01,2.0,4.0
80.02,2.0,2.0
80.03,1.0,4.0
80.04,2.0,3.0
80.05,3.0,4.0
80.06,2.0,3.0
80.07,2.0,4.0
80.08,2.0,4.0
80.09,2.0,4.0
80.1,1.0,4.0
80.11,1.0,5.0
80.12,1.0,4.0
80.13,2.0,2.0
80.14,2.0,3.0
80.15,1.0,2.0
80.16,2.0,4.0
80.17,2.0,3.0
80.18,2.0,3.0
80.19,3.0,3.0
80.2,3.0,3.0
80.21,3.0,4.0
80.22,1.0,5.0
80.23,2.0,4.0
80.24,2.0,4.0
80.25,1.0,4.0
80.26,3.0,4.0
80.27,3.0,4.0
80.28,3.0,3.0
80.29,1.0,4.0
80.3,2.0,4.0
80.31,1.0,3.0
80.32,2.0,4.0
80.33,2.0,4.0
80.34,2.0,4.0
80.35,2.0,4.0
80.36,2.0,5.0
80.37,2.0,3.0
80.38,2.0,5.0
80.39,2.0,4.0
80.4,2.0,5.0
80.41,3.0,4.0
80.42,2.0,5.0
80.43,3.0,5.0
80.44,2.0,5.0
80.45,2.0,3.0
80.46,2.0,3.0
80.47,3.0,3.0
80.48,2.0,3.0
80.49,2.0,5.0
80.5,2.0,2.0
80.51,1.0,1.0
80.52,1.0,3.0
80.53,3.0,4.0
80.54,1.0,2.0
80.55,2.0,2.0
80.56,2.0,4.0
80.57,2.0,1.0
80.58,1.0,2.0
80.59,1.0,2.0
80.6,1.0,3.0
80.61,2.0,3.0
80.62,2.0,3.0
80.63,1.0,4.0
80.64,3.0,3.0
80.65,0.0,3.0
80.66,2.0,3.0
80.67,3.0,3.0
80.68,3.0,3.0
80.69,4.0,3.0
80.7,3.0,2.0
80.71,2.0,4.0
80.72,3.0,3.0
80.73,2.0,3.0
80.74,2.0,2.0
80.75,2.0,3.0
80.76,3.0,3.0
80.77,3.0,3.0
80.78,2.0,2.0
80.79,2.0,2.0
80.8,1.0,4.0
80.81,1.0,3.0
80.82,3.0,2.0
80.83,2.0,2.0
80.84,3.0,3.0
80.85,1.0,4.0
80.86,2.0,3.0
80.87,3.0,3.0
80.88,1.0,4.0
80.89,2.0,4.0
80.9,1.0,4.0
80.91,1.0,4.0
80.92,1.0,4.0
80.93,1.0,4.0
80.94,2.0,4.0
80.95,2.0,4.0
80.96,1.0,3.0
80.97,2.0,4.0
80.98,2.0,4.0
80.99,1.0,4.0
81.0,3.0,2.0
81.01,0.0,3.0
81.02,2.0,5.0
81.03,1.0,4.0
81.04,2.0,2.0
81.05,1.0,2.0
81.06,2.0,2.0
81.07,2.0,2.0
81.08,3.0,3.0
81.09,2.0,3.0
81.1,2.0,2.0
81.11,2.0,2.0
81.12,3.0,2.0
81.13,1.0,1.0
81.14,2.0,2.0
81.15,1.0,0.0
81.16,3.0,2.0
81.17,2.0,2.0
81.18,3.0,2.0
81.19,0.0,2.0
81.2,2.0,2.0
81.21,3.0,1.0
81.22,2.0,2.0
81.23,2.0,2.0
81.24,2.0,1.0
81.25,1.0,2.0
81.26,1.0,3.0
81.27,0.0,1.0
81.28,3.0,2.0
81.29,2.0,2.0
81.3,2.0,2.0
81.31,2.0,3.0
81.32,2.0,2.0
81.33,2.0,1.0
81.34,3.0,2.0
81.35,3.0,1.0
81.36,1.0,1.0
81.37,1.0,1.0
81.38,1.0,1.0
81.39,0.0,2.0
81.4,1.0,1.0
81.41,1.0,1.0
81.42,1.0,1.0
81.43,1.0,2.0
81.44,1.0,2.0
81.45,1.0,2.0
81.46,2.0,2.0
81.47,1.0,2.0
81.48,0.0,1.0
81.49,2.0,1.0
81.5,1.0,1.0
81.51,2.0,1.0
81.52,2.0,4.0
81.53,1.0,2.0
81.54,0.0,1.0
81.55,1.0,1.0
81.56,1.0,1.0
81.57,2.0,2.0
81.58,2.0,2.0
81.59,1.0,2.0
81.6,1.0,2.0
81.61,2.0,2.0
81.62,2.0,2.0
81.63,2.0,1.0
81.64,2.0,1.0
81.65,1.0,1.0
81.66,1.0,1.0
81.67,1.0,1.0
81.68,0.0,1.0
81.69,0.0,2.0
81.7,1.0,2.0
81.71,0.0,2.0
81.72,0.0,2.0
81.73,1.0,2.0
81.74,0.0,2.0
81.75,0.0,1.0
81.76,2.0,1.0
81.77,1.0,2.0
81.78,1.0,2.0
81.79,2.0,1.0
81.8,1.0,0.0
81.81,3.0,2.0
81.82,2.0,0.0
81.83,3.0,1.0
81.84,4.0,0.0
81.85,2.0,1.0
81.86,1.0,1.0
81.87,1.0,1.0
81.88,0.0,1.0
81.89,2.0,1.0
81.9,0.0,1.0
81.91,0.0,2.0
81.92,0.0,1.0
81.93,0.0,0.0
81.94,0.0,1.0
81.95,2.0,1.0
81.96,1.0,1.0
81.97,2.0,1.0
81.98,0.0,2.0
81.99,1.0,1.0
82.0,0.0,3.0
82.01,2.0,2.0
82.02,1.0,3.0
82.03,2.0,2.0
82.04,1.0,2.0
82.05,1.0,2.0
82.06,0.0,2.0
82.07,1.0,3.0
82.08,1.0,3.0
82.09,1.0,3.0
82.1,0.0,1.0
82.11,1.0,4.0
82.12,1.0,2.0
82.13,2.0,3.0
82.14,0.0,1.0
82.15,2.0,0.0
82.16,2.0,0.0
82.17,1.0,1.0
82.18,2.0,0.0
82.19,1.0,1.0
82.2,1.0,1.0
82.21,0.0,1.0
82.22,2.0,2.0
82.23,1.0,2.0
82.24,2.0,1.0
82.25,1.0,2.0
82.26,1.0,2.0
82.27,2.0,4.0
82.28,2.0,3.0
82.29,2.0,3.0
82.3,1.0,2.0
82.31,2.0,3.0
82.32,2.0,4.0
82.33,1.0,3.0
82.34,2.0,2.0
82.35,1.0,2.0
82.36,2.0,3.0
82.37,1.0,2.0
82.38,1.0,3.0
82.39,2.0,2.0
82.4,1.0,3.0
82.41,0.0,3.0
82.42,2.0,1.0
82.43,2.0,2.0
82.44,0.0,1.0
82.45,1.0,2.0
82.46,2.0,1.0
82.47,2.0,2.0
82.48,1.0,2.0
82.49,1.0,2.0
82.5,2.0,2.0
82.51,1.0,2.0
82.52,2.0,2.0
82.53,2.0,2.0
82.54,0.0,2.0
82.55,1.0,2.0
82.56,1.0,0.0
82.57,2.0,2.0
82.58,0.0,3.0
82.59,0.0,1.0
82.6,2.0,1.0
82.61,1.0,2.0
82.62,1.0,3.0
82.63,0.0,2.0
82.64,1.0,1.0
82.65,1.0,2.0
82.66,2.0,2.0
82.67,3.0,2.0
82.68,1.0,2.0
82.69,1.0,2.0
82.7,0.0,2.0
82.71,3.0,2.0
82.72,1.0,2.0
82.73,0.0,2.0
82.74,1.0,2.0
82.75,2.0,2.0
82.76,1.0,1.0
82.77,1.0,3.0
82.78,2.0,2.0
82.79,0.0,2.0
82.8,0.0,2.0
82.81,1.0,1.0
82.82,1.0,1.0
82.83,0.0,1.0
82.84,1.0,1.0
82.85,1.0,1.0
82.86,0.0,2.0
82.87,0.0,1.0
82.88,1.0,1.0
82.89,1.0,3.0
82.9,1.0,2.0
82.91,1.0,1.0
82.92,0.0,2.0
82.93,1.0,2.0
82.94,1.0,1.0
82.95,1.0,2.0
82.96,1.0,1.0
82.97,0.0,2.0
82.98,1.0,0.0
82.99,2.0,1.0
83.0,0.0,1.0
83.01,2.0,1.0
83.02,1.0,0.0
83.03,1.0,1.0
83.04,1.0,0.0
83.05,0.0,1.0
83.06,2.0,0.0
83.07,2.0,0.0
83.08,2.0,1.0
83.09,0.0,1.0
83.1,1.0,1.0
83.11,1.0,1.0
83.12,2.0,1.0
83.13,1.0,1.0
83.14,0.0,1.0
83.15,0.0,1.0
83.16,1.0,2.0
83.17,1.0,2.0
83.18,1.0,2.0
83.19,1.0,2.0
83.2,0.0,2.0
83.21,1.0,1.0
83.22,1.0,2.0
83.23,1.0,1.0
83.24,1.0,2.0
83.25,1.0,3.0
83.26,1.0,1.0
83.27,2.0,1.0
83.28,2.0,2.0
83.29,0.0,1.0
83.3,2.0,1.0
83.31,3.0,1.0
83.32,2.0,1.0
83.33,1.0,2.0
83.34,0.0,1.0
83.35,1.0,1.0
83.36,0.0,1.0
83.37,1.0,1.0
83.38,2.0,1.0
83.39,0.0,2.0
83.4,2.0,2.0
83.41,2.0,1.0
83.42,1.0,1.0
83.43,1.0,1.0
83.44,1.0,1.0
83.45,0.0,1.0
83.46,0.0,1.0
83.47,0.0,1.0
83.48,1.0,1.0
83.49,1.0,1.0
83.5,1.0,1.0
83.51,0.0,1.0
83.52,1.0,1.0
83.53,0.0,2.0
83.54,1.0,2.0
83.55,0.0,2.0
83.56,2.0,1.0
83.57,0.0,2.0
83.58,0.0,3.0
83.59,1.0,1.0
83.6,0.0,2.0
83.61,0.0,1.0
83.62,0.0,1.0
83.63,2.0,1.0
83.64,1.0,1.0
83.65,1.0,1.0
83.66,1.0,1.0
83.67,0.0,1.0
83.68,1.0,2.0
83.69,0.0,2.0
83.7,2.0,2.0
83.71,0.0,2.0
83.72,1.0,3.0
83.73,1.0,1.0
83.74,1.0,1.0
83.75,1.0,1.0
83.76,1.0,1.0
83.77,2.0,1.0
83.78,0.0,2.0
83.79,0.0,1.0
83.8,0.0,2.0
83.81,1.0,1.0
83.82,1.0,2.0
83.83,2.0,0.0
83.84,1.0,1.0
83.85,0.0,1.0
83.86,1.0,1.0
83.87,1.0,1.0
83.88,2.0,2.0
83.89,0.0,0.0
83.9,1.0,1.0
83.91,1.0,2.0
83.92,1.0,3.0
83.93,1.0,2.0
83.94,0.0,3.0
83.95,0.0,2.0
83.96,2.0,2.0
83.97,0.0,2.0
83.98,2.0,2.0
83.99,0.0,2.0
84.0,0.0,2.0
84.01,0.0,1.0
84.02,2.0,1.0
84.03,0.0,0.0
84.04,0.0,1.0
84.05,0.0,2.0
84.06,1.0,2.0
84.07,1.0,2.0
84.08,2.0,2.0
84.09,1.0,2.0
84.1,0.0,2.0
84.11,1.0,2.0
84.12,1.0,1.0
84.13,0.0,1.0
84.14,1.0,2.0
84.15,0.0,2.0
84.16,1.0,2.0
84.17,1.0,2.0
84.18,1.0,2.0
84.19,1.0,2.0
84.2,2.0,2.0
84.21,1.0,2.0
84.22,0.0,2.0
84.23,0.0,2.0
84.24,0.0,2.0
84.25,1.0,3.0
84.26,1.0,4.0
84.27,0.0,4.0
84.28,1.0,5.0
84.29,2.0,3.0
84.3,1.0,4.0
84.31,0.0,2.0
84.32,1.0,4.0
84.33,1.0,3.0
84.34,0.0,3.0
84.35,0.0,3.0
84.36,0.0,3.0
84.37,3.0,2.0
84.38,1.0,3.0
84.39,0.0,3.0
84.4,2.0,2.0
84.41,2.0,3.0
84.42,1.0,2.0
84.43,0.0,2.0
84.44,2.0,2.0
84.45,1.0,3.0
84.46,0.0,3.0
84.47,1.0,1.0
84.48,1.0,3.0
84.49,1.0,2.0
84.5,0.0,2.0
84.51,0.0,2.0
84.52,1.0,2.0
84.53,0.0,1.0
84.54,0.0,1.0
84.55,2.0,3.0
84.56,1.0,2.0
84.57,0.0,2.0
84.58,0.0,2.0
84.59,2.0,2.0
84.6,0.0,1.0
84.61,0.0,2.0
84.62,2.0,0.0
84.63,0.0,1.0
84.64,0.0,3.0
84.65,0.0,2.0
84.66,2.0,2.0
84.67,0.0,1.0
84.68,0.0,1.0
84.69,0.0,2.0
84.7,0.0,0.0
84.71,1.0,2.0
84.72,0.0,2.0
84.73,0.0,2.0
84.74,0.0,2.0
84.75,0.0,2.0
84.76,1.0,2.0
84.77,0.0,0.0
84.78,1.0,0.0
84.79,1.0,0.0
84.8,1.0,0.0
84.81,1.0,1.0
84.82,0.0,1.0
84.83,0.0,2.0
84.84,1.0,2.0
84.85,0.0,2.0
84.86,1.0,1.0
84.87,1.0,2.0
84.88,0.0,2.0
84.89,0.0,2.0
84.9,1.0,2.0
84.91,2.0,2.0
84.92,0.0,2.0
84.93,1.0,1.0
84.94,0.0,2.0
84.95,0.0,2.0
84.96,1.0,1.0
84.97,0.0,2.0
84.98,0.0,1.0
84.99,0.0,0.0
85.0,1.0,2.0
85.01,0.0,1.0
85.02,0.0,2.0
85.03,2.0,1.0
85.04,1.0,1.0
85.05,0.0,2.0
85.06,1.0,3.0
85.07,1.0,1.0
85.08,2.0,1.0
85.09,1.0,2.0
85.1,0.0,2.0
85.11,1.0,2.0
85.12,1.0,2.0
85.13,0.0,2.0
85.14,0.0,2.0
85.15,1.0,2.0
85.16,3.0,2.0
85.17,0.0,1.0
85.18,1.0,2.0
85.19,0.0,2.0
85.2,0.0,2.0
85.21,1.0,2.0
85.22,2.0,2.0
85.23,1.0,2.0
85.24,0.0,2.0
85.25,2.0,1.0
85.26,0.0,2.0
85.27,1.0,2.0
85.28,2.0,2.0
85.29,1.0,2.0
85.3,2.0,2.0
85.31,5.0,1.0
85.32,4.0,2.0
85.33,2.0,3.0
85.34,2.0,2.0
85.35,1.0,3.0
85.36,3.0,1.0
85.37,4.0,1.0
85.38,3.0,2.0
85.39,0.0,1.0
85.4,0.0,2.0
85.41,2.0,2.0
85.42,2.0,2.0
85.43,2.0,2.0
85.44,1.0,2.0
85.45,3.0,4.0
85.46,1.0,3.0
85.47,3.0,2.0
85.48,1.0,2.0
85.49,4.0,2.0
85.5,3.0,4.0
85.51,2.0,3.0
85.52,2.0,2.0
85.53,1.0,2.0
85.54,3.0,2.0
85.55,0.0,2.0
85.56,2.0,2.0
85.57,1.0,2.0
85.58,1.0,2.0
85.59,1.0,2.0
85.6,4.0,2.0
85.61,0.0,2.0
85.62,1.0,2.0
85.63,0.0,3.0
85.64,1.0,2.0
85.65,2.0,2.0
85.66,1.0,2.0
85.67,0.0,3.0
85.68,0.0,3.0
85.69,1.0,3.0
85.7,1.0,3.0
85.71,0.0,1.0
85.72,1.0,1.0
85.73,1.0,1.0
85.74,1.0,1.0
85.75,1.0,1.0
85.76,0.0,1.0
85.77,1.0,3.0
85.78,1.0,2.0
85.79,1.0,1.0
85.8,1.0,1.0
85.81,2.0,1.0
85.82,1.0,1.0
85.83,1.0,2.0
85.84,1.0,1.0
85.85,1.0,2.0
85.86,0.0,1.0
85.87,1.0,1.0
85.88,1.0,2.0
85.89,2.0,2.0
85.9,0.0,3.0
85.91,1.0,2.0
85.92,1.0,2.0
85.93,1.0,2.0
85.94,1.0,1.0
85.95,0.0,1.0
85.96,1.0,1.0
85.97,1.0,1.0
85.98,1.0,2.0
85.99,2.0,2.0
86.0,1.0,2.0
86.01,1.0,2.0
86.02,1.0,1.0
86.03,1.0,2.0
86.04,1.0,1.0
86.05,2.0,2.0
86.06,1.0,1.0
86.07,2.0,2.0
86.08,1.0,1.0
86.09,1.0,1.0
86.1,1.0,1.0
86.11,2.0,3.0
86.12,1.0,3.0
86.13,2.0,1.0
86.14,3.0,2.0
86.15,1.0,1.0
86.16,2.0,1.0
86.17,3.0,2.0
86.18,1.0,2.0
86.19,0.0,2.0
86.2,2.0,2.0
86.21,1.0,1.0
86.22,1.0,1.0
86.23,1.0,1.0
86.24,2.0,2.0
86.25,2.0,1.0
86.26,1.0,1.0
86.27,2.0,1.0
86.28,0.0,2.0
86.29,3.0,0.0
86.3,1.0,1.0
86.31,2.0,2.0
86.32,1.0,2.0
86.33,2.0,2.0
86.34,1.0,1.0
86.35,2.0,3.0
86.36,1.0,1.0
86.37,1.0,2.0
86.38,1.0,2.0
86.39,1.0,2.0
86.4,2.0,1.0
86.41,0.0,2.0
86.42,2.0,2.0
86.43,2.0,2.0
86.44,1.0,1.0
86.45,2.0,1.0
86.46,1.0,1.0
86.47,1.0,5.0
86.48,2.0,3.0
86.49,1.0,2.0
86.5,2.0,3.0
86.51,2.0,4.0
86.52,2.0,3.0
86.53,2.0,3.0
86.54,2.0,3.0
86.55,2.0,4.0
86.56,1.0,3.0
86.57,1.0,3.0
86.58,1.0,4.0
86.59,3.0,3.0
86.6,2.0,4.0
86.61,2.0,4.0
86.62,2.0,4.0
86.63,0.0,4.0
86.64,0.0,3.0
86.65,2.0,2.0
86.66,0.0,3.0
86.67,0.0,3.0
86.68,1.0,2.0
86.69,0.0,1.0
86.7,0.0,3.0
86.71,1.0,3.0
86.72,0.0,2.0
86.73,1.0,2.0
86.74,2.0,2.0
86.75,1.0,2.0
86.76,2.0,2.0
86.77,4.0,2.0
86.78,1.0,2.0
86.79,1.0,2.0
86.8,1.0,3.0
86.81,0.0,2.0
86.82,0.0,2.0
86.83,2.0,3.0
86.84,1.0,2.0
86.85,3.0,2.0
86.86,1.0,2.0
86.87,1.0,2.0
86.88,0.0,1.0
86.89,1.0,2.0
86.9,3.0,0.0
86.91,3.0,1.0
86.92,2.0,2.0
86.93,2.0,2.0
86.94,1.0,1.0
86.95,3.0,2.0
86.96,2.0,2.0
86.97,2.0,2.0
86.98,2.0,1.0
86.99,1.0,2.0
87.0,2.0,2.0
87.01,1.0,2.0
87.02,2.0,1.0
87.03,1.0,2.0
87.04,1.0,2.0
87.05,1.0,2.0
87.06,3.0,2.0
87.07,1.0,2.0
87.08,1.0,2.0
87.09,1.0,1.0
87.1,1.0,2.0
87.11,3.0,2.0
87.12,1.0,1.0
87.13,2.0,2.0
87.14,1.0,1.0
87.15,0.0,2.0
87.16,0.0,0.0
87.17,1.0,3.0
87.18,1.0,2.0
87.19,1.0,2.0
87.2,2.0,3.0
87.21,2.0,1.0
87.22,1.0,3.0
87.23,0.0,2.0
87.24,2.0,2.0
87.25,0.0,3.0
87.26,2.0,2.0
87.27,2.0,3.0
87.28,1.0,2.0
87.29,2.0,3.0
87.3,2.0,3.0
87.31,0.0,3.0
87.32,1.0,3.0
87.33,1.0,4.0
87.34,1.0,2.0
87.35,1.0,3.0
87.36,1.0,3.0
87.37,1.0,4.0
87.38,1.0,4.0
87.39,1.0,2.0
87.4,1.0,3.0
87.41,2.0,2.0
87.42,1.0,4.0
87.43,1.0,4.0
87.44,2.0,3.0
87.45,0.0,4.0
87.46,0.0,3.0
87.47,2.0,3.0
87.48,1.0,4.0
87.49,1.0,4.0
87.5,1.0,4.0
87.51,3.0,3.0
87.52,1.0,3.0
87.53,1.0,3.0
87.54,0.0,3.0
87.55,0.0,4.0
87.56,3.0,3.0
87.57,1.0,4.0
87.58,2.0,4.0
87.59,0.0,4.0
87.6,1.0,4.0
87.61,1.0,4.0
87.62,0.0,4.0
87.63,3.0,3.0
87.64,0.0,3.0
87.65,2.0,3.0
87.66,0.0,3.0
87.67,4.0,3.0
87.68,1.0,2.0
87.69,0.0,2.0
87.7,1.0,3.0
87.71,0.0,1.0
87.72,1.0,2.0
87.73,1.0,3.0
87.74,0.0,4.0
87.75,1.0,4.0
87.76,2.0,3.0
87.77,1.0,4.0
87.78,0.0,3.0
87.79,3.0,3.0
87.8,1.0,3.0
87.81,1.0,2.0
87.82,4.0,4.0
87.83,0.0,4.0
87.84,1.0,3.0
87.85,3.0,2.0
87.86,1.0,2.0
87.87,2.0,2.0
87.88,0.0,3.0
87.89,2.0,3.0
87.9,2.0,3.0
87.91,1.0,4.0
87.92,1.0,4.0
87.93,2.0,4.0
87.94,1.0,3.0
87.95,0.0,3.0
87.96,0.0,3.0
87.97,0.0,3.0
87.98,2.0,2.0
87.99,2.0,3.0
88.0,0.0,3.0
88.01,1.0,2.0
88.02,1.0,4.0
88.03,0.0,2.0
88.04,2.0,3.0
88.05,1.0,4.0
88.06,1.0,5.0
88.07,1.0,5.0
88.08,2.0,5.0
88.09,1.0,4.0
88.1,2.0,3.0
88.11,4.0,4.0
88.12,3.0,3.0
88.13,0.0,2.0
88.14,2.0,4.0
88.15,2.0,4.0
88.16,2.0,5.0
88.17,0.0,4.0
88.18,1.0,2.0
88.19,1.0,4.0
88.2,0.0,4.0
88.21,1.0,3.0
88.22,1.0,2.0
88.23,2.0,3.0
88.24,0.0,2.0
88.25,2.0,2.0
88.26,0.0,2.0
88.27,3.0,2.0
88.28,1.0,2.0
88.29,1.0,2.0
88.3,0.0,3.0
88.31,0.0,2.0
88.32,1.0,3.0
88.33,0.0,2.0
88.34,0.0,3.0
88.35,1.0,4.0
88.36,0.0,3.0
88.37,1.0,3.0
88.38,0.0,3.0
88.39,2.0,3.0
88.4,1.0,3.0
88.41,0.0,3.0
88.42,2.0,2.0
88.43,0.0,3.0
88.44,2.0,3.0
88.45,0.0,4.0
88.46,0.0,4.0
88.47,1.0,3.0
88.48,2.0,3.0
88.49,0.0,2.0
88.5,0.0,2.0
88.51,2.0,3.0
88.52,2.0,3.0
88.53,0.0,5.0
88.54,0.0,5.0
88.55,1.0,3.0
88.56,0.0,4.0
88.57,1.0,4.0
88.58,2.0,3.0
88.59,1.0,3.0
88.6,2.0,2.0
88.61,4.0,4.0
88.62,0.0,3.0
88.63,2.0,5.0
88.64,1.0,3.0
88.65,1.0,4.0
88.66,1.0,3.0
88.67,0.0,3.0
88.68,1.0,2.0
88.69,2.0,5.0
88.7,1.0,3.0
88.71,0.0,4.0
88.72,1.0,3.0
88.73,3.0,4.0
88.74,0.0,3.0
88.75,0.0,4.0
88.76,1.0,2.0
88.77,1.0,2.0
88.78,4.0,3.0
88.79,0.0,5.0
88.8,1.0,2.0
88.81,0.0,4.0
88.82,2.0,2.0
88.83,1.0,3.0
88.84,1.0,3.0
88.85,1.0,3.0
88.86,0.0,1.0
88.87,1.0,2.0
88.88,2.0,3.0
88.89,1.0,2.0
88.9,0.0,1.0
88.91,1.0,1.0
88.92,1.0,1.0
88.93,1.0,1.0
88.94,2.0,0.0
88.95,1.0,0.0
88.96,1.0,1.0
88.97,1.0,0.0
88.98,1.0,1.0
88.99,1.0,2.0
89.0,0.0,1.0
89.01,0.0,1.0
89.02,2.0,1.0
89.03,1.0,2.0
89.04,1.0,4.0
89.05,1.0,3.0
89.06,2.0,3.0
89.07,1.0,3.0
89.08,1.0,3.0
89.09,1.0,4.0
89.1,2.0,2.0
89.11,2.0,3.0
89.12,2.0,2.0
89.13,1.0,3.0
89.14,0.0,1.0
89.15,0.0,2.0
89.16,0.0,2.0
89.17,1.0,3.0
89.18,1.0,2.0
89.19,1.0,2.0
89.2,0.0,2.0
89.21,0.0,2.0
89.22,2.0,1.0
89.23,2.0,2.0
89.24,1.0,3.0
89.25,0.0,1.0
89.26,1.0,2.0
89.27,1.0,1.0
89.28,2.0,2.0
89.29,1.0,1.0
89.3,1.0,2.0
89.31,2.0,1.0
89.32,1.0,2.0
89.33,1.0,1.0
89.34,1.0,1.0
89.35,2.0,1.0
89.36,3.0,2.0
89.37,3.0,2.0
89.38,3.0,1.0
89.39,1.0,1.0
89.4,0.0,1.0
89.41,1.0,1.0
89.42,1.0,1.0
89.43,1.0,2.0
89.44,1.0,2.0
89.45,1.0,2.0
89.46,1.0,2.0
89.47,0.0,1.0
89.48,1.0,1.0
89.49,0.0,1.0
89.5,1.0,2.0
89.51,0.0,2.0
89.52,0.0,2.0
89.53,1.0,2.0
89.54,0.0,2.0
89.55,1.0,1.0
89.56,4.0,1.0
89.57,1.0,1.0
89.58,0.0,1.0
89.59,1.0,0.0
89.6,2.0,1.0
89.61,1.0,1.0
89.62,2.0,3.0
89.63,1.0,1.0
89.64,1.0,1.0
89.65,2.0,1.0
89.66,3.0,1.0
89.67,0.0,1.0
89.68,1.0,2.0
89.69,0.0,2.0
89.7,3.0,1.0
89.71,1.0,2.0
89.72,0.0,1.0
89.73,1.0,2.0
89.74,2.0,1.0
89.75,2.0,0.0
89.76,2.0,3.0
89.77,2.0,1.0
89.78,1.0,0.0
89.79,2.0,2.0
89.8,2.0,1.0
89.81,1.0,2.0
89.82,1.0,3.0
89.83,0.0,1.0
89.84,2.0,3.0
89.85,1.0,3.0
89.86,2.0,3.0
89.87,1.0,3.0
89.88,0.0,3.0
89.89,2.0,5.0
89.9,1.0,5.0
89.91,0.0,3.0
89.92,1.0,5.0
89.93,1.0,4.0
89.94,0.0,2.0
89.95,1.0,2.0
89.96,2.0,4.0
89.97,0.0,5.0
89.98,2.0,5.0
89.99,3.0,2.0
90.0,1.0,4.0
90.01,0.0,1.0
90.02,2.0,2.0
90.03,3.0,2.0
90.04,2.0,3.0
90.05,0.0,3.0
90.06,2.0,3.0
90.07,2.0,3.0
90.08,3.0,1.0
90.09,0.0,2.0
90.1,1.0,2.0
90.11,3.0,2.0
90.12,2.0,3.0
90.13,2.0,2.0
90.14,2.0,2.0
90.15,3.0,2.0
90.16,2.0,2.0
90.17,1.0,1.0
90.18,1.0,2.0
90.19,2.0,2.0
90.2,1.0,2.0
90.21,1.0,3.0
90.22,1.0,2.0
90.23,0.0,3.0
90.24,0.0,2.0
90.25,1.0,4.0
90.26,1.0,4.0
90.27,1.0,4.0
90.28,1.0,4.0
90.29,1.0,3.0
90.3,2.0,3.0
90.31,2.0,3.0
90.32,2.0,4.0
90.33,1.0,2.0
90.34,2.0,2.0
90.35,1.0,4.0
90.36,1.0,2.0
90.37,0.0,4.0
90.38,3.0,4.0
90.39,3.0,3.0
90.4,1.0,4.0
90.41,1.0,4.0
90.42,1.0,3.0
90.43,0.0,3.0
90.44,0.0,4.0
90.45,2.0,4.0
90.46,1.0,3.0
90.47,1.0,4.0
90.48,1.0,4.0
90.49,0.0,4.0
90.5,2.0,4.0
90.51,0.0,4.0
90.52,1.0,4.0
90.53,1.0,3.0
90.54,3.0,4.0
90.55,2.0,3.0
90.56,0.0,3.0
90.57,1.0,3.0
90.58,0.0,3.0
90.59,2.0,4.0
90.6,5.0,2.0
90.61,1.0,2.0
90.62,2.0,4.0
90.63,0.0,1.0
90.64,1.0,2.0
90.65,1.0,3.0
90.66,1.0,2.0
90.67,2.0,2.0
90.68,1.0,4.0
90.69,2.0,2.0
90.7,1.0,2.0
90.71,1.0,1.0
90.72,1.0,2.0
90.73,0.0,2.0
90.74,1.0,3.0
90.75,0.0,1.0
90.76,1.0,3.0
90.77,1.0,3.0
90.78,2.0,4.0
90.79,1.0,3.0
90.8,1.0,3.0
90.81,1.0,4.0
90.82,0.0,2.0
90.83,2.0,2.0
90.84,1.0,2.0
90.85,1.0,3.0
90.86,0.0,2.0
90.87,1.0,3.0
90.88,2.0,3.0
90.89,1.0,3.0
90.9,3.0,3.0
90.91,2.0,2.0
90.92,2.0,2.0
90.93,1.0,2.0
90.94,3.0,2.0
90.95,0.0,2.0
90.96,1.0,2.0
90.97,2.0,3.0
90.98,2.0,2.0
90.99,2.0,2.0
91.0,1.0,2.0
91.01,2.0,3.0
91.02,1.0,3.0
91.03,2.0,2.0
91.04,1.0,4.0
91.05,1.0,2.0
91.06,1.0,2.0
91.07,2.0,2.0
91.08,1.0,3.0
91.09,2.0,3.0
91.1,1.0,3.0
91.11,0.0,3.0
91.12,1.0,3.0
91.13,2.0,2.0
91.14,1.0,3.0
91.15,1.0,2.0
91.16,0.0,2.0
91.17,1.0,1.0
91.18,1.0,2.0
91.19,2.0,4.0
91.2,1.0,2.0
91.21,1.0,3.0
91.22,2.0,3.0
91.23,1.0,3.0
91.24,2.0,2.0
91.25,1.0,4.0
91.26,2.0,2.0
91.27,0.0,2.0
91.28,0.0,1.0
91.29,1.0,2.0
91.3,0.0,3.0
91.31,0.0,4.0
91.32,1.0,2.0
91.33,2.0,3.0
91.34,1.0,3.0
91.35,3.0,3.0
91.36,2.0,3.0
91.37,3.0,3.0
91.38,2.0,3.0
91.39,1.0,2.0
91.4,2.0,3.0
91.41,1.0,2.0
91.42,0.0,3.0
91.43,1.0,2.0
91.44,1.0,3.0
91.45,0.0,2.0
91.46,2.0,2.0
91.47,1.0,3.0
91.48,1.0,4.0
91.49,2.0,2.0
91.5,1.0,2.0
91.51,0.0,3.0
91.52,1.0,2.0
91.53,0.0,2.0
91.54,3.0,3.0
91.55,2.0,4.0
91.56,1.0,2.0
91.57,0.0,2.0
91.58,1.0,2.0
91.59,3.0,2.0
91.6,0.0,2.0
91.61,1.0,3.0
91.62,1.0,3.0
91.63,0.0,3.0
91.64,0.0,2.0
91.65,1.0,2.0
91.66,1.0,2.0
91.67,3.0,4.0
91.68,0.0,4.0
91.69,0.0,1.0
91.7,1.0,2.0
91.71,1.0,2.0
91.72,1.0,3.0
91.73,0.0,2.0
91.74,1.0,3.0
91.75,1.0,3.0
91.76,1.0,2.0
91.77,2.0,4.0
91.78,3.0,4.0
91.79,1.0,3.0
91.8,3.0,3.0
91.81,1.0,3.0
91.82,1.0,2.0
91.83,1.0,3.0
91.84,0.0,4.0
91.85,0.0,4.0
91.86,0.0,4.0
91.87,2.0,4.0
91.88,2.0,3.0
91.89,0.0,2.0
91.9,0.0,4.0
91.91,0.0,2.0
91.92,3.0,2.0
91.93,1.0,1.0
91.94,1.0,3.0
91.95,0.0,2.0
91.96,1.0,2.0
91.97,0.0,3.0
91.98,1.0,3.0
91.99,1.0,3.0
92.0,0.0,3.0
92.01,1.0,3.0
92.02,1.0,3.0
92.03,1.0,2.0
92.04,1.0,4.0
92.05,2.0,4.0
92.06,0.0,3.0
92.07,1.0,3.0
92.08,1.0,3.0
92.09,2.0,3.0
92.1,2.0,3.0
92.11,2.0,3.0
92.12,1.0,3.0
92.13,1.0,2.0
92.14,2.0,3.0
92.15,1.0,4.0
92.16,0.0,3.0
92.17,2.0,3.0
92.18,1.0,3.0
92.19,1.0,2.0
92.2,1.0,4.0
92.21,0.0,2.0
92.22,2.0,3.0
92.23,0.0,1.0
92.24,0.0,3.0
92.25,3.0,3.0
92.26,2.0,3.0
92.27,0.0,2.0
92.28,0.0,2.0
92.29,1.0,3.0
92.3,0.0,2.0
92.31,1.0,3.0
92.32,1.0,3.0
92.33,1.0,3.0
92.34,2.0,2.0
92.35,3.0,3.0
92.36,1.0,3.0
92.37,2.0,2.0
92.38,2.0,2.0
92.39,0.0,2.0
92.4,1.0,2.0
92.41,1.0,1.0
92.42,2.0,2.0
92.43,1.0,2.0
92.44,1.0,2.0
92.45,1.0,3.0
92.46,1.0,2.0
92.47,3.0,2.0
92.48,1.0,2.0
92.49,0.0,2.0
92.5,1.0,3.0
92.51,2.0,2.0
92.52,0.0,1.0
92.53,1.0,2.0
92.54,3.0,2.0
92.55,2.0,3.0
92.56,1.0,1.0
92.57,2.0,4.0
92.58,0.0,2.0
92.59,0.0,4.0
92.6,1.0,1.0
92.61,1.0,3.0
92.62,0.0,2.0
92.63,2.0,1.0
92.64,2.0,5.0
92.65,1.0,4.0
92.66,1.0,3.0
92.67,1.0,1.0
92.68,2.0,2.0
92.69,2.0,1.0
92.7,1.0,3.0
92.71,1.0,2.0
92.72,1.0,2.0
92.73,1.0,2.0
92.74,1.0,2.0
92.75,2.0,2.0
92.76,0.0,1.0
92.77,0.0,2.0
92.78,2.0,2.0
92.79,1.0,4.0
92.8,1.0,3.0
92.81,0.0,1.0
92.82,1.0,1.0
92.83,1.0,2.0
92.84,2.0,4.0
92.85,1.0,2.0
92.86,1.0,3.0
92.87,2.0,2.0
92.88,1.0,2.0
92.89,3.0,4.0
92.9,2.0,3.0
92.91,1.0,3.0
92.92,2.0,4.0
92.93,3.0,5.0
92.94,0.0,5.0
92.95,2.0,5.0
92.96,2.0,4.0
92.97,1.0,3.0
92.98,0.0,4.0
92.99,0.0,5.0
93.0,1.0,3.0
93.01,2.0,2.0
93.02,1.0,3.0
93.03,1.0,3.0
93.04,1.0,2.0
93.05,0.0,4.0
93.06,0.0,4.0
93.07,2.0,3.0
93.08,2.0,4.0
93.09,2.0,3.0
93.1,1.0,4.0
93.11,1.0,3.0
93.12,2.0,4.0
93.13,1.0,4.0
93.14,1.0,3.0
93.15,3.0,4.0
93.16,2.0,4.0
93.17,2.0,4.0
93.18,2.0,4.0
93.19,2.0,4.0
93.2,2.0,4.0
93.21,1.0,3.0
93.22,4.0,4.0
93.23,3.0,3.0
93.24,1.0,3.0
93.25,1.0,4.0
93.26,0.0,3.0
93.27,2.0,2.0
93.28,3.0,3.0
93.29,1.0,4.0
93.3,1.0,4.0
93.31,3.0,4.0
93.32,1.0,4.0
93.33,1.0,2.0
93.34,0.0,4.0
93.35,3.0,3.0
93.36,1.0,3.0
93.37,2.0,3.0
93.38,3.0,3.0
93.39,3.0,3.0
93.4,1.0,2.0
93.41,2.0,3.0
93.42,4.0,4.0
93.43,2.0,4.0
93.44,2.0,4.0
93.45,0.0,1.0
93.46,2.0,3.0
93.47,0.0,1.0
93.48,2.0,0.0
93.49,1.0,1.0
93.5,2.0,1.0
93.51,4.0,1.0
93.52,1.0,1.0
93.53,2.0,2.0
93.54,3.0,2.0
93.55,0.0,2.0
93.56,2.0,3.0
93.57,2.0,3.0
93.58,2.0,3.0
93.59,0.0,3.0
93.6,2.0,3.0
93.61,2.0,3.0
93.62,0.0,3.0
93.63,4.0,2.0
93.64,1.0,2.0
93.65,1.0,2.0
93.66,1.0,2.0
93.67,0.0,2.0
93.68,3.0,1.0
93.69,2.0,2.0
93.7,2.0,0.0
93.71,1.0,3.0
93.72,1.0,2.0
93.73,2.0,3.0
93.74,2.0,2.0
93.75,2.0,3.0
93.76,1.0,3.0
93.77,1.0,1.0
93.78,3.0,4.0
93.79,1.0,1.0
93.8,1.0,3.0
93.81,3.0,5.0
93.82,1.0,2.0
93.83,3.0,1.0
93.84,3.0,2.0
93.85,1.0,2.0
93.86,2.0,2.0
93.87,2.0,3.0
93.88,2.0,3.0
93.89,0.0,4.0
93.9,3.0,4.0
93.91,4.0,2.0
93.92,4.0,3.0
93.93,4.0,2.0
93.94,2.0,4.0
93.95,4.0,3.0
93.96,5.0,4.0
93.97,4.0,3.0
93.98,2.0,3.0
93.99,1.0,5.0
94.0,2.0,2.0
94.01,0.0,5.0
94.02,1.0,3.0
94.03,2.0,4.0
94.04,2.0,4.0
94.05,3.0,4.0
94.06,1.0,3.0
94.07,1.0,4.0
94.08,1.0,3.0
94.09,1.0,3.0
94.1,1.0,4.0
94.11,1.0,4.0
94.12,2.0,4.0
94.13,1.0,3.0
94.14,3.0,2.0
94.15,3.0,3.0
94.16,2.0,2.0
94.17,4.0,4.0
94.18,2.0,3.0
94.19,1.0,5.0
94.2,1.0,5.0
94.21,2.0,4.0
94.22,3.0,3.0
94.23,2.0,3.0
94.24,2.0,3.0
94.25,2.0,4.0
94.26,2.0,4.0
94.27,1.0,4.0
94.28,3.0,4.0
94.29,2.0,6.0
94.3,3.0,4.0
94.31,1.0,5.0
94.32,3.0,4.0
94.33,1.0,4.0
94.34,3.0,4.0
94.35,1.0,5.0
94.36,0.0,4.0
94.37,3.0,4.0
94.38,2.0,4.0
94.39,4.0,3.0
94.4,3.0,4.0
94.41,3.0,6.0
94.42,3.0,2.0
94.43,2.0,4.0
94.44,3.0,4.0
94.45,3.0,2.0
94.46,2.0,5.0
94.47,3.0,4.0
94.48,2.0,3.0
94.49,2.0,2.0
94.5,3.0,2.0
94.51,3.0,2.0
94.52,3.0,2.0
94.53,1.0,3.0
94.54,3.0,1.0
94.55,2.0,3.0
94.56,3.0,1.0
94.57,1.0,3.0
94.58,3.0,3.0
94.59,3.0,2.0
94.6,1.0,2.0
94.61,1.0,3.0
94.62,3.0,2.0
94.63,2.0,3.0
94.64,3.0,2.0
94.65,1.0,1.0
94.66,0.0,1.0
94.67,2.0,0.0
94.68,1.0,2.0
94.69,1.0,2.0
94.7,1.0,2.0
94.71,1.0,3.0
94.72,1.0,2.0
94.73,2.0,3.0
94.74,2.0,2.0
94.75,2.0,1.0
94.76,2.0,3.0
94.77,2.0,3.0
94.78,3.0,1.0
94.79,2.0,2.0
94.8,2.0,4.0
94.81,3.0,4.0
94.82,2.0,1.0
94.83,3.0,2.0
94.84,4.0,2.0
94.85,4.0,2.0
94.86,0.0,2.0
94.87,2.0,3.0
94.88,1.0,2.0
94.89,1.0,2.0
94.9,1.0,2.0
94.91,3.0,2.0
94.92,2.0,2.0
94.93,3.0,2.0
94.94,1.0,2.0
94.95,3.0,2.0
94.96,2.0,3.0
94.97,1.0,2.0
94.98,3.0,2.0
94.99,2.0,2.0
95.0,2.0,4.0
95.01,3.0,5.0
95.02,2.0,3.0
95.03,3.0,2.0
95.04,3.0,2.0
95.05,0.0,2.0
95.06,2.0,3.0
95.07,2.0,2.0
95.08,3.0,2.0
95.09,4.0,0.0
95.1,2.0,0.0
95.11,4.0,1.0
95.12,3.0,1.0
95.13,2.0,2.0
95.14,2.0,1.0
95.15,1.0,1.0
95.16,2.0,3.0
95.17,2.0,2.0
95.18,2.0,2.0
95.19,2.0,3.0
95.2,3.0,2.0
95.21,3.0,5.0
95.22,3.0,4.0
95.23,2.0,3.0
95.24,0.0,3.0
95.25,0.0,3.0
95.26,1.0,3.0
95.27,1.0,4.0
95.28,2.0,3.0
95.29,3.0,4.0
95.3,2.0,4.0
95.31,1.0,2.0
95.32,1.0,3.0
95.33,2.0,3.0
95.34,3.0,3.0
95.35,3.0,3.0
95.36,2.0,3.0
95.37,2.0,3.0
95.38,2.0,4.0
95.39,1.0,3.0
95.4,1.0,3.0
95.41,2.0,3.0
95.42,3.0,3.0
95.43,0.0,2.0
95.44,2.0,3.0
95.45,1.0,3.0
95.46,1.0,2.0
95.47,2.0,3.0
95.48,2.0,2.0
95.49,2.0,3.0
95.5,2.0,3.0
95.51,2.0,3.0
95.52,1.0,2.0
95.53,0.0,3.0
95.54,0.0,3.0
95.55,2.0,3.0
95.56,2.0,3.0
95.57,2.0,4.0
95.58,2.0,2.0
95.59,4.0,2.0
95.6,2.0,3.0
95.61,2.0,5.0
95.62,3.0,2.0
95.63,4.0,3.0
95.64,3.0,3.0
95.65,3.0,2.0
95.66,2.0,3.0
95.67,3.0,3.0
95.68,3.0,3.0
95.69,2.0,2.0
95.7,3.0,3.0
95.71,3.0,3.0
95.72,1.0,4.0
95.73,3.0,5.0
95.74,2.0,4.0
95.75,1.0,4.0
95.76,1.0,4.0
95.77,3.0,3.0
95.78,2.0,3.0
95.79,2.0,5.0
95.8,2.0,6.0
95.81,3.0,4.0
95.82,3.0,4.0
95.83,2.0,4.0
95.84,3.0,3.0
95.85,2.0,3.0
95.86,1.0,5.0
95.87,2.0,4.0
95.88,3.0,4.0
95.89,3.0,4.0
95.9,3.0,3.0
95.91,4.0,2.0
95.92,2.0,1.0
95.93,3.0,4.0
95.94,1.0,4.0
95.95,2.0,5.0
95.96,2.0,5.0
95.97,3.0,4.0
95.98,1.0,4.0
95.99,2.0,3.0
96.0,3.0,4.0
96.01,3.0,4.0
96.02,3.0,4.0
96.03,3.0,4.0
96.04,3.0,4.0
96.05,1.0,4.0
96.06,2.0,3.0
96.07,1.0,3.0
96.08,2.0,4.0
96.09,1.0,3.0
96.1,2.0,3.0
96.11,3.0,4.0
96.12,4.0,3.0
96.13,5.0,3.0
96.14,3.0,4.0
96.15,2.0,4.0
96.16,3.0,3.0
96.17,5.0,4.0
96.18,1.0,5.0
96.19,2.0,4.0
96.2,1.0,4.0
96.21,1.0,5.0
96.22,1.0,4.0
96.23,1.0,4.0
96.24,1.0,3.0
96.25,2.0,4.0
96.26,2.0,5.0
96.27,3.0,3.0
96.28,2.0,4.0
96.29,3.0,3.0
96.3,2.0,5.0
96.31,3.0,4.0
96.32,2.0,4.0
96.33,1.0,3.0
96.34,1.0,3.0
96.35,4.0,5.0
96.36,2.0,5.0
96.37,2.0,4.0
96.38,2.0,4.0
96.39,2.0,4.0
96.4,1.0,4.0
96.41,3.0,4.0
96.42,4.0,4.0
96.43,3.0,4.0
96.44,3.0,5.0
96.45,2.0,4.0
96.46,2.0,3.0
96.47,2.0,4.0
96.48,3.0,4.0
96.49,3.0,4.0
96.5,2.0,4.0
96.51,3.0,4.0
96.52,2.0,4.0
96.53,2.0,4.0
96.54,3.0,3.0
96.55,3.0,3.0
96.56,2.0,3.0
96.57,2.0,4.0
96.58,2.0,5.0
96.59,3.0,4.0
96.6,3.0,5.0
96.61,3.0,4.0
96.62,3.0,4.0
96.63,2.0,4.0
96.64,3.0,4.0
96.65,1.0,3.0
96.66,1.0,4.0
96.67,2.0,3.0
96.68,3.0,4.0
96.69,1.0,4.0
96.7,2.0,4.0
96.71,3.0,4.0
96.72,2.0,4.0
96.73,3.0,4.0
96.74,3.0,2.0
96.75,3.0,3.0
96.76,3.0,3.0
96.77,3.0,5.0
96.78,3.0,5.0
96.79,1.0,4.0
96.8,3.0,4.0
96.81,1.0,4.0
96.82,1.0,4.0
96.83,1.0,3.0
96.84,0.0,4.0
96.85,2.0,3.0
96.86,1.0,2.0
96.87,2.0,3.0
96.88,2.0,4.0
96.89,3.0,2.0
96.9,3.0,3.0
96.91,1.0,1.0
96.92,2.0,3.0
96.93,1.0,3.0
96.94,3.0,4.0
96.95,1.0,3.0
96.96,2.0,3.0
96.97,3.0,5.0
96.98,3.0,3.0
96.99,2.0,3.0
97.0,1.0,3.0
97.01,3.0,3.0
97.02,3.0,3.0
97.03,2.0,4.0
97.04,3.0,3.0
97.05,2.0,4.0
97.06,1.0,4.0
97.07,2.0,3.0
97.08,3.0,3.0
97.09,2.0,3.0
97.1,5.0,4.0
97.11,1.0,0.0
97.12,2.0,2.0
97.13,4.0,3.0
97.14,2.0,2.0
97.15,2.0,2.0
97.16,2.0,3.0
97.17,2.0,2.0
97.18,2.0,4.0
97.19,1.0,5.0
97.2,4.0,3.0
97.21,1.0,3.0
97.22,3.0,2.0
97.23,3.0,1.0
97.24,2.0,1.0
97.25,3.0,2.0
97.26,2.0,2.0
97.27,2.0,1.0
97.28,1.0,2.0
97.29,2.0,2.0
97.3,3.0,1.0
97.31,3.0,2.0
97.32,3.0,2.0
97.33,2.0,2.0
97.34,2.0,3.0
97.35,2.0,3.0
97.36,2.0,1.0
97.37,1.0,4.0
97.38,2.0,2.0
97.39,2.0,3.0
97.4,2.0,3.0
97.41,4.0,3.0
97.42,2.0,3.0
97.43,1.0,4.0
97.44,1.0,3.0
97.45,3.0,3.0
97.46,2.0,3.0
97.47,2.0,3.0
97.48,2.0,3.0
97.49,2.0,3.0
97.5,2.0,3.0
97.51,2.0,3.0
97.52,3.0,3.0
97.53,3.0,2.0
97.54,3.0,2.0
97.55,3.0,1.0
97.56,2.0,3.0
97.57,2.0,2.0
97.58,2.0,3.0
97.59,2.0,1.0
97.6,3.0,3.0
97.61,2.0,3.0
97.62,2.0,2.0
97.63,1.0,2.0
97.64,2.0,2.0
97.65,0.0,2.0
97.66,3.0,3.0
97.67,3.0,2.0
97.68,1.0,3.0
97.69,2.0,2.0
97.7,2.0,2.0
97.71,3.0,2.0
97.72,2.0,2.0
97.73,1.0,2.0
97.74,1.0,2.0
97.75,4.0,1.0
97.76,1.0,2.0
97.77,1.0,2.0
97.78,2.0,1.0
97.79,3.0,2.0
97.8,1.0,1.0
97.81,0.0,3.0
97.82,2.0,3.0
97.83,4.0,3.0
97.84,1.0,3.0
97.85,0.0,2.0
97.86,0.0,2.0
97.87,2.0,1.0
97.88,2.0,3.0
97.89,0.0,4.0
97.9,2.0,3.0
97.91,1.0,2.0
97.92,1.0,2.0
97.93,3.0,4.0
97.94,1.0,3.0
97.95,0.0,2.0
97.96,1.0,4.0
97.97,2.0,3.0
97.98,0.0,3.0
97.99,1.0,3.0
98.0,0.0,3.0
98.01,1.0,4.0
98.02,2.0,4.0
98.03,1.0,4.0
98.04,1.0,3.0
98.05,0.0,3.0
98.06,0.0,5.0
98.07,0.0,4.0
98.08,0.0,3.0
98.09,1.0,4.0
98.1,0.0,2.0
98.11,2.0,4.0
98.12,0.0,3.0
98.13,1.0,4.0
98.14,1.0,5.0
98.15,0.0,4.0
98.16,0.0,3.0
98.17,1.0,3.0
98.18,0.0,4.0
98.19,1.0,4.0
98.2,0.0,4.0
98.21,1.0,3.0
98.22,1.0,2.0
98.23,0.0,4.0
98.24,0.0,3.0
98.25,1.0,5.0
98.26,1.0,5.0
98.27,1.0,4.0
98.28,1.0,3.0
98.29,0.0,4.0
98.3,0.0,4.0
98.31,1.0,3.0
98.32,3.0,3.0
98.33,0.0,3.0
98.34,0.0,3.0
98.35,0.0,4.0
98.36,1.0,4.0
98.37,0.0,4.0
98.38,0.0,4.0
98.39,0.0,4.0
98.4,0.0,3.0
98.41,0.0,3.0
98.42,0.0,4.0
98.43,0.0,3.0
98.44,1.0,4.0
98.45,0.0,4.0
98.46,1.0,4.0
98.47,2.0,3.0
98.48,0.0,3.0
98.49,1.0,3.0
98.5,3.0,2.0
98.51,1.0,3.0
98.52,2.0,3.0
98.53,2.0,3.0
98.54,0.0,3.0
98.55,0.0,3.0
98.56,1.0,4.0
98.57,1.0,2.0
98.58,0.0,2.0
98.59,0.0,3.0
98.6,0.0,2.0
98.61,0.0,4.0
98.62,1.0,4.0
98.63,1.0,4.0
98.64,1.0,4.0
98.65,1.0,2.0
98.66,0.0,3.0
98.67,0.0,4.0
98.68,1.0,2.0
98.69,0.0,4.0
98.7,0.0,3.0
98.71,0.0,2.0
98.72,2.0,2.0
98.73,1.0,1.0
98.74,1.0,2.0
98.75,3.0,1.0
98.76,0.0,1.0
98.77,0.0,1.0
98.78,3.0,1.0
98.79,1.0,1.0
98.8,1.0,0.0
98.81,2.0,2.0
98.82,1.0,2.0
98.83,1.0,1.0
98.84,0.0,2.0
98.85,1.0,1.0
98.86,1.0,3.0
98.87,1.0,3.0
98.88,1.0,1.0
98.89,2.0,1.0
98.9,1.0,3.0
98.91,3.0,3.0
98.92,1.0,4.0
98.93,0.0,4.0
98.94,2.0,3.0
98.95,1.0,3.0
98.96,2.0,4.0
98.97,2.0,2.0
98.98,1.0,3.0
98.99,1.0,2.0
99.0,1.0,3.0
99.01,0.0,3.0
99.02,0.0,3.0
99.03,2.0,2.0
99.04,0.0,2.0
99.05,3.0,2.0
99.06,1.0,3.0
99.07,2.0,3.0
99.08,1.0,2.0
99.09,1.0,2.0
99.1,1.0,2.0
99.11,1.0,2.0
99.12,2.0,1.0
99.13,1.0,2.0
99.14,1.0,2.0
99.15,1.0,2.0
99.16,1.0,2.0
99.17,0.0,1.0
99.18,2.0,3.0
99.19,2.0,3.0
99.2,1.0,3.0
99.21,1.0,2.0
99.22,2.0,3.0
99.23,1.0,3.0
99.24,0.0,2.0
99.25,2.0,1.0
99.26,1.0,1.0
99.27,1.0,3.0
99.28,1.0,2.0
99.29,0.0,2.0
99.3,2.0,2.0
99.31,0.0,2.0
99.32,1.0,2.0
99.33,0.0,2.0
99.34,1.0,3.0
99.35,1.0,3.0
99.36,0.0,2.0
99.37,1.0,2.0
99.38,1.0,4.0
99.39,1.0,4.0
99.4,1.0,2.0
99.41,1.0,3.0
99.42,0.0,3.0
99.43,1.0,2.0
99.44,0.0,3.0
99.45,2.0,1.0
99.46,1.0,2.0
99.47,1.0,2.0
99.48,2.0,0.0
99.49,3.0,1.0
99.5,0.0,0.0
99.51,1.0,0.0
99.52,2.0,3.0
99.53,0.0,3.0
99.54,0.0,2.0
99.55,1.0,3.0
99.56,0.0,2.0
99.57,1.0,3.0
99.58,2.0,3.0
99.59,1.0,3.0
99.6,0.0,0.0
99.61,2.0,1.0
99.62,1.0,1.0
99.63,1.0,1.0
99.64,0.0,3.0
99.65,0.0,1.0
99.66,1.0,0.0
99.67,0.0,2.0
99.68,2.0,2.0
99.69,2.0,2.0
99.7,0.0,1.0
99.71,2.0,2.0
99.72,1.0,0.0
99.73,2.0,2.0
99.74,1.0,2.0
99.75,1.0,1.0
99.76,2.0,2.0
99.77,2.0,2.0
99.78,0.0,2.0
99.79,1.0,3.0
99.8,1.0,1.0
99.81,1.0,0.0
99.82,1.0,3.0
99.83,1.0,1.0
99.84,1.0,1.0
99.85,2.0,1.0
99.86,2.0,1.0
99.87,1.0,1.0
99.88,1.0,3.0
99.89,1.0,3.0
99.9,1.0,2.0
99.91,1.0,2.0
99.92,0.0,1.0
99.93,3.0,1.0
99.94,0.0,0.0
99.95,1.0,1.0
99.96,2.0,1.0
99.97,0.0,2.0
99.98,2.0,0.0
99.99,1.0,1.0
100.0,2.0,0.0
