Time/Residue,AFR1_R1.xvg,AFR1_R2.xvg,Average
0,2.25165,2.25281,2.25223
0.01,2.27956,2.27769,2.278625
0.02,2.27218,2.27316,2.27267
0.03,2.27742,2.27831,2.277865
0.04,2.28501,2.29763,2.29132
0.05,2.28323,2.29555,2.28939
0.06,2.28135,2.29159,2.28647
0.07,2.28305,2.28172,2.282385
0.08,2.28346,2.29461,2.289035
0.09,2.28404,2.28281,2.283425
0.1,2.28419,2.29277,2.28848
0.11,2.28359,2.28749,2.28554
0.12,2.28833,2.30097,2.29465
0.13,2.28348,2.29281,2.288145
0.14,2.28194,2.29274,2.28734
0.15,2.28025,2.29129,2.28577
0.16,2.27433,2.28983,2.28208
0.17,2.28494,2.28627,2.285605
0.18,2.29138,2.28823,2.289805
0.19,2.29253,2.29218,2.292355
0.2,2.28889,2.28435,2.28662
0.21,2.28965,2.28477,2.28721
0.22,2.28903,2.29993,2.29448
0.23,2.28339,2.29213,2.28776
0.24,2.29298,2.29653,2.294755
0.25,2.29625,2.28532,2.290785
0.26,2.28449,2.28668,2.285585
0.27,2.28247,2.29119,2.28683
0.28,2.28394,2.29635,2.290145
0.29,2.28326,2.29837,2.290815
0.3,2.27933,2.29719,2.28826
0.31,2.2798,2.30089,2.290345
0.32,2.28503,2.28552,2.285275
0.33,2.27828,2.29512,2.2867
0.34,2.27858,2.29535,2.286965
0.35,2.2799,2.29093,2.285415
0.36,2.28485,2.28816,2.286505
0.37,2.29399,2.29168,2.292835
0.38,2.28859,2.29044,2.289515
0.39,2.2867,2.29532,2.29101
0.4,2.28708,2.29456,2.29082
0.41,2.28683,2.28615,2.28649
0.42,2.28026,2.28847,2.284365
0.43,2.28906,2.28962,2.28934
0.44,2.28898,2.29011,2.289545
0.45,2.29822,2.29094,2.29458
0.46,2.29372,2.29452,2.29412
0.47,2.29552,2.2911,2.29331
0.48,2.29025,2.28798,2.289115
0.49,2.28354,2.28639,2.284965
0.5,2.28817,2.28968,2.288925
0.51,2.29055,2.28426,2.287405
0.52,2.28916,2.29313,2.291145
0.53,2.28721,2.28763,2.28742
0.54,2.2892,2.28984,2.28952
0.55,2.29172,2.28952,2.29062
0.56,2.29038,2.2937,2.29204
0.57,2.29473,2.29852,2.296625
0.58,2.29279,2.28582,2.289305
0.59,2.29519,2.28944,2.292315
0.6,2.29476,2.28838,2.29157
0.61,2.29179,2.2806,2.286195
0.62,2.2972,2.28177,2.289485
0.63,2.29353,2.28375,2.28864
0.64,2.29323,2.27857,2.2859
0.65,2.2977,2.27655,2.287125
0.66,2.28672,2.28217,2.284445
0.67,2.30258,2.2816,2.29209
0.68,2.29673,2.27792,2.287325
0.69,2.2919,2.2739,2.2829
0.7,2.2947,2.27994,2.28732
0.71,2.29281,2.27633,2.28457
0.72,2.29086,2.29302,2.29194
0.73,2.2984,2.28235,2.290375
0.74,2.29829,2.29207,2.29518
0.75,2.30551,2.28996,2.297735
0.76,2.29613,2.28326,2.289695
0.77,2.29001,2.28051,2.28526
0.78,2.29185,2.28026,2.286055
0.79,2.29233,2.28424,2.288285
0.8,2.29681,2.29285,2.29483
0.81,2.29713,2.28226,2.289695
0.82,2.29756,2.28832,2.29294
0.83,2.29861,2.28587,2.29224
0.84,2.29442,2.27863,2.286525
0.85,2.29558,2.28727,2.291425
0.86,2.30422,2.29189,2.298055
0.87,2.29536,2.28891,2.292135
0.88,2.30277,2.2937,2.298235
0.89,2.29301,2.28246,2.287735
0.9,2.3024,2.28094,2.29167
0.91,2.294,2.29183,2.292915
0.92,2.29064,2.28028,2.28546
0.93,2.29171,2.29188,2.291795
0.94,2.2949,2.28881,2.291855
0.95,2.29004,2.29514,2.29259
0.96,2.29625,2.29706,2.296655
0.97,2.28597,2.29043,2.2882
0.98,2.29556,2.2811,2.28833
0.99,2.29593,2.27641,2.28617
1,2.29724,2.2879,2.29257
1.01,2.30138,2.28576,2.29357
1.02,2.31222,2.29911,2.305665
1.03,2.30642,2.28905,2.297735
1.04,2.30928,2.28348,2.29638
1.05,2.30631,2.28664,2.296475
1.06,2.30363,2.28232,2.292975
1.07,2.30495,2.2784,2.291675
1.08,2.30319,2.29249,2.29784
1.09,2.30744,2.29394,2.30069
1.1,2.3035,2.29577,2.299635
1.11,2.30249,2.30138,2.301935
1.12,2.30944,2.28858,2.29901
1.13,2.29499,2.29574,2.295365
1.14,2.29932,2.29011,2.294715
1.15,2.30412,2.29404,2.29908
1.16,2.2999,2.29298,2.29644
1.17,2.2977,2.29935,2.298525
1.18,2.30394,2.29477,2.299355
1.19,2.29314,2.30461,2.298875
1.2,2.29873,2.29772,2.298225
1.21,2.30378,2.28937,2.296575
1.22,2.30148,2.28507,2.293275
1.23,2.30164,2.29472,2.29818
1.24,2.30246,2.28513,2.293795
1.25,2.30091,2.29715,2.29903
1.26,2.29525,2.29563,2.29544
1.27,2.30248,2.28984,2.29616
1.28,2.30012,2.28797,2.294045
1.29,2.29819,2.28604,2.292115
1.3,2.30362,2.29321,2.298415
1.31,2.29988,2.29024,2.29506
1.32,2.29336,2.29017,2.291765
1.33,2.29971,2.29481,2.29726
1.34,2.29057,2.29497,2.29277
1.35,2.29524,2.28984,2.29254
1.36,2.29687,2.29359,2.29523
1.37,2.29164,2.29218,2.29191
1.38,2.28914,2.29858,2.29386
1.39,2.28941,2.29244,2.290925
1.4,2.29388,2.29066,2.29227
1.41,2.29648,2.3021,2.29929
1.42,2.28799,2.28913,2.28856
1.43,2.29245,2.29515,2.2938
1.44,2.29417,2.28784,2.291005
1.45,2.29068,2.2937,2.29219
1.46,2.2985,2.28673,2.292615
1.47,2.29037,2.28987,2.29012
1.48,2.29456,2.29608,2.29532
1.49,2.28577,2.29346,2.289615
1.5,2.29013,2.28602,2.288075
1.51,2.29213,2.30067,2.2964
1.52,2.29291,2.2934,2.293155
1.53,2.28762,2.31092,2.29927
1.54,2.2846,2.2987,2.29165
1.55,2.29097,2.29972,2.295345
1.56,2.29388,2.2983,2.29609
1.57,2.2914,2.29282,2.29211
1.58,2.28366,2.29528,2.28947
1.59,2.28428,2.28692,2.2856
1.6,2.30082,2.29222,2.29652
1.61,2.29759,2.28628,2.291935
1.62,2.29214,2.2845,2.28832
1.63,2.29672,2.28421,2.290465
1.64,2.29569,2.29197,2.29383
1.65,2.29069,2.28613,2.28841
1.66,2.29333,2.29042,2.291875
1.67,2.29446,2.29509,2.294775
1.68,2.29776,2.28699,2.292375
1.69,2.29287,2.28907,2.29097
1.7,2.29563,2.29238,2.294005
1.71,2.29643,2.28459,2.29051
1.72,2.29569,2.28387,2.28978
1.73,2.29502,2.29227,2.293645
1.74,2.29732,2.28856,2.29294
1.75,2.29691,2.28165,2.28928
1.76,2.29953,2.28325,2.29139
1.77,2.29287,2.29221,2.29254
1.78,2.29314,2.2881,2.29062
1.79,2.29359,2.28832,2.290955
1.8,2.28714,2.28774,2.28744
1.81,2.28763,2.2883,2.287965
1.82,2.29348,2.28445,2.288965
1.83,2.29038,2.28796,2.28917
1.84,2.29655,2.28956,2.293055
1.85,2.29044,2.29858,2.29451
1.86,2.2931,2.28908,2.29109
1.87,2.29607,2.29565,2.29586
1.88,2.28801,2.28261,2.28531
1.89,2.29416,2.28332,2.28874
1.9,2.30182,2.28815,2.294985
1.91,2.29391,2.28623,2.29007
1.92,2.29645,2.28435,2.2904
1.93,2.3025,2.28822,2.29536
1.94,2.30008,2.28523,2.292655
1.95,2.29396,2.28826,2.29111
1.96,2.29958,2.28914,2.29436
1.97,2.2934,2.29362,2.29351
1.98,2.2917,2.29941,2.295555
1.99,2.29856,2.28814,2.29335
2,2.30999,2.28469,2.29734
2.01,2.30676,2.2828,2.29478
2.02,2.30003,2.29002,2.295025
2.03,2.29858,2.29811,2.298345
2.04,2.30261,2.28444,2.293525
2.05,2.29446,2.29159,2.293025
2.06,2.30438,2.28905,2.296715
2.07,2.3032,2.2892,2.2962
2.08,2.30071,2.28358,2.292145
2.09,2.30149,2.29095,2.29622
2.1,2.30098,2.28881,2.294895
2.11,2.29747,2.29125,2.29436
2.12,2.30382,2.29022,2.29702
2.13,2.30181,2.29521,2.29851
2.14,2.31318,2.28754,2.30036
2.15,2.29915,2.28431,2.29173
2.16,2.30245,2.28789,2.29517
2.17,2.2968,2.28501,2.290905
2.18,2.30106,2.28621,2.293635
2.19,2.30568,2.28452,2.2951
2.2,2.30413,2.29586,2.299995
2.21,2.30154,2.28858,2.29506
2.22,2.30485,2.30271,2.30378
2.23,2.30536,2.2913,2.29833
2.24,2.30381,2.29477,2.29929
2.25,2.30451,2.29514,2.299825
2.26,2.30693,2.29667,2.3018
2.27,2.30044,2.29292,2.29668
2.28,2.30144,2.29141,2.296425
2.29,2.29781,2.29923,2.29852
2.3,2.30927,2.28684,2.298055
2.31,2.30402,2.29204,2.29803
2.32,2.30215,2.29384,2.297995
2.33,2.3134,2.28846,2.30093
2.34,2.3045,2.29465,2.299575
2.35,2.30112,2.29412,2.29762
2.36,2.30033,2.30168,2.301005
2.37,2.30284,2.29471,2.298775
2.38,2.29399,2.29107,2.29253
2.39,2.30123,2.29518,2.298205
2.4,2.29758,2.2836,2.29059
2.41,2.29604,2.28343,2.289735
2.42,2.29421,2.28573,2.28997
2.43,2.29869,2.29749,2.29809
2.44,2.29657,2.28978,2.293175
2.45,2.29578,2.28996,2.29287
2.46,2.30121,2.28983,2.29552
2.47,2.29438,2.29492,2.29465
2.48,2.28951,2.28886,2.289185
2.49,2.29525,2.29088,2.293065
2.5,2.29591,2.29488,2.295395
2.51,2.29396,2.29046,2.29221
2.52,2.2966,2.29125,2.293925
2.53,2.2918,2.2904,2.2911
2.54,2.29136,2.29272,2.29204
2.55,2.29542,2.29557,2.295495
2.56,2.29406,2.28394,2.289
2.57,2.30336,2.28944,2.2964
2.58,2.2938,2.29754,2.29567
2.59,2.30035,2.29074,2.295545
2.6,2.2963,2.28838,2.29234
2.61,2.29435,2.28596,2.290155
2.62,2.30022,2.28426,2.29224
2.63,2.2988,2.29343,2.296115
2.64,2.29623,2.28445,2.29034
2.65,2.291,2.29219,2.291595
2.66,2.30187,2.29537,2.29862
2.67,2.30087,2.28721,2.29404
2.68,2.30027,2.28553,2.2929
2.69,2.30098,2.29816,2.29957
2.7,2.30194,2.28562,2.29378
2.71,2.29465,2.28933,2.29199
2.72,2.30188,2.29118,2.29653
2.73,2.29851,2.29608,2.297295
2.74,2.29739,2.29125,2.29432
2.75,2.29135,2.28428,2.287815
2.76,2.2967,2.29055,2.293625
2.77,2.29087,2.29024,2.290555
2.78,2.29549,2.29195,2.29372
2.79,2.29327,2.28495,2.28911
2.8,2.29843,2.29242,2.295425
2.81,2.29508,2.29216,2.29362
2.82,2.29901,2.28946,2.294235
2.83,2.29122,2.28373,2.287475
2.84,2.29719,2.28831,2.29275
2.85,2.29663,2.29225,2.29444
2.86,2.29447,2.29414,2.294305
2.87,2.29594,2.28899,2.292465
2.88,2.29579,2.29668,2.296235
2.89,2.29376,2.29883,2.296295
2.9,2.30054,2.28783,2.294185
2.91,2.29762,2.29783,2.297725
2.92,2.29393,2.28642,2.290175
2.93,2.29896,2.3041,2.30153
2.94,2.29303,2.2816,2.287315
2.95,2.29884,2.29672,2.29778
2.96,2.29825,2.29977,2.29901
2.97,2.301,2.2995,2.30025
2.98,2.29599,2.29174,2.293865
2.99,2.29581,2.28771,2.29176
3,2.29423,2.28749,2.29086
3.01,2.2938,2.28745,2.290625
3.02,2.29347,2.29389,2.29368
3.03,2.29338,2.28904,2.29121
3.04,2.2958,2.2838,2.2898
3.05,2.29828,2.29504,2.29666
3.06,2.30501,2.29135,2.29818
3.07,2.30376,2.2911,2.29743
3.08,2.30102,2.29206,2.29654
3.09,2.30043,2.28119,2.29081
3.1,2.30737,2.28566,2.296515
3.11,2.30312,2.29024,2.29668
3.12,2.29982,2.28722,2.29352
3.13,2.30137,2.28164,2.291505
3.14,2.29732,2.29649,2.296905
3.15,2.29793,2.29137,2.29465
3.16,2.29612,2.2802,2.28816
3.17,2.29739,2.29421,2.2958
3.18,2.29488,2.29543,2.295155
3.19,2.29582,2.28174,2.28878
3.2,2.29528,2.30058,2.29793
3.21,2.30777,2.29227,2.30002
3.22,2.29985,2.29694,2.298395
3.23,2.29111,2.29487,2.29299
3.24,2.29278,2.29293,2.292855
3.25,2.29032,2.28649,2.288405
3.26,2.29352,2.28547,2.289495
3.27,2.29684,2.29307,2.294955
3.28,2.29866,2.28951,2.294085
3.29,2.29334,2.29393,2.293635
3.3,2.29093,2.29249,2.29171
3.31,2.29933,2.28425,2.29179
3.32,2.28779,2.29023,2.28901
3.33,2.29616,2.29439,2.295275
3.34,2.30188,2.29474,2.29831
3.35,2.29451,2.29162,2.293065
3.36,2.29538,2.29016,2.29277
3.37,2.29132,2.28973,2.290525
3.38,2.2923,2.289,2.29065
3.39,2.29554,2.29168,2.29361
3.4,2.29039,2.28727,2.28883
3.41,2.29136,2.29679,2.294075
3.42,2.29407,2.29768,2.295875
3.43,2.30065,2.29762,2.299135
3.44,2.29893,2.29473,2.29683
3.45,2.29122,2.29517,2.293195
3.46,2.30007,2.29784,2.298955
3.47,2.3033,2.29217,2.297735
3.48,2.29853,2.28703,2.29278
3.49,2.28958,2.29244,2.29101
3.5,2.29138,2.28749,2.289435
3.51,2.29841,2.28838,2.293395
3.52,2.2993,2.29221,2.295755
3.53,2.29701,2.28921,2.29311
3.54,2.30234,2.2848,2.29357
3.55,2.30745,2.29103,2.29924
3.56,2.30376,2.28924,2.2965
3.57,2.29578,2.28356,2.28967
3.58,2.30036,2.29347,2.296915
3.59,2.30026,2.28855,2.294405
3.6,2.30096,2.2926,2.29678
3.61,2.29988,2.30173,2.300805
3.62,2.3047,2.29743,2.301065
3.63,2.28649,2.29425,2.29037
3.64,2.29186,2.29094,2.2914
3.65,2.29403,2.28473,2.28938
3.66,2.29736,2.28637,2.291865
3.67,2.2953,2.29473,2.295015
3.68,2.29713,2.28832,2.292725
3.69,2.28825,2.29011,2.28918
3.7,2.28703,2.2862,2.286615
3.71,2.29878,2.29141,2.295095
3.72,2.3003,2.28347,2.291885
3.73,2.29834,2.29336,2.29585
3.74,2.30108,2.29744,2.29926
3.75,2.31153,2.2901,2.300815
3.76,2.29893,2.27939,2.28916
3.77,2.29728,2.2887,2.29299
3.78,2.3057,2.29259,2.299145
3.79,2.30272,2.28882,2.29577
3.8,2.30995,2.29606,2.303005
3.81,2.29435,2.29975,2.29705
3.82,2.29891,2.29386,2.296385
3.83,2.29111,2.29117,2.29114
3.84,2.29586,2.29183,2.293845
3.85,2.30116,2.29534,2.29825
3.86,2.29806,2.3021,2.30008
3.87,2.28746,2.30063,2.294045
3.88,2.29021,2.29652,2.293365
3.89,2.29169,2.30035,2.29602
3.9,2.29383,2.2937,2.293765
3.91,2.30108,2.28829,2.294685
3.92,2.29721,2.29734,2.297275
3.93,2.29886,2.29695,2.297905
3.94,2.29226,2.3001,2.29618
3.95,2.28933,2.29123,2.29028
3.96,2.2939,2.29014,2.29202
3.97,2.29651,2.29056,2.293535
3.98,2.29983,2.29078,2.295305
3.99,2.29726,2.29541,2.296335
4,2.29604,2.29883,2.297435
4.01,2.30082,2.29493,2.297875
4.02,2.29384,2.30273,2.298285
4.03,2.31031,2.29968,2.304995
4.04,2.30311,2.29895,2.30103
4.05,2.30467,2.29984,2.302255
4.06,2.29828,2.29868,2.29848
4.07,2.29563,2.30833,2.30198
4.08,2.29292,2.29131,2.292115
4.09,2.29122,2.29455,2.292885
4.1,2.28964,2.28729,2.288465
4.11,2.29109,2.30332,2.297205
4.12,2.29184,2.29221,2.292025
4.13,2.29095,2.29347,2.29221
4.14,2.28853,2.29937,2.29395
4.15,2.29958,2.3027,2.30114
4.16,2.28928,2.29591,2.292595
4.17,2.2967,2.29458,2.29564
4.18,2.29357,2.29476,2.294165
4.19,2.28931,2.29169,2.2905
4.2,2.28046,2.28873,2.284595
4.21,2.28412,2.29396,2.28904
4.22,2.28625,2.28982,2.288035
4.23,2.28699,2.29382,2.290405
4.24,2.2873,2.29082,2.28906
4.25,2.29213,2.28266,2.287395
4.26,2.28479,2.28634,2.285565
4.27,2.29218,2.29574,2.29396
4.28,2.28636,2.28616,2.28626
4.29,2.29499,2.29417,2.29458
4.3,2.28965,2.29744,2.293545
4.31,2.29972,2.30146,2.30059
4.32,2.29326,2.29568,2.29447
4.33,2.29425,2.30171,2.29798
4.34,2.29106,2.2944,2.29273
4.35,2.29312,2.29973,2.296425
4.36,2.29669,2.30339,2.30004
4.37,2.29301,2.30454,2.298775
4.38,2.29284,2.3054,2.29912
4.39,2.29424,2.30509,2.299665
4.4,2.29651,2.30471,2.30061
4.41,2.2889,2.3109,2.2999
4.42,2.29619,2.31117,2.30368
4.43,2.2918,2.30537,2.298585
4.44,2.29412,2.29797,2.296045
4.45,2.28973,2.30673,2.29823
4.46,2.29323,2.30084,2.297035
4.47,2.2992,2.29737,2.298285
4.48,2.29339,2.29466,2.294025
4.49,2.29975,2.30057,2.30016
4.5,2.29388,2.30185,2.297865
4.51,2.29955,2.29717,2.29836
4.52,2.29931,2.30163,2.30047
4.53,2.30525,2.30632,2.305785
4.54,2.2944,2.29695,2.295675
4.55,2.29937,2.29812,2.298745
4.56,2.2922,2.28515,2.288675
4.57,2.29101,2.28885,2.28993
4.58,2.29696,2.29633,2.296645
4.59,2.29743,2.28374,2.290585
4.6,2.30493,2.28643,2.29568
4.61,2.29273,2.30155,2.29714
4.62,2.29288,2.29888,2.29588
4.63,2.29342,2.29742,2.29542
4.64,2.29489,2.30335,2.29912
4.65,2.28864,2.30114,2.29489
4.66,2.28688,2.29809,2.292485
4.67,2.29248,2.29787,2.295175
4.68,2.29621,2.29873,2.29747
4.69,2.29469,2.29052,2.292605
4.7,2.29688,2.29792,2.2974
4.71,2.29711,2.2967,2.296905
4.72,2.29714,2.28823,2.292685
4.73,2.29647,2.29427,2.29537
4.74,2.29907,2.29224,2.295655
4.75,2.29768,2.29004,2.29386
4.76,2.29815,2.3091,2.303625
4.77,2.29989,2.29315,2.29652
4.78,2.29452,2.29619,2.295355
4.79,2.29631,2.29269,2.2945
4.8,2.29595,2.28635,2.29115
4.81,2.29658,2.29072,2.29365
4.82,2.29273,2.29227,2.2925
4.83,2.29959,2.29824,2.298915
4.84,2.29826,2.28889,2.293575
4.85,2.28971,2.29698,2.293345
4.86,2.29531,2.28522,2.290265
4.87,2.29242,2.28974,2.29108
4.88,2.2969,2.29097,2.293935
4.89,2.28727,2.29632,2.291795
4.9,2.29036,2.28978,2.29007
4.91,2.28642,2.28807,2.287245
4.92,2.28856,2.29704,2.2928
4.93,2.28978,2.30113,2.295455
4.94,2.29366,2.29733,2.295495
4.95,2.29344,2.28867,2.291055
4.96,2.29192,2.29858,2.29525
4.97,2.29152,2.29324,2.29238
4.98,2.29583,2.29269,2.29426
4.99,2.30244,2.29639,2.299415
5,2.29514,2.29508,2.29511
5.01,2.29035,2.29503,2.29269
5.02,2.29565,2.29913,2.29739
5.03,2.29666,2.29392,2.29529
5.04,2.29317,2.28993,2.29155
5.05,2.2899,2.28482,2.28736
5.06,2.29025,2.28929,2.28977
5.07,2.28674,2.29467,2.290705
5.08,2.29772,2.29033,2.294025
5.09,2.28724,2.2951,2.29117
5.1,2.28637,2.29461,2.29049
5.11,2.29409,2.28952,2.291805
5.12,2.29617,2.29369,2.29493
5.13,2.28929,2.30357,2.29643
5.14,2.29534,2.29428,2.29481
5.15,2.29265,2.30004,2.296345
5.16,2.29504,2.30228,2.29866
5.17,2.29863,2.30059,2.29961
5.18,2.29559,2.30132,2.298455
5.19,2.29678,2.30086,2.29882
5.2,2.2993,2.30442,2.30186
5.21,2.2952,2.30921,2.302205
5.22,2.30263,2.29851,2.30057
5.23,2.29941,2.29791,2.29866
5.24,2.29417,2.29395,2.29406
5.25,2.29393,2.30247,2.2982
5.26,2.29378,2.29999,2.296885
5.27,2.29321,2.30356,2.298385
5.28,2.29788,2.30793,2.302905
5.29,2.29584,2.29336,2.2946
5.3,2.29316,2.3008,2.29698
5.31,2.29102,2.29619,2.293605
5.32,2.29432,2.29082,2.29257
5.33,2.29209,2.30161,2.29685
5.34,2.29591,2.3005,2.298205
5.35,2.29283,2.29851,2.29567
5.36,2.29863,2.28577,2.2922
5.37,2.29255,2.29713,2.29484
5.38,2.29546,2.29451,2.294985
5.39,2.29614,2.30102,2.29858
5.4,2.29324,2.30041,2.296825
5.41,2.29334,2.28729,2.290315
5.42,2.29799,2.29647,2.29723
5.43,2.29458,2.29073,2.292655
5.44,2.29697,2.30212,2.299545
5.45,2.29894,2.29657,2.297755
5.46,2.29529,2.29189,2.29359
5.47,2.28785,2.29557,2.29171
5.48,2.2901,2.29831,2.294205
5.49,2.30346,2.28739,2.295425
5.5,2.29953,2.2965,2.298015
5.51,2.29304,2.29054,2.29179
5.52,2.29011,2.28679,2.28845
5.53,2.29412,2.2864,2.29026
5.54,2.29534,2.28992,2.29263
5.55,2.29604,2.29395,2.294995
5.56,2.28907,2.29099,2.29003
5.57,2.29783,2.28474,2.291285
5.58,2.29754,2.29452,2.29603
5.59,2.29698,2.29673,2.296855
5.6,2.29411,2.29368,2.293895
5.61,2.29596,2.28626,2.29111
5.62,2.28738,2.2927,2.29004
5.63,2.29414,2.29895,2.296545
5.64,2.29225,2.29551,2.29388
5.65,2.29977,2.29212,2.295945
5.66,2.30188,2.29614,2.29901
5.67,2.29724,2.30209,2.299665
5.68,2.30522,2.28972,2.29747
5.69,2.3027,2.28759,2.295145
5.7,2.30129,2.29141,2.29635
5.71,2.29829,2.2911,2.294695
5.72,2.29532,2.28981,2.292565
5.73,2.29158,2.29832,2.29495
5.74,2.29685,2.28524,2.291045
5.75,2.2921,2.28943,2.290765
5.76,2.29758,2.28331,2.290445
5.77,2.29309,2.28446,2.288775
5.78,2.29556,2.29265,2.294105
5.79,2.29638,2.29972,2.29805
5.8,2.29663,2.294,2.295315
5.81,2.29439,2.28796,2.291175
5.82,2.29735,2.29708,2.297215
5.83,2.3,2.29632,2.29816
5.84,2.29504,2.29955,2.297295
5.85,2.30051,2.29507,2.29779
5.86,2.30336,2.29006,2.29671
5.87,2.29997,2.29409,2.29703
5.88,2.29576,2.28896,2.29236
5.89,2.29981,2.28836,2.294085
5.9,2.28854,2.29638,2.29246
5.91,2.2993,2.2966,2.29795
5.92,2.29579,2.28923,2.29251
5.93,2.2991,2.29566,2.29738
5.94,2.29676,2.30474,2.30075
5.95,2.29375,2.29678,2.295265
5.96,2.29321,2.30528,2.299245
5.97,2.29443,2.29438,2.294405
5.98,2.29799,2.29571,2.29685
5.99,2.29744,2.29738,2.29741
6,2.29606,2.2972,2.29663
6.01,2.2949,2.30562,2.30026
6.02,2.29885,2.29622,2.297535
6.03,2.30033,2.30432,2.302325
6.04,2.30043,2.29552,2.297975
6.05,2.29686,2.30817,2.302515
6.06,2.29298,2.30062,2.2968
6.07,2.28649,2.30547,2.29598
6.08,2.28481,2.29699,2.2909
6.09,2.29098,2.294,2.29249
6.1,2.28631,2.29577,2.29104
6.11,2.29901,2.29976,2.299385
6.12,2.30171,2.29879,2.30025
6.13,2.30203,2.2939,2.297965
6.14,2.30074,2.29457,2.297655
6.15,2.30625,2.29549,2.30087
6.16,2.30076,2.2975,2.29913
6.17,2.30993,2.30271,2.30632
6.18,2.30843,2.29758,2.303005
6.19,2.30277,2.29386,2.298315
6.2,2.30752,2.29078,2.29915
6.21,2.29914,2.3049,2.30202
6.22,2.30044,2.29748,2.29896
6.23,2.29763,2.30185,2.29974
6.24,2.30558,2.30049,2.303035
6.25,2.31217,2.29492,2.303545
6.26,2.29989,2.30375,2.30182
6.27,2.30425,2.3011,2.302675
6.28,2.29754,2.29505,2.296295
6.29,2.30769,2.30054,2.304115
6.3,2.30536,2.2913,2.29833
6.31,2.30498,2.29807,2.301525
6.32,2.29947,2.29922,2.299345
6.33,2.30496,2.29395,2.299455
6.34,2.30758,2.30334,2.30546
6.35,2.31036,2.30228,2.30632
6.36,2.30699,2.30076,2.303875
6.37,2.30691,2.2955,2.301205
6.38,2.29848,2.29749,2.297985
6.39,2.31046,2.30743,2.308945
6.4,2.30686,2.31418,2.31052
6.41,2.30895,2.3085,2.308725
6.42,2.30499,2.30722,2.306105
6.43,2.31423,2.30389,2.30906
6.44,2.30631,2.30177,2.30404
6.45,2.30544,2.3071,2.30627
6.46,2.30292,2.3091,2.30601
6.47,2.30173,2.30006,2.300895
6.48,2.30893,2.30075,2.30484
6.49,2.30617,2.30301,2.30459
6.5,2.30277,2.30428,2.303525
6.51,2.3034,2.29526,2.29933
6.52,2.30253,2.29485,2.29869
6.53,2.30563,2.30483,2.30523
6.54,2.30601,2.29811,2.30206
6.55,2.30877,2.30706,2.307915
6.56,2.30908,2.31321,2.311145
6.57,2.31024,2.29947,2.304855
6.58,2.31025,2.29886,2.304555
6.59,2.31364,2.29866,2.30615
6.6,2.31017,2.29323,2.3017
6.61,2.30214,2.29132,2.29673
6.62,2.30574,2.28907,2.297405
6.63,2.30219,2.28801,2.2951
6.64,2.29457,2.291,2.292785
6.65,2.31047,2.29611,2.30329
6.66,2.30231,2.29542,2.298865
6.67,2.30819,2.3015,2.304845
6.68,2.30651,2.30706,2.306785
6.69,2.30763,2.29103,2.29933
6.7,2.30435,2.29429,2.29932
6.71,2.29752,2.29438,2.29595
6.72,2.30258,2.28302,2.2928
6.73,2.29856,2.28583,2.292195
6.74,2.29597,2.2913,2.293635
6.75,2.30608,2.29807,2.302075
6.76,2.30611,2.2909,2.298505
6.77,2.30345,2.30375,2.3036
6.78,2.29712,2.29572,2.29642
6.79,2.30121,2.30557,2.30339
6.8,2.29562,2.30085,2.298235
6.81,2.30484,2.29154,2.29819
6.82,2.30385,2.29489,2.29937
6.83,2.30816,2.29642,2.30229
6.84,2.30484,2.29208,2.29846
6.85,2.30856,2.28697,2.297765
6.86,2.3044,2.29549,2.299945
6.87,2.30647,2.29216,2.299315
6.88,2.30365,2.30235,2.303
6.89,2.3088,2.29492,2.30186
6.9,2.30483,2.29991,2.30237
6.91,2.30401,2.28766,2.295835
6.92,2.29842,2.30072,2.29957
6.93,2.3023,2.3062,2.30425
6.94,2.30187,2.30892,2.305395
6.95,2.30726,2.30363,2.305445
6.96,2.30812,2.30431,2.306215
6.97,2.3027,2.29112,2.29691
6.98,2.30348,2.30786,2.30567
6.99,2.3036,2.31023,2.306915
7,2.30421,2.29603,2.30012
7.01,2.30986,2.30044,2.30515
7.02,2.2976,2.3088,2.3032
7.03,2.29739,2.29977,2.29858
7.04,2.30087,2.30117,2.30102
7.05,2.30085,2.30072,2.300785
7.06,2.30037,2.3045,2.302435
7.07,2.29917,2.30169,2.30043
7.08,2.31,2.30141,2.305705
7.09,2.3038,2.30707,2.305435
7.1,2.30416,2.30034,2.30225
7.11,2.29776,2.29854,2.29815
7.12,2.30265,2.29472,2.298685
7.13,2.29372,2.30515,2.299435
7.14,2.29352,2.30544,2.29948
7.15,2.29352,2.30531,2.299415
7.16,2.30207,2.29819,2.30013
7.17,2.29492,2.29832,2.29662
7.18,2.29685,2.29837,2.29761
7.19,2.30124,2.30192,2.30158
7.2,2.29874,2.29562,2.29718
7.21,2.29638,2.29975,2.298065
7.22,2.30021,2.30633,2.30327
7.23,2.29957,2.30329,2.30143
7.24,2.30186,2.29622,2.29904
7.25,2.30449,2.3016,2.303045
7.26,2.30742,2.29131,2.299365
7.27,2.30528,2.3043,2.30479
7.28,2.30576,2.30328,2.30452
7.29,2.30575,2.308,2.306875
7.3,2.30713,2.29804,2.302585
7.31,2.30651,2.30814,2.307325
7.32,2.30586,2.30745,2.306655
7.33,2.30307,2.29883,2.30095
7.34,2.30686,2.29406,2.30046
7.35,2.30705,2.31138,2.309215
7.36,2.31503,2.30456,2.309795
7.37,2.30332,2.29903,2.301175
7.38,2.30754,2.30434,2.30594
7.39,2.30743,2.30557,2.3065
7.4,2.29952,2.30582,2.30267
7.41,2.30163,2.30428,2.302955
7.42,2.29694,2.29881,2.297875
7.43,2.30102,2.30798,2.3045
7.44,2.30422,2.30881,2.306515
7.45,2.30149,2.30472,2.303105
7.46,2.30561,2.30444,2.305025
7.47,2.30434,2.30554,2.30494
7.48,2.30429,2.30232,2.303305
7.49,2.30765,2.30357,2.30561
7.5,2.30361,2.29424,2.298925
7.51,2.29573,2.29277,2.29425
7.52,2.29948,2.29697,2.298225
7.53,2.28922,2.29726,2.29324
7.54,2.31462,2.29406,2.30434
7.55,2.30754,2.3073,2.30742
7.56,2.30843,2.29768,2.303055
7.57,2.30387,2.29682,2.300345
7.58,2.30816,2.30876,2.30846
7.59,2.3128,2.30176,2.30728
7.6,2.30987,2.30406,2.306965
7.61,2.29822,2.29042,2.29432
7.62,2.30365,2.29833,2.30099
7.63,2.30388,2.30241,2.303145
7.64,2.3066,2.3005,2.30355
7.65,2.30101,2.29353,2.29727
7.66,2.30443,2.30781,2.30612
7.67,2.30211,2.30219,2.30215
7.68,2.30169,2.2994,2.300545
7.69,2.29577,2.31059,2.30318
7.7,2.30125,2.30248,2.301865
7.71,2.28956,2.30235,2.295955
7.72,2.29558,2.2959,2.29574
7.73,2.30331,2.3043,2.303805
7.74,2.30039,2.29485,2.29762
7.75,2.30204,2.2899,2.29597
7.76,2.29563,2.29327,2.29445
7.77,2.29229,2.30029,2.29629
7.78,2.29585,2.29009,2.29297
7.79,2.29096,2.29511,2.293035
7.8,2.30126,2.29531,2.298285
7.81,2.30862,2.294,2.30131
7.82,2.29912,2.28116,2.29014
7.83,2.29667,2.29433,2.2955
7.84,2.29606,2.30026,2.29816
7.85,2.2974,2.29708,2.29724
7.86,2.29203,2.29684,2.294435
7.87,2.29899,2.30108,2.300035
7.88,2.29168,2.30063,2.296155
7.89,2.29465,2.30699,2.30082
7.9,2.3001,2.30548,2.30279
7.91,2.2952,2.30387,2.299535
7.92,2.29544,2.2937,2.29457
7.93,2.29709,2.2977,2.297395
7.94,2.29494,2.30062,2.29778
7.95,2.29314,2.29927,2.296205
7.96,2.30014,2.29281,2.296475
7.97,2.29107,2.30706,2.299065
7.98,2.29215,2.31132,2.301735
7.99,2.29739,2.31042,2.303905
8,2.29111,2.30078,2.295945
8.01,2.28922,2.30209,2.295655
8.02,2.29232,2.30382,2.29807
8.03,2.29133,2.3013,2.296315
8.04,2.29003,2.30846,2.299245
8.05,2.29183,2.31856,2.305195
8.06,2.29149,2.30652,2.299005
8.07,2.29958,2.30281,2.301195
8.08,2.30085,2.29627,2.29856
8.09,2.29198,2.29855,2.295265
8.1,2.2963,2.29936,2.29783
8.11,2.30426,2.30668,2.30547
8.12,2.2942,2.30814,2.30117
8.13,2.29903,2.30245,2.30074
8.14,2.30703,2.30155,2.30429
8.15,2.29743,2.30495,2.30119
8.16,2.3019,2.30664,2.30427
8.17,2.30187,2.30299,2.30243
8.18,2.29518,2.29578,2.29548
8.19,2.2885,2.30044,2.29447
8.2,2.29013,2.30688,2.298505
8.21,2.29047,2.30658,2.298525
8.22,2.29474,2.31083,2.302785
8.23,2.29699,2.30601,2.3015
8.24,2.29692,2.30496,2.30094
8.25,2.29441,2.29825,2.29633
8.26,2.28816,2.29727,2.292715
8.27,2.29633,2.30403,2.30018
8.28,2.29664,2.29445,2.295545
8.29,2.29668,2.28367,2.290175
8.3,2.28921,2.30208,2.295645
8.31,2.28504,2.30002,2.29253
8.32,2.29553,2.29389,2.29471
8.33,2.29899,2.2989,2.298945
8.34,2.29417,2.29398,2.294075
8.35,2.30158,2.29685,2.299215
8.36,2.30251,2.30187,2.30219
8.37,2.29783,2.30046,2.299145
8.38,2.29695,2.30068,2.298815
8.39,2.29946,2.29823,2.298845
8.4,2.29815,2.29714,2.297645
8.41,2.2924,2.30032,2.29636
8.42,2.29563,2.30349,2.29956
8.43,2.29765,2.30821,2.30293
8.44,2.29739,2.30857,2.30298
8.45,2.2989,2.30997,2.304435
8.46,2.29915,2.30516,2.302155
8.47,2.29416,2.30211,2.298135
8.48,2.29829,2.30499,2.30164
8.49,2.29732,2.30281,2.300065
8.5,2.29148,2.3033,2.29739
8.51,2.29842,2.29891,2.298665
8.52,2.29539,2.30012,2.297755
8.53,2.31345,2.3036,2.308525
8.54,2.31012,2.29963,2.304875
8.55,2.29888,2.30208,2.30048
8.56,2.29867,2.29932,2.298995
8.57,2.29618,2.29797,2.297075
8.58,2.29517,2.29021,2.29269
8.59,2.29395,2.29774,2.295845
8.6,2.29945,2.2989,2.299175
8.61,2.29756,2.29351,2.295535
8.62,2.29947,2.29397,2.29672
8.63,2.29418,2.29666,2.29542
8.64,2.29207,2.29261,2.29234
8.65,2.29045,2.29908,2.294765
8.66,2.28776,2.29522,2.29149
8.67,2.30116,2.29984,2.3005
8.68,2.29464,2.30193,2.298285
8.69,2.29745,2.30265,2.30005
8.7,2.29494,2.30893,2.301935
8.71,2.30109,2.30242,2.301755
8.72,2.29701,2.29748,2.297245
8.73,2.29719,2.29757,2.29738
8.74,2.29609,2.29996,2.298025
8.75,2.29757,2.2958,2.296685
8.76,2.29834,2.28954,2.29394
8.77,2.30104,2.30487,2.302955
8.78,2.29975,2.2919,2.295825
8.79,2.30381,2.30103,2.30242
8.8,2.30362,2.30359,2.303605
8.81,2.30457,2.30102,2.302795
8.82,2.3044,2.30327,2.303835
8.83,2.2962,2.30178,2.29899
8.84,2.30175,2.2958,2.298775
8.85,2.30025,2.30092,2.300585
8.86,2.3009,2.30361,2.302255
8.87,2.30222,2.29695,2.299585
8.88,2.30393,2.29396,2.298945
8.89,2.30529,2.29678,2.301035
8.9,2.29816,2.29652,2.29734
8.91,2.30535,2.3003,2.302825
8.92,2.29767,2.30545,2.30156
8.93,2.30446,2.30293,2.303695
8.94,2.30212,2.29828,2.3002
8.95,2.2959,2.29533,2.295615
8.96,2.29978,2.29442,2.2971
8.97,2.29788,2.29164,2.29476
8.98,2.30138,2.29951,2.300445
8.99,2.30074,2.29476,2.29775
9,2.30005,2.29746,2.298755
9.01,2.29694,2.30143,2.299185
9.02,2.2936,2.29342,2.29351
9.03,2.29367,2.3033,2.298485
9.04,2.30178,2.30459,2.303185
9.05,2.29703,2.29153,2.29428
9.06,2.29761,2.30134,2.299475
9.07,2.30682,2.30381,2.305315
9.08,2.30004,2.3028,2.30142
9.09,2.30497,2.29879,2.30188
9.1,2.30431,2.29506,2.299685
9.11,2.30532,2.30152,2.30342
9.12,2.29941,2.30632,2.302865
9.13,2.30178,2.30553,2.303655
9.14,2.29457,2.30427,2.29942
9.15,2.29465,2.30625,2.30045
9.16,2.29452,2.3089,2.30171
9.17,2.29502,2.30076,2.29789
9.18,2.29342,2.30558,2.2995
9.19,2.29008,2.30402,2.29705
9.2,2.30393,2.30291,2.30342
9.21,2.29556,2.29611,2.295835
9.22,2.30051,2.29909,2.2998
9.23,2.29551,2.30437,2.29994
9.24,2.30124,2.29832,2.29978
9.25,2.30055,2.30496,2.302755
9.26,2.30024,2.29975,2.299995
9.27,2.2986,2.30854,2.30357
9.28,2.29758,2.30541,2.301495
9.29,2.29661,2.30026,2.298435
9.3,2.29781,2.29212,2.294965
9.31,2.30609,2.30225,2.30417
9.32,2.30593,2.30037,2.30315
9.33,2.29566,2.30423,2.299945
9.34,2.29936,2.30615,2.302755
9.35,2.29308,2.30871,2.300895
9.36,2.29872,2.29949,2.299105
9.37,2.30388,2.29775,2.300815
9.38,2.2979,2.2933,2.2956
9.39,2.29788,2.2986,2.29824
9.4,2.29379,2.29876,2.296275
9.41,2.29444,2.29074,2.29259
9.42,2.29779,2.30772,2.302755
9.43,2.29601,2.29918,2.297595
9.44,2.30347,2.30598,2.304725
9.45,2.30351,2.30307,2.30329
9.46,2.30585,2.30437,2.30511
9.47,2.30051,2.30778,2.304145
9.48,2.30496,2.30302,2.30399
9.49,2.29655,2.30765,2.3021
9.5,2.29752,2.29674,2.29713
9.51,2.29352,2.30585,2.299685
9.52,2.28998,2.30614,2.29806
9.53,2.299,2.304,2.3015
9.54,2.29679,2.30931,2.30305
9.55,2.30837,2.30295,2.30566
9.56,2.30426,2.29641,2.300335
9.57,2.30487,2.31058,2.307725
9.58,2.30438,2.29461,2.299495
9.59,2.30767,2.29201,2.29984
9.6,2.30195,2.2989,2.300425
9.61,2.30421,2.30055,2.30238
9.62,2.29965,2.30041,2.30003
9.63,2.29921,2.29215,2.29568
9.64,2.30165,2.29955,2.3006
9.65,2.30378,2.2949,2.29934
9.66,2.29994,2.29443,2.297185
9.67,2.29854,2.29505,2.296795
9.68,2.30353,2.30029,2.30191
9.69,2.2982,2.29579,2.296995
9.7,2.29736,2.29996,2.29866
9.71,2.29712,2.2928,2.29496
9.72,2.29857,2.29909,2.29883
9.73,2.30434,2.29771,2.301025
9.74,2.29591,2.29521,2.29556
9.75,2.30301,2.29689,2.29995
9.76,2.30498,2.29618,2.30058
9.77,2.29945,2.29468,2.297065
9.78,2.30751,2.30553,2.30652
9.79,2.30255,2.31214,2.307345
9.8,2.30486,2.30379,2.304325
9.81,2.2993,2.30837,2.303835
9.82,2.29667,2.29416,2.295415
9.83,2.3017,2.30152,2.30161
9.84,2.30451,2.30094,2.302725
9.85,2.30982,2.30391,2.306865
9.86,2.30065,2.30908,2.304865
9.87,2.29881,2.30422,2.301515
9.88,2.29871,2.30254,2.300625
9.89,2.3003,2.30322,2.30176
9.9,2.30035,2.29259,2.29647
9.91,2.3009,2.29144,2.29617
9.92,2.3041,2.2989,2.3015
9.93,2.31165,2.30247,2.30706
9.94,2.31023,2.29057,2.3004
9.95,2.30272,2.29933,2.301025
9.96,2.30027,2.30545,2.30286
9.97,2.29858,2.30164,2.30011
9.98,2.29956,2.29629,2.297925
9.99,2.29792,2.30343,2.300675
10,2.29821,2.30224,2.300225
10.01,2.28891,2.30137,2.29514
10.02,2.29715,2.2959,2.296525
10.03,2.30019,2.29351,2.29685
10.04,2.29509,2.29659,2.29584
10.05,2.29896,2.30425,2.301605
10.06,2.29451,2.29964,2.297075
10.07,2.29327,2.29886,2.296065
10.08,2.29338,2.29976,2.29657
10.09,2.29627,2.29711,2.29669
10.1,2.29169,2.28869,2.29019
10.11,2.29518,2.30172,2.29845
10.12,2.29141,2.29337,2.29239
10.13,2.2918,2.29338,2.29259
10.14,2.28693,2.29113,2.28903
10.15,2.29125,2.29323,2.29224
10.16,2.29551,2.2988,2.297155
10.17,2.28915,2.30057,2.29486
10.18,2.29954,2.28866,2.2941
10.19,2.2991,2.29031,2.294705
10.2,2.28608,2.29584,2.29096
10.21,2.29659,2.29324,2.294915
10.22,2.30177,2.28767,2.29472
10.23,2.29591,2.29332,2.294615
10.24,2.29185,2.2936,2.292725
10.25,2.2932,2.29436,2.29378
10.26,2.2911,2.2921,2.2916
10.27,2.29641,2.28502,2.290715
10.28,2.28671,2.29431,2.29051
10.29,2.28882,2.29751,2.293165
10.3,2.30095,2.30041,2.30068
10.31,2.29802,2.29604,2.29703
10.32,2.29789,2.29366,2.295775
10.33,2.27955,2.3014,2.290475
10.34,2.29015,2.30165,2.2959
10.35,2.29132,2.30019,2.295755
10.36,2.30244,2.29624,2.29934
10.37,2.30108,2.29768,2.29938
10.38,2.29148,2.29894,2.29521
10.39,2.29226,2.30095,2.296605
10.4,2.29124,2.30139,2.296315
10.41,2.29395,2.30118,2.297565
10.42,2.29671,2.30362,2.300165
10.43,2.29008,2.29796,2.29402
10.44,2.29474,2.29166,2.2932
10.45,2.29109,2.29742,2.294255
10.46,2.28814,2.2887,2.28842
10.47,2.28983,2.29375,2.29179
10.48,2.29526,2.29725,2.296255
10.49,2.29947,2.2936,2.296535
10.5,2.29736,2.30458,2.30097
10.51,2.29623,2.30123,2.29873
10.52,2.2895,2.30151,2.295505
10.53,2.29195,2.29589,2.29392
10.54,2.29349,2.30213,2.29781
10.55,2.29333,2.30399,2.29866
10.56,2.29367,2.29976,2.296715
10.57,2.29484,2.2963,2.29557
10.58,2.28981,2.29946,2.294635
10.59,2.28366,2.29753,2.290595
10.6,2.29338,2.29335,2.293365
10.61,2.28748,2.29946,2.29347
10.62,2.29746,2.30275,2.300105
10.63,2.29294,2.30663,2.299785
10.64,2.29566,2.29992,2.29779
10.65,2.29255,2.29576,2.294155
10.66,2.29225,2.30533,2.29879
10.67,2.28724,2.30088,2.29406
10.68,2.28855,2.29342,2.290985
10.69,2.29573,2.29657,2.29615
10.7,2.29693,2.30148,2.299205
10.71,2.29718,2.3092,2.30319
10.72,2.29118,2.30695,2.299065
10.73,2.28897,2.31017,2.29957
10.74,2.29502,2.30698,2.301
10.75,2.30025,2.30244,2.301345
10.76,2.3018,2.30392,2.30286
10.77,2.29462,2.30518,2.2999
10.78,2.29278,2.30012,2.29645
10.79,2.29509,2.29782,2.296455
10.8,2.30073,2.29642,2.298575
10.81,2.30336,2.29556,2.29946
10.82,2.29703,2.29547,2.29625
10.83,2.30261,2.29303,2.29782
10.84,2.29739,2.29451,2.29595
10.85,2.29715,2.29618,2.296665
10.86,2.29821,2.29395,2.29608
10.87,2.30034,2.30212,2.30123
10.88,2.29531,2.30954,2.302425
10.89,2.29703,2.3022,2.299615
10.9,2.29362,2.30553,2.299575
10.91,2.29947,2.29666,2.298065
10.92,2.29606,2.29818,2.29712
10.93,2.29505,2.28349,2.28927
10.94,2.29419,2.29976,2.296975
10.95,2.29761,2.28275,2.29018
10.96,2.30735,2.2919,2.299625
10.97,2.29971,2.29148,2.295595
10.98,2.2978,2.29893,2.298365
10.99,2.29881,2.29958,2.299195
11,2.30124,2.29542,2.29833
11.01,2.30293,2.29304,2.297985
11.02,2.29399,2.30596,2.299975
11.03,2.3004,2.30344,2.30192
11.04,2.30144,2.30909,2.305265
11.05,2.30282,2.30253,2.302675
11.06,2.29808,2.31142,2.30475
11.07,2.30381,2.30574,2.304775
11.08,2.29901,2.30278,2.300895
11.09,2.29875,2.29997,2.29936
11.1,2.29383,2.30152,2.297675
11.11,2.2997,2.30747,2.303585
11.12,2.29548,2.30825,2.301865
11.13,2.29682,2.29726,2.29704
11.14,2.29656,2.30887,2.302715
11.15,2.29211,2.30466,2.298385
11.16,2.29447,2.30078,2.297625
11.17,2.29631,2.2998,2.298055
11.18,2.29938,2.30658,2.30298
11.19,2.28955,2.30447,2.29701
11.2,2.29995,2.31163,2.30579
11.21,2.30062,2.30901,2.304815
11.22,2.29816,2.3155,2.30683
11.23,2.29289,2.31568,2.304285
11.24,2.29673,2.30846,2.302595
11.25,2.29431,2.29966,2.296985
11.26,2.28809,2.31297,2.30053
11.27,2.29975,2.30739,2.30357
11.28,2.29276,2.29931,2.296035
11.29,2.29919,2.30338,2.301285
11.3,2.30465,2.31675,2.3107
11.31,2.30131,2.30841,2.30486
11.32,2.29992,2.31569,2.307805
11.33,2.30258,2.31451,2.308545
11.34,2.30207,2.31016,2.306115
11.35,2.30071,2.31136,2.306035
11.36,2.29633,2.3077,2.302015
11.37,2.29901,2.30594,2.302475
11.38,2.29445,2.31433,2.30439
11.39,2.29229,2.30953,2.30091
11.4,2.29932,2.30888,2.3041
11.41,2.29925,2.30788,2.303565
11.42,2.30496,2.31553,2.310245
11.43,2.30056,2.30333,2.301945
11.44,2.29784,2.31088,2.30436
11.45,2.30059,2.30756,2.304075
11.46,2.28844,2.30203,2.295235
11.47,2.2991,2.31002,2.30456
11.48,2.29376,2.30733,2.300545
11.49,2.29909,2.30973,2.30441
11.5,2.29774,2.31048,2.30411
11.51,2.29777,2.30305,2.30041
11.52,2.29917,2.30648,2.302825
11.53,2.30208,2.30229,2.302185
11.54,2.30739,2.308,2.307695
11.55,2.30299,2.303,2.302995
11.56,2.31031,2.30827,2.30929
11.57,2.30768,2.30054,2.30411
11.58,2.3037,2.29876,2.30123
11.59,2.3024,2.30474,2.30357
11.6,2.30456,2.29419,2.299375
11.61,2.30102,2.30325,2.302135
11.62,2.30941,2.30295,2.30618
11.63,2.29839,2.29441,2.2964
11.64,2.30237,2.29826,2.300315
11.65,2.29983,2.30636,2.303095
11.66,2.30152,2.30598,2.30375
11.67,2.30371,2.3034,2.303555
11.68,2.29836,2.29801,2.298185
11.69,2.2934,2.29663,2.295015
11.7,2.28774,2.29466,2.2912
11.71,2.29508,2.29212,2.2936
11.72,2.29035,2.3022,2.296275
11.73,2.29108,2.29957,2.295325
11.74,2.30147,2.29941,2.30044
11.75,2.29507,2.29624,2.295655
11.76,2.29247,2.29926,2.295865
11.77,2.28996,2.30538,2.29767
11.78,2.29187,2.30211,2.29699
11.79,2.29764,2.29697,2.297305
11.8,2.29652,2.29612,2.29632
11.81,2.29061,2.30597,2.29829
11.82,2.29256,2.29716,2.29486
11.83,2.2912,2.2973,2.29425
11.84,2.29476,2.29734,2.29605
11.85,2.29459,2.29604,2.295315
11.86,2.28794,2.29339,2.290665
11.87,2.29389,2.29104,2.292465
11.88,2.29511,2.29218,2.293645
11.89,2.29814,2.29717,2.297655
11.9,2.29669,2.29265,2.29467
11.91,2.29945,2.28522,2.292335
11.92,2.29406,2.30053,2.297295
11.93,2.29523,2.30003,2.29763
11.94,2.30309,2.29864,2.300865
11.95,2.29958,2.29144,2.29551
11.96,2.30197,2.29441,2.29819
11.97,2.28713,2.29178,2.289455
11.98,2.29766,2.29383,2.295745
11.99,2.29629,2.29613,2.29621
12,2.30074,2.29676,2.29875
12.01,2.2941,2.29835,2.296225
12.02,2.30012,2.29046,2.29529
12.03,2.29582,2.2892,2.29251
12.04,2.29978,2.29287,2.296325
12.05,2.30225,2.29145,2.29685
12.06,2.30462,2.29175,2.298185
12.07,2.29625,2.29174,2.293995
12.08,2.29656,2.28264,2.2896
12.09,2.29812,2.29004,2.29408
12.1,2.29574,2.28813,2.291935
12.11,2.29896,2.29228,2.29562
12.12,2.29738,2.29272,2.29505
12.13,2.29303,2.2942,2.293615
12.14,2.29156,2.28851,2.290035
12.15,2.29982,2.29195,2.295885
12.16,2.29697,2.29134,2.294155
12.17,2.29575,2.29806,2.296905
12.18,2.29429,2.30382,2.299055
12.19,2.29879,2.28423,2.29151
12.2,2.30434,2.28947,2.296905
12.21,2.29601,2.28993,2.29297
12.22,2.30189,2.28402,2.292955
12.23,2.29458,2.28509,2.289835
12.24,2.29378,2.29525,2.294515
12.25,2.29605,2.28933,2.29269
12.26,2.29973,2.28455,2.29214
12.27,2.29418,2.28571,2.289945
12.28,2.29031,2.29763,2.29397
12.29,2.29673,2.30058,2.298655
12.3,2.2893,2.28984,2.28957
12.31,2.28329,2.28564,2.284465
12.32,2.29099,2.28723,2.28911
12.33,2.28519,2.29163,2.28841
12.34,2.28642,2.2962,2.29131
12.35,2.29068,2.28982,2.29025
12.36,2.28679,2.28982,2.288305
12.37,2.29412,2.28863,2.291375
12.38,2.29947,2.28833,2.2939
12.39,2.28571,2.29275,2.28923
12.4,2.28974,2.29586,2.2928
12.41,2.29465,2.29251,2.29358
12.42,2.29296,2.29447,2.293715
12.43,2.28987,2.29542,2.292645
12.44,2.293,2.29526,2.29413
12.45,2.29529,2.29773,2.29651
12.46,2.29902,2.29683,2.297925
12.47,2.29222,2.29498,2.2936
12.48,2.29816,2.29769,2.297925
12.49,2.28441,2.29836,2.291385
12.5,2.29298,2.29136,2.29217
12.51,2.28968,2.29832,2.294
12.52,2.28728,2.30278,2.29503
12.53,2.29365,2.29689,2.29527
12.54,2.29653,2.29136,2.293945
12.55,2.29592,2.30323,2.299575
12.56,2.2891,2.29586,2.29248
12.57,2.29086,2.29604,2.29345
12.58,2.29735,2.30985,2.3036
12.59,2.28816,2.30196,2.29506
12.6,2.2942,2.29559,2.294895
12.61,2.2897,2.29789,2.293795
12.62,2.28834,2.29789,2.293115
12.63,2.28981,2.29755,2.29368
12.64,2.29736,2.29231,2.294835
12.65,2.29306,2.30147,2.297265
12.66,2.29278,2.2938,2.29329
12.67,2.30011,2.29154,2.295825
12.68,2.29059,2.29695,2.29377
12.69,2.30105,2.29588,2.298465
12.7,2.29786,2.30147,2.299665
12.71,2.30503,2.29726,2.301145
12.72,2.31245,2.29807,2.30526
12.73,2.29949,2.29923,2.29936
12.74,2.30498,2.29643,2.300705
12.75,2.30322,2.29965,2.301435
12.76,2.3006,2.30728,2.30394
12.77,2.29657,2.30825,2.30241
12.78,2.30735,2.30408,2.305715
12.79,2.3049,2.29381,2.299355
12.8,2.30047,2.2957,2.298085
12.81,2.30202,2.28832,2.29517
12.82,2.29309,2.28965,2.29137
12.83,2.30453,2.3016,2.303065
12.84,2.30579,2.29388,2.299835
12.85,2.30685,2.30215,2.3045
12.86,2.31285,2.29759,2.30522
12.87,2.30858,2.29934,2.30396
12.88,2.30754,2.29435,2.300945
12.89,2.30437,2.29744,2.300905
12.9,2.30464,2.29164,2.29814
12.91,2.30766,2.29269,2.300175
12.92,2.30358,2.30012,2.30185
12.93,2.29979,2.29394,2.296865
12.94,2.29671,2.3006,2.298655
12.95,2.29819,2.30089,2.29954
12.96,2.30281,2.29169,2.29725
12.97,2.29254,2.29866,2.2956
12.98,2.30398,2.29912,2.30155
12.99,2.2998,2.28468,2.29224
13,2.29824,2.29637,2.297305
13.01,2.3011,2.28961,2.295355
13.02,2.29796,2.28893,2.293445
13.03,2.30116,2.29506,2.29811
13.04,2.30462,2.29535,2.299985
13.05,2.30454,2.28732,2.29593
13.06,2.29925,2.29534,2.297295
13.07,2.29707,2.29687,2.29697
13.08,2.30254,2.30018,2.30136
13.09,2.29547,2.30355,2.29951
13.1,2.30075,2.29937,2.30006
13.11,2.29708,2.30132,2.2992
13.12,2.30558,2.29368,2.29963
13.13,2.29974,2.29262,2.29618
13.14,2.29437,2.29905,2.29671
13.15,2.29402,2.30222,2.29812
13.16,2.30628,2.3092,2.30774
13.17,2.29992,2.30527,2.302595
13.18,2.29531,2.29983,2.29757
13.19,2.3031,2.29883,2.300965
13.2,2.29718,2.30222,2.2997
13.21,2.30221,2.29739,2.2998
13.22,2.29215,2.30009,2.29612
13.23,2.29583,2.30344,2.299635
13.24,2.30493,2.30022,2.302575
13.25,2.3069,2.30248,2.30469
13.26,2.29957,2.30316,2.301365
13.27,2.29906,2.29773,2.298395
13.28,2.29994,2.29559,2.297765
13.29,2.29767,2.29264,2.295155
13.3,2.29466,2.29926,2.29696
13.31,2.29739,2.30553,2.30146
13.32,2.29825,2.30332,2.300785
13.33,2.30185,2.30026,2.301055
13.34,2.29772,2.29324,2.29548
13.35,2.30365,2.30356,2.303605
13.36,2.30727,2.30908,2.308175
13.37,2.29529,2.30331,2.2993
13.38,2.30484,2.29648,2.30066
13.39,2.30157,2.2991,2.300335
13.4,2.29514,2.30728,2.30121
13.41,2.29236,2.29945,2.295905
13.42,2.30574,2.29801,2.301875
13.43,2.29032,2.2857,2.28801
13.44,2.29344,2.30205,2.297745
13.45,2.29691,2.30049,2.2987
13.46,2.29108,2.29773,2.294405
13.47,2.29382,2.30224,2.29803
13.48,2.30253,2.29634,2.299435
13.49,2.30247,2.30087,2.30167
13.5,2.29833,2.30163,2.29998
13.51,2.29791,2.30091,2.29941
13.52,2.2954,2.30479,2.300095
13.53,2.29732,2.2928,2.29506
13.54,2.30068,2.29005,2.295365
13.55,2.29468,2.29753,2.296105
13.56,2.29506,2.29701,2.296035
13.57,2.29405,2.30473,2.29939
13.58,2.28955,2.30385,2.2967
13.59,2.28713,2.29995,2.29354
13.6,2.27997,2.30591,2.29294
13.61,2.29199,2.30514,2.298565
13.62,2.28888,2.30931,2.299095
13.63,2.29942,2.30925,2.304335
13.64,2.29348,2.29979,2.296635
13.65,2.28954,2.29713,2.293335
13.66,2.29048,2.29827,2.294375
13.67,2.29202,2.31125,2.301635
13.68,2.28986,2.30395,2.296905
13.69,2.29003,2.3027,2.296365
13.7,2.29098,2.29347,2.292225
13.71,2.30117,2.29838,2.299775
13.72,2.28502,2.29265,2.288835
13.73,2.29647,2.30198,2.299225
13.74,2.29497,2.2976,2.296285
13.75,2.29132,2.29469,2.293005
13.76,2.28641,2.30045,2.29343
13.77,2.29176,2.2892,2.29048
13.78,2.28271,2.29516,2.288935
13.79,2.29383,2.29917,2.2965
13.8,2.28444,2.29479,2.289615
13.81,2.29018,2.29695,2.293565
13.82,2.28955,2.29601,2.29278
13.83,2.28915,2.29961,2.29438
13.84,2.29338,2.30163,2.297505
13.85,2.29234,2.2968,2.29457
13.86,2.29459,2.29763,2.29611
13.87,2.29442,2.29264,2.29353
13.88,2.2861,2.2925,2.2893
13.89,2.29316,2.2942,2.29368
13.9,2.2933,2.29702,2.29516
13.91,2.29293,2.29274,2.292835
13.92,2.28448,2.29683,2.290655
13.93,2.28098,2.30189,2.291435
13.94,2.28426,2.30467,2.294465
13.95,2.2911,2.30154,2.29632
13.96,2.28442,2.29876,2.29159
13.97,2.28997,2.30234,2.296155
13.98,2.29,2.30192,2.29596
13.99,2.2884,2.29832,2.29336
14,2.2906,2.2937,2.29215
14.01,2.29086,2.30706,2.29896
14.02,2.28806,2.29788,2.29297
14.03,2.29326,2.29558,2.29442
14.04,2.28688,2.30322,2.29505
14.05,2.29155,2.30683,2.29919
14.06,2.29069,2.31359,2.30214
14.07,2.29332,2.30713,2.300225
14.08,2.29291,2.30508,2.298995
14.09,2.29203,2.30644,2.299235
14.1,2.29447,2.29469,2.29458
14.11,2.29223,2.30756,2.299895
14.12,2.298,2.30348,2.30074
14.13,2.30198,2.29997,2.300975
14.14,2.28561,2.29642,2.291015
14.15,2.29337,2.29924,2.296305
14.16,2.28506,2.30745,2.296255
14.17,2.2965,2.31165,2.304075
14.18,2.28954,2.31103,2.300285
14.19,2.29122,2.3065,2.29886
14.2,2.29681,2.30402,2.300415
14.21,2.29107,2.30362,2.297345
14.22,2.29349,2.30867,2.30108
14.23,2.29232,2.3087,2.30051
14.24,2.28862,2.29994,2.29428
14.25,2.29272,2.30079,2.296755
14.26,2.28784,2.30164,2.29474
14.27,2.29104,2.30465,2.297845
14.28,2.29169,2.29999,2.29584
14.29,2.2907,2.30986,2.30028
14.3,2.29993,2.3151,2.307515
14.31,2.2899,2.31231,2.301105
14.32,2.28699,2.3038,2.295395
14.33,2.29316,2.30104,2.2971
14.34,2.29021,2.29878,2.294495
14.35,2.28995,2.30931,2.29963
14.36,2.2836,2.30115,2.292375
14.37,2.29104,2.30524,2.29814
14.38,2.28606,2.30352,2.29479
14.39,2.28183,2.30482,2.293325
14.4,2.28237,2.30484,2.293605
14.41,2.28134,2.29495,2.288145
14.42,2.27827,2.29861,2.28844
14.43,2.28662,2.29676,2.29169
14.44,2.28799,2.30423,2.29611
14.45,2.287,2.30532,2.29616
14.46,2.28357,2.30835,2.29596
14.47,2.28192,2.30775,2.294835
14.48,2.28257,2.30487,2.29372
14.49,2.28987,2.30612,2.297995
14.5,2.28009,2.31903,2.29956
14.51,2.28306,2.30362,2.29334
14.52,2.28122,2.31134,2.29628
14.53,2.27643,2.29492,2.285675
14.54,2.27537,2.30059,2.28798
14.55,2.27874,2.30307,2.290905
14.56,2.2831,2.30256,2.29283
14.57,2.2807,2.30317,2.291935
14.58,2.27962,2.30173,2.290675
14.59,2.28089,2.30241,2.29165
14.6,2.28008,2.30071,2.290395
14.61,2.28227,2.29793,2.2901
14.62,2.28128,2.30288,2.29208
14.63,2.28488,2.3024,2.29364
14.64,2.28727,2.30304,2.295155
14.65,2.28648,2.31038,2.29843
14.66,2.28527,2.31509,2.30018
14.67,2.28304,2.30942,2.29623
14.68,2.28129,2.30187,2.29158
14.69,2.29256,2.3078,2.30018
14.7,2.28506,2.30438,2.29472
14.71,2.28513,2.29713,2.29113
14.72,2.28507,2.29661,2.29084
14.73,2.28339,2.29326,2.288325
14.74,2.28642,2.2927,2.28956
14.75,2.2902,2.30051,2.295355
14.76,2.28813,2.30275,2.29544
14.77,2.28538,2.29745,2.291415
14.78,2.2878,2.3049,2.29635
14.79,2.2813,2.30025,2.290775
14.8,2.28159,2.30631,2.29395
14.81,2.28994,2.30263,2.296285
14.82,2.29291,2.30028,2.296595
14.83,2.29023,2.30284,2.296535
14.84,2.28751,2.30389,2.2957
14.85,2.30368,2.3046,2.30414
14.86,2.29657,2.3051,2.300835
14.87,2.29644,2.29665,2.296545
14.88,2.29115,2.30098,2.296065
14.89,2.29537,2.30131,2.29834
14.9,2.28858,2.3032,2.29589
14.91,2.29283,2.31139,2.30211
14.92,2.28498,2.30273,2.293855
14.93,2.28996,2.30684,2.2984
14.94,2.29216,2.30461,2.298385
14.95,2.2922,2.2998,2.296
14.96,2.29323,2.30417,2.2987
14.97,2.29714,2.2999,2.29852
14.98,2.29674,2.31092,2.30383
14.99,2.29766,2.3109,2.30428
15,2.28885,2.30194,2.295395
15.01,2.29011,2.3142,2.302155
15.02,2.28636,2.31634,2.30135
15.03,2.29062,2.3107,2.30066
15.04,2.29125,2.31188,2.301565
15.05,2.28678,2.30895,2.297865
15.06,2.28811,2.3126,2.300355
15.07,2.27871,2.30862,2.293665
15.08,2.283,2.30424,2.29362
15.09,2.28543,2.3117,2.298565
15.1,2.28573,2.30531,2.29552
15.11,2.28094,2.31538,2.29816
15.12,2.29004,2.31331,2.301675
15.13,2.28424,2.3088,2.29652
15.14,2.28827,2.30771,2.29799
15.15,2.28459,2.30896,2.296775
15.16,2.28808,2.31922,2.30365
15.17,2.29295,2.30975,2.30135
15.18,2.28786,2.31339,2.300625
15.19,2.28559,2.31331,2.29945
15.2,2.28924,2.31677,2.303005
15.21,2.29065,2.30686,2.298755
15.22,2.28849,2.30524,2.296865
15.23,2.29096,2.306,2.29848
15.24,2.28804,2.30386,2.29595
15.25,2.28592,2.30772,2.29682
15.26,2.29075,2.30653,2.29864
15.27,2.28606,2.29925,2.292655
15.28,2.29131,2.29908,2.295195
15.29,2.2816,2.30026,2.29093
15.3,2.29155,2.29827,2.29491
15.31,2.28722,2.30442,2.29582
15.32,2.28255,2.30382,2.293185
15.33,2.28271,2.29624,2.289475
15.34,2.28317,2.29872,2.290945
15.35,2.27772,2.30328,2.2905
15.36,2.28683,2.29831,2.29257
15.37,2.29046,2.29731,2.293885
15.38,2.28582,2.30862,2.29722
15.39,2.28839,2.29793,2.29316
15.4,2.28488,2.30921,2.297045
15.41,2.28647,2.29879,2.29263
15.42,2.28603,2.30346,2.294745
15.43,2.29462,2.29466,2.29464
15.44,2.28669,2.29435,2.29052
15.45,2.29477,2.29209,2.29343
15.46,2.28256,2.29151,2.287035
15.47,2.28604,2.29288,2.28946
15.48,2.29113,2.29388,2.292505
15.49,2.28697,2.3003,2.293635
15.5,2.28708,2.29578,2.29143
15.51,2.29154,2.29142,2.29148
15.52,2.28751,2.30611,2.29681
15.53,2.29145,2.29896,2.295205
15.54,2.2902,2.30164,2.29592
15.55,2.28707,2.29585,2.29146
15.56,2.28173,2.29489,2.28831
15.57,2.28291,2.28933,2.28612
15.58,2.28281,2.29754,2.290175
15.59,2.28475,2.29363,2.28919
15.6,2.29367,2.2966,2.295135
15.61,2.28034,2.29007,2.285205
15.62,2.29188,2.29774,2.29481
15.63,2.29183,2.29597,2.2939
15.64,2.2905,2.2915,2.291
15.65,2.2938,2.29506,2.29443
15.66,2.29156,2.29874,2.29515
15.67,2.29482,2.29255,2.293685
15.68,2.29261,2.28913,2.29087
15.69,2.29786,2.29316,2.29551
15.7,2.29003,2.30317,2.2966
15.71,2.28963,2.29718,2.293405
15.72,2.28759,2.29066,2.289125
15.73,2.30226,2.29208,2.29717
15.74,2.29308,2.301,2.29704
15.75,2.29224,2.29447,2.293355
15.76,2.29851,2.30836,2.303435
15.77,2.2981,2.30276,2.30043
15.78,2.28874,2.30109,2.294915
15.79,2.29142,2.29648,2.29395
15.8,2.29118,2.29916,2.29517
15.81,2.30467,2.29113,2.2979
15.82,2.2949,2.29772,2.29631
15.83,2.29472,2.3019,2.29831
15.84,2.29854,2.30172,2.30013
15.85,2.29177,2.30412,2.297945
15.86,2.29591,2.30482,2.300365
15.87,2.29457,2.30298,2.298775
15.88,2.29987,2.29823,2.29905
15.89,2.29906,2.30374,2.3014
15.9,2.30155,2.30571,2.30363
15.91,2.30755,2.30455,2.30605
15.92,2.29305,2.29871,2.29588
15.93,2.28775,2.30135,2.29455
15.94,2.29952,2.29756,2.29854
15.95,2.2964,2.29547,2.295935
15.96,2.29795,2.29499,2.29647
15.97,2.28843,2.29285,2.29064
15.98,2.28648,2.29878,2.29263
15.99,2.28746,2.29399,2.290725
16,2.28931,2.30133,2.29532
16.01,2.29524,2.29615,2.295695
16.02,2.29062,2.30749,2.299055
16.03,2.29022,2.29639,2.293305
16.04,2.29428,2.30698,2.30063
16.05,2.29847,2.29931,2.29889
16.06,2.29165,2.29735,2.2945
16.07,2.30177,2.30784,2.304805
16.08,2.28746,2.30896,2.29821
16.09,2.28434,2.31562,2.29998
16.1,2.29834,2.30798,2.30316
16.11,2.29615,2.2999,2.298025
16.12,2.29876,2.30669,2.302725
16.13,2.2921,2.3053,2.2987
16.14,2.29681,2.30151,2.29916
16.15,2.29445,2.29991,2.29718
16.16,2.29637,2.30534,2.300855
16.17,2.29279,2.30469,2.29874
16.18,2.28908,2.30081,2.294945
16.19,2.29625,2.2975,2.296875
16.2,2.29835,2.3002,2.299275
16.21,2.30294,2.30428,2.30361
16.22,2.29502,2.30683,2.300925
16.23,2.30172,2.30715,2.304435
16.24,2.29341,2.31135,2.30238
16.25,2.29501,2.30781,2.30141
16.26,2.2996,2.30711,2.303355
16.27,2.29421,2.30322,2.298715
16.28,2.2963,2.3033,2.2998
16.29,2.28462,2.29494,2.28978
16.3,2.29749,2.30052,2.299005
16.31,2.2889,2.30056,2.29473
16.32,2.28628,2.30383,2.295055
16.33,2.29437,2.30047,2.29742
16.34,2.29275,2.2971,2.294925
16.35,2.30045,2.29795,2.2992
16.36,2.2896,2.29813,2.293865
16.37,2.30246,2.29619,2.299325
16.38,2.29822,2.29633,2.297275
16.39,2.29256,2.29501,2.293785
16.4,2.29559,2.29337,2.29448
16.41,2.295,2.29298,2.29399
16.42,2.29476,2.29889,2.296825
16.43,2.29808,2.29313,2.295605
16.44,2.29109,2.30335,2.29722
16.45,2.29812,2.30515,2.301635
16.46,2.30143,2.30734,2.304385
16.47,2.29093,2.30148,2.296205
16.48,2.29763,2.30288,2.300255
16.49,2.30351,2.30516,2.304335
16.5,2.29717,2.30903,2.3031
16.51,2.29668,2.29468,2.29568
16.52,2.28922,2.29579,2.292505
16.53,2.29846,2.29883,2.298645
16.54,2.29682,2.29619,2.296505
16.55,2.29456,2.29918,2.29687
16.56,2.29344,2.2897,2.29157
16.57,2.29654,2.28858,2.29256
16.58,2.29849,2.29909,2.29879
16.59,2.29598,2.29385,2.294915
16.6,2.29535,2.2934,2.294375
16.61,2.29697,2.29096,2.293965
16.62,2.29606,2.30667,2.301365
16.63,2.30237,2.29485,2.29861
16.64,2.30133,2.29748,2.299405
16.65,2.30227,2.3022,2.302235
16.66,2.30137,2.30166,2.301515
16.67,2.29719,2.29587,2.29653
16.68,2.30208,2.30849,2.305285
16.69,2.30394,2.29398,2.29896
16.7,2.30044,2.30699,2.303715
16.71,2.2956,2.29912,2.29736
16.72,2.30013,2.2942,2.297165
16.73,2.29714,2.30054,2.29884
16.74,2.30847,2.30412,2.306295
16.75,2.30027,2.29522,2.297745
16.76,2.30083,2.28555,2.29319
16.77,2.30277,2.29922,2.300995
16.78,2.29974,2.29919,2.299465
16.79,2.29951,2.29304,2.296275
16.8,2.29739,2.29917,2.29828
16.81,2.2964,2.30863,2.302515
16.82,2.29288,2.30313,2.298005
16.83,2.29684,2.29872,2.29778
16.84,2.30348,2.30542,2.30445
16.85,2.28884,2.29696,2.2929
16.86,2.29799,2.29723,2.29761
16.87,2.3005,2.30433,2.302415
16.88,2.30018,2.29532,2.29775
16.89,2.30723,2.29544,2.301335
16.9,2.30024,2.30487,2.302555
16.91,2.29559,2.29444,2.295015
16.92,2.30158,2.30369,2.302635
16.93,2.29595,2.30317,2.29956
16.94,2.29259,2.29797,2.29528
16.95,2.29834,2.29871,2.298525
16.96,2.29468,2.29609,2.295385
16.97,2.29525,2.30338,2.299315
16.98,2.29909,2.29829,2.29869
16.99,2.29953,2.30369,2.30161
17,2.3019,2.29412,2.29801
17.01,2.29619,2.29318,2.294685
17.02,2.3005,2.29631,2.298405
17.03,2.30145,2.30055,2.301
17.04,2.30698,2.29535,2.301165
17.05,2.29997,2.2953,2.297635
17.06,2.29757,2.30501,2.30129
17.07,2.30442,2.29408,2.29925
17.08,2.30289,2.29162,2.297255
17.09,2.30505,2.30447,2.30476
17.1,2.29228,2.29853,2.295405
17.11,2.30401,2.2993,2.301655
17.12,2.29698,2.29477,2.295875
17.13,2.30002,2.29204,2.29603
17.14,2.29627,2.28865,2.29246
17.15,2.29666,2.29685,2.296755
17.16,2.303,2.30176,2.30238
17.17,2.29712,2.29152,2.29432
17.18,2.29774,2.29431,2.296025
17.19,2.2975,2.29646,2.29698
17.2,2.30665,2.30535,2.306
17.21,2.30471,2.30032,2.302515
17.22,2.31036,2.30344,2.3069
17.23,2.30936,2.29893,2.304145
17.24,2.30675,2.29426,2.300505
17.25,2.29723,2.2926,2.294915
17.26,2.29136,2.29434,2.29285
17.27,2.29792,2.29647,2.297195
17.28,2.29678,2.30238,2.29958
17.29,2.29904,2.30161,2.300325
17.3,2.29916,2.30341,2.301285
17.31,2.29257,2.29782,2.295195
17.32,2.30167,2.30712,2.304395
17.33,2.29815,2.29727,2.29771
17.34,2.29586,2.30692,2.30139
17.35,2.30272,2.29499,2.298855
17.36,2.29715,2.29964,2.298395
17.37,2.29909,2.29309,2.29609
17.38,2.29358,2.29924,2.29641
17.39,2.29179,2.30205,2.29692
17.4,2.30073,2.30543,2.30308
17.41,2.2991,2.30617,2.302635
17.42,2.30387,2.30394,2.303905
17.43,2.29163,2.312,2.301815
17.44,2.29827,2.30324,2.300755
17.45,2.3099,2.30434,2.30712
17.46,2.30251,2.29152,2.297015
17.47,2.30405,2.29232,2.298185
17.48,2.30231,2.29903,2.30067
17.49,2.3085,2.29803,2.303265
17.5,2.30902,2.3032,2.30611
17.51,2.31304,2.28783,2.300435
17.52,2.30945,2.29313,2.30129
17.53,2.31142,2.3002,2.30581
17.54,2.30647,2.2979,2.302185
17.55,2.29924,2.28992,2.29458
17.56,2.31379,2.30161,2.3077
17.57,2.30916,2.29423,2.301695
17.58,2.30231,2.29447,2.29839
17.59,2.31005,2.29526,2.302655
17.6,2.30288,2.29574,2.29931
17.61,2.31283,2.29653,2.30468
17.62,2.30989,2.29691,2.3034
17.63,2.29401,2.29418,2.294095
17.64,2.30333,2.29309,2.29821
17.65,2.30059,2.29037,2.29548
17.66,2.30166,2.30201,2.301835
17.67,2.30079,2.29396,2.297375
17.68,2.30208,2.29476,2.29842
17.69,2.30103,2.29289,2.29696
17.7,2.28914,2.30078,2.29496
17.71,2.29714,2.29965,2.298395
17.72,2.29995,2.29662,2.298285
17.73,2.29566,2.28932,2.29249
17.74,2.29996,2.29577,2.297865
17.75,2.29964,2.29383,2.296735
17.76,2.30066,2.28748,2.29407
17.77,2.30399,2.2911,2.297545
17.78,2.29721,2.28957,2.29339
17.79,2.29848,2.29023,2.294355
17.8,2.30955,2.30052,2.305035
17.81,2.30218,2.29856,2.30037
17.82,2.29894,2.29704,2.29799
17.83,2.30837,2.29762,2.302995
17.84,2.30975,2.29371,2.30173
17.85,2.31389,2.29338,2.303635
17.86,2.30534,2.29114,2.29824
17.87,2.3109,2.28567,2.298285
17.88,2.30546,2.28461,2.295035
17.89,2.30769,2.29822,2.302955
17.9,2.31493,2.29547,2.3052
17.91,2.31005,2.29402,2.302035
17.92,2.30609,2.29239,2.29924
17.93,2.298,2.29543,2.296715
17.94,2.30173,2.29576,2.298745
17.95,2.30083,2.29314,2.296985
17.96,2.30156,2.29872,2.30014
17.97,2.30601,2.29711,2.30156
17.98,2.30546,2.29336,2.29941
17.99,2.30532,2.29433,2.299825
18,2.3058,2.29891,2.302355
18.01,2.30298,2.3026,2.30279
18.02,2.30238,2.28871,2.295545
18.03,2.30245,2.29888,2.300665
18.04,2.30518,2.29141,2.298295
18.05,2.30334,2.29394,2.29864
18.06,2.3072,2.29049,2.298845
18.07,2.30554,2.29049,2.298015
18.08,2.30721,2.28362,2.295415
18.09,2.30702,2.2894,2.29821
18.1,2.30047,2.28649,2.29348
18.11,2.30412,2.28752,2.29582
18.12,2.29467,2.29014,2.292405
18.13,2.28951,2.29118,2.290345
18.14,2.30426,2.29993,2.302095
18.15,2.29645,2.29238,2.294415
18.16,2.29747,2.28749,2.29248
18.17,2.2934,2.29104,2.29222
18.18,2.30133,2.29177,2.29655
18.19,2.30536,2.2846,2.29498
18.2,2.29607,2.28553,2.2908
18.21,2.29625,2.28957,2.29291
18.22,2.29914,2.29807,2.298605
18.23,2.29767,2.29993,2.2988
18.24,2.30115,2.29416,2.297655
18.25,2.30638,2.29726,2.30182
18.26,2.30939,2.30586,2.307625
18.27,2.30969,2.30072,2.305205
18.28,2.30099,2.30927,2.30513
18.29,2.30179,2.29674,2.299265
18.3,2.30102,2.29646,2.29874
18.31,2.29637,2.29786,2.297115
18.32,2.29901,2.28729,2.29315
18.33,2.29833,2.2939,2.296115
18.34,2.30507,2.30737,2.30622
18.35,2.29832,2.29873,2.298525
18.36,2.29973,2.30062,2.300175
18.37,2.3037,2.301,2.30235
18.38,2.30539,2.30326,2.304325
18.39,2.30666,2.30248,2.30457
18.4,2.30479,2.30251,2.30365
18.41,2.30984,2.2908,2.30032
18.42,2.32145,2.30246,2.311955
18.43,2.30552,2.29774,2.30163
18.44,2.30884,2.28921,2.299025
18.45,2.31765,2.29381,2.30573
18.46,2.30937,2.30277,2.30607
18.47,2.3158,2.29907,2.307435
18.48,2.30685,2.29578,2.301315
18.49,2.30957,2.29667,2.30312
18.5,2.30548,2.29286,2.29917
18.51,2.30461,2.29306,2.298835
18.52,2.30418,2.30045,2.302315
18.53,2.30584,2.29444,2.30014
18.54,2.2986,2.29679,2.297695
18.55,2.30457,2.29404,2.299305
18.56,2.30348,2.30859,2.306035
18.57,2.30314,2.30563,2.304385
18.58,2.30493,2.3022,2.303565
18.59,2.30648,2.29478,2.30063
18.6,2.30845,2.29443,2.30144
18.61,2.30157,2.30006,2.300815
18.62,2.30384,2.29932,2.30158
18.63,2.30598,2.30424,2.30511
18.64,2.29885,2.30189,2.30037
18.65,2.29671,2.31015,2.30343
18.66,2.29741,2.30324,2.300325
18.67,2.30308,2.29063,2.296855
18.68,2.30666,2.29251,2.299585
18.69,2.30169,2.29374,2.297715
18.7,2.30206,2.28879,2.295425
18.71,2.30045,2.28906,2.294755
18.72,2.29202,2.29569,2.293855
18.73,2.29556,2.28776,2.29166
18.74,2.29168,2.29376,2.29272
18.75,2.2985,2.29919,2.298845
18.76,2.29752,2.29667,2.297095
18.77,2.2899,2.30331,2.296605
18.78,2.28517,2.29097,2.28807
18.79,2.29821,2.30044,2.299325
18.8,2.29345,2.29505,2.29425
18.81,2.2941,2.28056,2.28733
18.82,2.29216,2.29571,2.293935
18.83,2.2875,2.28581,2.286655
18.84,2.29714,2.28668,2.29191
18.85,2.2956,2.29028,2.29294
18.86,2.28684,2.28335,2.285095
18.87,2.30153,2.29185,2.29669
18.88,2.29137,2.28875,2.29006
18.89,2.29796,2.28742,2.29269
18.9,2.2989,2.28223,2.290565
18.91,2.29597,2.29694,2.296455
18.92,2.30244,2.2953,2.29887
18.93,2.30252,2.29214,2.29733
18.94,2.29616,2.29188,2.29402
18.95,2.29725,2.28694,2.292095
18.96,2.29314,2.29244,2.29279
18.97,2.301,2.28379,2.292395
18.98,2.30054,2.29504,2.29779
18.99,2.30374,2.28973,2.296735
19,2.29966,2.29407,2.296865
19.01,2.29681,2.29121,2.29401
19.02,2.29401,2.2984,2.296205
19.03,2.29353,2.28625,2.28989
19.04,2.2868,2.2948,2.2908
19.05,2.30341,2.29528,2.299345
19.06,2.30506,2.29725,2.301155
19.07,2.30799,2.29963,2.30381
19.08,2.30468,2.29478,2.29973
19.09,2.31004,2.29331,2.301675
19.1,2.30647,2.2968,2.301635
19.11,2.29507,2.30044,2.297755
19.12,2.30417,2.29998,2.302075
19.13,2.30354,2.30994,2.30674
19.14,2.30394,2.3052,2.30457
19.15,2.30391,2.30394,2.303925
19.16,2.3001,2.29987,2.299985
19.17,2.29746,2.29489,2.296175
19.18,2.28793,2.29741,2.29267
19.19,2.29533,2.28521,2.29027
19.2,2.29642,2.298,2.29721
19.21,2.29969,2.29943,2.29956
19.22,2.30168,2.30649,2.304085
19.23,2.29501,2.29049,2.29275
19.24,2.29769,2.29631,2.297
19.25,2.298,2.29426,2.29613
19.26,2.30499,2.2866,2.295795
19.27,2.30467,2.28113,2.2929
19.28,2.29989,2.28545,2.29267
19.29,2.29919,2.28576,2.292475
19.3,2.30187,2.29396,2.297915
19.31,2.29391,2.28183,2.28787
19.32,2.28853,2.28971,2.28912
19.33,2.29623,2.29145,2.29384
19.34,2.29525,2.29669,2.29597
19.35,2.29449,2.29269,2.29359
19.36,2.2897,2.29406,2.29188
19.37,2.29117,2.30028,2.295725
19.38,2.28913,2.29484,2.291985
19.39,2.28778,2.28903,2.288405
19.4,2.28297,2.28909,2.28603
19.41,2.29086,2.29825,2.294555
19.42,2.2942,2.29452,2.29436
19.43,2.28845,2.29972,2.294085
19.44,2.29726,2.29392,2.29559
19.45,2.30322,2.29964,2.30143
19.46,2.30952,2.28408,2.2968
19.47,2.29953,2.29363,2.29658
19.48,2.30333,2.29381,2.29857
19.49,2.29739,2.2907,2.294045
19.5,2.3013,2.29625,2.298775
19.51,2.29864,2.30026,2.29945
19.52,2.29329,2.2941,2.293695
19.53,2.29954,2.2934,2.29647
19.54,2.29526,2.30401,2.299635
19.55,2.29788,2.30202,2.29995
19.56,2.29338,2.30023,2.296805
19.57,2.29529,2.30123,2.29826
19.58,2.28941,2.28964,2.289525
19.59,2.29043,2.2979,2.294165
19.6,2.29903,2.28998,2.294505
19.61,2.29525,2.29561,2.29543
19.62,2.29914,2.29554,2.29734
19.63,2.29985,2.3023,2.301075
19.64,2.29858,2.28565,2.292115
19.65,2.30355,2.29078,2.297165
19.66,2.29497,2.2924,2.293685
19.67,2.30239,2.29382,2.298105
19.68,2.28997,2.29194,2.290955
19.69,2.29244,2.29617,2.294305
19.7,2.30146,2.29234,2.2969
19.71,2.30037,2.29563,2.298
19.72,2.29947,2.29727,2.29837
19.73,2.29712,2.30177,2.299445
19.74,2.30173,2.2839,2.292815
19.75,2.28797,2.28309,2.28553
19.76,2.29453,2.29437,2.29445
19.77,2.28302,2.29436,2.28869
19.78,2.29047,2.29208,2.291275
19.79,2.29049,2.29866,2.294575
19.8,2.29789,2.30149,2.29969
19.81,2.2934,2.29903,2.296215
19.82,2.29253,2.3052,2.298865
19.83,2.29134,2.2936,2.29247
19.84,2.30119,2.29725,2.29922
19.85,2.30265,2.29287,2.29776
19.86,2.3006,2.29613,2.298365
19.87,2.30543,2.28713,2.29628
19.88,2.31422,2.2919,2.30306
19.89,2.29847,2.29648,2.297475
19.9,2.30039,2.29448,2.297435
19.91,2.30037,2.29123,2.2958
19.92,2.29934,2.29468,2.29701
19.93,2.30325,2.29564,2.299445
19.94,2.2997,2.2963,2.298
19.95,2.30093,2.29147,2.2962
19.96,2.29718,2.30235,2.299765
19.97,2.30103,2.29628,2.298655
19.98,2.30375,2.29124,2.297495
19.99,2.29776,2.29221,2.294985
20,2.30358,2.29502,2.2993
20.01,2.29723,2.29584,2.296535
20.02,2.29693,2.29197,2.29445
20.03,2.30139,2.29481,2.2981
20.04,2.303,2.2925,2.29775
20.05,2.3024,2.29847,2.300435
20.06,2.29282,2.29775,2.295285
20.07,2.29195,2.3031,2.297525
20.08,2.30025,2.30194,2.301095
20.09,2.29225,2.29933,2.29579
20.1,2.29324,2.30699,2.300115
20.11,2.29251,2.30334,2.297925
20.12,2.29565,2.29052,2.293085
20.13,2.28877,2.29054,2.289655
20.14,2.28735,2.30321,2.29528
20.15,2.28748,2.29789,2.292685
20.16,2.29121,2.28987,2.29054
20.17,2.2889,2.29025,2.289575
20.18,2.29385,2.29971,2.29678
20.19,2.28863,2.29735,2.29299
20.2,2.29176,2.29627,2.294015
20.21,2.29869,2.2803,2.289495
20.22,2.29989,2.28691,2.2934
20.23,2.30046,2.2907,2.29558
20.24,2.29854,2.28945,2.293995
20.25,2.30679,2.28833,2.29756
20.26,2.30108,2.28263,2.291855
20.27,2.31043,2.28301,2.29672
20.28,2.30157,2.28243,2.292
20.29,2.29903,2.28975,2.29439
20.3,2.28862,2.28407,2.286345
20.31,2.29705,2.29553,2.29629
20.32,2.29126,2.28735,2.289305
20.33,2.29032,2.29004,2.29018
20.34,2.2933,2.29025,2.291775
20.35,2.29806,2.28201,2.290035
20.36,2.29373,2.28036,2.287045
20.37,2.29758,2.27872,2.28815
20.38,2.29943,2.29401,2.29672
20.39,2.29648,2.28286,2.28967
20.4,2.3005,2.28145,2.290975
20.41,2.30156,2.29089,2.296225
20.42,2.29769,2.28757,2.29263
20.43,2.30396,2.28472,2.29434
20.44,2.29293,2.27725,2.28509
20.45,2.28948,2.28831,2.288895
20.46,2.29428,2.28375,2.289015
20.47,2.29092,2.29523,2.293075
20.48,2.2875,2.28596,2.28673
20.49,2.2984,2.28939,2.293895
20.5,2.29595,2.28404,2.289995
20.51,2.29278,2.2887,2.29074
20.52,2.30393,2.28778,2.295855
20.53,2.2987,2.28938,2.29404
20.54,2.28906,2.29064,2.28985
20.55,2.29774,2.29253,2.295135
20.56,2.29443,2.28835,2.29139
20.57,2.29548,2.28903,2.292255
20.58,2.29508,2.28747,2.291275
20.59,2.294,2.2918,2.2929
20.6,2.29647,2.28979,2.29313
20.61,2.2982,2.2862,2.2922
20.62,2.29316,2.287,2.29008
20.63,2.29447,2.28713,2.2908
20.64,2.28604,2.29846,2.29225
20.65,2.29699,2.30065,2.29882
20.66,2.29737,2.28868,2.293025
20.67,2.29857,2.2908,2.294685
20.68,2.29883,2.2959,2.297365
20.69,2.30124,2.2922,2.29672
20.7,2.29709,2.2867,2.291895
20.71,2.30186,2.29527,2.298565
20.72,2.30894,2.28433,2.296635
20.73,2.29848,2.28119,2.289835
20.74,2.30712,2.29141,2.299265
20.75,2.29952,2.28619,2.292855
20.76,2.30288,2.28092,2.2919
20.77,2.29985,2.28005,2.28995
20.78,2.29377,2.29708,2.295425
20.79,2.29742,2.29443,2.295925
20.8,2.2944,2.29332,2.29386
20.81,2.29245,2.28945,2.29095
20.82,2.2977,2.29396,2.29583
20.83,2.30011,2.29483,2.29747
20.84,2.29986,2.29245,2.296155
20.85,2.30166,2.29772,2.29969
20.86,2.30095,2.28986,2.295405
20.87,2.29491,2.29487,2.29489
20.88,2.29487,2.29346,2.294165
20.89,2.30713,2.29596,2.301545
20.9,2.29124,2.29089,2.291065
20.91,2.29436,2.29455,2.294455
20.92,2.28821,2.29358,2.290895
20.93,2.30166,2.29453,2.298095
20.94,2.30714,2.29318,2.30016
20.95,2.3043,2.28661,2.295455
20.96,2.2958,2.29687,2.296335
20.97,2.30471,2.29559,2.30015
20.98,2.30079,2.29811,2.29945
20.99,2.29609,2.29987,2.29798
21,2.29603,2.29072,2.293375
21.01,2.29644,2.28837,2.292405
21.02,2.29022,2.29527,2.292745
21.03,2.29443,2.29396,2.294195
21.04,2.30236,2.29161,2.296985
21.05,2.29341,2.29116,2.292285
21.06,2.29593,2.28901,2.29247
21.07,2.29965,2.28382,2.291735
21.08,2.30011,2.29457,2.29734
21.09,2.30389,2.29366,2.298775
21.1,2.29859,2.30325,2.30092
21.11,2.30431,2.30632,2.305315
21.12,2.30865,2.30112,2.304885
21.13,2.29593,2.2929,2.294415
21.14,2.29881,2.28822,2.293515
21.15,2.29775,2.29202,2.294885
21.16,2.30184,2.29145,2.296645
21.17,2.29495,2.29933,2.29714
21.18,2.29552,2.2938,2.29466
21.19,2.29308,2.29263,2.292855
21.2,2.29515,2.29002,2.292585
21.21,2.30462,2.29972,2.30217
21.22,2.29843,2.28977,2.2941
21.23,2.30576,2.28867,2.297215
21.24,2.29732,2.28787,2.292595
21.25,2.29769,2.30287,2.30028
21.26,2.29796,2.28935,2.293655
21.27,2.29391,2.28858,2.291245
21.28,2.30143,2.29164,2.296535
21.29,2.29682,2.2867,2.29176
21.3,2.30044,2.28848,2.29446
21.31,2.30322,2.29366,2.29844
21.32,2.30054,2.2933,2.29692
21.33,2.29211,2.29349,2.2928
21.34,2.29744,2.29311,2.295275
21.35,2.2993,2.28943,2.294365
21.36,2.29706,2.29034,2.2937
21.37,2.3013,2.28476,2.29303
21.38,2.29917,2.28858,2.293875
21.39,2.3029,2.28039,2.291645
21.4,2.3132,2.29002,2.30161
21.41,2.29914,2.29368,2.29641
21.42,2.29568,2.29495,2.295315
21.43,2.30345,2.29244,2.297945
21.44,2.29854,2.29395,2.296245
21.45,2.29952,2.29286,2.29619
21.46,2.29604,2.29947,2.297755
21.47,2.29638,2.29558,2.29598
21.48,2.2906,2.2947,2.29265
21.49,2.29421,2.29669,2.29545
21.5,2.295,2.28732,2.29116
21.51,2.29348,2.29077,2.292125
21.52,2.29603,2.29503,2.29553
21.53,2.29354,2.2979,2.29572
21.54,2.2997,2.29018,2.29494
21.55,2.29683,2.29577,2.2963
21.56,2.29657,2.29475,2.29566
21.57,2.29317,2.29843,2.2958
21.58,2.29174,2.28847,2.290105
21.59,2.29175,2.28468,2.288215
21.6,2.28571,2.28815,2.28693
21.61,2.28873,2.29485,2.29179
21.62,2.29111,2.29355,2.29233
21.63,2.29362,2.30141,2.297515
21.64,2.29158,2.29253,2.292055
21.65,2.30122,2.29364,2.29743
21.66,2.29643,2.29159,2.29401
21.67,2.28463,2.29461,2.28962
21.68,2.29402,2.28926,2.29164
21.69,2.29505,2.28888,2.291965
21.7,2.29121,2.2876,2.289405
21.71,2.28934,2.29236,2.29085
21.72,2.28916,2.28369,2.286425
21.73,2.28917,2.29113,2.29015
21.74,2.2896,2.29988,2.29474
21.75,2.29348,2.30495,2.299215
21.76,2.29419,2.30563,2.29991
21.77,2.29173,2.3007,2.296215
21.78,2.29868,2.29315,2.295915
21.79,2.30127,2.29976,2.300515
21.8,2.29908,2.30208,2.30058
21.81,2.29868,2.29901,2.298845
21.82,2.29959,2.29459,2.29709
21.83,2.29581,2.2954,2.295605
21.84,2.29421,2.30126,2.297735
21.85,2.29121,2.31102,2.301115
21.86,2.30055,2.30784,2.304195
21.87,2.29582,2.29167,2.293745
21.88,2.28736,2.30427,2.295815
21.89,2.29131,2.29819,2.29475
21.9,2.28342,2.29112,2.28727
21.91,2.29347,2.29341,2.29344
21.92,2.29644,2.29095,2.293695
21.93,2.29611,2.29494,2.295525
21.94,2.29947,2.29902,2.299245
21.95,2.29847,2.30139,2.29993
21.96,2.29642,2.30415,2.300285
21.97,2.28896,2.30312,2.29604
21.98,2.28483,2.29363,2.28923
21.99,2.29512,2.30113,2.298125
22,2.2951,2.30157,2.298335
22.01,2.28947,2.30303,2.29625
22.02,2.29327,2.29561,2.29444
22.03,2.29692,2.296,2.29646
22.04,2.3081,2.29748,2.30279
22.05,2.30235,2.30369,2.30302
22.06,2.29008,2.2965,2.29329
22.07,2.28455,2.28534,2.284945
22.08,2.28923,2.30079,2.29501
22.09,2.2885,2.29334,2.29092
22.1,2.29148,2.29418,2.29283
22.11,2.28841,2.30081,2.29461
22.12,2.293,2.29952,2.29626
22.13,2.28529,2.29466,2.289975
22.14,2.29505,2.29328,2.294165
22.15,2.28875,2.30303,2.29589
22.16,2.28174,2.29182,2.28678
22.17,2.29122,2.29258,2.2919
22.18,2.28541,2.29393,2.28967
22.19,2.28408,2.29187,2.287975
22.2,2.28769,2.29606,2.291875
22.21,2.27942,2.29185,2.285635
22.22,2.2835,2.29588,2.28969
22.23,2.28309,2.30371,2.2934
22.24,2.28945,2.30466,2.297055
22.25,2.28999,2.29303,2.29151
22.26,2.28524,2.29117,2.288205
22.27,2.2889,2.29964,2.29427
22.28,2.29098,2.29621,2.293595
22.29,2.29152,2.30107,2.296295
22.3,2.28856,2.30394,2.29625
22.31,2.28448,2.30124,2.29286
22.32,2.2905,2.29744,2.29397
22.33,2.28949,2.28979,2.28964
22.34,2.28668,2.2936,2.29014
22.35,2.29251,2.2974,2.294955
22.36,2.28982,2.30509,2.297455
22.37,2.29286,2.2999,2.29638
22.38,2.2874,2.29611,2.291755
22.39,2.29571,2.29449,2.2951
22.4,2.28834,2.29625,2.292295
22.41,2.28857,2.29428,2.291425
22.42,2.28333,2.29738,2.290355
22.43,2.28163,2.29929,2.29046
22.44,2.28415,2.29045,2.2873
22.45,2.27289,2.29687,2.28488
22.46,2.29011,2.30016,2.295135
22.47,2.28666,2.3028,2.29473
22.48,2.29215,2.29563,2.29389
22.49,2.29308,2.30313,2.298105
22.5,2.2963,2.30226,2.29928
22.51,2.2946,2.30365,2.299125
22.52,2.29317,2.29708,2.295125
22.53,2.28694,2.29565,2.291295
22.54,2.28895,2.29649,2.29272
22.55,2.29087,2.30004,2.295455
22.56,2.28531,2.29701,2.29116
22.57,2.293,2.29512,2.29406
22.58,2.28979,2.29583,2.29281
22.59,2.29228,2.29806,2.29517
22.6,2.28722,2.29553,2.291375
22.61,2.2854,2.29177,2.288585
22.62,2.28865,2.30193,2.29529
22.63,2.2861,2.30669,2.296395
22.64,2.29638,2.29842,2.2974
22.65,2.29251,2.30262,2.297565
22.66,2.29491,2.29538,2.295145
22.67,2.28921,2.29769,2.29345
22.68,2.29491,2.30122,2.298065
22.69,2.28419,2.29805,2.29112
22.7,2.27876,2.29584,2.2873
22.71,2.28617,2.2969,2.291535
22.72,2.28218,2.29362,2.2879
22.73,2.28022,2.29329,2.286755
22.74,2.27951,2.28993,2.28472
22.75,2.28151,2.29691,2.28921
22.76,2.29022,2.29914,2.29468
22.77,2.29221,2.29802,2.295115
22.78,2.2915,2.29759,2.294545
22.79,2.28816,2.29003,2.289095
22.8,2.28435,2.2887,2.286525
22.81,2.27906,2.29315,2.286105
22.82,2.27851,2.29053,2.28452
22.83,2.28276,2.29008,2.28642
22.84,2.29012,2.28992,2.29002
22.85,2.28892,2.28666,2.28779
22.86,2.28832,2.29114,2.28973
22.87,2.2882,2.28662,2.28741
22.88,2.28994,2.28931,2.289625
22.89,2.28901,2.29301,2.29101
22.9,2.29676,2.29,2.29338
22.91,2.28607,2.2967,2.291385
22.92,2.29048,2.3063,2.29839
22.93,2.28863,2.29933,2.29398
22.94,2.28614,2.30157,2.293855
22.95,2.30064,2.30694,2.30379
22.96,2.2933,2.29569,2.294495
22.97,2.29413,2.29891,2.29652
22.98,2.28767,2.2935,2.290585
22.99,2.29402,2.29728,2.29565
23,2.29429,2.28899,2.29164
23.01,2.29336,2.29436,2.29386
23.02,2.29523,2.29967,2.29745
23.03,2.28744,2.29823,2.292835
23.04,2.29315,2.2953,2.294225
23.05,2.29561,2.29968,2.297645
23.06,2.30159,2.30124,2.301415
23.07,2.29521,2.30216,2.298685
23.08,2.29622,2.29382,2.29502
23.09,2.30547,2.29338,2.299425
23.1,2.29699,2.29238,2.294685
23.11,2.30255,2.29576,2.299155
23.12,2.29873,2.29091,2.29482
23.13,2.29629,2.28683,2.29156
23.14,2.30618,2.29582,2.301
23.15,2.29802,2.29762,2.29782
23.16,2.29376,2.30556,2.29966
23.17,2.29257,2.29505,2.29381
23.18,2.29694,2.28872,2.29283
23.19,2.28946,2.30109,2.295275
23.2,2.29525,2.3011,2.298175
23.21,2.29945,2.29123,2.29534
23.22,2.2921,2.29559,2.293845
23.23,2.29444,2.29841,2.296425
23.24,2.29652,2.30031,2.298415
23.25,2.29631,2.3073,2.301805
23.26,2.30561,2.31003,2.30782
23.27,2.30048,2.29931,2.299895
23.28,2.29963,2.29883,2.29923
23.29,2.29304,2.29961,2.296325
23.3,2.29618,2.29456,2.29537
23.31,2.29894,2.29976,2.29935
23.32,2.29391,2.29996,2.296935
23.33,2.3007,2.29451,2.297605
23.34,2.30362,2.29249,2.298055
23.35,2.29012,2.30125,2.295685
23.36,2.30041,2.29624,2.298325
23.37,2.29824,2.29235,2.295295
23.38,2.29431,2.29339,2.29385
23.39,2.29804,2.29626,2.29715
23.4,2.29511,2.29015,2.29263
23.41,2.29053,2.29935,2.29494
23.42,2.28712,2.2986,2.29286
23.43,2.28596,2.30008,2.29302
23.44,2.29034,2.29625,2.293295
23.45,2.28356,2.3006,2.29208
23.46,2.28673,2.29547,2.2911
23.47,2.28939,2.2952,2.292295
23.48,2.29567,2.30283,2.29925
23.49,2.28994,2.29634,2.29314
23.5,2.28417,2.28975,2.28696
23.51,2.28262,2.30529,2.293955
23.52,2.28697,2.28704,2.287005
23.53,2.28715,2.2916,2.289375
23.54,2.28936,2.29791,2.293635
23.55,2.28687,2.29332,2.290095
23.56,2.28688,2.29357,2.290225
23.57,2.28897,2.29183,2.2904
23.58,2.29099,2.30135,2.29617
23.59,2.288,2.29598,2.29199
23.6,2.29018,2.2937,2.29194
23.61,2.29319,2.28356,2.288375
23.62,2.28232,2.29013,2.286225
23.63,2.28996,2.3022,2.29608
23.64,2.28609,2.30733,2.29671
23.65,2.28369,2.29737,2.29053
23.66,2.28559,2.29483,2.29021
23.67,2.28301,2.3,2.291505
23.68,2.28349,2.30247,2.29298
23.69,2.28445,2.29629,2.29037
23.7,2.27935,2.30258,2.290965
23.71,2.28651,2.30025,2.29338
23.72,2.28164,2.29177,2.286705
23.73,2.28355,2.29503,2.28929
23.74,2.285,2.2981,2.29155
23.75,2.28051,2.29891,2.28971
23.76,2.2877,2.2919,2.2898
23.77,2.28558,2.29875,2.292165
23.78,2.28615,2.28153,2.28384
23.79,2.28848,2.29663,2.292555
23.8,2.2872,2.29736,2.29228
23.81,2.29468,2.29564,2.29516
23.82,2.29162,2.29106,2.29134
23.83,2.292,2.29679,2.294395
23.84,2.28695,2.30157,2.29426
23.85,2.28426,2.29518,2.28972
23.86,2.28415,2.29474,2.289445
23.87,2.28353,2.30088,2.292205
23.88,2.28039,2.30021,2.2903
23.89,2.28511,2.29926,2.292185
23.9,2.29065,2.31152,2.301085
23.91,2.28878,2.31069,2.299735
23.92,2.29104,2.30477,2.297905
23.93,2.29369,2.30826,2.300975
23.94,2.28365,2.30129,2.29247
23.95,2.2843,2.29851,2.291405
23.96,2.28718,2.29815,2.292665
23.97,2.28544,2.29987,2.292655
23.98,2.28125,2.30622,2.293735
23.99,2.28783,2.30686,2.297345
24,2.28574,2.30599,2.295865
24.01,2.28677,2.30712,2.296945
24.02,2.28455,2.30396,2.294255
24.03,2.28979,2.30447,2.29713
24.04,2.28529,2.30884,2.297065
24.05,2.2846,2.30724,2.29592
24.06,2.28328,2.30439,2.293835
24.07,2.27921,2.30198,2.290595
24.08,2.28618,2.30523,2.295705
24.09,2.28283,2.30474,2.293785
24.1,2.28504,2.30605,2.295545
24.11,2.2901,2.29931,2.294705
24.12,2.2914,2.29415,2.292775
24.13,2.29552,2.29918,2.29735
24.14,2.2894,2.30142,2.29541
24.15,2.29716,2.2986,2.29788
24.16,2.28435,2.30604,2.295195
24.17,2.28846,2.29924,2.29385
24.18,2.28662,2.29664,2.29163
24.19,2.28958,2.30111,2.295345
24.2,2.28236,2.3003,2.29133
24.21,2.29077,2.30709,2.29893
24.22,2.29864,2.30347,2.301055
24.23,2.29206,2.30939,2.300725
24.24,2.29483,2.30326,2.299045
24.25,2.28657,2.30733,2.29695
24.26,2.28722,2.30911,2.298165
24.27,2.29657,2.30559,2.30108
24.28,2.29426,2.31057,2.302415
24.29,2.3009,2.30469,2.302795
24.3,2.29799,2.30013,2.29906
24.31,2.2939,2.30093,2.297415
24.32,2.29386,2.3033,2.29858
24.33,2.29999,2.30103,2.30051
24.34,2.29664,2.31733,2.306985
24.35,2.29443,2.30779,2.30111
24.36,2.28966,2.31082,2.30024
24.37,2.29691,2.30651,2.30171
24.38,2.29107,2.29744,2.294255
24.39,2.29263,2.29956,2.296095
24.4,2.29838,2.30573,2.302055
24.41,2.30386,2.30029,2.302075
24.42,2.31068,2.30533,2.308005
24.43,2.29255,2.3089,2.300725
24.44,2.2818,2.2959,2.28885
24.45,2.29336,2.30403,2.298695
24.46,2.28792,2.30155,2.294735
24.47,2.29655,2.30425,2.3004
24.48,2.28837,2.30944,2.298905
24.49,2.29141,2.30968,2.300545
24.5,2.29265,2.30452,2.298585
24.51,2.30022,2.3109,2.30556
24.52,2.29119,2.30178,2.296485
24.53,2.28837,2.30607,2.29722
24.54,2.28769,2.30196,2.294825
24.55,2.28876,2.29695,2.292855
24.56,2.28531,2.30266,2.293985
24.57,2.28795,2.30341,2.29568
24.58,2.28976,2.30568,2.29772
24.59,2.28768,2.30385,2.295765
24.6,2.29365,2.30246,2.298055
24.61,2.29025,2.30203,2.29614
24.62,2.28741,2.30297,2.29519
24.63,2.29064,2.30945,2.300045
24.64,2.28742,2.3085,2.29796
24.65,2.28452,2.29869,2.291605
24.66,2.28448,2.30281,2.293645
24.67,2.28756,2.29741,2.292485
24.68,2.29398,2.30656,2.30027
24.69,2.291,2.30292,2.29696
24.7,2.2889,2.30571,2.297305
24.71,2.29267,2.30208,2.297375
24.72,2.291,2.29995,2.295475
24.73,2.29311,2.29839,2.29575
24.74,2.28476,2.2949,2.28983
24.75,2.29034,2.30345,2.296895
24.76,2.29142,2.30536,2.29839
24.77,2.29012,2.29844,2.29428
24.78,2.29238,2.2956,2.29399
24.79,2.29499,2.29819,2.29659
24.8,2.29455,2.29344,2.293995
24.81,2.28863,2.30114,2.294885
24.82,2.28619,2.30333,2.29476
24.83,2.28734,2.29985,2.293595
24.84,2.28261,2.29826,2.290435
24.85,2.29219,2.29923,2.29571
24.86,2.28964,2.31335,2.301495
24.87,2.28436,2.29915,2.291755
24.88,2.28784,2.30476,2.2963
24.89,2.28426,2.29997,2.292115
24.9,2.28883,2.30625,2.29754
24.91,2.28657,2.30149,2.29403
24.92,2.29337,2.30794,2.300655
24.93,2.29297,2.30301,2.29799
24.94,2.28325,2.29905,2.29115
24.95,2.28789,2.29719,2.29254
24.96,2.28826,2.30055,2.294405
24.97,2.28851,2.30225,2.29538
24.98,2.29392,2.30681,2.300365
24.99,2.29562,2.29728,2.29645
25,2.29983,2.30532,2.302575
25.01,2.28628,2.29849,2.292385
25.02,2.2951,2.30398,2.29954
25.03,2.28571,2.3115,2.298605
25.04,2.28493,2.30842,2.296675
25.05,2.29139,2.30136,2.296375
25.06,2.29814,2.30312,2.30063
25.07,2.28427,2.30187,2.29307
25.08,2.29581,2.30493,2.30037
25.09,2.28384,2.30764,2.29574
25.1,2.29218,2.30596,2.29907
25.11,2.28713,2.30826,2.297695
25.12,2.29066,2.29235,2.291505
25.13,2.29278,2.30368,2.29823
25.14,2.29166,2.30049,2.296075
25.15,2.29367,2.30388,2.298775
25.16,2.29234,2.29989,2.296115
25.17,2.29368,2.29588,2.29478
25.18,2.29384,2.2954,2.29462
25.19,2.30015,2.30101,2.30058
25.2,2.29013,2.29225,2.29119
25.21,2.2838,2.29651,2.290155
25.22,2.29037,2.29581,2.29309
25.23,2.28781,2.2946,2.291205
25.24,2.29021,2.29659,2.2934
25.25,2.28788,2.30159,2.294735
25.26,2.29553,2.29663,2.29608
25.27,2.28944,2.29991,2.294675
25.28,2.29877,2.29338,2.296075
25.29,2.29367,2.30177,2.29772
25.3,2.29728,2.30311,2.300195
25.31,2.29168,2.30145,2.296565
25.32,2.28764,2.29909,2.293365
25.33,2.29712,2.30333,2.300225
25.34,2.29064,2.30184,2.29624
25.35,2.29543,2.30265,2.29904
25.36,2.29175,2.30282,2.297285
25.37,2.29782,2.29518,2.2965
25.38,2.29019,2.29345,2.29182
25.39,2.29046,2.30201,2.296235
25.4,2.2929,2.30649,2.299695
25.41,2.28404,2.31202,2.29803
25.42,2.28764,2.30542,2.29653
25.43,2.29305,2.30569,2.29937
25.44,2.28809,2.30313,2.29561
25.45,2.28989,2.31022,2.300055
25.46,2.28985,2.30478,2.297315
25.47,2.29134,2.29877,2.295055
25.48,2.2957,2.30143,2.298565
25.49,2.29521,2.29813,2.29667
25.5,2.28926,2.29656,2.29291
25.51,2.29049,2.30156,2.296025
25.52,2.28941,2.30222,2.295815
25.53,2.27724,2.30713,2.292185
25.54,2.28701,2.2965,2.291755
25.55,2.28629,2.30115,2.29372
25.56,2.28846,2.29689,2.292675
25.57,2.29337,2.29968,2.296525
25.58,2.28712,2.29854,2.29283
25.59,2.28396,2.29632,2.29014
25.6,2.28786,2.298,2.29293
25.61,2.28997,2.30003,2.295
25.62,2.28933,2.29865,2.29399
25.63,2.28638,2.30752,2.29695
25.64,2.28855,2.30749,2.29802
25.65,2.28759,2.30767,2.29763
25.66,2.29065,2.30371,2.29718
25.67,2.28884,2.30085,2.294845
25.68,2.28707,2.30014,2.293605
25.69,2.28137,2.2979,2.289635
25.7,2.28936,2.29379,2.291575
25.71,2.28333,2.29927,2.2913
25.72,2.28705,2.2915,2.289275
25.73,2.29063,2.2903,2.290465
25.74,2.29937,2.29996,2.299665
25.75,2.28994,2.29172,2.29083
25.76,2.28814,2.29316,2.29065
25.77,2.28586,2.30792,2.29689
25.78,2.289,2.29049,2.289745
25.79,2.29493,2.29762,2.296275
25.8,2.28624,2.29411,2.290175
25.81,2.28951,2.29595,2.29273
25.82,2.2922,2.29186,2.29203
25.83,2.28334,2.30145,2.292395
25.84,2.28553,2.29768,2.291605
25.85,2.29238,2.29251,2.292445
25.86,2.28505,2.29548,2.290265
25.87,2.28987,2.29015,2.29001
25.88,2.29444,2.29642,2.29543
25.89,2.29102,2.28712,2.28907
25.9,2.29118,2.29329,2.292235
25.91,2.28331,2.29081,2.28706
25.92,2.29104,2.28712,2.28908
25.93,2.29094,2.28418,2.28756
25.94,2.29898,2.2974,2.29819
25.95,2.29295,2.29175,2.29235
25.96,2.28927,2.29472,2.291995
25.97,2.28415,2.29912,2.291635
25.98,2.28579,2.29849,2.29214
25.99,2.28682,2.29122,2.28902
26,2.29296,2.29625,2.294605
26.01,2.29167,2.30231,2.29699
26.02,2.29512,2.29664,2.29588
26.03,2.2945,2.29605,2.295275
26.04,2.29611,2.30242,2.299265
26.05,2.29563,2.29647,2.29605
26.06,2.29062,2.29492,2.29277
26.07,2.29269,2.29193,2.29231
26.08,2.29359,2.30071,2.29715
26.09,2.28921,2.29229,2.29075
26.1,2.29681,2.29311,2.29496
26.11,2.28231,2.29601,2.28916
26.12,2.29345,2.30706,2.300255
26.13,2.29182,2.30532,2.29857
26.14,2.29767,2.2982,2.297935
26.15,2.29319,2.29638,2.294785
26.16,2.28676,2.29453,2.290645
26.17,2.2944,2.29762,2.29601
26.18,2.29412,2.30205,2.298085
26.19,2.29486,2.30115,2.298005
26.2,2.2884,2.29251,2.290455
26.21,2.29254,2.29403,2.293285
26.22,2.29456,2.29607,2.295315
26.23,2.29675,2.29231,2.29453
26.24,2.29331,2.30459,2.29895
26.25,2.29416,2.29557,2.294865
26.26,2.28569,2.29387,2.28978
26.27,2.28168,2.29543,2.288555
26.28,2.28737,2.2944,2.290885
26.29,2.28924,2.29384,2.29154
26.3,2.29103,2.29587,2.29345
26.31,2.28338,2.2887,2.28604
26.32,2.28646,2.29417,2.290315
26.33,2.29441,2.2994,2.296905
26.34,2.28915,2.3029,2.296025
26.35,2.29273,2.28868,2.290705
26.36,2.29033,2.30114,2.295735
26.37,2.2912,2.29344,2.29232
26.38,2.28751,2.29847,2.29299
26.39,2.29092,2.30356,2.29724
26.4,2.28464,2.30317,2.293905
26.41,2.29113,2.29596,2.293545
26.42,2.29344,2.31018,2.30181
26.43,2.2947,2.29272,2.29371
26.44,2.28624,2.29505,2.290645
26.45,2.29191,2.29074,2.291325
26.46,2.29257,2.30571,2.29914
26.47,2.2917,2.30318,2.29744
26.48,2.29198,2.29209,2.292035
26.49,2.29232,2.29015,2.291235
26.5,2.28581,2.29454,2.290175
26.51,2.29061,2.28161,2.28611
26.52,2.29287,2.29396,2.293415
26.53,2.28551,2.2948,2.290155
26.54,2.29323,2.29697,2.2951
26.55,2.28923,2.29579,2.29251
26.56,2.29089,2.29337,2.29213
26.57,2.29031,2.29401,2.29216
26.58,2.29147,2.29179,2.29163
26.59,2.2873,2.29484,2.29107
26.6,2.28989,2.29879,2.29434
26.61,2.28684,2.29243,2.289635
26.62,2.28487,2.29484,2.289855
26.63,2.28873,2.29591,2.29232
26.64,2.28962,2.29569,2.292655
26.65,2.283,2.30358,2.29329
26.66,2.2913,2.30532,2.29831
26.67,2.28808,2.29382,2.29095
26.68,2.28759,2.30638,2.296985
26.69,2.29347,2.30264,2.298055
26.7,2.29241,2.30333,2.29787
26.71,2.29017,2.30048,2.295325
26.72,2.28852,2.29571,2.292115
26.73,2.29488,2.29389,2.294385
26.74,2.29064,2.29791,2.294275
26.75,2.28861,2.29589,2.29225
26.76,2.29408,2.3018,2.29794
26.77,2.29078,2.2898,2.29029
26.78,2.28585,2.29336,2.289605
26.79,2.29261,2.29784,2.295225
26.8,2.2916,2.29374,2.29267
26.81,2.29087,2.30073,2.2958
26.82,2.29091,2.29649,2.2937
26.83,2.2943,2.30162,2.29796
26.84,2.29348,2.2911,2.29229
26.85,2.29277,2.29876,2.295765
26.86,2.29657,2.29407,2.29532
26.87,2.2943,2.29703,2.295665
26.88,2.28839,2.29659,2.29249
26.89,2.29376,2.295,2.29438
26.9,2.2982,2.29332,2.29576
26.91,2.3,2.29977,2.299885
26.92,2.2895,2.2959,2.2927
26.93,2.29197,2.29178,2.291875
26.94,2.28387,2.29534,2.289605
26.95,2.29003,2.28989,2.28996
26.96,2.29519,2.296,2.295595
26.97,2.29133,2.29128,2.291305
26.98,2.2883,2.28607,2.287185
26.99,2.2902,2.29041,2.290305
27,2.29308,2.29226,2.29267
27.01,2.29536,2.29002,2.29269
27.02,2.28221,2.28742,2.284815
27.03,2.2874,2.28933,2.288365
27.04,2.2927,2.29503,2.293865
27.05,2.29511,2.29594,2.295525
27.06,2.294,2.29213,2.293065
27.07,2.29487,2.29254,2.293705
27.08,2.29999,2.29481,2.2974
27.09,2.29406,2.29342,2.29374
27.1,2.29708,2.29191,2.294495
27.11,2.28636,2.29348,2.28992
27.12,2.28522,2.30166,2.29344
27.13,2.29159,2.30063,2.29611
27.14,2.29089,2.28848,2.289685
27.15,2.28864,2.2949,2.29177
27.16,2.29023,2.30241,2.29632
27.17,2.28858,2.29485,2.291715
27.18,2.28377,2.29795,2.29086
27.19,2.29128,2.29596,2.29362
27.2,2.2867,2.29335,2.290025
27.21,2.28978,2.30016,2.29497
27.22,2.29297,2.29778,2.295375
27.23,2.2916,2.30663,2.299115
27.24,2.29157,2.30318,2.297375
27.25,2.28944,2.3006,2.29502
27.26,2.29099,2.30398,2.297485
27.27,2.28747,2.29877,2.29312
27.28,2.29381,2.29702,2.295415
27.29,2.28152,2.30761,2.294565
27.3,2.28284,2.29824,2.29054
27.31,2.28951,2.29942,2.294465
27.32,2.2874,2.2998,2.2936
27.33,2.28889,2.3077,2.298295
27.34,2.28681,2.29843,2.29262
27.35,2.29201,2.30171,2.29686
27.36,2.29371,2.30005,2.29688
27.37,2.29163,2.30357,2.2976
27.38,2.29046,2.30481,2.297635
27.39,2.28605,2.30145,2.29375
27.4,2.28583,2.30591,2.29587
27.41,2.28428,2.3029,2.29359
27.42,2.27953,2.30721,2.29337
27.43,2.28153,2.31182,2.296675
27.44,2.28587,2.31562,2.300745
27.45,2.29319,2.30744,2.300315
27.46,2.28182,2.29726,2.28954
27.47,2.28275,2.30832,2.295535
27.48,2.28742,2.30417,2.295795
27.49,2.28775,2.30708,2.297415
27.5,2.28394,2.29823,2.291085
27.51,2.28686,2.30931,2.298085
27.52,2.28529,2.30654,2.295915
27.53,2.28637,2.3012,2.293785
27.54,2.28209,2.3007,2.291395
27.55,2.28446,2.30274,2.2936
27.56,2.28282,2.31075,2.296785
27.57,2.28604,2.31241,2.299225
27.58,2.28556,2.30832,2.29694
27.59,2.28719,2.31004,2.298615
27.6,2.28274,2.30583,2.294285
27.61,2.28653,2.31022,2.298375
27.62,2.2828,2.30305,2.292925
27.63,2.29186,2.29582,2.29384
27.64,2.28967,2.30434,2.297005
27.65,2.27739,2.30316,2.290275
27.66,2.28229,2.30182,2.292055
27.67,2.28427,2.30358,2.293925
27.68,2.27778,2.30457,2.291175
27.69,2.27894,2.31226,2.2956
27.7,2.284,2.29866,2.29133
27.71,2.28069,2.29914,2.289915
27.72,2.28326,2.30303,2.293145
27.73,2.28198,2.30167,2.291825
27.74,2.28744,2.29769,2.292565
27.75,2.28871,2.29433,2.29152
27.76,2.29183,2.29819,2.29501
27.77,2.28842,2.29695,2.292685
27.78,2.28691,2.29457,2.29074
27.79,2.29127,2.29128,2.291275
27.8,2.28727,2.29524,2.291255
27.81,2.2836,2.30047,2.292035
27.82,2.28319,2.29596,2.289575
27.83,2.2821,2.29289,2.287495
27.84,2.29412,2.29696,2.29554
27.85,2.2879,2.30276,2.29533
27.86,2.29828,2.29615,2.297215
27.87,2.29462,2.29758,2.2961
27.88,2.28691,2.28723,2.28707
27.89,2.28948,2.29589,2.292685
27.9,2.28985,2.30387,2.29686
27.91,2.28235,2.30181,2.29208
27.92,2.28682,2.29811,2.292465
27.93,2.28435,2.30384,2.294095
27.94,2.28656,2.29413,2.290345
27.95,2.29189,2.30289,2.29739
27.96,2.29241,2.2992,2.295805
27.97,2.28445,2.29244,2.288445
27.98,2.2827,2.29166,2.28718
27.99,2.2841,2.29428,2.28919
28,2.28506,2.29983,2.292445
28.01,2.28303,2.29264,2.287835
28.02,2.28522,2.30712,2.29617
28.03,2.28188,2.29688,2.28938
28.04,2.27925,2.2967,2.287975
28.05,2.27246,2.29448,2.28347
28.06,2.28476,2.29994,2.29235
28.07,2.28892,2.2896,2.28926
28.08,2.29474,2.29844,2.29659
28.09,2.28765,2.28772,2.287685
28.1,2.28404,2.28695,2.285495
28.11,2.28984,2.29168,2.29076
28.12,2.28201,2.30122,2.291615
28.13,2.28683,2.30133,2.29408
28.14,2.28544,2.31025,2.297845
28.15,2.29106,2.30539,2.298225
28.16,2.27943,2.30267,2.29105
28.17,2.28792,2.30307,2.295495
28.18,2.28387,2.31053,2.2972
28.19,2.29139,2.30383,2.29761
28.2,2.28698,2.30221,2.294595
28.21,2.2832,2.30034,2.29177
28.22,2.28869,2.29558,2.292135
28.23,2.28574,2.30041,2.293075
28.24,2.27585,2.29741,2.28663
28.25,2.28128,2.29692,2.2891
28.26,2.28766,2.29043,2.289045
28.27,2.28399,2.2954,2.289695
28.28,2.28112,2.3045,2.29281
28.29,2.28681,2.3017,2.294255
28.3,2.28433,2.3027,2.293515
28.31,2.28795,2.29662,2.292285
28.32,2.2868,2.30097,2.293885
28.33,2.28882,2.30278,2.2958
28.34,2.28847,2.29229,2.29038
28.35,2.2896,2.30275,2.296175
28.36,2.28697,2.30621,2.29659
28.37,2.28441,2.30145,2.29293
28.38,2.28513,2.29729,2.29121
28.39,2.28794,2.30349,2.295715
28.4,2.28654,2.30665,2.296595
28.41,2.28169,2.2996,2.290645
28.42,2.28913,2.30623,2.29768
28.43,2.28993,2.31526,2.302595
28.44,2.28923,2.30959,2.29941
28.45,2.28023,2.30841,2.29432
28.46,2.28814,2.31081,2.299475
28.47,2.28483,2.30411,2.29447
28.48,2.2887,2.30642,2.29756
28.49,2.28183,2.30521,2.29352
28.5,2.28518,2.30231,2.293745
28.51,2.28415,2.2965,2.290325
28.52,2.29573,2.29384,2.294785
28.53,2.28812,2.29579,2.291955
28.54,2.29103,2.29448,2.292755
28.55,2.2793,2.29864,2.28897
28.56,2.29689,2.29776,2.297325
28.57,2.28581,2.29232,2.289065
28.58,2.28134,2.29463,2.287985
28.59,2.28798,2.29368,2.29083
28.6,2.29429,2.29436,2.294325
28.61,2.2875,2.29952,2.29351
28.62,2.29013,2.29807,2.2941
28.63,2.28827,2.29611,2.29219
28.64,2.28811,2.30146,2.294785
28.65,2.28741,2.29516,2.291285
28.66,2.27969,2.30422,2.291955
28.67,2.28536,2.29616,2.29076
28.68,2.2873,2.29197,2.289635
28.69,2.28036,2.29061,2.285485
28.7,2.28882,2.30932,2.29907
28.71,2.28119,2.30075,2.29097
28.72,2.28677,2.29346,2.290115
28.73,2.29186,2.30433,2.298095
28.74,2.28181,2.29837,2.29009
28.75,2.28905,2.3033,2.296175
28.76,2.28034,2.31227,2.296305
28.77,2.27666,2.30362,2.29014
28.78,2.28194,2.3085,2.29522
28.79,2.28254,2.30475,2.293645
28.8,2.28889,2.31275,2.30082
28.81,2.28241,2.30316,2.292785
28.82,2.29179,2.30878,2.300285
28.83,2.28878,2.30376,2.29627
28.84,2.28715,2.29309,2.29012
28.85,2.2884,2.3076,2.298
28.86,2.2855,2.29797,2.291735
28.87,2.28051,2.30687,2.29369
28.88,2.28944,2.30292,2.29618
28.89,2.28738,2.29529,2.291335
28.9,2.29446,2.30096,2.29771
28.91,2.29399,2.30297,2.29848
28.92,2.28923,2.30304,2.296135
28.93,2.28758,2.29771,2.292645
28.94,2.29485,2.30002,2.297435
28.95,2.29167,2.30358,2.297625
28.96,2.28948,2.29598,2.29273
28.97,2.29238,2.30372,2.29805
28.98,2.28761,2.30304,2.295325
28.99,2.29183,2.297,2.294415
29,2.29004,2.30343,2.296735
29.01,2.28364,2.29682,2.29023
29.02,2.29447,2.30186,2.298165
29.03,2.28268,2.2989,2.29079
29.04,2.28789,2.29438,2.291135
29.05,2.294,2.29956,2.29678
29.06,2.28559,2.28996,2.287775
29.07,2.28305,2.2952,2.289125
29.08,2.28422,2.29844,2.29133
29.09,2.28035,2.29836,2.289355
29.1,2.2833,2.29766,2.29048
29.11,2.28432,2.29296,2.28864
29.12,2.28771,2.29068,2.289195
29.13,2.2881,2.28992,2.28901
29.14,2.28635,2.29004,2.288195
29.15,2.29054,2.29921,2.294875
29.16,2.28225,2.30059,2.29142
29.17,2.2854,2.29358,2.28949
29.18,2.2887,2.30107,2.294885
29.19,2.28624,2.29994,2.29309
29.2,2.28213,2.30254,2.292335
29.21,2.28315,2.30089,2.29202
29.22,2.28494,2.30203,2.293485
29.23,2.28767,2.2939,2.290785
29.24,2.28404,2.29747,2.290755
29.25,2.29437,2.29752,2.295945
29.26,2.28461,2.30111,2.29286
29.27,2.28323,2.29545,2.28934
29.28,2.29235,2.3014,2.296875
29.29,2.28688,2.29315,2.290015
29.3,2.28488,2.29481,2.289845
29.31,2.28612,2.29336,2.28974
29.32,2.28894,2.29113,2.290035
29.33,2.29467,2.30006,2.297365
29.34,2.29634,2.30035,2.298345
29.35,2.29137,2.28899,2.29018
29.36,2.29318,2.29448,2.29383
29.37,2.28968,2.29102,2.29035
29.38,2.29597,2.29163,2.2938
29.39,2.29341,2.29486,2.294135
29.4,2.29198,2.3057,2.29884
29.41,2.28434,2.29868,2.29151
29.42,2.28844,2.2946,2.29152
29.43,2.29286,2.29463,2.293745
29.44,2.28643,2.29774,2.292085
29.45,2.28385,2.29474,2.289295
29.46,2.28899,2.2888,2.288895
29.47,2.28573,2.28947,2.2876
29.48,2.28317,2.29717,2.29017
29.49,2.2869,2.29768,2.29229
29.5,2.28403,2.2926,2.288315
29.51,2.28348,2.29611,2.289795
29.52,2.28643,2.29088,2.288655
29.53,2.28989,2.2941,2.291995
29.54,2.28591,2.29424,2.290075
29.55,2.2876,2.28571,2.286655
29.56,2.29183,2.29943,2.29563
29.57,2.29157,2.29826,2.294915
29.58,2.2882,2.28416,2.28618
29.59,2.28961,2.29502,2.292315
29.6,2.29429,2.29295,2.29362
29.61,2.28591,2.29263,2.28927
29.62,2.28846,2.2917,2.29008
29.63,2.29126,2.29644,2.29385
29.64,2.29035,2.2928,2.291575
29.65,2.28793,2.30217,2.29505
29.66,2.30007,2.28754,2.293805
29.67,2.29278,2.29053,2.291655
29.68,2.29517,2.29632,2.295745
29.69,2.29059,2.29907,2.29483
29.7,2.28747,2.29315,2.29031
29.71,2.28935,2.28461,2.28698
29.72,2.29162,2.28653,2.289075
29.73,2.29091,2.29215,2.29153
29.74,2.2826,2.28988,2.28624
29.75,2.28226,2.29249,2.287375
29.76,2.28381,2.28724,2.285525
29.77,2.28462,2.28648,2.28555
29.78,2.29051,2.28374,2.287125
29.79,2.28653,2.28962,2.288075
29.8,2.28031,2.28325,2.28178
29.81,2.29989,2.27998,2.289935
29.82,2.29003,2.28342,2.286725
29.83,2.28707,2.28822,2.287645
29.84,2.28726,2.29369,2.290475
29.85,2.29099,2.29673,2.29386
29.86,2.28009,2.29111,2.2856
29.87,2.28012,2.28518,2.28265
29.88,2.28886,2.29376,2.29131
29.89,2.28464,2.29444,2.28954
29.9,2.28752,2.29822,2.29287
29.91,2.28818,2.29138,2.28978
29.92,2.28065,2.29959,2.29012
29.93,2.28724,2.29738,2.29231
29.94,2.28013,2.2987,2.289415
29.95,2.28552,2.29303,2.289275
29.96,2.28193,2.29276,2.287345
29.97,2.28038,2.28849,2.284435
29.98,2.28543,2.2895,2.287465
29.99,2.28269,2.28613,2.28441
30,2.27507,2.29161,2.28334
30.01,2.28906,2.29064,2.28985
30.02,2.28217,2.28544,2.283805
30.03,2.28894,2.29719,2.293065
30.04,2.2822,2.28901,2.285605
30.05,2.29192,2.29288,2.2924
30.06,2.29349,2.29054,2.292015
30.07,2.29164,2.29392,2.29278
30.08,2.29569,2.29061,2.29315
30.09,2.29542,2.29964,2.29753
30.1,2.29313,2.29964,2.296385
30.11,2.2874,2.304,2.2957
30.12,2.29435,2.29485,2.2946
30.13,2.28911,2.29742,2.293265
30.14,2.28014,2.28716,2.28365
30.15,2.29027,2.29352,2.291895
30.16,2.29142,2.28828,2.28985
30.17,2.29201,2.28524,2.288625
30.18,2.2851,2.28981,2.287455
30.19,2.29106,2.29199,2.291525
30.2,2.29083,2.3018,2.296315
30.21,2.29759,2.28881,2.2932
30.22,2.2934,2.29778,2.29559
30.23,2.29207,2.29848,2.295275
30.24,2.29109,2.2929,2.291995
30.25,2.29872,2.29679,2.297755
30.26,2.28961,2.29639,2.293
30.27,2.29319,2.29266,2.292925
30.28,2.29198,2.29093,2.291455
30.29,2.29562,2.29314,2.29438
30.3,2.29481,2.29959,2.2972
30.31,2.29441,2.28883,2.29162
30.32,2.28488,2.30162,2.29325
30.33,2.29152,2.29473,2.293125
30.34,2.29156,2.29849,2.295025
30.35,2.28894,2.29826,2.2936
30.36,2.29743,2.29648,2.296955
30.37,2.2873,2.30413,2.295715
30.38,2.29181,2.29872,2.295265
30.39,2.29635,2.30517,2.30076
30.4,2.28815,2.30776,2.297955
30.41,2.2904,2.30807,2.299235
30.42,2.28323,2.30764,2.295435
30.43,2.28496,2.30355,2.294255
30.44,2.28189,2.30208,2.291985
30.45,2.28155,2.30124,2.291395
30.46,2.28937,2.29842,2.293895
30.47,2.28732,2.30078,2.29405
30.48,2.29088,2.29498,2.29293
30.49,2.29077,2.2943,2.292535
30.5,2.29444,2.30783,2.301135
30.51,2.29321,2.29767,2.29544
30.52,2.29547,2.29058,2.293025
30.53,2.29312,2.2978,2.29546
30.54,2.29637,2.29746,2.296915
30.55,2.29854,2.30092,2.29973
30.56,2.29753,2.28926,2.293395
30.57,2.30692,2.29751,2.302215
30.58,2.29764,2.29267,2.295155
30.59,2.29557,2.3028,2.299185
30.6,2.29217,2.29911,2.29564
30.61,2.29163,2.30054,2.296085
30.62,2.29935,2.29512,2.297235
30.63,2.29757,2.29241,2.29499
30.64,2.29778,2.30281,2.300295
30.65,2.30781,2.29928,2.303545
30.66,2.29772,2.2982,2.29796
30.67,2.29772,2.29112,2.29442
30.68,2.29196,2.29778,2.29487
30.69,2.2898,2.29192,2.29086
30.7,2.29017,2.29706,2.293615
30.71,2.29517,2.29847,2.29682
30.72,2.29232,2.29216,2.29224
30.73,2.29289,2.29524,2.294065
30.74,2.29077,2.2928,2.291785
30.75,2.29692,2.29517,2.296045
30.76,2.29252,2.29085,2.291685
30.77,2.29557,2.29619,2.29588
30.78,2.29191,2.28875,2.29033
30.79,2.29046,2.29035,2.290405
30.8,2.29749,2.28949,2.29349
30.81,2.29771,2.2936,2.295655
30.82,2.29443,2.29295,2.29369
30.83,2.30068,2.29762,2.29915
30.84,2.2986,2.29614,2.29737
30.85,2.29393,2.28769,2.29081
30.86,2.29985,2.29478,2.297315
30.87,2.29936,2.27942,2.28939
30.88,2.29758,2.28277,2.290175
30.89,2.29653,2.29929,2.29791
30.9,2.29557,2.28634,2.290955
30.91,2.29318,2.28164,2.28741
30.92,2.28771,2.27683,2.28227
30.93,2.29275,2.2919,2.292325
30.94,2.29736,2.29271,2.295035
30.95,2.29566,2.28416,2.28991
30.96,2.28964,2.28484,2.28724
30.97,2.29836,2.2848,2.29158
30.98,2.29207,2.2808,2.286435
30.99,2.29504,2.28381,2.289425
31,2.28892,2.28396,2.28644
31.01,2.29889,2.29339,2.29614
31.02,2.29301,2.28854,2.290775
31.03,2.29454,2.29469,2.294615
31.04,2.28927,2.29278,2.291025
31.05,2.2875,2.29821,2.292855
31.06,2.29341,2.29147,2.29244
31.07,2.29846,2.29307,2.295765
31.08,2.29631,2.29414,2.295225
31.09,2.29663,2.29442,2.295525
31.1,2.29591,2.30092,2.298415
31.11,2.2989,2.29709,2.297995
31.12,2.29302,2.29415,2.293585
31.13,2.29172,2.29854,2.29513
31.14,2.29233,2.29694,2.294635
31.15,2.30323,2.29866,2.300945
31.16,2.3075,2.29732,2.30241
31.17,2.30579,2.29824,2.302015
31.18,2.3063,2.2959,2.3011
31.19,2.30886,2.29331,2.301085
31.2,2.30836,2.2932,2.30078
31.21,2.30703,2.29341,2.30022
31.22,2.30659,2.29775,2.30217
31.23,2.30349,2.28756,2.295525
31.24,2.31152,2.29657,2.304045
31.25,2.30124,2.28751,2.294375
31.26,2.30224,2.29043,2.296335
31.27,2.302,2.28281,2.292405
31.28,2.30433,2.28899,2.29666
31.29,2.29749,2.29099,2.29424
31.3,2.30807,2.28485,2.29646
31.31,2.30202,2.28664,2.29433
31.32,2.29723,2.29248,2.294855
31.33,2.29611,2.30111,2.29861
31.34,2.2983,2.29147,2.294885
31.35,2.29774,2.29753,2.297635
31.36,2.29031,2.29364,2.291975
31.37,2.28721,2.29001,2.28861
31.38,2.2913,2.29175,2.291525
31.39,2.2879,2.29298,2.29044
31.4,2.29689,2.28493,2.29091
31.41,2.29002,2.29735,2.293685
31.42,2.29637,2.29378,2.295075
31.43,2.29939,2.29385,2.29662
31.44,2.29007,2.28334,2.286705
31.45,2.30151,2.29294,2.297225
31.46,2.29551,2.28955,2.29253
31.47,2.29642,2.28405,2.290235
31.48,2.30045,2.28408,2.292265
31.49,2.29921,2.28477,2.29199
31.5,2.29312,2.28366,2.28839
31.51,2.30034,2.28065,2.290495
31.52,2.29546,2.28584,2.29065
31.53,2.29279,2.2859,2.289345
31.54,2.29637,2.29165,2.29401
31.55,2.29733,2.29436,2.295845
31.56,2.29101,2.2958,2.293405
31.57,2.30351,2.29135,2.29743
31.58,2.29673,2.29094,2.293835
31.59,2.3031,2.29194,2.29752
31.6,2.29956,2.28948,2.29452
31.61,2.29339,2.28793,2.29066
31.62,2.29439,2.29348,2.293935
31.63,2.29901,2.29738,2.298195
31.64,2.29999,2.2941,2.297045
31.65,2.29934,2.29128,2.29531
31.66,2.30535,2.28755,2.29645
31.67,2.29194,2.28919,2.290565
31.68,2.29592,2.28869,2.292305
31.69,2.29284,2.29122,2.29203
31.7,2.29976,2.29571,2.297735
31.71,2.29827,2.28501,2.29164
31.72,2.28991,2.29187,2.29089
31.73,2.30835,2.28466,2.296505
31.74,2.29549,2.28793,2.29171
31.75,2.3007,2.2919,2.2963
31.76,2.29842,2.28701,2.292715
31.77,2.29739,2.29745,2.29742
31.78,2.29814,2.28565,2.291895
31.79,2.30614,2.28974,2.29794
31.8,2.29972,2.28916,2.29444
31.81,2.30622,2.27685,2.291535
31.82,2.3068,2.28635,2.296575
31.83,2.30199,2.28674,2.294365
31.84,2.30519,2.28081,2.293
31.85,2.29739,2.29135,2.29437
31.86,2.29797,2.3013,2.299635
31.87,2.30922,2.29334,2.30128
31.88,2.30122,2.28086,2.29104
31.89,2.29003,2.28403,2.28703
31.9,2.29699,2.28997,2.29348
31.91,2.30361,2.28866,2.296135
31.92,2.29987,2.28439,2.29213
31.93,2.30012,2.2885,2.29431
31.94,2.30608,2.28995,2.298015
31.95,2.30139,2.29592,2.298655
31.96,2.3016,2.29297,2.297285
31.97,2.30195,2.28468,2.293315
31.98,2.29654,2.28991,2.293225
31.99,2.29614,2.29731,2.296725
32,2.30056,2.28338,2.29197
32.01,2.30375,2.28655,2.29515
32.02,2.2996,2.30125,2.300425
32.03,2.29627,2.28826,2.292265
32.04,2.294,2.29365,2.293825
32.05,2.29686,2.29367,2.295265
32.06,2.29373,2.29981,2.29677
32.07,2.30276,2.2872,2.29498
32.08,2.29352,2.28858,2.29105
32.09,2.29361,2.2888,2.291205
32.1,2.30126,2.2931,2.29718
32.11,2.29906,2.29153,2.295295
32.12,2.29276,2.28494,2.28885
32.13,2.28961,2.28382,2.286715
32.14,2.29017,2.28941,2.28979
32.15,2.28796,2.29931,2.293635
32.16,2.29247,2.29017,2.29132
32.17,2.29418,2.29407,2.294125
32.18,2.28963,2.29009,2.28986
32.19,2.29099,2.28959,2.29029
32.2,2.29158,2.3015,2.29654
32.21,2.29892,2.28982,2.29437
32.22,2.29755,2.29375,2.29565
32.23,2.29883,2.29707,2.29795
32.24,2.3029,2.28526,2.29408
32.25,2.29161,2.29317,2.29239
32.26,2.29253,2.29451,2.29352
32.27,2.28988,2.2795,2.28469
32.28,2.29601,2.286,2.291005
32.29,2.29611,2.28467,2.29039
32.3,2.28778,2.28616,2.28697
32.31,2.29109,2.2879,2.289495
32.32,2.28762,2.28811,2.287865
32.33,2.28313,2.28269,2.28291
32.34,2.28797,2.2875,2.287735
32.35,2.28921,2.29452,2.291865
32.36,2.28878,2.28427,2.286525
32.37,2.28733,2.28964,2.288485
32.38,2.28228,2.30294,2.29261
32.39,2.29135,2.28999,2.29067
32.4,2.28416,2.28866,2.28641
32.41,2.28994,2.29023,2.290085
32.42,2.29861,2.28818,2.293395
32.43,2.29531,2.28694,2.291125
32.44,2.28867,2.28963,2.28915
32.45,2.29839,2.29035,2.29437
32.46,2.30316,2.29365,2.298405
32.47,2.2887,2.27916,2.28393
32.48,2.29743,2.28846,2.292945
32.49,2.29627,2.29644,2.296355
32.5,2.29731,2.29512,2.296215
32.51,2.29856,2.29696,2.29776
32.52,2.29242,2.29215,2.292285
32.53,2.28566,2.29161,2.288635
32.54,2.29695,2.28794,2.292445
32.55,2.29286,2.29577,2.294315
32.56,2.29761,2.29325,2.29543
32.57,2.29701,2.30151,2.29926
32.58,2.29908,2.29251,2.295795
32.59,2.30087,2.28849,2.29468
32.6,2.29848,2.28916,2.29382
32.61,2.29897,2.28867,2.29382
32.62,2.29419,2.29104,2.292615
32.63,2.29988,2.30071,2.300295
32.64,2.29592,2.29111,2.293515
32.65,2.29607,2.29467,2.29537
32.66,2.29528,2.29653,2.295905
32.67,2.29521,2.29895,2.29708
32.68,2.30216,2.29864,2.3004
32.69,2.29342,2.28468,2.28905
32.7,2.29737,2.28412,2.290745
32.71,2.28794,2.28927,2.288605
32.72,2.29441,2.28993,2.29217
32.73,2.30224,2.29367,2.297955
32.74,2.30595,2.28327,2.29461
32.75,2.29535,2.28818,2.291765
32.76,2.3002,2.28141,2.290805
32.77,2.30404,2.28865,2.296345
32.78,2.29647,2.29325,2.29486
32.79,2.28983,2.29001,2.28992
32.8,2.29703,2.28418,2.290605
32.81,2.29189,2.28813,2.29001
32.82,2.29888,2.29216,2.29552
32.83,2.29142,2.30268,2.29705
32.84,2.29693,2.30093,2.29893
32.85,2.28505,2.29215,2.2886
32.86,2.29049,2.28894,2.289715
32.87,2.29019,2.29407,2.29213
32.88,2.29047,2.29384,2.292155
32.89,2.29776,2.29123,2.294495
32.9,2.2958,2.30003,2.297915
32.91,2.29576,2.29656,2.29616
32.92,2.29021,2.29841,2.29431
32.93,2.30131,2.29835,2.29983
32.94,2.29386,2.29008,2.29197
32.95,2.28783,2.29248,2.290155
32.96,2.30129,2.29177,2.29653
32.97,2.30367,2.28819,2.29593
32.98,2.29865,2.29616,2.297405
32.99,2.29731,2.29086,2.294085
33,2.3017,2.28867,2.295185
33.01,2.30594,2.28686,2.2964
33.02,2.30116,2.2824,2.29178
33.03,2.29705,2.29094,2.293995
33.04,2.29641,2.29388,2.295145
33.05,2.29643,2.28984,2.293135
33.06,2.28993,2.29048,2.290205
33.07,2.29418,2.29356,2.29387
33.08,2.2986,2.28771,2.293155
33.09,2.29647,2.28221,2.28934
33.1,2.29539,2.29611,2.29575
33.11,2.29034,2.29377,2.292055
33.12,2.29457,2.29729,2.29593
33.13,2.29834,2.289,2.29367
33.14,2.29605,2.30574,2.300895
33.15,2.29817,2.30272,2.300445
33.16,2.29763,2.28807,2.29285
33.17,2.29775,2.29758,2.297665
33.18,2.30045,2.30086,2.300655
33.19,2.29551,2.29805,2.29678
33.2,2.29178,2.29656,2.29417
33.21,2.29376,2.29422,2.29399
33.22,2.30151,2.29937,2.30044
33.23,2.29575,2.30821,2.30198
33.24,2.29552,2.3055,2.30051
33.25,2.30153,2.31166,2.306595
33.26,2.30156,2.30515,2.303355
33.27,2.29663,2.30614,2.301385
33.28,2.30785,2.3025,2.305175
33.29,2.30244,2.30319,2.302815
33.3,2.29656,2.29863,2.297595
33.31,2.29626,2.30041,2.298335
33.32,2.2913,2.29583,2.293565
33.33,2.29607,2.28999,2.29303
33.34,2.29408,2.30112,2.2976
33.35,2.2978,2.3024,2.3001
33.36,2.30049,2.29954,2.300015
33.37,2.30063,2.29262,2.296625
33.38,2.29209,2.28776,2.289925
33.39,2.30083,2.29535,2.29809
33.4,2.2946,2.29179,2.293195
33.41,2.30086,2.2893,2.29508
33.42,2.30646,2.29435,2.300405
33.43,2.30764,2.29949,2.303565
33.44,2.29825,2.29966,2.298955
33.45,2.30263,2.29709,2.29986
33.46,2.30713,2.29722,2.302175
33.47,2.30953,2.29255,2.30104
33.48,2.30446,2.29744,2.30095
33.49,2.30482,2.28877,2.296795
33.5,2.30685,2.29563,2.30124
33.51,2.31174,2.30043,2.306085
33.52,2.30582,2.2898,2.29781
33.53,2.30425,2.29806,2.301155
33.54,2.30023,2.29374,2.296985
33.55,2.29905,2.28672,2.292885
33.56,2.2982,2.29047,2.294335
33.57,2.30134,2.29845,2.299895
33.58,2.30282,2.28391,2.293365
33.59,2.30489,2.29073,2.29781
33.6,2.30926,2.28881,2.299035
33.61,2.30621,2.29869,2.30245
33.62,2.30701,2.29349,2.30025
33.63,2.30587,2.29363,2.29975
33.64,2.30316,2.28407,2.293615
33.65,2.30677,2.28566,2.296215
33.66,2.30655,2.2836,2.295075
33.67,2.30512,2.28586,2.29549
33.68,2.30722,2.285,2.29611
33.69,2.31461,2.2944,2.304505
33.7,2.31834,2.29362,2.30598
33.71,2.31005,2.29658,2.303315
33.72,2.31171,2.29486,2.303285
33.73,2.30532,2.29705,2.301185
33.74,2.30821,2.2973,2.302755
33.75,2.30566,2.30003,2.302845
33.76,2.3059,2.28721,2.296555
33.77,2.3085,2.29714,2.30282
33.78,2.30888,2.29637,2.302625
33.79,2.30883,2.29271,2.30077
33.8,2.30554,2.2887,2.29712
33.81,2.30258,2.2947,2.29864
33.82,2.3041,2.29053,2.297315
33.83,2.30243,2.28521,2.29382
33.84,2.29899,2.28584,2.292415
33.85,2.31361,2.29193,2.30277
33.86,2.30747,2.29794,2.302705
33.87,2.30213,2.2943,2.298215
33.88,2.29926,2.29554,2.2974
33.89,2.30206,2.29047,2.296265
33.9,2.30039,2.288,2.294195
33.91,2.30087,2.30173,2.3013
33.92,2.29897,2.28935,2.29416
33.93,2.29169,2.29585,2.29377
33.94,2.29347,2.29379,2.29363
33.95,2.28789,2.29032,2.289105
33.96,2.28485,2.29886,2.291855
33.97,2.29052,2.30204,2.29628
33.98,2.28475,2.29489,2.28982
33.99,2.30023,2.29773,2.29898
34,2.29336,2.29304,2.2932
34.01,2.29856,2.29454,2.29655
34.02,2.29396,2.2939,2.29393
34.03,2.29295,2.29901,2.29598
34.04,2.28696,2.29899,2.292975
34.05,2.28494,2.29759,2.291265
34.06,2.28838,2.30048,2.29443
34.07,2.29005,2.29969,2.29487
34.08,2.29388,2.30694,2.30041
34.09,2.29326,2.30058,2.29692
34.1,2.2887,2.3041,2.2964
34.11,2.30164,2.30075,2.301195
34.12,2.29445,2.29408,2.294265
34.13,2.28965,2.2937,2.291675
34.14,2.28704,2.30924,2.29814
34.15,2.29284,2.29909,2.295965
34.16,2.28667,2.30196,2.294315
34.17,2.29262,2.30137,2.296995
34.18,2.2987,2.30087,2.299785
34.19,2.29287,2.2937,2.293285
34.2,2.29849,2.29079,2.29464
34.21,2.28727,2.29877,2.29302
34.22,2.29438,2.29401,2.294195
34.23,2.29063,2.2956,2.293115
34.24,2.29602,2.2994,2.29771
34.25,2.30427,2.30349,2.30388
34.26,2.29913,2.29891,2.29902
34.27,2.30042,2.29689,2.298655
34.28,2.29906,2.29928,2.29917
34.29,2.29352,2.29186,2.29269
34.3,2.295,2.28925,2.292125
34.31,2.28676,2.29199,2.289375
34.32,2.28838,2.2944,2.29139
34.33,2.28794,2.29895,2.293445
34.34,2.28895,2.29778,2.293365
34.35,2.28904,2.28494,2.28699
34.36,2.28899,2.29041,2.2897
34.37,2.28531,2.29809,2.2917
34.38,2.2904,2.29079,2.290595
34.39,2.2965,2.28583,2.291165
34.4,2.28935,2.2892,2.289275
34.41,2.28949,2.2964,2.292945
34.42,2.29202,2.29031,2.291165
34.43,2.29265,2.29121,2.29193
34.44,2.29408,2.28444,2.28926
34.45,2.29157,2.28926,2.290415
34.46,2.29884,2.28942,2.29413
34.47,2.29053,2.29399,2.29226
34.48,2.29816,2.29958,2.29887
34.49,2.2894,2.29356,2.29148
34.5,2.29632,2.29051,2.293415
34.51,2.2987,2.28592,2.29231
34.52,2.28849,2.29354,2.291015
34.53,2.30107,2.28506,2.293065
34.54,2.29485,2.29369,2.29427
34.55,2.30162,2.29973,2.300675
34.56,2.29617,2.28362,2.289895
34.57,2.30102,2.29614,2.29858
34.58,2.30069,2.29351,2.2971
34.59,2.29988,2.29321,2.296545
34.6,2.30284,2.28439,2.293615
34.61,2.29026,2.29433,2.292295
34.62,2.29904,2.29477,2.296905
34.63,2.30108,2.29191,2.296495
34.64,2.30236,2.29841,2.300385
34.65,2.31234,2.27915,2.295745
34.66,2.30081,2.2927,2.296755
34.67,2.29738,2.29376,2.29557
34.68,2.29502,2.296,2.29551
34.69,2.29721,2.29162,2.294415
34.7,2.29609,2.29007,2.29308
34.71,2.30062,2.29416,2.29739
34.72,2.30109,2.2929,2.296995
34.73,2.29791,2.30118,2.299545
34.74,2.29811,2.30695,2.30253
34.75,2.30253,2.28968,2.296105
34.76,2.30123,2.3015,2.301365
34.77,2.2991,2.29242,2.29576
34.78,2.30191,2.3005,2.301205
34.79,2.2938,2.3009,2.29735
34.8,2.29779,2.29854,2.298165
34.81,2.29354,2.29595,2.294745
34.82,2.29687,2.30079,2.29883
34.83,2.29028,2.28715,2.288715
34.84,2.2988,2.28975,2.294275
34.85,2.29986,2.29386,2.29686
34.86,2.29375,2.29265,2.2932
34.87,2.29534,2.29135,2.293345
34.88,2.2866,2.29147,2.289035
34.89,2.29453,2.29718,2.295855
34.9,2.29504,2.29076,2.2929
34.91,2.3051,2.28745,2.296275
34.92,2.30019,2.29819,2.29919
34.93,2.30258,2.2804,2.29149
34.94,2.296,2.29668,2.29634
34.95,2.29808,2.29081,2.294445
34.96,2.29628,2.29844,2.29736
34.97,2.3037,2.29644,2.30007
34.98,2.29978,2.29818,2.29898
34.99,2.29594,2.29884,2.29739
35,2.30107,2.29528,2.298175
35.01,2.29682,2.30558,2.3012
35.02,2.29976,2.30282,2.30129
35.03,2.30404,2.30691,2.305475
35.04,2.30575,2.30036,2.303055
35.05,2.30561,2.30044,2.303025
35.06,2.30054,2.29393,2.297235
35.07,2.29331,2.30369,2.2985
35.08,2.30521,2.29547,2.30034
35.09,2.30804,2.29805,2.303045
35.1,2.30798,2.2996,2.30379
35.11,2.30713,2.28991,2.29852
35.12,2.30305,2.29212,2.297585
35.13,2.30109,2.2893,2.295195
35.14,2.30014,2.29583,2.297985
35.15,2.29517,2.30311,2.29914
35.16,2.29899,2.30159,2.30029
35.17,2.29322,2.31371,2.303465
35.18,2.30438,2.29872,2.30155
35.19,2.29703,2.29893,2.29798
35.2,2.30008,2.30138,2.30073
35.21,2.30729,2.29788,2.302585
35.22,2.30421,2.29429,2.29925
35.23,2.29163,2.29536,2.293495
35.24,2.29897,2.29652,2.297745
35.25,2.29647,2.29614,2.296305
35.26,2.30616,2.29558,2.30087
35.27,2.30589,2.29134,2.298615
35.28,2.30649,2.30551,2.306
35.29,2.30645,2.29998,2.303215
35.3,2.30158,2.29771,2.299645
35.31,2.30216,2.29726,2.29971
35.32,2.29339,2.30185,2.29762
35.33,2.30066,2.29828,2.29947
35.34,2.30286,2.29743,2.300145
35.35,2.30525,2.29581,2.30053
35.36,2.30512,2.29527,2.300195
35.37,2.30206,2.30379,2.302925
35.38,2.30328,2.29966,2.30147
35.39,2.30413,2.29507,2.2996
35.4,2.30949,2.29759,2.30354
35.41,2.30559,2.29847,2.30203
35.42,2.29582,2.30463,2.300225
35.43,2.29784,2.2946,2.29622
35.44,2.30362,2.30198,2.3028
35.45,2.30337,2.30031,2.30184
35.46,2.3076,2.29522,2.30141
35.47,2.30617,2.2856,2.295885
35.48,2.299,2.29508,2.29704
35.49,2.30209,2.29571,2.2989
35.5,2.29859,2.29124,2.294915
35.51,2.29722,2.2873,2.29226
35.52,2.3062,2.29965,2.302925
35.53,2.30016,2.29912,2.29964
35.54,2.30504,2.30095,2.302995
35.55,2.30148,2.30096,2.30122
35.56,2.3036,2.28651,2.295055
35.57,2.30431,2.29445,2.29938
35.58,2.29812,2.29321,2.295665
35.59,2.30326,2.29081,2.297035
35.6,2.29457,2.29312,2.293845
35.61,2.2959,2.29345,2.294675
35.62,2.29514,2.29663,2.295885
35.63,2.29827,2.29049,2.29438
35.64,2.29448,2.29393,2.294205
35.65,2.30854,2.29001,2.299275
35.66,2.30286,2.29189,2.297375
35.67,2.29716,2.28252,2.28984
35.68,2.302,2.29116,2.29658
35.69,2.29646,2.28245,2.289455
35.7,2.29528,2.28729,2.291285
35.71,2.29365,2.29252,2.293085
35.72,2.30263,2.29494,2.298785
35.73,2.29565,2.28379,2.28972
35.74,2.30598,2.29449,2.300235
35.75,2.30779,2.29021,2.299
35.76,2.30849,2.28636,2.297425
35.77,2.31056,2.28006,2.29531
35.78,2.30815,2.28988,2.299015
35.79,2.30204,2.28949,2.295765
35.8,2.29566,2.28941,2.292535
35.81,2.29772,2.28622,2.29197
35.82,2.29494,2.28351,2.289225
35.83,2.30118,2.27731,2.289245
35.84,2.29887,2.28635,2.29261
35.85,2.29938,2.27869,2.289035
35.86,2.29908,2.28817,2.293625
35.87,2.30051,2.28557,2.29304
35.88,2.30344,2.27958,2.29151
35.89,2.30329,2.29202,2.297655
35.9,2.3046,2.29114,2.29787
35.91,2.29781,2.28856,2.293185
35.92,2.30795,2.29449,2.30122
35.93,2.30081,2.28672,2.293765
35.94,2.30708,2.28092,2.294
35.95,2.30623,2.2838,2.295015
35.96,2.3,2.27815,2.289075
35.97,2.31483,2.27722,2.296025
35.98,2.30433,2.28374,2.294035
35.99,2.30455,2.28295,2.29375
36,2.30143,2.2837,2.292565
36.01,2.30471,2.28056,2.292635
36.02,2.30445,2.27933,2.29189
36.03,2.29547,2.27656,2.286015
36.04,2.30367,2.2783,2.290985
36.05,2.30432,2.28495,2.294635
36.06,2.30338,2.28782,2.2956
36.07,2.30437,2.29106,2.297715
36.08,2.30933,2.28266,2.295995
36.09,2.30533,2.28319,2.29426
36.1,2.30877,2.28052,2.294645
36.11,2.29947,2.29377,2.29662
36.12,2.31018,2.2852,2.29769
36.13,2.30892,2.27145,2.290185
36.14,2.30655,2.28511,2.29583
36.15,2.309,2.28771,2.298355
36.16,2.30685,2.28135,2.2941
36.17,2.30862,2.27942,2.29402
36.18,2.3106,2.28244,2.29652
36.19,2.2949,2.28619,2.290545
36.2,2.30585,2.28583,2.29584
36.21,2.30127,2.28323,2.29225
36.22,2.30528,2.28168,2.29348
36.23,2.30603,2.28796,2.296995
36.24,2.30351,2.28458,2.294045
36.25,2.30688,2.27971,2.293295
36.26,2.31259,2.28152,2.297055
36.27,2.30784,2.28711,2.297475
36.28,2.30943,2.28169,2.29556
36.29,2.31151,2.28548,2.298495
36.3,2.31115,2.28076,2.295955
36.31,2.30156,2.28102,2.29129
36.32,2.30958,2.27492,2.29225
36.33,2.30808,2.28068,2.29438
36.34,2.30067,2.28129,2.29098
36.35,2.29981,2.28373,2.29177
36.36,2.29702,2.2856,2.29131
36.37,2.30361,2.27919,2.2914
36.38,2.30299,2.28254,2.292765
36.39,2.3091,2.28017,2.294635
36.4,2.30492,2.28238,2.29365
36.41,2.3055,2.28871,2.297105
36.42,2.31049,2.28805,2.29927
36.43,2.31255,2.28092,2.296735
36.44,2.30097,2.27997,2.29047
36.45,2.31622,2.28647,2.301345
36.46,2.3105,2.28782,2.29916
36.47,2.3103,2.28173,2.296015
36.48,2.30629,2.27948,2.292885
36.49,2.30552,2.28326,2.29439
36.5,2.30612,2.28819,2.297155
36.51,2.30554,2.29033,2.297935
36.52,2.31141,2.28542,2.298415
36.53,2.30463,2.28933,2.29698
36.54,2.30477,2.28274,2.293755
36.55,2.29765,2.28843,2.29304
36.56,2.30291,2.28687,2.29489
36.57,2.30569,2.29064,2.298165
36.58,2.30596,2.28446,2.29521
36.59,2.3109,2.28527,2.298085
36.6,2.29813,2.28393,2.29103
36.61,2.30437,2.27949,2.29193
36.62,2.30204,2.28573,2.293885
36.63,2.30856,2.29736,2.30296
36.64,2.31235,2.29037,2.30136
36.65,2.30692,2.29743,2.302175
36.66,2.30528,2.29942,2.30235
36.67,2.3022,2.29323,2.297715
36.68,2.31188,2.29907,2.305475
36.69,2.3096,2.29421,2.301905
36.7,2.31312,2.29738,2.30525
36.71,2.31368,2.28683,2.300255
36.72,2.30715,2.28068,2.293915
36.73,2.31083,2.28543,2.29813
36.74,2.30711,2.28418,2.295645
36.75,2.30386,2.29506,2.29946
36.76,2.304,2.29317,2.298585
36.77,2.30668,2.28807,2.297375
36.78,2.30818,2.28903,2.298605
36.79,2.30479,2.29347,2.29913
36.8,2.31085,2.29101,2.30093
36.81,2.31047,2.28865,2.29956
36.82,2.30454,2.29797,2.301255
36.83,2.30503,2.29524,2.300135
36.84,2.31747,2.29678,2.307125
36.85,2.30739,2.29598,2.301685
36.86,2.31033,2.2932,2.301765
36.87,2.31208,2.29426,2.30317
36.88,2.31676,2.28518,2.30097
36.89,2.30995,2.29676,2.303355
36.9,2.31026,2.29453,2.302395
36.91,2.31488,2.29152,2.3032
36.92,2.31623,2.2883,2.302265
36.93,2.30953,2.29174,2.300635
36.94,2.31018,2.28494,2.29756
36.95,2.31276,2.28813,2.300445
36.96,2.31069,2.28528,2.297985
36.97,2.30339,2.28337,2.29338
36.98,2.30107,2.29039,2.29573
36.99,2.3,2.29471,2.297355
37,2.30716,2.29083,2.298995
37.01,2.30543,2.28671,2.29607
37.02,2.29956,2.28865,2.294105
37.03,2.29807,2.2889,2.293485
37.04,2.30053,2.28895,2.29474
37.05,2.30503,2.28237,2.2937
37.06,2.30789,2.28607,2.29698
37.07,2.30372,2.29093,2.297325
37.08,2.29627,2.2927,2.294485
37.09,2.30658,2.27599,2.291285
37.1,2.30955,2.28763,2.29859
37.11,2.3123,2.28786,2.30008
37.12,2.31138,2.29063,2.301005
37.13,2.30726,2.28988,2.29857
37.14,2.30073,2.28446,2.292595
37.15,2.3106,2.28373,2.297165
37.16,2.30372,2.29473,2.299225
37.17,2.29975,2.29211,2.29593
37.18,2.29457,2.28469,2.28963
37.19,2.29909,2.2902,2.294645
37.2,2.30271,2.29532,2.299015
37.21,2.30715,2.29656,2.301855
37.22,2.30052,2.29206,2.29629
37.23,2.30937,2.28601,2.29769
37.24,2.29898,2.28715,2.293065
37.25,2.31016,2.28699,2.298575
37.26,2.29993,2.28991,2.29492
37.27,2.30808,2.28778,2.29793
37.28,2.30392,2.28954,2.29673
37.29,2.30346,2.28919,2.296325
37.3,2.3027,2.28486,2.29378
37.31,2.29639,2.2852,2.290795
37.32,2.30557,2.28175,2.29366
37.33,2.30917,2.28475,2.29696
37.34,2.29928,2.29426,2.29677
37.35,2.29856,2.29209,2.295325
37.36,2.30701,2.30039,2.3037
37.37,2.30325,2.29637,2.29981
37.38,2.30497,2.2872,2.296085
37.39,2.29721,2.29059,2.2939
37.4,2.30349,2.29125,2.29737
37.41,2.29913,2.29186,2.295495
37.42,2.29787,2.28746,2.292665
37.43,2.30216,2.29149,2.296825
37.44,2.29863,2.28525,2.29194
37.45,2.30474,2.29677,2.300755
37.46,2.30403,2.28522,2.294625
37.47,2.30388,2.28398,2.29393
37.48,2.30148,2.29212,2.2968
37.49,2.30234,2.29115,2.296745
37.5,2.29688,2.29129,2.294085
37.51,2.30056,2.29327,2.296915
37.52,2.29879,2.29694,2.297865
37.53,2.29009,2.29899,2.29454
37.54,2.28747,2.29191,2.28969
37.55,2.29505,2.28937,2.29221
37.56,2.30389,2.28628,2.295085
37.57,2.30068,2.28695,2.293815
37.58,2.29706,2.27759,2.287325
37.59,2.29161,2.28529,2.28845
37.6,2.30431,2.28523,2.29477
37.61,2.29622,2.29526,2.29574
37.62,2.29776,2.28778,2.29277
37.63,2.2989,2.27937,2.289135
37.64,2.30124,2.29137,2.296305
37.65,2.2915,2.29479,2.293145
37.66,2.30009,2.29467,2.29738
37.67,2.29261,2.29018,2.291395
37.68,2.29835,2.2873,2.292825
37.69,2.29614,2.28613,2.291135
37.7,2.29706,2.28609,2.291575
37.71,2.29627,2.28394,2.290105
37.72,2.30283,2.28249,2.29266
37.73,2.29374,2.28795,2.290845
37.74,2.29937,2.28859,2.29398
37.75,2.30365,2.2814,2.292525
37.76,2.30224,2.28675,2.294495
37.77,2.30675,2.29007,2.29841
37.78,2.29858,2.28499,2.291785
37.79,2.30191,2.28431,2.29311
37.8,2.29652,2.28482,2.29067
37.81,2.30412,2.29714,2.30063
37.82,2.30092,2.28301,2.291965
37.83,2.3038,2.29833,2.301065
37.84,2.30051,2.2939,2.297205
37.85,2.2996,2.28774,2.29367
37.86,2.30306,2.29212,2.29759
37.87,2.30291,2.29156,2.297235
37.88,2.29777,2.28242,2.290095
37.89,2.2984,2.29353,2.295965
37.9,2.29908,2.28807,2.293575
37.91,2.30613,2.29363,2.29988
37.92,2.30444,2.29482,2.29963
37.93,2.29969,2.29496,2.297325
37.94,2.30233,2.29548,2.298905
37.95,2.30372,2.28548,2.2946
37.96,2.30333,2.28997,2.29665
37.97,2.30099,2.28891,2.29495
37.98,2.29659,2.28466,2.290625
37.99,2.29098,2.28524,2.28811
38,2.29901,2.2829,2.290955
38.01,2.29718,2.28802,2.2926
38.02,2.29854,2.28031,2.289425
38.03,2.29831,2.28145,2.28988
38.04,2.30228,2.28888,2.29558
38.05,2.29596,2.28369,2.289825
38.06,2.29644,2.29063,2.293535
38.07,2.29712,2.29232,2.29472
38.08,2.29937,2.28465,2.29201
38.09,2.30149,2.29469,2.29809
38.1,2.30761,2.29702,2.302315
38.11,2.30357,2.30053,2.30205
38.12,2.31011,2.28591,2.29801
38.13,2.30699,2.29371,2.30035
38.14,2.29722,2.29286,2.29504
38.15,2.30329,2.28947,2.29638
38.16,2.30929,2.29447,2.30188
38.17,2.30425,2.29232,2.298285
38.18,2.29994,2.28249,2.291215
38.19,2.3034,2.28711,2.295255
38.2,2.31303,2.28979,2.30141
38.21,2.30039,2.29383,2.29711
38.22,2.31027,2.27886,2.294565
38.23,2.31122,2.28048,2.29585
38.24,2.30865,2.28416,2.296405
38.25,2.30467,2.28156,2.293115
38.26,2.30875,2.28258,2.295665
38.27,2.31019,2.28246,2.296325
38.28,2.3043,2.2889,2.2966
38.29,2.31079,2.27989,2.29534
38.3,2.31503,2.28364,2.299335
38.31,2.30822,2.29504,2.30163
38.32,2.30889,2.28763,2.29826
38.33,2.30956,2.27334,2.29145
38.34,2.31143,2.28476,2.298095
38.35,2.30931,2.28006,2.294685
38.36,2.30793,2.27979,2.29386
38.37,2.31376,2.28204,2.2979
38.38,2.31681,2.27656,2.296685
38.39,2.31093,2.26924,2.290085
38.4,2.31339,2.27845,2.29592
38.41,2.3113,2.27361,2.292455
38.42,2.31134,2.27297,2.292155
38.43,2.31654,2.28106,2.2988
38.44,2.30878,2.27882,2.2938
38.45,2.3094,2.28198,2.29569
38.46,2.30574,2.27549,2.290615
38.47,2.29879,2.27405,2.28642
38.48,2.30533,2.28682,2.296075
38.49,2.30651,2.27924,2.292875
38.5,2.30084,2.28422,2.29253
38.51,2.30092,2.28848,2.2947
38.52,2.3034,2.27779,2.290595
38.53,2.311,2.28482,2.29791
38.54,2.31067,2.29069,2.30068
38.55,2.30035,2.28232,2.291335
38.56,2.30796,2.27883,2.293395
38.57,2.30129,2.27844,2.289865
38.58,2.30057,2.27496,2.287765
38.59,2.30473,2.27745,2.29109
38.6,2.30105,2.28094,2.290995
38.61,2.30895,2.27853,2.29374
38.62,2.30181,2.28449,2.29315
38.63,2.30928,2.28145,2.295365
38.64,2.30659,2.27605,2.29132
38.65,2.30241,2.27764,2.290025
38.66,2.30751,2.26907,2.28829
38.67,2.30192,2.28029,2.291105
38.68,2.30706,2.28146,2.29426
38.69,2.30571,2.27683,2.29127
38.7,2.29866,2.28248,2.29057
38.71,2.30921,2.27915,2.29418
38.72,2.30259,2.28055,2.29157
38.73,2.30572,2.27034,2.28803
38.74,2.30088,2.28106,2.29097
38.75,2.30412,2.28413,2.294125
38.76,2.30237,2.27894,2.290655
38.77,2.2967,2.27321,2.284955
38.78,2.3031,2.27261,2.287855
38.79,2.30347,2.27394,2.288705
38.8,2.31654,2.28093,2.298735
38.81,2.30628,2.28218,2.29423
38.82,2.30555,2.28314,2.294345
38.83,2.30021,2.28173,2.29097
38.84,2.30016,2.283,2.29158
38.85,2.30319,2.29057,2.29688
38.86,2.30614,2.28294,2.29454
38.87,2.3075,2.26733,2.287415
38.88,2.30002,2.28093,2.290475
38.89,2.30027,2.28249,2.29138
38.9,2.30805,2.28967,2.29886
38.91,2.30444,2.27819,2.291315
38.92,2.29695,2.27098,2.283965
38.93,2.30464,2.27845,2.291545
38.94,2.30079,2.27379,2.28729
38.95,2.30497,2.27779,2.29138
38.96,2.30625,2.27842,2.292335
38.97,2.31299,2.28026,2.296625
38.98,2.30291,2.27684,2.289875
38.99,2.3053,2.27893,2.292115
39,2.30761,2.28191,2.29476
39.01,2.3026,2.27524,2.28892
39.02,2.3073,2.27626,2.29178
39.03,2.31128,2.27415,2.292715
39.04,2.31177,2.27821,2.29499
39.05,2.31026,2.28712,2.29869
39.06,2.31545,2.286,2.300725
39.07,2.32109,2.2877,2.304395
39.08,2.31679,2.28665,2.30172
39.09,2.31865,2.27749,2.29807
39.1,2.3118,2.28348,2.29764
39.11,2.31333,2.28189,2.29761
39.12,2.32017,2.28471,2.30244
39.13,2.32443,2.27716,2.300795
39.14,2.31687,2.27936,2.298115
39.15,2.31251,2.28454,2.298525
39.16,2.31558,2.288,2.30179
39.17,2.31779,2.28341,2.3006
39.18,2.31853,2.27963,2.29908
39.19,2.30872,2.28387,2.296295
39.2,2.30927,2.28019,2.29473
39.21,2.31661,2.28368,2.300145
39.22,2.31275,2.27633,2.29454
39.23,2.30439,2.27981,2.2921
39.24,2.31004,2.28418,2.29711
39.25,2.30869,2.27893,2.29381
39.26,2.3123,2.28266,2.29748
39.27,2.30715,2.27633,2.29174
39.28,2.30729,2.27695,2.29212
39.29,2.30933,2.27875,2.29404
39.3,2.30357,2.27933,2.29145
39.31,2.30795,2.28838,2.298165
39.32,2.29959,2.28527,2.29243
39.33,2.30608,2.28155,2.293815
39.34,2.30714,2.27613,2.291635
39.35,2.30138,2.28151,2.291445
39.36,2.30382,2.28671,2.295265
39.37,2.30382,2.28343,2.293625
39.38,2.30237,2.27787,2.29012
39.39,2.30451,2.28094,2.292725
39.4,2.30379,2.27899,2.29139
39.41,2.3021,2.2851,2.2936
39.42,2.30587,2.28771,2.29679
39.43,2.30552,2.28696,2.29624
39.44,2.30902,2.28616,2.29759
39.45,2.30046,2.28057,2.290515
39.46,2.30597,2.28727,2.29662
39.47,2.29601,2.28453,2.29027
39.48,2.30357,2.29921,2.30139
39.49,2.3073,2.2949,2.3011
39.5,2.30627,2.29553,2.3009
39.51,2.30093,2.28502,2.292975
39.52,2.29323,2.29265,2.29294
39.53,2.31342,2.29195,2.302685
39.54,2.30819,2.28928,2.298735
39.55,2.30871,2.28998,2.299345
39.56,2.31048,2.28479,2.297635
39.57,2.30261,2.29324,2.297925
39.58,2.30732,2.2926,2.29996
39.59,2.29541,2.29309,2.29425
39.6,2.30215,2.29075,2.29645
39.61,2.30599,2.2932,2.299595
39.62,2.29779,2.29314,2.295465
39.63,2.29354,2.29512,2.29433
39.64,2.2923,2.28546,2.28888
39.65,2.29878,2.28774,2.29326
39.66,2.29686,2.28915,2.293005
39.67,2.3036,2.28448,2.29404
39.68,2.29858,2.29285,2.295715
39.69,2.30212,2.28864,2.29538
39.7,2.30906,2.27944,2.29425
39.71,2.311,2.29087,2.300935
39.72,2.29905,2.29185,2.29545
39.73,2.29962,2.29578,2.2977
39.74,2.30165,2.28771,2.29468
39.75,2.30562,2.29575,2.300685
39.76,2.29788,2.29477,2.296325
39.77,2.29417,2.29185,2.29301
39.78,2.30695,2.28835,2.29765
39.79,2.30408,2.28554,2.29481
39.8,2.30754,2.2965,2.30202
39.81,2.30633,2.29318,2.299755
39.82,2.3021,2.29136,2.29673
39.83,2.30524,2.28513,2.295185
39.84,2.29505,2.29079,2.29292
39.85,2.30379,2.30089,2.30234
39.86,2.29414,2.28797,2.291055
39.87,2.30015,2.28911,2.29463
39.88,2.29384,2.30385,2.298845
39.89,2.29391,2.29163,2.29277
39.9,2.30213,2.29406,2.298095
39.91,2.30087,2.29477,2.29782
39.92,2.3045,2.29702,2.30076
39.93,2.30431,2.30637,2.30534
39.94,2.29961,2.29989,2.29975
39.95,2.30638,2.29823,2.302305
39.96,2.29056,2.29586,2.29321
39.97,2.29897,2.2944,2.296685
39.98,2.29764,2.29913,2.298385
39.99,2.30747,2.29551,2.30149
40,2.29946,2.29674,2.2981
40.01,2.30593,2.29545,2.30069
40.02,2.30076,2.29191,2.296335
40.03,2.31226,2.29678,2.30452
40.04,2.31504,2.29063,2.302835
40.05,2.31257,2.2944,2.303485
40.06,2.3148,2.28835,2.301575
40.07,2.30629,2.284,2.295145
40.08,2.31022,2.29235,2.301285
40.09,2.31496,2.29504,2.305
40.1,2.30201,2.2949,2.298455
40.11,2.30995,2.29329,2.30162
40.12,2.30426,2.29124,2.29775
40.13,2.30252,2.28213,2.292325
40.14,2.31074,2.28749,2.299115
40.15,2.30516,2.29251,2.298835
40.16,2.29845,2.29338,2.295915
40.17,2.29892,2.29467,2.296795
40.18,2.30021,2.29041,2.29531
40.19,2.3024,2.28324,2.29282
40.2,2.3035,2.28429,2.293895
40.21,2.30108,2.28245,2.291765
40.22,2.31109,2.29096,2.301025
40.23,2.30634,2.29649,2.301415
40.24,2.30724,2.28582,2.29653
40.25,2.30229,2.29485,2.29857
40.26,2.30807,2.28847,2.29827
40.27,2.29868,2.28928,2.29398
40.28,2.30486,2.28974,2.2973
40.29,2.30788,2.29344,2.30066
40.3,2.31067,2.30392,2.307295
40.31,2.31544,2.29373,2.304585
40.32,2.31071,2.29579,2.30325
40.33,2.31112,2.2974,2.30426
40.34,2.31782,2.30343,2.310625
40.35,2.31259,2.30119,2.30689
40.36,2.31503,2.29026,2.302645
40.37,2.31989,2.29502,2.307455
40.38,2.31421,2.29626,2.305235
40.39,2.31723,2.2847,2.300965
40.4,2.30966,2.28761,2.298635
40.41,2.31006,2.2905,2.30028
40.42,2.31112,2.28312,2.29712
40.43,2.31356,2.29371,2.303635
40.44,2.31345,2.29451,2.30398
40.45,2.31394,2.29922,2.30658
40.46,2.30704,2.29809,2.302565
40.47,2.29918,2.29602,2.2976
40.48,2.3062,2.29465,2.300425
40.49,2.31098,2.29186,2.30142
40.5,2.30897,2.30038,2.304675
40.51,2.311,2.29532,2.30316
40.52,2.29818,2.30448,2.30133
40.53,2.30577,2.29136,2.298565
40.54,2.30597,2.28973,2.29785
40.55,2.30662,2.29375,2.300185
40.56,2.30331,2.29272,2.298015
40.57,2.3012,2.29316,2.29718
40.58,2.31528,2.28751,2.301395
40.59,2.30852,2.29609,2.302305
40.6,2.31537,2.29004,2.302705
40.61,2.30828,2.28697,2.297625
40.62,2.30911,2.29917,2.30414
40.63,2.30605,2.28873,2.29739
40.64,2.30764,2.28378,2.29571
40.65,2.30754,2.29406,2.3008
40.66,2.30027,2.29103,2.29565
40.67,2.31083,2.28442,2.297625
40.68,2.31176,2.29108,2.30142
40.69,2.30979,2.27836,2.294075
40.7,2.3064,2.2894,2.2979
40.71,2.30098,2.29105,2.296015
40.72,2.30406,2.28415,2.294105
40.73,2.30576,2.29145,2.298605
40.74,2.3065,2.29173,2.299115
40.75,2.29979,2.28805,2.29392
40.76,2.29838,2.29565,2.297015
40.77,2.30134,2.29763,2.299485
40.78,2.29647,2.29295,2.29471
40.79,2.29951,2.29187,2.29569
40.8,2.304,2.28851,2.296255
40.81,2.29786,2.30008,2.29897
40.82,2.29521,2.2963,2.295755
40.83,2.30403,2.28775,2.29589
40.84,2.30199,2.29285,2.29742
40.85,2.30243,2.2956,2.299015
40.86,2.29828,2.29515,2.296715
40.87,2.30211,2.29517,2.29864
40.88,2.29799,2.29616,2.297075
40.89,2.30343,2.29241,2.29792
40.9,2.3039,2.29513,2.299515
40.91,2.30905,2.29487,2.30196
40.92,2.30533,2.29526,2.300295
40.93,2.30145,2.29635,2.2989
40.94,2.30589,2.29167,2.29878
40.95,2.30622,2.29423,2.300225
40.96,2.30227,2.29798,2.300125
40.97,2.31382,2.29238,2.3031
40.98,2.31023,2.30016,2.305195
40.99,2.31732,2.2871,2.30221
41,2.30613,2.29241,2.29927
41.01,2.30573,2.28753,2.29663
41.02,2.31051,2.29949,2.305
41.03,2.3062,2.29365,2.299925
41.04,2.29989,2.30596,2.302925
41.05,2.29782,2.29615,2.296985
41.06,2.30307,2.29416,2.298615
41.07,2.30233,2.29123,2.29678
41.08,2.28926,2.29794,2.2936
41.09,2.28812,2.28741,2.287765
41.1,2.29124,2.28763,2.289435
41.11,2.29229,2.29521,2.29375
41.12,2.30166,2.29709,2.299375
41.13,2.29578,2.30605,2.300915
41.14,2.29938,2.28976,2.29457
41.15,2.29952,2.29661,2.298065
41.16,2.29547,2.2936,2.294535
41.17,2.30124,2.29315,2.297195
41.18,2.29997,2.30366,2.301815
41.19,2.29719,2.29353,2.29536
41.2,2.30817,2.29592,2.302045
41.21,2.30363,2.28649,2.29506
41.22,2.29748,2.29122,2.29435
41.23,2.30555,2.29336,2.299455
41.24,2.29616,2.28443,2.290295
41.25,2.30776,2.28957,2.298665
41.26,2.29531,2.29361,2.29446
41.27,2.3006,2.28909,2.294845
41.28,2.29583,2.29397,2.2949
41.29,2.29492,2.28814,2.29153
41.3,2.29752,2.29834,2.29793
41.31,2.2968,2.29301,2.294905
41.32,2.29431,2.29407,2.29419
41.33,2.29514,2.2917,2.29342
41.34,2.29745,2.30069,2.29907
41.35,2.29309,2.29637,2.29473
41.36,2.29744,2.28755,2.292495
41.37,2.29356,2.29462,2.29409
41.38,2.29291,2.30075,2.29683
41.39,2.29064,2.2938,2.29222
41.4,2.29986,2.29488,2.29737
41.41,2.28852,2.29053,2.289525
41.42,2.29779,2.29263,2.29521
41.43,2.29418,2.29674,2.29546
41.44,2.29499,2.29705,2.29602
41.45,2.29676,2.28977,2.293265
41.46,2.29836,2.29456,2.29646
41.47,2.29501,2.28648,2.290745
41.48,2.30241,2.28572,2.294065
41.49,2.29816,2.29449,2.296325
41.5,2.29538,2.29194,2.29366
41.51,2.29259,2.29218,2.292385
41.52,2.29338,2.29335,2.293365
41.53,2.30154,2.29644,2.29899
41.54,2.29871,2.29946,2.299085
41.55,2.30334,2.29789,2.300615
41.56,2.29436,2.29384,2.2941
41.57,2.29956,2.29328,2.29642
41.58,2.3017,2.29555,2.298625
41.59,2.29588,2.307,2.30144
41.6,2.29025,2.27995,2.2851
41.61,2.30324,2.30284,2.30304
41.62,2.30149,2.2925,2.296995
41.63,2.30037,2.29173,2.29605
41.64,2.2999,2.29492,2.29741
41.65,2.30026,2.29007,2.295165
41.66,2.29299,2.29309,2.29304
41.67,2.29342,2.28817,2.290795
41.68,2.2923,2.29693,2.294615
41.69,2.30289,2.29184,2.297365
41.7,2.28925,2.28927,2.28926
41.71,2.29127,2.29728,2.294275
41.72,2.28931,2.29827,2.29379
41.73,2.2968,2.29126,2.29403
41.74,2.30271,2.29191,2.29731
41.75,2.30068,2.29619,2.298435
41.76,2.29477,2.28824,2.291505
41.77,2.29906,2.28916,2.29411
41.78,2.29708,2.28293,2.290005
41.79,2.30063,2.29396,2.297295
41.8,2.29608,2.29189,2.293985
41.81,2.29243,2.30392,2.298175
41.82,2.29641,2.29299,2.2947
41.83,2.29342,2.2886,2.29101
41.84,2.29721,2.29338,2.295295
41.85,2.29895,2.29433,2.29664
41.86,2.29687,2.28798,2.292425
41.87,2.29019,2.28805,2.28912
41.88,2.29087,2.28402,2.287445
41.89,2.29242,2.28946,2.29094
41.9,2.29337,2.28831,2.29084
41.91,2.30106,2.28948,2.29527
41.92,2.29508,2.29296,2.29402
41.93,2.29735,2.29544,2.296395
41.94,2.297,2.29371,2.295355
41.95,2.29994,2.2964,2.29817
41.96,2.29651,2.30035,2.29843
41.97,2.29216,2.29424,2.2932
41.98,2.29476,2.30233,2.298545
41.99,2.30174,2.29467,2.298205
42,2.29995,2.29537,2.29766
42.01,2.29036,2.29553,2.292945
42.02,2.29417,2.2905,2.292335
42.03,2.29797,2.29444,2.296205
42.04,2.30477,2.29417,2.29947
42.05,2.30355,2.29985,2.3017
42.06,2.28818,2.29959,2.293885
42.07,2.30253,2.29977,2.30115
42.08,2.29844,2.29719,2.297815
42.09,2.29039,2.29202,2.291205
42.1,2.29636,2.29451,2.295435
42.11,2.29518,2.29678,2.29598
42.12,2.30093,2.29994,2.300435
42.13,2.29074,2.29694,2.29384
42.14,2.2966,2.29184,2.29422
42.15,2.29608,2.30128,2.29868
42.16,2.29408,2.29822,2.29615
42.17,2.29877,2.30317,2.30097
42.18,2.3003,2.30173,2.301015
42.19,2.30492,2.29765,2.301285
42.2,2.30038,2.29408,2.29723
42.21,2.30352,2.30284,2.30318
42.22,2.29994,2.30627,2.303105
42.23,2.29278,2.30263,2.297705
42.24,2.29746,2.2971,2.29728
42.25,2.29392,2.30022,2.29707
42.26,2.28827,2.29232,2.290295
42.27,2.29655,2.29445,2.2955
42.28,2.2946,2.29621,2.295405
42.29,2.29231,2.29006,2.291185
42.3,2.28537,2.29019,2.28778
42.31,2.29899,2.29567,2.29733
42.32,2.29712,2.28323,2.290175
42.33,2.2951,2.28216,2.28863
42.34,2.29685,2.28205,2.28945
42.35,2.28838,2.28874,2.28856
42.36,2.29351,2.29332,2.293415
42.37,2.29374,2.29297,2.293355
42.38,2.28739,2.29199,2.28969
42.39,2.29803,2.28218,2.290105
42.4,2.2971,2.29185,2.294475
42.41,2.29185,2.28427,2.28806
42.42,2.29979,2.28509,2.29244
42.43,2.3019,2.28663,2.294265
42.44,2.29741,2.28781,2.29261
42.45,2.30159,2.29266,2.297125
42.46,2.29833,2.29335,2.29584
42.47,2.30119,2.29434,2.297765
42.48,2.30337,2.29915,2.30126
42.49,2.3043,2.30116,2.30273
42.5,2.30937,2.2927,2.301035
42.51,2.30937,2.30047,2.30492
42.52,2.30139,2.2962,2.298795
42.53,2.29994,2.29369,2.296815
42.54,2.29902,2.29933,2.299175
42.55,2.29797,2.28294,2.290455
42.56,2.29313,2.29711,2.29512
42.57,2.29965,2.28596,2.292805
42.58,2.29833,2.29965,2.29899
42.59,2.29518,2.29988,2.29753
42.6,2.29432,2.29028,2.2923
42.61,2.29362,2.29363,2.293625
42.62,2.2967,2.3015,2.2991
42.63,2.3006,2.30077,2.300685
42.64,2.29228,2.29616,2.29422
42.65,2.29627,2.30172,2.298995
42.66,2.298,2.29308,2.29554
42.67,2.29634,2.29302,2.29468
42.68,2.30895,2.28986,2.299405
42.69,2.30206,2.29568,2.29887
42.7,2.30268,2.29025,2.296465
42.71,2.29637,2.29556,2.295965
42.72,2.29965,2.29338,2.296515
42.73,2.30336,2.30182,2.30259
42.74,2.30205,2.29676,2.299405
42.75,2.30042,2.29908,2.29975
42.76,2.29871,2.29714,2.297925
42.77,2.29982,2.29741,2.298615
42.78,2.30378,2.30031,2.302045
42.79,2.30018,2.30171,2.300945
42.8,2.30101,2.29511,2.29806
42.81,2.29886,2.30546,2.30216
42.82,2.30155,2.30163,2.30159
42.83,2.29829,2.28996,2.294125
42.84,2.29962,2.30397,2.301795
42.85,2.30425,2.30611,2.30518
42.86,2.31033,2.29672,2.303525
42.87,2.30106,2.28847,2.294765
42.88,2.30582,2.303,2.30441
42.89,2.30817,2.30235,2.30526
42.9,2.30559,2.29372,2.299655
42.91,2.29849,2.29992,2.299205
42.92,2.29479,2.29515,2.29497
42.93,2.30056,2.29473,2.297645
42.94,2.29741,2.30346,2.300435
42.95,2.29613,2.29195,2.29404
42.96,2.29874,2.29863,2.298685
42.97,2.30706,2.30372,2.30539
42.98,2.29634,2.29604,2.29619
42.99,2.30606,2.29154,2.2988
43,2.29527,2.28591,2.29059
43.01,2.30278,2.29143,2.297105
43.02,2.29773,2.29005,2.29389
43.03,2.30366,2.28531,2.294485
43.04,2.30225,2.297,2.299625
43.05,2.30743,2.29701,2.30222
43.06,2.30214,2.29791,2.300025
43.07,2.30246,2.28855,2.295505
43.08,2.30322,2.28983,2.296525
43.09,2.29508,2.29064,2.29286
43.1,2.30265,2.29402,2.298335
43.11,2.30375,2.30017,2.30196
43.12,2.30925,2.3017,2.305475
43.13,2.30537,2.30041,2.30289
43.14,2.30064,2.29366,2.29715
43.15,2.30466,2.29304,2.29885
43.16,2.29535,2.30317,2.29926
43.17,2.30037,2.29847,2.29942
43.18,2.2889,2.29873,2.293815
43.19,2.2924,2.30077,2.296585
43.2,2.29348,2.29385,2.293665
43.21,2.29304,2.29367,2.293355
43.22,2.29852,2.29702,2.29777
43.23,2.29928,2.29871,2.298995
43.24,2.29816,2.28491,2.291535
43.25,2.30281,2.29698,2.299895
43.26,2.30121,2.29766,2.299435
43.27,2.29944,2.29768,2.29856
43.28,2.29872,2.29617,2.297445
43.29,2.2982,2.29225,2.295225
43.3,2.29762,2.30036,2.29899
43.31,2.30122,2.29532,2.29827
43.32,2.30184,2.29329,2.297565
43.33,2.29925,2.29392,2.296585
43.34,2.29709,2.30185,2.29947
43.35,2.30022,2.30524,2.30273
43.36,2.30111,2.29766,2.299385
43.37,2.30122,2.29938,2.3003
43.38,2.28945,2.29357,2.29151
43.39,2.29838,2.29662,2.2975
43.4,2.30176,2.29982,2.30079
43.41,2.2954,2.30332,2.29936
43.42,2.29467,2.29717,2.29592
43.43,2.29421,2.30499,2.2996
43.44,2.29104,2.29514,2.29309
43.45,2.30256,2.29933,2.300945
43.46,2.2923,2.2908,2.29155
43.47,2.29331,2.29915,2.29623
43.48,2.30528,2.28997,2.297625
43.49,2.30081,2.28934,2.295075
43.5,2.30416,2.28141,2.292785
43.51,2.2946,2.27895,2.286775
43.52,2.29993,2.29094,2.295435
43.53,2.29564,2.29054,2.29309
43.54,2.29774,2.29039,2.294065
43.55,2.29956,2.29702,2.29829
43.56,2.29777,2.28843,2.2931
43.57,2.29885,2.28889,2.29387
43.58,2.2941,2.29208,2.29309
43.59,2.3011,2.28977,2.295435
43.6,2.29739,2.2868,2.292095
43.61,2.29268,2.29059,2.291635
43.62,2.29646,2.29047,2.293465
43.63,2.29236,2.28744,2.2899
43.64,2.29208,2.29011,2.291095
43.65,2.29533,2.28604,2.290685
43.66,2.29966,2.28278,2.29122
43.67,2.29886,2.2929,2.29588
43.68,2.29609,2.28303,2.28956
43.69,2.29633,2.28709,2.29171
43.7,2.29547,2.28664,2.291055
43.71,2.29954,2.28937,2.294455
43.72,2.30224,2.28599,2.294115
43.73,2.29977,2.2914,2.295585
43.74,2.30292,2.28999,2.296455
43.75,2.3007,2.28262,2.29166
43.76,2.30078,2.29111,2.295945
43.77,2.29851,2.28401,2.29126
43.78,2.29941,2.28826,2.293835
43.79,2.3046,2.28804,2.29632
43.8,2.30725,2.29249,2.29987
43.81,2.30975,2.28374,2.296745
43.82,2.30567,2.29375,2.29971
43.83,2.31335,2.29139,2.30237
43.84,2.29901,2.29121,2.29511
43.85,2.30591,2.28675,2.29633
43.86,2.30652,2.28891,2.297715
43.87,2.30756,2.28181,2.294685
43.88,2.31028,2.29095,2.300615
43.89,2.31498,2.29218,2.30358
43.9,2.30783,2.28749,2.29766
43.91,2.30125,2.28728,2.294265
43.92,2.30118,2.28886,2.29502
43.93,2.30848,2.28833,2.298405
43.94,2.30205,2.29254,2.297295
43.95,2.3047,2.28924,2.29697
43.96,2.29985,2.29087,2.29536
43.97,2.30359,2.28701,2.2953
43.98,2.30839,2.29278,2.300585
43.99,2.30541,2.29164,2.298525
44,2.30204,2.2937,2.29787
44.01,2.301,2.28804,2.29452
44.02,2.30423,2.29193,2.29808
44.03,2.30136,2.28691,2.294135
44.04,2.30476,2.28441,2.294585
44.05,2.30131,2.28669,2.294
44.06,2.30895,2.28948,2.299215
44.07,2.30801,2.28532,2.296665
44.08,2.30282,2.29344,2.29813
44.09,2.30039,2.28684,2.293615
44.1,2.30032,2.28788,2.2941
44.11,2.31452,2.30391,2.309215
44.12,2.31288,2.29345,2.303165
44.13,2.31006,2.28885,2.299455
44.14,2.29858,2.28811,2.293345
44.15,2.29739,2.28826,2.292825
44.16,2.29599,2.29327,2.29463
44.17,2.2974,2.28715,2.292275
44.18,2.30724,2.29621,2.301725
44.19,2.30725,2.29073,2.29899
44.2,2.30703,2.28928,2.298155
44.21,2.30772,2.2934,2.30056
44.22,2.29699,2.28843,2.29271
44.23,2.30156,2.29831,2.299935
44.24,2.30833,2.29581,2.30207
44.25,2.31137,2.28896,2.300165
44.26,2.3094,2.2963,2.30285
44.27,2.30144,2.2877,2.29457
44.28,2.30056,2.28468,2.29262
44.29,2.30181,2.28103,2.29142
44.3,2.30465,2.29389,2.29927
44.31,2.30361,2.28929,2.29645
44.32,2.30467,2.2893,2.296985
44.33,2.31151,2.29212,2.301815
44.34,2.31277,2.29532,2.304045
44.35,2.30453,2.28873,2.29663
44.36,2.30859,2.28817,2.29838
44.37,2.30077,2.2944,2.297585
44.38,2.30264,2.29101,2.296825
44.39,2.30004,2.28755,2.293795
44.4,2.29957,2.29702,2.298295
44.41,2.3002,2.3025,2.30135
44.42,2.3046,2.29406,2.29933
44.43,2.31096,2.29933,2.305145
44.44,2.30293,2.28767,2.2953
44.45,2.30329,2.29699,2.30014
44.46,2.30752,2.2951,2.30131
44.47,2.31383,2.29434,2.304085
44.48,2.30498,2.28559,2.295285
44.49,2.30532,2.29262,2.29897
44.5,2.30823,2.28652,2.297375
44.51,2.30042,2.29634,2.29838
44.52,2.29935,2.30131,2.30033
44.53,2.3058,2.29543,2.300615
44.54,2.30001,2.28545,2.29273
44.55,2.30421,2.2983,2.301255
44.56,2.30283,2.30251,2.30267
44.57,2.29842,2.30425,2.301335
44.58,2.30283,2.29679,2.29981
44.59,2.30252,2.29921,2.300865
44.6,2.30259,2.2965,2.299545
44.61,2.2978,2.29537,2.296585
44.62,2.2961,2.29739,2.296745
44.63,2.30402,2.29713,2.300575
44.64,2.30967,2.29776,2.303715
44.65,2.30979,2.29181,2.3008
44.66,2.30133,2.29388,2.297605
44.67,2.29846,2.29665,2.297555
44.68,2.3072,2.30269,2.304945
44.69,2.3036,2.29268,2.29814
44.7,2.30659,2.29052,2.298555
44.71,2.30594,2.30373,2.304835
44.72,2.3033,2.30245,2.302875
44.73,2.29426,2.31108,2.30267
44.74,2.29671,2.29726,2.296985
44.75,2.29752,2.31147,2.304495
44.76,2.29208,2.30293,2.297505
44.77,2.30477,2.30325,2.30401
44.78,2.30192,2.29562,2.29877
44.79,2.30002,2.30454,2.30228
44.8,2.31679,2.29862,2.307705
44.81,2.30902,2.2955,2.30226
44.82,2.29675,2.28612,2.291435
44.83,2.29985,2.30328,2.301565
44.84,2.29426,2.30134,2.2978
44.85,2.2954,2.30285,2.299125
44.86,2.29844,2.29292,2.29568
44.87,2.29678,2.30301,2.299895
44.88,2.28924,2.29617,2.292705
44.89,2.29533,2.295,2.295165
44.9,2.29484,2.29938,2.29711
44.91,2.29558,2.29595,2.295765
44.92,2.29568,2.30099,2.298335
44.93,2.29651,2.29452,2.295515
44.94,2.29907,2.29186,2.295465
44.95,2.30517,2.29656,2.300865
44.96,2.29692,2.29268,2.2948
44.97,2.29487,2.29708,2.295975
44.98,2.29832,2.29647,2.297395
44.99,2.30223,2.2916,2.296915
45,2.29936,2.28849,2.293925
45.01,2.30353,2.29512,2.299325
45.02,2.30548,2.28984,2.29766
45.03,2.30386,2.29627,2.300065
45.04,2.29502,2.2922,2.29361
45.05,2.29396,2.29012,2.29204
45.06,2.29692,2.2911,2.29401
45.07,2.28817,2.29366,2.290915
45.08,2.29016,2.30673,2.298445
45.09,2.29643,2.2986,2.297515
45.1,2.29549,2.29273,2.29411
45.11,2.29346,2.29068,2.29207
45.12,2.29169,2.27499,2.28334
45.13,2.29482,2.28562,2.29022
45.14,2.2957,2.2932,2.29445
45.15,2.30135,2.28857,2.29496
45.16,2.29722,2.28621,2.291715
45.17,2.29948,2.28682,2.29315
45.18,2.3004,2.28417,2.292285
45.19,2.30277,2.29098,2.296875
45.2,2.29161,2.29055,2.29108
45.21,2.29693,2.28599,2.29146
45.22,2.29184,2.28622,2.28903
45.23,2.29114,2.29694,2.29404
45.24,2.29212,2.28384,2.28798
45.25,2.29243,2.29104,2.291735
45.26,2.29432,2.29052,2.29242
45.27,2.30132,2.28571,2.293515
45.28,2.29985,2.2844,2.292125
45.29,2.29486,2.28523,2.290045
45.3,2.30178,2.28955,2.295665
45.31,2.29482,2.28899,2.291905
45.32,2.30102,2.28234,2.29168
45.33,2.30544,2.2881,2.29677
45.34,2.29906,2.28157,2.290315
45.35,2.29616,2.28436,2.29026
45.36,2.30029,2.29703,2.29866
45.37,2.29503,2.28837,2.2917
45.38,2.29643,2.2965,2.296465
45.39,2.29992,2.29741,2.298665
45.4,2.29513,2.30034,2.297735
45.41,2.30245,2.29122,2.296835
45.42,2.29983,2.2957,2.297765
45.43,2.30253,2.29254,2.297535
45.44,2.30443,2.28307,2.29375
45.45,2.30473,2.28823,2.29648
45.46,2.30347,2.29306,2.298265
45.47,2.3052,2.28775,2.296475
45.48,2.3076,2.28342,2.29551
45.49,2.30573,2.28993,2.29783
45.5,2.30787,2.28923,2.29855
45.51,2.30763,2.30096,2.304295
45.52,2.305,2.28865,2.296825
45.53,2.30135,2.2956,2.298475
45.54,2.29996,2.28884,2.2944
45.55,2.29787,2.28903,2.29345
45.56,2.29569,2.28577,2.29073
45.57,2.29393,2.29581,2.29487
45.58,2.29509,2.29529,2.29519
45.59,2.30928,2.28865,2.298965
45.6,2.302,2.29966,2.30083
45.61,2.3034,2.29589,2.299645
45.62,2.29667,2.28995,2.29331
45.63,2.29111,2.28976,2.290435
45.64,2.29279,2.29686,2.294825
45.65,2.29368,2.29599,2.294835
45.66,2.29139,2.29327,2.29233
45.67,2.2971,2.29114,2.29412
45.68,2.29289,2.29099,2.29194
45.69,2.29956,2.2889,2.29423
45.7,2.29223,2.29797,2.2951
45.71,2.29868,2.29353,2.296105
45.72,2.29035,2.29168,2.291015
45.73,2.2928,2.29429,2.293545
45.74,2.29434,2.28984,2.29209
45.75,2.29468,2.28485,2.289765
45.76,2.29483,2.28189,2.28836
45.77,2.29801,2.29293,2.29547
45.78,2.29802,2.29065,2.294335
45.79,2.30222,2.28462,2.29342
45.8,2.30504,2.29343,2.299235
45.81,2.30529,2.29171,2.2985
45.82,2.30253,2.29272,2.297625
45.83,2.2984,2.28909,2.293745
45.84,2.2994,2.29235,2.295875
45.85,2.29098,2.2918,2.29139
45.86,2.29267,2.28892,2.290795
45.87,2.29625,2.29521,2.29573
45.88,2.30012,2.28161,2.290865
45.89,2.30612,2.29201,2.299065
45.9,2.30168,2.28379,2.292735
45.91,2.3003,2.28596,2.29313
45.92,2.30869,2.29242,2.300555
45.93,2.30579,2.29396,2.299875
45.94,2.29357,2.28877,2.29117
45.95,2.30074,2.29287,2.296805
45.96,2.29743,2.28969,2.29356
45.97,2.29697,2.28938,2.293175
45.98,2.2923,2.2904,2.29135
45.99,2.30231,2.29247,2.29739
46,2.29759,2.29396,2.295775
46.01,2.29866,2.28401,2.291335
46.02,2.29663,2.29127,2.29395
46.03,2.29962,2.28298,2.2913
46.04,2.29845,2.28803,2.29324
46.05,2.30696,2.29562,2.30129
46.06,2.29922,2.28965,2.294435
46.07,2.30042,2.28406,2.29224
46.08,2.30058,2.29355,2.297065
46.09,2.30898,2.29355,2.301265
46.1,2.30653,2.29344,2.299985
46.11,2.30451,2.2897,2.297105
46.12,2.30178,2.28989,2.295835
46.13,2.30437,2.29122,2.297795
46.14,2.30646,2.29422,2.30034
46.15,2.30291,2.29779,2.30035
46.16,2.31223,2.29706,2.304645
46.17,2.30349,2.28816,2.295825
46.18,2.31043,2.29791,2.30417
46.19,2.30256,2.29031,2.296435
46.2,2.3079,2.29697,2.302435
46.21,2.30498,2.29014,2.29756
46.22,2.29492,2.28841,2.291665
46.23,2.30517,2.28929,2.29723
46.24,2.30866,2.29495,2.301805
46.25,2.30778,2.29035,2.299065
46.26,2.3039,2.2893,2.2966
46.27,2.30672,2.29773,2.302225
46.28,2.30494,2.29328,2.29911
46.29,2.30601,2.30344,2.304725
46.3,2.29905,2.29625,2.29765
46.31,2.29834,2.29016,2.29425
46.32,2.30488,2.29711,2.300995
46.33,2.29979,2.28806,2.293925
46.34,2.30552,2.291,2.29826
46.35,2.29388,2.30072,2.2973
46.36,2.30549,2.29605,2.30077
46.37,2.2989,2.29847,2.298685
46.38,2.30569,2.29131,2.2985
46.39,2.30277,2.2941,2.298435
46.4,2.30113,2.28748,2.294305
46.41,2.29615,2.28876,2.292455
46.42,2.29823,2.29432,2.296275
46.43,2.29839,2.28943,2.29391
46.44,2.30584,2.29164,2.29874
46.45,2.30884,2.28556,2.2972
46.46,2.30524,2.28506,2.29515
46.47,2.30458,2.28102,2.2928
46.48,2.30707,2.28759,2.29733
46.49,2.3,2.28699,2.293495
46.5,2.30194,2.29097,2.296455
46.51,2.30528,2.29154,2.29841
46.52,2.29684,2.2904,2.29362
46.53,2.30669,2.29479,2.30074
46.54,2.31191,2.2929,2.302405
46.55,2.30627,2.2988,2.302535
46.56,2.30772,2.29461,2.301165
46.57,2.30842,2.28616,2.29729
46.58,2.30552,2.28683,2.296175
46.59,2.30509,2.28253,2.29381
46.6,2.30305,2.2888,2.295925
46.61,2.30216,2.28812,2.29514
46.62,2.30953,2.28682,2.298175
46.63,2.31159,2.29944,2.305515
46.64,2.31274,2.29361,2.303175
46.65,2.3069,2.28959,2.298245
46.66,2.31094,2.29423,2.302585
46.67,2.31329,2.29408,2.303685
46.68,2.30389,2.29579,2.29984
46.69,2.30483,2.29804,2.301435
46.7,2.31529,2.30238,2.308835
46.71,2.3141,2.3051,2.3096
46.72,2.31014,2.30448,2.30731
46.73,2.31786,2.29412,2.30599
46.74,2.32411,2.30256,2.313335
46.75,2.31521,2.29696,2.306085
46.76,2.31636,2.30002,2.30819
46.77,2.30806,2.30313,2.305595
46.78,2.30791,2.30465,2.30628
46.79,2.3135,2.30698,2.31024
46.8,2.31858,2.29722,2.3079
46.81,2.30418,2.29985,2.302015
46.82,2.30834,2.29995,2.304145
46.83,2.31612,2.30019,2.308155
46.84,2.30797,2.29593,2.30195
46.85,2.3161,2.29764,2.30687
46.86,2.30666,2.29859,2.302625
46.87,2.314,2.3033,2.30865
46.88,2.30681,2.29513,2.30097
46.89,2.31484,2.29731,2.306075
46.9,2.31082,2.29989,2.305355
46.91,2.30526,2.29612,2.30069
46.92,2.31773,2.28983,2.30378
46.93,2.31115,2.29465,2.3029
46.94,2.30808,2.30067,2.304375
46.95,2.31606,2.30007,2.308065
46.96,2.3111,2.30026,2.30568
46.97,2.31618,2.28929,2.302735
46.98,2.30748,2.29936,2.30342
46.99,2.31447,2.30198,2.308225
47,2.30424,2.30497,2.304605
47.01,2.30443,2.29819,2.30131
47.02,2.30839,2.30071,2.30455
47.03,2.31448,2.30402,2.30925
47.04,2.30902,2.31112,2.31007
47.05,2.31381,2.30236,2.308085
47.06,2.31608,2.30431,2.310195
47.07,2.31153,2.30222,2.306875
47.08,2.31626,2.29623,2.306245
47.09,2.31729,2.29654,2.306915
47.1,2.31649,2.30295,2.30972
47.11,2.32191,2.2909,2.306405
47.12,2.32737,2.30644,2.316905
47.13,2.32131,2.29528,2.308295
47.14,2.32816,2.29568,2.31192
47.15,2.3192,2.29989,2.309545
47.16,2.31657,2.29794,2.307255
47.17,2.31273,2.29843,2.30558
47.18,2.30854,2.3009,2.30472
47.19,2.31305,2.3007,2.306875
47.2,2.31296,2.30205,2.307505
47.21,2.32329,2.30448,2.313885
47.22,2.31063,2.29173,2.30118
47.23,2.31349,2.29433,2.30391
47.24,2.30421,2.29724,2.300725
47.25,2.30957,2.29112,2.300345
47.26,2.30883,2.29935,2.30409
47.27,2.31035,2.30057,2.30546
47.28,2.32017,2.29702,2.308595
47.29,2.32365,2.30475,2.3142
47.3,2.30862,2.30641,2.307515
47.31,2.31307,2.29745,2.30526
47.32,2.3195,2.29262,2.30606
47.33,2.32276,2.30085,2.311805
47.34,2.31394,2.29291,2.303425
47.35,2.31357,2.30294,2.308255
47.36,2.30928,2.29721,2.303245
47.37,2.31717,2.29267,2.30492
47.38,2.31279,2.30014,2.306465
47.39,2.30634,2.2889,2.29762
47.4,2.30899,2.28732,2.298155
47.41,2.30835,2.29515,2.30175
47.42,2.32228,2.29385,2.308065
47.43,2.3135,2.29374,2.30362
47.44,2.31673,2.29869,2.30771
47.45,2.30933,2.29009,2.29971
47.46,2.31275,2.28888,2.300815
47.47,2.31561,2.2955,2.305555
47.48,2.32401,2.2968,2.310405
47.49,2.31947,2.29636,2.307915
47.5,2.31909,2.29635,2.30772
47.51,2.32121,2.29991,2.31056
47.52,2.3121,2.28927,2.300685
47.53,2.31411,2.28613,2.30012
47.54,2.31183,2.28724,2.299535
47.55,2.30998,2.29329,2.301635
47.56,2.30409,2.28938,2.296735
47.57,2.30986,2.292,2.30093
47.58,2.30996,2.30648,2.30822
47.59,2.31401,2.30533,2.30967
47.6,2.3089,2.30725,2.308075
47.61,2.31078,2.3012,2.30599
47.62,2.31393,2.30245,2.30819
47.63,2.30918,2.30395,2.306565
47.64,2.31199,2.29748,2.304735
47.65,2.31136,2.29727,2.304315
47.66,2.31124,2.29545,2.303345
47.67,2.30909,2.29636,2.302725
47.68,2.3101,2.29976,2.30493
47.69,2.31228,2.29831,2.305295
47.7,2.31953,2.30078,2.310155
47.71,2.32286,2.29788,2.31037
47.72,2.31971,2.30073,2.31022
47.73,2.31278,2.30357,2.308175
47.74,2.30889,2.30309,2.30599
47.75,2.31109,2.30238,2.306735
47.76,2.31432,2.3003,2.30731
47.77,2.3154,2.29964,2.30752
47.78,2.31009,2.29714,2.303615
47.79,2.30518,2.29982,2.3025
47.8,2.30935,2.28979,2.29957
47.81,2.31695,2.29904,2.307995
47.82,2.31365,2.29691,2.30528
47.83,2.3109,2.29708,2.30399
47.84,2.31124,2.29857,2.304905
47.85,2.31211,2.29389,2.303
47.86,2.3056,2.29617,2.300885
47.87,2.32354,2.29508,2.30931
47.88,2.32341,2.29213,2.30777
47.89,2.31637,2.29856,2.307465
47.9,2.31179,2.29399,2.30289
47.91,2.31654,2.29505,2.305795
47.92,2.31438,2.2887,2.30154
47.93,2.31476,2.2989,2.30683
47.94,2.31386,2.29346,2.30366
47.95,2.31604,2.2896,2.30282
47.96,2.30804,2.29876,2.3034
47.97,2.32037,2.30032,2.310345
47.98,2.31756,2.30746,2.31251
47.99,2.30822,2.30905,2.308635
48,2.31185,2.29595,2.3039
48.01,2.31011,2.29756,2.303835
48.02,2.31331,2.2954,2.304355
48.03,2.31874,2.29339,2.306065
48.04,2.30432,2.30123,2.302775
48.05,2.30628,2.28705,2.296665
48.06,2.30261,2.29558,2.299095
48.07,2.31407,2.29545,2.30476
48.08,2.31429,2.29967,2.30698
48.09,2.31519,2.29959,2.30739
48.1,2.3105,2.28844,2.29947
48.11,2.30821,2.29444,2.301325
48.12,2.30967,2.2942,2.301935
48.13,2.30446,2.30144,2.30295
48.14,2.3045,2.2872,2.29585
48.15,2.30898,2.29021,2.299595
48.16,2.31043,2.30036,2.305395
48.17,2.30748,2.29337,2.300425
48.18,2.31234,2.29468,2.30351
48.19,2.31251,2.28921,2.30086
48.2,2.30808,2.28874,2.29841
48.21,2.30927,2.29164,2.300455
48.22,2.30254,2.29703,2.299785
48.23,2.31064,2.2943,2.30247
48.24,2.29983,2.29573,2.29778
48.25,2.30013,2.30205,2.30109
48.26,2.31417,2.30115,2.30766
48.27,2.30366,2.29324,2.29845
48.28,2.30845,2.30306,2.305755
48.29,2.30659,2.28753,2.29706
48.3,2.3066,2.29014,2.29837
48.31,2.3061,2.28087,2.293485
48.32,2.31198,2.29091,2.301445
48.33,2.31055,2.2938,2.302175
48.34,2.30117,2.28799,2.29458
48.35,2.30938,2.29869,2.304035
48.36,2.30486,2.29041,2.297635
48.37,2.31358,2.29419,2.303885
48.38,2.29563,2.28953,2.29258
48.39,2.30122,2.30028,2.30075
48.4,2.29956,2.29196,2.29576
48.41,2.30134,2.28931,2.295325
48.42,2.30603,2.29207,2.29905
48.43,2.31054,2.28766,2.2991
48.44,2.30729,2.29322,2.300255
48.45,2.31389,2.28757,2.30073
48.46,2.31133,2.29345,2.30239
48.47,2.31616,2.28974,2.30295
48.48,2.30848,2.2953,2.30189
48.49,2.31101,2.29171,2.30136
48.5,2.31085,2.29709,2.30397
48.51,2.30885,2.29646,2.302655
48.52,2.31027,2.28694,2.298605
48.53,2.31571,2.28124,2.298475
48.54,2.31373,2.28814,2.300935
48.55,2.30758,2.29134,2.29946
48.56,2.31221,2.27643,2.29432
48.57,2.31089,2.28412,2.297505
48.58,2.31317,2.28189,2.29753
48.59,2.31565,2.28748,2.301565
48.6,2.31068,2.29248,2.30158
48.61,2.30201,2.29331,2.29766
48.62,2.3049,2.30191,2.303405
48.63,2.2975,2.28947,2.293485
48.64,2.30584,2.29385,2.299845
48.65,2.31093,2.29593,2.30343
48.66,2.31154,2.28592,2.29873
48.67,2.31278,2.28047,2.296625
48.68,2.31869,2.28698,2.302835
48.69,2.31407,2.29277,2.30342
48.7,2.31436,2.29631,2.305335
48.71,2.31137,2.29649,2.30393
48.72,2.31118,2.28205,2.296615
48.73,2.31464,2.28169,2.298165
48.74,2.31565,2.29765,2.30665
48.75,2.31358,2.29057,2.302075
48.76,2.31621,2.29353,2.30487
48.77,2.30851,2.29203,2.30027
48.78,2.30141,2.29324,2.297325
48.79,2.31032,2.29158,2.30095
48.8,2.30424,2.28958,2.29691
48.81,2.30599,2.27757,2.29178
48.82,2.30774,2.28763,2.297685
48.83,2.3099,2.29152,2.30071
48.84,2.3113,2.28813,2.299715
48.85,2.31211,2.28459,2.29835
48.86,2.30854,2.28766,2.2981
48.87,2.31363,2.29365,2.30364
48.88,2.31616,2.29233,2.304245
48.89,2.30689,2.28947,2.29818
48.9,2.30962,2.2853,2.29746
48.91,2.30877,2.28634,2.297555
48.92,2.30888,2.28282,2.29585
48.93,2.30804,2.2822,2.29512
48.94,2.31071,2.28027,2.29549
48.95,2.31048,2.2853,2.29789
48.96,2.31141,2.28729,2.29935
48.97,2.30069,2.2871,2.293895
48.98,2.3096,2.28452,2.29706
48.99,2.30653,2.29662,2.301575
49,2.30401,2.29738,2.300695
49.01,2.30946,2.29471,2.302085
49.02,2.30586,2.28618,2.29602
49.03,2.301,2.28916,2.29508
49.04,2.30239,2.29019,2.29629
49.05,2.30588,2.28178,2.29383
49.06,2.30216,2.27819,2.290175
49.07,2.30458,2.28343,2.294005
49.08,2.30191,2.28101,2.29146
49.09,2.31182,2.28262,2.29722
49.1,2.2984,2.28443,2.291415
49.11,2.30779,2.28627,2.29703
49.12,2.31491,2.28934,2.302125
49.13,2.30618,2.28237,2.294275
49.14,2.306,2.28383,2.294915
49.15,2.30629,2.28301,2.29465
49.16,2.30388,2.28294,2.29341
49.17,2.30406,2.28428,2.29417
49.18,2.30118,2.28844,2.29481
49.19,2.30951,2.28249,2.296
49.2,2.30742,2.28792,2.29767
49.21,2.29936,2.28769,2.293525
49.22,2.30742,2.28504,2.29623
49.23,2.30586,2.28375,2.294805
49.24,2.30849,2.27719,2.29284
49.25,2.31209,2.28021,2.29615
49.26,2.30985,2.28526,2.297555
49.27,2.30919,2.28106,2.295125
49.28,2.312,2.28457,2.298285
49.29,2.31427,2.28388,2.299075
49.3,2.30069,2.28229,2.29149
49.31,2.31202,2.28062,2.29632
49.32,2.31352,2.289,2.30126
49.33,2.31325,2.2847,2.298975
49.34,2.31767,2.28074,2.299205
49.35,2.3146,2.29007,2.302335
49.36,2.30721,2.28527,2.29624
49.37,2.30772,2.28744,2.29758
49.38,2.29976,2.27293,2.286345
49.39,2.30844,2.28387,2.296155
49.4,2.31259,2.28324,2.297915
49.41,2.31115,2.28706,2.299105
49.42,2.30915,2.28256,2.295855
49.43,2.31202,2.29378,2.3029
49.44,2.31076,2.28581,2.298285
49.45,2.30227,2.28233,2.2923
49.46,2.30772,2.28432,2.29602
49.47,2.30497,2.28327,2.29412
49.48,2.30628,2.28221,2.294245
49.49,2.31618,2.28746,2.30182
49.5,2.31209,2.28292,2.297505
49.51,2.30839,2.28308,2.295735
49.52,2.31172,2.28932,2.30052
49.53,2.32088,2.29618,2.30853
49.54,2.31238,2.29387,2.303125
49.55,2.31108,2.28786,2.29947
49.56,2.30975,2.28499,2.29737
49.57,2.31094,2.28395,2.297445
49.58,2.30138,2.28132,2.29135
49.59,2.30619,2.27749,2.29184
49.6,2.29779,2.28754,2.292665
49.61,2.30362,2.29275,2.298185
49.62,2.30738,2.28547,2.296425
49.63,2.30275,2.28421,2.29348
49.64,2.30434,2.29411,2.299225
49.65,2.30548,2.27538,2.29043
49.66,2.30253,2.27911,2.29082
49.67,2.30178,2.28057,2.291175
49.68,2.30727,2.27555,2.29141
49.69,2.30217,2.27985,2.29101
49.7,2.30501,2.27616,2.290585
49.71,2.31041,2.28406,2.297235
49.72,2.31766,2.28602,2.30184
49.73,2.30953,2.28445,2.29699
49.74,2.30783,2.28593,2.29688
49.75,2.30457,2.2839,2.294235
49.76,2.30334,2.28079,2.292065
49.77,2.31074,2.28183,2.296285
49.78,2.30882,2.28256,2.29569
49.79,2.3158,2.28205,2.298925
49.8,2.31057,2.28603,2.2983
49.81,2.31216,2.27609,2.294125
49.82,2.30949,2.28236,2.295925
49.83,2.31052,2.2806,2.29556
49.84,2.31046,2.2795,2.29498
49.85,2.31336,2.27131,2.292335
49.86,2.3118,2.27866,2.29523
49.87,2.3225,2.28226,2.30238
49.88,2.30917,2.28749,2.29833
49.89,2.31561,2.27777,2.29669
49.9,2.31579,2.29368,2.304735
49.91,2.3142,2.28065,2.297425
49.92,2.30765,2.28133,2.29449
49.93,2.30983,2.28133,2.29558
49.94,2.31406,2.28438,2.29922
49.95,2.31292,2.27798,2.29545
49.96,2.31229,2.28391,2.2981
49.97,2.3116,2.28437,2.297985
49.98,2.31666,2.28786,2.30226
49.99,2.30759,2.28355,2.29557
50,2.31932,2.27922,2.29927
50.01,2.31416,2.28406,2.29911
50.02,2.3139,2.27879,2.296345
50.03,2.3186,2.28321,2.300905
50.04,2.31464,2.28137,2.298005
50.05,2.31487,2.29175,2.30331
50.06,2.3116,2.28336,2.29748
50.07,2.30576,2.28601,2.295885
50.08,2.31612,2.28781,2.301965
50.09,2.31355,2.28427,2.29891
50.1,2.32286,2.27792,2.30039
50.11,2.32642,2.28729,2.306855
50.12,2.31996,2.27769,2.298825
50.13,2.3118,2.27862,2.29521
50.14,2.31069,2.28415,2.29742
50.15,2.3123,2.28634,2.29932
50.16,2.30953,2.28053,2.29503
50.17,2.30898,2.28646,2.29772
50.18,2.31104,2.27874,2.29489
50.19,2.31251,2.27703,2.29477
50.2,2.30776,2.28475,2.296255
50.21,2.31346,2.28553,2.299495
50.22,2.30492,2.27658,2.29075
50.23,2.31416,2.29021,2.302185
50.24,2.30776,2.28331,2.295535
50.25,2.30345,2.28517,2.29431
50.26,2.31036,2.28884,2.2996
50.27,2.31193,2.27855,2.29524
50.28,2.30966,2.28808,2.29887
50.29,2.29871,2.28953,2.29412
50.3,2.31455,2.29181,2.30318
50.31,2.31335,2.2879,2.300625
50.32,2.30997,2.28836,2.299165
50.33,2.30653,2.28235,2.29444
50.34,2.31049,2.28526,2.297875
50.35,2.31145,2.28457,2.29801
50.36,2.31308,2.28303,2.298055
50.37,2.31365,2.27438,2.294015
50.38,2.31445,2.27609,2.29527
50.39,2.30719,2.28687,2.29703
50.4,2.3083,2.28415,2.296225
50.41,2.30733,2.27898,2.293155
50.42,2.31831,2.28523,2.30177
50.43,2.31782,2.2849,2.30136
50.44,2.31302,2.2769,2.29496
50.45,2.31455,2.27496,2.294755
50.46,2.31444,2.28236,2.2984
50.47,2.32024,2.27904,2.29964
50.48,2.31668,2.27934,2.29801
50.49,2.31978,2.28287,2.301325
50.5,2.31979,2.28914,2.304465
50.51,2.32194,2.28068,2.30131
50.52,2.32587,2.28681,2.30634
50.53,2.31752,2.28192,2.29972
50.54,2.32262,2.28461,2.303615
50.55,2.32189,2.27528,2.298585
50.56,2.31636,2.28052,2.29844
50.57,2.31498,2.27825,2.296615
50.58,2.32098,2.27545,2.298215
50.59,2.31138,2.2866,2.29899
50.6,2.32673,2.2848,2.305765
50.61,2.31964,2.28067,2.300155
50.62,2.32585,2.28056,2.303205
50.63,2.32367,2.27571,2.29969
50.64,2.33058,2.28719,2.308885
50.65,2.32346,2.27754,2.3005
50.66,2.31668,2.28748,2.30208
50.67,2.32214,2.2881,2.30512
50.68,2.32387,2.28061,2.30224
50.69,2.31774,2.28382,2.30078
50.7,2.31234,2.29368,2.30301
50.71,2.31928,2.28448,2.30188
50.72,2.31434,2.28726,2.3008
50.73,2.31384,2.29202,2.30293
50.74,2.31725,2.2819,2.299575
50.75,2.30701,2.28946,2.298235
50.76,2.31154,2.2919,2.30172
50.77,2.32375,2.28558,2.304665
50.78,2.30939,2.287,2.298195
50.79,2.31156,2.28538,2.29847
50.8,2.31622,2.27993,2.298075
50.81,2.32018,2.28534,2.30276
50.82,2.3169,2.28626,2.30158
50.83,2.31693,2.29003,2.30348
50.84,2.31139,2.29072,2.301055
50.85,2.30521,2.2929,2.299055
50.86,2.30626,2.28575,2.296005
50.87,2.31124,2.28501,2.298125
50.88,2.31036,2.2902,2.30028
50.89,2.31221,2.29488,2.303545
50.9,2.31649,2.28492,2.300705
50.91,2.31326,2.28742,2.30034
50.92,2.30723,2.30024,2.303735
50.93,2.31445,2.29463,2.30454
50.94,2.31039,2.28432,2.297355
50.95,2.30935,2.2904,2.299875
50.96,2.31036,2.28841,2.299385
50.97,2.31158,2.2945,2.30304
50.98,2.31307,2.28543,2.29925
50.99,2.30805,2.28824,2.298145
51,2.3078,2.29298,2.30039
51.01,2.30612,2.2891,2.29761
51.02,2.30567,2.28548,2.295575
51.03,2.30387,2.27618,2.290025
51.04,2.30469,2.28335,2.29402
51.05,2.30687,2.27841,2.29264
51.06,2.31192,2.28513,2.298525
51.07,2.30162,2.2891,2.29536
51.08,2.30488,2.28787,2.296375
51.09,2.30475,2.28781,2.29628
51.1,2.30518,2.28199,2.293585
51.11,2.31468,2.27612,2.2954
51.12,2.30607,2.28187,2.29397
51.13,2.30339,2.28013,2.29176
51.14,2.30281,2.28503,2.29392
51.15,2.30804,2.28717,2.297605
51.16,2.31079,2.27695,2.29387
51.17,2.30519,2.28494,2.295065
51.18,2.30391,2.28587,2.29489
51.19,2.30217,2.28908,2.295625
51.2,2.31159,2.28135,2.29647
51.21,2.30726,2.28793,2.297595
51.22,2.30706,2.28467,2.295865
51.23,2.30544,2.29243,2.298935
51.24,2.30408,2.29081,2.297445
51.25,2.31166,2.29372,2.30269
51.26,2.31073,2.29141,2.30107
51.27,2.30907,2.28822,2.298645
51.28,2.30203,2.28662,2.294325
51.29,2.3126,2.28203,2.297315
51.3,2.30792,2.27634,2.29213
51.31,2.30475,2.28396,2.294355
51.32,2.30969,2.28352,2.296605
51.33,2.30143,2.28541,2.29342
51.34,2.30549,2.28133,2.29341
51.35,2.31241,2.27557,2.29399
51.36,2.30677,2.2819,2.294335
51.37,2.31466,2.2798,2.29723
51.38,2.31182,2.28503,2.298425
51.39,2.30928,2.27646,2.29287
51.4,2.31793,2.28373,2.30083
51.41,2.3159,2.27891,2.297405
51.42,2.31318,2.27878,2.29598
51.43,2.30987,2.29072,2.300295
51.44,2.3108,2.28982,2.30031
51.45,2.30603,2.28284,2.294435
51.46,2.30682,2.2865,2.29666
51.47,2.30781,2.29072,2.299265
51.48,2.30305,2.27487,2.28896
51.49,2.30079,2.28213,2.29146
51.5,2.29846,2.27906,2.28876
51.51,2.30894,2.28931,2.299125
51.52,2.31082,2.29094,2.30088
51.53,2.3133,2.29043,2.301865
51.54,2.30913,2.28836,2.298745
51.55,2.30998,2.28713,2.298555
51.56,2.30813,2.2831,2.295615
51.57,2.31173,2.29162,2.301675
51.58,2.30708,2.29217,2.299625
51.59,2.31569,2.28769,2.30169
51.6,2.31716,2.28879,2.302975
51.61,2.31459,2.28408,2.299335
51.62,2.31631,2.29061,2.30346
51.63,2.3139,2.28526,2.29958
51.64,2.30912,2.28597,2.297545
51.65,2.30545,2.28769,2.29657
51.66,2.30436,2.29012,2.29724
51.67,2.30777,2.29305,2.30041
51.68,2.30889,2.2901,2.299495
51.69,2.31514,2.29008,2.30261
51.7,2.31541,2.29093,2.30317
51.71,2.31045,2.29049,2.30047
51.72,2.30988,2.28956,2.29972
51.73,2.30919,2.30007,2.30463
51.74,2.30494,2.29838,2.30166
51.75,2.31512,2.28545,2.300285
51.76,2.31237,2.28438,2.298375
51.77,2.30069,2.29193,2.29631
51.78,2.30731,2.29099,2.29915
51.79,2.29869,2.28532,2.292005
51.8,2.30145,2.29753,2.29949
51.81,2.30923,2.29252,2.300875
51.82,2.31339,2.28979,2.30159
51.83,2.30983,2.2903,2.300065
51.84,2.31271,2.28133,2.29702
51.85,2.31118,2.28521,2.298195
51.86,2.31131,2.28931,2.30031
51.87,2.31152,2.28452,2.29802
51.88,2.30893,2.28431,2.29662
51.89,2.30446,2.28638,2.29542
51.9,2.30803,2.28284,2.295435
51.91,2.3043,2.27821,2.291255
51.92,2.30142,2.28211,2.291765
51.93,2.29976,2.28602,2.29289
51.94,2.30414,2.2903,2.29722
51.95,2.30491,2.29606,2.300485
51.96,2.30472,2.29733,2.301025
51.97,2.31114,2.29125,2.301195
51.98,2.31354,2.28879,2.301165
51.99,2.30063,2.28495,2.29279
52,2.3066,2.2896,2.2981
52.01,2.30601,2.28512,2.295565
52.02,2.30044,2.27698,2.28871
52.03,2.30572,2.2842,2.29496
52.04,2.31058,2.28651,2.298545
52.05,2.30825,2.2865,2.297375
52.06,2.31621,2.28763,2.30192
52.07,2.30964,2.2866,2.29812
52.08,2.31802,2.28193,2.299975
52.09,2.31561,2.2816,2.298605
52.1,2.31357,2.28408,2.298825
52.11,2.31219,2.284,2.298095
52.12,2.31382,2.28578,2.2998
52.13,2.3077,2.28099,2.294345
52.14,2.31012,2.29395,2.302035
52.15,2.31726,2.28709,2.302175
52.16,2.3167,2.29324,2.30497
52.17,2.31251,2.28589,2.2992
52.18,2.30623,2.2865,2.296365
52.19,2.31026,2.28614,2.2982
52.2,2.31424,2.27742,2.29583
52.21,2.31283,2.28671,2.29977
52.22,2.31534,2.28676,2.30105
52.23,2.31623,2.27802,2.297125
52.24,2.31215,2.28179,2.29697
52.25,2.31087,2.28826,2.299565
52.26,2.31681,2.29617,2.30649
52.27,2.31453,2.28685,2.30069
52.28,2.31058,2.29536,2.30297
52.29,2.31327,2.28463,2.29895
52.3,2.31695,2.28969,2.30332
52.31,2.31084,2.29205,2.301445
52.32,2.3112,2.29314,2.30217
52.33,2.30848,2.28864,2.29856
52.34,2.30474,2.28279,2.293765
52.35,2.30157,2.28184,2.291705
52.36,2.31252,2.28529,2.298905
52.37,2.30607,2.29174,2.298905
52.38,2.30907,2.2846,2.296835
52.39,2.31346,2.27882,2.29614
52.4,2.30976,2.28867,2.299215
52.41,2.30811,2.28957,2.29884
52.42,2.3116,2.28858,2.30009
52.43,2.31326,2.29254,2.3029
52.44,2.31955,2.28668,2.303115
52.45,2.31706,2.28865,2.302855
52.46,2.32066,2.27551,2.298085
52.47,2.30805,2.28648,2.297265
52.48,2.30966,2.27807,2.293865
52.49,2.30862,2.28365,2.296135
52.5,2.3121,2.28512,2.29861
52.51,2.31306,2.28195,2.297505
52.52,2.31308,2.28135,2.297215
52.53,2.31064,2.28834,2.29949
52.54,2.31011,2.28371,2.29691
52.55,2.3145,2.28351,2.299005
52.56,2.305,2.28815,2.296575
52.57,2.31015,2.2819,2.296025
52.58,2.31211,2.28885,2.30048
52.59,2.31373,2.28611,2.29992
52.6,2.31455,2.27786,2.296205
52.61,2.31456,2.28735,2.300955
52.62,2.31801,2.2888,2.303405
52.63,2.30758,2.28803,2.297805
52.64,2.31052,2.28167,2.296095
52.65,2.31183,2.28281,2.29732
52.66,2.31193,2.28392,2.297925
52.67,2.31019,2.28097,2.29558
52.68,2.30228,2.28306,2.29267
52.69,2.30376,2.28521,2.294485
52.7,2.29973,2.27883,2.28928
52.71,2.30807,2.28282,2.295445
52.72,2.30375,2.28298,2.293365
52.73,2.30564,2.28881,2.297225
52.74,2.30632,2.28815,2.297235
52.75,2.3055,2.28601,2.295755
52.76,2.30527,2.27959,2.29243
52.77,2.30206,2.28416,2.29311
52.78,2.30503,2.28522,2.295125
52.79,2.30529,2.28553,2.29541
52.8,2.30539,2.28041,2.2929
52.81,2.31486,2.27637,2.295615
52.82,2.30675,2.28138,2.294065
52.83,2.31313,2.28347,2.2983
52.84,2.3146,2.29136,2.30298
52.85,2.31624,2.28992,2.30308
52.86,2.32621,2.29026,2.308235
52.87,2.31772,2.28247,2.300095
52.88,2.31796,2.2883,2.30313
52.89,2.31324,2.28954,2.30139
52.9,2.31265,2.28501,2.29883
52.91,2.31137,2.28404,2.297705
52.92,2.32523,2.29487,2.31005
52.93,2.31322,2.27847,2.295845
52.94,2.31183,2.28139,2.29661
52.95,2.31851,2.27334,2.295925
52.96,2.31741,2.27825,2.29783
52.97,2.3206,2.27657,2.298585
52.98,2.32464,2.28267,2.303655
52.99,2.32428,2.28289,2.303585
53,2.31401,2.28448,2.299245
53.01,2.31954,2.27979,2.299665
53.02,2.31633,2.27443,2.29538
53.03,2.31351,2.28483,2.29917
53.04,2.31375,2.28317,2.29846
53.05,2.31675,2.2874,2.302075
53.06,2.31699,2.2864,2.301695
53.07,2.31802,2.2897,2.30386
53.08,2.32001,2.28321,2.30161
53.09,2.32052,2.2857,2.30311
53.1,2.31758,2.28625,2.301915
53.11,2.3142,2.28435,2.299275
53.12,2.3159,2.28195,2.298925
53.13,2.31416,2.2916,2.30288
53.14,2.32284,2.28848,2.30566
53.15,2.31875,2.29247,2.30561
53.16,2.32005,2.28736,2.303705
53.17,2.31703,2.28427,2.30065
53.18,2.32195,2.29281,2.30738
53.19,2.31464,2.28192,2.29828
53.2,2.32633,2.29039,2.30836
53.21,2.32803,2.29085,2.30944
53.22,2.31267,2.28492,2.298795
53.23,2.32276,2.28901,2.305885
53.24,2.31895,2.28549,2.30222
53.25,2.32029,2.28464,2.302465
53.26,2.31637,2.28917,2.30277
53.27,2.31733,2.29231,2.30482
53.28,2.31546,2.28616,2.30081
53.29,2.30753,2.30293,2.30523
53.3,2.30942,2.29887,2.304145
53.31,2.31289,2.29328,2.303085
53.32,2.31029,2.2853,2.297795
53.33,2.31411,2.27956,2.296835
53.34,2.31464,2.27821,2.296425
53.35,2.31034,2.28369,2.297015
53.36,2.30589,2.2845,2.295195
53.37,2.31708,2.29316,2.30512
53.38,2.31018,2.29034,2.30026
53.39,2.32302,2.28908,2.30605
53.4,2.31356,2.29143,2.302495
53.41,2.3164,2.29709,2.306745
53.42,2.31415,2.29586,2.305005
53.43,2.31546,2.29195,2.303705
53.44,2.31965,2.28747,2.30356
53.45,2.30976,2.28993,2.299845
53.46,2.3163,2.29477,2.305535
53.47,2.31216,2.28138,2.29677
53.48,2.31436,2.2896,2.30198
53.49,2.32453,2.28079,2.30266
53.5,2.31541,2.27386,2.294635
53.51,2.32389,2.27508,2.299485
53.52,2.3155,2.28359,2.299545
53.53,2.31965,2.28973,2.30469
53.54,2.31747,2.28781,2.30264
53.55,2.31834,2.28302,2.30068
53.56,2.32181,2.29035,2.30608
53.57,2.32333,2.28935,2.30634
53.58,2.3186,2.29429,2.306445
53.59,2.32308,2.28378,2.30343
53.6,2.3205,2.29544,2.30797
53.61,2.31527,2.28725,2.30126
53.62,2.31425,2.28817,2.30121
53.63,2.30973,2.2836,2.296665
53.64,2.31468,2.28822,2.30145
53.65,2.31506,2.28697,2.301015
53.66,2.31889,2.29071,2.3048
53.67,2.31248,2.29125,2.301865
53.68,2.31667,2.28141,2.29904
53.69,2.31688,2.29016,2.30352
53.7,2.31097,2.29358,2.302275
53.71,2.31423,2.28362,2.298925
53.72,2.30707,2.2897,2.298385
53.73,2.31795,2.2922,2.305075
53.74,2.31288,2.28008,2.29648
53.75,2.30158,2.28944,2.29551
53.76,2.30648,2.28861,2.297545
53.77,2.31028,2.28902,2.29965
53.78,2.31595,2.28442,2.300185
53.79,2.31878,2.29337,2.306075
53.8,2.31534,2.28894,2.30214
53.81,2.32156,2.28333,2.302445
53.82,2.31074,2.28367,2.297205
53.83,2.31429,2.28703,2.30066
53.84,2.31915,2.28472,2.301935
53.85,2.3162,2.29525,2.305725
53.86,2.3185,2.28933,2.303915
53.87,2.31064,2.29527,2.302955
53.88,2.30917,2.29065,2.29991
53.89,2.30366,2.29801,2.300835
53.9,2.3008,2.29232,2.29656
53.91,2.30478,2.29601,2.300395
53.92,2.30373,2.28964,2.296685
53.93,2.30669,2.29569,2.30119
53.94,2.30349,2.28733,2.29541
53.95,2.29853,2.28441,2.29147
53.96,2.29743,2.29504,2.296235
53.97,2.30898,2.2883,2.29864
53.98,2.3016,2.28702,2.29431
53.99,2.31047,2.28188,2.296175
54,2.31418,2.29122,2.3027
54.01,2.31284,2.28642,2.29963
54.02,2.29816,2.28836,2.29326
54.03,2.31264,2.28457,2.298605
54.04,2.29996,2.291,2.29548
54.05,2.31173,2.29209,2.30191
54.06,2.30125,2.28607,2.29366
54.07,2.31112,2.28785,2.299485
54.08,2.30634,2.2924,2.29937
54.09,2.30663,2.29195,2.29929
54.1,2.29729,2.28615,2.29172
54.11,2.31057,2.29053,2.30055
54.12,2.30416,2.29507,2.299615
54.13,2.30415,2.29587,2.30001
54.14,2.30244,2.29436,2.2984
54.15,2.30524,2.29465,2.299945
54.16,2.31051,2.2872,2.298855
54.17,2.30448,2.28738,2.29593
54.18,2.31132,2.29173,2.301525
54.19,2.30412,2.29091,2.297515
54.2,2.30313,2.28625,2.29469
54.21,2.30168,2.27934,2.29051
54.22,2.30191,2.28724,2.294575
54.23,2.30158,2.28254,2.29206
54.24,2.30838,2.29739,2.302885
54.25,2.30499,2.29282,2.298905
54.26,2.30496,2.3019,2.30343
54.27,2.3015,2.28522,2.29336
54.28,2.30914,2.29106,2.3001
54.29,2.31199,2.2881,2.300045
54.3,2.30914,2.28636,2.29775
54.31,2.30973,2.2929,2.301315
54.32,2.30561,2.28297,2.29429
54.33,2.30591,2.29129,2.2986
54.34,2.31291,2.29625,2.30458
54.35,2.31052,2.29534,2.30293
54.36,2.3112,2.29613,2.303665
54.37,2.30872,2.29569,2.302205
54.38,2.30425,2.29048,2.297365
54.39,2.30274,2.29626,2.2995
54.4,2.30218,2.28368,2.29293
54.41,2.3025,2.28278,2.29264
54.42,2.30361,2.29076,2.297185
54.43,2.30274,2.28997,2.296355
54.44,2.30423,2.28751,2.29587
54.45,2.30649,2.29243,2.29946
54.46,2.31001,2.29761,2.30381
54.47,2.3084,2.30051,2.304455
54.48,2.30926,2.29008,2.29967
54.49,2.30061,2.29115,2.29588
54.5,2.29928,2.28904,2.29416
54.51,2.29663,2.28934,2.292985
54.52,2.303,2.28738,2.29519
54.53,2.30119,2.29084,2.296015
54.54,2.29639,2.28905,2.29272
54.55,2.30291,2.29549,2.2992
54.56,2.29588,2.29601,2.295945
54.57,2.30498,2.28896,2.29697
54.58,2.29843,2.28114,2.289785
54.59,2.30147,2.28549,2.29348
54.6,2.29687,2.28511,2.29099
54.61,2.29954,2.28034,2.28994
54.62,2.29621,2.2888,2.292505
54.63,2.29693,2.28843,2.29268
54.64,2.29761,2.28781,2.29271
54.65,2.29333,2.29228,2.292805
54.66,2.30177,2.29527,2.29852
54.67,2.29793,2.2852,2.291565
54.68,2.29624,2.29655,2.296395
54.69,2.31068,2.30113,2.305905
54.7,2.3036,2.29971,2.301655
54.71,2.30472,2.28225,2.293485
54.72,2.30138,2.29311,2.297245
54.73,2.30931,2.29044,2.299875
54.74,2.30521,2.29495,2.30008
54.75,2.29598,2.29249,2.294235
54.76,2.29717,2.29442,2.295795
54.77,2.29776,2.28797,2.292865
54.78,2.30239,2.28529,2.29384
54.79,2.30269,2.28378,2.293235
54.8,2.30401,2.29073,2.29737
54.81,2.30032,2.29082,2.29557
54.82,2.30234,2.28721,2.294775
54.83,2.30373,2.29239,2.29806
54.84,2.29912,2.29129,2.295205
54.85,2.30501,2.28577,2.29539
54.86,2.3017,2.28741,2.294555
54.87,2.30054,2.29206,2.2963
54.88,2.30085,2.28348,2.292165
54.89,2.30385,2.29246,2.298155
54.9,2.29698,2.28737,2.292175
54.91,2.29757,2.29111,2.29434
54.92,2.30491,2.29297,2.29894
54.93,2.31033,2.29248,2.301405
54.94,2.29798,2.29202,2.295
54.95,2.30157,2.29619,2.29888
54.96,2.29774,2.2864,2.29207
54.97,2.29627,2.28873,2.2925
54.98,2.29361,2.28086,2.287235
54.99,2.30749,2.29084,2.299165
55,2.29926,2.29224,2.29575
55.01,2.29193,2.29607,2.294
55.02,2.30005,2.29123,2.29564
55.03,2.30278,2.29342,2.2981
55.04,2.29909,2.28461,2.29185
55.05,2.30654,2.29803,2.302285
55.06,2.30036,2.29092,2.29564
55.07,2.2965,2.29005,2.293275
55.08,2.30606,2.29355,2.299805
55.09,2.30952,2.29039,2.299955
55.1,2.30037,2.29016,2.295265
55.11,2.3052,2.29247,2.298835
55.12,2.30025,2.29625,2.29825
55.13,2.29924,2.2904,2.29482
55.14,2.30752,2.29164,2.29958
55.15,2.30222,2.29554,2.29888
55.16,2.3097,2.29628,2.30299
55.17,2.31005,2.29762,2.303835
55.18,2.3109,2.29228,2.30159
55.19,2.30248,2.28881,2.295645
55.2,2.30949,2.30077,2.30513
55.21,2.30847,2.2908,2.299635
55.22,2.31486,2.28583,2.300345
55.23,2.30922,2.29011,2.299665
55.24,2.3083,2.2945,2.3014
55.25,2.3154,2.29755,2.306475
55.26,2.30679,2.30002,2.303405
55.27,2.3157,2.29281,2.304255
55.28,2.31219,2.28637,2.29928
55.29,2.31679,2.29686,2.306825
55.3,2.30953,2.28963,2.29958
55.31,2.30598,2.28636,2.29617
55.32,2.30139,2.29051,2.29595
55.33,2.30106,2.29761,2.299335
55.34,2.31513,2.29259,2.30386
55.35,2.30573,2.29047,2.2981
55.36,2.30592,2.29467,2.300295
55.37,2.30396,2.29625,2.300105
55.38,2.30351,2.29076,2.297135
55.39,2.31156,2.29827,2.304915
55.4,2.30502,2.28817,2.296595
55.41,2.30551,2.28894,2.297225
55.42,2.30862,2.28705,2.297835
55.43,2.3034,2.29333,2.298365
55.44,2.29818,2.28991,2.294045
55.45,2.30442,2.29952,2.30197
55.46,2.30754,2.29208,2.29981
55.47,2.31177,2.28488,2.298325
55.48,2.30534,2.29379,2.299565
55.49,2.30176,2.28673,2.294245
55.5,2.2998,2.28848,2.29414
55.51,2.31384,2.29662,2.30523
55.52,2.30812,2.29489,2.301505
55.53,2.30442,2.29906,2.30174
55.54,2.31105,2.29351,2.30228
55.55,2.30619,2.29162,2.298905
55.56,2.30917,2.29166,2.300415
55.57,2.29956,2.29237,2.295965
55.58,2.29794,2.29624,2.29709
55.59,2.30642,2.29843,2.302425
55.6,2.30756,2.28979,2.298675
55.61,2.30596,2.29292,2.29944
55.62,2.30782,2.29166,2.29974
55.63,2.31188,2.30003,2.305955
55.64,2.30702,2.29294,2.29998
55.65,2.29975,2.29163,2.29569
55.66,2.31363,2.30117,2.3074
55.67,2.30661,2.30185,2.30423
55.68,2.31847,2.30188,2.310175
55.69,2.31577,2.29739,2.30658
55.7,2.31628,2.29515,2.305715
55.71,2.30904,2.29932,2.30418
55.72,2.30976,2.29307,2.301415
55.73,2.30529,2.30108,2.303185
55.74,2.30502,2.29399,2.299505
55.75,2.30109,2.30263,2.30186
55.76,2.30476,2.30497,2.304865
55.77,2.30551,2.29565,2.30058
55.78,2.30513,2.29291,2.29902
55.79,2.30963,2.29592,2.302775
55.8,2.30553,2.29662,2.301075
55.81,2.3048,2.29974,2.30227
55.82,2.30606,2.28997,2.298015
55.83,2.30846,2.29483,2.301645
55.84,2.30255,2.2905,2.296525
55.85,2.30247,2.29109,2.29678
55.86,2.30842,2.29323,2.300825
55.87,2.30045,2.29412,2.297285
55.88,2.311,2.29996,2.30548
55.89,2.30549,2.29853,2.30201
55.9,2.30754,2.29613,2.301835
55.91,2.30717,2.29836,2.302765
55.92,2.31061,2.2991,2.304855
55.93,2.30217,2.29937,2.30077
55.94,2.30303,2.28823,2.29563
55.95,2.30758,2.28799,2.297785
55.96,2.30445,2.28903,2.29674
55.97,2.30281,2.28942,2.296115
55.98,2.30019,2.28976,2.294975
55.99,2.29878,2.28685,2.292815
56,2.3033,2.29092,2.29711
56.01,2.31073,2.29811,2.30442
56.02,2.30626,2.30251,2.304385
56.03,2.29717,2.29511,2.29614
56.04,2.30089,2.29304,2.296965
56.05,2.31231,2.29613,2.30422
56.06,2.30986,2.29416,2.30201
56.07,2.3067,2.28692,2.29681
56.08,2.30319,2.29048,2.296835
56.09,2.30413,2.29481,2.29947
56.1,2.30134,2.29053,2.295935
56.11,2.30528,2.28822,2.29675
56.12,2.30837,2.28887,2.29862
56.13,2.30272,2.28545,2.294085
56.14,2.30492,2.28837,2.296645
56.15,2.30172,2.28346,2.29259
56.16,2.29828,2.28293,2.290605
56.17,2.30298,2.29044,2.29671
56.18,2.3016,2.28535,2.293475
56.19,2.30256,2.29596,2.29926
56.2,2.29809,2.28183,2.28996
56.21,2.30302,2.29198,2.2975
56.22,2.30179,2.29628,2.299035
56.23,2.30032,2.29329,2.296805
56.24,2.30307,2.29237,2.29772
56.25,2.29211,2.2925,2.292305
56.26,2.29841,2.29693,2.29767
56.27,2.30265,2.29136,2.297005
56.28,2.2924,2.28898,2.29069
56.29,2.307,2.29544,2.30122
56.3,2.29972,2.30113,2.300425
56.31,2.29588,2.29602,2.29595
56.32,2.29701,2.29368,2.295345
56.33,2.29988,2.29725,2.298565
56.34,2.30135,2.29624,2.298795
56.35,2.30545,2.29789,2.30167
56.36,2.30273,2.28983,2.29628
56.37,2.2996,2.29672,2.29816
56.38,2.29401,2.29486,2.294435
56.39,2.29785,2.29454,2.296195
56.4,2.30337,2.29656,2.299965
56.41,2.30155,2.29774,2.299645
56.42,2.29829,2.29911,2.2987
56.43,2.29854,2.2991,2.29882
56.44,2.30014,2.30235,2.301245
56.45,2.30105,2.29423,2.29764
56.46,2.302,2.29316,2.29758
56.47,2.30167,2.29184,2.296755
56.48,2.30046,2.29385,2.297155
56.49,2.29682,2.29862,2.29772
56.5,2.30107,2.29433,2.2977
56.51,2.30639,2.30071,2.30355
56.52,2.30011,2.28768,2.293895
56.53,2.30554,2.29625,2.300895
56.54,2.29918,2.29623,2.297705
56.55,2.29754,2.28764,2.29259
56.56,2.3028,2.29191,2.297355
56.57,2.29825,2.29773,2.29799
56.58,2.30791,2.29305,2.30048
56.59,2.30291,2.28334,2.293125
56.6,2.313,2.29353,2.303265
56.61,2.31419,2.28423,2.29921
56.62,2.31231,2.29128,2.301795
56.63,2.30132,2.28979,2.295555
56.64,2.3056,2.2888,2.2972
56.65,2.30743,2.28294,2.295185
56.66,2.30571,2.2949,2.300305
56.67,2.30424,2.29047,2.297355
56.68,2.30712,2.28697,2.297045
56.69,2.30212,2.28926,2.29569
56.7,2.30473,2.28241,2.29357
56.71,2.30267,2.28197,2.29232
56.72,2.29689,2.28662,2.291755
56.73,2.30469,2.28533,2.29501
56.74,2.2948,2.28376,2.28928
56.75,2.2955,2.28796,2.29173
56.76,2.3022,2.27903,2.290615
56.77,2.30061,2.28352,2.292065
56.78,2.30001,2.28499,2.2925
56.79,2.30417,2.27577,2.28997
56.8,2.30269,2.28408,2.293385
56.81,2.30651,2.27945,2.29298
56.82,2.29503,2.28323,2.28913
56.83,2.29464,2.28584,2.29024
56.84,2.3027,2.2778,2.29025
56.85,2.29777,2.28276,2.290265
56.86,2.30135,2.28137,2.29136
56.87,2.29864,2.284,2.29132
56.88,2.30967,2.28553,2.2976
56.89,2.30346,2.2854,2.29443
56.9,2.30013,2.29221,2.29617
56.91,2.29868,2.29498,2.29683
56.92,2.29566,2.28001,2.287835
56.93,2.29946,2.283,2.29123
56.94,2.30311,2.2894,2.296255
56.95,2.30317,2.29587,2.29952
56.96,2.307,2.29123,2.299115
56.97,2.29621,2.28199,2.2891
56.98,2.29518,2.29043,2.292805
56.99,2.29043,2.28465,2.28754
57,2.30298,2.28647,2.294725
57.01,2.30242,2.28335,2.292885
57.02,2.3023,2.28436,2.29333
57.03,2.29834,2.28576,2.29205
57.04,2.29499,2.28688,2.290935
57.05,2.29707,2.28778,2.292425
57.06,2.29881,2.28571,2.29226
57.07,2.29407,2.28523,2.28965
57.08,2.29578,2.28109,2.288435
57.09,2.28878,2.28075,2.284765
57.1,2.29576,2.27906,2.28741
57.11,2.3013,2.28225,2.291775
57.12,2.29833,2.28895,2.29364
57.13,2.29309,2.28941,2.29125
57.14,2.29678,2.2915,2.29414
57.15,2.30416,2.28552,2.29484
57.16,2.29743,2.28435,2.29089
57.17,2.29629,2.28737,2.29183
57.18,2.30072,2.28833,2.294525
57.19,2.29907,2.29243,2.29575
57.2,2.29225,2.28862,2.290435
57.21,2.30752,2.29124,2.29938
57.22,2.29831,2.28489,2.2916
57.23,2.28934,2.28187,2.285605
57.24,2.29266,2.28533,2.288995
57.25,2.29507,2.28207,2.28857
57.26,2.29044,2.28344,2.28694
57.27,2.28853,2.28946,2.288995
57.28,2.29262,2.28193,2.287275
57.29,2.29258,2.28108,2.28683
57.3,2.28965,2.28261,2.28613
57.31,2.28896,2.28552,2.28724
57.32,2.28989,2.27909,2.28449
57.33,2.29132,2.28393,2.287625
57.34,2.2865,2.28772,2.28711
57.35,2.2968,2.2844,2.2906
57.36,2.29694,2.28964,2.29329
57.37,2.29095,2.28714,2.289045
57.38,2.2879,2.28457,2.286235
57.39,2.29838,2.29008,2.29423
57.4,2.29702,2.28795,2.292485
57.41,2.29866,2.28153,2.290095
57.42,2.30085,2.29512,2.297985
57.43,2.29517,2.29023,2.2927
57.44,2.29856,2.29186,2.29521
57.45,2.2981,2.2919,2.295
57.46,2.29869,2.28519,2.29194
57.47,2.30586,2.29678,2.30132
57.48,2.298,2.28547,2.291735
57.49,2.29948,2.29169,2.295585
57.5,2.30309,2.29114,2.297115
57.51,2.29827,2.28797,2.29312
57.52,2.30267,2.28543,2.29405
57.53,2.29944,2.28529,2.292365
57.54,2.29512,2.28685,2.290985
57.55,2.29542,2.2878,2.29161
57.56,2.30265,2.28509,2.29387
57.57,2.29919,2.29427,2.29673
57.58,2.30259,2.28423,2.29341
57.59,2.29992,2.28582,2.29287
57.6,2.30228,2.2792,2.29074
57.61,2.30696,2.28459,2.295775
57.62,2.3058,2.28921,2.297505
57.63,2.30507,2.28752,2.296295
57.64,2.30063,2.28689,2.29376
57.65,2.29577,2.28729,2.29153
57.66,2.29951,2.28997,2.29474
57.67,2.2994,2.28311,2.291255
57.68,2.2964,2.28637,2.291385
57.69,2.29742,2.276,2.28671
57.7,2.29631,2.28499,2.29065
57.71,2.30431,2.28763,2.29597
57.72,2.29479,2.27884,2.286815
57.73,2.30266,2.28417,2.293415
57.74,2.29985,2.2873,2.293575
57.75,2.30435,2.28341,2.29388
57.76,2.30774,2.29036,2.29905
57.77,2.30469,2.28723,2.29596
57.78,2.30067,2.28579,2.29323
57.79,2.29812,2.2856,2.29186
57.8,2.30431,2.28897,2.29664
57.81,2.29946,2.29464,2.29705
57.82,2.29762,2.28541,2.291515
57.83,2.2907,2.27916,2.28493
57.84,2.29754,2.27747,2.287505
57.85,2.29843,2.28386,2.291145
57.86,2.29382,2.29076,2.29229
57.87,2.29974,2.28943,2.294585
57.88,2.2955,2.29434,2.29492
57.89,2.29393,2.285,2.289465
57.9,2.30046,2.28264,2.29155
57.91,2.30288,2.288,2.29544
57.92,2.29535,2.29373,2.29454
57.93,2.30546,2.28053,2.292995
57.94,2.31161,2.29124,2.301425
57.95,2.30899,2.28551,2.29725
57.96,2.30326,2.29079,2.297025
57.97,2.31213,2.2835,2.297815
57.98,2.30181,2.29232,2.297065
57.99,2.30769,2.28471,2.2962
58,2.30572,2.29001,2.297865
58.01,2.29984,2.29117,2.295505
58.02,2.30092,2.29333,2.297125
58.03,2.3076,2.28751,2.297555
58.04,2.30625,2.29149,2.29887
58.05,2.30333,2.29813,2.30073
58.06,2.30375,2.28528,2.294515
58.07,2.30564,2.29136,2.2985
58.08,2.30865,2.28448,2.296565
58.09,2.30585,2.28743,2.29664
58.1,2.30696,2.28175,2.294355
58.11,2.31081,2.28131,2.29606
58.12,2.31091,2.28199,2.29645
58.13,2.30524,2.28479,2.295015
58.14,2.30109,2.27818,2.289635
58.15,2.30757,2.29648,2.302025
58.16,2.30043,2.29024,2.295335
58.17,2.29896,2.29315,2.296055
58.18,2.30127,2.288,2.294635
58.19,2.30812,2.28534,2.29673
58.2,2.30614,2.29289,2.299515
58.21,2.30811,2.2936,2.300855
58.22,2.31612,2.28009,2.298105
58.23,2.31286,2.28894,2.3009
58.24,2.30379,2.29065,2.29722
58.25,2.30701,2.28124,2.294125
58.26,2.30935,2.28723,2.29829
58.27,2.31503,2.28633,2.30068
58.28,2.31007,2.28505,2.29756
58.29,2.32302,2.28705,2.305035
58.3,2.31026,2.28795,2.299105
58.31,2.31064,2.28946,2.30005
58.32,2.30863,2.29351,2.30107
58.33,2.31008,2.29673,2.303405
58.34,2.31571,2.28093,2.29832
58.35,2.31374,2.28774,2.30074
58.36,2.3058,2.29573,2.300765
58.37,2.30598,2.28235,2.294165
58.38,2.30976,2.283,2.29638
58.39,2.30878,2.28971,2.299245
58.4,2.30779,2.30169,2.30474
58.41,2.31576,2.28784,2.3018
58.42,2.30777,2.29739,2.30258
58.43,2.31313,2.2935,2.303315
58.44,2.31289,2.29985,2.30637
58.45,2.31417,2.2885,2.301335
58.46,2.31131,2.29356,2.302435
58.47,2.30991,2.29846,2.304185
58.48,2.3132,2.29496,2.30408
58.49,2.31452,2.29781,2.306165
58.5,2.30637,2.29357,2.29997
58.51,2.31044,2.28876,2.2996
58.52,2.31183,2.29311,2.30247
58.53,2.31774,2.29182,2.30478
58.54,2.30956,2.29097,2.300265
58.55,2.30539,2.29144,2.298415
58.56,2.30936,2.296,2.30268
58.57,2.31335,2.28936,2.301355
58.58,2.30441,2.28602,2.295215
58.59,2.30848,2.28957,2.299025
58.6,2.30883,2.28942,2.299125
58.61,2.30552,2.2852,2.29536
58.62,2.30587,2.28387,2.29487
58.63,2.31356,2.29444,2.304
58.64,2.3085,2.28347,2.295985
58.65,2.31164,2.28569,2.298665
58.66,2.31436,2.2902,2.30228
58.67,2.31343,2.28417,2.2988
58.68,2.31195,2.28653,2.29924
58.69,2.31146,2.28702,2.29924
58.7,2.31699,2.28793,2.30246
58.71,2.31414,2.29679,2.305465
58.72,2.30604,2.29353,2.299785
58.73,2.3016,2.29177,2.296685
58.74,2.31348,2.28739,2.300435
58.75,2.30785,2.28277,2.29531
58.76,2.31352,2.28356,2.29854
58.77,2.30844,2.281,2.29472
58.78,2.30678,2.28139,2.294085
58.79,2.30952,2.28197,2.295745
58.8,2.30622,2.28306,2.29464
58.81,2.31036,2.28701,2.298685
58.82,2.31555,2.29497,2.30526
58.83,2.31731,2.28878,2.303045
58.84,2.31283,2.29301,2.30292
58.85,2.3139,2.28975,2.301825
58.86,2.30853,2.29082,2.299675
58.87,2.30618,2.29337,2.299775
58.88,2.31515,2.2974,2.306275
58.89,2.30789,2.29468,2.301285
58.9,2.30631,2.28922,2.297765
58.91,2.30681,2.29185,2.29933
58.92,2.30859,2.29364,2.301115
58.93,2.3071,2.28946,2.29828
58.94,2.31001,2.28869,2.29935
58.95,2.30863,2.28244,2.295535
58.96,2.31528,2.28282,2.29905
58.97,2.30787,2.29459,2.30123
58.98,2.3116,2.2813,2.29645
58.99,2.3006,2.28582,2.29321
59,2.30005,2.28889,2.29447
59.01,2.30212,2.28444,2.29328
59.02,2.29952,2.28774,2.29363
59.03,2.30475,2.2961,2.300425
59.04,2.30478,2.29665,2.300715
59.05,2.30553,2.2934,2.299465
59.06,2.3083,2.2925,2.3004
59.07,2.30471,2.28806,2.296385
59.08,2.30713,2.29581,2.30147
59.09,2.30841,2.28847,2.29844
59.1,2.3131,2.28687,2.299985
59.11,2.3074,2.28953,2.298465
59.12,2.30647,2.29123,2.29885
59.13,2.31078,2.28447,2.297625
59.14,2.3163,2.28983,2.303065
59.15,2.31784,2.2906,2.30422
59.16,2.31115,2.28704,2.299095
59.17,2.29968,2.28501,2.292345
59.18,2.30116,2.28471,2.292935
59.19,2.30486,2.28555,2.295205
59.2,2.3066,2.28959,2.298095
59.21,2.30827,2.29187,2.30007
59.22,2.30491,2.29425,2.29958
59.23,2.31168,2.28247,2.297075
59.24,2.30286,2.28009,2.291475
59.25,2.30503,2.28224,2.293635
59.26,2.30614,2.2916,2.29887
59.27,2.30785,2.28314,2.295495
59.28,2.3023,2.27991,2.291105
59.29,2.30296,2.29074,2.29685
59.3,2.30859,2.28049,2.29454
59.31,2.30692,2.29039,2.298655
59.32,2.30053,2.29157,2.29605
59.33,2.30226,2.29652,2.29939
59.34,2.30709,2.28834,2.297715
59.35,2.30942,2.29034,2.29988
59.36,2.30776,2.28535,2.296555
59.37,2.314,2.2877,2.30085
59.38,2.30949,2.28523,2.29736
59.39,2.30761,2.29135,2.29948
59.4,2.30919,2.29169,2.30044
59.41,2.30686,2.29408,2.30047
59.42,2.30329,2.2968,2.300045
59.43,2.30678,2.29112,2.29895
59.44,2.30595,2.29499,2.30047
59.45,2.30461,2.29503,2.29982
59.46,2.30956,2.2844,2.29698
59.47,2.30673,2.2899,2.298315
59.48,2.30846,2.29249,2.300475
59.49,2.30431,2.27973,2.29202
59.5,2.29968,2.2892,2.29444
59.51,2.29666,2.28441,2.290535
59.52,2.30633,2.28822,2.297275
59.53,2.29591,2.29223,2.29407
59.54,2.29811,2.29043,2.29427
59.55,2.31112,2.29825,2.304685
59.56,2.30862,2.30183,2.305225
59.57,2.30959,2.28993,2.29976
59.58,2.30633,2.30159,2.30396
59.59,2.31314,2.30523,2.309185
59.6,2.2985,2.29601,2.297255
59.61,2.30227,2.29712,2.299695
59.62,2.30916,2.2886,2.29888
59.63,2.30666,2.29443,2.300545
59.64,2.30894,2.29326,2.3011
59.65,2.31552,2.28978,2.30265
59.66,2.31007,2.29225,2.30116
59.67,2.30804,2.29264,2.30034
59.68,2.30785,2.2904,2.299125
59.69,2.3091,2.28485,2.296975
59.7,2.30742,2.29289,2.300155
59.71,2.30332,2.29418,2.29875
59.72,2.30475,2.2932,2.298975
59.73,2.31558,2.28523,2.300405
59.74,2.30464,2.28645,2.295545
59.75,2.31641,2.28687,2.30164
59.76,2.31775,2.2882,2.302975
59.77,2.30546,2.29087,2.298165
59.78,2.31325,2.28219,2.29772
59.79,2.30393,2.28463,2.29428
59.8,2.31094,2.27816,2.29455
59.81,2.30197,2.2829,2.292435
59.82,2.32051,2.29234,2.306425
59.83,2.31552,2.28456,2.30004
59.84,2.30464,2.30016,2.3024
59.85,2.31204,2.2877,2.29987
59.86,2.31461,2.28703,2.30082
59.87,2.30737,2.28914,2.298255
59.88,2.30187,2.28295,2.29241
59.89,2.30424,2.28621,2.295225
59.9,2.30165,2.28799,2.29482
59.91,2.2951,2.29031,2.292705
59.92,2.30065,2.28563,2.29314
59.93,2.30162,2.29061,2.296115
59.94,2.3063,2.28933,2.297815
59.95,2.30766,2.29419,2.300925
59.96,2.3022,2.27958,2.29089
59.97,2.30604,2.28071,2.293375
59.98,2.30394,2.27969,2.291815
59.99,2.30101,2.29469,2.29785
60,2.29553,2.28681,2.29117
60.01,2.3018,2.2901,2.29595
60.02,2.30931,2.28713,2.29822
60.03,2.31469,2.29328,2.303985
60.04,2.30603,2.29007,2.29805
60.05,2.30843,2.29144,2.299935
60.06,2.31235,2.29557,2.30396
60.07,2.31693,2.28494,2.300935
60.08,2.30204,2.29377,2.297905
60.09,2.30818,2.29003,2.299105
60.1,2.31564,2.28886,2.30225
60.11,2.3071,2.30243,2.304765
60.12,2.30583,2.29175,2.29879
60.13,2.30345,2.29638,2.299915
60.14,2.30693,2.29487,2.3009
60.15,2.30884,2.28896,2.2989
60.16,2.30385,2.29122,2.297535
60.17,2.31087,2.29236,2.301615
60.18,2.30347,2.29247,2.29797
60.19,2.31506,2.29128,2.30317
60.2,2.31058,2.29448,2.30253
60.21,2.30811,2.28599,2.29705
60.22,2.30952,2.28957,2.299545
60.23,2.30552,2.29025,2.297885
60.24,2.30589,2.29259,2.29924
60.25,2.30674,2.2897,2.29822
60.26,2.30666,2.29325,2.299955
60.27,2.29749,2.29266,2.295075
60.28,2.30614,2.2925,2.29932
60.29,2.31016,2.29576,2.30296
60.3,2.30857,2.29306,2.300815
60.31,2.31319,2.2849,2.299045
60.32,2.30864,2.29518,2.30191
60.33,2.30693,2.29392,2.300425
60.34,2.31079,2.28891,2.29985
60.35,2.31897,2.28903,2.304
60.36,2.30618,2.28941,2.297795
60.37,2.31233,2.28977,2.30105
60.38,2.31202,2.28555,2.298785
60.39,2.30107,2.29035,2.29571
60.4,2.30492,2.28611,2.295515
60.41,2.3098,2.28896,2.29938
60.42,2.31206,2.28235,2.297205
60.43,2.30913,2.28364,2.296385
60.44,2.30574,2.28282,2.29428
60.45,2.3134,2.28488,2.29914
60.46,2.30978,2.2876,2.29869
60.47,2.30404,2.29129,2.297665
60.48,2.30505,2.28781,2.29643
60.49,2.30164,2.30012,2.30088
60.5,2.30494,2.28597,2.295455
60.51,2.30605,2.29202,2.299035
60.52,2.30125,2.28721,2.29423
60.53,2.29894,2.28913,2.294035
60.54,2.29986,2.28924,2.29455
60.55,2.30879,2.28408,2.296435
60.56,2.30755,2.29307,2.30031
60.57,2.30935,2.28214,2.295745
60.58,2.31211,2.2813,2.296705
60.59,2.31222,2.28105,2.296635
60.6,2.30495,2.28478,2.294865
60.61,2.30647,2.28222,2.294345
60.62,2.2924,2.28385,2.288125
60.63,2.29858,2.28063,2.289605
60.64,2.30239,2.2851,2.293745
60.65,2.30266,2.28042,2.29154
60.66,2.30121,2.28268,2.291945
60.67,2.29724,2.28577,2.291505
60.68,2.29699,2.28047,2.28873
60.69,2.30088,2.27958,2.29023
60.7,2.29912,2.28489,2.292005
60.71,2.29846,2.28725,2.292855
60.72,2.30202,2.28782,2.29492
60.73,2.3011,2.29048,2.29579
60.74,2.30475,2.29075,2.29775
60.75,2.30301,2.28182,2.292415
60.76,2.30711,2.28762,2.297365
60.77,2.31165,2.28422,2.297935
60.78,2.30439,2.29103,2.29771
60.79,2.30073,2.29509,2.29791
60.8,2.30099,2.29182,2.296405
60.81,2.30024,2.29216,2.2962
60.82,2.3096,2.28392,2.29676
60.83,2.30694,2.28934,2.29814
60.84,2.31031,2.29392,2.302115
60.85,2.31182,2.29063,2.301225
60.86,2.3101,2.29082,2.30046
60.87,2.31045,2.29726,2.303855
60.88,2.31181,2.28527,2.29854
60.89,2.30345,2.295,2.299225
60.9,2.30086,2.28932,2.29509
60.91,2.30645,2.29076,2.298605
60.92,2.30495,2.28236,2.293655
60.93,2.30253,2.28465,2.29359
60.94,2.30175,2.29201,2.29688
60.95,2.30533,2.28274,2.294035
60.96,2.29455,2.2929,2.293725
60.97,2.30029,2.28427,2.29228
60.98,2.29805,2.28461,2.29133
60.99,2.3034,2.29156,2.29748
61,2.29469,2.28542,2.290055
61.01,2.29861,2.29249,2.29555
61.02,2.3038,2.28366,2.29373
61.03,2.30357,2.28623,2.2949
61.04,2.30627,2.29324,2.299755
61.05,2.30799,2.29305,2.30052
61.06,2.30664,2.29471,2.300675
61.07,2.30726,2.28714,2.2972
61.08,2.30825,2.2879,2.298075
61.09,2.3054,2.29598,2.30069
61.1,2.30886,2.28052,2.29469
61.11,2.30782,2.28803,2.297925
61.12,2.31957,2.29824,2.308905
61.13,2.31394,2.29072,2.30233
61.14,2.31114,2.29519,2.303165
61.15,2.31797,2.28859,2.30328
61.16,2.31197,2.28485,2.29841
61.17,2.3153,2.29264,2.30397
61.18,2.31111,2.29182,2.301465
61.19,2.31124,2.28937,2.300305
61.2,2.30563,2.28933,2.29748
61.21,2.31077,2.28722,2.298995
61.22,2.30949,2.29268,2.301085
61.23,2.31186,2.28956,2.30071
61.24,2.31241,2.29505,2.30373
61.25,2.31093,2.29692,2.303925
61.26,2.30724,2.29134,2.29929
61.27,2.30842,2.29354,2.30098
61.28,2.31088,2.29113,2.301005
61.29,2.30178,2.29432,2.29805
61.3,2.30659,2.29157,2.29908
61.31,2.31194,2.29096,2.30145
61.32,2.30954,2.28676,2.29815
61.33,2.31112,2.29011,2.300615
61.34,2.30882,2.30058,2.3047
61.35,2.30544,2.29569,2.300565
61.36,2.30099,2.29334,2.297165
61.37,2.30474,2.29656,2.30065
61.38,2.30714,2.29445,2.300795
61.39,2.30565,2.29274,2.299195
61.4,2.30365,2.29434,2.298995
61.41,2.30527,2.29169,2.29848
61.42,2.30733,2.28035,2.29384
61.43,2.29958,2.29411,2.296845
61.44,2.29831,2.3018,2.300055
61.45,2.30087,2.30016,2.300515
61.46,2.30221,2.28959,2.2959
61.47,2.30066,2.29907,2.299865
61.48,2.29758,2.28655,2.292065
61.49,2.30008,2.29677,2.298425
61.5,2.30622,2.28855,2.297385
61.51,2.30686,2.29586,2.30136
61.52,2.30267,2.28798,2.295325
61.53,2.30595,2.29458,2.300265
61.54,2.30288,2.29054,2.29671
61.55,2.30133,2.28471,2.29302
61.56,2.30056,2.29422,2.29739
61.57,2.29444,2.2849,2.28967
61.58,2.3042,2.29259,2.298395
61.59,2.296,2.29801,2.297005
61.6,2.29808,2.29544,2.29676
61.61,2.3031,2.29241,2.297755
61.62,2.29174,2.2933,2.29252
61.63,2.30105,2.29077,2.29591
61.64,2.30135,2.28878,2.295065
61.65,2.29277,2.28587,2.28932
61.66,2.29735,2.29645,2.2969
61.67,2.29427,2.28828,2.291275
61.68,2.2914,2.28821,2.289805
61.69,2.29052,2.28937,2.289945
61.7,2.29222,2.28282,2.28752
61.71,2.29873,2.28659,2.29266
61.72,2.30125,2.27994,2.290595
61.73,2.29574,2.28709,2.291415
61.74,2.30931,2.29384,2.301575
61.75,2.29653,2.29131,2.29392
61.76,2.29803,2.28588,2.291955
61.77,2.30203,2.29342,2.297725
61.78,2.30493,2.29268,2.298805
61.79,2.31128,2.28954,2.30041
61.8,2.30743,2.29026,2.298845
61.81,2.30234,2.29119,2.296765
61.82,2.30667,2.29741,2.30204
61.83,2.30437,2.29141,2.29789
61.84,2.31085,2.2871,2.298975
61.85,2.3147,2.2872,2.30095
61.86,2.30895,2.29018,2.299565
61.87,2.30949,2.28271,2.2961
61.88,2.29615,2.28297,2.28956
61.89,2.30637,2.28622,2.296295
61.9,2.30957,2.2888,2.299185
61.91,2.306,2.28298,2.29449
61.92,2.31163,2.28297,2.2973
61.93,2.30699,2.28727,2.29713
61.94,2.3047,2.29131,2.298005
61.95,2.30892,2.2905,2.29971
61.96,2.30203,2.28907,2.29555
61.97,2.31028,2.2877,2.29899
61.98,2.30211,2.29062,2.296365
61.99,2.30063,2.29038,2.295505
62,2.29843,2.29785,2.29814
62.01,2.30119,2.29318,2.297185
62.02,2.29532,2.30326,2.29929
62.03,2.29933,2.29173,2.29553
62.04,2.30432,2.29227,2.298295
62.05,2.30284,2.30111,2.301975
62.06,2.29962,2.29981,2.299715
62.07,2.30257,2.28876,2.295665
62.08,2.30477,2.28937,2.29707
62.09,2.31303,2.2864,2.299715
62.1,2.30766,2.29259,2.300125
62.11,2.30864,2.283,2.29582
62.12,2.31276,2.28724,2.3
62.13,2.30889,2.29706,2.302975
62.14,2.31405,2.2933,2.303675
62.15,2.31237,2.28686,2.299615
62.16,2.31256,2.2891,2.30083
62.17,2.30683,2.27978,2.293305
62.18,2.30716,2.27799,2.292575
62.19,2.30094,2.28013,2.290535
62.2,2.30601,2.28007,2.29304
62.21,2.30177,2.27914,2.290455
62.22,2.30638,2.28417,2.295275
62.23,2.30751,2.28459,2.29605
62.24,2.31077,2.27441,2.29259
62.25,2.30809,2.28444,2.296265
62.26,2.309,2.28352,2.29626
62.27,2.3053,2.27093,2.288115
62.28,2.30395,2.28019,2.29207
62.29,2.30437,2.28748,2.295925
62.3,2.30799,2.28046,2.294225
62.31,2.29771,2.28762,2.292665
62.32,2.30841,2.28367,2.29604
62.33,2.29971,2.27592,2.287815
62.34,2.3082,2.28322,2.29571
62.35,2.30146,2.28392,2.29269
62.36,2.29833,2.2844,2.291365
62.37,2.3056,2.28355,2.294575
62.38,2.30621,2.28582,2.296015
62.39,2.30321,2.28503,2.29412
62.4,2.31234,2.28844,2.30039
62.41,2.30542,2.28658,2.296
62.42,2.31127,2.28762,2.299445
62.43,2.30527,2.28669,2.29598
62.44,2.30177,2.28954,2.295655
62.45,2.31063,2.28838,2.299505
62.46,2.31403,2.29596,2.304995
62.47,2.31079,2.28964,2.300215
62.48,2.30775,2.29424,2.300995
62.49,2.30215,2.29145,2.2968
62.5,2.30737,2.29066,2.299015
62.51,2.30915,2.29804,2.303595
62.52,2.3053,2.28417,2.294735
62.53,2.30924,2.29591,2.302575
62.54,2.3071,2.29628,2.30169
62.55,2.30617,2.29178,2.298975
62.56,2.30522,2.29306,2.29914
62.57,2.30803,2.29136,2.299695
62.58,2.31658,2.2924,2.30449
62.59,2.30845,2.29475,2.3016
62.6,2.31728,2.29882,2.30805
62.61,2.31021,2.28893,2.29957
62.62,2.3102,2.2971,2.30365
62.63,2.31371,2.29154,2.302625
62.64,2.30878,2.28372,2.29625
62.65,2.31238,2.29664,2.30451
62.66,2.31557,2.30162,2.308595
62.67,2.31167,2.30288,2.307275
62.68,2.31012,2.29829,2.304205
62.69,2.31055,2.2878,2.299175
62.7,2.30986,2.28994,2.2999
62.71,2.3113,2.2877,2.2995
62.72,2.30951,2.29666,2.303085
62.73,2.31433,2.29039,2.30236
62.74,2.30896,2.28682,2.29789
62.75,2.30454,2.27992,2.29223
62.76,2.31444,2.29267,2.303555
62.77,2.31553,2.29418,2.304855
62.78,2.31083,2.29173,2.30128
62.79,2.30975,2.28527,2.29751
62.8,2.31677,2.29116,2.303965
62.81,2.31723,2.29272,2.304975
62.82,2.31399,2.28827,2.30113
62.83,2.30325,2.28336,2.293305
62.84,2.31125,2.28943,2.30034
62.85,2.30596,2.2823,2.29413
62.86,2.30803,2.28774,2.297885
62.87,2.30807,2.28611,2.29709
62.88,2.3019,2.29325,2.297575
62.89,2.30299,2.28003,2.29151
62.9,2.30199,2.29069,2.29634
62.91,2.30198,2.28607,2.294025
62.92,2.30881,2.2786,2.293705
62.93,2.29397,2.27673,2.28535
62.94,2.29668,2.28514,2.29091
62.95,2.29825,2.28966,2.293955
62.96,2.29535,2.28228,2.288815
62.97,2.29643,2.28438,2.290405
62.98,2.295,2.2835,2.28925
62.99,2.29866,2.28894,2.2938
63,2.29886,2.27917,2.289015
63.01,2.29595,2.2845,2.290225
63.02,2.3089,2.28039,2.294645
63.03,2.30834,2.29115,2.299745
63.04,2.30346,2.28843,2.295945
63.05,2.30685,2.28415,2.2955
63.06,2.31001,2.28458,2.297295
63.07,2.30142,2.28243,2.291925
63.08,2.30676,2.28099,2.293875
63.09,2.30384,2.2798,2.29182
63.1,2.3045,2.29189,2.298195
63.11,2.30367,2.28313,2.2934
63.12,2.31198,2.28033,2.296155
63.13,2.32429,2.27553,2.29991
63.14,2.30701,2.27997,2.29349
63.15,2.30918,2.28409,2.296635
63.16,2.30296,2.29084,2.2969
63.17,2.30423,2.28169,2.29296
63.18,2.30654,2.27739,2.291965
63.19,2.30669,2.28839,2.29754
63.2,2.30224,2.27946,2.29085
63.21,2.30287,2.28579,2.29433
63.22,2.30267,2.279,2.290835
63.23,2.29965,2.28915,2.2944
63.24,2.30187,2.28093,2.2914
63.25,2.29863,2.28124,2.289935
63.26,2.30556,2.27732,2.29144
63.27,2.30366,2.2814,2.29253
63.28,2.29915,2.27696,2.288055
63.29,2.2931,2.27876,2.28593
63.3,2.30274,2.28011,2.291425
63.31,2.29756,2.28551,2.291535
63.32,2.29934,2.28424,2.29179
63.33,2.30007,2.28003,2.29005
63.34,2.29522,2.27857,2.286895
63.35,2.29976,2.27683,2.288295
63.36,2.29495,2.28681,2.29088
63.37,2.29877,2.28374,2.291255
63.38,2.30032,2.2828,2.29156
63.39,2.30106,2.27963,2.290345
63.4,2.30494,2.28867,2.296805
63.41,2.3004,2.28396,2.29218
63.42,2.29461,2.28493,2.28977
63.43,2.30472,2.29164,2.29818
63.44,2.30252,2.28415,2.293335
63.45,2.30695,2.28778,2.297365
63.46,2.30376,2.28871,2.296235
63.47,2.30045,2.28659,2.29352
63.48,2.30259,2.2869,2.294745
63.49,2.30472,2.28931,2.297015
63.5,2.30387,2.29234,2.298105
63.51,2.30703,2.28521,2.29612
63.52,2.30053,2.28581,2.29317
63.53,2.29677,2.28719,2.29198
63.54,2.30755,2.28873,2.29814
63.55,2.30058,2.28019,2.290385
63.56,2.30461,2.28164,2.293125
63.57,2.30001,2.27859,2.2893
63.58,2.31346,2.28904,2.30125
63.59,2.30668,2.28309,2.294885
63.6,2.30032,2.28927,2.294795
63.61,2.30944,2.27844,2.29394
63.62,2.30965,2.28713,2.29839
63.63,2.301,2.29017,2.295585
63.64,2.31275,2.29108,2.301915
63.65,2.31964,2.28724,2.30344
63.66,2.30896,2.28799,2.298475
63.67,2.30772,2.2989,2.30331
63.68,2.30576,2.29328,2.29952
63.69,2.30485,2.2827,2.293775
63.7,2.30039,2.28143,2.29091
63.71,2.30709,2.28965,2.29837
63.72,2.30716,2.2895,2.29833
63.73,2.30523,2.2885,2.296865
63.74,2.30768,2.2919,2.29979
63.75,2.31236,2.2882,2.30028
63.76,2.29946,2.29095,2.295205
63.77,2.30305,2.29246,2.297755
63.78,2.30609,2.29645,2.30127
63.79,2.30872,2.29786,2.30329
63.8,2.30502,2.29557,2.300295
63.81,2.31155,2.29488,2.303215
63.82,2.31043,2.29045,2.30044
63.83,2.30442,2.29585,2.300135
63.84,2.314,2.29424,2.30412
63.85,2.31439,2.30574,2.310065
63.86,2.31309,2.295,2.304045
63.87,2.3061,2.30205,2.304075
63.88,2.31993,2.29217,2.30605
63.89,2.31938,2.29605,2.307715
63.9,2.31397,2.29308,2.303525
63.91,2.30938,2.28922,2.2993
63.92,2.31854,2.2887,2.30362
63.93,2.31314,2.2884,2.30077
63.94,2.3144,2.2861,2.30025
63.95,2.31387,2.29598,2.304925
63.96,2.3168,2.29159,2.304195
63.97,2.31213,2.29302,2.302575
63.98,2.31134,2.2867,2.29902
63.99,2.30869,2.29483,2.30176
64,2.31045,2.29524,2.302845
64.01,2.30784,2.29101,2.299425
64.02,2.30546,2.28932,2.29739
64.03,2.30947,2.29467,2.30207
64.04,2.3123,2.28753,2.299915
64.05,2.30124,2.29539,2.298315
64.06,2.30264,2.29058,2.29661
64.07,2.30281,2.29394,2.298375
64.08,2.30673,2.28361,2.29517
64.09,2.30599,2.28422,2.295105
64.1,2.30908,2.29348,2.30128
64.11,2.3105,2.28433,2.297415
64.12,2.30565,2.28676,2.296205
64.13,2.30691,2.29768,2.302295
64.14,2.30939,2.29224,2.300815
64.15,2.30748,2.28935,2.298415
64.16,2.3123,2.29007,2.301185
64.17,2.31118,2.2835,2.29734
64.18,2.30799,2.29077,2.29938
64.19,2.31289,2.30128,2.307085
64.2,2.31365,2.29156,2.302605
64.21,2.3068,2.29637,2.301585
64.22,2.30795,2.29064,2.299295
64.23,2.3028,2.29199,2.297395
64.24,2.31387,2.29538,2.304625
64.25,2.31496,2.28879,2.301875
64.26,2.31117,2.28771,2.29944
64.27,2.31824,2.28973,2.303985
64.28,2.31342,2.29011,2.301765
64.29,2.3151,2.29207,2.303585
64.3,2.30417,2.29326,2.298715
64.31,2.30476,2.29004,2.2974
64.32,2.30852,2.29448,2.3015
64.33,2.30421,2.29271,2.29846
64.34,2.30947,2.28873,2.2991
64.35,2.31135,2.29708,2.304215
64.36,2.31169,2.2843,2.297995
64.37,2.31712,2.28622,2.30167
64.38,2.3105,2.28919,2.299845
64.39,2.31757,2.29328,2.305425
64.4,2.30857,2.29665,2.30261
64.41,2.31061,2.29243,2.30152
64.42,2.31211,2.28596,2.299035
64.43,2.31711,2.28747,2.30229
64.44,2.31351,2.29202,2.302765
64.45,2.31718,2.29791,2.307545
64.46,2.31534,2.2871,2.30122
64.47,2.30887,2.28821,2.29854
64.48,2.31625,2.29718,2.306715
64.49,2.31779,2.2964,2.307095
64.5,2.32039,2.30035,2.31037
64.51,2.31371,2.29611,2.30491
64.52,2.31992,2.29169,2.305805
64.53,2.32201,2.29911,2.31056
64.54,2.31255,2.29368,2.303115
64.55,2.30518,2.29806,2.30162
64.56,2.30773,2.29112,2.299425
64.57,2.30649,2.29568,2.301085
64.58,2.30367,2.2841,2.293885
64.59,2.30279,2.29931,2.30105
64.6,2.31152,2.28612,2.29882
64.61,2.31721,2.29082,2.304015
64.62,2.30794,2.29421,2.301075
64.63,2.31211,2.30218,2.307145
64.64,2.31024,2.29643,2.303335
64.65,2.31338,2.2916,2.30249
64.66,2.30577,2.29774,2.301755
64.67,2.30305,2.28766,2.295355
64.68,2.30044,2.29476,2.2976
64.69,2.30239,2.29383,2.29811
64.7,2.30539,2.28987,2.29763
64.71,2.3049,2.29807,2.301485
64.72,2.30713,2.29728,2.302205
64.73,2.30889,2.29849,2.30369
64.74,2.3041,2.29412,2.29911
64.75,2.29541,2.29925,2.29733
64.76,2.29919,2.29572,2.297455
64.77,2.29775,2.29891,2.29833
64.78,2.30439,2.29699,2.30069
64.79,2.29786,2.29365,2.295755
64.8,2.30278,2.29461,2.298695
64.81,2.31183,2.28711,2.29947
64.82,2.30242,2.28769,2.295055
64.83,2.30687,2.29307,2.29997
64.84,2.30292,2.29518,2.29905
64.85,2.30972,2.28802,2.29887
64.86,2.30588,2.28892,2.2974
64.87,2.29866,2.29792,2.29829
64.88,2.30623,2.29915,2.30269
64.89,2.30542,2.30805,2.306735
64.9,2.30921,2.30642,2.307815
64.91,2.31264,2.29363,2.303135
64.92,2.3018,2.30357,2.302685
64.93,2.30293,2.3016,2.302265
64.94,2.30359,2.28119,2.29239
64.95,2.30876,2.29639,2.302575
64.96,2.30861,2.29254,2.300575
64.97,2.30785,2.2926,2.300225
64.98,2.3031,2.30187,2.302485
64.99,2.311,2.29448,2.30274
65,2.31138,2.28464,2.29801
65.01,2.3021,2.28866,2.29538
65.02,2.30976,2.29395,2.301855
65.03,2.31047,2.29365,2.30206
65.04,2.30443,2.29169,2.29806
65.05,2.30834,2.28642,2.29738
65.06,2.30467,2.28683,2.29575
65.07,2.30896,2.28454,2.29675
65.08,2.30189,2.28316,2.292525
65.09,2.31132,2.28454,2.29793
65.1,2.30592,2.29711,2.301515
65.11,2.30487,2.29369,2.29928
65.12,2.30904,2.28854,2.29879
65.13,2.31265,2.29147,2.30206
65.14,2.3063,2.29271,2.299505
65.15,2.30577,2.29239,2.29908
65.16,2.30654,2.29696,2.30175
65.17,2.30874,2.30177,2.305255
65.18,2.29966,2.28603,2.292845
65.19,2.30907,2.28587,2.29747
65.2,2.30093,2.28651,2.29372
65.21,2.3014,2.28681,2.294105
65.22,2.31103,2.28909,2.30006
65.23,2.30997,2.28961,2.29979
65.24,2.30813,2.28576,2.296945
65.25,2.30378,2.28558,2.29468
65.26,2.30215,2.29237,2.29726
65.27,2.31091,2.29728,2.304095
65.28,2.30025,2.2944,2.297325
65.29,2.29812,2.2989,2.29851
65.3,2.30705,2.29249,2.29977
65.31,2.30612,2.29508,2.3006
65.32,2.3118,2.29959,2.305695
65.33,2.30745,2.29531,2.30138
65.34,2.30465,2.29125,2.29795
65.35,2.30554,2.29605,2.300795
65.36,2.3158,2.28714,2.30147
65.37,2.30178,2.28953,2.295655
65.38,2.29791,2.28041,2.28916
65.39,2.2986,2.28779,2.293195
65.4,2.30089,2.29093,2.29591
65.41,2.29977,2.29062,2.295195
65.42,2.30749,2.29045,2.29897
65.43,2.30044,2.29043,2.295435
65.44,2.30158,2.28278,2.29218
65.45,2.30221,2.28796,2.295085
65.46,2.3078,2.28584,2.29682
65.47,2.3015,2.29092,2.29621
65.48,2.30462,2.29193,2.298275
65.49,2.29987,2.28714,2.293505
65.5,2.30034,2.29018,2.29526
65.51,2.29727,2.29499,2.29613
65.52,2.29488,2.28979,2.292335
65.53,2.28994,2.28787,2.288905
65.54,2.29471,2.28629,2.2905
65.55,2.29477,2.28054,2.287655
65.56,2.30141,2.28903,2.29522
65.57,2.30495,2.28999,2.29747
65.58,2.29872,2.29086,2.29479
65.59,2.29574,2.28555,2.290645
65.6,2.29815,2.28482,2.291485
65.61,2.30712,2.28786,2.29749
65.62,2.30312,2.29606,2.29959
65.63,2.30636,2.28636,2.29636
65.64,2.30758,2.28479,2.296185
65.65,2.30101,2.28286,2.291935
65.66,2.30515,2.28584,2.295495
65.67,2.30304,2.28899,2.296015
65.68,2.29606,2.2903,2.29318
65.69,2.29429,2.28142,2.287855
65.7,2.30421,2.29697,2.30059
65.71,2.29868,2.28828,2.29348
65.72,2.30683,2.28197,2.2944
65.73,2.29766,2.28951,2.293585
65.74,2.30033,2.28305,2.29169
65.75,2.30169,2.27873,2.29021
65.76,2.30377,2.28623,2.295
65.77,2.30549,2.27793,2.29171
65.78,2.2973,2.27879,2.288045
65.79,2.29645,2.27839,2.28742
65.8,2.29233,2.28313,2.28773
65.81,2.29033,2.28785,2.28909
65.82,2.30038,2.28334,2.29186
65.83,2.30012,2.28687,2.293495
65.84,2.30338,2.29054,2.29696
65.85,2.29518,2.289,2.29209
65.86,2.30063,2.28184,2.291235
65.87,2.30303,2.28418,2.293605
65.88,2.29885,2.28173,2.29029
65.89,2.29884,2.2889,2.29387
65.9,2.29851,2.29071,2.29461
65.91,2.3076,2.28174,2.29467
65.92,2.29793,2.28898,2.293455
65.93,2.3145,2.28038,2.29744
65.94,2.31171,2.29043,2.30107
65.95,2.31331,2.2914,2.302355
65.96,2.30989,2.28442,2.297155
65.97,2.31443,2.28683,2.30063
65.98,2.30114,2.27914,2.29014
65.99,2.30392,2.2787,2.29131
66,2.30093,2.27948,2.290205
66.01,2.30941,2.2873,2.298355
66.02,2.30672,2.28421,2.295465
66.03,2.30389,2.28743,2.29566
66.04,2.29575,2.27737,2.28656
66.05,2.29943,2.275,2.287215
66.06,2.29602,2.28355,2.289785
66.07,2.30017,2.28375,2.29196
66.08,2.30226,2.28066,2.29146
66.09,2.30679,2.29289,2.29984
66.1,2.30137,2.2784,2.289885
66.11,2.30016,2.28406,2.29211
66.12,2.30099,2.27908,2.290035
66.13,2.30117,2.2774,2.289285
66.14,2.29329,2.28236,2.287825
66.15,2.29683,2.27785,2.28734
66.16,2.2998,2.27931,2.289555
66.17,2.30117,2.27599,2.28858
66.18,2.30924,2.28305,2.296145
66.19,2.31038,2.27755,2.293965
66.2,2.30186,2.27921,2.290535
66.21,2.30414,2.27671,2.290425
66.22,2.3026,2.2777,2.29015
66.23,2.30025,2.2787,2.289475
66.24,2.30033,2.28479,2.29256
66.25,2.30444,2.27026,2.28735
66.26,2.30719,2.28114,2.294165
66.27,2.30353,2.26724,2.285385
66.28,2.30034,2.27621,2.288275
66.29,2.30757,2.27182,2.289695
66.3,2.29675,2.28826,2.292505
66.31,2.29369,2.28273,2.28821
66.32,2.29782,2.28211,2.289965
66.33,2.29743,2.27189,2.28466
66.34,2.29556,2.2739,2.28473
66.35,2.29648,2.27781,2.287145
66.36,2.30205,2.27861,2.29033
66.37,2.29967,2.27825,2.28896
66.38,2.30373,2.27368,2.288705
66.39,2.30045,2.28847,2.29446
66.4,2.29552,2.28963,2.292575
66.41,2.2972,2.28855,2.292875
66.42,2.29779,2.28437,2.29108
66.43,2.30351,2.28519,2.29435
66.44,2.30417,2.28399,2.29408
66.45,2.29362,2.28512,2.28937
66.46,2.30085,2.28174,2.291295
66.47,2.30614,2.28105,2.293595
66.48,2.30724,2.28731,2.297275
66.49,2.3059,2.28234,2.29412
66.5,2.3106,2.2845,2.29755
66.51,2.30763,2.28182,2.294725
66.52,2.30623,2.28619,2.29621
66.53,2.31129,2.28619,2.29874
66.54,2.30295,2.27739,2.29017
66.55,2.29689,2.27889,2.28789
66.56,2.30898,2.28568,2.29733
66.57,2.30447,2.28452,2.294495
66.58,2.3141,2.2876,2.30085
66.59,2.31611,2.2928,2.304455
66.6,2.31128,2.27947,2.295375
66.61,2.31526,2.29244,2.30385
66.62,2.30581,2.28258,2.294195
66.63,2.32265,2.28087,2.30176
66.64,2.30629,2.28444,2.295365
66.65,2.305,2.28207,2.293535
66.66,2.31222,2.28863,2.300425
66.67,2.31202,2.28112,2.29657
66.68,2.31307,2.28573,2.2994
66.69,2.31108,2.29138,2.30123
66.7,2.30896,2.28349,2.296225
66.71,2.30476,2.27961,2.292185
66.72,2.30854,2.289,2.29877
66.73,2.30672,2.29372,2.30022
66.74,2.30378,2.29408,2.29893
66.75,2.30504,2.29385,2.299445
66.76,2.31268,2.29142,2.30205
66.77,2.3114,2.29801,2.304705
66.78,2.31322,2.29209,2.302655
66.79,2.3197,2.29617,2.307935
66.8,2.31761,2.30803,2.31282
66.81,2.31485,2.30212,2.308485
66.82,2.31451,2.29068,2.302595
66.83,2.31219,2.30014,2.306165
66.84,2.31253,2.29587,2.3042
66.85,2.30447,2.28696,2.295715
66.86,2.30359,2.29431,2.29895
66.87,2.30517,2.29481,2.29999
66.88,2.30413,2.30067,2.3024
66.89,2.30429,2.29345,2.29887
66.9,2.30837,2.29369,2.30103
66.91,2.30755,2.29117,2.29936
66.92,2.30506,2.28692,2.29599
66.93,2.30067,2.30065,2.30066
66.94,2.3118,2.29326,2.30253
66.95,2.30451,2.2863,2.295405
66.96,2.30616,2.28809,2.297125
66.97,2.30568,2.29932,2.3025
66.98,2.30488,2.30065,2.302765
66.99,2.29997,2.29181,2.29589
67,2.29393,2.28249,2.28821
67.01,2.29582,2.29132,2.29357
67.02,2.30054,2.2928,2.29667
67.03,2.30413,2.28448,2.294305
67.04,2.30165,2.29192,2.296785
67.05,2.29932,2.29002,2.29467
67.06,2.3099,2.28787,2.298885
67.07,2.2999,2.28598,2.29294
67.08,2.30291,2.2962,2.299555
67.09,2.30446,2.28978,2.29712
67.1,2.30945,2.29005,2.29975
67.11,2.30348,2.28822,2.29585
67.12,2.30332,2.29192,2.29762
67.13,2.29897,2.28374,2.291355
67.14,2.30238,2.28071,2.291545
67.15,2.30072,2.28547,2.293095
67.16,2.30632,2.29976,2.30304
67.17,2.3036,2.28556,2.29458
67.18,2.29877,2.27842,2.288595
67.19,2.2901,2.28416,2.28713
67.2,2.3009,2.28486,2.29288
67.21,2.30648,2.28371,2.295095
67.22,2.29957,2.28314,2.291355
67.23,2.29646,2.29444,2.29545
67.24,2.30445,2.28067,2.29256
67.25,2.29592,2.29273,2.294325
67.26,2.30768,2.28254,2.29511
67.27,2.30417,2.28485,2.29451
67.28,2.30214,2.28967,2.295905
67.29,2.30366,2.28251,2.293085
67.3,2.29723,2.2763,2.286765
67.31,2.29255,2.2815,2.287025
67.32,2.31572,2.29008,2.3029
67.33,2.30051,2.29651,2.29851
67.34,2.3019,2.28323,2.292565
67.35,2.29748,2.28271,2.290095
67.36,2.30393,2.28806,2.295995
67.37,2.29581,2.28739,2.2916
67.38,2.30543,2.28547,2.29545
67.39,2.30658,2.28828,2.29743
67.4,2.30003,2.28813,2.29408
67.41,2.30284,2.28773,2.295285
67.42,2.29869,2.28132,2.290005
67.43,2.30181,2.28214,2.291975
67.44,2.3079,2.28537,2.296635
67.45,2.30736,2.29034,2.29885
67.46,2.30804,2.2932,2.30062
67.47,2.31362,2.29073,2.302175
67.48,2.30357,2.28398,2.293775
67.49,2.30535,2.28108,2.293215
67.5,2.30749,2.28833,2.29791
67.51,2.309,2.28478,2.29689
67.52,2.29961,2.28634,2.292975
67.53,2.31192,2.28642,2.29917
67.54,2.31136,2.27788,2.29462
67.55,2.30454,2.28659,2.295565
67.56,2.31384,2.28745,2.300645
67.57,2.32007,2.28814,2.304105
67.58,2.31934,2.28429,2.301815
67.59,2.30813,2.28261,2.29537
67.6,2.29996,2.28405,2.292005
67.61,2.31066,2.28381,2.297235
67.62,2.30681,2.29152,2.299165
67.63,2.30172,2.28832,2.29502
67.64,2.30884,2.28424,2.29654
67.65,2.31297,2.28684,2.299905
67.66,2.30481,2.28155,2.29318
67.67,2.30826,2.28406,2.29616
67.68,2.30703,2.28058,2.293805
67.69,2.30724,2.28903,2.298135
67.7,2.30317,2.28345,2.29331
67.71,2.30452,2.2832,2.29386
67.72,2.30039,2.29217,2.29628
67.73,2.30205,2.28891,2.29548
67.74,2.30693,2.28164,2.294285
67.75,2.30728,2.28564,2.29646
67.76,2.3111,2.28697,2.299035
67.77,2.31327,2.28929,2.30128
67.78,2.32283,2.28236,2.302595
67.79,2.30334,2.28519,2.294265
67.8,2.31105,2.29132,2.301185
67.81,2.31094,2.2888,2.29987
67.82,2.30371,2.29244,2.298075
67.83,2.3059,2.28631,2.296105
67.84,2.30021,2.28065,2.29043
67.85,2.30044,2.28745,2.293945
67.86,2.30997,2.28889,2.29943
67.87,2.30524,2.2867,2.29597
67.88,2.30205,2.28085,2.29145
67.89,2.3032,2.28263,2.292915
67.9,2.30147,2.28602,2.293745
67.91,2.30831,2.28016,2.294235
67.92,2.29927,2.27647,2.28787
67.93,2.30202,2.27623,2.289125
67.94,2.30133,2.281,2.291165
67.95,2.30379,2.28097,2.29238
67.96,2.30115,2.2846,2.292875
67.97,2.3001,2.28346,2.29178
67.98,2.30133,2.28039,2.29086
67.99,2.3077,2.2837,2.2957
68,2.29673,2.27913,2.28793
68.01,2.29474,2.28456,2.28965
68.02,2.30049,2.2862,2.293345
68.03,2.29895,2.27948,2.289215
68.04,2.29511,2.27915,2.28713
68.05,2.29657,2.28007,2.28832
68.06,2.29953,2.28431,2.29192
68.07,2.29613,2.27681,2.28647
68.08,2.30346,2.29,2.29673
68.09,2.30655,2.28164,2.294095
68.1,2.30769,2.28068,2.294185
68.11,2.30848,2.2781,2.29329
68.12,2.3066,2.28145,2.294025
68.13,2.30206,2.27717,2.289615
68.14,2.30117,2.27316,2.287165
68.15,2.30026,2.28071,2.290485
68.16,2.29503,2.2814,2.288215
68.17,2.29546,2.28317,2.289315
68.18,2.29654,2.28415,2.290345
68.19,2.29936,2.28373,2.291545
68.2,2.2968,2.28052,2.28866
68.21,2.29998,2.28836,2.29417
68.22,2.30311,2.28241,2.29276
68.23,2.29448,2.28025,2.287365
68.24,2.29392,2.27812,2.28602
68.25,2.29405,2.28368,2.288865
68.26,2.29533,2.28746,2.291395
68.27,2.29737,2.28386,2.290615
68.28,2.30212,2.28901,2.295565
68.29,2.29758,2.29118,2.29438
68.3,2.3039,2.28182,2.29286
68.31,2.29706,2.28407,2.290565
68.32,2.30227,2.28299,2.29263
68.33,2.30001,2.2848,2.292405
68.34,2.30274,2.29267,2.297705
68.35,2.30438,2.28674,2.29556
68.36,2.30634,2.2857,2.29602
68.37,2.30182,2.28692,2.29437
68.38,2.30798,2.28692,2.29745
68.39,2.30812,2.28652,2.29732
68.4,2.30587,2.28296,2.294415
68.41,2.30332,2.2906,2.29696
68.42,2.30962,2.28899,2.299305
68.43,2.30576,2.28482,2.29529
68.44,2.29712,2.28963,2.293375
68.45,2.29412,2.28337,2.288745
68.46,2.29864,2.29184,2.29524
68.47,2.29549,2.28411,2.2898
68.48,2.30119,2.28282,2.292005
68.49,2.30368,2.28869,2.296185
68.5,2.29617,2.29224,2.294205
68.51,2.30355,2.28936,2.296455
68.52,2.29574,2.29112,2.29343
68.53,2.29417,2.28877,2.29147
68.54,2.2974,2.30334,2.30037
68.55,2.30185,2.30302,2.302435
68.56,2.29501,2.29427,2.29464
68.57,2.30102,2.29868,2.29985
68.58,2.30131,2.29086,2.296085
68.59,2.2957,2.29995,2.297825
68.6,2.30002,2.29315,2.296585
68.61,2.30045,2.29279,2.29662
68.62,2.29894,2.30052,2.29973
68.63,2.30794,2.29584,2.30189
68.64,2.30569,2.295,2.300345
68.65,2.2914,2.29406,2.29273
68.66,2.29944,2.2898,2.29462
68.67,2.30068,2.2931,2.29689
68.68,2.29912,2.29266,2.29589
68.69,2.3005,2.29037,2.295435
68.7,2.29503,2.2966,2.295815
68.71,2.30504,2.28645,2.295745
68.72,2.3021,2.29839,2.300245
68.73,2.29576,2.30199,2.298875
68.74,2.29067,2.29298,2.291825
68.75,2.2942,2.29731,2.295755
68.76,2.29615,2.28869,2.29242
68.77,2.29391,2.2855,2.289705
68.78,2.29089,2.29829,2.29459
68.79,2.30331,2.28866,2.295985
68.8,2.30635,2.28969,2.29802
68.81,2.29902,2.28732,2.29317
68.82,2.29377,2.28831,2.29104
68.83,2.29898,2.29111,2.295045
68.84,2.28781,2.28903,2.28842
68.85,2.29348,2.28052,2.287
68.86,2.29801,2.28454,2.291275
68.87,2.30141,2.28398,2.292695
68.88,2.29839,2.28034,2.289365
68.89,2.30553,2.29358,2.299555
68.9,2.30597,2.28344,2.294705
68.91,2.29461,2.28272,2.288665
68.92,2.30296,2.28543,2.294195
68.93,2.29764,2.28507,2.291355
68.94,2.30244,2.27949,2.290965
68.95,2.30415,2.28715,2.29565
68.96,2.30088,2.28393,2.292405
68.97,2.29581,2.28662,2.291215
68.98,2.3,2.29109,2.295545
68.99,2.30084,2.28409,2.292465
69,2.2994,2.28204,2.29072
69.01,2.3023,2.29113,2.296715
69.02,2.30283,2.28489,2.29386
69.03,2.30386,2.28914,2.2965
69.04,2.30087,2.28026,2.290565
69.05,2.30682,2.29064,2.29873
69.06,2.31087,2.28964,2.300255
69.07,2.31522,2.28951,2.302365
69.08,2.30878,2.28918,2.29898
69.09,2.3082,2.29328,2.30074
69.1,2.30338,2.28646,2.29492
69.11,2.30783,2.28264,2.295235
69.12,2.29887,2.28441,2.29164
69.13,2.29751,2.28064,2.289075
69.14,2.30599,2.27979,2.29289
69.15,2.29247,2.29441,2.29344
69.16,2.29758,2.2808,2.28919
69.17,2.30377,2.28626,2.295015
69.18,2.29879,2.28696,2.292875
69.19,2.29957,2.28968,2.294625
69.2,2.30468,2.28875,2.296715
69.21,2.30098,2.28574,2.29336
69.22,2.29465,2.28555,2.2901
69.23,2.2998,2.28989,2.294845
69.24,2.30577,2.28413,2.29495
69.25,2.30876,2.28265,2.295705
69.26,2.31099,2.28166,2.296325
69.27,2.31129,2.28709,2.29919
69.28,2.30967,2.28966,2.299665
69.29,2.30778,2.28234,2.29506
69.3,2.30396,2.28547,2.294715
69.31,2.31284,2.29069,2.301765
69.32,2.30948,2.28181,2.295645
69.33,2.31437,2.28538,2.299875
69.34,2.30581,2.28701,2.29641
69.35,2.30641,2.28508,2.295745
69.36,2.3091,2.29269,2.300895
69.37,2.30392,2.28356,2.29374
69.38,2.30824,2.28682,2.29753
69.39,2.30593,2.28967,2.2978
69.4,2.30463,2.28986,2.297245
69.41,2.30473,2.27466,2.289695
69.42,2.31285,2.28532,2.299085
69.43,2.30717,2.28906,2.298115
69.44,2.30927,2.27726,2.293265
69.45,2.30009,2.27945,2.28977
69.46,2.30292,2.28429,2.293605
69.47,2.30684,2.28974,2.29829
69.48,2.30401,2.29507,2.29954
69.49,2.29959,2.28481,2.2922
69.5,2.29505,2.2824,2.288725
69.51,2.29519,2.2851,2.290145
69.52,2.30157,2.29189,2.29673
69.53,2.2891,2.28638,2.28774
69.54,2.30017,2.28563,2.2929
69.55,2.29631,2.28996,2.293135
69.56,2.2936,2.2889,2.29125
69.57,2.2945,2.28358,2.28904
69.58,2.29612,2.28791,2.292015
69.59,2.29534,2.2903,2.29282
69.6,2.29571,2.29248,2.294095
69.61,2.29274,2.28495,2.288845
69.62,2.28975,2.28604,2.287895
69.63,2.29607,2.29564,2.295855
69.64,2.29518,2.28789,2.291535
69.65,2.30563,2.28747,2.29655
69.66,2.30342,2.28627,2.294845
69.67,2.29132,2.28709,2.289205
69.68,2.29933,2.27676,2.288045
69.69,2.30182,2.28986,2.29584
69.7,2.29811,2.28446,2.291285
69.71,2.29979,2.28882,2.294305
69.72,2.29996,2.29114,2.29555
69.73,2.29626,2.29459,2.295425
69.74,2.30835,2.29147,2.29991
69.75,2.30517,2.29104,2.298105
69.76,2.2969,2.28449,2.290695
69.77,2.30419,2.29111,2.29765
69.78,2.30347,2.30408,2.303775
69.79,2.29401,2.28733,2.29067
69.8,2.29377,2.2888,2.291285
69.81,2.3007,2.29102,2.29586
69.82,2.2998,2.29155,2.295675
69.83,2.29793,2.28917,2.29355
69.84,2.30404,2.29005,2.297045
69.85,2.29822,2.29103,2.294625
69.86,2.30156,2.28573,2.293645
69.87,2.30775,2.28123,2.29449
69.88,2.29425,2.2826,2.288425
69.89,2.29615,2.29276,2.294455
69.9,2.30096,2.29019,2.295575
69.91,2.30167,2.28779,2.29473
69.92,2.2988,2.2815,2.29015
69.93,2.30189,2.28871,2.2953
69.94,2.301,2.28296,2.29198
69.95,2.29397,2.28263,2.2883
69.96,2.29981,2.28383,2.29182
69.97,2.29948,2.28213,2.290805
69.98,2.30711,2.28203,2.29457
69.99,2.30249,2.28499,2.29374
70,2.29571,2.2852,2.290455
70.01,2.29831,2.29261,2.29546
70.02,2.29875,2.2802,2.289475
70.03,2.29309,2.29383,2.29346
70.04,2.29206,2.29467,2.293365
70.05,2.29552,2.29364,2.29458
70.06,2.29617,2.29175,2.29396
70.07,2.30306,2.29688,2.29997
70.08,2.30143,2.28792,2.294675
70.09,2.29369,2.28771,2.2907
70.1,2.30226,2.2862,2.29423
70.11,2.30566,2.28563,2.295645
70.12,2.30051,2.28611,2.29331
70.13,2.29477,2.28781,2.29129
70.14,2.30026,2.28609,2.293175
70.15,2.29535,2.28979,2.29257
70.16,2.29988,2.28671,2.293295
70.17,2.2977,2.29724,2.29747
70.18,2.2939,2.28287,2.288385
70.19,2.29233,2.28991,2.29112
70.2,2.2903,2.29044,2.29037
70.21,2.2936,2.28863,2.291115
70.22,2.29218,2.28443,2.288305
70.23,2.29824,2.29292,2.29558
70.24,2.30222,2.28614,2.29418
70.25,2.29909,2.29289,2.29599
70.26,2.2873,2.29198,2.28964
70.27,2.30084,2.29277,2.296805
70.28,2.29717,2.29753,2.29735
70.29,2.28584,2.28215,2.283995
70.3,2.29763,2.29346,2.295545
70.31,2.29555,2.29155,2.29355
70.32,2.29727,2.28447,2.29087
70.33,2.29993,2.28967,2.2948
70.34,2.30097,2.29305,2.29701
70.35,2.29952,2.28727,2.293395
70.36,2.30827,2.28774,2.298005
70.37,2.29295,2.29375,2.29335
70.38,2.30553,2.29342,2.299475
70.39,2.2997,2.28174,2.29072
70.4,2.30294,2.28142,2.29218
70.41,2.28595,2.29138,2.288665
70.42,2.29198,2.2828,2.28739
70.43,2.30156,2.28811,2.294835
70.44,2.29794,2.28185,2.289895
70.45,2.30568,2.28353,2.294605
70.46,2.29875,2.28556,2.292155
70.47,2.30722,2.2825,2.29486
70.48,2.29797,2.28424,2.291105
70.49,2.29888,2.27895,2.288915
70.5,2.28989,2.27525,2.28257
70.51,2.29125,2.2807,2.285975
70.52,2.28998,2.28653,2.288255
70.53,2.29187,2.28861,2.29024
70.54,2.30358,2.28546,2.29452
70.55,2.29713,2.28153,2.28933
70.56,2.2982,2.29497,2.296585
70.57,2.29794,2.27926,2.2886
70.58,2.29465,2.28633,2.29049
70.59,2.29595,2.28386,2.289905
70.6,2.29989,2.28378,2.291835
70.61,2.30191,2.28496,2.293435
70.62,2.30163,2.28067,2.29115
70.63,2.301,2.28247,2.291735
70.64,2.30484,2.28379,2.294315
70.65,2.30567,2.28906,2.297365
70.66,2.29891,2.28229,2.2906
70.67,2.29614,2.27569,2.285915
70.68,2.29325,2.28782,2.290535
70.69,2.29208,2.28577,2.288925
70.7,2.30052,2.28501,2.292765
70.71,2.29761,2.27917,2.28839
70.72,2.29891,2.28035,2.28963
70.73,2.30176,2.27763,2.289695
70.74,2.30164,2.27729,2.289465
70.75,2.29663,2.28076,2.288695
70.76,2.29758,2.2856,2.29159
70.77,2.2952,2.28633,2.290765
70.78,2.29477,2.28554,2.290155
70.79,2.29523,2.2816,2.288415
70.8,2.28469,2.29325,2.28897
70.81,2.29131,2.2838,2.287555
70.82,2.29637,2.27795,2.28716
70.83,2.2928,2.28284,2.28782
70.84,2.29258,2.27867,2.285625
70.85,2.29262,2.28223,2.287425
70.86,2.28951,2.28241,2.28596
70.87,2.29205,2.28498,2.288515
70.88,2.29612,2.28261,2.289365
70.89,2.29697,2.28549,2.29123
70.9,2.29788,2.29263,2.295255
70.91,2.30626,2.29234,2.2993
70.92,2.30412,2.28606,2.29509
70.93,2.30925,2.28508,2.297165
70.94,2.29854,2.28546,2.292
70.95,2.29954,2.2866,2.29307
70.96,2.28935,2.28134,2.285345
70.97,2.30282,2.27349,2.288155
70.98,2.30257,2.28238,2.292475
70.99,2.30304,2.29431,2.298675
71,2.31105,2.29127,2.30116
71.01,2.3081,2.29653,2.302315
71.02,2.3038,2.28255,2.293175
71.03,2.30481,2.28404,2.294425
71.04,2.31151,2.27706,2.294285
71.05,2.30117,2.28066,2.290915
71.06,2.29868,2.28169,2.290185
71.07,2.30348,2.28553,2.294505
71.08,2.30753,2.28712,2.297325
71.09,2.30302,2.28411,2.293565
71.1,2.30013,2.28897,2.29455
71.11,2.28967,2.28543,2.28755
71.12,2.2943,2.28186,2.28808
71.13,2.29563,2.28117,2.2884
71.14,2.30389,2.28372,2.293805
71.15,2.30397,2.27921,2.29159
71.16,2.2983,2.2921,2.2952
71.17,2.30056,2.27932,2.28994
71.18,2.29994,2.28879,2.294365
71.19,2.29706,2.28318,2.29012
71.2,2.29782,2.27898,2.2884
71.21,2.29723,2.28663,2.29193
71.22,2.29603,2.28426,2.290145
71.23,2.30711,2.27893,2.29302
71.24,2.2925,2.28909,2.290795
71.25,2.30009,2.28185,2.29097
71.26,2.29341,2.28041,2.28691
71.27,2.30308,2.28454,2.29381
71.28,2.29187,2.28741,2.28964
71.29,2.29227,2.29407,2.29317
71.3,2.29188,2.29019,2.291035
71.31,2.29119,2.29022,2.290705
71.32,2.29856,2.29274,2.29565
71.33,2.2936,2.28759,2.290595
71.34,2.29755,2.30227,2.29991
71.35,2.2954,2.28683,2.291115
71.36,2.28459,2.28293,2.28376
71.37,2.29058,2.29387,2.292225
71.38,2.29133,2.28886,2.290095
71.39,2.29377,2.28559,2.28968
71.4,2.29883,2.28905,2.29394
71.41,2.29375,2.28322,2.288485
71.42,2.2943,2.28525,2.289775
71.43,2.30671,2.28485,2.29578
71.44,2.30217,2.29257,2.29737
71.45,2.29426,2.28956,2.29191
71.46,2.30017,2.28578,2.292975
71.47,2.29631,2.28501,2.29066
71.48,2.2932,2.28937,2.291285
71.49,2.29698,2.29374,2.29536
71.5,2.29561,2.2889,2.292255
71.51,2.29701,2.2921,2.294555
71.52,2.29744,2.28577,2.291605
71.53,2.29246,2.29573,2.294095
71.54,2.29685,2.30126,2.299055
71.55,2.29339,2.29962,2.296505
71.56,2.29939,2.29486,2.297125
71.57,2.29587,2.29509,2.29548
71.58,2.29338,2.29102,2.2922
71.59,2.30627,2.29228,2.299275
71.6,2.3042,2.29625,2.300225
71.61,2.29904,2.2886,2.29382
71.62,2.28791,2.29111,2.28951
71.63,2.28709,2.2923,2.289695
71.64,2.29105,2.28916,2.290105
71.65,2.28719,2.2844,2.285795
71.66,2.28933,2.29914,2.294235
71.67,2.29501,2.28538,2.290195
71.68,2.28867,2.2898,2.289235
71.69,2.29184,2.28973,2.290785
71.7,2.29245,2.28176,2.287105
71.71,2.29865,2.28734,2.292995
71.72,2.29326,2.27782,2.28554
71.73,2.29214,2.28601,2.289075
71.74,2.2916,2.27975,2.285675
71.75,2.28732,2.29231,2.289815
71.76,2.28431,2.28774,2.286025
71.77,2.29626,2.27857,2.287415
71.78,2.29994,2.27938,2.28966
71.79,2.29506,2.28554,2.2903
71.8,2.29375,2.27958,2.286665
71.81,2.29284,2.29126,2.29205
71.82,2.30552,2.28353,2.294525
71.83,2.29491,2.28674,2.290825
71.84,2.29336,2.28262,2.28799
71.85,2.29245,2.28008,2.286265
71.86,2.28977,2.28168,2.285725
71.87,2.293,2.27343,2.283215
71.88,2.29863,2.2799,2.289265
71.89,2.29201,2.2796,2.285805
71.9,2.29354,2.28585,2.289695
71.91,2.29734,2.2849,2.29112
71.92,2.30449,2.28111,2.2928
71.93,2.30116,2.28264,2.2919
71.94,2.29804,2.27755,2.287795
71.95,2.29886,2.27315,2.286005
71.96,2.3017,2.28347,2.292585
71.97,2.30506,2.28691,2.295985
71.98,2.30093,2.27471,2.28782
71.99,2.29792,2.2851,2.29151
72,2.30361,2.28044,2.292025
72.01,2.2929,2.2845,2.2887
72.02,2.29614,2.28957,2.292855
72.03,2.30207,2.29101,2.29654
72.04,2.29819,2.28398,2.291085
72.05,2.29596,2.2879,2.29193
72.06,2.29725,2.2911,2.294175
72.07,2.30479,2.2913,2.298045
72.08,2.30145,2.28548,2.293465
72.09,2.29897,2.28301,2.29099
72.1,2.29495,2.29586,2.295405
72.11,2.3017,2.28365,2.292675
72.12,2.30166,2.287,2.29433
72.13,2.30171,2.28728,2.294495
72.14,2.30594,2.28568,2.29581
72.15,2.30846,2.28451,2.296485
72.16,2.30194,2.28148,2.29171
72.17,2.30472,2.28407,2.294395
72.18,2.30179,2.28591,2.29385
72.19,2.30567,2.28852,2.297095
72.2,2.30012,2.2734,2.28676
72.21,2.3033,2.28396,2.29363
72.22,2.30994,2.29123,2.300585
72.23,2.30566,2.2879,2.29678
72.24,2.29607,2.2891,2.292585
72.25,2.30338,2.28014,2.29176
72.26,2.29872,2.28576,2.29224
72.27,2.30579,2.28681,2.2963
72.28,2.30743,2.29158,2.299505
72.29,2.29561,2.28626,2.290935
72.3,2.29806,2.2898,2.29393
72.31,2.30256,2.28882,2.29569
72.32,2.29715,2.28792,2.292535
72.33,2.29853,2.28263,2.29058
72.34,2.29571,2.28701,2.29136
72.35,2.29981,2.28505,2.29243
72.36,2.3019,2.27797,2.289935
72.37,2.30369,2.28563,2.29466
72.38,2.29763,2.28273,2.29018
72.39,2.30236,2.28116,2.29176
72.4,2.30063,2.29087,2.29575
72.41,2.3035,2.29159,2.297545
72.42,2.2971,2.29085,2.293975
72.43,2.29603,2.29426,2.295145
72.44,2.29598,2.28935,2.292665
72.45,2.29808,2.28663,2.292355
72.46,2.30488,2.29392,2.2994
72.47,2.30707,2.28837,2.29772
72.48,2.30443,2.29333,2.29888
72.49,2.30318,2.28773,2.295455
72.5,2.30053,2.29351,2.29702
72.51,2.301,2.29074,2.29587
72.52,2.30036,2.28941,2.294885
72.53,2.30559,2.29179,2.29869
72.54,2.29995,2.28957,2.29476
72.55,2.30401,2.2994,2.301705
72.56,2.30247,2.29299,2.29773
72.57,2.30095,2.2954,2.298175
72.58,2.30303,2.29445,2.29874
72.59,2.30388,2.29235,2.298115
72.6,2.30782,2.28458,2.2962
72.61,2.30066,2.28628,2.29347
72.62,2.29431,2.28795,2.29113
72.63,2.29841,2.3026,2.300505
72.64,2.29728,2.29002,2.29365
72.65,2.30006,2.29027,2.295165
72.66,2.29948,2.28514,2.29231
72.67,2.30467,2.28712,2.295895
72.68,2.30841,2.28951,2.29896
72.69,2.29821,2.29819,2.2982
72.7,2.30918,2.28874,2.29896
72.71,2.30178,2.28508,2.29343
72.72,2.29849,2.28995,2.29422
72.73,2.30396,2.29076,2.29736
72.74,2.30721,2.29085,2.29903
72.75,2.30647,2.29356,2.300015
72.76,2.3103,2.28959,2.299945
72.77,2.30606,2.2909,2.29848
72.78,2.30235,2.29251,2.29743
72.79,2.30997,2.28443,2.2972
72.8,2.30046,2.29549,2.297975
72.81,2.30603,2.28999,2.29801
72.82,2.30825,2.29119,2.29972
72.83,2.2988,2.2918,2.2953
72.84,2.2968,2.29483,2.295815
72.85,2.29996,2.28889,2.294425
72.86,2.30935,2.30127,2.30531
72.87,2.31113,2.2923,2.301715
72.88,2.3149,2.30048,2.30769
72.89,2.31304,2.28725,2.300145
72.9,2.30339,2.29699,2.30019
72.91,2.30796,2.29362,2.30079
72.92,2.29986,2.29735,2.298605
72.93,2.30277,2.29738,2.300075
72.94,2.30845,2.29567,2.30206
72.95,2.30702,2.29409,2.300555
72.96,2.30972,2.29461,2.302165
72.97,2.30749,2.28415,2.29582
72.98,2.30947,2.28443,2.29695
72.99,2.30279,2.29434,2.298565
73,2.30247,2.29393,2.2982
73.01,2.29823,2.29271,2.29547
73.02,2.30133,2.29646,2.298895
73.03,2.30882,2.29047,2.299645
73.04,2.30175,2.29118,2.296465
73.05,2.30446,2.2922,2.29833
73.06,2.30173,2.28514,2.293435
73.07,2.2895,2.2853,2.2874
73.08,2.30288,2.29186,2.29737
73.09,2.30255,2.28827,2.29541
73.1,2.30527,2.28882,2.297045
73.11,2.30077,2.28546,2.293115
73.12,2.30029,2.2872,2.293745
73.13,2.29705,2.29261,2.29483
73.14,2.29844,2.28898,2.29371
73.15,2.30165,2.28118,2.291415
73.16,2.30502,2.29348,2.29925
73.17,2.30475,2.2866,2.295675
73.18,2.29862,2.28369,2.291155
73.19,2.30719,2.28533,2.29626
73.2,2.30201,2.2885,2.295255
73.21,2.31043,2.28542,2.297925
73.22,2.30759,2.28877,2.29818
73.23,2.30635,2.27891,2.29263
73.24,2.29872,2.285,2.29186
73.25,2.30082,2.28681,2.293815
73.26,2.29715,2.28803,2.29259
73.27,2.29822,2.27685,2.287535
73.28,2.29786,2.27836,2.28811
73.29,2.29451,2.28337,2.28894
73.3,2.29732,2.2918,2.29456
73.31,2.29594,2.27596,2.28595
73.32,2.29771,2.28256,2.290135
73.33,2.29831,2.28454,2.291425
73.34,2.29983,2.28558,2.292705
73.35,2.30828,2.28694,2.29761
73.36,2.30132,2.27952,2.29042
73.37,2.29859,2.28899,2.29379
73.38,2.30188,2.28547,2.293675
73.39,2.29952,2.28331,2.291415
73.4,2.30483,2.28792,2.296375
73.41,2.29941,2.28338,2.291395
73.42,2.30192,2.27939,2.290655
73.43,2.30121,2.27785,2.28953
73.44,2.30526,2.281,2.29313
73.45,2.30491,2.28642,2.295665
73.46,2.29746,2.28541,2.291435
73.47,2.2968,2.28362,2.29021
73.48,2.3036,2.28667,2.295135
73.49,2.30012,2.29163,2.295875
73.5,2.29421,2.27896,2.286585
73.51,2.2988,2.28609,2.292445
73.52,2.30044,2.28191,2.291175
73.53,2.29668,2.27895,2.287815
73.54,2.29711,2.28262,2.289865
73.55,2.28839,2.27864,2.283515
73.56,2.29498,2.28241,2.288695
73.57,2.29332,2.28836,2.29084
73.58,2.29416,2.28824,2.2912
73.59,2.29304,2.28605,2.289545
73.6,2.29589,2.2832,2.289545
73.61,2.29517,2.29694,2.296055
73.62,2.29431,2.28522,2.289765
73.63,2.29551,2.29743,2.29647
73.64,2.29499,2.29535,2.29517
73.65,2.30053,2.27719,2.28886
73.66,2.29533,2.28464,2.289985
73.67,2.28916,2.2874,2.28828
73.68,2.28236,2.28949,2.285925
73.69,2.28989,2.29389,2.29189
73.7,2.28715,2.29901,2.29308
73.71,2.29613,2.30143,2.29878
73.72,2.2986,2.28368,2.29114
73.73,2.30052,2.28899,2.294755
73.74,2.29711,2.28504,2.291075
73.75,2.30517,2.28984,2.297505
73.76,2.29907,2.30014,2.299605
73.77,2.30254,2.28844,2.29549
73.78,2.30171,2.29354,2.297625
73.79,2.29493,2.2913,2.293115
73.8,2.30133,2.29872,2.300025
73.81,2.29812,2.29341,2.295765
73.82,2.29888,2.28929,2.294085
73.83,2.30155,2.2962,2.298875
73.84,2.2915,2.29046,2.29098
73.85,2.29308,2.28894,2.29101
73.86,2.29505,2.28931,2.29218
73.87,2.29452,2.28552,2.29002
73.88,2.29453,2.29063,2.29258
73.89,2.30193,2.28263,2.29228
73.9,2.29876,2.28557,2.292165
73.91,2.30291,2.28407,2.29349
73.92,2.31133,2.2898,2.300565
73.93,2.30934,2.29202,2.30068
73.94,2.29732,2.29691,2.297115
73.95,2.29781,2.28677,2.29229
73.96,2.30475,2.29282,2.298785
73.97,2.30099,2.30648,2.303735
73.98,2.30512,2.29752,2.30132
73.99,2.30144,2.30376,2.3026
74,2.29673,2.29057,2.29365
74.01,2.29497,2.28668,2.290825
74.02,2.29644,2.29139,2.293915
74.03,2.2964,2.28861,2.292505
74.04,2.2972,2.29008,2.29364
74.05,2.29589,2.29494,2.295415
74.06,2.29702,2.28865,2.292835
74.07,2.29358,2.29064,2.29211
74.08,2.29367,2.28941,2.29154
74.09,2.29902,2.30265,2.300835
74.1,2.29746,2.29797,2.297715
74.11,2.30327,2.30169,2.30248
74.12,2.30165,2.29754,2.299595
74.13,2.29911,2.29895,2.29903
74.14,2.29624,2.29939,2.297815
74.15,2.29041,2.28778,2.289095
74.16,2.29532,2.29223,2.293775
74.17,2.29143,2.28711,2.28927
74.18,2.29552,2.29416,2.29484
74.19,2.29082,2.28945,2.290135
74.2,2.29669,2.29678,2.296735
74.21,2.30175,2.29734,2.299545
74.22,2.2942,2.28519,2.289695
74.23,2.29247,2.29183,2.29215
74.24,2.2949,2.29514,2.29502
74.25,2.30214,2.29557,2.298855
74.26,2.29393,2.30026,2.297095
74.27,2.30776,2.28565,2.296705
74.28,2.3015,2.28978,2.29564
74.29,2.30172,2.29216,2.29694
74.3,2.29982,2.28537,2.292595
74.31,2.29601,2.28515,2.29058
74.32,2.30046,2.29085,2.295655
74.33,2.30532,2.27878,2.29205
74.34,2.2989,2.28016,2.28953
74.35,2.29766,2.28265,2.290155
74.36,2.2969,2.28763,2.292265
74.37,2.29985,2.28048,2.290165
74.38,2.29904,2.28444,2.29174
74.39,2.29404,2.28437,2.289205
74.4,2.29552,2.29559,2.295555
74.41,2.29322,2.28335,2.288285
74.42,2.28948,2.29202,2.29075
74.43,2.29392,2.29127,2.292595
74.44,2.29892,2.28573,2.292325
74.45,2.29968,2.2889,2.29429
74.46,2.29332,2.30425,2.298785
74.47,2.29224,2.29984,2.29604
74.48,2.29741,2.29475,2.29608
74.49,2.29114,2.29275,2.291945
74.5,2.28662,2.28244,2.28453
74.51,2.29656,2.29659,2.296575
74.52,2.29918,2.29054,2.29486
74.53,2.30019,2.29304,2.296615
74.54,2.28983,2.29438,2.292105
74.55,2.29765,2.28916,2.293405
74.56,2.29244,2.28891,2.290675
74.57,2.29433,2.29722,2.295775
74.58,2.29569,2.29474,2.295215
74.59,2.2959,2.29396,2.29493
74.6,2.29515,2.27699,2.28607
74.61,2.29024,2.29245,2.291345
74.62,2.29449,2.28751,2.291
74.63,2.28881,2.28713,2.28797
74.64,2.2907,2.29109,2.290895
74.65,2.29694,2.29122,2.29408
74.66,2.29886,2.28753,2.293195
74.67,2.293,2.2847,2.28885
74.68,2.29593,2.28855,2.29224
74.69,2.29772,2.29111,2.294415
74.7,2.29352,2.29238,2.29295
74.71,2.29426,2.29607,2.295165
74.72,2.29592,2.29035,2.293135
74.73,2.29421,2.29805,2.29613
74.74,2.2887,2.28944,2.28907
74.75,2.29618,2.29299,2.294585
74.76,2.29791,2.28805,2.29298
74.77,2.292,2.29238,2.29219
74.78,2.2886,2.29681,2.292705
74.79,2.29396,2.28732,2.29064
74.8,2.28725,2.28323,2.28524
74.81,2.2953,2.28874,2.29202
74.82,2.30024,2.28606,2.29315
74.83,2.28636,2.29173,2.289045
74.84,2.29444,2.27304,2.28374
74.85,2.29309,2.28846,2.290775
74.86,2.29203,2.28449,2.28826
74.87,2.28858,2.28567,2.287125
74.88,2.28779,2.29468,2.291235
74.89,2.29306,2.29669,2.294875
74.9,2.29267,2.28737,2.29002
74.91,2.29039,2.29108,2.290735
74.92,2.28676,2.28355,2.285155
74.93,2.29264,2.29133,2.291985
74.94,2.29744,2.28898,2.29321
74.95,2.29147,2.29152,2.291495
74.96,2.29189,2.29438,2.293135
74.97,2.29568,2.28206,2.28887
74.98,2.29292,2.28973,2.291325
74.99,2.292,2.29168,2.29184
75,2.29044,2.29137,2.290905
75.01,2.28654,2.28999,2.288265
75.02,2.28357,2.2925,2.288035
75.03,2.29087,2.29474,2.292805
75.04,2.28739,2.2946,2.290995
75.05,2.29509,2.29133,2.29321
75.06,2.29367,2.29202,2.292845
75.07,2.29046,2.29139,2.290925
75.08,2.28828,2.28388,2.28608
75.09,2.29313,2.28728,2.290205
75.1,2.29238,2.28492,2.28865
75.11,2.29198,2.28574,2.28886
75.12,2.30791,2.29121,2.29956
75.13,2.29333,2.29252,2.292925
75.14,2.29621,2.29837,2.29729
75.15,2.30182,2.29982,2.30082
75.16,2.29791,2.30123,2.29957
75.17,2.29182,2.30091,2.296365
75.18,2.2949,2.29642,2.29566
75.19,2.28552,2.30481,2.295165
75.2,2.29466,2.31,2.30233
75.21,2.29424,2.29432,2.29428
75.22,2.29409,2.30133,2.29771
75.23,2.29574,2.30562,2.30068
75.24,2.28843,2.30029,2.29436
75.25,2.29361,2.29598,2.294795
75.26,2.28588,2.29646,2.29117
75.27,2.28672,2.29866,2.29269
75.28,2.28901,2.2983,2.293655
75.29,2.29133,2.29667,2.294
75.3,2.29283,2.29303,2.29293
75.31,2.28846,2.28713,2.287795
75.32,2.28665,2.28907,2.28786
75.33,2.29044,2.29319,2.291815
75.34,2.29771,2.3029,2.300305
75.35,2.2905,2.29696,2.29373
75.36,2.2957,2.29352,2.29461
75.37,2.29132,2.29299,2.292155
75.38,2.2875,2.29004,2.28877
75.39,2.2888,2.29907,2.293935
75.4,2.29138,2.29584,2.29361
75.41,2.28884,2.28403,2.286435
75.42,2.29454,2.28737,2.290955
75.43,2.29196,2.29368,2.29282
75.44,2.29659,2.28982,2.293205
75.45,2.30189,2.2919,2.296895
75.46,2.29499,2.28864,2.291815
75.47,2.29839,2.29183,2.29511
75.48,2.29315,2.28951,2.29133
75.49,2.29407,2.2893,2.291685
75.5,2.29495,2.28184,2.288395
75.51,2.29875,2.29526,2.297005
75.52,2.28971,2.28886,2.289285
75.53,2.28831,2.28616,2.287235
75.54,2.29143,2.29385,2.29264
75.55,2.292,2.29347,2.292735
75.56,2.29519,2.28978,2.292485
75.57,2.29951,2.29266,2.296085
75.58,2.29203,2.28989,2.29096
75.59,2.29562,2.28701,2.291315
75.6,2.29843,2.28746,2.292945
75.61,2.28861,2.28654,2.287575
75.62,2.29147,2.2913,2.291385
75.63,2.29388,2.28908,2.29148
75.64,2.28812,2.28408,2.2861
75.65,2.29793,2.2809,2.289415
75.66,2.29653,2.28673,2.29163
75.67,2.29522,2.2878,2.29151
75.68,2.29536,2.2954,2.29538
75.69,2.29577,2.28964,2.292705
75.7,2.29139,2.28672,2.289055
75.71,2.29077,2.30057,2.29567
75.72,2.29829,2.28375,2.29102
75.73,2.2901,2.29154,2.29082
75.74,2.28598,2.28987,2.287925
75.75,2.29912,2.28083,2.289975
75.76,2.2907,2.29018,2.29044
75.77,2.28456,2.29248,2.28852
75.78,2.30261,2.30139,2.302
75.79,2.29137,2.2925,2.291935
75.8,2.29066,2.28544,2.28805
75.81,2.29784,2.29569,2.296765
75.82,2.2969,2.285,2.29095
75.83,2.29612,2.29316,2.29464
75.84,2.29395,2.2958,2.294875
75.85,2.2964,2.29292,2.29466
75.86,2.28972,2.29095,2.290335
75.87,2.302,2.2904,2.2962
75.88,2.29215,2.2856,2.288875
75.89,2.29571,2.2918,2.293755
75.9,2.29313,2.29342,2.293275
75.91,2.29236,2.28922,2.29079
75.92,2.30095,2.28116,2.291055
75.93,2.2975,2.29283,2.295165
75.94,2.29868,2.29243,2.295555
75.95,2.29286,2.29283,2.292845
75.96,2.29586,2.29946,2.29766
75.97,2.30098,2.28951,2.295245
75.98,2.29354,2.30478,2.29916
75.99,2.29489,2.29913,2.29701
76,2.29005,2.28871,2.28938
76.01,2.29386,2.2966,2.29523
76.02,2.29584,2.28835,2.292095
76.03,2.29357,2.29085,2.29221
76.04,2.2957,2.30268,2.29919
76.05,2.29622,2.30147,2.298845
76.06,2.29591,2.29584,2.295875
76.07,2.30026,2.30217,2.301215
76.08,2.29473,2.292,2.293365
76.09,2.2918,2.3033,2.29755
76.1,2.29533,2.29893,2.29713
76.11,2.2864,2.29402,2.29021
76.12,2.29223,2.30579,2.29901
76.13,2.29362,2.29537,2.294495
76.14,2.29794,2.29867,2.298305
76.15,2.28828,2.29338,2.29083
76.16,2.29169,2.30283,2.29726
76.17,2.29166,2.30175,2.296705
76.18,2.29237,2.30271,2.29754
76.19,2.29384,2.29337,2.293605
76.2,2.2939,2.29688,2.29539
76.21,2.29257,2.30162,2.297095
76.22,2.29197,2.29367,2.29282
76.23,2.29499,2.29507,2.29503
76.24,2.30314,2.29844,2.30079
76.25,2.29422,2.29797,2.296095
76.26,2.29383,2.29893,2.29638
76.27,2.29843,2.29457,2.2965
76.28,2.29593,2.30216,2.299045
76.29,2.29852,2.30004,2.29928
76.3,2.29772,2.29416,2.29594
76.31,2.2898,2.29562,2.29271
76.32,2.29696,2.2966,2.29678
76.33,2.2957,2.29779,2.296745
76.34,2.29583,2.29066,2.293245
76.35,2.29439,2.28617,2.29028
76.36,2.29861,2.29149,2.29505
76.37,2.29604,2.29669,2.296365
76.38,2.29717,2.29273,2.29495
76.39,2.29141,2.28758,2.289495
76.4,2.29491,2.28521,2.29006
76.41,2.29814,2.30006,2.2991
76.42,2.29405,2.29355,2.2938
76.43,2.29582,2.30208,2.29895
76.44,2.29877,2.29704,2.297905
76.45,2.28752,2.29905,2.293285
76.46,2.2926,2.29132,2.29196
76.47,2.28973,2.29738,2.293555
76.48,2.29568,2.29584,2.29576
76.49,2.28803,2.29281,2.29042
76.5,2.29626,2.29069,2.293475
76.51,2.2987,2.2955,2.2971
76.52,2.29378,2.29219,2.292985
76.53,2.299,2.29239,2.295695
76.54,2.30131,2.29567,2.29849
76.55,2.29813,2.29378,2.295955
76.56,2.2972,2.28481,2.291005
76.57,2.30133,2.29687,2.2991
76.58,2.2963,2.29907,2.297685
76.59,2.29697,2.30207,2.29952
76.6,2.2977,2.29086,2.29428
76.61,2.29729,2.28498,2.291135
76.62,2.30332,2.2844,2.29386
76.63,2.30068,2.2833,2.29199
76.64,2.2948,2.28145,2.288125
76.65,2.30273,2.28904,2.295885
76.66,2.29726,2.29958,2.29842
76.67,2.30085,2.28882,2.294835
76.68,2.29761,2.2892,2.293405
76.69,2.29635,2.28744,2.291895
76.7,2.2896,2.28635,2.287975
76.71,2.29076,2.28791,2.289335
76.72,2.29655,2.29401,2.29528
76.73,2.28565,2.2917,2.288675
76.74,2.29059,2.28472,2.287655
76.75,2.29477,2.2887,2.291735
76.76,2.29202,2.29296,2.29249
76.77,2.29482,2.29292,2.29387
76.78,2.29417,2.28754,2.290855
76.79,2.30166,2.28541,2.293535
76.8,2.29736,2.29316,2.29526
76.81,2.30449,2.28554,2.295015
76.82,2.30283,2.28416,2.293495
76.83,2.30182,2.28798,2.2949
76.84,2.29594,2.28444,2.29019
76.85,2.29328,2.29023,2.291755
76.86,2.29702,2.29293,2.294975
76.87,2.29092,2.29813,2.294525
76.88,2.29821,2.29006,2.294135
76.89,2.29893,2.28838,2.293655
76.9,2.29725,2.29126,2.294255
76.91,2.29278,2.28993,2.291355
76.92,2.29137,2.29564,2.293505
76.93,2.28999,2.28924,2.289615
76.94,2.29947,2.29622,2.297845
76.95,2.29268,2.29805,2.295365
76.96,2.29533,2.29849,2.29691
76.97,2.29252,2.29587,2.294195
76.98,2.2956,2.29243,2.294015
76.99,2.29325,2.29828,2.295765
77,2.28781,2.29538,2.291595
77.01,2.29535,2.30177,2.29856
77.02,2.29817,2.29682,2.297495
77.03,2.29572,2.29946,2.29759
77.04,2.2916,2.29926,2.29543
77.05,2.29279,2.29625,2.29452
77.06,2.29392,2.29635,2.295135
77.07,2.29442,2.30513,2.299775
77.08,2.29526,2.30118,2.29822
77.09,2.29923,2.29959,2.29941
77.1,2.29576,2.29744,2.2966
77.11,2.29407,2.30327,2.29867
77.12,2.29111,2.30742,2.299265
77.13,2.2946,2.30154,2.29807
77.14,2.29525,2.30065,2.29795
77.15,2.29708,2.30283,2.299955
77.16,2.29676,2.30721,2.301985
77.17,2.30037,2.30138,2.300875
77.18,2.30067,2.30994,2.305305
77.19,2.29889,2.29004,2.294465
77.2,2.2999,2.29711,2.298505
77.21,2.301,2.29231,2.296655
77.22,2.29874,2.30032,2.29953
77.23,2.29949,2.30362,2.301555
77.24,2.30322,2.30266,2.30294
77.25,2.28599,2.29414,2.290065
77.26,2.29027,2.29574,2.293005
77.27,2.2983,2.30534,2.30182
77.28,2.29864,2.30064,2.29964
77.29,2.29944,2.30279,2.301115
77.3,2.30143,2.29611,2.29877
77.31,2.29974,2.29879,2.299265
77.32,2.30105,2.28675,2.2939
77.33,2.293,2.29459,2.293795
77.34,2.29908,2.29947,2.299275
77.35,2.29393,2.29651,2.29522
77.36,2.29833,2.2896,2.293965
77.37,2.29291,2.2976,2.295255
77.38,2.29984,2.2819,2.29087
77.39,2.2974,2.29225,2.294825
77.4,2.3018,2.28959,2.295695
77.41,2.29793,2.29319,2.29556
77.42,2.30063,2.29451,2.29757
77.43,2.2949,2.29384,2.29437
77.44,2.29066,2.29003,2.290345
77.45,2.30109,2.27842,2.289755
77.46,2.30372,2.28943,2.296575
77.47,2.29899,2.28863,2.29381
77.48,2.30723,2.29157,2.2994
77.49,2.31069,2.2868,2.298745
77.5,2.31255,2.2911,2.301825
77.51,2.30121,2.28706,2.294135
77.52,2.30149,2.28719,2.29434
77.53,2.30393,2.28448,2.294205
77.54,2.30579,2.28808,2.296935
77.55,2.30269,2.29963,2.30116
77.56,2.3058,2.29292,2.29936
77.57,2.30364,2.28827,2.295955
77.58,2.30382,2.29424,2.29903
77.59,2.3041,2.29542,2.29976
77.6,2.29811,2.30159,2.29985
77.61,2.28779,2.3082,2.297995
77.62,2.29809,2.30547,2.30178
77.63,2.30069,2.3032,2.301945
77.64,2.30392,2.30118,2.30255
77.65,2.29212,2.30469,2.298405
77.66,2.29507,2.29691,2.29599
77.67,2.29746,2.29577,2.296615
77.68,2.29345,2.30048,2.296965
77.69,2.29446,2.2957,2.29508
77.7,2.29566,2.29449,2.295075
77.71,2.29085,2.29476,2.292805
77.72,2.29168,2.29808,2.29488
77.73,2.29477,2.30144,2.298105
77.74,2.29008,2.2998,2.29494
77.75,2.29508,2.29995,2.297515
77.76,2.28389,2.29745,2.29067
77.77,2.29519,2.30011,2.29765
77.78,2.29604,2.30566,2.30085
77.79,2.29613,2.30163,2.29888
77.8,2.28945,2.3023,2.295875
77.81,2.29865,2.29945,2.29905
77.82,2.29068,2.30229,2.296485
77.83,2.29435,2.29132,2.292835
77.84,2.29498,2.29521,2.295095
77.85,2.29727,2.28959,2.29343
77.86,2.28854,2.29067,2.289605
77.87,2.29497,2.29368,2.294325
77.88,2.30032,2.28613,2.293225
77.89,2.29523,2.29023,2.29273
77.9,2.30001,2.29315,2.29658
77.91,2.30148,2.29482,2.29815
77.92,2.29976,2.28894,2.29435
77.93,2.2958,2.28765,2.291725
77.94,2.29459,2.30274,2.298665
77.95,2.2992,2.29272,2.29596
77.96,2.3042,2.28056,2.29238
77.97,2.30118,2.29362,2.2974
77.98,2.30985,2.29555,2.3027
77.99,2.30658,2.30094,2.30376
78,2.29743,2.2921,2.294765
78.01,2.29098,2.30039,2.295685
78.02,2.29797,2.28881,2.29339
78.03,2.29336,2.29452,2.29394
78.04,2.29227,2.296,2.294135
78.05,2.29964,2.29141,2.295525
78.06,2.29844,2.28432,2.29138
78.07,2.29854,2.29123,2.294885
78.08,2.29756,2.28264,2.2901
78.09,2.29683,2.28769,2.29226
78.1,2.2931,2.2948,2.29395
78.11,2.29217,2.29553,2.29385
78.12,2.28586,2.28824,2.28705
78.13,2.29478,2.28574,2.29026
78.14,2.2907,2.2906,2.29065
78.15,2.29479,2.30044,2.297615
78.16,2.29285,2.29344,2.293145
78.17,2.29309,2.29275,2.29292
78.18,2.29793,2.29492,2.296425
78.19,2.2985,2.29366,2.29608
78.2,2.2998,2.28982,2.29481
78.21,2.30199,2.28762,2.294805
78.22,2.30044,2.28388,2.29216
78.23,2.29385,2.28382,2.288835
78.24,2.29785,2.28889,2.29337
78.25,2.30162,2.28982,2.29572
78.26,2.29832,2.29448,2.2964
78.27,2.30035,2.2811,2.290725
78.28,2.2929,2.28306,2.28798
78.29,2.29329,2.29129,2.29229
78.3,2.30794,2.28557,2.296755
78.31,2.28844,2.28507,2.286755
78.32,2.30348,2.29389,2.298685
78.33,2.29987,2.28951,2.29469
78.34,2.29385,2.29385,2.29385
78.35,2.29735,2.29136,2.294355
78.36,2.29988,2.28708,2.29348
78.37,2.30119,2.2863,2.293745
78.38,2.29785,2.28878,2.293315
78.39,2.29294,2.29013,2.291535
78.4,2.29013,2.28833,2.28923
78.41,2.29835,2.27777,2.28806
78.42,2.30198,2.28842,2.2952
78.43,2.30182,2.28543,2.293625
78.44,2.30999,2.28552,2.297755
78.45,2.30759,2.27718,2.292385
78.46,2.30837,2.2755,2.291935
78.47,2.30257,2.28148,2.292025
78.48,2.30282,2.28947,2.296145
78.49,2.30227,2.28313,2.2927
78.5,2.29797,2.28835,2.29316
78.51,2.29679,2.28939,2.29309
78.52,2.30469,2.28549,2.29509
78.53,2.29888,2.28617,2.292525
78.54,2.29731,2.28983,2.29357
78.55,2.30153,2.29239,2.29696
78.56,2.29232,2.28903,2.290675
78.57,2.29318,2.29201,2.292595
78.58,2.30532,2.28903,2.297175
78.59,2.29755,2.28453,2.29104
78.6,2.30359,2.28284,2.293215
78.61,2.29844,2.28487,2.291655
78.62,2.29495,2.27948,2.287215
78.63,2.2911,2.27852,2.28481
78.64,2.30403,2.27836,2.291195
78.65,2.31184,2.28724,2.29954
78.66,2.29951,2.28836,2.293935
78.67,2.29665,2.28814,2.292395
78.68,2.29496,2.29909,2.297025
78.69,2.29851,2.29621,2.29736
78.7,2.30531,2.28929,2.2973
78.71,2.29924,2.29449,2.296865
78.72,2.29732,2.28896,2.29314
78.73,2.29981,2.28394,2.291875
78.74,2.29353,2.28762,2.290575
78.75,2.29103,2.29096,2.290995
78.76,2.29759,2.29605,2.29682
78.77,2.29617,2.28473,2.29045
78.78,2.29437,2.29025,2.29231
78.79,2.29755,2.28849,2.29302
78.8,2.29669,2.2859,2.291295
78.81,2.30046,2.2958,2.29813
78.82,2.29844,2.29822,2.29833
78.83,2.2996,2.28737,2.293485
78.84,2.30429,2.28872,2.296505
78.85,2.29566,2.29129,2.293475
78.86,2.2957,2.29018,2.29294
78.87,2.29973,2.28346,2.291595
78.88,2.2965,2.28279,2.289645
78.89,2.29335,2.28624,2.289795
78.9,2.29329,2.28606,2.289675
78.91,2.30466,2.28957,2.297115
78.92,2.29927,2.29363,2.29645
78.93,2.30053,2.28511,2.29282
78.94,2.29519,2.28601,2.2906
78.95,2.29722,2.29167,2.294445
78.96,2.29221,2.28908,2.290645
78.97,2.2965,2.28581,2.291155
78.98,2.29774,2.28296,2.29035
78.99,2.29603,2.28582,2.290925
79,2.29541,2.28514,2.290275
79.01,2.29397,2.28793,2.29095
79.02,2.29012,2.29062,2.29037
79.03,2.29047,2.28768,2.289075
79.04,2.29351,2.28729,2.2904
79.05,2.29549,2.29475,2.29512
79.06,2.30107,2.2857,2.293385
79.07,2.2981,2.29901,2.298555
79.08,2.29608,2.29431,2.295195
79.09,2.29022,2.29086,2.29054
79.1,2.29315,2.28768,2.290415
79.11,2.28979,2.28669,2.28824
79.12,2.29749,2.29108,2.294285
79.13,2.29133,2.28586,2.288595
79.14,2.29697,2.2933,2.295135
79.15,2.29311,2.2916,2.292355
79.16,2.30248,2.28478,2.29363
79.17,2.29571,2.29382,2.294765
79.18,2.29563,2.289,2.292315
79.19,2.29475,2.29403,2.29439
79.2,2.29397,2.29482,2.294395
79.21,2.29362,2.29453,2.294075
79.22,2.29027,2.29363,2.29195
79.23,2.28586,2.28955,2.287705
79.24,2.30045,2.28909,2.29477
79.25,2.29254,2.29339,2.292965
79.26,2.2945,2.29221,2.293355
79.27,2.29144,2.29142,2.29143
79.28,2.29875,2.28299,2.29087
79.29,2.29805,2.28767,2.29286
79.3,2.29093,2.28449,2.28771
79.31,2.29941,2.29212,2.295765
79.32,2.29383,2.2917,2.292765
79.33,2.29984,2.28532,2.29258
79.34,2.29556,2.2963,2.29593
79.35,2.30126,2.28595,2.293605
79.36,2.29261,2.29164,2.292125
79.37,2.29072,2.28229,2.286505
79.38,2.30438,2.28593,2.295155
79.39,2.29255,2.2998,2.296175
79.4,2.30184,2.2884,2.29512
79.41,2.29625,2.29412,2.295185
79.42,2.29465,2.28171,2.28818
79.43,2.29467,2.29328,2.293975
79.44,2.3006,2.28838,2.29449
79.45,2.30126,2.28451,2.292885
79.46,2.29696,2.28714,2.29205
79.47,2.29275,2.28963,2.29119
79.48,2.29011,2.28743,2.28877
79.49,2.29331,2.29502,2.294165
79.5,2.29041,2.29183,2.29112
79.51,2.28868,2.28717,2.287925
79.52,2.29369,2.29038,2.292035
79.53,2.29785,2.28221,2.29003
79.54,2.30169,2.28738,2.294535
79.55,2.2973,2.28617,2.291735
79.56,2.29622,2.29027,2.293245
79.57,2.3034,2.28888,2.29614
79.58,2.30792,2.29477,2.301345
79.59,2.3044,2.28474,2.29457
79.6,2.29928,2.28468,2.29198
79.61,2.30912,2.29433,2.301725
79.62,2.3085,2.29051,2.299505
79.63,2.30468,2.29261,2.298645
79.64,2.29623,2.29624,2.296235
79.65,2.29842,2.29708,2.29775
79.66,2.29245,2.29262,2.292535
79.67,2.2945,2.29745,2.295975
79.68,2.30172,2.29392,2.29782
79.69,2.29874,2.28879,2.293765
79.7,2.30343,2.29237,2.2979
79.71,2.30138,2.29532,2.29835
79.72,2.3052,2.29049,2.297845
79.73,2.30496,2.28866,2.29681
79.74,2.29978,2.29268,2.29623
79.75,2.30398,2.29135,2.297665
79.76,2.30688,2.2984,2.30264
79.77,2.29971,2.29498,2.297345
79.78,2.301,2.29197,2.296485
79.79,2.30078,2.28803,2.294405
79.8,2.30057,2.28643,2.2935
79.81,2.29901,2.29164,2.295325
79.82,2.2971,2.28673,2.291915
79.83,2.30011,2.28801,2.29406
79.84,2.29879,2.29431,2.29655
79.85,2.3018,2.28606,2.29393
79.86,2.30275,2.28777,2.29526
79.87,2.30439,2.29747,2.30093
79.88,2.30412,2.29172,2.29792
79.89,2.30097,2.29509,2.29803
79.9,2.30149,2.29185,2.29667
79.91,2.30316,2.29234,2.29775
79.92,2.30405,2.29487,2.29946
79.93,2.30596,2.2858,2.29588
79.94,2.30234,2.28134,2.29184
79.95,2.30086,2.28999,2.295425
79.96,2.30326,2.27958,2.29142
79.97,2.3073,2.29037,2.298835
79.98,2.29721,2.28639,2.2918
79.99,2.29576,2.27909,2.287425
80,2.30185,2.28296,2.292405
80.01,2.30421,2.28457,2.29439
80.02,2.3125,2.2984,2.30545
80.03,2.30249,2.28614,2.294315
80.04,2.30103,2.29032,2.295675
80.05,2.30444,2.29003,2.297235
80.06,2.30584,2.29226,2.29905
80.07,2.29549,2.28218,2.288835
80.08,2.30115,2.28417,2.29266
80.09,2.308,2.2886,2.2983
80.1,2.3006,2.2906,2.2956
80.11,2.30395,2.28168,2.292815
80.12,2.31034,2.29173,2.301035
80.13,2.30334,2.28923,2.296285
80.14,2.30438,2.28597,2.295175
80.15,2.29877,2.28571,2.29224
80.16,2.30005,2.28966,2.294855
80.17,2.29482,2.29539,2.295105
80.18,2.29655,2.29141,2.29398
80.19,2.29113,2.28828,2.289705
80.2,2.29208,2.2887,2.29039
80.21,2.29882,2.29242,2.29562
80.22,2.28753,2.29087,2.2892
80.23,2.29526,2.2869,2.29108
80.24,2.30018,2.27411,2.287145
80.25,2.29378,2.28419,2.288985
80.26,2.29386,2.28308,2.28847
80.27,2.29276,2.28298,2.28787
80.28,2.29898,2.27888,2.28893
80.29,2.29667,2.28211,2.28939
80.3,2.29451,2.28314,2.288825
80.31,2.29491,2.2839,2.289405
80.32,2.28622,2.27593,2.281075
80.33,2.29207,2.28276,2.287415
80.34,2.2968,2.2915,2.29415
80.35,2.2928,2.28108,2.28694
80.36,2.29674,2.27496,2.28585
80.37,2.30041,2.29141,2.29591
80.38,2.29761,2.28341,2.29051
80.39,2.3047,2.28689,2.295795
80.4,2.30245,2.28149,2.29197
80.41,2.29508,2.28394,2.28951
80.42,2.3055,2.28677,2.296135
80.43,2.30903,2.29035,2.29969
80.44,2.29591,2.28532,2.290615
80.45,2.29889,2.28276,2.290825
80.46,2.30133,2.28892,2.295125
80.47,2.29942,2.28517,2.292295
80.48,2.30437,2.28209,2.29323
80.49,2.29745,2.28239,2.28992
80.5,2.30133,2.2805,2.290915
80.51,2.30297,2.27635,2.28966
80.52,2.29878,2.28794,2.29336
80.53,2.29778,2.28668,2.29223
80.54,2.30378,2.28681,2.295295
80.55,2.29739,2.28139,2.28939
80.56,2.30362,2.28081,2.292215
80.57,2.3068,2.28958,2.29819
80.58,2.30179,2.28845,2.29512
80.59,2.29511,2.2724,2.283755
80.6,2.30466,2.27834,2.2915
80.61,2.29982,2.28837,2.294095
80.62,2.29801,2.28769,2.29285
80.63,2.30362,2.28502,2.29432
80.64,2.30697,2.29181,2.29939
80.65,2.30901,2.28595,2.29748
80.66,2.31246,2.2932,2.30283
80.67,2.29646,2.28549,2.290975
80.68,2.30626,2.27653,2.291395
80.69,2.29914,2.28293,2.291035
80.7,2.30024,2.28465,2.292445
80.71,2.29864,2.28799,2.293315
80.72,2.30411,2.28266,2.293385
80.73,2.30956,2.27327,2.291415
80.74,2.31061,2.2738,2.292205
80.75,2.30203,2.28079,2.29141
80.76,2.30128,2.27501,2.288145
80.77,2.30392,2.28023,2.292075
80.78,2.30351,2.29086,2.297185
80.79,2.29808,2.28317,2.290625
80.8,2.30048,2.28914,2.29481
80.81,2.31016,2.28848,2.29932
80.82,2.30281,2.27989,2.29135
80.83,2.30001,2.28903,2.29452
80.84,2.30848,2.2851,2.29679
80.85,2.30518,2.28317,2.294175
80.86,2.29647,2.28117,2.28882
80.87,2.30372,2.28481,2.294265
80.88,2.29735,2.28167,2.28951
80.89,2.29543,2.28682,2.291125
80.9,2.29818,2.28335,2.290765
80.91,2.29553,2.28268,2.289105
80.92,2.29353,2.28892,2.291225
80.93,2.29569,2.28156,2.288625
80.94,2.29667,2.279,2.287835
80.95,2.29857,2.28452,2.291545
80.96,2.29444,2.27596,2.2852
80.97,2.29443,2.2904,2.292415
80.98,2.29567,2.29446,2.295065
80.99,2.30235,2.28224,2.292295
81,2.30049,2.28158,2.291035
81.01,2.30101,2.28018,2.290595
81.02,2.29755,2.28999,2.29377
81.03,2.30324,2.29391,2.298575
81.04,2.30873,2.29045,2.29959
81.05,2.29818,2.29039,2.294285
81.06,2.30389,2.28524,2.294565
81.07,2.29101,2.28762,2.289315
81.08,2.29748,2.2832,2.29034
81.09,2.30543,2.29165,2.29854
81.1,2.30426,2.28432,2.29429
81.11,2.30335,2.28273,2.29304
81.12,2.30044,2.28705,2.293745
81.13,2.29918,2.28599,2.292585
81.14,2.29505,2.28008,2.287565
81.15,2.30015,2.28422,2.292185
81.16,2.3026,2.2772,2.2899
81.17,2.2928,2.28367,2.288235
81.18,2.29525,2.27631,2.28578
81.19,2.29705,2.28109,2.28907
81.2,2.29345,2.2768,2.285125
81.21,2.29384,2.27989,2.286865
81.22,2.29845,2.28829,2.29337
81.23,2.29752,2.28554,2.29153
81.24,2.28888,2.28759,2.288235
81.25,2.29776,2.28592,2.29184
81.26,2.30032,2.29054,2.29543
81.27,2.29202,2.28944,2.29073
81.28,2.29061,2.29084,2.290725
81.29,2.29107,2.29695,2.29401
81.3,2.28766,2.29936,2.29351
81.31,2.29378,2.29217,2.292975
81.32,2.29119,2.29412,2.292655
81.33,2.29383,2.29556,2.294695
81.34,2.29225,2.29094,2.291595
81.35,2.29502,2.29506,2.29504
81.36,2.29931,2.29553,2.29742
81.37,2.2929,2.29723,2.295065
81.38,2.30054,2.29242,2.29648
81.39,2.28864,2.29581,2.292225
81.4,2.29454,2.29957,2.297055
81.41,2.29622,2.29377,2.294995
81.42,2.29573,2.29417,2.29495
81.43,2.29342,2.30038,2.2969
81.44,2.29188,2.29024,2.29106
81.45,2.29937,2.29367,2.29652
81.46,2.29451,2.29403,2.29427
81.47,2.29684,2.29643,2.296635
81.48,2.29343,2.29214,2.292785
81.49,2.29511,2.29265,2.29388
81.5,2.29063,2.28946,2.290045
81.51,2.29694,2.29967,2.298305
81.52,2.28476,2.29197,2.288365
81.53,2.29019,2.28938,2.289785
81.54,2.29087,2.29818,2.294525
81.55,2.28975,2.30193,2.29584
81.56,2.2885,2.30134,2.29492
81.57,2.30006,2.29036,2.29521
81.58,2.29451,2.29085,2.29268
81.59,2.28867,2.2912,2.289935
81.6,2.29695,2.30034,2.298645
81.61,2.29803,2.2926,2.295315
81.62,2.30305,2.29697,2.30001
81.63,2.28739,2.29505,2.29122
81.64,2.29401,2.29466,2.294335
81.65,2.29541,2.2887,2.292055
81.66,2.29564,2.28576,2.2907
81.67,2.2986,2.28627,2.292435
81.68,2.29943,2.29477,2.2971
81.69,2.29286,2.29124,2.29205
81.7,2.29215,2.29104,2.291595
81.71,2.28608,2.29246,2.28927
81.72,2.29019,2.28878,2.289485
81.73,2.28686,2.28736,2.28711
81.74,2.28298,2.28755,2.285265
81.75,2.2874,2.28636,2.28688
81.76,2.28524,2.29256,2.2889
81.77,2.28913,2.29208,2.290605
81.78,2.28672,2.28464,2.28568
81.79,2.2811,2.2876,2.28435
81.8,2.28052,2.2897,2.28511
81.81,2.28312,2.29301,2.288065
81.82,2.28247,2.28685,2.28466
81.83,2.28326,2.28664,2.28495
81.84,2.287,2.28426,2.28563
81.85,2.28385,2.29457,2.28921
81.86,2.27863,2.29891,2.28877
81.87,2.27928,2.29416,2.28672
81.88,2.29095,2.28644,2.288695
81.89,2.28976,2.29554,2.29265
81.9,2.29005,2.28369,2.28687
81.91,2.29277,2.28847,2.29062
81.92,2.28881,2.29501,2.29191
81.93,2.29229,2.28637,2.28933
81.94,2.29257,2.28822,2.290395
81.95,2.29511,2.28067,2.28789
81.96,2.29085,2.2772,2.284025
81.97,2.28522,2.27964,2.28243
81.98,2.29631,2.2891,2.292705
81.99,2.2923,2.28446,2.28838
82,2.29473,2.28729,2.29101
82.01,2.28861,2.28562,2.287115
82.02,2.29012,2.28468,2.2874
82.03,2.29342,2.28291,2.288165
82.04,2.2958,2.28575,2.290775
82.05,2.29249,2.29163,2.29206
82.06,2.28947,2.29136,2.290415
82.07,2.28771,2.28961,2.28866
82.08,2.28541,2.28422,2.284815
82.09,2.28847,2.28554,2.287005
82.1,2.29249,2.28051,2.2865
82.11,2.30436,2.27666,2.29051
82.12,2.30036,2.28312,2.29174
82.13,2.29713,2.28458,2.290855
82.14,2.29053,2.28045,2.28549
82.15,2.28923,2.28668,2.287955
82.16,2.30099,2.28411,2.29255
82.17,2.29351,2.2939,2.293705
82.18,2.29411,2.28456,2.289335
82.19,2.29787,2.28156,2.289715
82.2,2.29806,2.27918,2.28862
82.21,2.29901,2.28284,2.290925
82.22,2.30273,2.28254,2.292635
82.23,2.29193,2.28512,2.288525
82.24,2.29739,2.28095,2.28917
82.25,2.29388,2.2893,2.29159
82.26,2.29384,2.28439,2.289115
82.27,2.29793,2.2879,2.292915
82.28,2.30108,2.28651,2.293795
82.29,2.29304,2.29274,2.29289
82.3,2.28892,2.29278,2.29085
82.31,2.29749,2.29633,2.29691
82.32,2.28816,2.28683,2.287495
82.33,2.28842,2.28152,2.28497
82.34,2.28513,2.28835,2.28674
82.35,2.28774,2.28615,2.286945
82.36,2.29026,2.28728,2.28877
82.37,2.28581,2.28875,2.28728
82.38,2.28559,2.28236,2.283975
82.39,2.28746,2.29416,2.29081
82.4,2.29009,2.28846,2.289275
82.41,2.28772,2.29068,2.2892
82.42,2.29187,2.2881,2.289985
82.43,2.29528,2.28754,2.29141
82.44,2.29974,2.29568,2.29771
82.45,2.29684,2.28997,2.293405
82.46,2.29368,2.30397,2.298825
82.47,2.29769,2.30866,2.303175
82.48,2.30123,2.2946,2.297915
82.49,2.29797,2.29174,2.294855
82.5,2.29836,2.29415,2.296255
82.51,2.29824,2.29248,2.29536
82.52,2.29934,2.29763,2.298485
82.53,2.2951,2.28905,2.292075
82.54,2.30324,2.29866,2.30095
82.55,2.30031,2.28634,2.293325
82.56,2.3037,2.28043,2.292065
82.57,2.29881,2.28916,2.293985
82.58,2.30051,2.29504,2.297775
82.59,2.30257,2.28386,2.293215
82.6,2.30235,2.28818,2.295265
82.61,2.30349,2.28705,2.29527
82.62,2.29578,2.29379,2.294785
82.63,2.30036,2.28952,2.29494
82.64,2.29575,2.28423,2.28999
82.65,2.29321,2.27882,2.286015
82.66,2.28859,2.28314,2.285865
82.67,2.28953,2.28489,2.28721
82.68,2.29614,2.28775,2.291945
82.69,2.29119,2.28108,2.286135
82.7,2.28563,2.2942,2.289915
82.71,2.29344,2.28546,2.28945
82.72,2.28945,2.29014,2.289795
82.73,2.2906,2.27937,2.284985
82.74,2.29536,2.28119,2.288275
82.75,2.29371,2.28635,2.29003
82.76,2.30076,2.28555,2.293155
82.77,2.29837,2.29662,2.297495
82.78,2.29341,2.28631,2.28986
82.79,2.29344,2.28882,2.29113
82.8,2.29143,2.28068,2.286055
82.81,2.2946,2.28057,2.287585
82.82,2.29085,2.28789,2.28937
82.83,2.28495,2.28045,2.2827
82.84,2.28697,2.29034,2.288655
82.85,2.28949,2.29046,2.289975
82.86,2.28936,2.2877,2.28853
82.87,2.28895,2.29008,2.289515
82.88,2.29158,2.28994,2.29076
82.89,2.28637,2.29187,2.28912
82.9,2.2858,2.28565,2.285725
82.91,2.28639,2.29584,2.291115
82.92,2.28688,2.27849,2.282685
82.93,2.29093,2.28975,2.29034
82.94,2.29327,2.28756,2.290415
82.95,2.29059,2.29199,2.29129
82.96,2.28796,2.29103,2.289495
82.97,2.288,2.28811,2.288055
82.98,2.28678,2.28585,2.286315
82.99,2.28766,2.29348,2.29057
83,2.29404,2.30189,2.297965
83.01,2.29086,2.29914,2.295
83.02,2.2849,2.29041,2.287655
83.03,2.29556,2.2959,2.29573
83.04,2.28734,2.29634,2.29184
83.05,2.29008,2.29553,2.292805
83.06,2.28601,2.29139,2.2887
83.07,2.2945,2.29569,2.295095
83.08,2.29637,2.28829,2.29233
83.09,2.29633,2.29495,2.29564
83.1,2.29028,2.29709,2.293685
83.11,2.28689,2.29547,2.29118
83.12,2.29676,2.29278,2.29477
83.13,2.29552,2.30068,2.2981
83.14,2.29039,2.29676,2.293575
83.15,2.29078,2.28883,2.289805
83.16,2.29263,2.29173,2.29218
83.17,2.30083,2.29519,2.29801
83.18,2.29779,2.29693,2.29736
83.19,2.28962,2.2943,2.29196
83.2,2.29339,2.29488,2.294135
83.21,2.29428,2.29335,2.293815
83.22,2.29645,2.28518,2.290815
83.23,2.29455,2.29664,2.295595
83.24,2.2899,2.29875,2.294325
83.25,2.29317,2.29203,2.2926
83.26,2.29463,2.28516,2.289895
83.27,2.29465,2.2974,2.296025
83.28,2.30248,2.28043,2.291455
83.29,2.29531,2.28584,2.290575
83.3,2.29504,2.291,2.29302
83.31,2.3039,2.2902,2.29705
83.32,2.29403,2.29164,2.292835
83.33,2.29078,2.28877,2.289775
83.34,2.2905,2.29319,2.291845
83.35,2.29628,2.28753,2.291905
83.36,2.29363,2.29081,2.29222
83.37,2.28959,2.29218,2.290885
83.38,2.28835,2.29651,2.29243
83.39,2.28572,2.29079,2.288255
83.4,2.28288,2.29158,2.28723
83.41,2.29442,2.2894,2.29191
83.42,2.28693,2.28707,2.287
83.43,2.28359,2.29199,2.28779
83.44,2.28813,2.29853,2.29333
83.45,2.29441,2.29137,2.29289
83.46,2.28548,2.29238,2.28893
83.47,2.28893,2.29641,2.29267
83.48,2.28948,2.29513,2.292305
83.49,2.28771,2.29349,2.2906
83.5,2.28524,2.29078,2.28801
83.51,2.28838,2.28781,2.288095
83.52,2.29475,2.29443,2.29459
83.53,2.28959,2.29492,2.292255
83.54,2.28963,2.2868,2.288215
83.55,2.28618,2.28626,2.28622
83.56,2.28792,2.28864,2.28828
83.57,2.29141,2.29096,2.291185
83.58,2.29933,2.28967,2.2945
83.59,2.29099,2.2865,2.288745
83.6,2.29506,2.28475,2.289905
83.61,2.29099,2.29004,2.290515
83.62,2.29549,2.28608,2.290785
83.63,2.29764,2.29103,2.294335
83.64,2.30572,2.28395,2.294835
83.65,2.29593,2.29584,2.295885
83.66,2.29457,2.28144,2.288005
83.67,2.29502,2.28769,2.291355
83.68,2.29471,2.28942,2.292065
83.69,2.29435,2.28043,2.28739
83.7,2.29234,2.28575,2.289045
83.71,2.29032,2.28335,2.286835
83.72,2.29548,2.28084,2.28816
83.73,2.29485,2.27866,2.286755
83.74,2.28898,2.28616,2.28757
83.75,2.2942,2.28474,2.28947
83.76,2.28936,2.28658,2.28797
83.77,2.28666,2.28442,2.28554
83.78,2.29598,2.28313,2.289555
83.79,2.29257,2.28973,2.29115
83.8,2.29331,2.29,2.291655
83.81,2.29441,2.28968,2.292045
83.82,2.29553,2.29308,2.294305
83.83,2.2916,2.29401,2.292805
83.84,2.29595,2.28168,2.288815
83.85,2.29342,2.28111,2.287265
83.86,2.29677,2.29626,2.296515
83.87,2.29224,2.2879,2.29007
83.88,2.30109,2.2914,2.296245
83.89,2.29399,2.28533,2.28966
83.9,2.29359,2.29432,2.293955
83.91,2.29214,2.28926,2.2907
83.92,2.29945,2.29055,2.295
83.93,2.29399,2.29628,2.295135
83.94,2.2886,2.29535,2.291975
83.95,2.28817,2.28724,2.287705
83.96,2.29118,2.29641,2.293795
83.97,2.29765,2.28585,2.29175
83.98,2.29127,2.2895,2.290385
83.99,2.30035,2.29988,2.300115
84,2.29441,2.29969,2.29705
84.01,2.29955,2.29366,2.296605
84.02,2.30642,2.28705,2.296735
84.03,2.29595,2.29697,2.29646
84.04,2.29954,2.28383,2.291685
84.05,2.30093,2.29173,2.29633
84.06,2.29887,2.29477,2.29682
84.07,2.29718,2.29377,2.295475
84.08,2.29836,2.29219,2.295275
84.09,2.30742,2.29753,2.302475
84.1,2.29669,2.3064,2.301545
84.11,2.3,2.29214,2.29607
84.12,2.30432,2.29368,2.299
84.13,2.29055,2.30123,2.29589
84.14,2.30666,2.29421,2.300435
84.15,2.29681,2.29495,2.29588
84.16,2.29609,2.29487,2.29548
84.17,2.29166,2.29422,2.29294
84.18,2.2943,2.28979,2.292045
84.19,2.2906,2.2988,2.2947
84.2,2.28998,2.27463,2.282305
84.21,2.28874,2.29081,2.289775
84.22,2.29025,2.28986,2.290055
84.23,2.28834,2.28908,2.28871
84.24,2.2955,2.28952,2.29251
84.25,2.29454,2.29254,2.29354
84.26,2.29326,2.28557,2.289415
84.27,2.29269,2.28529,2.28899
84.28,2.28706,2.29621,2.291635
84.29,2.2905,2.29516,2.29283
84.3,2.28764,2.29171,2.289675
84.31,2.28685,2.29394,2.290395
84.32,2.28859,2.29547,2.29203
84.33,2.28782,2.29885,2.293335
84.34,2.28969,2.28993,2.28981
84.35,2.29471,2.29392,2.294315
84.36,2.28328,2.29575,2.289515
84.37,2.28827,2.2883,2.288285
84.38,2.28857,2.29419,2.29138
84.39,2.28788,2.29739,2.292635
84.4,2.28831,2.29411,2.29121
84.41,2.28343,2.29297,2.2882
84.42,2.29086,2.28967,2.290265
84.43,2.28438,2.29045,2.287415
84.44,2.28792,2.28741,2.287665
84.45,2.28622,2.27852,2.28237
84.46,2.29559,2.28437,2.28998
84.47,2.29006,2.28397,2.287015
84.48,2.28853,2.28724,2.287885
84.49,2.29116,2.28925,2.290205
84.5,2.30004,2.28527,2.292655
84.51,2.28975,2.28342,2.286585
84.52,2.28968,2.29184,2.29076
84.53,2.29156,2.28833,2.289945
84.54,2.29189,2.29309,2.29249
84.55,2.28761,2.29107,2.28934
84.56,2.28943,2.28343,2.28643
84.57,2.29078,2.28987,2.290325
84.58,2.28371,2.29111,2.28741
84.59,2.2891,2.30332,2.29621
84.6,2.29168,2.29153,2.291605
84.61,2.28975,2.29765,2.2937
84.62,2.29144,2.29489,2.293165
84.63,2.29214,2.29151,2.291825
84.64,2.28745,2.29096,2.289205
84.65,2.28814,2.27857,2.283355
84.66,2.28915,2.29063,2.28989
84.67,2.29058,2.28882,2.2897
84.68,2.29608,2.28934,2.29271
84.69,2.28705,2.28731,2.28718
84.7,2.28618,2.28459,2.285385
84.71,2.28774,2.2927,2.29022
84.72,2.29235,2.29065,2.2915
84.73,2.28601,2.29634,2.291175
84.74,2.28414,2.29295,2.288545
84.75,2.29085,2.29201,2.29143
84.76,2.29318,2.29231,2.292745
84.77,2.29302,2.29155,2.292285
84.78,2.2892,2.2933,2.29125
84.79,2.2915,2.28952,2.29051
84.8,2.29214,2.29197,2.292055
84.81,2.29302,2.2885,2.29076
84.82,2.29567,2.28741,2.29154
84.83,2.28851,2.29098,2.289745
84.84,2.29583,2.29968,2.297755
84.85,2.29421,2.29505,2.29463
84.86,2.28983,2.29861,2.29422
84.87,2.28852,2.29045,2.289485
84.88,2.28637,2.28822,2.287295
84.89,2.29262,2.28409,2.288355
84.9,2.29186,2.29011,2.290985
84.91,2.29524,2.28566,2.29045
84.92,2.2897,2.2872,2.28845
84.93,2.29407,2.29274,2.293405
84.94,2.28976,2.2975,2.29363
84.95,2.29056,2.29672,2.29364
84.96,2.29233,2.29155,2.29194
84.97,2.29611,2.28757,2.29184
84.98,2.2957,2.28401,2.289855
84.99,2.28841,2.28341,2.28591
85,2.29614,2.28447,2.290305
85.01,2.29468,2.28011,2.287395
85.02,2.30341,2.2858,2.294605
85.03,2.29454,2.28784,2.29119
85.04,2.29991,2.28163,2.29077
85.05,2.30216,2.28105,2.291605
85.06,2.29967,2.29258,2.296125
85.07,2.29732,2.29689,2.297105
85.08,2.29702,2.29046,2.29374
85.09,2.29664,2.29817,2.297405
85.1,2.29358,2.2964,2.29499
85.11,2.29849,2.29364,2.296065
85.12,2.30409,2.29378,2.298935
85.13,2.2958,2.29724,2.29652
85.14,2.2895,2.30274,2.29612
85.15,2.28903,2.29409,2.29156
85.16,2.2993,2.28989,2.294595
85.17,2.2966,2.28566,2.29113
85.18,2.292,2.28234,2.28717
85.19,2.29072,2.29137,2.291045
85.2,2.29308,2.29933,2.296205
85.21,2.29115,2.28636,2.288755
85.22,2.29393,2.28335,2.28864
85.23,2.29184,2.29746,2.29465
85.24,2.28891,2.29046,2.289685
85.25,2.28891,2.28911,2.28901
85.26,2.29384,2.28906,2.29145
85.27,2.28882,2.29104,2.28993
85.28,2.2912,2.29405,2.292625
85.29,2.28353,2.28422,2.283875
85.3,2.28872,2.2891,2.28891
85.31,2.28337,2.29745,2.29041
85.32,2.28728,2.2884,2.28784
85.33,2.29563,2.28619,2.29091
85.34,2.29088,2.29893,2.294905
85.35,2.29001,2.29967,2.29484
85.36,2.2968,2.29874,2.29777
85.37,2.29741,2.30414,2.300775
85.38,2.29287,2.29701,2.29494
85.39,2.29605,2.29708,2.296565
85.4,2.29454,2.29779,2.296165
85.41,2.28893,2.29666,2.292795
85.42,2.28947,2.29401,2.29174
85.43,2.29595,2.28498,2.290465
85.44,2.2849,2.28999,2.287445
85.45,2.2913,2.28594,2.28862
85.46,2.28868,2.29882,2.29375
85.47,2.29199,2.29335,2.29267
85.48,2.29638,2.29383,2.295105
85.49,2.29281,2.29001,2.29141
85.5,2.28684,2.29696,2.2919
85.51,2.28888,2.29584,2.29236
85.52,2.2898,2.29355,2.291675
85.53,2.28286,2.29326,2.28806
85.54,2.2963,2.29236,2.29433
85.55,2.29899,2.2852,2.292095
85.56,2.29209,2.29352,2.292805
85.57,2.29471,2.28798,2.291345
85.58,2.29788,2.2887,2.29329
85.59,2.29303,2.28409,2.28856
85.6,2.29628,2.29303,2.294655
85.61,2.28953,2.291,2.290265
85.62,2.29606,2.28622,2.29114
85.63,2.29712,2.29568,2.2964
85.64,2.3008,2.29944,2.30012
85.65,2.2948,2.30495,2.299875
85.66,2.29376,2.30153,2.297645
85.67,2.28468,2.29685,2.290765
85.68,2.29271,2.29086,2.291785
85.69,2.2986,2.28951,2.294055
85.7,2.29397,2.29163,2.2928
85.71,2.29497,2.29792,2.296445
85.72,2.2992,2.28793,2.293565
85.73,2.29901,2.29824,2.298625
85.74,2.29429,2.29381,2.29405
85.75,2.30171,2.3009,2.301305
85.76,2.30317,2.2937,2.298435
85.77,2.30132,2.30067,2.300995
85.78,2.29019,2.28839,2.28929
85.79,2.28904,2.2845,2.28677
85.8,2.29082,2.29879,2.294805
85.81,2.29505,2.29899,2.29702
85.82,2.29792,2.28611,2.292015
85.83,2.29605,2.29735,2.2967
85.84,2.30025,2.29474,2.297495
85.85,2.29729,2.29848,2.297885
85.86,2.29392,2.29322,2.29357
85.87,2.30634,2.28857,2.297455
85.88,2.29834,2.29309,2.295715
85.89,2.29858,2.29502,2.2968
85.9,2.29739,2.2907,2.294045
85.91,2.29215,2.29147,2.29181
85.92,2.29565,2.28965,2.29265
85.93,2.28864,2.29273,2.290685
85.94,2.28753,2.28675,2.28714
85.95,2.29812,2.287,2.29256
85.96,2.29273,2.29981,2.29627
85.97,2.28914,2.28117,2.285155
85.98,2.29945,2.28947,2.29446
85.99,2.28966,2.28523,2.287445
86,2.29855,2.28702,2.292785
86.01,2.30082,2.28513,2.292975
86.02,2.30179,2.29258,2.297185
86.03,2.29869,2.29383,2.29626
86.04,2.30251,2.29166,2.297085
86.05,2.29355,2.29012,2.291835
86.06,2.29698,2.28413,2.290555
86.07,2.29731,2.28822,2.292765
86.08,2.30138,2.29067,2.296025
86.09,2.29444,2.28744,2.29094
86.1,2.29711,2.29326,2.295185
86.11,2.29219,2.29419,2.29319
86.12,2.29818,2.29451,2.296345
86.13,2.29429,2.29248,2.293385
86.14,2.28851,2.28968,2.289095
86.15,2.29001,2.28899,2.2895
86.16,2.28559,2.29301,2.2893
86.17,2.28765,2.28698,2.287315
86.18,2.29216,2.28897,2.290565
86.19,2.28934,2.2848,2.28707
86.2,2.28816,2.29117,2.289665
86.21,2.29095,2.29952,2.295235
86.22,2.29074,2.29596,2.29335
86.23,2.30052,2.29161,2.296065
86.24,2.30422,2.29195,2.298085
86.25,2.30289,2.28261,2.29275
86.26,2.29696,2.28401,2.290485
86.27,2.30099,2.28533,2.29316
86.28,2.30839,2.29626,2.302325
86.29,2.3086,2.28265,2.295625
86.3,2.29963,2.2937,2.296665
86.31,2.3041,2.28434,2.29422
86.32,2.29501,2.28195,2.28848
86.33,2.29787,2.28365,2.29076
86.34,2.30253,2.27565,2.28909
86.35,2.30572,2.28336,2.29454
86.36,2.29964,2.28507,2.292355
86.37,2.29981,2.29082,2.295315
86.38,2.29619,2.28218,2.289185
86.39,2.29839,2.29119,2.29479
86.4,2.30143,2.27763,2.28953
86.41,2.29632,2.28304,2.28968
86.42,2.29362,2.29416,2.29389
86.43,2.29905,2.28379,2.29142
86.44,2.29953,2.2882,2.293865
86.45,2.29766,2.2893,2.29348
86.46,2.29513,2.29127,2.2932
86.47,2.29224,2.29025,2.291245
86.48,2.29788,2.289,2.29344
86.49,2.29049,2.29002,2.290255
86.5,2.29976,2.29324,2.2965
86.51,2.29117,2.2861,2.288635
86.52,2.29147,2.28234,2.286905
86.53,2.29913,2.28563,2.29238
86.54,2.29131,2.28899,2.29015
86.55,2.28661,2.28457,2.28559
86.56,2.29593,2.28924,2.292585
86.57,2.29099,2.28863,2.28981
86.58,2.28991,2.29402,2.291965
86.59,2.29752,2.29977,2.298645
86.6,2.29461,2.29492,2.294765
86.61,2.29399,2.30181,2.2979
86.62,2.29619,2.28405,2.29012
86.63,2.29496,2.28751,2.291235
86.64,2.29315,2.28752,2.290335
86.65,2.30052,2.29145,2.295985
86.66,2.28305,2.27646,2.279755
86.67,2.28677,2.28804,2.287405
86.68,2.29366,2.29026,2.29196
86.69,2.29319,2.2817,2.287445
86.7,2.29013,2.28991,2.29002
86.71,2.29171,2.28236,2.287035
86.72,2.29215,2.29259,2.29237
86.73,2.28646,2.29159,2.289025
86.74,2.2888,2.28844,2.28862
86.75,2.28538,2.29663,2.291005
86.76,2.29517,2.28676,2.290965
86.77,2.29056,2.28489,2.287725
86.78,2.28715,2.28519,2.28617
86.79,2.29211,2.28163,2.28687
86.8,2.29345,2.28395,2.2887
86.81,2.29018,2.28791,2.289045
86.82,2.28984,2.28618,2.28801
86.83,2.29671,2.29912,2.297915
86.84,2.30088,2.29458,2.29773
86.85,2.29279,2.29261,2.2927
86.86,2.30309,2.29176,2.297425
86.87,2.30051,2.29167,2.29609
86.88,2.30401,2.27554,2.289775
86.89,2.30879,2.28314,2.295965
86.9,2.29683,2.28324,2.290035
86.91,2.29326,2.28064,2.28695
86.92,2.29651,2.28008,2.288295
86.93,2.28927,2.27546,2.282365
86.94,2.28854,2.28391,2.286225
86.95,2.29429,2.27816,2.286225
86.96,2.29233,2.28293,2.28763
86.97,2.29738,2.28469,2.291035
86.98,2.28759,2.28322,2.285405
86.99,2.29467,2.28087,2.28777
87,2.29321,2.28098,2.287095
87.01,2.29367,2.28373,2.2887
87.02,2.29419,2.28141,2.2878
87.03,2.29878,2.28939,2.294085
87.04,2.29198,2.28965,2.290815
87.05,2.28885,2.28589,2.28737
87.06,2.29724,2.27703,2.287135
87.07,2.29821,2.2697,2.283955
87.08,2.29945,2.28352,2.291485
87.09,2.30565,2.28057,2.29311
87.1,2.30115,2.29093,2.29604
87.11,2.29704,2.28608,2.29156
87.12,2.29285,2.28367,2.28826
87.13,2.2993,2.29447,2.296885
87.14,2.2925,2.29837,2.295435
87.15,2.30422,2.28423,2.294225
87.16,2.29574,2.28833,2.292035
87.17,2.30432,2.2858,2.29506
87.18,2.28781,2.28194,2.284875
87.19,2.29523,2.28723,2.29123
87.2,2.29855,2.29158,2.295065
87.21,2.29581,2.30065,2.29823
87.22,2.29595,2.2869,2.291425
87.23,2.29534,2.29141,2.293375
87.24,2.29855,2.28644,2.292495
87.25,2.29622,2.29227,2.294245
87.26,2.29759,2.29311,2.29535
87.27,2.29589,2.29489,2.29539
87.28,2.29476,2.28703,2.290895
87.29,2.29294,2.29007,2.291505
87.3,2.29635,2.29591,2.29613
87.31,2.30643,2.28763,2.29703
87.32,2.29484,2.29878,2.29681
87.33,2.29582,2.29595,2.295885
87.34,2.28896,2.29443,2.291695
87.35,2.28501,2.29994,2.292475
87.36,2.2887,2.29731,2.293005
87.37,2.28934,2.30044,2.29489
87.38,2.29093,2.28797,2.28945
87.39,2.30477,2.29007,2.29742
87.4,2.30135,2.30237,2.30186
87.41,2.29288,2.29288,2.29288
87.42,2.3045,2.29093,2.297715
87.43,2.29302,2.29468,2.29385
87.44,2.28939,2.29479,2.29209
87.45,2.29846,2.28938,2.29392
87.46,2.30078,2.29679,2.298785
87.47,2.29524,2.30258,2.29891
87.48,2.29762,2.29752,2.29757
87.49,2.28978,2.29124,2.29051
87.5,2.30142,2.29362,2.29752
87.51,2.29018,2.29433,2.292255
87.52,2.29931,2.29584,2.297575
87.53,2.296,2.29694,2.29647
87.54,2.29286,2.29774,2.2953
87.55,2.29745,2.29266,2.295055
87.56,2.29274,2.29528,2.29401
87.57,2.2942,2.29333,2.293765
87.58,2.29179,2.29893,2.29536
87.59,2.2948,2.28985,2.292325
87.6,2.2926,2.29975,2.296175
87.61,2.28857,2.29314,2.290855
87.62,2.29347,2.29675,2.29511
87.63,2.29457,2.29242,2.293495
87.64,2.2956,2.29683,2.296215
87.65,2.29843,2.30435,2.30139
87.66,2.29243,2.30192,2.297175
87.67,2.29791,2.30141,2.29966
87.68,2.29818,2.29378,2.29598
87.69,2.29564,2.29599,2.295815
87.7,2.30067,2.29276,2.296715
87.71,2.3016,2.29027,2.295935
87.72,2.29779,2.29587,2.29683
87.73,2.29522,2.2943,2.29476
87.74,2.28709,2.30523,2.29616
87.75,2.29877,2.29828,2.298525
87.76,2.29121,2.30477,2.29799
87.77,2.2931,2.30397,2.298535
87.78,2.29297,2.29082,2.291895
87.79,2.29315,2.31103,2.30209
87.8,2.28471,2.29989,2.2923
87.81,2.29677,2.2984,2.297585
87.82,2.28864,2.30458,2.29661
87.83,2.28695,2.30486,2.295905
87.84,2.2886,2.29523,2.291915
87.85,2.29229,2.29857,2.29543
87.86,2.29951,2.30003,2.29977
87.87,2.29326,2.30432,2.29879
87.88,2.29278,2.29261,2.292695
87.89,2.29659,2.29985,2.29822
87.9,2.29083,2.29537,2.2931
87.91,2.29131,2.30182,2.296565
87.92,2.29338,2.29405,2.293715
87.93,2.29942,2.30111,2.300265
87.94,2.29634,2.2968,2.29657
87.95,2.30214,2.30725,2.304695
87.96,2.29922,2.29557,2.297395
87.97,2.29881,2.2914,2.295105
87.98,2.29688,2.29731,2.297095
87.99,2.29521,2.29973,2.29747
88,2.29436,2.28758,2.29097
88.01,2.2943,2.29381,2.294055
88.02,2.30049,2.30574,2.303115
88.03,2.29367,2.30424,2.298955
88.04,2.2976,2.29959,2.298595
88.05,2.29099,2.297,2.293995
88.06,2.30128,2.30121,2.301245
88.07,2.30211,2.30385,2.30298
88.08,2.29538,2.30039,2.297885
88.09,2.30475,2.29954,2.302145
88.1,2.3051,2.30209,2.303595
88.11,2.30123,2.30534,2.303285
88.12,2.30375,2.31401,2.30888
88.13,2.30772,2.30553,2.306625
88.14,2.30648,2.3074,2.30694
88.15,2.3103,2.30009,2.305195
88.16,2.30201,2.30596,2.303985
88.17,2.3003,2.30753,2.303915
88.18,2.30096,2.31042,2.30569
88.19,2.30739,2.29897,2.30318
88.2,2.29608,2.30901,2.302545
88.21,2.30306,2.30459,2.303825
88.22,2.29632,2.30553,2.300925
88.23,2.29927,2.29845,2.29886
88.24,2.30794,2.31154,2.30974
88.25,2.30214,2.30449,2.303315
88.26,2.30149,2.29822,2.299855
88.27,2.29895,2.30098,2.299965
88.28,2.30412,2.31009,2.307105
88.29,2.29405,2.30071,2.29738
88.3,2.29686,2.30197,2.299415
88.31,2.30944,2.30118,2.30531
88.32,2.30282,2.30417,2.303495
88.33,2.29644,2.29899,2.297715
88.34,2.29607,2.28837,2.29222
88.35,2.29968,2.29314,2.29641
88.36,2.30206,2.29687,2.299465
88.37,2.30385,2.29804,2.300945
88.38,2.30453,2.29308,2.298805
88.39,2.29713,2.29418,2.295655
88.4,2.30366,2.30118,2.30242
88.41,2.29611,2.29622,2.296165
88.42,2.29968,2.28453,2.292105
88.43,2.30285,2.29039,2.29662
88.44,2.29287,2.29251,2.29269
88.45,2.29481,2.29551,2.29516
88.46,2.29613,2.28808,2.292105
88.47,2.30126,2.30189,2.301575
88.48,2.30111,2.29858,2.299845
88.49,2.29022,2.28847,2.289345
88.5,2.29053,2.28485,2.28769
88.51,2.29491,2.2966,2.295755
88.52,2.29224,2.29129,2.291765
88.53,2.28877,2.29434,2.291555
88.54,2.2961,2.29566,2.29588
88.55,2.30152,2.30692,2.30422
88.56,2.29899,2.29443,2.29671
88.57,2.29356,2.30026,2.29691
88.58,2.29652,2.30207,2.299295
88.59,2.29681,2.30052,2.298665
88.6,2.29767,2.30087,2.29927
88.61,2.28861,2.28626,2.287435
88.62,2.30302,2.30023,2.301625
88.63,2.29566,2.29621,2.295935
88.64,2.29095,2.30256,2.296755
88.65,2.29661,2.3098,2.303205
88.66,2.29995,2.29952,2.299735
88.67,2.29623,2.30162,2.298925
88.68,2.29867,2.29671,2.29769
88.69,2.29283,2.29703,2.29493
88.7,2.28989,2.28883,2.28936
88.71,2.29269,2.29759,2.29514
88.72,2.29112,2.29426,2.29269
88.73,2.29301,2.29093,2.29197
88.74,2.29934,2.29405,2.296695
88.75,2.30348,2.29531,2.299395
88.76,2.29956,2.30164,2.3006
88.77,2.29922,2.27821,2.288715
88.78,2.30773,2.2926,2.300165
88.79,2.29901,2.28274,2.290875
88.8,2.30946,2.29039,2.299925
88.81,2.30175,2.2845,2.293125
88.82,2.30081,2.28772,2.294265
88.83,2.30338,2.2802,2.29179
88.84,2.30332,2.28735,2.295335
88.85,2.31061,2.28763,2.29912
88.86,2.30166,2.28257,2.292115
88.87,2.30306,2.28892,2.29599
88.88,2.30036,2.29611,2.298235
88.89,2.29364,2.2882,2.29092
88.9,2.29651,2.28864,2.292575
88.91,2.2985,2.28457,2.291535
88.92,2.3033,2.28455,2.293925
88.93,2.30465,2.27848,2.291565
88.94,2.30027,2.27879,2.28953
88.95,2.29744,2.2905,2.29397
88.96,2.29412,2.29429,2.294205
88.97,2.30123,2.28835,2.29479
88.98,2.29677,2.29555,2.29616
88.99,2.30417,2.29856,2.301365
89,2.30712,2.29063,2.298875
89.01,2.30315,2.29217,2.29766
89.02,2.30106,2.29729,2.299175
89.03,2.3058,2.29028,2.29804
89.04,2.30321,2.29333,2.29827
89.05,2.29831,2.2908,2.294555
89.06,2.29651,2.29362,2.295065
89.07,2.29397,2.2941,2.294035
89.08,2.29994,2.29738,2.29866
89.09,2.29316,2.29549,2.294325
89.1,2.30373,2.29019,2.29696
89.11,2.30079,2.2896,2.295195
89.12,2.29698,2.29262,2.2948
89.13,2.30133,2.28557,2.29345
89.14,2.29967,2.28101,2.29034
89.15,2.30264,2.29241,2.297525
89.16,2.30207,2.29611,2.29909
89.17,2.30576,2.29367,2.299715
89.18,2.30056,2.29366,2.29711
89.19,2.29471,2.30432,2.299515
89.2,2.29925,2.29232,2.295785
89.21,2.29589,2.29741,2.29665
89.22,2.30098,2.29333,2.297155
89.23,2.29773,2.29313,2.29543
89.24,2.28823,2.29356,2.290895
89.25,2.29387,2.28881,2.29134
89.26,2.29803,2.29984,2.298935
89.27,2.30359,2.29054,2.297065
89.28,2.30064,2.28854,2.29459
89.29,2.3028,2.29229,2.297545
89.3,2.29838,2.28589,2.292135
89.31,2.29466,2.29039,2.292525
89.32,2.29533,2.29863,2.29698
89.33,2.29601,2.29148,2.293745
89.34,2.30763,2.29834,2.302985
89.35,2.29716,2.29582,2.29649
89.36,2.29651,2.29468,2.295595
89.37,2.29278,2.29993,2.296355
89.38,2.29862,2.29055,2.294585
89.39,2.29609,2.2942,2.295145
89.4,2.30136,2.29933,2.300345
89.41,2.30018,2.29413,2.297155
89.42,2.29384,2.29209,2.292965
89.43,2.30857,2.28938,2.298975
89.44,2.2974,2.30297,2.300185
89.45,2.30289,2.28988,2.296385
89.46,2.29615,2.29719,2.29667
89.47,2.30295,2.29131,2.29713
89.48,2.29257,2.30307,2.29782
89.49,2.29363,2.30182,2.297725
89.5,2.29616,2.30009,2.298125
89.51,2.30672,2.30005,2.303385
89.52,2.30468,2.30519,2.304935
89.53,2.30416,2.29402,2.29909
89.54,2.29086,2.29805,2.294455
89.55,2.29339,2.29122,2.292305
89.56,2.29533,2.30191,2.29862
89.57,2.28611,2.29934,2.292725
89.58,2.28602,2.29362,2.28982
89.59,2.29258,2.29651,2.294545
89.6,2.2986,2.2915,2.29505
89.61,2.28662,2.29574,2.29118
89.62,2.29512,2.29243,2.293775
89.63,2.2866,2.28961,2.288105
89.64,2.2936,2.29662,2.29511
89.65,2.29535,2.29759,2.29647
89.66,2.29893,2.29565,2.29729
89.67,2.29469,2.29345,2.29407
89.68,2.29416,2.30411,2.299135
89.69,2.30038,2.29694,2.29866
89.7,2.29212,2.29254,2.29233
89.71,2.28885,2.30419,2.29652
89.72,2.29259,2.29962,2.296105
89.73,2.29972,2.30061,2.300165
89.74,2.29742,2.29444,2.29593
89.75,2.29531,2.29784,2.296575
89.76,2.2937,2.29906,2.29638
89.77,2.30101,2.30176,2.301385
89.78,2.29021,2.29027,2.29024
89.79,2.30169,2.30605,2.30387
89.8,2.29655,2.29706,2.296805
89.81,2.29605,2.2983,2.297175
89.82,2.29528,2.30007,2.297675
89.83,2.29585,2.29361,2.29473
89.84,2.30503,2.29381,2.29942
89.85,2.30105,2.29371,2.29738
89.86,2.30074,2.29373,2.297235
89.87,2.29488,2.30321,2.299045
89.88,2.29979,2.30414,2.301965
89.89,2.29517,2.29464,2.294905
89.9,2.29574,2.28931,2.292525
89.91,2.29028,2.29958,2.29493
89.92,2.29041,2.29401,2.29221
89.93,2.28971,2.29021,2.28996
89.94,2.29813,2.29564,2.296885
89.95,2.29414,2.29343,2.293785
89.96,2.28769,2.29511,2.2914
89.97,2.30124,2.29887,2.300055
89.98,2.29849,2.29725,2.29787
89.99,2.29597,2.29407,2.29502
90,2.29667,2.31029,2.30348
90.01,2.29513,2.29549,2.29531
90.02,2.30113,2.30605,2.30359
90.03,2.30114,2.2947,2.29792
90.04,2.29789,2.29898,2.298435
90.05,2.29859,2.29846,2.298525
90.06,2.29462,2.29355,2.294085
90.07,2.29469,2.29914,2.296915
90.08,2.29527,2.29575,2.29551
90.09,2.3015,2.29532,2.29841
90.1,2.29596,2.29609,2.296025
90.11,2.29975,2.29543,2.29759
90.12,2.3044,2.29394,2.29917
90.13,2.30502,2.28768,2.29635
90.14,2.30019,2.29954,2.299865
90.15,2.30009,2.29553,2.29781
90.16,2.29946,2.2958,2.29763
90.17,2.29164,2.29752,2.29458
90.18,2.29503,2.28695,2.29099
90.19,2.30352,2.29062,2.29707
90.2,2.28624,2.2885,2.28737
90.21,2.29352,2.29867,2.296095
90.22,2.29176,2.29936,2.29556
90.23,2.29192,2.28968,2.2908
90.24,2.29607,2.29289,2.29448
90.25,2.299,2.28844,2.29372
90.26,2.29888,2.29294,2.29591
90.27,2.29612,2.28945,2.292785
90.28,2.30047,2.29195,2.29621
90.29,2.29774,2.29113,2.294435
90.3,2.30401,2.2865,2.295255
90.31,2.30321,2.29066,2.296935
90.32,2.29856,2.29321,2.295885
90.33,2.30428,2.29469,2.299485
90.34,2.30609,2.29575,2.30092
90.35,2.29898,2.29493,2.296955
90.36,2.30168,2.29024,2.29596
90.37,2.29489,2.28165,2.28827
90.38,2.30128,2.28613,2.293705
90.39,2.30298,2.29257,2.297775
90.4,2.30506,2.29292,2.29899
90.41,2.30461,2.29836,2.301485
90.42,2.29412,2.29593,2.295025
90.43,2.30297,2.28736,2.295165
90.44,2.30135,2.29115,2.29625
90.45,2.29784,2.29775,2.297795
90.46,2.30983,2.29551,2.30267
90.47,2.30363,2.2953,2.299465
90.48,2.30526,2.28787,2.296565
90.49,2.30107,2.29988,2.300475
90.5,2.30891,2.29756,2.303235
90.51,2.31003,2.2936,2.301815
90.52,2.30368,2.29119,2.297435
90.53,2.30295,2.30445,2.3037
90.54,2.30058,2.29971,2.300145
90.55,2.30119,2.30636,2.303775
90.56,2.30125,2.30051,2.30088
90.57,2.29536,2.29913,2.297245
90.58,2.30011,2.29509,2.2976
90.59,2.30768,2.29954,2.30361
90.6,2.30381,2.29379,2.2988
90.61,2.30798,2.29385,2.300915
90.62,2.30657,2.29881,2.30269
90.63,2.30295,2.29437,2.29866
90.64,2.30305,2.29445,2.29875
90.65,2.30514,2.29476,2.29995
90.66,2.30937,2.30547,2.30742
90.67,2.30262,2.30358,2.3031
90.68,2.30461,2.28547,2.29504
90.69,2.30928,2.29916,2.30422
90.7,2.30219,2.29731,2.29975
90.71,2.29689,2.29827,2.29758
90.72,2.30146,2.30142,2.30144
90.73,2.30217,2.29888,2.300525
90.74,2.29669,2.30641,2.30155
90.75,2.30125,2.29468,2.297965
90.76,2.30302,2.2958,2.29941
90.77,2.29834,2.29998,2.29916
90.78,2.30028,2.30584,2.30306
90.79,2.29006,2.30785,2.298955
90.8,2.29145,2.2997,2.295575
90.81,2.29508,2.30742,2.30125
90.82,2.29284,2.29678,2.29481
90.83,2.2949,2.297,2.29595
90.84,2.29759,2.29722,2.297405
90.85,2.30271,2.3003,2.301505
90.86,2.30186,2.29433,2.298095
90.87,2.29335,2.29484,2.294095
90.88,2.2986,2.30359,2.301095
90.89,2.29441,2.30077,2.29759
90.9,2.29751,2.29661,2.29706
90.91,2.29991,2.29987,2.29989
90.92,2.30434,2.30406,2.3042
90.93,2.29686,2.28893,2.292895
90.94,2.30053,2.29697,2.29875
90.95,2.29894,2.30035,2.299645
90.96,2.29977,2.29198,2.295875
90.97,2.29872,2.29718,2.29795
90.98,2.30168,2.29574,2.29871
90.99,2.30101,2.29717,2.29909
91,2.29317,2.30149,2.29733
91.01,2.30401,2.29731,2.30066
91.02,2.30535,2.29277,2.29906
91.03,2.30121,2.29096,2.296085
91.04,2.29859,2.29678,2.297685
91.05,2.29994,2.30005,2.299995
91.06,2.30477,2.29622,2.300495
91.07,2.30512,2.29306,2.29909
91.08,2.30313,2.29583,2.29948
91.09,2.3043,2.29434,2.29932
91.1,2.30548,2.29207,2.298775
91.11,2.30167,2.29928,2.300475
91.12,2.31389,2.29013,2.30201
91.13,2.30163,2.29274,2.297185
91.14,2.30887,2.29326,2.301065
91.15,2.30629,2.29617,2.30123
91.16,2.30222,2.30076,2.30149
91.17,2.29447,2.29152,2.292995
91.18,2.30163,2.28683,2.29423
91.19,2.29923,2.29228,2.295755
91.2,2.30574,2.29297,2.299355
91.21,2.30037,2.28963,2.295
91.22,2.30415,2.30118,2.302665
91.23,2.29716,2.29823,2.297695
91.24,2.29546,2.28517,2.290315
91.25,2.30008,2.2855,2.29279
91.26,2.29488,2.29325,2.294065
91.27,2.29604,2.29532,2.29568
91.28,2.29806,2.2922,2.29513
91.29,2.29588,2.29426,2.29507
91.3,2.29953,2.29199,2.29576
91.31,2.30053,2.28904,2.294785
91.32,2.30336,2.29705,2.300205
91.33,2.29708,2.29399,2.295535
91.34,2.29479,2.28837,2.29158
91.35,2.29293,2.29501,2.29397
91.36,2.30641,2.2943,2.300355
91.37,2.29187,2.29483,2.29335
91.38,2.29166,2.29479,2.293225
91.39,2.29508,2.29605,2.295565
91.4,2.29455,2.29921,2.29688
91.41,2.29013,2.2866,2.288365
91.42,2.30039,2.29805,2.29922
91.43,2.29479,2.29045,2.29262
91.44,2.29888,2.29803,2.298455
91.45,2.29622,2.29832,2.29727
91.46,2.29532,2.29486,2.29509
91.47,2.29499,2.29907,2.29703
91.48,2.29174,2.29164,2.29169
91.49,2.29314,2.28718,2.29016
91.5,2.29146,2.29306,2.29226
91.51,2.2952,2.28856,2.29188
91.52,2.29472,2.28864,2.29168
91.53,2.29855,2.30314,2.300845
91.54,2.29786,2.29891,2.298385
91.55,2.29858,2.30152,2.30005
91.56,2.29367,2.29986,2.296765
91.57,2.30264,2.29403,2.298335
91.58,2.29379,2.29053,2.29216
91.59,2.30505,2.29537,2.30021
91.6,2.30172,2.30198,2.30185
91.61,2.29321,2.29623,2.29472
91.62,2.30572,2.30091,2.303315
91.63,2.29315,2.29485,2.294
91.64,2.30114,2.30174,2.30144
91.65,2.28893,2.30582,2.297375
91.66,2.28725,2.29616,2.291705
91.67,2.29598,2.30243,2.299205
91.68,2.29997,2.29609,2.29803
91.69,2.2941,2.28855,2.291325
91.7,2.29188,2.29555,2.293715
91.71,2.28607,2.29245,2.28926
91.72,2.29012,2.29883,2.294475
91.73,2.29086,2.29613,2.293495
91.74,2.29215,2.28857,2.29036
91.75,2.29583,2.28987,2.29285
91.76,2.29222,2.29918,2.2957
91.77,2.28956,2.28833,2.288945
91.78,2.28714,2.28631,2.286725
91.79,2.29198,2.30284,2.29741
91.8,2.29198,2.29671,2.294345
91.81,2.28756,2.29658,2.29207
91.82,2.29253,2.29099,2.29176
91.83,2.28237,2.30653,2.29445
91.84,2.28969,2.30025,2.29497
91.85,2.29489,2.30904,2.301965
91.86,2.29285,2.29678,2.294815
91.87,2.29276,2.28757,2.290165
91.88,2.29058,2.29606,2.29332
91.89,2.2928,2.29531,2.294055
91.9,2.29741,2.29488,2.296145
91.91,2.30014,2.29803,2.299085
91.92,2.2869,2.29333,2.290115
91.93,2.28891,2.285,2.286955
91.94,2.28716,2.29742,2.29229
91.95,2.29232,2.29732,2.29482
91.96,2.28643,2.29707,2.29175
91.97,2.28749,2.29356,2.290525
91.98,2.30169,2.30638,2.304035
91.99,2.29158,2.29474,2.29316
92,2.28857,2.29929,2.29393
92.01,2.2879,2.29187,2.289885
92.02,2.29221,2.2926,2.292405
92.03,2.28867,2.29393,2.2913
92.04,2.29297,2.29524,2.294105
92.05,2.29698,2.3024,2.29969
92.06,2.29722,2.29731,2.297265
92.07,2.29123,2.29229,2.29176
92.08,2.29583,2.28555,2.29069
92.09,2.29283,2.30226,2.297545
92.1,2.29189,2.28919,2.29054
92.11,2.29397,2.29492,2.294445
92.12,2.2946,2.29074,2.29267
92.13,2.29852,2.29071,2.294615
92.14,2.29745,2.29961,2.29853
92.15,2.29264,2.29349,2.293065
92.16,2.29275,2.29789,2.29532
92.17,2.29293,2.29532,2.294125
92.18,2.29514,2.29601,2.295575
92.19,2.28713,2.2913,2.289215
92.2,2.29744,2.29844,2.29794
92.21,2.29225,2.29489,2.29357
92.22,2.29283,2.29569,2.29426
92.23,2.29443,2.29336,2.293895
92.24,2.29439,2.30187,2.29813
92.25,2.28521,2.29818,2.291695
92.26,2.29644,2.3041,2.30027
92.27,2.29672,2.31007,2.303395
92.28,2.29522,2.29541,2.295315
92.29,2.29178,2.30153,2.296655
92.3,2.29585,2.29742,2.296635
92.31,2.29214,2.3005,2.29632
92.32,2.29332,2.29767,2.295495
92.33,2.2987,2.30023,2.299465
92.34,2.30347,2.31193,2.3077
92.35,2.29488,2.3013,2.29809
92.36,2.29663,2.29869,2.29766
92.37,2.29583,2.29816,2.296995
92.38,2.29783,2.29449,2.29616
92.39,2.29364,2.2989,2.29627
92.4,2.29947,2.29338,2.296425
92.41,2.29475,2.2972,2.295975
92.42,2.29665,2.29625,2.29645
92.43,2.29744,2.29753,2.297485
92.44,2.2876,2.30335,2.295475
92.45,2.29433,2.30534,2.299835
92.46,2.29572,2.30369,2.299705
92.47,2.29637,2.30082,2.298595
92.48,2.28991,2.29787,2.29389
92.49,2.29903,2.29188,2.295455
92.5,2.29626,2.30499,2.300625
92.51,2.29898,2.30143,2.300205
92.52,2.29947,2.29699,2.29823
92.53,2.2958,2.29917,2.297485
92.54,2.29285,2.29709,2.29497
92.55,2.29989,2.30147,2.30068
92.56,2.29233,2.30152,2.296925
92.57,2.29395,2.29236,2.293155
92.58,2.30117,2.29741,2.29929
92.59,2.29667,2.30442,2.300545
92.6,2.30395,2.3022,2.303075
92.61,2.29847,2.29423,2.29635
92.62,2.29186,2.29369,2.292775
92.63,2.30233,2.29254,2.297435
92.64,2.29195,2.2899,2.290925
92.65,2.28975,2.29809,2.29392
92.66,2.29748,2.29956,2.29852
92.67,2.2923,2.28927,2.290785
92.68,2.28606,2.28952,2.28779
92.69,2.29826,2.29472,2.29649
92.7,2.29872,2.28418,2.29145
92.71,2.29385,2.2858,2.289825
92.72,2.28758,2.28407,2.285825
92.73,2.28909,2.29055,2.28982
92.74,2.2918,2.29089,2.291345
92.75,2.28851,2.2912,2.289855
92.76,2.29721,2.2966,2.296905
92.77,2.29469,2.28584,2.290265
92.78,2.29809,2.2954,2.296745
92.79,2.28227,2.29426,2.288265
92.8,2.28834,2.30018,2.29426
92.81,2.28817,2.29078,2.289475
92.82,2.2974,2.29213,2.294765
92.83,2.28876,2.29725,2.293005
92.84,2.29175,2.29344,2.292595
92.85,2.29046,2.28899,2.289725
92.86,2.28562,2.29013,2.287875
92.87,2.2925,2.30698,2.29974
92.88,2.28648,2.29462,2.29055
92.89,2.28842,2.2948,2.29161
92.9,2.28291,2.29013,2.28652
92.91,2.28292,2.29664,2.28978
92.92,2.28627,2.29691,2.29159
92.93,2.28269,2.29862,2.290655
92.94,2.2877,2.29002,2.28886
92.95,2.29146,2.29858,2.29502
92.96,2.28886,2.29125,2.290055
92.97,2.28862,2.29755,2.293085
92.98,2.28611,2.29401,2.29006
92.99,2.28737,2.28628,2.286825
93,2.28987,2.28422,2.287045
93.01,2.2936,2.28533,2.289465
93.02,2.28804,2.28239,2.285215
93.03,2.29036,2.28476,2.28756
93.04,2.29108,2.28796,2.28952
93.05,2.29705,2.29161,2.29433
93.06,2.30079,2.29105,2.29592
93.07,2.29203,2.29649,2.29426
93.08,2.30195,2.28801,2.29498
93.09,2.29856,2.3003,2.29943
93.1,2.28586,2.28995,2.287905
93.11,2.28381,2.29317,2.28849
93.12,2.29712,2.29951,2.298315
93.13,2.28841,2.30267,2.29554
93.14,2.28995,2.30084,2.295395
93.15,2.28258,2.29703,2.289805
93.16,2.29265,2.30973,2.30119
93.17,2.29264,2.30156,2.2971
93.18,2.29417,2.30357,2.29887
93.19,2.29409,2.29483,2.29446
93.2,2.29318,2.29452,2.29385
93.21,2.2981,2.31446,2.30628
93.22,2.28394,2.29324,2.28859
93.23,2.28768,2.29527,2.291475
93.24,2.29069,2.29111,2.2909
93.25,2.29519,2.29471,2.29495
93.26,2.29151,2.29499,2.29325
93.27,2.28745,2.29147,2.28946
93.28,2.2894,2.28591,2.287655
93.29,2.28833,2.29261,2.29047
93.3,2.28484,2.2913,2.28807
93.31,2.28751,2.28904,2.288275
93.32,2.28535,2.3019,2.293625
93.33,2.28626,2.29671,2.291485
93.34,2.29495,2.29579,2.29537
93.35,2.29305,2.29023,2.29164
93.36,2.29681,2.29609,2.29645
93.37,2.29371,2.30579,2.29975
93.38,2.29031,2.29615,2.29323
93.39,2.28425,2.30496,2.294605
93.4,2.30017,2.29917,2.29967
93.41,2.28343,2.30464,2.294035
93.42,2.2965,2.30697,2.301735
93.43,2.29662,2.2999,2.29826
93.44,2.28774,2.30306,2.2954
93.45,2.29291,2.29297,2.29294
93.46,2.2925,2.3007,2.2966
93.47,2.29191,2.30748,2.299695
93.48,2.29061,2.29159,2.2911
93.49,2.2927,2.29374,2.29322
93.5,2.29483,2.29703,2.29593
93.51,2.29579,2.28847,2.29213
93.52,2.29177,2.29546,2.293615
93.53,2.29546,2.29677,2.296115
93.54,2.29015,2.29746,2.293805
93.55,2.28774,2.286,2.28687
93.56,2.28329,2.28812,2.285705
93.57,2.29015,2.294,2.292075
93.58,2.29301,2.30106,2.297035
93.59,2.29566,2.29205,2.293855
93.6,2.29858,2.29124,2.29491
93.61,2.29879,2.3042,2.301495
93.62,2.2905,2.29427,2.292385
93.63,2.28897,2.28781,2.28839
93.64,2.29097,2.2913,2.291135
93.65,2.2909,2.29554,2.29322
93.66,2.29339,2.28898,2.291185
93.67,2.29119,2.29475,2.29297
93.68,2.28956,2.29055,2.290055
93.69,2.28338,2.28983,2.286605
93.7,2.29017,2.28738,2.288775
93.71,2.28563,2.29691,2.29127
93.72,2.28626,2.29417,2.290215
93.73,2.28829,2.28816,2.288225
93.74,2.29008,2.28692,2.2885
93.75,2.29766,2.28714,2.2924
93.76,2.28789,2.28482,2.286355
93.77,2.29446,2.29137,2.292915
93.78,2.29259,2.29215,2.29237
93.79,2.29951,2.28793,2.29372
93.8,2.28983,2.29467,2.29225
93.81,2.28995,2.29959,2.29477
93.82,2.28627,2.29111,2.28869
93.83,2.29537,2.29137,2.29337
93.84,2.28299,2.28248,2.282735
93.85,2.29322,2.28879,2.291005
93.86,2.29201,2.28872,2.290365
93.87,2.29445,2.29062,2.292535
93.88,2.30199,2.29565,2.29882
93.89,2.29777,2.28972,2.293745
93.9,2.29371,2.29152,2.292615
93.91,2.30043,2.28808,2.294255
93.92,2.29652,2.28708,2.2918
93.93,2.302,2.28911,2.295555
93.94,2.3046,2.28709,2.295845
93.95,2.29863,2.29445,2.29654
93.96,2.29729,2.29268,2.294985
93.97,2.30077,2.29585,2.29831
93.98,2.31051,2.28802,2.299265
93.99,2.3076,2.29882,2.30321
94,2.29985,2.29604,2.297945
94.01,2.29933,2.28991,2.29462
94.02,2.302,2.28767,2.294835
94.03,2.3044,2.29025,2.297325
94.04,2.31177,2.29488,2.303325
94.05,2.30377,2.29644,2.300105
94.06,2.30886,2.2909,2.29988
94.07,2.30346,2.28297,2.293215
94.08,2.30167,2.29088,2.296275
94.09,2.30389,2.30317,2.30353
94.1,2.30632,2.299,2.30266
94.11,2.30907,2.30275,2.30591
94.12,2.3154,2.29738,2.30639
94.13,2.30853,2.29112,2.299825
94.14,2.31002,2.27759,2.293805
94.15,2.31167,2.29656,2.304115
94.16,2.30467,2.29325,2.29896
94.17,2.29668,2.2935,2.29509
94.18,2.30875,2.30932,2.309035
94.19,2.29888,2.30228,2.30058
94.2,2.30237,2.29482,2.298595
94.21,2.29463,2.29926,2.296945
94.22,2.29527,2.30143,2.29835
94.23,2.29755,2.29328,2.295415
94.24,2.30303,2.29121,2.29712
94.25,2.29617,2.29954,2.297855
94.26,2.29766,2.3073,2.30248
94.27,2.29293,2.2916,2.292265
94.28,2.29234,2.29455,2.293445
94.29,2.28899,2.29352,2.291255
94.3,2.29414,2.29371,2.293925
94.31,2.3019,2.30001,2.300955
94.32,2.30082,2.29291,2.296865
94.33,2.3072,2.3029,2.30505
94.34,2.29776,2.3036,2.30068
94.35,2.29377,2.30157,2.29767
94.36,2.29022,2.28949,2.289855
94.37,2.30081,2.29835,2.29958
94.38,2.30649,2.29602,2.301255
94.39,2.30212,2.29027,2.296195
94.4,2.3018,2.30041,2.301105
94.41,2.29696,2.29131,2.294135
94.42,2.30674,2.28772,2.29723
94.43,2.30859,2.29786,2.303225
94.44,2.3005,2.28789,2.294195
94.45,2.29289,2.28839,2.29064
94.46,2.3019,2.29646,2.29918
94.47,2.30803,2.29716,2.302595
94.48,2.30464,2.29489,2.299765
94.49,2.29819,2.29429,2.29624
94.5,2.29439,2.30147,2.29793
94.51,2.2971,2.30054,2.29882
94.52,2.30104,2.30002,2.30053
94.53,2.30369,2.29488,2.299285
94.54,2.30081,2.30091,2.30086
94.55,2.30294,2.29173,2.297335
94.56,2.29977,2.29229,2.29603
94.57,2.29374,2.29241,2.293075
94.58,2.30869,2.29678,2.302735
94.59,2.30193,2.29198,2.296955
94.6,2.30145,2.28533,2.29339
94.61,2.30526,2.30074,2.303
94.62,2.30948,2.30053,2.305005
94.63,2.31106,2.29343,2.302245
94.64,2.31305,2.29478,2.303915
94.65,2.30861,2.2998,2.304205
94.66,2.31123,2.29556,2.303395
94.67,2.3,2.29453,2.297265
94.68,2.29975,2.29974,2.299745
94.69,2.3042,2.29417,2.299185
94.7,2.3045,2.30045,2.302475
94.71,2.3019,2.29596,2.29893
94.72,2.30488,2.29453,2.299705
94.73,2.31183,2.29943,2.30563
94.74,2.30532,2.29357,2.299445
94.75,2.30203,2.2921,2.297065
94.76,2.30356,2.29511,2.299335
94.77,2.30038,2.29084,2.29561
94.78,2.30451,2.28781,2.29616
94.79,2.31203,2.28834,2.300185
94.8,2.3119,2.2916,2.30175
94.81,2.3152,2.29174,2.30347
94.82,2.3114,2.28417,2.297785
94.83,2.31044,2.30137,2.305905
94.84,2.30539,2.29399,2.29969
94.85,2.30477,2.28781,2.29629
94.86,2.30956,2.29483,2.302195
94.87,2.30677,2.30415,2.30546
94.88,2.30571,2.30362,2.304665
94.89,2.30274,2.30348,2.30311
94.9,2.30161,2.28716,2.294385
94.91,2.29744,2.2944,2.29592
94.92,2.2991,2.29087,2.294985
94.93,2.30158,2.29213,2.296855
94.94,2.29808,2.29016,2.29412
94.95,2.30469,2.29605,2.30037
94.96,2.30737,2.29327,2.30032
94.97,2.30837,2.28806,2.298215
94.98,2.31096,2.2857,2.29833
94.99,2.29565,2.28486,2.290255
95,2.30286,2.29026,2.29656
95.01,2.29993,2.28943,2.29468
95.02,2.30111,2.29101,2.29606
95.03,2.29733,2.28937,2.29335
95.04,2.3032,2.28243,2.292815
95.05,2.30116,2.2876,2.29438
95.06,2.30203,2.29583,2.29893
95.07,2.30362,2.30152,2.30257
95.08,2.30296,2.29087,2.296915
95.09,2.30085,2.29281,2.29683
95.1,2.30532,2.28466,2.29499
95.11,2.30744,2.29193,2.299685
95.12,2.30433,2.29817,2.30125
95.13,2.30522,2.29974,2.30248
95.14,2.30792,2.28666,2.29729
95.15,2.29828,2.29193,2.295105
95.16,2.30346,2.28595,2.294705
95.17,2.29771,2.29456,2.296135
95.18,2.30106,2.2939,2.29748
95.19,2.30907,2.29804,2.303555
95.2,2.30426,2.29632,2.30029
95.21,2.30225,2.28981,2.29603
95.22,2.29568,2.29932,2.2975
95.23,2.29808,2.2913,2.29469
95.24,2.29987,2.29126,2.295565
95.25,2.29613,2.29938,2.297755
95.26,2.29802,2.29082,2.29442
95.27,2.29933,2.29251,2.29592
95.28,2.29716,2.29783,2.297495
95.29,2.30178,2.28608,2.29393
95.3,2.29395,2.29054,2.292245
95.31,2.2945,2.30277,2.298635
95.32,2.29242,2.29085,2.291635
95.33,2.29652,2.28924,2.29288
95.34,2.29291,2.29177,2.29234
95.35,2.29255,2.29565,2.2941
95.36,2.29203,2.30235,2.29719
95.37,2.29392,2.2966,2.29526
95.38,2.29192,2.31076,2.30134
95.39,2.30064,2.29712,2.29888
95.4,2.29829,2.296,2.297145
95.41,2.29653,2.30446,2.300495
95.42,2.29559,2.30402,2.299805
95.43,2.29853,2.3042,2.301365
95.44,2.29803,2.30447,2.30125
95.45,2.29588,2.29513,2.295505
95.46,2.29108,2.30079,2.295935
95.47,2.30167,2.29969,2.30068
95.48,2.28726,2.29691,2.292085
95.49,2.30085,2.29142,2.296135
95.5,2.30035,2.2874,2.293875
95.51,2.29319,2.29067,2.29193
95.52,2.29207,2.2858,2.288935
95.53,2.2935,2.28812,2.29081
95.54,2.30005,2.28679,2.29342
95.55,2.30478,2.29725,2.301015
95.56,2.2957,2.29561,2.295655
95.57,2.29734,2.29703,2.297185
95.58,2.29702,2.29854,2.29778
95.59,2.29698,2.29926,2.29812
95.6,2.2961,2.28727,2.291685
95.61,2.29105,2.28995,2.2905
95.62,2.29768,2.29514,2.29641
95.63,2.29727,2.29765,2.29746
95.64,2.29127,2.28561,2.28844
95.65,2.28963,2.29656,2.293095
95.66,2.29684,2.29015,2.293495
95.67,2.30001,2.29027,2.29514
95.68,2.30086,2.29879,2.299825
95.69,2.30086,2.29027,2.295565
95.7,2.28719,2.29207,2.28963
95.71,2.29504,2.29791,2.296475
95.72,2.2925,2.29182,2.29216
95.73,2.30403,2.29522,2.299625
95.74,2.29342,2.29163,2.292525
95.75,2.30187,2.29273,2.2973
95.76,2.29753,2.29194,2.294735
95.77,2.29845,2.29091,2.29468
95.78,2.29958,2.28812,2.29385
95.79,2.30364,2.28363,2.293635
95.8,2.29349,2.28837,2.29093
95.81,2.29729,2.2868,2.292045
95.82,2.29324,2.28946,2.29135
95.83,2.30492,2.28382,2.29437
95.84,2.29305,2.28656,2.289805
95.85,2.29301,2.29508,2.294045
95.86,2.30623,2.28857,2.2974
95.87,2.29149,2.29709,2.29429
95.88,2.29491,2.28938,2.292145
95.89,2.29511,2.29844,2.296775
95.9,2.29955,2.29199,2.29577
95.91,2.29907,2.2994,2.299235
95.92,2.29571,2.29161,2.29366
95.93,2.29583,2.29336,2.294595
95.94,2.29124,2.3024,2.29682
95.95,2.29792,2.30342,2.30067
95.96,2.29319,2.29299,2.29309
95.97,2.30273,2.29613,2.29943
95.98,2.30222,2.29373,2.297975
95.99,2.30074,2.28813,2.294435
96,2.30482,2.29555,2.300185
96.01,2.29397,2.299,2.296485
96.02,2.30326,2.2939,2.29858
96.03,2.29924,2.29238,2.29581
96.04,2.29742,2.29077,2.294095
96.05,2.30013,2.28525,2.29269
96.06,2.29293,2.29047,2.2917
96.07,2.29299,2.29125,2.29212
96.08,2.29073,2.29478,2.292755
96.09,2.30164,2.29449,2.298065
96.1,2.30295,2.29401,2.29848
96.11,2.30043,2.28602,2.293225
96.12,2.30022,2.29094,2.29558
96.13,2.29902,2.2931,2.29606
96.14,2.30322,2.29032,2.29677
96.15,2.30108,2.2916,2.29634
96.16,2.29304,2.2852,2.28912
96.17,2.29492,2.29852,2.29672
96.18,2.28943,2.29202,2.290725
96.19,2.30601,2.29668,2.301345
96.2,2.29833,2.29502,2.296675
96.21,2.2891,2.30462,2.29686
96.22,2.28882,2.29933,2.294075
96.23,2.29718,2.29604,2.29661
96.24,2.29841,2.29497,2.29669
96.25,2.29077,2.3048,2.297785
96.26,2.29354,2.29903,2.296285
96.27,2.29636,2.30317,2.299765
96.28,2.29585,2.30096,2.298405
96.29,2.29575,2.3064,2.301075
96.3,2.2916,2.30301,2.297305
96.31,2.30012,2.30866,2.30439
96.32,2.29445,2.29637,2.29541
96.33,2.29715,2.29873,2.29794
96.34,2.29461,2.30051,2.29756
96.35,2.29326,2.29906,2.29616
96.36,2.29462,2.29968,2.29715
96.37,2.28505,2.29812,2.291585
96.38,2.29129,2.29296,2.292125
96.39,2.29008,2.29336,2.29172
96.4,2.29643,2.29623,2.29633
96.41,2.29474,2.30258,2.29866
96.42,2.29124,2.30308,2.29716
96.43,2.28709,2.30245,2.29477
96.44,2.29346,2.30195,2.297705
96.45,2.29302,2.30866,2.30084
96.46,2.29653,2.30259,2.29956
96.47,2.2912,2.29639,2.293795
96.48,2.2927,2.29851,2.295605
96.49,2.29523,2.30282,2.299025
96.5,2.29107,2.29778,2.294425
96.51,2.28791,2.29971,2.29381
96.52,2.28587,2.29906,2.292465
96.53,2.28731,2.30691,2.29711
96.54,2.29105,2.29988,2.295465
96.55,2.28473,2.29919,2.29196
96.56,2.2909,2.29883,2.294865
96.57,2.28461,2.28926,2.286935
96.58,2.2849,2.30421,2.294555
96.59,2.29194,2.29719,2.294565
96.6,2.28984,2.29748,2.29366
96.61,2.28928,2.29734,2.29331
96.62,2.28859,2.29555,2.29207
96.63,2.28502,2.29782,2.29142
96.64,2.28548,2.29634,2.29091
96.65,2.29027,2.29701,2.29364
96.66,2.2925,2.31035,2.301425
96.67,2.29442,2.2909,2.29266
96.68,2.29143,2.29626,2.293845
96.69,2.28621,2.29509,2.29065
96.7,2.28414,2.29739,2.290765
96.71,2.28341,2.29974,2.291575
96.72,2.28979,2.29898,2.294385
96.73,2.28528,2.29609,2.290685
96.74,2.2928,2.29284,2.29282
96.75,2.29162,2.30097,2.296295
96.76,2.28665,2.29075,2.2887
96.77,2.28947,2.2961,2.292785
96.78,2.28583,2.29953,2.29268
96.79,2.28854,2.29856,2.29355
96.8,2.28897,2.2874,2.288185
96.81,2.2816,2.29372,2.28766
96.82,2.28448,2.29188,2.28818
96.83,2.28301,2.29255,2.28778
96.84,2.29127,2.2958,2.293535
96.85,2.2884,2.28531,2.286855
96.86,2.27902,2.28984,2.28443
96.87,2.28411,2.28637,2.28524
96.88,2.28519,2.29733,2.29126
96.89,2.29302,2.28844,2.29073
96.9,2.28325,2.28798,2.285615
96.91,2.28908,2.28494,2.28701
96.92,2.29454,2.29573,2.295135
96.93,2.29224,2.28711,2.289675
96.94,2.28294,2.28952,2.28623
96.95,2.29036,2.28948,2.28992
96.96,2.29352,2.30404,2.29878
96.97,2.28453,2.29223,2.28838
96.98,2.27951,2.29758,2.288545
96.99,2.28228,2.29889,2.290585
97,2.28669,2.29851,2.2926
97.01,2.28404,2.29253,2.288285
97.02,2.2913,2.29376,2.29253
97.03,2.29103,2.28651,2.28877
97.04,2.29037,2.2812,2.285785
97.05,2.28636,2.29571,2.291035
97.06,2.29116,2.29629,2.293725
97.07,2.29263,2.28865,2.29064
97.08,2.29305,2.2905,2.291775
97.09,2.29298,2.29144,2.29221
97.1,2.28906,2.29528,2.29217
97.11,2.28707,2.29335,2.29021
97.12,2.28792,2.29769,2.292805
97.13,2.28818,2.29143,2.289805
97.14,2.29063,2.29379,2.29221
97.15,2.28318,2.29065,2.286915
97.16,2.29232,2.29001,2.291165
97.17,2.29002,2.2861,2.28806
97.18,2.29374,2.2912,2.29247
97.19,2.29024,2.28814,2.28919
97.2,2.29362,2.28296,2.28829
97.21,2.29109,2.29481,2.29295
97.22,2.30016,2.29333,2.296745
97.23,2.30087,2.29499,2.29793
97.24,2.30337,2.2892,2.296285
97.25,2.30086,2.29328,2.29707
97.26,2.30411,2.29158,2.297845
97.27,2.28824,2.29389,2.291065
97.28,2.29845,2.29213,2.29529
97.29,2.29672,2.29453,2.295625
97.3,2.30527,2.2971,2.301185
97.31,2.30512,2.28552,2.29532
97.32,2.30022,2.29451,2.297365
97.33,2.2978,2.29196,2.29488
97.34,2.30018,2.29405,2.297115
97.35,2.28321,2.29006,2.286635
97.36,2.30062,2.29818,2.2994
97.37,2.30022,2.29127,2.295745
97.38,2.29002,2.29029,2.290155
97.39,2.28938,2.29636,2.29287
97.4,2.29113,2.29174,2.291435
97.41,2.29158,2.29286,2.29222
97.42,2.29035,2.29112,2.290735
97.43,2.28442,2.29649,2.290455
97.44,2.28164,2.28264,2.28214
97.45,2.28507,2.28571,2.28539
97.46,2.28736,2.29545,2.291405
97.47,2.28282,2.29355,2.288185
97.48,2.28186,2.28915,2.285505
97.49,2.28311,2.28799,2.28555
97.5,2.29152,2.29219,2.291855
97.51,2.28573,2.29261,2.28917
97.52,2.29381,2.29032,2.292065
97.53,2.2947,2.29387,2.294285
97.54,2.28841,2.30634,2.297375
97.55,2.28232,2.29505,2.288685
97.56,2.29053,2.28974,2.290135
97.57,2.28455,2.29176,2.288155
97.58,2.28633,2.288,2.287165
97.59,2.29082,2.29547,2.293145
97.6,2.28543,2.29401,2.28972
97.61,2.28741,2.29913,2.29327
97.62,2.29146,2.28886,2.29016
97.63,2.28581,2.29685,2.29133
97.64,2.28896,2.29354,2.29125
97.65,2.28377,2.28971,2.28674
97.66,2.28944,2.29732,2.29338
97.67,2.2882,2.28706,2.28763
97.68,2.28884,2.29337,2.291105
97.69,2.2927,2.29368,2.29319
97.7,2.28519,2.29236,2.288775
97.71,2.29037,2.29943,2.2949
97.72,2.28609,2.28953,2.28781
97.73,2.2869,2.29587,2.291385
97.74,2.2955,2.29137,2.293435
97.75,2.2942,2.29416,2.29418
97.76,2.29209,2.29918,2.295635
97.77,2.29265,2.2932,2.292925
97.78,2.29048,2.29258,2.29153
97.79,2.29158,2.29067,2.291125
97.8,2.28998,2.29158,2.29078
97.81,2.29004,2.29016,2.2901
97.82,2.28866,2.29472,2.29169
97.83,2.29634,2.29305,2.294695
97.84,2.29241,2.29615,2.29428
97.85,2.29116,2.29327,2.292215
97.86,2.29428,2.29136,2.29282
97.87,2.28886,2.28669,2.287775
97.88,2.2897,2.29623,2.292965
97.89,2.27986,2.29313,2.286495
97.9,2.29237,2.30017,2.29627
97.91,2.29591,2.30177,2.29884
97.92,2.29444,2.28873,2.291585
97.93,2.29069,2.2964,2.293545
97.94,2.29149,2.29984,2.295665
97.95,2.29527,2.30113,2.2982
97.96,2.29834,2.30674,2.30254
97.97,2.29824,2.31196,2.3051
97.98,2.30156,2.29799,2.299775
97.99,2.29899,2.30101,2.3
98,2.29063,2.30523,2.29793
98.01,2.29183,2.29837,2.2951
98.02,2.3019,2.29577,2.298835
98.03,2.29778,2.30371,2.300745
98.04,2.29367,2.30347,2.29857
98.05,2.28623,2.30294,2.294585
98.06,2.28946,2.3,2.29473
98.07,2.29054,2.30253,2.296535
98.08,2.28964,2.3178,2.30372
98.09,2.28975,2.29584,2.292795
98.1,2.2925,2.2964,2.29445
98.11,2.2921,2.3044,2.29825
98.12,2.28981,2.3011,2.295455
98.13,2.29048,2.30473,2.297605
98.14,2.28937,2.30066,2.295015
98.15,2.29169,2.30161,2.29665
98.16,2.29767,2.296,2.296835
98.17,2.29032,2.30298,2.29665
98.18,2.28883,2.29918,2.294005
98.19,2.29065,2.30825,2.29945
98.2,2.28406,2.29834,2.2912
98.21,2.29426,2.29688,2.29557
98.22,2.29109,2.30058,2.295835
98.23,2.28413,2.29622,2.290175
98.24,2.28221,2.29392,2.288065
98.25,2.28929,2.30409,2.29669
98.26,2.28787,2.30944,2.298655
98.27,2.28765,2.30549,2.29657
98.28,2.28673,2.29756,2.292145
98.29,2.293,2.31105,2.302025
98.3,2.29169,2.30159,2.29664
98.31,2.29007,2.30645,2.29826
98.32,2.28671,2.30154,2.294125
98.33,2.29023,2.29679,2.29351
98.34,2.28984,2.30305,2.296445
98.35,2.29342,2.30147,2.297445
98.36,2.29566,2.3043,2.29998
98.37,2.29192,2.30688,2.2994
98.38,2.29087,2.30873,2.2998
98.39,2.29005,2.31369,2.30187
98.4,2.2931,2.29947,2.296285
98.41,2.2871,2.30538,2.29624
98.42,2.28886,2.30322,2.29604
98.43,2.2817,2.30566,2.29368
98.44,2.28531,2.30239,2.29385
98.45,2.28591,2.30249,2.2942
98.46,2.29386,2.30257,2.298215
98.47,2.29874,2.30376,2.30125
98.48,2.29318,2.30247,2.297825
98.49,2.28801,2.31107,2.29954
98.5,2.29217,2.30037,2.29627
98.51,2.29347,2.30609,2.29978
98.52,2.28542,2.31559,2.300505
98.53,2.28485,2.30937,2.29711
98.54,2.28513,2.30506,2.295095
98.55,2.29179,2.31738,2.304585
98.56,2.28687,2.30182,2.294345
98.57,2.29189,2.3019,2.296895
98.58,2.28811,2.29862,2.293365
98.59,2.29117,2.30862,2.299895
98.6,2.29387,2.30486,2.299365
98.61,2.28723,2.30849,2.29786
98.62,2.29283,2.30313,2.29798
98.63,2.28796,2.30674,2.29735
98.64,2.29065,2.30248,2.296565
98.65,2.28495,2.29773,2.29134
98.66,2.29053,2.30797,2.29925
98.67,2.28214,2.30111,2.291625
98.68,2.28442,2.30635,2.295385
98.69,2.28316,2.29918,2.29117
98.7,2.28417,2.30262,2.293395
98.71,2.28618,2.28758,2.28688
98.72,2.29001,2.29344,2.291725
98.73,2.28,2.295,2.2875
98.74,2.28308,2.29783,2.290455
98.75,2.28701,2.29194,2.289475
98.76,2.28363,2.29705,2.29034
98.77,2.28317,2.29719,2.29018
98.78,2.28192,2.29624,2.28908
98.79,2.28314,2.30241,2.292775
98.8,2.28807,2.30692,2.297495
98.81,2.28646,2.30747,2.296965
98.82,2.28698,2.29664,2.29181
98.83,2.28537,2.30366,2.294515
98.84,2.29297,2.31172,2.302345
98.85,2.28713,2.30559,2.29636
98.86,2.29141,2.30184,2.296625
98.87,2.28773,2.29539,2.29156
98.88,2.28803,2.29947,2.29375
98.89,2.28747,2.30711,2.29729
98.9,2.28982,2.30962,2.29972
98.91,2.29548,2.30211,2.298795
98.92,2.29531,2.30898,2.302145
98.93,2.29656,2.29993,2.298245
98.94,2.2979,2.29376,2.29583
98.95,2.29875,2.2949,2.296825
98.96,2.29234,2.30428,2.29831
98.97,2.29914,2.29885,2.298995
98.98,2.29847,2.30588,2.302175
98.99,2.29623,2.29919,2.29771
99,2.29265,2.30036,2.296505
99.01,2.29581,2.29613,2.29597
99.02,2.28579,2.29701,2.2914
99.03,2.29069,2.29917,2.29493
99.04,2.29345,2.30486,2.299155
99.05,2.29324,2.29589,2.294565
99.06,2.29382,2.29915,2.296485
99.07,2.29172,2.30281,2.297265
99.08,2.2936,2.29998,2.29679
99.09,2.29365,2.31844,2.306045
99.1,2.29738,2.30922,2.3033
99.11,2.29148,2.30419,2.297835
99.12,2.29607,2.30004,2.298055
99.13,2.29247,2.30734,2.299905
99.14,2.29119,2.29582,2.293505
99.15,2.29608,2.30717,2.301625
99.16,2.28403,2.30033,2.29218
99.17,2.28927,2.30702,2.298145
99.18,2.28994,2.29483,2.292385
99.19,2.29039,2.30228,2.296335
99.2,2.29077,2.30816,2.299465
99.21,2.29002,2.30102,2.29552
99.22,2.29483,2.30117,2.298
99.23,2.29047,2.30328,2.296875
99.24,2.29467,2.29632,2.295495
99.25,2.28779,2.30238,2.295085
99.26,2.29488,2.31037,2.302625
99.27,2.30013,2.30345,2.30179
99.28,2.29362,2.30643,2.300025
99.29,2.28759,2.31753,2.30256
99.3,2.29734,2.312,2.30467
99.31,2.29561,2.30529,2.30045
99.32,2.29688,2.3017,2.29929
99.33,2.29452,2.28842,2.29147
99.34,2.29383,2.30375,2.29879
99.35,2.2937,2.30503,2.299365
99.36,2.2923,2.30043,2.296365
99.37,2.29269,2.29446,2.293575
99.38,2.29504,2.29151,2.293275
99.39,2.29784,2.28666,2.29225
99.4,2.29942,2.29588,2.29765
99.41,2.30135,2.28797,2.29466
99.42,2.29386,2.29633,2.295095
99.43,2.30249,2.28188,2.292185
99.44,2.29194,2.28535,2.288645
99.45,2.29419,2.29219,2.29319
99.46,2.29639,2.28655,2.29147
99.47,2.29874,2.29121,2.294975
99.48,2.30271,2.2901,2.296405
99.49,2.30341,2.28491,2.29416
99.5,2.30562,2.29548,2.30055
99.51,2.30337,2.29579,2.29958
99.52,2.30086,2.29047,2.295665
99.53,2.30212,2.28889,2.295505
99.54,2.29878,2.29295,2.295865
99.55,2.30548,2.29467,2.300075
99.56,2.30155,2.28268,2.292115
99.57,2.29495,2.29193,2.29344
99.58,2.29115,2.30038,2.295765
99.59,2.29563,2.29272,2.294175
99.6,2.29656,2.28918,2.29287
99.61,2.3053,2.28698,2.29614
99.62,2.3083,2.29937,2.303835
99.63,2.29953,2.30214,2.300835
99.64,2.30176,2.28355,2.292655
99.65,2.29883,2.29704,2.297935
99.66,2.3003,2.29825,2.299275
99.67,2.29399,2.28563,2.28981
99.68,2.29301,2.29501,2.29401
99.69,2.29871,2.30375,2.30123
99.7,2.3049,2.29084,2.29787
99.71,2.29477,2.28726,2.291015
99.72,2.29781,2.30305,2.30043
99.73,2.28643,2.29365,2.29004
99.74,2.29505,2.29996,2.297505
99.75,2.2936,2.3042,2.2989
99.76,2.29694,2.29757,2.297255
99.77,2.29885,2.29895,2.2989
99.78,2.29969,2.30772,2.303705
99.79,2.29376,2.30069,2.297225
99.8,2.29368,2.30433,2.299005
99.81,2.29558,2.30113,2.298355
99.82,2.29795,2.30178,2.299865
99.83,2.29826,2.30299,2.300625
99.84,2.29576,2.30484,2.3003
99.85,2.29693,2.30602,2.301475
99.86,2.29496,2.30559,2.300275
99.87,2.30024,2.30359,2.301915
99.88,2.2983,2.3015,2.2999
99.89,2.29282,2.3082,2.30051
99.9,2.2896,2.30967,2.299635
99.91,2.291,2.3066,2.2988
99.92,2.2933,2.3045,2.2989
99.93,2.29011,2.29904,2.294575
99.94,2.29538,2.30352,2.29945
99.95,2.29336,2.29873,2.296045
99.96,2.30045,2.29618,2.298315
99.97,2.29582,2.29838,2.2971
99.98,2.2952,2.29491,2.295055
99.99,2.30391,2.2978,2.300855
100,2.29083,2.29975,2.29529
