Time/Residue,AFR4_R1.xvg,AFR4_R2.xvg,Average
0.0,2.25019,2.25105,2.25062
1e-08,2.28151,2.2797,2.280605
2e-08,2.27579,2.27755,2.27667
3e-08,2.27824,2.27984,2.27904
4e-08,2.28214,2.28538,2.28376
5.0000000000000004e-08,2.27278,2.28053,2.276655
6e-08,2.27662,2.29924,2.28793
7e-08,2.27902,2.29356,2.28629
8e-08,2.28492,2.28215,2.283535
9e-08,2.28349,2.28607,2.28478
1.0000000000000001e-07,2.28283,2.29081,2.28682
1.1e-07,2.28875,2.28711,2.28793
1.2e-07,2.28407,2.29671,2.29039
1.3000000000000003e-07,2.28548,2.2935,2.28949
1.4e-07,2.28161,2.2936,2.287605
1.5e-07,2.28854,2.29324,2.29089
1.6e-07,2.29249,2.28722,2.289855
1.7000000000000001e-07,2.29313,2.29391,2.29352
1.8e-07,2.29647,2.2991,2.297785
1.9e-07,2.29513,2.28937,2.29225
2.0000000000000002e-07,2.2931,2.29148,2.29229
2.0999999999999997e-07,2.29881,2.28589,2.29235
2.2e-07,2.30012,2.28953,2.294825
2.3e-07,2.29865,2.29214,2.295395
2.4e-07,2.29259,2.29024,2.291415
2.5e-07,2.29542,2.29399,2.294705
2.6000000000000005e-07,2.29251,2.30351,2.29801
2.7e-07,2.29395,2.30004,2.296995
2.8e-07,2.28769,2.28709,2.28739
2.9e-07,2.28516,2.29519,2.290175
3e-07,2.28644,2.30261,2.294525
3.1e-07,2.28638,2.29386,2.29012
3.2e-07,2.29011,2.29343,2.29177
3.3e-07,2.29789,2.30269,2.30029
3.4000000000000003e-07,2.29874,2.29477,2.296755
3.5e-07,2.28937,2.29756,2.293465
3.6e-07,2.29012,2.29131,2.290715
3.7e-07,2.29342,2.2969,2.29516
3.8e-07,2.29482,2.29781,2.296315
3.8999999999999997e-07,2.28379,2.30201,2.2929
4.0000000000000003e-07,2.28699,2.29597,2.29148
4.1e-07,2.28747,2.29805,2.29276
4.1999999999999995e-07,2.28615,2.28902,2.287585
4.3e-07,2.29105,2.29618,2.293615
4.4e-07,2.29409,2.30198,2.298035
4.5e-07,2.2913,2.29611,2.293705
4.6e-07,2.28867,2.30703,2.29785
4.7e-07,2.2938,2.30895,2.301375
4.8e-07,2.29187,2.29955,2.29571
4.9e-07,2.29097,2.29931,2.29514
5e-07,2.29065,2.29816,2.294405
5.1e-07,2.29452,2.31119,2.302855
5.200000000000001e-07,2.30299,2.29429,2.29864
5.3e-07,2.28914,2.30213,2.295635
5.4e-07,2.2905,2.30477,2.297635
5.5e-07,2.29401,2.30918,2.301595
5.6e-07,2.29089,2.30489,2.29789
5.699999999999999e-07,2.29638,2.30798,2.30218
5.8e-07,2.29693,2.31965,2.30829
5.9e-07,2.30515,2.30928,2.307215
6e-07,2.30099,2.31756,2.309275
6.1e-07,2.29636,2.30275,2.299555
6.2e-07,2.29706,2.31174,2.3044
6.3e-07,2.29629,2.30301,2.29965
6.4e-07,2.2988,2.29969,2.299245
6.499999999999999e-07,2.29604,2.30507,2.300555
6.6e-07,2.29317,2.30209,2.29763
6.7e-07,2.28478,2.3041,2.29444
6.800000000000001e-07,2.29105,2.30502,2.298035
6.9e-07,2.29667,2.30357,2.30012
7e-07,2.28867,2.30085,2.29476
7.099999999999999e-07,2.29083,2.3123,2.301565
7.2e-07,2.29546,2.30649,2.300975
7.3e-07,2.2945,2.30379,2.299145
7.4e-07,2.29477,2.31084,2.302805
7.5e-07,2.2959,2.31658,2.30624
7.6e-07,2.29081,2.31529,2.30305
7.7e-07,2.29735,2.3092,2.303275
7.799999999999999e-07,2.30169,2.3085,2.305095
7.900000000000001e-07,2.29346,2.30027,2.296865
8.000000000000001e-07,2.29155,2.30527,2.29841
8.100000000000001e-07,2.29434,2.3107,2.30252
8.2e-07,2.29978,2.30552,2.30265
8.3e-07,2.30022,2.30248,2.30135
8.399999999999999e-07,2.29458,2.30076,2.29767
8.499999999999999e-07,2.30538,2.30763,2.306505
8.6e-07,2.29826,2.29588,2.29707
8.7e-07,2.29879,2.29551,2.29715
8.8e-07,2.31024,2.30542,2.30783
8.900000000000001e-07,2.30766,2.30953,2.308595
9e-07,2.30343,2.29816,2.300795
9.1e-07,2.30621,2.2982,2.302205
9.2e-07,2.3003,2.30408,2.30219
9.300000000000001e-07,2.30728,2.31579,2.311535
9.4e-07,2.30062,2.31756,2.30909
9.5e-07,2.3032,2.30882,2.30601
9.6e-07,2.31027,2.31137,2.31082
9.7e-07,2.30886,2.29991,2.304385
9.8e-07,2.3121,2.31289,2.312495
9.9e-07,2.30612,2.30459,2.305355
1e-06,2.3061,2.30603,2.306065
1.01e-06,2.30674,2.2971,2.30192
1.02e-06,2.3094,2.30492,2.30716
1.03e-06,2.30619,2.29853,2.30236
1.0400000000000002e-06,2.29774,2.30428,2.30101
1.0500000000000001e-06,2.29982,2.3064,2.30311
1.06e-06,2.30449,2.29976,2.302125
1.07e-06,2.30265,2.30417,2.30341
1.08e-06,2.30108,2.29467,2.297875
1.09e-06,2.30634,2.29737,2.301855
1.1e-06,2.29786,2.29444,2.29615
1.1100000000000002e-06,2.30134,2.30777,2.304555
1.12e-06,2.30243,2.3004,2.301415
1.13e-06,2.30617,2.30358,2.304875
1.1399999999999999e-06,2.30499,2.30452,2.304755
1.15e-06,2.31317,2.30156,2.307365
1.16e-06,2.30888,2.30606,2.30747
1.17e-06,2.3138,2.29839,2.306095
1.18e-06,2.31295,2.30594,2.309445
1.1899999999999998e-06,2.30509,2.30391,2.3045
1.2e-06,2.30501,2.29572,2.300365
1.2099999999999998e-06,2.30914,2.29744,2.30329
1.22e-06,2.30833,2.30083,2.30458
1.2299999999999999e-06,2.29875,2.30796,2.303355
1.24e-06,2.30289,2.29876,2.300825
1.25e-06,2.31267,2.29465,2.30366
1.26e-06,2.30327,2.29395,2.29861
1.2700000000000001e-06,2.30121,2.29967,2.30044
1.28e-06,2.3092,2.29437,2.301785
1.2900000000000001e-06,2.30353,2.29728,2.300405
1.2999999999999998e-06,2.30513,2.29762,2.301375
1.31e-06,2.31176,2.29584,2.3038
1.32e-06,2.30833,2.29756,2.302945
1.33e-06,2.30312,2.30424,2.30368
1.34e-06,2.30318,2.30507,2.304125
1.35e-06,2.31215,2.31063,2.31139
1.3600000000000001e-06,2.30419,2.30877,2.30648
1.3700000000000002e-06,2.30569,2.30979,2.30774
1.38e-06,2.29889,2.31132,2.305105
1.39e-06,2.30273,2.30564,2.304185
1.4e-06,2.30203,2.30301,2.30252
1.41e-06,2.3082,2.30748,2.30784
1.4199999999999997e-06,2.30717,2.30111,2.30414
1.4299999999999999e-06,2.31498,2.30692,2.31095
1.44e-06,2.30757,2.31048,2.309025
1.4499999999999999e-06,2.30079,2.3033,2.302045
1.46e-06,2.31368,2.30417,2.308925
1.47e-06,2.30011,2.30606,2.303085
1.48e-06,2.30203,2.3079,2.304965
1.49e-06,2.30355,2.31233,2.30794
1.5e-06,2.30494,2.30303,2.303985
1.5100000000000002e-06,2.30134,2.30498,2.30316
1.52e-06,2.30257,2.30101,2.30179
1.5300000000000002e-06,2.30536,2.31131,2.308335
1.54e-06,2.30602,2.30763,2.306825
1.55e-06,2.29869,2.31001,2.30435
1.5599999999999999e-06,2.29965,2.32133,2.31049
1.57e-06,2.30125,2.30849,2.30487
1.5800000000000001e-06,2.30557,2.31446,2.310015
1.59e-06,2.31019,2.31276,2.311475
1.6000000000000001e-06,2.30567,2.30267,2.30417
1.61e-06,2.29492,2.30719,2.301055
1.6200000000000002e-06,2.29255,2.31205,2.3023
1.6299999999999999e-06,2.30238,2.30882,2.3056
1.64e-06,2.29838,2.3103,2.30434
1.65e-06,2.29886,2.30926,2.30406
1.66e-06,2.30148,2.31247,2.306975
1.6699999999999999e-06,2.30087,2.31306,2.306965
1.6799999999999998e-06,2.29542,2.305,2.30021
1.69e-06,2.30327,2.31244,2.307855
1.6999999999999998e-06,2.30776,2.31016,2.30896
1.71e-06,2.29971,2.31782,2.308765
1.72e-06,2.29778,2.30824,2.30301
1.73e-06,2.30166,2.31005,2.305855
1.74e-06,2.31206,2.32216,2.31711
1.75e-06,2.29968,2.31171,2.305695
1.76e-06,2.30211,2.31202,2.307065
1.77e-06,2.30685,2.31493,2.31089
1.7800000000000001e-06,2.30271,2.30958,2.306145
1.7900000000000002e-06,2.29966,2.3003,2.29998
1.8e-06,2.30956,2.3134,2.31148
1.81e-06,2.30589,2.30759,2.30674
1.82e-06,2.29711,2.3098,2.303455
1.83e-06,2.29776,2.30427,2.301015
1.84e-06,2.2946,2.31025,2.302425
1.85e-06,2.2962,2.31526,2.30573
1.8600000000000002e-06,2.29435,2.31958,2.306965
1.87e-06,2.28776,2.31336,2.30056
1.88e-06,2.29131,2.31032,2.300815
1.89e-06,2.29322,2.31017,2.301695
1.9e-06,2.29518,2.30588,2.30053
1.91e-06,2.29586,2.31224,2.30405
1.92e-06,2.29052,2.31293,2.301725
1.9299999999999997e-06,2.28967,2.31487,2.30227
1.94e-06,2.29313,2.30797,2.30055
1.95e-06,2.29462,2.30629,2.300455
1.96e-06,2.29861,2.30937,2.30399
1.9699999999999998e-06,2.29676,2.30242,2.29959
1.98e-06,2.29301,2.31749,2.30525
1.99e-06,2.29143,2.31051,2.30097
2e-06,2.30486,2.3215,2.31318
2.01e-06,2.29728,2.31473,2.306005
2.02e-06,2.29953,2.31394,2.306735
2.0299999999999996e-06,2.30114,2.31512,2.30813
2.04e-06,2.30754,2.30348,2.30551
2.05e-06,2.29396,2.31337,2.303665
2.06e-06,2.29616,2.31462,2.30539
2.0699999999999997e-06,2.29463,2.3091,2.301865
2.0800000000000004e-06,2.29477,2.31646,2.305615
2.09e-06,2.29156,2.31951,2.305535
2.1000000000000002e-06,2.3022,2.30311,2.302655
2.1099999999999997e-06,2.30462,2.31525,2.309935
2.12e-06,2.30874,2.31487,2.311805
2.13e-06,2.3037,2.31288,2.30829
2.14e-06,2.29218,2.31181,2.301995
2.15e-06,2.29637,2.30782,2.302095
2.16e-06,2.3009,2.30886,2.30488
2.17e-06,2.307,2.30948,2.30824
2.18e-06,2.29489,2.31426,2.304575
2.19e-06,2.29059,2.31059,2.30059
2.2e-06,2.2987,2.30657,2.302635
2.21e-06,2.30161,2.30646,2.304035
2.2200000000000003e-06,2.30261,2.31271,2.30766
2.23e-06,2.30462,2.3168,2.31071
2.24e-06,2.30812,2.31806,2.31309
2.2499999999999996e-06,2.30182,2.31377,2.307795
2.26e-06,2.30158,2.30674,2.30416
2.27e-06,2.29843,2.31429,2.30636
2.2799999999999998e-06,2.30189,2.31503,2.30846
2.29e-06,2.30491,2.30835,2.30663
2.3e-06,2.31072,2.30986,2.31029
2.31e-06,2.31046,2.31038,2.31042
2.32e-06,2.30224,2.30537,2.303805
2.33e-06,2.31555,2.30781,2.31168
2.34e-06,2.30643,2.31351,2.30997
2.35e-06,2.30695,2.3064,2.306675
2.36e-06,2.30695,2.30815,2.30755
2.37e-06,2.30197,2.30911,2.30554
2.3799999999999997e-06,2.308,2.31186,2.30993
2.39e-06,2.30005,2.30697,2.30351
2.4e-06,2.31743,2.31665,2.31704
2.4100000000000002e-06,2.31445,2.30424,2.309345
2.4199999999999997e-06,2.30991,2.30265,2.30628
2.4300000000000005e-06,2.30901,2.3049,2.306955
2.44e-06,2.30699,2.29773,2.30236
2.4500000000000003e-06,2.31101,2.29796,2.304485
2.4599999999999997e-06,2.30705,2.29609,2.30157
2.4700000000000005e-06,2.30937,2.29568,2.302525
2.48e-06,2.31022,2.31443,2.312325
2.49e-06,2.3106,2.29784,2.30422
2.5e-06,2.31411,2.30281,2.30846
2.5099999999999997e-06,2.31329,2.30089,2.30709
2.52e-06,2.30681,2.30548,2.306145
2.5299999999999995e-06,2.31331,2.29753,2.30542
2.5400000000000002e-06,2.30189,2.3016,2.301745
2.5499999999999997e-06,2.31297,2.30267,2.30782
2.56e-06,2.31592,2.29794,2.30693
2.57e-06,2.31666,2.30036,2.30851
2.5800000000000003e-06,2.31485,2.30618,2.310515
2.5899999999999998e-06,2.30902,2.30982,2.30942
2.5999999999999997e-06,2.3057,2.30533,2.305515
2.61e-06,2.30848,2.30156,2.30502
2.62e-06,2.30825,2.29996,2.304105
2.63e-06,2.30653,2.30906,2.307795
2.64e-06,2.30815,2.30312,2.305635
2.65e-06,2.31651,2.31743,2.31697
2.66e-06,2.30619,2.31283,2.30951
2.6700000000000003e-06,2.30593,2.31181,2.30887
2.68e-06,2.31461,2.30704,2.310825
2.69e-06,2.30947,2.30882,2.309145
2.7e-06,2.31423,2.30114,2.307685
2.7100000000000003e-06,2.32042,2.30745,2.313935
2.7200000000000002e-06,2.31323,2.3091,2.311165
2.7299999999999997e-06,2.30601,2.30982,2.307915
2.7400000000000004e-06,2.30688,2.29562,2.30125
2.75e-06,2.30468,2.30319,2.303935
2.76e-06,2.30238,2.31554,2.30896
2.7699999999999997e-06,2.30522,2.31024,2.30773
2.78e-06,2.30496,2.30977,2.307365
2.79e-06,2.29635,2.30389,2.30012
2.8e-06,2.30482,2.30497,2.304895
2.81e-06,2.30875,2.30118,2.304965
2.82e-06,2.31097,2.2909,2.300935
2.83e-06,2.308,2.30311,2.305555
2.8399999999999995e-06,2.30147,2.30465,2.30306
2.8500000000000002e-06,2.30371,2.31024,2.306975
2.8599999999999997e-06,2.30319,2.31111,2.30715
2.87e-06,2.30149,2.30505,2.30327
2.88e-06,2.29567,2.3081,2.301885
2.8900000000000003e-06,2.29905,2.30519,2.30212
2.8999999999999998e-06,2.29717,2.30588,2.301525
2.91e-06,2.30717,2.3083,2.307735
2.92e-06,2.31092,2.29188,2.3014
2.9300000000000003e-06,2.30608,2.30145,2.303765
2.94e-06,2.31592,2.3037,2.30981
2.9500000000000006e-06,2.31127,2.31188,2.311575
2.96e-06,2.31027,2.30834,2.309305
2.97e-06,2.31296,2.30699,2.309975
2.98e-06,2.30625,2.30737,2.30681
2.99e-06,2.3001,2.30514,2.30262
3e-06,2.3003,2.30813,2.304215
3.0099999999999996e-06,2.29678,2.31345,2.305115
3.0200000000000003e-06,2.30521,2.31218,2.308695
3.03e-06,2.30663,2.3135,2.310065
3.04e-06,2.30566,2.30582,2.30574
3.0499999999999996e-06,2.30567,2.30935,2.30751
3.0600000000000003e-06,2.30516,2.30608,2.30562
3.07e-06,2.31387,2.30376,2.308815
3.08e-06,2.30594,2.29986,2.3029
3.09e-06,2.31046,2.31101,2.310735
3.1e-06,2.31004,2.29788,2.30396
3.11e-06,2.31126,2.30512,2.30819
3.1199999999999998e-06,2.31975,2.29828,2.309015
3.13e-06,2.31564,2.29812,2.30688
3.14e-06,2.31078,2.2891,2.29994
3.15e-06,2.30529,2.29784,2.301565
3.1600000000000002e-06,2.30883,2.30088,2.304855
3.17e-06,2.31763,2.30147,2.30955
3.18e-06,2.31477,2.29827,2.30652
3.19e-06,2.31029,2.28639,2.29834
3.2000000000000003e-06,2.31222,2.29105,2.301635
3.21e-06,2.30846,2.30259,2.305525
3.22e-06,2.31024,2.29705,2.303645
3.23e-06,2.3142,2.30166,2.30793
3.2400000000000003e-06,2.31762,2.28882,2.30322
3.25e-06,2.31619,2.29805,2.30712
3.2599999999999997e-06,2.31379,2.30421,2.309
3.27e-06,2.3011,2.29243,2.296765
3.28e-06,2.30452,2.29845,2.301485
3.29e-06,2.31529,2.29121,2.30325
3.3e-06,2.30899,2.30041,2.3047
3.31e-06,2.30759,2.29744,2.302515
3.32e-06,2.30709,2.29678,2.301935
3.33e-06,2.31179,2.29783,2.30481
3.3399999999999998e-06,2.31572,2.29326,2.30449
3.35e-06,2.31596,2.30071,2.308335
3.3599999999999996e-06,2.30655,2.29603,2.30129
3.3700000000000003e-06,2.31058,2.30607,2.308325
3.38e-06,2.3081,2.29348,2.30079
3.39e-06,2.30845,2.30131,2.30488
3.3999999999999996e-06,2.30202,2.29851,2.300265
3.4100000000000004e-06,2.30412,2.30854,2.30633
3.42e-06,2.31394,2.30353,2.308735
3.43e-06,2.31187,2.31212,2.311995
3.44e-06,2.319,2.3011,2.31005
3.4500000000000004e-06,2.31423,2.30724,2.310735
3.46e-06,2.31225,2.30008,2.306165
3.47e-06,2.30804,2.30799,2.308015
3.48e-06,2.31033,2.30472,2.307525
3.49e-06,2.30828,2.30359,2.305935
3.5e-06,2.31501,2.2981,2.306555
3.51e-06,2.29985,2.29548,2.297665
3.52e-06,2.30794,2.29207,2.300005
3.5299999999999997e-06,2.31173,2.29645,2.30409
3.54e-06,2.31168,2.30616,2.30892
3.55e-06,2.31557,2.29818,2.306875
3.5600000000000002e-06,2.30874,2.30173,2.305235
3.5699999999999997e-06,2.30686,2.31328,2.31007
3.5800000000000005e-06,2.31425,2.30687,2.31056
3.59e-06,2.31833,2.30169,2.31001
3.6e-06,2.31496,2.30163,2.308295
3.6099999999999997e-06,2.31659,2.29854,2.307565
3.62e-06,2.31815,2.30103,2.30959
3.63e-06,2.31447,2.30103,2.30775
3.64e-06,2.31252,2.30247,2.307495
3.65e-06,2.30789,2.29994,2.303915
3.66e-06,2.30623,2.30012,2.303175
3.67e-06,2.31845,2.3069,2.312675
3.68e-06,2.31459,2.30302,2.308805
3.6900000000000002e-06,2.31774,2.29468,2.30621
3.7e-06,2.31674,2.30027,2.308505
3.7099999999999996e-06,2.31933,2.30911,2.31422
3.7200000000000004e-06,2.31893,2.29792,2.308425
3.73e-06,2.31234,2.30672,2.30953
3.74e-06,2.318,2.30487,2.311435
3.7499999999999997e-06,2.30491,2.3003,2.302605
3.76e-06,2.31583,2.30822,2.312025
3.77e-06,2.31139,2.2965,2.303945
3.78e-06,2.31832,2.30149,2.309905
3.79e-06,2.31425,2.29902,2.306635
3.8e-06,2.31281,2.30247,2.30764
3.81e-06,2.3106,2.30252,2.30656
3.82e-06,2.31115,2.29592,2.303535
3.83e-06,2.31621,2.31325,2.31473
3.84e-06,2.31362,2.30002,2.30682
3.85e-06,2.31057,2.30624,2.308405
3.8599999999999995e-06,2.31864,2.30057,2.309605
3.87e-06,2.30821,2.30559,2.3069
3.88e-06,2.31181,2.31346,2.312635
3.89e-06,2.3049,2.30869,2.306795
3.9e-06,2.30845,2.30942,2.308935
3.910000000000001e-06,2.30639,2.31593,2.31116
3.92e-06,2.31315,2.31532,2.314235
3.9300000000000005e-06,2.30646,2.30428,2.30537
3.9399999999999995e-06,2.30415,2.31286,2.308505
3.95e-06,2.31077,2.3003,2.305535
3.96e-06,2.31941,2.30476,2.312085
3.97e-06,2.30552,2.29994,2.30273
3.98e-06,2.30789,2.30196,2.304925
3.990000000000001e-06,2.30852,2.29732,2.30292
4e-06,2.31873,2.30009,2.30941
4.01e-06,2.3162,2.30598,2.31109
4.02e-06,2.31623,2.30388,2.310055
4.03e-06,2.31822,2.30413,2.311175
4.04e-06,2.31226,2.30861,2.310435
4.05e-06,2.31814,2.30792,2.31303
4.059999999999999e-06,2.31186,2.31072,2.31129
4.070000000000001e-06,2.31138,2.31032,2.31085
4.08e-06,2.3141,2.30717,2.310635
4.09e-06,2.31118,2.30877,2.309975
4.1e-06,2.31788,2.30737,2.312625
4.11e-06,2.31487,2.31467,2.31477
4.12e-06,2.3173,2.30836,2.31283
4.13e-06,2.31055,2.30699,2.30877
4.139999999999999e-06,2.30642,2.31287,2.309645
4.15e-06,2.31675,2.30725,2.312
4.160000000000001e-06,2.31848,2.31929,2.318885
4.17e-06,2.31537,2.3177,2.316535
4.18e-06,2.31271,2.32479,2.31875
4.1900000000000005e-06,2.31427,2.3101,2.312185
4.2000000000000004e-06,2.31312,2.30377,2.308445
4.21e-06,2.31974,2.31559,2.317665
4.219999999999999e-06,2.31731,2.31322,2.315265
4.23e-06,2.31914,2.31392,2.31653
4.24e-06,2.3222,2.31436,2.31828
4.25e-06,2.32271,2.31865,2.32068
4.26e-06,2.31619,2.3113,2.313745
4.27e-06,2.30635,2.31079,2.30857
4.28e-06,2.3232,2.31188,2.31754
4.2900000000000004e-06,2.31148,2.30627,2.308875
4.3e-06,2.31731,2.30261,2.30996
4.309999999999999e-06,2.32184,2.30276,2.3123
4.32e-06,2.31572,2.3016,2.30866
4.33e-06,2.31374,2.31111,2.312425
4.34e-06,2.3133,2.31046,2.31188
4.35e-06,2.30972,2.31601,2.312865
4.36e-06,2.31564,2.31095,2.313295
4.37e-06,2.30856,2.30891,2.308735
4.38e-06,2.31184,2.30576,2.3088
4.3899999999999995e-06,2.30592,2.31311,2.309515
4.4e-06,2.30662,2.31987,2.313245
4.41e-06,2.30786,2.30819,2.308025
4.42e-06,2.31448,2.3164,2.31544
4.43e-06,2.30809,2.30709,2.30759
4.440000000000001e-06,2.30628,2.3129,2.30959
4.45e-06,2.31042,2.3133,2.31186
4.46e-06,2.31084,2.30503,2.307935
4.47e-06,2.31208,2.31218,2.31213
4.48e-06,2.31199,2.30374,2.307865
4.49e-06,2.30355,2.31235,2.30795
4.499999999999999e-06,2.30803,2.30336,2.305695
4.51e-06,2.30633,2.29902,2.302675
4.52e-06,2.30868,2.31197,2.310325
4.53e-06,2.30372,2.30285,2.303285
4.54e-06,2.30726,2.31239,2.309825
4.5500000000000005e-06,2.30795,2.31502,2.311485
4.5599999999999995e-06,2.31434,2.3068,2.31057
4.57e-06,2.3081,2.30692,2.30751
4.58e-06,2.31132,2.31273,2.312025
4.589999999999999e-06,2.3093,2.31422,2.31176
4.6e-06,2.302,2.30707,2.304535
4.610000000000001e-06,2.30251,2.3162,2.309355
4.62e-06,2.2992,2.30637,2.302785
4.63e-06,2.31288,2.31827,2.315575
4.64e-06,2.31128,2.31807,2.314675
4.65e-06,2.3108,2.3144,2.3126
4.66e-06,2.31374,2.32546,2.3196
4.669999999999999e-06,2.30757,2.32398,2.315775
4.68e-06,2.30856,2.3165,2.31253
4.690000000000001e-06,2.31082,2.32451,2.317665
4.7e-06,2.30994,2.32096,2.31545
4.71e-06,2.30881,2.30969,2.30925
4.72e-06,2.29905,2.30412,2.301585
4.7300000000000005e-06,2.30951,2.32657,2.31804
4.74e-06,2.30064,2.31109,2.305865
4.75e-06,2.30746,2.31926,2.31336
4.759999999999999e-06,2.30774,2.31109,2.309415
4.77e-06,2.30078,2.31526,2.30802
4.78e-06,2.30847,2.31816,2.313315
4.79e-06,2.31173,2.31706,2.314395
4.8e-06,2.30776,2.32505,2.316405
4.81e-06,2.30456,2.30846,2.30651
4.8200000000000004e-06,2.31021,2.2989,2.304555
4.83e-06,2.30497,2.3137,2.309335
4.839999999999999e-06,2.30748,2.30781,2.307645
4.849999999999999e-06,2.30861,2.30577,2.30719
4.860000000000001e-06,2.31639,2.31965,2.31802
4.87e-06,2.3185,2.30512,2.31181
4.88e-06,2.31787,2.31875,2.31831
4.89e-06,2.30937,2.32211,2.31574
4.9000000000000005e-06,2.31078,2.31752,2.31415
4.9100000000000004e-06,2.30984,2.31044,2.31014
4.9199999999999995e-06,2.31174,2.31545,2.313595
4.929999999999999e-06,2.3175,2.31567,2.316585
4.940000000000001e-06,2.31348,2.31915,2.316315
4.95e-06,2.31527,2.3167,2.315985
4.96e-06,2.31066,2.30655,2.308605
4.97e-06,2.30953,2.32538,2.317455
4.98e-06,2.31015,2.32438,2.317265
4.9900000000000005e-06,2.31431,2.31299,2.31365
5e-06,2.31293,2.32567,2.3193
5.0099999999999995e-06,2.31677,2.32505,2.32091
5.019999999999999e-06,2.3173,2.31646,2.31688
5.030000000000001e-06,2.31187,2.32032,2.316095
5.04e-06,2.31328,2.31786,2.31557
5.05e-06,2.31404,2.31497,2.314505
5.059999999999999e-06,2.31384,2.32159,2.317715
5.07e-06,2.31993,2.31933,2.31963
5.0800000000000005e-06,2.30581,2.32135,2.31358
5.0899999999999995e-06,2.31972,2.31536,2.31754
5.0999999999999995e-06,2.3157,2.3091,2.3124
5.11e-06,2.31294,2.31148,2.31221
5.12e-06,2.32325,2.31123,2.31724
5.13e-06,2.32466,2.30745,2.316055
5.14e-06,2.32,2.30193,2.310965
5.15e-06,2.32309,2.3014,2.312245
5.1600000000000006e-06,2.31809,2.30976,2.313925
5.1700000000000005e-06,2.31746,2.30746,2.31246
5.1799999999999995e-06,2.31855,2.30658,2.312565
5.19e-06,2.31106,2.31042,2.31074
5.199999999999999e-06,2.31142,2.29861,2.305015
5.21e-06,2.31007,2.31379,2.31193
5.22e-06,2.30483,2.29891,2.30187
5.23e-06,2.30444,2.30016,2.3023
5.24e-06,2.3088,2.30773,2.308265
5.2500000000000006e-06,2.31132,2.30044,2.30588
5.26e-06,2.30739,2.30185,2.30462
5.2699999999999995e-06,2.31174,2.3021,2.30692
5.28e-06,2.30991,2.29595,2.30293
5.29e-06,2.31405,2.30394,2.308995
5.3e-06,2.31042,2.30294,2.30668
5.31e-06,2.3136,2.30493,2.309265
5.32e-06,2.3049,2.30199,2.303445
5.33e-06,2.31006,2.31205,2.311055
5.3400000000000005e-06,2.31209,2.30837,2.31023
5.35e-06,2.31145,2.30269,2.30707
5.36e-06,2.3089,2.30616,2.30753
5.369999999999999e-06,2.31286,2.30409,2.308475
5.38e-06,2.30956,2.29736,2.30346
5.39e-06,2.30898,2.30487,2.306925
5.4e-06,2.31046,2.3027,2.30658
5.41e-06,2.31262,2.30441,2.308515
5.420000000000001e-06,2.31738,2.31059,2.313985
5.43e-06,2.31681,2.30183,2.30932
5.4400000000000004e-06,2.31387,2.30553,2.3097
5.45e-06,2.31457,2.31487,2.31472
5.459999999999999e-06,2.32326,2.30557,2.314415
5.47e-06,2.31548,2.30749,2.311485
5.480000000000001e-06,2.3172,2.30516,2.31118
5.49e-06,2.32921,2.29936,2.314285
5.5e-06,2.32133,2.29885,2.31009
5.51e-06,2.31117,2.30608,2.308625
5.52e-06,2.32046,2.30473,2.312595
5.53e-06,2.31896,2.30528,2.31212
5.5399999999999995e-06,2.31772,2.30051,2.309115
5.55e-06,2.32083,2.3045,2.312665
5.56e-06,2.32011,2.29828,2.309195
5.57e-06,2.31396,2.31422,2.31409
5.58e-06,2.31773,2.31079,2.31426
5.59e-06,2.31363,2.31565,2.31464
5.6e-06,2.31033,2.31615,2.31324
5.6100000000000005e-06,2.31275,2.30641,2.30958
5.62e-06,2.31531,2.30544,2.310375
5.6299999999999995e-06,2.31053,2.3192,2.314865
5.64e-06,2.31756,2.30238,2.30997
5.65e-06,2.31618,2.30366,2.30992
5.66e-06,2.31926,2.31087,2.315065
5.67e-06,2.31345,2.31325,2.31335
5.679999999999999e-06,2.31857,2.31721,2.31789
5.690000000000001e-06,2.31113,2.31383,2.31248
5.7000000000000005e-06,2.31956,2.31305,2.316305
5.7099999999999995e-06,2.31809,2.31625,2.31717
5.7199999999999994e-06,2.31396,2.32559,2.319775
5.730000000000001e-06,2.31579,2.32455,2.32017
5.74e-06,2.31415,2.31942,2.316785
5.75e-06,2.30891,2.31081,2.30986
5.76e-06,2.31388,2.31071,2.312295
5.77e-06,2.31439,2.30846,2.311425
5.7800000000000006e-06,2.31843,2.31782,2.318125
5.79e-06,2.31076,2.32319,2.316975
5.7999999999999995e-06,2.31369,2.30932,2.311505
5.8099999999999994e-06,2.31855,2.31591,2.31723
5.82e-06,2.31224,2.31554,2.31389
5.83e-06,2.31278,2.3127,2.31274
5.84e-06,2.31291,2.30915,2.31103
5.849999999999999e-06,2.30989,2.31111,2.3105
5.860000000000001e-06,2.31722,2.31836,2.31779
5.8700000000000005e-06,2.3268,2.31083,2.318815
5.88e-06,2.3168,2.30869,2.312745
5.8899999999999995e-06,2.3271,2.30641,2.316755
5.900000000000001e-06,2.32017,2.30587,2.31302
5.91e-06,2.31849,2.30176,2.310125
5.92e-06,2.31762,2.30755,2.312585
5.929999999999999e-06,2.30954,2.30703,2.308285
5.94e-06,2.32225,2.30336,2.312805
5.950000000000001e-06,2.32075,2.30609,2.31342
5.96e-06,2.32615,2.29159,2.30887
5.97e-06,2.31502,2.2953,2.30516
5.98e-06,2.3183,2.30328,2.31079
5.99e-06,2.3133,2.30109,2.307195
6e-06,2.31296,2.304,2.30848
6.01e-06,2.31518,2.30183,2.308505
6.019999999999999e-06,2.31625,2.29742,2.306835
6.030000000000001e-06,2.31463,2.29793,2.30628
6.040000000000001e-06,2.31933,2.30358,2.311455
6.05e-06,2.31512,2.30794,2.31153
6.06e-06,2.31309,2.30089,2.30699
6.0699999999999995e-06,2.3145,2.30663,2.310565
6.08e-06,2.31778,2.30896,2.31337
6.09e-06,2.31194,2.30182,2.30688
6.099999999999999e-06,2.31594,2.30359,2.309765
6.11e-06,2.31296,2.30974,2.31135
6.120000000000001e-06,2.3121,2.30575,2.308925
6.13e-06,2.31542,2.30756,2.31149
6.14e-06,2.31555,2.30704,2.311295
6.15e-06,2.31224,2.30699,2.309615
6.16e-06,2.32195,2.30347,2.31271
6.17e-06,2.32332,2.29714,2.31023
6.18e-06,2.32058,2.29732,2.30895
6.19e-06,2.32172,2.29653,2.309125
6.2e-06,2.32229,2.29503,2.30866
6.21e-06,2.32148,2.2967,2.30909
6.22e-06,2.33127,2.29634,2.313805
6.2300000000000005e-06,2.33078,2.29452,2.31265
6.2399999999999995e-06,2.32872,2.29087,2.309795
6.25e-06,2.32957,2.28845,2.30901
6.26e-06,2.33191,2.29777,2.31484
6.269999999999999e-06,2.33272,2.29246,2.31259
6.28e-06,2.32567,2.29767,2.31167
6.290000000000001e-06,2.33827,2.29277,2.31552
6.3e-06,2.33764,2.29409,2.315865
6.31e-06,2.33243,2.29507,2.31375
6.3200000000000005e-06,2.33077,2.29417,2.31247
6.3299999999999995e-06,2.3252,2.29232,2.30876
6.34e-06,2.32397,2.30239,2.31318
6.349999999999999e-06,2.32462,2.29441,2.309515
6.36e-06,2.32917,2.29196,2.310565
6.37e-06,2.32837,2.28888,2.308625
6.38e-06,2.33131,2.29543,2.31337
6.39e-06,2.32499,2.29561,2.3103
6.4000000000000006e-06,2.32718,2.29128,2.30923
6.41e-06,2.32842,2.29599,2.312205
6.42e-06,2.33407,2.28237,2.30822
6.43e-06,2.33005,2.28666,2.308355
6.44e-06,2.32695,2.29131,2.30913
6.45e-06,2.324,2.30129,2.312645
6.46e-06,2.31953,2.29881,2.30917
6.47e-06,2.32807,2.29293,2.3105
6.480000000000001e-06,2.32892,2.29536,2.31214
6.49e-06,2.32225,2.28839,2.30532
6.5e-06,2.3233,2.30131,2.312305
6.51e-06,2.32829,2.29428,2.311285
6.519999999999999e-06,2.33219,2.28803,2.31011
6.53e-06,2.32813,2.29085,2.30949
6.54e-06,2.31689,2.29128,2.304085
6.549999999999999e-06,2.32127,2.2947,2.307985
6.56e-06,2.31891,2.29121,2.30506
6.570000000000001e-06,2.32673,2.29253,2.30963
6.58e-06,2.32278,2.29751,2.310145
6.59e-06,2.32987,2.2946,2.312235
6.6e-06,2.33495,2.29267,2.31381
6.61e-06,2.32306,2.29905,2.311055
6.62e-06,2.32842,2.30121,2.314815
6.629999999999999e-06,2.31716,2.30097,2.309065
6.64e-06,2.32031,2.30122,2.310765
6.650000000000001e-06,2.32436,2.29658,2.31047
6.66e-06,2.32161,2.29764,2.309625
6.67e-06,2.31488,2.29183,2.303355
6.6799999999999996e-06,2.31789,2.2962,2.307045
6.69e-06,2.31417,2.29928,2.306725
6.7e-06,2.31799,2.2842,2.301095
6.71e-06,2.31922,2.28911,2.304165
6.719999999999999e-06,2.32717,2.29272,2.309945
6.730000000000001e-06,2.32205,2.30616,2.314105
6.740000000000001e-06,2.32328,2.29419,2.308735
6.75e-06,2.3198,2.29462,2.30721
6.76e-06,2.31552,2.28895,2.302235
6.7699999999999996e-06,2.32074,2.29863,2.309685
6.78e-06,2.32414,2.30209,2.313115
6.79e-06,2.31944,2.29799,2.308715
6.799999999999999e-06,2.323,2.29972,2.31136
6.809999999999999e-06,2.32139,2.29877,2.31008
6.820000000000001e-06,2.31609,2.29395,2.30502
6.83e-06,2.31759,2.29579,2.30669
6.84e-06,2.32194,2.29828,2.31011
6.85e-06,2.32261,2.29547,2.30904
6.86e-06,2.32046,2.29805,2.309255
6.87e-06,2.31367,2.29457,2.30412
6.88e-06,2.31741,2.29215,2.30478
6.889999999999999e-06,2.32388,2.29297,2.308425
6.900000000000001e-06,2.32007,2.28875,2.30441
6.910000000000001e-06,2.31534,2.30072,2.30803
6.92e-06,2.31684,2.29188,2.30436
6.93e-06,2.31734,2.29954,2.30844
6.94e-06,2.31912,2.298,2.30856
6.95e-06,2.31035,2.30128,2.305815
6.96e-06,2.31554,2.29523,2.305385
6.969999999999999e-06,2.3126,2.29914,2.30587
6.98e-06,2.31966,2.30498,2.31232
6.990000000000001e-06,2.31345,2.29919,2.30632
7e-06,2.32038,2.29979,2.310085
7.01e-06,2.31736,2.30017,2.308765
7.02e-06,2.31254,2.28924,2.30089
7.0300000000000005e-06,2.3233,2.29313,2.308215
7.04e-06,2.32197,2.29388,2.307925
7.05e-06,2.31154,2.29818,2.30486
7.059999999999999e-06,2.31847,2.29529,2.30688
7.07e-06,2.30707,2.29393,2.3005
7.08e-06,2.3178,2.29356,2.30568
7.09e-06,2.31766,2.28838,2.30302
7.1e-06,2.31976,2.29765,2.308705
7.11e-06,2.31808,2.29214,2.30511
7.1200000000000004e-06,2.31503,2.30388,2.309455
7.13e-06,2.31565,2.30452,2.310085
7.139999999999999e-06,2.31344,2.29202,2.30273
7.15e-06,2.3221,2.29145,2.306775
7.160000000000001e-06,2.31567,2.29814,2.306905
7.17e-06,2.31343,2.29314,2.303285
7.18e-06,2.32348,2.28971,2.306595
7.190000000000001e-06,2.32053,2.28835,2.30444
7.2e-06,2.32042,2.29503,2.307725
7.2100000000000004e-06,2.32485,2.29635,2.3106
7.2199999999999995e-06,2.313,2.30362,2.30831
7.23e-06,2.31588,2.29209,2.303985
7.24e-06,2.31691,2.30712,2.312015
7.25e-06,2.30754,2.2885,2.29802
7.26e-06,2.31625,2.29152,2.303885
7.27e-06,2.31627,2.29611,2.30619
7.28e-06,2.31669,2.3012,2.308945
7.29e-06,2.31528,2.30072,2.308
7.3e-06,2.3178,2.29604,2.30692
7.3099999999999995e-06,2.31204,2.28877,2.300405
7.32e-06,2.3118,2.29605,2.303925
7.33e-06,2.32085,2.28018,2.300515
7.34e-06,2.31528,2.29221,2.303745
7.35e-06,2.31386,2.28877,2.301315
7.36e-06,2.31794,2.29473,2.306335
7.37e-06,2.32091,2.29178,2.306345
7.3800000000000005e-06,2.31256,2.28955,2.301055
7.3899999999999995e-06,2.31645,2.28633,2.30139
7.4e-06,2.31679,2.2944,2.305595
7.41e-06,2.31756,2.28771,2.302635
7.419999999999999e-06,2.31111,2.28584,2.298475
7.43e-06,2.30801,2.29386,2.300935
7.440000000000001e-06,2.31278,2.28718,2.29998
7.45e-06,2.30996,2.29101,2.300485
7.46e-06,2.31774,2.28805,2.302895
7.4700000000000005e-06,2.31321,2.28749,2.30035
7.48e-06,2.31181,2.29921,2.30551
7.49e-06,2.30912,2.28753,2.298325
7.499999999999999e-06,2.315,2.29241,2.303705
7.51e-06,2.31254,2.2874,2.29997
7.52e-06,2.31141,2.28927,2.30034
7.53e-06,2.31096,2.28331,2.297135
7.54e-06,2.31884,2.29288,2.30586
7.55e-06,2.31246,2.30497,2.308715
7.56e-06,2.31483,2.29355,2.30419
7.57e-06,2.30686,2.29497,2.300915
7.58e-06,2.31041,2.28535,2.29788
7.589999999999999e-06,2.31267,2.29499,2.30383
7.6e-06,2.32209,2.29464,2.308365
7.610000000000001e-06,2.31592,2.28945,2.302685
7.62e-06,2.31327,2.2862,2.299735
7.63e-06,2.31857,2.28343,2.301
7.64e-06,2.31112,2.28605,2.298585
7.650000000000001e-06,2.33263,2.28089,2.30676
7.66e-06,2.32541,2.28232,2.303865
7.67e-06,2.31368,2.29811,2.305895
7.68e-06,2.31394,2.29073,2.302335
7.690000000000001e-06,2.30876,2.29432,2.30154
7.7e-06,2.30987,2.2883,2.299085
7.709999999999999e-06,2.31155,2.29526,2.303405
7.719999999999999e-06,2.30888,2.28779,2.298335
7.73e-06,2.30603,2.2923,2.299165
7.74e-06,2.30845,2.28418,2.296315
7.75e-06,2.31473,2.29204,2.303385
7.76e-06,2.30507,2.30042,2.302745
7.77e-06,2.30392,2.29529,2.299605
7.78e-06,2.31059,2.29484,2.302715
7.79e-06,2.31815,2.29545,2.3068
7.8e-06,2.30428,2.30056,2.30242
7.81e-06,2.30686,2.30166,2.30426
7.820000000000001e-06,2.29565,2.29856,2.297105
7.83e-06,2.30043,2.30104,2.300735
7.84e-06,2.3052,2.29861,2.301905
7.85e-06,2.29911,2.29289,2.296
7.860000000000001e-06,2.30702,2.30139,2.304205
7.870000000000001e-06,2.30498,2.29252,2.29875
7.879999999999999e-06,2.30256,2.30238,2.30247
7.889999999999999e-06,2.3045,2.29219,2.298345
7.9e-06,2.29903,2.29703,2.29803
7.91e-06,2.29784,2.28987,2.293855
7.92e-06,2.30086,2.29339,2.297125
7.93e-06,2.31055,2.29976,2.305155
7.94e-06,2.30456,2.29282,2.29869
7.95e-06,2.29663,2.28569,2.29116
7.96e-06,2.30198,2.29043,2.296205
7.97e-06,2.29529,2.29213,2.29371
7.980000000000002e-06,2.29701,2.28862,2.292815
7.99e-06,2.30755,2.28986,2.298705
8e-06,2.30134,2.28765,2.294495
8.01e-06,2.30343,2.28442,2.293925
8.02e-06,2.30331,2.29534,2.299325
8.03e-06,2.29999,2.28833,2.29416
8.04e-06,2.29984,2.28288,2.29136
8.05e-06,2.30102,2.28973,2.295375
8.06e-06,2.30395,2.29087,2.29741
8.07e-06,2.30428,2.29825,2.301265
8.08e-06,2.30585,2.29063,2.29824
8.09e-06,2.30403,2.29334,2.298685
8.1e-06,2.30532,2.29731,2.301315
8.109999999999999e-06,2.30601,2.2946,2.300305
8.119999999999998e-06,2.3067,2.29687,2.301785
8.13e-06,2.30199,2.29452,2.298255
8.140000000000002e-06,2.30322,2.29603,2.299625
8.150000000000002e-06,2.30492,2.2888,2.29686
8.16e-06,2.30575,2.29466,2.300205
8.17e-06,2.31621,2.29596,2.306085
8.18e-06,2.3129,2.30229,2.307595
8.19e-06,2.30884,2.29303,2.300935
8.2e-06,2.30471,2.29673,2.30072
8.210000000000001e-06,2.31342,2.29294,2.30318
8.22e-06,2.312,2.30094,2.30647
8.23e-06,2.31329,2.29343,2.30336
8.24e-06,2.30516,2.29748,2.30132
8.25e-06,2.30256,2.2968,2.29968
8.26e-06,2.30871,2.29922,2.303965
8.269999999999999e-06,2.30777,2.28675,2.29726
8.279999999999999e-06,2.30387,2.29567,2.29977
8.289999999999999e-06,2.31102,2.29626,2.30364
8.3e-06,2.31686,2.29841,2.307635
8.31e-06,2.30706,2.3004,2.30373
8.320000000000002e-06,2.31171,2.29072,2.301215
8.33e-06,2.31164,2.29271,2.302175
8.34e-06,2.31794,2.30246,2.3102
8.35e-06,2.30346,2.29693,2.300195
8.36e-06,2.30567,2.28743,2.29655
8.37e-06,2.30231,2.29785,2.30008
8.380000000000001e-06,2.30003,2.29747,2.29875
8.39e-06,2.30499,2.30118,2.303085
8.400000000000001e-06,2.30568,2.29449,2.300085
8.41e-06,2.30221,2.30339,2.3028
8.42e-06,2.3024,2.30083,2.301615
8.43e-06,2.30324,2.2997,2.30147
8.439999999999999e-06,2.31486,2.30254,2.3087
8.449999999999999e-06,2.3141,2.29646,2.30528
8.46e-06,2.31164,2.29934,2.30549
8.47e-06,2.31231,2.295,2.303655
8.48e-06,2.31065,2.30899,2.30982
8.490000000000002e-06,2.30545,2.31086,2.308155
8.5e-06,2.30245,2.30339,2.30292
8.51e-06,2.30905,2.29693,2.30299
8.52e-06,2.30664,2.30003,2.303335
8.53e-06,2.30372,2.29812,2.30092
8.54e-06,2.30841,2.30559,2.307
8.550000000000001e-06,2.3119,2.30164,2.30677
8.56e-06,2.3083,2.29156,2.29993
8.57e-06,2.30956,2.29336,2.30146
8.580000000000001e-06,2.30892,2.29693,2.302925
8.59e-06,2.30617,2.2981,2.302135
8.6e-06,2.30743,2.29951,2.30347
8.609999999999999e-06,2.30222,2.29861,2.300415
8.619999999999999e-06,2.30679,2.30047,2.30363
8.63e-06,2.30531,2.30165,2.30348
8.64e-06,2.30958,2.28362,2.2966
8.65e-06,2.31279,2.29519,2.30399
8.66e-06,2.31415,2.30243,2.30829
8.67e-06,2.3128,2.30606,2.30943
8.68e-06,2.3173,2.30697,2.312135
8.69e-06,2.31437,2.30307,2.30872
8.7e-06,2.30475,2.30156,2.303155
8.710000000000001e-06,2.30546,2.29824,2.30185
8.72e-06,2.29584,2.29939,2.297615
8.73e-06,2.30337,2.30068,2.302025
8.74e-06,2.30079,2.30277,2.30178
8.750000000000001e-06,2.30275,2.29643,2.29959
8.76e-06,2.30782,2.29885,2.303335
8.77e-06,2.30116,2.29509,2.298125
8.779999999999999e-06,2.31053,2.29534,2.302935
8.789999999999999e-06,2.30441,2.30311,2.30376
8.8e-06,2.3156,2.30284,2.30922
8.81e-06,2.31651,2.30081,2.30866
8.82e-06,2.32071,2.31256,2.316635
8.829999999999998e-06,2.31092,2.31551,2.313215
8.84e-06,2.31161,2.30103,2.30632
8.85e-06,2.30961,2.30495,2.30728
8.86e-06,2.31096,2.30862,2.30979
8.87e-06,2.30557,2.30673,2.30615
8.880000000000001e-06,2.30873,2.30888,2.308805
8.89e-06,2.3044,2.29639,2.300395
8.9e-06,2.31476,2.30254,2.30865
8.91e-06,2.30786,2.30585,2.306855
8.92e-06,2.30621,2.3004,2.303305
8.930000000000001e-06,2.30146,2.29983,2.300645
8.94e-06,2.30424,2.29613,2.300185
8.949999999999999e-06,2.30031,2.29283,2.29657
8.96e-06,2.30001,2.29352,2.296765
8.97e-06,2.31149,2.30252,2.307005
8.98e-06,2.32154,2.29624,2.30889
8.99e-06,2.3166,2.30522,2.31091
8.999999999999999e-06,2.30667,2.29658,2.301625
9.01e-06,2.30746,2.30462,2.30604
9.02e-06,2.31675,2.30724,2.311995
9.03e-06,2.31286,2.30527,2.309065
9.04e-06,2.2979,2.31085,2.304375
9.050000000000001e-06,2.30218,2.31669,2.309435
9.06e-06,2.311,2.30511,2.308055
9.07e-06,2.3067,2.3104,2.30855
9.08e-06,2.30283,2.30878,2.305805
9.09e-06,2.30293,2.30518,2.304055
9.100000000000001e-06,2.30071,2.29466,2.297685
9.110000000000001e-06,2.30923,2.30847,2.30885
9.119999999999999e-06,2.3029,2.31006,2.30648
9.13e-06,2.30687,2.30872,2.307795
9.14e-06,2.30828,2.31166,2.30997
9.15e-06,2.3046,2.30317,2.303885
9.16e-06,2.30539,2.30311,2.30425
9.169999999999999e-06,2.3065,2.30715,2.306825
9.179999999999999e-06,2.30422,2.31449,2.309355
9.19e-06,2.30128,2.30896,2.30512
9.2e-06,2.30742,2.31035,2.308885
9.210000000000002e-06,2.30413,2.30492,2.304525
9.220000000000002e-06,2.30008,2.30741,2.303745
9.23e-06,2.30277,2.30304,2.302905
9.24e-06,2.30059,2.30492,2.302755
9.25e-06,2.30386,2.30665,2.305255
9.26e-06,2.30689,2.30486,2.305875
9.27e-06,2.30694,2.3061,2.30652
9.28e-06,2.29838,2.30266,2.30052
9.289999999999999e-06,2.3055,2.30528,2.30539
9.3e-06,2.30787,2.3017,2.304785
9.31e-06,2.31036,2.30996,2.31016
9.32e-06,2.30897,2.30668,2.307825
9.33e-06,2.30713,2.31105,2.30909
9.339999999999999e-06,2.30464,2.31298,2.30881
9.349999999999999e-06,2.29827,2.31339,2.30583
9.36e-06,2.30711,2.30565,2.30638
9.37e-06,2.30396,2.30123,2.302595
9.380000000000002e-06,2.30717,2.31048,2.308825
9.390000000000002e-06,2.31132,2.30229,2.306805
9.4e-06,2.31915,2.30601,2.31258
9.41e-06,2.31224,2.30602,2.30913
9.42e-06,2.31083,2.31594,2.313385
9.43e-06,2.30534,2.30913,2.307235
9.44e-06,2.30623,2.31186,2.309045
9.45e-06,2.30624,2.31327,2.309755
9.460000000000001e-06,2.30601,2.31182,2.308915
9.47e-06,2.3065,2.31577,2.311135
9.48e-06,2.30659,2.30522,2.305905
9.49e-06,2.30112,2.30065,2.300885
9.5e-06,2.30976,2.30068,2.30522
9.509999999999999e-06,2.30828,2.29925,2.303765
9.519999999999999e-06,2.3065,2.3042,2.30535
9.529999999999999e-06,2.31052,2.29692,2.30372
9.54e-06,2.30349,2.30048,2.301985
9.550000000000002e-06,2.30506,2.2978,2.30143
9.56e-06,2.31419,2.30673,2.31046
9.57e-06,2.30515,2.29903,2.30209
9.58e-06,2.30848,2.30864,2.30856
9.59e-06,2.31792,2.30708,2.3125
9.6e-06,2.31125,2.298,2.304625
9.61e-06,2.30323,2.30846,2.305845
9.62e-06,2.3157,2.29897,2.307335
9.630000000000001e-06,2.31698,2.30118,2.30908
9.640000000000001e-06,2.31046,2.30448,2.30747
9.65e-06,2.31139,2.30106,2.306225
9.66e-06,2.30902,2.30485,2.306935
9.67e-06,2.31203,2.30791,2.30997
9.679999999999999e-06,2.32016,2.3068,2.31348
9.689999999999999e-06,2.31231,2.30751,2.30991
9.699999999999999e-06,2.30722,2.30124,2.30423
9.710000000000002e-06,2.30891,2.30312,2.306015
9.720000000000002e-06,2.3102,2.29988,2.30504
9.73e-06,2.30773,2.30623,2.30698
9.74e-06,2.30086,2.3065,2.30368
9.75e-06,2.30169,2.3029,2.302295
9.76e-06,2.31285,2.31007,2.31146
9.77e-06,2.30557,2.304,2.304785
9.78e-06,2.30059,2.31819,2.30939
9.789999999999998e-06,2.30793,2.30989,2.30891
9.800000000000001e-06,2.31497,2.31268,2.313825
9.810000000000001e-06,2.309,2.30574,2.30737
9.820000000000001e-06,2.31368,2.31125,2.312465
9.83e-06,2.30971,2.31485,2.31228
9.839999999999999e-06,2.30766,2.32056,2.31411
9.849999999999999e-06,2.30137,2.31558,2.308475
9.859999999999999e-06,2.29628,2.31265,2.304465
9.869999999999999e-06,2.30043,2.31006,2.305245
9.880000000000002e-06,2.30619,2.31088,2.308535
9.890000000000002e-06,2.31171,2.29737,2.30454
9.9e-06,2.31819,2.30807,2.31313
9.91e-06,2.32752,2.31204,2.31978
9.92e-06,2.31165,2.30388,2.307765
9.93e-06,2.30857,2.29784,2.303205
9.94e-06,2.31019,2.30329,2.30674
9.95e-06,2.31655,2.30763,2.31209
9.96e-06,2.30811,2.30147,2.30479
9.970000000000001e-06,2.30961,2.31472,2.312165
9.980000000000001e-06,2.3165,2.3131,2.3148
9.990000000000001e-06,2.30629,2.30633,2.30631
1e-05,2.30784,2.30534,2.30659
1.0009999999999999e-05,2.3013,2.30457,2.302935
1.0019999999999999e-05,2.30852,2.29709,2.302805
1.0029999999999999e-05,2.31006,2.30483,2.307445
1.0039999999999999e-05,2.31301,2.30939,2.3112
1.005e-05,2.31121,2.3054,2.308305
1.0060000000000002e-05,2.31118,2.30536,2.30827
1.007e-05,2.30417,2.302,2.303085
1.008e-05,2.30125,2.31051,2.30588
1.009e-05,2.2988,2.30663,2.302715
1.01e-05,2.30453,2.30277,2.30365
1.011e-05,2.30666,2.30706,2.30686
1.0119999999999998e-05,2.30973,2.29551,2.30262
1.013e-05,2.31819,2.29221,2.3052
1.014e-05,2.30853,2.29181,2.30017
1.0150000000000001e-05,2.30369,2.29925,2.30147
1.0160000000000001e-05,2.30586,2.29792,2.30189
1.0170000000000001e-05,2.30062,2.30501,2.302815
1.0179999999999999e-05,2.3059,2.30435,2.305125
1.0189999999999999e-05,2.31699,2.30545,2.31122
1.0199999999999999e-05,2.31217,2.3075,2.309835
1.021e-05,2.30906,2.3008,2.30493
1.022e-05,2.30972,2.3029,2.30631
1.0230000000000002e-05,2.30642,2.30447,2.305445
1.024e-05,2.30688,2.30109,2.303985
1.025e-05,2.30523,2.2981,2.301665
1.026e-05,2.30133,2.30582,2.303575
1.027e-05,2.29459,2.30581,2.3002
1.028e-05,2.30375,2.31019,2.30697
1.0289999999999998e-05,2.30646,2.29765,2.302055
1.03e-05,2.30876,2.29582,2.30229
1.031e-05,2.30759,2.30746,2.307525
1.0320000000000001e-05,2.30217,2.30907,2.30562
1.0330000000000001e-05,2.3053,2.30275,2.304025
1.0340000000000001e-05,2.30454,2.31125,2.307895
1.035e-05,2.3107,2.30974,2.31022
1.0359999999999999e-05,2.30392,2.29602,2.29997
1.0369999999999999e-05,2.30272,2.30545,2.304085
1.038e-05,2.29628,2.29951,2.297895
1.039e-05,2.30884,2.30663,2.307735
1.0399999999999999e-05,2.30146,2.3075,2.30448
1.041e-05,2.3023,2.30238,2.30234
1.042e-05,2.3085,2.3009,2.3047
1.043e-05,2.30745,2.30374,2.305595
1.044e-05,2.30405,2.30795,2.306
1.045e-05,2.30582,2.29738,2.3016
1.046e-05,2.30412,2.31033,2.307225
1.047e-05,2.29902,2.30702,2.30302
1.048e-05,2.30437,2.3048,2.304585
1.0490000000000001e-05,2.30195,2.29946,2.300705
1.0500000000000001e-05,2.2965,2.29153,2.294015
1.0510000000000001e-05,2.30673,2.30315,2.30494
1.052e-05,2.3177,2.30375,2.310725
1.0529999999999999e-05,2.30401,2.2963,2.300155
1.0539999999999999e-05,2.30395,2.30641,2.30518
1.055e-05,2.29836,2.29817,2.298265
1.056e-05,2.3017,2.2985,2.3001
1.0569999999999999e-05,2.29787,2.30311,2.30049
1.058e-05,2.30287,2.29904,2.300955
1.059e-05,2.30214,2.29989,2.301015
1.06e-05,2.29975,2.30113,2.30044
1.061e-05,2.30601,2.29665,2.30133
1.062e-05,2.30754,2.29957,2.303555
1.063e-05,2.31032,2.30248,2.3064
1.064e-05,2.29394,2.30412,2.29903
1.065e-05,2.30181,2.30509,2.30345
1.066e-05,2.30896,2.29663,2.302795
1.0670000000000001e-05,2.29654,2.30469,2.300615
1.0680000000000001e-05,2.29824,2.30445,2.301345
1.069e-05,2.29988,2.29082,2.29535
1.07e-05,2.29641,2.31077,2.30359
1.071e-05,2.29727,2.30859,2.30293
1.072e-05,2.30176,2.30028,2.30102
1.073e-05,2.29761,2.29946,2.298535
1.0739999999999999e-05,2.30503,2.29726,2.301145
1.0749999999999999e-05,2.30252,2.30247,2.302495
1.076e-05,2.30778,2.30686,2.30732
1.077e-05,2.31059,2.30199,2.30629
1.078e-05,2.30622,2.29132,2.29877
1.079e-05,2.31079,2.29561,2.3032
1.08e-05,2.31302,2.29986,2.30644
1.081e-05,2.31182,2.29512,2.30347
1.082e-05,2.30765,2.29737,2.30251
1.083e-05,2.30728,2.29784,2.30256
1.0840000000000001e-05,2.30989,2.31433,2.31211
1.085e-05,2.30596,2.29898,2.30247
1.086e-05,2.30329,2.30528,2.304285
1.087e-05,2.30348,2.29867,2.301075
1.0880000000000001e-05,2.31007,2.3025,2.306285
1.089e-05,2.30272,2.29395,2.298335
1.09e-05,2.30969,2.29757,2.30363
1.0909999999999999e-05,2.30556,2.30067,2.303115
1.0919999999999999e-05,2.30771,2.29663,2.30217
1.093e-05,2.3123,2.30358,2.30794
1.094e-05,2.30256,2.29793,2.300245
1.095e-05,2.31121,2.29535,2.30328
1.0960000000000002e-05,2.31241,2.29094,2.301675
1.097e-05,2.30595,2.29717,2.30156
1.098e-05,2.31411,2.29885,2.30648
1.099e-05,2.31686,2.30533,2.311095
1.1e-05,2.31068,2.3021,2.30639
1.101e-05,2.3135,2.29782,2.30566
1.102e-05,2.31585,2.30808,2.311965
1.103e-05,2.3066,2.30032,2.30346
1.104e-05,2.30715,2.30009,2.30362
1.1050000000000001e-05,2.30843,2.30663,2.30753
1.106e-05,2.31294,2.30128,2.30711
1.107e-05,2.30638,2.31011,2.308245
1.1079999999999999e-05,2.3066,2.30344,2.30502
1.1089999999999999e-05,2.31089,2.30128,2.306085
1.11e-05,2.31179,2.30782,2.309805
1.111e-05,2.303,2.31027,2.306635
1.112e-05,2.30082,2.2954,2.29811
1.113e-05,2.30709,2.3029,2.304995
1.114e-05,2.30262,2.30351,2.303065
1.115e-05,2.30432,2.30561,2.304965
1.116e-05,2.30004,2.30618,2.30311
1.117e-05,2.29864,2.29948,2.29906
1.118e-05,2.30175,2.31026,2.306005
1.119e-05,2.30272,2.30879,2.305755
1.12e-05,2.30042,2.30806,2.30424
1.1210000000000001e-05,2.29759,2.30316,2.300375
1.1220000000000001e-05,2.30459,2.30934,2.306965
1.1230000000000001e-05,2.30486,2.30826,2.30656
1.124e-05,2.30264,2.30618,2.30441
1.1249999999999999e-05,2.30545,2.31259,2.30902
1.1259999999999999e-05,2.2991,2.30765,2.303375
1.1269999999999999e-05,2.30489,2.30616,2.305525
1.128e-05,2.3014,2.30676,2.30408
1.129e-05,2.30183,2.30714,2.304485
1.13e-05,2.30575,2.30972,2.307735
1.131e-05,2.29836,2.30513,2.301745
1.132e-05,2.30149,2.30619,2.30384
1.133e-05,2.29679,2.3028,2.299795
1.134e-05,2.30043,2.30184,2.301135
1.135e-05,2.3019,2.31175,2.306825
1.1359999999999998e-05,2.30772,2.30452,2.30612
1.137e-05,2.30497,2.31688,2.310925
1.1380000000000001e-05,2.30204,2.29854,2.30029
1.1390000000000001e-05,2.2995,2.29948,2.29949
1.1400000000000001e-05,2.31038,2.29962,2.305
1.141e-05,2.30271,2.30836,2.305535
1.1419999999999999e-05,2.30794,2.30579,2.306865
1.1429999999999999e-05,2.3081,2.30604,2.30707
1.1439999999999999e-05,2.3216,2.30658,2.31409
1.145e-05,2.31621,2.30367,2.30994
1.1460000000000002e-05,2.31418,2.30684,2.31051
1.147e-05,2.31839,2.32151,2.31995
1.148e-05,2.30888,2.32131,2.315095
1.149e-05,2.30599,2.3168,2.311395
1.15e-05,2.29811,2.31238,2.305245
1.151e-05,2.30022,2.31171,2.305965
1.152e-05,2.29892,2.31092,2.30492
1.1529999999999998e-05,2.30653,2.31101,2.30877
1.154e-05,2.29765,2.30142,2.299535
1.1550000000000001e-05,2.30162,2.30678,2.3042
1.1560000000000001e-05,2.30084,2.29097,2.295905
1.1570000000000001e-05,2.31448,2.30028,2.30738
1.158e-05,2.30501,2.30253,2.30377
1.1589999999999999e-05,2.30873,2.3087,2.308715
1.1599999999999999e-05,2.29858,2.30203,2.300305
1.1609999999999999e-05,2.30325,2.31502,2.309135
1.1619999999999999e-05,2.30064,2.31158,2.30611
1.1630000000000002e-05,2.30493,2.30875,2.30684
1.164e-05,2.29798,2.3102,2.30409
1.165e-05,2.30681,2.30451,2.30566
1.166e-05,2.30086,2.3108,2.30583
1.167e-05,2.30819,2.31766,2.312925
1.168e-05,2.30901,2.3087,2.308855
1.1689999999999998e-05,2.30246,2.3182,2.31033
1.1699999999999998e-05,2.30987,2.31186,2.310865
1.1710000000000001e-05,2.29927,2.32099,2.31013
1.1720000000000001e-05,2.3023,2.30846,2.30538
1.1730000000000001e-05,2.30989,2.30567,2.30778
1.1740000000000001e-05,2.30021,2.30887,2.30454
1.175e-05,2.30165,2.31211,2.30688
1.176e-05,2.29966,2.31199,2.305825
1.1769999999999999e-05,2.30204,2.32266,2.31235
1.1779999999999999e-05,2.29681,2.31131,2.30406
1.1789999999999999e-05,2.29935,2.30751,2.30343
1.1800000000000002e-05,2.298,2.31562,2.30681
1.181e-05,2.30472,2.30123,2.302975
1.182e-05,2.3011,2.2955,2.2983
1.183e-05,2.30057,2.30267,2.30162
1.184e-05,2.29725,2.3088,2.303025
1.185e-05,2.30603,2.30041,2.30322
1.1859999999999998e-05,2.30974,2.30163,2.305685
1.1869999999999998e-05,2.30118,2.29614,2.29866
1.188e-05,2.30053,2.29004,2.295285
1.1890000000000001e-05,2.30479,2.29188,2.298335
1.1900000000000001e-05,2.30183,2.2931,2.297465
1.1910000000000001e-05,2.30286,2.28926,2.29606
1.192e-05,2.29946,2.30035,2.299905
1.193e-05,2.30058,2.30039,2.300485
1.194e-05,2.30484,2.29964,2.30224
1.1949999999999999e-05,2.29633,2.29391,2.29512
1.196e-05,2.2993,2.30226,2.30078
1.1970000000000002e-05,2.29549,2.30249,2.29899
1.198e-05,2.29591,2.29587,2.29589
1.199e-05,2.2975,2.30568,2.30159
1.2e-05,2.30339,2.30505,2.30422
1.201e-05,2.29662,2.30812,2.30237
1.202e-05,2.30008,2.29643,2.298255
1.2029999999999998e-05,2.30268,2.29777,2.300225
1.2039999999999998e-05,2.29094,2.30254,2.29674
1.205e-05,2.29961,2.2976,2.298605
1.2060000000000001e-05,2.30328,2.29876,2.30102
1.2070000000000001e-05,2.29874,2.30195,2.300345
1.2080000000000001e-05,2.29683,2.29748,2.297155
1.209e-05,2.29681,2.3008,2.298805
1.21e-05,2.29473,2.29939,2.29706
1.211e-05,2.29475,2.30116,2.297955
1.212e-05,2.29677,2.30326,2.300015
1.213e-05,2.3013,2.3083,2.3048
1.2139999999999999e-05,2.3005,2.30075,2.300625
1.215e-05,2.303,2.29479,2.298895
1.216e-05,2.30303,2.3028,2.302915
1.217e-05,2.31088,2.29023,2.300555
1.218e-05,2.30495,2.31092,2.307935
1.219e-05,2.29961,2.30858,2.304095
1.2199999999999998e-05,2.30443,2.30415,2.30429
1.221e-05,2.30021,2.3059,2.303055
1.222e-05,2.29879,2.30481,2.3018
1.2230000000000001e-05,2.3059,2.29812,2.30201
1.2240000000000001e-05,2.30292,2.31054,2.30673
1.2250000000000001e-05,2.3052,2.31069,2.307945
1.226e-05,2.30818,2.31127,2.309725
1.227e-05,2.29804,2.31304,2.30554
1.228e-05,2.29854,2.3045,2.30152
1.229e-05,2.30604,2.30756,2.3068
1.23e-05,2.30114,2.31712,2.30913
1.2309999999999999e-05,2.30022,2.30905,2.304635
1.232e-05,2.29241,2.31816,2.305285
1.233e-05,2.30335,2.30901,2.30618
1.234e-05,2.304,2.31247,2.308235
1.235e-05,2.30218,2.31337,2.307775
1.236e-05,2.30076,2.31423,2.307495
1.2369999999999998e-05,2.30514,2.31392,2.30953
1.238e-05,2.30625,2.31305,2.30965
1.239e-05,2.30202,2.30351,2.302765
1.24e-05,2.30839,2.30186,2.305125
1.2410000000000001e-05,2.3011,2.30247,2.301785
1.242e-05,2.30728,2.29948,2.30338
1.243e-05,2.29879,2.30866,2.303725
1.244e-05,2.30304,2.30454,2.30379
1.245e-05,2.30252,2.30268,2.3026
1.2460000000000001e-05,2.31149,2.30941,2.31045
1.2470000000000001e-05,2.30515,2.30509,2.30512
1.2479999999999999e-05,2.29981,2.30294,2.301375
1.2489999999999999e-05,2.30536,2.31002,2.30769
1.25e-05,2.30553,2.29848,2.302005
1.251e-05,2.30611,2.2969,2.301505
1.252e-05,2.29512,2.2939,2.29451
1.253e-05,2.29862,2.29869,2.298655
1.2539999999999999e-05,2.30107,2.30155,2.30131
1.255e-05,2.30623,2.29452,2.300375
1.256e-05,2.30267,2.30622,2.304445
1.257e-05,2.30625,2.304,2.305125
1.2580000000000002e-05,2.29812,2.30321,2.300665
1.259e-05,2.30575,2.3081,2.306925
1.26e-05,2.30609,2.30149,2.30379
1.261e-05,2.30702,2.30438,2.3057
1.262e-05,2.30003,2.30335,2.30169
1.2630000000000001e-05,2.30738,2.30213,2.304755
1.2640000000000001e-05,2.30569,2.30796,2.306825
1.265e-05,2.30683,2.3116,2.309215
1.2659999999999999e-05,2.30356,2.30272,2.30314
1.267e-05,2.30818,2.30695,2.307565
1.268e-05,2.30004,2.30583,2.302935
1.269e-05,2.30017,2.30689,2.30353
1.2699999999999999e-05,2.30388,2.30144,2.30266
1.271e-05,2.30242,2.29941,2.300915
1.272e-05,2.31326,2.30999,2.311625
1.273e-05,2.30469,2.30117,2.30293
1.274e-05,2.30206,2.29344,2.29775
1.275e-05,2.30541,2.29509,2.30025
1.276e-05,2.3031,2.3044,2.30375
1.277e-05,2.29825,2.30711,2.30268
1.278e-05,2.30082,2.30824,2.30453
1.279e-05,2.30323,2.31024,2.306735
1.2800000000000001e-05,2.29968,2.30248,2.30108
1.2810000000000001e-05,2.29804,2.31903,2.308535
1.282e-05,2.30132,2.30116,2.30124
1.2829999999999999e-05,2.31777,2.30836,2.313065
1.284e-05,2.30872,2.31106,2.30989
1.285e-05,2.30546,2.30632,2.30589
1.286e-05,2.29911,2.30882,2.303965
1.2869999999999999e-05,2.30818,2.30243,2.305305
1.288e-05,2.30335,2.30931,2.30633
1.289e-05,2.30848,2.30435,2.306415
1.29e-05,2.30959,2.29715,2.30337
1.291e-05,2.31206,2.30207,2.307065
1.292e-05,2.31804,2.30328,2.31066
1.293e-05,2.30914,2.31368,2.31141
1.294e-05,2.317,2.31085,2.313925
1.295e-05,2.32275,2.30493,2.31384
1.2960000000000001e-05,2.31085,2.30404,2.307445
1.2970000000000001e-05,2.30873,2.30296,2.305845
1.298e-05,2.30978,2.31258,2.31118
1.299e-05,2.31205,2.30662,2.309335
1.3e-05,2.31644,2.30768,2.31206
1.3009999999999999e-05,2.31627,2.31581,2.31604
1.302e-05,2.31677,2.3005,2.308635
1.303e-05,2.31115,2.30676,2.308955
1.3039999999999999e-05,2.32436,2.31311,2.318735
1.305e-05,2.31274,2.30985,2.311295
1.306e-05,2.30817,2.2973,2.302735
1.307e-05,2.30734,2.30291,2.305125
1.308e-05,2.31038,2.31083,2.310605
1.309e-05,2.31415,2.30494,2.309545
1.3099999999999998e-05,2.30434,2.31645,2.310395
1.311e-05,2.31564,2.30574,2.31069
1.312e-05,2.30769,2.30397,2.30583
1.3130000000000001e-05,2.31129,2.3091,2.310195
1.3140000000000001e-05,2.31035,2.309,2.309675
1.315e-05,2.31047,2.30341,2.30694
1.316e-05,2.3078,2.30236,2.30508
1.317e-05,2.30726,2.30813,2.307695
1.318e-05,2.31607,2.30716,2.311615
1.319e-05,2.31915,2.30662,2.312885
1.32e-05,2.31496,2.303,2.30898
1.321e-05,2.31816,2.29722,2.30769
1.322e-05,2.32772,2.31121,2.319465
1.323e-05,2.31883,2.30311,2.31097
1.324e-05,2.32122,2.30113,2.311175
1.325e-05,2.31203,2.29622,2.304125
1.3259999999999998e-05,2.3182,2.30203,2.310115
1.3269999999999998e-05,2.31536,2.29429,2.304825
1.328e-05,2.30421,2.29792,2.301065
1.329e-05,2.30906,2.30325,2.306155
1.3300000000000001e-05,2.31397,2.29995,2.30696
1.3310000000000001e-05,2.32232,2.29155,2.306935
1.332e-05,2.31332,2.29203,2.302675
1.333e-05,2.31524,2.3,2.30762
1.334e-05,2.32043,2.29905,2.30974
1.335e-05,2.31108,2.30483,2.307955
1.3359999999999999e-05,2.32248,2.30189,2.312185
1.337e-05,2.31548,2.30276,2.30912
1.338e-05,2.31202,2.31226,2.31214
1.339e-05,2.30985,2.30449,2.30717
1.34e-05,2.31025,2.31642,2.313335
1.341e-05,2.31293,2.31183,2.31238
1.342e-05,2.3079,2.30849,2.308195
1.3429999999999998e-05,2.30792,2.30562,2.30677
1.3439999999999998e-05,2.31118,2.30925,2.310215
1.345e-05,2.3117,2.30943,2.310565
1.3460000000000002e-05,2.30923,2.31008,2.309655
1.3470000000000001e-05,2.3079,2.30911,2.308505
1.3480000000000001e-05,2.32206,2.30756,2.31481
1.349e-05,2.31143,2.2988,2.305115
1.35e-05,2.31065,2.29566,2.303155
1.351e-05,2.31287,2.31693,2.3149
1.352e-05,2.31172,2.3126,2.31216
1.353e-05,2.31914,2.30581,2.312475
1.3539999999999999e-05,2.31737,2.30142,2.309395
1.355e-05,2.31106,2.30933,2.310195
1.356e-05,2.3092,2.30743,2.308315
1.357e-05,2.31492,2.30786,2.31139
1.358e-05,2.31491,2.29631,2.30561
1.359e-05,2.31444,2.30858,2.31151
1.3599999999999999e-05,2.30945,2.3093,2.309375
1.3609999999999998e-05,2.32104,2.31219,2.316615
1.3619999999999998e-05,2.32063,2.31196,2.316295
1.3630000000000002e-05,2.32225,2.29636,2.309305
1.3640000000000002e-05,2.31561,2.2967,2.306155
1.3650000000000001e-05,2.32348,2.30449,2.313985
1.366e-05,2.32049,2.30272,2.311605
1.367e-05,2.31597,2.31081,2.31339
1.368e-05,2.32564,2.31007,2.317855
1.369e-05,2.3204,2.31796,2.31918
1.37e-05,2.32752,2.30968,2.3186
1.3710000000000001e-05,2.3269,2.30883,2.317865
1.372e-05,2.32901,2.31299,2.321
1.373e-05,2.3183,2.30853,2.313415
1.374e-05,2.31105,2.30382,2.307435
1.375e-05,2.31032,2.30534,2.30783
1.376e-05,2.32071,2.31607,2.31839
1.3769999999999999e-05,2.30919,2.30603,2.30761
1.3779999999999999e-05,2.31289,2.30762,2.310255
1.3789999999999998e-05,2.31492,2.31012,2.31252
1.3800000000000002e-05,2.31437,2.31545,2.31491
1.3810000000000002e-05,2.31855,2.30549,2.31202
1.3820000000000002e-05,2.3122,2.31516,2.31368
1.383e-05,2.30802,2.30544,2.30673
1.384e-05,2.31269,2.31009,2.31139
1.385e-05,2.30378,2.29522,2.2995
1.386e-05,2.3071,2.29569,2.301395
1.387e-05,2.30087,2.29377,2.29732
1.388e-05,2.2982,2.30553,2.301865
1.389e-05,2.29765,2.30672,2.302185
1.39e-05,2.30379,2.30264,2.303215
1.391e-05,2.30382,2.30198,2.3029
1.392e-05,2.30831,2.31732,2.312815
1.393e-05,2.30737,2.30799,2.30768
1.3939999999999999e-05,2.30697,2.30969,2.30833
1.3949999999999999e-05,2.31276,2.3093,2.31103
1.396e-05,2.30581,2.30707,2.30644
1.397e-05,2.30505,2.30752,2.306285
1.3980000000000002e-05,2.30896,2.30972,2.30934
1.399e-05,2.30652,2.31063,2.308575
1.4e-05,2.30547,2.30424,2.304855
1.401e-05,2.30122,2.31223,2.306725
1.402e-05,2.30305,2.30849,2.30577
1.403e-05,2.30803,2.30499,2.30651
1.404e-05,2.30344,2.30174,2.30259
1.405e-05,2.30945,2.30274,2.306095
1.4060000000000001e-05,2.31604,2.31067,2.313355
1.407e-05,2.30722,2.31025,2.308735
1.408e-05,2.31188,2.3083,2.31009
1.409e-05,2.30957,2.30826,2.308915
1.41e-05,2.31831,2.30627,2.31229
1.4109999999999999e-05,2.30982,2.31228,2.31105
1.4119999999999999e-05,2.31481,2.30834,2.311575
1.413e-05,2.31182,2.30706,2.30944
1.414e-05,2.32152,2.30343,2.312475
1.4150000000000002e-05,2.32566,2.30491,2.315285
1.416e-05,2.31056,2.2995,2.30503
1.417e-05,2.30758,2.30531,2.306445
1.418e-05,2.31444,2.30308,2.30876
1.419e-05,2.32277,2.30369,2.31323
1.42e-05,2.32105,2.3055,2.313275
1.4210000000000001e-05,2.31942,2.3118,2.31561
1.422e-05,2.31497,2.30782,2.311395
1.423e-05,2.31792,2.30413,2.311025
1.4240000000000001e-05,2.32033,2.29844,2.309385
1.425e-05,2.32096,2.30479,2.312875
1.426e-05,2.32107,2.30983,2.31545
1.4269999999999999e-05,2.31383,2.30674,2.310285
1.4279999999999999e-05,2.31277,2.30513,2.30895
1.4289999999999999e-05,2.31087,2.31065,2.31076
1.43e-05,2.30887,2.30879,2.30883
1.431e-05,2.30463,2.30082,2.302725
1.4320000000000002e-05,2.3154,2.29741,2.306405
1.433e-05,2.31049,2.30077,2.30563
1.434e-05,2.30982,2.29893,2.304375
1.435e-05,2.30647,2.30829,2.30738
1.436e-05,2.31626,2.31866,2.31746
1.437e-05,2.30516,2.31456,2.30986
1.4380000000000001e-05,2.31331,2.30613,2.30972
1.439e-05,2.30851,2.30123,2.30487
1.44e-05,2.31085,2.30524,2.308045
1.4410000000000001e-05,2.30786,2.30584,2.30685
1.4420000000000001e-05,2.30449,2.30212,2.303305
1.443e-05,2.30747,2.30927,2.30837
1.4439999999999999e-05,2.30366,2.30225,2.302955
1.4449999999999999e-05,2.31425,2.30566,2.309955
1.446e-05,2.31375,2.30841,2.31108
1.447e-05,2.30696,2.30524,2.3061
1.448e-05,2.31391,2.29795,2.30593
1.449e-05,2.30795,2.30084,2.304395
1.45e-05,2.31414,2.30227,2.308205
1.451e-05,2.31742,2.29931,2.308365
1.452e-05,2.3184,2.30292,2.31066
1.453e-05,2.30792,2.30063,2.304275
1.454e-05,2.3047,2.28884,2.29677
1.455e-05,2.31216,2.30383,2.307995
1.456e-05,2.30925,2.3018,2.305525
1.457e-05,2.31287,2.3046,2.308735
1.458e-05,2.31309,2.30215,2.30762
1.4590000000000001e-05,2.31815,2.30451,2.31133
1.46e-05,2.3179,2.30695,2.312425
1.4609999999999999e-05,2.31298,2.30184,2.30741
1.4619999999999999e-05,2.30556,2.30684,2.3062
1.463e-05,2.30445,2.30129,2.30287
1.464e-05,2.31012,2.30503,2.307575
1.465e-05,2.30889,2.30606,2.307475
1.466e-05,2.30041,2.29644,2.298425
1.467e-05,2.30252,2.2908,2.29666
1.468e-05,2.30411,2.30797,2.30604
1.469e-05,2.30851,2.29777,2.30314
1.47e-05,2.30457,2.30611,2.30534
1.4710000000000001e-05,2.30743,2.3027,2.305065
1.472e-05,2.30667,2.30566,2.306165
1.473e-05,2.30369,2.3102,2.306945
1.474e-05,2.29734,2.31862,2.30798
1.475e-05,2.30466,2.30808,2.30637
1.4760000000000001e-05,2.3045,2.31184,2.30817
1.4770000000000001e-05,2.30604,2.31563,2.310835
1.4779999999999999e-05,2.29865,2.32748,2.313065
1.4789999999999999e-05,2.30415,2.30991,2.30703
1.48e-05,2.3033,2.31407,2.308685
1.481e-05,2.30736,2.30669,2.307025
1.482e-05,2.31046,2.31081,2.310635
1.4829999999999999e-05,2.30543,2.31292,2.309175
1.4839999999999999e-05,2.30124,2.30925,2.305245
1.485e-05,2.30381,2.30377,2.30379
1.486e-05,2.30172,2.31502,2.30837
1.487e-05,2.30486,2.30929,2.307075
1.4880000000000002e-05,2.30352,2.31295,2.308235
1.489e-05,2.30121,2.31729,2.30925
1.49e-05,2.30721,2.31114,2.309175
1.491e-05,2.31031,2.30967,2.30999
1.492e-05,2.30528,2.30817,2.306725
1.4930000000000001e-05,2.30527,2.30454,2.304905
1.4940000000000001e-05,2.32034,2.30432,2.31233
1.495e-05,2.31862,2.30879,2.313705
1.496e-05,2.31061,2.30863,2.30962
1.497e-05,2.31084,2.30465,2.307745
1.498e-05,2.30954,2.30319,2.306365
1.499e-05,2.30543,2.30778,2.306605
1.4999999999999999e-05,2.30214,2.3111,2.30662
1.5009999999999999e-05,2.30681,2.306,2.306405
1.502e-05,2.29726,2.31965,2.308455
1.503e-05,2.29709,2.31428,2.305685
1.504e-05,2.29267,2.30852,2.300595
1.5050000000000002e-05,2.30048,2.31767,2.309075
1.506e-05,2.2954,2.31043,2.302915
1.507e-05,2.29649,2.30814,2.302315
1.508e-05,2.29912,2.2978,2.29846
1.509e-05,2.29412,2.30072,2.29742
1.51e-05,2.29368,2.30807,2.300875
1.511e-05,2.29465,2.31055,2.3026
1.512e-05,2.30027,2.30686,2.303565
1.513e-05,2.2976,2.31231,2.304955
1.514e-05,2.29633,2.30648,2.301405
1.515e-05,2.295,2.31218,2.30359
1.516e-05,2.30223,2.31707,2.30965
1.5169999999999999e-05,2.3019,2.30912,2.30551
1.5179999999999999e-05,2.30252,2.31897,2.310745
1.5189999999999999e-05,2.29146,2.3161,2.30378
1.52e-05,2.29304,2.30427,2.298655
1.5210000000000002e-05,2.29804,2.3161,2.30707
1.5220000000000002e-05,2.3038,2.32693,2.315365
1.523e-05,2.29802,2.31299,2.305505
1.524e-05,2.30114,2.31268,2.30691
1.525e-05,2.30123,2.31354,2.307385
1.526e-05,2.3099,2.30422,2.30706
1.5269999999999998e-05,2.30736,2.30883,2.308095
1.528e-05,2.30619,2.31256,2.309375
1.529e-05,2.30091,2.31007,2.30549
1.5300000000000003e-05,2.29558,2.31322,2.3044
1.531e-05,2.30336,2.31023,2.306795
1.532e-05,2.30469,2.30697,2.30583
1.533e-05,2.30486,2.31417,2.309515
1.534e-05,2.30209,2.3097,2.305895
1.535e-05,2.30776,2.303,2.30538
1.536e-05,2.30474,2.30973,2.307235
1.537e-05,2.29815,2.31168,2.304915
1.5380000000000002e-05,2.30933,2.31071,2.31002
1.539e-05,2.3016,2.31312,2.30736
1.54e-05,2.29945,2.3029,2.301175
1.541e-05,2.30685,2.30216,2.304505
1.5419999999999998e-05,2.30603,2.30876,2.307395
1.543e-05,2.29916,2.31437,2.306765
1.5439999999999998e-05,2.29678,2.31308,2.30493
1.545e-05,2.30353,2.30836,2.305945
1.546e-05,2.30265,2.30937,2.30601
1.5470000000000003e-05,2.30879,2.30886,2.308825
1.548e-05,2.29895,2.305,2.301975
1.549e-05,2.30035,2.31296,2.306655
1.55e-05,2.30923,2.31311,2.31117
1.551e-05,2.29493,2.3237,2.309315
1.552e-05,2.291,2.31191,2.301455
1.553e-05,2.29303,2.31186,2.302445
1.554e-05,2.29146,2.31376,2.30261
1.5550000000000002e-05,2.31022,2.31736,2.31379
1.556e-05,2.29932,2.32001,2.309665
1.5570000000000002e-05,2.30504,2.32299,2.314015
1.558e-05,2.30241,2.30829,2.30535
1.5589999999999998e-05,2.29911,2.31177,2.30544
1.56e-05,2.29763,2.29941,2.29852
1.5609999999999998e-05,2.30049,2.31472,2.307605
1.562e-05,2.30145,2.32057,2.31101
1.563e-05,2.30006,2.3103,2.30518
1.5640000000000003e-05,2.2935,2.30936,2.30143
1.565e-05,2.29424,2.30993,2.302085
1.566e-05,2.30335,2.32082,2.312085
1.567e-05,2.29367,2.31895,2.30631
1.568e-05,2.30474,2.32221,2.313475
1.569e-05,2.30011,2.31755,2.30883
1.57e-05,2.30032,2.31837,2.309345
1.571e-05,2.30198,2.31761,2.309795
1.5720000000000002e-05,2.3068,2.31712,2.31196
1.573e-05,2.31101,2.31616,2.313585
1.5740000000000002e-05,2.30659,2.31888,2.312735
1.575e-05,2.30402,2.31664,2.31033
1.5759999999999998e-05,2.29312,2.31188,2.3025
1.577e-05,2.29994,2.31045,2.305195
1.5779999999999998e-05,2.2984,2.31617,2.307285
1.579e-05,2.30396,2.31297,2.308465
1.58e-05,2.3043,2.30305,2.303675
1.5810000000000003e-05,2.29839,2.30609,2.30224
1.582e-05,2.29649,2.31366,2.305075
1.583e-05,2.2956,2.30755,2.301575
1.584e-05,2.28874,2.31481,2.301775
1.585e-05,2.29887,2.30332,2.301095
1.586e-05,2.29617,2.3009,2.298535
1.587e-05,2.29049,2.30336,2.296925
1.588e-05,2.2938,2.3179,2.30585
1.5890000000000002e-05,2.30207,2.31981,2.31094
1.59e-05,2.29767,2.30837,2.30302
1.5910000000000002e-05,2.29391,2.31015,2.30203
1.592e-05,2.2932,2.31834,2.30577
1.5929999999999998e-05,2.30157,2.31482,2.308195
1.594e-05,2.29528,2.30613,2.300705
1.5949999999999998e-05,2.30569,2.29598,2.300835
1.5960000000000003e-05,2.29683,2.30918,2.303005
1.597e-05,2.29914,2.29843,2.298785
1.598e-05,2.29725,2.30782,2.302535
1.599e-05,2.2944,2.31231,2.303355
1.6e-05,2.3073,2.30666,2.30698
1.601e-05,2.30083,2.31437,2.3076
1.602e-05,2.30321,2.31019,2.3067
1.6030000000000004e-05,2.31046,2.30768,2.30907
1.604e-05,2.30535,2.31024,2.307795
1.605e-05,2.29848,2.31431,2.306395
1.606e-05,2.30635,2.30577,2.30606
1.607e-05,2.30357,2.31019,2.30688
1.608e-05,2.30518,2.30975,2.307465
1.609e-05,2.30923,2.30941,2.30932
1.61e-05,2.30702,2.30488,2.30595
1.611e-05,2.30602,2.3063,2.30616
1.612e-05,2.30133,2.30901,2.30517
1.613e-05,2.31576,2.30355,2.309655
1.614e-05,2.29606,2.30652,2.30129
1.6149999999999996e-05,2.30418,2.30774,2.30596
1.616e-05,2.29743,2.30383,2.30063
1.617e-05,2.30137,2.31313,2.30725
1.618e-05,2.30074,2.31806,2.3094
1.6190000000000003e-05,2.30534,2.3022,2.30377
1.62e-05,2.30547,2.31008,2.307775
1.6210000000000002e-05,2.30674,2.31113,2.308935
1.6219999999999997e-05,2.30215,2.314,2.308075
1.6230000000000002e-05,2.29905,2.3171,2.308075
1.6239999999999997e-05,2.30613,2.31057,2.30835
1.6250000000000002e-05,2.29527,2.31661,2.30594
1.626e-05,2.30009,2.30397,2.30203
1.627e-05,2.29815,2.31225,2.3052
1.6280000000000003e-05,2.29918,2.31292,2.30605
1.6289999999999998e-05,2.3082,2.31365,2.310925
1.6300000000000003e-05,2.29373,2.31249,2.30311
1.6309999999999998e-05,2.29524,2.30563,2.300435
1.632e-05,2.29862,2.31222,2.30542
1.6329999999999998e-05,2.30335,2.31678,2.310065
1.634e-05,2.30559,2.3089,2.307245
1.635e-05,2.305,2.31466,2.30983
1.636e-05,2.29964,2.31177,2.305705
1.6370000000000004e-05,2.29905,2.30558,2.302315
1.638e-05,2.29627,2.31375,2.30501
1.639e-05,2.29939,2.3125,2.305945
1.64e-05,2.29484,2.30071,2.297775
1.641e-05,2.29717,2.30002,2.298595
1.6420000000000002e-05,2.30398,2.30286,2.30342
1.643e-05,2.29889,2.31004,2.304465
1.644e-05,2.31,2.30524,2.30762
1.645e-05,2.30027,2.30458,2.302425
1.646e-05,2.30178,2.30727,2.304525
1.647e-05,2.30359,2.29809,2.30084
1.648e-05,2.28662,2.30362,2.29512
1.6489999999999996e-05,2.29635,2.30557,2.30096
1.65e-05,2.29103,2.30039,2.29571
1.651e-05,2.29524,2.30244,2.29884
1.652e-05,2.29627,2.30747,2.30187
1.653e-05,2.29034,2.30992,2.30013
1.6539999999999997e-05,2.3018,2.3017,2.30175
1.6550000000000002e-05,2.29306,2.30317,2.298115
1.6559999999999997e-05,2.28984,2.30482,2.29733
1.6570000000000002e-05,2.29538,2.30338,2.29938
1.6579999999999997e-05,2.2913,2.30353,2.297415
1.6590000000000002e-05,2.2917,2.30491,2.298305
1.66e-05,2.29874,2.30339,2.301065
1.661e-05,2.29106,2.29525,2.293155
1.662e-05,2.30174,2.30155,2.301645
1.663e-05,2.30241,2.30137,2.30189
1.6640000000000003e-05,2.29647,2.29736,2.296915
1.6649999999999998e-05,2.29957,2.30247,2.30102
1.666e-05,2.2924,2.29944,2.29592
1.667e-05,2.2937,2.3039,2.2988
1.668e-05,2.29265,2.3024,2.297525
1.669e-05,2.29015,2.29498,2.292565
1.67e-05,2.29179,2.31076,2.301275
1.6709999999999998e-05,2.28811,2.30628,2.297195
1.672e-05,2.29586,2.30453,2.300195
1.673e-05,2.29023,2.31547,2.30285
1.674e-05,2.28952,2.31096,2.30024
1.675e-05,2.29287,2.30415,2.29851
1.6760000000000002e-05,2.29298,2.30437,2.298675
1.677e-05,2.2971,2.29953,2.298315
1.678e-05,2.29096,2.30781,2.299385
1.679e-05,2.2905,2.2961,2.2933
1.6800000000000002e-05,2.29152,2.30872,2.30012
1.681e-05,2.28959,2.30543,2.29751
1.682e-05,2.29857,2.31211,2.30534
1.6829999999999996e-05,2.29191,2.30349,2.2977
1.684e-05,2.29564,2.31047,2.303055
1.685e-05,2.29717,2.30635,2.30176
1.686e-05,2.30357,2.29896,2.301265
1.687e-05,2.30561,2.30716,2.306385
1.6879999999999998e-05,2.29213,2.31334,2.302735
1.6890000000000003e-05,2.30099,2.31655,2.30877
1.6899999999999997e-05,2.30371,2.30909,2.3064
1.6910000000000002e-05,2.29653,2.29938,2.297955
1.692e-05,2.29197,2.29518,2.293575
1.6930000000000002e-05,2.29306,2.30016,2.29661
1.694e-05,2.30281,2.30723,2.30502
1.695e-05,2.29547,2.29858,2.297025
1.696e-05,2.30913,2.30317,2.30615
1.697e-05,2.30087,2.30103,2.30095
1.6980000000000003e-05,2.29566,2.29424,2.29495
1.6989999999999998e-05,2.28981,2.29725,2.29353
1.7e-05,2.29899,2.29419,2.29659
1.701e-05,2.30282,2.30276,2.30279
1.702e-05,2.30219,2.29526,2.298725
1.703e-05,2.30319,2.29399,2.29859
1.704e-05,2.29628,2.30176,2.29902
1.7049999999999998e-05,2.28968,2.30217,2.295925
1.706e-05,2.29964,2.30593,2.302785
1.707e-05,2.30357,2.31029,2.30693
1.708e-05,2.29617,2.30632,2.301245
1.709e-05,2.30436,2.31278,2.30857
1.7100000000000002e-05,2.29981,2.31074,2.305275
1.711e-05,2.30379,2.3121,2.307945
1.712e-05,2.30389,2.31304,2.308465
1.713e-05,2.30529,2.31288,2.309085
1.714e-05,2.31403,2.31594,2.314985
1.715e-05,2.29984,2.30454,2.30219
1.7160000000000002e-05,2.30563,2.31074,2.308185
1.717e-05,2.30548,2.31114,2.30831
1.718e-05,2.30228,2.30048,2.30138
1.719e-05,2.30601,2.30471,2.30536
1.72e-05,2.29774,2.30885,2.303295
1.721e-05,2.29806,2.30421,2.301135
1.7219999999999998e-05,2.29938,2.30259,2.300985
1.723e-05,2.30323,2.30523,2.30423
1.7239999999999998e-05,2.29323,2.30709,2.30016
1.7250000000000003e-05,2.2959,2.30078,2.29834
1.726e-05,2.30704,2.30344,2.30524
1.727e-05,2.29495,2.30694,2.300945
1.728e-05,2.29064,2.30342,2.29703
1.729e-05,2.29893,2.30631,2.30262
1.73e-05,2.29933,2.30441,2.30187
1.731e-05,2.30121,2.30188,2.301545
1.732e-05,2.29567,2.30839,2.30203
1.733e-05,2.29572,2.31215,2.303935
1.734e-05,2.30839,2.31946,2.313925
1.735e-05,2.29863,2.31064,2.304635
1.736e-05,2.29997,2.30748,2.303725
1.737e-05,2.2945,2.30874,2.30162
1.738e-05,2.29835,2.30626,2.302305
1.7389999999999998e-05,2.29227,2.30176,2.297015
1.74e-05,2.29802,2.31337,2.305695
1.741e-05,2.29063,2.30987,2.30025
1.7420000000000003e-05,2.28657,2.30644,2.296505
1.743e-05,2.29611,2.31743,2.30677
1.744e-05,2.29862,2.30683,2.302725
1.745e-05,2.29593,2.30867,2.3023
1.746e-05,2.29019,2.30506,2.297625
1.747e-05,2.30072,2.30076,2.30074
1.748e-05,2.29905,2.30144,2.300245
1.749e-05,2.29453,2.298,2.296265
1.7500000000000002e-05,2.2941,2.30323,2.298665
1.751e-05,2.29535,2.30758,2.301465
1.752e-05,2.29596,2.30405,2.300005
1.753e-05,2.29265,2.29824,2.295445
1.754e-05,2.29956,2.31367,2.306615
1.755e-05,2.30049,2.30874,2.304615
1.7559999999999998e-05,2.2939,2.30486,2.29938
1.757e-05,2.30061,2.30213,2.30137
1.7579999999999998e-05,2.29434,2.30637,2.300355
1.7590000000000003e-05,2.29192,2.3117,2.30181
1.76e-05,2.29676,2.31376,2.30526
1.761e-05,2.29652,2.31076,2.30364
1.762e-05,2.29747,2.31258,2.305025
1.763e-05,2.29598,2.31062,2.3033
1.764e-05,2.29693,2.30771,2.30232
1.765e-05,2.29781,2.30988,2.303845
1.7659999999999997e-05,2.30072,2.31427,2.307495
1.7670000000000002e-05,2.2981,2.32238,2.31024
1.768e-05,2.2984,2.31668,2.30754
1.7690000000000002e-05,2.30629,2.31743,2.31186
1.77e-05,2.30484,2.31878,2.31181
1.771e-05,2.30909,2.30987,2.30948
1.772e-05,2.3138,2.31246,2.31313
1.7729999999999998e-05,2.30397,2.31126,2.307615
1.774e-05,2.29703,2.30728,2.302155
1.7749999999999998e-05,2.2935,2.30923,2.301365
1.7760000000000003e-05,2.29874,2.31334,2.30604
1.777e-05,2.29679,2.31456,2.305675
1.778e-05,2.29944,2.31181,2.305625
1.779e-05,2.29919,2.30968,2.304435
1.78e-05,2.28978,2.31709,2.303435
1.781e-05,2.29796,2.31237,2.305165
1.782e-05,2.29081,2.30956,2.300185
1.7829999999999997e-05,2.2918,2.31488,2.30334
1.784e-05,2.29281,2.30875,2.30078
1.785e-05,2.30271,2.31016,2.306435
1.7860000000000002e-05,2.29279,2.31105,2.30192
1.787e-05,2.29104,2.31911,2.305075
1.788e-05,2.28834,2.30486,2.2966
1.789e-05,2.29462,2.31255,2.303585
1.7899999999999998e-05,2.2921,2.30868,2.30039
1.791e-05,2.29756,2.30954,2.30355
1.792e-05,2.29578,2.30404,2.29991
1.793e-05,2.29755,2.31337,2.30546
1.794e-05,2.30071,2.30931,2.30501
1.795e-05,2.3039,2.31242,2.30816
1.796e-05,2.30494,2.31475,2.309845
1.797e-05,2.30851,2.3134,2.310955
1.798e-05,2.30059,2.31806,2.309325
1.799e-05,2.29572,2.31302,2.30437
1.7999999999999997e-05,2.30235,2.31432,2.308335
1.8010000000000002e-05,2.29379,2.30807,2.30093
1.802e-05,2.30696,2.309,2.30798
1.8030000000000002e-05,2.30471,2.30521,2.30496
1.804e-05,2.30959,2.31301,2.3113
1.805e-05,2.30763,2.30953,2.30858
1.806e-05,2.30414,2.31968,2.31191
1.8069999999999998e-05,2.30841,2.32358,2.315995
1.808e-05,2.30306,2.32358,2.31332
1.8089999999999998e-05,2.3029,2.30906,2.30598
1.8100000000000003e-05,2.30767,2.30996,2.308815
1.811e-05,2.30267,2.31987,2.31127
1.812e-05,2.30103,2.30749,2.30426
1.813e-05,2.30844,2.31042,2.30943
1.814e-05,2.30156,2.30427,2.302915
1.815e-05,2.30474,2.31093,2.307835
1.816e-05,2.30302,2.31624,2.30963
1.817e-05,2.30217,2.30335,2.30276
1.818e-05,2.30428,2.3133,2.30879
1.819e-05,2.30614,2.30374,2.30494
1.8200000000000002e-05,2.30159,2.30142,2.301505
1.821e-05,2.30554,2.30405,2.304795
1.8220000000000002e-05,2.29612,2.30292,2.29952
1.823e-05,2.29062,2.29927,2.294945
1.8239999999999998e-05,2.30011,2.31096,2.305535
1.825e-05,2.30018,2.30701,2.303595
1.826e-05,2.30838,2.31104,2.30971
1.827e-05,2.29801,2.30904,2.303525
1.828e-05,2.2925,2.30698,2.29974
1.829e-05,2.30044,2.30967,2.305055
1.83e-05,2.29708,2.3138,2.30544
1.831e-05,2.30765,2.30815,2.3079
1.832e-05,2.30637,2.31514,2.310755
1.833e-05,2.30399,2.30772,2.305855
1.8339999999999997e-05,2.29882,2.327,2.31291
1.8350000000000002e-05,2.29302,2.31418,2.3036
1.8359999999999997e-05,2.29917,2.31603,2.3076
1.8370000000000002e-05,2.29765,2.3117,2.304675
1.838e-05,2.29601,2.31203,2.30402
1.839e-05,2.29674,2.32216,2.30945
1.84e-05,2.29896,2.31487,2.306915
1.8409999999999998e-05,2.29107,2.31515,2.30311
1.8420000000000003e-05,2.29894,2.311,2.30497
1.8429999999999998e-05,2.29711,2.30783,2.30247
1.8440000000000003e-05,2.29908,2.30821,2.303645
1.8449999999999998e-05,2.29718,2.31387,2.305525
1.846e-05,2.29719,2.31558,2.306385
1.847e-05,2.2912,2.31236,2.30178
1.848e-05,2.29676,2.31105,2.303905
1.849e-05,2.29626,2.30778,2.30202
1.85e-05,2.28848,2.30761,2.298045
1.851e-05,2.29214,2.31739,2.304765
1.852e-05,2.29232,2.31468,2.3035
1.853e-05,2.29645,2.31279,2.30462
1.854e-05,2.29413,2.31791,2.30602
1.855e-05,2.29593,2.3098,2.302865
1.856e-05,2.30086,2.3112,2.30603
1.857e-05,2.29653,2.31725,2.30689
1.8579999999999998e-05,2.29871,2.31534,2.307025
1.859e-05,2.29719,2.31946,2.308325
1.86e-05,2.29759,2.32064,2.309115
1.861e-05,2.29398,2.3087,2.30134
1.862e-05,2.29686,2.31135,2.304105
1.863e-05,2.30064,2.31246,2.30655
1.864e-05,2.30126,2.31565,2.308455
1.865e-05,2.30057,2.312,2.306285
1.866e-05,2.30247,2.31191,2.30719
1.8670000000000003e-05,2.30425,2.31366,2.308955
1.8679999999999997e-05,2.31044,2.30879,2.309615
1.8690000000000002e-05,2.30642,2.31345,2.309935
1.8699999999999997e-05,2.3136,2.31665,2.315125
1.8710000000000002e-05,2.31598,2.31396,2.31497
1.872e-05,2.30932,2.31903,2.314175
1.873e-05,2.30794,2.30676,2.30735
1.874e-05,2.30263,2.31977,2.3112
1.875e-05,2.3104,2.31993,2.315165
1.8760000000000003e-05,2.31241,2.32036,2.316385
1.8769999999999998e-05,2.31112,2.31425,2.312685
1.8780000000000003e-05,2.30624,2.31726,2.31175
1.8789999999999998e-05,2.30613,2.32187,2.314
1.88e-05,2.30364,2.31563,2.309635
1.881e-05,2.31043,2.32242,2.316425
1.882e-05,2.30773,2.32104,2.314385
1.883e-05,2.30353,2.31651,2.31002
1.884e-05,2.29878,2.31592,2.30735
1.885e-05,2.29897,2.31149,2.30523
1.886e-05,2.30674,2.31085,2.308795
1.887e-05,2.31429,2.31083,2.31256
1.888e-05,2.30858,2.31021,2.309395
1.889e-05,2.31153,2.31339,2.31246
1.89e-05,2.30037,2.31311,2.30674
1.891e-05,2.30065,2.31689,2.30877
1.8920000000000002e-05,2.30941,2.30828,2.308845
1.893e-05,2.30826,2.31066,2.30946
1.894e-05,2.3019,2.30837,2.305135
1.8949999999999996e-05,2.30846,2.31164,2.31005
1.896e-05,2.29783,2.30795,2.30289
1.8969999999999996e-05,2.29591,2.3068,2.301355
1.898e-05,2.29836,2.31364,2.306
1.899e-05,2.29963,2.3087,2.304165
1.9e-05,2.29985,2.30912,2.304485
1.9010000000000003e-05,2.29561,2.31163,2.30362
1.9019999999999997e-05,2.29931,2.3078,2.303555
1.9030000000000002e-05,2.30134,2.30235,2.301845
1.9039999999999997e-05,2.30073,2.31297,2.30685
1.9050000000000002e-05,2.30151,2.31324,2.307375
1.9059999999999997e-05,2.29454,2.30866,2.3016
1.907e-05,2.29996,2.3144,2.30718
1.908e-05,2.29994,2.31598,2.30796
1.909e-05,2.29989,2.31522,2.307555
1.9100000000000003e-05,2.30641,2.30028,2.303345
1.9109999999999998e-05,2.30579,2.31447,2.31013
1.912e-05,2.29952,2.31821,2.308865
1.9129999999999998e-05,2.29783,2.31896,2.308395
1.914e-05,2.29744,2.31376,2.3056
1.9149999999999998e-05,2.30028,2.31016,2.30522
1.916e-05,2.29558,2.31346,2.30452
1.9170000000000005e-05,2.29639,2.31443,2.30541
1.918e-05,2.30218,2.31141,2.306795
1.919e-05,2.29009,2.31921,2.30465
1.92e-05,2.29955,2.31436,2.306955
1.921e-05,2.29684,2.31236,2.3046
1.922e-05,2.29182,2.29926,2.29554
1.923e-05,2.29557,2.30402,2.299795
1.924e-05,2.29193,2.3022,2.297065
1.925e-05,2.28829,2.30754,2.297915
1.9260000000000002e-05,2.28833,2.31234,2.300335
1.927e-05,2.28715,2.31064,2.298895
1.9280000000000002e-05,2.29608,2.30702,2.30155
1.9289999999999997e-05,2.29059,2.31391,2.30225
1.93e-05,2.29158,2.32116,2.30637
1.9309999999999996e-05,2.29543,2.31833,2.30688
1.932e-05,2.29743,2.31633,2.30688
1.933e-05,2.29686,2.30989,2.303375
1.934e-05,2.30069,2.31194,2.306315
1.9350000000000003e-05,2.295,2.30673,2.300865
1.9359999999999998e-05,2.28926,2.30671,2.297985
1.9370000000000003e-05,2.29277,2.31033,2.30155
1.9379999999999997e-05,2.29667,2.31937,2.30802
1.9390000000000002e-05,2.29116,2.32185,2.306505
1.9399999999999997e-05,2.28842,2.32057,2.304495
1.941e-05,2.29419,2.31437,2.30428
1.9420000000000004e-05,2.29069,2.31663,2.30366
1.943e-05,2.29866,2.30371,2.301185
1.9440000000000004e-05,2.29386,2.31565,2.304755
1.945e-05,2.30829,2.31425,2.31127
1.946e-05,2.29181,2.30613,2.29897
1.9469999999999998e-05,2.29926,2.31573,2.307495
1.948e-05,2.29106,2.30398,2.29752
1.9489999999999998e-05,2.30013,2.30326,2.301695
1.95e-05,2.30129,2.3125,2.306895
1.9510000000000005e-05,2.29291,2.3085,2.300705
1.952e-05,2.29267,2.3055,2.299085
1.953e-05,2.29245,2.30224,2.297345
1.954e-05,2.29568,2.30299,2.299335
1.955e-05,2.29428,2.30617,2.300225
1.956e-05,2.29294,2.3047,2.29882
1.957e-05,2.29971,2.31268,2.306195
1.9579999999999995e-05,2.3033,2.30873,2.306015
1.959e-05,2.30549,2.30693,2.30621
1.9600000000000002e-05,2.31532,2.30185,2.308585
1.961e-05,2.30697,2.30151,2.30424
1.9620000000000002e-05,2.30595,2.30602,2.305985
1.9629999999999997e-05,2.30348,2.29645,2.299965
1.9640000000000002e-05,2.3046,2.29905,2.301825
1.9649999999999997e-05,2.30499,2.29522,2.300105
1.966e-05,2.30325,2.30392,2.303585
1.967e-05,2.29927,2.29686,2.298065
1.9679999999999998e-05,2.29514,2.30467,2.299905
1.9690000000000003e-05,2.29406,2.30377,2.298915
1.9699999999999998e-05,2.29423,2.31221,2.30322
1.9710000000000003e-05,2.29803,2.31467,2.30635
1.9719999999999998e-05,2.30212,2.31039,2.306255
1.9730000000000003e-05,2.29614,2.30217,2.299155
1.9739999999999997e-05,2.29969,2.30387,2.30178
1.975e-05,2.29773,2.30947,2.3036
1.9760000000000004e-05,2.30307,2.31035,2.30671
1.977e-05,2.30817,2.31541,2.31179
1.9780000000000004e-05,2.30781,2.30917,2.30849
1.979e-05,2.31364,2.30748,2.31056
1.98e-05,2.31071,2.31898,2.314845
1.981e-05,2.31484,2.30471,2.309775
1.982e-05,2.31006,2.30907,2.309565
1.9829999999999998e-05,2.30334,2.30531,2.304325
1.984e-05,2.30073,2.31007,2.3054
1.985e-05,2.30272,2.30543,2.304075
1.986e-05,2.30794,2.30991,2.308925
1.987e-05,2.30625,2.30688,2.306565
1.988e-05,2.30779,2.30351,2.30565
1.989e-05,2.30391,2.29379,2.29885
1.99e-05,2.30804,2.30375,2.305895
1.991e-05,2.30667,2.31144,2.309055
1.992e-05,2.29854,2.31293,2.305735
1.993e-05,2.30859,2.31165,2.31012
1.9940000000000002e-05,2.31063,2.30709,2.30886
1.995e-05,2.31056,2.31419,2.312375
1.9960000000000002e-05,2.30208,2.30499,2.303535
1.9969999999999997e-05,2.30246,2.30875,2.305605
1.9980000000000002e-05,2.30997,2.31373,2.31185
1.9989999999999997e-05,2.3133,2.3103,2.3118
2e-05,2.30082,2.30704,2.30393
2.001e-05,2.30574,2.30183,2.303785
2.0019999999999998e-05,2.30245,2.30167,2.30206
2.0030000000000003e-05,2.30267,2.305,2.303835
2.0039999999999998e-05,2.29939,2.31168,2.305535
2.0050000000000003e-05,2.30011,2.3158,2.307955
2.0059999999999998e-05,2.30371,2.31355,2.30863
2.0070000000000003e-05,2.3007,2.31414,2.30742
2.0079999999999997e-05,2.31056,2.30784,2.3092
2.009e-05,2.30081,2.30237,2.30159
2.01e-05,2.29631,2.3095,2.302905
2.011e-05,2.2882,2.31535,2.301775
2.0120000000000004e-05,2.28634,2.31704,2.30169
2.013e-05,2.29116,2.30673,2.298945
2.014e-05,2.29037,2.30946,2.299915
2.015e-05,2.29687,2.31527,2.30607
2.016e-05,2.29002,2.31192,2.30097
2.0170000000000002e-05,2.28389,2.32147,2.30268
2.018e-05,2.2882,2.31991,2.304055
2.0189999999999998e-05,2.28607,2.31352,2.299795
2.02e-05,2.28925,2.31291,2.30108
2.021e-05,2.29229,2.31441,2.30335
2.022e-05,2.29847,2.3108,2.304635
2.023e-05,2.29843,2.30539,2.30191
2.0239999999999996e-05,2.29358,2.30409,2.298835
2.025e-05,2.2878,2.31654,2.30217
2.026e-05,2.29676,2.31044,2.3036
2.027e-05,2.2932,2.31024,2.30172
2.028e-05,2.30392,2.30045,2.302185
2.029e-05,2.29521,2.3117,2.303455
2.0300000000000002e-05,2.30565,2.30603,2.30584
2.0309999999999997e-05,2.30505,2.3093,2.307175
2.0320000000000002e-05,2.29989,2.3088,2.304345
2.0329999999999997e-05,2.30091,2.30744,2.304175
2.0340000000000002e-05,2.29176,2.30901,2.300385
2.035e-05,2.29379,2.31914,2.306465
2.0359999999999998e-05,2.29431,2.30593,2.30012
2.0370000000000003e-05,2.28869,2.29816,2.293425
2.0379999999999998e-05,2.29076,2.30334,2.29705
2.0390000000000003e-05,2.29175,2.30471,2.29823
2.0399999999999998e-05,2.28768,2.30113,2.294405
2.041e-05,2.2888,2.30408,2.29644
2.042e-05,2.28601,2.30531,2.29566
2.043e-05,2.28863,2.30857,2.2986
2.044e-05,2.297,2.30391,2.300455
2.045e-05,2.30006,2.31237,2.306215
2.0460000000000004e-05,2.29417,2.3037,2.298935
2.047e-05,2.28563,2.30452,2.295075
2.048e-05,2.29756,2.30559,2.301575
2.049e-05,2.2957,2.30355,2.299625
2.05e-05,2.29732,2.31062,2.30397
2.0510000000000002e-05,2.2944,2.30203,2.298215
2.052e-05,2.29415,2.30703,2.30059
2.0529999999999998e-05,2.29591,2.30467,2.30029
2.054e-05,2.29261,2.32004,2.306325
2.055e-05,2.2922,2.31049,2.301345
2.056e-05,2.29815,2.31519,2.30667
2.057e-05,2.29979,2.30967,2.30473
2.0579999999999996e-05,2.29837,2.30573,2.30205
2.059e-05,2.3036,2.30741,2.305505
2.06e-05,2.29283,2.30525,2.29904
2.061e-05,2.30249,2.30259,2.30254
2.062e-05,2.29504,2.30671,2.300875
2.063e-05,2.29914,2.31348,2.30631
2.0640000000000002e-05,2.30132,2.30381,2.302565
2.0649999999999997e-05,2.29648,2.30401,2.300245
2.0660000000000002e-05,2.29198,2.30218,2.29708
2.067e-05,2.29927,2.30399,2.30163
2.0680000000000002e-05,2.29735,2.3132,2.305275
2.069e-05,2.29731,2.31293,2.30512
2.07e-05,2.30138,2.31208,2.30673
2.071e-05,2.29901,2.31615,2.30758
2.0719999999999998e-05,2.29945,2.31081,2.30513
2.0730000000000003e-05,2.30032,2.30895,2.304635
2.0739999999999998e-05,2.29375,2.31313,2.30344
2.075e-05,2.30028,2.3196,2.30994
2.076e-05,2.28629,2.30911,2.2977
2.077e-05,2.29597,2.30707,2.30152
2.078e-05,2.29858,2.31445,2.306515
2.079e-05,2.30268,2.30405,2.303365
2.0799999999999997e-05,2.297,2.3121,2.30455
2.081e-05,2.30313,2.31482,2.308975
2.082e-05,2.30173,2.29523,2.29848
2.083e-05,2.3024,2.31484,2.30862
2.084e-05,2.30561,2.31678,2.311195
2.0850000000000002e-05,2.3001,2.32056,2.31033
2.086e-05,2.30683,2.30666,2.306745
2.087e-05,2.30138,2.30957,2.305475
2.088e-05,2.30451,2.30802,2.306265
2.0889999999999998e-05,2.31216,2.31147,2.311815
2.09e-05,2.31308,2.31025,2.311665
2.091e-05,2.30472,2.3082,2.30646
2.092e-05,2.30664,2.31842,2.31253
2.093e-05,2.30599,2.31533,2.31066
2.094e-05,2.29652,2.30477,2.300645
2.095e-05,2.30541,2.30617,2.30579
2.096e-05,2.29946,2.31245,2.305955
2.0969999999999997e-05,2.30184,2.31735,2.309595
2.0980000000000002e-05,2.30251,2.31422,2.308365
2.0989999999999997e-05,2.29736,2.30384,2.3006
2.1000000000000002e-05,2.29543,2.30961,2.30252
2.101e-05,2.30405,2.3141,2.309075
2.1020000000000002e-05,2.2959,2.31943,2.307665
2.103e-05,2.30207,2.30901,2.30554
2.104e-05,2.30154,2.30847,2.305005
2.105e-05,2.29938,2.3057,2.30254
2.1059999999999998e-05,2.29046,2.30836,2.29941
2.1070000000000003e-05,2.29156,2.31577,2.303665
2.1079999999999998e-05,2.29491,2.31494,2.304925
2.109e-05,2.28886,2.31125,2.300055
2.11e-05,2.29074,2.30621,2.298475
2.111e-05,2.29525,2.30411,2.29968
2.112e-05,2.30111,2.30647,2.30379
2.113e-05,2.29425,2.30602,2.300135
2.1139999999999997e-05,2.29634,2.30805,2.302195
2.115e-05,2.29429,2.30303,2.29866
2.116e-05,2.29316,2.31398,2.30357
2.1170000000000002e-05,2.28991,2.30087,2.29539
2.118e-05,2.30527,2.31519,2.31023
2.1190000000000002e-05,2.29969,2.31911,2.3094
2.12e-05,2.3006,2.30857,2.304585
2.121e-05,2.30052,2.3027,2.30161
2.122e-05,2.29749,2.30006,2.298775
2.123e-05,2.29627,2.29594,2.296105
2.124e-05,2.30169,2.29283,2.29726
2.125e-05,2.29922,2.29911,2.299165
2.126e-05,2.29423,2.29559,2.29491
2.127e-05,2.30414,2.29987,2.302005
2.128e-05,2.3053,2.29995,2.302625
2.129e-05,2.3005,2.30537,2.302935
2.13e-05,2.29356,2.30047,2.297015
2.1309999999999998e-05,2.28813,2.29795,2.29304
2.132e-05,2.287,2.30936,2.29818
2.1329999999999997e-05,2.29626,2.30581,2.301035
2.1340000000000002e-05,2.29044,2.29775,2.294095
2.135e-05,2.29055,2.30235,2.29645
2.1360000000000002e-05,2.2903,2.30122,2.29576
2.137e-05,2.29684,2.30378,2.30031
2.138e-05,2.30202,2.3031,2.30256
2.139e-05,2.30248,2.29387,2.298175
2.14e-05,2.2999,2.30091,2.300405
2.141e-05,2.29449,2.30633,2.30041
2.142e-05,2.29477,2.30373,2.29925
2.143e-05,2.30397,2.2994,2.301685
2.144e-05,2.29686,2.28876,2.29281
2.145e-05,2.29948,2.30089,2.300185
2.146e-05,2.30565,2.29945,2.30255
2.147e-05,2.30722,2.30964,2.30843
2.1479999999999998e-05,2.29715,2.30288,2.300015
2.149e-05,2.30407,2.29904,2.301555
2.1499999999999997e-05,2.30685,2.2951,2.300975
2.1510000000000002e-05,2.30603,2.29732,2.301675
2.152e-05,2.3058,2.30513,2.305465
2.153e-05,2.30632,2.30313,2.304725
2.154e-05,2.29586,2.30155,2.298705
2.155e-05,2.29637,2.29129,2.29383
2.156e-05,2.30006,2.29413,2.297095
2.157e-05,2.29799,2.30201,2.3
2.158e-05,2.29865,2.28974,2.294195
2.159e-05,2.3052,2.29387,2.299535
2.16e-05,2.29941,2.30818,2.303795
2.161e-05,2.29836,2.29903,2.298695
2.162e-05,2.29509,2.29494,2.295015
2.163e-05,2.28952,2.29751,2.293515
2.164e-05,2.29639,2.3059,2.301145
2.1649999999999998e-05,2.29172,2.29879,2.295255
2.166e-05,2.30259,2.2986,2.300595
2.167e-05,2.29468,2.30519,2.299935
2.1680000000000002e-05,2.29787,2.30354,2.300705
2.169e-05,2.29634,2.30494,2.30064
2.17e-05,2.29644,2.29869,2.297565
2.171e-05,2.2919,2.29664,2.29427
2.172e-05,2.29932,2.29609,2.297705
2.173e-05,2.30078,2.29745,2.299115
2.174e-05,2.30089,2.2952,2.298045
2.175e-05,2.29625,2.30239,2.29932
2.1760000000000002e-05,2.29925,2.2969,2.298075
2.177e-05,2.29624,2.30131,2.298775
2.178e-05,2.30344,2.29318,2.29831
2.179e-05,2.29647,2.29653,2.2965
2.18e-05,2.30092,2.29341,2.297165
2.181e-05,2.29425,2.29189,2.29307
2.1819999999999998e-05,2.29643,2.29398,2.295205
2.183e-05,2.3017,2.3015,2.3016
2.1839999999999998e-05,2.30169,2.29793,2.29981
2.1850000000000003e-05,2.2967,2.29577,2.296235
2.186e-05,2.29488,2.30167,2.298275
2.187e-05,2.2888,2.29791,2.293355
2.188e-05,2.29112,2.30786,2.29949
2.189e-05,2.28842,2.29739,2.292905
2.19e-05,2.30027,2.2995,2.299885
2.191e-05,2.29048,2.29377,2.292125
2.1920000000000004e-05,2.28402,2.29266,2.28834
2.193e-05,2.28925,2.29602,2.292635
2.194e-05,2.29638,2.30207,2.299225
2.195e-05,2.29367,2.29284,2.293255
2.196e-05,2.28974,2.30157,2.295655
2.197e-05,2.28989,2.29416,2.292025
2.198e-05,2.2933,2.29636,2.29483
2.1989999999999998e-05,2.29031,2.29903,2.29467
2.2e-05,2.28813,2.29152,2.289825
2.201e-05,2.29672,2.29544,2.29608
2.202e-05,2.29237,2.29269,2.29253
2.203e-05,2.29303,2.30263,2.29783
2.204e-05,2.29327,2.29258,2.292925
2.205e-05,2.29358,2.2975,2.29554
2.206e-05,2.30226,2.28791,2.295085
2.207e-05,2.30174,2.29366,2.2977
2.208e-05,2.29972,2.29328,2.2965
2.2089999999999997e-05,2.2955,2.28863,2.292065
2.2100000000000002e-05,2.29172,2.28987,2.290795
2.2109999999999997e-05,2.28379,2.29704,2.290415
2.212e-05,2.29351,2.29169,2.2926
2.213e-05,2.28271,2.29587,2.28929
2.214e-05,2.28393,2.28914,2.286535
2.215e-05,2.28937,2.30401,2.29669
2.2159999999999998e-05,2.28148,2.29901,2.290245
2.2170000000000003e-05,2.29396,2.30686,2.30041
2.2179999999999998e-05,2.28571,2.30176,2.293735
2.2190000000000003e-05,2.28676,2.29168,2.28922
2.22e-05,2.29164,2.29941,2.295525
2.221e-05,2.28786,2.29867,2.293265
2.222e-05,2.29148,2.29881,2.295145
2.223e-05,2.28854,2.29759,2.293065
2.224e-05,2.29415,2.29594,2.295045
2.225e-05,2.29115,2.30018,2.295665
2.226e-05,2.29899,2.29612,2.297555
2.227e-05,2.30251,2.30053,2.30152
2.228e-05,2.28716,2.29277,2.289965
2.2290000000000002e-05,2.28821,2.30143,2.29482
2.23e-05,2.29152,2.2927,2.29211
2.231e-05,2.28657,2.3068,2.296685
2.232e-05,2.29279,2.29514,2.293965
2.2329999999999998e-05,2.29507,2.28652,2.290795
2.234e-05,2.29102,2.29677,2.293895
2.235e-05,2.29408,2.30846,2.30127
2.236e-05,2.2884,2.3042,2.2963
2.237e-05,2.28933,2.30831,2.29882
2.238e-05,2.2902,2.30275,2.296475
2.239e-05,2.28927,2.29866,2.293965
2.24e-05,2.29491,2.30191,2.29841
2.241e-05,2.28802,2.29618,2.2921
2.2420000000000002e-05,2.29593,2.29364,2.294785
2.2429999999999997e-05,2.29645,2.28945,2.29295
2.2440000000000002e-05,2.29686,2.29607,2.296465
2.2449999999999997e-05,2.29502,2.2917,2.29336
2.2460000000000002e-05,2.29399,2.29708,2.295535
2.247e-05,2.30002,2.30285,2.301435
2.248e-05,2.298,2.30147,2.299735
2.249e-05,2.30335,2.29362,2.298485
2.2499999999999998e-05,2.29566,2.29644,2.29605
2.2510000000000003e-05,2.29641,2.29892,2.297665
2.2519999999999998e-05,2.29722,2.29704,2.29713
2.2530000000000003e-05,2.29698,2.29703,2.297005
2.2539999999999998e-05,2.29849,2.30327,2.30088
2.255e-05,2.29966,2.29973,2.299695
2.256e-05,2.29478,2.3019,2.29834
2.257e-05,2.29905,2.30413,2.30159
2.258e-05,2.29857,2.30395,2.30126
2.259e-05,2.29405,2.29799,2.29602
2.26e-05,2.30322,2.30078,2.302
2.261e-05,2.2949,2.30053,2.297715
2.262e-05,2.30902,2.30294,2.30598
2.263e-05,2.30333,2.30164,2.302485
2.264e-05,2.30257,2.29955,2.30106
2.265e-05,2.30634,2.30174,2.30404
2.266e-05,2.30541,2.30285,2.30413
2.267e-05,2.3005,2.30688,2.30369
2.268e-05,2.29931,2.31177,2.30554
2.269e-05,2.30481,2.30498,2.304895
2.27e-05,2.30165,2.29516,2.298405
2.271e-05,2.29745,2.29881,2.29813
2.2719999999999996e-05,2.29623,2.29015,2.29319
2.273e-05,2.29863,2.29655,2.29759
2.274e-05,2.29019,2.29946,2.294825
2.275e-05,2.29481,2.30271,2.29876
2.2760000000000002e-05,2.30274,2.30107,2.301905
2.2769999999999997e-05,2.30291,2.30181,2.30236
2.2780000000000002e-05,2.29261,2.30424,2.298425
2.2789999999999997e-05,2.29465,2.30511,2.29988
2.2800000000000002e-05,2.29002,2.29772,2.29387
2.281e-05,2.28994,2.30125,2.295595
2.282e-05,2.29192,2.30352,2.29772
2.283e-05,2.29714,2.29867,2.297905
2.2839999999999998e-05,2.30519,2.29788,2.301535
2.2850000000000003e-05,2.30172,2.29897,2.300345
2.2859999999999998e-05,2.29398,2.29461,2.294295
2.2870000000000003e-05,2.30214,2.30312,2.30263
2.2879999999999998e-05,2.2989,2.29765,2.298275
2.289e-05,2.30099,2.29106,2.296025
2.29e-05,2.29684,2.29912,2.29798
2.291e-05,2.2939,2.29883,2.296365
2.2920000000000004e-05,2.29703,2.29604,2.296535
2.293e-05,2.30143,2.29959,2.30051
2.294e-05,2.30204,2.29694,2.29949
2.295e-05,2.29413,2.297,2.295565
2.296e-05,2.29832,2.3052,2.30176
2.297e-05,2.2945,2.30134,2.29792
2.298e-05,2.29113,2.31436,2.302745
2.299e-05,2.29818,2.2979,2.29804
2.3e-05,2.29596,2.30699,2.301475
2.301e-05,2.28494,2.3112,2.29807
2.302e-05,2.29145,2.30118,2.296315
2.303e-05,2.2939,2.30562,2.29976
2.304e-05,2.30242,2.30225,2.302335
2.305e-05,2.3019,2.29986,2.30088
2.3059999999999996e-05,2.2972,2.29627,2.296735
2.307e-05,2.30309,2.30521,2.30415
2.308e-05,2.29141,2.30195,2.29668
2.309e-05,2.2973,2.30332,2.30031
2.3100000000000002e-05,2.29833,2.29879,2.29856
2.3109999999999997e-05,2.29835,2.30425,2.3013
2.3120000000000002e-05,2.29415,2.30897,2.30156
2.3129999999999997e-05,2.29853,2.29884,2.298685
2.3140000000000002e-05,2.30065,2.29449,2.29757
2.3149999999999997e-05,2.29798,2.30119,2.299585
2.316e-05,2.29653,2.3013,2.298915
2.3170000000000003e-05,2.29173,2.30311,2.29742
2.3179999999999998e-05,2.29675,2.30897,2.30286
2.3190000000000003e-05,2.29532,2.30474,2.30003
2.3199999999999998e-05,2.28961,2.30531,2.29746
2.3210000000000003e-05,2.29787,2.30579,2.30183
2.3219999999999998e-05,2.30066,2.31418,2.30742
2.323e-05,2.30184,2.30137,2.301605
2.3239999999999998e-05,2.29706,2.29692,2.29699
2.325e-05,2.29953,2.30795,2.30374
2.3260000000000004e-05,2.30248,2.3065,2.30449
2.327e-05,2.30199,2.29803,2.30001
2.328e-05,2.30694,2.29601,2.301475
2.329e-05,2.31281,2.30324,2.308025
2.33e-05,2.31206,2.30804,2.31005
2.331e-05,2.31091,2.29771,2.30431
2.332e-05,2.31103,2.30701,2.30902
2.3329999999999995e-05,2.30426,2.29596,2.30011
2.334e-05,2.31047,2.2971,2.303785
2.3350000000000002e-05,2.30823,2.29925,2.30374
2.336e-05,2.31346,2.29595,2.304705
2.337e-05,2.30681,2.30166,2.304235
2.3379999999999996e-05,2.30949,2.30229,2.30589
2.339e-05,2.30613,2.29902,2.302575
2.3399999999999996e-05,2.30661,2.29543,2.30102
2.341e-05,2.31246,2.29557,2.304015
2.3420000000000003e-05,2.30538,2.30051,2.302945
2.343e-05,2.29263,2.29952,2.296075
2.3440000000000003e-05,2.30537,2.29629,2.30083
2.3449999999999997e-05,2.29993,2.30286,2.301395
2.3460000000000002e-05,2.29921,2.29082,2.295015
2.3469999999999997e-05,2.2949,2.29376,2.29433
2.3480000000000002e-05,2.296,2.29505,2.295525
2.3489999999999997e-05,2.29916,2.29706,2.29811
2.35e-05,2.30707,2.30113,2.3041
2.3510000000000004e-05,2.30189,2.31069,2.30629
2.352e-05,2.30116,2.30378,2.30247
2.3530000000000003e-05,2.29186,2.3004,2.29613
2.3539999999999998e-05,2.29728,2.30229,2.299785
2.355e-05,2.30213,2.30291,2.30252
2.3559999999999998e-05,2.29938,2.306,2.30269
2.357e-05,2.30552,2.30478,2.30515
2.3579999999999998e-05,2.30666,2.30651,2.306585
2.359e-05,2.30487,2.30631,2.30559
2.3600000000000004e-05,2.30523,2.29642,2.300825
2.361e-05,2.30533,2.30411,2.30472
2.362e-05,2.29763,2.30306,2.300345
2.363e-05,2.30185,2.30308,2.302465
2.364e-05,2.29628,2.30074,2.29851
2.365e-05,2.30408,2.30642,2.30525
2.366e-05,2.30208,2.30572,2.3039
2.367e-05,2.29728,2.29833,2.297805
2.368e-05,2.30671,2.30581,2.30626
2.3690000000000002e-05,2.29565,2.29704,2.296345
2.37e-05,2.30235,2.28942,2.295885
2.371e-05,2.29778,2.29134,2.29456
2.3719999999999997e-05,2.29878,2.29471,2.296745
2.373e-05,2.29498,2.29571,2.295345
2.3739999999999996e-05,2.29522,2.29642,2.29582
2.375e-05,2.30804,2.30419,2.306115
2.376e-05,2.29288,2.2973,2.29509
2.377e-05,2.29645,2.29448,2.295465
2.3780000000000003e-05,2.2965,2.29968,2.29809
2.3789999999999998e-05,2.29638,2.29948,2.29793
2.3800000000000003e-05,2.29609,2.30299,2.29954
2.3809999999999997e-05,2.29571,2.30774,2.301725
2.3820000000000002e-05,2.30024,2.31003,2.305135
2.3829999999999997e-05,2.30006,2.30708,2.30357
2.384e-05,2.30015,2.30981,2.30498
2.3850000000000004e-05,2.30214,2.30431,2.303225
2.386e-05,2.29668,2.30362,2.30015
2.3870000000000004e-05,2.30165,2.3035,2.302575
2.388e-05,2.30486,2.30141,2.303135
2.389e-05,2.29799,2.29641,2.2972
2.3899999999999998e-05,2.30905,2.30009,2.30457
2.391e-05,2.30609,2.30508,2.305585
2.392e-05,2.29737,2.30186,2.299615
2.393e-05,2.30307,2.30447,2.30377
2.3940000000000005e-05,2.30328,2.31343,2.308355
2.395e-05,2.3073,2.302,2.30465
2.396e-05,2.30044,2.30773,2.304085
2.397e-05,2.3012,2.30329,2.302245
2.398e-05,2.29849,2.30241,2.30045
2.399e-05,2.2991,2.29961,2.299355
2.4e-05,2.29805,2.30265,2.30035
2.401e-05,2.30385,2.29304,2.298445
2.402e-05,2.29237,2.30067,2.29652
2.4030000000000002e-05,2.29043,2.30705,2.29874
2.404e-05,2.29573,2.29917,2.29745
2.4050000000000002e-05,2.29828,2.3027,2.30049
2.4059999999999997e-05,2.30278,2.30118,2.30198
2.407e-05,2.29412,2.2995,2.29681
2.4079999999999996e-05,2.29964,2.29824,2.29894
2.409e-05,2.28931,2.29935,2.29433
2.41e-05,2.29596,2.30472,2.30034
2.4109999999999998e-05,2.30203,2.30125,2.30164
2.4120000000000003e-05,2.29572,2.30618,2.30095
2.4129999999999998e-05,2.2969,2.29435,2.295625
2.4140000000000003e-05,2.30011,2.30962,2.304865
2.4149999999999997e-05,2.29241,2.3027,2.297555
2.4160000000000002e-05,2.29692,2.29485,2.295885
2.417e-05,2.2945,2.28727,2.290885
2.418e-05,2.28581,2.29232,2.289065
2.419e-05,2.29146,2.3007,2.29608
2.42e-05,2.29877,2.29698,2.297875
2.4210000000000004e-05,2.30341,2.30071,2.30206
2.422e-05,2.29237,2.29262,2.292495
2.423e-05,2.29803,2.29706,2.297545
2.424e-05,2.29327,2.29786,2.295565
2.425e-05,2.29832,2.29654,2.29743
2.426e-05,2.30006,2.29728,2.29867
2.427e-05,2.30176,2.29118,2.29647
2.4279999999999998e-05,2.30212,2.29109,2.296605
2.429e-05,2.29186,2.28904,2.29045
2.43e-05,2.29115,2.30178,2.296465
2.431e-05,2.29178,2.2981,2.29494
2.432e-05,2.28789,2.30268,2.295285
2.433e-05,2.29109,2.29358,2.292335
2.434e-05,2.29263,2.30037,2.2965
2.435e-05,2.29077,2.30526,2.298015
2.436e-05,2.29298,2.30542,2.2992
2.437e-05,2.28381,2.30305,2.29343
2.438e-05,2.29723,2.30477,2.301
2.4390000000000002e-05,2.29612,2.30859,2.302355
2.4399999999999997e-05,2.29227,2.30789,2.30008
2.4410000000000002e-05,2.29066,2.30172,2.29619
2.442e-05,2.29271,2.30186,2.297285
2.443e-05,2.28797,2.30127,2.29462
2.444e-05,2.28853,2.30327,2.2959
2.4449999999999998e-05,2.296,2.29902,2.29751
2.4460000000000003e-05,2.29815,2.30016,2.299155
2.4469999999999998e-05,2.28934,2.2968,2.29307
2.4480000000000003e-05,2.29382,2.30404,2.29893
2.4489999999999998e-05,2.30198,2.3056,2.30379
2.4500000000000003e-05,2.30288,2.29504,2.29896
2.451e-05,2.29437,2.29238,2.293375
2.452e-05,2.29298,2.29471,2.293845
2.453e-05,2.29261,2.30493,2.29877
2.454e-05,2.29183,2.29644,2.294135
2.4550000000000004e-05,2.29258,2.29431,2.293445
2.456e-05,2.29536,2.28947,2.292415
2.457e-05,2.29729,2.30284,2.300065
2.458e-05,2.29885,2.30431,2.30158
2.459e-05,2.30243,2.30377,2.3031
2.46e-05,2.29221,2.29681,2.29451
2.461e-05,2.29555,2.31293,2.30424
2.4619999999999998e-05,2.294,2.30425,2.299125
2.463e-05,2.2886,2.29606,2.29233
2.464e-05,2.28726,2.29716,2.29221
2.465e-05,2.29324,2.30715,2.300195
2.466e-05,2.29449,2.30339,2.29894
2.467e-05,2.29089,2.29315,2.29202
2.468e-05,2.29544,2.29195,2.293695
2.469e-05,2.29554,2.29749,2.296515
2.47e-05,2.2934,2.2994,2.2964
2.471e-05,2.29117,2.28765,2.28941
2.472e-05,2.29349,2.29909,2.29629
2.4730000000000002e-05,2.2989,2.29856,2.29873
2.4739999999999997e-05,2.29517,2.30172,2.298445
2.4750000000000002e-05,2.29596,2.29956,2.29776
2.476e-05,2.28596,2.30276,2.29436
2.4770000000000002e-05,2.29438,2.29892,2.29665
2.478e-05,2.29403,2.30507,2.29955
2.4789999999999998e-05,2.29032,2.29699,2.293655
2.48e-05,2.28237,2.30112,2.291745
2.4809999999999998e-05,2.29486,2.3033,2.29908
2.4820000000000003e-05,2.29175,2.29922,2.295485
2.4829999999999998e-05,2.29253,2.2936,2.293065
2.484e-05,2.29001,2.29526,2.292635
2.485e-05,2.29276,2.29839,2.295575
2.486e-05,2.28917,2.29802,2.293595
2.487e-05,2.28935,2.30309,2.29622
2.488e-05,2.28824,2.30723,2.297735
2.489e-05,2.28787,2.30261,2.29524
2.49e-05,2.2968,2.2939,2.29535
2.491e-05,2.28809,2.30238,2.295235
2.4920000000000002e-05,2.29047,2.30183,2.29615
2.493e-05,2.29357,2.30428,2.298925
2.4940000000000002e-05,2.28738,2.30849,2.297935
2.495e-05,2.28883,2.30152,2.295175
2.4959999999999998e-05,2.28738,2.30473,2.296055
2.497e-05,2.29644,2.30366,2.30005
2.4979999999999998e-05,2.28977,2.30128,2.295525
2.499e-05,2.28851,2.29041,2.28946
2.5e-05,2.28912,2.29765,2.293385
2.501e-05,2.28379,2.29978,2.291785
2.502e-05,2.28614,2.296,2.29107
2.503e-05,2.2856,2.29416,2.28988
2.504e-05,2.28865,2.30274,2.295695
2.505e-05,2.28347,2.30285,2.29316
2.506e-05,2.28548,2.30465,2.295065
2.5070000000000002e-05,2.28028,2.30784,2.29406
2.5079999999999997e-05,2.28111,2.29887,2.28999
2.5090000000000002e-05,2.29074,2.30187,2.296305
2.51e-05,2.29208,2.29427,2.293175
2.5110000000000002e-05,2.28416,2.2975,2.29083
2.512e-05,2.28253,2.29768,2.290105
2.5129999999999998e-05,2.27516,2.29274,2.28395
2.514e-05,2.27881,2.29392,2.286365
2.5149999999999998e-05,2.28401,2.285,2.284505
2.5160000000000003e-05,2.27777,2.29035,2.28406
2.517e-05,2.27553,2.29591,2.28572
2.518e-05,2.27672,2.295,2.28586
2.519e-05,2.27842,2.29335,2.285885
2.52e-05,2.2821,2.29747,2.289785
2.521e-05,2.27955,2.30811,2.29383
2.522e-05,2.28343,2.30857,2.296
2.5229999999999997e-05,2.28389,2.30064,2.292265
2.524e-05,2.28248,2.30285,2.292665
2.525e-05,2.28625,2.29416,2.290205
2.5260000000000002e-05,2.29054,2.29982,2.29518
2.527e-05,2.28037,2.30521,2.29279
2.5280000000000002e-05,2.28078,2.30143,2.291105
2.529e-05,2.28559,2.30288,2.294235
2.53e-05,2.2823,2.30179,2.292045
2.531e-05,2.29298,2.30274,2.29786
2.5319999999999998e-05,2.29099,2.29882,2.294905
2.533e-05,2.28942,2.30484,2.29713
2.534e-05,2.29654,2.29949,2.298015
2.535e-05,2.2851,2.30637,2.295735
2.536e-05,2.29263,2.30513,2.29888
2.537e-05,2.28984,2.31116,2.3005
2.538e-05,2.29046,2.31673,2.303595
2.539e-05,2.28662,2.30264,2.29463
2.5399999999999997e-05,2.29427,2.31177,2.30302
2.541e-05,2.28386,2.30789,2.295875
2.542e-05,2.27776,2.29751,2.287635
2.5430000000000002e-05,2.28502,2.30339,2.294205
2.544e-05,2.28382,2.30071,2.292265
2.5450000000000002e-05,2.28615,2.29827,2.29221
2.546e-05,2.2879,2.30614,2.29702
2.547e-05,2.28795,2.30452,2.296235
2.548e-05,2.29193,2.30329,2.29761
2.5489999999999998e-05,2.29126,2.30998,2.30062
2.55e-05,2.29479,2.30372,2.299255
2.551e-05,2.28866,2.29915,2.293905
2.552e-05,2.28824,2.29573,2.291985
2.553e-05,2.29198,2.29779,2.294885
2.554e-05,2.28242,2.30805,2.295235
2.555e-05,2.28675,2.30705,2.2969
2.556e-05,2.27955,2.30666,2.293105
2.5569999999999997e-05,2.28766,2.31328,2.30047
2.558e-05,2.28996,2.30274,2.29635
2.5589999999999997e-05,2.28771,2.31196,2.299835
2.5600000000000002e-05,2.29276,2.30115,2.296955
2.561e-05,2.28582,2.30448,2.29515
2.5620000000000002e-05,2.28437,2.3095,2.296935
2.563e-05,2.28837,2.30101,2.29469
2.564e-05,2.28861,2.31357,2.30109
2.565e-05,2.28835,2.29801,2.29318
2.5659999999999998e-05,2.28614,2.30308,2.29461
2.5670000000000003e-05,2.29215,2.31229,2.30222
2.568e-05,2.29139,2.30967,2.30053
2.569e-05,2.29676,2.3052,2.30098
2.57e-05,2.29348,2.30967,2.301575
2.571e-05,2.28625,2.30738,2.296815
2.572e-05,2.28484,2.30508,2.29496
2.573e-05,2.29141,2.31173,2.30157
2.5739999999999998e-05,2.28248,2.30322,2.29285
2.575e-05,2.28599,2.30382,2.294905
2.576e-05,2.29178,2.29899,2.295385
2.5770000000000002e-05,2.28741,2.30042,2.293915
2.578e-05,2.29103,2.30786,2.299445
2.5790000000000002e-05,2.28344,2.29654,2.28999
2.58e-05,2.28363,2.30269,2.29316
2.581e-05,2.28345,2.30354,2.293495
2.582e-05,2.28302,2.30043,2.291725
2.583e-05,2.28415,2.30448,2.294315
2.584e-05,2.28763,2.29507,2.29135
2.585e-05,2.29453,2.30215,2.29834
2.586e-05,2.28321,2.30391,2.29356
2.587e-05,2.29257,2.3063,2.299435
2.588e-05,2.2837,2.30487,2.294285
2.589e-05,2.28612,2.30293,2.294525
2.59e-05,2.28837,2.30137,2.29487
2.5909999999999998e-05,2.29011,2.30237,2.29624
2.5920000000000003e-05,2.28113,2.29774,2.289435
2.5929999999999997e-05,2.27371,2.30678,2.290245
2.5940000000000002e-05,2.2887,2.3009,2.2948
2.595e-05,2.28438,2.30789,2.296135
2.596e-05,2.28495,2.29622,2.290585
2.597e-05,2.28899,2.29535,2.29217
2.598e-05,2.29292,2.3032,2.29806
2.599e-05,2.29797,2.29866,2.298315
2.6e-05,2.29164,2.31016,2.3009
2.6010000000000003e-05,2.29086,2.30414,2.2975
2.6019999999999998e-05,2.28796,2.30061,2.294285
2.603e-05,2.28522,2.2923,2.28876
2.604e-05,2.2936,2.30256,2.29808
2.605e-05,2.29504,2.30179,2.298415
2.606e-05,2.28959,2.30338,2.296485
2.607e-05,2.28649,2.30972,2.298105
2.6079999999999998e-05,2.28572,2.30838,2.29705
2.609e-05,2.29123,2.3055,2.298365
2.61e-05,2.28847,2.30954,2.299005
2.611e-05,2.28928,2.30963,2.299455
2.612e-05,2.29013,2.3133,2.301715
2.613e-05,2.2954,2.31432,2.30486
2.614e-05,2.29226,2.30837,2.300315
2.615e-05,2.28654,2.31614,2.30134
2.616e-05,2.28945,2.31086,2.300155
2.6170000000000002e-05,2.28401,2.30342,2.293715
2.618e-05,2.28694,2.30839,2.297665
2.619e-05,2.28502,2.32156,2.30329
2.6199999999999996e-05,2.28508,2.31312,2.2991
2.621e-05,2.28616,2.3006,2.29338
2.622e-05,2.28066,2.30644,2.29355
2.623e-05,2.28091,2.30114,2.291025
2.624e-05,2.28796,2.30031,2.294135
2.6249999999999998e-05,2.2756,2.2962,2.2859
2.6260000000000003e-05,2.28182,2.30652,2.29417
2.6269999999999998e-05,2.28461,2.30621,2.29541
2.6280000000000002e-05,2.28565,2.29795,2.2918
2.629e-05,2.28958,2.3025,2.29604
2.63e-05,2.29026,2.29999,2.295125
2.631e-05,2.28938,2.30411,2.296745
2.632e-05,2.29703,2.30016,2.298595
2.633e-05,2.28705,2.30517,2.29611
2.634e-05,2.28507,2.30327,2.29417
2.6350000000000004e-05,2.29715,2.30626,2.301705
2.636e-05,2.29529,2.30587,2.30058
2.637e-05,2.29499,2.30847,2.30173
2.638e-05,2.28935,2.30597,2.29766
2.639e-05,2.28505,2.29562,2.290335
2.64e-05,2.28483,2.29802,2.291425
2.641e-05,2.29132,2.30068,2.296
2.642e-05,2.29021,2.3026,2.296405
2.643e-05,2.28313,2.30075,2.29194
2.644e-05,2.28859,2.29909,2.29384
2.645e-05,2.29167,2.30525,2.29846
2.646e-05,2.28586,2.30705,2.296455
2.647e-05,2.29207,2.30309,2.29758
2.648e-05,2.2971,2.30294,2.30002
2.649e-05,2.28212,2.29845,2.290285
2.65e-05,2.28422,2.29807,2.291145
2.6510000000000002e-05,2.28673,2.30244,2.294585
2.6519999999999997e-05,2.28931,2.29872,2.294015
2.6530000000000002e-05,2.29029,2.31231,2.3013
2.6539999999999997e-05,2.29239,2.3009,2.296645
2.655e-05,2.28981,2.30747,2.29864
2.656e-05,2.29218,2.2928,2.29249
2.657e-05,2.29209,2.30044,2.296265
2.658e-05,2.28242,2.30651,2.294465
2.6589999999999998e-05,2.29421,2.30616,2.300185
2.6600000000000003e-05,2.28294,2.31414,2.29854
2.6609999999999998e-05,2.2861,2.30614,2.29612
2.6620000000000003e-05,2.28931,2.30548,2.297395
2.6629999999999997e-05,2.28543,2.299,2.292215
2.664e-05,2.28724,2.31109,2.299165
2.665e-05,2.28519,2.31125,2.29822
2.666e-05,2.28565,2.30753,2.29659
2.6670000000000004e-05,2.28633,2.30828,2.297305
2.668e-05,2.28717,2.31291,2.30004
2.669e-05,2.28219,2.30268,2.292435
2.67e-05,2.28426,2.30728,2.29577
2.671e-05,2.29067,2.3017,2.296185
2.6719999999999998e-05,2.285,2.31171,2.298355
2.673e-05,2.28359,2.31157,2.29758
2.674e-05,2.28458,2.30771,2.296145
2.675e-05,2.28057,2.30443,2.2925
2.676e-05,2.29064,2.30403,2.297335
2.677e-05,2.28995,2.30185,2.2959
2.678e-05,2.28247,2.30754,2.295005
2.679e-05,2.28612,2.29537,2.290745
2.68e-05,2.2982,2.30269,2.300445
2.6809999999999996e-05,2.28237,2.30053,2.29145
2.682e-05,2.28756,2.30635,2.296955
2.683e-05,2.2826,2.30502,2.29381
2.684e-05,2.29039,2.30045,2.29542
2.6850000000000002e-05,2.28548,2.29994,2.29271
2.6859999999999997e-05,2.28799,2.30983,2.29891
2.6870000000000002e-05,2.28112,2.30054,2.29083
2.6879999999999997e-05,2.28496,2.3044,2.29468
2.6890000000000002e-05,2.28998,2.30796,2.29897
2.69e-05,2.28395,2.31049,2.29722
2.691e-05,2.29683,2.3094,2.303115
2.6920000000000003e-05,2.29383,2.31796,2.305895
2.6929999999999998e-05,2.29064,2.3102,2.30042
2.6940000000000003e-05,2.29194,2.30615,2.299045
2.6949999999999998e-05,2.29341,2.31491,2.30416
2.6960000000000003e-05,2.28866,2.31177,2.300215
2.6969999999999998e-05,2.28866,2.31189,2.300275
2.698e-05,2.29525,2.31002,2.302635
2.699e-05,2.29608,2.31585,2.305965
2.7e-05,2.29423,2.31494,2.304585
2.7010000000000004e-05,2.29336,2.31752,2.30544
2.702e-05,2.29183,2.31719,2.30451
2.703e-05,2.28425,2.31709,2.30067
2.704e-05,2.28485,2.31719,2.30102
2.705e-05,2.29066,2.31644,2.30355
2.706e-05,2.28936,2.31087,2.300115
2.707e-05,2.29182,2.31023,2.301025
2.7079999999999998e-05,2.29076,2.30862,2.29969
2.709e-05,2.29258,2.30551,2.299045
2.71e-05,2.28312,2.30898,2.29605
2.711e-05,2.2846,2.31099,2.297795
2.712e-05,2.29111,2.3122,2.301655
2.713e-05,2.28677,2.31624,2.301505
2.714e-05,2.28684,2.31178,2.29931
2.7149999999999996e-05,2.28187,2.31149,2.29668
2.716e-05,2.28401,2.30656,2.295285
2.7170000000000002e-05,2.28344,2.30622,2.29483
2.718e-05,2.28081,2.31279,2.2968
2.7190000000000002e-05,2.27771,2.30714,2.292425
2.7199999999999997e-05,2.27967,2.3135,2.296585
2.7210000000000002e-05,2.28234,2.30393,2.293135
2.7219999999999997e-05,2.28537,2.30331,2.29434
2.7230000000000002e-05,2.2835,2.29831,2.290905
2.7239999999999997e-05,2.29147,2.3124,2.301935
2.7249999999999998e-05,2.28553,2.30133,2.29343
2.7260000000000003e-05,2.28531,2.30303,2.29417
2.7269999999999998e-05,2.28207,2.30282,2.292445
2.7280000000000003e-05,2.28416,2.30931,2.296735
2.7289999999999998e-05,2.2857,2.30882,2.29726
2.7300000000000003e-05,2.27562,2.30387,2.289745
2.7309999999999998e-05,2.28155,2.31112,2.296335
2.732e-05,2.27794,2.30404,2.29099
2.7329999999999998e-05,2.2794,2.30973,2.294565
2.734e-05,2.27764,2.30583,2.291735
2.7350000000000004e-05,2.2834,2.30854,2.29597
2.736e-05,2.27701,2.30752,2.292265
2.737e-05,2.27349,2.30434,2.288915
2.738e-05,2.27792,2.30708,2.2925
2.739e-05,2.27246,2.29765,2.285055
2.74e-05,2.2708,2.29906,2.28493
2.741e-05,2.2808,2.29981,2.290305
2.7420000000000002e-05,2.2798,2.30315,2.291475
2.743e-05,2.27813,2.3024,2.290265
2.744e-05,2.28164,2.30655,2.294095
2.745e-05,2.27805,2.30561,2.29183
2.746e-05,2.27458,2.29624,2.28541
2.747e-05,2.27682,2.30916,2.29299
2.748e-05,2.2698,2.30543,2.287615
2.7489999999999996e-05,2.27679,2.2952,2.285995
2.75e-05,2.27255,2.30413,2.28834
2.7510000000000003e-05,2.27722,2.29601,2.286615
2.752e-05,2.26994,2.30244,2.28619
2.7530000000000002e-05,2.26754,2.30737,2.287455
2.7539999999999997e-05,2.26785,2.30731,2.28758
2.7550000000000002e-05,2.26849,2.3026,2.285545
2.7559999999999997e-05,2.27067,2.30995,2.29031
2.7570000000000002e-05,2.27283,2.30435,2.28859
2.7579999999999997e-05,2.26895,2.30992,2.289435
2.759e-05,2.27007,2.30409,2.28708
2.7600000000000003e-05,2.27574,2.30642,2.29108
2.7609999999999998e-05,2.27617,2.29929,2.28773
2.7620000000000003e-05,2.27731,2.30417,2.29074
2.7629999999999998e-05,2.27064,2.30638,2.28851
2.7640000000000003e-05,2.27607,2.30856,2.292315
2.7649999999999998e-05,2.27717,2.30788,2.292525
2.766e-05,2.28145,2.30857,2.29501
2.767e-05,2.27735,2.29646,2.286905
2.768e-05,2.27791,2.30463,2.29127
2.7690000000000004e-05,2.27076,2.30457,2.287665
2.77e-05,2.28142,2.2951,2.28826
2.771e-05,2.27465,2.29584,2.285245
2.772e-05,2.27723,2.30091,2.28907
2.773e-05,2.27529,2.3008,2.288045
2.774e-05,2.27952,2.29318,2.28635
2.775e-05,2.27811,2.29876,2.288435
2.776e-05,2.2764,2.30505,2.290725
2.777e-05,2.27615,2.29949,2.28782
2.778e-05,2.28163,2.3031,2.292365
2.779e-05,2.27726,2.28942,2.28334
2.78e-05,2.27643,2.30559,2.29101
2.7809999999999996e-05,2.27791,2.30893,2.29342
2.782e-05,2.28225,2.31431,2.29828
2.7829999999999996e-05,2.2745,2.3038,2.28915
2.784e-05,2.27078,2.30847,2.289625
2.785e-05,2.27711,2.30767,2.29239
2.786e-05,2.28038,2.30435,2.292365
2.7870000000000003e-05,2.27977,2.30792,2.293845
2.7879999999999997e-05,2.26668,2.30035,2.283515
2.7890000000000002e-05,2.28668,2.30158,2.29413
2.7899999999999997e-05,2.27311,2.30083,2.28697
2.7910000000000002e-05,2.27276,2.29686,2.28481
2.792e-05,2.2683,2.29491,2.281605
2.793e-05,2.27612,2.29664,2.28638
2.794e-05,2.27672,2.29844,2.28758
2.795e-05,2.28075,2.29622,2.288485
2.7960000000000003e-05,2.27933,2.29601,2.28767
2.7969999999999998e-05,2.27377,2.30613,2.28995
2.798e-05,2.27367,2.30346,2.288565
2.7989999999999998e-05,2.28251,2.30723,2.29487
2.8e-05,2.27118,2.30408,2.28763
2.801e-05,2.2752,2.3076,2.2914
2.802e-05,2.27824,2.31141,2.294825
2.8030000000000004e-05,2.28009,2.3129,2.296495
2.804e-05,2.27201,2.313,2.292505
2.805e-05,2.27505,2.3044,2.289725
2.806e-05,2.27336,2.31043,2.291895
2.807e-05,2.27442,2.30386,2.28914
2.808e-05,2.28144,2.30658,2.29401
2.809e-05,2.2759,2.31321,2.294555
2.81e-05,2.26972,2.30761,2.288665
2.811e-05,2.28045,2.30229,2.29137
2.8120000000000002e-05,2.28473,2.30364,2.294185
2.813e-05,2.28061,2.31037,2.29549
2.814e-05,2.27874,2.30907,2.293905
2.8149999999999996e-05,2.28008,2.30415,2.292115
2.816e-05,2.2851,2.29592,2.29051
2.817e-05,2.27783,2.30077,2.2893
2.818e-05,2.28401,2.30332,2.293665
2.819e-05,2.27491,2.31518,2.295045
2.82e-05,2.26927,2.30705,2.28816
2.8210000000000003e-05,2.27089,2.30811,2.2895
2.8219999999999997e-05,2.26587,2.30357,2.28472
2.8230000000000002e-05,2.27046,2.30613,2.288295
2.8239999999999997e-05,2.268,2.3072,2.2876
2.8250000000000002e-05,2.27839,2.29825,2.28832
2.826e-05,2.27499,2.29468,2.284835
2.827e-05,2.2757,2.29797,2.286835
2.828e-05,2.27493,2.30888,2.291905
2.829e-05,2.27529,2.29794,2.286615
2.8300000000000003e-05,2.2745,2.30981,2.292155
2.831e-05,2.27031,2.30479,2.28755
2.832e-05,2.27422,2.29933,2.286775
2.8329999999999998e-05,2.28062,2.30525,2.292935
2.834e-05,2.27532,2.29864,2.28698
2.835e-05,2.27583,2.29307,2.28445
2.836e-05,2.27896,2.30406,2.29151
2.8369999999999998e-05,2.27076,2.31105,2.290905
2.838e-05,2.27037,2.29817,2.28427
2.839e-05,2.27042,2.3015,2.28596
2.84e-05,2.2754,2.30908,2.29224
2.841e-05,2.27812,2.30253,2.290325
2.8420000000000002e-05,2.27132,2.30119,2.286255
2.843e-05,2.27455,2.30096,2.287755
2.844e-05,2.27426,2.29471,2.284485
2.845e-05,2.27677,2.29873,2.28775
2.846e-05,2.27299,2.30113,2.28706
2.847e-05,2.27062,2.29956,2.28509
2.8480000000000002e-05,2.27358,2.29969,2.286635
2.8489999999999997e-05,2.26794,2.29776,2.28285
2.85e-05,2.27048,2.29732,2.2839
2.851e-05,2.2719,2.30066,2.28628
2.852e-05,2.27078,2.2964,2.28359
2.853e-05,2.27414,2.29573,2.284935
2.8539999999999998e-05,2.27655,2.30404,2.290295
2.855e-05,2.27454,2.30802,2.29128
2.8559999999999998e-05,2.27189,2.30407,2.28798
2.8570000000000003e-05,2.26766,2.2983,2.28298
2.8579999999999997e-05,2.27141,2.29404,2.282725
2.8590000000000002e-05,2.27363,2.30831,2.29097
2.86e-05,2.27603,2.30483,2.29043
2.861e-05,2.27259,2.30448,2.288535
2.862e-05,2.27394,2.30412,2.28903
2.863e-05,2.27185,2.29975,2.2858
2.8640000000000004e-05,2.27258,2.3018,2.28719
2.865e-05,2.27305,2.30079,2.28692
2.866e-05,2.27542,2.31764,2.29653
2.867e-05,2.27276,2.30496,2.28886
2.868e-05,2.26869,2.30498,2.286835
2.869e-05,2.2777,2.30224,2.28997
2.87e-05,2.27547,2.30277,2.28912
2.8709999999999998e-05,2.27694,2.30683,2.291885
2.872e-05,2.28075,2.30559,2.29317
2.873e-05,2.2804,2.31152,2.29596
2.874e-05,2.2797,2.30468,2.29219
2.875e-05,2.27996,2.30865,2.294305
2.8760000000000002e-05,2.26989,2.30048,2.285185
2.877e-05,2.27435,2.30398,2.289165
2.878e-05,2.27269,2.31284,2.292765
2.879e-05,2.27641,2.30057,2.28849
2.88e-05,2.27662,2.30363,2.290125
2.881e-05,2.27234,2.31125,2.291795
2.8820000000000002e-05,2.27552,2.31694,2.29623
2.8829999999999997e-05,2.2714,2.31218,2.29179
2.8840000000000002e-05,2.26751,2.31447,2.29099
2.885e-05,2.26479,2.30828,2.286535
2.886e-05,2.26803,2.30554,2.286785
2.887e-05,2.27148,2.31564,2.29356
2.8879999999999998e-05,2.26262,2.3038,2.28321
2.889e-05,2.27127,2.30291,2.28709
2.8899999999999998e-05,2.27393,2.29631,2.28512
2.8910000000000003e-05,2.27268,2.30453,2.288605
2.892e-05,2.27588,2.30754,2.29171
2.8930000000000003e-05,2.26454,2.29814,2.28134
2.894e-05,2.26823,2.3032,2.285715
2.895e-05,2.27034,2.30755,2.288945
2.896e-05,2.27097,2.29995,2.28546
2.897e-05,2.27146,2.3029,2.28718
2.898e-05,2.26602,2.30001,2.283015
2.899e-05,2.27537,2.30294,2.289155
2.9e-05,2.26456,2.30026,2.28241
2.9010000000000002e-05,2.27508,2.31057,2.292825
2.902e-05,2.27994,2.30537,2.292655
2.903e-05,2.28201,2.3022,2.292105
2.904e-05,2.27706,2.30604,2.29155
2.9049999999999998e-05,2.28257,2.31289,2.29773
2.906e-05,2.27543,2.30481,2.29012
2.9069999999999998e-05,2.26745,2.30695,2.2872
2.908e-05,2.27462,2.30095,2.287785
2.909e-05,2.27402,2.30662,2.29032
2.91e-05,2.27385,2.2953,2.284575
2.911e-05,2.27943,2.30577,2.2926
2.912e-05,2.27592,2.30306,2.28949
2.913e-05,2.27516,2.29698,2.28607
2.914e-05,2.28167,2.30206,2.291865
2.915e-05,2.27328,2.30004,2.28666
2.916e-05,2.27222,2.30321,2.287715
2.917e-05,2.28058,2.30128,2.29093
2.9180000000000002e-05,2.27924,2.31057,2.294905
2.919e-05,2.28053,2.31105,2.29579
2.92e-05,2.28017,2.30585,2.29301
2.921e-05,2.27757,2.30765,2.29261
2.9219999999999998e-05,2.27929,2.30175,2.29052
2.923e-05,2.27793,2.30245,2.29019
2.9239999999999998e-05,2.28363,2.30256,2.293095
2.9250000000000003e-05,2.28407,2.30516,2.294615
2.926e-05,2.27638,2.30302,2.2897
2.927e-05,2.28026,2.30171,2.290985
2.928e-05,2.28273,2.29959,2.29116
2.929e-05,2.27689,2.30396,2.290425
2.93e-05,2.2832,2.29996,2.29158
2.931e-05,2.28056,2.28854,2.28455
2.932e-05,2.27832,2.30239,2.290355
2.933e-05,2.2802,2.29673,2.288465
2.934e-05,2.27325,2.29221,2.28273
2.9350000000000002e-05,2.27438,2.29264,2.28351
2.936e-05,2.26941,2.29871,2.28406
2.9370000000000002e-05,2.27955,2.3074,2.293475
2.938e-05,2.28047,2.31479,2.29763
2.9389999999999998e-05,2.27508,2.31111,2.293095
2.94e-05,2.27384,2.30405,2.288945
2.9409999999999998e-05,2.28205,2.30242,2.292235
2.9420000000000003e-05,2.27281,2.31156,2.292185
2.943e-05,2.28013,2.29943,2.28978
2.944e-05,2.28638,2.31036,2.29837
2.945e-05,2.27528,2.31001,2.292645
2.946e-05,2.27879,2.30571,2.29225
2.947e-05,2.27731,2.29983,2.28857
2.948e-05,2.27276,2.30493,2.288845
2.9489999999999997e-05,2.27441,2.30219,2.2883
2.95e-05,2.2728,2.30448,2.28864
2.951e-05,2.2695,2.30213,2.285815
2.9520000000000002e-05,2.27259,2.29594,2.284265
2.953e-05,2.27105,2.30111,2.28608
2.9540000000000002e-05,2.27689,2.29873,2.28781
2.955e-05,2.27883,2.29408,2.286455
2.9559999999999998e-05,2.27571,2.30418,2.289945
2.957e-05,2.27606,2.30241,2.289235
2.9579999999999998e-05,2.28097,2.30341,2.29219
2.959e-05,2.27756,2.30332,2.29044
2.96e-05,2.28237,2.30418,2.293275
2.961e-05,2.28539,2.30571,2.29555
2.962e-05,2.27677,2.31287,2.29482
2.963e-05,2.27586,2.3066,2.29123
2.964e-05,2.27293,2.30752,2.290225
2.965e-05,2.283,2.3004,2.2917
2.9659999999999997e-05,2.2802,2.31223,2.296215
2.9670000000000002e-05,2.27771,2.30547,2.29159
2.9679999999999997e-05,2.27946,2.31035,2.294905
2.9690000000000002e-05,2.27444,2.31206,2.29325
2.97e-05,2.27955,2.31154,2.295545
2.9710000000000002e-05,2.27424,2.29681,2.285525
2.972e-05,2.27473,2.30084,2.287785
2.9729999999999998e-05,2.28624,2.2983,2.29227
2.974e-05,2.27929,2.30425,2.29177
2.9749999999999998e-05,2.27935,2.30355,2.29145
2.9760000000000003e-05,2.28396,2.3051,2.29453
2.9769999999999998e-05,2.27857,2.30359,2.29108
2.978e-05,2.27593,2.29482,2.285375
2.979e-05,2.27577,2.2998,2.287785
2.98e-05,2.27032,2.29702,2.28367
2.981e-05,2.27747,2.29564,2.286555
2.982e-05,2.28039,2.29511,2.28775
2.9829999999999997e-05,2.28561,2.30408,2.294845
2.984e-05,2.28067,2.30635,2.29351
2.985e-05,2.28378,2.30406,2.29392
2.9860000000000002e-05,2.27882,2.2946,2.28671
2.987e-05,2.28408,2.30646,2.29527
2.9880000000000002e-05,2.27659,2.30081,2.2887
2.989e-05,2.27547,2.31135,2.29341
2.99e-05,2.28429,2.31976,2.302025
2.991e-05,2.28244,2.30956,2.296
2.992e-05,2.27639,2.30671,2.29155
2.993e-05,2.26734,2.29926,2.2833
2.994e-05,2.2727,2.30056,2.28663
2.995e-05,2.26836,2.29936,2.28386
2.996e-05,2.27192,2.2993,2.28561
2.997e-05,2.27483,2.30317,2.289
2.998e-05,2.27949,2.29857,2.28903
2.999e-05,2.27839,2.29868,2.288535
2.9999999999999997e-05,2.27528,2.29128,2.28328
3.0010000000000002e-05,2.27219,2.30567,2.28893
3.0019999999999997e-05,2.27122,2.31137,2.291295
3.0030000000000002e-05,2.27312,2.30348,2.2883
3.004e-05,2.26756,2.3024,2.28498
3.0050000000000002e-05,2.26881,2.29335,2.28108
3.006e-05,2.27531,2.30741,2.29136
3.007e-05,2.27389,2.30148,2.287685
3.008e-05,2.27527,2.3007,2.287985
3.0089999999999998e-05,2.27032,2.29921,2.284765
3.0100000000000003e-05,2.27274,2.30019,2.286465
3.0109999999999998e-05,2.26901,2.30307,2.28604
3.012e-05,2.26758,2.31252,2.29005
3.013e-05,2.27733,2.30663,2.29198
3.014e-05,2.27264,2.31186,2.29225
3.015e-05,2.27129,2.30225,2.28677
3.016e-05,2.27718,2.30589,2.291535
3.017e-05,2.26951,2.3003,2.284905
3.018e-05,2.27412,2.3063,2.29021
3.019e-05,2.27955,2.30129,2.29042
3.02e-05,2.27586,2.31334,2.2946
3.021e-05,2.27663,2.31416,2.295395
3.022e-05,2.2749,2.31084,2.29287
3.023e-05,2.28188,2.30957,2.295725
3.024e-05,2.2764,2.31319,2.294795
3.025e-05,2.27506,2.30701,2.291035
3.026e-05,2.2719,2.30539,2.288645
3.027e-05,2.27811,2.30711,2.29261
3.028e-05,2.27047,2.30143,2.28595
3.0289999999999996e-05,2.2688,2.30449,2.286645
3.03e-05,2.27156,2.30567,2.288615
3.031e-05,2.27461,2.29976,2.287185
3.032e-05,2.27875,2.30461,2.29168
3.033e-05,2.27199,2.30444,2.288215
3.0339999999999998e-05,2.27273,2.30702,2.289875
3.0350000000000002e-05,2.27419,2.30769,2.29094
3.0359999999999997e-05,2.26907,2.30599,2.28753
3.0370000000000002e-05,2.28054,2.30659,2.293565
3.0379999999999997e-05,2.27936,2.30754,2.29345
3.039e-05,2.27983,2.30687,2.29335
3.04e-05,2.2763,2.30314,2.28972
3.041e-05,2.27231,2.31218,2.292245
3.0420000000000004e-05,2.27657,2.31208,2.294325
3.043e-05,2.27539,2.3063,2.290845
3.0440000000000003e-05,2.27459,2.30515,2.28987
3.0449999999999998e-05,2.27509,2.30508,2.290085
3.046e-05,2.26604,2.30034,2.28319
3.047e-05,2.2717,2.30094,2.28632
3.048e-05,2.26826,2.30518,2.28672
3.049e-05,2.27171,2.30326,2.287485
3.05e-05,2.278,2.30865,2.293325
3.051e-05,2.27363,2.30429,2.28896
3.052e-05,2.27697,2.3076,2.292285
3.053e-05,2.27254,2.3073,2.28992
3.0539999999999996e-05,2.27318,2.3059,2.28954
3.0550000000000004e-05,2.2715,2.30186,2.28668
3.056e-05,2.27263,2.30011,2.28637
3.057e-05,2.26961,2.31375,2.29168
3.058e-05,2.27134,2.30411,2.287725
3.059e-05,2.27245,2.31228,2.292365
3.0600000000000005e-05,2.26827,2.29539,2.28183
3.061e-05,2.27191,2.30447,2.28819
3.062e-05,2.26777,2.29504,2.281405
3.0629999999999996e-05,2.26972,2.29905,2.284385
3.064e-05,2.28371,2.28753,2.28562
3.065e-05,2.27389,2.28824,2.281065
3.066e-05,2.2751,2.29218,2.28364
3.067e-05,2.27309,2.2964,2.284745
3.068e-05,2.27093,2.29204,2.281485
3.069e-05,2.26905,2.28817,2.27861
3.07e-05,2.26906,2.30295,2.286005
3.071e-05,2.27225,2.29219,2.28222
3.072e-05,2.27097,2.29739,2.28418
3.073e-05,2.2709,2.29762,2.28426
3.074e-05,2.26814,2.2972,2.28267
3.075e-05,2.27061,2.29268,2.281645
3.0760000000000004e-05,2.27098,2.29449,2.282735
3.077e-05,2.26646,2.29433,2.280395
3.078e-05,2.26828,2.30521,2.286745
3.0789999999999995e-05,2.27902,2.29859,2.288805
3.08e-05,2.26799,2.28548,2.276735
3.081e-05,2.2803,2.28728,2.28379
3.082e-05,2.26338,2.29573,2.279555
3.083e-05,2.26571,2.29277,2.27924
3.0839999999999996e-05,2.26558,2.28901,2.277295
3.0850000000000004e-05,2.26139,2.29039,2.27589
3.086e-05,2.26976,2.29999,2.284875
3.087e-05,2.27014,2.29061,2.280375
3.0879999999999996e-05,2.27107,2.2926,2.281835
3.0890000000000004e-05,2.26906,2.30605,2.287555
3.09e-05,2.2761,2.30203,2.289065
3.091e-05,2.27032,2.30032,2.28532
3.092e-05,2.26526,2.30162,2.28344
3.093e-05,2.26565,2.31224,2.288945
3.0940000000000005e-05,2.26599,2.29746,2.281725
3.095e-05,2.26379,2.29727,2.28053
3.096e-05,2.27379,2.29364,2.283715
3.0969999999999997e-05,2.2707,2.29927,2.284985
3.098e-05,2.26429,2.29685,2.28057
3.099e-05,2.26095,2.30527,2.28311
3.1e-05,2.25933,2.29804,2.278685
3.101e-05,2.26572,2.30679,2.286255
3.102e-05,2.27344,2.29838,2.28591
3.103e-05,2.26783,2.30829,2.28806
3.104e-05,2.26398,2.30042,2.2822
3.105e-05,2.27205,2.30723,2.28964
3.106e-05,2.2687,2.29796,2.28333
3.107e-05,2.26751,2.29595,2.28173
3.108e-05,2.26847,2.29957,2.28402
3.109e-05,2.27096,2.30384,2.2874
3.1100000000000004e-05,2.27113,2.30298,2.287055
3.111e-05,2.25963,2.3097,2.284665
3.112e-05,2.26419,2.30247,2.28333
3.1129999999999995e-05,2.27299,2.30362,2.288305
3.1140000000000003e-05,2.27155,2.29434,2.282945
3.115e-05,2.27384,2.29634,2.28509
3.116e-05,2.27567,2.3012,2.288435
3.117e-05,2.27738,2.30606,2.29172
3.1179999999999996e-05,2.26433,2.30072,2.282525
3.1190000000000005e-05,2.2779,2.30472,2.29131
3.12e-05,2.27654,2.29544,2.28599
3.121e-05,2.27877,2.30262,2.290695
3.1219999999999996e-05,2.27203,2.29703,2.28453
3.123e-05,2.28079,2.29534,2.288065
3.124e-05,2.27102,2.30504,2.28803
3.125e-05,2.27639,2.30138,2.288885
3.126e-05,2.26862,2.3061,2.28736
3.127e-05,2.26741,2.30619,2.2868
3.1280000000000005e-05,2.27675,2.29881,2.28778
3.129e-05,2.27573,2.30509,2.29041
3.13e-05,2.27599,2.29635,2.28617
3.131e-05,2.2731,2.29766,2.28538
3.132e-05,2.26875,2.30369,2.28622
3.133e-05,2.26984,2.30238,2.28611
3.134e-05,2.27208,2.30612,2.2891
3.135e-05,2.27559,2.30034,2.287965
3.136e-05,2.26696,2.29278,2.27987
3.137e-05,2.26908,2.29618,2.28263
3.138e-05,2.27131,2.29227,2.28179
3.139e-05,2.27127,2.30193,2.2866
3.14e-05,2.28463,2.30315,2.29389
3.141e-05,2.2705,2.28906,2.27978
3.142e-05,2.27451,2.2978,2.286155
3.143e-05,2.271,2.30623,2.288615
3.1440000000000004e-05,2.26896,2.29922,2.28409
3.145e-05,2.26928,2.29674,2.28301
3.146e-05,2.27121,2.30236,2.286785
3.1469999999999995e-05,2.27449,2.3,2.287245
3.1480000000000004e-05,2.26695,2.29436,2.280655
3.149e-05,2.2719,2.29998,2.28594
3.15e-05,2.27265,2.29776,2.285205
3.151e-05,2.27751,2.30213,2.28982
3.1519999999999996e-05,2.27151,2.30131,2.28641
3.1530000000000005e-05,2.27607,2.29852,2.287295
3.154e-05,2.27196,2.31012,2.29104
3.155e-05,2.2756,2.30677,2.291185
3.1559999999999996e-05,2.27017,2.30369,2.28693
3.157e-05,2.27318,2.30369,2.288435
3.158e-05,2.27103,2.30245,2.28674
3.159e-05,2.26667,2.30226,2.284465
3.16e-05,2.2709,2.29991,2.285405
3.161e-05,2.27196,2.30718,2.28957
3.1620000000000006e-05,2.27886,2.30483,2.291845
3.163e-05,2.27787,2.30789,2.29288
3.164e-05,2.27914,2.29902,2.28908
3.165e-05,2.27899,2.31212,2.295555
3.166e-05,2.28053,2.30507,2.2928
3.167000000000001e-05,2.2829,2.3113,2.2971
3.168e-05,2.2847,2.31091,2.297805
3.169e-05,2.27961,2.31434,2.296975
3.17e-05,2.28263,2.30961,2.29612
3.171e-05,2.27457,2.30738,2.290975
3.172e-05,2.27264,2.31155,2.292095
3.173e-05,2.27619,2.31226,2.294225
3.174e-05,2.27627,2.30501,2.29064
3.175e-05,2.27473,2.3117,2.293215
3.176e-05,2.28109,2.30359,2.29234
3.177e-05,2.28536,2.30162,2.29349
3.1780000000000004e-05,2.28311,2.30073,2.29192
3.179e-05,2.27539,2.30364,2.289515
3.18e-05,2.27959,2.30873,2.29416
3.1809999999999995e-05,2.28053,2.29401,2.28727
3.1820000000000004e-05,2.27957,2.29614,2.287855
3.183e-05,2.27717,2.30415,2.29066
3.184e-05,2.27081,2.29532,2.283065
3.185e-05,2.27775,2.29754,2.287645
3.1859999999999997e-05,2.2735,2.29972,2.28661
3.1870000000000005e-05,2.27608,2.29728,2.28668
3.188e-05,2.2712,2.29726,2.28423
3.189e-05,2.27248,2.3094,2.29094
3.1899999999999996e-05,2.27485,2.30177,2.28831
3.191e-05,2.27857,2.30757,2.29307
3.1920000000000006e-05,2.2761,2.29976,2.28793
3.193e-05,2.28182,2.29867,2.290245
3.194e-05,2.28019,2.3009,2.290545
3.195e-05,2.27988,2.30289,2.291385
3.196e-05,2.27574,2.30094,2.28834
3.197e-05,2.27054,2.30622,2.28838
3.198e-05,2.27103,2.3126,2.291815
3.199e-05,2.27371,2.3017,2.287705
3.2e-05,2.26769,2.29729,2.28249
3.201e-05,2.27449,2.30867,2.29158
3.202e-05,2.27275,2.30819,2.29047
3.203e-05,2.27775,2.30062,2.289185
3.204e-05,2.27251,2.30623,2.28937
3.204999999999999e-05,2.27407,2.29924,2.286655
3.206000000000001e-05,2.27649,2.30147,2.28898
3.207e-05,2.27223,2.30445,2.28834
3.208e-05,2.27126,2.30733,2.289295
3.209e-05,2.27273,2.30577,2.28925
3.21e-05,2.27148,2.30607,2.288775
3.211e-05,2.27799,2.30849,2.29324
3.212e-05,2.27042,2.305,2.28771
3.2130000000000006e-05,2.27008,2.30065,2.285365
3.214e-05,2.27291,2.30722,2.290065
3.2149999999999995e-05,2.27182,2.30689,2.289355
3.216e-05,2.26514,2.30246,2.2838
3.2170000000000005e-05,2.26832,2.30884,2.28858
3.218e-05,2.27572,2.30641,2.291065
3.2189999999999995e-05,2.27103,2.30592,2.288475
3.22e-05,2.26898,2.30321,2.286095
3.2210000000000005e-05,2.27478,2.30441,2.289595
3.222e-05,2.26646,2.30931,2.287885
3.2229999999999995e-05,2.27198,2.3054,2.28869
3.224e-05,2.27177,2.30235,2.28706
3.225e-05,2.27879,2.29941,2.2891
3.226e-05,2.2717,2.30156,2.28663
3.227e-05,2.26926,2.30017,2.284715
3.228e-05,2.27195,2.30369,2.28782
3.229e-05,2.27014,2.30742,2.28878
3.229999999999999e-05,2.2768,2.30441,2.290605
3.231000000000001e-05,2.27344,2.30576,2.2896
3.232e-05,2.27229,2.29698,2.284635
3.233e-05,2.27221,2.29946,2.285835
3.234e-05,2.26955,2.30803,2.28879
3.235000000000001e-05,2.26963,2.3002,2.284915
3.236e-05,2.26937,2.30225,2.28581
3.237e-05,2.26923,2.30414,2.286685
3.2380000000000005e-05,2.26751,2.30071,2.28411
3.239e-05,2.27592,2.30273,2.289325
3.24e-05,2.26752,2.30836,2.28794
3.2409999999999996e-05,2.27541,2.2996,2.287505
3.2420000000000005e-05,2.2812,2.30017,2.290685
3.243e-05,2.27221,2.30254,2.287375
3.2439999999999994e-05,2.27014,2.31249,2.291315
3.245e-05,2.26487,2.30613,2.2855
3.2460000000000004e-05,2.2672,2.3003,2.28375
3.247e-05,2.27369,2.30779,2.29074
3.2479999999999994e-05,2.26858,2.30557,2.287075
3.249e-05,2.2717,2.29675,2.284225
3.2500000000000004e-05,2.27429,2.296,2.285145
3.251e-05,2.27807,2.30332,2.290695
3.252e-05,2.27742,2.30501,2.291215
3.253e-05,2.27344,2.308,2.29072
3.254e-05,2.27596,2.30529,2.290625
3.255e-05,2.27449,2.30613,2.29031
3.256000000000001e-05,2.27974,2.30705,2.293395
3.257e-05,2.27123,2.30024,2.285735
3.2579999999999996e-05,2.27257,2.29731,2.28494
3.259e-05,2.2769,2.30143,2.289165
3.2600000000000006e-05,2.26843,2.3021,2.285265
3.261e-05,2.27526,2.30754,2.2914
3.2619999999999996e-05,2.27794,2.30617,2.292055
3.263e-05,2.26658,2.31347,2.290025
3.264e-05,2.26598,2.30727,2.286625
3.265e-05,2.27264,2.30375,2.288195
3.2659999999999996e-05,2.27322,2.30389,2.288555
3.2670000000000004e-05,2.27473,2.31103,2.29288
3.268e-05,2.28263,2.31044,2.296535
3.2689999999999994e-05,2.27663,2.31197,2.2943
3.27e-05,2.27344,2.30296,2.2882
3.2710000000000004e-05,2.26788,2.30232,2.2851
3.272e-05,2.27037,2.30059,2.28548
3.272999999999999e-05,2.27402,2.29714,2.28558
3.274000000000001e-05,2.27405,2.29826,2.286155
3.275e-05,2.27415,2.31357,2.29386
3.276e-05,2.27748,2.30203,2.289755
3.277e-05,2.2747,2.31047,2.292585
3.278e-05,2.27438,2.30112,2.28775
3.279e-05,2.26911,2.30149,2.2853
3.28e-05,2.27566,2.30347,2.289565
3.281e-05,2.28065,2.29993,2.29029
3.282e-05,2.28305,2.30717,2.29511
3.2829999999999996e-05,2.27763,2.30118,2.289405
3.2840000000000004e-05,2.27353,2.30355,2.28854
3.2850000000000006e-05,2.27729,2.29668,2.286985
3.286e-05,2.28066,2.29638,2.28852
3.2869999999999995e-05,2.2752,2.30912,2.29216
3.288e-05,2.28061,2.30498,2.292795
3.2890000000000005e-05,2.27615,2.30192,2.289035
3.29e-05,2.27851,2.30385,2.29118
3.2909999999999995e-05,2.27159,2.30722,2.289405
3.292e-05,2.2778,2.29795,2.287875
3.293e-05,2.28055,2.29094,2.285745
3.294e-05,2.2791,2.29698,2.28804
3.295e-05,2.28302,2.2999,2.29146
3.296e-05,2.28518,2.30815,2.296665
3.297e-05,2.27459,2.30431,2.28945
3.297999999999999e-05,2.28736,2.29344,2.2904
3.299000000000001e-05,2.27822,2.29573,2.286975
3.3e-05,2.27642,2.30243,2.289425
3.301e-05,2.27708,2.30217,2.289625
3.302e-05,2.27662,2.29894,2.28778
3.303e-05,2.28134,2.30074,2.29104
3.304e-05,2.28223,2.302,2.292115
3.305e-05,2.28439,2.3123,2.298345
3.306e-05,2.28249,2.31071,2.2966
3.307e-05,2.28551,2.31948,2.302495
3.3079999999999995e-05,2.27729,2.30858,2.292935
3.309e-05,2.28469,2.3041,2.294395
3.3100000000000005e-05,2.28229,2.30854,2.295415
3.311e-05,2.29206,2.30028,2.29617
3.3119999999999995e-05,2.28965,2.30145,2.29555
3.313e-05,2.28478,2.30711,2.295945
3.3140000000000005e-05,2.28414,2.30772,2.29593
3.315e-05,2.28195,2.30322,2.292585
3.3159999999999994e-05,2.28632,2.30453,2.295425
3.317e-05,2.27735,2.30887,2.29311
3.3180000000000004e-05,2.28299,2.30158,2.292285
3.319e-05,2.2838,2.29727,2.290535
3.32e-05,2.27677,2.29196,2.284365
3.321e-05,2.28438,2.30135,2.292865
3.322e-05,2.28257,2.2879,2.285235
3.323e-05,2.28472,2.29278,2.28875
3.324e-05,2.28587,2.29616,2.291015
3.325e-05,2.28333,2.287,2.285165
3.326e-05,2.28352,2.29521,2.289365
3.327e-05,2.28242,2.29713,2.289775
3.328000000000001e-05,2.28571,2.292,2.288855
3.329e-05,2.28602,2.29868,2.29235
3.3299999999999996e-05,2.28161,2.3022,2.291905
3.331e-05,2.27958,2.29774,2.28866
3.332e-05,2.28338,2.29701,2.290195
3.333e-05,2.28699,2.29474,2.290865
3.334e-05,2.29031,2.28794,2.289125
3.3350000000000004e-05,2.28526,2.30333,2.294295
3.336e-05,2.27861,2.29939,2.289
3.3369999999999994e-05,2.27629,2.2988,2.287545
3.338e-05,2.28196,2.29601,2.288985
3.3390000000000004e-05,2.2826,2.29802,2.29031
3.34e-05,2.27797,2.29514,2.286555
3.3409999999999994e-05,2.28305,2.29929,2.29117
3.3419999999999995e-05,2.28006,2.29695,2.288505
3.3430000000000003e-05,2.28722,2.30831,2.297765
3.344e-05,2.289,2.3049,2.29695
3.345e-05,2.28128,2.30169,2.291485
3.346e-05,2.28372,2.30682,2.29527
3.347e-05,2.27449,2.30217,2.28833
3.348e-05,2.2849,2.30287,2.293885
3.349e-05,2.29162,2.30228,2.29695
3.35e-05,2.28659,2.30307,2.29483
3.3509999999999996e-05,2.28411,2.30208,2.293095
3.3520000000000004e-05,2.28319,2.29205,2.28762
3.3530000000000006e-05,2.27768,2.30682,2.29225
3.354e-05,2.27913,2.30774,2.293435
3.3549999999999996e-05,2.2786,2.3012,2.2899
3.356e-05,2.27939,2.30503,2.29221
3.3570000000000006e-05,2.28336,2.29157,2.287465
3.358e-05,2.28636,2.30106,2.29371
3.359e-05,2.28553,2.3047,2.295115
3.3600000000000004e-05,2.28498,2.30173,2.293355
3.361e-05,2.29075,2.30098,2.295865
3.362e-05,2.2871,2.30814,2.29762
3.363e-05,2.28863,2.30752,2.298075
3.364e-05,2.29594,2.30742,2.30168
3.365e-05,2.2936,2.29696,2.29528
3.365999999999999e-05,2.28736,2.30195,2.294655
3.367e-05,2.29289,2.30376,2.298325
3.368e-05,2.28662,2.29866,2.29264
3.369e-05,2.28699,2.29749,2.29224
3.37e-05,2.28312,2.30291,2.293015
3.371e-05,2.28493,2.31271,2.29882
3.372e-05,2.28872,2.30662,2.29767
3.373e-05,2.28846,2.299,2.29373
3.374e-05,2.28546,2.30335,2.294405
3.375e-05,2.28752,2.3118,2.29966
3.3759999999999995e-05,2.29192,2.31031,2.301115
3.3770000000000004e-05,2.29245,2.31322,2.302835
3.3780000000000005e-05,2.28919,2.30694,2.298065
3.379e-05,2.29191,2.30581,2.29886
3.3799999999999995e-05,2.29098,2.30687,2.298925
3.3809999999999996e-05,2.30042,2.30241,2.301415
3.3820000000000005e-05,2.29146,2.3,2.29573
3.383e-05,2.29041,2.30942,2.299915
3.384e-05,2.29392,2.30763,2.300775
3.3849999999999996e-05,2.29055,2.31006,2.300305
3.3860000000000004e-05,2.2847,2.30911,2.296905
3.387e-05,2.28562,2.31425,2.299935
3.388e-05,2.29324,2.30899,2.301115
3.389e-05,2.297,2.3078,2.3024
3.39e-05,2.29084,2.30735,2.299095
3.391e-05,2.283,2.30983,2.296415
3.392e-05,2.28672,2.30671,2.296715
3.393e-05,2.28942,2.31167,2.300545
3.394e-05,2.28951,2.31115,2.30033
3.395e-05,2.28521,2.30487,2.29504
3.396000000000001e-05,2.28341,2.30862,2.296015
3.397e-05,2.28866,2.31071,2.299685
3.3979999999999997e-05,2.28866,2.30293,2.295795
3.399e-05,2.28182,2.30288,2.29235
3.4e-05,2.27378,2.29741,2.285595
3.401e-05,2.28371,2.30001,2.29186
3.402e-05,2.28318,2.30019,2.291685
3.403e-05,2.27573,2.30372,2.289725
3.404e-05,2.2804,2.30725,2.293825
3.4049999999999994e-05,2.28384,2.3094,2.29662
3.406e-05,2.28497,2.30765,2.29631
3.4070000000000004e-05,2.28563,2.30625,2.29594
3.408e-05,2.29571,2.2973,2.296505
3.409e-05,2.28734,2.29428,2.29081
3.4099999999999995e-05,2.29064,2.2915,2.29107
3.4110000000000004e-05,2.2859,2.2917,2.2888
3.412e-05,2.28697,2.30108,2.294025
3.413e-05,2.28918,2.30638,2.29778
3.414e-05,2.29433,2.30718,2.300755
3.4149999999999997e-05,2.28825,2.29146,2.289855
3.416e-05,2.28701,2.2995,2.293255
3.417e-05,2.28578,2.29395,2.289865
3.418e-05,2.28799,2.3011,2.294545
3.4189999999999996e-05,2.2821,2.30319,2.292645
3.4200000000000005e-05,2.28408,2.30202,2.29305
3.4210000000000006e-05,2.28657,2.29805,2.29231
3.422e-05,2.28855,2.29592,2.292235
3.4229999999999996e-05,2.27625,2.3001,2.288175
3.424e-05,2.28507,2.302,2.293535
3.4250000000000006e-05,2.29004,2.29896,2.2945
3.426e-05,2.28828,2.30259,2.295435
3.427e-05,2.29562,2.30347,2.299545
3.428e-05,2.29497,2.30856,2.301765
3.429e-05,2.29045,2.30541,2.29793
3.43e-05,2.2931,2.29876,2.29593
3.431e-05,2.29867,2.29918,2.298925
3.4320000000000003e-05,2.29777,2.29578,2.296775
3.433e-05,2.29399,2.29648,2.295235
3.434e-05,2.29422,2.30322,2.29872
3.435e-05,2.29266,2.29938,2.29602
3.436e-05,2.28792,2.2916,2.28976
3.437e-05,2.28266,2.29456,2.28861
3.438e-05,2.28439,2.29448,2.289435
3.439e-05,2.2882,2.3023,2.29525
3.44e-05,2.28936,2.29867,2.294015
3.441e-05,2.28945,2.29778,2.293615
3.442e-05,2.28755,2.29692,2.292235
3.443e-05,2.28707,2.29278,2.289925
3.4439999999999996e-05,2.29394,2.29919,2.296565
3.4450000000000004e-05,2.28256,2.30483,2.293695
3.446e-05,2.28587,2.30299,2.29443
3.447e-05,2.28999,2.30283,2.29641
3.4479999999999995e-05,2.29145,2.29664,2.294045
3.449e-05,2.28909,2.29815,2.29362
3.4500000000000005e-05,2.29261,2.30313,2.29787
3.451e-05,2.28492,2.30366,2.29429
3.452e-05,2.27963,2.30378,2.291705
3.4529999999999996e-05,2.29271,2.30975,2.30123
3.454e-05,2.28769,2.30988,2.298785
3.455e-05,2.28827,2.31184,2.300055
3.456e-05,2.29045,2.31295,2.3017
3.457e-05,2.28792,2.29989,2.293905
3.458e-05,2.28563,2.29751,2.29157
3.4590000000000006e-05,2.29134,2.29807,2.294705
3.46e-05,2.28479,2.29036,2.287575
3.461e-05,2.28718,2.30119,2.294185
3.462e-05,2.28704,2.2968,2.29192
3.463e-05,2.28825,2.30305,2.29565
3.464e-05,2.29091,2.30494,2.297925
3.465e-05,2.29357,2.30161,2.29759
3.466e-05,2.29434,2.29465,2.294495
3.467e-05,2.29081,2.29798,2.294395
3.468e-05,2.28925,2.28927,2.28926
3.469e-05,2.29119,2.29142,2.291305
3.47e-05,2.29332,2.28995,2.291635
3.471e-05,2.29542,2.29753,2.296475
3.472e-05,2.30323,2.29708,2.300155
3.4729999999999994e-05,2.30112,2.2967,2.29891
3.474e-05,2.3064,2.29517,2.300785
3.4750000000000004e-05,2.29557,2.29377,2.29467
3.476e-05,2.30295,2.28871,2.29583
3.477e-05,2.29931,2.2969,2.298105
3.4779999999999996e-05,2.29232,2.29628,2.2943
3.4790000000000004e-05,2.29937,2.2949,2.297135
3.48e-05,2.29282,2.30187,2.297345
3.481e-05,2.28654,2.30569,2.296115
3.482e-05,2.29019,2.29744,2.293815
3.483e-05,2.29747,2.31471,2.30609
3.4840000000000005e-05,2.29668,2.30014,2.29841
3.485e-05,2.29162,2.30046,2.29604
3.486e-05,2.29226,2.29368,2.29297
3.4869999999999996e-05,2.29428,2.2996,2.29694
3.488e-05,2.29841,2.29316,2.295785
3.489e-05,2.29456,2.29394,2.29425
3.49e-05,2.29197,2.30128,2.296625
3.4909999999999996e-05,2.29124,2.29938,2.29531
3.492e-05,2.29693,2.29344,2.295185
3.4930000000000006e-05,2.30231,2.29975,2.30103
3.494e-05,2.29545,2.30218,2.298815
3.495e-05,2.29506,2.29788,2.29647
3.496e-05,2.29126,2.29978,2.29552
3.497e-05,2.28643,2.29814,2.292285
3.498e-05,2.29067,2.29589,2.29328
3.499e-05,2.2878,2.29437,2.291085
3.5000000000000004e-05,2.29421,2.29687,2.29554
3.501e-05,2.27705,2.29957,2.28831
3.502e-05,2.29054,2.30742,2.29898
3.503e-05,2.29245,2.30395,2.2982
3.504e-05,2.2852,2.30037,2.292785
3.505e-05,2.28316,2.29575,2.289455
3.506e-05,2.29317,2.2949,2.294035
3.5069999999999995e-05,2.29299,2.29679,2.29489
3.508e-05,2.28836,2.2964,2.29238
3.5090000000000005e-05,2.28574,2.29459,2.290165
3.51e-05,2.29194,2.29861,2.295275
3.511e-05,2.28655,2.29147,2.28901
3.5119999999999996e-05,2.28697,2.29686,2.291915
3.5130000000000004e-05,2.29155,2.29825,2.2949
3.514e-05,2.28381,2.29615,2.28998
3.515e-05,2.2859,2.29982,2.29286
3.5159999999999995e-05,2.28447,2.29301,2.28874
3.517e-05,2.29433,2.29584,2.295085
3.5180000000000005e-05,2.2902,2.29022,2.29021
3.519e-05,2.294,2.28704,2.29052
3.52e-05,2.30161,2.29973,2.30067
3.521e-05,2.28472,2.29977,2.292245
3.522e-05,2.28284,2.29873,2.290785
3.523e-05,2.29266,2.29057,2.291615
3.524e-05,2.28814,2.29463,2.291385
3.5249999999999996e-05,2.27938,2.29115,2.285265
3.526e-05,2.28379,2.29057,2.28718
3.527e-05,2.2844,2.29305,2.288725
3.528e-05,2.28448,2.29334,2.28891
3.529e-05,2.27884,2.28541,2.282125
3.53e-05,2.28068,2.29324,2.28696
3.531e-05,2.28274,2.29669,2.289715
3.5319999999999994e-05,2.27588,2.28915,2.282515
3.533e-05,2.27812,2.30019,2.289155
3.5340000000000004e-05,2.28146,2.30143,2.291445
3.535e-05,2.28511,2.29198,2.288545
3.536e-05,2.28329,2.30088,2.292085
3.537e-05,2.28471,2.2957,2.290205
3.5380000000000003e-05,2.28515,2.29988,2.292515
3.539e-05,2.27838,2.30234,2.29036
3.54e-05,2.27663,2.30603,2.29133
3.5409999999999995e-05,2.28395,2.3027,2.293325
3.542e-05,2.28799,2.30484,2.296415
3.5430000000000005e-05,2.27595,2.30247,2.28921
3.544e-05,2.27209,2.29751,2.2848
3.545e-05,2.28366,2.30268,2.29317
3.5459999999999996e-05,2.28676,2.30234,2.29455
3.5470000000000004e-05,2.27296,2.29911,2.286035
3.548e-05,2.28428,2.30343,2.293855
3.549e-05,2.28846,2.30394,2.2962
3.5499999999999996e-05,2.287,2.30229,2.294645
3.551e-05,2.28292,2.30096,2.29194
3.5520000000000006e-05,2.28105,2.31016,2.295605
3.553e-05,2.28504,2.30053,2.292785
3.554e-05,2.28601,2.29522,2.290615
3.555e-05,2.28813,2.29201,2.29007
3.556e-05,2.28864,2.2968,2.29272
3.557e-05,2.28553,2.2928,2.289165
3.558e-05,2.28238,2.29353,2.287955
3.559e-05,2.289,2.293,2.291
3.56e-05,2.28926,2.29217,2.290715
3.561e-05,2.28938,2.29379,2.291585
3.562e-05,2.28217,2.28942,2.285795
3.563e-05,2.28433,2.29022,2.287275
3.564e-05,2.28906,2.28833,2.288695
3.565e-05,2.28551,2.27619,2.28085
3.5659999999999994e-05,2.28913,2.29045,2.28979
3.567e-05,2.28282,2.29907,2.290945
3.568e-05,2.28136,2.29801,2.289685
3.569e-05,2.29111,2.30454,2.297825
3.57e-05,2.28342,2.29357,2.288495
3.571e-05,2.27826,2.29621,2.287235
3.5720000000000004e-05,2.27946,2.29212,2.28579
3.573e-05,2.2758,2.29462,2.28521
3.574e-05,2.2824,2.29501,2.288705
3.5749999999999995e-05,2.28311,2.29306,2.288085
3.576e-05,2.27494,2.29619,2.285565
3.5770000000000005e-05,2.28805,2.29353,2.29079
3.578e-05,2.283,2.29415,2.288575
3.579e-05,2.28537,2.2949,2.290135
3.5799999999999996e-05,2.2877,2.29708,2.29239
3.5810000000000004e-05,2.28693,2.29318,2.290055
3.582e-05,2.28601,2.29424,2.290125
3.583e-05,2.27735,2.30212,2.289735
3.584e-05,2.27918,2.29487,2.287025
3.585e-05,2.2849,2.28835,2.286625
3.586e-05,2.27898,2.31008,2.29453
3.587e-05,2.27646,2.29152,2.28399
3.588e-05,2.28171,2.30225,2.29198
3.589e-05,2.28908,2.29968,2.29438
3.59e-05,2.28884,2.29758,2.29321
3.591e-05,2.28007,2.29033,2.2852
3.592e-05,2.28455,2.29902,2.291785
3.5929999999999997e-05,2.29151,2.29484,2.293175
3.594e-05,2.28451,2.30337,2.29394
3.595e-05,2.28361,2.30441,2.29401
3.596e-05,2.28056,2.29795,2.289255
3.597e-05,2.28142,2.30856,2.29499
3.598e-05,2.2815,2.30395,2.292725
3.599e-05,2.29077,2.29849,2.29463
3.5999999999999994e-05,2.28082,2.2952,2.28801
3.601e-05,2.28725,2.2969,2.292075
3.6020000000000004e-05,2.27951,2.29639,2.28795
3.603e-05,2.29012,2.30052,2.29532
3.604e-05,2.28641,2.28966,2.288035
3.6049999999999995e-05,2.28309,2.30139,2.29224
3.6060000000000004e-05,2.28443,2.29671,2.29057
3.607e-05,2.27792,2.2989,2.28841
3.608e-05,2.28696,2.29848,2.29272
3.609e-05,2.2856,2.29861,2.292105
3.61e-05,2.28414,2.2967,2.29042
3.611e-05,2.28229,2.29921,2.29075
3.612e-05,2.27993,2.2969,2.288415
3.613e-05,2.28182,2.30443,2.293125
3.6139999999999996e-05,2.28501,2.29925,2.29213
3.6150000000000005e-05,2.28147,2.28835,2.28491
3.616e-05,2.27519,2.28921,2.2822
3.617e-05,2.27534,2.29218,2.28376
3.6179999999999996e-05,2.28164,2.28764,2.28464
3.619e-05,2.28879,2.28829,2.28854
3.6200000000000006e-05,2.2874,2.29647,2.291935
3.621e-05,2.28808,2.29533,2.291705
3.622e-05,2.28039,2.29147,2.28593
3.623e-05,2.29025,2.29824,2.294245
3.624e-05,2.28401,2.30021,2.29211
3.625e-05,2.28303,2.2949,2.288965
3.626e-05,2.27813,2.3033,2.290715
3.6270000000000003e-05,2.28405,2.29649,2.29027
3.628e-05,2.28182,2.2945,2.28816
3.628999999999999e-05,2.28723,2.29315,2.29019
3.63e-05,2.29074,2.29414,2.29244
3.631e-05,2.28823,2.29906,2.293645
3.632e-05,2.27733,2.30427,2.2908
3.633e-05,2.28725,2.30023,2.29374
3.634e-05,2.28715,2.30633,2.29674
3.635e-05,2.28703,2.29421,2.29062
3.636e-05,2.29785,2.30173,2.29979
3.637e-05,2.28724,2.3008,2.29402
3.638e-05,2.28645,2.30387,2.29516
3.6389999999999995e-05,2.28893,2.2959,2.292415
3.6400000000000004e-05,2.28541,2.30113,2.29327
3.641e-05,2.2843,2.30467,2.294485
3.642e-05,2.28566,2.29733,2.291495
3.6429999999999995e-05,2.28235,2.28562,2.283985
3.6440000000000003e-05,2.28414,2.29394,2.28904
3.6450000000000005e-05,2.28246,2.30245,2.292455
3.646e-05,2.28204,2.29933,2.290685
3.6469999999999995e-05,2.28317,2.29757,2.29037
3.6479999999999996e-05,2.2841,2.30594,2.29502
3.6490000000000005e-05,2.28404,2.29655,2.290295
3.65e-05,2.2845,2.29123,2.287865
3.651e-05,2.28388,2.30065,2.292265
3.652e-05,2.29503,2.29037,2.2927
3.653e-05,2.29053,2.29,2.290265
3.654e-05,2.2813,2.29718,2.28924
3.655e-05,2.28727,2.30558,2.296425
3.656e-05,2.28493,2.2985,2.291715
3.657e-05,2.28514,2.29388,2.28951
3.658e-05,2.28311,2.30185,2.29248
3.659000000000001e-05,2.27937,2.30588,2.292625
3.66e-05,2.27835,2.31349,2.29592
3.661e-05,2.27975,2.30402,2.291885
3.662e-05,2.27585,2.30435,2.2901
3.663e-05,2.28148,2.302,2.29174
3.664e-05,2.28632,2.30759,2.296955
3.665e-05,2.27591,2.29734,2.286625
3.666e-05,2.27536,2.29094,2.28315
3.667e-05,2.28284,2.29998,2.29141
3.6679999999999994e-05,2.27501,2.29209,2.28355
3.669e-05,2.28828,2.30247,2.295375
3.6700000000000004e-05,2.28952,2.3003,2.29491
3.671e-05,2.28089,2.30813,2.29451
3.6719999999999994e-05,2.27873,2.30005,2.28939
3.6729999999999996e-05,2.27919,2.30035,2.28977
3.6740000000000004e-05,2.28332,2.30357,2.293445
3.675e-05,2.28679,2.30181,2.2943
3.676e-05,2.28276,2.29698,2.28987
3.677e-05,2.2812,2.29511,2.288155
3.678e-05,2.28392,2.2994,2.29166
3.679e-05,2.28565,2.30392,2.294785
3.68e-05,2.28148,2.28948,2.28548
3.681e-05,2.27896,2.3095,2.29423
3.6819999999999996e-05,2.27508,2.30357,2.289325
3.6830000000000005e-05,2.28517,2.28879,2.28698
3.6840000000000006e-05,2.28314,2.29573,2.289435
3.685e-05,2.28488,2.29211,2.288495
3.6859999999999996e-05,2.28728,2.2964,2.29184
3.687e-05,2.28698,2.29724,2.29211
3.6880000000000006e-05,2.28855,2.28642,2.287485
3.689e-05,2.28659,2.29521,2.2909
3.6899999999999996e-05,2.28607,2.29372,2.289895
3.691e-05,2.28952,2.29512,2.29232
3.692e-05,2.28725,2.29745,2.29235
3.693e-05,2.28583,2.29961,2.29272
3.694e-05,2.28669,2.30284,2.294765
3.6950000000000004e-05,2.28983,2.3032,2.296515
3.696e-05,2.28482,2.2933,2.28906
3.696999999999999e-05,2.28855,2.28737,2.28796
3.698e-05,2.28134,2.2977,2.28952
3.699e-05,2.28476,2.29746,2.29111
3.7e-05,2.28647,2.30036,2.293415
3.701e-05,2.28922,2.30738,2.2983
3.702e-05,2.29465,2.30472,2.299685
3.703e-05,2.29675,2.30008,2.298415
3.704e-05,2.29207,2.30483,2.29845
3.705e-05,2.29079,2.29563,2.29321
3.706e-05,2.29672,2.30098,2.29885
3.7069999999999996e-05,2.28804,2.29541,2.291725
3.708e-05,2.28894,2.29408,2.29151
3.7090000000000006e-05,2.2853,2.29955,2.292425
3.71e-05,2.29487,2.29499,2.29493
3.7109999999999995e-05,2.2925,2.30569,2.299095
3.712e-05,2.28663,2.30069,2.29366
3.7130000000000005e-05,2.28106,2.31064,2.29585
3.714e-05,2.28872,2.3062,2.29746
3.7149999999999995e-05,2.28435,2.2953,2.289825
3.7159999999999997e-05,2.28625,2.30298,2.294615
3.7170000000000005e-05,2.28507,2.3039,2.294485
3.718e-05,2.28457,2.30541,2.29499
3.719e-05,2.27674,2.30352,2.29013
3.72e-05,2.28989,2.29523,2.29256
3.721e-05,2.29104,2.29012,2.29058
3.722e-05,2.28578,2.29482,2.2903
3.723e-05,2.28517,2.30575,2.29546
3.724e-05,2.27998,2.30167,2.290825
3.725e-05,2.28222,2.30887,2.295545
3.726e-05,2.2827,2.30197,2.292335
3.727000000000001e-05,2.2894,2.29783,2.293615
3.728e-05,2.28736,2.30202,2.29469
3.729e-05,2.28534,2.29774,2.29154
3.73e-05,2.28126,2.30006,2.29066
3.731e-05,2.28796,2.30026,2.29411
3.732e-05,2.28033,2.29306,2.286695
3.733e-05,2.27803,2.29616,2.287095
3.7340000000000005e-05,2.28239,2.30358,2.292985
3.735e-05,2.28717,2.28802,2.287595
3.7359999999999995e-05,2.2905,2.29798,2.29424
3.737e-05,2.28279,2.29605,2.28942
3.7380000000000005e-05,2.28586,2.29983,2.292845
3.739e-05,2.28481,2.29472,2.289765
3.7399999999999994e-05,2.28322,2.29938,2.2913
3.7409999999999996e-05,2.28902,2.29837,2.293695
3.7420000000000004e-05,2.28335,2.29816,2.290755
3.743e-05,2.29478,2.30411,2.299445
3.744e-05,2.28791,2.29841,2.29316
3.745e-05,2.27862,2.30546,2.29204
3.746e-05,2.27942,2.30496,2.29219
3.747e-05,2.28443,2.30416,2.294295
3.748e-05,2.28078,2.30023,2.290505
3.749e-05,2.28713,2.29878,2.292955
3.75e-05,2.28794,2.30198,2.29496
3.750999999999999e-05,2.29076,2.29711,2.293935
3.752000000000001e-05,2.2928,2.30344,2.29812
3.753e-05,2.29128,2.30485,2.298065
3.7539999999999996e-05,2.28921,2.29722,2.293215
3.755e-05,2.2872,2.29313,2.290165
3.7560000000000006e-05,2.28422,2.29472,2.28947
3.757e-05,2.28138,2.29248,2.28693
3.7579999999999996e-05,2.28094,2.29621,2.288575
3.7590000000000004e-05,2.28558,2.30461,2.295095
3.76e-05,2.28869,2.29122,2.289955
3.761e-05,2.28542,2.3026,2.29401
3.762e-05,2.28434,2.29425,2.289295
3.7630000000000004e-05,2.2846,2.29658,2.29059
3.764e-05,2.28787,2.29659,2.29223
3.7649999999999994e-05,2.28938,2.29797,2.293675
3.766e-05,2.28873,2.29469,2.29171
3.7670000000000004e-05,2.2895,2.30354,2.29652
3.768e-05,2.29139,2.29782,2.294605
3.768999999999999e-05,2.2864,2.30014,2.29327
3.77e-05,2.28492,2.29834,2.29163
3.771e-05,2.28502,2.29377,2.289395
3.772e-05,2.28836,2.30381,2.296085
3.773e-05,2.28227,2.29755,2.28991
3.774e-05,2.2852,2.29753,2.291365
3.7749999999999996e-05,2.28225,2.29362,2.287935
3.776e-05,2.27853,2.29576,2.287145
3.7770000000000006e-05,2.27915,2.29992,2.289535
3.778e-05,2.28142,2.29476,2.28809
3.7789999999999996e-05,2.28275,2.29428,2.288515
3.78e-05,2.28497,2.29271,2.28884
3.7810000000000006e-05,2.28384,2.29134,2.28759
3.782e-05,2.28994,2.29529,2.292615
3.7829999999999995e-05,2.2802,2.29367,2.286935
3.7840000000000004e-05,2.28138,2.29071,2.286045
3.785e-05,2.28852,2.29107,2.289795
3.786e-05,2.28919,2.29797,2.29358
3.787e-05,2.28621,2.29481,2.29051
3.788e-05,2.28207,2.30215,2.29211
3.789e-05,2.28552,2.29676,2.29114
3.789999999999999e-05,2.2863,2.30075,2.293525
3.791e-05,2.28114,2.29435,2.287745
3.792e-05,2.28028,2.3043,2.29229
3.793e-05,2.28937,2.29905,2.29421
3.793999999999999e-05,2.28868,2.30498,2.29683
3.795000000000001e-05,2.28434,2.31313,2.298735
3.796e-05,2.29189,2.30313,2.29751
3.797e-05,2.28998,2.30498,2.29748
3.798e-05,2.29883,2.29763,2.29823
3.799e-05,2.29371,2.29648,2.295095
3.8e-05,2.28863,2.30207,2.29535
3.801e-05,2.28396,2.2937,2.28883
3.8020000000000005e-05,2.28331,2.29664,2.289975
3.803e-05,2.28018,2.29678,2.28848
3.8039999999999995e-05,2.28,2.30977,2.294885
3.805e-05,2.28855,2.30815,2.29835
3.8060000000000005e-05,2.29022,2.3086,2.29941
3.807e-05,2.28376,2.31199,2.297875
3.8079999999999995e-05,2.28972,2.31138,2.30055
3.809e-05,2.28745,2.31335,2.3004
3.8100000000000005e-05,2.28322,2.30772,2.29547
3.811e-05,2.278,2.31104,2.29452
3.8119999999999994e-05,2.28398,2.30942,2.2967
3.813e-05,2.29013,2.32015,2.30514
3.814e-05,2.28951,2.31338,2.301445
3.815e-05,2.27975,2.31438,2.297065
3.816e-05,2.28514,2.31386,2.2995
3.817e-05,2.27861,2.30437,2.29149
3.818e-05,2.28112,2.29989,2.290505
3.818999999999999e-05,2.28456,2.30852,2.29654
3.820000000000001e-05,2.28362,2.31075,2.297185
3.821e-05,2.28299,2.30911,2.29605
3.8219999999999997e-05,2.27764,2.30873,2.293185
3.823e-05,2.27853,2.31257,2.29555
3.824e-05,2.2789,2.30182,2.29036
3.825e-05,2.27517,2.30784,2.291505
3.8259999999999996e-05,2.28012,2.30254,2.29133
3.8270000000000005e-05,2.28569,2.30743,2.29656
3.828e-05,2.28055,2.30673,2.29364
3.829e-05,2.28404,2.29757,2.290805
3.8299999999999996e-05,2.28544,2.30247,2.293955
3.8310000000000004e-05,2.28168,2.30393,2.292805
3.832e-05,2.28692,2.30721,2.297065
3.8329999999999994e-05,2.28915,2.30326,2.296205
3.834000000000001e-05,2.28677,2.31038,2.298575
3.8350000000000004e-05,2.28749,2.30897,2.29823
3.836e-05,2.28185,2.29814,2.289995
3.8369999999999993e-05,2.28859,2.30636,2.297475
3.838e-05,2.28501,2.28999,2.2875
3.8390000000000003e-05,2.28542,2.3022,2.29381
3.84e-05,2.29052,2.30035,2.295435
3.841e-05,2.28469,2.30421,2.29445
3.842e-05,2.29371,2.29458,2.294145
3.8429999999999996e-05,2.28971,2.30029,2.295
3.844e-05,2.28438,2.30336,2.29387
3.8450000000000006e-05,2.28862,2.31281,2.300715
3.846e-05,2.27301,2.29784,2.285425
3.8469999999999996e-05,2.27917,2.30204,2.290605
3.848e-05,2.28343,2.299,2.291215
3.8490000000000006e-05,2.27555,2.30362,2.289585
3.85e-05,2.28001,2.30329,2.29165
3.8509999999999996e-05,2.2867,2.29248,2.28959
3.8520000000000004e-05,2.28249,2.30118,2.291835
3.853e-05,2.28752,2.3102,2.29886
3.854e-05,2.28002,2.30728,2.29365
3.8549999999999995e-05,2.28358,2.30552,2.29455
3.8560000000000004e-05,2.28288,2.29937,2.291125
3.857e-05,2.2854,2.29503,2.290215
3.857999999999999e-05,2.28874,2.30086,2.2948
3.859000000000001e-05,2.28698,2.29663,2.291805
3.86e-05,2.29243,2.29493,2.29368
3.861e-05,2.29553,2.29592,2.295725
3.861999999999999e-05,2.2887,2.29856,2.29363
3.863000000000001e-05,2.2915,2.28353,2.287515
3.864e-05,2.28501,2.30688,2.295945
3.865e-05,2.28795,2.28838,2.288165
3.866e-05,2.28399,2.3043,2.294145
3.867e-05,2.28478,2.30327,2.294025
3.868e-05,2.29811,2.30753,2.30282
3.869e-05,2.29034,2.29356,2.29195
3.8700000000000006e-05,2.28251,2.30365,2.29308
3.871e-05,2.28443,2.30681,2.29562
3.8719999999999995e-05,2.28452,2.29878,2.29165
3.873e-05,2.27843,2.30095,2.28969
3.8740000000000005e-05,2.28078,2.31388,2.29733
3.875e-05,2.27493,2.30178,2.288355
3.8759999999999995e-05,2.28104,2.29723,2.289135
3.877e-05,2.28048,2.30008,2.29028
3.8780000000000005e-05,2.28222,2.30863,2.295425
3.879e-05,2.28419,2.30941,2.2968
3.8799999999999994e-05,2.27091,2.30195,2.28643
3.881e-05,2.27572,2.30152,2.28862
3.882e-05,2.29141,2.31,2.300705
3.883e-05,2.28884,2.30015,2.294495
3.884000000000001e-05,2.28984,2.30497,2.297405
3.885e-05,2.28296,2.30746,2.29521
3.886e-05,2.28204,2.29723,2.289635
3.886999999999999e-05,2.29283,2.30297,2.2979
3.888000000000001e-05,2.28318,2.30099,2.292085
3.889e-05,2.28357,2.30776,2.295665
3.89e-05,2.28382,2.31727,2.300545
3.890999999999999e-05,2.28713,2.31015,2.29864
3.892e-05,2.29084,2.31173,2.301285
3.893e-05,2.2922,2.31034,2.30127
3.8939999999999996e-05,2.28991,2.30974,2.299825
3.8950000000000005e-05,2.28827,2.29991,2.29409
3.896e-05,2.29266,2.30041,2.296535
3.8969999999999994e-05,2.29239,2.30706,2.299725
3.8979999999999996e-05,2.28951,2.30484,2.297175
3.8990000000000004e-05,2.28718,2.30266,2.29492
3.9e-05,2.28517,2.32405,2.30461
3.9009999999999994e-05,2.28809,2.31007,2.29908
3.902000000000001e-05,2.28396,2.3089,2.29643
3.9030000000000004e-05,2.28148,2.30541,2.293445
3.904e-05,2.2877,2.30971,2.298705
3.9049999999999994e-05,2.27634,2.2964,2.28637
3.906e-05,2.28422,2.31872,2.30147
3.9070000000000004e-05,2.27957,2.30763,2.2936
3.908e-05,2.27862,2.30558,2.2921
3.909000000000001e-05,2.27466,2.3152,2.29493
3.91e-05,2.27813,2.30604,2.292085
3.9109999999999997e-05,2.27561,2.30164,2.288625
3.912e-05,2.27096,2.32241,2.296685
3.9130000000000007e-05,2.27442,2.31321,2.293815
3.914e-05,2.28487,2.31864,2.301755
3.9149999999999996e-05,2.27456,2.31606,2.29531
3.915999999999999e-05,2.28031,2.31099,2.29565
3.9170000000000006e-05,2.27598,2.3113,2.29364
3.918e-05,2.27897,2.3177,2.298335
3.9189999999999996e-05,2.27634,2.29985,2.288095
3.9200000000000004e-05,2.27692,2.31259,2.294755
3.921e-05,2.2721,2.3046,2.28835
3.922e-05,2.27603,2.31844,2.297235
3.9229999999999995e-05,2.27492,2.30593,2.290425
3.9240000000000004e-05,2.27025,2.31884,2.294545
3.925e-05,2.27341,2.31052,2.291965
3.9259999999999993e-05,2.27109,2.31352,2.292305
3.927000000000001e-05,2.27219,2.31279,2.29249
3.9280000000000003e-05,2.27284,2.31798,2.29541
3.929e-05,2.27135,2.3119,2.291625
3.929999999999999e-05,2.27911,2.30333,2.29122
3.931e-05,2.28168,2.31296,2.29732
3.932e-05,2.28079,2.32095,2.30087
3.933e-05,2.26956,2.3191,2.29433
3.934e-05,2.27606,2.31401,2.295035
3.935e-05,2.2727,2.30407,2.288385
3.9359999999999996e-05,2.28209,2.3044,2.293245
3.937e-05,2.28003,2.30659,2.29331
3.9380000000000006e-05,2.27851,2.31045,2.29448
3.939e-05,2.286,2.30205,2.294025
3.9399999999999995e-05,2.27831,2.30339,2.29085
3.940999999999999e-05,2.28445,2.30836,2.296405
3.9420000000000005e-05,2.27519,2.30293,2.28906
3.943e-05,2.27748,2.3131,2.29529
3.9439999999999995e-05,2.27499,2.31147,2.29323
3.9450000000000003e-05,2.28775,2.30851,2.29813
3.9460000000000005e-05,2.27733,2.30355,2.29044
3.947e-05,2.27767,2.31126,2.294465
3.9479999999999995e-05,2.28794,2.31664,2.30229
3.949e-05,2.28591,2.30872,2.297315
3.95e-05,2.28053,2.31963,2.30008
3.951e-05,2.28382,2.32127,2.302545
3.952000000000001e-05,2.27373,2.30761,2.29067
3.953e-05,2.28199,2.30338,2.292685
3.954e-05,2.28489,2.30216,2.293525
3.954999999999999e-05,2.28358,2.31215,2.297865
3.956000000000001e-05,2.27805,2.31076,2.294405
3.957e-05,2.27807,2.31985,2.29896
3.958e-05,2.27959,2.32061,2.3001
3.959e-05,2.27545,2.30624,2.290845
3.96e-05,2.27475,2.30566,2.290205
3.961e-05,2.26909,2.30769,2.28839
3.962e-05,2.2772,2.29262,2.28491
3.9630000000000005e-05,2.27794,2.29454,2.28624
3.964e-05,2.27047,2.29948,2.284975
3.9649999999999995e-05,2.26794,2.29938,2.28366
3.9659999999999996e-05,2.2677,2.31068,2.28919
3.9670000000000005e-05,2.27515,2.30049,2.28782
3.968e-05,2.28004,2.29651,2.288275
3.9689999999999994e-05,2.2761,2.29193,2.284015
3.97e-05,2.27547,2.2966,2.286035
3.9710000000000004e-05,2.26862,2.29377,2.281195
3.972e-05,2.27087,2.29176,2.281315
3.9729999999999994e-05,2.27105,2.28522,2.278135
3.974e-05,2.28111,2.29085,2.28598
3.9750000000000004e-05,2.27684,2.29887,2.287855
3.976e-05,2.27735,2.30609,2.29172
3.977e-05,2.27423,2.31076,2.292495
3.978e-05,2.28048,2.31143,2.295955
3.979e-05,2.27284,2.30038,2.28661
3.98e-05,2.27773,2.29351,2.28562
3.981000000000001e-05,2.27771,2.30648,2.292095
3.982e-05,2.27752,2.29854,2.28803
3.9829999999999996e-05,2.2684,2.30808,2.28824
3.984e-05,2.27272,2.31016,2.29144
3.9850000000000006e-05,2.27188,2.29903,2.285455
3.986e-05,2.27277,2.30582,2.289295
3.9869999999999996e-05,2.2783,2.30709,2.292695
3.9880000000000004e-05,2.27254,2.30423,2.288385
3.989e-05,2.27698,2.3133,2.29514
3.99e-05,2.27659,2.30332,2.289955
3.9909999999999996e-05,2.27412,2.30472,2.28942
3.9920000000000004e-05,2.26942,2.30442,2.28692
3.993e-05,2.27018,2.30714,2.28866
3.9939999999999994e-05,2.26639,2.30464,2.285515
3.995e-05,2.27245,2.30395,2.2882
3.9960000000000004e-05,2.26863,2.2956,2.282115
3.997e-05,2.27069,2.2959,2.283295
3.997999999999999e-05,2.27383,2.29567,2.28475
3.999e-05,2.26902,2.29385,2.281435
4e-05,2.27458,2.29815,2.286365
4.001e-05,2.27404,2.29194,2.28299
4.002e-05,2.27838,2.28788,2.28313
4.003e-05,2.27554,2.29712,2.28633
4.0039999999999996e-05,2.27364,2.30647,2.290055
4.005e-05,2.27579,2.30436,2.290075
4.0060000000000006e-05,2.27546,2.30311,2.289285
4.007e-05,2.27401,2.30182,2.287915
4.0079999999999996e-05,2.27952,2.296,2.28776
4.009e-05,2.27586,2.30216,2.28901
4.0100000000000006e-05,2.2814,2.30408,2.29274
4.011e-05,2.27416,2.31109,2.292625
4.0119999999999995e-05,2.26739,2.31112,2.289255
4.0130000000000004e-05,2.27279,2.3014,2.287095
4.0140000000000005e-05,2.27715,2.29929,2.28822
4.015e-05,2.27436,2.29971,2.287035
4.0159999999999995e-05,2.27866,2.29672,2.28769
4.017e-05,2.27999,2.30576,2.292875
4.018e-05,2.27052,2.30013,2.285325
4.019e-05,2.27837,2.30077,2.28957
4.02e-05,2.27428,2.29674,2.28551
4.021e-05,2.27817,2.29848,2.288325
4.022e-05,2.28359,2.30195,2.29277
4.022999999999999e-05,2.28901,2.30606,2.297535
4.024000000000001e-05,2.27883,2.30422,2.291525
4.025e-05,2.27178,2.306,2.28889
4.026e-05,2.28136,2.29885,2.290105
4.027e-05,2.2778,2.30547,2.291635
4.028e-05,2.27348,2.30431,2.288895
4.029e-05,2.27523,2.3088,2.292015
4.03e-05,2.28242,2.30632,2.29437
4.0310000000000005e-05,2.2798,2.31322,2.29651
4.032e-05,2.27896,2.30165,2.290305
4.0329999999999995e-05,2.28106,2.30019,2.290625
4.0340000000000003e-05,2.28517,2.3036,2.294385
4.0350000000000005e-05,2.27691,2.30704,2.291975
4.036e-05,2.27442,2.30447,2.289445
4.0369999999999995e-05,2.27747,2.30595,2.29171
4.0379999999999996e-05,2.27522,2.2941,2.28466
4.0390000000000005e-05,2.27834,2.30579,2.292065
4.04e-05,2.2778,2.30502,2.29141
4.0409999999999994e-05,2.27873,2.30053,2.28963
4.042e-05,2.27915,2.30129,2.29022
4.043e-05,2.27428,2.30735,2.290815
4.044e-05,2.27893,2.3059,2.292415
4.045e-05,2.27664,2.30567,2.291155
4.046e-05,2.26955,2.30992,2.289735
4.047e-05,2.26817,2.31004,2.289105
4.047999999999999e-05,2.27196,2.31062,2.29129
4.049000000000001e-05,2.27296,2.31624,2.2946
4.05e-05,2.28026,2.31938,2.29982
4.051e-05,2.28275,2.31932,2.301035
4.052e-05,2.28145,2.30137,2.29141
4.053000000000001e-05,2.27898,2.30651,2.292745
4.054e-05,2.28687,2.29954,2.293205
4.0549999999999996e-05,2.28279,2.30035,2.29157
4.056e-05,2.2854,2.3088,2.2971
4.057e-05,2.27394,2.317,2.29547
4.058e-05,2.28048,2.30106,2.29077
4.059e-05,2.2871,2.30287,2.294985
4.0600000000000004e-05,2.28584,2.29495,2.290395
4.061e-05,2.29075,2.31139,2.30107
4.0619999999999994e-05,2.27668,2.31306,2.29487
4.063e-05,2.27748,2.31038,2.29393
4.0640000000000004e-05,2.27239,2.30904,2.290715
4.065e-05,2.27943,2.30287,2.29115
4.0659999999999994e-05,2.27349,2.30793,2.29071
4.067e-05,2.27525,2.29132,2.283285
4.0680000000000004e-05,2.2706,2.30303,2.286815
4.069e-05,2.27528,2.30184,2.28856
4.07e-05,2.28207,2.30181,2.29194
4.071e-05,2.27309,2.29549,2.28429
4.0719999999999996e-05,2.28381,2.30351,2.29366
4.073e-05,2.27992,2.30663,2.293275
4.0740000000000006e-05,2.27697,2.29141,2.28419
4.075e-05,2.27616,2.30807,2.292115
4.0759999999999996e-05,2.27557,2.2935,2.284535
4.077e-05,2.27708,2.29009,2.283585
4.0780000000000006e-05,2.27709,2.30324,2.290165
4.079e-05,2.28329,2.30872,2.296005
4.0799999999999996e-05,2.27366,2.30706,2.29036
4.081e-05,2.27189,2.30435,2.28812
4.082e-05,2.28249,2.30583,2.29416
4.083e-05,2.27494,2.30918,2.29206
4.084e-05,2.28179,2.30422,2.293005
4.0850000000000004e-05,2.27861,2.31478,2.296695
4.086e-05,2.28253,2.30317,2.29285
4.086999999999999e-05,2.29116,2.30692,2.29904
4.088e-05,2.28305,2.30398,2.293515
4.089e-05,2.29009,2.30432,2.297205
4.09e-05,2.28757,2.31787,2.30272
4.090999999999999e-05,2.28814,2.30845,2.298295
4.092000000000001e-05,2.28581,2.30276,2.294285
4.093e-05,2.28359,2.31598,2.299785
4.094e-05,2.28651,2.30498,2.295745
4.095e-05,2.28904,2.3118,2.30042
4.096e-05,2.28547,2.31015,2.29781
4.097e-05,2.28478,2.31613,2.300455
4.098e-05,2.27844,2.30644,2.29244
4.099e-05,2.27292,2.30844,2.29068
4.1e-05,2.28268,2.31754,2.30011
4.1009999999999995e-05,2.27573,2.30977,2.29275
4.1020000000000004e-05,2.27402,2.31017,2.292095
4.1030000000000005e-05,2.28369,2.31021,2.29695
4.104e-05,2.27433,2.3023,2.288315
4.1049999999999995e-05,2.2829,2.31288,2.29789
4.1059999999999997e-05,2.27613,2.31894,2.297535
4.1070000000000005e-05,2.27979,2.3285,2.304145
4.108e-05,2.29002,2.31616,2.30309
4.109e-05,2.28578,2.32013,2.302955
4.11e-05,2.27542,2.31879,2.297105
4.111e-05,2.28447,2.31505,2.29976
4.112e-05,2.27891,2.32035,2.29963
4.113e-05,2.28177,2.31879,2.30028
4.114e-05,2.28027,2.3155,2.297885
4.115e-05,2.28774,2.32349,2.305615
4.115999999999999e-05,2.2813,2.32659,2.303945
4.117e-05,2.28238,2.31133,2.296855
4.118e-05,2.28959,2.32658,2.308085
4.119e-05,2.28921,2.33041,2.30981
4.12e-05,2.28805,2.3302,2.309125
4.121000000000001e-05,2.28391,2.32444,2.304175
4.122e-05,2.27827,2.32542,2.301845
4.1229999999999997e-05,2.28083,2.33225,2.30654
4.124e-05,2.27954,2.32538,2.30246
4.125e-05,2.28354,2.32048,2.30201
4.126e-05,2.2776,2.32326,2.30043
4.127e-05,2.28372,2.32913,2.306425
4.1280000000000005e-05,2.28332,2.32371,2.303515
4.129e-05,2.279,2.31589,2.297445
4.1299999999999994e-05,2.28275,2.31654,2.299645
4.131e-05,2.27535,2.33012,2.302735
4.1320000000000004e-05,2.27662,2.32286,2.29974
4.133e-05,2.28201,2.33118,2.306595
4.134e-05,2.28147,2.32309,2.30228
4.135e-05,2.27456,2.32105,2.297805
4.1360000000000004e-05,2.27571,2.31275,2.29423
4.137e-05,2.28141,2.31689,2.29915
4.138e-05,2.28268,2.32079,2.301735
4.139e-05,2.27971,2.30802,2.293865
4.14e-05,2.27918,2.31817,2.298675
4.141e-05,2.27693,2.30684,2.291885
4.142e-05,2.28236,2.30061,2.291485
4.143e-05,2.28576,2.30883,2.297295
4.1439999999999996e-05,2.27296,2.31201,2.292485
4.145e-05,2.27982,2.30702,2.29342
4.1460000000000006e-05,2.28054,2.32172,2.30113
4.147e-05,2.2846,2.31273,2.298665
4.1479999999999996e-05,2.28459,2.30841,2.2965
4.149e-05,2.2845,2.30584,2.29517
4.15e-05,2.28643,2.3072,2.296815
4.151e-05,2.28553,2.30831,2.29692
4.152e-05,2.28265,2.31098,2.296815
4.1530000000000004e-05,2.28413,2.30952,2.296825
4.154e-05,2.28788,2.31009,2.298985
4.1549999999999994e-05,2.28427,2.30688,2.295575
4.156e-05,2.28718,2.31249,2.299835
4.1570000000000003e-05,2.28402,2.30826,2.29614
4.158e-05,2.28108,2.31343,2.297255
4.159e-05,2.28214,2.30898,2.29556
4.1599999999999995e-05,2.28432,2.31969,2.302005
4.161e-05,2.28587,2.31129,2.29858
4.162e-05,2.29427,2.31642,2.305345
4.163e-05,2.28372,2.31675,2.300235
4.164e-05,2.28764,2.31082,2.29923
4.165e-05,2.29118,2.30136,2.29627
4.166e-05,2.29115,2.30352,2.297335
4.167e-05,2.29044,2.30522,2.29783
4.168e-05,2.29474,2.31177,2.303255
4.1689999999999996e-05,2.28691,2.30272,2.294815
4.1700000000000004e-05,2.29136,2.31056,2.30096
4.1710000000000006e-05,2.29176,2.31184,2.3018
4.172e-05,2.29283,2.3071,2.299965
4.1729999999999995e-05,2.28941,2.29966,2.294535
4.174e-05,2.2917,2.30772,2.29971
4.1750000000000005e-05,2.2866,2.31598,2.30129
4.176e-05,2.28917,2.30557,2.29737
4.177e-05,2.28656,2.31053,2.298545
4.1779999999999996e-05,2.29236,2.30642,2.29939
4.179e-05,2.29469,2.29903,2.29686
4.18e-05,2.28717,2.30159,2.29438
4.181e-05,2.28653,2.30249,2.29451
4.182e-05,2.29302,2.31084,2.30193
4.183e-05,2.28781,2.30789,2.29785
4.184e-05,2.28918,2.31047,2.299825
4.185e-05,2.28524,2.30652,2.29588
4.186e-05,2.2904,2.30887,2.299635
4.187e-05,2.2877,2.31112,2.29941
4.188e-05,2.28586,2.30964,2.29775
4.189e-05,2.28438,2.3114,2.29789
4.19e-05,2.28846,2.30838,2.29842
4.191e-05,2.29868,2.30544,2.30206
4.192e-05,2.29265,2.31152,2.302085
4.193e-05,2.28783,2.30659,2.29721
4.1939999999999995e-05,2.28946,2.3069,2.29818
4.195e-05,2.28599,2.30685,2.29642
4.1960000000000005e-05,2.28798,2.30363,2.295805
4.197e-05,2.28416,2.29399,2.289075
4.1979999999999994e-05,2.2919,2.29717,2.294535
4.199e-05,2.29105,2.30085,2.29595
4.2000000000000004e-05,2.28909,2.28831,2.2887
4.201e-05,2.29072,2.30182,2.29627
4.202e-05,2.29094,2.29552,2.29323
4.2029999999999996e-05,2.28831,2.31068,2.299495
4.2040000000000004e-05,2.28669,2.30517,2.29593
4.205e-05,2.28813,2.29956,2.293845
4.206e-05,2.29164,2.30282,2.29723
4.207e-05,2.28632,2.29967,2.292995
4.208e-05,2.28858,2.29969,2.294135
4.2090000000000005e-05,2.29028,2.30287,2.296575
4.21e-05,2.28717,2.31186,2.299515
4.211e-05,2.28437,2.30983,2.2971
4.2119999999999997e-05,2.27852,2.30918,2.29385
4.213e-05,2.28553,2.30654,2.296035
4.2140000000000006e-05,2.28748,2.29788,2.29268
4.215e-05,2.28495,2.30366,2.294305
4.2159999999999996e-05,2.28141,2.30785,2.29463
4.217e-05,2.28211,2.29697,2.28954
4.218e-05,2.28402,2.29516,2.28959
4.219e-05,2.2903,2.29517,2.292735
4.22e-05,2.28651,2.2942,2.290355
4.221e-05,2.29256,2.29558,2.29407
4.222e-05,2.2929,2.29735,2.295125
4.2229999999999994e-05,2.29082,2.2973,2.29406
4.224e-05,2.29423,2.29833,2.29628
4.2250000000000004e-05,2.2858,2.30899,2.297395
4.226e-05,2.28768,2.3006,2.29414
4.227e-05,2.2918,2.29707,2.294435
4.2279999999999995e-05,2.28515,2.30141,2.29328
4.229e-05,2.29198,2.30122,2.2966
4.23e-05,2.28619,2.3108,2.298495
4.231e-05,2.288,2.29928,2.29364
4.232e-05,2.29111,2.30325,2.29718
4.2329999999999996e-05,2.28362,2.29543,2.289525
4.2340000000000005e-05,2.29133,2.30465,2.29799
4.235e-05,2.29077,2.30105,2.29591
4.236e-05,2.28909,2.31073,2.29991
4.2369999999999996e-05,2.29227,2.30681,2.29954
4.2380000000000004e-05,2.2953,2.31314,2.30422
4.239e-05,2.29098,2.30682,2.2989
4.24e-05,2.29639,2.30628,2.301335
4.2409999999999995e-05,2.28657,2.30689,2.29673
4.242e-05,2.29378,2.29783,2.295805
4.2430000000000005e-05,2.29078,2.31201,2.301395
4.244e-05,2.28993,2.31762,2.303775
4.245e-05,2.28666,2.32224,2.30445
4.246e-05,2.29579,2.31608,2.305935
4.247e-05,2.2862,2.30503,2.295615
4.248e-05,2.29454,2.30556,2.30005
4.249e-05,2.29075,2.30684,2.298795
4.25e-05,2.28847,2.31079,2.29963
4.251e-05,2.27941,2.30986,2.294635
4.252e-05,2.29057,2.3092,2.299885
4.253e-05,2.29088,2.30852,2.2997
4.254e-05,2.29903,2.31055,2.30479
4.255e-05,2.28931,2.29852,2.293915
4.256e-05,2.28961,2.30351,2.29656
4.257e-05,2.28415,2.30093,2.29254
4.258e-05,2.28781,2.30688,2.297345
4.2590000000000004e-05,2.29024,2.30798,2.29911
4.26e-05,2.29378,2.31257,2.303175
4.261e-05,2.28693,2.31458,2.300755
4.2619999999999995e-05,2.29022,2.30836,2.29929
4.2630000000000004e-05,2.28801,2.3027,2.295355
4.264e-05,2.28834,2.29827,2.293305
4.265e-05,2.29316,2.30522,2.29919
4.2659999999999995e-05,2.29532,2.29973,2.297525
4.2669999999999996e-05,2.28898,2.30538,2.29718
4.2680000000000005e-05,2.28966,2.3038,2.29673
4.269e-05,2.28453,2.3013,2.292915
4.27e-05,2.28941,2.30661,2.29801
4.2709999999999996e-05,2.29129,2.30242,2.296855
4.2720000000000004e-05,2.29415,2.30531,2.29973
4.273e-05,2.29223,2.30625,2.29924
4.274e-05,2.28793,2.3084,2.298165
4.275e-05,2.2925,2.29893,2.295715
4.276e-05,2.28904,2.30834,2.29869
4.2770000000000006e-05,2.29414,2.30669,2.300415
4.278e-05,2.28966,2.29569,2.292675
4.279e-05,2.2936,2.29852,2.29606
4.28e-05,2.29489,2.29902,2.296955
4.281e-05,2.28893,2.28996,2.289445
4.282e-05,2.29257,2.29177,2.29217
4.283e-05,2.28532,2.29898,2.29215
4.284e-05,2.28632,2.29753,2.291925
4.285e-05,2.29461,2.29723,2.29592
4.286e-05,2.28378,2.30564,2.29471
4.287e-05,2.2817,2.29905,2.290375
4.288e-05,2.28876,2.30016,2.29446
4.289e-05,2.29095,2.30168,2.296315
4.29e-05,2.291,2.29795,2.294475
4.2909999999999994e-05,2.28425,2.30388,2.294065
4.292e-05,2.28932,2.30487,2.297095
4.2930000000000004e-05,2.29416,2.30118,2.29767
4.294e-05,2.28787,2.29875,2.29331
4.295e-05,2.29506,2.29758,2.29632
4.2959999999999995e-05,2.28789,2.30665,2.29727
4.2970000000000004e-05,2.28302,2.29675,2.289885
4.298e-05,2.28675,2.29525,2.291
4.299e-05,2.29204,2.30179,2.296915
4.2999999999999995e-05,2.2895,2.30297,2.296235
4.3009999999999996e-05,2.28775,2.31242,2.300085
4.3020000000000005e-05,2.28778,2.30883,2.298305
4.303e-05,2.28506,2.3026,2.29383
4.304e-05,2.29033,2.30729,2.29881
4.3049999999999996e-05,2.28152,2.29499,2.288255
4.306e-05,2.27558,2.30648,2.29103
4.307e-05,2.28544,2.30471,2.295075
4.308e-05,2.2843,2.31133,2.297815
4.309e-05,2.29034,2.30397,2.297155
4.31e-05,2.2838,2.30308,2.29344
4.3110000000000006e-05,2.29058,2.3018,2.29619
4.312e-05,2.28374,2.30535,2.294545
4.313e-05,2.28979,2.30709,2.29844
4.314e-05,2.29518,2.31064,2.30291
4.315e-05,2.29182,2.30129,2.296555
4.316e-05,2.28207,2.31048,2.296275
4.317e-05,2.2845,2.30996,2.29723
4.318e-05,2.28945,2.30129,2.29537
4.319e-05,2.28972,2.31268,2.3012
4.32e-05,2.28832,2.31077,2.299545
4.321e-05,2.28021,2.31225,2.29623
4.322e-05,2.28721,2.30591,2.29656
4.323e-05,2.29362,2.31392,2.30377
4.324e-05,2.29071,2.3164,2.303555
4.3249999999999994e-05,2.28759,2.30921,2.2984
4.326e-05,2.28298,2.30541,2.294195
4.3270000000000004e-05,2.28491,2.30906,2.296985
4.328e-05,2.29229,2.31056,2.301425
4.329e-05,2.28839,2.31258,2.300485
4.3299999999999995e-05,2.28799,2.31048,2.299235
4.3310000000000004e-05,2.2907,2.31005,2.300375
4.332e-05,2.28971,2.30798,2.298845
4.333e-05,2.29387,2.30964,2.301755
4.334e-05,2.29478,2.31091,2.302845
4.3349999999999997e-05,2.29696,2.30864,2.3028
4.3360000000000005e-05,2.28803,2.30701,2.29752
4.337e-05,2.28884,2.30337,2.296105
4.338e-05,2.29196,2.30957,2.300765
4.3389999999999996e-05,2.285,2.31185,2.298425
4.34e-05,2.28849,2.3176,2.303045
4.341e-05,2.29379,2.31237,2.30308
4.342e-05,2.28462,2.30915,2.296885
4.3429999999999996e-05,2.28563,2.31279,2.29921
4.344e-05,2.28809,2.31168,2.299885
4.3450000000000006e-05,2.29073,2.30395,2.29734
4.346e-05,2.28634,2.30804,2.29719
4.347e-05,2.29162,2.30859,2.300105
4.348e-05,2.28835,2.30067,2.29451
4.349e-05,2.28625,2.3141,2.300175
4.35e-05,2.28418,2.30692,2.29555
4.351e-05,2.28752,2.30808,2.2978
4.3520000000000003e-05,2.28921,2.31121,2.30021
4.353e-05,2.28776,2.31199,2.299875
4.354e-05,2.27845,2.30668,2.292565
4.355e-05,2.29047,2.30383,2.29715
4.356e-05,2.28551,2.31047,2.29799
4.357e-05,2.28334,2.29808,2.29071
4.358e-05,2.27908,2.30382,2.29145
4.359e-05,2.28893,2.30803,2.29848
4.36e-05,2.28195,2.30276,2.292355
4.361e-05,2.28289,2.30392,2.293405
4.362e-05,2.27642,2.30548,2.29095
4.363e-05,2.28533,2.29533,2.29033
4.3639999999999996e-05,2.28095,2.29289,2.28692
4.3650000000000004e-05,2.27671,2.30404,2.290375
4.366e-05,2.27212,2.30496,2.28854
4.367e-05,2.27817,2.30782,2.292995
4.3679999999999995e-05,2.27716,2.30322,2.29019
4.369e-05,2.27483,2.30217,2.2885
4.3700000000000005e-05,2.27462,2.29714,2.28588
4.371e-05,2.28509,2.30879,2.29694
4.372e-05,2.27584,2.30746,2.29165
4.3729999999999996e-05,2.28263,2.30606,2.294345
4.374e-05,2.27923,2.30641,2.29282
4.375e-05,2.28249,2.30241,2.29245
4.376e-05,2.2766,2.29713,2.286865
4.377e-05,2.27699,2.30583,2.29141
4.378e-05,2.27943,2.30415,2.29179
4.379e-05,2.27603,2.30882,2.292425
4.38e-05,2.27807,2.30258,2.290325
4.381e-05,2.28337,2.29291,2.28814
4.382e-05,2.27474,2.29241,2.283575
4.383e-05,2.28057,2.29859,2.28958
4.384000000000001e-05,2.2806,2.30219,2.291395
4.385e-05,2.27777,2.29652,2.287145
4.386e-05,2.28003,2.30546,2.292745
4.387e-05,2.27445,2.30499,2.28972
4.388e-05,2.2797,2.3015,2.2906
4.389e-05,2.28319,2.30355,2.29337
4.39e-05,2.27759,2.30579,2.29169
4.391e-05,2.27548,2.31285,2.294165
4.392e-05,2.28007,2.3141,2.297085
4.3929999999999994e-05,2.27424,2.31268,2.29346
4.394e-05,2.26777,2.31173,2.28975
4.3950000000000004e-05,2.27619,2.30274,2.289465
4.396e-05,2.27691,2.30655,2.29173
4.397e-05,2.29028,2.30395,2.297115
4.3979999999999996e-05,2.27938,2.305,2.29219
4.3990000000000004e-05,2.2742,2.30694,2.29057
4.4e-05,2.28047,2.30823,2.29435
4.401e-05,2.28028,2.31116,2.29572
4.402e-05,2.28074,2.30644,2.29359
4.403e-05,2.27832,2.31269,2.295505
4.404e-05,2.28417,2.30622,2.295195
4.405e-05,2.2802,2.31276,2.29648
4.406e-05,2.28632,2.30575,2.296035
4.4069999999999996e-05,2.27732,2.30451,2.290915
4.408e-05,2.28416,2.31273,2.298445
4.4090000000000006e-05,2.28311,2.31392,2.298515
4.41e-05,2.28067,2.30103,2.29085
4.4109999999999996e-05,2.28577,2.3117,2.298735
4.412e-05,2.28276,2.31807,2.300415
4.413e-05,2.2845,2.31197,2.298235
4.414e-05,2.28006,2.31454,2.2973
4.415e-05,2.28541,2.30449,2.29495
4.416e-05,2.2889,2.31188,2.30039
4.417e-05,2.28379,2.31502,2.299405
4.4179999999999994e-05,2.28856,2.31613,2.302345
4.419e-05,2.28418,2.31307,2.298625
4.4200000000000004e-05,2.28165,2.30945,2.29555
4.421e-05,2.2879,2.31501,2.301455
4.421999999999999e-05,2.27815,2.30937,2.29376
4.423e-05,2.2789,2.31348,2.29619
4.424e-05,2.28136,2.31167,2.296515
4.425e-05,2.28779,2.30591,2.29685
4.426e-05,2.28343,2.30142,2.292425
4.427e-05,2.2747,2.30799,2.291345
4.428e-05,2.27695,2.30091,2.28893
4.429e-05,2.27962,2.31059,2.295105
4.43e-05,2.28201,2.30965,2.29583
4.431e-05,2.29085,2.30241,2.29663
4.4319999999999996e-05,2.28481,2.31176,2.298285
4.4330000000000004e-05,2.27839,2.30878,2.293585
4.4340000000000006e-05,2.28106,2.31022,2.29564
4.435e-05,2.27678,2.30432,2.29055
4.4359999999999995e-05,2.28047,2.31353,2.297
4.437e-05,2.28192,2.29588,2.2889
4.4380000000000005e-05,2.2837,2.30572,2.29471
4.439e-05,2.28214,2.30251,2.292325
4.44e-05,2.28162,2.30911,2.295365
4.441e-05,2.28479,2.30616,2.295475
4.442e-05,2.28603,2.30639,2.29621
4.443e-05,2.28592,2.29897,2.292445
4.444e-05,2.28371,2.30554,2.294625
4.445e-05,2.28695,2.30162,2.294285
4.446e-05,2.28808,2.3043,2.29619
4.446999999999999e-05,2.28944,2.30403,2.296735
4.448e-05,2.29103,2.3059,2.298465
4.449e-05,2.28626,2.30778,2.29702
4.45e-05,2.29074,2.30347,2.297105
4.451e-05,2.28619,2.29931,2.29275
4.452e-05,2.27718,2.30777,2.292475
4.453e-05,2.28391,2.30667,2.29529
4.454e-05,2.28802,2.30862,2.29832
4.455e-05,2.29029,2.31153,2.30091
4.456e-05,2.28518,2.30691,2.296045
4.457e-05,2.29438,2.30544,2.29991
4.4580000000000003e-05,2.29687,2.30309,2.29998
4.4590000000000005e-05,2.28709,2.30588,2.296485
4.46e-05,2.2931,2.31043,2.301765
4.4609999999999995e-05,2.29209,2.3025,2.297295
4.462e-05,2.29,2.30721,2.298605
4.4630000000000005e-05,2.29183,2.3088,2.300315
4.464e-05,2.29275,2.3093,2.301025
4.4649999999999994e-05,2.28862,2.31583,2.302225
4.4659999999999996e-05,2.28585,2.31108,2.298465
4.4670000000000004e-05,2.28582,2.31037,2.298095
4.468e-05,2.28924,2.31948,2.30436
4.469e-05,2.28577,2.3076,2.296685
4.47e-05,2.29211,2.31696,2.304535
4.471e-05,2.28937,2.30744,2.298405
4.472e-05,2.28307,2.30314,2.293105
4.473e-05,2.28544,2.30058,2.29301
4.474e-05,2.29221,2.3064,2.299305
4.475e-05,2.29455,2.30633,2.30044
4.476e-05,2.28524,2.31203,2.298635
4.477000000000001e-05,2.2865,2.30612,2.29631
4.478e-05,2.28694,2.30375,2.295345
4.4789999999999996e-05,2.29026,2.31317,2.301715
4.48e-05,2.28576,2.30726,2.29651
4.481e-05,2.28527,2.3037,2.294485
4.482e-05,2.28498,2.3071,2.29604
4.4829999999999996e-05,2.28409,2.30928,2.296685
4.4840000000000004e-05,2.28284,2.31672,2.29978
4.485e-05,2.2864,2.3146,2.3005
4.4859999999999994e-05,2.28595,2.31363,2.29979
4.487e-05,2.27706,2.31055,2.293805
4.4880000000000004e-05,2.28761,2.31069,2.29915
4.489e-05,2.28523,2.30481,2.29502
4.4899999999999994e-05,2.2818,2.30335,2.292575
4.4909999999999995e-05,2.28146,2.30676,2.29411
4.4920000000000004e-05,2.28181,2.30647,2.29414
4.493e-05,2.28867,2.30922,2.298945
4.494e-05,2.29138,2.31634,2.30386
4.495e-05,2.29083,2.31462,2.302725
4.496e-05,2.29281,2.31195,2.30238
4.497e-05,2.28522,2.3073,2.29626
4.498e-05,2.29145,2.29817,2.29481
4.499e-05,2.28248,2.30051,2.291495
4.4999999999999996e-05,2.28586,2.30287,2.294365
4.5010000000000004e-05,2.28631,2.31542,2.300865
4.5020000000000006e-05,2.28466,2.31085,2.297755
4.503e-05,2.2806,2.30567,2.293135
4.5039999999999996e-05,2.28705,2.31352,2.300285
4.505e-05,2.29062,2.30844,2.29953
4.5060000000000006e-05,2.29147,2.30968,2.300575
4.507e-05,2.29174,2.31152,2.30163
4.5079999999999995e-05,2.28423,2.30831,2.29627
4.5090000000000004e-05,2.28963,2.3049,2.297265
4.51e-05,2.28284,2.31552,2.29918
4.511e-05,2.28238,2.31625,2.299315
4.512e-05,2.28461,2.30867,2.29664
4.513e-05,2.28206,2.30761,2.294835
4.514e-05,2.28379,2.30504,2.294415
4.514999999999999e-05,2.28928,2.31375,2.301515
4.516e-05,2.28548,2.31979,2.302635
4.517e-05,2.28723,2.31015,2.29869
4.518e-05,2.28296,2.30595,2.294455
4.519e-05,2.28638,2.30698,2.29668
4.52e-05,2.29247,2.30531,2.29889
4.521e-05,2.29132,2.30324,2.29728
4.522e-05,2.29055,2.31202,2.301285
4.523e-05,2.28672,2.31578,2.30125
4.524e-05,2.28371,2.31625,2.29998
4.5249999999999995e-05,2.28646,2.30897,2.297715
4.526e-05,2.28753,2.3131,2.300315
4.5270000000000005e-05,2.28801,2.31071,2.29936
4.528e-05,2.28749,2.30596,2.296725
4.5289999999999995e-05,2.291,2.30236,2.29668
4.53e-05,2.28405,2.30398,2.294015
4.5310000000000005e-05,2.2859,2.30397,2.294935
4.532e-05,2.29032,2.31808,2.3042
4.5329999999999995e-05,2.28722,2.31625,2.301735
4.534e-05,2.28336,2.30178,2.29257
4.5350000000000005e-05,2.29184,2.30455,2.298195
4.536e-05,2.28996,2.31412,2.30204
4.537e-05,2.28546,2.3189,2.30218
4.538e-05,2.28578,2.31687,2.301325
4.539e-05,2.28829,2.31455,2.30142
4.54e-05,2.2871,2.32033,2.303715
4.541e-05,2.29238,2.31256,2.30247
4.542e-05,2.29424,2.31988,2.30706
4.543e-05,2.28276,2.31928,2.30102
4.543999999999999e-05,2.28407,2.30784,2.295955
4.545000000000001e-05,2.28982,2.30598,2.2979
4.546e-05,2.27679,2.30089,2.28884
4.547e-05,2.2945,2.30139,2.297945
4.548e-05,2.28119,2.3149,2.298045
4.549e-05,2.28388,2.30528,2.29458
4.55e-05,2.28377,2.31529,2.29953
4.5509999999999996e-05,2.28893,2.30213,2.29553
4.5520000000000005e-05,2.28935,2.29843,2.29389
4.553e-05,2.28165,2.30187,2.29176
4.5539999999999994e-05,2.28041,2.30022,2.290315
4.555e-05,2.27931,2.29828,2.288795
4.5560000000000004e-05,2.28672,2.29361,2.290165
4.557e-05,2.29023,2.30132,2.295775
4.5579999999999994e-05,2.28402,2.29964,2.29183
4.559e-05,2.28134,2.30761,2.294475
4.5600000000000004e-05,2.28148,2.30854,2.29501
4.561e-05,2.28297,2.31007,2.29652
4.562e-05,2.2848,2.29966,2.29223
4.563e-05,2.27703,2.29558,2.286305
4.564e-05,2.27609,2.2963,2.286195
4.565e-05,2.28145,2.30119,2.29132
4.566e-05,2.27745,2.30101,2.28923
4.567e-05,2.28054,2.30115,2.290845
4.5679999999999996e-05,2.28074,2.2991,2.28992
4.568999999999999e-05,2.28419,2.31337,2.29878
4.5700000000000006e-05,2.28621,2.30122,2.293715
4.571e-05,2.28479,2.29878,2.291785
4.5719999999999996e-05,2.28628,2.2995,2.29289
4.573e-05,2.27964,2.30383,2.291735
4.5740000000000006e-05,2.28108,2.30762,2.29435
4.575e-05,2.27846,2.30772,2.29309
4.5759999999999996e-05,2.27571,2.30808,2.291895
4.5770000000000004e-05,2.28285,2.29745,2.29015
4.578e-05,2.2856,2.30759,2.296595
4.579e-05,2.2823,2.30317,2.292735
4.58e-05,2.28431,2.30122,2.292765
4.5810000000000004e-05,2.28174,2.29962,2.29068
4.582e-05,2.28634,2.28835,2.287345
4.582999999999999e-05,2.28603,2.29625,2.29114
4.584000000000001e-05,2.29283,2.30256,2.297695
4.585e-05,2.29499,2.30516,2.300075
4.586e-05,2.28456,2.29151,2.288035
4.586999999999999e-05,2.2909,2.29901,2.294955
4.588e-05,2.28026,2.28857,2.284415
4.589e-05,2.28114,2.29457,2.287855
4.59e-05,2.28667,2.29585,2.29126
4.591e-05,2.28513,2.30195,2.29354
4.592e-05,2.28256,2.30279,2.292675
4.5929999999999996e-05,2.27794,2.30582,2.29188
4.594e-05,2.28745,2.30055,2.294
4.5950000000000006e-05,2.28927,2.2945,2.291885
4.596e-05,2.28932,2.29897,2.294145
4.5969999999999995e-05,2.28132,2.29356,2.28744
4.598e-05,2.28609,2.29739,2.29174
4.5990000000000005e-05,2.2869,2.28921,2.288055
4.6e-05,2.28316,2.28797,2.285565
4.6009999999999995e-05,2.2867,2.29263,2.289665
4.602e-05,2.2781,2.29683,2.287465
4.6030000000000005e-05,2.28163,2.29263,2.28713
4.604e-05,2.28519,2.30208,2.293635
4.6049999999999994e-05,2.27588,2.29216,2.28402
4.606e-05,2.28155,2.29363,2.28759
4.607e-05,2.29232,2.29564,2.29398
4.608e-05,2.28424,2.30034,2.29229
4.609000000000001e-05,2.28096,2.30394,2.29245
4.61e-05,2.2866,2.29876,2.29268
4.611e-05,2.2818,2.2979,2.28985
4.611999999999999e-05,2.29087,2.29957,2.29522
4.613000000000001e-05,2.2852,2.29543,2.290315
4.614e-05,2.27756,2.30158,2.28957
4.615e-05,2.28654,2.30088,2.29371
4.616e-05,2.27933,2.30069,2.29001
4.617e-05,2.2822,2.28838,2.28529
4.618e-05,2.28103,2.29011,2.28557
4.6189999999999997e-05,2.28729,2.29221,2.28975
4.6200000000000005e-05,2.28484,2.29319,2.289015
4.621e-05,2.28239,2.29755,2.28997
4.6219999999999995e-05,2.28305,2.29955,2.2913
4.623e-05,2.28772,2.29562,2.29167
4.6240000000000005e-05,2.2819,2.29828,2.29009
4.625e-05,2.28224,2.29848,2.29036
4.6259999999999994e-05,2.28178,2.29546,2.28862
4.627e-05,2.28435,2.2951,2.289725
4.6280000000000004e-05,2.28485,2.29634,2.290595
4.629e-05,2.28018,2.29044,2.28531
4.6299999999999994e-05,2.28676,2.30638,2.29657
4.631e-05,2.28344,2.30227,2.292855
4.632e-05,2.27716,2.28903,2.283095
4.633e-05,2.28028,2.30551,2.292895
4.634000000000001e-05,2.28289,2.30141,2.29215
4.635e-05,2.28754,2.30577,2.296655
4.6359999999999997e-05,2.28501,2.30937,2.29719
4.636999999999999e-05,2.29162,2.30978,2.3007
4.6380000000000007e-05,2.28767,2.30286,2.295265
4.639e-05,2.28054,2.30372,2.29213
4.6399999999999996e-05,2.27873,2.30929,2.29401
4.641e-05,2.28229,2.31189,2.29709
4.6420000000000006e-05,2.28455,2.3153,2.299925
4.643e-05,2.27887,2.31098,2.294925
4.6439999999999996e-05,2.28211,2.31723,2.29967
4.6450000000000004e-05,2.28116,2.30592,2.29354
4.646e-05,2.27996,2.30419,2.292075
4.647e-05,2.28405,2.30958,2.296815
4.6479999999999995e-05,2.28404,2.29619,2.290115
4.6490000000000004e-05,2.28434,2.30231,2.293325
4.65e-05,2.29015,2.30794,2.299045
4.6509999999999993e-05,2.28543,2.30303,2.29423
4.652000000000001e-05,2.28565,2.30248,2.294065
4.6530000000000003e-05,2.29382,2.30488,2.29935
4.654e-05,2.29531,2.30216,2.298735
4.654999999999999e-05,2.28519,2.30793,2.29656
4.656e-05,2.28701,2.30289,2.29495
4.657e-05,2.29065,2.31093,2.30079
4.658e-05,2.293,2.30158,2.29729
4.6590000000000006e-05,2.28561,2.31417,2.29989
4.66e-05,2.29213,2.30654,2.299335
4.6609999999999996e-05,2.2859,2.313,2.29945
4.662e-05,2.28028,2.30427,2.292275
4.6630000000000006e-05,2.28383,2.30569,2.29476
4.664e-05,2.28306,2.30562,2.29434
4.6649999999999996e-05,2.28351,2.30329,2.2934
4.665999999999999e-05,2.28747,2.30301,2.29524
4.6670000000000005e-05,2.29714,2.30748,2.30231
4.668e-05,2.29334,2.30983,2.301585
4.6689999999999995e-05,2.28541,2.30895,2.29718
4.6700000000000003e-05,2.28742,2.31027,2.298845
4.671e-05,2.29296,2.30739,2.300175
4.672e-05,2.28909,2.3071,2.298095
4.6729999999999995e-05,2.28734,2.32228,2.30481
4.674e-05,2.28243,2.30845,2.29544
4.675e-05,2.28404,2.31019,2.297115
4.675999999999999e-05,2.28531,2.31084,2.298075
4.677000000000001e-05,2.28384,2.3043,2.29407
4.678e-05,2.28889,2.31874,2.303815
4.679e-05,2.28756,2.30786,2.29771
4.679999999999999e-05,2.28693,2.31871,2.30282
4.681000000000001e-05,2.29005,2.32268,2.306365
4.682e-05,2.28345,2.31361,2.29853
4.683e-05,2.27783,2.29921,2.28852
4.6840000000000006e-05,2.28624,2.31643,2.301335
4.685e-05,2.29233,2.3023,2.297315
4.686e-05,2.28852,2.30435,2.296435
4.687e-05,2.28912,2.31627,2.302695
4.6880000000000005e-05,2.2883,2.30617,2.297235
4.689e-05,2.28351,2.30798,2.295745
4.6899999999999995e-05,2.28741,2.31251,2.29996
4.6909999999999996e-05,2.28586,2.30931,2.297585
4.6920000000000005e-05,2.28427,2.3065,2.295385
4.693e-05,2.28981,2.30902,2.299415
4.6939999999999994e-05,2.28412,2.30387,2.293995
4.695e-05,2.28677,2.31242,2.299595
4.6960000000000004e-05,2.29346,2.31055,2.302005
4.697e-05,2.29049,2.30882,2.299655
4.6979999999999994e-05,2.29042,2.31267,2.301545
4.699e-05,2.28812,2.30889,2.298505
4.7e-05,2.29148,2.30922,2.30035
4.701e-05,2.29614,2.30573,2.300935
4.702000000000001e-05,2.29894,2.30929,2.304115
4.703e-05,2.30019,2.30863,2.30441
4.704e-05,2.29322,2.3093,2.30126
4.704999999999999e-05,2.29945,2.30703,2.30324
4.706000000000001e-05,2.30005,2.30042,2.300235
4.707e-05,2.29991,2.30976,2.304835
4.7079999999999996e-05,2.303,2.30645,2.304725
4.7090000000000005e-05,2.30038,2.31318,2.30678
4.71e-05,2.29915,2.30365,2.3014
4.711e-05,2.2982,2.31035,2.304275
4.7119999999999996e-05,2.2938,2.30925,2.301525
4.7130000000000004e-05,2.30056,2.30758,2.30407
4.714e-05,2.29169,2.30435,2.29802
4.7149999999999994e-05,2.29451,2.31149,2.303
4.7159999999999996e-05,2.29172,2.31431,2.303015
4.7170000000000004e-05,2.29247,2.30484,2.298655
4.718e-05,2.29424,2.30201,2.298125
4.7189999999999994e-05,2.29345,2.30376,2.298605
4.720000000000001e-05,2.28725,2.29849,2.29287
4.7210000000000004e-05,2.29179,2.29611,2.29395
4.722e-05,2.29144,2.3021,2.29677
4.722999999999999e-05,2.29087,2.31001,2.30044
4.724e-05,2.29164,2.3123,2.30197
4.725e-05,2.29259,2.31019,2.30139
4.726e-05,2.28815,2.30927,2.29871
4.7270000000000007e-05,2.29162,2.30161,2.296615
4.728e-05,2.29719,2.31574,2.306465
4.7289999999999996e-05,2.29519,2.31401,2.3046
4.73e-05,2.29141,2.3127,2.302055
4.7310000000000006e-05,2.29566,2.30983,2.302745
4.732e-05,2.2909,2.3072,2.29905
4.7329999999999996e-05,2.28935,2.31085,2.3001
4.734e-05,2.28816,2.31039,2.299275
4.7350000000000006e-05,2.29289,2.31123,2.30206
4.736e-05,2.29258,2.30759,2.300085
4.7369999999999995e-05,2.29193,2.30512,2.298525
4.7380000000000004e-05,2.29101,2.30581,2.29841
4.739e-05,2.29514,2.31163,2.303385
4.74e-05,2.30129,2.30132,2.301305
4.7409999999999995e-05,2.29334,2.30865,2.300995
4.742e-05,2.29031,2.30442,2.297365
4.743e-05,2.29477,2.30435,2.29956
4.743999999999999e-05,2.28447,2.30843,2.29645
4.745000000000001e-05,2.29107,2.30608,2.298575
4.746e-05,2.28865,2.30281,2.29573
4.747e-05,2.28622,2.3105,2.29836
4.747999999999999e-05,2.28506,2.31107,2.298065
4.749000000000001e-05,2.28535,2.31429,2.29982
4.75e-05,2.2843,2.30682,2.29556
4.751e-05,2.28983,2.3016,2.295715
4.752e-05,2.2868,2.31126,2.29903
4.753e-05,2.28812,2.30856,2.29834
4.754e-05,2.29736,2.31769,2.307525
4.755e-05,2.29495,2.30297,2.29896
4.7560000000000005e-05,2.27957,2.30628,2.292925
4.757e-05,2.27812,2.31114,2.29463
4.7579999999999995e-05,2.28491,2.30607,2.29549
4.7590000000000003e-05,2.28945,2.30724,2.298345
4.7600000000000005e-05,2.29004,2.31712,2.30358
4.761e-05,2.28021,2.30834,2.294275
4.7619999999999995e-05,2.28213,2.30912,2.295625
4.763e-05,2.28089,2.30108,2.290985
4.7640000000000005e-05,2.28367,2.30629,2.29498
4.765e-05,2.28602,2.30325,2.294635
4.7659999999999994e-05,2.28875,2.30702,2.297885
4.767e-05,2.28077,2.3001,2.290435
4.768e-05,2.29197,2.30069,2.29633
4.769e-05,2.28595,2.299,2.292475
4.770000000000001e-05,2.28463,2.30022,2.292425
4.771e-05,2.28148,2.31197,2.296725
4.772e-05,2.2821,2.30341,2.292755
4.772999999999999e-05,2.27651,2.31309,2.2948
4.774000000000001e-05,2.29072,2.30613,2.298425
4.775e-05,2.2863,2.30925,2.297775
4.776e-05,2.28606,2.31003,2.298045
4.777e-05,2.28393,2.30428,2.294105
4.778e-05,2.28314,2.30895,2.296045
4.779e-05,2.28709,2.30649,2.29679
4.7799999999999996e-05,2.28887,2.30884,2.298855
4.7810000000000005e-05,2.27986,2.30062,2.29024
4.782e-05,2.28142,2.30878,2.2951
4.7829999999999994e-05,2.28726,2.30051,2.293885
4.784e-05,2.28563,2.2969,2.291265
4.7850000000000004e-05,2.27878,2.30516,2.29197
4.786e-05,2.28383,2.30208,2.292955
4.7869999999999994e-05,2.28344,2.31284,2.29814
4.788000000000001e-05,2.28499,2.30714,2.296065
4.7890000000000004e-05,2.28731,2.30642,2.296865
4.79e-05,2.28497,2.30987,2.29742
4.7909999999999994e-05,2.27802,2.31038,2.2942
4.792e-05,2.29,2.31107,2.300535
4.7930000000000004e-05,2.28563,2.31125,2.29844
4.794e-05,2.2876,2.30648,2.29704
4.795e-05,2.29722,2.31146,2.30434
4.796e-05,2.28432,2.30534,2.29483
4.7969999999999996e-05,2.2861,2.30897,2.297535
4.798e-05,2.28469,2.30991,2.2973
4.7990000000000006e-05,2.28522,2.30811,2.296665
4.8e-05,2.28746,2.29841,2.292935
4.8009999999999996e-05,2.28746,2.30258,2.29502
4.802e-05,2.2884,2.31009,2.299245
4.8030000000000006e-05,2.29151,2.30158,2.296545
4.804e-05,2.28674,2.30341,2.295075
4.8049999999999996e-05,2.28108,2.31038,2.29573
4.8060000000000004e-05,2.28365,2.30845,2.29605
4.807e-05,2.28471,2.29902,2.291865
4.808e-05,2.28425,2.31459,2.29942
4.809e-05,2.29267,2.2995,2.296085
4.8100000000000004e-05,2.29346,2.30376,2.29861
4.811e-05,2.28903,2.3028,2.295915
4.811999999999999e-05,2.28669,2.29929,2.29299
4.813e-05,2.2878,2.30216,2.29498
4.814e-05,2.28859,2.30447,2.29653
4.815e-05,2.29815,2.3013,2.299725
4.815999999999999e-05,2.2881,2.30274,2.29542
4.817e-05,2.28883,2.30429,2.29656
4.818e-05,2.28863,2.30889,2.29876
4.819e-05,2.29043,2.30265,2.29654
4.82e-05,2.29233,2.30229,2.29731
4.821e-05,2.28965,2.30505,2.29735
4.8219999999999996e-05,2.29012,2.29766,2.29389
4.823e-05,2.28606,2.3179,2.30198
4.8240000000000006e-05,2.28513,2.30994,2.297535
4.825e-05,2.29236,2.31388,2.30312
4.8259999999999995e-05,2.28462,2.29629,2.290455
4.8270000000000004e-05,2.28338,2.29929,2.291335
4.8280000000000005e-05,2.28549,2.303,2.294245
4.829e-05,2.28676,2.30268,2.29472
4.8299999999999995e-05,2.28784,2.30145,2.294645
4.831e-05,2.29007,2.29387,2.29197
4.8320000000000005e-05,2.29803,2.30505,2.30154
4.833e-05,2.28817,2.31711,2.30264
4.834e-05,2.29147,2.31427,2.30287
4.835e-05,2.29207,2.31224,2.302155
4.836e-05,2.29044,2.308,2.29922
4.837e-05,2.29272,2.30946,2.30109
4.838e-05,2.2986,2.30823,2.303415
4.839e-05,2.29114,2.30728,2.29921
4.84e-05,2.288,2.30899,2.298495
4.840999999999999e-05,2.29427,2.31202,2.303145
4.842000000000001e-05,2.28624,2.2995,2.29287
4.843e-05,2.29043,2.30685,2.29864
4.844e-05,2.28289,2.30522,2.294055
4.845e-05,2.28401,2.31821,2.30111
4.846e-05,2.29048,2.31832,2.3044
4.847e-05,2.29086,2.30909,2.299975
4.848e-05,2.29201,2.3122,2.302105
4.8490000000000005e-05,2.28596,2.31147,2.298715
4.85e-05,2.28385,2.30826,2.296055
4.8509999999999995e-05,2.28476,2.30382,2.29429
4.852e-05,2.28322,2.3087,2.29596
4.8530000000000005e-05,2.27935,2.30307,2.29121
4.854e-05,2.28773,2.30256,2.295145
4.8549999999999994e-05,2.28653,2.31831,2.30242
4.8559999999999996e-05,2.28682,2.30973,2.298275
4.8570000000000004e-05,2.2991,2.30712,2.30311
4.858e-05,2.29406,2.3049,2.29948
4.859e-05,2.29316,2.30018,2.29667
4.86e-05,2.28553,2.30389,2.29471
4.861e-05,2.28437,2.30314,2.293755
4.862e-05,2.28583,2.30913,2.29748
4.863e-05,2.28704,2.30553,2.296285
4.864e-05,2.28277,2.30661,2.29469
4.865e-05,2.2915,2.30301,2.297255
4.866e-05,2.2906,2.29849,2.294545
4.867000000000001e-05,2.29217,2.30081,2.29649
4.868e-05,2.28701,2.29603,2.29152
4.8689999999999996e-05,2.28815,2.30111,2.29463
4.87e-05,2.2906,2.30213,2.296365
4.8710000000000006e-05,2.28496,2.30882,2.29689
4.872e-05,2.28867,2.31001,2.29934
4.8729999999999996e-05,2.28903,2.30397,2.2965
4.874e-05,2.28656,2.30835,2.297455
4.875e-05,2.2843,2.30363,2.293965
4.876e-05,2.28835,2.31086,2.299605
4.877e-05,2.28665,2.30418,2.295415
4.8780000000000004e-05,2.29723,2.31632,2.306775
4.879e-05,2.28528,2.31001,2.297645
4.8799999999999994e-05,2.28722,2.31695,2.302085
4.881e-05,2.28803,2.30779,2.29791
4.8820000000000004e-05,2.28726,2.3068,2.29703
4.883e-05,2.28103,2.31207,2.29655
4.884e-05,2.28975,2.31177,2.30076
4.885e-05,2.2859,2.30876,2.29733
4.886e-05,2.28564,2.31561,2.300625
4.887e-05,2.28353,2.31211,2.29782
4.888e-05,2.28418,2.31038,2.29728
4.889e-05,2.28156,2.30792,2.29474
4.8899999999999996e-05,2.28802,2.31061,2.299315
4.891e-05,2.2738,2.31133,2.292565
4.8920000000000006e-05,2.27868,2.30456,2.29162
4.893e-05,2.29275,2.30283,2.29779
4.8939999999999996e-05,2.28726,2.30464,2.29595
4.895e-05,2.28111,2.30877,2.29494
4.8960000000000006e-05,2.28897,2.30311,2.29604
4.897e-05,2.28755,2.3095,2.298525
4.8979999999999995e-05,2.28754,2.30183,2.294685
4.899e-05,2.28171,2.29944,2.290575
4.9000000000000005e-05,2.28266,2.30029,2.291475
4.901e-05,2.2855,2.30522,2.29536
4.902e-05,2.28616,2.30938,2.29777
4.903e-05,2.28108,2.30133,2.291205
4.904e-05,2.28832,2.29775,2.293035
4.905e-05,2.27962,2.30376,2.29169
4.906e-05,2.28359,2.30335,2.29347
4.907e-05,2.2866,2.30878,2.29769
4.908e-05,2.28963,2.30123,2.29543
4.909e-05,2.28594,2.31022,2.29808
4.910000000000001e-05,2.28527,2.30285,2.29406
4.911e-05,2.28556,2.30653,2.296045
4.912e-05,2.27986,2.30538,2.29262
4.913e-05,2.28369,2.30476,2.294225
4.914e-05,2.28636,2.3073,2.29683
4.915e-05,2.28595,2.306,2.295975
4.916e-05,2.2933,2.29934,2.29632
4.917e-05,2.28664,2.30213,2.294385
4.918e-05,2.2866,2.30341,2.295005
4.9189999999999995e-05,2.28473,2.30375,2.29424
4.92e-05,2.28737,2.30653,2.29695
4.9210000000000005e-05,2.27817,2.30465,2.29141
4.922e-05,2.28626,2.31306,2.29966
4.9229999999999995e-05,2.28603,2.3092,2.297615
4.9239999999999996e-05,2.28392,2.30961,2.296765
4.9250000000000004e-05,2.28315,2.31544,2.299295
4.926e-05,2.28732,2.3143,2.30081
4.927e-05,2.28536,2.30741,2.296385
4.928e-05,2.28264,2.31086,2.29675
4.929e-05,2.28129,2.30022,2.290755
4.93e-05,2.27957,2.29768,2.288625
4.931e-05,2.27877,2.30501,2.29189
4.932e-05,2.2715,2.30399,2.287745
4.933e-05,2.27297,2.30248,2.287725
4.934e-05,2.27222,2.30015,2.286185
4.935e-05,2.27294,2.30837,2.290655
4.936e-05,2.27341,2.31194,2.292675
4.9369999999999997e-05,2.27511,2.30591,2.29051
4.938e-05,2.27809,2.30554,2.291815
4.9390000000000007e-05,2.27798,2.30561,2.291795
4.94e-05,2.27147,2.30647,2.28897
4.9409999999999996e-05,2.27703,2.30316,2.290095
4.942e-05,2.27692,2.31174,2.29433
4.943e-05,2.27466,2.30953,2.292095
4.944e-05,2.27676,2.30117,2.288965
4.945e-05,2.27348,2.30901,2.291245
4.9460000000000004e-05,2.27661,2.32196,2.299285
4.947e-05,2.28541,2.3128,2.299105
4.9479999999999994e-05,2.28525,2.30899,2.29712
4.949e-05,2.27371,2.30629,2.29
4.9500000000000004e-05,2.2836,2.30549,2.294545
4.951e-05,2.2793,2.30418,2.29174
4.952e-05,2.28122,2.30322,2.29222
4.953e-05,2.28116,2.3082,2.29468
4.9540000000000003e-05,2.27889,2.30662,2.292755
4.955e-05,2.2824,2.31238,2.29739
4.956e-05,2.27602,2.30631,2.291165
4.957e-05,2.2815,2.30288,2.29219
4.9579999999999996e-05,2.28437,2.30906,2.296715
4.9590000000000005e-05,2.2787,2.31778,2.29824
4.96e-05,2.28181,2.31016,2.295985
4.961e-05,2.27735,2.31331,2.29533
4.9619999999999996e-05,2.2829,2.30849,2.295695
4.963e-05,2.28398,2.304,2.29399
4.9640000000000006e-05,2.28303,2.31485,2.29894
4.965e-05,2.28127,2.31142,2.296345
4.9659999999999995e-05,2.27576,2.30421,2.289985
4.967e-05,2.27102,2.31272,2.29187
4.968e-05,2.2728,2.30693,2.289865
4.969e-05,2.28187,2.30779,2.29483
4.97e-05,2.27305,2.30207,2.28756
4.9710000000000003e-05,2.27907,2.29936,2.289215
4.972e-05,2.27379,2.30867,2.29123
4.972999999999999e-05,2.28264,2.30149,2.292065
4.974e-05,2.28107,2.30387,2.29247
4.975e-05,2.27895,2.3002,2.289575
4.976e-05,2.28485,2.30036,2.292605
4.977e-05,2.28901,2.30136,2.295185
4.978e-05,2.27828,2.30905,2.293665
4.979e-05,2.28432,2.30423,2.294275
4.98e-05,2.28395,2.30186,2.292905
4.981e-05,2.28274,2.30855,2.295645
4.982e-05,2.28811,2.30578,2.296945
4.983e-05,2.29517,2.30949,2.30233
4.9840000000000004e-05,2.2852,2.31108,2.29814
4.985e-05,2.28771,2.31366,2.300685
4.986e-05,2.28226,2.30621,2.294235
4.9869999999999995e-05,2.2879,2.30248,2.29519
4.9880000000000004e-05,2.28123,2.30535,2.29329
4.9890000000000005e-05,2.27923,2.3114,2.295315
4.99e-05,2.27852,2.30744,2.29298
4.9909999999999995e-05,2.28024,2.30945,2.294845
4.9919999999999996e-05,2.28301,2.31038,2.296695
4.9930000000000005e-05,2.27782,2.31018,2.294
4.994e-05,2.28361,2.30432,2.293965
4.995e-05,2.27968,2.31204,2.29586
4.9959999999999996e-05,2.27691,2.32108,2.298995
4.997e-05,2.28146,2.30865,2.295055
4.998e-05,2.2687,2.31882,2.29376
4.999e-05,2.26679,2.31656,2.291675
5e-05,2.27229,2.30407,2.28818
5.001e-05,2.27374,2.3113,2.29252
5.002e-05,2.26781,2.29787,2.28284
5.003e-05,2.27324,2.30459,2.288915
5.004e-05,2.26827,2.2955,2.281885
5.005e-05,2.27063,2.29287,2.28175
5.006e-05,2.27619,2.29963,2.28791
5.007e-05,2.27282,2.30424,2.28853
5.008e-05,2.27438,2.30359,2.288985
5.009e-05,2.27694,2.30815,2.292545
5.01e-05,2.26713,2.31222,2.289675
5.011e-05,2.27975,2.30419,2.29197
5.012e-05,2.27456,2.30727,2.290915
5.013e-05,2.27429,2.30343,2.28886
5.0140000000000004e-05,2.27722,2.30162,2.28942
5.015e-05,2.28373,2.30057,2.29215
5.0159999999999994e-05,2.27723,2.29874,2.287985
5.017e-05,2.27407,2.30885,2.29146
5.0180000000000004e-05,2.2702,2.30965,2.289925
5.019e-05,2.27444,2.30323,2.288835
5.02e-05,2.27356,2.30717,2.290365
5.0209999999999995e-05,2.26995,2.30696,2.288455
5.0220000000000004e-05,2.27694,2.29764,2.28729
5.023e-05,2.27632,2.29822,2.28727
5.024e-05,2.28092,2.3019,2.29141
5.025e-05,2.28478,2.30153,2.293155
5.0259999999999997e-05,2.28101,2.30642,2.293715
5.0270000000000005e-05,2.28472,2.30168,2.2932
5.028e-05,2.27995,2.30078,2.290365
5.029e-05,2.27322,2.30571,2.289465
5.0299999999999996e-05,2.26887,2.3006,2.284735
5.031e-05,2.27694,2.30418,2.29056
5.0320000000000006e-05,2.27184,2.31149,2.291665
5.033e-05,2.27337,2.30801,2.29069
5.034e-05,2.27193,2.30997,2.29095
5.035e-05,2.27523,2.30508,2.290155
5.036e-05,2.28141,2.29464,2.288025
5.037e-05,2.27622,2.29251,2.284365
5.038e-05,2.27714,2.29784,2.28749
5.039e-05,2.2712,2.30364,2.28742
5.04e-05,2.2764,2.3027,2.28955
5.0409999999999993e-05,2.27887,2.30515,2.29201
5.042e-05,2.27173,2.30075,2.28624
5.043e-05,2.26965,2.30003,2.28484
5.044e-05,2.27464,2.30719,2.290915
5.045e-05,2.26749,2.30538,2.286435
5.0459999999999995e-05,2.26796,2.30181,2.284885
5.047e-05,2.27105,2.30037,2.28571
5.048e-05,2.27484,2.30744,2.29114
5.049e-05,2.27689,2.2966,2.286745
5.05e-05,2.27818,2.30913,2.293655
5.051e-05,2.27514,2.29571,2.285425
5.0520000000000004e-05,2.27429,2.30848,2.291385
5.053e-05,2.27762,2.30468,2.29115
5.054e-05,2.27465,2.29571,2.28518
5.0549999999999995e-05,2.27256,2.29697,2.284765
5.0560000000000004e-05,2.27543,2.29728,2.286355
5.057e-05,2.27385,2.29501,2.28443
5.058e-05,2.27288,2.29752,2.2852
5.059e-05,2.26998,2.30217,2.286075
5.06e-05,2.27209,2.30042,2.286255
5.0610000000000005e-05,2.2767,2.30789,2.292295
5.062e-05,2.2792,2.29713,2.288165
5.063e-05,2.28025,2.29986,2.290055
5.0639999999999996e-05,2.28058,2.29739,2.288985
5.065e-05,2.27276,2.30519,2.288975
5.066e-05,2.27498,2.31006,2.29252
5.067e-05,2.26628,2.30679,2.286535
5.068e-05,2.27228,2.30425,2.288265
5.069e-05,2.26865,2.29475,2.2817
5.07e-05,2.2773,2.29288,2.28509
5.071e-05,2.27683,2.28415,2.28049
5.072e-05,2.27392,2.28092,2.27742
5.073e-05,2.27327,2.28848,2.280875
5.074e-05,2.27605,2.28715,2.2816
5.075e-05,2.27211,2.30419,2.28815
5.076e-05,2.2789,2.29895,2.288925
5.0770000000000003e-05,2.27281,2.29776,2.285285
5.078e-05,2.27629,2.29667,2.28648
5.079e-05,2.27509,2.29092,2.283005
5.0799999999999995e-05,2.27633,2.29371,2.28502
5.081e-05,2.27762,2.29033,2.283975
5.082e-05,2.27933,2.30055,2.28994
5.083e-05,2.27873,2.28987,2.2843
5.084e-05,2.27424,2.28773,2.280985
5.085e-05,2.27064,2.29783,2.284235
5.0860000000000004e-05,2.27545,2.2894,2.282425
5.087e-05,2.27956,2.29096,2.28526
5.088e-05,2.27222,2.29183,2.282025
5.0889999999999996e-05,2.27505,2.30274,2.288895
5.0900000000000004e-05,2.27536,2.29086,2.28311
5.091e-05,2.28127,2.30077,2.29102
5.092e-05,2.27825,2.29946,2.288855
5.093e-05,2.27551,2.28913,2.28232
5.094e-05,2.28469,2.29249,2.28859
5.0950000000000005e-05,2.27997,2.28744,2.283705
5.096e-05,2.27803,2.29197,2.285
5.097e-05,2.27844,2.28993,2.284185
5.0979999999999996e-05,2.27443,2.29661,2.28552
5.099e-05,2.27398,2.2932,2.28359
5.1e-05,2.27964,2.28628,2.28296
5.101e-05,2.28105,2.29821,2.28963
5.102e-05,2.27845,2.30636,2.292405
5.103e-05,2.27041,2.29874,2.284575
5.104e-05,2.28286,2.29336,2.28811
5.105e-05,2.27637,2.30006,2.288215
5.106e-05,2.27569,2.29725,2.28647
5.107e-05,2.27597,2.28982,2.282895
5.108e-05,2.27535,2.29166,2.283505
5.109e-05,2.2803,2.28819,2.284245
5.11e-05,2.27741,2.28225,2.27983
5.1110000000000004e-05,2.28075,2.29341,2.28708
5.112e-05,2.28621,2.28813,2.28717
5.113e-05,2.27766,2.2881,2.28288
5.1139999999999995e-05,2.28346,2.28679,2.285125
5.115e-05,2.28157,2.29657,2.28907
5.116e-05,2.27654,2.29128,2.28391
5.117e-05,2.28177,2.29634,2.289055
5.1179999999999994e-05,2.28199,2.29516,2.288575
5.1189999999999996e-05,2.28016,2.30021,2.290185
5.1200000000000004e-05,2.28419,2.30746,2.295825
5.121e-05,2.27979,2.30548,2.292635
5.122e-05,2.28387,2.29774,2.290805
5.1229999999999996e-05,2.28202,2.31163,2.296825
5.1240000000000004e-05,2.28023,2.29871,2.28947
5.125e-05,2.28762,2.29136,2.28949
5.126e-05,2.28715,2.30062,2.293885
5.127e-05,2.28587,2.3056,2.295735
5.128e-05,2.28688,2.29924,2.29306
5.1290000000000005e-05,2.28548,2.2952,2.29034
5.13e-05,2.28963,2.29863,2.29413
5.131e-05,2.28115,2.2975,2.289325
5.1319999999999997e-05,2.28733,2.30007,2.2937
5.133e-05,2.28652,2.30065,2.293585
5.1340000000000007e-05,2.2882,2.29353,2.290865
5.135e-05,2.28616,2.29823,2.292195
5.136e-05,2.28774,2.306,2.29687
5.137e-05,2.28298,2.29169,2.287335
5.138e-05,2.28104,2.29989,2.290465
5.139e-05,2.27782,2.29891,2.288365
5.14e-05,2.28366,2.29595,2.289805
5.141e-05,2.28411,2.30262,2.293365
5.142e-05,2.28909,2.30215,2.29562
5.1429999999999994e-05,2.28461,2.29579,2.2902
5.144e-05,2.2835,2.29961,2.291555
5.1450000000000004e-05,2.2877,2.31121,2.299455
5.146e-05,2.28687,2.30147,2.29417
5.147e-05,2.29058,2.30512,2.29785
5.1479999999999995e-05,2.2829,2.29704,2.28997
5.149e-05,2.28334,2.30494,2.29414
5.15e-05,2.28599,2.3087,2.297345
5.151e-05,2.27973,2.3018,2.290765
5.152e-05,2.28206,2.31381,2.297935
5.1529999999999996e-05,2.27955,2.31076,2.295155
5.1540000000000005e-05,2.28046,2.31243,2.296445
5.155e-05,2.28481,2.30485,2.29483
5.156e-05,2.28274,2.30494,2.29384
5.1569999999999996e-05,2.29057,2.31066,2.300615
5.1580000000000004e-05,2.28063,2.30501,2.29282
5.1590000000000006e-05,2.28128,2.30988,2.29558
5.16e-05,2.28197,2.30952,2.295745
5.1609999999999995e-05,2.27739,2.3069,2.292145
5.162e-05,2.28022,2.3158,2.29801
5.1630000000000005e-05,2.28402,2.3134,2.29871
5.164e-05,2.28579,2.32144,2.303615
5.165e-05,2.28129,2.31544,2.298365
5.166e-05,2.27994,2.31082,2.29538
5.167e-05,2.28067,2.31271,2.29669
5.168e-05,2.28332,2.31609,2.299705
5.169e-05,2.28354,2.3082,2.29587
5.17e-05,2.28117,2.31393,2.29755
5.171e-05,2.28096,2.31267,2.296815
5.172e-05,2.28206,2.29647,2.289265
5.173e-05,2.28339,2.30172,2.292555
5.174e-05,2.29195,2.31332,2.302635
5.175e-05,2.28618,2.30316,2.29467
5.176e-05,2.29508,2.30856,2.30182
5.177e-05,2.2975,2.30698,2.30224
5.178e-05,2.28888,2.30269,2.295785
5.179e-05,2.2894,2.3136,2.3015
5.18e-05,2.28705,2.31018,2.298615
5.181e-05,2.28442,2.30531,2.294865
5.1819999999999995e-05,2.2838,2.30822,2.29601
5.1830000000000004e-05,2.29542,2.31023,2.302825
5.1840000000000005e-05,2.29034,2.30307,2.296705
5.185e-05,2.28376,2.31479,2.299275
5.1859999999999995e-05,2.28221,2.30276,2.292485
5.1869999999999996e-05,2.27867,2.30314,2.290905
5.1880000000000005e-05,2.28346,2.30486,2.29416
5.189e-05,2.28777,2.30828,2.298025
5.19e-05,2.28273,2.30576,2.294245
5.1909999999999996e-05,2.27907,2.31086,2.294965
5.192e-05,2.28628,2.31896,2.30262
5.193e-05,2.28831,2.3107,2.299505
5.194e-05,2.28135,2.31124,2.296295
5.195e-05,2.28682,2.30446,2.29564
5.196e-05,2.28114,2.30223,2.291685
5.1970000000000006e-05,2.2796,2.30881,2.294205
5.198e-05,2.27363,2.30455,2.28909
5.199e-05,2.27506,2.30585,2.290455
5.2e-05,2.27674,2.30058,2.28866
5.201e-05,2.28269,2.30068,2.291685
5.202000000000001e-05,2.28045,2.31203,2.29624
5.203e-05,2.28494,2.30141,2.293175
5.2039999999999996e-05,2.28789,2.31367,2.30078
5.205e-05,2.28469,2.3096,2.297145
5.206e-05,2.28914,2.30729,2.298215
5.207e-05,2.28814,2.30419,2.296165
5.208e-05,2.28521,2.31566,2.300435
5.2090000000000004e-05,2.279,2.31215,2.295575
5.21e-05,2.28138,2.3107,2.29604
5.2109999999999994e-05,2.28459,2.31174,2.298165
5.212e-05,2.28377,2.30633,2.29505
5.2130000000000004e-05,2.2844,2.30622,2.29531
5.214e-05,2.28713,2.30752,2.297325
5.215e-05,2.28539,2.30268,2.294035
5.2159999999999995e-05,2.27862,2.30206,2.29034
5.2170000000000004e-05,2.28568,2.30802,2.29685
5.218e-05,2.28635,2.30579,2.29607
5.219e-05,2.27823,2.30442,2.291325
5.22e-05,2.28748,2.30198,2.29473
5.2209999999999996e-05,2.28327,2.30508,2.294175
5.222e-05,2.27768,2.30013,2.288905
5.223e-05,2.28937,2.30843,2.2989
5.224e-05,2.28489,2.29722,2.291055
5.2249999999999996e-05,2.28761,2.30138,2.294495
5.226e-05,2.28184,2.30606,2.29395
5.2270000000000006e-05,2.27971,2.30641,2.29306
5.228e-05,2.28407,2.29422,2.289145
5.2289999999999996e-05,2.29242,2.30076,2.29659
5.23e-05,2.29063,2.29515,2.29289
5.2310000000000006e-05,2.28892,2.2991,2.29401
5.232e-05,2.28931,2.30265,2.29598
5.233e-05,2.287,2.296,2.2915
5.2340000000000004e-05,2.28486,2.29673,2.290795
5.235e-05,2.28186,2.29823,2.290045
5.236e-05,2.28412,2.29428,2.2892
5.237e-05,2.28373,2.29851,2.29112
5.238e-05,2.28612,2.30017,2.293145
5.239e-05,2.29257,2.29551,2.29404
5.239999999999999e-05,2.28491,2.2992,2.292055
5.241e-05,2.28913,2.29105,2.29009
5.242e-05,2.29434,2.2957,2.29502
5.243e-05,2.29118,2.29759,2.294385
5.244e-05,2.29534,2.29827,2.296805
5.245e-05,2.29313,2.29285,2.29299
5.246e-05,2.28679,2.29652,2.291655
5.247e-05,2.28322,2.29926,2.29124
5.248e-05,2.28957,2.30152,2.295545
5.249e-05,2.29115,2.30146,2.296305
5.2499999999999995e-05,2.28542,2.30842,2.29692
5.2510000000000004e-05,2.28928,2.29913,2.294205
5.2520000000000005e-05,2.2875,2.31048,2.29899
5.253e-05,2.28688,2.29701,2.291945
5.2539999999999995e-05,2.29132,2.29207,2.291695
5.255e-05,2.28868,2.30185,2.295265
5.2560000000000005e-05,2.28409,2.30638,2.295235
5.257e-05,2.28324,2.30068,2.29196
5.258e-05,2.27722,2.29125,2.284235
5.259e-05,2.27936,2.30217,2.290765
5.26e-05,2.28403,2.30296,2.293495
5.261e-05,2.27274,2.31633,2.294535
5.262e-05,2.27557,2.31015,2.29286
5.263e-05,2.27664,2.31443,2.295535
5.264e-05,2.2776,2.3136,2.2956
5.264999999999999e-05,2.28244,2.2988,2.29062
5.266e-05,2.27837,2.30536,2.291865
5.267e-05,2.28204,2.30766,2.29485
5.268e-05,2.2855,2.30951,2.297505
5.269e-05,2.27985,2.31418,2.297015
5.270000000000001e-05,2.27592,2.30109,2.288505
5.271e-05,2.28778,2.30695,2.297365
5.272e-05,2.27495,2.30633,2.29064
5.273e-05,2.27654,2.30893,2.292735
5.274e-05,2.28562,2.30511,2.295365
5.275e-05,2.28118,2.30973,2.295455
5.276e-05,2.28487,2.30461,2.29474
5.2770000000000005e-05,2.28605,2.31192,2.298985
5.278e-05,2.27382,2.30917,2.291495
5.2789999999999994e-05,2.27441,2.31198,2.293195
5.28e-05,2.28007,2.3046,2.292335
5.2810000000000004e-05,2.28055,2.30308,2.291815
5.282e-05,2.27358,2.30621,2.289895
5.2829999999999994e-05,2.27401,2.30411,2.28906
5.284e-05,2.27336,2.30432,2.28884
5.2850000000000004e-05,2.2736,2.31023,2.291915
5.286e-05,2.28194,2.30106,2.2915
5.287e-05,2.28064,2.30427,2.292455
5.288e-05,2.27682,2.30556,2.29119
5.289e-05,2.28209,2.30862,2.295355
5.29e-05,2.28408,2.30352,2.2938
5.291e-05,2.28361,2.31599,2.2998
5.292e-05,2.28498,2.32231,2.303645
5.2929999999999996e-05,2.28068,2.31267,2.296675
5.294e-05,2.27082,2.31538,2.2931
5.2950000000000006e-05,2.28067,2.31623,2.29845
5.296e-05,2.27854,2.3034,2.29097
5.2969999999999996e-05,2.27924,2.31028,2.29476
5.298e-05,2.27291,2.30807,2.29049
5.299e-05,2.27876,2.30672,2.29274
5.3e-05,2.27493,2.29931,2.28712
5.3009999999999996e-05,2.27335,2.30256,2.287955
5.3020000000000004e-05,2.2836,2.30502,2.29431
5.303e-05,2.27255,2.30887,2.29071
5.3039999999999994e-05,2.27959,2.30754,2.293565
5.305e-05,2.28125,2.31012,2.295685
5.3060000000000004e-05,2.28023,2.30066,2.290445
5.307e-05,2.29736,2.30806,2.30271
5.307999999999999e-05,2.28732,2.30937,2.298345
5.309000000000001e-05,2.28175,2.32075,2.30125
5.31e-05,2.28051,2.31249,2.2965
5.311e-05,2.27975,2.313,2.296375
5.312e-05,2.27831,2.30439,2.29135
5.313e-05,2.28196,2.30204,2.292
5.314e-05,2.28054,2.31493,2.297735
5.315e-05,2.2811,2.31532,2.29821
5.316e-05,2.28419,2.30744,2.295815
5.317e-05,2.27716,2.30401,2.290585
5.3179999999999996e-05,2.29002,2.3153,2.30266
5.3190000000000004e-05,2.28973,2.30481,2.29727
5.3200000000000006e-05,2.29438,2.30892,2.30165
5.321e-05,2.28905,2.30618,2.297615
5.3219999999999995e-05,2.28398,2.3127,2.29834
5.323e-05,2.28627,2.31135,2.29881
5.3240000000000005e-05,2.28671,2.31214,2.299425
5.325e-05,2.28624,2.31706,2.30165
5.3259999999999995e-05,2.29082,2.30984,2.30033
5.327e-05,2.28845,2.30969,2.29907
5.328e-05,2.28862,2.30968,2.29915
5.329e-05,2.29159,2.31093,2.30126
5.33e-05,2.29338,2.31381,2.303595
5.331e-05,2.28501,2.30541,2.29521
5.332e-05,2.29079,2.30452,2.297655
5.332999999999999e-05,2.27904,2.32099,2.300015
5.334000000000001e-05,2.27946,2.31309,2.296275
5.335e-05,2.28655,2.30208,2.294315
5.336e-05,2.28698,2.31433,2.300655
5.337e-05,2.287,2.31307,2.300035
5.338e-05,2.2859,2.31641,2.301155
5.339e-05,2.28129,2.31644,2.298865
5.34e-05,2.28895,2.3155,2.302225
5.341e-05,2.29346,2.31689,2.305175
5.342e-05,2.28841,2.31356,2.300985
5.3429999999999995e-05,2.27888,2.31034,2.29461
5.3439999999999997e-05,2.2788,2.30964,2.29422
5.3450000000000005e-05,2.27284,2.31168,2.29226
5.346e-05,2.276,2.30721,2.291605
5.3469999999999995e-05,2.27863,2.30428,2.291455
5.348e-05,2.28002,2.29874,2.28938
5.3490000000000005e-05,2.27865,2.30432,2.291485
5.35e-05,2.27552,2.30135,2.288435
5.3509999999999994e-05,2.28249,2.31694,2.299715
5.352e-05,2.28447,2.3194,2.301935
5.3530000000000004e-05,2.28303,2.30679,2.29491
5.354e-05,2.27326,2.30112,2.28719
5.355e-05,2.27694,2.31634,2.29664
5.356e-05,2.28423,2.31155,2.29789
5.357e-05,2.2816,2.31204,2.29682
5.358e-05,2.28398,2.31202,2.298
5.359000000000001e-05,2.28221,2.30452,2.293365
5.36e-05,2.28461,2.31554,2.300075
5.361e-05,2.28278,2.31313,2.297955
5.361999999999999e-05,2.29193,2.31649,2.30421
5.3630000000000007e-05,2.27787,2.31159,2.29473
5.364e-05,2.2809,2.30185,2.291375
5.3649999999999996e-05,2.27763,2.31869,2.29816
5.366e-05,2.28027,2.30666,2.293465
5.367e-05,2.28121,2.31004,2.295625
5.368e-05,2.2905,2.30445,2.297475
5.3689999999999996e-05,2.28956,2.31257,2.301065
5.3700000000000004e-05,2.28097,2.31104,2.296005
5.371e-05,2.28605,2.3132,2.299625
5.3719999999999994e-05,2.28633,2.30864,2.297485
5.373e-05,2.28727,2.30715,2.29721
5.3740000000000004e-05,2.28163,2.30906,2.295345
5.375e-05,2.28374,2.30658,2.29516
5.3759999999999994e-05,2.28789,2.31006,2.298975
5.377000000000001e-05,2.28272,2.31123,2.296975
5.3780000000000003e-05,2.27857,2.30907,2.29382
5.379e-05,2.2792,2.30566,2.29243
5.38e-05,2.27847,2.31437,2.29642
5.381e-05,2.28292,2.30808,2.2955
5.382e-05,2.27515,2.31424,2.294695
5.383e-05,2.28049,2.31322,2.296855
5.3840000000000006e-05,2.28457,2.30721,2.29589
5.385e-05,2.27883,2.30787,2.29335
5.3859999999999996e-05,2.27996,2.30105,2.290505
5.387e-05,2.28887,2.3068,2.297835
5.3880000000000006e-05,2.28514,2.31179,2.298465
5.389e-05,2.28333,2.3064,2.294865
5.3899999999999996e-05,2.27805,2.30069,2.28937
5.391e-05,2.2883,2.30624,2.29727
5.3920000000000006e-05,2.27957,2.30611,2.29284
5.393e-05,2.28079,2.30124,2.291015
5.3939999999999995e-05,2.28665,2.30521,2.29593
5.3950000000000004e-05,2.27594,2.30309,2.289515
5.396e-05,2.28626,2.30061,2.293435
5.397e-05,2.28059,2.30111,2.29085
5.398e-05,2.28292,2.30358,2.29325
5.399e-05,2.28308,2.30821,2.295645
5.4e-05,2.28386,2.30806,2.29596
5.400999999999999e-05,2.28138,2.30207,2.291725
5.402000000000001e-05,2.28812,2.29508,2.2916
5.403e-05,2.28368,2.3142,2.29894
5.404e-05,2.28207,2.30795,2.29501
5.404999999999999e-05,2.27465,2.3145,2.294575
5.406e-05,2.27972,2.3119,2.29581
5.407e-05,2.27563,2.31807,2.29685
5.408e-05,2.27045,2.31087,2.29066
5.4090000000000006e-05,2.27889,2.31201,2.29545
5.41e-05,2.27683,2.31801,2.29742
5.4109999999999995e-05,2.27583,2.31813,2.29698
5.412e-05,2.27757,2.3071,2.292335
5.4130000000000005e-05,2.27106,2.32039,2.295725
5.414e-05,2.26466,2.31033,2.287495
5.4149999999999995e-05,2.27066,2.31739,2.294025
5.4159999999999996e-05,2.27213,2.31955,2.29584
5.4170000000000005e-05,2.27157,2.31231,2.29194
5.418e-05,2.276,2.30578,2.29089
5.4189999999999994e-05,2.26671,2.31799,2.29235
5.42e-05,2.27145,2.31415,2.2928
5.4210000000000004e-05,2.27162,2.30116,2.28639
5.422e-05,2.2789,2.31184,2.29537
5.4229999999999994e-05,2.28221,2.32059,2.3014
5.424e-05,2.27349,2.3108,2.292145
5.425e-05,2.27736,2.30631,2.291835
5.426e-05,2.27438,2.30772,2.29105
5.427000000000001e-05,2.27882,2.31139,2.295105
5.428e-05,2.27276,2.31025,2.291505
5.429e-05,2.27005,2.30386,2.286955
5.429999999999999e-05,2.26916,2.29901,2.284085
5.431000000000001e-05,2.27751,2.30538,2.291445
5.432e-05,2.27289,2.31175,2.29232
5.4329999999999997e-05,2.27685,2.31347,2.29516
5.4340000000000005e-05,2.27785,2.31414,2.295995
5.435e-05,2.28596,2.3074,2.29668
5.436e-05,2.27733,2.301,2.289165
5.4369999999999996e-05,2.27879,2.30435,2.29157
5.4380000000000005e-05,2.2784,2.30174,2.29007
5.439e-05,2.27774,2.29905,2.288395
5.4399999999999994e-05,2.27326,2.31333,2.293295
5.441e-05,2.27453,2.30995,2.29224
5.4420000000000004e-05,2.27686,2.31011,2.293485
5.443e-05,2.27642,2.30958,2.293
5.4439999999999994e-05,2.27671,2.30922,2.292965
5.445e-05,2.27365,2.30788,2.290765
5.4460000000000004e-05,2.2826,2.3069,2.29475
5.447e-05,2.27832,2.3158,2.29706
5.447999999999999e-05,2.28037,2.3251,2.302735
5.449e-05,2.27004,2.31191,2.290975
5.4499999999999997e-05,2.2821,2.30907,2.295585
5.451e-05,2.2769,2.30953,2.293215
5.4520000000000007e-05,2.27427,2.32056,2.297415
5.453e-05,2.27149,2.31504,2.293265
5.4539999999999996e-05,2.27805,2.31455,2.2963
5.454999999999999e-05,2.27994,2.30464,2.29229
5.4560000000000006e-05,2.27565,2.3122,2.293925
5.457e-05,2.2857,2.31457,2.300135
5.4579999999999996e-05,2.28567,2.31079,2.29823
5.4590000000000004e-05,2.27904,2.31266,2.29585
5.4600000000000006e-05,2.27984,2.31088,2.29536
5.461e-05,2.28249,2.31061,2.29655
5.4619999999999995e-05,2.27278,2.30679,2.289785
5.4630000000000004e-05,2.27062,2.30506,2.28784
5.464e-05,2.27686,2.30207,2.289465
5.465e-05,2.28132,2.3065,2.29391
5.4659999999999995e-05,2.27889,2.30582,2.292355
5.4670000000000003e-05,2.28724,2.30147,2.294355
5.468e-05,2.28103,2.30041,2.29072
5.468999999999999e-05,2.27813,2.30231,2.29022
5.470000000000001e-05,2.28256,2.30776,2.29516
5.471e-05,2.27615,2.30102,2.288585
5.472e-05,2.27803,2.30286,2.290445
5.472999999999999e-05,2.27835,2.30302,2.290685
5.474e-05,2.27577,2.30027,2.28802
5.475e-05,2.27904,2.29768,2.28836
5.476e-05,2.27734,2.30796,2.29265
5.4770000000000006e-05,2.28808,2.30957,2.298825
5.478e-05,2.28407,2.3077,2.295885
5.4789999999999995e-05,2.27885,2.29714,2.287995
5.48e-05,2.27612,2.29475,2.285435
5.4810000000000005e-05,2.27562,2.29731,2.286465
5.482e-05,2.27504,2.29405,2.284545
5.4829999999999995e-05,2.27837,2.29208,2.285225
5.4840000000000003e-05,2.28097,2.30156,2.291265
5.4850000000000005e-05,2.28276,2.29202,2.28739
5.486e-05,2.28278,2.29707,2.289925
5.4869999999999995e-05,2.27619,2.30015,2.28817
5.488e-05,2.28089,2.30075,2.29082
5.489e-05,2.27549,2.29535,2.28542
5.49e-05,2.28709,2.30549,2.29629
5.4909999999999994e-05,2.28823,2.2962,2.292215
5.492e-05,2.27684,2.29572,2.28628
5.493e-05,2.28009,2.30039,2.29024
5.494e-05,2.26969,2.28997,2.27983
5.495000000000001e-05,2.28273,2.30436,2.293545
5.496e-05,2.28639,2.30482,2.295605
5.497e-05,2.27301,2.30654,2.289775
5.497999999999999e-05,2.27869,2.30464,2.291665
5.499000000000001e-05,2.28639,2.31323,2.29981
5.5e-05,2.2803,2.30744,2.29387
5.501e-05,2.2799,2.30164,2.29077
5.5020000000000005e-05,2.27453,2.31415,2.29434
5.503e-05,2.27962,2.30333,2.291475
5.504e-05,2.27671,2.30875,2.29273
5.5049999999999996e-05,2.27715,2.30871,2.29293
5.5060000000000005e-05,2.27319,2.30704,2.290115
5.507e-05,2.26845,2.31328,2.290865
5.5079999999999994e-05,2.26817,2.30734,2.287755
5.509e-05,2.27529,2.30819,2.29174
5.5100000000000004e-05,2.28227,2.30298,2.292625
5.511e-05,2.27733,2.30229,2.28981
5.5119999999999994e-05,2.27767,2.30779,2.29273
5.513e-05,2.28251,2.30819,2.29535
5.5140000000000004e-05,2.27719,2.30283,2.29001
5.515e-05,2.27269,2.30167,2.28718
5.5159999999999994e-05,2.27499,2.30489,2.28994
5.517e-05,2.27943,2.3043,2.291865
5.518e-05,2.28437,2.31151,2.29794
5.519e-05,2.28803,2.30736,2.297695
5.520000000000001e-05,2.28464,2.30096,2.2928
5.521e-05,2.28139,2.30089,2.29114
5.5219999999999996e-05,2.27516,2.30624,2.2907
5.522999999999999e-05,2.2787,2.29938,2.28904
5.5240000000000006e-05,2.27958,2.30799,2.293785
5.525e-05,2.27917,2.30646,2.292815
5.5259999999999996e-05,2.27454,2.2984,2.28647
5.527e-05,2.27866,2.30266,2.29066
5.5280000000000006e-05,2.28126,2.3097,2.29548
5.529e-05,2.2722,2.30778,2.28999
5.5299999999999996e-05,2.26875,2.30223,2.28549
5.5310000000000004e-05,2.26958,2.30108,2.28533
5.532e-05,2.26934,2.29462,2.28198
5.533e-05,2.27021,2.2992,2.284705
5.534e-05,2.27449,2.30398,2.289235
5.5350000000000004e-05,2.27286,2.30219,2.287525
5.536e-05,2.28064,2.30319,2.291915
5.536999999999999e-05,2.2779,2.29531,2.286605
5.538000000000001e-05,2.2791,2.30318,2.29114
5.539e-05,2.27456,2.30025,2.287405
5.54e-05,2.27757,2.29817,2.28787
5.540999999999999e-05,2.27571,2.29733,2.28652
5.542e-05,2.28689,2.30397,2.29543
5.543e-05,2.28254,2.30071,2.291625
5.544e-05,2.27564,2.30675,2.291195
5.5450000000000006e-05,2.2829,2.29987,2.291385
5.546e-05,2.27755,2.30107,2.28931
5.5469999999999996e-05,2.27901,2.30172,2.290365
5.548e-05,2.2816,2.29972,2.29066
5.5490000000000006e-05,2.27734,2.29892,2.28813
5.55e-05,2.28094,2.29695,2.288945
5.5509999999999995e-05,2.27867,2.29792,2.288295
5.552e-05,2.27824,2.30436,2.2913
5.5530000000000005e-05,2.28309,2.30224,2.292665
5.554e-05,2.28261,2.30869,2.29565
5.5549999999999995e-05,2.28201,2.29162,2.286815
5.556e-05,2.27859,2.29681,2.2877
5.557e-05,2.27101,2.29886,2.284935
5.558e-05,2.28025,2.28611,2.28318
5.559e-05,2.27553,2.29473,2.28513
5.56e-05,2.28164,2.30371,2.292675
5.561e-05,2.28606,2.29196,2.28901
5.561999999999999e-05,2.27675,2.30005,2.2884
5.563000000000001e-05,2.28364,2.30405,2.293845
5.564e-05,2.27989,2.30542,2.292655
5.565e-05,2.28129,2.30827,2.29478
5.565999999999999e-05,2.27811,2.30544,2.291775
5.567000000000001e-05,2.28149,2.30601,2.29375
5.568e-05,2.28295,2.30774,2.295345
5.569e-05,2.27862,2.29308,2.28585
5.57e-05,2.28382,2.30298,2.2934
5.571e-05,2.28039,2.29484,2.287615
5.572e-05,2.27908,2.30003,2.289555
5.573e-05,2.28574,2.29153,2.288635
5.5740000000000005e-05,2.27462,2.29431,2.284465
5.575e-05,2.28181,2.30137,2.29159
5.5759999999999995e-05,2.28078,2.29617,2.288475
5.577e-05,2.28026,2.29309,2.286675
5.5780000000000005e-05,2.28227,2.29875,2.29051
5.579e-05,2.28031,2.29701,2.28866
5.5799999999999994e-05,2.27553,2.29179,2.28366
5.581e-05,2.27294,2.2902,2.28157
5.5820000000000004e-05,2.27849,2.29883,2.28866
5.583e-05,2.2721,2.30353,2.287815
5.584e-05,2.27622,2.3048,2.29051
5.585e-05,2.28228,2.29467,2.288475
5.586e-05,2.28109,2.29469,2.28789
5.587e-05,2.27974,2.30016,2.28995
5.588e-05,2.28062,2.3055,2.29306
5.589e-05,2.27439,2.31112,2.292755
5.59e-05,2.28382,2.30197,2.292895
5.590999999999999e-05,2.27843,2.29617,2.2873
5.592000000000001e-05,2.27455,2.30056,2.287555
5.593e-05,2.28399,2.3004,2.292195
5.5939999999999996e-05,2.27614,2.29953,2.287835
5.595e-05,2.29225,2.29642,2.294335
5.596e-05,2.2769,2.29588,2.28639
5.597e-05,2.28393,2.29205,2.28799
5.5979999999999996e-05,2.27555,2.28745,2.2815
5.5990000000000004e-05,2.27379,2.30128,2.287535
5.6e-05,2.27167,2.2953,2.283485
5.6009999999999994e-05,2.27212,2.29764,2.28488
5.602e-05,2.27283,2.30226,2.287545
5.6030000000000004e-05,2.27459,2.30107,2.28783
5.604e-05,2.26925,2.30764,2.288445
5.6049999999999994e-05,2.27275,2.31068,2.291715
5.606000000000001e-05,2.27726,2.30627,2.291765
5.6070000000000004e-05,2.27177,2.31426,2.293015
5.608e-05,2.27466,2.31122,2.29294
5.609e-05,2.28115,2.29889,2.29002
5.61e-05,2.28192,2.30038,2.29115
5.611e-05,2.27933,2.30137,2.29035
5.612e-05,2.28004,2.29582,2.28793
5.613e-05,2.27553,2.29647,2.286
5.614e-05,2.27807,2.29737,2.28772
5.6149999999999996e-05,2.28356,2.31384,2.2987
5.616e-05,2.28072,2.31409,2.297405
5.6170000000000006e-05,2.27282,2.30242,2.28762
5.618e-05,2.27524,2.29708,2.28616
5.6189999999999996e-05,2.27524,2.30634,2.29079
5.62e-05,2.27859,2.29648,2.287535
5.6210000000000006e-05,2.28354,2.30701,2.295275
5.622e-05,2.28019,2.30197,2.29108
5.6229999999999995e-05,2.27981,2.30518,2.292495
5.6240000000000004e-05,2.28007,2.30636,2.293215
5.625e-05,2.27238,2.29911,2.285745
5.626e-05,2.28184,2.3068,2.29432
5.627e-05,2.28431,2.30816,2.296235
5.628e-05,2.27714,2.30865,2.292895
5.629e-05,2.28276,2.30835,2.295555
5.629999999999999e-05,2.27454,2.29667,2.285605
5.631e-05,2.27872,2.29519,2.286955
5.632e-05,2.27459,2.3011,2.287845
5.633e-05,2.27318,2.30634,2.28976
5.634e-05,2.27908,2.3,2.28954
5.635e-05,2.26948,2.30917,2.289325
5.636e-05,2.27127,2.30294,2.287105
5.637e-05,2.27371,2.31019,2.29195
5.638e-05,2.27123,2.30468,2.287955
5.639e-05,2.28631,2.30476,2.295535
5.64e-05,2.27966,2.30657,2.293115
5.641e-05,2.27724,2.2978,2.28752
5.6420000000000005e-05,2.27778,2.29722,2.2875
5.643e-05,2.26962,2.31528,2.29245
5.6439999999999995e-05,2.277,2.3072,2.2921
5.645e-05,2.26853,2.30874,2.288635
5.6460000000000005e-05,2.27347,2.31049,2.29198
5.647e-05,2.27242,2.30381,2.288115
5.6479999999999995e-05,2.27181,2.30391,2.28786
5.6489999999999996e-05,2.26981,2.30148,2.285645
5.6500000000000005e-05,2.27412,2.30083,2.287475
5.651e-05,2.26797,2.30467,2.28632
5.652e-05,2.2747,2.31384,2.29427
5.653e-05,2.27555,2.31194,2.293745
5.654e-05,2.27103,2.30972,2.290375
5.655e-05,2.27842,2.29964,2.28903
5.656e-05,2.27591,2.30554,2.290725
5.657e-05,2.27907,2.29912,2.289095
5.658e-05,2.29121,2.2945,2.292855
5.659e-05,2.28096,2.29435,2.287655
5.660000000000001e-05,2.28703,2.30171,2.29437
5.661e-05,2.28332,2.30399,2.293655
5.662e-05,2.28412,2.30349,2.293805
5.663e-05,2.28799,2.29881,2.2934
5.664e-05,2.27777,2.30653,2.29215
5.665e-05,2.27628,2.31216,2.29422
5.6659999999999996e-05,2.28353,2.31066,2.297095
5.6670000000000005e-05,2.28337,2.30708,2.295225
5.668e-05,2.28379,2.30685,2.29532
5.6689999999999994e-05,2.27867,2.30899,2.29383
5.67e-05,2.27471,2.29849,2.2866
5.6710000000000004e-05,2.28101,2.30261,2.29181
5.672e-05,2.28679,2.30587,2.29633
5.6729999999999994e-05,2.2813,2.30588,2.29359
5.6739999999999995e-05,2.27687,2.30008,2.288475
5.6750000000000004e-05,2.27128,2.30623,2.288755
5.676e-05,2.28039,2.30155,2.29097
5.677e-05,2.27935,2.3151,2.297225
5.678e-05,2.27525,2.31251,2.29388
5.6790000000000003e-05,2.27963,2.31328,2.296455
5.68e-05,2.27559,2.30487,2.29023
5.681e-05,2.28208,2.30894,2.29551
5.682e-05,2.27332,2.30144,2.28738
5.6829999999999996e-05,2.26906,2.3043,2.28668
5.6840000000000005e-05,2.27939,2.31458,2.296985
5.6850000000000006e-05,2.27546,2.31145,2.293455
5.686e-05,2.27677,2.31147,2.29412
5.6869999999999996e-05,2.2708,2.31565,2.293225
5.688e-05,2.27858,2.31079,2.294685
5.6890000000000006e-05,2.27101,2.30929,2.29015
5.69e-05,2.27394,2.3012,2.28757
5.6909999999999996e-05,2.26901,2.29716,2.283085
5.692e-05,2.27554,2.30559,2.290565
5.693e-05,2.2715,2.30634,2.28892
5.694e-05,2.27622,2.3051,2.29066
5.695e-05,2.27024,2.30635,2.288295
5.6960000000000004e-05,2.27333,2.30766,2.290495
5.697e-05,2.27341,2.3037,2.288555
5.697999999999999e-05,2.27425,2.30294,2.288595
5.699e-05,2.27333,2.31744,2.295385
5.7e-05,2.27705,2.31722,2.297135
5.701e-05,2.27083,2.30321,2.28702
5.702e-05,2.2725,2.31289,2.292695
5.703e-05,2.27648,2.31015,2.293315
5.704e-05,2.27629,2.30497,2.29063
5.705e-05,2.27512,2.30708,2.2911
5.706e-05,2.26869,2.30883,2.28876
5.707e-05,2.27436,2.30339,2.288875
5.7079999999999996e-05,2.26705,2.3144,2.290725
5.7090000000000004e-05,2.27366,2.29684,2.28525
5.71e-05,2.27237,2.30071,2.28654
5.711e-05,2.27014,2.29877,2.284455
5.7119999999999995e-05,2.27462,2.30142,2.28802
5.7130000000000004e-05,2.27644,2.29275,2.284595
5.7140000000000005e-05,2.27214,2.30369,2.287915
5.715e-05,2.27883,2.31091,2.29487
5.7159999999999995e-05,2.27291,2.30431,2.28861
5.7169999999999996e-05,2.27724,2.31043,2.293835
5.7180000000000005e-05,2.28,2.3149,2.29745
5.719e-05,2.27282,2.30776,2.29029
5.72e-05,2.27542,2.29262,2.28402
5.721e-05,2.27885,2.31152,2.295185
5.722e-05,2.28151,2.30412,2.292815
5.723e-05,2.27257,2.30184,2.287205
5.724e-05,2.27495,2.30139,2.28817
5.725e-05,2.28158,2.30477,2.293175
5.726e-05,2.28155,2.31682,2.299185
5.727e-05,2.2727,2.30689,2.289795
5.728000000000001e-05,2.27087,2.30556,2.288215
5.729e-05,2.2737,2.3121,2.2929
5.73e-05,2.27233,2.30972,2.291025
5.731e-05,2.27112,2.30705,2.289085
5.732e-05,2.27211,2.3126,2.292355
5.733e-05,2.27638,2.30687,2.291625
5.734e-05,2.273,2.30482,2.28891
5.735e-05,2.2686,2.30495,2.286775
5.736e-05,2.2696,2.30785,2.288725
5.7369999999999995e-05,2.27826,2.29777,2.288015
5.738e-05,2.27191,2.30587,2.28889
5.7390000000000004e-05,2.27216,2.30589,2.289025
5.74e-05,2.27861,2.30622,2.292415
5.7409999999999994e-05,2.27765,2.31501,2.29633
5.7419999999999996e-05,2.28342,2.30689,2.295155
5.7430000000000004e-05,2.28232,2.30625,2.294285
5.744e-05,2.28486,2.3076,2.29623
5.745e-05,2.28333,2.30447,2.2939
5.746e-05,2.2776,2.30676,2.29218
5.747e-05,2.28239,2.30849,2.29544
5.748e-05,2.28203,2.30553,2.29378
5.749e-05,2.28429,2.30973,2.29701
5.75e-05,2.27427,2.29855,2.28641
5.7509999999999997e-05,2.27369,2.30601,2.28985
5.7520000000000005e-05,2.27251,2.30828,2.290395
5.753e-05,2.27328,2.30851,2.290895
5.754e-05,2.27282,2.30791,2.290365
5.7549999999999996e-05,2.28216,2.31021,2.296185
5.756e-05,2.27427,2.30637,2.29032
5.7570000000000006e-05,2.28556,2.30985,2.297705
5.758e-05,2.27232,2.31083,2.291575
5.759e-05,2.27997,2.30494,2.292455
5.76e-05,2.27725,2.29955,2.2884
5.761e-05,2.27893,2.31071,2.29482
5.762e-05,2.27783,2.31452,2.296175
5.763e-05,2.28306,2.3097,2.29638
5.7640000000000004e-05,2.28114,2.30558,2.29336
5.765e-05,2.27928,2.30403,2.291655
5.7659999999999993e-05,2.28247,2.30305,2.29276
5.767e-05,2.28358,2.29929,2.291435
5.7680000000000003e-05,2.27861,2.30528,2.291945
5.769e-05,2.27095,2.30202,2.286485
5.77e-05,2.27563,2.30338,2.289505
5.7709999999999995e-05,2.27997,2.30463,2.2923
5.772e-05,2.27851,2.31016,2.294335
5.773e-05,2.27644,2.30349,2.289965
5.774e-05,2.2765,2.30582,2.29116
5.775e-05,2.27834,2.30412,2.29123
5.7759999999999996e-05,2.27434,2.31531,2.294825
5.7770000000000004e-05,2.28658,2.31031,2.298445
5.778e-05,2.28174,2.32365,2.302695
5.779e-05,2.28228,2.3077,2.29499
5.7799999999999995e-05,2.28071,2.3099,2.295305
5.781e-05,2.27811,2.30373,2.29092
5.7820000000000005e-05,2.28256,2.30903,2.295795
5.783e-05,2.27879,2.30373,2.29126
5.784e-05,2.28415,2.31726,2.300705
5.785e-05,2.27845,2.29786,2.288155
5.7860000000000005e-05,2.27709,2.29475,2.28592
5.787e-05,2.28152,2.29631,2.288915
5.788e-05,2.27805,2.30578,2.291915
5.789e-05,2.28101,2.30009,2.29055
5.79e-05,2.28784,2.29811,2.292975
5.791e-05,2.28143,2.29548,2.288455
5.792e-05,2.27783,2.30487,2.29135
5.793e-05,2.27796,2.3096,2.29378
5.794e-05,2.28319,2.29683,2.29001
5.795e-05,2.27219,2.30248,2.287335
5.796e-05,2.2836,2.29921,2.291405
5.797e-05,2.28187,2.30737,2.29462
5.798e-05,2.28332,2.29969,2.291505
5.799e-05,2.28465,2.30377,2.29421
5.8e-05,2.28747,2.3065,2.296985
5.801e-05,2.2758,2.30589,2.290845
5.8020000000000004e-05,2.27703,2.30759,2.29231
5.803e-05,2.28535,2.30339,2.29437
5.804e-05,2.27634,2.31097,2.293655
5.8049999999999995e-05,2.28628,2.3092,2.29774
5.806e-05,2.27911,2.30674,2.292925
5.8070000000000005e-05,2.2767,2.31047,2.293585
5.808e-05,2.28274,2.30587,2.294305
5.809e-05,2.28143,2.31285,2.29714
5.8099999999999996e-05,2.2798,2.31046,2.29513
5.8110000000000004e-05,2.28736,2.30019,2.293775
5.812e-05,2.27578,2.31611,2.295945
5.813e-05,2.28034,2.31288,2.29661
5.8139999999999996e-05,2.27479,2.31164,2.293215
5.815e-05,2.27832,2.30983,2.294075
5.816e-05,2.28211,2.31257,2.29734
5.817e-05,2.28171,2.31221,2.29696
5.818e-05,2.28359,2.31816,2.300875
5.819e-05,2.27683,2.30969,2.29326
5.82e-05,2.2894,2.31835,2.303875
5.821e-05,2.28204,2.31486,2.29845
5.822e-05,2.27843,2.32456,2.301495
5.8229999999999996e-05,2.2819,2.31527,2.298585
5.824e-05,2.28798,2.31706,2.30252
5.8250000000000006e-05,2.28916,2.31616,2.30266
5.826e-05,2.28821,2.30633,2.29727
5.827e-05,2.28823,2.30941,2.29882
5.828e-05,2.29383,2.30694,2.300385
5.829e-05,2.29171,2.30815,2.29993
5.83e-05,2.29502,2.31064,2.30283
5.831e-05,2.29352,2.31543,2.304475
5.832e-05,2.2886,2.30736,2.29798
5.833e-05,2.29008,2.30899,2.299535
5.834e-05,2.2798,2.31601,2.297905
5.835e-05,2.28881,2.3123,2.300555
5.8360000000000004e-05,2.28536,2.3106,2.29798
5.837e-05,2.28001,2.3158,2.297905
5.838e-05,2.27811,2.31427,2.29619
5.8389999999999995e-05,2.28247,2.30971,2.29609
5.84e-05,2.28674,2.30722,2.29698
5.841e-05,2.28579,2.30736,2.296575
5.842e-05,2.28838,2.30545,2.296915
5.843e-05,2.27691,2.2984,2.287655
5.8439999999999996e-05,2.28087,2.30532,2.293095
5.8450000000000005e-05,2.2823,2.31058,2.29644
5.846e-05,2.2793,2.31514,2.29722
5.847e-05,2.28185,2.31561,2.29873
5.8479999999999996e-05,2.28019,2.3077,2.293945
5.849e-05,2.28202,2.30943,2.295725
5.8500000000000006e-05,2.28409,2.31274,2.298415
5.851e-05,2.28373,2.30862,2.296175
5.852e-05,2.29028,2.30735,2.298815
5.853e-05,2.28424,2.31719,2.300715
5.854e-05,2.28728,2.31383,2.300555
5.855e-05,2.28664,2.30928,2.29796
5.856e-05,2.27937,2.31802,2.298695
5.8569999999999997e-05,2.27677,2.31263,2.2947
5.858e-05,2.28768,2.3144,2.30104
5.8590000000000007e-05,2.28193,2.30519,2.29356
5.86e-05,2.27786,2.30917,2.293515
5.861e-05,2.28505,2.30808,2.296565
5.862e-05,2.2829,2.30886,2.29588
5.863e-05,2.2858,2.31045,2.298125
5.864e-05,2.29247,2.3015,2.296985
5.865e-05,2.28317,2.30721,2.29519
5.866e-05,2.29402,2.30086,2.29744
5.867e-05,2.28146,2.3058,2.29363
5.868e-05,2.28448,2.30732,2.2959
5.869e-05,2.28636,2.29582,2.29109
5.8700000000000004e-05,2.28247,2.30319,2.29283
5.871e-05,2.28329,2.30357,2.29343
5.872e-05,2.28014,2.31082,2.29548
5.8729999999999995e-05,2.28713,2.31035,2.29874
5.8740000000000003e-05,2.28401,2.30629,2.29515
5.875e-05,2.2857,2.30892,2.29731
5.876e-05,2.28286,2.30798,2.29542
5.877e-05,2.28319,2.314,2.298595
5.8779999999999996e-05,2.28259,2.30976,2.296175
5.8790000000000005e-05,2.28066,2.30615,2.293405
5.88e-05,2.29286,2.30381,2.298335
5.881e-05,2.28299,2.2997,2.291345
5.8819999999999996e-05,2.29791,2.30361,2.30076
5.883e-05,2.29689,2.30542,2.301155
5.8840000000000006e-05,2.2919,2.31819,2.305045
5.885e-05,2.28594,2.31294,2.29944
5.886e-05,2.2897,2.31712,2.30341
5.887e-05,2.28869,2.30569,2.29719
5.888e-05,2.29313,2.30584,2.299485
5.889e-05,2.28195,2.30772,2.294835
5.89e-05,2.28013,2.30875,2.29444
5.891e-05,2.28169,2.3082,2.294945
5.892e-05,2.2859,2.30768,2.29679
5.892999999999999e-05,2.2856,2.31043,2.298015
5.894e-05,2.27854,2.3103,2.29442
5.895e-05,2.28713,2.3097,2.298415
5.896e-05,2.28436,2.31105,2.297705
5.897e-05,2.28515,2.31186,2.298505
5.8979999999999994e-05,2.28176,2.32716,2.30446
5.899e-05,2.27963,2.31241,2.29602
5.9e-05,2.2857,2.30796,2.29683
5.901e-05,2.27843,2.30409,2.29126
5.902e-05,2.27626,2.31256,2.29441
5.903e-05,2.2847,2.30841,2.296555
5.9040000000000004e-05,2.28661,2.30661,2.29661
5.905e-05,2.27634,2.3034,2.28987
5.906e-05,2.28169,2.30549,2.29359
5.9069999999999995e-05,2.28185,2.31359,2.29772
5.9080000000000004e-05,2.27417,2.30298,2.288575
5.9090000000000005e-05,2.27495,2.30622,2.290585
5.91e-05,2.27498,2.30653,2.290755
5.911e-05,2.27867,2.30583,2.29225
5.9119999999999996e-05,2.2787,2.30393,2.291315
5.9130000000000005e-05,2.28153,2.30516,2.293345
5.914e-05,2.28173,2.30557,2.29365
5.915e-05,2.2871,2.30334,2.29522
5.9159999999999996e-05,2.29305,2.30189,2.29747
5.917e-05,2.29013,2.3058,2.297965
5.918e-05,2.28389,2.29549,2.28969
5.919e-05,2.29042,2.3016,2.29601
5.92e-05,2.28542,2.31019,2.297805
5.921e-05,2.28152,2.30817,2.294845
5.922e-05,2.28252,2.29537,2.288945
5.923e-05,2.27829,2.30297,2.29063
5.924e-05,2.2792,2.29658,2.28789
5.925e-05,2.27904,2.30056,2.2898
5.926e-05,2.27917,2.30174,2.290455
5.927e-05,2.28286,2.30279,2.292825
5.928e-05,2.28479,2.3018,2.293295
5.929e-05,2.28344,2.2989,2.29117
5.93e-05,2.27704,2.29532,2.28618
5.931e-05,2.28219,2.29515,2.28867
5.9319999999999994e-05,2.2771,2.3063,2.2917
5.933e-05,2.27408,2.30185,2.287965
5.9340000000000004e-05,2.28068,2.30331,2.291995
5.935e-05,2.2801,2.29812,2.28911
5.9359999999999994e-05,2.27946,2.30734,2.2934
5.937e-05,2.28172,2.30225,2.291985
5.9380000000000004e-05,2.2801,2.31191,2.296005
5.939e-05,2.27959,2.30018,2.289885
5.94e-05,2.28484,2.29413,2.289485
5.9409999999999995e-05,2.27711,2.3025,2.289805
5.9420000000000004e-05,2.27769,2.29287,2.28528
5.943e-05,2.2751,2.29637,2.285735
5.944e-05,2.2764,2.30578,2.29109
5.945e-05,2.28256,2.29127,2.286915
5.9459999999999997e-05,2.27598,2.29985,2.287915
5.9470000000000005e-05,2.27486,2.2988,2.28683
5.948e-05,2.2803,2.29052,2.28541
5.949e-05,2.2817,2.30756,2.29463
5.9499999999999996e-05,2.28165,2.29796,2.289805
5.951e-05,2.28134,2.29792,2.28963
5.9520000000000006e-05,2.28531,2.3074,2.296355
5.953e-05,2.28831,2.30586,2.297085
5.9539999999999996e-05,2.28007,2.3006,2.290335
5.955e-05,2.2763,2.3014,2.28885
5.956e-05,2.28526,2.29873,2.291995
5.957e-05,2.28634,2.29827,2.292305
5.958e-05,2.28097,2.2965,2.288735
5.9590000000000004e-05,2.27968,2.30678,2.29323
5.96e-05,2.27833,2.29491,2.28662
5.9609999999999993e-05,2.28547,2.30158,2.293525
5.962e-05,2.27748,2.2945,2.28599
5.963e-05,2.27963,2.2921,2.285865
5.964e-05,2.2782,2.29084,2.28452
5.965e-05,2.27175,2.29482,2.283285
5.9659999999999995e-05,2.27958,2.29738,2.28848
5.967e-05,2.28086,2.30141,2.291135
5.968e-05,2.27653,2.29436,2.285445
5.969e-05,2.27694,2.29154,2.28424
5.97e-05,2.27451,2.29752,2.286015
5.9709999999999996e-05,2.28825,2.30319,2.29572
5.9720000000000004e-05,2.27732,2.30041,2.288865
5.973e-05,2.28682,2.29192,2.28937
5.974e-05,2.27855,2.29377,2.28616
5.9749999999999995e-05,2.28199,2.29168,2.286835
5.9760000000000004e-05,2.27846,2.29695,2.287705
5.9770000000000005e-05,2.28103,2.29597,2.2885
5.978e-05,2.28042,2.29731,2.288865
5.9789999999999995e-05,2.27968,2.29314,2.28641
5.98e-05,2.28135,2.29893,2.29014
5.9810000000000005e-05,2.27265,2.28955,2.2811
5.982e-05,2.28038,2.30223,2.291305
5.983e-05,2.28058,2.29938,2.28998
5.984e-05,2.28552,2.29146,2.28849
5.985e-05,2.28614,2.30172,2.29393
5.986e-05,2.2813,2.29067,2.285985
5.987e-05,2.28345,2.29403,2.28874
5.988e-05,2.2868,2.30064,2.29372
5.989e-05,2.28333,2.29107,2.2872
5.99e-05,2.28045,2.30659,2.29352
5.991e-05,2.28754,2.30502,2.29628
5.992e-05,2.28188,2.29756,2.28972
5.993e-05,2.27867,2.29852,2.288595
5.994e-05,2.28449,2.29292,2.288705
5.995e-05,2.2816,2.30592,2.29376
5.996e-05,2.2853,2.30046,2.29288
5.997e-05,2.28362,2.29248,2.28805
5.998e-05,2.28127,2.29847,2.28987
5.999e-05,2.28463,2.30473,2.29468
5.9999999999999995e-05,2.28847,2.30137,2.29492
6.001e-05,2.28784,2.30575,2.296795
6.0020000000000005e-05,2.28494,2.3053,2.29512
6.003e-05,2.28998,2.29951,2.294745
6.0039999999999994e-05,2.29207,2.30032,2.296195
6.0049999999999996e-05,2.28757,2.30914,2.298355
6.0060000000000004e-05,2.2911,2.29764,2.29437
6.007e-05,2.28304,2.30503,2.294035
6.008e-05,2.29296,2.30688,2.29992
6.009e-05,2.29534,2.29816,2.29675
6.0100000000000004e-05,2.29218,2.29916,2.29567
6.011e-05,2.28753,2.29485,2.29119
6.012e-05,2.2818,2.29673,2.289265
6.013e-05,2.29225,2.29733,2.29479
6.014e-05,2.28831,2.29616,2.292235
6.015e-05,2.28064,2.29307,2.286855
6.016e-05,2.29381,2.30239,2.2981
6.017e-05,2.29138,2.2978,2.29459
6.0179999999999996e-05,2.28841,2.30155,2.29498
6.019e-05,2.28613,2.30066,2.293395
6.0200000000000006e-05,2.28531,2.29478,2.290045
6.021e-05,2.28279,2.30272,2.292755
6.0219999999999996e-05,2.28824,2.29386,2.29105
6.023e-05,2.2876,2.29553,2.291565
6.024e-05,2.28158,2.29753,2.289555
6.025e-05,2.28574,2.29449,2.290115
6.026e-05,2.28367,2.29322,2.288445
6.0270000000000004e-05,2.28563,2.29075,2.28819
6.028e-05,2.27516,2.29316,2.28416
6.0289999999999994e-05,2.29033,2.29355,2.29194
6.03e-05,2.27685,2.29303,2.28494
6.0310000000000004e-05,2.28007,2.29905,2.28956
6.032e-05,2.28085,2.2905,2.285675
6.033e-05,2.28242,2.29267,2.287545
6.034e-05,2.28337,2.29212,2.287745
6.035e-05,2.2853,2.28843,2.286865
6.036e-05,2.28166,2.28606,2.28386
6.037e-05,2.28595,2.28989,2.28792
6.038e-05,2.28534,2.28545,2.285395
6.0389999999999996e-05,2.27618,2.29018,2.28318
6.04e-05,2.28253,2.28631,2.28442
6.041e-05,2.28604,2.29033,2.288185
6.042e-05,2.28902,2.29296,2.29099
6.0429999999999996e-05,2.28482,2.29497,2.289895
6.044e-05,2.28757,2.29392,2.290745
6.0450000000000006e-05,2.27866,2.29186,2.28526
6.046e-05,2.28127,2.28822,2.284745
6.0469999999999995e-05,2.27593,2.29294,2.284435
6.048e-05,2.27533,2.29767,2.2865
6.0490000000000005e-05,2.27795,2.30108,2.289515
6.05e-05,2.28334,2.30221,2.292775
6.051e-05,2.28195,2.30302,2.292485
6.052e-05,2.28379,2.30313,2.29346
6.053e-05,2.27813,2.30145,2.28979
6.054e-05,2.28073,2.31148,2.296105
6.055e-05,2.28428,2.28976,2.28702
6.056e-05,2.28358,2.2985,2.29104
6.057e-05,2.28807,2.30354,2.295805
6.057999999999999e-05,2.28344,2.2978,2.29062
6.059000000000001e-05,2.28518,2.30084,2.29301
6.06e-05,2.29056,2.30014,2.29535
6.061e-05,2.2848,2.29369,2.289245
6.062e-05,2.2814,2.29798,2.28969
6.063e-05,2.2835,2.29896,2.29123
6.064e-05,2.28936,2.29925,2.294305
6.065e-05,2.28527,2.29627,2.29077
6.066e-05,2.28097,2.30134,2.291155
6.067e-05,2.28227,2.29374,2.288005
6.0679999999999995e-05,2.28615,2.29987,2.29301
6.069e-05,2.28918,2.30489,2.297035
6.0700000000000005e-05,2.28192,2.29954,2.29073
6.071e-05,2.28106,2.29555,2.288305
6.0719999999999995e-05,2.28335,2.29746,2.290405
6.0729999999999996e-05,2.26892,2.29618,2.28255
6.0740000000000005e-05,2.27775,2.29285,2.2853
6.075e-05,2.28507,2.29365,2.28936
6.0759999999999994e-05,2.28278,2.2977,2.29024
6.077e-05,2.27637,2.29633,2.28635
6.078e-05,2.279,2.29303,2.286015
6.079e-05,2.28157,2.29863,2.2901
6.08e-05,2.27941,2.29528,2.287345
6.081e-05,2.27235,2.29429,2.28332
6.082e-05,2.28561,2.30134,2.293475
6.082999999999999e-05,2.28055,2.29833,2.28944
6.084000000000001e-05,2.27482,2.29917,2.286995
6.085e-05,2.27665,2.29732,2.286985
6.086e-05,2.28218,2.29854,2.29036
6.087e-05,2.27849,2.30594,2.292215
6.088000000000001e-05,2.27818,2.29559,2.286885
6.089e-05,2.28324,2.3025,2.29287
6.0899999999999996e-05,2.28463,2.2969,2.290765
6.091e-05,2.2836,2.30307,2.293335
6.092e-05,2.28299,2.30194,2.292465
6.093e-05,2.2778,2.30032,2.28906
6.094e-05,2.27336,2.29643,2.284895
6.0950000000000004e-05,2.28365,2.30419,2.29392
6.096e-05,2.285,2.29878,2.29189
6.0969999999999994e-05,2.27585,2.30028,2.288065
6.098e-05,2.28302,2.30323,2.293125
6.0990000000000004e-05,2.28243,2.30372,2.293075
6.1e-05,2.28202,2.3035,2.29276
6.1009999999999994e-05,2.28044,2.30725,2.293845
6.102e-05,2.27737,2.31051,2.29394
6.1030000000000004e-05,2.27822,2.30138,2.2898
6.104e-05,2.27444,2.3086,2.29152
6.105e-05,2.27828,2.30007,2.289175
6.106e-05,2.28031,2.30922,2.294765
6.107e-05,2.29023,2.31181,2.30102
6.107999999999999e-05,2.28209,2.31365,2.29787
6.109e-05,2.28235,2.30087,2.29161
6.110000000000001e-05,2.27593,2.3019,2.288915
6.111e-05,2.26986,2.30496,2.28741
6.112e-05,2.27316,2.2973,2.28523
6.113e-05,2.26816,2.297,2.28258
6.114e-05,2.26956,2.3025,2.28603
6.115e-05,2.28133,2.29965,2.29049
6.116e-05,2.28246,2.29909,2.290775
6.117e-05,2.27636,2.29974,2.28805
6.118e-05,2.27267,2.29182,2.282245
6.118999999999999e-05,2.27488,2.29663,2.285755
6.120000000000001e-05,2.27957,2.30564,2.292605
6.121e-05,2.28493,2.29686,2.290895
6.122e-05,2.2776,2.29147,2.284535
6.123e-05,2.27599,2.28812,2.282055
6.124e-05,2.27195,2.29912,2.285535
6.125e-05,2.27386,2.3028,2.28833
6.125999999999999e-05,2.26764,2.29218,2.27991
6.127e-05,2.26881,2.29429,2.28155
6.128e-05,2.27055,2.29749,2.28402
6.128999999999999e-05,2.27783,2.2915,2.284665
6.13e-05,2.27492,2.28079,2.277855
6.131000000000001e-05,2.27174,2.29186,2.2818
6.132e-05,2.27306,2.29267,2.282865
6.133e-05,2.27716,2.2989,2.28803
6.134e-05,2.28102,2.30273,2.291875
6.135e-05,2.27927,2.3016,2.290435
6.136e-05,2.28111,2.30391,2.29251
6.136999999999999e-05,2.27999,2.30664,2.293315
6.138e-05,2.27456,2.3042,2.28938
6.139000000000001e-05,2.27899,2.30167,2.29033
6.14e-05,2.27739,2.30467,2.29103
6.141e-05,2.28023,2.30862,2.294425
6.142e-05,2.28118,2.30085,2.291015
6.143e-05,2.28072,2.29955,2.290135
6.144e-05,2.28169,2.29521,2.28845
6.145e-05,2.28285,2.29679,2.28982
6.146e-05,2.27541,2.30385,2.28963
6.146999999999999e-05,2.27967,2.30371,2.29169
6.148e-05,2.27986,2.29401,2.286935
6.149000000000001e-05,2.28233,2.29927,2.2908
6.15e-05,2.28279,2.29773,2.29026
6.151e-05,2.29024,2.29618,2.29321
6.152000000000001e-05,2.29258,2.29365,2.293115
6.153e-05,2.2829,2.3034,2.29315
6.154e-05,2.28357,2.29955,2.29156
6.155e-05,2.28272,2.29551,2.289115
6.156e-05,2.28081,2.30482,2.292815
6.157e-05,2.28215,2.30412,2.293135
6.157999999999999e-05,2.28382,2.29738,2.2906
6.159000000000001e-05,2.28012,2.29386,2.28699
6.16e-05,2.28473,2.30112,2.292925
6.161e-05,2.28186,2.30251,2.292185
6.162e-05,2.27736,2.29944,2.2884
6.163e-05,2.27906,2.31002,2.29454
6.164e-05,2.27239,2.3027,2.287545
6.165e-05,2.27738,2.3126,2.29499
6.166e-05,2.27788,2.31075,2.294315
6.167e-05,2.27021,2.30526,2.287735
6.167999999999999e-05,2.27951,2.30684,2.293175
6.169e-05,2.27947,2.30478,2.292125
6.170000000000001e-05,2.27341,2.30351,2.28846
6.171e-05,2.29112,2.29635,2.293735
6.172e-05,2.27917,2.30356,2.291365
6.173e-05,2.28219,2.29652,2.289355
6.174e-05,2.28563,2.30473,2.29518
6.175e-05,2.29225,2.30414,2.298195
6.175999999999999e-05,2.28498,2.29888,2.29193
6.177e-05,2.27939,2.30096,2.290175
6.178000000000001e-05,2.28214,2.30878,2.29546
6.179e-05,2.28825,2.30925,2.29875
6.18e-05,2.28347,2.30281,2.29314
6.181e-05,2.28054,2.29893,2.289735
6.182e-05,2.28077,2.30532,2.293045
6.183e-05,2.27897,2.30365,2.29131
6.184e-05,2.28606,2.30409,2.295075
6.185e-05,2.2904,2.30908,2.29974
6.186e-05,2.28835,2.30117,2.29476
6.186999999999999e-05,2.27953,2.31907,2.2993
6.188000000000001e-05,2.27959,2.30707,2.29333
6.189e-05,2.28171,2.30135,2.29153
6.19e-05,2.27389,2.30366,2.288775
6.191e-05,2.2763,2.31294,2.29462
6.192e-05,2.27714,2.30173,2.289435
6.193e-05,2.28435,2.30832,2.296335
6.193999999999999e-05,2.28394,2.29996,2.29195
6.195e-05,2.28609,2.29497,2.29053
6.196e-05,2.27929,2.30547,2.29238
6.196999999999999e-05,2.28985,2.30093,2.29539
6.198e-05,2.28102,2.30231,2.291665
6.199000000000001e-05,2.28572,2.29781,2.291765
6.2e-05,2.28667,2.30008,2.293375
6.201e-05,2.29303,2.29637,2.2947
6.202e-05,2.28736,2.30356,2.29546
6.203e-05,2.29146,2.29954,2.2955
6.204e-05,2.28817,2.30189,2.29503
6.204999999999999e-05,2.28483,2.29983,2.29233
6.206e-05,2.28397,2.29451,2.28924
6.207e-05,2.27904,2.29463,2.286835
6.208e-05,2.28491,2.29654,2.290725
6.209000000000001e-05,2.28319,2.29855,2.29087
6.21e-05,2.28262,2.29883,2.290725
6.211e-05,2.27517,2.29628,2.285725
6.212e-05,2.27534,2.30658,2.29096
6.213e-05,2.29005,2.30964,2.299845
6.214e-05,2.27508,2.30097,2.288025
6.214999999999999e-05,2.28579,2.30247,2.29413
6.216e-05,2.27714,2.30525,2.291195
6.217000000000001e-05,2.27859,2.29417,2.28638
6.218e-05,2.27121,2.29807,2.28464
6.219e-05,2.28453,2.29943,2.29198
6.220000000000001e-05,2.28117,2.30568,2.293425
6.221e-05,2.27837,2.30356,2.290965
6.222e-05,2.27997,2.29686,2.288415
6.222999999999999e-05,2.28134,2.30099,2.291165
6.224e-05,2.28063,2.29462,2.287625
6.225e-05,2.28056,2.29228,2.28642
6.225999999999999e-05,2.2864,2.29669,2.291545
6.227000000000001e-05,2.2823,2.29196,2.28713
6.228000000000001e-05,2.2807,2.29859,2.289645
6.229e-05,2.28185,2.29308,2.287465
6.23e-05,2.28257,2.30952,2.296045
6.231e-05,2.28595,2.30076,2.293355
6.232e-05,2.2821,2.30156,2.29183
6.233e-05,2.28439,2.30858,2.296485
6.234e-05,2.29165,2.30062,2.296135
6.235e-05,2.28153,2.29571,2.28862
6.235999999999999e-05,2.28197,2.29921,2.29059
6.237e-05,2.28222,2.30268,2.29245
6.238000000000001e-05,2.28914,2.31376,2.30145
6.239e-05,2.28101,2.30689,2.29395
6.24e-05,2.28804,2.29786,2.29295
6.241e-05,2.28652,2.29807,2.292295
6.242e-05,2.28887,2.28973,2.2893
6.243e-05,2.29049,2.29913,2.29481
6.243999999999999e-05,2.29122,2.29909,2.295155
6.245e-05,2.28684,2.29572,2.29128
6.246e-05,2.29878,2.30306,2.30092
6.247e-05,2.28578,2.30586,2.29582
6.248e-05,2.28196,2.30514,2.29355
6.249e-05,2.28352,2.29235,2.287935
6.25e-05,2.28102,2.30569,2.293355
6.251e-05,2.28478,2.30554,2.29516
6.252e-05,2.28191,2.3008,2.291355
6.253e-05,2.27824,2.30037,2.289305
6.254e-05,2.28161,2.29724,2.289425
6.254999999999999e-05,2.28002,2.30543,2.292725
6.256000000000001e-05,2.27494,2.30154,2.28824
6.257e-05,2.27726,2.29779,2.287525
6.258e-05,2.27877,2.30032,2.289545
6.259000000000001e-05,2.276,2.29682,2.28641
6.26e-05,2.28598,2.2986,2.29229
6.261e-05,2.28071,2.2968,2.288755
6.262e-05,2.28226,2.29324,2.28775
6.263e-05,2.28122,2.29313,2.287175
6.264e-05,2.28261,2.30371,2.29316
6.264999999999999e-05,2.28291,2.29544,2.289175
6.266e-05,2.2801,2.29905,2.289575
6.267000000000001e-05,2.28272,2.30055,2.291635
6.268e-05,2.28779,2.29784,2.292815
6.269e-05,2.29016,2.29964,2.2949
6.27e-05,2.28757,2.29726,2.292415
6.271e-05,2.28199,2.29889,2.29044
6.272e-05,2.28635,2.30612,2.296235
6.272999999999999e-05,2.29282,2.29542,2.29412
6.274e-05,2.28544,2.2941,2.28977
6.275e-05,2.28391,2.2897,2.286805
6.276e-05,2.28911,2.29105,2.29008
6.277000000000001e-05,2.27903,2.29578,2.287405
6.278e-05,2.27515,2.29945,2.2873
6.279e-05,2.28581,2.30407,2.29494
6.28e-05,2.28188,2.29022,2.28605
6.281e-05,2.27634,2.28625,2.281295
6.282e-05,2.27874,2.29224,2.28549
6.282999999999999e-05,2.27394,2.29513,2.284535
6.284e-05,2.28141,2.29645,2.28893
6.285000000000001e-05,2.28125,2.29846,2.289855
6.286e-05,2.28277,2.29887,2.29082
6.287e-05,2.27265,2.2979,2.285275
6.288000000000001e-05,2.27851,2.29519,2.28685
6.289e-05,2.28593,2.30144,2.293685
6.29e-05,2.27746,2.296,2.28673
6.290999999999999e-05,2.27561,2.29573,2.28567
6.292e-05,2.28086,2.30042,2.29064
6.293e-05,2.28203,2.30008,2.291055
6.293999999999999e-05,2.28578,2.29315,2.289465
6.295000000000001e-05,2.272,2.30267,2.287335
6.296000000000001e-05,2.28294,2.2984,2.29067
6.297e-05,2.27603,2.30271,2.28937
6.298e-05,2.27621,2.30009,2.28815
6.299e-05,2.27169,2.2961,2.283895
6.3e-05,2.27267,2.2962,2.284435
6.301e-05,2.27797,2.30333,2.29065
6.302e-05,2.28003,2.30133,2.29068
6.303e-05,2.27499,2.29878,2.286885
6.303999999999999e-05,2.27113,2.30807,2.2896
6.305e-05,2.28461,2.29997,2.29229
6.306000000000001e-05,2.27376,2.30303,2.288395
6.307e-05,2.27325,2.3019,2.287575
6.308e-05,2.27439,2.29633,2.28536
6.309000000000001e-05,2.28175,2.29659,2.28917
6.31e-05,2.27713,2.29027,2.2837
6.311e-05,2.27553,2.29254,2.284035
6.311999999999999e-05,2.27264,2.29566,2.28415
6.313e-05,2.27074,2.30057,2.285655
6.314e-05,2.27489,2.29381,2.28435
6.315e-05,2.27416,2.3028,2.28848
6.316e-05,2.27364,2.30348,2.28856
6.317e-05,2.27553,2.29974,2.287635
6.318e-05,2.2791,2.3007,2.2899
6.319e-05,2.27959,2.3039,2.291745
6.32e-05,2.28083,2.29888,2.289855
6.321e-05,2.27272,2.30138,2.28705
6.322e-05,2.27414,2.30385,2.288995
6.322999999999999e-05,2.27691,2.30341,2.29016
6.324000000000001e-05,2.27083,2.29295,2.28189
6.325e-05,2.28008,2.29899,2.289535
6.326e-05,2.27305,2.29469,2.28387
6.327000000000001e-05,2.26719,2.29353,2.28036
6.328e-05,2.27337,2.2919,2.282635
6.329e-05,2.26783,2.2872,2.277515
6.33e-05,2.27538,2.29009,2.282735
6.331e-05,2.26942,2.29558,2.2825
6.332e-05,2.27669,2.29429,2.28549
6.332999999999999e-05,2.27222,2.28044,2.27633
6.334000000000001e-05,2.27188,2.28912,2.2805
6.335000000000001e-05,2.27563,2.29099,2.28331
6.336e-05,2.28218,2.29596,2.28907
6.337e-05,2.27735,2.288,2.282675
6.338e-05,2.27542,2.29452,2.28497
6.339e-05,2.27515,2.2926,2.283875
6.34e-05,2.27409,2.29402,2.284055
6.340999999999999e-05,2.28107,2.3016,2.291335
6.342e-05,2.27446,2.30499,2.289725
6.343e-05,2.27243,2.29171,2.28207
6.344e-05,2.27067,2.29462,2.282645
6.345000000000001e-05,2.2795,2.30006,2.28978
6.346e-05,2.27099,2.29628,2.283635
6.347e-05,2.26737,2.29709,2.28223
6.348e-05,2.27169,2.30321,2.28745
6.349e-05,2.27501,2.29875,2.28688
6.35e-05,2.27909,2.30559,2.29234
6.351e-05,2.27447,2.3009,2.287685
6.352e-05,2.26771,2.29331,2.28051
6.353e-05,2.27173,2.30315,2.28744
6.354e-05,2.26987,2.30263,2.28625
6.355e-05,2.26913,2.30474,2.286935
6.356000000000001e-05,2.28008,2.29976,2.28992
6.357e-05,2.27228,2.29858,2.28543
6.358e-05,2.27527,2.29295,2.28411
6.359e-05,2.27125,2.28931,2.28028
6.36e-05,2.27104,2.30308,2.28706
6.361e-05,2.27452,2.30599,2.290255
6.361999999999999e-05,2.26894,2.29711,2.283025
6.363000000000001e-05,2.27091,2.2983,2.284605
6.364000000000001e-05,2.27547,2.29936,2.287415
6.365e-05,2.27188,2.29744,2.28466
6.366e-05,2.26735,2.29523,2.28129
6.367e-05,2.27893,2.29532,2.287125
6.368e-05,2.27341,2.30042,2.286915
6.369e-05,2.27378,2.31591,2.294845
6.37e-05,2.26654,2.30357,2.285055
6.371e-05,2.2785,2.30567,2.292085
6.371999999999999e-05,2.27847,2.30154,2.290005
6.373e-05,2.26907,2.30048,2.284775
6.374000000000001e-05,2.27655,2.30599,2.29127
6.375e-05,2.26952,2.30864,2.28908
6.376e-05,2.27314,2.30911,2.291125
6.377000000000001e-05,2.26831,2.30428,2.286295
6.378e-05,2.27211,2.30704,2.289575
6.379e-05,2.26636,2.30622,2.28629
6.379999999999999e-05,2.27314,2.30565,2.289395
6.381e-05,2.2704,2.30762,2.28901
6.382e-05,2.27072,2.317,2.29386
6.383e-05,2.2723,2.3109,2.2916
6.384000000000001e-05,2.26684,2.30864,2.28774
6.385000000000001e-05,2.26798,2.30856,2.28827
6.386e-05,2.27398,2.30593,2.289955
6.387e-05,2.27435,2.29443,2.28439
6.388e-05,2.27217,2.30353,2.28785
6.389e-05,2.27336,2.29376,2.28356
6.39e-05,2.26976,2.29302,2.28139
6.390999999999999e-05,2.27775,2.29744,2.287595
6.392e-05,2.27388,2.29344,2.28366
6.393e-05,2.27303,2.30214,2.287585
6.394e-05,2.27397,2.29191,2.28294
6.395000000000001e-05,2.27008,2.29832,2.2842
6.396e-05,2.27047,2.304,2.287235
6.397e-05,2.27636,2.2926,2.28448
6.398e-05,2.27125,2.29866,2.284955
6.399e-05,2.27376,2.29803,2.285895
6.4e-05,2.27146,2.2952,2.28333
6.401e-05,2.26714,2.29274,2.27994
6.402e-05,2.27161,2.29181,2.28171
6.403000000000001e-05,2.27423,2.29568,2.284955
6.404e-05,2.27046,2.29442,2.28244
6.405e-05,2.27832,2.30135,2.289835
6.406e-05,2.2747,2.29537,2.285035
6.406999999999999e-05,2.27566,2.2984,2.28703
6.408e-05,2.26803,2.2985,2.283265
6.409e-05,2.27748,2.30266,2.29007
6.409999999999999e-05,2.27742,2.30173,2.289575
6.411e-05,2.28073,2.29941,2.29007
6.412000000000002e-05,2.27969,2.3014,2.290545
6.413e-05,2.27342,2.29862,2.28602
6.414e-05,2.26946,2.2963,2.28288
6.415000000000001e-05,2.26775,2.29324,2.280495
6.416e-05,2.27474,2.29292,2.28383
6.417e-05,2.27278,2.29279,2.282785
6.418e-05,2.27148,2.29431,2.282895
6.419e-05,2.26849,2.29814,2.283315
6.42e-05,2.2732,2.29205,2.282625
6.420999999999998e-05,2.2774,2.29672,2.28706
6.422e-05,2.26852,2.29315,2.280835
6.423000000000001e-05,2.27593,2.29217,2.28405
6.424e-05,2.2726,2.30316,2.28788
6.425e-05,2.27524,2.29445,2.284845
6.426000000000001e-05,2.27499,2.2926,2.283795
6.426999999999999e-05,2.26953,2.30516,2.287345
6.428e-05,2.27201,2.28537,2.27869
6.429e-05,2.26648,2.29543,2.280955
6.429999999999999e-05,2.26898,2.28819,2.278585
6.431000000000001e-05,2.27745,2.28799,2.28272
6.432e-05,2.27842,2.2948,2.28661
6.433e-05,2.26844,2.28498,2.27671
6.434000000000001e-05,2.27245,2.28846,2.280455
6.434999999999999e-05,2.27056,2.28409,2.277325
6.436e-05,2.27377,2.28625,2.28001
6.437000000000001e-05,2.26844,2.29428,2.28136
6.437999999999999e-05,2.27068,2.29403,2.282355
6.439e-05,2.27647,2.28354,2.280005
6.44e-05,2.27199,2.28989,2.28094
6.441e-05,2.27235,2.29159,2.28197
6.442000000000001e-05,2.27115,2.30087,2.28601
6.443e-05,2.27447,2.30072,2.287595
6.444e-05,2.27292,2.29846,2.28569
6.445000000000001e-05,2.27109,2.29825,2.28467
6.445999999999999e-05,2.2664,2.29661,2.281505
6.447e-05,2.26704,2.30785,2.287445
6.448e-05,2.27177,2.29878,2.285275
6.448999999999999e-05,2.26757,2.30619,2.28688
6.45e-05,2.27233,2.30434,2.288335
6.451000000000002e-05,2.27333,2.29733,2.28533
6.452e-05,2.2758,2.30121,2.288505
6.453000000000001e-05,2.26993,2.30115,2.28554
6.454e-05,2.2739,2.2958,2.28485
6.455e-05,2.26974,2.30734,2.28854
6.456e-05,2.27271,2.30341,2.28806
6.456999999999999e-05,2.27885,2.30111,2.28998
6.458e-05,2.27493,2.29862,2.286775
6.459e-05,2.27175,2.30385,2.2878
6.459999999999998e-05,2.27103,2.29617,2.2836
6.461e-05,2.27477,2.29775,2.28626
6.462000000000001e-05,2.26632,2.29737,2.281845
6.463e-05,2.27438,2.29763,2.286005
6.464e-05,2.27234,2.30164,2.28699
6.465e-05,2.27656,2.30442,2.29049
6.466e-05,2.27517,2.29794,2.286555
6.467e-05,2.27183,2.30783,2.28983
6.468e-05,2.27695,2.30455,2.29075
6.468999999999999e-05,2.27255,2.30184,2.287195
6.470000000000001e-05,2.27327,2.29597,2.28462
6.471e-05,2.27016,2.30014,2.28515
6.472e-05,2.27109,2.2955,2.283295
6.473000000000001e-05,2.2646,2.29188,2.27824
6.474e-05,2.26531,2.29967,2.28249
6.475e-05,2.27044,2.29549,2.282965
6.476000000000001e-05,2.26797,2.29305,2.28051
6.476999999999999e-05,2.26874,2.28596,2.27735
6.478e-05,2.26809,2.29044,2.279265
6.479e-05,2.27206,2.28449,2.278275
6.48e-05,2.26605,2.28779,2.27692
6.481000000000001e-05,2.26983,2.28839,2.27911
6.481999999999999e-05,2.2727,2.29055,2.281625
6.483e-05,2.27513,2.29544,2.285285
6.484000000000001e-05,2.27272,2.28534,2.27903
6.484999999999999e-05,2.27194,2.29548,2.28371
6.486e-05,2.27071,2.29332,2.282015
6.487000000000001e-05,2.26957,2.29195,2.28076
6.487999999999999e-05,2.26616,2.29078,2.27847
6.489e-05,2.27185,2.2862,2.279025
6.49e-05,2.27123,2.28686,2.279045
6.491e-05,2.27275,2.29232,2.282535
6.492000000000001e-05,2.26995,2.29129,2.28062
6.493e-05,2.27158,2.29633,2.283955
6.494e-05,2.27232,2.29839,2.285355
6.495e-05,2.27254,2.28773,2.280135
6.495999999999999e-05,2.2727,2.28981,2.281255
6.497e-05,2.26947,2.29516,2.282315
6.498e-05,2.27596,2.29741,2.286685
6.498999999999999e-05,2.27392,2.29148,2.2827
6.500000000000001e-05,2.27772,2.29631,2.287015
6.501e-05,2.26485,2.29315,2.279
6.502e-05,2.26827,2.29487,2.28157
6.503e-05,2.27124,2.29508,2.28316
6.504e-05,2.27302,2.30067,2.286845
6.505e-05,2.2653,2.29354,2.27942
6.506e-05,2.27306,2.30035,2.286705
6.506999999999999e-05,2.26896,2.2915,2.28023
6.508e-05,2.26912,2.28901,2.279065
6.509000000000002e-05,2.27185,2.29492,2.283385
6.51e-05,2.27287,2.29673,2.2848
6.511e-05,2.27119,2.29075,2.28097
6.512000000000001e-05,2.26901,2.30182,2.285415
6.513e-05,2.26838,2.30341,2.285895
6.514e-05,2.2676,2.29184,2.27972
6.515e-05,2.26381,2.30831,2.28606
6.515999999999999e-05,2.26622,2.29421,2.280215
6.517e-05,2.26202,2.30249,2.282255
6.518e-05,2.26525,2.29962,2.282435
6.519e-05,2.264,2.30092,2.28246
6.520000000000001e-05,2.26615,2.29352,2.279835
6.521e-05,2.26492,2.29522,2.28007
6.522e-05,2.2724,2.29581,2.284105
6.523000000000001e-05,2.26009,2.29317,2.27663
6.523999999999999e-05,2.26586,2.29606,2.28096
6.525e-05,2.26621,2.29032,2.278265
6.526e-05,2.2715,2.29251,2.282005
6.526999999999999e-05,2.26712,2.2906,2.27886
6.528e-05,2.27119,2.28654,2.278865
6.529e-05,2.26974,2.28699,2.278365
6.53e-05,2.26648,2.2876,2.27704
6.531000000000001e-05,2.2718,2.28941,2.280605
6.531999999999999e-05,2.27097,2.28317,2.27707
6.533e-05,2.27384,2.29007,2.281955
6.534000000000001e-05,2.27185,2.29012,2.280985
6.534999999999999e-05,2.27293,2.28625,2.27959
6.536e-05,2.26864,2.28722,2.27793
6.537e-05,2.27672,2.28096,2.27884
6.537999999999999e-05,2.27523,2.28739,2.28131
6.539000000000001e-05,2.27102,2.29248,2.28175
6.54e-05,2.2751,2.29007,2.282585
6.541e-05,2.26653,2.28587,2.2762
6.542000000000001e-05,2.27469,2.29323,2.28396
6.543e-05,2.26885,2.28282,2.275835
6.544e-05,2.26827,2.28294,2.275605
6.545e-05,2.2652,2.2918,2.2785
6.545999999999999e-05,2.26787,2.29026,2.279065
6.547e-05,2.27105,2.29136,2.281205
6.548000000000002e-05,2.27582,2.28983,2.282825
6.549e-05,2.27166,2.29489,2.283275
6.55e-05,2.27312,2.29817,2.285645
6.551e-05,2.2754,2.302,2.2887
6.552e-05,2.27283,2.29113,2.28198
6.553e-05,2.2747,2.30167,2.288185
6.554e-05,2.26446,2.29793,2.281195
6.555e-05,2.26687,2.29843,2.28265
6.556e-05,2.2679,2.29317,2.280535
6.556999999999998e-05,2.27279,2.2978,2.285295
6.558e-05,2.27842,2.30185,2.290135
6.559000000000001e-05,2.27166,2.30681,2.289235
6.56e-05,2.27029,2.30374,2.287015
6.561e-05,2.28019,2.31145,2.29582
6.562e-05,2.27295,2.29742,2.285185
6.563e-05,2.27292,2.29732,2.28512
6.564e-05,2.26877,2.28343,2.2761
6.565e-05,2.2745,2.29854,2.28652
6.565999999999999e-05,2.2808,2.30406,2.29243
6.567e-05,2.26492,2.29743,2.281175
6.568000000000001e-05,2.26627,2.29895,2.28261
6.569e-05,2.26337,2.29796,2.280665
6.570000000000001e-05,2.2696,2.29825,2.283925
6.570999999999999e-05,2.26619,2.31079,2.28849
6.572e-05,2.26672,2.3164,2.29156
6.573000000000001e-05,2.26975,2.3076,2.288675
6.573999999999999e-05,2.27336,2.29974,2.28655
6.575e-05,2.2719,2.30776,2.28983
6.576e-05,2.26432,2.29914,2.28173
6.576999999999999e-05,2.27171,2.30271,2.28721
6.578000000000001e-05,2.26461,2.29885,2.28173
6.579e-05,2.25945,2.29189,2.27567
6.58e-05,2.26491,2.29453,2.27972
6.581000000000001e-05,2.2601,2.29957,2.279835
6.581999999999999e-05,2.26882,2.29598,2.2824
6.583e-05,2.27205,2.29407,2.28306
6.584e-05,2.26543,2.28575,2.27559
6.584999999999999e-05,2.26499,2.29927,2.28213
6.586e-05,2.27028,2.29923,2.284755
6.587e-05,2.26887,2.30196,2.285415
6.588e-05,2.26507,2.3053,2.285185
6.589000000000001e-05,2.26369,2.3027,2.283195
6.59e-05,2.26395,2.29836,2.281155
6.591e-05,2.2683,2.29961,2.283955
6.592e-05,2.2675,2.29845,2.282975
6.593e-05,2.26521,2.29263,2.27892
6.594e-05,2.26446,2.29104,2.27775
6.595e-05,2.26719,2.30192,2.284555
6.595999999999999e-05,2.26905,2.29726,2.283155
6.597000000000001e-05,2.26452,2.29903,2.281775
6.598000000000002e-05,2.26926,2.29719,2.283225
6.599e-05,2.26842,2.30108,2.28475
6.6e-05,2.27376,2.2984,2.28608
6.601e-05,2.27089,2.30291,2.2869
6.602e-05,2.26755,2.30373,2.28564
6.603e-05,2.26462,2.30086,2.28274
6.604e-05,2.26121,2.30244,2.281825
6.604999999999999e-05,2.27014,2.29639,2.283265
6.606e-05,2.26677,2.30104,2.283905
6.607e-05,2.26668,2.30117,2.283925
6.608e-05,2.2697,2.30093,2.285315
6.609000000000001e-05,2.27375,2.2916,2.282675
6.61e-05,2.26936,2.30266,2.28601
6.611e-05,2.26686,2.29448,2.28067
6.612e-05,2.26216,2.29627,2.279215
6.612999999999999e-05,2.27046,2.29945,2.284955
6.614e-05,2.2722,2.30203,2.287115
6.615e-05,2.27452,2.30106,2.28779
6.615999999999999e-05,2.26776,2.29211,2.279935
6.617000000000001e-05,2.27215,2.29182,2.281985
6.618e-05,2.26981,2.29439,2.2821
6.619e-05,2.26309,2.29057,2.27683
6.620000000000001e-05,2.27474,2.31075,2.292745
6.620999999999999e-05,2.26493,2.30391,2.28442
6.622e-05,2.26626,2.30409,2.285175
6.623e-05,2.26418,2.29407,2.279125
6.623999999999999e-05,2.26036,2.29982,2.28009
6.625e-05,2.26368,2.29972,2.2817
6.626e-05,2.26683,2.30477,2.2858
6.627e-05,2.26806,2.29798,2.28302
6.628000000000001e-05,2.27309,2.30708,2.290085
6.629e-05,2.27397,2.29626,2.285115
6.63e-05,2.26607,2.30375,2.28491
6.631000000000001e-05,2.27227,2.30253,2.2874
6.631999999999999e-05,2.2764,2.29349,2.284945
6.633e-05,2.27645,2.2994,2.287925
6.634e-05,2.27488,2.30343,2.289155
6.634999999999999e-05,2.27222,2.29938,2.2858
6.636000000000001e-05,2.27784,2.30125,2.289545
6.637e-05,2.27282,2.30089,2.286855
6.638e-05,2.2692,2.29803,2.283615
6.639e-05,2.27649,2.29469,2.28559
6.64e-05,2.27391,2.30368,2.288795
6.641e-05,2.27003,2.30861,2.28932
6.642e-05,2.27461,2.3046,2.289605
6.643e-05,2.27492,2.31142,2.29317
6.644e-05,2.26711,2.30172,2.284415
6.645e-05,2.27536,2.31159,2.293475
6.646e-05,2.26409,2.30322,2.283655
6.647e-05,2.27552,2.30257,2.289045
6.648e-05,2.27331,2.29961,2.28646
6.649e-05,2.27002,2.31692,2.29347
6.65e-05,2.26786,2.29634,2.2821
6.651e-05,2.26981,2.29866,2.284235
6.652e-05,2.27589,2.29652,2.286205
6.653e-05,2.27109,2.29669,2.28389
6.654e-05,2.27193,2.30541,2.28867
6.654999999999999e-05,2.27623,2.29949,2.28786
6.656000000000001e-05,2.27396,2.30554,2.28975
6.657e-05,2.27099,2.29807,2.28453
6.658e-05,2.26963,2.30313,2.28638
6.659000000000001e-05,2.27338,2.29442,2.2839
6.659999999999999e-05,2.27395,2.30524,2.289595
6.661e-05,2.26948,2.30248,2.28598
6.662e-05,2.27026,2.30196,2.28611
6.662999999999999e-05,2.27322,2.30207,2.287645
6.664e-05,2.26748,2.30196,2.28472
6.665000000000001e-05,2.26771,2.30254,2.285125
6.666e-05,2.26962,2.30545,2.287535
6.667000000000001e-05,2.26967,2.29944,2.284555
6.668e-05,2.27351,2.30711,2.29031
6.669e-05,2.27111,2.30831,2.28971
6.670000000000001e-05,2.27248,2.3123,2.29239
6.670999999999999e-05,2.2702,2.30925,2.289725
6.672e-05,2.26981,2.30695,2.28838
6.672999999999999e-05,2.27203,2.29991,2.28597
6.673999999999999e-05,2.27327,2.3023,2.287785
6.675000000000001e-05,2.26635,2.30031,2.28333
6.676e-05,2.27491,2.3119,2.293405
6.677e-05,2.27025,2.3013,2.285775
6.678000000000001e-05,2.26955,2.30323,2.28639
6.679e-05,2.27176,2.29918,2.28547
6.68e-05,2.27761,2.30508,2.291345
6.681e-05,2.27544,2.30971,2.292575
6.681999999999999e-05,2.27125,2.30036,2.285805
6.683e-05,2.28017,2.30131,2.29074
6.683999999999999e-05,2.27666,2.29917,2.287915
6.685e-05,2.26481,2.30346,2.284135
6.686000000000001e-05,2.27404,2.30195,2.287995
6.687e-05,2.27144,2.31348,2.29246
6.688e-05,2.27304,2.31811,2.295575
6.689e-05,2.26318,2.31412,2.28865
6.69e-05,2.27461,2.31463,2.29462
6.691e-05,2.26852,2.31324,2.29088
6.692e-05,2.27193,2.31057,2.29125
6.693e-05,2.27782,2.30884,2.29333
6.694e-05,2.26991,2.30872,2.289315
6.695000000000001e-05,2.27888,2.31294,2.29591
6.696e-05,2.27255,2.31132,2.291935
6.697e-05,2.27453,2.30743,2.29098
6.698e-05,2.26888,2.31124,2.29006
6.699e-05,2.26363,2.29467,2.27915
6.7e-05,2.26542,2.30665,2.286035
6.701e-05,2.26891,2.29937,2.28414
6.701999999999999e-05,2.2709,2.3073,2.2891
6.703e-05,2.27289,2.30887,2.29088
6.704000000000001e-05,2.26605,2.30334,2.284695
6.705e-05,2.2632,2.30882,2.28601
6.706000000000001e-05,2.26222,2.30781,2.285015
6.706999999999999e-05,2.26094,2.30568,2.28331
6.708e-05,2.27156,2.30702,2.28929
6.709e-05,2.26368,2.30942,2.28655
6.709999999999999e-05,2.26333,2.29569,2.27951
6.711e-05,2.26845,2.30502,2.286735
6.712e-05,2.25791,2.30695,2.28243
6.712999999999999e-05,2.26438,2.30797,2.286175
6.714000000000001e-05,2.2645,2.30478,2.28464
6.715e-05,2.26773,2.31683,2.29228
6.716e-05,2.2663,2.31248,2.28939
6.717000000000001e-05,2.26328,2.31138,2.28733
6.718e-05,2.26823,2.30434,2.286285
6.719e-05,2.27089,2.29503,2.28296
6.720000000000001e-05,2.2662,2.30761,2.286905
6.720999999999999e-05,2.26536,2.30214,2.28375
6.722e-05,2.26528,2.30186,2.28357
6.722999999999999e-05,2.27613,2.30439,2.29026
6.724e-05,2.27537,2.29987,2.28762
6.725000000000001e-05,2.26943,2.30418,2.286805
6.726e-05,2.26687,2.29943,2.28315
6.727e-05,2.26621,2.30445,2.28533
6.728e-05,2.26855,2.30658,2.287565
6.729e-05,2.26882,2.3015,2.28516
6.73e-05,2.27172,2.30552,2.28862
6.731e-05,2.26991,2.30847,2.28919
6.731999999999999e-05,2.274,2.30778,2.29089
6.733000000000001e-05,2.27363,2.30382,2.288725
6.734e-05,2.27388,2.31088,2.29238
6.735e-05,2.27002,2.29881,2.284415
6.736e-05,2.27222,2.29542,2.28382
6.737e-05,2.27112,2.30105,2.286085
6.738e-05,2.26611,2.29741,2.28176
6.739e-05,2.27405,2.31137,2.29271
6.74e-05,2.26627,2.3015,2.283885
6.741e-05,2.27055,2.29678,2.283665
6.742e-05,2.26906,2.30134,2.2852
6.743000000000001e-05,2.27204,2.30517,2.288605
6.744e-05,2.26431,2.30344,2.283875
6.745e-05,2.26799,2.29539,2.28169
6.746e-05,2.27206,2.306,2.28903
6.747e-05,2.26416,2.2981,2.28113
6.748e-05,2.27057,2.30362,2.287095
6.748999999999999e-05,2.26764,2.29578,2.28171
6.75e-05,2.26414,2.29731,2.280725
6.751e-05,2.27187,2.31142,2.291645
6.751999999999999e-05,2.27055,2.31379,2.29217
6.753000000000001e-05,2.26654,2.2997,2.28312
6.754000000000001e-05,2.26974,2.3059,2.28782
6.755e-05,2.27455,2.30569,2.29012
6.756000000000001e-05,2.27647,2.30476,2.290615
6.756999999999999e-05,2.27108,2.29976,2.28542
6.758e-05,2.27643,2.30281,2.28962
6.759e-05,2.26917,2.30648,2.287825
6.759999999999999e-05,2.27203,2.30794,2.289985
6.761e-05,2.27157,2.30706,2.289315
6.761999999999999e-05,2.27165,2.30488,2.288265
6.763e-05,2.26884,2.31334,2.29109
6.764000000000001e-05,2.27304,2.29804,2.28554
6.765e-05,2.2706,2.30998,2.29029
6.766e-05,2.27494,2.30637,2.290655
6.767000000000001e-05,2.27514,2.30197,2.288555
6.768e-05,2.27233,2.30389,2.28811
6.769e-05,2.27332,2.30351,2.288415
6.769999999999999e-05,2.26799,2.30576,2.286875
6.770999999999999e-05,2.26742,2.29845,2.282935
6.772000000000001e-05,2.26389,2.30216,2.283025
6.773e-05,2.27321,2.30251,2.28786
6.774e-05,2.26818,2.30708,2.28763
6.775000000000001e-05,2.27363,2.29695,2.28529
6.776e-05,2.26315,2.29679,2.27997
6.777e-05,2.26596,2.29536,2.28066
6.778e-05,2.26737,2.29144,2.279405
6.779e-05,2.26447,2.29971,2.28209
6.78e-05,2.2713,2.29663,2.283965
6.781e-05,2.27537,2.30243,2.2889
6.782e-05,2.27306,2.30301,2.288035
6.783e-05,2.2725,2.29803,2.285265
6.784e-05,2.26823,2.29401,2.28112
6.785e-05,2.26528,2.28883,2.277055
6.786e-05,2.26852,2.29104,2.27978
6.787e-05,2.26627,2.28881,2.27754
6.788e-05,2.27027,2.29828,2.284275
6.789e-05,2.26884,2.29347,2.281155
6.79e-05,2.27745,2.29752,2.287485
6.790999999999999e-05,2.27137,2.2983,2.284835
6.792000000000001e-05,2.2675,2.30423,2.285865
6.793000000000001e-05,2.26522,2.30117,2.283195
6.794e-05,2.26336,2.30226,2.28281
6.795e-05,2.27121,2.29571,2.28346
6.795999999999999e-05,2.2685,2.29518,2.28184
6.797e-05,2.26545,2.29773,2.28159
6.798e-05,2.26952,2.30067,2.285095
6.798999999999999e-05,2.26942,2.29796,2.28369
6.8e-05,2.26884,2.29264,2.28074
6.801e-05,2.2721,2.29242,2.28226
6.802e-05,2.26695,2.29073,2.27884
6.803000000000001e-05,2.26759,2.30336,2.285475
6.804e-05,2.26441,2.29203,2.27822
6.805e-05,2.27324,2.28933,2.281285
6.806e-05,2.27026,2.29013,2.280195
6.806999999999999e-05,2.27295,2.29319,2.28307
6.808e-05,2.26865,2.28933,2.27899
6.809e-05,2.26969,2.29503,2.28236
6.809999999999999e-05,2.27116,2.29521,2.283185
6.811000000000001e-05,2.26201,2.2923,2.277155
6.812e-05,2.26349,2.2986,2.281045
6.813e-05,2.26487,2.29866,2.281765
6.814000000000001e-05,2.26013,2.29759,2.27886
6.815e-05,2.26495,2.29791,2.28143
6.816e-05,2.26534,2.29661,2.280975
6.817e-05,2.26661,2.29633,2.28147
6.818e-05,2.27272,2.2991,2.28591
6.819e-05,2.2676,2.2971,2.28235
6.819999999999999e-05,2.26882,2.30026,2.28454
6.821e-05,2.26938,2.30516,2.28727
6.822000000000001e-05,2.26412,2.29215,2.278135
6.823e-05,2.27188,2.29869,2.285285
6.824e-05,2.26565,2.29619,2.28092
6.825e-05,2.26108,2.29804,2.27956
6.826e-05,2.26018,2.29501,2.277595
6.827e-05,2.26556,2.29414,2.27985
6.828e-05,2.26736,2.28553,2.276445
6.829e-05,2.26272,2.30099,2.281855
6.829999999999999e-05,2.2692,2.28763,2.278415
6.831e-05,2.26805,2.297,2.282525
6.832e-05,2.26213,2.30532,2.283725
6.833e-05,2.2643,2.31427,2.289285
6.834e-05,2.26599,2.3056,2.285795
6.835e-05,2.26127,2.31249,2.28688
6.836e-05,2.26478,2.3001,2.28244
6.837e-05,2.2622,2.29797,2.280085
6.837999999999999e-05,2.2682,2.30079,2.284495
6.839e-05,2.26708,2.29847,2.282775
6.840000000000001e-05,2.26607,2.30365,2.28486
6.841e-05,2.26812,2.30026,2.28419
6.842000000000001e-05,2.26885,2.30179,2.28532
6.843000000000001e-05,2.26414,2.29609,2.280115
6.844e-05,2.2679,2.29855,2.283225
6.845e-05,2.25954,2.29412,2.27683
6.845999999999999e-05,2.26816,2.29561,2.281885
6.847e-05,2.26655,2.30071,2.28363
6.848e-05,2.2707,2.29886,2.28478
6.848999999999999e-05,2.26156,2.29184,2.2767
6.850000000000001e-05,2.26695,2.30388,2.285415
6.851e-05,2.27258,2.2982,2.28539
6.852e-05,2.26533,2.29457,2.27995
6.853000000000001e-05,2.26483,2.3027,2.283765
6.854e-05,2.27214,2.29858,2.28536
6.855e-05,2.27088,2.29502,2.28295
6.856e-05,2.26785,2.30195,2.2849
6.856999999999999e-05,2.26306,2.29762,2.28034
6.858e-05,2.27429,2.30002,2.287155
6.858999999999999e-05,2.26672,2.29227,2.279495
6.86e-05,2.26352,2.30364,2.28358
6.861000000000001e-05,2.27264,2.30566,2.28915
6.862e-05,2.27295,2.30864,2.290795
6.863e-05,2.27157,2.30219,2.28688
6.864000000000001e-05,2.27316,2.30121,2.287185
6.865e-05,2.27581,2.2985,2.287155
6.866e-05,2.27477,2.30229,2.28853
6.866999999999999e-05,2.27048,2.29535,2.282915
6.868e-05,2.27173,2.2954,2.283565
6.869e-05,2.2649,2.29953,2.282215
6.87e-05,2.27791,2.30358,2.290745
6.871e-05,2.27369,2.30146,2.287575
6.872e-05,2.27937,2.29868,2.289025
6.873e-05,2.27806,2.30389,2.290975
6.874e-05,2.269,2.29409,2.281545
6.875e-05,2.27252,2.30028,2.2864
6.876e-05,2.2743,2.30245,2.288375
6.877e-05,2.2731,2.29714,2.28512
6.878e-05,2.2732,2.30185,2.287525
6.879000000000001e-05,2.27488,2.29036,2.28262
6.88e-05,2.27142,2.30202,2.28672
6.881e-05,2.27109,2.30264,2.286865
6.882e-05,2.27109,2.30847,2.28978
6.883e-05,2.27602,2.30377,2.289895
6.884e-05,2.27425,2.30556,2.289905
6.884999999999999e-05,2.27787,2.29993,2.2889
6.886e-05,2.27352,2.30157,2.287545
6.887e-05,2.27477,2.29532,2.285045
6.887999999999999e-05,2.27457,2.29936,2.286965
6.889000000000001e-05,2.27388,2.2852,2.27954
6.890000000000001e-05,2.27372,2.29143,2.282575
6.891e-05,2.27617,2.28778,2.281975
6.892e-05,2.2763,2.2884,2.28235
6.893e-05,2.27035,2.28884,2.279595
6.894e-05,2.27582,2.29706,2.28644
6.895e-05,2.27093,2.30111,2.28602
6.895999999999999e-05,2.276,2.29803,2.287015
6.897e-05,2.27626,2.29039,2.283325
6.898e-05,2.27973,2.29247,2.2861
6.899e-05,2.26773,2.29884,2.283285
6.900000000000001e-05,2.27286,2.29854,2.2857
6.901e-05,2.27034,2.2891,2.27972
6.902e-05,2.26438,2.29875,2.281565
6.903000000000001e-05,2.27215,2.29753,2.28484
6.904e-05,2.26533,2.29342,2.279375
6.905e-05,2.26218,2.2977,2.27994
6.905999999999999e-05,2.2618,2.29836,2.28008
6.906999999999999e-05,2.26693,2.28943,2.27818
6.908e-05,2.262,2.29978,2.28089
6.909e-05,2.26045,2.28609,2.27327
6.91e-05,2.26611,2.28761,2.27686
6.911000000000001e-05,2.27375,2.30231,2.28803
6.912e-05,2.27709,2.28964,2.283365
6.913e-05,2.27495,2.30258,2.288765
6.914e-05,2.26914,2.29592,2.28253
6.915e-05,2.27009,2.29668,2.283385
6.916e-05,2.26656,2.30132,2.28394
6.916999999999999e-05,2.26982,2.29531,2.282565
6.918000000000001e-05,2.26447,2.29148,2.277975
6.919e-05,2.2677,2.28881,2.278255
6.92e-05,2.26286,2.29017,2.276515
6.921e-05,2.26215,2.29144,2.276795
6.922e-05,2.26642,2.28626,2.27634
6.923e-05,2.2632,2.29063,2.276915
6.924e-05,2.26222,2.29035,2.276285
6.925e-05,2.26728,2.29059,2.278935
6.926e-05,2.26639,2.28816,2.277275
6.926999999999999e-05,2.26435,2.29361,2.27898
6.928e-05,2.25895,2.30099,2.27997
6.929000000000001e-05,2.25934,2.29711,2.278225
6.93e-05,2.25519,2.29516,2.275175
6.931e-05,2.2729,2.29677,2.284835
6.932e-05,2.27005,2.29721,2.28363
6.933e-05,2.27225,2.30044,2.286345
6.934e-05,2.26316,2.2982,2.28068
6.934999999999999e-05,2.26728,2.29053,2.278905
6.936e-05,2.26333,2.29252,2.277925
6.937e-05,2.27363,2.28797,2.2808
6.938e-05,2.2723,2.28554,2.27892
6.939000000000001e-05,2.2685,2.29186,2.28018
6.94e-05,2.26854,2.29148,2.28001
6.941e-05,2.26598,2.28967,2.277825
6.942e-05,2.26803,2.29717,2.2826
6.943e-05,2.2706,2.29098,2.28079
6.944e-05,2.27736,2.29136,2.28436
6.945e-05,2.27372,2.29121,2.282465
6.945999999999999e-05,2.27014,2.29406,2.2821
6.947e-05,2.2702,2.29313,2.281665
6.948e-05,2.27791,2.29504,2.286475
6.949e-05,2.27517,2.29433,2.28475
6.950000000000001e-05,2.28035,2.29425,2.2873
6.951e-05,2.27796,2.30294,2.29045
6.952e-05,2.27649,2.29877,2.28763
6.953e-05,2.27647,2.29841,2.28744
6.954e-05,2.27209,2.2966,2.284345
6.955e-05,2.27357,2.30162,2.287595
6.955999999999999e-05,2.27165,2.29365,2.28265
6.957e-05,2.27225,2.2906,2.281425
6.958000000000001e-05,2.27153,2.2987,2.285115
6.959e-05,2.26735,2.29466,2.281005
6.96e-05,2.27014,2.29497,2.282555
6.961e-05,2.27932,2.29362,2.28647
6.962e-05,2.27259,2.28674,2.279665
6.963e-05,2.27676,2.29028,2.28352
6.964e-05,2.27593,2.2918,2.283865
6.965e-05,2.27339,2.29464,2.284015
6.966e-05,2.27477,2.29897,2.28687
6.967e-05,2.26773,2.29569,2.28171
6.968000000000001e-05,2.27352,2.29375,2.283635
6.969e-05,2.25832,2.28724,2.27278
6.97e-05,2.26562,2.2948,2.28021
6.971e-05,2.27324,2.29516,2.2842
6.972e-05,2.26738,2.29415,2.280765
6.973e-05,2.26342,2.29828,2.28085
6.973999999999999e-05,2.269,2.29032,2.27966
6.975e-05,2.26631,2.29916,2.282735
6.976e-05,2.25821,2.29275,2.27548
6.977e-05,2.27351,2.28712,2.280315
6.978e-05,2.26629,2.29586,2.281075
6.979000000000001e-05,2.26891,2.29328,2.281095
6.98e-05,2.26177,2.28835,2.27506
6.981e-05,2.25933,2.29898,2.279155
6.981999999999999e-05,2.26817,2.29253,2.28035
6.983e-05,2.27588,2.28752,2.2817
6.984e-05,2.27424,2.29341,2.283825
6.984999999999999e-05,2.26826,2.2934,2.28083
6.986000000000001e-05,2.27309,2.29162,2.282355
6.987000000000001e-05,2.26535,2.28353,2.27444
6.988e-05,2.26849,2.28842,2.278455
6.989e-05,2.27337,2.2968,2.285085
6.99e-05,2.2708,2.28963,2.280215
6.991e-05,2.27312,2.2946,2.28386
6.992e-05,2.26704,2.29232,2.27968
6.993e-05,2.27179,2.2969,2.284345
6.994e-05,2.26814,2.29384,2.28099
6.994999999999999e-05,2.26696,2.28649,2.276725
6.996e-05,2.27483,2.29103,2.28293
6.997000000000001e-05,2.27516,2.28877,2.281965
6.998e-05,2.27152,2.29138,2.28145
6.999e-05,2.26497,2.287,2.275985
7.000000000000001e-05,2.27451,2.29312,2.283815
7.001e-05,2.26813,2.30019,2.28416
7.002e-05,2.27077,2.28379,2.27728
7.002999999999999e-05,2.26747,2.29185,2.27966
7.004e-05,2.27036,2.29809,2.284225
7.005e-05,2.26869,2.29846,2.283575
7.006e-05,2.27431,2.29456,2.284435
7.007e-05,2.26539,2.28924,2.277315
7.008e-05,2.26742,2.29492,2.28117
7.009e-05,2.26635,2.29897,2.28266
7.01e-05,2.26984,2.28921,2.279525
7.011e-05,2.27271,2.2894,2.281055
7.012e-05,2.26819,2.2913,2.279745
7.013e-05,2.26337,2.29799,2.28068
7.013999999999999e-05,2.26919,2.29571,2.28245
7.015e-05,2.26724,2.29754,2.28239
7.016e-05,2.26429,2.29393,2.27911
7.017e-05,2.27264,2.29649,2.284565
7.018000000000001e-05,2.26996,2.29163,2.280795
7.019e-05,2.26539,2.2907,2.278045
7.02e-05,2.26852,2.28944,2.27898
7.021e-05,2.26773,2.28852,2.278125
7.022e-05,2.26987,2.30119,2.28553
7.023e-05,2.27038,2.29619,2.283285
7.023999999999999e-05,2.26666,2.28658,2.27662
7.025000000000001e-05,2.27693,2.28737,2.28215
7.026000000000001e-05,2.27167,2.29892,2.285295
7.027e-05,2.26799,2.29273,2.28036
7.028e-05,2.2618,2.29718,2.27949
7.029e-05,2.26945,2.29228,2.280865
7.03e-05,2.26742,2.28012,2.27377
7.031e-05,2.26422,2.29427,2.279245
7.031999999999999e-05,2.26506,2.29198,2.27852
7.033e-05,2.26444,2.29838,2.28141
7.034e-05,2.2707,2.30569,2.288195
7.035e-05,2.26856,2.29673,2.282645
7.036000000000001e-05,2.27019,2.30617,2.28818
7.037e-05,2.26875,2.29841,2.28358
7.038e-05,2.26384,2.28992,2.27688
7.039e-05,2.26593,2.29439,2.28016
7.04e-05,2.26269,2.2917,2.277195
7.041e-05,2.2636,2.29027,2.276935
7.042e-05,2.26651,2.29187,2.27919
7.043e-05,2.27288,2.28659,2.279735
7.044e-05,2.26551,2.29522,2.280365
7.045e-05,2.2646,2.2979,2.28125
7.046e-05,2.26268,2.29043,2.276555
7.047000000000001e-05,2.26406,2.29714,2.2806
7.048e-05,2.26642,2.2972,2.28181
7.049e-05,2.26498,2.29441,2.279695
7.049999999999999e-05,2.27064,2.28724,2.27894
7.051e-05,2.27189,2.29194,2.281915
7.052e-05,2.2751,2.29342,2.28426
7.052999999999999e-05,2.26526,2.29558,2.28042
7.054e-05,2.259,2.29374,2.27637
7.055000000000001e-05,2.27068,2.29545,2.283065
7.056e-05,2.26406,2.30857,2.286315
7.057e-05,2.26979,2.29904,2.284415
7.058e-05,2.26761,2.29946,2.283535
7.059e-05,2.27452,2.29074,2.28263
7.06e-05,2.26718,2.29264,2.27991
7.061e-05,2.27244,2.28993,2.281185
7.062e-05,2.26001,2.30047,2.28024
7.062999999999999e-05,2.26383,2.30286,2.283345
7.063999999999999e-05,2.26256,2.29963,2.281095
7.065000000000001e-05,2.27493,2.29966,2.287295
7.066e-05,2.27495,2.29572,2.285335
7.067e-05,2.26927,2.29467,2.28197
7.068000000000001e-05,2.2708,2.2999,2.28535
7.069e-05,2.26716,2.29926,2.28321
7.07e-05,2.27507,2.30893,2.292
7.070999999999999e-05,2.27065,2.30287,2.28676
7.072e-05,2.27031,2.30213,2.28622
7.073e-05,2.2691,2.29516,2.28213
7.074e-05,2.26723,2.30525,2.28624
7.075e-05,2.26897,2.29873,2.28385
7.076000000000001e-05,2.26882,2.28609,2.277455
7.077e-05,2.26625,2.29652,2.281385
7.078e-05,2.2617,2.2966,2.27915
7.079e-05,2.26194,2.28366,2.2728
7.08e-05,2.26379,2.28966,2.276725
7.081e-05,2.26821,2.29862,2.283415
7.081999999999999e-05,2.26935,2.29731,2.28333
7.083e-05,2.26562,2.29732,2.28147
7.084e-05,2.26742,2.29763,2.282525
7.085e-05,2.26924,2.29779,2.283515
7.086000000000001e-05,2.2673,2.30217,2.284735
7.087e-05,2.26454,2.29554,2.28004
7.088e-05,2.26259,2.30205,2.28232
7.089e-05,2.26617,2.29993,2.28305
7.09e-05,2.26441,2.29818,2.281295
7.091e-05,2.26767,2.29189,2.27978
7.091999999999999e-05,2.26762,2.29137,2.279495
7.093e-05,2.26891,2.30482,2.286865
7.094000000000001e-05,2.2674,2.29982,2.28361
7.095e-05,2.2712,2.30737,2.289285
7.096e-05,2.26695,2.30697,2.28696
7.097e-05,2.26949,2.30673,2.28811
7.098e-05,2.26787,2.30481,2.28634
7.099e-05,2.26579,2.30803,2.28691
7.099999999999999e-05,2.26805,2.30487,2.28646
7.101e-05,2.2662,2.30666,2.28643
7.102e-05,2.27513,2.29597,2.28555
7.103e-05,2.26432,2.30282,2.28357
7.104000000000001e-05,2.26544,2.30931,2.287375
7.105e-05,2.27137,2.30504,2.288205
7.106e-05,2.27426,2.29351,2.283885
7.107e-05,2.26847,2.29808,2.283275
7.108e-05,2.25733,2.30118,2.279255
7.109e-05,2.27237,2.29476,2.283565
7.11e-05,2.27125,2.29921,2.28523
7.110999999999999e-05,2.27033,2.3041,2.287215
7.112e-05,2.26594,2.30487,2.285405
7.113e-05,2.26868,2.30387,2.286275
7.114e-05,2.26334,2.2928,2.27807
7.115000000000001e-05,2.2742,2.29979,2.286995
7.116e-05,2.27661,2.29521,2.28591
7.117e-05,2.26793,2.3016,2.284765
7.118e-05,2.27648,2.29921,2.287845
7.119e-05,2.27321,2.29938,2.286295
7.12e-05,2.27351,2.29425,2.28388
7.120999999999999e-05,2.26631,2.29249,2.2794
7.122e-05,2.26395,2.30355,2.28375
7.123000000000001e-05,2.27749,2.2939,2.285695
7.124e-05,2.27057,2.3045,2.287535
7.125e-05,2.27035,2.29566,2.283005
7.126e-05,2.26862,2.29517,2.281895
7.127e-05,2.27101,2.30211,2.28656
7.128e-05,2.27527,2.28976,2.282515
7.129e-05,2.27573,2.29761,2.28667
7.13e-05,2.27175,2.30159,2.28667
7.130999999999999e-05,2.27445,2.30106,2.287755
7.131999999999999e-05,2.26651,2.30893,2.28772
7.133000000000001e-05,2.26988,2.29336,2.28162
7.134e-05,2.27192,2.29887,2.285395
7.135e-05,2.27486,2.29379,2.284325
7.136e-05,2.27905,2.2904,2.284725
7.137e-05,2.27558,2.2939,2.28474
7.138e-05,2.27101,2.29421,2.28261
7.138999999999999e-05,2.26661,2.29605,2.28133
7.14e-05,2.27486,2.30136,2.28811
7.141e-05,2.26803,2.30545,2.28674
7.142e-05,2.27066,2.30399,2.287325
7.143000000000001e-05,2.27236,2.29069,2.281525
7.144000000000001e-05,2.27272,2.30067,2.286695
7.145e-05,2.27473,2.29642,2.285575
7.146e-05,2.26422,2.29699,2.280605
7.147e-05,2.26406,2.30245,2.283255
7.148e-05,2.26702,2.29907,2.283045
7.149e-05,2.27035,2.29977,2.28506
7.149999999999999e-05,2.27388,2.30142,2.28765
7.151e-05,2.27611,2.29985,2.28798
7.152e-05,2.276,2.29619,2.286095
7.153e-05,2.27337,2.29206,2.282715
7.154000000000001e-05,2.27023,2.28951,2.27987
7.155e-05,2.27281,2.28878,2.280795
7.156e-05,2.27093,2.29527,2.2831
7.157e-05,2.26979,2.2941,2.281945
7.158e-05,2.26843,2.2979,2.283165
7.159e-05,2.26201,2.30129,2.28165
7.159999999999999e-05,2.27424,2.30651,2.290375
7.160999999999999e-05,2.27427,2.29776,2.286015
7.162000000000001e-05,2.27435,2.28872,2.281535
7.163e-05,2.27253,2.30032,2.286425
7.164e-05,2.27706,2.2968,2.28693
7.165000000000001e-05,2.27195,2.29966,2.285805
7.166e-05,2.2783,2.29527,2.286785
7.167e-05,2.27341,2.30595,2.28968
7.168e-05,2.27296,2.2961,2.28453
7.169e-05,2.27334,2.30181,2.287575
7.17e-05,2.26854,2.30109,2.284815
7.170999999999999e-05,2.27162,2.30546,2.28854
7.172e-05,2.27108,2.30077,2.285925
7.173e-05,2.26851,2.29527,2.28189
7.174e-05,2.2751,2.29969,2.287395
7.175e-05,2.26958,2.29283,2.281205
7.176e-05,2.26832,2.29465,2.281485
7.177e-05,2.26447,2.29309,2.27878
7.178e-05,2.27575,2.2934,2.284575
7.179e-05,2.2745,2.30139,2.287945
7.18e-05,2.27348,2.30296,2.28822
7.181e-05,2.26962,2.30204,2.28583
7.182e-05,2.27099,2.29703,2.28401
7.183000000000001e-05,2.27042,2.28878,2.2796
7.184e-05,2.269,2.29549,2.282245
7.185e-05,2.27427,2.30083,2.28755
7.185999999999999e-05,2.27608,2.30239,2.289235
7.187e-05,2.27666,2.29542,2.28604
7.188e-05,2.27567,2.30143,2.28855
7.188999999999999e-05,2.27,2.29546,2.28273
7.19e-05,2.27035,2.3008,2.285575
7.191000000000001e-05,2.27182,2.30554,2.28868
7.192e-05,2.27019,2.30365,2.28692
7.193000000000001e-05,2.27677,2.30251,2.28964
7.194e-05,2.26707,2.29868,2.282875
7.195e-05,2.27169,2.31792,2.294805
7.196e-05,2.27455,2.31256,2.293555
7.196999999999999e-05,2.26976,2.31248,2.29112
7.198e-05,2.27532,2.31152,2.29342
7.199e-05,2.26651,2.29482,2.280665
7.199999999999999e-05,2.27791,2.29937,2.28864
7.201000000000001e-05,2.26858,2.30198,2.28528
7.202e-05,2.27218,2.3023,2.28724
7.203e-05,2.27195,2.29584,2.283895
7.204000000000001e-05,2.27457,2.3002,2.287385
7.205e-05,2.27019,2.29668,2.283435
7.206e-05,2.26879,2.29325,2.28102
7.206999999999999e-05,2.27698,2.28236,2.27967
7.208e-05,2.27391,2.29285,2.28338
7.209e-05,2.27721,2.30001,2.28861
7.209999999999999e-05,2.26878,2.29493,2.281855
7.211e-05,2.27178,2.28972,2.28075
7.212000000000001e-05,2.27091,2.29512,2.283015
7.213e-05,2.26711,2.29146,2.279285
7.214e-05,2.27273,2.29555,2.28414
7.215e-05,2.26979,2.29777,2.28378
7.216e-05,2.27469,2.295,2.284845
7.217e-05,2.26963,2.29989,2.28476
7.218e-05,2.27212,2.2949,2.28351
7.219e-05,2.26456,2.29355,2.279055
7.22e-05,2.27413,2.29743,2.28578
7.221e-05,2.27029,2.28546,2.277875
7.222e-05,2.27441,2.29523,2.28482
7.223e-05,2.2733,2.30084,2.28707
7.224e-05,2.27194,2.28891,2.280425
7.225e-05,2.27244,2.288,2.28022
7.226e-05,2.28175,2.29367,2.28771
7.227e-05,2.27184,2.30346,2.28765
7.227999999999999e-05,2.27549,2.29732,2.286405
7.229e-05,2.27255,2.29549,2.28402
7.230000000000001e-05,2.27065,2.2981,2.284375
7.231e-05,2.26549,2.30407,2.28478
7.232e-05,2.27009,2.30198,2.286035
7.233e-05,2.26882,2.30622,2.28752
7.234e-05,2.27367,2.3119,2.292785
7.235e-05,2.2761,2.30538,2.29074
7.235999999999999e-05,2.27633,2.30543,2.29088
7.237e-05,2.27691,2.30209,2.2895
7.238e-05,2.26656,2.30776,2.28716
7.238999999999999e-05,2.27709,2.29836,2.287725
7.240000000000001e-05,2.28365,2.30178,2.292715
7.241e-05,2.27821,2.29912,2.288665
7.242e-05,2.27167,2.2954,2.283535
7.243000000000001e-05,2.27615,2.29846,2.287305
7.244e-05,2.28194,2.29942,2.29068
7.245e-05,2.27413,2.30299,2.28856
7.246e-05,2.27556,2.30108,2.28832
7.246999999999999e-05,2.27815,2.3001,2.289125
7.248e-05,2.27576,2.30058,2.28817
7.249e-05,2.27477,2.29721,2.28599
7.25e-05,2.27862,2.29231,2.285465
7.251000000000001e-05,2.2724,2.29811,2.285255
7.252e-05,2.28216,2.30357,2.292865
7.253e-05,2.27812,2.29626,2.28719
7.254000000000001e-05,2.27499,2.30403,2.28951
7.255e-05,2.27216,2.30562,2.28889
7.256e-05,2.27384,2.2975,2.28567
7.256999999999999e-05,2.27285,2.30014,2.286495
7.257999999999999e-05,2.27499,2.29841,2.2867
7.259000000000001e-05,2.27835,2.29359,2.28597
7.26e-05,2.27895,2.29387,2.28641
7.261e-05,2.2788,2.29541,2.287105
7.262e-05,2.27838,2.29234,2.28536
7.263e-05,2.28562,2.29752,2.29157
7.264e-05,2.28054,2.30493,2.292735
7.265e-05,2.27657,2.29793,2.28725
7.266e-05,2.28527,2.30176,2.293515
7.267e-05,2.27533,2.2991,2.287215
7.268e-05,2.27762,2.29594,2.28678
7.269000000000001e-05,2.27309,2.29689,2.28499
7.27e-05,2.27598,2.2955,2.28574
7.271e-05,2.28071,2.29476,2.287735
7.272e-05,2.28033,2.2995,2.289915
7.273e-05,2.28207,2.29368,2.287875
7.274e-05,2.28242,2.30969,2.296055
7.274999999999999e-05,2.28452,2.30947,2.296995
7.276e-05,2.28037,2.29087,2.28562
7.277e-05,2.28414,2.30079,2.292465
7.277999999999999e-05,2.27629,2.30628,2.291285
7.279000000000001e-05,2.27286,2.29615,2.284505
7.280000000000001e-05,2.28087,2.29445,2.28766
7.281e-05,2.28212,2.2935,2.28781
7.282e-05,2.28439,2.28966,2.287025
7.282999999999999e-05,2.28703,2.29383,2.29043
7.284e-05,2.28505,2.2988,2.291925
7.285e-05,2.28379,2.29525,2.28952
7.285999999999999e-05,2.28404,2.29953,2.291785
7.287e-05,2.28233,2.3008,2.291565
7.288000000000001e-05,2.27747,2.2919,2.284685
7.289e-05,2.2788,2.29444,2.28662
7.290000000000001e-05,2.28188,2.295,2.28844
7.291e-05,2.27605,2.29926,2.287655
7.292e-05,2.27843,2.29348,2.285955
7.293000000000001e-05,2.27079,2.29284,2.281815
7.293999999999999e-05,2.27117,2.29504,2.283105
7.295e-05,2.27187,2.29803,2.28495
7.295999999999999e-05,2.27663,2.30718,2.291905
7.296999999999999e-05,2.27768,2.30236,2.29002
7.298000000000001e-05,2.28004,2.29112,2.28558
7.299e-05,2.2788,2.2973,2.28805
7.3e-05,2.27565,2.29588,2.285765
7.301000000000001e-05,2.28057,2.29415,2.28736
7.302e-05,2.27557,2.29086,2.283215
7.303e-05,2.27194,2.29221,2.282075
7.304e-05,2.27302,2.30657,2.289795
7.305e-05,2.28221,2.29705,2.28963
7.306e-05,2.27933,2.29882,2.289075
7.306999999999999e-05,2.27725,2.3015,2.289375
7.308e-05,2.2786,2.30423,2.291415
7.309e-05,2.27156,2.2956,2.28358
7.31e-05,2.28061,2.2912,2.285905
7.311e-05,2.28096,2.30971,2.295335
7.312e-05,2.27881,2.30672,2.292765
7.313e-05,2.28464,2.29333,2.288985
7.314e-05,2.27523,2.30082,2.288025
7.315e-05,2.27813,2.30331,2.29072
7.316e-05,2.28228,2.29397,2.288125
7.316999999999999e-05,2.28315,2.30801,2.29558
7.318000000000001e-05,2.28267,2.30098,2.291825
7.319e-05,2.27325,2.29059,2.28192
7.32e-05,2.27396,2.29093,2.282445
7.321e-05,2.27752,2.30136,2.28944
7.322e-05,2.28532,2.31143,2.298375
7.323e-05,2.28118,2.30181,2.291495
7.324e-05,2.28202,2.29121,2.286615
7.324999999999999e-05,2.28173,2.30729,2.29451
7.326e-05,2.28333,2.30711,2.29522
7.327000000000001e-05,2.28044,2.2923,2.28637
7.328e-05,2.27984,2.29706,2.28845
7.329000000000001e-05,2.27609,2.30052,2.288305
7.33e-05,2.27567,2.29555,2.28561
7.331e-05,2.28918,2.29904,2.29411
7.332e-05,2.28249,2.29304,2.287765
7.332999999999999e-05,2.28712,2.30222,2.29467
7.334e-05,2.27599,2.29652,2.286255
7.335e-05,2.27902,2.30011,2.289565
7.335999999999999e-05,2.27604,2.29177,2.283905
7.337000000000001e-05,2.28539,2.29744,2.291415
7.338e-05,2.27653,2.30088,2.288705
7.339e-05,2.28575,2.29093,2.28834
7.340000000000001e-05,2.27636,2.29206,2.28421
7.341e-05,2.28782,2.29801,2.292915
7.342e-05,2.28139,2.30022,2.290805
7.343e-05,2.27815,2.29663,2.28739
7.343999999999999e-05,2.27649,2.29873,2.28761
7.345e-05,2.2808,2.30152,2.29116
7.345999999999999e-05,2.28199,2.30712,2.294555
7.347e-05,2.2792,2.30126,2.29023
7.348000000000001e-05,2.28491,2.30307,2.29399
7.349e-05,2.27832,2.29807,2.288195
7.35e-05,2.27639,2.30164,2.289015
7.351e-05,2.28049,2.31108,2.295785
7.352e-05,2.26982,2.30336,2.28659
7.353e-05,2.28119,2.30543,2.29331
7.354e-05,2.27386,2.30536,2.28961
7.354999999999999e-05,2.27607,2.31035,2.29321
7.356e-05,2.27251,2.31003,2.29127
7.357e-05,2.27882,2.30349,2.291155
7.358e-05,2.27688,2.30629,2.291585
7.359e-05,2.27156,2.3046,2.28808
7.36e-05,2.28002,2.30524,2.29263
7.361e-05,2.27212,2.30956,2.29084
7.362e-05,2.28305,2.30997,2.29651
7.363e-05,2.28425,2.31478,2.299515
7.363999999999999e-05,2.27612,2.30605,2.291085
7.365e-05,2.27724,2.30485,2.291045
7.366000000000001e-05,2.27164,2.30872,2.29018
7.367e-05,2.27598,2.31349,2.294735
7.368000000000001e-05,2.27606,2.29852,2.28729
7.369e-05,2.27756,2.30183,2.289695
7.37e-05,2.28079,2.30289,2.29184
7.371e-05,2.28392,2.31541,2.299665
7.371999999999999e-05,2.27827,2.30225,2.29026
7.373e-05,2.27886,2.31755,2.298205
7.374e-05,2.28131,2.30436,2.292835
7.374999999999999e-05,2.28461,2.30255,2.29358
7.376000000000001e-05,2.28379,2.30089,2.29234
7.377000000000001e-05,2.27953,2.3038,2.291665
7.378e-05,2.28448,2.30201,2.293245
7.379000000000001e-05,2.27895,2.29508,2.287015
7.379999999999999e-05,2.27529,2.29358,2.284435
7.381e-05,2.27839,2.29873,2.28856
7.382e-05,2.27948,2.29751,2.288495
7.382999999999999e-05,2.27852,2.29143,2.284975
7.384e-05,2.27919,2.2893,2.284245
7.384999999999999e-05,2.27831,2.29737,2.28784
7.386e-05,2.28279,2.29177,2.28728
7.387000000000001e-05,2.275,2.29369,2.284345
7.388e-05,2.27943,2.29235,2.28589
7.389e-05,2.27581,2.29655,2.28618
7.390000000000001e-05,2.27724,2.2925,2.28487
7.391e-05,2.27435,2.29415,2.28425
7.392e-05,2.27439,2.30064,2.287515
7.393e-05,2.28086,2.29968,2.29027
7.393999999999999e-05,2.27937,2.29315,2.28626
7.395000000000001e-05,2.27276,2.29171,2.282235
7.396e-05,2.27336,2.29497,2.284165
7.397e-05,2.27416,2.30188,2.28802
7.398e-05,2.27412,2.29151,2.282815
7.399e-05,2.27024,2.2958,2.28302
7.4e-05,2.27282,2.30007,2.286445
7.401e-05,2.27329,2.29458,2.283935
7.402e-05,2.27427,2.28699,2.28063
7.403e-05,2.27413,2.29322,2.283675
7.404e-05,2.2801,2.29342,2.28676
7.405e-05,2.27405,2.29934,2.286695
7.406e-05,2.27357,2.299,2.286285
7.407e-05,2.2724,2.29762,2.28501
7.408e-05,2.27605,2.29913,2.28759
7.409e-05,2.28221,2.29626,2.289235
7.41e-05,2.28181,2.29363,2.28772
7.411e-05,2.27917,2.29906,2.289115
7.412e-05,2.27501,2.30515,2.29008
7.413e-05,2.27274,2.30314,2.28794
7.413999999999999e-05,2.27679,2.30026,2.288525
7.415000000000001e-05,2.2784,2.29981,2.289105
7.416e-05,2.27363,2.29904,2.286335
7.417e-05,2.2815,2.30195,2.291725
7.418000000000001e-05,2.28181,2.30844,2.295125
7.418999999999999e-05,2.27365,2.30149,2.28757
7.42e-05,2.27265,2.30445,2.28855
7.421e-05,2.28311,2.30067,2.29189
7.421999999999999e-05,2.28135,2.29919,2.29027
7.423e-05,2.27164,2.30011,2.285875
7.424e-05,2.27139,2.29367,2.28253
7.425e-05,2.27087,2.30124,2.286055
7.426000000000001e-05,2.27258,2.30889,2.290735
7.427e-05,2.2744,2.29252,2.28346
7.428e-05,2.27397,2.29683,2.2854
7.429000000000001e-05,2.27522,2.29862,2.28692
7.429999999999999e-05,2.27378,2.29274,2.28326
7.431e-05,2.26829,2.30081,2.28455
7.431999999999999e-05,2.27088,2.29413,2.282505
7.432999999999999e-05,2.26771,2.29345,2.28058
7.434000000000001e-05,2.2673,2.29589,2.281595
7.435e-05,2.26981,2.30018,2.284995
7.436e-05,2.28038,2.29082,2.2856
7.437000000000001e-05,2.26675,2.29843,2.28259
7.438e-05,2.27572,2.29792,2.28682
7.439e-05,2.2712,2.28831,2.279755
7.44e-05,2.26818,2.29457,2.281375
7.440999999999999e-05,2.27842,2.2901,2.28426
7.442e-05,2.27481,2.29567,2.28524
7.443e-05,2.27165,2.29664,2.284145
7.444e-05,2.27054,2.30041,2.285475
7.445000000000001e-05,2.27144,2.29975,2.285595
7.446e-05,2.26928,2.30256,2.28592
7.447e-05,2.27706,2.29518,2.28612
7.448e-05,2.27727,2.3032,2.290235
7.449e-05,2.27929,2.28895,2.28412
7.45e-05,2.27052,2.29449,2.282505
7.451e-05,2.27295,2.30265,2.2878
7.452e-05,2.27092,2.3004,2.28566
7.452999999999999e-05,2.27729,2.29649,2.28689
7.454000000000001e-05,2.28601,2.29618,2.291095
7.455e-05,2.28046,2.29943,2.289945
7.456e-05,2.27328,2.29484,2.28406
7.457e-05,2.27681,2.29845,2.28763
7.458e-05,2.27744,2.30214,2.28979
7.459e-05,2.28253,2.2972,2.289865
7.46e-05,2.27348,2.2986,2.28604
7.460999999999999e-05,2.27079,2.31013,2.29046
7.462e-05,2.27566,2.30933,2.292495
7.463e-05,2.27234,2.30396,2.28815
7.464e-05,2.26827,2.3008,2.284535
7.465000000000001e-05,2.27372,2.29444,2.28408
7.466e-05,2.2771,2.30251,2.289805
7.467e-05,2.27395,2.29143,2.28269
7.468000000000001e-05,2.27734,2.29469,2.286015
7.468999999999999e-05,2.2752,2.29657,2.285885
7.47e-05,2.28329,2.29914,2.291215
7.471e-05,2.27607,2.29107,2.28357
7.471999999999999e-05,2.27437,2.30306,2.288715
7.473000000000001e-05,2.27965,2.30469,2.29217
7.474e-05,2.27741,2.30211,2.28976
7.475e-05,2.28024,2.29613,2.288185
7.476000000000001e-05,2.28304,2.30064,2.29184
7.476999999999999e-05,2.27949,2.298,2.288745
7.478e-05,2.27284,2.3003,2.28657
7.479000000000001e-05,2.27487,2.29641,2.28564
7.479999999999999e-05,2.27554,2.2986,2.28707
7.481e-05,2.28053,2.30002,2.290275
7.481999999999999e-05,2.27799,2.30768,2.292835
7.483e-05,2.28339,2.29963,2.29151
7.484000000000001e-05,2.27661,2.30525,2.29093
7.485e-05,2.2714,2.29414,2.28277
7.486e-05,2.26946,2.297,2.28323
7.487e-05,2.26668,2.29344,2.28006
7.488e-05,2.27088,2.30122,2.28605
7.489e-05,2.2754,2.29906,2.28723
7.49e-05,2.27026,2.29927,2.284765
7.490999999999999e-05,2.27221,2.29905,2.28563
7.492e-05,2.26983,2.3056,2.287715
7.493000000000002e-05,2.27453,2.29638,2.285455
7.494e-05,2.27705,2.31107,2.29406
7.495e-05,2.27499,2.30663,2.29081
7.496e-05,2.27321,2.30535,2.28928
7.497e-05,2.27285,2.31401,2.29343
7.498e-05,2.26827,2.30405,2.28616
7.499e-05,2.27796,2.30555,2.291755
7.5e-05,2.27032,2.29343,2.281875
7.501e-05,2.27109,2.303,2.287045
7.501999999999998e-05,2.28008,2.29981,2.289945
7.503e-05,2.28625,2.31045,2.29835
7.504000000000001e-05,2.2752,2.3063,2.29075
7.505e-05,2.27336,2.30866,2.29101
7.506e-05,2.27412,2.30824,2.29118
7.507e-05,2.2704,2.30549,2.287945
7.507999999999999e-05,2.26951,2.29695,2.28323
7.509e-05,2.27127,2.29984,2.285555
7.51e-05,2.28214,2.29667,2.289405
7.510999999999999e-05,2.26921,2.30291,2.28606
7.512000000000001e-05,2.26741,2.2962,2.281805
7.513000000000001e-05,2.27186,2.2917,2.28178
7.514e-05,2.27077,2.29699,2.28388
7.515000000000001e-05,2.26644,2.30035,2.283395
7.515999999999999e-05,2.27011,2.3018,2.285955
7.517e-05,2.27252,2.29514,2.28383
7.518000000000001e-05,2.26499,2.29868,2.281835
7.518999999999999e-05,2.27221,2.29708,2.284645
7.52e-05,2.27253,2.29789,2.28521
7.520999999999999e-05,2.27297,2.30051,2.28674
7.522e-05,2.2756,2.29553,2.285565
7.523000000000001e-05,2.26821,2.29612,2.282165
7.524e-05,2.27167,2.29843,2.28505
7.525e-05,2.27362,2.29626,2.28494
7.526000000000001e-05,2.26586,2.29901,2.282435
7.526999999999999e-05,2.26892,2.30369,2.286305
7.528e-05,2.26493,2.29493,2.27993
7.529e-05,2.26597,2.29712,2.281545
7.529999999999999e-05,2.26617,2.29011,2.27814
7.531e-05,2.27195,2.30189,2.28692
7.532e-05,2.26241,2.30588,2.284145
7.533e-05,2.26553,2.30185,2.28369
7.534000000000001e-05,2.26647,2.301,2.283735
7.535e-05,2.26493,2.29844,2.281685
7.536e-05,2.26402,2.29385,2.278935
7.537e-05,2.26567,2.30805,2.28686
7.537999999999999e-05,2.26753,2.2974,2.282465
7.539e-05,2.26954,2.29205,2.280795
7.54e-05,2.26997,2.29629,2.28313
7.540999999999998e-05,2.26102,2.299,2.28001
7.542e-05,2.26262,2.30667,2.284645
7.543000000000001e-05,2.26757,2.28829,2.27793
7.544e-05,2.25753,2.30345,2.28049
7.545e-05,2.26298,2.29755,2.280265
7.546e-05,2.26333,2.30382,2.283575
7.547e-05,2.26452,2.30166,2.28309
7.548e-05,2.26601,2.30392,2.284965
7.549e-05,2.26254,2.30629,2.284415
7.549999999999999e-05,2.26862,2.30835,2.288485
7.551000000000001e-05,2.27457,2.30486,2.289715
7.552e-05,2.27355,2.30039,2.28697
7.553e-05,2.27136,2.29772,2.28454
7.554000000000001e-05,2.27141,2.30135,2.28638
7.555e-05,2.27182,2.29699,2.284405
7.556e-05,2.26871,2.29445,2.28158
7.557e-05,2.27051,2.30208,2.286295
7.557999999999999e-05,2.27315,2.29829,2.28572
7.559e-05,2.26927,2.3089,2.289085
7.56e-05,2.27103,2.30226,2.286645
7.561e-05,2.27182,2.29839,2.285105
7.562000000000001e-05,2.27734,2.30531,2.291325
7.562999999999999e-05,2.2735,2.30901,2.291255
7.564e-05,2.27414,2.30644,2.29029
7.565000000000001e-05,2.27678,2.29991,2.288345
7.565999999999999e-05,2.27116,2.30102,2.28609
7.567e-05,2.27347,2.30514,2.289305
7.568000000000001e-05,2.27473,2.30671,2.29072
7.568999999999999e-05,2.26623,2.3121,2.289165
7.57e-05,2.26588,2.30461,2.285245
7.571e-05,2.2675,2.30015,2.283825
7.572e-05,2.26514,2.30461,2.284875
7.573000000000001e-05,2.26608,2.30274,2.28441
7.574e-05,2.26844,2.29948,2.28396
7.575e-05,2.2717,2.30064,2.28617
7.576e-05,2.28048,2.29892,2.2897
7.576999999999999e-05,2.27924,2.30807,2.293655
7.578e-05,2.27063,2.30609,2.28836
7.579e-05,2.27294,2.31138,2.29216
7.579999999999999e-05,2.27294,2.31351,2.293225
7.581000000000001e-05,2.2817,2.30465,2.293175
7.582e-05,2.27825,2.30256,2.290405
7.583e-05,2.27334,2.29972,2.28653
7.584e-05,2.27858,2.30401,2.291295
7.585e-05,2.28192,2.29456,2.28824
7.586e-05,2.26435,2.30073,2.28254
7.587e-05,2.26632,2.29319,2.279755
7.587999999999999e-05,2.27165,2.29986,2.285755
7.589e-05,2.2757,2.29745,2.286575
7.590000000000002e-05,2.26857,2.29439,2.28148
7.591e-05,2.26928,2.29734,2.28331
7.592e-05,2.26976,2.29834,2.28405
7.593000000000001e-05,2.27199,2.29642,2.284205
7.594e-05,2.27251,2.29835,2.28543
7.595e-05,2.286,2.30192,2.29396
7.596e-05,2.27121,2.31015,2.29068
7.596999999999999e-05,2.27929,2.30556,2.292425
7.598e-05,2.27196,2.30682,2.28939
7.598999999999998e-05,2.27195,2.29768,2.284815
7.6e-05,2.2734,2.30151,2.287455
7.601000000000001e-05,2.28051,2.29626,2.288385
7.602e-05,2.27234,2.30517,2.288755
7.603e-05,2.27005,2.30266,2.286355
7.604000000000001e-05,2.26982,2.29748,2.28365
7.604999999999999e-05,2.27294,2.29606,2.2845
7.606e-05,2.27296,2.29761,2.285285
7.607e-05,2.27364,2.29855,2.286095
7.607999999999999e-05,2.27711,2.29389,2.2855
7.609e-05,2.27001,2.3009,2.285455
7.61e-05,2.27432,2.29631,2.285315
7.611e-05,2.27503,2.2968,2.285915
7.612000000000001e-05,2.27887,2.3051,2.291985
7.612999999999999e-05,2.27667,2.29834,2.287505
7.614e-05,2.27245,2.31106,2.291755
7.615000000000001e-05,2.27234,2.29668,2.28451
7.615999999999999e-05,2.27567,2.30272,2.289195
7.617e-05,2.27136,2.30875,2.290055
7.618e-05,2.27172,2.30435,2.288035
7.618999999999999e-05,2.26782,2.30537,2.286595
7.620000000000001e-05,2.26766,2.30701,2.287335
7.621e-05,2.26409,2.30744,2.285765
7.622e-05,2.26593,2.30921,2.28757
7.623000000000001e-05,2.26559,2.30584,2.285715
7.623999999999999e-05,2.26668,2.30587,2.286275
7.625e-05,2.27284,2.31054,2.29169
7.626e-05,2.27358,2.3029,2.28824
7.626999999999999e-05,2.26356,2.30689,2.285225
7.628e-05,2.27188,2.31214,2.29201
7.629000000000002e-05,2.26385,2.29513,2.27949
7.63e-05,2.26377,2.30796,2.285865
7.631e-05,2.26961,2.30745,2.28853
7.632e-05,2.27326,2.29954,2.2864
7.633e-05,2.26923,2.30775,2.28849
7.634e-05,2.26985,2.3057,2.287775
7.635e-05,2.26466,2.30811,2.286385
7.636e-05,2.26291,2.31871,2.29081
7.637e-05,2.26207,2.32008,2.291075
7.637999999999998e-05,2.26383,2.3128,2.288315
7.639e-05,2.26735,2.3094,2.288375
7.640000000000001e-05,2.26843,2.31405,2.29124
7.641e-05,2.26751,2.30784,2.287675
7.642e-05,2.26926,2.30414,2.2867
7.643000000000001e-05,2.26552,2.30461,2.285065
7.643999999999999e-05,2.26868,2.31151,2.290095
7.645e-05,2.27191,2.30978,2.290845
7.646e-05,2.26972,2.31608,2.2929
7.646999999999999e-05,2.26592,2.31171,2.288815
7.648e-05,2.26811,2.3123,2.290205
7.649e-05,2.27017,2.31092,2.290545
7.65e-05,2.26655,2.30782,2.287185
7.651000000000001e-05,2.26439,2.30032,2.282355
7.651999999999999e-05,2.26272,2.30917,2.285945
7.653e-05,2.26108,2.3075,2.28429
7.654000000000001e-05,2.26689,2.31325,2.29007
7.654999999999999e-05,2.26519,2.30859,2.28689
7.656e-05,2.2646,2.31149,2.288045
7.657e-05,2.26747,2.3085,2.287985
7.658e-05,2.27022,2.32108,2.29565
7.659000000000001e-05,2.27125,2.31232,2.291785
7.659999999999999e-05,2.26763,2.30359,2.28561
7.661e-05,2.26421,2.30327,2.28374
7.662000000000001e-05,2.26295,2.30902,2.285985
7.662999999999999e-05,2.27198,2.30878,2.29038
7.664e-05,2.2697,2.31622,2.29296
7.665e-05,2.26419,2.30648,2.285335
7.665999999999999e-05,2.26573,2.30822,2.286975
7.667e-05,2.2701,2.30536,2.28773
7.668000000000002e-05,2.26057,2.30042,2.280495
7.669e-05,2.2672,2.31405,2.290625
7.670000000000001e-05,2.26733,2.32069,2.29401
7.671e-05,2.27323,2.33161,2.30242
7.672e-05,2.27104,2.31359,2.292315
7.673e-05,2.26259,2.30733,2.28496
7.673999999999999e-05,2.26519,2.31978,2.292485
7.675e-05,2.2668,2.31345,2.290125
7.676e-05,2.26615,2.3096,2.287875
7.676999999999998e-05,2.2655,2.30973,2.287615
7.678000000000001e-05,2.27065,2.31149,2.29107
7.679000000000002e-05,2.26731,2.31067,2.28899
7.68e-05,2.25959,2.3213,2.290445
7.681e-05,2.26187,2.30771,2.28479
7.682e-05,2.26243,2.31241,2.28742
7.683e-05,2.25744,2.31404,2.28574
7.684e-05,2.26718,2.30936,2.28827
7.684999999999998e-05,2.26769,2.31007,2.28888
7.685999999999999e-05,2.26259,2.30834,2.285465
7.687000000000001e-05,2.26584,2.30453,2.285185
7.688e-05,2.25796,2.30259,2.280275
7.689e-05,2.26024,2.31621,2.288225
7.690000000000001e-05,2.25978,2.30504,2.28241
7.691e-05,2.26165,2.30654,2.284095
7.692e-05,2.26858,2.29827,2.283425
7.693000000000001e-05,2.26028,2.30234,2.28131
7.693999999999999e-05,2.26354,2.29426,2.2789
7.695e-05,2.25587,2.31105,2.28346
7.696e-05,2.26391,2.30882,2.286365
7.697e-05,2.26251,2.31056,2.286535
7.698000000000001e-05,2.27068,2.30239,2.286535
7.698999999999999e-05,2.26607,2.29757,2.28182
7.7e-05,2.2679,2.30631,2.287105
7.701000000000001e-05,2.27341,2.29394,2.283675
7.701999999999999e-05,2.27175,2.29543,2.28359
7.703e-05,2.26734,2.31145,2.289395
7.704000000000001e-05,2.26604,2.30237,2.284205
7.704999999999999e-05,2.26748,2.30286,2.28517
7.706e-05,2.27425,2.2969,2.285575
7.707e-05,2.26242,2.3022,2.28231
7.708e-05,2.26963,2.30574,2.287685
7.709000000000001e-05,2.27043,2.30567,2.28805
7.709999999999999e-05,2.26218,2.30652,2.28435
7.711e-05,2.27113,2.3091,2.290115
7.712000000000001e-05,2.26799,2.30093,2.28446
7.712999999999999e-05,2.27473,2.29641,2.28557
7.714e-05,2.27139,2.2995,2.285445
7.715e-05,2.26576,2.30636,2.28606
7.715999999999999e-05,2.26873,2.29614,2.282435
7.717000000000001e-05,2.26185,2.30149,2.28167
7.718000000000002e-05,2.25895,2.30195,2.28045
7.719e-05,2.26855,2.29844,2.283495
7.72e-05,2.26655,2.29451,2.28053
7.720999999999999e-05,2.26826,2.30164,2.28495
7.722e-05,2.26758,2.29299,2.280285
7.723e-05,2.27507,2.29795,2.28651
7.723999999999999e-05,2.27123,2.29947,2.28535
7.725e-05,2.26473,2.30038,2.282555
7.726000000000002e-05,2.26199,2.29497,2.27848
7.727e-05,2.25823,2.30646,2.282345
7.728e-05,2.26022,2.2972,2.27871
7.729000000000001e-05,2.26614,2.28915,2.277645
7.73e-05,2.25927,2.3028,2.281035
7.731e-05,2.26579,2.29573,2.28076
7.732e-05,2.26323,2.29386,2.278545
7.732999999999999e-05,2.26601,2.30506,2.285535
7.734e-05,2.26972,2.30328,2.2865
7.734999999999998e-05,2.26216,2.28972,2.27594
7.736e-05,2.26473,2.30327,2.284
7.737000000000001e-05,2.26824,2.304,2.28612
7.738e-05,2.26796,2.29837,2.283165
7.739e-05,2.26442,2.30161,2.283015
7.740000000000001e-05,2.26334,2.30263,2.282985
7.740999999999999e-05,2.26422,2.30125,2.282735
7.742e-05,2.27054,2.29761,2.284075
7.743000000000001e-05,2.27452,2.29619,2.285355
7.743999999999999e-05,2.26854,2.29602,2.28228
7.745e-05,2.27086,2.29697,2.283915
7.746e-05,2.26745,2.29097,2.27921
7.747e-05,2.26907,2.291,2.280035
7.748000000000001e-05,2.26822,2.29757,2.282895
7.748999999999999e-05,2.26995,2.28679,2.27837
7.75e-05,2.27374,2.30181,2.287775
7.751000000000001e-05,2.27062,2.30691,2.288765
7.751999999999999e-05,2.2697,2.29465,2.282175
7.753e-05,2.26352,2.30247,2.282995
7.754e-05,2.27309,2.30012,2.286605
7.754999999999999e-05,2.26386,2.302,2.28293
7.756000000000001e-05,2.26993,2.30221,2.28607
7.757e-05,2.26722,2.30151,2.284365
7.758e-05,2.27073,2.29447,2.2826
7.759000000000001e-05,2.27046,2.29542,2.28294
7.759999999999999e-05,2.27329,2.28826,2.280775
7.761e-05,2.27047,2.29068,2.280575
7.762e-05,2.26436,2.295,2.27968
7.762999999999999e-05,2.26782,2.30757,2.287695
7.764e-05,2.27094,2.30263,2.286785
7.765000000000002e-05,2.2627,2.2994,2.28105
7.766e-05,2.27063,2.29669,2.28366
7.767000000000001e-05,2.26373,2.30107,2.2824
7.768000000000002e-05,2.26198,2.29315,2.277565
7.769e-05,2.26651,2.30244,2.284475
7.77e-05,2.26427,2.29532,2.279795
7.770999999999999e-05,2.26406,2.30418,2.28412
7.772e-05,2.26729,2.31037,2.28883
7.773e-05,2.26729,2.29516,2.281225
7.773999999999998e-05,2.26704,2.29571,2.281375
7.775e-05,2.26914,2.2925,2.28082
7.776000000000001e-05,2.26855,2.29572,2.282135
7.777e-05,2.26744,2.29718,2.28231
7.778e-05,2.2672,2.29724,2.28222
7.779000000000001e-05,2.26721,2.30048,2.283845
7.78e-05,2.26666,2.30046,2.28356
7.781e-05,2.26922,2.29199,2.280605
7.781999999999998e-05,2.26735,2.30124,2.284295
7.782999999999999e-05,2.27148,2.2982,2.28484
7.784e-05,2.26568,2.29165,2.278665
7.785e-05,2.2738,2.2929,2.28335
7.786e-05,2.26675,2.30221,2.28448
7.787000000000001e-05,2.26981,2.30606,2.287935
7.787999999999999e-05,2.26359,2.2971,2.280345
7.789e-05,2.26752,2.29517,2.281345
7.790000000000001e-05,2.26192,2.29867,2.280295
7.790999999999999e-05,2.2721,2.30101,2.286555
7.792e-05,2.26961,2.30037,2.28499
7.793000000000001e-05,2.27478,2.29225,2.283515
7.793999999999999e-05,2.27393,2.28917,2.28155
7.795000000000001e-05,2.26934,2.29292,2.28113
7.795999999999999e-05,2.27604,2.28969,2.282865
7.797e-05,2.26948,2.29051,2.279995
7.798000000000001e-05,2.2629,2.29364,2.27827
7.798999999999999e-05,2.26519,2.30288,2.284035
7.8e-05,2.27387,2.30332,2.288595
7.801000000000001e-05,2.27147,2.29483,2.28315
7.801999999999999e-05,2.26072,2.29272,2.27672
7.803e-05,2.26147,2.29328,2.277375
7.804000000000002e-05,2.2705,2.29987,2.285185
7.805e-05,2.27229,2.29495,2.28362
7.806000000000001e-05,2.27823,2.29689,2.28756
7.806999999999999e-05,2.26613,2.29093,2.27853
7.808e-05,2.27077,2.28915,2.27996
7.809e-05,2.26651,2.28927,2.27789
7.809999999999999e-05,2.26576,2.28953,2.277645
7.811e-05,2.26139,2.29312,2.277255
7.812e-05,2.26834,2.29405,2.281195
7.812999999999999e-05,2.26147,2.2991,2.280285
7.814000000000001e-05,2.2677,2.29042,2.27906
7.815000000000002e-05,2.26368,2.29736,2.28052
7.816e-05,2.26014,2.2986,2.27937
7.817e-05,2.26682,2.30111,2.283965
7.818000000000001e-05,2.26388,2.29292,2.2784
7.819e-05,2.26725,2.29788,2.282565
7.82e-05,2.26161,2.29606,2.278835
7.820999999999998e-05,2.26481,2.29396,2.279385
7.821999999999999e-05,2.26167,2.29271,2.27719
7.823e-05,2.26206,2.30301,2.282535
7.824e-05,2.2664,2.31029,2.288345
7.825e-05,2.26988,2.29715,2.283515
7.826000000000001e-05,2.26783,2.30264,2.285235
7.827e-05,2.26466,2.30471,2.284685
7.828e-05,2.26305,2.29641,2.27973
7.829000000000001e-05,2.25264,2.29557,2.274105
7.829999999999999e-05,2.27004,2.30242,2.28623
7.831e-05,2.26201,2.29796,2.279985
7.831999999999998e-05,2.26483,2.29299,2.27891
7.832999999999999e-05,2.26525,2.29565,2.28045
7.834000000000001e-05,2.26877,2.29308,2.280925
7.835e-05,2.2681,2.29534,2.28172
7.836e-05,2.27212,2.29739,2.284755
7.837000000000001e-05,2.27154,2.28833,2.279935
7.837999999999999e-05,2.26486,2.29996,2.28241
7.839e-05,2.26026,2.29623,2.278245
7.840000000000001e-05,2.27736,2.28708,2.28222
7.840999999999999e-05,2.26923,2.29337,2.2813
7.842e-05,2.27141,2.2918,2.281605
7.843000000000002e-05,2.26431,2.29282,2.278565
7.844e-05,2.26523,2.29455,2.27989
7.845000000000001e-05,2.27575,2.29438,2.285065
7.845999999999999e-05,2.27345,2.30239,2.28792
7.847e-05,2.26402,2.29108,2.27755
7.848000000000001e-05,2.26537,2.30055,2.28296
7.848999999999999e-05,2.26933,2.30055,2.28494
7.85e-05,2.26425,2.29796,2.281105
7.851e-05,2.26955,2.30449,2.28702
7.851999999999999e-05,2.26405,2.29715,2.2806
7.853000000000001e-05,2.27165,2.29782,2.284735
7.854000000000002e-05,2.27008,2.29056,2.28032
7.855e-05,2.26958,2.29313,2.281355
7.856000000000001e-05,2.26308,2.29561,2.279345
7.856999999999999e-05,2.26097,2.29932,2.280145
7.858e-05,2.27062,2.3031,2.28686
7.859e-05,2.26687,2.29991,2.28339
7.859999999999999e-05,2.26333,2.2949,2.279115
7.861e-05,2.26119,2.29796,2.279575
7.862e-05,2.25821,2.3039,2.281055
7.863e-05,2.26624,2.29655,2.281395
7.864e-05,2.26375,2.29706,2.280405
7.865000000000001e-05,2.26253,2.29425,2.27839
7.866e-05,2.26589,2.29826,2.282075
7.867e-05,2.26734,2.29284,2.28009
7.868e-05,2.26453,2.3035,2.284015
7.869e-05,2.26371,2.29632,2.280015
7.87e-05,2.2605,2.30276,2.28163
7.870999999999998e-05,2.26677,2.29464,2.280705
7.871999999999999e-05,2.26759,2.30071,2.28415
7.873000000000001e-05,2.27425,2.2923,2.283275
7.874e-05,2.261,2.29378,2.27739
7.875e-05,2.26346,2.3046,2.28403
7.876000000000001e-05,2.26679,2.29973,2.28326
7.876999999999999e-05,2.26233,2.29661,2.27947
7.878e-05,2.26374,2.30091,2.282325
7.879000000000001e-05,2.26401,2.2914,2.277705
7.879999999999999e-05,2.26834,2.29235,2.280345
7.881e-05,2.2716,2.29032,2.28096
7.881999999999998e-05,2.2673,2.30062,2.28396
7.883e-05,2.2655,2.29605,2.280775
7.884000000000001e-05,2.25952,2.30622,2.28287
7.884999999999999e-05,2.26648,2.30455,2.285515
7.886e-05,2.26631,2.30176,2.284035
7.887000000000001e-05,2.26185,2.30792,2.284885
7.887999999999999e-05,2.26808,2.30154,2.28481
7.889e-05,2.27429,2.30127,2.28778
7.890000000000001e-05,2.26782,2.30295,2.285385
7.890999999999999e-05,2.26452,2.30686,2.28569
7.892000000000001e-05,2.26977,2.29898,2.284375
7.893e-05,2.2596,2.31759,2.288595
7.894e-05,2.26412,2.30653,2.285325
7.895000000000001e-05,2.26055,2.31265,2.2866
7.895999999999999e-05,2.26719,2.30925,2.28822
7.897e-05,2.26419,2.30615,2.28517
7.898e-05,2.27125,2.30392,2.287585
7.898999999999999e-05,2.26981,2.31103,2.29042
7.9e-05,2.26919,2.30069,2.28494
7.901e-05,2.26634,2.30442,2.28538
7.902e-05,2.26313,2.30056,2.281845
7.903000000000001e-05,2.26991,2.30183,2.28587
7.904000000000002e-05,2.26486,2.30795,2.286405
7.905e-05,2.26606,2.29715,2.281605
7.906e-05,2.26122,2.30371,2.282465
7.906999999999999e-05,2.26455,2.30909,2.28682
7.908e-05,2.26689,2.30854,2.287715
7.909e-05,2.26116,2.31328,2.28722
7.909999999999998e-05,2.26049,2.30315,2.28182
7.910999999999999e-05,2.26419,2.30533,2.28476
7.912000000000001e-05,2.26678,2.29977,2.283275
7.913e-05,2.2634,2.29978,2.28159
7.914e-05,2.27473,2.30168,2.288205
7.915000000000001e-05,2.25877,2.30388,2.281325
7.916e-05,2.26381,2.3109,2.287355
7.917e-05,2.26337,2.30915,2.28626
7.918e-05,2.26622,2.30367,2.284945
7.918999999999999e-05,2.26721,2.29773,2.28247
7.92e-05,2.26668,2.298,2.28234
7.921e-05,2.25694,2.30932,2.28313
7.922e-05,2.25813,2.30663,2.28238
7.923000000000001e-05,2.26357,2.2981,2.280835
7.924e-05,2.2554,2.30248,2.27894
7.925e-05,2.26223,2.30002,2.281125
7.926000000000001e-05,2.26038,2.30463,2.282505
7.926999999999999e-05,2.26505,2.29907,2.28206
7.928e-05,2.26154,2.29868,2.28011
7.929e-05,2.26979,2.29756,2.283675
7.929999999999999e-05,2.26943,2.30102,2.285225
7.931000000000001e-05,2.26304,2.29709,2.280065
7.931999999999999e-05,2.26179,2.29778,2.279785
7.933e-05,2.27051,2.30033,2.28542
7.934000000000001e-05,2.27038,2.30474,2.28756
7.934999999999999e-05,2.27354,2.29783,2.285685
7.936e-05,2.26358,2.2981,2.28084
7.937000000000001e-05,2.25865,2.31068,2.284665
7.937999999999999e-05,2.26738,2.29349,2.280435
7.939e-05,2.26704,2.30709,2.287065
7.94e-05,2.26157,2.30692,2.284245
7.941e-05,2.26431,2.30492,2.284615
7.942000000000001e-05,2.27538,2.30325,2.289315
7.943e-05,2.27052,2.30008,2.2853
7.944e-05,2.26957,2.29544,2.282505
7.945e-05,2.27543,2.29292,2.284175
7.945999999999999e-05,2.26762,2.28963,2.278625
7.947e-05,2.26625,2.28503,2.27564
7.948e-05,2.26176,2.29312,2.27744
7.948999999999999e-05,2.26847,2.2979,2.283185
7.950000000000001e-05,2.26191,2.29564,2.278775
7.951000000000002e-05,2.25856,2.28887,2.273715
7.952e-05,2.26369,2.3015,2.282595
7.953e-05,2.26546,2.30319,2.284325
7.954e-05,2.27417,2.29576,2.284965
7.955e-05,2.26699,2.29723,2.28211
7.956e-05,2.26468,2.29667,2.280675
7.956999999999999e-05,2.2666,2.3034,2.285
7.958e-05,2.26236,2.30046,2.28141
7.959e-05,2.2629,2.31387,2.288385
7.96e-05,2.25957,2.29565,2.27761
7.961e-05,2.26777,2.29856,2.283165
7.962000000000001e-05,2.26014,2.2953,2.27772
7.963e-05,2.2633,2.30012,2.28171
7.964e-05,2.26063,2.30119,2.28091
7.965000000000001e-05,2.26322,2.3086,2.28591
7.965999999999999e-05,2.26134,2.31243,2.286885
7.967e-05,2.26421,2.29548,2.279845
7.968e-05,2.26049,2.3036,2.282045
7.968999999999999e-05,2.26107,2.30019,2.28063
7.970000000000001e-05,2.26148,2.29891,2.280195
7.971e-05,2.26545,2.30288,2.284165
7.972e-05,2.26354,2.30349,2.283515
7.973000000000001e-05,2.25768,2.30364,2.28066
7.973999999999999e-05,2.26218,2.29392,2.27805
7.975e-05,2.26388,2.29418,2.27903
7.976000000000001e-05,2.26552,2.29839,2.281955
7.976999999999999e-05,2.26116,2.30181,2.281485
7.978e-05,2.26556,2.30094,2.28325
7.979e-05,2.26314,2.29974,2.28144
7.98e-05,2.26451,2.30378,2.284145
7.981000000000001e-05,2.27466,2.29802,2.28634
7.981999999999999e-05,2.26884,2.29599,2.282415
7.983e-05,2.27168,2.29334,2.28251
7.984000000000001e-05,2.26664,2.30108,2.28386
7.984999999999999e-05,2.26984,2.29372,2.28178
7.986e-05,2.27053,2.29697,2.28375
7.987e-05,2.26922,2.3005,2.28486
7.987999999999999e-05,2.27245,2.30357,2.28801
7.989000000000001e-05,2.26586,2.30396,2.28491
7.99e-05,2.27132,2.2989,2.28511
7.991e-05,2.27263,2.29676,2.284695
7.992000000000001e-05,2.26563,2.30065,2.28314
7.993e-05,2.26871,2.29832,2.283515
7.994e-05,2.26339,2.30015,2.28177
7.995e-05,2.26738,2.29151,2.279445
7.995999999999999e-05,2.2683,2.30129,2.284795
7.997e-05,2.26509,2.29859,2.28184
7.998e-05,2.27306,2.30309,2.288075
7.999e-05,2.27056,2.29944,2.285
8e-05,2.26851,2.30215,2.28533
8.001000000000001e-05,2.2665,2.2909,2.2787
8.002e-05,2.26889,2.30684,2.287865
8.003e-05,2.26745,2.29868,2.283065
8.004e-05,2.25972,2.29848,2.2791
8.005e-05,2.26509,2.28926,2.277175
8.006e-05,2.26869,2.29455,2.28162
8.006999999999998e-05,2.26921,2.29617,2.28269
8.007999999999999e-05,2.2646,2.29703,2.280815
8.009000000000001e-05,2.27021,2.2977,2.283955
8.01e-05,2.26503,2.2988,2.281915
8.011e-05,2.27308,2.29491,2.283995
8.012000000000001e-05,2.27171,2.29483,2.28327
8.013e-05,2.274,2.29413,2.284065
8.014e-05,2.26631,2.30107,2.28369
8.015e-05,2.2689,2.30298,2.28594
8.015999999999999e-05,2.2633,2.29599,2.279645
8.017e-05,2.27039,2.29383,2.28211
8.018e-05,2.26654,2.29862,2.28258
8.019e-05,2.26723,2.29486,2.281045
8.020000000000001e-05,2.26116,2.2948,2.27798
8.020999999999999e-05,2.26079,2.29367,2.27723
8.022e-05,2.25864,2.29852,2.27858
8.023000000000001e-05,2.26529,2.30096,2.283125
8.023999999999999e-05,2.26077,2.29724,2.279005
8.025e-05,2.26617,2.29814,2.282155
8.026000000000001e-05,2.2684,2.29612,2.28226
8.026999999999999e-05,2.26191,2.29436,2.278135
8.028000000000001e-05,2.26815,2.29936,2.283755
8.029e-05,2.26209,2.29402,2.278055
8.03e-05,2.26393,2.31908,2.291505
8.031000000000001e-05,2.26031,2.30601,2.28316
8.031999999999999e-05,2.26312,2.30663,2.284875
8.033e-05,2.26323,2.30684,2.285035
8.034e-05,2.2694,2.30861,2.289005
8.034999999999999e-05,2.26429,2.30042,2.282355
8.036e-05,2.26612,2.306,2.28606
8.037e-05,2.26127,2.3123,2.286785
8.038e-05,2.2614,2.3057,2.28355
8.039000000000001e-05,2.27003,2.31435,2.29219
8.04e-05,2.26244,2.31889,2.290665
8.041e-05,2.27277,2.3107,2.291735
8.042e-05,2.27381,2.30899,2.2914
8.043e-05,2.26585,2.31117,2.28851
8.044e-05,2.2703,2.31057,2.290435
8.045e-05,2.2623,2.30839,2.285345
8.045999999999999e-05,2.26785,2.30971,2.28878
8.047e-05,2.27582,2.30997,2.292895
8.048000000000002e-05,2.26817,2.31571,2.29194
8.049e-05,2.26709,2.30221,2.28465
8.05e-05,2.26444,2.30827,2.286355
8.051e-05,2.26474,2.30581,2.285275
8.052e-05,2.2646,2.30736,2.28598
8.053e-05,2.27343,2.29972,2.286575
8.054e-05,2.25979,2.30809,2.28394
8.054999999999999e-05,2.26628,2.31148,2.28888
8.056e-05,2.26926,2.30317,2.286215
8.056999999999998e-05,2.27045,2.30559,2.28802
8.058e-05,2.27302,2.3055,2.28926
8.059000000000001e-05,2.26782,2.3052,2.28651
8.06e-05,2.26765,2.3063,2.286975
8.061e-05,2.26484,2.3095,2.28717
8.062000000000001e-05,2.26692,2.30842,2.28767
8.062999999999999e-05,2.2704,2.31794,2.29417
8.064e-05,2.26186,2.31678,2.28932
8.065e-05,2.25717,2.30381,2.28049
8.065999999999999e-05,2.26834,2.31024,2.28929
8.067000000000001e-05,2.26546,2.31673,2.291095
8.068000000000001e-05,2.26356,2.31627,2.289915
8.069e-05,2.26052,2.30563,2.283075
8.070000000000001e-05,2.26273,2.31311,2.28792
8.070999999999999e-05,2.26448,2.30978,2.28713
8.072e-05,2.26545,2.30779,2.28662
8.073000000000001e-05,2.26507,2.31192,2.288495
8.073999999999999e-05,2.26395,2.318,2.290975
8.075e-05,2.26972,2.3145,2.29211
8.075999999999999e-05,2.26524,2.32367,2.294455
8.077e-05,2.27493,2.31954,2.297235
8.078000000000001e-05,2.27139,2.3091,2.290245
8.079e-05,2.26512,2.3108,2.28796
8.08e-05,2.26804,2.31169,2.289865
8.081000000000001e-05,2.26618,2.30815,2.287165
8.081999999999999e-05,2.26301,2.30959,2.2863
8.083e-05,2.26477,2.31627,2.29052
8.084e-05,2.26035,2.30379,2.28207
8.084999999999999e-05,2.26342,2.31024,2.28683
8.086e-05,2.26314,2.31268,2.28791
8.087000000000002e-05,2.27001,2.3104,2.290205
8.088e-05,2.26621,2.30988,2.288045
8.089e-05,2.2596,2.3043,2.28195
8.09e-05,2.26326,2.31102,2.28714
8.091e-05,2.2679,2.31038,2.28914
8.092e-05,2.26361,2.31136,2.287485
8.093e-05,2.26252,2.31179,2.287155
8.094e-05,2.26195,2.31156,2.286755
8.095e-05,2.26141,2.31809,2.28975
8.095999999999998e-05,2.25926,2.3078,2.28353
8.097e-05,2.26433,2.31052,2.287425
8.098000000000001e-05,2.26837,2.31995,2.29416
8.099e-05,2.26743,2.3218,2.294615
8.1e-05,2.26016,2.31675,2.288455
8.101e-05,2.26554,2.32122,2.29338
8.102e-05,2.27028,2.31264,2.29146
8.103e-05,2.26067,2.31379,2.28723
8.104e-05,2.26822,2.32322,2.29572
8.104999999999999e-05,2.26358,2.31331,2.288445
8.106000000000001e-05,2.26338,2.31147,2.287425
8.107e-05,2.2692,2.30434,2.28677
8.108e-05,2.26413,2.31211,2.28812
8.109000000000001e-05,2.26879,2.31286,2.290825
8.109999999999999e-05,2.26778,2.31753,2.292655
8.111e-05,2.2658,2.3092,2.2875
8.112e-05,2.26457,2.31511,2.28984
8.112999999999999e-05,2.26418,2.3059,2.28504
8.114e-05,2.26761,2.31096,2.289285
8.115e-05,2.25927,2.31178,2.285525
8.116e-05,2.26057,2.31713,2.28885
8.117000000000001e-05,2.26804,2.3044,2.28622
8.118e-05,2.26448,2.30657,2.285525
8.119e-05,2.2698,2.30351,2.286655
8.120000000000001e-05,2.26574,2.30002,2.28288
8.120999999999999e-05,2.26174,2.30496,2.28335
8.122e-05,2.26036,2.31102,2.28569
8.123e-05,2.26263,2.31409,2.28836
8.123999999999999e-05,2.26346,2.30923,2.286345
8.125e-05,2.27059,2.31033,2.29046
8.126e-05,2.26475,2.30104,2.282895
8.127e-05,2.26899,2.30128,2.285135
8.128000000000001e-05,2.26349,2.30515,2.28432
8.129e-05,2.26627,2.30954,2.287905
8.13e-05,2.26949,2.31074,2.290115
8.131e-05,2.265,2.30463,2.284815
8.131999999999999e-05,2.26738,2.31304,2.29021
8.133e-05,2.26254,2.30828,2.28541
8.134e-05,2.27168,2.30055,2.286115
8.134999999999999e-05,2.26445,2.30849,2.28647
8.136000000000001e-05,2.26691,2.30801,2.28746
8.137e-05,2.26725,2.29831,2.28278
8.138e-05,2.27086,2.31001,2.290435
8.139e-05,2.26507,2.31382,2.289445
8.14e-05,2.26385,2.30393,2.28389
8.141e-05,2.26081,2.29592,2.278365
8.142e-05,2.26791,2.3041,2.286005
8.143e-05,2.26918,2.3056,2.28739
8.143999999999999e-05,2.25769,2.30822,2.282955
8.145000000000001e-05,2.25858,2.30337,2.280975
8.146e-05,2.26678,2.30552,2.28615
8.147e-05,2.27049,2.3155,2.292995
8.148000000000001e-05,2.26839,2.30823,2.28831
8.149e-05,2.26366,2.30606,2.28486
8.15e-05,2.27678,2.31614,2.29646
8.151e-05,2.27115,2.31526,2.293205
8.151999999999999e-05,2.26524,2.30867,2.286955
8.153e-05,2.27627,2.3106,2.293435
8.154e-05,2.27514,2.3121,2.29362
8.155e-05,2.27312,2.31732,2.29522
8.156000000000001e-05,2.2783,2.30462,2.29146
8.156999999999999e-05,2.27265,2.32558,2.299115
8.158e-05,2.27184,2.31807,2.294955
8.159000000000001e-05,2.26888,2.30444,2.28666
8.159999999999999e-05,2.27255,2.30644,2.289495
8.161e-05,2.2694,2.3076,2.2885
8.162e-05,2.27625,2.31027,2.29326
8.162999999999999e-05,2.26616,2.30491,2.285535
8.164e-05,2.26559,2.30047,2.28303
8.165e-05,2.27237,2.29913,2.28575
8.166e-05,2.27982,2.30075,2.290285
8.167000000000001e-05,2.27819,2.30068,2.289435
8.168e-05,2.27268,2.30444,2.28856
8.169e-05,2.27514,2.29699,2.286065
8.170000000000001e-05,2.26481,2.29742,2.281115
8.170999999999999e-05,2.26703,2.30147,2.28425
8.172e-05,2.26894,2.30702,2.28798
8.172999999999999e-05,2.26751,2.30506,2.286285
8.173999999999999e-05,2.27782,2.2998,2.28881
8.175000000000001e-05,2.27324,2.30406,2.28865
8.176e-05,2.2678,2.30414,2.28597
8.177e-05,2.27044,2.30367,2.287055
8.178e-05,2.27178,2.30621,2.288995
8.179e-05,2.26704,2.302,2.28452
8.18e-05,2.27361,2.30877,2.29119
8.181e-05,2.27441,2.30563,2.29002
8.181999999999999e-05,2.27352,2.30769,2.290605
8.183e-05,2.2739,2.30891,2.291405
8.184000000000002e-05,2.2761,2.3101,2.2931
8.185e-05,2.27776,2.30473,2.291245
8.186e-05,2.27539,2.31099,2.29319
8.187e-05,2.26578,2.3006,2.28319
8.188e-05,2.27365,2.30799,2.29082
8.189e-05,2.26664,2.30109,2.283865
8.19e-05,2.26917,2.30406,2.286615
8.191e-05,2.26691,2.29586,2.281385
8.192e-05,2.26756,2.29263,2.280095
8.193e-05,2.26564,2.29942,2.28253
8.194e-05,2.26942,2.3014,2.28541
8.195000000000001e-05,2.2719,2.29818,2.28504
8.196e-05,2.27681,2.29754,2.287175
8.197e-05,2.27043,2.29749,2.28396
8.198e-05,2.26902,2.29691,2.282965
8.198999999999999e-05,2.27616,2.30418,2.29017
8.2e-05,2.27296,2.30295,2.287955
8.201e-05,2.27861,2.29983,2.28922
8.201999999999999e-05,2.27026,2.29613,2.283195
8.203e-05,2.26972,2.29645,2.283085
8.204000000000001e-05,2.27112,2.29565,2.283385
8.205e-05,2.27021,2.29565,2.28293
8.206000000000001e-05,2.27056,2.29755,2.284055
8.206999999999999e-05,2.27587,2.30256,2.289215
8.208e-05,2.27753,2.30138,2.289455
8.209000000000001e-05,2.26876,2.3002,2.28448
8.209999999999999e-05,2.27707,2.30124,2.289155
8.211e-05,2.27684,2.30217,2.289505
8.211999999999999e-05,2.27423,2.29514,2.284685
8.213e-05,2.28062,2.2981,2.28936
8.214000000000001e-05,2.2777,2.2941,2.2859
8.215e-05,2.26955,2.29471,2.28213
8.216e-05,2.28078,2.2936,2.28719
8.217000000000001e-05,2.27157,2.29521,2.28339
8.218e-05,2.27686,2.30061,2.288735
8.219e-05,2.27557,2.3027,2.289135
8.22e-05,2.27416,2.30168,2.28792
8.220999999999999e-05,2.27534,2.29942,2.28738
8.222e-05,2.27622,2.30206,2.28914
8.223e-05,2.27114,2.30164,2.28639
8.224e-05,2.27758,2.29887,2.288225
8.225000000000001e-05,2.27515,2.30094,2.288045
8.226e-05,2.27584,2.29539,2.285615
8.227e-05,2.28215,2.2997,2.290925
8.228e-05,2.27887,2.29707,2.28797
8.229e-05,2.27671,2.29561,2.28616
8.23e-05,2.28071,2.29734,2.289025
8.231e-05,2.27169,2.30214,2.286915
8.231999999999998e-05,2.2771,2.30608,2.29159
8.233e-05,2.27214,2.29943,2.285785
8.234e-05,2.27537,2.30106,2.288215
8.235e-05,2.27517,2.30397,2.28957
8.236e-05,2.26826,2.29703,2.282645
8.237e-05,2.27055,2.30434,2.287445
8.238e-05,2.27787,2.29636,2.287115
8.239e-05,2.27354,2.30033,2.286935
8.24e-05,2.27118,2.29441,2.282795
8.240999999999999e-05,2.27711,2.29884,2.287975
8.242000000000001e-05,2.27747,2.29654,2.287005
8.243000000000001e-05,2.2776,2.28694,2.28227
8.244e-05,2.28406,2.29046,2.28726
8.245000000000001e-05,2.28073,2.28881,2.28477
8.245999999999999e-05,2.28076,2.29102,2.28589
8.247e-05,2.28258,2.29635,2.289465
8.248e-05,2.27975,2.28883,2.28429
8.248999999999999e-05,2.27573,2.29325,2.28449
8.25e-05,2.26847,2.29591,2.28219
8.251e-05,2.27433,2.29813,2.28623
8.252e-05,2.26887,2.29647,2.28267
8.253000000000001e-05,2.27462,2.29443,2.284525
8.254e-05,2.27266,2.30228,2.28747
8.255e-05,2.26938,2.29398,2.28168
8.256000000000001e-05,2.28084,2.29936,2.2901
8.256999999999999e-05,2.28037,2.30022,2.290295
8.258e-05,2.27421,2.30194,2.288075
8.259e-05,2.2716,2.301,2.2863
8.259999999999999e-05,2.27624,2.29891,2.287575
8.261e-05,2.27746,2.29373,2.285595
8.262e-05,2.27057,2.29506,2.282815
8.263e-05,2.27077,2.29491,2.28284
8.264000000000001e-05,2.27322,2.2888,2.28101
8.265e-05,2.27516,2.2927,2.28393
8.266e-05,2.27232,2.29368,2.283
8.267e-05,2.26874,2.30083,2.284785
8.268e-05,2.268,2.28768,2.27784
8.269e-05,2.27402,2.29215,2.283085
8.27e-05,2.27169,2.29759,2.28464
8.270999999999999e-05,2.27456,2.28642,2.28049
8.272000000000001e-05,2.27383,2.28615,2.27999
8.273e-05,2.27278,2.28508,2.27893
8.274e-05,2.2776,2.2912,2.2844
8.275e-05,2.27378,2.30082,2.2873
8.276e-05,2.28065,2.29958,2.290115
8.277e-05,2.27867,2.29763,2.28815
8.278e-05,2.27771,2.29261,2.28516
8.279e-05,2.28006,2.30508,2.29257
8.28e-05,2.27577,2.30005,2.28791
8.281000000000002e-05,2.26951,2.28978,2.279645
8.282e-05,2.27006,2.29469,2.282375
8.283e-05,2.27968,2.28732,2.2835
8.284e-05,2.27327,2.29,2.281635
8.285e-05,2.27332,2.29338,2.28335
8.286e-05,2.27425,2.29358,2.283915
8.287e-05,2.27938,2.2892,2.28429
8.287999999999999e-05,2.27261,2.29572,2.284165
8.289e-05,2.27457,2.29485,2.28471
8.29e-05,2.27502,2.29985,2.287435
8.291e-05,2.27664,2.30264,2.28964
8.292000000000001e-05,2.27536,2.29839,2.286875
8.293000000000001e-05,2.27718,2.30124,2.28921
8.294e-05,2.28066,2.29761,2.289135
8.295e-05,2.2707,2.30084,2.28577
8.295999999999999e-05,2.27414,2.31124,2.29269
8.297e-05,2.27276,2.3032,2.28798
8.298e-05,2.27213,2.29923,2.28568
8.298999999999999e-05,2.27447,2.29495,2.28471
8.3e-05,2.27574,2.30427,2.290005
8.301e-05,2.28156,2.29242,2.28699
8.302e-05,2.27014,2.29917,2.284655
8.303000000000001e-05,2.27416,2.2948,2.28448
8.304e-05,2.27289,2.3007,2.286795
8.305e-05,2.26988,2.3012,2.28554
8.306000000000001e-05,2.27103,2.29723,2.28413
8.306999999999999e-05,2.27258,2.29916,2.28587
8.308e-05,2.27193,2.30124,2.286585
8.308999999999999e-05,2.27458,2.29404,2.28431
8.309999999999999e-05,2.27204,2.29516,2.2836
8.311000000000001e-05,2.27493,2.29393,2.28443
8.312e-05,2.27836,2.28667,2.282515
8.313e-05,2.27885,2.28817,2.28351
8.314000000000001e-05,2.27612,2.28948,2.2828
8.315e-05,2.26936,2.28815,2.278755
8.316e-05,2.27072,2.27846,2.27459
8.317e-05,2.26957,2.28969,2.27963
8.318e-05,2.27336,2.28966,2.28151
8.319e-05,2.27407,2.28897,2.28152
8.319999999999999e-05,2.27452,2.2894,2.28196
8.321e-05,2.27499,2.29928,2.287135
8.322e-05,2.27798,2.29726,2.28762
8.323e-05,2.2782,2.29831,2.288255
8.324e-05,2.2797,2.30139,2.290545
8.325e-05,2.27361,2.29614,2.284875
8.326e-05,2.27367,2.29986,2.286765
8.327e-05,2.27943,2.29813,2.28878
8.328e-05,2.28322,2.30203,2.292625
8.329e-05,2.27174,2.30538,2.28856
8.33e-05,2.27578,2.30085,2.288315
8.331000000000001e-05,2.27693,2.30388,2.290405
8.332e-05,2.26932,2.30287,2.286095
8.333e-05,2.27311,2.29926,2.286185
8.334e-05,2.27549,2.30777,2.29163
8.334999999999999e-05,2.27612,2.29527,2.285695
8.336e-05,2.27423,2.29767,2.28595
8.337e-05,2.27562,2.29827,2.286945
8.337999999999999e-05,2.27257,2.29588,2.284225
8.339e-05,2.27504,2.29233,2.283685
8.340000000000001e-05,2.27688,2.29466,2.28577
8.341e-05,2.26778,2.29998,2.28388
8.342000000000001e-05,2.28022,2.29683,2.288525
8.343e-05,2.2696,2.29727,2.283435
8.344e-05,2.26607,2.30043,2.28325
8.345e-05,2.27942,2.29802,2.28872
8.345999999999999e-05,2.27045,2.30426,2.287355
8.347e-05,2.27707,2.29133,2.2842
8.348e-05,2.27239,2.28868,2.280535
8.348999999999999e-05,2.27858,2.29653,2.287555
8.350000000000001e-05,2.27255,2.29256,2.282555
8.351e-05,2.28004,2.28772,2.28388
8.352e-05,2.27165,2.29444,2.283045
8.353000000000001e-05,2.2768,2.2993,2.28805
8.354e-05,2.27541,2.28926,2.282335
8.355e-05,2.27955,2.28774,2.283645
8.355999999999999e-05,2.27549,2.29894,2.287215
8.356999999999999e-05,2.28032,2.28557,2.282945
8.358e-05,2.27907,2.29937,2.28922
8.359e-05,2.27954,2.30129,2.290415
8.36e-05,2.2791,2.29888,2.28899
8.361000000000001e-05,2.27851,2.29417,2.28634
8.362e-05,2.27351,2.29192,2.282715
8.363e-05,2.27812,2.29824,2.28818
8.364e-05,2.27784,2.2913,2.28457
8.365e-05,2.28065,2.29635,2.2885
8.366e-05,2.27229,2.30187,2.28708
8.367e-05,2.27732,2.28604,2.28168
8.368e-05,2.27925,2.28764,2.283445
8.369000000000001e-05,2.27631,2.29408,2.285195
8.37e-05,2.27435,2.29066,2.282505
8.371e-05,2.26933,2.29013,2.27973
8.372e-05,2.26606,2.29673,2.281395
8.373e-05,2.26904,2.30511,2.287075
8.374e-05,2.27856,2.29808,2.28832
8.375e-05,2.27679,2.30009,2.28844
8.376e-05,2.27233,2.29962,2.285975
8.376999999999999e-05,2.27689,2.30844,2.292665
8.378e-05,2.28175,2.29133,2.28654
8.379000000000001e-05,2.28086,2.29853,2.289695
8.38e-05,2.27467,2.29809,2.28638
8.381e-05,2.27362,2.29686,2.28524
8.382e-05,2.27778,2.29773,2.287755
8.383e-05,2.27076,2.30538,2.28807
8.384e-05,2.276,2.29832,2.28716
8.384999999999999e-05,2.27282,2.30782,2.29032
8.386e-05,2.268,2.29949,2.283745
8.387e-05,2.27339,2.29515,2.28427
8.387999999999999e-05,2.27518,2.29906,2.28712
8.389000000000001e-05,2.27889,2.28909,2.28399
8.39e-05,2.27035,2.2921,2.281225
8.391e-05,2.27128,2.29946,2.28537
8.392000000000001e-05,2.27907,2.29758,2.288325
8.393e-05,2.27458,2.29726,2.28592
8.394e-05,2.28135,2.29759,2.28947
8.395e-05,2.27831,2.30259,2.29045
8.395999999999999e-05,2.26974,2.29593,2.282835
8.397e-05,2.27491,2.2876,2.281255
8.398e-05,2.26733,2.28889,2.27811
8.399e-05,2.26945,2.29531,2.28238
8.400000000000001e-05,2.27406,2.29045,2.282255
8.401e-05,2.27076,2.29005,2.280405
8.402e-05,2.2754,2.29467,2.285035
8.403000000000001e-05,2.27002,2.29684,2.28343
8.404e-05,2.26925,2.30583,2.28754
8.405e-05,2.26328,2.29327,2.278275
8.405999999999999e-05,2.2658,2.29694,2.28137
8.406999999999999e-05,2.26943,2.30795,2.28869
8.408000000000001e-05,2.26884,2.29412,2.28148
8.409e-05,2.27298,2.29479,2.283885
8.41e-05,2.26774,2.2979,2.28282
8.411e-05,2.27251,2.29217,2.28234
8.412e-05,2.27245,2.29959,2.28602
8.413e-05,2.28002,2.29526,2.28764
8.414e-05,2.2726,2.29583,2.284215
8.415e-05,2.26975,2.30109,2.28542
8.416e-05,2.27654,2.2938,2.28517
8.416999999999999e-05,2.28322,2.29006,2.28664
8.418000000000001e-05,2.2812,2.29287,2.287035
8.419e-05,2.28143,2.28902,2.285225
8.42e-05,2.27375,2.29481,2.28428
8.421e-05,2.26941,2.29592,2.282665
8.422e-05,2.272,2.29376,2.28288
8.423e-05,2.27665,2.29537,2.28601
8.423999999999999e-05,2.28239,2.29302,2.287705
8.425e-05,2.28102,2.29566,2.28834
8.426e-05,2.27229,2.29476,2.283525
8.426999999999999e-05,2.27513,2.2957,2.285415
8.428000000000001e-05,2.27529,2.29431,2.2848
8.429000000000001e-05,2.26971,2.29188,2.280795
8.43e-05,2.27677,2.2942,2.285485
8.431e-05,2.26776,2.29613,2.281945
8.431999999999999e-05,2.27664,2.30168,2.28916
8.433e-05,2.27492,2.30058,2.28775
8.434e-05,2.27015,2.30198,2.286065
8.434999999999999e-05,2.26551,2.30175,2.28363
8.436e-05,2.27225,2.29367,2.28296
8.437000000000001e-05,2.27295,2.29966,2.286305
8.438e-05,2.2733,2.30523,2.289265
8.439000000000001e-05,2.26877,2.30334,2.286055
8.44e-05,2.27731,2.29198,2.284645
8.441e-05,2.27424,2.30167,2.287955
8.442e-05,2.26812,2.29583,2.281975
8.443e-05,2.26695,2.29581,2.28138
8.444e-05,2.26875,2.29823,2.28349
8.444999999999999e-05,2.2728,2.29178,2.28229
8.445999999999999e-05,2.27348,2.29236,2.28292
8.447000000000001e-05,2.27368,2.28849,2.281085
8.448e-05,2.26927,2.29341,2.28134
8.449e-05,2.26543,2.29836,2.281895
8.450000000000001e-05,2.26985,2.28684,2.278345
8.451e-05,2.25615,2.28876,2.272455
8.452e-05,2.26829,2.3032,2.285745
8.453e-05,2.26973,2.30111,2.28542
8.454e-05,2.27143,2.30055,2.28599
8.455e-05,2.26471,2.29333,2.27902
8.455999999999999e-05,2.2704,2.29538,2.28289
8.457e-05,2.26564,2.29576,2.2807
8.458e-05,2.27308,2.29937,2.286225
8.459e-05,2.26574,2.3005,2.28312
8.46e-05,2.27145,2.29218,2.281815
8.461e-05,2.27574,2.29303,2.284385
8.462e-05,2.27406,2.29863,2.286345
8.463e-05,2.27338,2.29887,2.286125
8.464e-05,2.27262,2.30365,2.288135
8.465e-05,2.2664,2.3035,2.28495
8.465999999999999e-05,2.27024,2.30041,2.285325
8.467e-05,2.2783,2.28813,2.283215
8.468000000000001e-05,2.26344,2.29288,2.27816
8.469e-05,2.26628,2.29461,2.280445
8.47e-05,2.277,2.29738,2.28719
8.471e-05,2.275,2.30049,2.287745
8.472e-05,2.27196,2.2993,2.28563
8.473e-05,2.26564,2.29381,2.279725
8.473999999999999e-05,2.27177,2.29614,2.283955
8.475e-05,2.27225,2.30404,2.288145
8.476000000000001e-05,2.26927,2.29622,2.282745
8.477e-05,2.26974,2.29653,2.283135
8.478e-05,2.26985,2.29624,2.283045
8.479e-05,2.27241,2.29028,2.281345
8.48e-05,2.26601,2.29209,2.27905
8.481e-05,2.26859,2.30536,2.286975
8.481999999999999e-05,2.27968,2.29001,2.284845
8.483e-05,2.27056,2.29142,2.28099
8.484e-05,2.26953,2.28598,2.277755
8.484999999999999e-05,2.2695,2.28848,2.27899
8.486000000000001e-05,2.26882,2.29358,2.2812
8.487e-05,2.27702,2.2977,2.28736
8.488e-05,2.27792,2.30011,2.289015
8.489000000000001e-05,2.27786,2.29848,2.28817
8.49e-05,2.27189,2.28766,2.279775
8.491e-05,2.26746,2.29501,2.281235
8.492e-05,2.27867,2.29274,2.285705
8.493e-05,2.27511,2.30597,2.29054
8.494e-05,2.27221,2.28839,2.2803
8.494999999999999e-05,2.27756,2.29172,2.28464
8.496e-05,2.27311,2.28935,2.28123
8.497000000000001e-05,2.27521,2.29408,2.284645
8.498e-05,2.27739,2.28917,2.28328
8.499e-05,2.27415,2.28785,2.281
8.5e-05,2.28503,2.29164,2.288335
8.501e-05,2.27231,2.29373,2.28302
8.502e-05,2.27242,2.29333,2.282875
8.502999999999999e-05,2.27768,2.2998,2.28874
8.504e-05,2.2824,2.29902,2.29071
8.505000000000001e-05,2.28406,2.29369,2.288875
8.506e-05,2.27878,2.29759,2.288185
8.507e-05,2.27596,2.30279,2.289375
8.508e-05,2.27689,2.30139,2.28914
8.509e-05,2.27382,2.30117,2.287495
8.51e-05,2.27673,2.30267,2.2897
8.511e-05,2.2716,2.2966,2.2841
8.512e-05,2.27551,2.30465,2.29008
8.512999999999999e-05,2.27904,2.31237,2.295705
8.514e-05,2.27485,2.29926,2.287055
8.515000000000001e-05,2.27433,2.2957,2.285015
8.516e-05,2.2787,2.29683,2.287765
8.517e-05,2.26957,2.2932,2.281385
8.518000000000001e-05,2.27787,2.30124,2.289555
8.519e-05,2.27197,2.30209,2.28703
8.52e-05,2.2778,2.3034,2.2906
8.520999999999999e-05,2.27199,2.29957,2.28578
8.522e-05,2.27069,2.30577,2.28823
8.523e-05,2.28056,2.30096,2.29076
8.523999999999999e-05,2.27865,2.29745,2.28805
8.525000000000001e-05,2.268,2.29663,2.282315
8.526000000000001e-05,2.27517,2.28976,2.282465
8.527e-05,2.27447,2.29672,2.285595
8.528e-05,2.27779,2.28931,2.28355
8.529e-05,2.28288,2.29508,2.28898
8.53e-05,2.28764,2.30112,2.29438
8.531e-05,2.28557,2.29813,2.29185
8.531999999999999e-05,2.28141,2.30184,2.291625
8.533e-05,2.27895,2.30071,2.28983
8.533999999999999e-05,2.28183,2.30093,2.29138
8.535e-05,2.28385,2.29539,2.28962
8.536000000000001e-05,2.2802,2.29712,2.28866
8.537e-05,2.27974,2.29473,2.287235
8.538e-05,2.28236,2.28902,2.28569
8.539e-05,2.27574,2.2924,2.28407
8.54e-05,2.2869,2.30149,2.294195
8.541e-05,2.28183,2.30223,2.29203
8.541999999999999e-05,2.27341,2.29431,2.28386
8.543e-05,2.27778,2.28649,2.282135
8.544000000000001e-05,2.28094,2.28796,2.28445
8.545e-05,2.28111,2.29253,2.28682
8.546e-05,2.28118,2.29649,2.288835
8.547e-05,2.27899,2.29046,2.284725
8.548e-05,2.27465,2.30051,2.28758
8.549e-05,2.28056,2.2884,2.28448
8.55e-05,2.27499,2.29594,2.285465
8.551e-05,2.27853,2.29343,2.28598
8.552e-05,2.28128,2.29939,2.290335
8.552999999999999e-05,2.2762,2.29789,2.287045
8.554000000000001e-05,2.27822,2.2881,2.28316
8.555e-05,2.27481,2.29386,2.284335
8.556e-05,2.27625,2.29315,2.2847
8.557e-05,2.27947,2.2948,2.287135
8.558e-05,2.28535,2.29143,2.28839
8.559e-05,2.2803,2.292,2.28615
8.56e-05,2.27998,2.30626,2.29312
8.561e-05,2.2725,2.28607,2.279285
8.562e-05,2.27177,2.2964,2.284085
8.562999999999999e-05,2.26806,2.29926,2.28366
8.564e-05,2.27446,2.30036,2.28741
8.565000000000001e-05,2.27401,2.29584,2.284925
8.566e-05,2.27191,2.30933,2.29062
8.567e-05,2.28018,2.30372,2.29195
8.568e-05,2.2719,2.30332,2.28761
8.569e-05,2.27651,2.30656,2.291535
8.57e-05,2.27805,2.30133,2.28969
8.570999999999999e-05,2.27633,2.29759,2.28696
8.572e-05,2.27564,2.29404,2.28484
8.573e-05,2.2764,2.29511,2.285755
8.574e-05,2.26969,2.28774,2.278715
8.575000000000001e-05,2.27473,2.3026,2.288665
8.576e-05,2.27112,2.29859,2.284855
8.577e-05,2.27721,2.29629,2.28675
8.578e-05,2.27395,2.29445,2.2842
8.579e-05,2.27284,2.3004,2.28662
8.58e-05,2.27124,2.29534,2.28329
8.581e-05,2.27511,2.29227,2.28369
8.581999999999999e-05,2.27562,2.29571,2.285665
8.583000000000001e-05,2.27879,2.29689,2.28784
8.584e-05,2.27183,2.29818,2.285005
8.585e-05,2.27552,2.29396,2.28474
8.586000000000001e-05,2.2788,2.29209,2.285445
8.587e-05,2.27717,2.28856,2.282865
8.588e-05,2.2779,2.2876,2.28275
8.588999999999999e-05,2.28161,2.28853,2.28507
8.59e-05,2.28307,2.29421,2.28864
8.591e-05,2.28364,2.29837,2.291005
8.591999999999999e-05,2.27548,2.29324,2.28436
8.593000000000001e-05,2.27579,2.30078,2.288285
8.594000000000001e-05,2.27542,2.29289,2.284155
8.595e-05,2.2716,2.29269,2.282145
8.596e-05,2.27146,2.29302,2.28224
8.597e-05,2.27873,2.29941,2.28907
8.598e-05,2.27274,2.30031,2.286525
8.599e-05,2.28031,2.29469,2.2875
8.599999999999999e-05,2.27914,2.29302,2.28608
8.601e-05,2.27129,2.29219,2.28174
8.601999999999999e-05,2.27193,2.29852,2.285225
8.603e-05,2.2751,2.29576,2.28543
8.604000000000001e-05,2.26946,2.30291,2.286185
8.605e-05,2.27824,2.30258,2.29041
8.606e-05,2.28,2.30732,2.29366
8.607e-05,2.27514,2.30073,2.287935
8.608e-05,2.27191,2.30249,2.2872
8.609e-05,2.273,2.31116,2.29208
8.609999999999999e-05,2.26854,2.31059,2.289565
8.611e-05,2.2702,2.30535,2.287775
8.612e-05,2.26748,2.31315,2.290315
8.613e-05,2.26909,2.30052,2.284805
8.614e-05,2.27385,2.30628,2.290065
8.615000000000001e-05,2.27304,2.30607,2.289555
8.616e-05,2.27368,2.29371,2.283695
8.617e-05,2.27113,2.2994,2.285265
8.618e-05,2.27508,2.30101,2.288045
8.619e-05,2.2722,2.29791,2.285055
8.62e-05,2.27199,2.29264,2.282315
8.620999999999999e-05,2.27088,2.2982,2.28454
8.622000000000001e-05,2.27588,2.30343,2.289655
8.623e-05,2.27716,2.30259,2.289875
8.624e-05,2.27687,2.2934,2.285135
8.625e-05,2.27363,2.28808,2.280855
8.626e-05,2.27624,2.30084,2.28854
8.627e-05,2.27414,2.29304,2.28359
8.628e-05,2.27338,2.29482,2.2841
8.629e-05,2.27863,2.28689,2.28276
8.63e-05,2.27131,2.29279,2.28205
8.630999999999999e-05,2.27816,2.28445,2.281305
8.632e-05,2.27892,2.28314,2.28103
8.633000000000001e-05,2.27216,2.29139,2.281775
8.634e-05,2.26736,2.29584,2.2816
8.635e-05,2.27054,2.279,2.27477
8.636e-05,2.277,2.29305,2.285025
8.637e-05,2.27059,2.29183,2.28121
8.638e-05,2.27095,2.28813,2.27954
8.638999999999999e-05,2.27816,2.29197,2.285065
8.64e-05,2.28086,2.30312,2.29199
8.641e-05,2.28123,2.2974,2.289315
8.642e-05,2.28385,2.2978,2.290825
8.643000000000001e-05,2.27812,2.29029,2.284205
8.644e-05,2.28429,2.29692,2.290605
8.645e-05,2.28072,2.29785,2.289285
8.646e-05,2.28094,2.29313,2.287035
8.647e-05,2.28108,2.29456,2.28782
8.648e-05,2.28066,2.29569,2.288175
8.649e-05,2.28017,2.29297,2.28657
8.649999999999999e-05,2.2868,2.29477,2.290785
8.651000000000001e-05,2.27559,2.29445,2.28502
8.652e-05,2.27333,2.30284,2.288085
8.653e-05,2.27817,2.30296,2.290565
8.654000000000001e-05,2.27899,2.29935,2.28917
8.655e-05,2.28522,2.29873,2.291975
8.656e-05,2.28569,2.29848,2.292085
8.656999999999999e-05,2.27995,2.29041,2.28518
8.658e-05,2.27866,2.29571,2.287185
8.659e-05,2.27164,2.29892,2.28528
8.659999999999999e-05,2.27564,2.29019,2.282915
8.661e-05,2.28414,2.30257,2.293355
8.662000000000001e-05,2.28273,2.30001,2.29137
8.663e-05,2.27452,2.29495,2.284735
8.664e-05,2.27943,2.30385,2.29164
8.665e-05,2.28529,2.30231,2.2938
8.666e-05,2.27972,2.31066,2.29519
8.667e-05,2.28279,2.30694,2.294865
8.668e-05,2.27737,2.30367,2.29052
8.669e-05,2.27991,2.3006,2.290255
8.669999999999999e-05,2.2854,2.30814,2.29677
8.671e-05,2.28284,2.29774,2.29029
8.672000000000001e-05,2.27621,2.30091,2.28856
8.673e-05,2.27797,2.29074,2.284355
8.674e-05,2.28119,2.29497,2.28808
8.675e-05,2.28089,2.29686,2.288875
8.676e-05,2.27726,2.29649,2.286875
8.677e-05,2.2818,2.28968,2.28574
8.677999999999999e-05,2.27461,2.29792,2.286265
8.679e-05,2.27494,2.29954,2.28724
8.68e-05,2.28745,2.28864,2.288045
8.681e-05,2.28079,2.29603,2.28841
8.682e-05,2.28514,2.30326,2.2942
8.683000000000001e-05,2.29093,2.29584,2.293385
8.684e-05,2.27872,2.29743,2.288075
8.685e-05,2.27841,2.29655,2.28748
8.685999999999999e-05,2.27545,2.30276,2.289105
8.687e-05,2.28402,2.30114,2.29258
8.688e-05,2.28642,2.29752,2.29197
8.688999999999999e-05,2.28263,2.29876,2.290695
8.690000000000001e-05,2.2781,2.30296,2.29053
8.691e-05,2.2723,2.30266,2.28748
8.692e-05,2.27624,2.30846,2.29235
8.693000000000001e-05,2.27856,2.30209,2.290325
8.694e-05,2.27958,2.29491,2.287245
8.695e-05,2.27308,2.31051,2.291795
8.696e-05,2.27473,2.30471,2.28972
8.697e-05,2.2808,2.30098,2.29089
8.698e-05,2.27067,2.29729,2.28398
8.698999999999999e-05,2.28138,2.29771,2.289545
8.7e-05,2.28295,2.30901,2.29598
8.701000000000001e-05,2.27975,2.30494,2.292345
8.702e-05,2.27518,2.30966,2.29242
8.703e-05,2.27947,2.3049,2.292185
8.704000000000001e-05,2.27476,2.30511,2.289935
8.705e-05,2.27487,2.30266,2.288765
8.706e-05,2.27846,2.30043,2.289445
8.706999999999999e-05,2.27404,2.29809,2.286065
8.708e-05,2.27416,2.30887,2.291515
8.709e-05,2.27517,2.30004,2.287605
8.71e-05,2.27778,2.30262,2.2902
8.711e-05,2.2703,2.3053,2.2878
8.712e-05,2.27387,2.30608,2.289975
8.713e-05,2.27434,2.2941,2.28422
8.714e-05,2.27764,2.29255,2.285095
8.715e-05,2.27811,2.29988,2.288995
8.716e-05,2.27379,2.29956,2.286675
8.717e-05,2.26927,2.29088,2.280075
8.718e-05,2.27626,2.29694,2.2866
8.719e-05,2.26652,2.30174,2.28413
8.72e-05,2.27879,2.28643,2.28261
8.721e-05,2.27141,2.29781,2.28461
8.722e-05,2.27785,2.29872,2.288285
8.723e-05,2.27588,2.30126,2.28857
8.724e-05,2.27558,2.3058,2.29069
8.724999999999999e-05,2.26981,2.30585,2.28783
8.726e-05,2.28131,2.31066,2.295985
8.727e-05,2.27688,2.30882,2.29285
8.727999999999999e-05,2.2709,2.31508,2.29299
8.729000000000001e-05,2.27012,2.30728,2.2887
8.730000000000001e-05,2.26808,2.31331,2.290695
8.731e-05,2.27507,2.309,2.292035
8.732e-05,2.27272,2.30936,2.29104
8.733e-05,2.26938,2.3101,2.28974
8.734e-05,2.26833,2.30752,2.287925
8.735e-05,2.2706,2.30205,2.286325
8.735999999999999e-05,2.2723,2.30438,2.28834
8.737e-05,2.28166,2.30733,2.294495
8.738e-05,2.26992,2.31056,2.29024
8.739e-05,2.2794,2.31287,2.296135
8.740000000000001e-05,2.27966,2.30507,2.292365
8.741e-05,2.26891,2.29947,2.28419
8.742e-05,2.26982,2.31048,2.29015
8.743000000000001e-05,2.27326,2.31384,2.29355
8.744e-05,2.27148,2.31427,2.292875
8.745e-05,2.27956,2.3064,2.29298
8.745999999999999e-05,2.27243,2.30829,2.29036
8.746999999999999e-05,2.27661,2.31221,2.29441
8.748e-05,2.26776,2.318,2.29288
8.749e-05,2.27339,2.30647,2.28993
8.75e-05,2.26702,2.30649,2.286755
8.751000000000001e-05,2.27423,2.3095,2.291865
8.752e-05,2.26945,2.31208,2.290765
8.753e-05,2.27574,2.31555,2.295645
8.754e-05,2.27569,2.31127,2.29348
8.755e-05,2.27414,2.31129,2.292715
8.756e-05,2.27749,2.30991,2.2937
8.756999999999999e-05,2.27051,2.30592,2.288215
8.758e-05,2.27466,2.31677,2.295715
8.759e-05,2.2716,2.30872,2.29016
8.76e-05,2.26783,2.30246,2.285145
8.761e-05,2.28299,2.3029,2.292945
8.762e-05,2.27572,2.30187,2.288795
8.763e-05,2.26889,2.29448,2.281685
8.764e-05,2.27753,2.31138,2.294455
8.765e-05,2.27741,2.31322,2.295315
8.766e-05,2.26675,2.30718,2.286965
8.766999999999999e-05,2.27563,2.31152,2.293575
8.768000000000001e-05,2.26627,2.3137,2.289985
8.769000000000001e-05,2.27612,2.30979,2.292955
8.77e-05,2.27538,2.30255,2.288965
8.771e-05,2.26662,2.30728,2.28695
8.772e-05,2.26734,2.3143,2.29082
8.773e-05,2.27456,2.30274,2.28865
8.774e-05,2.27007,2.30171,2.28589
8.774999999999999e-05,2.27217,2.30624,2.289205
8.776e-05,2.28067,2.30842,2.294545
8.777e-05,2.27208,2.3074,2.28974
8.778e-05,2.26795,2.29677,2.28236
8.779000000000001e-05,2.2762,2.2995,2.28785
8.78e-05,2.2731,2.29781,2.285455
8.781e-05,2.26827,2.30201,2.28514
8.782e-05,2.27786,2.30168,2.28977
8.782999999999999e-05,2.26959,2.30164,2.285615
8.784e-05,2.27248,2.30578,2.28913
8.785e-05,2.27135,2.31328,2.292315
8.785999999999999e-05,2.27409,2.30503,2.28956
8.787e-05,2.28034,2.31241,2.296375
8.788e-05,2.27495,2.31432,2.294635
8.789e-05,2.2759,2.30712,2.29151
8.790000000000001e-05,2.2748,2.29674,2.28577
8.791e-05,2.26919,2.2999,2.284545
8.792e-05,2.26939,2.30237,2.28588
8.793000000000001e-05,2.27049,2.29328,2.281885
8.794e-05,2.27536,2.30413,2.289745
8.795e-05,2.26947,2.30851,2.28899
8.795999999999999e-05,2.27053,2.31273,2.29163
8.796999999999999e-05,2.27028,2.30762,2.28895
8.798000000000001e-05,2.26585,2.3041,2.284975
8.799e-05,2.27314,2.3065,2.28982
8.8e-05,2.27357,2.31234,2.292955
8.801e-05,2.27458,2.31345,2.294015
8.802e-05,2.26311,2.30887,2.28599
8.803e-05,2.27737,2.30724,2.292305
8.804e-05,2.2713,2.31409,2.292695
8.805e-05,2.27299,2.31002,2.291505
8.806e-05,2.27508,2.30389,2.289485
8.807e-05,2.2678,2.30794,2.28787
8.808e-05,2.2682,2.31248,2.29034
8.809e-05,2.27054,2.31087,2.290705
8.81e-05,2.26954,2.30015,2.284845
8.811e-05,2.2707,2.3136,2.29215
8.812e-05,2.2727,2.31149,2.292095
8.813e-05,2.27035,2.30974,2.290045
8.813999999999999e-05,2.27185,2.31217,2.29201
8.815e-05,2.26629,2.31068,2.288485
8.816e-05,2.27651,2.30787,2.29219
8.817e-05,2.27447,2.31307,2.29377
8.818000000000001e-05,2.27229,2.31064,2.291465
8.819000000000001e-05,2.27437,2.31389,2.29413
8.82e-05,2.28368,2.31975,2.301715
8.821e-05,2.27586,2.31899,2.297425
8.821999999999999e-05,2.27223,2.30966,2.290945
8.823e-05,2.27498,2.3165,2.29574
8.824e-05,2.26934,2.31291,2.291125
8.824999999999999e-05,2.26663,2.30058,2.283605
8.826e-05,2.27636,2.31449,2.295425
8.827000000000001e-05,2.26991,2.31581,2.29286
8.828e-05,2.27435,2.30766,2.291005
8.829000000000001e-05,2.27421,2.30353,2.28887
8.83e-05,2.26898,2.31602,2.2925
8.831e-05,2.27196,2.31514,2.29355
8.832e-05,2.27287,2.3161,2.294485
8.832999999999999e-05,2.28025,2.30834,2.294295
8.834e-05,2.2757,2.31642,2.29606
8.834999999999999e-05,2.26866,2.30634,2.2875
8.835999999999999e-05,2.26976,2.31458,2.29217
8.837000000000001e-05,2.27566,2.30638,2.29102
8.838e-05,2.27132,2.31041,2.290865
8.839e-05,2.2724,2.30897,2.290685
8.840000000000001e-05,2.27199,2.3026,2.287295
8.841e-05,2.27536,2.3074,2.29138
8.842e-05,2.27339,2.30633,2.28986
8.843e-05,2.26942,2.30517,2.287295
8.843999999999999e-05,2.27581,2.30921,2.29251
8.845e-05,2.27967,2.30452,2.292095
8.846e-05,2.27692,2.3055,2.29121
8.847e-05,2.27101,2.29854,2.284775
8.848e-05,2.27113,2.30992,2.290525
8.849e-05,2.27615,2.30746,2.291805
8.85e-05,2.27216,2.31591,2.294035
8.851e-05,2.27385,2.30089,2.28737
8.852e-05,2.27386,2.31163,2.292745
8.853e-05,2.27075,2.30421,2.28748
8.854e-05,2.27308,2.30116,2.28712
8.855e-05,2.28084,2.29999,2.290415
8.856e-05,2.27639,2.30644,2.291415
8.857e-05,2.27205,2.30667,2.28936
8.858e-05,2.27197,2.30889,2.29043
8.859e-05,2.27061,2.30175,2.28618
8.86e-05,2.27191,2.31168,2.291795
8.861e-05,2.27347,2.3093,2.291385
8.862e-05,2.27544,2.29984,2.28764
8.863e-05,2.27712,2.29941,2.288265
8.863999999999999e-05,2.27321,2.31282,2.293015
8.865e-05,2.26544,2.31382,2.28963
8.866000000000001e-05,2.2679,2.30828,2.28809
8.867e-05,2.27408,2.31679,2.295435
8.868000000000001e-05,2.26726,2.31164,2.28945
8.868999999999999e-05,2.2625,2.31072,2.28661
8.87e-05,2.27333,2.31501,2.29417
8.871e-05,2.25955,2.30516,2.282355
8.871999999999999e-05,2.26604,2.30959,2.287815
8.873e-05,2.26506,2.30266,2.28386
8.874e-05,2.27033,2.29674,2.283535
8.874999999999999e-05,2.26089,2.29899,2.27994
8.876000000000001e-05,2.26621,2.30055,2.28338
8.877e-05,2.27168,2.3077,2.28969
8.878e-05,2.26703,2.31392,2.290475
8.879000000000001e-05,2.26799,2.30838,2.288185
8.88e-05,2.27011,2.31717,2.29364
8.881e-05,2.27549,2.3103,2.292895
8.882e-05,2.26874,2.31517,2.291955
8.882999999999999e-05,2.27117,2.30618,2.288675
8.884e-05,2.27354,2.30602,2.28978
8.885e-05,2.27534,2.3023,2.28882
8.886e-05,2.27309,2.30858,2.290835
8.887000000000001e-05,2.27028,2.31551,2.292895
8.888e-05,2.26453,2.31084,2.287685
8.889e-05,2.27893,2.30718,2.293055
8.89e-05,2.27068,2.31183,2.291255
8.891e-05,2.27493,2.31394,2.294435
8.892e-05,2.27743,2.31625,2.29684
8.893e-05,2.27464,2.30492,2.28978
8.893999999999999e-05,2.27906,2.30674,2.2929
8.895000000000001e-05,2.26726,2.31136,2.28931
8.896e-05,2.26816,2.31391,2.291035
8.897e-05,2.27327,2.30741,2.29034
8.898e-05,2.268,2.31456,2.29128
8.899e-05,2.26597,2.30834,2.287155
8.9e-05,2.26764,2.30606,2.28685
8.901e-05,2.26968,2.30306,2.28637
8.902e-05,2.26899,2.29815,2.28357
8.902999999999999e-05,2.27362,2.30712,2.29037
8.904e-05,2.26416,2.31885,2.291505
8.905e-05,2.27646,2.31045,2.293455
8.906e-05,2.26987,2.30347,2.28667
8.907e-05,2.27253,2.31494,2.293735
8.908e-05,2.26758,2.31237,2.289975
8.909e-05,2.26566,2.31716,2.29141
8.91e-05,2.26765,2.32204,2.294845
8.910999999999999e-05,2.26475,2.3187,2.291725
8.912e-05,2.26796,2.31175,2.289855
8.913e-05,2.26771,2.30898,2.288345
8.914e-05,2.27256,2.30415,2.288355
8.915000000000001e-05,2.277,2.30723,2.292115
8.916000000000001e-05,2.26776,2.31032,2.28904
8.917e-05,2.26744,2.31156,2.2895
8.918000000000001e-05,2.27137,2.3192,2.295285
8.918999999999999e-05,2.26771,2.3236,2.295655
8.92e-05,2.2639,2.31097,2.287435
8.921e-05,2.26739,2.31059,2.28899
8.921999999999999e-05,2.26525,2.31203,2.28864
8.923e-05,2.26918,2.31543,2.292305
8.924e-05,2.26606,2.3106,2.28833
8.925e-05,2.26723,2.30441,2.28582
8.926000000000001e-05,2.25992,2.30453,2.282225
8.927e-05,2.26376,2.31137,2.287565
8.928e-05,2.25972,2.31257,2.286145
8.929000000000001e-05,2.26469,2.30896,2.286825
8.929999999999999e-05,2.26412,2.30632,2.28522
8.931e-05,2.26807,2.31544,2.291755
8.931999999999999e-05,2.26908,2.30669,2.287885
8.932999999999999e-05,2.26901,2.30804,2.288525
8.934000000000001e-05,2.26868,2.31395,2.291315
8.935e-05,2.27021,2.31012,2.290165
8.936e-05,2.26105,2.31467,2.28786
8.937e-05,2.26476,2.32323,2.293995
8.938e-05,2.26351,2.31818,2.290845
8.939e-05,2.26164,2.31501,2.288325
8.94e-05,2.27107,2.31732,2.294195
8.941e-05,2.27148,2.31339,2.292435
8.942e-05,2.26503,2.30545,2.28524
8.943000000000002e-05,2.2642,2.30301,2.283605
8.944e-05,2.25886,2.31013,2.284495
8.945e-05,2.26917,2.31295,2.29106
8.946e-05,2.25904,2.31243,2.285735
8.947e-05,2.26078,2.31017,2.285475
8.948e-05,2.25651,2.30341,2.27996
8.949e-05,2.26355,2.31393,2.28874
8.95e-05,2.26772,2.30406,2.28589
8.951e-05,2.27016,2.31088,2.29052
8.952e-05,2.26872,2.31171,2.290215
8.953e-05,2.2648,2.30828,2.28654
8.954000000000001e-05,2.25683,2.31337,2.2851
8.955e-05,2.26631,2.30714,2.286725
8.956e-05,2.26381,2.30266,2.283235
8.957e-05,2.26729,2.3059,2.286595
8.957999999999999e-05,2.27033,2.29712,2.283725
8.959e-05,2.26157,2.30902,2.285295
8.96e-05,2.26186,2.30449,2.283175
8.960999999999999e-05,2.26134,2.30676,2.28405
8.962e-05,2.25878,2.31076,2.28477
8.963000000000001e-05,2.26681,2.30622,2.286515
8.964e-05,2.27159,2.31047,2.29103
8.965000000000001e-05,2.26198,2.30367,2.282825
8.965999999999999e-05,2.27298,2.31274,2.29286
8.967e-05,2.27784,2.30419,2.291015
8.968000000000001e-05,2.26818,2.30784,2.28801
8.968999999999999e-05,2.26563,2.30145,2.28354
8.97e-05,2.27201,2.30028,2.286145
8.970999999999999e-05,2.27558,2.30693,2.291255
8.971999999999999e-05,2.27304,2.29814,2.28559
8.973000000000001e-05,2.26557,2.30304,2.284305
8.974e-05,2.27178,2.29504,2.28341
8.975e-05,2.26116,2.30038,2.28077
8.976000000000001e-05,2.26362,2.30595,2.284785
8.977e-05,2.26146,2.30871,2.285085
8.978e-05,2.2689,2.30869,2.288795
8.979e-05,2.26815,2.31339,2.29077
8.979999999999999e-05,2.26835,2.30672,2.287535
8.981e-05,2.26753,2.30956,2.288545
8.981999999999999e-05,2.26677,2.31018,2.288475
8.983e-05,2.27579,2.31471,2.29525
8.984000000000001e-05,2.28084,2.3116,2.29622
8.985e-05,2.27157,2.31722,2.294395
8.986e-05,2.27038,2.31825,2.294315
8.987e-05,2.27322,2.31245,2.292835
8.988e-05,2.26777,2.30864,2.288205
8.989e-05,2.27051,2.30341,2.28696
8.99e-05,2.26925,2.31657,2.29291
8.990999999999998e-05,2.2704,2.30964,2.29002
8.992e-05,2.26739,2.30598,2.286685
8.993000000000001e-05,2.26335,2.31131,2.28733
8.994e-05,2.26529,2.31238,2.288835
8.995e-05,2.26516,2.30926,2.28721
8.996e-05,2.26079,2.30174,2.281265
8.997e-05,2.27214,2.31235,2.292245
8.998e-05,2.2668,2.31749,2.292145
8.999e-05,2.27395,2.31334,2.293645
8.999999999999999e-05,2.26688,2.31129,2.289085
9.001e-05,2.264,2.31127,2.287635
9.002000000000001e-05,2.26995,2.30667,2.28831
9.003e-05,2.26639,2.30153,2.28396
9.004000000000001e-05,2.26062,2.30294,2.28178
9.005e-05,2.26528,2.3064,2.28584
9.006e-05,2.26898,2.3023,2.28564
9.007e-05,2.26768,2.30547,2.286575
9.007999999999999e-05,2.26351,2.30085,2.28218
9.009e-05,2.25783,2.30869,2.28326
9.01e-05,2.26553,2.29671,2.28112
9.010999999999999e-05,2.26989,2.30471,2.2873
9.012000000000001e-05,2.26551,2.31107,2.28829
9.013e-05,2.25829,2.3171,2.287695
9.014e-05,2.26196,2.31049,2.286225
9.015000000000001e-05,2.26517,2.31287,2.28902
9.015999999999999e-05,2.27019,2.30056,2.285375
9.017e-05,2.26502,2.30888,2.28695
9.018000000000001e-05,2.27008,2.31353,2.291805
9.018999999999999e-05,2.27009,2.31662,2.293355
9.02e-05,2.26289,2.31331,2.2881
9.020999999999999e-05,2.26307,2.31868,2.290875
9.022e-05,2.26752,2.32032,2.29392
9.023000000000001e-05,2.26078,2.31695,2.288865
9.024e-05,2.25796,2.31762,2.28779
9.025e-05,2.26019,2.31063,2.28541
9.026e-05,2.26266,2.31495,2.288805
9.026999999999999e-05,2.266,2.31683,2.291415
9.028e-05,2.26667,2.31251,2.28959
9.029e-05,2.27148,2.31958,2.29553
9.029999999999999e-05,2.26038,2.32115,2.290765
9.031000000000001e-05,2.26092,2.31524,2.28808
9.032e-05,2.26647,2.31232,2.289395
9.033e-05,2.26618,2.31024,2.28821
9.034e-05,2.26879,2.31408,2.291435
9.035e-05,2.26457,2.30615,2.28536
9.036e-05,2.26782,2.30431,2.286065
9.037e-05,2.26445,2.31223,2.28834
9.038e-05,2.26475,2.31167,2.28821
9.039e-05,2.26939,2.31032,2.289855
9.04e-05,2.26762,2.31778,2.2927
9.041e-05,2.26413,2.30952,2.286825
9.042e-05,2.26459,2.31545,2.29002
9.043000000000001e-05,2.26464,2.3033,2.28397
9.044e-05,2.26418,2.30821,2.286195
9.045e-05,2.26061,2.31235,2.28648
9.046e-05,2.27045,2.30929,2.28987
9.046999999999999e-05,2.26504,2.31013,2.287585
9.048e-05,2.26764,2.30328,2.28546
9.049e-05,2.26822,2.29601,2.282115
9.049999999999999e-05,2.2736,2.30091,2.287255
9.051000000000001e-05,2.26548,2.3023,2.28389
9.052e-05,2.26534,2.30383,2.284585
9.053e-05,2.2638,2.30931,2.286555
9.054000000000001e-05,2.26576,2.30103,2.283395
9.054999999999999e-05,2.27167,2.29976,2.285715
9.056e-05,2.2651,2.29817,2.281635
9.057e-05,2.26817,2.30053,2.28435
9.057999999999999e-05,2.26369,2.3099,2.286795
9.059e-05,2.26026,2.31354,2.2869
9.06e-05,2.26666,2.3117,2.28918
9.061e-05,2.26586,2.31229,2.289075
9.062000000000001e-05,2.27047,2.31636,2.293415
9.063e-05,2.27387,2.30713,2.2905
9.064e-05,2.26623,2.31357,2.2899
9.065000000000001e-05,2.26684,2.31966,2.29325
9.065999999999999e-05,2.26786,2.31289,2.290375
9.067e-05,2.27022,2.31112,2.29067
9.068e-05,2.26808,2.30493,2.286505
9.068999999999999e-05,2.27707,2.30481,2.29094
9.070000000000001e-05,2.2683,2.30005,2.284175
9.071e-05,2.26795,2.29786,2.282905
9.072e-05,2.26914,2.30774,2.28844
9.073000000000001e-05,2.27338,2.30493,2.289155
9.074e-05,2.2726,2.30262,2.28761
9.075e-05,2.26737,2.31642,2.291895
9.076e-05,2.26477,2.30627,2.28552
9.076999999999999e-05,2.27347,2.3114,2.292435
9.078e-05,2.27119,2.30797,2.28958
9.079e-05,2.26907,2.30547,2.28727
9.08e-05,2.26215,2.30603,2.28409
9.081e-05,2.26751,2.31095,2.28923
9.082e-05,2.2681,2.30816,2.28813
9.083e-05,2.26778,2.30708,2.28743
9.084e-05,2.26425,2.30852,2.286385
9.085e-05,2.27477,2.30504,2.289905
9.086e-05,2.27386,2.31251,2.293185
9.087e-05,2.27546,2.31678,2.29612
9.087999999999998e-05,2.26402,2.31613,2.290075
9.088999999999999e-05,2.2692,2.31289,2.291045
9.090000000000001e-05,2.26827,2.30554,2.286905
9.091e-05,2.2672,2.31211,2.289655
9.092e-05,2.26648,2.31523,2.290855
9.093000000000001e-05,2.26782,2.31242,2.29012
9.094e-05,2.26555,2.31469,2.29012
9.095e-05,2.26977,2.31698,2.293375
9.096e-05,2.26641,2.31564,2.291025
9.096999999999999e-05,2.27201,2.30985,2.29093
9.098e-05,2.27,2.31049,2.290245
9.099000000000001e-05,2.26451,2.31396,2.289235
9.1e-05,2.26089,2.31288,2.286885
9.101000000000001e-05,2.26421,2.31007,2.28714
9.101999999999999e-05,2.26786,2.31052,2.28919
9.103e-05,2.26951,2.30778,2.288645
9.104000000000001e-05,2.26245,2.30041,2.28143
9.104999999999999e-05,2.2605,2.30213,2.281315
9.106e-05,2.25896,2.30159,2.280275
9.107e-05,2.26795,2.3071,2.287525
9.107999999999999e-05,2.26726,2.30834,2.2878
9.109000000000001e-05,2.27204,2.30839,2.290215
9.11e-05,2.27224,2.30725,2.289745
9.111e-05,2.2755,2.30846,2.29198
9.112000000000001e-05,2.27256,2.31258,2.29257
9.112999999999999e-05,2.27483,2.30864,2.291735
9.114e-05,2.26204,2.31406,2.28805
9.115e-05,2.27028,2.31631,2.293295
9.115999999999999e-05,2.27091,2.30648,2.288695
9.117e-05,2.2677,2.30377,2.285735
9.118e-05,2.26705,2.31164,2.289345
9.119e-05,2.26669,2.30635,2.28652
9.120000000000001e-05,2.26116,2.30678,2.28397
9.121e-05,2.26759,2.31177,2.28968
9.122e-05,2.26499,2.31407,2.28953
9.123e-05,2.26187,2.306,2.283935
9.124e-05,2.26141,2.30244,2.281925
9.125e-05,2.26277,2.30961,2.28619
9.126e-05,2.27673,2.2998,2.288265
9.126999999999999e-05,2.26881,2.30092,2.284865
9.128e-05,2.26038,2.30651,2.283445
9.129000000000002e-05,2.26407,2.29892,2.281495
9.13e-05,2.25972,2.3037,2.28171
9.131e-05,2.26317,2.30739,2.28528
9.132e-05,2.26462,2.3101,2.28736
9.133e-05,2.26239,2.30683,2.28461
9.134e-05,2.25586,2.3104,2.28313
9.135e-05,2.26754,2.31069,2.289115
9.135999999999999e-05,2.26298,2.3093,2.28614
9.137e-05,2.2606,2.30649,2.283545
9.137999999999998e-05,2.26625,2.32336,2.294805
9.139e-05,2.26585,2.31806,2.291955
9.140000000000001e-05,2.26626,2.31575,2.291005
9.141e-05,2.26731,2.30578,2.286545
9.142e-05,2.26804,2.31477,2.291405
9.143000000000001e-05,2.27405,2.31328,2.293665
9.143999999999999e-05,2.27226,2.31421,2.293235
9.145e-05,2.2642,2.30856,2.28638
9.146e-05,2.26707,2.31446,2.290765
9.146999999999999e-05,2.2657,2.31496,2.29033
9.148000000000001e-05,2.25969,2.32722,2.293455
9.148999999999999e-05,2.26552,2.30856,2.28704
9.15e-05,2.26777,2.30806,2.287915
9.151000000000001e-05,2.27789,2.315,2.296445
9.151999999999999e-05,2.26955,2.30833,2.28894
9.153e-05,2.26789,2.31293,2.29041
9.154000000000001e-05,2.27099,2.30815,2.28957
9.154999999999999e-05,2.27007,2.31897,2.29452
9.156e-05,2.28176,2.30409,2.292925
9.156999999999999e-05,2.26681,2.30802,2.287415
9.158e-05,2.27194,2.30963,2.290785
9.159000000000001e-05,2.26638,2.31421,2.290295
9.16e-05,2.26844,2.31029,2.289365
9.161e-05,2.26609,2.30853,2.28731
9.162000000000001e-05,2.26525,2.30165,2.28345
9.162999999999999e-05,2.27234,2.30664,2.28949
9.164e-05,2.27005,2.31438,2.292215
9.165e-05,2.26883,2.30916,2.288995
9.165999999999999e-05,2.27073,2.29906,2.284895
9.167e-05,2.27459,2.308,2.291295
9.168000000000002e-05,2.27621,2.30962,2.292915
9.169e-05,2.26682,2.31476,2.29079
9.17e-05,2.2707,2.32003,2.295365
9.171e-05,2.26908,2.31488,2.29198
9.172e-05,2.26485,2.30989,2.28737
9.173e-05,2.2638,2.31147,2.287635
9.173999999999999e-05,2.27093,2.31379,2.29236
9.175e-05,2.26849,2.3174,2.292945
9.176e-05,2.2691,2.30685,2.287975
9.177e-05,2.26853,2.30926,2.288895
9.178e-05,2.26323,2.30516,2.284195
9.179000000000001e-05,2.26418,2.30362,2.2839
9.18e-05,2.26895,2.30162,2.285285
9.181e-05,2.26634,2.30874,2.28754
9.182e-05,2.26739,2.30218,2.284785
9.183e-05,2.27176,2.30896,2.29036
9.184e-05,2.26384,2.31638,2.29011
9.185e-05,2.27019,2.31587,2.29303
9.185999999999999e-05,2.26662,2.30985,2.288235
9.187000000000001e-05,2.26949,2.30523,2.28736
9.188e-05,2.27058,2.30203,2.286305
9.189e-05,2.26772,2.30604,2.28688
9.190000000000001e-05,2.27429,2.304,2.289145
9.190999999999999e-05,2.26461,2.30651,2.28556
9.192e-05,2.27376,2.31469,2.294225
9.193000000000001e-05,2.26843,2.31165,2.29004
9.193999999999999e-05,2.26546,2.30022,2.28284
9.195e-05,2.2749,2.30395,2.289425
9.196e-05,2.26643,2.31015,2.28829
9.197e-05,2.26929,2.30654,2.287915
9.198000000000001e-05,2.26554,2.31619,2.290865
9.198999999999999e-05,2.26067,2.31009,2.28538
9.2e-05,2.26125,2.30943,2.28534
9.201000000000001e-05,2.26562,2.3066,2.28611
9.201999999999999e-05,2.27531,2.30935,2.29233
9.203e-05,2.27563,2.30599,2.29081
9.204e-05,2.26954,2.31044,2.28999
9.204999999999999e-05,2.27612,2.3112,2.29366
9.206000000000001e-05,2.26875,2.31087,2.28981
9.207e-05,2.27041,2.30372,2.287065
9.208e-05,2.26808,2.31716,2.29262
9.209000000000001e-05,2.27178,2.31136,2.29157
9.209999999999999e-05,2.2747,2.30629,2.290495
9.211e-05,2.27771,2.30422,2.290965
9.212e-05,2.27454,2.30711,2.290825
9.212999999999999e-05,2.2693,2.31918,2.29424
9.214e-05,2.27474,2.31278,2.29376
9.215e-05,2.27364,2.31467,2.294155
9.216e-05,2.27222,2.31876,2.29549
9.217000000000001e-05,2.27073,2.32064,2.295685
9.218000000000002e-05,2.2734,2.31496,2.29418
9.219e-05,2.27364,2.32223,2.297935
9.22e-05,2.27271,2.31437,2.29354
9.221e-05,2.27707,2.31199,2.29453
9.222e-05,2.27464,2.30791,2.291275
9.223e-05,2.27571,2.32411,2.29991
9.223999999999998e-05,2.26778,2.32375,2.295765
9.224999999999999e-05,2.26721,2.31782,2.292515
9.226000000000001e-05,2.27148,2.31709,2.294285
9.227e-05,2.27428,2.31619,2.295235
9.228e-05,2.27456,2.31499,2.294775
9.229000000000001e-05,2.2726,2.31181,2.292205
9.23e-05,2.27371,2.3071,2.290405
9.231e-05,2.27018,2.32095,2.295565
9.232e-05,2.27065,2.3155,2.293075
9.232999999999999e-05,2.27477,2.31894,2.296855
9.234e-05,2.27503,2.31275,2.29389
9.234999999999998e-05,2.27332,2.31216,2.29274
9.236e-05,2.27535,2.31238,2.293865
9.237000000000001e-05,2.27133,2.31345,2.29239
9.237999999999999e-05,2.27128,2.31275,2.292015
9.239e-05,2.26733,2.31704,2.292185
9.240000000000001e-05,2.26874,2.3055,2.28712
9.240999999999999e-05,2.27248,2.31265,2.292565
9.242e-05,2.2666,2.32175,2.294175
9.243000000000001e-05,2.27031,2.31144,2.290875
9.243999999999999e-05,2.2788,2.30598,2.29239
9.245000000000001e-05,2.27709,2.30617,2.29163
9.246e-05,2.27931,2.3156,2.297455
9.247e-05,2.27674,2.31192,2.29433
9.248000000000001e-05,2.27691,2.31468,2.295795
9.248999999999999e-05,2.27189,2.32563,2.29876
9.25e-05,2.27034,2.30845,2.289395
9.251000000000001e-05,2.26993,2.30543,2.28768
9.251999999999999e-05,2.27191,2.30597,2.28894
9.253e-05,2.28526,2.31942,2.30234
9.254e-05,2.27733,2.31074,2.294035
9.255e-05,2.27537,2.31074,2.293055
9.256000000000001e-05,2.27616,2.31067,2.293415
9.257e-05,2.27333,2.30751,2.29042
9.258e-05,2.27178,2.31518,2.29348
9.259e-05,2.26812,2.31755,2.292835
9.259999999999999e-05,2.27396,2.31593,2.294945
9.261e-05,2.2684,2.30965,2.289025
9.262e-05,2.26253,2.31321,2.28787
9.262999999999999e-05,2.27532,2.31715,2.296235
9.264e-05,2.26911,2.32029,2.2947
9.265000000000002e-05,2.27764,2.32427,2.300955
9.266e-05,2.27064,2.3208,2.29572
9.267e-05,2.26831,2.30823,2.28827
9.268000000000001e-05,2.27317,2.31845,2.29581
9.269e-05,2.26985,2.31204,2.290945
9.27e-05,2.26234,2.3093,2.28582
9.270999999999998e-05,2.272,2.31593,2.293965
9.271999999999999e-05,2.26833,2.31027,2.2893
9.273e-05,2.27376,2.31225,2.293005
9.273999999999998e-05,2.27315,2.31572,2.294435
9.275e-05,2.27507,2.31783,2.29645
9.276000000000001e-05,2.27576,2.316,2.29588
9.277e-05,2.27079,2.30875,2.28977
9.278e-05,2.28197,2.31895,2.30046
9.279000000000001e-05,2.27352,2.30777,2.290645
9.279999999999999e-05,2.26711,2.30277,2.28494
9.281e-05,2.26905,2.3137,2.291375
9.282e-05,2.27168,2.31467,2.293175
9.282999999999999e-05,2.27234,2.31448,2.29341
9.284000000000001e-05,2.27064,2.31351,2.292075
9.285e-05,2.27411,2.31857,2.29634
9.286e-05,2.27374,2.3175,2.29562
9.287000000000001e-05,2.27486,2.31856,2.29671
9.287999999999999e-05,2.26732,2.31935,2.293335
9.289e-05,2.27028,2.32075,2.295515
9.290000000000001e-05,2.2666,2.31006,2.28833
9.290999999999999e-05,2.269,2.31305,2.291025
9.292e-05,2.26927,2.31144,2.290355
9.293e-05,2.26985,2.30848,2.289165
9.294e-05,2.27277,2.31384,2.293305
9.295000000000001e-05,2.26704,2.3093,2.28817
9.295999999999999e-05,2.26777,2.31212,2.289945
9.297e-05,2.26322,2.3154,2.28931
9.298000000000001e-05,2.26493,2.31054,2.287735
9.298999999999999e-05,2.26843,2.30833,2.28838
9.3e-05,2.27038,2.3169,2.29364
9.301e-05,2.26237,2.30257,2.28247
9.301999999999999e-05,2.27055,2.31335,2.29195
9.303e-05,2.26659,2.31408,2.290335
9.304000000000002e-05,2.26717,2.31482,2.290995
9.305e-05,2.27068,2.31871,2.294695
9.306000000000001e-05,2.27076,2.3126,2.29168
9.307e-05,2.27498,2.3125,2.29374
9.308e-05,2.2743,2.30791,2.291105
9.309e-05,2.27428,2.31153,2.292905
9.309999999999999e-05,2.2729,2.31485,2.293875
9.311e-05,2.26949,2.31251,2.291
9.312e-05,2.27257,2.30767,2.29012
9.312999999999998e-05,2.27172,2.31086,2.29129
9.314e-05,2.2704,2.31249,2.291445
9.315000000000001e-05,2.27253,2.31339,2.29296
9.316e-05,2.27226,2.30722,2.28974
9.317e-05,2.26906,2.2966,2.28283
9.318000000000001e-05,2.27325,2.29759,2.28542
9.319e-05,2.27028,2.29959,2.284935
9.32e-05,2.26996,2.30765,2.288805
9.320999999999998e-05,2.27708,2.30965,2.293365
9.321999999999999e-05,2.27325,2.30824,2.290745
9.323000000000001e-05,2.27042,2.30778,2.2891
9.324e-05,2.27277,2.31151,2.29214
9.325e-05,2.27499,2.30748,2.291235
9.326000000000001e-05,2.27405,2.30837,2.29121
9.326999999999999e-05,2.27278,2.31323,2.293005
9.328e-05,2.27323,2.31247,2.29285
9.329000000000001e-05,2.27129,2.31379,2.29254
9.329999999999999e-05,2.27668,2.30675,2.291715
9.331e-05,2.26887,2.31092,2.289895
9.331999999999998e-05,2.27486,2.31358,2.29422
9.333e-05,2.26625,2.30601,2.28613
9.334000000000001e-05,2.27023,2.29592,2.283075
9.334999999999999e-05,2.28317,2.30793,2.29555
9.336e-05,2.2714,2.30704,2.28922
9.337000000000001e-05,2.28097,2.30649,2.29373
9.337999999999999e-05,2.27833,2.3165,2.297415
9.339e-05,2.2736,2.31425,2.293925
9.340000000000001e-05,2.26623,2.3144,2.290315
9.340999999999999e-05,2.27131,2.31065,2.29098
9.342e-05,2.26082,2.30457,2.282695
9.343000000000002e-05,2.27037,2.30996,2.290165
9.344e-05,2.27017,2.30622,2.288195
9.345000000000001e-05,2.26875,2.31442,2.291585
9.345999999999999e-05,2.27308,2.32571,2.299395
9.347e-05,2.27842,2.31451,2.296465
9.348e-05,2.27179,2.30389,2.28784
9.348999999999999e-05,2.27289,2.31948,2.296185
9.35e-05,2.27947,2.30526,2.292365
9.351e-05,2.28105,2.31248,2.296765
9.351999999999999e-05,2.2729,2.30019,2.286545
9.353000000000001e-05,2.27552,2.31355,2.294535
9.354000000000002e-05,2.27668,2.31736,2.29702
9.355e-05,2.27737,2.30606,2.291715
9.356e-05,2.27774,2.30609,2.291915
9.356999999999999e-05,2.27063,2.31043,2.29053
9.358e-05,2.27437,2.3125,2.293435
9.359e-05,2.27896,2.30132,2.29014
9.359999999999998e-05,2.27835,2.31091,2.29463
9.360999999999999e-05,2.27561,2.31269,2.29415
9.362000000000002e-05,2.27269,2.30654,2.289615
9.363e-05,2.27366,2.31131,2.292485
9.364e-05,2.27221,2.31765,2.29493
9.365000000000001e-05,2.27292,2.31303,2.292975
9.366e-05,2.27127,2.3095,2.290385
9.367e-05,2.26448,2.31559,2.290035
9.368000000000001e-05,2.26195,2.31561,2.28878
9.368999999999999e-05,2.27201,2.31996,2.295985
9.37e-05,2.27316,2.31437,2.293765
9.370999999999998e-05,2.26554,2.31187,2.288705
9.372e-05,2.27851,2.31368,2.296095
9.373000000000001e-05,2.27326,2.31651,2.294885
9.374e-05,2.27922,2.29867,2.288945
9.375e-05,2.27568,2.31096,2.29332
9.376000000000001e-05,2.27964,2.30727,2.293455
9.376999999999999e-05,2.27515,2.30933,2.29224
9.378e-05,2.27408,2.30405,2.289065
9.379000000000001e-05,2.27376,2.30077,2.287265
9.379999999999999e-05,2.27753,2.30382,2.290675
9.381e-05,2.27166,2.31313,2.292395
9.381999999999999e-05,2.26811,2.31132,2.289715
9.383e-05,2.27547,2.30405,2.28976
9.384000000000001e-05,2.27405,2.30534,2.289695
9.384999999999999e-05,2.27395,2.31101,2.29248
9.386e-05,2.27626,2.32165,2.298955
9.387000000000001e-05,2.26959,2.3047,2.287145
9.387999999999999e-05,2.26773,2.31761,2.29267
9.389e-05,2.26784,2.31105,2.289445
9.39e-05,2.27249,2.30984,2.291165
9.390999999999999e-05,2.26483,2.31268,2.288755
9.392000000000001e-05,2.26939,2.32044,2.294915
9.393000000000002e-05,2.27194,2.31628,2.29411
9.394e-05,2.27213,2.31827,2.2952
9.395000000000001e-05,2.27053,2.31541,2.29297
9.395999999999999e-05,2.2726,2.30681,2.289705
9.397e-05,2.27114,2.30933,2.290235
9.398e-05,2.26752,2.30046,2.28399
9.398999999999999e-05,2.26528,2.31025,2.287765
9.4e-05,2.26933,2.31123,2.29028
9.401000000000002e-05,2.27375,2.30898,2.291365
9.402e-05,2.26719,2.30797,2.28758
9.403e-05,2.26625,2.31119,2.28872
9.404000000000001e-05,2.26488,2.31713,2.291005
9.405e-05,2.2697,2.31298,2.29134
9.406e-05,2.2706,2.31388,2.29224
9.406999999999999e-05,2.26512,2.30893,2.287025
9.408e-05,2.26859,2.31253,2.29056
9.409e-05,2.26403,2.31153,2.28778
9.409999999999998e-05,2.27135,2.31001,2.29068
9.411e-05,2.26818,2.30606,2.28712
9.412000000000001e-05,2.26513,2.30568,2.285405
9.413e-05,2.27067,2.30504,2.287855
9.414e-05,2.26282,2.30624,2.28453
9.415000000000001e-05,2.27138,2.30779,2.289585
9.415999999999999e-05,2.27581,2.30419,2.29
9.417e-05,2.26347,2.29886,2.281165
9.418000000000001e-05,2.27246,2.3039,2.28818
9.418999999999999e-05,2.26606,2.30365,2.284855
9.42e-05,2.26871,2.30536,2.287035
9.421e-05,2.27296,2.3016,2.28728
9.422e-05,2.26725,2.29986,2.283555
9.423000000000001e-05,2.2709,2.30485,2.287875
9.423999999999999e-05,2.27461,2.30276,2.288685
9.425e-05,2.27636,2.31266,2.29451
9.426000000000001e-05,2.26844,2.31119,2.289815
9.426999999999999e-05,2.26754,2.30828,2.28791
9.428e-05,2.26865,2.30522,2.286935
9.429000000000001e-05,2.27748,2.31323,2.295355
9.429999999999999e-05,2.27057,2.30155,2.28606
9.431000000000001e-05,2.26729,2.30137,2.28433
9.431999999999999e-05,2.26215,2.30585,2.284
9.433e-05,2.27269,2.30798,2.290335
9.434000000000001e-05,2.27227,2.30965,2.29096
9.434999999999999e-05,2.27393,2.30805,2.29099
9.436e-05,2.27534,2.30202,2.28868
9.437e-05,2.27128,2.30055,2.285915
9.437999999999999e-05,2.27108,2.31753,2.294305
9.439e-05,2.26427,2.30472,2.284495
9.440000000000002e-05,2.2688,2.31129,2.290045
9.441e-05,2.27144,2.31247,2.291955
9.442000000000001e-05,2.27469,2.31495,2.29482
9.443e-05,2.2696,2.30681,2.288205
9.444e-05,2.27835,2.31557,2.29696
9.445e-05,2.27223,2.31452,2.293375
9.445999999999999e-05,2.2693,2.32174,2.29552
9.447e-05,2.27438,2.3133,2.29384
9.448e-05,2.27199,2.31479,2.29339
9.448999999999998e-05,2.27716,2.30588,2.29152
9.45e-05,2.27095,2.30847,2.28971
9.451000000000002e-05,2.27145,2.30792,2.289685
9.452e-05,2.27108,2.31112,2.2911
9.453e-05,2.27592,2.31064,2.29328
9.454000000000001e-05,2.27317,2.3037,2.288435
9.455e-05,2.27304,2.31846,2.29575
9.456e-05,2.27442,2.30561,2.290015
9.456999999999998e-05,2.27376,2.31611,2.294935
9.457999999999999e-05,2.27422,2.31076,2.29249
9.459e-05,2.27028,2.30972,2.29
9.46e-05,2.27255,2.30645,2.2895
9.461e-05,2.27337,2.31173,2.29255
9.462000000000001e-05,2.27763,2.30431,2.29097
9.463e-05,2.26476,2.32123,2.292995
9.464e-05,2.27062,2.31776,2.29419
9.465000000000001e-05,2.27078,2.3204,2.29559
9.465999999999999e-05,2.27676,2.31375,2.295255
9.467e-05,2.26861,2.31628,2.292445
9.468e-05,2.27166,2.31085,2.291255
9.469e-05,2.2719,2.31828,2.29509
9.470000000000001e-05,2.27151,2.31528,2.293395
9.470999999999999e-05,2.2708,2.30985,2.290325
9.472e-05,2.27298,2.30604,2.28951
9.473000000000001e-05,2.27409,2.31011,2.2921
9.473999999999999e-05,2.26773,2.32496,2.296345
9.475e-05,2.26783,2.31452,2.291175
9.476000000000001e-05,2.27144,2.31531,2.293375
9.476999999999999e-05,2.27081,2.31195,2.29138
9.478e-05,2.27188,2.31328,2.29258
9.479000000000002e-05,2.2751,2.3123,2.2937
9.48e-05,2.27366,2.31687,2.295265
9.481000000000001e-05,2.2683,2.31275,2.290525
9.481999999999999e-05,2.27051,2.31548,2.292995
9.483e-05,2.27362,2.30923,2.291425
9.484e-05,2.27058,2.30707,2.288825
9.484999999999999e-05,2.2719,2.30943,2.290665
9.486e-05,2.27423,2.30898,2.291605
9.487e-05,2.2729,2.31595,2.294425
9.487999999999999e-05,2.27206,2.30328,2.28767
9.489000000000001e-05,2.27774,2.31057,2.294155
9.490000000000002e-05,2.27861,2.31362,2.296115
9.491e-05,2.27855,2.31836,2.298455
9.492e-05,2.28471,2.31038,2.297545
9.493e-05,2.27586,2.30712,2.29149
9.494e-05,2.27036,2.30964,2.29
9.495e-05,2.27624,2.30317,2.289705
9.495999999999999e-05,2.27409,2.31233,2.29321
9.497e-05,2.27905,2.30863,2.29384
9.498000000000002e-05,2.27791,2.30569,2.2918
9.499e-05,2.28335,2.30282,2.293085
9.5e-05,2.26569,2.31322,2.289455
9.501000000000001e-05,2.28366,2.30262,2.29314
9.502e-05,2.27829,2.3067,2.292495
9.503e-05,2.27649,2.30592,2.291205
9.504e-05,2.28326,2.30345,2.293355
9.504999999999999e-05,2.29231,2.31254,2.302425
9.506e-05,2.2833,2.30542,2.29436
9.506999999999998e-05,2.28636,2.31441,2.300385
9.508e-05,2.27782,2.3076,2.29271
9.509000000000001e-05,2.27912,2.30598,2.29255
9.51e-05,2.27481,2.30481,2.28981
9.511e-05,2.27942,2.30723,2.293325
9.512000000000001e-05,2.27999,2.30575,2.29287
9.512999999999999e-05,2.2751,2.29915,2.287125
9.514e-05,2.26855,2.31077,2.28966
9.515000000000001e-05,2.27106,2.30642,2.28874
9.515999999999999e-05,2.26822,2.30085,2.284535
9.517e-05,2.27005,2.30568,2.287865
9.518000000000001e-05,2.27301,2.30624,2.289625
9.519e-05,2.26869,2.28941,2.27905
9.520000000000001e-05,2.27198,2.30711,2.289545
9.520999999999999e-05,2.26372,2.30756,2.28564
9.522e-05,2.27306,2.31516,2.29411
9.523000000000001e-05,2.26794,2.30991,2.288925
9.523999999999999e-05,2.27249,2.32595,2.29922
9.525e-05,2.26825,2.31631,2.29228
9.526e-05,2.27206,2.30567,2.288865
9.526999999999999e-05,2.2741,2.31011,2.292105
9.528000000000001e-05,2.28243,2.31104,2.296735
9.529e-05,2.2725,2.31128,2.29189
9.53e-05,2.27657,2.32507,2.30082
9.531000000000001e-05,2.27391,2.30648,2.290195
9.531999999999999e-05,2.27134,2.31465,2.292995
9.533e-05,2.28336,2.30863,2.295995
9.534e-05,2.27928,2.3124,2.29584
9.534999999999999e-05,2.27944,2.30911,2.294275
9.536e-05,2.28503,2.30991,2.29747
9.537000000000002e-05,2.28039,2.31739,2.29889
9.538e-05,2.27715,2.31829,2.29772
9.539e-05,2.27375,2.31755,2.29565
9.540000000000001e-05,2.27254,2.31613,2.294335
9.541e-05,2.27277,2.31331,2.29304
9.542e-05,2.27145,2.31285,2.29215
9.543e-05,2.27222,2.31175,2.291985
9.544e-05,2.27405,2.30824,2.291145
9.545e-05,2.27036,2.31097,2.290665
9.545999999999998e-05,2.27298,2.3069,2.28994
9.547e-05,2.26696,2.30499,2.285975
9.548000000000001e-05,2.26249,2.3119,2.287195
9.549e-05,2.26652,2.31106,2.28879
9.55e-05,2.27402,2.3102,2.29211
9.551000000000001e-05,2.26713,2.31224,2.289685
9.552e-05,2.27213,2.32059,2.29636
9.553e-05,2.26954,2.30698,2.28826
9.554e-05,2.26747,2.30592,2.286695
9.554999999999999e-05,2.27458,2.31063,2.292605
9.556e-05,2.27078,2.30547,2.288125
9.557e-05,2.27331,2.30202,2.287665
9.558e-05,2.27267,2.30991,2.29129
9.559000000000001e-05,2.26899,2.31469,2.29184
9.559999999999999e-05,2.26906,2.30945,2.289255
9.561e-05,2.27444,2.31139,2.292915
9.562000000000001e-05,2.26435,2.3112,2.287775
9.562999999999999e-05,2.26059,2.30196,2.281275
9.564e-05,2.26371,2.30153,2.28262
9.565e-05,2.26401,2.30119,2.2826
9.565999999999999e-05,2.2625,2.30226,2.28238
9.567000000000001e-05,2.2676,2.31255,2.290075
9.568e-05,2.26672,2.30675,2.286735
9.569e-05,2.27171,2.29966,2.285685
9.570000000000001e-05,2.25857,2.30661,2.28259
9.570999999999999e-05,2.26628,2.30041,2.283345
9.572e-05,2.26773,2.31011,2.28892
9.573e-05,2.2679,2.30398,2.28594
9.573999999999999e-05,2.26546,2.30583,2.285645
9.575e-05,2.2735,2.30311,2.288305
9.576000000000002e-05,2.26685,2.30219,2.28452
9.577e-05,2.27645,2.29934,2.287895
9.578000000000001e-05,2.27486,2.30354,2.2892
9.579e-05,2.27721,2.29585,2.28653
9.58e-05,2.27991,2.30689,2.2934
9.581e-05,2.27662,2.30863,2.292625
9.581999999999999e-05,2.27107,2.29844,2.284755
9.583e-05,2.2762,2.30167,2.288935
9.584e-05,2.26508,2.3024,2.28374
9.584999999999999e-05,2.26832,2.30171,2.285015
9.586000000000001e-05,2.27207,2.3038,2.287935
9.587000000000002e-05,2.26637,2.31334,2.289855
9.588e-05,2.269,2.30789,2.288445
9.589e-05,2.26951,2.30992,2.289715
9.59e-05,2.2719,2.31084,2.29137
9.591e-05,2.27051,2.31042,2.290465
9.592e-05,2.27424,2.3112,2.29272
9.593e-05,2.28091,2.30708,2.293995
9.593999999999999e-05,2.26862,2.31133,2.289975
9.595e-05,2.27239,2.30326,2.287825
9.596e-05,2.27009,2.31084,2.290465
9.597e-05,2.28182,2.31076,2.29629
9.598000000000001e-05,2.27678,2.30851,2.292645
9.599e-05,2.27524,2.3085,2.29187
9.6e-05,2.27362,2.31047,2.292045
9.601000000000001e-05,2.26692,2.30475,2.285835
9.601999999999999e-05,2.27474,2.30804,2.29139
9.603e-05,2.27811,2.305,2.291555
9.604e-05,2.27512,2.30764,2.29138
9.604999999999999e-05,2.26798,2.30731,2.287645
9.606000000000001e-05,2.27316,2.31125,2.292205
9.607e-05,2.27709,2.30611,2.2916
9.608e-05,2.26991,2.30746,2.288685
9.609000000000001e-05,2.27019,2.30799,2.28909
9.609999999999999e-05,2.27588,2.31185,2.293865
9.611e-05,2.27118,2.3166,2.29389
9.612000000000001e-05,2.27399,2.31089,2.29244
9.612999999999999e-05,2.27177,2.31162,2.291695
9.614e-05,2.26464,2.30571,2.285175
9.615e-05,2.26579,2.30829,2.28704
9.616e-05,2.27289,2.30704,2.289965
9.617000000000001e-05,2.26889,2.31096,2.289925
9.618e-05,2.27756,2.30577,2.291665
9.619e-05,2.27018,2.3138,2.29199
9.620000000000001e-05,2.2663,2.31731,2.291805
9.620999999999999e-05,2.26612,2.30791,2.287015
9.622e-05,2.26399,2.30222,2.283105
9.623e-05,2.27079,2.31367,2.29223
9.623999999999999e-05,2.26976,2.29792,2.28384
9.625000000000001e-05,2.26556,2.30571,2.285635
9.626e-05,2.26977,2.30891,2.28934
9.627e-05,2.26851,2.31293,2.29072
9.628e-05,2.27009,2.30876,2.289425
9.629e-05,2.27761,2.30631,2.29196
9.63e-05,2.27376,2.30905,2.291405
9.631e-05,2.26991,2.29981,2.28486
9.631999999999999e-05,2.26721,2.31779,2.2925
9.633e-05,2.27083,2.30797,2.2894
9.634e-05,2.27702,2.31291,2.294965
9.635e-05,2.27336,2.31517,2.294265
9.636e-05,2.27274,2.3138,2.29327
9.637000000000001e-05,2.27327,2.31612,2.294695
9.638e-05,2.2823,2.30266,2.29248
9.639e-05,2.27212,2.30591,2.289015
9.64e-05,2.2771,2.30814,2.29262
9.641e-05,2.27046,2.30491,2.287685
9.642e-05,2.26671,2.31023,2.28847
9.643e-05,2.27148,2.31917,2.295325
9.643999999999999e-05,2.26805,2.31292,2.290485
9.645000000000001e-05,2.27382,2.32053,2.297175
9.646e-05,2.27884,2.3091,2.29397
9.647e-05,2.27442,2.31002,2.29222
9.648000000000001e-05,2.27173,2.30299,2.28736
9.648999999999999e-05,2.27385,2.30134,2.287595
9.65e-05,2.27241,2.30465,2.28853
9.651e-05,2.26998,2.31314,2.29156
9.651999999999999e-05,2.2707,2.30616,2.28843
9.653e-05,2.27676,2.30428,2.29052
9.654000000000001e-05,2.2776,2.31074,2.29417
9.655e-05,2.2719,2.3026,2.28725
9.656000000000001e-05,2.27392,2.3037,2.28881
9.656999999999999e-05,2.26609,2.29762,2.281855
9.658e-05,2.27099,2.29694,2.283965
9.659000000000001e-05,2.2757,2.30456,2.29013
9.659999999999999e-05,2.26632,2.30433,2.285325
9.661e-05,2.27233,2.30411,2.28822
9.662e-05,2.27184,2.30634,2.28909
9.662999999999999e-05,2.27198,2.31522,2.2936
9.664000000000001e-05,2.27109,2.30465,2.28787
9.665e-05,2.27889,2.31167,2.29528
9.666e-05,2.26831,2.30816,2.288235
9.667000000000001e-05,2.27558,2.31077,2.293175
9.668e-05,2.27571,2.30264,2.289175
9.669e-05,2.27466,2.30509,2.289875
9.67e-05,2.2759,2.30807,2.291985
9.670999999999999e-05,2.28099,2.31093,2.29596
9.672e-05,2.27247,2.29749,2.28498
9.673e-05,2.27534,2.30572,2.29053
9.674e-05,2.28113,2.31261,2.29687
9.675000000000001e-05,2.28065,2.31008,2.295365
9.676e-05,2.27393,2.30469,2.28931
9.677e-05,2.26638,2.30701,2.286695
9.678e-05,2.27524,2.30984,2.29254
9.679e-05,2.28092,2.31191,2.296415
9.68e-05,2.27598,2.30712,2.29155
9.681e-05,2.28193,2.30685,2.29439
9.681999999999998e-05,2.27075,2.30855,2.28965
9.682999999999999e-05,2.26979,2.31349,2.29164
9.684000000000001e-05,2.27343,2.30387,2.28865
9.685e-05,2.27028,2.30354,2.28691
9.686e-05,2.2712,2.30785,2.289525
9.687e-05,2.27468,2.3029,2.28879
9.688e-05,2.27628,2.31833,2.297305
9.689e-05,2.27485,2.31394,2.294395
9.69e-05,2.27616,2.31756,2.29686
9.690999999999999e-05,2.27023,2.31275,2.29149
9.692e-05,2.28,2.30835,2.294175
9.693000000000001e-05,2.27812,2.3102,2.29416
9.694e-05,2.27407,2.31512,2.294595
9.695000000000001e-05,2.27653,2.303,2.289765
9.696e-05,2.27569,2.30168,2.288685
9.697e-05,2.27758,2.30828,2.29293
9.698000000000001e-05,2.27517,2.307,2.291085
9.698999999999999e-05,2.27251,2.30301,2.28776
9.7e-05,2.27963,2.30916,2.294395
9.701e-05,2.27601,2.31091,2.29346
9.701999999999999e-05,2.27011,2.29911,2.28461
9.703000000000001e-05,2.27343,2.31375,2.29359
9.704e-05,2.268,2.30141,2.284705
9.705e-05,2.26966,2.30678,2.28822
9.706000000000001e-05,2.26955,2.30794,2.288745
9.706999999999999e-05,2.26641,2.30753,2.28697
9.708e-05,2.27185,2.30765,2.28975
9.709000000000001e-05,2.26934,2.30753,2.288435
9.709999999999999e-05,2.27249,2.30888,2.290685
9.711e-05,2.26966,2.31532,2.29249
9.711999999999999e-05,2.27317,2.29997,2.28657
9.713e-05,2.26888,2.30949,2.289185
9.714000000000001e-05,2.27311,2.31097,2.29204
9.715e-05,2.27151,2.30809,2.2898
9.716e-05,2.26935,2.30958,2.289465
9.717e-05,2.27398,2.30366,2.28882
9.718e-05,2.27101,2.30233,2.28667
9.719e-05,2.27253,2.29442,2.283475
9.72e-05,2.27489,2.29829,2.28659
9.720999999999999e-05,2.27754,2.30596,2.29175
9.722e-05,2.26974,2.30762,2.28868
9.723000000000002e-05,2.27778,2.31105,2.294415
9.724e-05,2.27599,2.3109,2.293445
9.725e-05,2.26524,2.30008,2.28266
9.726e-05,2.27232,2.30206,2.28719
9.727e-05,2.27094,2.31,2.29047
9.728e-05,2.27064,2.29914,2.28489
9.729e-05,2.27187,2.2961,2.283985
9.73e-05,2.26857,2.30659,2.28758
9.731e-05,2.27292,2.31116,2.29204
9.732e-05,2.26627,2.30579,2.28603
9.733e-05,2.27545,2.31286,2.294155
9.734000000000001e-05,2.27397,2.31021,2.29209
9.735e-05,2.27044,2.31029,2.290365
9.736e-05,2.27172,2.3148,2.29326
9.737e-05,2.26749,2.30111,2.2843
9.737999999999999e-05,2.26856,2.30823,2.288395
9.739e-05,2.27093,2.30839,2.28966
9.74e-05,2.2698,2.31154,2.29067
9.740999999999999e-05,2.27095,2.30687,2.28891
9.742000000000001e-05,2.27826,2.31082,2.29454
9.743000000000001e-05,2.28395,2.31484,2.299395
9.744e-05,2.27477,2.31706,2.295915
9.745000000000001e-05,2.26869,2.31182,2.290255
9.745999999999999e-05,2.27194,2.31864,2.29529
9.747e-05,2.27709,2.31253,2.29481
9.748e-05,2.27629,2.31362,2.294955
9.748999999999999e-05,2.27206,2.31427,2.293165
9.75e-05,2.27322,2.3208,2.29701
9.750999999999999e-05,2.27297,2.31088,2.291925
9.752e-05,2.27382,2.32002,2.29692
9.753000000000001e-05,2.26994,2.32372,2.29683
9.754e-05,2.27313,2.30566,2.289395
9.755e-05,2.27211,2.32394,2.298025
9.756000000000001e-05,2.27446,2.31721,2.295835
9.756999999999999e-05,2.26588,2.32657,2.296225
9.758e-05,2.27161,2.31599,2.2938
9.759e-05,2.27208,2.32288,2.29748
9.759999999999999e-05,2.26947,2.31684,2.293155
9.761000000000001e-05,2.26992,2.31767,2.293795
9.762e-05,2.26996,2.31935,2.294655
9.763e-05,2.26123,2.31207,2.28665
9.764000000000001e-05,2.27624,2.31328,2.29476
9.765e-05,2.27359,2.31415,2.29387
9.766e-05,2.27121,2.30123,2.28622
9.767e-05,2.26908,2.30943,2.289255
9.768e-05,2.26811,2.31673,2.29242
9.769e-05,2.27305,2.30985,2.29145
9.77e-05,2.26674,2.31091,2.288825
9.771e-05,2.26429,2.31771,2.291
9.772e-05,2.27305,2.30728,2.290165
9.773e-05,2.27171,2.31546,2.293585
9.774e-05,2.26439,2.30566,2.285025
9.775e-05,2.26619,2.30799,2.28709
9.776e-05,2.27459,2.30727,2.29093
9.777e-05,2.27513,2.31609,2.29561
9.778e-05,2.26849,2.30407,2.28628
9.779e-05,2.26676,2.30866,2.28771
9.779999999999999e-05,2.26863,2.30776,2.288195
9.781000000000001e-05,2.26722,2.31079,2.289005
9.782e-05,2.27746,2.31436,2.29591
9.783e-05,2.27001,2.31356,2.291785
9.784000000000001e-05,2.27529,2.31282,2.294055
9.784999999999999e-05,2.27954,2.30974,2.29464
9.786e-05,2.27539,2.30696,2.291175
9.787e-05,2.27422,2.30928,2.29175
9.787999999999999e-05,2.26689,2.30989,2.28839
9.789e-05,2.27783,2.306,2.291915
9.79e-05,2.26452,2.3156,2.29006
9.791e-05,2.27528,2.30704,2.29116
9.792000000000001e-05,2.27733,2.30011,2.28872
9.793e-05,2.26978,2.30494,2.28736
9.794e-05,2.27364,2.30515,2.289395
9.795000000000001e-05,2.26945,2.30433,2.28689
9.795999999999999e-05,2.27183,2.315,2.293415
9.797e-05,2.26959,2.30816,2.288875
9.798e-05,2.27006,2.30578,2.28792
9.798999999999999e-05,2.26895,2.3035,2.286225
9.800000000000001e-05,2.27162,2.30808,2.28985
9.801e-05,2.26919,2.30783,2.28851
9.802e-05,2.27418,2.30468,2.28943
9.803000000000001e-05,2.27834,2.30677,2.292555
9.804e-05,2.26737,2.29321,2.28029
9.805e-05,2.27005,2.29806,2.284055
9.806e-05,2.27458,2.30042,2.2875
9.806999999999999e-05,2.27571,2.30955,2.29263
9.808e-05,2.27173,2.30736,2.289545
9.808999999999999e-05,2.26964,2.31372,2.29168
9.81e-05,2.26957,2.3079,2.288735
9.811000000000001e-05,2.26298,2.31093,2.286955
9.812e-05,2.26472,2.30483,2.284775
9.813e-05,2.27265,2.30376,2.288205
9.814e-05,2.27119,2.30836,2.289775
9.815e-05,2.26848,2.30649,2.287485
9.816e-05,2.26936,2.29907,2.284215
9.817e-05,2.2706,2.30878,2.28969
9.818e-05,2.26936,2.30357,2.286465
9.819e-05,2.26839,2.3076,2.287995
9.820000000000002e-05,2.27311,2.30388,2.288495
9.821e-05,2.26666,2.30511,2.285885
9.822e-05,2.26322,2.29648,2.27985
9.823e-05,2.27244,2.30732,2.28988
9.824e-05,2.26333,2.30835,2.28584
9.825e-05,2.26628,2.30687,2.286575
9.826e-05,2.26856,2.30526,2.28691
9.826999999999999e-05,2.27091,2.3008,2.285855
9.828e-05,2.26843,2.30518,2.286805
9.829e-05,2.27482,2.3093,2.29206
9.83e-05,2.26816,2.3037,2.28593
9.831000000000001e-05,2.27229,2.30551,2.2889
9.832e-05,2.26941,2.30721,2.28831
9.833e-05,2.27195,2.31068,2.291315
9.834e-05,2.2728,2.30464,2.28872
9.834999999999999e-05,2.27363,2.30772,2.290675
9.836e-05,2.27938,2.29944,2.28941
9.837e-05,2.27397,2.31923,2.2966
9.837999999999999e-05,2.27215,2.30168,2.286915
9.839000000000001e-05,2.27678,2.30017,2.288475
9.84e-05,2.27485,2.30233,2.28859
9.841e-05,2.27167,2.29809,2.28488
9.842000000000001e-05,2.27625,2.31355,2.2949
9.843e-05,2.27245,2.30102,2.286735
9.844e-05,2.2704,2.30699,2.288695
9.845000000000001e-05,2.27087,2.30126,2.286065
9.845999999999999e-05,2.2664,2.28648,2.27644
9.847e-05,2.27183,2.30132,2.286575
9.847999999999999e-05,2.27768,2.29788,2.28778
9.849e-05,2.27669,2.29331,2.285
9.850000000000001e-05,2.27473,2.31045,2.29259
9.851e-05,2.27263,2.30821,2.29042
9.852e-05,2.27148,2.30592,2.2887
9.853000000000001e-05,2.26952,2.30873,2.289125
9.854e-05,2.26682,2.30409,2.285455
9.855e-05,2.26441,2.31726,2.290835
9.856e-05,2.2711,2.30902,2.29006
9.856999999999999e-05,2.27089,2.30292,2.286905
9.858e-05,2.27078,2.31063,2.290705
9.859e-05,2.26964,2.30502,2.28733
9.86e-05,2.26737,2.30461,2.28599
9.861e-05,2.27189,2.30406,2.287975
9.862e-05,2.26818,2.30868,2.28843
9.863e-05,2.27549,2.30902,2.292255
9.864e-05,2.27508,2.30748,2.29128
9.865e-05,2.27441,2.30268,2.288545
9.866e-05,2.27161,2.30499,2.2883
9.867e-05,2.2726,2.30675,2.289675
9.868e-05,2.27171,2.30028,2.285995
9.869e-05,2.27595,2.30766,2.291805
9.87e-05,2.26982,2.30728,2.28855
9.871e-05,2.26966,2.29536,2.28251
9.872e-05,2.27255,2.29868,2.285615
9.873e-05,2.27368,2.29807,2.285875
9.873999999999999e-05,2.27499,2.31206,2.293525
9.875e-05,2.27613,2.30752,2.291825
9.876e-05,2.27228,2.30643,2.289355
9.876999999999999e-05,2.27231,2.30905,2.29068
9.878000000000001e-05,2.26673,2.31647,2.2916
9.879000000000001e-05,2.27483,2.30636,2.290595
9.88e-05,2.26754,2.30595,2.286745
9.881000000000001e-05,2.26781,2.3089,2.288355
9.881999999999999e-05,2.27067,2.30135,2.28601
9.883e-05,2.26859,2.3063,2.287445
9.884e-05,2.26978,2.30952,2.28965
9.884999999999999e-05,2.27207,2.31916,2.295615
9.886e-05,2.27116,2.31608,2.29362
9.887e-05,2.27483,2.31429,2.29456
9.888e-05,2.27223,2.30752,2.289875
9.889000000000001e-05,2.27646,2.31041,2.293435
9.89e-05,2.27052,2.29829,2.284405
9.891e-05,2.26683,2.3013,2.284065
9.892000000000001e-05,2.26816,2.31304,2.2906
9.893e-05,2.26682,2.30013,2.283475
9.894e-05,2.26565,2.31003,2.28784
9.894999999999999e-05,2.26531,2.30868,2.286995
9.895999999999999e-05,2.26621,2.30713,2.28667
9.897e-05,2.27757,2.30076,2.289165
9.898e-05,2.27388,2.31152,2.2927
9.899e-05,2.26786,2.31004,2.28895
9.900000000000001e-05,2.26669,2.30688,2.286785
9.901e-05,2.26943,2.31645,2.29294
9.902e-05,2.26734,2.30509,2.286215
9.903e-05,2.26207,2.30877,2.28542
9.904e-05,2.276,2.30774,2.29187
9.905e-05,2.27019,2.31389,2.29204
9.906e-05,2.27237,2.30293,2.28765
9.906999999999998e-05,2.27441,2.30498,2.289695
9.908000000000001e-05,2.27384,2.31052,2.29218
9.909e-05,2.27635,2.30653,2.29144
9.91e-05,2.2754,2.30752,2.29146
9.911e-05,2.27108,2.3114,2.29124
9.912e-05,2.26345,2.30478,2.284115
9.913e-05,2.27056,2.31353,2.292045
9.914e-05,2.26546,2.29943,2.282445
9.915e-05,2.26876,2.31065,2.289705
9.915999999999999e-05,2.27049,2.30907,2.28978
9.917000000000001e-05,2.27262,2.31113,2.291875
9.918000000000001e-05,2.27032,2.30538,2.28785
9.919e-05,2.27391,2.30664,2.290275
9.92e-05,2.26498,2.31221,2.288595
9.921e-05,2.26414,2.31653,2.290335
9.922e-05,2.26924,2.3229,2.29607
9.923e-05,2.2647,2.30963,2.287165
9.923999999999999e-05,2.26719,2.31062,2.288905
9.925e-05,2.26623,2.31464,2.290435
9.926e-05,2.26533,2.31754,2.291435
9.927e-05,2.272,2.31249,2.292245
9.928000000000001e-05,2.27412,2.31004,2.29208
9.929e-05,2.26891,2.31741,2.29316
9.93e-05,2.26614,2.31595,2.291045
9.931e-05,2.26788,2.31153,2.289705
9.931999999999999e-05,2.27732,2.31354,2.29543
9.933e-05,2.27719,2.31147,2.29433
9.934e-05,2.26829,2.31055,2.28942
9.934999999999999e-05,2.27313,2.3118,2.292465
9.936e-05,2.26917,2.31341,2.29129
9.937e-05,2.2652,2.3138,2.2895
9.938e-05,2.26054,2.31204,2.28629
9.939000000000001e-05,2.26861,2.31174,2.290175
9.94e-05,2.26476,2.30667,2.285715
9.941e-05,2.26615,2.31497,2.29056
9.942000000000001e-05,2.26847,2.32004,2.294255
9.943e-05,2.26671,2.30676,2.286735
9.944e-05,2.27371,2.30028,2.286995
9.944999999999999e-05,2.26004,2.30127,2.280655
9.945999999999999e-05,2.26973,2.30302,2.286375
9.947000000000001e-05,2.26354,2.29859,2.281065
9.948e-05,2.26571,2.3137,2.289705
9.949e-05,2.26495,2.30089,2.28292
9.95e-05,2.26144,2.31064,2.28604
9.951e-05,2.26288,2.30591,2.284395
9.952e-05,2.26375,2.31115,2.28745
9.953e-05,2.26758,2.31846,2.29302
9.954e-05,2.26598,2.31985,2.292915
9.955e-05,2.26593,2.31263,2.28928
9.956e-05,2.27246,2.31759,2.295025
9.957e-05,2.26977,2.31861,2.29419
9.958e-05,2.27031,2.31967,2.29499
9.959e-05,2.26832,2.3134,2.29086
9.96e-05,2.26902,2.30823,2.288625
9.961e-05,2.27222,2.32238,2.2973
9.962e-05,2.26625,2.31371,2.28998
9.962999999999999e-05,2.26152,2.31579,2.288655
9.964e-05,2.2614,2.29824,2.27982
9.965e-05,2.2689,2.31133,2.290115
9.966e-05,2.27121,2.30522,2.288215
9.967000000000001e-05,2.26942,2.30442,2.28692
9.968000000000001e-05,2.27392,2.31267,2.293295
9.969e-05,2.27008,2.31082,2.29045
9.97e-05,2.27338,2.30219,2.287785
9.970999999999999e-05,2.27112,2.30147,2.286295
9.972e-05,2.27539,2.30433,2.28986
9.973e-05,2.26758,2.30933,2.288455
9.973999999999999e-05,2.26965,2.30512,2.287385
9.975e-05,2.27141,2.31017,2.29079
9.976000000000001e-05,2.26924,2.31438,2.29181
9.977e-05,2.26323,2.30809,2.28566
9.978000000000001e-05,2.26302,2.30082,2.28192
9.979e-05,2.2654,2.31911,2.292255
9.98e-05,2.26927,2.31059,2.28993
9.981e-05,2.26245,2.30967,2.28606
9.981999999999999e-05,2.27078,2.30833,2.289555
9.983e-05,2.2741,2.3077,2.2909
9.983999999999999e-05,2.27249,2.3096,2.291045
9.984999999999999e-05,2.27426,2.31876,2.29651
9.986000000000001e-05,2.27637,2.31412,2.295245
9.987e-05,2.26589,2.30885,2.28737
9.988e-05,2.2717,2.31615,2.293925
9.989000000000001e-05,2.27123,2.32118,2.296205
9.99e-05,2.27042,2.31551,2.292965
9.991e-05,2.26962,2.32101,2.295315
9.991999999999999e-05,2.27111,2.31562,2.293365
9.993e-05,2.26895,2.30936,2.289155
9.994e-05,2.26948,2.31101,2.290245
9.995e-05,2.27221,2.30979,2.291
9.996e-05,2.27512,2.30977,2.292445
9.997e-05,2.26424,2.31221,2.288225
9.998e-05,2.26192,2.31413,2.288025
9.999e-05,2.26627,2.31015,2.28821
0.0001,2.2699,2.3134,2.29165
