Time/Residue,AFR2_R1.xvg,AFR2_R2.xvg,Average
0,210.015,208.363,209.189
0.01,219.37,219.347,219.3585
0.02,217.99,219.13,218.56
0.03,220.445,215.747,218.096
0.04,218.812,220.039,219.4255
0.05,222.134,220.52,221.327
0.06,222.053,221.143,221.598
0.07,222.858,221.003,221.9305
0.08,219.981,222.233,221.107
0.09,221.343,220.359,220.851
0.1,221.203,223.192,222.1975
0.11,221.571,225.077,223.324
0.12,224.164,225.636,224.9
0.13,221.193,226.698,223.9455
0.14,224.362,228.551,226.4565
0.15,224.19,224.878,224.534
0.16,224.615,229.032,226.8235
0.17,222.311,225.708,224.0095
0.18,220.976,223.475,222.2255
0.19,226.454,223.095,224.7745
0.2,222.027,225.205,223.616
0.21,223.07,225.743,224.4065
0.22,225.389,224.184,224.7865
0.23,225.796,222.115,223.9555
0.24,225.117,227.443,226.28
0.25,220.828,225.866,223.347
0.26,223.749,225.116,224.4325
0.27,222.603,227.186,224.8945
0.28,225.381,225.654,225.5175
0.29,227.956,222.483,225.2195
0.3,223.848,224.974,224.411
0.31,224.185,224.808,224.4965
0.32,225.308,223.465,224.3865
0.33,225.165,228.074,226.6195
0.34,225.314,225.318,225.316
0.35,224.079,222.591,223.335
0.36,223.086,225.97,224.528
0.37,227.59,226.929,227.2595
0.38,225.711,224.826,225.2685
0.39,226.015,227.016,226.5155
0.4,230.615,226.331,228.473
0.41,227.378,225.509,226.4435
0.42,228.903,225.47,227.1865
0.43,227.036,226.25,226.643
0.44,228.3,224.269,226.2845
0.45,226.395,228.552,227.4735
0.46,226.336,227.393,226.8645
0.47,225.589,223.637,224.613
0.48,226.071,225.995,226.033
0.49,223.535,226.317,224.926
0.5,223.83,223.619,223.7245
0.51,223.912,225.311,224.6115
0.52,224.57,225.741,225.1555
0.53,222.484,224.124,223.304
0.54,223.33,227.255,225.2925
0.55,221.049,226.841,223.945
0.56,223.024,227.976,225.5
0.57,221.895,227.425,224.66
0.58,221.556,225.474,223.515
0.59,221.116,225.283,223.1995
0.6,221.671,226.689,224.18
0.61,223.881,225.445,224.663
0.62,224.793,223.126,223.9595
0.63,226.019,225.754,225.8865
0.64,226.566,220.861,223.7135
0.65,226.501,221.674,224.0875
0.66,227.381,219.866,223.6235
0.67,226.102,220.688,223.395
0.68,222.293,222.892,222.5925
0.69,222.709,225.276,223.9925
0.7,223.805,222.467,223.136
0.71,222.571,224.259,223.415
0.72,224.643,223.542,224.0925
0.73,226.437,224.05,225.2435
0.74,222.09,223.145,222.6175
0.75,225.207,222.55,223.8785
0.76,224.619,222.568,223.5935
0.77,221.961,223.102,222.5315
0.78,221.957,225.002,223.4795
0.79,222.056,224.449,223.2525
0.8,222.395,223.604,222.9995
0.81,220.323,225.02,222.6715
0.82,220.473,226.443,223.458
0.83,222.044,225.021,223.5325
0.84,221.183,220.396,220.7895
0.85,224.165,225.893,225.029
0.86,223.841,223.235,223.538
0.87,221.813,223.319,222.566
0.88,225.638,223.194,224.416
0.89,225.618,226.98,226.299
0.9,224.483,227.042,225.7625
0.91,222.766,223.64,223.203
0.92,224.688,228.038,226.363
0.93,222.978,225.534,224.256
0.94,223.933,225.574,224.7535
0.95,224.754,225.831,225.2925
0.96,222.871,225.635,224.253
0.97,218.294,223.533,220.9135
0.98,225.069,221.124,223.0965
0.99,220.579,226.244,223.4115
1,221.463,223.983,222.723
1.01,219.571,226.279,222.925
1.02,222.719,222.57,222.6445
1.03,224.169,225.942,225.0555
1.04,218.158,227.094,222.626
1.05,220.19,224.27,222.23
1.06,222.015,222.959,222.487
1.07,218.564,220.336,219.45
1.08,218.569,222.987,220.778
1.09,220.529,222.579,221.554
1.1,218.96,221.421,220.1905
1.11,219.609,222.639,221.124
1.12,220.128,225.294,222.711
1.13,221.697,222.669,222.183
1.14,221.845,225.947,223.896
1.15,219.484,226.244,222.864
1.16,220.806,225.454,223.13
1.17,222.283,224.506,223.3945
1.18,224.103,223.958,224.0305
1.19,224.54,225.181,224.8605
1.2,222.84,224.284,223.562
1.21,221.16,222.057,221.6085
1.22,220.327,224.54,222.4335
1.23,223.35,224.902,224.126
1.24,221.139,226.679,223.909
1.25,221.287,225.565,223.426
1.26,223.673,226.584,225.1285
1.27,224.787,225.325,225.056
1.28,226.805,225.402,226.1035
1.29,222.537,220.924,221.7305
1.3,223.15,224.988,224.069
1.31,225.581,222.246,223.9135
1.32,223.798,223.307,223.5525
1.33,223.287,226.114,224.7005
1.34,224.634,222.967,223.8005
1.35,225.712,222.378,224.045
1.36,227.363,221.347,224.355
1.37,227.084,219.677,223.3805
1.38,223.938,222.804,223.371
1.39,221.116,223.609,222.3625
1.4,220.141,223.822,221.9815
1.41,224.997,224.061,224.529
1.42,223.779,222.482,223.1305
1.43,225.309,219.795,222.552
1.44,226.865,221.632,224.2485
1.45,224.222,224.215,224.2185
1.46,222.424,222.864,222.644
1.47,227.858,223.985,225.9215
1.48,228.412,224.552,226.482
1.49,224.64,225.238,224.939
1.5,228.99,221.185,225.0875
1.51,225.884,224.002,224.943
1.52,225.939,218.667,222.303
1.53,224.546,222.284,223.415
1.54,225.759,222.319,224.039
1.55,226.473,225.433,225.953
1.56,227.808,223.622,225.715
1.57,225.776,222.151,223.9635
1.58,225.792,222.539,224.1655
1.59,223.749,226.153,224.951
1.6,221.785,224.177,222.981
1.61,218.246,226.992,222.619
1.62,224.514,224.165,224.3395
1.63,222.826,223.041,222.9335
1.64,222.531,226.099,224.315
1.65,219.455,224.212,221.8335
1.66,225.913,225.718,225.8155
1.67,221.665,222.802,222.2335
1.68,226.694,227.78,227.237
1.69,224.907,224.26,224.5835
1.7,223.996,223.868,223.932
1.71,225.483,224.233,224.858
1.72,222.031,221.567,221.799
1.73,223.798,222.524,223.161
1.74,222.101,221.594,221.8475
1.75,224.303,221.684,222.9935
1.76,225.246,222.123,223.6845
1.77,227.814,223.961,225.8875
1.78,226.331,221.825,224.078
1.79,223.97,221.598,222.784
1.8,223.734,224.724,224.229
1.81,219.704,220.402,220.053
1.82,224.271,224.504,224.3875
1.83,222.888,227.28,225.084
1.84,225.449,224.262,224.8555
1.85,224.678,227.477,226.0775
1.86,223.742,227.132,225.437
1.87,225.244,224.234,224.739
1.88,224.324,224.282,224.303
1.89,222.933,226.44,224.6865
1.9,224.639,225.734,225.1865
1.91,225.5,226.596,226.048
1.92,224.73,227.706,226.218
1.93,222.844,231.477,227.1605
1.94,225.29,225.5,225.395
1.95,225.72,225.423,225.5715
1.96,223.996,230.814,227.405
1.97,224.244,229.384,226.814
1.98,225.458,229.013,227.2355
1.99,225.79,227.311,226.5505
2,225.647,226.656,226.1515
2.01,226.542,229.428,227.985
2.02,228.379,228.827,228.603
2.03,228.628,226.853,227.7405
2.04,229.815,223.299,226.557
2.05,229.281,227.961,228.621
2.06,228.234,229.367,228.8005
2.07,228.117,228.06,228.0885
2.08,232.086,227.561,229.8235
2.09,225.251,226.681,225.966
2.1,223.949,227.286,225.6175
2.11,224.314,230.044,227.179
2.12,225.396,225.535,225.4655
2.13,223.663,228.483,226.073
2.14,225.791,230.555,228.173
2.15,224.97,230.754,227.862
2.16,227.355,227.38,227.3675
2.17,224.447,228.85,226.6485
2.18,222.873,225.043,223.958
2.19,226.418,227.962,227.19
2.2,231.195,229.224,230.2095
2.21,225.521,225.865,225.693
2.22,223.352,226.71,225.031
2.23,226.036,225.793,225.9145
2.24,224.065,225.711,224.888
2.25,226.31,225.186,225.748
2.26,223.267,221.68,222.4735
2.27,224.566,223.465,224.0155
2.28,224.594,223.072,223.833
2.29,226.788,224.843,225.8155
2.3,229.171,220.276,224.7235
2.31,225.609,220.508,223.0585
2.32,226.27,219.741,223.0055
2.33,225.672,221.658,223.665
2.34,226.44,219.912,223.176
2.35,223.417,226.389,224.903
2.36,228.417,224.581,226.499
2.37,228.411,225.457,226.934
2.38,225.548,227.443,226.4955
2.39,226.798,227.832,227.315
2.4,228.826,224.194,226.51
2.41,228.073,227.441,227.757
2.42,229.442,224.929,227.1855
2.43,230.466,227.149,228.8075
2.44,229.187,227.816,228.5015
2.45,226.547,228.037,227.292
2.46,229.956,230.329,230.1425
2.47,233.216,230.036,231.626
2.48,228.761,229.805,229.283
2.49,228.696,227.009,227.8525
2.5,229.405,224.504,226.9545
2.51,230.121,228.041,229.081
2.52,228.426,227.61,228.018
2.53,230.394,227.087,228.7405
2.54,229.817,225.554,227.6855
2.55,230.401,224.999,227.7
2.56,227.228,226.727,226.9775
2.57,231.322,224.326,227.824
2.58,226.742,223.93,225.336
2.59,230.06,222.488,226.274
2.6,228.987,226.797,227.892
2.61,226.146,225.759,225.9525
2.62,227.085,224.207,225.646
2.63,229.062,225.251,227.1565
2.64,229.577,224.541,227.059
2.65,226.875,222.71,224.7925
2.66,227.892,225.083,226.4875
2.67,227.058,224.1,225.579
2.68,230.286,221.237,225.7615
2.69,226.205,224.947,225.576
2.7,228.11,221.639,224.8745
2.71,228.471,224.998,226.7345
2.72,232.2,223.487,227.8435
2.73,234.482,221.724,228.103
2.74,230.528,223.28,226.904
2.75,232.782,225.53,229.156
2.76,232.703,224.208,228.4555
2.77,231.332,225.824,228.578
2.78,232.328,224.5,228.414
2.79,231.329,222.544,226.9365
2.8,229.561,226.699,228.13
2.81,230.098,223.602,226.85
2.82,227.933,220.163,224.048
2.83,230.935,220.668,225.8015
2.84,231.773,221.498,226.6355
2.85,228.514,220.727,224.6205
2.86,227.692,223.936,225.814
2.87,231.734,224.005,227.8695
2.88,229.23,224.969,227.0995
2.89,230.922,223.077,226.9995
2.9,230.01,224.253,227.1315
2.91,229.426,224.598,227.012
2.92,227.807,222.552,225.1795
2.93,225.882,222.224,224.053
2.94,228.155,224.477,226.316
2.95,224.953,221.076,223.0145
2.96,226.599,225.984,226.2915
2.97,230.043,224.05,227.0465
2.98,229.296,226.524,227.91
2.99,229.473,220.738,225.1055
3,229.326,221.986,225.656
3.01,225.605,224.598,225.1015
3.02,230.631,223.615,227.123
3.03,227.402,225.861,226.6315
3.04,229.806,221.742,225.774
3.05,231.395,226.786,229.0905
3.06,231.002,227.089,229.0455
3.07,226.947,226.263,226.605
3.08,228.443,225.031,226.737
3.09,230.558,222.8,226.679
3.1,227.664,222.094,224.879
3.11,230.418,224.438,227.428
3.12,227.681,220.429,224.055
3.13,226.799,226.231,226.515
3.14,226.869,226.421,226.645
3.15,230.202,227.644,228.923
3.16,228.928,225.844,227.386
3.17,227.286,226.269,226.7775
3.18,228.791,228.596,228.6935
3.19,229.57,226.642,228.106
3.2,228.498,230.141,229.3195
3.21,228.515,229.293,228.904
3.22,227.17,227.884,227.527
3.23,231.222,224.33,227.776
3.24,226.045,229.118,227.5815
3.25,228.762,226.104,227.433
3.26,229.952,229.249,229.6005
3.27,227.448,227.147,227.2975
3.28,230.544,228.965,229.7545
3.29,230.331,227.956,229.1435
3.3,227.448,228.464,227.956
3.31,227.707,229.304,228.5055
3.32,227.815,227.042,227.4285
3.33,222.15,228.786,225.468
3.34,224.88,228.366,226.623
3.35,227.684,228.009,227.8465
3.36,226.484,229.46,227.972
3.37,224.591,229.221,226.906
3.38,227.767,228.987,228.377
3.39,223.186,226.068,224.627
3.4,227.626,228.078,227.852
3.41,227.188,221.493,224.3405
3.42,225.842,225.559,225.7005
3.43,223.279,224.587,223.933
3.44,227.54,225.701,226.6205
3.45,227.576,225.242,226.409
3.46,231.878,224.002,227.94
3.47,227.879,227.597,227.738
3.48,229.848,227.985,228.9165
3.49,230.936,226.411,228.6735
3.5,228.1,228.673,228.3865
3.51,228.691,222.035,225.363
3.52,230.371,225.644,228.0075
3.53,228.784,224.892,226.838
3.54,226.124,221.921,224.0225
3.55,229.916,222.828,226.372
3.56,228.851,225.169,227.01
3.57,228.358,223.876,226.117
3.58,225.723,229.082,227.4025
3.59,227.009,228.765,227.887
3.6,229.38,226.644,228.012
3.61,229.827,225.473,227.65
3.62,229.124,224.237,226.6805
3.63,230.298,223.273,226.7855
3.64,228.135,225.289,226.712
3.65,228.431,227.127,227.779
3.66,229.474,226.927,228.2005
3.67,227.943,225.171,226.557
3.68,226.352,227.453,226.9025
3.69,224.167,227.589,225.878
3.7,228.844,228.293,228.5685
3.71,229.67,229.837,229.7535
3.72,225.878,229.103,227.4905
3.73,225.037,227.482,226.2595
3.74,227.724,231.246,229.485
3.75,227.341,229.538,228.4395
3.76,224.853,224.04,224.4465
3.77,227.196,229.353,228.2745
3.78,227.138,229.371,228.2545
3.79,231.592,227.411,229.5015
3.8,229.078,228.333,228.7055
3.81,230.332,232.852,231.592
3.82,229.59,232.657,231.1235
3.83,227.502,230.93,229.216
3.84,227.85,231.474,229.662
3.85,228.57,232.191,230.3805
3.86,229.677,229.631,229.654
3.87,229.32,228.718,229.019
3.88,231.76,230.862,231.311
3.89,229.611,227.512,228.5615
3.9,227.954,228.368,228.161
3.91,230.969,232.435,231.702
3.92,230.201,230.835,230.518
3.93,226.156,229.778,227.967
3.94,231.009,230.533,230.771
3.95,231.63,230.958,231.294
3.96,233.14,232.7,232.92
3.97,231.03,232.085,231.5575
3.98,231.081,229.432,230.2565
3.99,232.372,229.292,230.832
4,232.869,235.774,234.3215
4.01,229.968,232.022,230.995
4.02,231.707,231.982,231.8445
4.03,229.397,230.818,230.1075
4.04,229.042,231.746,230.394
4.05,232.923,229.482,231.2025
4.06,226.344,228.439,227.3915
4.07,227.245,229.658,228.4515
4.08,228.817,226.859,227.838
4.09,232.896,230.627,231.7615
4.1,229.986,227.11,228.548
4.11,228.554,226.828,227.691
4.12,229.014,228.249,228.6315
4.13,229.758,231.281,230.5195
4.14,227.085,226.549,226.817
4.15,229.937,231.29,230.6135
4.16,229.967,230.386,230.1765
4.17,227.811,230.693,229.252
4.18,231.095,228.426,229.7605
4.19,229.363,227.316,228.3395
4.2,228.023,229.572,228.7975
4.21,224.784,229.888,227.336
4.22,225.983,231.842,228.9125
4.23,228.609,226.7,227.6545
4.24,228.107,229.48,228.7935
4.25,227.121,228.434,227.7775
4.26,231.15,228.344,229.747
4.27,228.218,229.114,228.666
4.28,228.574,224.819,226.6965
4.29,228.099,232.405,230.252
4.3,228.575,231.332,229.9535
4.31,231.367,228.861,230.114
4.32,231.177,229.287,230.232
4.33,230.521,232.215,231.368
4.34,231.935,231.08,231.5075
4.35,230.741,228.748,229.7445
4.36,232.883,234.549,233.716
4.37,230.31,230.583,230.4465
4.38,225.987,234.363,230.175
4.39,231.853,228.957,230.405
4.4,230.423,230.899,230.661
4.41,229.862,234.322,232.092
4.42,228.005,231.713,229.859
4.43,225.15,232.364,228.757
4.44,226.254,232.412,229.333
4.45,228.547,234.583,231.565
4.46,225.63,236.907,231.2685
4.47,226.443,237.422,231.9325
4.48,227.636,234.917,231.2765
4.49,227.508,235.572,231.54
4.5,229.554,235.577,232.5655
4.51,228.081,233.628,230.8545
4.52,229.7,233.419,231.5595
4.53,226.052,232.206,229.129
4.54,227.319,233.379,230.349
4.55,227.906,233.059,230.4825
4.56,230.095,232.33,231.2125
4.57,229.871,230.889,230.38
4.58,228.684,235.914,232.299
4.59,226.176,236.611,231.3935
4.6,226.025,233.855,229.94
4.61,226.565,229.951,228.258
4.62,229.596,232.211,230.9035
4.63,231.432,231.697,231.5645
4.64,231.462,229.836,230.649
4.65,233.147,227.848,230.4975
4.66,230.492,229.312,229.902
4.67,230.587,230.486,230.5365
4.68,230.629,230.716,230.6725
4.69,229.299,230.026,229.6625
4.7,227.231,233.535,230.383
4.71,231.172,230.116,230.644
4.72,227.107,233.321,230.214
4.73,228.816,233.998,231.407
4.74,230.432,234.956,232.694
4.75,227.112,232.627,229.8695
4.76,231.233,232.793,232.013
4.77,231.766,232.109,231.9375
4.78,231.157,230.811,230.984
4.79,228.407,229.248,228.8275
4.8,229.683,233.236,231.4595
4.81,230.943,232.555,231.749
4.82,232.992,229.241,231.1165
4.83,232.185,229.756,230.9705
4.84,230.406,233.091,231.7485
4.85,230.351,232.196,231.2735
4.86,229.947,234.688,232.3175
4.87,229.649,231.723,230.686
4.88,230.024,236.682,233.353
4.89,229.003,232.796,230.8995
4.9,231.494,234.524,233.009
4.91,234.941,232.889,233.915
4.92,231.313,235.194,233.2535
4.93,230.164,234.734,232.449
4.94,230.636,235.084,232.86
4.95,233.255,231.221,232.238
4.96,230.936,236.79,233.863
4.97,228.517,229.513,229.015
4.98,229.263,232.424,230.8435
4.99,229.399,231.85,230.6245
5,231.515,231.797,231.656
5.01,230.842,233.182,232.012
5.02,229.371,230.198,229.7845
5.03,232.356,232.331,232.3435
5.04,232.48,233.215,232.8475
5.05,230.925,233.439,232.182
5.06,229.584,230.959,230.2715
5.07,230.055,232.235,231.145
5.08,229.628,229.611,229.6195
5.09,232.017,228.958,230.4875
5.1,232.582,231.129,231.8555
5.11,231.416,232.206,231.811
5.12,230.768,230.569,230.6685
5.13,232.051,232.543,232.297
5.14,226.451,228.484,227.4675
5.15,227.37,226.161,226.7655
5.16,227.014,230.965,228.9895
5.17,229.377,231.712,230.5445
5.18,228.105,231.105,229.605
5.19,228.548,232.555,230.5515
5.2,228.947,231.148,230.0475
5.21,227.662,228.097,227.8795
5.22,230.808,229.784,230.296
5.23,228.373,228.596,228.4845
5.24,229.511,228.515,229.013
5.25,230.869,229.379,230.124
5.26,224.496,229.298,226.897
5.27,226.597,231.89,229.2435
5.28,229.621,231.874,230.7475
5.29,228.213,227.85,228.0315
5.3,228.355,227.859,228.107
5.31,231.13,228.925,230.0275
5.32,232.753,229.707,231.23
5.33,229.666,228.41,229.038
5.34,230.876,232.641,231.7585
5.35,227.204,229.859,228.5315
5.36,231.403,232.584,231.9935
5.37,232.269,233.17,232.7195
5.38,232.505,231.748,232.1265
5.39,232.223,234.888,233.5555
5.4,228.105,231.133,229.619
5.41,229.432,234.304,231.868
5.42,231.178,231.171,231.1745
5.43,229.672,231.13,230.401
5.44,228.325,231.236,229.7805
5.45,232.726,231.376,232.051
5.46,234.921,229.29,232.1055
5.47,232.415,232.757,232.586
5.48,232.242,228.535,230.3885
5.49,230.21,231.622,230.916
5.5,228.658,229.02,228.839
5.51,230.989,233.921,232.455
5.52,231.911,232.171,232.041
5.53,232.933,233.747,233.34
5.54,232.597,233.955,233.276
5.55,231.139,228.204,229.6715
5.56,232.735,232.61,232.6725
5.57,231.282,233.389,232.3355
5.58,233.794,236.572,235.183
5.59,232.043,234.233,233.138
5.6,232.152,233.939,233.0455
5.61,232.486,231.382,231.934
5.62,230.069,232.233,231.151
5.63,230.842,234.058,232.45
5.64,230.613,235.214,232.9135
5.65,232.162,233.31,232.736
5.66,232.233,237.235,234.734
5.67,230.175,236.517,233.346
5.68,231.693,234.423,233.058
5.69,231.446,232.88,232.163
5.7,230.116,232.903,231.5095
5.71,228.403,239.43,233.9165
5.72,232.141,234.59,233.3655
5.73,230.112,230.968,230.54
5.74,231.229,235.897,233.563
5.75,232.576,235.551,234.0635
5.76,232.161,234.245,233.203
5.77,229.99,233.721,231.8555
5.78,230.232,236.135,233.1835
5.79,231.652,232.67,232.161
5.8,231.128,232.887,232.0075
5.81,230.208,235.475,232.8415
5.82,228.003,235.757,231.88
5.83,225.313,234.119,229.716
5.84,230.302,235.54,232.921
5.85,224.695,235.487,230.091
5.86,229.057,236.97,233.0135
5.87,230.51,238.672,234.591
5.88,226.436,236.068,231.252
5.89,227.738,235.477,231.6075
5.9,230.497,235.081,232.789
5.91,228.066,235.534,231.8
5.92,231.072,234.029,232.5505
5.93,230.4,232.665,231.5325
5.94,231.247,235.526,233.3865
5.95,232.191,235.051,233.621
5.96,230.633,236.321,233.477
5.97,231.562,236.825,234.1935
5.98,231.367,232.84,232.1035
5.99,230.952,236.86,233.906
6,230.2,234.875,232.5375
6.01,228.745,233.42,231.0825
6.02,228.854,232.435,230.6445
6.03,229.48,236.738,233.109
6.04,229.601,233.825,231.713
6.05,230.163,230.552,230.3575
6.06,232.537,233.369,232.953
6.07,234.831,233.283,234.057
6.08,227.623,232.455,230.039
6.09,230.478,233.452,231.965
6.1,229.097,229.71,229.4035
6.11,230.137,232.56,231.3485
6.12,227.717,236.086,231.9015
6.13,229.099,232.132,230.6155
6.14,229.934,236.683,233.3085
6.15,229.78,236.961,233.3705
6.16,230.427,231.683,231.055
6.17,230.379,230.863,230.621
6.18,230.582,233.617,232.0995
6.19,232.808,235.826,234.317
6.2,228.849,231.581,230.215
6.21,231.856,236.831,234.3435
6.22,227.293,238.107,232.7
6.23,230.804,235.739,233.2715
6.24,227.259,235.844,231.5515
6.25,231.434,235.821,233.6275
6.26,230.248,232.255,231.2515
6.27,227.716,231.852,229.784
6.28,233.015,231.997,232.506
6.29,229.451,235.015,232.233
6.3,233.018,233.939,233.4785
6.31,230.228,234.855,232.5415
6.32,231.713,235.285,233.499
6.33,229.954,231.823,230.8885
6.34,230.164,232.776,231.47
6.35,229.372,234.91,232.141
6.36,227.743,232.924,230.3335
6.37,225.687,233.472,229.5795
6.38,224.001,235.997,229.999
6.39,227.19,229.97,228.58
6.4,225.937,233.008,229.4725
6.41,228.568,231.576,230.072
6.42,229.054,231.415,230.2345
6.43,224.66,228.529,226.5945
6.44,227.636,230.833,229.2345
6.45,229.097,232.405,230.751
6.46,228.629,232.949,230.789
6.47,229.382,235.111,232.2465
6.48,227.456,230.248,228.852
6.49,227.679,234.088,230.8835
6.5,225.785,236.826,231.3055
6.51,227.548,234.664,231.106
6.52,228.729,233.305,231.017
6.53,228.581,234.544,231.5625
6.54,226.682,231.89,229.286
6.55,231.06,231.418,231.239
6.56,227.226,231.949,229.5875
6.57,230.883,232.529,231.706
6.58,228.528,233.171,230.8495
6.59,227.332,233.812,230.572
6.6,227.751,232.155,229.953
6.61,227.725,229.347,228.536
6.62,226.662,231.863,229.2625
6.63,228.377,231.67,230.0235
6.64,227.322,231.705,229.5135
6.65,227.837,232.98,230.4085
6.66,225.527,230.276,227.9015
6.67,225.613,232.372,228.9925
6.68,226.498,231.367,228.9325
6.69,229.061,234.035,231.548
6.7,226.673,235.113,230.893
6.71,230.501,235.281,232.891
6.72,229.631,231.449,230.54
6.73,225.016,233.287,229.1515
6.74,227.107,239.643,233.375
6.75,226.449,237.346,231.8975
6.76,227.761,234.38,231.0705
6.77,229.391,228.779,229.085
6.78,229.545,236.237,232.891
6.79,227.626,237.499,232.5625
6.8,230.32,235.756,233.038
6.81,225.211,232.953,229.082
6.82,231.029,233.564,232.2965
6.83,228.561,235.287,231.924
6.84,230.527,235.501,233.014
6.85,229.081,235.89,232.4855
6.86,231.036,233.042,232.039
6.87,227.673,233.362,230.5175
6.88,230.03,231.7,230.865
6.89,226.641,232.73,229.6855
6.9,228.049,232.369,230.209
6.91,228.35,233.347,230.8485
6.92,228.075,232.886,230.4805
6.93,227.665,234.763,231.214
6.94,227.093,235.96,231.5265
6.95,228.421,231.872,230.1465
6.96,224.59,234.456,229.523
6.97,231.06,234.272,232.666
6.98,231.183,233.529,232.356
6.99,228.974,231.625,230.2995
7,228.941,231.002,229.9715
7.01,228.773,232.473,230.623
7.02,229.408,236.258,232.833
7.03,228.818,234.258,231.538
7.04,225.221,236.252,230.7365
7.05,223.173,232.606,227.8895
7.06,228.688,236.395,232.5415
7.07,230.339,237.45,233.8945
7.08,227.167,236.819,231.993
7.09,231.473,234.606,233.0395
7.1,230.828,234.634,232.731
7.11,233.048,234.13,233.589
7.12,230.336,234.866,232.601
7.13,228.137,237.222,232.6795
7.14,225.777,236.227,231.002
7.15,230.857,234.735,232.796
7.16,229.792,234.296,232.044
7.17,225.613,236.967,231.29
7.18,227.638,233.174,230.406
7.19,233.669,239.239,236.454
7.2,230.818,238.327,234.5725
7.21,228.017,233.546,230.7815
7.22,228.332,238.466,233.399
7.23,228.952,233.16,231.056
7.24,230.936,233.665,232.3005
7.25,230.14,234.385,232.2625
7.26,230.259,234.65,232.4545
7.27,230.658,234.711,232.6845
7.28,231.871,234.396,233.1335
7.29,229.899,236.16,233.0295
7.3,228.826,233.799,231.3125
7.31,225.637,230.307,227.972
7.32,230.961,235.106,233.0335
7.33,229.986,234.683,232.3345
7.34,230.484,234.235,232.3595
7.35,229.334,233.059,231.1965
7.36,228.579,233.056,230.8175
7.37,227.896,230.648,229.272
7.38,231.708,233.433,232.5705
7.39,230.882,239.106,234.994
7.4,230.316,235.778,233.047
7.41,231.045,237.325,234.185
7.42,229.094,235.519,232.3065
7.43,231.398,236.347,233.8725
7.44,229.375,237.052,233.2135
7.45,229.093,237.107,233.1
7.46,227.733,235.926,231.8295
7.47,228.52,232.188,230.354
7.48,227.091,232.531,229.811
7.49,227.318,237.96,232.639
7.5,230.563,234.722,232.6425
7.51,228.905,235.601,232.253
7.52,230.014,234.405,232.2095
7.53,227.789,237.826,232.8075
7.54,228.437,231.886,230.1615
7.55,228.323,233.19,230.7565
7.56,226.907,235.625,231.266
7.57,226.998,234.555,230.7765
7.58,226.91,230.185,228.5475
7.59,227.312,233.875,230.5935
7.6,228.136,234.489,231.3125
7.61,228.015,233.734,230.8745
7.62,229.637,237.05,233.3435
7.63,228.271,234.496,231.3835
7.64,226.197,231.097,228.647
7.65,225.447,233.645,229.546
7.66,227.512,232.856,230.184
7.67,224.342,230.599,227.4705
7.68,227.768,236.234,232.001
7.69,225.694,236.332,231.013
7.7,226.969,230.096,228.5325
7.71,224.17,236.182,230.176
7.72,229.266,233.421,231.3435
7.73,227.579,236.451,232.015
7.74,227.13,234.394,230.762
7.75,227.809,234.478,231.1435
7.76,227.125,233.027,230.076
7.77,225.331,234.989,230.16
7.78,227.462,234.044,230.753
7.79,226.067,229.503,227.785
7.8,227.961,231.809,229.885
7.81,228.046,232.079,230.0625
7.82,225.869,226.396,226.1325
7.83,226.408,230.165,228.2865
7.84,226.827,230.471,228.649
7.85,230.08,229.347,229.7135
7.86,229.096,235.028,232.062
7.87,223.56,231.021,227.2905
7.88,227.105,229.516,228.3105
7.89,229.175,231.083,230.129
7.9,224.535,232.906,228.7205
7.91,223.795,229.568,226.6815
7.92,226.258,232.912,229.585
7.93,225.906,231.651,228.7785
7.94,227.761,230.378,229.0695
7.95,222.848,229.69,226.269
7.96,225.84,229.212,227.526
7.97,228.61,227.978,228.294
7.98,229.029,227.065,228.047
7.99,225.239,227.104,226.1715
8,228.391,224.611,226.501
8.01,225.19,230.155,227.6725
8.02,224.386,229.606,226.996
8.03,222.537,230.413,226.475
8.04,227.966,227.108,227.537
8.05,225.554,226.018,225.786
8.06,228.992,227.53,228.261
8.07,225.163,228.17,226.6665
8.08,223.522,232.103,227.8125
8.09,225.731,229.031,227.381
8.1,224.233,228.8,226.5165
8.11,224.137,229.474,226.8055
8.12,223.733,228.686,226.2095
8.13,224.884,230.933,227.9085
8.14,228.236,229.044,228.64
8.15,225.863,227.934,226.8985
8.16,226.345,226.261,226.303
8.17,227.718,227.116,227.417
8.18,225.544,226.067,225.8055
8.19,225.325,226.936,226.1305
8.2,223.23,225.735,224.4825
8.21,222.91,227.983,225.4465
8.22,227.617,228.651,228.134
8.23,224.336,226.645,225.4905
8.24,226.409,229.695,228.052
8.25,223.243,229.148,226.1955
8.26,223.652,233.095,228.3735
8.27,226.879,230.431,228.655
8.28,227.977,233.395,230.686
8.29,225.299,230.862,228.0805
8.3,224.279,231.104,227.6915
8.31,227.389,232.277,229.833
8.32,224.601,232.104,228.3525
8.33,224.655,228.709,226.682
8.34,225.122,231.044,228.083
8.35,224.802,236.582,230.692
8.36,228.847,233.684,231.2655
8.37,226.819,232.84,229.8295
8.38,230.038,230.707,230.3725
8.39,226.457,234.665,230.561
8.4,229.692,234.575,232.1335
8.41,226.259,234.353,230.306
8.42,227.874,232.738,230.306
8.43,226.973,231.059,229.016
8.44,230.646,234.502,232.574
8.45,227.345,233.646,230.4955
8.46,228.315,231.954,230.1345
8.47,227.455,232.205,229.83
8.48,228.976,229.427,229.2015
8.49,223.54,232.943,228.2415
8.5,225.27,233.579,229.4245
8.51,225.759,230.308,228.0335
8.52,229.408,233.207,231.3075
8.53,227.184,234.953,231.0685
8.54,225.924,233.52,229.722
8.55,226.034,228.836,227.435
8.56,229.102,231.588,230.345
8.57,227.705,235.257,231.481
8.58,223.785,235.507,229.646
8.59,227.772,232.381,230.0765
8.6,228.902,230.22,229.561
8.61,224.497,230.324,227.4105
8.62,227.975,229.217,228.596
8.63,228.602,227.463,228.0325
8.64,230.432,228.035,229.2335
8.65,226.325,227.395,226.86
8.66,228.027,231.12,229.5735
8.67,223.603,228.97,226.2865
8.68,225.909,228.594,227.2515
8.69,227.326,227.581,227.4535
8.7,224.389,227.371,225.88
8.71,229.526,226.475,228.0005
8.72,226.369,228.603,227.486
8.73,229.583,227.363,228.473
8.74,227.934,228.161,228.0475
8.75,227.474,230.556,229.015
8.76,228.305,229.96,229.1325
8.77,230.063,228.617,229.34
8.78,226.809,227.251,227.03
8.79,229.023,229.205,229.114
8.8,230.999,228.917,229.958
8.81,227.838,228.699,228.2685
8.82,228.95,233.815,231.3825
8.83,228.224,229.19,228.707
8.84,230.649,229.308,229.9785
8.85,228.185,231.529,229.857
8.86,227.3,230.631,228.9655
8.87,225.164,229.502,227.333
8.88,225.786,230.085,227.9355
8.89,222.697,231.567,227.132
8.9,225.615,234.671,230.143
8.91,223.254,231.241,227.2475
8.92,224.299,232.949,228.624
8.93,226.141,230.772,228.4565
8.94,225.436,232.047,228.7415
8.95,225.871,230.047,227.959
8.96,225.657,234.246,229.9515
8.97,223.256,231.34,227.298
8.98,225.317,231.057,228.187
8.99,227.58,235.53,231.555
9,225.566,230.962,228.264
9.01,226.911,230.536,228.7235
9.02,223.217,234.112,228.6645
9.03,224.658,231.632,228.145
9.04,225.616,233.335,229.4755
9.05,227.705,230.514,229.1095
9.06,224.759,230.503,227.631
9.07,224.736,231.384,228.06
9.08,221.948,231.799,226.8735
9.09,230.57,231.988,231.279
9.1,222.116,229.95,226.033
9.11,227.553,233.747,230.65
9.12,226.589,233.285,229.937
9.13,228.618,231.656,230.137
9.14,231.02,230.373,230.6965
9.15,231.941,231.322,231.6315
9.16,230.483,231.288,230.8855
9.17,227.969,229.844,228.9065
9.18,223.479,232.885,228.182
9.19,230.073,231.912,230.9925
9.2,226.545,231.701,229.123
9.21,229.989,234.452,232.2205
9.22,231.264,232.08,231.672
9.23,228.543,232.926,230.7345
9.24,228.435,234.099,231.267
9.25,228.633,231.013,229.823
9.26,230.139,231.674,230.9065
9.27,229.541,232.299,230.92
9.28,227.98,231.305,229.6425
9.29,228.545,230.641,229.593
9.3,228.149,234.894,231.5215
9.31,230.922,237.995,234.4585
9.32,231.576,232.005,231.7905
9.33,230.112,232.27,231.191
9.34,228.784,230.22,229.502
9.35,229.183,227.489,228.336
9.36,230.387,231.152,230.7695
9.37,230.991,232.418,231.7045
9.38,227.285,231.249,229.267
9.39,230.779,225.057,227.918
9.4,228.86,229.6,229.23
9.41,229.779,229.095,229.437
9.42,234.255,229.057,231.656
9.43,232.941,232.692,232.8165
9.44,235.471,233.686,234.5785
9.45,232.234,229.858,231.046
9.46,233.621,229.748,231.6845
9.47,233.008,233.182,233.095
9.48,234.803,234.414,234.6085
9.49,233.517,229.993,231.755
9.5,231.829,228.517,230.173
9.51,228.665,230.352,229.5085
9.52,233.932,226.319,230.1255
9.53,233.454,230.998,232.226
9.54,230.487,230.117,230.302
9.55,229.647,230.742,230.1945
9.56,232.491,231.258,231.8745
9.57,232.186,234.734,233.46
9.58,233.163,233.235,233.199
9.59,234.08,229.131,231.6055
9.6,233.915,232.639,233.277
9.61,232.92,231.486,232.203
9.62,229.668,229.527,229.5975
9.63,235.569,229.335,232.452
9.64,230.776,233.617,232.1965
9.65,231.76,232.822,232.291
9.66,232.906,233.041,232.9735
9.67,231.259,231.815,231.537
9.68,231.811,230.741,231.276
9.69,232.768,234.44,233.604
9.7,229.759,235.022,232.3905
9.71,233.32,235.164,234.242
9.72,231.713,235.846,233.7795
9.73,230.229,234.618,232.4235
9.74,232.933,235.336,234.1345
9.75,233.806,233.011,233.4085
9.76,229.378,235.1,232.239
9.77,230.501,232.113,231.307
9.78,229.788,232.714,231.251
9.79,231.654,238.159,234.9065
9.8,229.346,230.009,229.6775
9.81,229.901,232.745,231.323
9.82,232.124,234.878,233.501
9.83,227.847,234.467,231.157
9.84,230.774,231.73,231.252
9.85,231.359,234.045,232.702
9.86,230.544,234.42,232.482
9.87,234.819,230.669,232.744
9.88,233.714,231.096,232.405
9.89,233.641,233.243,233.442
9.9,234.201,231.517,232.859
9.91,234.414,234.057,234.2355
9.92,232.491,231.773,232.132
9.93,233.369,234.877,234.123
9.94,231.513,233.893,232.703
9.95,232.085,236.023,234.054
9.96,232.915,235.679,234.297
9.97,233.739,236.43,235.0845
9.98,233.924,236.692,235.308
9.99,233.389,232.466,232.9275
10,235.914,233.083,234.4985
10.01,233.035,230.999,232.017
10.02,231.781,234.982,233.3815
10.03,230.476,237.616,234.046
10.04,233.941,238.883,236.412
10.05,226.581,234.045,230.313
10.06,230.622,236.45,233.536
10.07,229.679,233.761,231.72
10.08,229.571,234.6,232.0855
10.09,231.771,234.142,232.9565
10.1,230.247,236.951,233.599
10.11,228.289,236.688,232.4885
10.12,228.518,232.15,230.334
10.13,230.822,236.421,233.6215
10.14,230.234,234.447,232.3405
10.15,231.811,235.282,233.5465
10.16,229.104,236.222,232.663
10.17,226.044,233.42,229.732
10.18,228.716,232.696,230.706
10.19,232.418,230.934,231.676
10.2,230.976,227.43,229.203
10.21,230.407,230.617,230.512
10.22,229.079,231.011,230.045
10.23,231.512,229.067,230.2895
10.24,231.874,228.78,230.327
10.25,227.861,228.528,228.1945
10.26,231.76,228.834,230.297
10.27,233.54,228.755,231.1475
10.28,232.374,230.657,231.5155
10.29,229.739,229.704,229.7215
10.3,229.761,228.338,229.0495
10.31,231.948,231.993,231.9705
10.32,231.686,230.613,231.1495
10.33,229.891,233.416,231.6535
10.34,230.638,233.648,232.143
10.35,230.076,231.52,230.798
10.36,230.304,231.232,230.768
10.37,230.955,230.556,230.7555
10.38,234.377,228.123,231.25
10.39,229.635,229.042,229.3385
10.4,232.112,229.884,230.998
10.41,230.313,233.366,231.8395
10.42,232.87,232.713,232.7915
10.43,229.019,227.542,228.2805
10.44,232.822,227.79,230.306
10.45,234.596,230.369,232.4825
10.46,230.57,225.482,228.026
10.47,230.861,228.051,229.456
10.48,232.01,228.89,230.45
10.49,229.017,229.96,229.4885
10.5,229.406,228.439,228.9225
10.51,231.696,227.383,229.5395
10.52,227.481,227.023,227.252
10.53,229.426,230.503,229.9645
10.54,227.951,228.809,228.38
10.55,228.412,229.155,228.7835
10.56,228.717,229.759,229.238
10.57,231.728,228.463,230.0955
10.58,227.938,227.313,227.6255
10.59,227.941,226.017,226.979
10.6,228.592,227.745,228.1685
10.61,231.946,231.816,231.881
10.62,234.03,229.538,231.784
10.63,232.831,231.295,232.063
10.64,238.267,228.398,233.3325
10.65,232.699,233.783,233.241
10.66,232.417,231.482,231.9495
10.67,232.323,231.156,231.7395
10.68,230.874,230.345,230.6095
10.69,233,232.194,232.597
10.7,232.827,229.99,231.4085
10.71,234.228,230.323,232.2755
10.72,230.565,232.914,231.7395
10.73,229.178,227.196,228.187
10.74,229.202,229.961,229.5815
10.75,228.451,233.109,230.78
10.76,231.414,231.661,231.5375
10.77,228.826,230.99,229.908
10.78,229.031,230.765,229.898
10.79,229.627,229.965,229.796
10.8,233.898,229.84,231.869
10.81,232.189,227.867,230.028
10.82,233.261,228.841,231.051
10.83,229.693,227.219,228.456
10.84,233.072,231.311,232.1915
10.85,232.123,229.357,230.74
10.86,230.629,227.716,229.1725
10.87,232.774,228.756,230.765
10.88,231.519,230.334,230.9265
10.89,232.996,228.677,230.8365
10.9,232.225,229.242,230.7335
10.91,232.558,230.18,231.369
10.92,230.87,229.571,230.2205
10.93,231.398,231.191,231.2945
10.94,234.956,230.393,232.6745
10.95,232.776,232.576,232.676
10.96,231.721,235.635,233.678
10.97,234.765,237.539,236.152
10.98,229.257,234.097,231.677
10.99,234.451,231.959,233.205
11,233.195,232.568,232.8815
11.01,231.52,231.653,231.5865
11.02,229.611,228.973,229.292
11.03,232.199,232.153,232.176
11.04,229.961,231.798,230.8795
11.05,230.759,231.239,230.999
11.06,228.436,232.767,230.6015
11.07,229.193,228.7,228.9465
11.08,229.465,233.138,231.3015
11.09,230.82,229.822,230.321
11.1,229.88,231.736,230.808
11.11,227.996,232.651,230.3235
11.12,228.952,231.646,230.299
11.13,229.86,230.287,230.0735
11.14,229.302,231.118,230.21
11.15,230.421,233.595,232.008
11.16,231.931,231.77,231.8505
11.17,230.354,231.386,230.87
11.18,231.569,233.7,232.6345
11.19,231.102,230.832,230.967
11.2,230.144,233.207,231.6755
11.21,229.473,227.847,228.66
11.22,230.169,227.377,228.773
11.23,230.071,226.56,228.3155
11.24,230.425,231.06,230.7425
11.25,228.684,231.742,230.213
11.26,230.935,233.643,232.289
11.27,228.549,230.407,229.478
11.28,233.268,227.909,230.5885
11.29,229.649,228.617,229.133
11.3,231.842,229.324,230.583
11.31,232.393,231.885,232.139
11.32,229.235,230.294,229.7645
11.33,233.647,226.266,229.9565
11.34,230.41,227.659,229.0345
11.35,231.187,226.7,228.9435
11.36,229.738,226.024,227.881
11.37,231.962,227.579,229.7705
11.38,227.363,226.337,226.85
11.39,229.39,229.058,229.224
11.4,231.075,225.767,228.421
11.41,232.608,229.55,231.079
11.42,230.842,229.407,230.1245
11.43,231.664,230.806,231.235
11.44,230.379,230.887,230.633
11.45,231.194,229.449,230.3215
11.46,232.451,231.736,232.0935
11.47,238.66,228.862,233.761
11.48,232.307,233.066,232.6865
11.49,231.165,236.458,233.8115
11.5,232.453,232.331,232.392
11.51,230.534,231.368,230.951
11.52,229.714,234.119,231.9165
11.53,231.55,233.252,232.401
11.54,231.852,235.992,233.922
11.55,231.165,237.427,234.296
11.56,233.844,232.548,233.196
11.57,234.748,231.082,232.915
11.58,230.308,232.171,231.2395
11.59,233.391,233.091,233.241
11.6,232.827,227.815,230.321
11.61,235.29,232.661,233.9755
11.62,232.107,234.41,233.2585
11.63,231.131,231.095,231.113
11.64,230.776,228.161,229.4685
11.65,233.786,231.8,232.793
11.66,230.581,232.171,231.376
11.67,231.56,230.061,230.8105
11.68,230.245,231.476,230.8605
11.69,230.959,234.209,232.584
11.7,229.878,230.401,230.1395
11.71,230.607,236.824,233.7155
11.72,230.023,231.19,230.6065
11.73,230.692,232.739,231.7155
11.74,229.757,233.906,231.8315
11.75,230.885,232.317,231.601
11.76,230.145,231.087,230.616
11.77,229.996,234.145,232.0705
11.78,229.478,230.334,229.906
11.79,231.386,227.25,229.318
11.8,231.406,228.962,230.184
11.81,228.889,228.033,228.461
11.82,229.521,227.19,228.3555
11.83,231.093,229.355,230.224
11.84,234.88,231.24,233.06
11.85,231.895,229.451,230.673
11.86,230.284,232.233,231.2585
11.87,228.165,227.86,228.0125
11.88,226.685,225.646,226.1655
11.89,232.645,228.151,230.398
11.9,233.301,225.044,229.1725
11.91,231.156,228.573,229.8645
11.92,226.996,228.579,227.7875
11.93,231.79,230.095,230.9425
11.94,232.477,228.467,230.472
11.95,231.212,227.49,229.351
11.96,230.426,229.186,229.806
11.97,231.717,229.055,230.386
11.98,231.56,230.093,230.8265
11.99,229.832,227.356,228.594
12,232.934,226.907,229.9205
12.01,231.439,230.83,231.1345
12.02,233.56,225.345,229.4525
12.03,232.242,227.1,229.671
12.04,229.305,232.464,230.8845
12.05,232.142,227.771,229.9565
12.06,231.881,230.856,231.3685
12.07,233.283,229.906,231.5945
12.08,234.334,229.059,231.6965
12.09,232.336,226.931,229.6335
12.1,232.263,227.595,229.929
12.11,232.144,227.65,229.897
12.12,230.318,227.894,229.106
12.13,232.361,230.03,231.1955
12.14,229.146,232.142,230.644
12.15,230.093,228.585,229.339
12.16,231.617,229.778,230.6975
12.17,232.987,227.095,230.041
12.18,235.351,228.88,232.1155
12.19,229.852,227.59,228.721
12.2,232.43,226.293,229.3615
12.21,234.383,227.596,230.9895
12.22,235.357,229.578,232.4675
12.23,232.309,227.24,229.7745
12.24,234.575,228.024,231.2995
12.25,227.24,225.397,226.3185
12.26,232.449,225.063,228.756
12.27,228.129,228.129,228.129
12.28,227.842,228.358,228.1
12.29,228.297,228.744,228.5205
12.3,232.62,231.605,232.1125
12.31,232.126,229.707,230.9165
12.32,226.301,229.942,228.1215
12.33,228.699,231.174,229.9365
12.34,226.185,228.526,227.3555
12.35,231.746,229.854,230.8
12.36,229.762,228.031,228.8965
12.37,229.326,229.885,229.6055
12.38,231.11,228.754,229.932
12.39,230.601,227.406,229.0035
12.4,228.086,229.297,228.6915
12.41,226.034,229.306,227.67
12.42,227.619,231.522,229.5705
12.43,226.685,231.2,228.9425
12.44,228.895,229.178,229.0365
12.45,228.588,228.985,228.7865
12.46,230.992,230.852,230.922
12.47,230.438,228.528,229.483
12.48,228.774,230.34,229.557
12.49,230.775,229.209,229.992
12.5,228.599,229.941,229.27
12.51,233.151,227.486,230.3185
12.52,229.784,228.411,229.0975
12.53,229.481,227.879,228.68
12.54,232.176,229.869,231.0225
12.55,232.366,227.875,230.1205
12.56,232.757,227.318,230.0375
12.57,231.937,230.955,231.446
12.58,231.575,230.859,231.217
12.59,233.577,227.591,230.584
12.6,232.433,228.772,230.6025
12.61,231.682,230.835,231.2585
12.62,231.525,232.255,231.89
12.63,234.06,229.208,231.634
12.64,229.171,232.084,230.6275
12.65,232.998,231.62,232.309
12.66,234.444,229.036,231.74
12.67,233.863,228.682,231.2725
12.68,231.576,230.948,231.262
12.69,230.846,230.066,230.456
12.7,235.26,233.567,234.4135
12.71,235.808,230.616,233.212
12.72,229.397,231.875,230.636
12.73,230.929,232.341,231.635
12.74,231.517,228.235,229.876
12.75,233.692,231.261,232.4765
12.76,228.791,225.855,227.323
12.77,230.051,228.398,229.2245
12.78,233.619,230.81,232.2145
12.79,233.291,227.664,230.4775
12.8,229.523,230.005,229.764
12.81,232.05,231.835,231.9425
12.82,231.566,232.943,232.2545
12.83,234.181,228.554,231.3675
12.84,231.044,227.554,229.299
12.85,231.331,228.597,229.964
12.86,230.14,228.025,229.0825
12.87,230.408,229.693,230.0505
12.88,231.059,227.282,229.1705
12.89,229.965,228.365,229.165
12.9,229.557,226.597,228.077
12.91,232.465,231.473,231.969
12.92,227.171,228.353,227.762
12.93,234.138,231.355,232.7465
12.94,233.773,228.729,231.251
12.95,233.117,229.449,231.283
12.96,231.28,230.392,230.836
12.97,232.695,225.764,229.2295
12.98,231.261,232.27,231.7655
12.99,232.403,230.797,231.6
13,231.615,230.106,230.8605
13.01,232.254,229.312,230.783
13.02,230.806,229.016,229.911
13.03,228.96,231.267,230.1135
13.04,231.066,231.846,231.456
13.05,235.579,234.154,234.8665
13.06,231.551,232.809,232.18
13.07,233.571,233.041,233.306
13.08,234.081,231.875,232.978
13.09,232.328,234.622,233.475
13.1,231.9,235.178,233.539
13.11,230.904,231.266,231.085
13.12,229.598,235.136,232.367
13.13,230.879,232.611,231.745
13.14,230.353,231.256,230.8045
13.15,232.774,227.406,230.09
13.16,233.741,230.516,232.1285
13.17,230.253,229.424,229.8385
13.18,233.472,231.728,232.6
13.19,232.958,231.563,232.2605
13.2,232.459,227.698,230.0785
13.21,232.979,227.755,230.367
13.22,231.109,229.14,230.1245
13.23,234.638,226.452,230.545
13.24,233.033,226.423,229.728
13.25,235.562,228.075,231.8185
13.26,231.106,228.471,229.7885
13.27,236.196,228.897,232.5465
13.28,234.854,228.374,231.614
13.29,236.291,229.681,232.986
13.3,237.344,229.411,233.3775
13.31,236.277,231.86,234.0685
13.32,233.734,233.373,233.5535
13.33,231.96,234.289,233.1245
13.34,235.037,229.044,232.0405
13.35,232.382,227.285,229.8335
13.36,233.154,229.944,231.549
13.37,233.634,228.811,231.2225
13.38,232.394,226.956,229.675
13.39,235.983,225.13,230.5565
13.4,233.981,228.585,231.283
13.41,233.865,229.427,231.646
13.42,233.828,228,230.914
13.43,234.372,233.731,234.0515
13.44,232.653,225.328,228.9905
13.45,235.373,227.59,231.4815
13.46,233.231,229.365,231.298
13.47,235.234,225.543,230.3885
13.48,235.149,228.637,231.893
13.49,235.635,226.809,231.222
13.5,233.619,225.619,229.619
13.51,231.806,226.959,229.3825
13.52,235.243,226.849,231.046
13.53,233.071,227.707,230.389
13.54,234.454,230.957,232.7055
13.55,233.246,231.397,232.3215
13.56,232.765,233.235,233
13.57,231.48,229.488,230.484
13.58,229.743,230.718,230.2305
13.59,228.318,232.026,230.172
13.6,227.186,229.719,228.4525
13.61,230.536,232.145,231.3405
13.62,233.499,228.991,231.245
13.63,231.364,229.942,230.653
13.64,232.457,228.899,230.678
13.65,232.386,226.593,229.4895
13.66,230.361,227.73,229.0455
13.67,235.093,230.998,233.0455
13.68,232.471,230.319,231.395
13.69,234.756,231.854,233.305
13.7,234.528,232.519,233.5235
13.71,231.931,228.907,230.419
13.72,233.091,230.602,231.8465
13.73,230.028,228.701,229.3645
13.74,232.69,232.353,232.5215
13.75,233.365,230.853,232.109
13.76,233.376,232.331,232.8535
13.77,234.661,229.756,232.2085
13.78,237.212,230.156,233.684
13.79,234.02,231.405,232.7125
13.8,233.446,223.976,228.711
13.81,231.438,229.623,230.5305
13.82,232.735,230.506,231.6205
13.83,231.541,231.287,231.414
13.84,230.418,232.658,231.538
13.85,231.693,227.94,229.8165
13.86,231.069,230.05,230.5595
13.87,230.437,230.301,230.369
13.88,232.243,231.311,231.777
13.89,233.869,232.811,233.34
13.9,233.459,230.872,232.1655
13.91,232.952,228.7,230.826
13.92,234.44,232.486,233.463
13.93,231.39,228.274,229.832
13.94,232.386,228.973,230.6795
13.95,231.736,231.877,231.8065
13.96,234.499,232.156,233.3275
13.97,233.849,234.597,234.223
13.98,234.092,232.948,233.52
13.99,236.482,231.299,233.8905
14,234.919,229.194,232.0565
14.01,236.483,229.813,233.148
14.02,233.107,227.706,230.4065
14.03,234.43,229.195,231.8125
14.04,232.626,229.55,231.088
14.05,232.23,230.226,231.228
14.06,231.43,228.414,229.922
14.07,234.225,224.937,229.581
14.08,234.969,225.629,230.299
14.09,234.198,224.383,229.2905
14.1,231.123,229.46,230.2915
14.11,233.809,226.384,230.0965
14.12,237.059,229.142,233.1005
14.13,234.427,230.613,232.52
14.14,233.244,223.137,228.1905
14.15,234.636,225.701,230.1685
14.16,233.222,224.8,229.011
14.17,231.985,228.675,230.33
14.18,232.046,230.326,231.186
14.19,235.171,225.348,230.2595
14.2,232.844,226.04,229.442
14.21,231.062,230.99,231.026
14.22,233.436,229.615,231.5255
14.23,234.62,228.927,231.7735
14.24,230.632,231.818,231.225
14.25,229.972,228.103,229.0375
14.26,230.611,227.937,229.274
14.27,228.961,225.169,227.065
14.28,230.327,227.931,229.129
14.29,232.027,226.807,229.417
14.3,233.783,229.655,231.719
14.31,228.639,228.283,228.461
14.32,235.464,229.979,232.7215
14.33,235.641,226.74,231.1905
14.34,232.775,227.563,230.169
14.35,234.178,226.017,230.0975
14.36,233.689,225.422,229.5555
14.37,232.204,228.346,230.275
14.38,234.193,229.058,231.6255
14.39,234.661,227.1,230.8805
14.4,233.333,229.56,231.4465
14.41,232.155,228.103,230.129
14.42,234.075,229.237,231.656
14.43,233.726,229.325,231.5255
14.44,233.591,230.971,232.281
14.45,227.961,230.361,229.161
14.46,230.996,229.953,230.4745
14.47,230.491,230.44,230.4655
14.48,236.18,230.035,233.1075
14.49,232.02,230.412,231.216
14.5,232.733,227.84,230.2865
14.51,233.189,230.614,231.9015
14.52,233.405,230.495,231.95
14.53,235.39,229.345,232.3675
14.54,231.248,232.483,231.8655
14.55,231.187,228.48,229.8335
14.56,231.329,228.245,229.787
14.57,228.803,229.355,229.079
14.58,230.964,230.96,230.962
14.59,228.964,231.606,230.285
14.6,229.881,224.202,227.0415
14.61,233.48,227.51,230.495
14.62,231.073,227.72,229.3965
14.63,232.05,228.096,230.073
14.64,229.789,228.496,229.1425
14.65,231.306,228.714,230.01
14.66,232.124,226.993,229.5585
14.67,232.453,227.725,230.089
14.68,231.88,225.171,228.5255
14.69,229.282,224.416,226.849
14.7,231.655,225.765,228.71
14.71,232.407,222.768,227.5875
14.72,228.522,224.064,226.293
14.73,229.995,225.96,227.9775
14.74,230.741,225.316,228.0285
14.75,233.177,224.929,229.053
14.76,228.348,229.358,228.853
14.77,224.786,228.791,226.7885
14.78,229.571,229.734,229.6525
14.79,228.113,226.157,227.135
14.8,226.897,225.622,226.2595
14.81,230.539,225.425,227.982
14.82,230.232,228.597,229.4145
14.83,232.233,225.861,229.047
14.84,231.117,227.443,229.28
14.85,229.785,229.035,229.41
14.86,231.411,225.989,228.7
14.87,233.515,226.136,229.8255
14.88,232.128,225.798,228.963
14.89,230.54,227.372,228.956
14.9,231.506,225.602,228.554
14.91,231.095,227.626,229.3605
14.92,230.122,227.805,228.9635
14.93,234.022,226.987,230.5045
14.94,231.26,227.182,229.221
14.95,235.457,224.948,230.2025
14.96,233.476,225.8,229.638
14.97,232.274,227.854,230.064
14.98,233.788,228.405,231.0965
14.99,230.649,227.24,228.9445
15,234.215,226.316,230.2655
15.01,229.513,231.472,230.4925
15.02,233.396,230.415,231.9055
15.03,231.094,230.843,230.9685
15.04,231.399,234.548,232.9735
15.05,231.932,232.456,232.194
15.06,231.456,231.141,231.2985
15.07,230.344,234.948,232.646
15.08,232.157,226.43,229.2935
15.09,229.072,231.891,230.4815
15.1,227.22,228.687,227.9535
15.11,228.754,227.022,227.888
15.12,228.192,230.122,229.157
15.13,228.793,231.696,230.2445
15.14,227.538,232.008,229.773
15.15,229.317,231.511,230.414
15.16,228.673,230.467,229.57
15.17,233.347,229.597,231.472
15.18,232.031,227.864,229.9475
15.19,229.205,229.303,229.254
15.2,232.195,231.193,231.694
15.21,232.949,227.574,230.2615
15.22,230.346,226.622,228.484
15.23,230.277,230.991,230.634
15.24,230.806,231.17,230.988
15.25,227.87,230.989,229.4295
15.26,227.587,235.309,231.448
15.27,230.64,229.353,229.9965
15.28,235.594,228.641,232.1175
15.29,231.91,227.098,229.504
15.3,231.988,225.929,228.9585
15.31,231.89,231.014,231.452
15.32,229.138,231.868,230.503
15.33,234.461,230.341,232.401
15.34,229.575,234.245,231.91
15.35,234.494,232.169,233.3315
15.36,231.529,229.303,230.416
15.37,230.885,228.479,229.682
15.38,234.7,229.529,232.1145
15.39,233.49,229.333,231.4115
15.4,232.956,231.292,232.124
15.41,232.59,227.42,230.005
15.42,233.88,227.793,230.8365
15.43,231.675,229.715,230.695
15.44,232.027,227.988,230.0075
15.45,229.67,229.697,229.6835
15.46,232.597,228.014,230.3055
15.47,232.138,226.536,229.337
15.48,230.217,227.273,228.745
15.49,232.286,227.761,230.0235
15.5,231.227,228.289,229.758
15.51,232.531,227.742,230.1365
15.52,229.914,225.391,227.6525
15.53,229.626,228.466,229.046
15.54,230.105,227.046,228.5755
15.55,232.133,226.127,229.13
15.56,230.956,226.669,228.8125
15.57,230.442,230.983,230.7125
15.58,231.031,228.051,229.541
15.59,230.258,229.793,230.0255
15.6,234.214,228.702,231.458
15.61,230.71,228.584,229.647
15.62,232.127,226.848,229.4875
15.63,231.096,230.09,230.593
15.64,231.776,227.921,229.8485
15.65,228.513,228.783,228.648
15.66,229.658,226.077,227.8675
15.67,227.485,229.173,228.329
15.68,229.572,230.71,230.141
15.69,231.42,230.416,230.918
15.7,231.463,226.278,228.8705
15.71,227.689,229.364,228.5265
15.72,227.515,225.263,226.389
15.73,229.569,225.101,227.335
15.74,229.035,222.596,225.8155
15.75,232.449,225.838,229.1435
15.76,230.711,228.918,229.8145
15.77,228.92,227.399,228.1595
15.78,229.959,225.778,227.8685
15.79,230.61,227.742,229.176
15.8,229.549,227.481,228.515
15.81,229.092,226.388,227.74
15.82,228.813,228.474,228.6435
15.83,227.96,227.58,227.77
15.84,227.268,226.143,226.7055
15.85,231.061,227.122,229.0915
15.86,231.559,222.025,226.792
15.87,228.318,227.6,227.959
15.88,229.52,226.416,227.968
15.89,230.205,229.9,230.0525
15.9,227.119,223.651,225.385
15.91,226.611,230.496,228.5535
15.92,229.213,226.905,228.059
15.93,232.793,228.017,230.405
15.94,233.126,227.875,230.5005
15.95,234.347,230.778,232.5625
15.96,234.298,230.942,232.62
15.97,231.7,229.119,230.4095
15.98,231.757,227.531,229.644
15.99,232.45,229.167,230.8085
16,233.771,230.241,232.006
16.01,226.825,230.454,228.6395
16.02,230.474,229.356,229.915
16.03,231.826,231.123,231.4745
16.04,229.053,231.948,230.5005
16.05,228.672,229.996,229.334
16.06,230.224,232.111,231.1675
16.07,231.781,228.73,230.2555
16.08,232.391,225.2,228.7955
16.09,233.923,230.076,231.9995
16.1,233.438,223.659,228.5485
16.11,230.755,226.607,228.681
16.12,234.276,230.076,232.176
16.13,231.326,229.265,230.2955
16.14,233.356,228.302,230.829
16.15,234.875,233.134,234.0045
16.16,233.125,229.762,231.4435
16.17,235.521,226.17,230.8455
16.18,231.667,226.281,228.974
16.19,234.652,230.465,232.5585
16.2,231.173,224.766,227.9695
16.21,230.919,227.772,229.3455
16.22,233.782,230.219,232.0005
16.23,234.75,231.36,233.055
16.24,236.336,231.332,233.834
16.25,234.019,233.025,233.522
16.26,232.709,231.516,232.1125
16.27,232.054,230.321,231.1875
16.28,231.754,229.157,230.4555
16.29,237.119,229.223,233.171
16.3,235.968,230.515,233.2415
16.31,233.976,232.94,233.458
16.32,231.909,231.762,231.8355
16.33,232.072,232.145,232.1085
16.34,237.764,232.545,235.1545
16.35,234.129,230.729,232.429
16.36,235.326,229.88,232.603
16.37,235.848,230.793,233.3205
16.38,234.765,231.214,232.9895
16.39,235.205,229.091,232.148
16.4,234.143,229.872,232.0075
16.41,232.836,233.247,233.0415
16.42,233.999,230.117,232.058
16.43,231.765,233.13,232.4475
16.44,232.191,233.065,232.628
16.45,236.448,229.605,233.0265
16.46,234.476,231.366,232.921
16.47,236.55,227.495,232.0225
16.48,233.674,226.493,230.0835
16.49,235.172,231.291,233.2315
16.5,232.567,229.926,231.2465
16.51,235.761,227.884,231.8225
16.52,235.131,232.25,233.6905
16.53,235.989,229.633,232.811
16.54,231.546,229.803,230.6745
16.55,231.547,227.097,229.322
16.56,234.296,224.985,229.6405
16.57,236.902,227.147,232.0245
16.58,233.748,229.618,231.683
16.59,233.667,230.058,231.8625
16.6,233.866,229.932,231.899
16.61,234.969,228.984,231.9765
16.62,231.38,226.18,228.78
16.63,230.79,226.397,228.5935
16.64,232.349,227.851,230.1
16.65,230.787,229.991,230.389
16.66,234.823,227.262,231.0425
16.67,237.26,228.6,232.93
16.68,235.47,227.834,231.652
16.69,236.757,226.512,231.6345
16.7,232.264,231.248,231.756
16.71,233.391,228.973,231.182
16.72,235.69,230.133,232.9115
16.73,235.317,227.621,231.469
16.74,233.034,232.811,232.9225
16.75,230.791,226.703,228.747
16.76,232.72,227.852,230.286
16.77,231.827,228.776,230.3015
16.78,234.008,225.276,229.642
16.79,234.13,227.42,230.775
16.8,232.894,226.742,229.818
16.81,233.987,224.505,229.246
16.82,233.862,224.967,229.4145
16.83,233.46,228.901,231.1805
16.84,234.906,221.456,228.181
16.85,229.768,225.525,227.6465
16.86,235.209,225.977,230.593
16.87,235.001,228.887,231.944
16.88,236.966,224.919,230.9425
16.89,236.892,222.633,229.7625
16.9,234.328,225.527,229.9275
16.91,238.83,228.226,233.528
16.92,230.285,225.489,227.887
16.93,237.279,229.426,233.3525
16.94,232.983,232.237,232.61
16.95,235.341,225.793,230.567
16.96,236.104,224.926,230.515
16.97,240.832,226.06,233.446
16.98,239.993,227.785,233.889
16.99,239.827,227.442,233.6345
17,234.315,230.095,232.205
17.01,237.456,225.499,231.4775
17.02,237.349,226.986,232.1675
17.03,234.821,231.555,233.188
17.04,234.605,229.776,232.1905
17.05,231.051,225.201,228.126
17.06,234.601,225.684,230.1425
17.07,237.367,226.82,232.0935
17.08,235.261,230.766,233.0135
17.09,235.224,227.51,231.367
17.1,234.812,227.17,230.991
17.11,235.785,229.454,232.6195
17.12,236.409,233.376,234.8925
17.13,237.071,227.657,232.364
17.14,233.783,228.535,231.159
17.15,229.584,226.626,228.105
17.16,231.416,225.896,228.656
17.17,232.443,229.839,231.141
17.18,229.49,228.179,228.8345
17.19,228.946,228.455,228.7005
17.2,229.722,231.117,230.4195
17.21,228.084,226.154,227.119
17.22,228.554,226.175,227.3645
17.23,231.474,225.518,228.496
17.24,230.42,229.642,230.031
17.25,230.746,225.768,228.257
17.26,228.944,225.481,227.2125
17.27,233.491,229.945,231.718
17.28,230.697,225.249,227.973
17.29,229.548,229.253,229.4005
17.3,232.039,225.757,228.898
17.31,232.777,226.97,229.8735
17.32,234.065,227.892,230.9785
17.33,233.533,225.988,229.7605
17.34,234.391,226.215,230.303
17.35,233.35,227.783,230.5665
17.36,229.895,225.989,227.942
17.37,229.786,227.187,228.4865
17.38,229.998,226.161,228.0795
17.39,228.595,225.673,227.134
17.4,231.894,227.31,229.602
17.41,228.758,226.148,227.453
17.42,229.88,228.244,229.062
17.43,228.8,228.911,228.8555
17.44,231.928,231.638,231.783
17.45,228.926,227.679,228.3025
17.46,227.474,231.126,229.3
17.47,228.391,230.038,229.2145
17.48,231.906,228.065,229.9855
17.49,231.406,232.554,231.98
17.5,227.663,226.361,227.012
17.51,228.612,226.507,227.5595
17.52,227.805,228.291,228.048
17.53,228.573,227.359,227.966
17.54,228.671,227.796,228.2335
17.55,227.222,225.908,226.565
17.56,230.685,223.341,227.013
17.57,229.678,229.13,229.404
17.58,227.876,226.724,227.3
17.59,229.227,225.555,227.391
17.6,226.113,225.051,225.582
17.61,228.213,224.258,226.2355
17.62,230.079,224.967,227.523
17.63,224.951,226.363,225.657
17.64,226.656,225.822,226.239
17.65,226.629,225.414,226.0215
17.66,228.23,225.436,226.833
17.67,227.824,225.435,226.6295
17.68,227.748,225.925,226.8365
17.69,226.068,221.916,223.992
17.7,228.585,227.625,228.105
17.71,227.563,228.293,227.928
17.72,226.961,225.089,226.025
17.73,231.097,224.067,227.582
17.74,228.418,229.212,228.815
17.75,229.014,228.71,228.862
17.76,231.784,227.144,229.464
17.77,226.649,226.603,226.626
17.78,227.209,229.062,228.1355
17.79,226.798,226.607,226.7025
17.8,229.643,225.178,227.4105
17.81,222.991,225.87,224.4305
17.82,228.628,221.44,225.034
17.83,228.856,228.125,228.4905
17.84,229.339,225.636,227.4875
17.85,228.164,223.243,225.7035
17.86,224.719,227.075,225.897
17.87,229.026,225.829,227.4275
17.88,232.175,226.453,229.314
17.89,229.402,222.678,226.04
17.9,229.878,226.35,228.114
17.91,228.165,223.207,225.686
17.92,232.255,227.271,229.763
17.93,226.613,226.006,226.3095
17.94,229.186,226.951,228.0685
17.95,228.158,226.536,227.347
17.96,229.953,223.1,226.5265
17.97,228.351,225.565,226.958
17.98,225.231,229.407,227.319
17.99,226.55,228.866,227.708
18,228.863,226.774,227.8185
18.01,226.546,225.427,225.9865
18.02,225.541,222.652,224.0965
18.03,223.432,222.355,222.8935
18.04,224.785,224.947,224.866
18.05,225.518,225.447,225.4825
18.06,224.035,226.217,225.126
18.07,227.042,226.293,226.6675
18.08,227.125,229.585,228.355
18.09,226.71,225.562,226.136
18.1,229.151,228.128,228.6395
18.11,226.523,227.876,227.1995
18.12,229.568,231.06,230.314
18.13,227.428,227.942,227.685
18.14,229.867,225.434,227.6505
18.15,225.786,227.593,226.6895
18.16,228.367,229.967,229.167
18.17,231.901,226.508,229.2045
18.18,230.525,226.49,228.5075
18.19,226.508,228.794,227.651
18.2,227.723,226.855,227.289
18.21,229.187,225.669,227.428
18.22,230.494,228.829,229.6615
18.23,228.977,226.656,227.8165
18.24,230.006,227.302,228.654
18.25,228.38,227.788,228.084
18.26,229.775,232.207,230.991
18.27,231.586,228.284,229.935
18.28,229.051,228.305,228.678
18.29,230.209,227.722,228.9655
18.3,231.114,226.78,228.947
18.31,229.714,229.576,229.645
18.32,224.849,231.133,227.991
18.33,227.671,224.593,226.132
18.34,225.413,225.289,225.351
18.35,229.488,225.996,227.742
18.36,227.9,227.115,227.5075
18.37,232.258,227.841,230.0495
18.38,233.398,226.327,229.8625
18.39,230.96,225.936,228.448
18.4,234.302,222.261,228.2815
18.41,230.01,229.157,229.5835
18.42,228.734,228.088,228.411
18.43,232.263,226.79,229.5265
18.44,232.289,224.842,228.5655
18.45,233.704,227.575,230.6395
18.46,233.194,223.84,228.517
18.47,234.86,224.41,229.635
18.48,231.773,226.205,228.989
18.49,230.872,224.416,227.644
18.5,234.168,226.899,230.5335
18.51,232.495,227.304,229.8995
18.52,232.639,222.918,227.7785
18.53,229.536,223.636,226.586
18.54,233.324,222.857,228.0905
18.55,228.645,222.88,225.7625
18.56,231.207,224.358,227.7825
18.57,228.31,223.825,226.0675
18.58,234.865,220.164,227.5145
18.59,233.654,222.701,228.1775
18.6,230.695,219.948,225.3215
18.61,232.283,223.957,228.12
18.62,229.289,221.817,225.553
18.63,229.709,223.249,226.479
18.64,229.955,229.787,229.871
18.65,228.784,225.126,226.955
18.66,231.527,226.947,229.237
18.67,229.209,225.646,227.4275
18.68,226.788,223.477,225.1325
18.69,230.627,224.82,227.7235
18.7,232.427,225.053,228.74
18.71,224.861,222.585,223.723
18.72,229.481,224.769,227.125
18.73,228.493,226.919,227.706
18.74,228.066,223.352,225.709
18.75,230.181,228.714,229.4475
18.76,231.666,222.975,227.3205
18.77,230.03,225.163,227.5965
18.78,231.75,226.412,229.081
18.79,228.651,225.03,226.8405
18.8,228.592,231.75,230.171
18.81,227.86,227.746,227.803
18.82,225.003,226.562,225.7825
18.83,227.021,222.932,224.9765
18.84,228.06,220.54,224.3
18.85,229.755,222.585,226.17
18.86,228.558,219.86,224.209
18.87,228.906,219.499,224.2025
18.88,227.534,220.83,224.182
18.89,226.559,223.777,225.168
18.9,226.666,221.75,224.208
18.91,223.95,223.892,223.921
18.92,225.414,222.866,224.14
18.93,227.172,223.112,225.142
18.94,227.725,223.774,225.7495
18.95,228.262,222.964,225.613
18.96,227.315,226.027,226.671
18.97,227.631,226.405,227.018
18.98,225.131,223.586,224.3585
18.99,230.524,223.678,227.101
19,227.323,225.807,226.565
19.01,228.98,223.873,226.4265
19.02,232.995,224.843,228.919
19.03,228.331,227.591,227.961
19.04,229.544,227.9,228.722
19.05,226.678,229.821,228.2495
19.06,227.669,229.924,228.7965
19.07,227.39,228.67,228.03
19.08,227.128,226.712,226.92
19.09,226.579,227.521,227.05
19.1,228.957,225.45,227.2035
19.11,226.879,226.487,226.683
19.12,232.56,226.16,229.36
19.13,228.914,225.631,227.2725
19.14,227.468,225.429,226.4485
19.15,225.381,228.875,227.128
19.16,228.103,228.278,228.1905
19.17,228.143,226.242,227.1925
19.18,228.494,224.249,226.3715
19.19,228.143,225.536,226.8395
19.2,227.846,228.7,228.273
19.21,226.371,225.489,225.93
19.22,228.753,225.715,227.234
19.23,229.22,222.601,225.9105
19.24,226.376,223.798,225.087
19.25,227.717,224.98,226.3485
19.26,232.394,229.187,230.7905
19.27,228.425,229.522,228.9735
19.28,229.415,225.084,227.2495
19.29,229.105,230.232,229.6685
19.3,228.235,226.809,227.522
19.31,226.79,227.191,226.9905
19.32,224.461,225.733,225.097
19.33,231.374,228.094,229.734
19.34,230.812,227.607,229.2095
19.35,229.145,227.68,228.4125
19.36,226.78,226.623,226.7015
19.37,229.183,227.765,228.474
19.38,225.252,227.553,226.4025
19.39,227.162,227.421,227.2915
19.4,224.624,227.334,225.979
19.41,228.752,230.435,229.5935
19.42,227.061,225.161,226.111
19.43,223.781,225.607,224.694
19.44,227.86,225.437,226.6485
19.45,223.199,225.404,224.3015
19.46,230.26,223.776,227.018
19.47,231.289,226.396,228.8425
19.48,228.454,225.868,227.161
19.49,230.781,227.818,229.2995
19.5,228.098,227.617,227.8575
19.51,228.861,227.51,228.1855
19.52,230.04,226.894,228.467
19.53,229.177,226.322,227.7495
19.54,229.024,224.701,226.8625
19.55,225.536,227.452,226.494
19.56,231.915,226.873,229.394
19.57,229.095,226.984,228.0395
19.58,227.636,228.483,228.0595
19.59,233.887,225.848,229.8675
19.6,229.025,226.867,227.946
19.61,231.35,227.665,229.5075
19.62,232.39,228.6,230.495
19.63,230.278,224.949,227.6135
19.64,232.983,225.134,229.0585
19.65,229.527,227.291,228.409
19.66,231.666,229.444,230.555
19.67,227.213,230.897,229.055
19.68,232.742,226.806,229.774
19.69,231.418,227.827,229.6225
19.7,232.63,226.545,229.5875
19.71,232.907,225.448,229.1775
19.72,231.414,221.382,226.398
19.73,227.115,225.03,226.0725
19.74,230.579,226.783,228.681
19.75,229.858,223.206,226.532
19.76,230.153,225.933,228.043
19.77,229.358,227.587,228.4725
19.78,230.202,227.332,228.767
19.79,228.787,226.121,227.454
19.8,225.832,225.877,225.8545
19.81,233.165,226.419,229.792
19.82,229.864,225.122,227.493
19.83,224.664,227.181,225.9225
19.84,230.196,221.892,226.044
19.85,229.848,227.826,228.837
19.86,227.691,224.067,225.879
19.87,228.381,226.058,227.2195
19.88,231.436,224.238,227.837
19.89,229.26,222.85,226.055
19.9,230.411,220.711,225.561
19.91,230.573,223.252,226.9125
19.92,230.651,223.725,227.188
19.93,230.842,223.553,227.1975
19.94,228.62,220.486,224.553
19.95,231.122,221.247,226.1845
19.96,230.514,223.011,226.7625
19.97,229.008,227.376,228.192
19.98,233.663,225.187,229.425
19.99,234.787,226.222,230.5045
20,232.277,227.742,230.0095
20.01,233.231,225.193,229.212
20.02,230.481,226.81,228.6455
20.03,230.47,224.761,227.6155
20.04,231.414,229.204,230.309
20.05,232.493,225.325,228.909
20.06,230.851,225.707,228.279
20.07,233.859,228.9,231.3795
20.08,231.451,225.653,228.552
20.09,232.393,228.258,230.3255
20.1,230.134,226.773,228.4535
20.11,227.91,226.166,227.038
20.12,231.065,228.132,229.5985
20.13,229.106,227.157,228.1315
20.14,236.491,229.4,232.9455
20.15,232.711,227.858,230.2845
20.16,234.223,225.249,229.736
20.17,230.848,229.911,230.3795
20.18,230.814,228.571,229.6925
20.19,230.476,225.553,228.0145
20.2,230.797,227.968,229.3825
20.21,233.839,226.732,230.2855
20.22,232.048,230.689,231.3685
20.23,233.912,233.006,233.459
20.24,230.754,233.054,231.904
20.25,232.059,230.138,231.0985
20.26,233.567,235.047,234.307
20.27,239.316,228.499,233.9075
20.28,236.737,229.439,233.088
20.29,237.989,232.07,235.0295
20.3,238.06,229.73,233.895
20.31,235.612,232.371,233.9915
20.32,235.177,230.864,233.0205
20.33,233.646,231.884,232.765
20.34,233.164,228.108,230.636
20.35,237.127,229.645,233.386
20.36,233.374,225.86,229.617
20.37,232.008,229.936,230.972
20.38,232.696,231.258,231.977
20.39,230.965,230.424,230.6945
20.4,229.197,232.817,231.007
20.41,229.611,232.183,230.897
20.42,227.228,228.752,227.99
20.43,228.266,231.189,229.7275
20.44,228.797,230.76,229.7785
20.45,228.923,228.571,228.747
20.46,230.38,227.644,229.012
20.47,231.813,229.618,230.7155
20.48,232.15,227.7,229.925
20.49,233.076,228.577,230.8265
20.5,232.447,226.043,229.245
20.51,230.155,225.177,227.666
20.52,228.773,228.606,228.6895
20.53,231.668,230.129,230.8985
20.54,229.544,228.074,228.809
20.55,230.275,227.697,228.986
20.56,231.382,231.924,231.653
20.57,229.551,227.828,228.6895
20.58,229.729,229.424,229.5765
20.59,232.738,225.889,229.3135
20.6,233.105,231.923,232.514
20.61,237.182,231.082,234.132
20.62,234.275,229.334,231.8045
20.63,236.239,231.598,233.9185
20.64,233.009,233.108,233.0585
20.65,231.344,229.09,230.217
20.66,233.686,226.284,229.985
20.67,232.427,228.794,230.6105
20.68,232.174,233.436,232.805
20.69,231.17,230.963,231.0665
20.7,227.811,227.691,227.751
20.71,231.771,231.411,231.591
20.72,233.871,229.45,231.6605
20.73,230.852,232.638,231.745
20.74,233.871,233.165,233.518
20.75,232.188,227.132,229.66
20.76,232.843,233.557,233.2
20.77,236.973,231.886,234.4295
20.78,232.601,232.386,232.4935
20.79,229.622,230.441,230.0315
20.8,231.815,230.262,231.0385
20.81,228.986,228.342,228.664
20.82,229.69,231.467,230.5785
20.83,231.245,228.039,229.642
20.84,231.417,229.25,230.3335
20.85,230.898,232.959,231.9285
20.86,232.862,227.628,230.245
20.87,234.885,228.801,231.843
20.88,233.586,227.77,230.678
20.89,231.228,230.143,230.6855
20.9,235.236,225.654,230.445
20.91,234.021,227.086,230.5535
20.92,236.098,230.853,233.4755
20.93,232.978,229.484,231.231
20.94,234.656,226.706,230.681
20.95,232.69,230.363,231.5265
20.96,236.566,226.407,231.4865
20.97,235.551,227.077,231.314
20.98,232.495,227.867,230.181
20.99,237.013,229.824,233.4185
21,232.352,229.91,231.131
21.01,231.401,229.974,230.6875
21.02,232.519,230.932,231.7255
21.03,234.723,228.34,231.5315
21.04,231.559,230.769,231.164
21.05,234.515,231.249,232.882
21.06,236.626,226.919,231.7725
21.07,233.389,229.341,231.365
21.08,232.698,226.476,229.587
21.09,230.537,226.606,228.5715
21.1,233.205,226.377,229.791
21.11,230.229,230.408,230.3185
21.12,232.447,230,231.2235
21.13,232.522,231.61,232.066
21.14,234.972,231.158,233.065
21.15,232.112,229.923,231.0175
21.16,232.495,233.015,232.755
21.17,235.229,229.032,232.1305
21.18,238.678,231.122,234.9
21.19,237.122,228.827,232.9745
21.2,235.183,228.604,231.8935
21.21,236.213,231.507,233.86
21.22,236.607,231.307,233.957
21.23,236.041,228.651,232.346
21.24,230.307,227.442,228.8745
21.25,230.096,229.732,229.914
21.26,233.065,231.307,232.186
21.27,229.362,228.965,229.1635
21.28,230.77,228.046,229.408
21.29,228.152,228.918,228.535
21.3,228.261,230.931,229.596
21.31,228.895,232.426,230.6605
21.32,229.121,229.517,229.319
21.33,230.803,227.708,229.2555
21.34,231.719,229.241,230.48
21.35,230.583,228.069,229.326
21.36,231.467,228.954,230.2105
21.37,230.545,227.226,228.8855
21.38,228.59,227.012,227.801
21.39,230.737,228.41,229.5735
21.4,228.194,229.121,228.6575
21.41,232.551,231.574,232.0625
21.42,231.383,228.469,229.926
21.43,228.869,230.357,229.613
21.44,226.085,231.874,228.9795
21.45,227.493,231.168,229.3305
21.46,230.605,228.342,229.4735
21.47,227.847,225.279,226.563
21.48,228.402,226.68,227.541
21.49,228.505,227.938,228.2215
21.5,230.329,221.757,226.043
21.51,226.393,225.607,226
21.52,231.937,227.828,229.8825
21.53,227.348,228.2,227.774
21.54,227.928,227.899,227.9135
21.55,232.326,228.9,230.613
21.56,231.591,227.811,229.701
21.57,232.418,230.322,231.37
21.58,235.042,233.767,234.4045
21.59,231.636,227.101,229.3685
21.6,233.248,227.286,230.267
21.61,230.704,227.066,228.885
21.62,234.412,227.193,230.8025
21.63,236.618,227.746,232.182
21.64,231.506,228.229,229.8675
21.65,229.84,224.881,227.3605
21.66,235.339,224.334,229.8365
21.67,232.884,230.724,231.804
21.68,231.195,229.051,230.123
21.69,230.115,229.922,230.0185
21.7,231.139,230.012,230.5755
21.71,232.152,226.123,229.1375
21.72,232.841,225.883,229.362
21.73,228.037,225.079,226.558
21.74,229.383,224.202,226.7925
21.75,229.498,228.133,228.8155
21.76,230.682,226.807,228.7445
21.77,228.564,230.569,229.5665
21.78,230.303,229.611,229.957
21.79,231.959,228.464,230.2115
21.8,231.426,227.987,229.7065
21.81,231.135,229.142,230.1385
21.82,229.014,224.686,226.85
21.83,233.701,227.926,230.8135
21.84,231.477,228.1,229.7885
21.85,236.561,228.885,232.723
21.86,230.838,227.83,229.334
21.87,231.161,227.901,229.531
21.88,227.237,230.308,228.7725
21.89,228.632,226.795,227.7135
21.9,229.21,230.586,229.898
21.91,225.529,226.215,225.872
21.92,229.047,229.014,229.0305
21.93,228.182,226.614,227.398
21.94,230.697,225.514,228.1055
21.95,229.421,229.074,229.2475
21.96,232.19,224.76,228.475
21.97,231.619,226.072,228.8455
21.98,232.375,227.909,230.142
21.99,235.327,223.645,229.486
22,233.103,229.079,231.091
22.01,234.565,228.017,231.291
22.02,233.229,228.99,231.1095
22.03,234.147,229.982,232.0645
22.04,230.9,229.888,230.394
22.05,234.117,226.323,230.22
22.06,231.99,230.613,231.3015
22.07,231.28,228.736,230.008
22.08,231.384,225.909,228.6465
22.09,230.843,226.617,228.73
22.1,229.978,229.803,229.8905
22.11,232.39,229.318,230.854
22.12,229.325,229.149,229.237
22.13,229.748,225.636,227.692
22.14,229.2,227.044,228.122
22.15,229.854,224.538,227.196
22.16,234.902,225.39,230.146
22.17,232.218,229.16,230.689
22.18,237.34,227.81,232.575
22.19,238.644,226.169,232.4065
22.2,233.52,230.444,231.982
22.21,232.69,231.501,232.0955
22.22,231.96,229.653,230.8065
22.23,235.584,223.187,229.3855
22.24,234.592,228.065,231.3285
22.25,235.005,227.716,231.3605
22.26,231.374,224.532,227.953
22.27,232.706,225.309,229.0075
22.28,234.253,227.29,230.7715
22.29,234.296,229.953,232.1245
22.3,231.165,226.775,228.97
22.31,230.786,227.508,229.147
22.32,229.25,227.519,228.3845
22.33,228.57,229.844,229.207
22.34,231.008,227.852,229.43
22.35,229.377,225.557,227.467
22.36,230.424,225.192,227.808
22.37,231.683,223.927,227.805
22.38,231.804,224.514,228.159
22.39,233.369,225.57,229.4695
22.4,232.022,225.039,228.5305
22.41,228.633,230.445,229.539
22.42,226.42,228.876,227.648
22.43,231.396,228.013,229.7045
22.44,231.952,227.736,229.844
22.45,232.43,228.562,230.496
22.46,232.392,227.14,229.766
22.47,231.293,229.482,230.3875
22.48,230.324,226.65,228.487
22.49,227.801,226.922,227.3615
22.5,231.479,228.325,229.902
22.51,230.594,227.371,228.9825
22.52,231.306,227.028,229.167
22.53,227.778,230.977,229.3775
22.54,231.331,229.757,230.544
22.55,229.774,229.004,229.389
22.56,228.504,228.21,228.357
22.57,229.356,229.913,229.6345
22.58,230.079,227.74,228.9095
22.59,229.734,227.774,228.754
22.6,228.617,226.747,227.682
22.61,229.368,226.326,227.847
22.62,228.407,228.392,228.3995
22.63,228.76,226.199,227.4795
22.64,230.491,223.898,227.1945
22.65,229.069,228.254,228.6615
22.66,227.81,229.596,228.703
22.67,226.419,226.551,226.485
22.68,227.753,227.898,227.8255
22.69,229.201,230.981,230.091
22.7,225.773,227.545,226.659
22.71,227.055,225.463,226.259
22.72,229.352,225.313,227.3325
22.73,226.65,223.882,225.266
22.74,228.363,225.533,226.948
22.75,229.083,226.571,227.827
22.76,224.625,226.655,225.64
22.77,227.424,227.82,227.622
22.78,227.221,225.581,226.401
22.79,227.017,228.143,227.58
22.8,227.394,229.231,228.3125
22.81,231.691,225.171,228.431
22.82,231.902,224.861,228.3815
22.83,229.891,223.55,226.7205
22.84,227.061,225.62,226.3405
22.85,231.618,226.193,228.9055
22.86,230.086,227.6,228.843
22.87,230.524,226.778,228.651
22.88,228.184,223.841,226.0125
22.89,227.729,226.075,226.902
22.9,228.642,225.738,227.19
22.91,229.029,223.226,226.1275
22.92,228.152,225.485,226.8185
22.93,229.534,227.51,228.522
22.94,232.61,227.636,230.123
22.95,230.877,221.881,226.379
22.96,231.895,225.92,228.9075
22.97,230.099,226.93,228.5145
22.98,231.652,229.57,230.611
22.99,231.05,226.79,228.92
23,230.98,229.239,230.1095
23.01,230.684,226.287,228.4855
23.02,231.63,229.558,230.594
23.03,230.741,232.542,231.6415
23.04,229.703,228.459,229.081
23.05,230.206,225.889,228.0475
23.06,233.79,226.817,230.3035
23.07,231.627,228.227,229.927
23.08,232.031,227.298,229.6645
23.09,232.525,224.911,228.718
23.1,230.782,228.189,229.4855
23.11,232.639,226.221,229.43
23.12,230.631,230.223,230.427
23.13,233.406,229.882,231.644
23.14,228.501,228.972,228.7365
23.15,230.053,227.69,228.8715
23.16,231.802,226.619,229.2105
23.17,231.877,229.396,230.6365
23.18,229.88,224.707,227.2935
23.19,229.787,228.416,229.1015
23.2,228.452,228.191,228.3215
23.21,229.486,223.673,226.5795
23.22,230.923,226.264,228.5935
23.23,230.136,226.221,228.1785
23.24,228.766,224.271,226.5185
23.25,230.38,229.596,229.988
23.26,228.221,228.732,228.4765
23.27,226.517,229.037,227.777
23.28,225.098,227.828,226.463
23.29,225.235,225.177,225.206
23.3,228.029,226.992,227.5105
23.31,226.961,226.736,226.8485
23.32,228.267,227.272,227.7695
23.33,229.951,231.331,230.641
23.34,226.111,227.37,226.7405
23.35,226.967,225.481,226.224
23.36,230.438,226.133,228.2855
23.37,231.597,226.595,229.096
23.38,229.817,224.3,227.0585
23.39,231.188,227.537,229.3625
23.4,224.885,227.145,226.015
23.41,227.934,226.014,226.974
23.42,228.154,227.189,227.6715
23.43,228.648,225.014,226.831
23.44,228.33,227.589,227.9595
23.45,228.245,226.829,227.537
23.46,229.501,226.929,228.215
23.47,228.91,227.429,228.1695
23.48,229.163,228.251,228.707
23.49,228.82,228.53,228.675
23.5,232.922,227.372,230.147
23.51,227.995,228.446,228.2205
23.52,227.305,224.846,226.0755
23.53,227.846,228.841,228.3435
23.54,230.168,226.414,228.291
23.55,230.753,225.437,228.095
23.56,228.025,226.605,227.315
23.57,229.896,229.725,229.8105
23.58,229.47,227.345,228.4075
23.59,227.709,228.237,227.973
23.6,226.496,224.481,225.4885
23.61,229.023,227.605,228.314
23.62,228.468,228.608,228.538
23.63,230.54,220.393,225.4665
23.64,228.654,224.547,226.6005
23.65,224.967,224.382,224.6745
23.66,226.193,223.64,224.9165
23.67,224.42,224.356,224.388
23.68,228.631,224.212,226.4215
23.69,230.963,226.276,228.6195
23.7,227.377,225.159,226.268
23.71,229.276,225.342,227.309
23.72,227.096,225.053,226.0745
23.73,229.757,224.384,227.0705
23.74,227.668,224.83,226.249
23.75,226.348,225.643,225.9955
23.76,229.047,222.032,225.5395
23.77,226.954,223.996,225.475
23.78,230.714,222.817,226.7655
23.79,227.361,225.072,226.2165
23.8,233.882,221.439,227.6605
23.81,232.011,222.244,227.1275
23.82,231.445,226.241,228.843
23.83,233.382,225.586,229.484
23.84,230.346,224.063,227.2045
23.85,230.818,223.253,227.0355
23.86,228.058,225.858,226.958
23.87,230.407,224.55,227.4785
23.88,231.745,226.333,229.039
23.89,232.253,225.899,229.076
23.9,226.949,223.037,224.993
23.91,229.419,225.2,227.3095
23.92,232.212,221.321,226.7665
23.93,227.075,228.188,227.6315
23.94,228.322,222.342,225.332
23.95,225.791,223.869,224.83
23.96,228.383,224.81,226.5965
23.97,230.211,223.634,226.9225
23.98,230.187,223.885,227.036
23.99,230.126,222.394,226.26
24,227.265,230.088,228.6765
24.01,227.991,227.197,227.594
24.02,228.418,227.64,228.029
24.03,227.881,227.697,227.789
24.04,228.219,228.882,228.5505
24.05,226.259,225.012,225.6355
24.06,228.327,224.885,226.606
24.07,230.869,229.327,230.098
24.08,228.195,227.272,227.7335
24.09,227.916,224.084,226
24.1,229.766,227.681,228.7235
24.11,231.128,230.398,230.763
24.12,226.884,221.815,224.3495
24.13,230.797,228.447,229.622
24.14,232.813,226.358,229.5855
24.15,230.099,228.16,229.1295
24.16,229.103,224.688,226.8955
24.17,226.572,226.381,226.4765
24.18,233.038,228.578,230.808
24.19,228.432,230.531,229.4815
24.2,231.644,227.971,229.8075
24.21,234.247,225.67,229.9585
24.22,231.722,226.694,229.208
24.23,230.977,224.959,227.968
24.24,230,226.886,228.443
24.25,231.879,224.645,228.262
24.26,228.282,230.314,229.298
24.27,229.425,225.106,227.2655
24.28,225.525,222.52,224.0225
24.29,227.031,227.843,227.437
24.3,228.953,230.196,229.5745
24.31,227.856,228.812,228.334
24.32,227.597,226.692,227.1445
24.33,226.842,226.538,226.69
24.34,226.329,225.279,225.804
24.35,229.908,223.592,226.75
24.36,232.792,226.329,229.5605
24.37,227.271,225.81,226.5405
24.38,229.865,226.111,227.988
24.39,226.495,225.405,225.95
24.4,230.605,224.293,227.449
24.41,230.984,224.827,227.9055
24.42,226.036,227.085,226.5605
24.43,226.608,224.114,225.361
24.44,228.724,226.539,227.6315
24.45,225.283,226.556,225.9195
24.46,224.324,226.764,225.544
24.47,225.718,231.383,228.5505
24.48,229.175,227.257,228.216
24.49,228.508,226.458,227.483
24.5,225.85,227.735,226.7925
24.51,228.199,228.575,228.387
24.52,228.364,225.637,227.0005
24.53,230.449,227.807,229.128
24.54,227.433,226.872,227.1525
24.55,227.721,229.769,228.745
24.56,226.288,228.189,227.2385
24.57,228.299,227.308,227.8035
24.58,229.513,224.778,227.1455
24.59,228.706,231.859,230.2825
24.6,224.362,230.77,227.566
24.61,230.926,229.683,230.3045
24.62,231.555,231.916,231.7355
24.63,230.978,229.81,230.394
24.64,230.958,231.365,231.1615
24.65,233.344,226.897,230.1205
24.66,229.631,229.362,229.4965
24.67,228.591,226.529,227.56
24.68,233.214,227.353,230.2835
24.69,226.545,228.455,227.5
24.7,226.718,225.957,226.3375
24.71,225.401,225.868,225.6345
24.72,228.968,228.144,228.556
24.73,226.384,229.863,228.1235
24.74,230.519,227.987,229.253
24.75,229.752,232.115,230.9335
24.76,225.406,232.674,229.04
24.77,229.153,225.568,227.3605
24.78,231.287,228.295,229.791
24.79,230.634,230.971,230.8025
24.8,231.664,227.283,229.4735
24.81,233.262,226.879,230.0705
24.82,231.709,228.392,230.0505
24.83,232.642,226.959,229.8005
24.84,234.042,226.346,230.194
24.85,233.361,224.895,229.128
24.86,232.618,228.971,230.7945
24.87,234.764,228.459,231.6115
24.88,231.652,231.335,231.4935
24.89,232.361,226.553,229.457
24.9,231.117,224.734,227.9255
24.91,230.778,230.702,230.74
24.92,227.421,230.158,228.7895
24.93,229.351,231.138,230.2445
24.94,229.767,233.466,231.6165
24.95,232.961,230.887,231.924
24.96,230.105,232.81,231.4575
24.97,232.654,230.487,231.5705
24.98,229.1,230.28,229.69
24.99,233.418,231.343,232.3805
25,232.884,228.632,230.758
25.01,230.816,226.381,228.5985
25.02,229.913,229.567,229.74
25.03,232.916,226.042,229.479
25.04,231.563,227.956,229.7595
25.05,228.346,230.664,229.505
25.06,232.359,230.373,231.366
25.07,231.034,228.419,229.7265
25.08,230.008,229.217,229.6125
25.09,231.706,228.778,230.242
25.1,229.148,230.339,229.7435
25.11,229.068,230.449,229.7585
25.12,230.114,230.287,230.2005
25.13,231.571,226.83,229.2005
25.14,227.298,227.931,227.6145
25.15,229.706,228.652,229.179
25.16,230.511,229.302,229.9065
25.17,232.433,229.524,230.9785
25.18,231.647,231.039,231.343
25.19,231.058,228.835,229.9465
25.2,229.489,231.939,230.714
25.21,231.08,230.602,230.841
25.22,230.651,230.31,230.4805
25.23,229.32,230.591,229.9555
25.24,231.956,229.853,230.9045
25.25,227.093,230.201,228.647
25.26,231.748,232.058,231.903
25.27,229.887,233.475,231.681
25.28,229.982,225.946,227.964
25.29,231.068,228.908,229.988
25.3,227.51,230.946,229.228
25.31,227.685,226.921,227.303
25.32,226.206,229.819,228.0125
25.33,224.822,227.917,226.3695
25.34,227.193,229.734,228.4635
25.35,229.986,231.531,230.7585
25.36,228.722,226.168,227.445
25.37,226.822,227.82,227.321
25.38,227.957,227.662,227.8095
25.39,225.481,224.46,224.9705
25.4,225.313,231.219,228.266
25.41,226.353,226.5,226.4265
25.42,225.361,228.501,226.931
25.43,225.396,224.361,224.8785
25.44,226.631,225.439,226.035
25.45,226.334,225.476,225.905
25.46,228.183,227.404,227.7935
25.47,226.395,228.01,227.2025
25.48,228.692,228.507,228.5995
25.49,226.885,226.702,226.7935
25.5,228.064,230.976,229.52
25.51,227.356,227.787,227.5715
25.52,227.802,228.85,228.326
25.53,226.151,225.923,226.037
25.54,228.606,228.304,228.455
25.55,228.053,228.964,228.5085
25.56,226.113,228.351,227.232
25.57,226.203,224.841,225.522
25.58,227.213,224.559,225.886
25.59,227.619,229.346,228.4825
25.6,226.529,227.763,227.146
25.61,227.395,228.877,228.136
25.62,230.329,226.403,228.366
25.63,228.258,226.795,227.5265
25.64,226.626,228.133,227.3795
25.65,227.417,223.851,225.634
25.66,229.768,228.045,228.9065
25.67,229.439,228.235,228.837
25.68,226.867,227.278,227.0725
25.69,230.679,228.087,229.383
25.7,230.263,228.956,229.6095
25.71,227.424,227.227,227.3255
25.72,227.813,228.284,228.0485
25.73,227.145,228.532,227.8385
25.74,227.114,228.169,227.6415
25.75,228.808,229.394,229.101
25.76,227.12,224.578,225.849
25.77,223.539,225.918,224.7285
25.78,228.001,225.134,226.5675
25.79,225.324,223.962,224.643
25.8,230.67,224.057,227.3635
25.81,227.175,225.32,226.2475
25.82,228.459,222.66,225.5595
25.83,228.603,227.99,228.2965
25.84,231.379,222.215,226.797
25.85,230.052,222.082,226.067
25.86,227.282,222.409,224.8455
25.87,228.645,225.078,226.8615
25.88,228.62,225.879,227.2495
25.89,230.815,226.969,228.892
25.9,230.832,222.476,226.654
25.91,227.241,220.132,223.6865
25.92,234.104,227.229,230.6665
25.93,229.607,224.291,226.949
25.94,231.35,226.508,228.929
25.95,232.07,226.145,229.1075
25.96,231.177,228.394,229.7855
25.97,230.443,230.042,230.2425
25.98,233.811,228.139,230.975
25.99,232.783,229.523,231.153
26,228.615,224.68,226.6475
26.01,229.292,227.526,228.409
26.02,229.762,226.049,227.9055
26.03,231.194,230.605,230.8995
26.04,229.443,230.763,230.103
26.05,231.478,230.175,230.8265
26.06,229.38,229.395,229.3875
26.07,225.624,228.449,227.0365
26.08,223.544,231.236,227.39
26.09,225.249,228.006,226.6275
26.1,226,226.075,226.0375
26.11,228.573,228.988,228.7805
26.12,227.325,229.146,228.2355
26.13,231.358,228.305,229.8315
26.14,230.832,227.75,229.291
26.15,226.697,227.673,227.185
26.16,231.606,230.754,231.18
26.17,228.983,228.697,228.84
26.18,229.214,228.175,228.6945
26.19,232.004,228.971,230.4875
26.2,227.435,228.288,227.8615
26.21,229.935,228.52,229.2275
26.22,231.948,232.702,232.325
26.23,227.202,230.187,228.6945
26.24,226.477,224.946,225.7115
26.25,231.038,225.866,228.452
26.26,228.266,227.125,227.6955
26.27,228.732,228.359,228.5455
26.28,228.032,228.635,228.3335
26.29,228.52,228.081,228.3005
26.3,227,227.495,227.2475
26.31,225.58,227.065,226.3225
26.32,227.812,226.602,227.207
26.33,229.606,225.98,227.793
26.34,230.622,228.721,229.6715
26.35,231.801,225.209,228.505
26.36,231.878,228.346,230.112
26.37,226.994,228.65,227.822
26.38,230.759,225.306,228.0325
26.39,230.458,232.592,231.525
26.4,230.177,228.955,229.566
26.41,230.714,229.187,229.9505
26.42,229.97,232.393,231.1815
26.43,227.885,233.22,230.5525
26.44,227.352,228.317,227.8345
26.45,224.685,230.423,227.554
26.46,225.715,230.175,227.945
26.47,227.024,232.425,229.7245
26.48,226.423,230.525,228.474
26.49,226.913,227.452,227.1825
26.5,230.424,226.676,228.55
26.51,228.671,228.953,228.812
26.52,224.286,229.159,226.7225
26.53,227.996,233.09,230.543
26.54,228.569,227.913,228.241
26.55,229.131,225.119,227.125
26.56,226.539,229.202,227.8705
26.57,229.625,230.721,230.173
26.58,226.347,227.913,227.13
26.59,230.809,226.753,228.781
26.6,226.546,228.78,227.663
26.61,229.121,227.661,228.391
26.62,231.312,227.5,229.406
26.63,230.096,229.122,229.609
26.64,229.487,224.457,226.972
26.65,229.559,226.591,228.075
26.66,227.114,223.77,225.442
26.67,226.42,223.686,225.053
26.68,226.234,228.993,227.6135
26.69,229.158,223.031,226.0945
26.7,229.497,226.258,227.8775
26.71,229.17,223.487,226.3285
26.72,229.693,226.973,228.333
26.73,227.663,225.678,226.6705
26.74,228.893,226.452,227.6725
26.75,231.129,226.981,229.055
26.76,230.987,227.584,229.2855
26.77,229.044,225.197,227.1205
26.78,227.771,225.654,226.7125
26.79,232.217,225.107,228.662
26.8,228.949,226.192,227.5705
26.81,231.843,227.712,229.7775
26.82,228.867,225.855,227.361
26.83,227.184,227.121,227.1525
26.84,231.318,224.558,227.938
26.85,231.961,223.853,227.907
26.86,227.462,227.589,227.5255
26.87,232.524,227.527,230.0255
26.88,231.775,225.803,228.789
26.89,230.251,224.938,227.5945
26.9,229.831,223.738,226.7845
26.91,228.831,227.175,228.003
26.92,229.853,225.027,227.44
26.93,229.332,227.316,228.324
26.94,228.914,229.589,229.2515
26.95,228.019,225.815,226.917
26.96,225.911,228.407,227.159
26.97,229.051,228.248,228.6495
26.98,231.096,224.832,227.964
26.99,227.545,229.252,228.3985
27,227.742,227.696,227.719
27.01,229.104,231.571,230.3375
27.02,229.289,230.281,229.785
27.03,227.389,227.626,227.5075
27.04,227.23,231.465,229.3475
27.05,225.354,228.877,227.1155
27.06,229.581,229.788,229.6845
27.07,229.363,226.297,227.83
27.08,228.824,228.106,228.465
27.09,231.291,226.106,228.6985
27.1,229.125,229.93,229.5275
27.11,225.627,227.644,226.6355
27.12,226.761,227.705,227.233
27.13,228.647,228.984,228.8155
27.14,226.836,227.216,227.026
27.15,231.713,229.247,230.48
27.16,229.274,230.238,229.756
27.17,231.544,231.277,231.4105
27.18,234.267,230.184,232.2255
27.19,231.051,229.632,230.3415
27.2,231.257,231.53,231.3935
27.21,230.275,233.08,231.6775
27.22,230.953,229.665,230.309
27.23,231.658,229.402,230.53
27.24,233.577,230.73,232.1535
27.25,230.852,225.42,228.136
27.26,230.438,228.526,229.482
27.27,229.844,228.494,229.169
27.28,229.828,231.641,230.7345
27.29,229.695,229.946,229.8205
27.3,233.149,232.301,232.725
27.31,230.559,231.756,231.1575
27.32,233.348,234.979,234.1635
27.33,231.508,227.955,229.7315
27.34,234.117,230.305,232.211
27.35,230.935,228.73,229.8325
27.36,230.252,231.847,231.0495
27.37,228.33,230.446,229.388
27.38,227.48,226.414,226.947
27.39,230.189,229.806,229.9975
27.4,233.343,227.922,230.6325
27.41,230.498,228.437,229.4675
27.42,231.428,228.841,230.1345
27.43,234.289,226.295,230.292
27.44,230.25,223.923,227.0865
27.45,230.91,227.502,229.206
27.46,230.65,229.662,230.156
27.47,227.651,229.919,228.785
27.48,234.126,230.225,232.1755
27.49,234.743,229.077,231.91
27.5,234.129,228.563,231.346
27.51,231.575,230.017,230.796
27.52,233.199,228.142,230.6705
27.53,230.823,228.174,229.4985
27.54,231.594,231.092,231.343
27.55,232.992,224.347,228.6695
27.56,229.289,225.982,227.6355
27.57,225.628,228.692,227.16
27.58,228.801,227.586,228.1935
27.59,229.683,230.105,229.894
27.6,230.579,228.789,229.684
27.61,228.37,227.752,228.061
27.62,232.227,229.28,230.7535
27.63,230.312,229.586,229.949
27.64,229.531,228.836,229.1835
27.65,231.371,230.613,230.992
27.66,228.508,227.282,227.895
27.67,233.868,226.077,229.9725
27.68,231.052,228.141,229.5965
27.69,230.814,230.097,230.4555
27.7,234.351,230.268,232.3095
27.71,230.754,228.749,229.7515
27.72,232.952,228.893,230.9225
27.73,232.632,231.231,231.9315
27.74,226.977,229.273,228.125
27.75,229.804,226.779,228.2915
27.76,232.346,226.963,229.6545
27.77,233.913,226.427,230.17
27.78,230.841,225.669,228.255
27.79,232.044,223.469,227.7565
27.8,231.625,226.713,229.169
27.81,232.156,226.315,229.2355
27.82,230.948,227.631,229.2895
27.83,232.444,228.766,230.605
27.84,230.67,232.799,231.7345
27.85,231.283,231.008,231.1455
27.86,231.618,229.089,230.3535
27.87,233.257,229.54,231.3985
27.88,234.038,226.165,230.1015
27.89,231.816,227.151,229.4835
27.9,231.751,225.738,228.7445
27.91,230.504,226.162,228.333
27.92,229.644,225.433,227.5385
27.93,233.774,227.65,230.712
27.94,230.418,230.608,230.513
27.95,238.289,230.142,234.2155
27.96,230.144,230.295,230.2195
27.97,231.343,226.733,229.038
27.98,229.201,230.899,230.05
27.99,236.091,228.341,232.216
28,234.552,226.826,230.689
28.01,234.113,228.595,231.354
28.02,232.719,229.137,230.928
28.03,233.986,225.128,229.557
28.04,233.755,229.137,231.446
28.05,233.288,228.638,230.963
28.06,232.184,229.172,230.678
28.07,228.992,224.187,226.5895
28.08,234.182,228.156,231.169
28.09,236.864,225.247,231.0555
28.1,234.133,224.992,229.5625
28.11,236.736,224.739,230.7375
28.12,235.409,227.204,231.3065
28.13,234.282,228.539,231.4105
28.14,232.314,227.99,230.152
28.15,230.202,225.372,227.787
28.16,235.183,225.022,230.1025
28.17,233.664,225.474,229.569
28.18,229.427,227.341,228.384
28.19,235.563,229.218,232.3905
28.2,230.343,225.193,227.768
28.21,231.073,228.18,229.6265
28.22,228.105,228.193,228.149
28.23,230.345,226.293,228.319
28.24,229.379,225.302,227.3405
28.25,227.089,229.289,228.189
28.26,228.726,228.639,228.6825
28.27,229.894,225.826,227.86
28.28,229.762,225.187,227.4745
28.29,227.259,228.408,227.8335
28.3,227.227,226.762,226.9945
28.31,228.696,225.656,227.176
28.32,226.916,223.838,225.377
28.33,228.566,228.401,228.4835
28.34,228.417,229.318,228.8675
28.35,228.431,227.426,227.9285
28.36,230.393,225.475,227.934
28.37,228.694,228.67,228.682
28.38,224.509,227.426,225.9675
28.39,229.717,227.491,228.604
28.4,229.156,228.494,228.825
28.41,230.487,230.409,230.448
28.42,229.922,226.966,228.444
28.43,226.876,226.846,226.861
28.44,229.668,228.521,229.0945
28.45,232.408,226.455,229.4315
28.46,228.984,225.398,227.191
28.47,231.495,230.253,230.874
28.48,230.117,226.689,228.403
28.49,231.281,228.162,229.7215
28.5,230.587,232.866,231.7265
28.51,232.036,228.783,230.4095
28.52,230.139,223.982,227.0605
28.53,231.005,229.844,230.4245
28.54,232.7,227.536,230.118
28.55,231.309,228.788,230.0485
28.56,230.187,229.176,229.6815
28.57,232.793,224.858,228.8255
28.58,231.697,226.565,229.131
28.59,228.314,226.429,227.3715
28.6,229.577,227.632,228.6045
28.61,230.507,226.27,228.3885
28.62,232.383,229.544,230.9635
28.63,232.41,228.398,230.404
28.64,234.099,230.564,232.3315
28.65,230.786,228.943,229.8645
28.66,227.057,227.483,227.27
28.67,226.509,225.419,225.964
28.68,232.706,226.81,229.758
28.69,229.23,225.715,227.4725
28.7,231.64,227.033,229.3365
28.71,229.895,223.066,226.4805
28.72,233.334,224.106,228.72
28.73,231.429,226.144,228.7865
28.74,232.413,221.322,226.8675
28.75,228.013,229.751,228.882
28.76,228.492,227.565,228.0285
28.77,230.079,225.437,227.758
28.78,228.903,224.807,226.855
28.79,226.581,223.615,225.098
28.8,232.462,224.86,228.661
28.81,231.149,221.361,226.255
28.82,228.957,224.491,226.724
28.83,227.721,220.956,224.3385
28.84,232.476,223.982,228.229
28.85,232.395,227.892,230.1435
28.86,226.982,229.277,228.1295
28.87,231.113,223.439,227.276
28.88,228.758,225.633,227.1955
28.89,229.331,221.965,225.648
28.9,228.046,223.351,225.6985
28.91,226.793,224.785,225.789
28.92,229.551,225.488,227.5195
28.93,230.44,223.319,226.8795
28.94,230.223,224.152,227.1875
28.95,231.968,223.932,227.95
28.96,232.682,224.575,228.6285
28.97,227.618,228.963,228.2905
28.98,230.623,226.476,228.5495
28.99,228.39,226.471,227.4305
29,228.695,226.804,227.7495
29.01,227.346,225.111,226.2285
29.02,229.75,225.011,227.3805
29.03,233.597,223.63,228.6135
29.04,231.012,227.536,229.274
29.05,230.345,227.661,229.003
29.06,232.321,228.527,230.424
29.07,234.8,230.66,232.73
29.08,233.072,230.498,231.785
29.09,230.002,232.695,231.3485
29.1,229.061,226.796,227.9285
29.11,232.305,226.786,229.5455
29.12,234.196,226.6,230.398
29.13,230.614,224.465,227.5395
29.14,230.788,227.842,229.315
29.15,231.72,230.436,231.078
29.16,229.207,230.013,229.61
29.17,228.755,231.635,230.195
29.18,231.829,225.293,228.561
29.19,230.205,227.968,229.0865
29.2,230.155,225.713,227.934
29.21,230.069,227.224,228.6465
29.22,229.344,227.391,228.3675
29.23,227.02,224.42,225.72
29.24,230.101,223.686,226.8935
29.25,228.154,223.733,225.9435
29.26,228.068,226.729,227.3985
29.27,228.203,224.33,226.2665
29.28,234.258,226.963,230.6105
29.29,226.971,222.254,224.6125
29.3,229.077,221.122,225.0995
29.31,230.694,225.549,228.1215
29.32,227.673,223.184,225.4285
29.33,233.137,226.546,229.8415
29.34,226.712,223.556,225.134
29.35,228.258,226.133,227.1955
29.36,233.104,224.311,228.7075
29.37,230.639,227.578,229.1085
29.38,228.756,221.795,225.2755
29.39,229.93,221.898,225.914
29.4,230.701,221.529,226.115
29.41,232.497,221.759,227.128
29.42,231.128,224.876,228.002
29.43,229.672,220.226,224.949
29.44,230.107,222.905,226.506
29.45,228.814,222.801,225.8075
29.46,228.056,227.974,228.015
29.47,228.417,222.685,225.551
29.48,226.52,224.801,225.6605
29.49,228.038,223.571,225.8045
29.5,226.535,225.275,225.905
29.51,230.114,223.533,226.8235
29.52,227.328,222.029,224.6785
29.53,227.513,221.959,224.736
29.54,226.882,227.957,227.4195
29.55,230.956,226.461,228.7085
29.56,228.824,226.337,227.5805
29.57,228.191,228.742,228.4665
29.58,228.447,229.858,229.1525
29.59,228.774,226.634,227.704
29.6,230.051,227.04,228.5455
29.61,229.376,231.87,230.623
29.62,230.665,227.012,228.8385
29.63,229.664,230.064,229.864
29.64,229.477,227.695,228.586
29.65,232.797,227.871,230.334
29.66,228.86,227.678,228.269
29.67,227.383,226.339,226.861
29.68,229.015,229.86,229.4375
29.69,230.536,226.131,228.3335
29.7,232.478,230.207,231.3425
29.71,229.492,226.009,227.7505
29.72,232.17,225.158,228.664
29.73,232.295,224.743,228.519
29.74,230.945,229.234,230.0895
29.75,231.605,230.977,231.291
29.76,227.594,229.323,228.4585
29.77,227.88,224.866,226.373
29.78,226.485,228.649,227.567
29.79,229.492,227.241,228.3665
29.8,232.053,228.546,230.2995
29.81,226.719,225.602,226.1605
29.82,228.237,226.843,227.54
29.83,230.43,230.952,230.691
29.84,231.12,227.054,229.087
29.85,229.182,222.801,225.9915
29.86,232.024,227.669,229.8465
29.87,228.803,228.625,228.714
29.88,230.677,227.709,229.193
29.89,226.717,230.6,228.6585
29.9,230.921,229.578,230.2495
29.91,228.041,229.688,228.8645
29.92,229.193,227.047,228.12
29.93,228.647,230.154,229.4005
29.94,231.584,228.539,230.0615
29.95,229.912,230.741,230.3265
29.96,226.022,227.717,226.8695
29.97,231.68,226.972,229.326
29.98,228.976,231.472,230.224
29.99,227.113,228.586,227.8495
30,228.202,229.33,228.766
30.01,223.876,228.678,226.277
30.02,229.387,230.766,230.0765
30.03,226.516,233.969,230.2425
30.04,228.166,232.109,230.1375
30.05,228.39,233.593,230.9915
30.06,231.633,232.362,231.9975
30.07,228.669,231.097,229.883
30.08,227.817,231.431,229.624
30.09,227.412,230.779,229.0955
30.1,228.876,235.358,232.117
30.11,230.315,230.628,230.4715
30.12,227.95,229.862,228.906
30.13,231.208,229.298,230.253
30.14,230.696,228.246,229.471
30.15,229.947,230.847,230.397
30.16,229.814,229.052,229.433
30.17,230.783,231.905,231.344
30.18,233.012,227.486,230.249
30.19,232.844,230.186,231.515
30.2,230.498,231.577,231.0375
30.21,230.634,230.303,230.4685
30.22,232.534,230.127,231.3305
30.23,232.296,230.73,231.513
30.24,232.161,233.334,232.7475
30.25,231.1,233.781,232.4405
30.26,228.335,232.229,230.282
30.27,228.092,228.648,228.37
30.28,230.588,230.583,230.5855
30.29,228.363,232.038,230.2005
30.3,226.436,234.66,230.548
30.31,231.151,231.955,231.553
30.32,232.823,231.98,232.4015
30.33,230.507,234.178,232.3425
30.34,231.744,229.742,230.743
30.35,229.42,232.008,230.714
30.36,231.415,233.122,232.2685
30.37,229.238,238.046,233.642
30.38,228.137,236.03,232.0835
30.39,229.185,232.52,230.8525
30.4,229.407,232.274,230.8405
30.41,228.714,230.78,229.747
30.42,229.772,232.41,231.091
30.43,231.717,229.864,230.7905
30.44,229.111,233.39,231.2505
30.45,230.787,232.41,231.5985
30.46,228.918,231.262,230.09
30.47,229.501,232.654,231.0775
30.48,227.227,230.9,229.0635
30.49,230.022,232.111,231.0665
30.5,227.791,234.625,231.208
30.51,234.153,232.336,233.2445
30.52,227.298,230.291,228.7945
30.53,228.498,231.473,229.9855
30.54,224.912,235.365,230.1385
30.55,233.704,233.969,233.8365
30.56,229.244,231.26,230.252
30.57,231.191,230.788,230.9895
30.58,229.104,231.762,230.433
30.59,228.697,230.971,229.834
30.6,230.932,231.552,231.242
30.61,230.041,229.016,229.5285
30.62,230.517,233.965,232.241
30.63,230.466,228.842,229.654
30.64,230.455,229.682,230.0685
30.65,230.155,230.386,230.2705
30.66,231.347,233.579,232.463
30.67,229.884,231.271,230.5775
30.68,227.606,233.275,230.4405
30.69,232.514,231.196,231.855
30.7,228.007,230.851,229.429
30.71,229.815,228.366,229.0905
30.72,228.252,230.158,229.205
30.73,229.725,231.768,230.7465
30.74,230.597,231.736,231.1665
30.75,231.766,229.419,230.5925
30.76,231.809,230.208,231.0085
30.77,224.461,232.682,228.5715
30.78,226.557,233.33,229.9435
30.79,227.441,234.422,230.9315
30.8,229.489,232.362,230.9255
30.81,228.504,233.69,231.097
30.82,230.226,230.787,230.5065
30.83,232.151,230.365,231.258
30.84,231.715,226.872,229.2935
30.85,228.626,232.496,230.561
30.86,229.378,230.833,230.1055
30.87,231.201,230.411,230.806
30.88,233.191,233.274,233.2325
30.89,230.594,228.305,229.4495
30.9,231.005,231.287,231.146
30.91,234.125,225.298,229.7115
30.92,230.424,227.315,228.8695
30.93,230.216,229.792,230.004
30.94,231.406,228.858,230.132
30.95,228.663,228.292,228.4775
30.96,228.522,232.396,230.459
30.97,230.28,233.999,232.1395
30.98,229.771,232.359,231.065
30.99,229.412,231.448,230.43
31,230.56,229.879,230.2195
31.01,229.414,226.599,228.0065
31.02,227.844,230.727,229.2855
31.03,227.613,230.592,229.1025
31.04,229.336,227.358,228.347
31.05,228.024,224.68,226.352
31.06,228.839,224.835,226.837
31.07,228.226,230.592,229.409
31.08,224.933,224.834,224.8835
31.09,228.82,225.554,227.187
31.1,230.351,226.654,228.5025
31.11,230.808,226.847,228.8275
31.12,225.117,229.469,227.293
31.13,230.034,231.17,230.602
31.14,232.364,230.813,231.5885
31.15,231.474,229.51,230.492
31.16,229.674,227.727,228.7005
31.17,229.435,225.014,227.2245
31.18,232.309,227.857,230.083
31.19,227.897,226.199,227.048
31.2,228.777,227.898,228.3375
31.21,232.792,226.443,229.6175
31.22,229.849,224.623,227.236
31.23,231.682,229.256,230.469
31.24,227.433,227.158,227.2955
31.25,230.326,226.166,228.246
31.26,231.773,221.688,226.7305
31.27,230.162,225.629,227.8955
31.28,232.115,223.052,227.5835
31.29,228.832,228.569,228.7005
31.3,231.989,231.023,231.506
31.31,230.903,226.472,228.6875
31.32,231.442,227.324,229.383
31.33,227.924,226.354,227.139
31.34,230.464,226.549,228.5065
31.35,232.644,226.773,229.7085
31.36,225.589,222.692,224.1405
31.37,228.666,224.764,226.715
31.38,231.427,225.922,228.6745
31.39,226.37,226.884,226.627
31.4,230.058,230.903,230.4805
31.41,231.102,226.111,228.6065
31.42,229.796,228.696,229.246
31.43,231.365,226.455,228.91
31.44,228.681,226.842,227.7615
31.45,228.529,227.384,227.9565
31.46,229.432,225.047,227.2395
31.47,228.15,224.547,226.3485
31.48,227.768,224.235,226.0015
31.49,227.492,223.671,225.5815
31.5,227.701,223.893,225.797
31.51,227.295,225.807,226.551
31.52,229.14,223.637,226.3885
31.53,230.248,227.23,228.739
31.54,226.212,226.073,226.1425
31.55,231.694,225.231,228.4625
31.56,227.723,224.386,226.0545
31.57,229.754,226.148,227.951
31.58,229.496,230.566,230.031
31.59,233.125,225.719,229.422
31.6,228.672,226.841,227.7565
31.61,229.739,228.326,229.0325
31.62,230.691,228.969,229.83
31.63,229.551,228.834,229.1925
31.64,224.762,228.109,226.4355
31.65,224.334,228.074,226.204
31.66,228.291,228.155,228.223
31.67,228.518,234.236,231.377
31.68,224.438,228.247,226.3425
31.69,228.748,228.806,228.777
31.7,225.734,226.782,226.258
31.71,228.899,226.775,227.837
31.72,228.177,227.349,227.763
31.73,229.792,225.467,227.6295
31.74,226.247,229.049,227.648
31.75,230.373,227.524,228.9485
31.76,228.711,227.541,228.126
31.77,229.88,227.088,228.484
31.78,229.831,227.288,228.5595
31.79,230.733,226.745,228.739
31.8,232.075,227.145,229.61
31.81,230.94,224.008,227.474
31.82,228.554,225.153,226.8535
31.83,231.279,228.532,229.9055
31.84,227.63,227.51,227.57
31.85,226.48,230.782,228.631
31.86,230.367,230.185,230.276
31.87,229.451,231.032,230.2415
31.88,224.663,228.505,226.584
31.89,225.781,229.012,227.3965
31.9,226.931,226.361,226.646
31.91,227.777,226.068,226.9225
31.92,228.879,226.155,227.517
31.93,228.155,228.251,228.203
31.94,226.928,225.63,226.279
31.95,229.186,227.436,228.311
31.96,228.724,225.87,227.297
31.97,229.548,228.474,229.011
31.98,227.351,230.371,228.861
31.99,230.82,226.965,228.8925
32,226.812,229.274,228.043
32.01,229.73,225.257,227.4935
32.02,226.131,231.32,228.7255
32.03,225.098,228.076,226.587
32.04,228.163,226.472,227.3175
32.05,222.364,228.582,225.473
32.06,224.951,226.533,225.742
32.07,228.272,228.194,228.233
32.08,225.381,229.136,227.2585
32.09,228.128,225.194,226.661
32.1,227.124,227.465,227.2945
32.11,226.972,224.163,225.5675
32.12,223.319,227.17,225.2445
32.13,225.998,226.584,226.291
32.14,228.521,224.769,226.645
32.15,223.242,225.993,224.6175
32.16,225.471,225.075,225.273
32.17,225.589,225.851,225.72
32.18,223.068,223.222,223.145
32.19,226.997,223.392,225.1945
32.2,224.724,226.266,225.495
32.21,222.812,224.887,223.8495
32.22,226.468,225.946,226.207
32.23,226.453,222.094,224.2735
32.24,226.436,223.797,225.1165
32.25,227.479,223.523,225.501
32.26,225.957,222.992,224.4745
32.27,225.953,223.968,224.9605
32.28,229.361,221.273,225.317
32.29,227.927,219.995,223.961
32.3,225.614,220.6,223.107
32.31,227.427,223.663,225.545
32.32,226.565,222.195,224.38
32.33,229.275,223.385,226.33
32.34,228.923,224.956,226.9395
32.35,224.335,225.578,224.9565
32.36,226.733,225.136,225.9345
32.37,228.424,223.376,225.9
32.38,226.273,224.423,225.348
32.39,229.705,226.385,228.045
32.4,231.126,224.338,227.732
32.41,230.1,227.026,228.563
32.42,225.46,226.947,226.2035
32.43,230.751,224.931,227.841
32.44,227.362,223.294,225.328
32.45,232.12,225.707,228.9135
32.46,226.61,226.51,226.56
32.47,228.512,223.368,225.94
32.48,228.414,221.911,225.1625
32.49,230.409,223.444,226.9265
32.5,234.562,225.764,230.163
32.51,231.129,226.649,228.889
32.52,228.274,223.216,225.745
32.53,230.422,222.646,226.534
32.54,227.597,222.201,224.899
32.55,228.145,223.939,226.042
32.56,227.119,223.183,225.151
32.57,233.119,225.498,229.3085
32.58,229.516,224.256,226.886
32.59,226.173,220.422,223.2975
32.6,226.599,222.026,224.3125
32.61,227.816,224.289,226.0525
32.62,228.624,226.34,227.482
32.63,227.937,222.799,225.368
32.64,229.699,221.709,225.704
32.65,225.856,224.086,224.971
32.66,229.633,220.052,224.8425
32.67,225.928,221.837,223.8825
32.68,226.186,223.868,225.027
32.69,226.836,220.789,223.8125
32.7,223.915,226.011,224.963
32.71,227.422,226.27,226.846
32.72,228.98,222.808,225.894
32.73,227.659,224.835,226.247
32.74,225.666,220.953,223.3095
32.75,230.069,226.567,228.318
32.76,229.686,224.572,227.129
32.77,229.061,225.063,227.062
32.78,224.388,224.704,224.546
32.79,227.739,224.001,225.87
32.8,226.935,225.038,225.9865
32.81,226.442,223.166,224.804
32.82,225.63,226.274,225.952
32.83,226.38,229.898,228.139
32.84,229.408,224.408,226.908
32.85,224.899,228.33,226.6145
32.86,227.439,222.984,225.2115
32.87,229.791,229.132,229.4615
32.88,226.311,223.281,224.796
32.89,225.44,226.459,225.9495
32.9,229.655,224.158,226.9065
32.91,226.284,220.561,223.4225
32.92,227.289,222.202,224.7455
32.93,226.428,227.319,226.8735
32.94,228.39,226.047,227.2185
32.95,227.264,222.845,225.0545
32.96,225.613,226.299,225.956
32.97,225.396,226.833,226.1145
32.98,225.046,223.949,224.4975
32.99,225.908,224.464,225.186
33,226.717,226.57,226.6435
33.01,225.012,224.704,224.858
33.02,223.223,222.149,222.686
33.03,223.109,228.379,225.744
33.04,226.125,222.647,224.386
33.05,227.993,224.079,226.036
33.06,224.844,227.866,226.355
33.07,224.612,227.306,225.959
33.08,224.495,229.238,226.8665
33.09,225.852,226.927,226.3895
33.1,224.765,224.139,224.452
33.11,225.075,227.892,226.4835
33.12,226.081,229.252,227.6665
33.13,227.181,231.21,229.1955
33.14,230.778,229.527,230.1525
33.15,228.592,226.716,227.654
33.16,228.361,230.29,229.3255
33.17,228.464,229.105,228.7845
33.18,227.987,231.486,229.7365
33.19,228.743,227.884,228.3135
33.2,229.267,230.107,229.687
33.21,228.876,230.994,229.935
33.22,227.518,225.244,226.381
33.23,224.225,230.539,227.382
33.24,228.5,226.71,227.605
33.25,228.239,228.874,228.5565
33.26,228.062,225.137,226.5995
33.27,227.516,227.051,227.2835
33.28,227.577,224.36,225.9685
33.29,229.346,225.91,227.628
33.3,226.753,227.659,227.206
33.31,228.225,229.824,229.0245
33.32,224.474,225.998,225.236
33.33,224.408,224.863,224.6355
33.34,231.667,222.761,227.214
33.35,230.573,224.712,227.6425
33.36,225.868,227.467,226.6675
33.37,228.053,223.03,225.5415
33.38,231.666,225.435,228.5505
33.39,226.537,224.813,225.675
33.4,229.624,223.039,226.3315
33.41,225.296,222.191,223.7435
33.42,231.304,221.34,226.322
33.43,226.775,225.323,226.049
33.44,227.499,225.934,226.7165
33.45,227.145,225.714,226.4295
33.46,230.703,226.329,228.516
33.47,229.813,226.933,228.373
33.48,227.177,222.645,224.911
33.49,234.348,224.125,229.2365
33.5,230.183,221.722,225.9525
33.51,228.721,221.201,224.961
33.52,231.078,224.766,227.922
33.53,231.097,224.555,227.826
33.54,231.398,223.243,227.3205
33.55,228.625,223.485,226.055
33.56,227.016,224.556,225.786
33.57,227.625,226.457,227.041
33.58,230.444,228.069,229.2565
33.59,229.127,225.709,227.418
33.6,230.478,224.214,227.346
33.61,231.69,225.666,228.678
33.62,231.088,225.773,228.4305
33.63,232.312,224.562,228.437
33.64,230.084,222.694,226.389
33.65,233.805,223.637,228.721
33.66,232.656,223.873,228.2645
33.67,231.114,223.265,227.1895
33.68,232.107,226.887,229.497
33.69,229.498,225.982,227.74
33.7,226.447,224.204,225.3255
33.71,230.6,223.258,226.929
33.72,227.279,223.5,225.3895
33.73,228.512,227.948,228.23
33.74,227.968,226.762,227.365
33.75,233.238,224.126,228.682
33.76,230.451,219.698,225.0745
33.77,229.219,224.752,226.9855
33.78,232.27,223.364,227.817
33.79,230.376,224.601,227.4885
33.8,230.36,224.275,227.3175
33.81,227.27,226.959,227.1145
33.82,231.033,224.122,227.5775
33.83,227.807,225.604,226.7055
33.84,227.777,225.62,226.6985
33.85,225.014,226.277,225.6455
33.86,228.773,225.285,227.029
33.87,227.301,222.641,224.971
33.88,228.479,224.887,226.683
33.89,231.468,224.003,227.7355
33.9,229.601,224.019,226.81
33.91,229.907,226.508,228.2075
33.92,228.545,225.509,227.027
33.93,229.556,224.842,227.199
33.94,230.376,226.141,228.2585
33.95,230.609,227.838,229.2235
33.96,231.322,225.222,228.272
33.97,229.441,226.352,227.8965
33.98,227.831,225.663,226.747
33.99,228.735,224.914,226.8245
34,230.769,223.7,227.2345
34.01,227.376,220.722,224.049
34.02,227.823,224.161,225.992
34.03,228.868,225.7,227.284
34.04,227.836,222.009,224.9225
34.05,229.997,226.289,228.143
34.06,228.912,225.658,227.285
34.07,229.117,225.3,227.2085
34.08,222.899,221.555,222.227
34.09,230.734,222.017,226.3755
34.1,227.237,225.916,226.5765
34.11,229.78,225.487,227.6335
34.12,227.945,226.163,227.054
34.13,231.658,224.511,228.0845
34.14,228.36,225.02,226.69
34.15,227.606,224.278,225.942
34.16,227.472,226.454,226.963
34.17,228.239,225.353,226.796
34.18,227.08,225.181,226.1305
34.19,227.652,226.709,227.1805
34.2,227.833,224.73,226.2815
34.21,225.648,225.762,225.705
34.22,228.995,224.635,226.815
34.23,230.081,224.215,227.148
34.24,225.335,225.979,225.657
34.25,225.333,222.532,223.9325
34.26,226.03,222.583,224.3065
34.27,226.173,225.645,225.909
34.28,226.07,229.298,227.684
34.29,224.982,222.731,223.8565
34.3,230.201,222.027,226.114
34.31,224.834,224.237,224.5355
34.32,226.531,224.261,225.396
34.33,226.507,222.34,224.4235
34.34,227.745,225.803,226.774
34.35,229.933,226.454,228.1935
34.36,226.02,226.85,226.435
34.37,227.053,229.396,228.2245
34.38,227.586,227.15,227.368
34.39,227.271,227.569,227.42
34.4,224.783,226.202,225.4925
34.41,226.349,225.977,226.163
34.42,226.893,226.18,226.5365
34.43,228.511,226.97,227.7405
34.44,227.036,225.156,226.096
34.45,226.921,227.997,227.459
34.46,224.887,229.13,227.0085
34.47,228.459,224.893,226.676
34.48,226.777,226.578,226.6775
34.49,230.817,223.444,227.1305
34.5,231.727,220.399,226.063
34.51,227.375,223.463,225.419
34.52,227.747,225.892,226.8195
34.53,226.726,225.111,225.9185
34.54,227.656,225.354,226.505
34.55,229.622,225.117,227.3695
34.56,226.415,225.409,225.912
34.57,229.341,227.895,228.618
34.58,227.367,224.828,226.0975
34.59,228.107,226.212,227.1595
34.6,227.386,226.121,226.7535
34.61,231.489,226.103,228.796
34.62,228.89,224.693,226.7915
34.63,228.761,225.38,227.0705
34.64,226.343,226.832,226.5875
34.65,225.907,223.868,224.8875
34.66,226.021,227.946,226.9835
34.67,223.865,228.559,226.212
34.68,226.835,229.14,227.9875
34.69,225.08,226.669,225.8745
34.7,224.995,224.55,224.7725
34.71,229.208,224.758,226.983
34.72,227.449,224.391,225.92
34.73,227.684,229.887,228.7855
34.74,229.073,228.826,228.9495
34.75,228.169,225.822,226.9955
34.76,225.659,227.14,226.3995
34.77,230.687,226.45,228.5685
34.78,225.842,224.878,225.36
34.79,228.494,227.172,227.833
34.8,229.326,228.822,229.074
34.81,228.296,229.353,228.8245
34.82,226,231.601,228.8005
34.83,228.241,228.14,228.1905
34.84,226.436,228.639,227.5375
34.85,228.119,228.714,228.4165
34.86,227.917,230.767,229.342
34.87,227.222,230.633,228.9275
34.88,228.692,232.797,230.7445
34.89,229.675,229.084,229.3795
34.9,226.438,226.007,226.2225
34.91,229.153,230.445,229.799
34.92,231.3,229.95,230.625
34.93,227.6,229.123,228.3615
34.94,230.298,228.682,229.49
34.95,230.522,228.358,229.44
34.96,231.352,226.525,228.9385
34.97,228.091,227.258,227.6745
34.98,227.63,225.737,226.6835
34.99,228.372,226.026,227.199
35,225.268,224.811,225.0395
35.01,226.56,227.716,227.138
35.02,228.148,229.998,229.073
35.03,228.093,231.727,229.91
35.04,227.066,229.749,228.4075
35.05,227.324,228.639,227.9815
35.06,228.525,224.529,226.527
35.07,228.274,224.838,226.556
35.08,224.985,226.089,225.537
35.09,226.863,226.347,226.605
35.1,224.984,231.161,228.0725
35.11,224.863,226.851,225.857
35.12,225.15,223.97,224.56
35.13,224.526,227.956,226.241
35.14,224.443,228.315,226.379
35.15,224.218,227.287,225.7525
35.16,226.53,229.911,228.2205
35.17,229.574,228.338,228.956
35.18,223.479,229.375,226.427
35.19,224.174,228.964,226.569
35.2,226.148,229.784,227.966
35.21,225.977,228.984,227.4805
35.22,225.506,226.847,226.1765
35.23,228.29,230.809,229.5495
35.24,226.456,229.063,227.7595
35.25,226.21,228.269,227.2395
35.26,228.963,225.997,227.48
35.27,227.378,225.304,226.341
35.28,230.008,230.391,230.1995
35.29,229.826,229.936,229.881
35.3,229.527,228.284,228.9055
35.31,233.269,228.947,231.108
35.32,227.676,225.301,226.4885
35.33,230.525,222.801,226.663
35.34,227.607,227.737,227.672
35.35,233.03,225.787,229.4085
35.36,230.643,227.813,229.228
35.37,226.622,223.795,225.2085
35.38,227.569,226.096,226.8325
35.39,229.365,223.368,226.3665
35.4,227.695,226.669,227.182
35.41,226.666,224.442,225.554
35.42,227.48,225.455,226.4675
35.43,229.294,223.02,226.157
35.44,224.358,223.486,223.922
35.45,225.61,226.344,225.977
35.46,226.077,225.978,226.0275
35.47,225.598,225.667,225.6325
35.48,228.362,225.845,227.1035
35.49,226.292,223.99,225.141
35.5,228.386,225.869,227.1275
35.51,229.958,227.026,228.492
35.52,227.129,224.194,225.6615
35.53,226.791,223.595,225.193
35.54,227.992,225.94,226.966
35.55,227.77,228.867,228.3185
35.56,230.575,227.178,228.8765
35.57,229.239,227.742,228.4905
35.58,229.584,227.133,228.3585
35.59,227.564,226.197,226.8805
35.6,228.553,225.421,226.987
35.61,229.758,226.358,228.058
35.62,226.615,224.593,225.604
35.63,230.558,225.309,227.9335
35.64,231.334,225.414,228.374
35.65,230.403,229.017,229.71
35.66,232.397,227.849,230.123
35.67,230.171,224.193,227.182
35.68,231.679,225.778,228.7285
35.69,228.7,224.624,226.662
35.7,228.399,228.22,228.3095
35.71,224.671,224.807,224.739
35.72,228.47,228.018,228.244
35.73,226.383,224.985,225.684
35.74,227.993,228.24,228.1165
35.75,227.711,224.352,226.0315
35.76,225.715,226.3,226.0075
35.77,225.406,227.084,226.245
35.78,231.189,229.938,230.5635
35.79,226.987,228.719,227.853
35.8,229.844,226.657,228.2505
35.81,224.685,227.043,225.864
35.82,229.669,226.613,228.141
35.83,229.812,228.829,229.3205
35.84,227.991,226.78,227.3855
35.85,227.082,224.937,226.0095
35.86,229.212,226.769,227.9905
35.87,230.35,224.7,227.525
35.88,228.949,227.544,228.2465
35.89,224.296,226.191,225.2435
35.9,229.462,226.403,227.9325
35.91,226.655,226.521,226.588
35.92,226.487,230.003,228.245
35.93,228.151,224.335,226.243
35.94,225.457,225.607,225.532
35.95,225.919,232.046,228.9825
35.96,229.219,228.925,229.072
35.97,226.157,229.074,227.6155
35.98,228.019,220.707,224.363
35.99,226.326,225.291,225.8085
36,228.363,225.929,227.146
36.01,224.423,225.763,225.093
36.02,227.711,225.891,226.801
36.03,227.22,226.465,226.8425
36.04,228,227.735,227.8675
36.05,228.396,226.188,227.292
36.06,229.976,227.15,228.563
36.07,228.06,225.467,226.7635
36.08,230.123,227.219,228.671
36.09,227.484,226.843,227.1635
36.1,230.188,225.913,228.0505
36.11,230.158,228.348,229.253
36.12,230.777,226.546,228.6615
36.13,228.779,226.718,227.7485
36.14,227.196,226.543,226.8695
36.15,231.202,226.71,228.956
36.16,232.698,226.465,229.5815
36.17,228.27,225.29,226.78
36.18,227.375,229.031,228.203
36.19,228.451,226.902,227.6765
36.2,229.312,226.936,228.124
36.21,230.058,226.623,228.3405
36.22,226.369,228.167,227.268
36.23,226.761,229.079,227.92
36.24,228.261,227.451,227.856
36.25,231.775,229.246,230.5105
36.26,228.865,225.497,227.181
36.27,229.274,229.027,229.1505
36.28,229.224,230.186,229.705
36.29,225.191,228.491,226.841
36.3,226.563,229.998,228.2805
36.31,226.695,229.626,228.1605
36.32,224.995,234.394,229.6945
36.33,225.845,231.532,228.6885
36.34,227.017,227.529,227.273
36.35,224.13,229.354,226.742
36.36,224.485,228.939,226.712
36.37,225.798,226.435,226.1165
36.38,228.021,224.677,226.349
36.39,226.851,227.616,227.2335
36.4,229.536,224.767,227.1515
36.41,229.01,225.818,227.414
36.42,226.314,226.904,226.609
36.43,226.186,228.693,227.4395
36.44,225.904,226.126,226.015
36.45,225.73,226.127,225.9285
36.46,225.316,227.206,226.261
36.47,224.591,227.656,226.1235
36.48,227.695,226.177,226.936
36.49,227.556,229.159,228.3575
36.5,225.814,230.053,227.9335
36.51,225.503,228.68,227.0915
36.52,229.07,232.557,230.8135
36.53,226.578,229.179,227.8785
36.54,224.396,229.599,226.9975
36.55,224.555,226.576,225.5655
36.56,224.739,225.681,225.21
36.57,222.75,223.535,223.1425
36.58,225.113,228.329,226.721
36.59,224.743,225.586,225.1645
36.6,228.117,225.972,227.0445
36.61,224.092,224.282,224.187
36.62,224.812,223.411,224.1115
36.63,225.49,226.249,225.8695
36.64,221.356,222.949,222.1525
36.65,223.868,222.383,223.1255
36.66,221.962,224.854,223.408
36.67,223.988,221.391,222.6895
36.68,229.097,223.007,226.052
36.69,228.281,223.498,225.8895
36.7,227.569,225.828,226.6985
36.71,230.686,222.393,226.5395
36.72,227.429,223.32,225.3745
36.73,224.931,221.457,223.194
36.74,225.411,219.822,222.6165
36.75,223.401,223.207,223.304
36.76,224.058,223.537,223.7975
36.77,222.604,221.828,222.216
36.78,222.868,222.816,222.842
36.79,224.75,222.571,223.6605
36.8,224.866,226.121,225.4935
36.81,223,226.829,224.9145
36.82,223.926,227.15,225.538
36.83,224.442,222.202,223.322
36.84,221.665,223.492,222.5785
36.85,221.716,221.42,221.568
36.86,223.737,223.97,223.8535
36.87,226.054,225.004,225.529
36.88,226.566,221.437,224.0015
36.89,226.537,222.091,224.314
36.9,226.946,223.954,225.45
36.91,222.542,225.745,224.1435
36.92,223.158,225.28,224.219
36.93,223.541,225.624,224.5825
36.94,222.898,226.553,224.7255
36.95,224.56,224.419,224.4895
36.96,225.514,225.658,225.586
36.97,222.425,221.123,221.774
36.98,224.751,221.007,222.879
36.99,220.653,221.89,221.2715
37,222.973,224.444,223.7085
37.01,226.2,222.224,224.212
37.02,223.834,220.996,222.415
37.03,224.517,223.753,224.135
37.04,227.26,223.307,225.2835
37.05,226.741,223.136,224.9385
37.06,226.833,222.852,224.8425
37.07,223.468,223.291,223.3795
37.08,225.611,220.652,223.1315
37.09,223.125,227.189,225.157
37.1,225.765,218.871,222.318
37.11,226.925,225.287,226.106
37.12,226.358,222.001,224.1795
37.13,225.542,219.714,222.628
37.14,222.657,223.484,223.0705
37.15,227.087,225.8,226.4435
37.16,223.154,225.226,224.19
37.17,223.793,223.42,223.6065
37.18,223.104,221.878,222.491
37.19,225.175,223.809,224.492
37.2,225.595,225.307,225.451
37.21,228.648,224.693,226.6705
37.22,224.775,228.361,226.568
37.23,222.554,226.72,224.637
37.24,226.4,223.523,224.9615
37.25,222.822,224.06,223.441
37.26,224.783,221.313,223.048
37.27,227.485,226.407,226.946
37.28,224.435,224.756,224.5955
37.29,222.275,222.334,222.3045
37.3,226.475,226.573,226.524
37.31,227.167,224.544,225.8555
37.32,226.522,223.671,225.0965
37.33,224.247,223.333,223.79
37.34,226.37,228.061,227.2155
37.35,226.54,223.187,224.8635
37.36,223.271,221.526,222.3985
37.37,226.401,224.362,225.3815
37.38,226.218,223.127,224.6725
37.39,225.556,220.95,223.253
37.4,229.057,222.46,225.7585
37.41,228.018,221.779,224.8985
37.42,226.406,222.452,224.429
37.43,232.364,222.418,227.391
37.44,226.874,225.259,226.0665
37.45,229.906,222.885,226.3955
37.46,228.995,226.346,227.6705
37.47,227.232,226.574,226.903
37.48,227.785,231.039,229.412
37.49,229.139,225.913,227.526
37.5,228.298,226.175,227.2365
37.51,230.493,226.763,228.628
37.52,225.292,223.574,224.433
37.53,225.584,224.952,225.268
37.54,225.668,228.204,226.936
37.55,224.976,229.281,227.1285
37.56,225.008,226.566,225.787
37.57,227.087,224.395,225.741
37.58,225.812,225.697,225.7545
37.59,227.665,221.168,224.4165
37.6,224.355,226.187,225.271
37.61,225.227,221.978,223.6025
37.62,224.67,225.305,224.9875
37.63,225.452,222.275,223.8635
37.64,227.755,222.884,225.3195
37.65,230.342,222.545,226.4435
37.66,227.031,224.594,225.8125
37.67,225.99,220.539,223.2645
37.68,226.577,223.319,224.948
37.69,228.262,220.46,224.361
37.7,226.837,220.815,223.826
37.71,226.221,220.777,223.499
37.72,229.333,221.141,225.237
37.73,229.042,223.024,226.033
37.74,226.574,221.356,223.965
37.75,228.531,222.54,225.5355
37.76,225.627,222.776,224.2015
37.77,228.24,218.048,223.144
37.78,224.49,217.427,220.9585
37.79,228.277,217.905,223.091
37.8,227.344,220.534,223.939
37.81,224.968,220.907,222.9375
37.82,223.978,220.22,222.099
37.83,226.877,219.056,222.9665
37.84,227.901,221.368,224.6345
37.85,226.482,218.757,222.6195
37.86,225.388,221.735,223.5615
37.87,229.582,221.049,225.3155
37.88,227.706,219.653,223.6795
37.89,230.868,216.94,223.904
37.9,227.328,221.136,224.232
37.91,225.503,217.548,221.5255
37.92,227.987,220.063,224.025
37.93,229.03,219.695,224.3625
37.94,228.446,217.788,223.117
37.95,228.729,219.92,224.3245
37.96,231.466,216.136,223.801
37.97,231.164,221.122,226.143
37.98,226.582,219.896,223.239
37.99,229.248,221.185,225.2165
38,224.505,216.362,220.4335
38.01,223.454,220.515,221.9845
38.02,225.865,219.559,222.712
38.03,223.578,221.134,222.356
38.04,222.559,218.758,220.6585
38.05,226.777,218.502,222.6395
38.06,227.091,218.437,222.764
38.07,219.902,218.241,219.0715
38.08,223.304,218.166,220.735
38.09,222.356,219.25,220.803
38.1,227.522,220.311,223.9165
38.11,221.486,222.155,221.8205
38.12,224.781,218.562,221.6715
38.13,227.165,218.425,222.795
38.14,223.596,221.18,222.388
38.15,225.017,222.563,223.79
38.16,227.043,221.32,224.1815
38.17,223.134,219.323,221.2285
38.18,220.91,220.353,220.6315
38.19,224.032,223.175,223.6035
38.2,224.072,219.702,221.887
38.21,223.159,219.302,221.2305
38.22,225.127,219.791,222.459
38.23,222.065,217.674,219.8695
38.24,229.348,221.429,225.3885
38.25,225.619,223.107,224.363
38.26,228.815,220.825,224.82
38.27,229.731,222.127,225.929
38.28,227.667,221.522,224.5945
38.29,225.753,220.211,222.982
38.3,229.502,219.873,224.6875
38.31,226.193,218.675,222.434
38.32,228.417,218.385,223.401
38.33,221.399,221.05,221.2245
38.34,225.808,220.169,222.9885
38.35,224.678,222.972,223.825
38.36,225.722,222.138,223.93
38.37,224.883,221.546,223.2145
38.38,225.391,219.839,222.615
38.39,224.494,221.782,223.138
38.4,228.404,222.052,225.228
38.41,226.36,218.349,222.3545
38.42,224.626,222.891,223.7585
38.43,224.083,220.12,222.1015
38.44,223.906,218.869,221.3875
38.45,222.183,221.133,221.658
38.46,225.556,221.306,223.431
38.47,224.219,220.396,222.3075
38.48,225.728,221.107,223.4175
38.49,227.747,225.367,226.557
38.5,228.686,223.059,225.8725
38.51,227.766,223.918,225.842
38.52,227.646,221.677,224.6615
38.53,229.511,227.734,228.6225
38.54,226.186,223.057,224.6215
38.55,227.059,223.093,225.076
38.56,227.253,223.04,225.1465
38.57,228.967,224.207,226.587
38.58,228.468,222.713,225.5905
38.59,224.759,220.768,222.7635
38.6,226.447,226.125,226.286
38.61,225.467,224.445,224.956
38.62,229.928,224.012,226.97
38.63,229.195,223.829,226.512
38.64,225.588,223.101,224.3445
38.65,226.256,224.514,225.385
38.66,225.809,223.054,224.4315
38.67,226.053,221.79,223.9215
38.68,225.859,222.727,224.293
38.69,227.502,222.561,225.0315
38.7,226.392,225.468,225.93
38.71,224.958,225.484,225.221
38.72,225.148,224.98,225.064
38.73,225.626,223.768,224.697
38.74,222.022,225.264,223.643
38.75,225.278,224.9,225.089
38.76,224.102,225.821,224.9615
38.77,225.439,222.41,223.9245
38.78,222.974,221.062,222.018
38.79,224.062,225.554,224.808
38.8,226.353,220.298,223.3255
38.81,226.367,219.815,223.091
38.82,226.336,222.23,224.283
38.83,229.027,221.047,225.037
38.84,225.323,224.735,225.029
38.85,220.914,221.967,221.4405
38.86,222.962,221.408,222.185
38.87,225.714,222.775,224.2445
38.88,225.028,223.342,224.185
38.89,226.329,225.891,226.11
38.9,225.108,219.722,222.415
38.91,221.265,217.439,219.352
38.92,222.723,221.817,222.27
38.93,225.085,223.274,224.1795
38.94,222.613,223.05,222.8315
38.95,221.652,221.367,221.5095
38.96,227.307,219.795,223.551
38.97,225.054,221.078,223.066
38.98,224.133,222.602,223.3675
38.99,226.393,222.301,224.347
39,222.578,222.851,222.7145
39.01,222.942,222.583,222.7625
39.02,225.151,221.929,223.54
39.03,221.438,222.816,222.127
39.04,223.867,225.013,224.44
39.05,226.007,226.04,226.0235
39.06,223.317,227.876,225.5965
39.07,220.388,220.48,220.434
39.08,220.96,225.228,223.094
39.09,226.286,226.127,226.2065
39.1,224.83,224.994,224.912
39.11,227.602,226.522,227.062
39.12,227.586,225.867,226.7265
39.13,228.805,223.517,226.161
39.14,225.891,223.01,224.4505
39.15,225.236,222.705,223.9705
39.16,225.759,224.828,225.2935
39.17,227.683,221.907,224.795
39.18,227.132,223.437,225.2845
39.19,225.434,220.876,223.155
39.2,225.098,225.295,225.1965
39.21,227.525,223.34,225.4325
39.22,228.318,217.8,223.059
39.23,229.226,219.689,224.4575
39.24,228.056,221.633,224.8445
39.25,226.547,221.06,223.8035
39.26,226.534,218.857,222.6955
39.27,224.392,224.17,224.281
39.28,224.648,223.699,224.1735
39.29,229.798,223.766,226.782
39.3,223.338,225.831,224.5845
39.31,227.448,224.933,226.1905
39.32,228.85,226.846,227.848
39.33,226.479,222.973,224.726
39.34,226.286,226.048,226.167
39.35,225.569,226.678,226.1235
39.36,227.756,225.615,226.6855
39.37,227.361,224.76,226.0605
39.38,226.694,220.983,223.8385
39.39,228.198,224.771,226.4845
39.4,227.503,225.674,226.5885
39.41,225.531,225.248,225.3895
39.42,225.906,223.886,224.896
39.43,228.351,224.284,226.3175
39.44,229.915,226.766,228.3405
39.45,228.313,222.593,225.453
39.46,225.57,226.884,226.227
39.47,227.135,222.787,224.961
39.48,227.125,223.706,225.4155
39.49,226.202,222.495,224.3485
39.5,224.931,220.464,222.6975
39.51,228.823,225.453,227.138
39.52,229.461,226.114,227.7875
39.53,225.141,228.057,226.599
39.54,226.424,228.549,227.4865
39.55,226.964,224.75,225.857
39.56,230.783,224.243,227.513
39.57,229.299,222.719,226.009
39.58,226.888,227.15,227.019
39.59,227.482,225.049,226.2655
39.6,224.701,225.456,225.0785
39.61,225.215,225.782,225.4985
39.62,224.279,226.455,225.367
39.63,224.479,225.126,224.8025
39.64,227.267,228.857,228.062
39.65,226.253,224.885,225.569
39.66,227.312,224.898,226.105
39.67,225.539,223.58,224.5595
39.68,229.98,224.842,227.411
39.69,226.73,228.165,227.4475
39.7,230.202,225.45,227.826
39.71,227.51,226.051,226.7805
39.72,229.408,224.239,226.8235
39.73,227.288,225.236,226.262
39.74,228.129,226.141,227.135
39.75,226.229,228.035,227.132
39.76,228.45,226.453,227.4515
39.77,228.055,224.799,226.427
39.78,227.979,223.332,225.6555
39.79,227.694,224.859,226.2765
39.8,226.155,223.261,224.708
39.81,226.106,224.23,225.168
39.82,225.042,224.53,224.786
39.83,225.613,226.182,225.8975
39.84,224.932,225.689,225.3105
39.85,227.433,222.472,224.9525
39.86,225.056,221.163,223.1095
39.87,230.432,221.049,225.7405
39.88,229.977,224.25,227.1135
39.89,228.98,217.825,223.4025
39.9,230.59,223.59,227.09
39.91,229.793,223.571,226.682
39.92,230.456,223.431,226.9435
39.93,223.786,228.127,225.9565
39.94,228.379,225.248,226.8135
39.95,226.035,229.506,227.7705
39.96,228.01,228.099,228.0545
39.97,228.201,224.691,226.446
39.98,226.492,227.5,226.996
39.99,220.851,224.535,222.693
40,224.23,225.055,224.6425
40.01,224.39,220.707,222.5485
40.02,224.243,228.897,226.57
40.03,223.776,224.875,224.3255
40.04,226.257,223.848,225.0525
40.05,220.82,225.831,223.3255
40.06,226.074,227.48,226.777
40.07,227.544,224.844,226.194
40.08,225.393,227.62,226.5065
40.09,224.547,225.185,224.866
40.1,225.721,226.362,226.0415
40.11,228.327,222.991,225.659
40.12,227.498,225.97,226.734
40.13,228.15,223.15,225.65
40.14,229.719,224.158,226.9385
40.15,225.87,225.557,225.7135
40.16,224.964,224.566,224.765
40.17,227.659,223.378,225.5185
40.18,223.369,227.095,225.232
40.19,227.593,226.104,226.8485
40.2,226.498,225.804,226.151
40.21,226.67,225.642,226.156
40.22,222.067,222.352,222.2095
40.23,227.022,225.97,226.496
40.24,225.505,225.844,225.6745
40.25,224.77,222.934,223.852
40.26,223.943,225.328,224.6355
40.27,225.308,226.423,225.8655
40.28,229.424,224.144,226.784
40.29,232.106,226.986,229.546
40.3,226.923,226.287,226.605
40.31,225.233,228.231,226.732
40.32,228.436,224.777,226.6065
40.33,229.513,225.856,227.6845
40.34,228.035,224.396,226.2155
40.35,227.622,224.676,226.149
40.36,225.98,225.217,225.5985
40.37,227.873,222.069,224.971
40.38,227.927,221.968,224.9475
40.39,230.529,223.713,227.121
40.4,229.221,225.408,227.3145
40.41,225.945,219.431,222.688
40.42,228.713,225.352,227.0325
40.43,223.015,222.138,222.5765
40.44,231.014,222.939,226.9765
40.45,231.768,221.994,226.881
40.46,230.933,225.169,228.051
40.47,231.798,221.075,226.4365
40.48,230.552,225.428,227.99
40.49,234.067,225.523,229.795
40.5,232.861,227.323,230.092
40.51,231.463,224.747,228.105
40.52,234.972,227.396,231.184
40.53,229.462,224.87,227.166
40.54,231.645,226.397,229.021
40.55,227.472,223.805,225.6385
40.56,229.775,226.298,228.0365
40.57,228.718,230.115,229.4165
40.58,226.694,227.519,227.1065
40.59,228.963,223.949,226.456
40.6,228.718,227.71,228.214
40.61,227.741,226.002,226.8715
40.62,229.991,226.386,228.1885
40.63,229.772,225.962,227.867
40.64,231.19,224.718,227.954
40.65,229.805,223.19,226.4975
40.66,233.02,223.626,228.323
40.67,229.675,224.186,226.9305
40.68,227.51,223.092,225.301
40.69,231.173,223.985,227.579
40.7,228.654,221.055,224.8545
40.71,229.355,220.845,225.1
40.72,228.698,223.626,226.162
40.73,228.657,220.071,224.364
40.74,227.359,221.135,224.247
40.75,229.255,222.781,226.018
40.76,231.344,222.963,227.1535
40.77,229.952,223.351,226.6515
40.78,228.59,220.663,224.6265
40.79,229.43,221.788,225.609
40.8,228.601,225.986,227.2935
40.81,225.75,221.072,223.411
40.82,226.91,222.25,224.58
40.83,227.795,223.807,225.801
40.84,228.691,226.686,227.6885
40.85,229.823,225.749,227.786
40.86,228.365,225.259,226.812
40.87,230.139,224.677,227.408
40.88,229.958,224.9,227.429
40.89,230.418,225.638,228.028
40.9,227.398,228.176,227.787
40.91,228.673,225.13,226.9015
40.92,228.769,227.131,227.95
40.93,229.275,224.68,226.9775
40.94,228.996,221.463,225.2295
40.95,225.239,224.965,225.102
40.96,225.699,222.121,223.91
40.97,227.965,223.354,225.6595
40.98,228.388,223.761,226.0745
40.99,228.514,225.875,227.1945
41,227.806,224.626,226.216
41.01,227.927,230.2,229.0635
41.02,228.523,223.693,226.108
41.03,230.307,226.741,228.524
41.04,225.779,223.574,224.6765
41.05,229.717,224.215,226.966
41.06,231.347,227.225,229.286
41.07,227.164,226.313,226.7385
41.08,225.698,226.509,226.1035
41.09,230.135,225.158,227.6465
41.1,228.861,224.012,226.4365
41.11,228.393,223.07,225.7315
41.12,226.385,223.04,224.7125
41.13,225.071,226.497,225.784
41.14,227.695,225.096,226.3955
41.15,225.59,224.016,224.803
41.16,229.309,224.707,227.008
41.17,225.555,221.624,223.5895
41.18,227.256,223.475,225.3655
41.19,230.952,223.693,227.3225
41.2,230.311,225.516,227.9135
41.21,229.124,223.791,226.4575
41.22,229.509,223.317,226.413
41.23,228.857,225.038,226.9475
41.24,225.177,223.735,224.456
41.25,229.473,224.1,226.7865
41.26,227.686,227.223,227.4545
41.27,231.919,224.36,228.1395
41.28,229.254,221.956,225.605
41.29,227.185,221.257,224.221
41.3,230.038,223.318,226.678
41.31,226.633,223.471,225.052
41.32,226.536,225.381,225.9585
41.33,229.118,225.737,227.4275
41.34,230.566,227.245,228.9055
41.35,226.438,222.648,224.543
41.36,226.634,229.164,227.899
41.37,226.452,226.785,226.6185
41.38,226.808,226.509,226.6585
41.39,227.082,224.002,225.542
41.4,227.318,222.893,225.1055
41.41,225.439,221.976,223.7075
41.42,226.95,227.292,227.121
41.43,226.894,226.949,226.9215
41.44,226.399,226.737,226.568
41.45,228.458,223.502,225.98
41.46,230.818,226.415,228.6165
41.47,229.581,223.561,226.571
41.48,226.633,224.593,225.613
41.49,227.12,224.076,225.598
41.5,227.886,223.487,225.6865
41.51,224.464,224.547,224.5055
41.52,231.439,225.221,228.33
41.53,230.765,224.599,227.682
41.54,226.885,223.142,225.0135
41.55,229.893,221.538,225.7155
41.56,227.497,220.964,224.2305
41.57,228.938,224.151,226.5445
41.58,229.484,225.922,227.703
41.59,228.817,224.322,226.5695
41.6,233.351,224.742,229.0465
41.61,227.161,228.228,227.6945
41.62,227.819,224.781,226.3
41.63,230.367,226.991,228.679
41.64,230.833,222.005,226.419
41.65,228.456,222.711,225.5835
41.66,230.175,227.173,228.674
41.67,229.557,224.163,226.86
41.68,230.048,224.602,227.325
41.69,230.91,222.154,226.532
41.7,232.126,226.301,229.2135
41.71,231.215,225.602,228.4085
41.72,232.073,225.173,228.623
41.73,229.842,225.717,227.7795
41.74,230.22,225.357,227.7885
41.75,229.364,223.262,226.313
41.76,230.332,225.537,227.9345
41.77,234.515,226.129,230.322
41.78,231.591,222.724,227.1575
41.79,229.71,223.694,226.702
41.8,227.762,221.719,224.7405
41.81,229.929,224.482,227.2055
41.82,229.197,223.874,226.5355
41.83,229.381,223.952,226.6665
41.84,227.835,220.966,224.4005
41.85,228.492,223.456,225.974
41.86,227.316,222.071,224.6935
41.87,228.29,220.83,224.56
41.88,228.947,222.854,225.9005
41.89,224.96,220.196,222.578
41.9,228.097,220.17,224.1335
41.91,228.377,222.778,225.5775
41.92,228.174,224.145,226.1595
41.93,227.96,224.393,226.1765
41.94,229.467,223.323,226.395
41.95,228.012,224.975,226.4935
41.96,228.275,224.558,226.4165
41.97,224.65,222.475,223.5625
41.98,225.861,221.886,223.8735
41.99,225.331,221.845,223.588
42,228.99,218.829,223.9095
42.01,228.377,221.79,225.0835
42.02,226.596,218.004,222.3
42.03,226.834,220.533,223.6835
42.04,230.101,217.745,223.923
42.05,228.556,225.334,226.945
42.06,223.879,223.703,223.791
42.07,225.5,222.957,224.2285
42.08,228.471,220.713,224.592
42.09,228.097,218.726,223.4115
42.1,222.008,224.823,223.4155
42.11,230.704,220.982,225.843
42.12,226.766,223.905,225.3355
42.13,229.178,224.223,226.7005
42.14,229.938,221.856,225.897
42.15,228.284,221.383,224.8335
42.16,225.574,221.266,223.42
42.17,230.299,222.69,226.4945
42.18,226.512,225.3,225.906
42.19,224.832,225.526,225.179
42.2,232.182,222.02,227.101
42.21,231.322,221.916,226.619
42.22,229.45,223.997,226.7235
42.23,230.394,224.25,227.322
42.24,228.987,226.888,227.9375
42.25,228.779,219.885,224.332
42.26,228.464,223.925,226.1945
42.27,225.967,223.946,224.9565
42.28,226.919,223.572,225.2455
42.29,227.07,224.374,225.722
42.3,225.144,223.067,224.1055
42.31,226.161,224.837,225.499
42.32,229.665,221.198,225.4315
42.33,229.471,224.218,226.8445
42.34,229.602,226.866,228.234
42.35,225.825,227.293,226.559
42.36,224.802,225.765,225.2835
42.37,229.321,225.733,227.527
42.38,227.064,221.636,224.35
42.39,226.566,221.971,224.2685
42.4,222.94,223.986,223.463
42.41,224.599,225.566,225.0825
42.42,228.568,227.323,227.9455
42.43,229.818,226.017,227.9175
42.44,227.048,225.623,226.3355
42.45,229.37,224.756,227.063
42.46,228.387,224.188,226.2875
42.47,224.604,219.327,221.9655
42.48,227.175,223.175,225.175
42.49,228.248,221.197,224.7225
42.5,227.889,221.972,224.9305
42.51,225.172,222.113,223.6425
42.52,227.151,222.264,224.7075
42.53,227.702,222.471,225.0865
42.54,226.447,222.339,224.393
42.55,229.011,223.688,226.3495
42.56,230.469,221.099,225.784
42.57,225.64,224.235,224.9375
42.58,226.656,227.023,226.8395
42.59,226.918,227.01,226.964
42.6,228.65,226.19,227.42
42.61,226.71,227.159,226.9345
42.62,228.758,224.196,226.477
42.63,226.703,226.377,226.54
42.64,226.264,228.965,227.6145
42.65,226.921,222.738,224.8295
42.66,228.631,225.058,226.8445
42.67,223.27,226.893,225.0815
42.68,224.992,228.272,226.632
42.69,223.112,224.912,224.012
42.7,225.55,229.88,227.715
42.71,223.471,227.844,225.6575
42.72,224.35,226.59,225.47
42.73,221.368,225.562,223.465
42.74,225.837,225.661,225.749
42.75,226.369,224.206,225.2875
42.76,227.603,223.379,225.491
42.77,227.898,222.27,225.084
42.78,225.453,227.746,226.5995
42.79,224.856,225.113,224.9845
42.8,226.405,226,226.2025
42.81,223.666,224.117,223.8915
42.82,223.186,222.575,222.8805
42.83,226.245,224.786,225.5155
42.84,225.531,227.006,226.2685
42.85,224.596,225.097,224.8465
42.86,222.607,221.715,222.161
42.87,223.422,224.393,223.9075
42.88,223.968,224.067,224.0175
42.89,223.433,225.03,224.2315
42.9,223.561,228.649,226.105
42.91,225.769,224.829,225.299
42.92,224.215,225.912,225.0635
42.93,221.919,226.093,224.006
42.94,225.152,225.704,225.428
42.95,225.482,224.051,224.7665
42.96,225.209,226.554,225.8815
42.97,228.608,226.748,227.678
42.98,228.531,220.499,224.515
42.99,227.773,224.103,225.938
43,227.397,222.143,224.77
43.01,227.259,220.396,223.8275
43.02,225.586,220.944,223.265
43.03,228.406,223.284,225.845
43.04,228.126,224.615,226.3705
43.05,227.223,223.714,225.4685
43.06,225.875,227.295,226.585
43.07,225.13,224.166,224.648
43.08,225.443,223.4,224.4215
43.09,228.78,222.818,225.799
43.1,229.465,225.173,227.319
43.11,225.242,222.282,223.762
43.12,229.443,221.683,225.563
43.13,229.745,222.936,226.3405
43.14,227.102,227.143,227.1225
43.15,225.806,225.496,225.651
43.16,230.486,224.442,227.464
43.17,228.583,225.307,226.945
43.18,228.52,227.913,228.2165
43.19,226.405,225.753,226.079
43.2,228.613,224.462,226.5375
43.21,225.72,223.721,224.7205
43.22,227.506,222.804,225.155
43.23,229.457,223.03,226.2435
43.24,229.181,225.706,227.4435
43.25,231.292,226.025,228.6585
43.26,227.316,227.204,227.26
43.27,231.626,220.912,226.269
43.28,226.072,221.221,223.6465
43.29,228.298,225.879,227.0885
43.3,230.236,224.124,227.18
43.31,225.601,222.63,224.1155
43.32,227.265,223.586,225.4255
43.33,228.388,224.173,226.2805
43.34,228.004,226.863,227.4335
43.35,224.092,224.93,224.511
43.36,227.366,221.348,224.357
43.37,228.256,228.17,228.213
43.38,227.251,227.399,227.325
43.39,229.897,226.823,228.36
43.4,225.744,224.911,225.3275
43.41,225.803,228.246,227.0245
43.42,226.116,227.067,226.5915
43.43,222.033,228.512,225.2725
43.44,226.167,223.465,224.816
43.45,230.442,226.098,228.27
43.46,228.676,223.595,226.1355
43.47,225.974,227.977,226.9755
43.48,225.275,226.854,226.0645
43.49,226.785,228.622,227.7035
43.5,224.324,226.659,225.4915
43.51,226.499,224.407,225.453
43.52,227.358,224.315,225.8365
43.53,228.269,223.72,225.9945
43.54,224.978,226.013,225.4955
43.55,231.007,228.128,229.5675
43.56,228.557,228.185,228.371
43.57,226.907,228.436,227.6715
43.58,228.779,224.761,226.77
43.59,226.923,227.925,227.424
43.6,225.989,227.893,226.941
43.61,228.291,226.661,227.476
43.62,224.014,227.913,225.9635
43.63,223.349,226.204,224.7765
43.64,223.569,224.579,224.074
43.65,226.018,224.202,225.11
43.66,222.811,223.502,223.1565
43.67,228.321,226.152,227.2365
43.68,225.468,231.145,228.3065
43.69,226.722,229.667,228.1945
43.7,223.036,226.865,224.9505
43.71,227.918,225.425,226.6715
43.72,223.131,227.485,225.308
43.73,225.918,228.044,226.981
43.74,226.515,223.753,225.134
43.75,227.218,226.462,226.84
43.76,226.976,230.523,228.7495
43.77,227.431,226.28,226.8555
43.78,223.193,229.978,226.5855
43.79,228.359,224.427,226.393
43.8,226.213,227.367,226.79
43.81,224.354,228.835,226.5945
43.82,229.185,227.485,228.335
43.83,227.343,224.933,226.138
43.84,229.036,227.859,228.4475
43.85,225.654,226.417,226.0355
43.86,228.875,225.623,227.249
43.87,227.308,226.652,226.98
43.88,223.44,225.744,224.592
43.89,226.218,227.958,227.088
43.9,225.181,224.628,224.9045
43.91,225.809,226.304,226.0565
43.92,222.91,226.281,224.5955
43.93,225.859,228.181,227.02
43.94,227.19,228.876,228.033
43.95,225.98,226.648,226.314
43.96,225.695,224.113,224.904
43.97,226.456,227.097,226.7765
43.98,224.893,226.577,225.735
43.99,226.04,220.926,223.483
44,224.563,226.117,225.34
44.01,227.28,225.415,226.3475
44.02,227.703,226.47,227.0865
44.03,226.767,226.943,226.855
44.04,224.364,228.778,226.571
44.05,224.467,226.231,225.349
44.06,225.478,225.689,225.5835
44.07,229.313,227.869,228.591
44.08,224.422,227.709,226.0655
44.09,224.106,229.205,226.6555
44.1,226.749,227.92,227.3345
44.11,225.195,224.522,224.8585
44.12,224.08,227.754,225.917
44.13,226.735,225.036,225.8855
44.14,223.744,229.821,226.7825
44.15,227.673,228.499,228.086
44.16,223.728,229.949,226.8385
44.17,227.964,229.027,228.4955
44.18,225.765,227.785,226.775
44.19,224.475,229.841,227.158
44.2,229.226,228.029,228.6275
44.21,228.534,230.565,229.5495
44.22,224.629,228.714,226.6715
44.23,227.253,230.094,228.6735
44.24,227.874,229.943,228.9085
44.25,225.467,231.873,228.67
44.26,225.228,228.113,226.6705
44.27,224.812,228.576,226.694
44.28,223.727,230.487,227.107
44.29,227.827,228.39,228.1085
44.3,227.791,226.748,227.2695
44.31,224.319,231.497,227.908
44.32,225.268,227.47,226.369
44.33,225.99,224.476,225.233
44.34,227.451,226.393,226.922
44.35,225.439,228.009,226.724
44.36,229.47,229.559,229.5145
44.37,223.931,234.181,229.056
44.38,224.926,226.725,225.8255
44.39,226.785,235.424,231.1045
44.4,229.163,232.674,230.9185
44.41,228.439,230.3,229.3695
44.42,229.156,229.558,229.357
44.43,227.686,229.975,228.8305
44.44,226.821,227.651,227.236
44.45,227.575,229.804,228.6895
44.46,231.516,229.171,230.3435
44.47,228.226,228.508,228.367
44.48,226.636,230.17,228.403
44.49,229.923,228.623,229.273
44.5,226.155,230.539,228.347
44.51,229.535,228.716,229.1255
44.52,227.133,227.514,227.3235
44.53,229.694,227.486,228.59
44.54,224.516,225.669,225.0925
44.55,231.276,227.712,229.494
44.56,228.46,229.525,228.9925
44.57,231.216,228.917,230.0665
44.58,229.11,231.296,230.203
44.59,228.35,229.939,229.1445
44.6,227.587,230.239,228.913
44.61,229.458,229.206,229.332
44.62,231.432,229.487,230.4595
44.63,226.021,228.062,227.0415
44.64,224.426,230.751,227.5885
44.65,224.732,234.101,229.4165
44.66,230.494,231.421,230.9575
44.67,225.873,226.911,226.392
44.68,228.049,228.402,228.2255
44.69,231.692,230.495,231.0935
44.7,226.634,228.452,227.543
44.71,226.049,227.565,226.807
44.72,227.007,232.173,229.59
44.73,225.398,231.818,228.608
44.74,228.197,231.848,230.0225
44.75,225.373,230.264,227.8185
44.76,225.325,230.629,227.977
44.77,223.761,231.844,227.8025
44.78,226.186,230.144,228.165
44.79,224.209,227.684,225.9465
44.8,225.203,227.208,226.2055
44.81,223.752,228.969,226.3605
44.82,222.528,232.013,227.2705
44.83,221.677,227.94,224.8085
44.84,222.011,224.948,223.4795
44.85,223.424,227.029,225.2265
44.86,224.751,227.236,225.9935
44.87,227.111,228.191,227.651
44.88,225.934,228.22,227.077
44.89,225.866,228.373,227.1195
44.9,224.997,228.653,226.825
44.91,223.589,227.277,225.433
44.92,227.162,231.892,229.527
44.93,229.539,228.275,228.907
44.94,227.23,228.396,227.813
44.95,225.476,227.602,226.539
44.96,222.28,226.408,224.344
44.97,225.925,227.466,226.6955
44.98,228.296,227.171,227.7335
44.99,229.169,225.626,227.3975
45,228.223,223.389,225.806
45.01,225.815,224.865,225.34
45.02,227.41,222.342,224.876
45.03,228.036,226.845,227.4405
45.04,226.621,227.758,227.1895
45.05,227.884,223.271,225.5775
45.06,228.53,223.917,226.2235
45.07,227.597,226.419,227.008
45.08,227.994,226.299,227.1465
45.09,227.485,229.078,228.2815
45.1,226.701,227.512,227.1065
45.11,222.442,226.876,224.659
45.12,225.758,224.855,225.3065
45.13,224.233,227.073,225.653
45.14,226.512,225.255,225.8835
45.15,224.859,227.603,226.231
45.16,223.921,228.476,226.1985
45.17,225.353,229.207,227.28
45.18,227.672,226.423,227.0475
45.19,226.163,227.814,226.9885
45.2,227.792,229.836,228.814
45.21,224.982,231.154,228.068
45.22,228.076,229.491,228.7835
45.23,228.246,234.002,231.124
45.24,226.852,229.305,228.0785
45.25,225.779,231.881,228.83
45.26,224.909,227.264,226.0865
45.27,228.978,229.035,229.0065
45.28,226.322,227.727,227.0245
45.29,227.541,227.607,227.574
45.3,228.059,226.898,227.4785
45.31,225.075,229.833,227.454
45.32,230.139,228.429,229.284
45.33,227.922,230.971,229.4465
45.34,227.528,231.275,229.4015
45.35,229.329,229.55,229.4395
45.36,230.975,229.872,230.4235
45.37,227.72,228.552,228.136
45.38,228.623,230.997,229.81
45.39,228.951,231.991,230.471
45.4,225.66,230.82,228.24
45.41,226.557,230.495,228.526
45.42,229.003,230.17,229.5865
45.43,229.471,230.17,229.8205
45.44,230.542,228.939,229.7405
45.45,227.947,231.317,229.632
45.46,227.726,227.66,227.693
45.47,225.495,233.391,229.443
45.48,227.44,231.729,229.5845
45.49,226.653,227.222,226.9375
45.5,227.496,230.176,228.836
45.51,230.386,230.747,230.5665
45.52,229.775,228.16,228.9675
45.53,227.886,235.939,231.9125
45.54,228.478,231.377,229.9275
45.55,228.973,228.119,228.546
45.56,228.7,230.128,229.414
45.57,227.638,230.812,229.225
45.58,227.515,231.292,229.4035
45.59,228.606,228.51,228.558
45.6,227.362,231.651,229.5065
45.61,227.643,227.051,227.347
45.62,225.728,229.415,227.5715
45.63,226.767,230.198,228.4825
45.64,229.785,228.037,228.911
45.65,228.256,230.638,229.447
45.66,226.574,226.751,226.6625
45.67,227.077,230,228.5385
45.68,226.521,229.036,227.7785
45.69,228.968,226.036,227.502
45.7,226.476,230.104,228.29
45.71,225.947,225.093,225.52
45.72,223.657,228.042,225.8495
45.73,227.953,230.109,229.031
45.74,228.137,228.183,228.16
45.75,229.124,229.558,229.341
45.76,227.127,226.402,226.7645
45.77,229.271,227.581,228.426
45.78,227.747,231.766,229.7565
45.79,227.468,232.122,229.795
45.8,227.354,227.539,227.4465
45.81,231.447,228.615,230.031
45.82,226.26,230.434,228.347
45.83,227.75,227.826,227.788
45.84,229.41,227.622,228.516
45.85,227.34,228.063,227.7015
45.86,228.334,224.527,226.4305
45.87,227.43,228.268,227.849
45.88,227.318,227.066,227.192
45.89,230.012,228.229,229.1205
45.9,228.191,231.599,229.895
45.91,229.748,229.997,229.8725
45.92,226.737,231.348,229.0425
45.93,232.272,226.145,229.2085
45.94,225.553,227.453,226.503
45.95,225.74,227.513,226.6265
45.96,225.629,230.409,228.019
45.97,223.351,230.473,226.912
45.98,226.378,229.463,227.9205
45.99,228.361,229.624,228.9925
46,229.38,228.859,229.1195
46.01,226.551,234.833,230.692
46.02,225.417,227.965,226.691
46.03,224.026,226.792,225.409
46.04,226.833,225.528,226.1805
46.05,228.393,229.526,228.9595
46.06,228.569,228.862,228.7155
46.07,223.86,227.493,225.6765
46.08,223.706,228.567,226.1365
46.09,222.752,226.727,224.7395
46.1,224.797,227.042,225.9195
46.11,223.191,233.813,228.502
46.12,222.353,229.838,226.0955
46.13,222.76,228.642,225.701
46.14,220.612,228.634,224.623
46.15,221.361,230.157,225.759
46.16,221.748,228.853,225.3005
46.17,223.459,230.062,226.7605
46.18,225.265,229.037,227.151
46.19,224.886,229.544,227.215
46.2,224.829,229.421,227.125
46.21,224.017,227.761,225.889
46.22,226.956,229.665,228.3105
46.23,227.618,231.764,229.691
46.24,227.368,230.111,228.7395
46.25,226.377,231.93,229.1535
46.26,228.58,236.849,232.7145
46.27,229.821,231.328,230.5745
46.28,227.673,230.096,228.8845
46.29,227.26,229.513,228.3865
46.3,226.847,228.22,227.5335
46.31,225.03,229.622,227.326
46.32,224.344,231.024,227.684
46.33,224.96,226.846,225.903
46.34,225.749,229.948,227.8485
46.35,226.357,225.988,226.1725
46.36,227.718,227.377,227.5475
46.37,226.311,229.53,227.9205
46.38,222.353,229.352,225.8525
46.39,225.917,228.972,227.4445
46.4,223.457,228.327,225.892
46.41,224.315,226.877,225.596
46.42,224.621,226.154,225.3875
46.43,222.367,226.798,224.5825
46.44,225.624,231.091,228.3575
46.45,221.511,228.136,224.8235
46.46,223.056,228.386,225.721
46.47,220.835,226.651,223.743
46.48,223.368,229.324,226.346
46.49,223.861,229.2,226.5305
46.5,225.841,233.103,229.472
46.51,226.048,229.41,227.729
46.52,223.983,228.512,226.2475
46.53,225.818,233.85,229.834
46.54,225.644,226.65,226.147
46.55,226.718,226.811,226.7645
46.56,225.313,227.4,226.3565
46.57,225.099,230.359,227.729
46.58,225.404,224.384,224.894
46.59,222.873,224.689,223.781
46.6,222.392,227.463,224.9275
46.61,224.887,226.842,225.8645
46.62,227.689,225.536,226.6125
46.63,227.6,224.242,225.921
46.64,224.257,226.959,225.608
46.65,224.425,225.365,224.895
46.66,225.297,227.389,226.343
46.67,225.899,225.228,225.5635
46.68,229.259,227.135,228.197
46.69,226.915,227.875,227.395
46.7,229.099,227.309,228.204
46.71,224.373,226.571,225.472
46.72,228.619,226.522,227.5705
46.73,225.261,229.97,227.6155
46.74,229.262,226.744,228.003
46.75,227.777,229.051,228.414
46.76,227.334,224.678,226.006
46.77,227.797,227.724,227.7605
46.78,227.451,224.457,225.954
46.79,229.925,227.61,228.7675
46.8,224.183,227.688,225.9355
46.81,227.868,228.449,228.1585
46.82,230.256,225.566,227.911
46.83,228.737,226.167,227.452
46.84,229.213,223.504,226.3585
46.85,226.252,226.355,226.3035
46.86,228.041,225.609,226.825
46.87,224.235,223.111,223.673
46.88,223.002,226.815,224.9085
46.89,225.703,228.498,227.1005
46.9,223.159,226.541,224.85
46.91,226.857,227.861,227.359
46.92,227.395,226.903,227.149
46.93,225.363,231.917,228.64
46.94,224.969,229.02,226.9945
46.95,223.026,229.707,226.3665
46.96,220.359,230.964,225.6615
46.97,225.502,228.917,227.2095
46.98,226.588,230.624,228.606
46.99,224.371,229.006,226.6885
47,226.405,232.361,229.383
47.01,225.372,226.48,225.926
47.02,224.569,226.09,225.3295
47.03,223.965,230.372,227.1685
47.04,228.612,229.247,228.9295
47.05,227.781,232.856,230.3185
47.06,224.556,227.724,226.14
47.07,226.23,227.394,226.812
47.08,225.638,222.474,224.056
47.09,226.669,227.416,227.0425
47.1,225.079,230.819,227.949
47.11,224.28,228.999,226.6395
47.12,224.365,229.178,226.7715
47.13,228.436,229.57,229.003
47.14,228.575,226.467,227.521
47.15,222.32,226.582,224.451
47.16,227.679,223.222,225.4505
47.17,225.275,226.743,226.009
47.18,222.783,227.698,225.2405
47.19,226.484,225.214,225.849
47.2,228.429,227.305,227.867
47.21,223.521,228.229,225.875
47.22,224.735,230.385,227.56
47.23,224.386,228.545,226.4655
47.24,226.413,227.556,226.9845
47.25,226.244,229.655,227.9495
47.26,226.222,226.138,226.18
47.27,225.904,226.896,226.4
47.28,223.801,228.048,225.9245
47.29,227.349,228.364,227.8565
47.3,227.319,228.887,228.103
47.31,225.681,227.379,226.53
47.32,225.997,228.496,227.2465
47.33,228.869,229.653,229.261
47.34,227.374,228.236,227.805
47.35,224.615,230.474,227.5445
47.36,224.462,229.214,226.838
47.37,224.942,228.474,226.708
47.38,226.324,230.728,228.526
47.39,221.688,230.929,226.3085
47.4,223.914,230.788,227.351
47.41,225.25,231.61,228.43
47.42,225.395,229.557,227.476
47.43,222.98,228.862,225.921
47.44,224.214,230.991,227.6025
47.45,224.826,231.559,228.1925
47.46,226.377,230.867,228.622
47.47,224.619,229.718,227.1685
47.48,226.34,228.486,227.413
47.49,224.547,226.947,225.747
47.5,224.605,228.797,226.701
47.51,228.38,227.822,228.101
47.52,226.564,230.311,228.4375
47.53,223.802,226.828,225.315
47.54,227.327,230.35,228.8385
47.55,223.991,228.876,226.4335
47.56,228.033,229.608,228.8205
47.57,225.702,229.086,227.394
47.58,228.718,226.035,227.3765
47.59,224.602,230.248,227.425
47.6,223.354,225.771,224.5625
47.61,226.489,229.398,227.9435
47.62,223.249,230.912,227.0805
47.63,226.124,226.587,226.3555
47.64,224.422,229.617,227.0195
47.65,223.254,226.127,224.6905
47.66,224.114,229.009,226.5615
47.67,225.198,228.101,226.6495
47.68,231.67,229.015,230.3425
47.69,226.834,230.932,228.883
47.7,225.635,229.323,227.479
47.71,227.154,229.061,228.1075
47.72,224.7,223.066,223.883
47.73,222.597,229.51,226.0535
47.74,225.114,232.451,228.7825
47.75,226.208,227.824,227.016
47.76,223.065,223.232,223.1485
47.77,225.466,225.725,225.5955
47.78,224.474,230.334,227.404
47.79,223.237,230.909,227.073
47.8,220.514,225.677,223.0955
47.81,222.374,232.772,227.573
47.82,219.786,231.401,225.5935
47.83,223.234,227.011,225.1225
47.84,222.18,228.022,225.101
47.85,226.307,229.131,227.719
47.86,223.909,227.435,225.672
47.87,226.727,230.118,228.4225
47.88,223.898,227.814,225.856
47.89,222.862,229.734,226.298
47.9,224.238,229.968,227.103
47.91,227.833,227.985,227.909
47.92,223.254,228.014,225.634
47.93,229.591,229.234,229.4125
47.94,223.192,229.381,226.2865
47.95,223.676,227.261,225.4685
47.96,226.703,230.185,228.444
47.97,224.434,231.845,228.1395
47.98,223.864,228.318,226.091
47.99,224.344,229.516,226.93
48,227.72,230.564,229.142
48.01,226.337,227.671,227.004
48.02,226.914,228.263,227.5885
48.03,228.183,225.93,227.0565
48.04,225.016,225.036,225.026
48.05,228.937,227.713,228.325
48.06,226.271,227.292,226.7815
48.07,228.076,229.33,228.703
48.08,229.33,229.487,229.4085
48.09,227.962,229.161,228.5615
48.1,224.541,227.194,225.8675
48.11,228.492,228.096,228.294
48.12,225.414,232.312,228.863
48.13,224.032,229.339,226.6855
48.14,225.794,226.523,226.1585
48.15,223.736,225.275,224.5055
48.16,221.612,228.3,224.956
48.17,226.081,226.576,226.3285
48.18,222.913,225.025,223.969
48.19,224.938,228.161,226.5495
48.2,223.458,224.912,224.185
48.21,225.901,229.167,227.534
48.22,223.884,227.238,225.561
48.23,225.031,226.722,225.8765
48.24,225.639,225.51,225.5745
48.25,224.626,226.559,225.5925
48.26,223.022,228.772,225.897
48.27,225.91,225.529,225.7195
48.28,225.58,227.689,226.6345
48.29,224.51,229.538,227.024
48.3,225.944,229.583,227.7635
48.31,223.316,228.004,225.66
48.32,224.313,227.973,226.143
48.33,224.926,227.459,226.1925
48.34,225.852,226.849,226.3505
48.35,223.413,226.8,225.1065
48.36,224.495,225.927,225.211
48.37,227.792,227.358,227.575
48.38,225.182,227.234,226.208
48.39,222.32,227.557,224.9385
48.4,222.28,228.737,225.5085
48.41,221.541,224.749,223.145
48.42,223.23,228.606,225.918
48.43,224.004,225.862,224.933
48.44,223.222,228.276,225.749
48.45,225.507,225.985,225.746
48.46,221.553,229.791,225.672
48.47,225.88,229.515,227.6975
48.48,225.56,229.395,227.4775
48.49,229.823,228.192,229.0075
48.5,223.452,228.761,226.1065
48.51,230.166,227.602,228.884
48.52,227.525,228.122,227.8235
48.53,224.365,225.64,225.0025
48.54,226.082,229.33,227.706
48.55,228.024,224.952,226.488
48.56,229.061,225.86,227.4605
48.57,226.594,227.279,226.9365
48.58,225.01,223.068,224.039
48.59,223.798,228.361,226.0795
48.6,223.482,226.382,224.932
48.61,222.968,227.938,225.453
48.62,221.626,229.118,225.372
48.63,224.347,225.193,224.77
48.64,222.905,226.365,224.635
48.65,222.531,229.269,225.9
48.66,223.365,227.886,225.6255
48.67,224.866,229.748,227.307
48.68,222.524,232.092,227.308
48.69,225.306,229.787,227.5465
48.7,223.861,228.966,226.4135
48.71,222.827,225.718,224.2725
48.72,226.331,230.25,228.2905
48.73,223.285,229.606,226.4455
48.74,218.754,227.388,223.071
48.75,224.279,227.323,225.801
48.76,221.374,225.718,223.546
48.77,227.984,229.651,228.8175
48.78,223.478,227.998,225.738
48.79,225.518,231.071,228.2945
48.8,224.486,229.963,227.2245
48.81,223.012,227.393,225.2025
48.82,221.495,230.369,225.932
48.83,224.591,229.749,227.17
48.84,221.9,229.253,225.5765
48.85,225.842,225.394,225.618
48.86,224.527,229.486,227.0065
48.87,228.914,233.496,231.205
48.88,223.335,228.048,225.6915
48.89,228.19,228.01,228.1
48.9,227.098,232.234,229.666
48.91,222.725,225.197,223.961
48.92,225.993,231.68,228.8365
48.93,229.792,229.193,229.4925
48.94,224.401,224.566,224.4835
48.95,224.418,224.216,224.317
48.96,227.794,223.82,225.807
48.97,225.648,224.96,225.304
48.98,228.143,228.002,228.0725
48.99,229.531,222.797,226.164
49,227.022,224.47,225.746
49.01,224.359,223.56,223.9595
49.02,224.418,222.857,223.6375
49.03,226.875,225.576,226.2255
49.04,222.861,224.935,223.898
49.05,224.584,228.701,226.6425
49.06,219.981,226.996,223.4885
49.07,223.579,229.232,226.4055
49.08,227.349,226.223,226.786
49.09,225.783,229.178,227.4805
49.1,227.212,224.987,226.0995
49.11,227.592,226.062,226.827
49.12,228.29,229.117,228.7035
49.13,224.021,233.674,228.8475
49.14,227.525,227.009,227.267
49.15,227.041,225.74,226.3905
49.16,228.969,228.634,228.8015
49.17,226.443,225.632,226.0375
49.18,227.439,225.486,226.4625
49.19,221.534,226.625,224.0795
49.2,224.78,227.665,226.2225
49.21,225.074,226.027,225.5505
49.22,226.891,224.76,225.8255
49.23,223.843,228.985,226.414
49.24,228.659,228.584,228.6215
49.25,226.115,227.564,226.8395
49.26,226.494,227.192,226.843
49.27,224.207,233.066,228.6365
49.28,223.613,230.321,226.967
49.29,222.799,232.044,227.4215
49.3,224.759,231.31,228.0345
49.31,225.45,233.637,229.5435
49.32,225.801,228.919,227.36
49.33,227.711,228.708,228.2095
49.34,225.93,229.001,227.4655
49.35,226.407,226.169,226.288
49.36,226.444,227.989,227.2165
49.37,228.248,229.527,228.8875
49.38,225.2,230.365,227.7825
49.39,227.507,230.175,228.841
49.4,226.375,230.117,228.246
49.41,226.797,225.952,226.3745
49.42,229.094,227.744,228.419
49.43,225.459,229.548,227.5035
49.44,225.316,225.819,225.5675
49.45,221.852,228.746,225.299
49.46,226.513,228.879,227.696
49.47,224.732,225.631,225.1815
49.48,223.265,227.922,225.5935
49.49,225.81,227.657,226.7335
49.5,224.989,224.865,224.927
49.51,225.633,224.99,225.3115
49.52,223.611,223.803,223.707
49.53,224.931,227.129,226.03
49.54,223.41,226.699,225.0545
49.55,221.793,222.797,222.295
49.56,224.4,226.11,225.255
49.57,222.935,221.545,222.24
49.58,227.098,223.348,225.223
49.59,224.259,223.377,223.818
49.6,225.674,226.981,226.3275
49.61,228.469,222.463,225.466
49.62,226.807,222.468,224.6375
49.63,224.529,227.162,225.8455
49.64,225.252,226.609,225.9305
49.65,224.547,227.031,225.789
49.66,226.483,225.787,226.135
49.67,225.752,223.05,224.401
49.68,224.901,231.582,228.2415
49.69,226.664,227.382,227.023
49.7,223.866,224.896,224.381
49.71,220.141,226.424,223.2825
49.72,223.373,228.351,225.862
49.73,224.88,224.959,224.9195
49.74,229.106,224.065,226.5855
49.75,223.758,225.785,224.7715
49.76,221.07,224.318,222.694
49.77,222.618,223.442,223.03
49.78,227.27,222.477,224.8735
49.79,225.546,224.271,224.9085
49.8,223.813,226.739,225.276
49.81,224.555,227.262,225.9085
49.82,225.415,224.483,224.949
49.83,224.355,225.175,224.765
49.84,220.016,227.997,224.0065
49.85,224.577,226.898,225.7375
49.86,225.583,229.297,227.44
49.87,225.033,227.849,226.441
49.88,225.494,229.484,227.489
49.89,225.399,225.408,225.4035
49.9,226.35,227.624,226.987
49.91,226.704,225.301,226.0025
49.92,226.425,230.4,228.4125
49.93,227.735,229.727,228.731
49.94,226.279,229.344,227.8115
49.95,229.998,228.68,229.339
49.96,226.471,224.524,225.4975
49.97,228.91,226.188,227.549
49.98,227.181,226.272,226.7265
49.99,226.803,223.734,225.2685
50,227.737,228.138,227.9375
50.01,227.374,229.04,228.207
50.02,225.633,226.447,226.04
50.03,226.139,225.269,225.704
50.04,227.803,225.988,226.8955
50.05,223.782,223.251,223.5165
50.06,224.448,227.348,225.898
50.07,228.364,223.391,225.8775
50.08,224.865,230.721,227.793
50.09,224.95,228.988,226.969
50.1,224.645,223.181,223.913
50.11,227.248,227.438,227.343
50.12,224.271,229.661,226.966
50.13,226.65,230.467,228.5585
50.14,227.822,225.222,226.522
50.15,225.427,227.352,226.3895
50.16,226.816,228.376,227.596
50.17,224.279,226.446,225.3625
50.18,224.98,226.341,225.6605
50.19,222.631,225.252,223.9415
50.2,226.418,224.792,225.605
50.21,227.83,223.073,225.4515
50.22,228.071,227.343,227.707
50.23,227.213,225.343,226.278
50.24,226.418,225.597,226.0075
50.25,229.233,228.071,228.652
50.26,228.286,229.046,228.666
50.27,227.017,226.042,226.5295
50.28,228.81,222.324,225.567
50.29,229.219,223.875,226.547
50.3,229.668,227.483,228.5755
50.31,223.146,224.879,224.0125
50.32,226.852,222.349,224.6005
50.33,226.201,222.311,224.256
50.34,226.109,226.307,226.208
50.35,226.129,228.329,227.229
50.36,224.575,224.923,224.749
50.37,228.176,227.839,228.0075
50.38,229.805,225.477,227.641
50.39,227.651,225.643,226.647
50.4,226.849,226.373,226.611
50.41,229.745,225.447,227.596
50.42,229.499,224.306,226.9025
50.43,230.05,227.576,228.813
50.44,228.156,224.39,226.273
50.45,226.766,223.678,225.222
50.46,229.363,223.548,226.4555
50.47,226.831,225.191,226.011
50.48,224.534,229.436,226.985
50.49,224.56,231.216,227.888
50.5,229.046,230.453,229.7495
50.51,226.409,228.329,227.369
50.52,225.463,229.007,227.235
50.53,224.486,224.739,224.6125
50.54,225.105,229.724,227.4145
50.55,224.828,230.273,227.5505
50.56,227.218,229.541,228.3795
50.57,221.73,227.025,224.3775
50.58,223.817,225.439,224.628
50.59,227.197,228.543,227.87
50.6,225.507,225.818,225.6625
50.61,225.02,228.101,226.5605
50.62,226.114,227.749,226.9315
50.63,228.884,228.971,228.9275
50.64,226.939,228.659,227.799
50.65,227.38,227.711,227.5455
50.66,226.984,227.555,227.2695
50.67,226.509,227.793,227.151
50.68,229.765,226.832,228.2985
50.69,224.562,226.374,225.468
50.7,222.493,228.196,225.3445
50.71,223.324,228.018,225.671
50.72,226.747,226.487,226.617
50.73,226.694,230.91,228.802
50.74,225.132,228.674,226.903
50.75,224.026,223.462,223.744
50.76,225.911,227.151,226.531
50.77,226.381,226.263,226.322
50.78,225.726,225.079,225.4025
50.79,222.233,223.862,223.0475
50.8,226.606,226.556,226.581
50.81,226.401,225.042,225.7215
50.82,224.745,224.981,224.863
50.83,224.692,227.942,226.317
50.84,224.905,223.911,224.408
50.85,224.672,226.689,225.6805
50.86,225.205,226.357,225.781
50.87,223.415,225.469,224.442
50.88,224.51,224.384,224.447
50.89,225.017,225.701,225.359
50.9,223.659,224.064,223.8615
50.91,224.629,228.025,226.327
50.92,221.31,223.433,222.3715
50.93,222.593,225.633,224.113
50.94,222.463,229.539,226.001
50.95,222.079,225.875,223.977
50.96,225.008,227.157,226.0825
50.97,225.536,229.955,227.7455
50.98,224.68,231.062,227.871
50.99,222.647,223.803,223.225
51,222.647,228.41,225.5285
51.01,224.025,229.968,226.9965
51.02,223.996,227.705,225.8505
51.03,224.539,230.72,227.6295
51.04,226.062,228.776,227.419
51.05,227.13,226.725,226.9275
51.06,226.221,230.858,228.5395
51.07,227.985,227.726,227.8555
51.08,224.326,227.763,226.0445
51.09,225.984,227.358,226.671
51.1,223.635,226.501,225.068
51.11,221.558,229.268,225.413
51.12,221.9,228.28,225.09
51.13,221.853,229.167,225.51
51.14,220.937,227.89,224.4135
51.15,225.413,226.105,225.759
51.16,224.835,229.539,227.187
51.17,222.732,225.188,223.96
51.18,221.96,228.393,225.1765
51.19,225.726,229.112,227.419
51.2,226.78,230.256,228.518
51.21,221.891,227.215,224.553
51.22,224.297,231.516,227.9065
51.23,223.347,227.851,225.599
51.24,223.049,226.391,224.72
51.25,223.46,229.651,226.5555
51.26,225.774,230.848,228.311
51.27,222.456,231.777,227.1165
51.28,222.504,227.419,224.9615
51.29,225.481,226.421,225.951
51.3,226.434,227.576,227.005
51.31,226.635,229.015,227.825
51.32,227.056,225.887,226.4715
51.33,225.951,223.419,224.685
51.34,225.351,224.651,225.001
51.35,226.409,227.09,226.7495
51.36,224.589,224.004,224.2965
51.37,225.685,231.197,228.441
51.38,227.07,229.663,228.3665
51.39,223.327,227.326,225.3265
51.4,222.711,226.415,224.563
51.41,223.42,225.93,224.675
51.42,223.48,225.259,224.3695
51.43,224.377,227.305,225.841
51.44,224.872,228.888,226.88
51.45,224.4,228.187,226.2935
51.46,224.154,228.322,226.238
51.47,223.985,228.842,226.4135
51.48,224.323,226.479,225.401
51.49,226.426,228.042,227.234
51.5,225.173,230.08,227.6265
51.51,222.798,226.397,224.5975
51.52,224.302,227.079,225.6905
51.53,226.749,228.907,227.828
51.54,226.81,227.476,227.143
51.55,221.376,224.083,222.7295
51.56,225.537,226.962,226.2495
51.57,223.419,227.292,225.3555
51.58,222.802,224.265,223.5335
51.59,221.443,223.762,222.6025
51.6,225.127,226.537,225.832
51.61,225.1,228.445,226.7725
51.62,224.49,227.143,225.8165
51.63,223.704,228.702,226.203
51.64,225.89,228.991,227.4405
51.65,227.985,226.322,227.1535
51.66,228.372,228.955,228.6635
51.67,226.31,229.253,227.7815
51.68,228.042,229.111,228.5765
51.69,229.409,228.848,229.1285
51.7,228.5,227.422,227.961
51.71,225.825,227.316,226.5705
51.72,227.315,227.055,227.185
51.73,227.712,229.848,228.78
51.74,225.213,227.138,226.1755
51.75,227.046,229.005,228.0255
51.76,229.587,226.535,228.061
51.77,225.813,225.735,225.774
51.78,222.884,227.112,224.998
51.79,224.267,228.111,226.189
51.8,225.043,229.634,227.3385
51.81,225.226,227.21,226.218
51.82,226.969,224.064,225.5165
51.83,223.26,227.88,225.57
51.84,224.514,226.698,225.606
51.85,221.474,226.573,224.0235
51.86,221.612,225.987,223.7995
51.87,224.177,224.755,224.466
51.88,222.819,229.123,225.971
51.89,220.324,226.617,223.4705
51.9,222.776,227.862,225.319
51.91,218.733,231.335,225.034
51.92,222.098,226.473,224.2855
51.93,222.214,225.209,223.7115
51.94,225.887,228.766,227.3265
51.95,224.342,230.714,227.528
51.96,226.716,224.721,225.7185
51.97,222.749,228.318,225.5335
51.98,222.263,228.784,225.5235
51.99,222.569,232.033,227.301
52,221.264,229.45,225.357
52.01,221.464,226.911,224.1875
52.02,225.175,226.276,225.7255
52.03,226.09,229.241,227.6655
52.04,225.909,229.861,227.885
52.05,227.522,233.128,230.325
52.06,226.21,227.834,227.022
52.07,226.283,226.635,226.459
52.08,225.86,229.022,227.441
52.09,226.238,229.322,227.78
52.1,225.149,229.132,227.1405
52.11,225.783,228.03,226.9065
52.12,223.765,230.906,227.3355
52.13,227.517,230.523,229.02
52.14,223.901,230.637,227.269
52.15,226.765,229.609,228.187
52.16,225.742,231.816,228.779
52.17,225.008,233.556,229.282
52.18,225.149,234.423,229.786
52.19,228.573,231.001,229.787
52.2,227.953,227.66,227.8065
52.21,227.296,232.338,229.817
52.22,225.924,233.267,229.5955
52.23,230.918,229.846,230.382
52.24,226.559,231.014,228.7865
52.25,225.498,232.083,228.7905
52.26,225.611,228.87,227.2405
52.27,226.323,232.53,229.4265
52.28,226.881,233.102,229.9915
52.29,226.765,232.377,229.571
52.3,228.638,232.261,230.4495
52.31,224.558,232.147,228.3525
52.32,227.182,232.836,230.009
52.33,226.851,232,229.4255
52.34,225.938,232.05,228.994
52.35,227.419,228.43,227.9245
52.36,226.692,232.152,229.422
52.37,224.389,232.236,228.3125
52.38,226.151,231.663,228.907
52.39,225.656,230.488,228.072
52.4,228.209,226.705,227.457
52.41,227.748,227.647,227.6975
52.42,227.116,227.951,227.5335
52.43,228.784,230.683,229.7335
52.44,226.216,227.843,227.0295
52.45,225.498,230.346,227.922
52.46,227.285,227.113,227.199
52.47,225.224,227.119,226.1715
52.48,223.307,229.362,226.3345
52.49,226.128,225.272,225.7
52.5,225.773,223.338,224.5555
52.51,223.542,227.718,225.63
52.52,226.237,226.474,226.3555
52.53,222.34,222.281,222.3105
52.54,226.815,227.045,226.93
52.55,224.004,226.378,225.191
52.56,224.019,229.772,226.8955
52.57,220.863,226.366,223.6145
52.58,222.96,227.383,225.1715
52.59,226.027,224.511,225.269
52.6,221.381,227.239,224.31
52.61,225.206,228.376,226.791
52.62,224.142,227.82,225.981
52.63,227.304,230.09,228.697
52.64,227.376,231.845,229.6105
52.65,225.81,228.788,227.299
52.66,225.423,229.903,227.663
52.67,225.35,228.316,226.833
52.68,224.976,229.847,227.4115
52.69,224.289,225.787,225.038
52.7,224.37,228.772,226.571
52.71,225.351,229.452,227.4015
52.72,227.291,231.036,229.1635
52.73,224.387,230.43,227.4085
52.74,224.813,228.227,226.52
52.75,222.509,228.196,225.3525
52.76,223.378,230.684,227.031
52.77,223.102,225.183,224.1425
52.78,225.736,223.74,224.738
52.79,225.973,226.74,226.3565
52.8,223.941,227.439,225.69
52.81,222.499,226.527,224.513
52.82,222.323,225.342,223.8325
52.83,224.206,226.165,225.1855
52.84,225.621,229.161,227.391
52.85,225.013,226.009,225.511
52.86,225.704,224.609,225.1565
52.87,226.195,227.493,226.844
52.88,221.845,228.03,224.9375
52.89,224.882,227.966,226.424
52.9,225.771,226.459,226.115
52.91,223.657,227.503,225.58
52.92,225.655,227.381,226.518
52.93,226.659,224.804,225.7315
52.94,227.803,227.725,227.764
52.95,224.79,229.196,226.993
52.96,222.558,229.129,225.8435
52.97,224.942,226.209,225.5755
52.98,226.538,230.516,228.527
52.99,222.416,226.09,224.253
53,222.87,227.292,225.081
53.01,226.064,226.471,226.2675
53.02,226.077,228.818,227.4475
53.03,223.969,229.231,226.6
53.04,228.099,226.488,227.2935
53.05,224.943,227.416,226.1795
53.06,227.923,228.818,228.3705
53.07,221.683,228.561,225.122
53.08,220.703,224.573,222.638
53.09,222.003,227.063,224.533
53.1,221.042,224.802,222.922
53.11,225.406,224.222,224.814
53.12,226.479,224.77,225.6245
53.13,227.373,229.648,228.5105
53.14,224.449,227.723,226.086
53.15,225.732,223.571,224.6515
53.16,225.036,225.521,225.2785
53.17,222.967,228.462,225.7145
53.18,225.721,227.374,226.5475
53.19,224.246,224.983,224.6145
53.2,223.405,227.732,225.5685
53.21,222.402,231.269,226.8355
53.22,226.572,225.183,225.8775
53.23,225.534,228.644,227.089
53.24,227.785,229.023,228.404
53.25,229.469,226.881,228.175
53.26,225.236,227.087,226.1615
53.27,228.224,231.463,229.8435
53.28,224.155,226.281,225.218
53.29,226.27,227.17,226.72
53.3,228.236,229.999,229.1175
53.31,224.809,229.312,227.0605
53.32,226.834,230.039,228.4365
53.33,225.791,227.739,226.765
53.34,228.359,226.09,227.2245
53.35,230.549,232.668,231.6085
53.36,228.285,225.445,226.865
53.37,227.454,227.306,227.38
53.38,225.536,228.487,227.0115
53.39,228.08,228.939,228.5095
53.4,225.892,229.671,227.7815
53.41,224.778,226.249,225.5135
53.42,227.46,226.077,226.7685
53.43,225.659,226.216,225.9375
53.44,226.115,227.805,226.96
53.45,229.221,227.156,228.1885
53.46,227.071,224.971,226.021
53.47,226.572,228.075,227.3235
53.48,226.24,231.176,228.708
53.49,229.229,227.941,228.585
53.5,223.45,229.919,226.6845
53.51,226.369,226.671,226.52
53.52,226.476,225.627,226.0515
53.53,226.269,224.765,225.517
53.54,227.76,224.023,225.8915
53.55,227.129,223.914,225.5215
53.56,224.417,223.395,223.906
53.57,225.931,222.607,224.269
53.58,226.284,224.35,225.317
53.59,230.502,220.433,225.4675
53.6,226.658,224.507,225.5825
53.61,229.142,222.101,225.6215
53.62,228.508,223.409,225.9585
53.63,225.871,223.777,224.824
53.64,226.333,224.33,225.3315
53.65,228.72,225.041,226.8805
53.66,230.197,227.643,228.92
53.67,226.493,229.706,228.0995
53.68,225.433,224.089,224.761
53.69,223.758,225.543,224.6505
53.7,224.69,221.263,222.9765
53.71,223.738,225.1,224.419
53.72,227.389,223.704,225.5465
53.73,230.317,222.337,226.327
53.74,229.217,227.868,228.5425
53.75,229.701,224.432,227.0665
53.76,227.512,226.695,227.1035
53.77,224.997,228.708,226.8525
53.78,225.253,223.32,224.2865
53.79,223.006,226.02,224.513
53.8,222.744,224.213,223.4785
53.81,226.091,225.187,225.639
53.82,225.998,227.545,226.7715
53.83,225.231,226.029,225.63
53.84,227.988,226.51,227.249
53.85,225.472,227.177,226.3245
53.86,220.882,225.436,223.159
53.87,224.987,225.776,225.3815
53.88,224.677,222.881,223.779
53.89,221.488,228.015,224.7515
53.9,225.982,226.752,226.367
53.91,224.035,229.647,226.841
53.92,220.837,227.413,224.125
53.93,221.491,224.177,222.834
53.94,226.51,226.576,226.543
53.95,223.129,227.02,225.0745
53.96,223.363,223.602,223.4825
53.97,227.658,220.295,223.9765
53.98,225.461,221.587,223.524
53.99,224.921,223.486,224.2035
54,222.008,227.472,224.74
54.01,225.336,222.629,223.9825
54.02,223.681,223.596,223.6385
54.03,222.831,224.275,223.553
54.04,224.003,221.716,222.8595
54.05,223.113,224.057,223.585
54.06,221.998,227.855,224.9265
54.07,225.429,224.758,225.0935
54.08,225.791,223.318,224.5545
54.09,226.417,224.544,225.4805
54.1,226.075,222.196,224.1355
54.11,223.324,222.217,222.7705
54.12,223.404,227.603,225.5035
54.13,223.32,221.506,222.413
54.14,219.787,219.937,219.862
54.15,220.031,224.507,222.269
54.16,223.995,223.311,223.653
54.17,224.059,223.714,223.8865
54.18,221.603,227.493,224.548
54.19,219.47,224.262,221.866
54.2,222.441,224.342,223.3915
54.21,224.343,225.658,225.0005
54.22,226.055,225.56,225.8075
54.23,224.804,223.319,224.0615
54.24,224.833,229.745,227.289
54.25,223.404,225.505,224.4545
54.26,223.419,226.357,224.888
54.27,225.348,225.795,225.5715
54.28,225.749,227.844,226.7965
54.29,225.454,228.012,226.733
54.3,225.55,227.518,226.534
54.31,224.311,225.687,224.999
54.32,226.373,226.695,226.534
54.33,225.044,226,225.522
54.34,223.154,224.392,223.773
54.35,223.85,225.615,224.7325
54.36,227.227,224.401,225.814
54.37,227.735,225.123,226.429
54.38,230.35,223.524,226.937
54.39,224.665,224.8,224.7325
54.4,226.022,225.406,225.714
54.41,224.435,226.458,225.4465
54.42,223.488,225.07,224.279
54.43,225.592,224.73,225.161
54.44,225.044,224.994,225.019
54.45,222.449,226.375,224.412
54.46,225.952,223.473,224.7125
54.47,223.054,223.196,223.125
54.48,228.374,226.11,227.242
54.49,225.664,224.379,225.0215
54.5,227.521,224.055,225.788
54.51,224.827,221.716,223.2715
54.52,225.151,219.633,222.392
54.53,224.745,223.919,224.332
54.54,231.062,224.217,227.6395
54.55,228.912,222.742,225.827
54.56,225.586,223.049,224.3175
54.57,222.734,224.52,223.627
54.58,226.126,224.823,225.4745
54.59,224.504,225.06,224.782
54.6,222.979,222.702,222.8405
54.61,225.931,224.151,225.041
54.62,224.868,230.819,227.8435
54.63,221.358,229.397,225.3775
54.64,222.372,224.85,223.611
54.65,223.894,222.974,223.434
54.66,222.471,226.505,224.488
54.67,224.055,229.804,226.9295
54.68,224.071,223.646,223.8585
54.69,225.165,228.143,226.654
54.7,220.873,226.257,223.565
54.71,224.229,225.258,224.7435
54.72,224.835,227.181,226.008
54.73,224.319,230.309,227.314
54.74,222.335,229.187,225.761
54.75,223.989,226.722,225.3555
54.76,225.738,223.266,224.502
54.77,225.347,228.01,226.6785
54.78,228.392,228.087,228.2395
54.79,226.111,227.555,226.833
54.8,227.684,226.453,227.0685
54.81,228.13,224.973,226.5515
54.82,227.024,225.943,226.4835
54.83,229.523,225.973,227.748
54.84,226.442,225.924,226.183
54.85,225.605,226.576,226.0905
54.86,226.123,227.609,226.866
54.87,226.392,225.889,226.1405
54.88,225.48,224.608,225.044
54.89,223.759,225.02,224.3895
54.9,228.723,227.24,227.9815
54.91,228.945,224.919,226.932
54.92,225.458,221.869,223.6635
54.93,222.891,223.493,223.192
54.94,225.847,224.656,225.2515
54.95,225.297,227.189,226.243
54.96,228.692,223.917,226.3045
54.97,228.402,227.766,228.084
54.98,225.166,228.793,226.9795
54.99,229.156,223.878,226.517
55,227.639,230.742,229.1905
55.01,225.297,225.697,225.497
55.02,229.246,227.277,228.2615
55.03,227.257,227.764,227.5105
55.04,227.803,226.298,227.0505
55.05,229.007,228.731,228.869
55.06,227.917,229.043,228.48
55.07,230.699,227.907,229.303
55.08,226.969,228.302,227.6355
55.09,224.679,227.158,225.9185
55.1,226.857,227.388,227.1225
55.11,227.562,224.6,226.081
55.12,223.051,226.692,224.8715
55.13,226.854,228.553,227.7035
55.14,228.596,225.449,227.0225
55.15,229.873,226.4,228.1365
55.16,228.18,227.083,227.6315
55.17,224.967,226.657,225.812
55.18,227.028,228.534,227.781
55.19,223.134,230.084,226.609
55.2,227.814,231.398,229.606
55.21,224.4,229.339,226.8695
55.22,225.533,227.145,226.339
55.23,225.667,226.883,226.275
55.24,225.564,223.199,224.3815
55.25,226.434,227.644,227.039
55.26,228.173,230.9,229.5365
55.27,227.879,226.913,227.396
55.28,226.135,227.551,226.843
55.29,226.041,225.387,225.714
55.3,226.61,228.594,227.602
55.31,225.974,230.068,228.021
55.32,223.667,229.026,226.3465
55.33,222.983,225.636,224.3095
55.34,227.403,226.917,227.16
55.35,226.494,228.576,227.535
55.36,223.347,226.725,225.036
55.37,222.438,228.108,225.273
55.38,222.306,227.027,224.6665
55.39,225.722,225.27,225.496
55.4,222.097,227.903,225
55.41,227.811,221.81,224.8105
55.42,222.578,226.632,224.605
55.43,223.303,225.161,224.232
55.44,221.815,225.517,223.666
55.45,220.709,227.392,224.0505
55.46,223.488,227.192,225.34
55.47,222.665,229.581,226.123
55.48,221.442,226.279,223.8605
55.49,223.009,227.655,225.332
55.5,225.369,227.318,226.3435
55.51,224.964,226.663,225.8135
55.52,222.979,228.36,225.6695
55.53,222.002,226.892,224.447
55.54,225.497,224.684,225.0905
55.55,225.639,228.61,227.1245
55.56,221.843,224.136,222.9895
55.57,224.86,229.58,227.22
55.58,220.751,227.536,224.1435
55.59,223.177,221.849,222.513
55.6,226.022,224.126,225.074
55.61,225.807,224.597,225.202
55.62,223.546,226.943,225.2445
55.63,223.608,226.818,225.213
55.64,226.375,224.855,225.615
55.65,223.478,226.516,224.997
55.66,220.686,228.226,224.456
55.67,222.369,227.955,225.162
55.68,223.031,230.167,226.599
55.69,222.985,229.778,226.3815
55.7,222.518,228.404,225.461
55.71,224.585,232.367,228.476
55.72,226.592,228.996,227.794
55.73,224.633,225.159,224.896
55.74,223.312,229.856,226.584
55.75,222.38,229.87,226.125
55.76,220.856,230.272,225.564
55.77,224.11,226.076,225.093
55.78,226.597,225.553,226.075
55.79,225.576,224.824,225.2
55.8,226.022,223.735,224.8785
55.81,226.347,226.245,226.296
55.82,226.258,224.814,225.536
55.83,226.971,226.337,226.654
55.84,224.775,225.436,225.1055
55.85,223.626,226.217,224.9215
55.86,226.164,227.15,226.657
55.87,224.071,226.054,225.0625
55.88,226.369,224.496,225.4325
55.89,228.062,226.416,227.239
55.9,225.701,229.06,227.3805
55.91,224.26,229.747,227.0035
55.92,225.264,226.22,225.742
55.93,226.256,226.432,226.344
55.94,225.109,228.409,226.759
55.95,219.942,229.765,224.8535
55.96,226.022,228.126,227.074
55.97,225.673,229.171,227.422
55.98,225.311,230.081,227.696
55.99,223.021,228.491,225.756
56,222.257,227.699,224.978
56.01,224.494,223.591,224.0425
56.02,220.325,224.24,222.2825
56.03,224.438,226.884,225.661
56.04,226.174,225.578,225.876
56.05,225.343,226.789,226.066
56.06,226.08,225.884,225.982
56.07,228.384,229.006,228.695
56.08,225.717,227.065,226.391
56.09,225.069,228.865,226.967
56.1,223.674,222.898,223.286
56.11,224.534,222.584,223.559
56.12,226.14,224.712,225.426
56.13,224.746,221.899,223.3225
56.14,222.314,228.47,225.392
56.15,222.092,226.595,224.3435
56.16,222.295,225.322,223.8085
56.17,220.841,226.912,223.8765
56.18,224.088,227.984,226.036
56.19,221.751,226.938,224.3445
56.2,221.076,227.231,224.1535
56.21,223.635,226.116,224.8755
56.22,221.185,230.896,226.0405
56.23,220.508,228.024,224.266
56.24,222.094,226.705,224.3995
56.25,220.181,223.687,221.934
56.26,220.786,228.778,224.782
56.27,220.424,225.432,222.928
56.28,221.699,226.633,224.166
56.29,225.052,230.035,227.5435
56.3,223.79,229.298,226.544
56.31,222.713,231.461,227.087
56.32,222.28,231.522,226.901
56.33,223.491,226.193,224.842
56.34,220.993,227.142,224.0675
56.35,221.138,228.615,224.8765
56.36,220.149,226.273,223.211
56.37,221.056,229.548,225.302
56.38,222.986,227.286,225.136
56.39,224.529,226.661,225.595
56.4,223.53,226.93,225.23
56.41,227.179,229.255,228.217
56.42,223.43,228.531,225.9805
56.43,225.76,226.628,226.194
56.44,223.493,223.467,223.48
56.45,221.139,224.555,222.847
56.46,223.265,226.402,224.8335
56.47,220.536,224.787,222.6615
56.48,222.495,226.604,224.5495
56.49,223.327,224.118,223.7225
56.5,223.647,226.854,225.2505
56.51,224.686,227.708,226.197
56.52,225.016,227.742,226.379
56.53,220.635,223.263,221.949
56.54,223.774,225.349,224.5615
56.55,222.544,223.508,223.026
56.56,223.625,226.552,225.0885
56.57,223.042,224.829,223.9355
56.58,221.961,224.716,223.3385
56.59,222.738,225.74,224.239
56.6,227.156,226.49,226.823
56.61,222.217,227.337,224.777
56.62,224.177,228.006,226.0915
56.63,227.511,225.15,226.3305
56.64,227.836,228.533,228.1845
56.65,227.917,227.738,227.8275
56.66,225.334,225.258,225.296
56.67,224.804,225.854,225.329
56.68,223.938,228.368,226.153
56.69,224.751,224.519,224.635
56.7,223.204,223.272,223.238
56.71,224.857,226.679,225.768
56.72,225.465,224.82,225.1425
56.73,225.51,226.869,226.1895
56.74,224.422,229,226.711
56.75,225.072,221.111,223.0915
56.76,222.527,223.961,223.244
56.77,218.463,224.936,221.6995
56.78,222.113,225.307,223.71
56.79,225.045,224.029,224.537
56.8,223.742,227.253,225.4975
56.81,224.32,228.791,226.5555
56.82,221.02,228.453,224.7365
56.83,225.078,225.757,225.4175
56.84,225.24,226.943,226.0915
56.85,223.283,229.018,226.1505
56.86,223.984,226.34,225.162
56.87,225.656,227.848,226.752
56.88,226.271,226.485,226.378
56.89,220.926,228.914,224.92
56.9,221.732,230.342,226.037
56.91,224.193,227.341,225.767
56.92,224.507,226.402,225.4545
56.93,223.824,227.843,225.8335
56.94,225.129,223.668,224.3985
56.95,227.757,227.945,227.851
56.96,224.208,225.681,224.9445
56.97,224.61,228.928,226.769
56.98,223.169,229.349,226.259
56.99,221.331,223.613,222.472
57,224.635,225.052,224.8435
57.01,219.42,226.897,223.1585
57.02,222.152,229.736,225.944
57.03,222.72,228.009,225.3645
57.04,221.46,228.583,225.0215
57.05,222.841,229.399,226.12
57.06,223.561,230.532,227.0465
57.07,224.518,230.078,227.298
57.08,222.204,230.278,226.241
57.09,222.32,229.187,225.7535
57.1,220.419,231.919,226.169
57.11,222.975,230.676,226.8255
57.12,224.235,229.501,226.868
57.13,222.628,232.808,227.718
57.14,221.054,229.931,225.4925
57.15,220.217,230.512,225.3645
57.16,222.242,232.292,227.267
57.17,222.703,231.564,227.1335
57.18,223.871,230.335,227.103
57.19,221.354,230.285,225.8195
57.2,221.611,233.278,227.4445
57.21,227.339,232.377,229.858
57.22,223.967,231.736,227.8515
57.23,222.638,230.05,226.344
57.24,222.393,227.278,224.8355
57.25,223.7,228.009,225.8545
57.26,220.409,227.799,224.104
57.27,226.023,229.168,227.5955
57.28,223.446,227.257,225.3515
57.29,223.587,228.923,226.255
57.3,222.18,229.26,225.72
57.31,220.344,229.241,224.7925
57.32,222.013,226.769,224.391
57.33,224.008,231.204,227.606
57.34,221.386,230.313,225.8495
57.35,223.302,227.67,225.486
57.36,224.822,229.311,227.0665
57.37,225.025,228.507,226.766
57.38,224.078,229.367,226.7225
57.39,226.541,230.401,228.471
57.4,225.17,228.196,226.683
57.41,223.148,226.293,224.7205
57.42,226.912,227.847,227.3795
57.43,225.204,233.016,229.11
57.44,227.333,231.658,229.4955
57.45,231.228,231.319,231.2735
57.46,227.502,230.608,229.055
57.47,225.853,229.789,227.821
57.48,224.073,231.519,227.796
57.49,226.73,232.624,229.677
57.5,226.606,232.101,229.3535
57.51,227.216,232.668,229.942
57.52,227.471,230.281,228.876
57.53,230.91,229.901,230.4055
57.54,227.492,231.569,229.5305
57.55,226.844,228.027,227.4355
57.56,224.733,232.058,228.3955
57.57,226.776,232.887,229.8315
57.58,225.681,232.364,229.0225
57.59,228.237,233.771,231.004
57.6,231.342,233.655,232.4985
57.61,228.624,230.636,229.63
57.62,230.412,229.29,229.851
57.63,226.874,228.356,227.615
57.64,230.394,232.432,231.413
57.65,227.512,225.384,226.448
57.66,227.363,231.959,229.661
57.67,223.684,233.732,228.708
57.68,223.633,225.553,224.593
57.69,224.732,226.682,225.707
57.7,227.611,229.247,228.429
57.71,222.143,229.805,225.974
57.72,224.002,227.979,225.9905
57.73,227.555,228.638,228.0965
57.74,228.016,231.059,229.5375
57.75,225.472,228.958,227.215
57.76,226.924,232.22,229.572
57.77,228.779,231.964,230.3715
57.78,227.523,230.282,228.9025
57.79,227.283,227.855,227.569
57.8,224.86,232.121,228.4905
57.81,228.722,228.581,228.6515
57.82,228.889,230.213,229.551
57.83,227.822,229.39,228.606
57.84,225.968,233.258,229.613
57.85,225.736,229.695,227.7155
57.86,223.711,228.391,226.051
57.87,227.378,227.789,227.5835
57.88,224.409,227.817,226.113
57.89,228.366,233.928,231.147
57.9,227.291,233.357,230.324
57.91,225.943,231.72,228.8315
57.92,223.746,233.343,228.5445
57.93,231.083,233.16,232.1215
57.94,227.498,237.56,232.529
57.95,225.311,230.625,227.968
57.96,227.936,233.589,230.7625
57.97,228.454,232.709,230.5815
57.98,226.358,228.463,227.4105
57.99,228.692,230.214,229.453
58,225.845,231.393,228.619
58.01,226.569,232.485,229.527
58.02,229.955,232.444,231.1995
58.03,229.447,230.789,230.118
58.04,229.083,230.452,229.7675
58.05,225.471,229.654,227.5625
58.06,228.812,230.265,229.5385
58.07,227.666,229.953,228.8095
58.08,226.2,232.007,229.1035
58.09,227.053,229.297,228.175
58.1,227.059,230.246,228.6525
58.11,228.47,229.232,228.851
58.12,227.854,227.906,227.88
58.13,229.511,227.847,228.679
58.14,231.891,226.709,229.3
58.15,226.289,229.094,227.6915
58.16,225.854,228.844,227.349
58.17,226.723,226.463,226.593
58.18,224.053,227.181,225.617
58.19,223.077,226.815,224.946
58.2,223.511,224.967,224.239
58.21,222.931,228.862,225.8965
58.22,228.034,228.575,228.3045
58.23,223.766,227.52,225.643
58.24,225.814,229.674,227.744
58.25,227.146,226.3,226.723
58.26,224.22,230.547,227.3835
58.27,228.722,228.69,228.706
58.28,226.275,231.825,229.05
58.29,226.895,230.392,228.6435
58.3,227.967,224.734,226.3505
58.31,229.677,229.683,229.68
58.32,228.359,229.708,229.0335
58.33,228.426,228.876,228.651
58.34,230.284,226.381,228.3325
58.35,228.188,226.006,227.097
58.36,228.036,226.863,227.4495
58.37,225.683,227.959,226.821
58.38,229.696,226.672,228.184
58.39,224.229,226.082,225.1555
58.4,223.738,229.511,226.6245
58.41,229.262,226.294,227.778
58.42,227.314,227.65,227.482
58.43,225.693,228.567,227.13
58.44,226.202,230.31,228.256
58.45,230.393,225.638,228.0155
58.46,229.488,228.836,229.162
58.47,228.833,230.214,229.5235
58.48,228.813,230.046,229.4295
58.49,228.658,227.99,228.324
58.5,228.402,228.09,228.246
58.51,225.847,229.537,227.692
58.52,229.487,230.003,229.745
58.53,226.302,228.849,227.5755
58.54,226.078,228.085,227.0815
58.55,228.101,225.739,226.92
58.56,226.823,224.897,225.86
58.57,225.478,228.202,226.84
58.58,228.792,230.043,229.4175
58.59,225.046,225.187,225.1165
58.6,228.927,226.443,227.685
58.61,232.81,226.793,229.8015
58.62,229.018,228.899,228.9585
58.63,226.559,228.616,227.5875
58.64,227.736,226.346,227.041
58.65,228.068,228.108,228.088
58.66,230.423,228.428,229.4255
58.67,227.337,226.793,227.065
58.68,225.3,230.283,227.7915
58.69,230.187,229.48,229.8335
58.7,226.095,226.141,226.118
58.71,227.261,225.688,226.4745
58.72,229.152,228.592,228.872
58.73,228.103,228.254,228.1785
58.74,225.764,227.107,226.4355
58.75,226.654,225.443,226.0485
58.76,231.587,229.599,230.593
58.77,227.988,226.789,227.3885
58.78,228.004,226.709,227.3565
58.79,231.014,224.437,227.7255
58.8,232.011,227.25,229.6305
58.81,229.069,230.235,229.652
58.82,229.537,227.655,228.596
58.83,229.06,223.951,226.5055
58.84,228.784,227.124,227.954
58.85,229.766,225.053,227.4095
58.86,232.12,226.117,229.1185
58.87,226.315,226.44,226.3775
58.88,229.151,226.962,228.0565
58.89,228.27,229.939,229.1045
58.9,228.234,228.315,228.2745
58.91,232.081,224.43,228.2555
58.92,229.178,227.634,228.406
58.93,230.997,225.197,228.097
58.94,230.039,223.169,226.604
58.95,226.202,224.705,225.4535
58.96,225.301,224.38,224.8405
58.97,229.664,227.919,228.7915
58.98,227.322,225.69,226.506
58.99,227.493,225.124,226.3085
59,229.992,220.995,225.4935
59.01,229.941,227.525,228.733
59.02,229.787,225.421,227.604
59.03,227.325,229.391,228.358
59.04,229.654,222.855,226.2545
59.05,229.016,228.288,228.652
59.06,231.808,228.188,229.998
59.07,230.031,225.633,227.832
59.08,234.404,229.082,231.743
59.09,229.289,226.525,227.907
59.1,232.763,225.492,229.1275
59.11,232.25,229.372,230.811
59.12,231.702,225.733,228.7175
59.13,230.897,225.2,228.0485
59.14,228.256,226.575,227.4155
59.15,232.568,228.276,230.422
59.16,228.995,220.725,224.86
59.17,231.269,224.132,227.7005
59.18,229.699,221.186,225.4425
59.19,231.936,223.626,227.781
59.2,234.771,225.445,230.108
59.21,232.223,222.405,227.314
59.22,233.363,224.819,229.091
59.23,233.398,221.971,227.6845
59.24,232.531,225.385,228.958
59.25,230.198,226.172,228.185
59.26,229.978,222.691,226.3345
59.27,229.166,223.092,226.129
59.28,230.356,221.804,226.08
59.29,227.431,225.61,226.5205
59.3,229.675,226.902,228.2885
59.31,230.795,225.858,228.3265
59.32,231.786,224.741,228.2635
59.33,229.815,223.887,226.851
59.34,228.61,227.313,227.9615
59.35,229.144,228.241,228.6925
59.36,226.684,226.762,226.723
59.37,227.133,224.124,225.6285
59.38,225.714,223.5,224.607
59.39,229.315,224.785,227.05
59.4,229.545,227.097,228.321
59.41,227.451,224.768,226.1095
59.42,232.815,224.662,228.7385
59.43,229.359,224.609,226.984
59.44,230.702,225.571,228.1365
59.45,226.732,225.749,226.2405
59.46,231.712,218.998,225.355
59.47,231.589,223.452,227.5205
59.48,232.507,223.541,228.024
59.49,232.691,222.459,227.575
59.5,232.562,225.822,229.192
59.51,227.464,224.823,226.1435
59.52,227.202,227.104,227.153
59.53,230.64,223.063,226.8515
59.54,236.494,227.304,231.899
59.55,231.381,224.784,228.0825
59.56,232.283,224.444,228.3635
59.57,231.364,222.436,226.9
59.58,232.635,226.088,229.3615
59.59,230.368,224.585,227.4765
59.6,226.638,228.047,227.3425
59.61,229.795,226.938,228.3665
59.62,231.91,225.158,228.534
59.63,231.224,229.57,230.397
59.64,234.52,224.362,229.441
59.65,235.81,228.659,232.2345
59.66,232.609,218.519,225.564
59.67,229.189,224.286,226.7375
59.68,232.528,226.915,229.7215
59.69,228.757,223.131,225.944
59.7,230.009,224.007,227.008
59.71,229.181,226.767,227.974
59.72,229.57,224.772,227.171
59.73,226.684,226.483,226.5835
59.74,227.941,224.08,226.0105
59.75,226.478,220.905,223.6915
59.76,226.341,223.845,225.093
59.77,229.215,224.414,226.8145
59.78,227.592,222.41,225.001
59.79,225.909,223.959,224.934
59.8,232.045,222.982,227.5135
59.81,229.859,221.288,225.5735
59.82,228.737,220.906,224.8215
59.83,229.198,223.122,226.16
59.84,231.349,223.283,227.316
59.85,226.373,224.979,225.676
59.86,226.512,220.587,223.5495
59.87,230.204,219.938,225.071
59.88,228.312,221.558,224.935
59.89,228.347,220.382,224.3645
59.9,229.176,223.422,226.299
59.91,228.565,221.499,225.032
59.92,229.806,223.211,226.5085
59.93,227.608,220.116,223.862
59.94,228.839,224.974,226.9065
59.95,230.484,222.738,226.611
59.96,229.585,221.232,225.4085
59.97,229.719,223.916,226.8175
59.98,230.575,223.739,227.157
59.99,229.743,223.686,226.7145
60,230.067,221.007,225.537
60.01,228.191,224.868,226.5295
60.02,230.229,219.018,224.6235
60.03,233.502,222.195,227.8485
60.04,236.789,217.23,227.0095
60.05,232.782,218.924,225.853
60.06,231.498,217.615,224.5565
60.07,232.424,223.811,228.1175
60.08,231.552,225.368,228.46
60.09,233.759,221.226,227.4925
60.1,232.698,220.032,226.365
60.11,229.413,222.383,225.898
60.12,231.556,223.8,227.678
60.13,233.417,224.511,228.964
60.14,230.218,224.012,227.115
60.15,232.257,222.775,227.516
60.16,230.971,222.545,226.758
60.17,230.63,225.971,228.3005
60.18,231.851,223.34,227.5955
60.19,230.904,222.399,226.6515
60.2,230.94,225.351,228.1455
60.21,231.617,221.089,226.353
60.22,229.201,223.209,226.205
60.23,229.088,223.246,226.167
60.24,230.404,221.785,226.0945
60.25,231.634,222.87,227.252
60.26,232.712,221.69,227.201
60.27,230.096,220.914,225.505
60.28,230.7,223.081,226.8905
60.29,230.264,220.535,225.3995
60.3,231.053,221.385,226.219
60.31,228.641,223.549,226.095
60.32,227.516,222.404,224.96
60.33,229.289,223.207,226.248
60.34,231.549,224.179,227.864
60.35,229.583,221.427,225.505
60.36,227.756,224.747,226.2515
60.37,228.497,223.526,226.0115
60.38,229.734,224.075,226.9045
60.39,228.456,223.697,226.0765
60.4,228.736,224.851,226.7935
60.41,227.547,219.62,223.5835
60.42,227.069,222.718,224.8935
60.43,224.911,224.527,224.719
60.44,229.472,218.924,224.198
60.45,225.797,220.078,222.9375
60.46,226.412,224.15,225.281
60.47,229.805,224.607,227.206
60.48,227.65,225.932,226.791
60.49,228.137,221.228,224.6825
60.5,227.043,225.166,226.1045
60.51,221.865,221.362,221.6135
60.52,224.402,222.079,223.2405
60.53,225.457,222.252,223.8545
60.54,223.726,218.289,221.0075
60.55,224.967,220.361,222.664
60.56,223.52,220.852,222.186
60.57,226.78,225.716,226.248
60.58,224.952,223.322,224.137
60.59,226.88,222.547,224.7135
60.6,227.636,222.599,225.1175
60.61,227.634,222.417,225.0255
60.62,223.237,222.654,222.9455
60.63,223.182,222.921,223.0515
60.64,222.307,224.435,223.371
60.65,226.459,219.987,223.223
60.66,227.032,219.931,223.4815
60.67,227.913,223.08,225.4965
60.68,223.958,224.31,224.134
60.69,226.199,222.496,224.3475
60.7,226.082,223.569,224.8255
60.71,227.936,222.27,225.103
60.72,226.463,222.175,224.319
60.73,226.83,220.278,223.554
60.74,226.592,224.036,225.314
60.75,227.768,225.507,226.6375
60.76,228.851,221.337,225.094
60.77,225.896,223.093,224.4945
60.78,224.756,224.515,224.6355
60.79,226.481,225.581,226.031
60.8,225.058,226.035,225.5465
60.81,227.926,223.656,225.791
60.82,227.819,224.129,225.974
60.83,225.008,222.17,223.589
60.84,227.443,225.132,226.2875
60.85,229.604,222.115,225.8595
60.86,229.018,222.755,225.8865
60.87,227.329,229.975,228.652
60.88,230.605,224.211,227.408
60.89,227.105,225.96,226.5325
60.9,227.491,227.191,227.341
60.91,226.986,225.163,226.0745
60.92,227.425,224.886,226.1555
60.93,226.007,223.421,224.714
60.94,226.737,222.795,224.766
60.95,224.017,223.19,223.6035
60.96,228.743,221.192,224.9675
60.97,227.162,221.893,224.5275
60.98,229.369,221.662,225.5155
60.99,226.731,225.162,225.9465
61,228.897,223.181,226.039
61.01,226.9,226.058,226.479
61.02,226.459,224.016,225.2375
61.03,225.998,221.835,223.9165
61.04,226.315,225.2,225.7575
61.05,227.625,223.219,225.422
61.06,224.206,223.063,223.6345
61.07,223.692,227.657,225.6745
61.08,225.639,225.26,225.4495
61.09,221.962,225.099,223.5305
61.1,221.868,225.96,223.914
61.11,226.555,227.602,227.0785
61.12,226.328,227.701,227.0145
61.13,225.78,227.099,226.4395
61.14,227.244,225.103,226.1735
61.15,225.489,222.345,223.917
61.16,226.165,221.743,223.954
61.17,227.227,223.06,225.1435
61.18,225.273,230.145,227.709
61.19,226.116,220.239,223.1775
61.2,227.105,223.119,225.112
61.21,225.387,222.576,223.9815
61.22,226.955,221.58,224.2675
61.23,223.138,226.479,224.8085
61.24,228.039,225.64,226.8395
61.25,228.736,228.177,228.4565
61.26,225.321,225.899,225.61
61.27,226.075,224.357,225.216
61.28,226.481,224.618,225.5495
61.29,228.419,225.638,227.0285
61.3,229.122,224.353,226.7375
61.31,227.039,225.159,226.099
61.32,225.005,223.737,224.371
61.33,225.826,223.871,224.8485
61.34,225.159,226.906,226.0325
61.35,227.996,224.427,226.2115
61.36,228.631,227.175,227.903
61.37,225.552,227.469,226.5105
61.38,226.481,228.12,227.3005
61.39,229.534,222.383,225.9585
61.4,226.605,226.63,226.6175
61.41,228.014,225.745,226.8795
61.42,227.63,223.928,225.779
61.43,228.833,224.046,226.4395
61.44,228.337,227.343,227.84
61.45,225.391,226.747,226.069
61.46,227.373,224.109,225.741
61.47,227.615,228.107,227.861
61.48,225.514,223.648,224.581
61.49,224.148,221.583,222.8655
61.5,225.697,225.019,225.358
61.51,223.772,223.676,223.724
61.52,223.662,225.882,224.772
61.53,227.431,224.585,226.008
61.54,225.251,226.093,225.672
61.55,226.179,223.248,224.7135
61.56,224.71,223.657,224.1835
61.57,224.194,225.203,224.6985
61.58,228.871,225.576,227.2235
61.59,226.837,224.911,225.874
61.6,226.239,229.219,227.729
61.61,229.077,228.304,228.6905
61.62,230.849,225.767,228.308
61.63,226.265,227.284,226.7745
61.64,229.726,226.256,227.991
61.65,231.815,223.272,227.5435
61.66,228.684,224.967,226.8255
61.67,228.754,226.844,227.799
61.68,230.846,224.831,227.8385
61.69,225.477,227.396,226.4365
61.7,230.227,222.455,226.341
61.71,230.232,223.568,226.9
61.72,227.437,224.539,225.988
61.73,230.097,223.062,226.5795
61.74,229.37,224.07,226.72
61.75,228.464,224.953,226.7085
61.76,226.256,224.295,225.2755
61.77,230.961,228.123,229.542
61.78,233.722,226.835,230.2785
61.79,230.228,226.515,228.3715
61.8,229.184,223.984,226.584
61.81,230.033,227.351,228.692
61.82,228.731,224.013,226.372
61.83,232.081,222.314,227.1975
61.84,227.52,224.473,225.9965
61.85,232.352,222.329,227.3405
61.86,232.787,223.091,227.939
61.87,229.602,225.324,227.463
61.88,231.645,224.884,228.2645
61.89,230.504,226.212,228.358
61.9,229.197,225.884,227.5405
61.91,228.951,225.685,227.318
61.92,228.788,224.961,226.8745
61.93,226.155,223.468,224.8115
61.94,227.698,227.131,227.4145
61.95,227.474,226.643,227.0585
61.96,226.807,226.522,226.6645
61.97,227.305,222.598,224.9515
61.98,227.419,221.121,224.27
61.99,226.339,224.625,225.482
62,226.324,224.071,225.1975
62.01,228.228,221.657,224.9425
62.02,227.564,222.251,224.9075
62.03,230.356,225.656,228.006
62.04,227.188,226.655,226.9215
62.05,231.816,224.578,228.197
62.06,231.334,225.315,228.3245
62.07,231.389,226.356,228.8725
62.08,228.068,226.651,227.3595
62.09,227.778,224.346,226.062
62.1,229.236,226.291,227.7635
62.11,226.936,221.721,224.3285
62.12,229.048,222.778,225.913
62.13,226.449,228.101,227.275
62.14,229.286,227.303,228.2945
62.15,228.818,223.919,226.3685
62.16,230.281,225.803,228.042
62.17,229.977,227.948,228.9625
62.18,226.762,226.366,226.564
62.19,224.215,222.669,223.442
62.2,226.688,222.898,224.793
62.21,224.518,225.798,225.158
62.22,225.123,217.569,221.346
62.23,228.185,224.625,226.405
62.24,226.018,222.951,224.4845
62.25,224.072,226.153,225.1125
62.26,226.287,226.607,226.447
62.27,228.846,227.409,228.1275
62.28,225.558,225.175,225.3665
62.29,225.644,226.324,225.984
62.3,225.229,228.371,226.8
62.31,224.364,228.83,226.597
62.32,227.188,226.246,226.717
62.33,224.202,229.069,226.6355
62.34,228.606,230.456,229.531
62.35,226.416,222.564,224.49
62.36,229.888,227.256,228.572
62.37,226.497,224.216,225.3565
62.38,228.461,225.103,226.782
62.39,226.95,225.239,226.0945
62.4,227.475,228.972,228.2235
62.41,224.045,228.564,226.3045
62.42,227.063,221.219,224.141
62.43,227.289,225.227,226.258
62.44,229.343,225.058,227.2005
62.45,225.446,227.922,226.684
62.46,230.187,222.079,226.133
62.47,230.004,220.858,225.431
62.48,226.967,224.283,225.625
62.49,229.026,222.455,225.7405
62.5,223.114,222.616,222.865
62.51,227.129,223.212,225.1705
62.52,225.634,227.343,226.4885
62.53,225.612,223.861,224.7365
62.54,228.437,224.918,226.6775
62.55,228.255,224.7,226.4775
62.56,227.147,221.594,224.3705
62.57,225.665,222.661,224.163
62.58,225.377,222.703,224.04
62.59,225.944,226.417,226.1805
62.6,226.668,224.695,225.6815
62.61,222.945,226.29,224.6175
62.62,223.533,226.766,225.1495
62.63,226.263,224.072,225.1675
62.64,223.91,227.132,225.521
62.65,223.439,224.835,224.137
62.66,222.392,220.345,221.3685
62.67,221.175,228.035,224.605
62.68,224.994,221.51,223.252
62.69,226.198,227.209,226.7035
62.7,221.391,225.332,223.3615
62.71,228.556,223.427,225.9915
62.72,224.923,223.683,224.303
62.73,223.029,220.903,221.966
62.74,225.885,223.352,224.6185
62.75,223.316,224.844,224.08
62.76,224.716,226.626,225.671
62.77,222.048,226.105,224.0765
62.78,227.151,225.032,226.0915
62.79,225.188,226.122,225.655
62.8,222.23,226.487,224.3585
62.81,226.427,227.721,227.074
62.82,224.575,225.658,225.1165
62.83,225.453,226.961,226.207
62.84,224.505,228.762,226.6335
62.85,222.132,227.322,224.727
62.86,222.384,228.829,225.6065
62.87,222.821,226.262,224.5415
62.88,222.249,226.584,224.4165
62.89,224.039,226.846,225.4425
62.9,222.483,227.956,225.2195
62.91,223.226,226.18,224.703
62.92,218.661,228.242,223.4515
62.93,220.979,225.362,223.1705
62.94,222.236,225.731,223.9835
62.95,220.115,226.394,223.2545
62.96,225.795,225.587,225.691
62.97,226.305,228.51,227.4075
62.98,223.238,224.847,224.0425
62.99,222.779,224.612,223.6955
63,224.236,226.83,225.533
63.01,224.358,226.19,225.274
63.02,224.477,223.491,223.984
63.03,223.369,228.466,225.9175
63.04,222.429,225.844,224.1365
63.05,223.409,223.615,223.512
63.06,223.613,225.107,224.36
63.07,226.204,227.253,226.7285
63.08,228.464,227.368,227.916
63.09,227.533,224.576,226.0545
63.1,226.523,229.148,227.8355
63.11,228.218,224.243,226.2305
63.12,225.053,227.706,226.3795
63.13,226.075,229.549,227.812
63.14,226.129,231.291,228.71
63.15,226.06,229.424,227.742
63.16,228.33,224.982,226.656
63.17,225.99,226.379,226.1845
63.18,225.665,225.412,225.5385
63.19,227.801,227.058,227.4295
63.2,229.442,231.725,230.5835
63.21,227.021,226.402,226.7115
63.22,229.422,229.382,229.402
63.23,226.301,228.272,227.2865
63.24,226.113,224.411,225.262
63.25,227.507,227.501,227.504
63.26,225.961,224.863,225.412
63.27,229.084,225.221,227.1525
63.28,226.655,226.452,226.5535
63.29,225.997,225.241,225.619
63.3,226.569,223.256,224.9125
63.31,227.558,224.954,226.256
63.32,224.503,223.755,224.129
63.33,228.267,226.214,227.2405
63.34,224.972,226.332,225.652
63.35,224.137,226.777,225.457
63.36,224.307,224.084,224.1955
63.37,225.696,226.115,225.9055
63.38,224.186,228.255,226.2205
63.39,225.298,224.58,224.939
63.4,225.347,226.229,225.788
63.41,227.329,225.62,226.4745
63.42,227.951,229.439,228.695
63.43,224.702,225.059,224.8805
63.44,225.6,224.076,224.838
63.45,227.122,226.292,226.707
63.46,228.017,224.072,226.0445
63.47,229.224,226.507,227.8655
63.48,226.672,225.624,226.148
63.49,227.499,224.833,226.166
63.5,226.749,225.024,225.8865
63.51,226.468,222.776,224.622
63.52,228.901,223.546,226.2235
63.53,226.23,224.43,225.33
63.54,227.161,221.188,224.1745
63.55,226.505,224.413,225.459
63.56,230.165,220.783,225.474
63.57,227.034,226.535,226.7845
63.58,228.498,227.472,227.985
63.59,226.148,223.162,224.655
63.6,229.476,228.634,229.055
63.61,229.329,225.797,227.563
63.62,228.575,224.662,226.6185
63.63,227.341,226.372,226.8565
63.64,225.278,225.02,225.149
63.65,227.38,224.535,225.9575
63.66,228.571,225.359,226.965
63.67,227.473,224.257,225.865
63.68,225.823,225.25,225.5365
63.69,227.664,227.1,227.382
63.7,225.755,223.697,224.726
63.71,225.079,222.142,223.6105
63.72,227.896,222.683,225.2895
63.73,226.461,224.587,225.524
63.74,224.92,226.43,225.675
63.75,227.726,225.544,226.635
63.76,230.142,225.34,227.741
63.77,228.81,222.837,225.8235
63.78,226.389,221.743,224.066
63.79,227.713,222.373,225.043
63.8,230.827,224.453,227.64
63.81,228.83,222.75,225.79
63.82,226.562,224.368,225.465
63.83,227.179,222.658,224.9185
63.84,228.127,225.447,226.787
63.85,228.976,221.395,225.1855
63.86,225.888,222.627,224.2575
63.87,226.998,221.694,224.346
63.88,226.703,223.949,225.326
63.89,225.81,224.712,225.261
63.9,227.299,219.257,223.278
63.91,223.722,223.988,223.855
63.92,225.961,221.992,223.9765
63.93,228.529,224.306,226.4175
63.94,228.452,224.608,226.53
63.95,227.694,223.9,225.797
63.96,229.699,218.926,224.3125
63.97,229.419,224.241,226.83
63.98,225.646,222.748,224.197
63.99,227.078,223.486,225.282
64,223.929,224.709,224.319
64.01,225.323,224.76,225.0415
64.02,224.742,222.187,223.4645
64.03,224.894,221.156,223.025
64.04,225.387,221.326,223.3565
64.05,229.777,221.329,225.553
64.06,225.588,222.331,223.9595
64.07,227.216,220.846,224.031
64.08,224.277,221.437,222.857
64.09,227.741,221.206,224.4735
64.1,226.222,222.979,224.6005
64.11,223.414,224.809,224.1115
64.12,222.871,222.871,222.871
64.13,221.278,223.834,222.556
64.14,223.117,224.227,223.672
64.15,223.022,227.068,225.045
64.16,226.663,222.42,224.5415
64.17,220.409,222.938,221.6735
64.18,223.759,223.361,223.56
64.19,225.272,222.243,223.7575
64.2,223.454,224.58,224.017
64.21,229.098,225.082,227.09
64.22,224.723,227.172,225.9475
64.23,225.808,225.827,225.8175
64.24,222.327,223.5,222.9135
64.25,227.37,220.361,223.8655
64.26,225.527,223.609,224.568
64.27,227.453,225.997,226.725
64.28,226.917,226.961,226.939
64.29,227.086,225.123,226.1045
64.3,223.75,224.456,224.103
64.31,226.975,229.034,228.0045
64.32,223.41,223.675,223.5425
64.33,223.314,222.018,222.666
64.34,223.412,225.953,224.6825
64.35,221.641,226.558,224.0995
64.36,222.705,223.622,223.1635
64.37,222.823,226.12,224.4715
64.38,223.844,228.345,226.0945
64.39,227.575,224.632,226.1035
64.4,219.817,226.31,223.0635
64.41,225.095,228.044,226.5695
64.42,224.386,226.782,225.584
64.43,225.546,222.546,224.046
64.44,225.023,229.571,227.297
64.45,223.135,224.091,223.613
64.46,223.949,226.358,225.1535
64.47,223.594,223.506,223.55
64.48,226.854,222.933,224.8935
64.49,223.934,221.336,222.635
64.5,226.085,222.515,224.3
64.51,225.758,221.663,223.7105
64.52,222.086,225.234,223.66
64.53,220.441,227.353,223.897
64.54,222.653,224.982,223.8175
64.55,222.657,223.567,223.112
64.56,223.623,223.481,223.552
64.57,223.948,225.799,224.8735
64.58,223.06,226.053,224.5565
64.59,224.077,225.205,224.641
64.6,223.394,226.619,225.0065
64.61,223.553,229.275,226.414
64.62,225.201,224.466,224.8335
64.63,221.5,224.813,223.1565
64.64,222.798,225.987,224.3925
64.65,227.73,225.863,226.7965
64.66,225.791,225.975,225.883
64.67,224.271,222.664,223.4675
64.68,224.037,223.662,223.8495
64.69,223.497,226.415,224.956
64.7,225.342,223.642,224.492
64.71,223.902,222.335,223.1185
64.72,226.75,226.338,226.544
64.73,224.562,224.246,224.404
64.74,227.444,223.623,225.5335
64.75,225.592,225.127,225.3595
64.76,225.637,221.675,223.656
64.77,226.573,222.001,224.287
64.78,226.169,220.841,223.505
64.79,226.037,219.248,222.6425
64.8,225.928,223.831,224.8795
64.81,229.586,219.817,224.7015
64.82,224.994,222.58,223.787
64.83,228.894,219.788,224.341
64.84,224.897,221.775,223.336
64.85,223.256,223.928,223.592
64.86,224.583,222.608,223.5955
64.87,225.848,221.362,223.605
64.88,221.466,220.925,221.1955
64.89,224.131,221.2,222.6655
64.9,224.908,221.74,223.324
64.91,229.834,224.094,226.964
64.92,225.693,224.947,225.32
64.93,223.481,225.291,224.386
64.94,224.672,220.169,222.4205
64.95,226.256,224.214,225.235
64.96,226.068,224.983,225.5255
64.97,225.367,221.05,223.2085
64.98,223.758,222.406,223.082
64.99,225.649,224.52,225.0845
65,225.807,224.93,225.3685
65.01,224.214,226.984,225.599
65.02,227.934,224.702,226.318
65.03,226.174,224.764,225.469
65.04,230.451,223.843,227.147
65.05,227.789,222.874,225.3315
65.06,226.806,222.14,224.473
65.07,230.374,225.124,227.749
65.08,226.349,226.137,226.243
65.09,224.499,224.355,224.427
65.1,222.852,227.922,225.387
65.11,226.149,224.472,225.3105
65.12,226.299,224.281,225.29
65.13,224.718,228.408,226.563
65.14,227.221,224.192,225.7065
65.15,227.116,224.8,225.958
65.16,219.575,225.8,222.6875
65.17,224.374,223.606,223.99
65.18,225.615,223.266,224.4405
65.19,222.965,226.027,224.496
65.2,227.296,222.567,224.9315
65.21,224.298,226.445,225.3715
65.22,225.845,225.417,225.631
65.23,224.421,222.272,223.3465
65.24,226.684,225.65,226.167
65.25,225.796,221.387,223.5915
65.26,224.397,224.122,224.2595
65.27,223.425,225.59,224.5075
65.28,223.7,221.411,222.5555
65.29,223.818,222.841,223.3295
65.3,223.215,226.618,224.9165
65.31,222.065,224.618,223.3415
65.32,223.62,227.25,225.435
65.33,225.378,225.744,225.561
65.34,223.019,221.479,222.249
65.35,227.929,225.043,226.486
65.36,224.157,225.711,224.934
65.37,226.436,223.564,225
65.38,229.718,221.285,225.5015
65.39,228.693,228.093,228.393
65.4,228.61,222.212,225.411
65.41,228.007,226.159,227.083
65.42,226.423,221.425,223.924
65.43,227.906,222.892,225.399
65.44,227.311,222.815,225.063
65.45,224.975,224.857,224.916
65.46,226.583,224.467,225.525
65.47,226.174,224.397,225.2855
65.48,226.726,222.897,224.8115
65.49,225.613,220.595,223.104
65.5,226.489,222.361,224.425
65.51,226.855,222.344,224.5995
65.52,228.487,223.429,225.958
65.53,222.957,224.318,223.6375
65.54,225.505,222.328,223.9165
65.55,227.904,223.647,225.7755
65.56,228.071,222.707,225.389
65.57,223.071,224.839,223.955
65.58,225.214,225.516,225.365
65.59,225.858,223.311,224.5845
65.6,226.363,226.66,226.5115
65.61,225.701,226.249,225.975
65.62,223.691,222.661,223.176
65.63,224.745,222.978,223.8615
65.64,226.133,221.335,223.734
65.65,221.194,221.584,221.389
65.66,224.41,219.765,222.0875
65.67,225.09,222.403,223.7465
65.68,223.281,223.708,223.4945
65.69,225.27,226.117,225.6935
65.7,224.678,224.422,224.55
65.71,224.422,221.251,222.8365
65.72,226.672,221.046,223.859
65.73,227.959,226.898,227.4285
65.74,225.484,226.096,225.79
65.75,222.696,226.755,224.7255
65.76,221.553,223.353,222.453
65.77,223.196,221.257,222.2265
65.78,223.534,225.916,224.725
65.79,225.071,223.943,224.507
65.8,223.791,225.772,224.7815
65.81,223.457,221.199,222.328
65.82,226.734,222.251,224.4925
65.83,222.196,224.576,223.386
65.84,223.457,226.833,225.145
65.85,226.924,225.919,226.4215
65.86,220.15,226.175,223.1625
65.87,223.179,223.29,223.2345
65.88,222.864,228.728,225.796
65.89,222.719,226.907,224.813
65.9,229.132,224.308,226.72
65.91,224.131,224.937,224.534
65.92,226.761,221.852,224.3065
65.93,226.614,224.415,225.5145
65.94,228.099,224.637,226.368
65.95,226.15,226.304,226.227
65.96,222.861,224.679,223.77
65.97,225.688,224.971,225.3295
65.98,224.678,221.979,223.3285
65.99,224.232,223.175,223.7035
66,229.287,224.618,226.9525
66.01,227.528,224.504,226.016
66.02,227.563,226.334,226.9485
66.03,227.925,228.049,227.987
66.04,230.205,224.44,227.3225
66.05,228.531,225.111,226.821
66.06,225.69,225.837,225.7635
66.07,226.867,225.2,226.0335
66.08,227.68,226.263,226.9715
66.09,226.208,226.513,226.3605
66.1,227.866,228.266,228.066
66.11,225.999,224.518,225.2585
66.12,225.488,226.997,226.2425
66.13,227.872,227.533,227.7025
66.14,226.746,225.036,225.891
66.15,225.566,224.744,225.155
66.16,227.144,225.369,226.2565
66.17,227.813,226.424,227.1185
66.18,228.638,229.087,228.8625
66.19,229.437,225.309,227.373
66.2,224.766,226.19,225.478
66.21,225.269,227.488,226.3785
66.22,227.325,226.078,226.7015
66.23,225.778,224.723,225.2505
66.24,230.237,224.821,227.529
66.25,230.503,221.882,226.1925
66.26,227.402,220.574,223.988
66.27,229.371,223.87,226.6205
66.28,227.594,227.12,227.357
66.29,228.644,222.88,225.762
66.3,229.602,225.369,227.4855
66.31,225.899,226.56,226.2295
66.32,227.082,226.124,226.603
66.33,229.648,225.42,227.534
66.34,229.951,228.337,229.144
66.35,225.017,227.61,226.3135
66.36,224.54,227.346,225.943
66.37,227.956,222.8,225.378
66.38,226.655,224.296,225.4755
66.39,226.813,222.48,224.6465
66.4,225.145,225.267,225.206
66.41,230.109,224.344,227.2265
66.42,228.656,224.132,226.394
66.43,226.467,225.01,225.7385
66.44,226.969,226.38,226.6745
66.45,226.033,222.593,224.313
66.46,226.457,225.804,226.1305
66.47,226.22,226.303,226.2615
66.48,226.363,223.122,224.7425
66.49,223.29,225.079,224.1845
66.5,223.813,223.548,223.6805
66.51,223.511,221.328,222.4195
66.52,225.863,223.716,224.7895
66.53,224.341,222.304,223.3225
66.54,224.402,224.215,224.3085
66.55,227.456,223.042,225.249
66.56,223.048,222.176,222.612
66.57,223.75,220.66,222.205
66.58,226.143,223.423,224.783
66.59,224.903,224.793,224.848
66.6,220.346,224.398,222.372
66.61,222.094,222.898,222.496
66.62,221.873,224.12,222.9965
66.63,221.226,222.042,221.634
66.64,222.898,222.792,222.845
66.65,222.444,221.704,222.074
66.66,219.477,222.153,220.815
66.67,220.255,220.68,220.4675
66.68,222.255,219.655,220.955
66.69,218.773,219.736,219.2545
66.7,220.759,222.139,221.449
66.71,222.049,221.596,221.8225
66.72,219.667,225.578,222.6225
66.73,221.383,224.79,223.0865
66.74,224.013,225.352,224.6825
66.75,224.419,224.849,224.634
66.76,226.799,222.16,224.4795
66.77,222.465,224.379,223.422
66.78,222.293,222.235,222.264
66.79,219.667,220.101,219.884
66.8,221.904,221.876,221.89
66.81,220.591,224.311,222.451
66.82,221.279,222.244,221.7615
66.83,224.531,223.332,223.9315
66.84,219.771,220.48,220.1255
66.85,221.691,220.591,221.141
66.86,220.634,220.742,220.688
66.87,220.553,226.346,223.4495
66.88,222.9,223.746,223.323
66.89,223.679,218.073,220.876
66.9,221.203,222.845,222.024
66.91,220.758,222.003,221.3805
66.92,225.21,222.978,224.094
66.93,225.394,225.473,225.4335
66.94,220.724,226.59,223.657
66.95,220.671,220.343,220.507
66.96,222.413,225.865,224.139
66.97,218.685,225.659,222.172
66.98,220.123,223.79,221.9565
66.99,220.219,222.758,221.4885
67,220.015,223.596,221.8055
67.01,220.643,220.651,220.647
67.02,219.116,224.094,221.605
67.03,222.522,221.422,221.972
67.04,221.879,223.947,222.913
67.05,221.073,224.595,222.834
67.06,222.814,225.573,224.1935
67.07,222.658,227.629,225.1435
67.08,226.407,224.053,225.23
67.09,224.15,223.423,223.7865
67.1,223.794,220.676,222.235
67.11,224.151,220.598,222.3745
67.12,223.972,219.757,221.8645
67.13,221.797,222.87,222.3335
67.14,222.813,222.168,222.4905
67.15,220.889,220.46,220.6745
67.16,222.23,223.76,222.995
67.17,224.282,225.38,224.831
67.18,226.191,224.77,225.4805
67.19,225.778,224.868,225.323
67.2,223.823,226.027,224.925
67.21,229.094,223.442,226.268
67.22,227.651,221.706,224.6785
67.23,225.996,223.366,224.681
67.24,220.792,224.896,222.844
67.25,225.428,222.05,223.739
67.26,222.151,226.502,224.3265
67.27,225.612,225.534,225.573
67.28,225.834,226.631,226.2325
67.29,224.467,222.803,223.635
67.3,225.442,224.485,224.9635
67.31,223.728,225.791,224.7595
67.32,226.669,225.27,225.9695
67.33,222.007,223.425,222.716
67.34,224.634,225.352,224.993
67.35,224.556,223.789,224.1725
67.36,223.071,220.741,221.906
67.37,226.933,225.34,226.1365
67.38,221.911,223.049,222.48
67.39,222.328,221.793,222.0605
67.4,224.475,224.488,224.4815
67.41,226.871,221.948,224.4095
67.42,226.5,225.92,226.21
67.43,225.082,226.653,225.8675
67.44,224.984,226.081,225.5325
67.45,223.715,225.496,224.6055
67.46,223.937,223.868,223.9025
67.47,226.21,222.703,224.4565
67.48,226.451,224.853,225.652
67.49,226.751,224.682,225.7165
67.5,224.577,226.61,225.5935
67.51,223.814,222.254,223.034
67.52,224.824,225.033,224.9285
67.53,226.187,223.868,225.0275
67.54,227.386,220.769,224.0775
67.55,226.578,224.217,225.3975
67.56,226.414,225.297,225.8555
67.57,226.364,221.93,224.147
67.58,226.772,225.16,225.966
67.59,223.988,227.902,225.945
67.6,226.281,222.704,224.4925
67.61,226.763,222.52,224.6415
67.62,226.663,225.016,225.8395
67.63,227.905,223.253,225.579
67.64,225.511,224.267,224.889
67.65,227.903,226.14,227.0215
67.66,228.16,224.186,226.173
67.67,230.165,224.29,227.2275
67.68,227.754,227.043,227.3985
67.69,230.979,225.544,228.2615
67.7,225.197,224.323,224.76
67.71,228.273,225.178,226.7255
67.72,227.258,224.223,225.7405
67.73,227.016,225.471,226.2435
67.74,228.745,224.992,226.8685
67.75,228.009,225.568,226.7885
67.76,226.698,224.516,225.607
67.77,227.425,221.273,224.349
67.78,227.864,222.76,225.312
67.79,222.565,220.735,221.65
67.8,226.171,218.786,222.4785
67.81,224.822,223.285,224.0535
67.82,227.603,226.487,227.045
67.83,226.105,226.418,226.2615
67.84,225.748,225.257,225.5025
67.85,226.105,220.65,223.3775
67.86,224.947,222.85,223.8985
67.87,226.924,226.241,226.5825
67.88,226.343,223.57,224.9565
67.89,227.696,226.359,227.0275
67.9,226.078,223.794,224.936
67.91,223.866,222.693,223.2795
67.92,225.353,224.223,224.788
67.93,224.913,223.099,224.006
67.94,228.329,226.752,227.5405
67.95,223.833,224.076,223.9545
67.96,225.233,221.004,223.1185
67.97,227.419,225.211,226.315
67.98,223.877,223.326,223.6015
67.99,226.105,221.694,223.8995
68,227.805,222.652,225.2285
68.01,226.529,222.097,224.313
68.02,228.69,226.892,227.791
68.03,225.958,224.699,225.3285
68.04,227.468,223.995,225.7315
68.05,228.749,221.469,225.109
68.06,227.297,221.638,224.4675
68.07,226.362,223.109,224.7355
68.08,225.707,220.874,223.2905
68.09,223.903,225.26,224.5815
68.1,224.513,224.786,224.6495
68.11,226.699,226.268,226.4835
68.12,227.811,226.206,227.0085
68.13,225.785,224.183,224.984
68.14,226.236,227.749,226.9925
68.15,226.909,225.808,226.3585
68.16,225.831,225.587,225.709
68.17,226.177,226.408,226.2925
68.18,225.616,224.643,225.1295
68.19,223.466,223.031,223.2485
68.2,224.354,223.229,223.7915
68.21,225.521,223.129,224.325
68.22,226.276,226.165,226.2205
68.23,227.934,223.433,225.6835
68.24,222.918,222.499,222.7085
68.25,226.944,222.237,224.5905
68.26,223.728,223.168,223.448
68.27,224.096,219.685,221.8905
68.28,225.285,218.697,221.991
68.29,223.638,223.995,223.8165
68.3,224.072,221.521,222.7965
68.31,225.092,222.543,223.8175
68.32,222.469,222.706,222.5875
68.33,227.888,221.3,224.594
68.34,223.984,225.215,224.5995
68.35,226.834,220.971,223.9025
68.36,224.019,222.6,223.3095
68.37,224.097,223.679,223.888
68.38,222.279,222.756,222.5175
68.39,221.696,226.058,223.877
68.4,220.216,224.056,222.136
68.41,223.453,221.427,222.44
68.42,221.707,224.267,222.987
68.43,223.82,226.243,225.0315
68.44,221.906,226.638,224.272
68.45,220.57,222.848,221.709
68.46,220.747,223.169,221.958
68.47,223.954,221.66,222.807
68.48,223.486,222.109,222.7975
68.49,222.067,222.625,222.346
68.5,222.865,221.697,222.281
68.51,223.584,219.66,221.622
68.52,220.799,222.523,221.661
68.53,219.145,221.713,220.429
68.54,220.04,220.354,220.197
68.55,222.164,221.679,221.9215
68.56,219.561,219.102,219.3315
68.57,222.937,222.171,222.554
68.58,219.045,222.673,220.859
68.59,221.494,224.689,223.0915
68.6,223.438,224.945,224.1915
68.61,223.81,222.915,223.3625
68.62,222.502,220.853,221.6775
68.63,221.205,221.699,221.452
68.64,221.138,222.622,221.88
68.65,223.204,222.515,222.8595
68.66,224.496,224.97,224.733
68.67,226.482,225.326,225.904
68.68,223.236,222.111,222.6735
68.69,223.501,219.864,221.6825
68.7,223.665,225.616,224.6405
68.71,224.454,225.639,225.0465
68.72,226.396,223.403,224.8995
68.73,227.134,222.833,224.9835
68.74,226.717,224.865,225.791
68.75,225.247,226.495,225.871
68.76,221.271,227.456,224.3635
68.77,224.818,222.103,223.4605
68.78,224.863,223.333,224.098
68.79,224.767,224.979,224.873
68.8,226.069,221.455,223.762
68.81,227.612,224.651,226.1315
68.82,225.162,221.843,223.5025
68.83,225.014,222.885,223.9495
68.84,226.906,221.575,224.2405
68.85,224.844,225.043,224.9435
68.86,223.023,223.094,223.0585
68.87,226.145,221.098,223.6215
68.88,224.377,225.923,225.15
68.89,226.645,221.106,223.8755
68.9,228.595,220.377,224.486
68.91,229.254,225.295,227.2745
68.92,228.503,224.287,226.395
68.93,225.546,226.27,225.908
68.94,229.16,223.697,226.4285
68.95,230.156,223.749,226.9525
68.96,229.207,223.372,226.2895
68.97,230.229,224.178,227.2035
68.98,227.557,228.567,228.062
68.99,229.446,222.357,225.9015
69,227.77,223.905,225.8375
69.01,227.02,222.442,224.731
69.02,227.978,223.276,225.627
69.03,228.971,221.605,225.288
69.04,231.882,222.751,227.3165
69.05,228.369,225.799,227.084
69.06,228.332,224.095,226.2135
69.07,229.44,222.577,226.0085
69.08,225.712,223.879,224.7955
69.09,225.805,223.283,224.544
69.1,225.734,223.979,224.8565
69.11,227.936,227.279,227.6075
69.12,226.584,225.088,225.836
69.13,225.19,227.055,226.1225
69.14,226.184,226.125,226.1545
69.15,225.509,224.978,225.2435
69.16,226.279,223.542,224.9105
69.17,223.953,225.059,224.506
69.18,225.544,224.797,225.1705
69.19,225.227,222.909,224.068
69.2,226.346,221.085,223.7155
69.21,225.319,220.393,222.856
69.22,228.113,224.371,226.242
69.23,225.489,222.554,224.0215
69.24,226.197,223.898,225.0475
69.25,225.914,224.944,225.429
69.26,223.964,223.774,223.869
69.27,222.752,223.758,223.255
69.28,226.26,224.049,225.1545
69.29,226.749,222.987,224.868
69.3,224.733,223.253,223.993
69.31,226.357,218.902,222.6295
69.32,223.716,219.342,221.529
69.33,223.828,221.899,222.8635
69.34,225.559,223.218,224.3885
69.35,224.051,223.017,223.534
69.36,222.218,221.844,222.031
69.37,230.27,219.402,224.836
69.38,229.99,222.08,226.035
69.39,227.338,222.611,224.9745
69.4,226.928,224.205,225.5665
69.41,228.497,221.211,224.854
69.42,230.573,222.743,226.658
69.43,229.667,221.256,225.4615
69.44,232.041,220.656,226.3485
69.45,228.446,224.963,226.7045
69.46,226.037,223.74,224.8885
69.47,227.103,222.989,225.046
69.48,226.181,220.02,223.1005
69.49,228.36,220.361,224.3605
69.5,226.49,225.009,225.7495
69.51,225.802,225.339,225.5705
69.52,227.13,224.741,225.9355
69.53,227.477,223.367,225.422
69.54,227.197,227.589,227.393
69.55,229.746,222.089,225.9175
69.56,225.855,223.99,224.9225
69.57,229.013,225.644,227.3285
69.58,228.64,222.271,225.4555
69.59,230.354,223.188,226.771
69.6,224.465,224.726,224.5955
69.61,226.381,227.227,226.804
69.62,229.614,224.889,227.2515
69.63,226.159,226.77,226.4645
69.64,225.921,221.63,223.7755
69.65,227.885,225.878,226.8815
69.66,225.064,221.63,223.347
69.67,228.259,221.052,224.6555
69.68,227.072,221.842,224.457
69.69,227.512,223.965,225.7385
69.7,231.043,220.29,225.6665
69.71,229.73,221.081,225.4055
69.72,226.199,223.5,224.8495
69.73,225.065,221.289,223.177
69.74,225.322,222.193,223.7575
69.75,225.756,222.045,223.9005
69.76,225.002,225.751,225.3765
69.77,230.829,224.983,227.906
69.78,230.488,222.787,226.6375
69.79,229.232,225.646,227.439
69.8,230.941,226.314,228.6275
69.81,228.351,224.72,226.5355
69.82,225.567,222.753,224.16
69.83,226.616,223.292,224.954
69.84,225.797,222.983,224.39
69.85,226.404,223.867,225.1355
69.86,229.429,223.595,226.512
69.87,227.522,225.997,226.7595
69.88,229.012,221.879,225.4455
69.89,228.359,225.593,226.976
69.9,227.191,227.3,227.2455
69.91,230.904,223.653,227.2785
69.92,231.302,224.169,227.7355
69.93,223.222,226.245,224.7335
69.94,228.956,223.085,226.0205
69.95,226.658,226.001,226.3295
69.96,227.951,224.781,226.366
69.97,226.002,226.494,226.248
69.98,222.981,224.278,223.6295
69.99,227.285,224.963,226.124
70,225.013,222.16,223.5865
70.01,226.453,222.543,224.498
70.02,226.221,222.873,224.547
70.03,225.687,219.611,222.649
70.04,228.144,225.159,226.6515
70.05,226.597,219.443,223.02
70.06,226.338,224.589,225.4635
70.07,229.678,220.523,225.1005
70.08,229.396,222.402,225.899
70.09,228.166,226.567,227.3665
70.1,230.21,224.508,227.359
70.11,230.232,221.829,226.0305
70.12,231.176,226.361,228.7685
70.13,228.452,222.253,225.3525
70.14,227.948,225.716,226.832
70.15,229.649,225.359,227.504
70.16,227.703,223.198,225.4505
70.17,225.715,226.405,226.06
70.18,227.236,226.536,226.886
70.19,227.773,224.628,226.2005
70.2,230.149,219.348,224.7485
70.21,229.347,223.067,226.207
70.22,228.822,223.049,225.9355
70.23,228.512,224.189,226.3505
70.24,227.265,224.607,225.936
70.25,230.223,219.564,224.8935
70.26,229.209,222.992,226.1005
70.27,226.892,223.425,225.1585
70.28,230.621,220.991,225.806
70.29,229.904,223.349,226.6265
70.3,227.431,221.612,224.5215
70.31,227.644,224.712,226.178
70.32,229.149,225.207,227.178
70.33,230.094,226.552,228.323
70.34,226.251,222.641,224.446
70.35,227.816,225.546,226.681
70.36,225.613,223.542,224.5775
70.37,225.771,219.242,222.5065
70.38,225.519,224.168,224.8435
70.39,224.331,222.759,223.545
70.4,225.244,220.671,222.9575
70.41,225.745,224.702,225.2235
70.42,227.446,221.435,224.4405
70.43,224.407,222.045,223.226
70.44,227.82,224.352,226.086
70.45,224.032,220.194,222.113
70.46,224.019,220.569,222.294
70.47,221.542,220.742,221.142
70.48,225.053,220.568,222.8105
70.49,225.489,220.469,222.979
70.5,224.557,225.364,224.9605
70.51,226.584,223.015,224.7995
70.52,224.958,220.621,222.7895
70.53,226.413,224.837,225.625
70.54,222.109,224.376,223.2425
70.55,221.772,225.084,223.428
70.56,223.391,224.248,223.8195
70.57,225.224,222.027,223.6255
70.58,222.379,220.793,221.586
70.59,225.158,223.048,224.103
70.6,225.981,220.989,223.485
70.61,224.028,223.757,223.8925
70.62,221.787,220.358,221.0725
70.63,222.752,225.583,224.1675
70.64,225.599,221.949,223.774
70.65,226.917,222.111,224.514
70.66,225.269,222.95,224.1095
70.67,225.003,224.385,224.694
70.68,227.673,221.892,224.7825
70.69,227.253,227.909,227.581
70.7,227.588,227.382,227.485
70.71,228.172,221.022,224.597
70.72,226.081,219.089,222.585
70.73,226.09,222.632,224.361
70.74,226.006,222.735,224.3705
70.75,230.216,219.254,224.735
70.76,227.003,221.009,224.006
70.77,225.029,220.929,222.979
70.78,223.191,221.318,222.2545
70.79,225.274,222.175,223.7245
70.8,225.828,221.627,223.7275
70.81,229.878,220.712,225.295
70.82,228.769,222.082,225.4255
70.83,230.439,222.534,226.4865
70.84,227.06,223.184,225.122
70.85,223.027,225.516,224.2715
70.86,225.745,222.488,224.1165
70.87,227.518,224.601,226.0595
70.88,229.401,226.537,227.969
70.89,229.541,222.915,226.228
70.9,231.265,225.789,228.527
70.91,229.128,228.286,228.707
70.92,231.388,227.326,229.357
70.93,228.627,223.775,226.201
70.94,228.798,223.996,226.397
70.95,231.157,220.927,226.042
70.96,229.732,224.27,227.001
70.97,224.986,226.996,225.991
70.98,227.632,223.714,225.673
70.99,227.524,221.532,224.528
71,227.718,225.228,226.473
71.01,225.679,224.769,225.224
71.02,228.661,222.867,225.764
71.03,225.614,221.704,223.659
71.04,221.91,222.096,222.003
71.05,226.462,223.026,224.744
71.06,228.283,222.024,225.1535
71.07,226.102,221.97,224.036
71.08,229.108,223.408,226.258
71.09,225.689,223.031,224.36
71.1,225.963,226.417,226.19
71.11,226.097,220.47,223.2835
71.12,224.358,224.908,224.633
71.13,224.991,225.371,225.181
71.14,227.389,222.203,224.796
71.15,227.246,225.855,226.5505
71.16,225.535,222.165,223.85
71.17,222.755,221.522,222.1385
71.18,225.762,223.775,224.7685
71.19,226.688,220.795,223.7415
71.2,226.091,223.506,224.7985
71.21,220.803,221.376,221.0895
71.22,223.542,221.306,222.424
71.23,221.95,225.859,223.9045
71.24,227.806,225.446,226.626
71.25,228.305,225.087,226.696
71.26,226.867,223.981,225.424
71.27,225.441,226.597,226.019
71.28,225.287,225.98,225.6335
71.29,225.801,222.659,224.23
71.3,228.152,224.332,226.242
71.31,222.782,227.82,225.301
71.32,224.751,224.553,224.652
71.33,223.589,227.095,225.342
71.34,223.305,226.885,225.095
71.35,222.874,224.807,223.8405
71.36,221.488,225.841,223.6645
71.37,226.734,227.605,227.1695
71.38,224.676,226.636,225.656
71.39,225.561,227.595,226.578
71.4,223.531,225.702,224.6165
71.41,224.872,225.007,224.9395
71.42,223.823,224.522,224.1725
71.43,223.253,224.667,223.96
71.44,225.27,223.169,224.2195
71.45,224.7,224.989,224.8445
71.46,227.727,221.975,224.851
71.47,225.987,223.927,224.957
71.48,225.192,224.193,224.6925
71.49,225.479,225.595,225.537
71.5,225.311,223.492,224.4015
71.51,228.946,222.11,225.528
71.52,222.37,222.899,222.6345
71.53,228.574,225.222,226.898
71.54,226.588,221.695,224.1415
71.55,230.46,224.777,227.6185
71.56,227.704,223.428,225.566
71.57,225.331,225.896,225.6135
71.58,225.682,221.895,223.7885
71.59,222.961,219.173,221.067
71.6,223.253,223.367,223.31
71.61,224.353,223.593,223.973
71.62,229.58,226.516,228.048
71.63,227.359,222.932,225.1455
71.64,228.56,227.406,227.983
71.65,231.25,226.711,228.9805
71.66,224.542,224.026,224.284
71.67,228.701,228.106,228.4035
71.68,230.328,224.858,227.593
71.69,229.672,226.079,227.8755
71.7,228.108,224.967,226.5375
71.71,228.38,227.553,227.9665
71.72,231.137,228.09,229.6135
71.73,228.865,228.125,228.495
71.74,223.711,227.081,225.396
71.75,226.735,229.389,228.062
71.76,226.062,230.751,228.4065
71.77,223.366,224.421,223.8935
71.78,225.864,222.663,224.2635
71.79,226.838,228.68,227.759
71.8,223.015,222.977,222.996
71.81,221.264,229.24,225.252
71.82,223.928,226.491,225.2095
71.83,222.38,222.514,222.447
71.84,220.238,227.555,223.8965
71.85,223.432,224.706,224.069
71.86,223.392,223.126,223.259
71.87,224.482,223.245,223.8635
71.88,224.6,225.818,225.209
71.89,227.278,224.989,226.1335
71.9,223.8,225.04,224.42
71.91,223.309,225.12,224.2145
71.92,226.071,224.54,225.3055
71.93,221.48,225.363,223.4215
71.94,224.796,222.906,223.851
71.95,222.149,226.286,224.2175
71.96,224.218,225.741,224.9795
71.97,223.389,226.497,224.943
71.98,225.012,227.664,226.338
71.99,224.599,226.367,225.483
72,223.63,227.185,225.4075
72.01,226.543,223.123,224.833
72.02,227.505,227.892,227.6985
72.03,226.146,226.921,226.5335
72.04,225.37,230.622,227.996
72.05,227.865,225.241,226.553
72.06,225.624,225.748,225.686
72.07,229.418,227.789,228.6035
72.08,225.678,228.732,227.205
72.09,226.245,228.605,227.425
72.1,225.272,224.433,224.8525
72.11,224.826,229.02,226.923
72.12,224.819,225.449,225.134
72.13,225.993,224.872,225.4325
72.14,226.652,229.059,227.8555
72.15,228.101,228.546,228.3235
72.16,227.606,226.504,227.055
72.17,227.778,225.819,226.7985
72.18,225.541,226.933,226.237
72.19,228.435,228.353,228.394
72.2,225.608,228.328,226.968
72.21,222.128,233.472,227.8
72.22,226.478,230.973,228.7255
72.23,226.817,225.461,226.139
72.24,223.193,224.881,224.037
72.25,224.278,228.314,226.296
72.26,224.668,226.961,225.8145
72.27,220.177,227.2,223.6885
72.28,223.797,225.744,224.7705
72.29,225.6,227.268,226.434
72.3,226.584,226.906,226.745
72.31,226.483,228.633,227.558
72.32,226.303,227.877,227.09
72.33,228.405,230.218,229.3115
72.34,227.01,225.123,226.0665
72.35,224.774,225.416,225.095
72.36,222.977,225.697,224.337
72.37,226.739,224.997,225.868
72.38,226.662,231.358,229.01
72.39,224.763,227.937,226.35
72.4,224.274,226.279,225.2765
72.41,224.481,228.529,226.505
72.42,227.373,228.2,227.7865
72.43,228.5,226.763,227.6315
72.44,225.429,226.541,225.985
72.45,227.902,227.053,227.4775
72.46,225.225,228.354,226.7895
72.47,225.804,226.931,226.3675
72.48,224.536,226.492,225.514
72.49,225.009,226.706,225.8575
72.5,227.224,230.201,228.7125
72.51,227.785,225.369,226.577
72.52,227.167,226.832,226.9995
72.53,226.687,225.835,226.261
72.54,225.987,226.313,226.15
72.55,224.805,229.644,227.2245
72.56,227.584,227.313,227.4485
72.57,230.058,227.458,228.758
72.58,229.045,227.31,228.1775
72.59,227.624,222.336,224.98
72.6,229.118,224.749,226.9335
72.61,226.968,228.902,227.935
72.62,227.052,224.125,225.5885
72.63,228.274,224.308,226.291
72.64,228.302,222.777,225.5395
72.65,225.456,222.552,224.004
72.66,228.03,225.735,226.8825
72.67,227.238,225.073,226.1555
72.68,227.137,225.683,226.41
72.69,226.363,225.605,225.984
72.7,225.759,225.083,225.421
72.71,223.673,225.757,224.715
72.72,223.795,223.272,223.5335
72.73,224.401,222.23,223.3155
72.74,224.652,225.116,224.884
72.75,227.234,223.663,225.4485
72.76,227.523,224.425,225.974
72.77,227.404,226.422,226.913
72.78,227.502,228.299,227.9005
72.79,227.511,230.669,229.09
72.8,225.376,230.349,227.8625
72.81,222.322,227.857,225.0895
72.82,224.774,225.089,224.9315
72.83,219.631,225.375,222.503
72.84,220.022,224.899,222.4605
72.85,223.277,230.585,226.931
72.86,225.755,225.795,225.775
72.87,222.692,227.376,225.034
72.88,222.903,228.811,225.857
72.89,225.718,223.199,224.4585
72.9,220.543,226.437,223.49
72.91,225.203,226.757,225.98
72.92,224.919,229.212,227.0655
72.93,224.294,223.596,223.945
72.94,223.908,227.861,225.8845
72.95,222.751,224.648,223.6995
72.96,227.142,226.918,227.03
72.97,221.714,223.341,222.5275
72.98,224.241,229.088,226.6645
72.99,223.651,226.597,225.124
73,225.897,230.261,228.079
73.01,225.511,229.048,227.2795
73.02,226.128,229.965,228.0465
73.03,222.928,228.49,225.709
73.04,220.641,227.15,223.8955
73.05,226.004,227.884,226.944
73.06,223.121,227.31,225.2155
73.07,221.987,228.354,225.1705
73.08,225.213,221.314,223.2635
73.09,224.633,226.906,225.7695
73.1,225.096,226.211,225.6535
73.11,223.891,228.961,226.426
73.12,221.802,231.06,226.431
73.13,223.738,225.311,224.5245
73.14,221.768,222.76,222.264
73.15,222.601,226.521,224.561
73.16,221.86,224.823,223.3415
73.17,225.241,223.718,224.4795
73.18,225.236,226.942,226.089
73.19,222.548,227.26,224.904
73.2,226.427,225.908,226.1675
73.21,222.943,227.131,225.037
73.22,224.902,227.955,226.4285
73.23,222.842,228.525,225.6835
73.24,221.008,226.107,223.5575
73.25,223.084,227.517,225.3005
73.26,223.089,225.418,224.2535
73.27,224.82,228.692,226.756
73.28,224.012,226.273,225.1425
73.29,221.661,224.629,223.145
73.3,223.793,227.196,225.4945
73.31,223.629,227.078,225.3535
73.32,224.867,226.663,225.765
73.33,224.402,228.932,226.667
73.34,223.499,227.147,225.323
73.35,225.864,229.065,227.4645
73.36,228.547,228.676,228.6115
73.37,226.836,227.897,227.3665
73.38,225.511,228.25,226.8805
73.39,228.108,226.715,227.4115
73.4,224.972,229.477,227.2245
73.41,226.733,230.71,228.7215
73.42,228.421,226.149,227.285
73.43,227.674,228.699,228.1865
73.44,228.656,226.323,227.4895
73.45,227.193,225.679,226.436
73.46,226.496,228.986,227.741
73.47,228.1,223.633,225.8665
73.48,224.132,224.739,224.4355
73.49,224.603,222.763,223.683
73.5,223.254,226.858,225.056
73.51,224.296,223.152,223.724
73.52,222.362,222.462,222.412
73.53,227.195,229.691,228.443
73.54,224.45,226.412,225.431
73.55,224.466,224.916,224.691
73.56,225.365,226.224,225.7945
73.57,223.541,226.184,224.8625
73.58,226.306,230.047,228.1765
73.59,223.712,231.923,227.8175
73.6,224.904,230.723,227.8135
73.61,223.983,231.394,227.6885
73.62,223.816,228.101,225.9585
73.63,223.373,231.695,227.534
73.64,226.095,228.141,227.118
73.65,226.86,227.713,227.2865
73.66,224.836,228.249,226.5425
73.67,229.095,224.775,226.935
73.68,223.595,233.163,228.379
73.69,223.619,226.795,225.207
73.7,226.748,227.383,227.0655
73.71,229.332,223.629,226.4805
73.72,225.76,228.908,227.334
73.73,227.155,225.282,226.2185
73.74,226.096,224.603,225.3495
73.75,227.549,226.998,227.2735
73.76,227.749,226.966,227.3575
73.77,228.446,222.601,225.5235
73.78,229.692,223.634,226.663
73.79,227.631,220.388,224.0095
73.8,227.092,222.736,224.914
73.81,225.525,225.326,225.4255
73.82,230.017,228.075,229.046
73.83,228.776,223.351,226.0635
73.84,229.091,226.962,228.0265
73.85,226.648,229.047,227.8475
73.86,228.704,226.099,227.4015
73.87,230.364,224.25,227.307
73.88,229.325,227.64,228.4825
73.89,228.047,221.808,224.9275
73.9,227.01,224.576,225.793
73.91,228.783,226.073,227.428
73.92,229.311,226.556,227.9335
73.93,226.324,223.67,224.997
73.94,225.463,222.327,223.895
73.95,226.324,220.563,223.4435
73.96,224.872,225.779,225.3255
73.97,225.94,225.174,225.557
73.98,226.199,223.517,224.858
73.99,228.419,223.353,225.886
74,228.569,230.327,229.448
74.01,227.732,228.379,228.0555
74.02,226.835,226.881,226.858
74.03,226.799,225.38,226.0895
74.04,224.273,223.677,223.975
74.05,225.415,228.723,227.069
74.06,223.778,226.77,225.274
74.07,224.864,226.039,225.4515
74.08,225.125,225.549,225.337
74.09,231.179,227.344,229.2615
74.1,224.692,227.53,226.111
74.11,223.633,225.113,224.373
74.12,223.894,226.814,225.354
74.13,221.997,222.742,222.3695
74.14,225.947,226.197,226.072
74.15,227.407,220.866,224.1365
74.16,225.001,226.589,225.795
74.17,224.124,223.827,223.9755
74.18,224.601,222.604,223.6025
74.19,226.13,226.773,226.4515
74.2,225.356,224.497,224.9265
74.21,227.665,227.458,227.5615
74.22,227.011,225.828,226.4195
74.23,225.641,225.061,225.351
74.24,228.772,223.979,226.3755
74.25,227.804,225.052,226.428
74.26,227.882,221.57,224.726
74.27,224.088,222.71,223.399
74.28,231.211,225.425,228.318
74.29,226.611,222.951,224.781
74.3,228.84,225.469,227.1545
74.31,227.354,225.219,226.2865
74.32,228.616,224.92,226.768
74.33,224.385,224.473,224.429
74.34,229.769,224.003,226.886
74.35,224.791,225.028,224.9095
74.36,227.699,222.932,225.3155
74.37,233.435,219.19,226.3125
74.38,225.988,223.848,224.918
74.39,226.899,227.139,227.019
74.4,227.663,226.631,227.147
74.41,227.502,224.863,226.1825
74.42,226.881,225.599,226.24
74.43,227.253,225.441,226.347
74.44,226.406,222.426,224.416
74.45,228.992,224.792,226.892
74.46,229.67,220.294,224.982
74.47,227.968,223.903,225.9355
74.48,230.881,226.732,228.8065
74.49,230.099,224.243,227.171
74.5,231.213,225.258,228.2355
74.51,227.829,224.895,226.362
74.52,226.854,224.745,225.7995
74.53,228.109,224.117,226.113
74.54,226.526,219.429,222.9775
74.55,225.047,221.144,223.0955
74.56,225.648,221.694,223.671
74.57,228.014,225.752,226.883
74.58,231.59,224.287,227.9385
74.59,226.072,220.557,223.3145
74.6,228.398,220.549,224.4735
74.61,227.272,222.108,224.69
74.62,223.429,224.44,223.9345
74.63,226.272,220.049,223.1605
74.64,230.064,221.442,225.753
74.65,226.544,221.471,224.0075
74.66,221.927,221.51,221.7185
74.67,225.54,221.064,223.302
74.68,222.507,222.489,222.498
74.69,223.62,222.807,223.2135
74.7,222.232,226.016,224.124
74.71,222.667,225.066,223.8665
74.72,223.153,222.471,222.812
74.73,225.42,223.639,224.5295
74.74,224.616,221.738,223.177
74.75,225.531,228.585,227.058
74.76,223.489,219.95,221.7195
74.77,223.061,223.338,223.1995
74.78,221.002,226.382,223.692
74.79,221.523,226.157,223.84
74.8,221.053,223.776,222.4145
74.81,223.919,224.724,224.3215
74.82,223.854,220.913,222.3835
74.83,224.759,222.176,223.4675
74.84,224.321,222.145,223.233
74.85,223.722,223.892,223.807
74.86,224.204,222.99,223.597
74.87,223.433,221.658,222.5455
74.88,222.195,223.014,222.6045
74.89,225.077,225.667,225.372
74.9,224.249,224.627,224.438
74.91,223.383,229.007,226.195
74.92,224.574,227.926,226.25
74.93,224.861,232.609,228.735
74.94,225.67,226.687,226.1785
74.95,226.996,226.75,226.873
74.96,221.909,224.889,223.399
74.97,225.295,222.323,223.809
74.98,227.426,227.113,227.2695
74.99,225.383,226.95,226.1665
75,223.566,225.731,224.6485
75.01,222.815,225.852,224.3335
75.02,227.235,226.796,227.0155
75.03,225.83,225.674,225.752
75.04,223.457,230.702,227.0795
75.05,223.237,229.873,226.555
75.06,223.834,227.83,225.832
75.07,222.991,229.169,226.08
75.08,228.921,224.458,226.6895
75.09,225.487,227.775,226.631
75.1,224.491,228.388,226.4395
75.11,225.777,227.009,226.393
75.12,223.742,229.246,226.494
75.13,222.106,222.78,222.443
75.14,224.888,226.47,225.679
75.15,224.515,226.055,225.285
75.16,224.978,226.171,225.5745
75.17,224.098,227.015,225.5565
75.18,223.262,228.117,225.6895
75.19,225.172,227.548,226.36
75.2,224.706,227.383,226.0445
75.21,226.771,224.263,225.517
75.22,224.333,227.349,225.841
75.23,226.181,224.234,225.2075
75.24,225.083,226.058,225.5705
75.25,224.979,225.568,225.2735
75.26,224.697,226.058,225.3775
75.27,226.824,224.253,225.5385
75.28,226.023,226.445,226.234
75.29,225.394,225.402,225.398
75.3,227.879,227.74,227.8095
75.31,227.649,226.054,226.8515
75.32,226.397,227.542,226.9695
75.33,227.665,227.996,227.8305
75.34,226.568,227.26,226.914
75.35,228.607,224.418,226.5125
75.36,226.865,227.667,227.266
75.37,225.07,227.577,226.3235
75.38,224.536,225.921,225.2285
75.39,227.236,226.77,227.003
75.4,225.819,226.662,226.2405
75.41,224.787,224.534,224.6605
75.42,223.066,226.873,224.9695
75.43,224.639,227.136,225.8875
75.44,227.975,228.032,228.0035
75.45,226.206,227.51,226.858
75.46,225.801,229.132,227.4665
75.47,226.921,225.281,226.101
75.48,227.441,228.484,227.9625
75.49,222.355,225.81,224.0825
75.5,223.386,222.658,223.022
75.51,227.366,224.773,226.0695
75.52,224.127,228.065,226.096
75.53,224.572,226.823,225.6975
75.54,223.233,227.444,225.3385
75.55,220.13,227.88,224.005
75.56,223.801,227.597,225.699
75.57,226.616,227.058,226.837
75.58,225.163,223.146,224.1545
75.59,223.509,226.431,224.97
75.6,225.082,227.257,226.1695
75.61,226.882,227.591,227.2365
75.62,221.761,224.793,223.277
75.63,223.392,225.679,224.5355
75.64,223.404,224.514,223.959
75.65,227.64,226.015,226.8275
75.66,227.925,224.083,226.004
75.67,227.015,228.935,227.975
75.68,223.648,226.452,225.05
75.69,224.143,225.111,224.627
75.7,227.483,222.471,224.977
75.71,227.803,224.252,226.0275
75.72,227.609,221.672,224.6405
75.73,227.934,224.426,226.18
75.74,226.671,229.237,227.954
75.75,227.764,224.791,226.2775
75.76,222.099,224.65,223.3745
75.77,224.946,226.351,225.6485
75.78,222.621,228.222,225.4215
75.79,223.126,224.86,223.993
75.8,222.591,230.08,226.3355
75.81,222.4,226.55,224.475
75.82,226.174,228.241,227.2075
75.83,222.753,226.038,224.3955
75.84,225.867,228.527,227.197
75.85,224.896,226.762,225.829
75.86,224.546,226.585,225.5655
75.87,222.66,228.048,225.354
75.88,225.967,227.581,226.774
75.89,227.08,225.168,226.124
75.9,223.191,226.001,224.596
75.91,224.066,223.952,224.009
75.92,220.897,227.182,224.0395
75.93,222.073,223.818,222.9455
75.94,224.596,226.477,225.5365
75.95,225.155,228.233,226.694
75.96,222.207,225.359,223.783
75.97,228.943,228.549,228.746
75.98,227.452,225.021,226.2365
75.99,230.068,226.765,228.4165
76,223.954,223.839,223.8965
76.01,226.624,222.304,224.464
76.02,224.776,226.388,225.582
76.03,223.478,226.999,225.2385
76.04,224.265,224.245,224.255
76.05,224.632,224.889,224.7605
76.06,222.022,223.596,222.809
76.07,223.426,222.575,223.0005
76.08,224.895,224.752,224.8235
76.09,225.132,226.323,225.7275
76.1,220.276,225.322,222.799
76.11,220.099,222.959,221.529
76.12,225.541,222.067,223.804
76.13,223.961,221.446,222.7035
76.14,223.103,224.442,223.7725
76.15,227.441,226.11,226.7755
76.16,223.742,226.788,225.265
76.17,228.092,225.817,226.9545
76.18,226.551,227.381,226.966
76.19,224.233,226.391,225.312
76.2,224.618,222.375,223.4965
76.21,228.787,222.523,225.655
76.22,226.591,226.233,226.412
76.23,227.392,227.812,227.602
76.24,225.457,226.894,226.1755
76.25,229.53,225.193,227.3615
76.26,229.372,224.836,227.104
76.27,226.746,226.614,226.68
76.28,227.288,225.4,226.344
76.29,226.692,224.043,225.3675
76.3,226.504,228.277,227.3905
76.31,228.868,225.177,227.0225
76.32,227.985,230.875,229.43
76.33,226.984,224.815,225.8995
76.34,226.691,226.247,226.469
76.35,226.186,227.383,226.7845
76.36,227.42,225.535,226.4775
76.37,226.861,228.122,227.4915
76.38,225.678,226.602,226.14
76.39,223.699,223.248,223.4735
76.4,225.616,227.826,226.721
76.41,228.05,224.149,226.0995
76.42,226.687,224.902,225.7945
76.43,226.127,225.218,225.6725
76.44,224.526,221.667,223.0965
76.45,221.332,222.302,221.817
76.46,225.173,224.267,224.72
76.47,224.314,221.312,222.813
76.48,223.354,225.07,224.212
76.49,220.98,225.664,223.322
76.5,221.917,222.033,221.975
76.51,221.878,226.303,224.0905
76.52,221.273,221.947,221.61
76.53,222.991,225.382,224.1865
76.54,225.768,223.919,224.8435
76.55,228.782,224.046,226.414
76.56,224.979,224.501,224.74
76.57,225.394,225.73,225.562
76.58,225.277,226.158,225.7175
76.59,226.312,227.645,226.9785
76.6,228.176,228.078,228.127
76.61,228.884,227.201,228.0425
76.62,228.262,225.424,226.843
76.63,230.247,224.017,227.132
76.64,232.707,225.895,229.301
76.65,225.381,223.302,224.3415
76.66,226.534,223.194,224.864
76.67,229.609,223.304,226.4565
76.68,226.249,226.214,226.2315
76.69,227.364,222.823,225.0935
76.7,227.384,226.463,226.9235
76.71,227.003,222.186,224.5945
76.72,225.533,228.218,226.8755
76.73,226.691,224.364,225.5275
76.74,227.02,224.323,225.6715
76.75,228.721,225.366,227.0435
76.76,230.305,226.521,228.413
76.77,231.002,227.999,229.5005
76.78,225.917,228.035,226.976
76.79,232.789,225.063,228.926
76.8,228.855,227.419,228.137
76.81,229.167,227.761,228.464
76.82,227.393,228.205,227.799
76.83,228.241,226.896,227.5685
76.84,229.829,226.388,228.1085
76.85,229.738,226.366,228.052
76.86,227.556,227.587,227.5715
76.87,226.706,229.136,227.921
76.88,229.206,224.065,226.6355
76.89,226.62,223.394,225.007
76.9,228.46,225.765,227.1125
76.91,225.509,223.735,224.622
76.92,225.485,228.015,226.75
76.93,223.931,222.343,223.137
76.94,227.375,224.674,226.0245
76.95,225.768,224.396,225.082
76.96,224.493,225.876,225.1845
76.97,224.102,227.711,225.9065
76.98,222.902,226.393,224.6475
76.99,224.025,223.214,223.6195
77,229.251,224.986,227.1185
77.01,228.206,226.862,227.534
77.02,223.792,224.688,224.24
77.03,226.993,228.452,227.7225
77.04,225.551,226.719,226.135
77.05,227.869,222.985,225.427
77.06,226.568,229.362,227.965
77.07,228.336,229.584,228.96
77.08,225.702,223.389,224.5455
77.09,221.568,227.866,224.717
77.1,227.319,224.749,226.034
77.11,226.633,222.553,224.593
77.12,226.227,224.686,225.4565
77.13,230.974,225.82,228.397
77.14,229.119,225.506,227.3125
77.15,229.037,222.443,225.74
77.16,231.228,222.066,226.647
77.17,222.979,223.328,223.1535
77.18,221.25,224.77,223.01
77.19,222.541,231.376,226.9585
77.2,221.449,225.336,223.3925
77.21,225.814,224.948,225.381
77.22,227.39,228.515,227.9525
77.23,226.332,229.727,228.0295
77.24,227.727,225.426,226.5765
77.25,226.876,226.355,226.6155
77.26,226.237,226.783,226.51
77.27,231.139,227.075,229.107
77.28,226.74,229.766,228.253
77.29,225.181,225.448,225.3145
77.3,224.969,226.931,225.95
77.31,223.437,228.25,225.8435
77.32,223.556,224.236,223.896
77.33,227.179,227.085,227.132
77.34,228.835,227.712,228.2735
77.35,222.942,224.598,223.77
77.36,221.977,227.938,224.9575
77.37,225.492,228.339,226.9155
77.38,225.097,227.317,226.207
77.39,221.78,224.773,223.2765
77.4,220.843,228.458,224.6505
77.41,221.018,223.251,222.1345
77.42,219.64,225.372,222.506
77.43,220.198,223.576,221.887
77.44,219.348,226.322,222.835
77.45,222.472,225.343,223.9075
77.46,223.315,225.077,224.196
77.47,224.335,225.41,224.8725
77.48,221.298,222.777,222.0375
77.49,221.082,225.089,223.0855
77.5,226.161,227.23,226.6955
77.51,227.84,227.311,227.5755
77.52,221.82,227.068,224.444
77.53,225.685,225.796,225.7405
77.54,222.161,225.826,223.9935
77.55,220.996,227.142,224.069
77.56,221.656,223.935,222.7955
77.57,220.402,224.083,222.2425
77.58,223.213,224.251,223.732
77.59,224.667,225.699,225.183
77.6,222.05,224.149,223.0995
77.61,223.009,223.07,223.0395
77.62,221.631,225.127,223.379
77.63,222.556,222.735,222.6455
77.64,221.946,225.777,223.8615
77.65,224.421,224.586,224.5035
77.66,222.301,225.767,224.034
77.67,222.883,224.829,223.856
77.68,223.388,224.66,224.024
77.69,222.059,222.224,222.1415
77.7,219.572,224.793,222.1825
77.71,215.904,227.727,221.8155
77.72,220.124,226.077,223.1005
77.73,216.458,226.078,221.268
77.74,219.846,228.432,224.139
77.75,222.629,230.715,226.672
77.76,221.181,230.581,225.881
77.77,220.586,226.357,223.4715
77.78,218.552,222.697,220.6245
77.79,221.552,222.607,222.0795
77.8,221.725,229.965,225.845
77.81,220.612,231.004,225.808
77.82,217.51,226.181,221.8455
77.83,222.504,226.603,224.5535
77.84,222.052,225.743,223.8975
77.85,220.091,225.724,222.9075
77.86,221.654,229.122,225.388
77.87,221.671,230.513,226.092
77.88,220.019,225.354,222.6865
77.89,220.066,223.39,221.728
77.9,221.229,227.739,224.484
77.91,220.313,226.712,223.5125
77.92,218.968,225.481,222.2245
77.93,222.483,228.866,225.6745
77.94,219.955,230.058,225.0065
77.95,220.984,227.48,224.232
77.96,221.438,227.394,224.416
77.97,219.857,227.29,223.5735
77.98,223.489,225.469,224.479
77.99,222.123,224.943,223.533
78,221.059,227.695,224.377
78.01,222.723,227.351,225.037
78.02,221.561,225.27,223.4155
78.03,224.181,223.106,223.6435
78.04,226.184,223.596,224.89
78.05,223.856,224.557,224.2065
78.06,220.995,226.923,223.959
78.07,222.549,225.937,224.243
78.08,223.005,223.825,223.415
78.09,220.908,224.299,222.6035
78.1,224.738,224.231,224.4845
78.11,225.346,223.217,224.2815
78.12,226.189,228.472,227.3305
78.13,223.736,226.051,224.8935
78.14,222.973,225.498,224.2355
78.15,224.301,226.533,225.417
78.16,222.439,223.634,223.0365
78.17,223.013,221.959,222.486
78.18,224.712,221.95,223.331
78.19,223.199,222.812,223.0055
78.2,221.765,225.735,223.75
78.21,223.407,221.563,222.485
78.22,222.607,223.469,223.038
78.23,218.705,224.218,221.4615
78.24,221.737,224.811,223.274
78.25,220.759,226.165,223.462
78.26,219.03,227.747,223.3885
78.27,223.27,229.253,226.2615
78.28,221.162,222.662,221.912
78.29,218.717,223.783,221.25
78.3,220.081,225.435,222.758
78.31,220.281,226.854,223.5675
78.32,222.639,222.03,222.3345
78.33,222.25,220.314,221.282
78.34,223.259,220.625,221.942
78.35,224.418,223.522,223.97
78.36,225.488,221.796,223.642
78.37,221.916,225.371,223.6435
78.38,225.419,223.841,224.63
78.39,223.178,224.74,223.959
78.4,221.577,224.6,223.0885
78.41,221.65,225.187,223.4185
78.42,222.264,223.96,223.112
78.43,223.357,221.669,222.513
78.44,222.927,223.496,223.2115
78.45,224.662,227.755,226.2085
78.46,223.233,223.891,223.562
78.47,223.054,223.532,223.293
78.48,226.517,220.507,223.512
78.49,226.264,224.618,225.441
78.5,225.137,222.478,223.8075
78.51,225.451,228.157,226.804
78.52,224.649,224.777,224.713
78.53,222.323,218.978,220.6505
78.54,220.454,223.554,222.004
78.55,224.016,225.602,224.809
78.56,222.841,225.008,223.9245
78.57,223.078,221.359,222.2185
78.58,220.629,222.575,221.602
78.59,224.355,222.964,223.6595
78.6,221.765,226.036,223.9005
78.61,222.829,224.31,223.5695
78.62,223.502,225.945,224.7235
78.63,221.407,224.193,222.8
78.64,225.086,223.677,224.3815
78.65,218.82,223.437,221.1285
78.66,226.631,226.699,226.665
78.67,224.964,225.885,225.4245
78.68,222.803,223.487,223.145
78.69,224.108,226.494,225.301
78.7,225.419,222.353,223.886
78.71,226.894,226.289,226.5915
78.72,229.769,221.578,225.6735
78.73,225.186,223.456,224.321
78.74,224.246,220.519,222.3825
78.75,226.012,225.35,225.681
78.76,226.802,223.084,224.943
78.77,223.982,224.206,224.094
78.78,222.04,223.947,222.9935
78.79,224.263,222.311,223.287
78.8,225.366,222.895,224.1305
78.81,223.038,223.613,223.3255
78.82,217.988,225.098,221.543
78.83,226.736,223.243,224.9895
78.84,223.62,226.564,225.092
78.85,223.386,222.712,223.049
78.86,224.742,224.993,224.8675
78.87,222.5,224.905,223.7025
78.88,223.696,222.454,223.075
78.89,222.975,224.698,223.8365
78.9,222.785,225.109,223.947
78.91,226.051,227.541,226.796
78.92,223.957,227.628,225.7925
78.93,222.29,224.962,223.626
78.94,226.501,223.298,224.8995
78.95,227.296,227.769,227.5325
78.96,227.091,223.825,225.458
78.97,222.806,222.971,222.8885
78.98,225.051,220.271,222.661
78.99,226.151,224.274,225.2125
79,227.677,221.05,224.3635
79.01,224.4,224.508,224.454
79.02,223.883,223.708,223.7955
79.03,224.293,218.02,221.1565
79.04,221.928,226.935,224.4315
79.05,223.12,227.396,225.258
79.06,221.908,223.834,222.871
79.07,221.278,223.262,222.27
79.08,224.703,222.427,223.565
79.09,223.296,226.051,224.6735
79.1,222.708,226.018,224.363
79.11,225.904,223.865,224.8845
79.12,223.499,226.46,224.9795
79.13,221.978,222.142,222.06
79.14,224.637,226.809,225.723
79.15,228.511,225.525,227.018
79.16,225.26,228.59,226.925
79.17,225.044,224.196,224.62
79.18,228.143,225.33,226.7365
79.19,225.062,223.946,224.504
79.2,223.796,225.176,224.486
79.21,226.321,220.796,223.5585
79.22,225.662,225.374,225.518
79.23,228.474,224.86,226.667
79.24,225.124,226.412,225.768
79.25,222.505,227.538,225.0215
79.26,223.808,226.771,225.2895
79.27,226.902,224.002,225.452
79.28,225.834,223.709,224.7715
79.29,226.594,224.555,225.5745
79.3,223.945,225.059,224.502
79.31,225.18,224.473,224.8265
79.32,223.788,224.335,224.0615
79.33,224.846,229.062,226.954
79.34,228.192,225.522,226.857
79.35,220.905,224.967,222.936
79.36,224.043,223.885,223.964
79.37,224.095,223.643,223.869
79.38,222.094,225.437,223.7655
79.39,223.997,225.542,224.7695
79.4,222.15,228.703,225.4265
79.41,226.595,228.656,227.6255
79.42,221.742,224.289,223.0155
79.43,222.391,223.963,223.177
79.44,220.819,223.626,222.2225
79.45,225.002,225.198,225.1
79.46,223.368,223.892,223.63
79.47,223.781,222.249,223.015
79.48,221.165,222.498,221.8315
79.49,220.733,223.543,222.138
79.5,225.403,228.776,227.0895
79.51,224.473,224.4,224.4365
79.52,226.945,224.108,225.5265
79.53,224.941,223.494,224.2175
79.54,222.043,225.919,223.981
79.55,225.797,226.95,226.3735
79.56,228.402,225.222,226.812
79.57,223.817,222.281,223.049
79.58,226.158,227.592,226.875
79.59,228.544,221.503,225.0235
79.6,224.011,225.95,224.9805
79.61,223.542,226.687,225.1145
79.62,223.815,224.139,223.977
79.63,226.953,227.794,227.3735
79.64,226.351,222.378,224.3645
79.65,224.472,222.479,223.4755
79.66,226.022,226.475,226.2485
79.67,223.394,228.19,225.792
79.68,224.909,225.069,224.989
79.69,225.037,225.115,225.076
79.7,224.977,223.831,224.404
79.71,225.186,223.551,224.3685
79.72,229.357,223.521,226.439
79.73,223.999,225.353,224.676
79.74,222.234,222.772,222.503
79.75,223.185,224.609,223.897
79.76,226.525,225.216,225.8705
79.77,224.899,224.327,224.613
79.78,223.927,224.528,224.2275
79.79,222.561,229.516,226.0385
79.8,224.144,227.798,225.971
79.81,219.086,226.6,222.843
79.82,221.315,225.644,223.4795
79.83,225.207,225.852,225.5295
79.84,226.417,226.405,226.411
79.85,222.34,227.003,224.6715
79.86,225.764,223.949,224.8565
79.87,223.737,228.068,225.9025
79.88,221.304,227.31,224.307
79.89,222.55,226.528,224.539
79.9,222.999,226.415,224.707
79.91,222.775,226.253,224.514
79.92,222.841,227.311,225.076
79.93,218.126,226.505,222.3155
79.94,223.967,224.676,224.3215
79.95,222.609,223.403,223.006
79.96,222.949,228.557,225.753
79.97,221.272,223.403,222.3375
79.98,218.046,224.442,221.244
79.99,222.818,223.63,223.224
80,222.056,224.845,223.4505
80.01,218.05,225.842,221.946
80.02,222.512,223.948,223.23
80.03,222.161,224.354,223.2575
80.04,224.205,226.128,225.1665
80.05,221.333,226.115,223.724
80.06,221.628,226.019,223.8235
80.07,226.102,226.116,226.109
80.08,224.12,224.98,224.55
80.09,222.266,227.961,225.1135
80.1,223.74,227.447,225.5935
80.11,224.095,226.423,225.259
80.12,223.792,226.097,224.9445
80.13,224.907,225.314,225.1105
80.14,221.722,227.784,224.753
80.15,226.064,224.763,225.4135
80.16,225.51,225.467,225.4885
80.17,223.401,225.325,224.363
80.18,222.68,224.857,223.7685
80.19,222.721,230.322,226.5215
80.2,222.307,228.842,225.5745
80.21,221.516,224.272,222.894
80.22,218.962,227.365,223.1635
80.23,222.761,226.931,224.846
80.24,223.986,228.655,226.3205
80.25,219.977,228.149,224.063
80.26,222.71,224.701,223.7055
80.27,221.291,227.703,224.497
80.28,222.454,225.585,224.0195
80.29,222.769,224.962,223.8655
80.3,221.688,224.95,223.319
80.31,222.113,228.572,225.3425
80.32,218.191,225.614,221.9025
80.33,219.546,226.865,223.2055
80.34,221.927,222.427,222.177
80.35,220.404,227.53,223.967
80.36,219.955,224.137,222.046
80.37,224.205,226.699,225.452
80.38,217.624,222.052,219.838
80.39,221.235,228.645,224.94
80.4,217.945,226.254,222.0995
80.41,219.624,225.156,222.39
80.42,222.73,227.921,225.3255
80.43,219,223.835,221.4175
80.44,222.051,225.761,223.906
80.45,226.391,222.966,224.6785
80.46,223.73,228.741,226.2355
80.47,225.84,228.234,227.037
80.48,224.864,223.437,224.1505
80.49,225.555,226.386,225.9705
80.5,225.909,225.104,225.5065
80.51,228.638,227.115,227.8765
80.52,230.606,228.243,229.4245
80.53,227.592,225.287,226.4395
80.54,226.547,225.728,226.1375
80.55,226.256,227.561,226.9085
80.56,223.467,225.582,224.5245
80.57,223.495,225.954,224.7245
80.58,223.853,224.308,224.0805
80.59,221.922,228.271,225.0965
80.6,226.134,226.691,226.4125
80.61,221.663,222.996,222.3295
80.62,224.272,229.322,226.797
80.63,223.327,228.764,226.0455
80.64,224.427,227.376,225.9015
80.65,225.689,224.828,225.2585
80.66,224.907,226.371,225.639
80.67,226.893,226.885,226.889
80.68,226.285,229.586,227.9355
80.69,226.439,228.493,227.466
80.7,225.844,227.068,226.456
80.71,226.323,224.684,225.5035
80.72,228.694,225.877,227.2855
80.73,228.784,227.837,228.3105
80.74,225.014,225.04,225.027
80.75,226.353,226.019,226.186
80.76,228.68,224.782,226.731
80.77,227.402,226.131,226.7665
80.78,227.865,223.856,225.8605
80.79,226.621,223.971,225.296
80.8,229.258,226.362,227.81
80.81,228.143,231.211,229.677
80.82,227.473,230.333,228.903
80.83,227.08,227.043,227.0615
80.84,226.068,229.563,227.8155
80.85,228.143,228.466,228.3045
80.86,226.402,229.312,227.857
80.87,228.535,229.763,229.149
80.88,229.282,229.597,229.4395
80.89,230.08,231.974,231.027
80.9,225.721,232.385,229.053
80.91,227.86,228.774,228.317
80.92,228.02,229.084,228.552
80.93,224.438,226.526,225.482
80.94,226.405,227.986,227.1955
80.95,225.299,226.82,226.0595
80.96,224.427,226.231,225.329
80.97,225.925,226.62,226.2725
80.98,227.401,228.655,228.028
80.99,226.918,225.318,226.118
81,226.099,228.689,227.394
81.01,228.5,226.794,227.647
81.02,223.651,228.379,226.015
81.03,226.16,228.376,227.268
81.04,227.716,226.412,227.064
81.05,231.295,225.767,228.531
81.06,227.894,225.222,226.558
81.07,224.781,225.894,225.3375
81.08,225.505,229.534,227.5195
81.09,227.938,227.57,227.754
81.1,231.331,226.673,229.002
81.11,228.238,225.434,226.836
81.12,225.03,231.171,228.1005
81.13,228.487,229.198,228.8425
81.14,229.515,228.827,229.171
81.15,224.917,228.193,226.555
81.16,231.336,229.071,230.2035
81.17,229.586,229.52,229.553
81.18,230.881,224.61,227.7455
81.19,228.89,228.686,228.788
81.2,229.967,228.599,229.283
81.21,228.865,227.603,228.234
81.22,224.356,226.723,225.5395
81.23,228.851,224.364,226.6075
81.24,227.194,227.285,227.2395
81.25,228.742,225.868,227.305
81.26,226.337,226.758,226.5475
81.27,228.882,227.896,228.389
81.28,228.249,227.654,227.9515
81.29,229.696,226.743,228.2195
81.3,227.725,228.263,227.994
81.31,226.557,226.49,226.5235
81.32,228.81,228.981,228.8955
81.33,229.382,228.359,228.8705
81.34,227.305,225.965,226.635
81.35,225.086,224.86,224.973
81.36,226.701,225.036,225.8685
81.37,226.238,223.244,224.741
81.38,228.241,222.395,225.318
81.39,225.131,222.461,223.796
81.4,227.679,226.037,226.858
81.41,228.548,225.448,226.998
81.42,224.587,223.557,224.072
81.43,229.344,226.077,227.7105
81.44,229.86,226.998,228.429
81.45,227.402,226.85,227.126
81.46,228.484,227.169,227.8265
81.47,227.841,227.39,227.6155
81.48,228.863,223.75,226.3065
81.49,231.495,228.862,230.1785
81.5,233.122,225.881,229.5015
81.51,230.629,228.016,229.3225
81.52,227.547,229.699,228.623
81.53,230.602,224.183,227.3925
81.54,225.954,223.055,224.5045
81.55,228.911,227.748,228.3295
81.56,225.8,228.455,227.1275
81.57,226.478,226.809,226.6435
81.58,225.256,223.542,224.399
81.59,226.744,229.439,228.0915
81.6,228.758,229.707,229.2325
81.61,228.883,227.027,227.955
81.62,224.604,228.101,226.3525
81.63,229.676,228.911,229.2935
81.64,229.242,225.627,227.4345
81.65,223.902,224.581,224.2415
81.66,227.362,224.869,226.1155
81.67,224.697,226.184,225.4405
81.68,226.049,224.547,225.298
81.69,226.024,223.061,224.5425
81.7,225.162,222.288,223.725
81.71,223.031,223.987,223.509
81.72,225.569,225.339,225.454
81.73,227.109,223.525,225.317
81.74,226.748,227.484,227.116
81.75,225.357,225.112,225.2345
81.76,228.983,228.277,228.63
81.77,231,225.397,228.1985
81.78,225.844,228.153,226.9985
81.79,229.139,227.526,228.3325
81.8,227.745,228.568,228.1565
81.81,227.242,223.523,225.3825
81.82,226.349,228.55,227.4495
81.83,226.347,225.162,225.7545
81.84,228.898,230.063,229.4805
81.85,226.853,228.021,227.437
81.86,229.934,225.752,227.843
81.87,227.749,225.244,226.4965
81.88,228.896,225.136,227.016
81.89,225.991,224.866,225.4285
81.9,230.98,230.177,230.5785
81.91,229.868,229.056,229.462
81.92,228.378,233.107,230.7425
81.93,224.854,227.437,226.1455
81.94,225.954,221.594,223.774
81.95,225.938,228.11,227.024
81.96,225.527,230.263,227.895
81.97,226.75,228.583,227.6665
81.98,230.281,229.927,230.104
81.99,229.895,230.302,230.0985
82,230.054,227.994,229.024
82.01,231.292,226.346,228.819
82.02,231.018,227.123,229.0705
82.03,230.562,227.205,228.8835
82.04,232.395,231.013,231.704
82.05,228.743,229.657,229.2
82.06,230.61,226.687,228.6485
82.07,228.692,230.042,229.367
82.08,226.636,229.04,227.838
82.09,225.986,228.258,227.122
82.1,229.248,228.16,228.704
82.11,228.172,229.393,228.7825
82.12,227.456,228.024,227.74
82.13,228.797,228.73,228.7635
82.14,228.269,232.668,230.4685
82.15,228.927,228.34,228.6335
82.16,225.014,227.804,226.409
82.17,227.144,230.44,228.792
82.18,225.601,231.273,228.437
82.19,228.414,228.296,228.355
82.2,227.374,229.944,228.659
82.21,230.692,229.876,230.284
82.22,226.837,225.884,226.3605
82.23,225.637,228.724,227.1805
82.24,226.063,230.077,228.07
82.25,225.761,228.735,227.248
82.26,226.873,230.157,228.515
82.27,226.662,227.414,227.038
82.28,224.307,226.562,225.4345
82.29,225.732,230.653,228.1925
82.3,229.024,227.772,228.398
82.31,225.845,227.421,226.633
82.32,227.868,224.381,226.1245
82.33,227.473,227.953,227.713
82.34,226.727,225.251,225.989
82.35,223.442,226.434,224.938
82.36,224.378,228.837,226.6075
82.37,226.885,226.82,226.8525
82.38,228.776,231.758,230.267
82.39,227.03,227.392,227.211
82.4,230.567,228.831,229.699
82.41,227.088,225.959,226.5235
82.42,224.203,228.648,226.4255
82.43,227.415,227.948,227.6815
82.44,221.6,227.359,224.4795
82.45,224.88,226.69,225.785
82.46,223.295,227.525,225.41
82.47,222.984,222.711,222.8475
82.48,223.306,227.573,225.4395
82.49,224.925,224.035,224.48
82.5,224.947,226.765,225.856
82.51,225.634,229.254,227.444
82.52,229.63,229.654,229.642
82.53,228.561,229.257,228.909
82.54,229.144,223.618,226.381
82.55,226.242,227.261,226.7515
82.56,226.136,228.357,227.2465
82.57,225.083,226.303,225.693
82.58,229.172,227.868,228.52
82.59,227.799,229.013,228.406
82.6,224.691,229.604,227.1475
82.61,228.51,230.521,229.5155
82.62,226.353,225.482,225.9175
82.63,225.588,229.729,227.6585
82.64,226.11,228.916,227.513
82.65,228.584,230.383,229.4835
82.66,226.299,228.733,227.516
82.67,225.144,231.217,228.1805
82.68,223.637,231.084,227.3605
82.69,227.612,233.593,230.6025
82.7,226.104,228.954,227.529
82.71,227.329,229.186,228.2575
82.72,224.981,226.345,225.663
82.73,224.12,230.033,227.0765
82.74,227.339,225.904,226.6215
82.75,226.252,225.239,225.7455
82.76,227.384,227.567,227.4755
82.77,227.154,228.052,227.603
82.78,225.584,225.434,225.509
82.79,225.73,225.217,225.4735
82.8,226.893,227.472,227.1825
82.81,225.8,224.24,225.02
82.82,228.437,226.73,227.5835
82.83,227.307,225.626,226.4665
82.84,226.947,221.329,224.138
82.85,227.553,230.404,228.9785
82.86,224.237,227.987,226.112
82.87,223.119,226.974,225.0465
82.88,228.921,228.962,228.9415
82.89,228.323,227.969,228.146
82.9,223.694,228.639,226.1665
82.91,225.491,224.943,225.217
82.92,226.742,225.633,226.1875
82.93,226.345,227.481,226.913
82.94,228.534,227.379,227.9565
82.95,223.951,227.283,225.617
82.96,224.463,223.942,224.2025
82.97,224.832,223.727,224.2795
82.98,229.004,226.627,227.8155
82.99,224.862,223.963,224.4125
83,223.348,227.484,225.416
83.01,224.61,223.609,224.1095
83.02,224.842,222.774,223.808
83.03,225.533,223.861,224.697
83.04,224.451,224.487,224.469
83.05,224.567,223.827,224.197
83.06,229.166,225.542,227.354
83.07,227.176,227.691,227.4335
83.08,225.514,228.241,226.8775
83.09,225.583,225.363,225.473
83.1,225.424,223.769,224.5965
83.11,224.744,224.32,224.532
83.12,225.623,226.152,225.8875
83.13,225.042,223.315,224.1785
83.14,219.443,222.888,221.1655
83.15,225.345,222.442,223.8935
83.16,224.072,226.089,225.0805
83.17,225.802,225.565,225.6835
83.18,223.637,227.954,225.7955
83.19,224.115,225.318,224.7165
83.2,225.275,224.634,224.9545
83.21,224.985,227.521,226.253
83.22,224.854,227.154,226.004
83.23,224.26,223.576,223.918
83.24,223.152,223.927,223.5395
83.25,224.979,225.075,225.027
83.26,224.588,229.161,226.8745
83.27,227.513,227.383,227.448
83.28,224.625,225.382,225.0035
83.29,224.967,227.85,226.4085
83.3,226.778,225.483,226.1305
83.31,224.304,224.721,224.5125
83.32,224.848,228.265,226.5565
83.33,226.308,222.752,224.53
83.34,222.991,226.447,224.719
83.35,222.668,225.099,223.8835
83.36,223.417,225.874,224.6455
83.37,225.345,224.37,224.8575
83.38,226.145,226.612,226.3785
83.39,224.24,228.265,226.2525
83.4,222.834,225.764,224.299
83.41,224.67,224.478,224.574
83.42,219.067,223.981,221.524
83.43,226.801,224.939,225.87
83.44,224.248,225.465,224.8565
83.45,223.096,221.882,222.489
83.46,224.891,227.267,226.079
83.47,224.415,228.409,226.412
83.48,225.812,223.845,224.8285
83.49,224.581,222.417,223.499
83.5,225.108,224.608,224.858
83.51,225.993,225.248,225.6205
83.52,226.513,224.533,225.523
83.53,228.301,225.457,226.879
83.54,222.728,222.712,222.72
83.55,224.997,221.172,223.0845
83.56,226.22,224.821,225.5205
83.57,228.573,221.935,225.254
83.58,226.801,228.658,227.7295
83.59,226.804,225.466,226.135
83.6,228.068,224.163,226.1155
83.61,228.2,226.109,227.1545
83.62,225.523,225.861,225.692
83.63,225.709,227.09,226.3995
83.64,227.417,225.987,226.702
83.65,229.182,221.776,225.479
83.66,226.5,223.711,225.1055
83.67,225.298,228.086,226.692
83.68,223.186,225.691,224.4385
83.69,220.481,228.956,224.7185
83.7,226.077,226.976,226.5265
83.71,221.837,225.833,223.835
83.72,225.291,224.649,224.97
83.73,222.061,223.839,222.95
83.74,223.351,227.513,225.432
83.75,225.23,225.662,225.446
83.76,225.199,227.456,226.3275
83.77,227.827,226.363,227.095
83.78,227.012,227.437,227.2245
83.79,226.085,226.281,226.183
83.8,224.755,226.928,225.8415
83.81,227.079,223.084,225.0815
83.82,222.997,228.862,225.9295
83.83,228.163,226.797,227.48
83.84,226.584,227.828,227.206
83.85,225.207,225.113,225.16
83.86,225.083,224.002,224.5425
83.87,224.228,225.408,224.818
83.88,227.428,226.09,226.759
83.89,227.104,224.889,225.9965
83.9,227.809,225.959,226.884
83.91,227.485,228.243,227.864
83.92,226.488,223.975,225.2315
83.93,226.365,228.278,227.3215
83.94,228.507,225.513,227.01
83.95,226.531,223.74,225.1355
83.96,227.992,223.461,225.7265
83.97,224.215,225.652,224.9335
83.98,225.908,225.072,225.49
83.99,222.47,226.837,224.6535
84,223.349,228.203,225.776
84.01,220.837,226.885,223.861
84.02,222.436,228.132,225.284
84.03,222.15,224.569,223.3595
84.04,224.198,225.227,224.7125
84.05,225.885,226.836,226.3605
84.06,224.28,224.591,224.4355
84.07,226.449,226.404,226.4265
84.08,228.276,226.253,227.2645
84.09,230.423,225.206,227.8145
84.1,228.073,227.221,227.647
84.11,232.446,224.404,228.425
84.12,231.765,223.261,227.513
84.13,229.025,224.229,226.627
84.14,225.763,224.434,225.0985
84.15,228.248,226.385,227.3165
84.16,226.763,227.409,227.086
84.17,228.283,225.599,226.941
84.18,226.369,226.594,226.4815
84.19,228.537,224.998,226.7675
84.2,230.689,223.371,227.03
84.21,227.341,225.199,226.27
84.22,228.36,226.775,227.5675
84.23,226.079,225.894,225.9865
84.24,226.028,227.614,226.821
84.25,226.985,228.794,227.8895
84.26,227.724,227.806,227.765
84.27,226.505,227.381,226.943
84.28,226.639,229.095,227.867
84.29,229.495,229.183,229.339
84.3,222.935,228.414,225.6745
84.31,227.77,230.721,229.2455
84.32,226.888,229.568,228.228
84.33,226.555,226.676,226.6155
84.34,226.04,226.323,226.1815
84.35,227.827,226.855,227.341
84.36,225.406,225.635,225.5205
84.37,228.698,226.522,227.61
84.38,226.637,222.826,224.7315
84.39,222.869,226.928,224.8985
84.4,224.226,227.332,225.779
84.41,224.461,227.459,225.96
84.42,227.343,225.96,226.6515
84.43,224.524,226.27,225.397
84.44,222.545,229.08,225.8125
84.45,224.864,227.107,225.9855
84.46,225.301,227.249,226.275
84.47,224.681,227.664,226.1725
84.48,224.56,224.455,224.5075
84.49,226.444,225.824,226.134
84.5,221.539,224.757,223.148
84.51,224.621,225.707,225.164
84.52,223.816,223.568,223.692
84.53,225.098,227.277,226.1875
84.54,224.776,225.703,225.2395
84.55,222.113,226.138,224.1255
84.56,223.639,227.95,225.7945
84.57,223.808,228.385,226.0965
84.58,224.391,225.673,225.032
84.59,227.449,224.281,225.865
84.6,225.103,227.489,226.296
84.61,224.685,226.927,225.806
84.62,226.875,230.281,228.578
84.63,225.239,222.056,223.6475
84.64,225.607,226.54,226.0735
84.65,226.068,226.017,226.0425
84.66,226.915,224.445,225.68
84.67,225.554,224.058,224.806
84.68,228.485,225.095,226.79
84.69,229.912,225.563,227.7375
84.7,225.817,225.814,225.8155
84.71,222.968,227.949,225.4585
84.72,222.804,229.068,225.936
84.73,222.544,230.07,226.307
84.74,224.88,224.866,224.873
84.75,228.519,225.828,227.1735
84.76,227.451,227.624,227.5375
84.77,225.941,225.539,225.74
84.78,225.717,227.039,226.378
84.79,223.557,228.912,226.2345
84.8,225.642,229.307,227.4745
84.81,225.432,227.674,226.553
84.82,223.17,229.665,226.4175
84.83,223.909,228.563,226.236
84.84,226.592,229.358,227.975
84.85,225.541,226.546,226.0435
84.86,222.628,228.082,225.355
84.87,225.117,229.276,227.1965
84.88,222.928,229.421,226.1745
84.89,222.788,230.968,226.878
84.9,225.548,226.746,226.147
84.91,225.546,231.963,228.7545
84.92,228.727,229.99,229.3585
84.93,225.125,227.979,226.552
84.94,225.494,227.474,226.484
84.95,228.095,227.436,227.7655
84.96,222.822,226.767,224.7945
84.97,223.769,226.165,224.967
84.98,224.741,229.107,226.924
84.99,222.181,230.084,226.1325
85,220.965,231.081,226.023
85.01,220.54,228.188,224.364
85.02,220.671,228.87,224.7705
85.03,223.779,231.119,227.449
85.04,220.54,227.307,223.9235
85.05,225.292,225.929,225.6105
85.06,225.152,226.315,225.7335
85.07,224.858,226.805,225.8315
85.08,221.839,227.555,224.697
85.09,224.186,225.661,224.9235
85.1,224.587,228.89,226.7385
85.11,222.206,229.958,226.082
85.12,224.907,226.354,225.6305
85.13,221.439,226.461,223.95
85.14,226.198,228.603,227.4005
85.15,223.608,225.023,224.3155
85.16,224.947,226.546,225.7465
85.17,227.812,225.869,226.8405
85.18,227.441,227.395,227.418
85.19,225.056,228.122,226.589
85.2,227.01,224.993,226.0015
85.21,227.281,229.254,228.2675
85.22,225.234,227.657,226.4455
85.23,229.529,226.892,228.2105
85.24,225.954,227.527,226.7405
85.25,222.759,229.933,226.346
85.26,229.463,230.385,229.924
85.27,227.685,227.241,227.463
85.28,226.598,228.132,227.365
85.29,226.903,225.384,226.1435
85.3,228.789,227.462,228.1255
85.31,227.61,229.288,228.449
85.32,227.438,228.371,227.9045
85.33,226.407,229.195,227.801
85.34,224.44,230.56,227.5
85.35,227.107,231.621,229.364
85.36,225.595,228.954,227.2745
85.37,226.569,228.775,227.672
85.38,230.441,231.587,231.014
85.39,227.251,231.813,229.532
85.4,228.734,228.953,228.8435
85.41,224.73,226.05,225.39
85.42,223.363,230.058,226.7105
85.43,227.33,229.087,228.2085
85.44,224.969,229.016,226.9925
85.45,226.176,228.303,227.2395
85.46,225.953,227.16,226.5565
85.47,227.127,226.248,226.6875
85.48,227.05,226.616,226.833
85.49,227.691,229.856,228.7735
85.5,224.988,228.539,226.7635
85.51,226.582,227.137,226.8595
85.52,223.949,226.853,225.401
85.53,224.269,226.498,225.3835
85.54,223.979,231.382,227.6805
85.55,221.972,229.423,225.6975
85.56,223.058,229.033,226.0455
85.57,225.769,229.387,227.578
85.58,225.369,227.782,226.5755
85.59,228.667,230.601,229.634
85.6,226.749,229.557,228.153
85.61,226.614,229.019,227.8165
85.62,224.102,231.096,227.599
85.63,224.86,229.219,227.0395
85.64,226.009,228.001,227.005
85.65,227.361,231.44,229.4005
85.66,225.309,229.027,227.168
85.67,228.554,229.764,229.159
85.68,230.582,229.707,230.1445
85.69,227.311,228.301,227.806
85.7,227.232,232.218,229.725
85.71,227.25,231.252,229.251
85.72,225.499,229.313,227.406
85.73,225.449,229.778,227.6135
85.74,224.591,231.319,227.955
85.75,224.502,229.147,226.8245
85.76,227.996,225.701,226.8485
85.77,229.381,229.18,229.2805
85.78,228.401,227.377,227.889
85.79,225.895,225.8,225.8475
85.8,226.124,226.063,226.0935
85.81,227.845,226.059,226.952
85.82,226.638,225.966,226.302
85.83,225.999,224.395,225.197
85.84,226.314,222.22,224.267
85.85,228.779,224.601,226.69
85.86,229.798,225.25,227.524
85.87,229.049,222.549,225.799
85.88,231.486,224.931,228.2085
85.89,230.186,229.173,229.6795
85.9,232.117,223.34,227.7285
85.91,229.449,228.808,229.1285
85.92,230.771,224.763,227.767
85.93,233.59,228.779,231.1845
85.94,233.71,225.421,229.5655
85.95,229.127,227.013,228.07
85.96,232.61,224.905,228.7575
85.97,232.508,225.558,229.033
85.98,228.914,227.477,228.1955
85.99,229.575,230.685,230.13
86,232.331,234.419,233.375
86.01,231.349,232.607,231.978
86.02,230.472,231.751,231.1115
86.03,232.168,228.849,230.5085
86.04,227.338,229.204,228.271
86.05,226.151,227.234,226.6925
86.06,228.034,227.86,227.947
86.07,229.668,226.618,228.143
86.08,231.131,231.352,231.2415
86.09,228.869,230.588,229.7285
86.1,226.67,232.175,229.4225
86.11,226.366,232.351,229.3585
86.12,225.728,229.499,227.6135
86.13,228.383,232.534,230.4585
86.14,227.376,231.294,229.335
86.15,227.008,230.679,228.8435
86.16,229.686,227.535,228.6105
86.17,228.893,229.545,229.219
86.18,229.582,226.32,227.951
86.19,232.328,224.988,228.658
86.2,229.972,226.366,228.169
86.21,231.132,228.879,230.0055
86.22,229.992,226.996,228.494
86.23,230.072,224.682,227.377
86.24,231.65,226.581,229.1155
86.25,231.442,227.586,229.514
86.26,230.491,228.14,229.3155
86.27,227.555,226.534,227.0445
86.28,227.321,223.809,225.565
86.29,232.092,219.601,225.8465
86.3,232.455,226.526,229.4905
86.31,230.447,227.822,229.1345
86.32,229.009,226.364,227.6865
86.33,228.371,227.669,228.02
86.34,227.828,228.678,228.253
86.35,229.611,221.752,225.6815
86.36,228.022,223.101,225.5615
86.37,227.859,226.032,226.9455
86.38,228.146,224.735,226.4405
86.39,227.713,227.569,227.641
86.4,228.888,222.695,225.7915
86.41,227.09,227.694,227.392
86.42,227.893,225.23,226.5615
86.43,227.094,224.664,225.879
86.44,227.794,227.706,227.75
86.45,229.891,226.96,228.4255
86.46,226.478,229.028,227.753
86.47,227.603,228.521,228.062
86.48,227.797,226.607,227.202
86.49,229.545,226.029,227.787
86.5,224.558,226.997,225.7775
86.51,225.092,227.821,226.4565
86.52,224.642,227.345,225.9935
86.53,225.241,225.869,225.555
86.54,226.818,224.496,225.657
86.55,226.844,227.402,227.123
86.56,225.435,226.732,226.0835
86.57,230.053,228.44,229.2465
86.58,224.639,227.479,226.059
86.59,227.328,229.218,228.273
86.6,224.872,226.988,225.93
86.61,227.037,226.495,226.766
86.62,227.604,227.676,227.64
86.63,225.771,226.238,226.0045
86.64,227.212,227.768,227.49
86.65,229.581,229.137,229.359
86.66,226.49,230.172,228.331
86.67,228.267,229.266,228.7665
86.68,228.956,226.365,227.6605
86.69,226.537,225.565,226.051
86.7,226.351,229.31,227.8305
86.71,230.393,226.452,228.4225
86.72,226.655,221.836,224.2455
86.73,228.499,227.853,228.176
86.74,225.021,229.857,227.439
86.75,227.632,231.046,229.339
86.76,227.253,225.337,226.295
86.77,224.858,225.623,225.2405
86.78,227.475,226.827,227.151
86.79,229.277,227.804,228.5405
86.8,227.596,226.962,227.279
86.81,225.6,228.443,227.0215
86.82,227.207,228.089,227.648
86.83,230.752,227.567,229.1595
86.84,226.513,225.541,226.027
86.85,227.81,231.337,229.5735
86.86,226.263,228.082,227.1725
86.87,222.995,224.88,223.9375
86.88,228.058,225.263,226.6605
86.89,222.803,224.017,223.41
86.9,228.125,224.79,226.4575
86.91,228.197,226.702,227.4495
86.92,225.475,222.098,223.7865
86.93,228.751,219.937,224.344
86.94,227.153,225.351,226.252
86.95,227.394,224.266,225.83
86.96,225.634,222.892,224.263
86.97,226.04,226.59,226.315
86.98,226.386,219.713,223.0495
86.99,226.038,224.325,225.1815
87,229.262,223.582,226.422
87.01,224.619,223.343,223.981
87.02,225.499,221.812,223.6555
87.03,227.175,222.385,224.78
87.04,225.677,227.097,226.387
87.05,222.048,228.088,225.068
87.06,224.361,225.909,225.135
87.07,221.037,229.521,225.279
87.08,224.558,228.978,226.768
87.09,224.758,226.15,225.454
87.1,227.84,228.982,228.411
87.11,225.149,226.346,225.7475
87.12,225.449,228.165,226.807
87.13,224.648,227.069,225.8585
87.14,227.536,229.25,228.393
87.15,229.083,226.524,227.8035
87.16,226.595,225.873,226.234
87.17,226.512,230.237,228.3745
87.18,227.597,228.505,228.051
87.19,226.472,229.724,228.098
87.2,228.167,226.239,227.203
87.21,224.422,229.202,226.812
87.22,228.358,228.081,228.2195
87.23,223.447,225.174,224.3105
87.24,225.426,224.229,224.8275
87.25,224.97,227.42,226.195
87.26,228.744,227.485,228.1145
87.27,223.416,229.466,226.441
87.28,222.125,226.026,224.0755
87.29,226.772,229.78,228.276
87.3,226.121,228.459,227.29
87.31,225.69,226.836,226.263
87.32,227.982,223.097,225.5395
87.33,225.013,224.947,224.98
87.34,227.952,229.201,228.5765
87.35,227.079,225.945,226.512
87.36,224.009,231.377,227.693
87.37,227.828,225.995,226.9115
87.38,225.746,225.975,225.8605
87.39,226.771,223.522,225.1465
87.4,222.811,225.906,224.3585
87.41,227.964,224.736,226.35
87.42,223.08,223.147,223.1135
87.43,224.713,227.337,226.025
87.44,225.812,228.445,227.1285
87.45,224.6,224.023,224.3115
87.46,224.039,230.494,227.2665
87.47,221.814,225.963,223.8885
87.48,225.173,228.202,226.6875
87.49,224.626,227.951,226.2885
87.5,225.342,228.06,226.701
87.51,225.122,229.767,227.4445
87.52,222.763,226.391,224.577
87.53,223.779,225.238,224.5085
87.54,224.13,226.439,225.2845
87.55,222.572,227.37,224.971
87.56,223.61,228.782,226.196
87.57,226.71,229.78,228.245
87.58,226.075,227.795,226.935
87.59,222.641,227.781,225.211
87.6,224.584,229.521,227.0525
87.61,224.114,229.684,226.899
87.62,225.297,224.894,225.0955
87.63,225.461,228.6,227.0305
87.64,226.157,231.331,228.744
87.65,225.119,233.973,229.546
87.66,224.82,229.263,227.0415
87.67,224.721,228.217,226.469
87.68,224.801,228.721,226.761
87.69,223.434,228.864,226.149
87.7,220.988,224.829,222.9085
87.71,225.809,225.935,225.872
87.72,228.749,226.658,227.7035
87.73,234.244,229.982,232.113
87.74,226.515,231.345,228.93
87.75,225.844,227.345,226.5945
87.76,227.095,229.396,228.2455
87.77,221.669,230.345,226.007
87.78,223.356,232.879,228.1175
87.79,226.595,229.706,228.1505
87.8,226.975,227.021,226.998
87.81,223.282,224.359,223.8205
87.82,226.254,228.137,227.1955
87.83,224.648,228.546,226.597
87.84,224.626,230.317,227.4715
87.85,224.106,229.039,226.5725
87.86,223.016,227.417,225.2165
87.87,222.979,227.436,225.2075
87.88,221.83,228.91,225.37
87.89,226.752,226.319,226.5355
87.9,224.349,228.85,226.5995
87.91,222.858,226.316,224.587
87.92,223.969,228.344,226.1565
87.93,225.466,228.377,226.9215
87.94,224.446,226.152,225.299
87.95,226.143,230.986,228.5645
87.96,226.806,228.697,227.7515
87.97,225.061,227.167,226.114
87.98,223.504,233.102,228.303
87.99,226.132,228.433,227.2825
88,225.929,230.521,228.225
88.01,224.052,227.041,225.5465
88.02,222.864,226.407,224.6355
88.03,222.897,227.632,225.2645
88.04,227.626,230.29,228.958
88.05,224.175,231.165,227.67
88.06,222.793,226.375,224.584
88.07,224.105,229.883,226.994
88.08,223.038,228.434,225.736
88.09,222.761,230.832,226.7965
88.1,223.265,225.006,224.1355
88.11,220.28,228.218,224.249
88.12,223.286,227.636,225.461
88.13,223.23,227.297,225.2635
88.14,223.106,228.088,225.597
88.15,223.499,225.142,224.3205
88.16,222.477,228.239,225.358
88.17,222.789,229.434,226.1115
88.18,221.944,227.835,224.8895
88.19,223.396,226.587,224.9915
88.2,220.088,226.883,223.4855
88.21,222.246,226.666,224.456
88.22,224.436,225.226,224.831
88.23,226.165,227.921,227.043
88.24,221.524,225.321,223.4225
88.25,219.161,231.713,225.437
88.26,223.175,229.671,226.423
88.27,225.692,226.608,226.15
88.28,220.959,228.397,224.678
88.29,225.131,231.55,228.3405
88.3,221.623,227.328,224.4755
88.31,226.742,228.007,227.3745
88.32,224.644,224.075,224.3595
88.33,222.941,226.087,224.514
88.34,223.03,226.359,224.6945
88.35,223.119,222.726,222.9225
88.36,226.187,223.051,224.619
88.37,222.367,225.637,224.002
88.38,226.091,225.299,225.695
88.39,224.389,226.405,225.397
88.4,227.205,227.307,227.256
88.41,222.626,226.346,224.486
88.42,224.026,224.582,224.304
88.43,224.86,227.405,226.1325
88.44,221.119,224.572,222.8455
88.45,225.02,218.791,221.9055
88.46,224.88,225.174,225.027
88.47,226.154,225.436,225.795
88.48,224.007,227.625,225.816
88.49,223.719,226.222,224.9705
88.5,224.805,227.901,226.353
88.51,220.828,228.461,224.6445
88.52,222.59,230.784,226.687
88.53,222.52,229.724,226.122
88.54,223.455,227.985,225.72
88.55,222.729,227.998,225.3635
88.56,223.687,230.914,227.3005
88.57,223.543,228.189,225.866
88.58,226.88,229.218,228.049
88.59,222.051,225.606,223.8285
88.6,219.071,229.009,224.04
88.61,225.467,225.017,225.242
88.62,224.603,226.613,225.608
88.63,224.512,227.351,225.9315
88.64,223.902,226.428,225.165
88.65,223.75,229.14,226.445
88.66,223.14,231.68,227.41
88.67,225.37,229.894,227.632
88.68,224.573,227.833,226.203
88.69,223.671,231.383,227.527
88.7,226.086,229.546,227.816
88.71,226.136,228.907,227.5215
88.72,224.556,228.906,226.731
88.73,225.899,227.96,226.9295
88.74,226.847,226.451,226.649
88.75,227.697,227.648,227.6725
88.76,225.894,225.125,225.5095
88.77,230.91,227.021,228.9655
88.78,224.226,227.593,225.9095
88.79,224.499,227.072,225.7855
88.8,227.198,226.808,227.003
88.81,225.985,232.154,229.0695
88.82,224.469,226.612,225.5405
88.83,225.996,226.764,226.38
88.84,224.256,228.395,226.3255
88.85,224.661,224.921,224.791
88.86,224.927,224.62,224.7735
88.87,223.486,228.876,226.181
88.88,224.507,228.64,226.5735
88.89,225.771,226.229,226
88.9,223.711,226.692,225.2015
88.91,227.296,224.526,225.911
88.92,225.266,229.656,227.461
88.93,223.117,228.333,225.725
88.94,226.592,232.522,229.557
88.95,226.34,229.209,227.7745
88.96,225.545,225.388,225.4665
88.97,222.492,225.776,224.134
88.98,224.283,229.05,226.6665
88.99,221.295,224.669,222.982
89,224.793,226.63,225.7115
89.01,224.147,227.397,225.772
89.02,222.538,227.007,224.7725
89.03,223.245,226.34,224.7925
89.04,220.529,226.337,223.433
89.05,221.225,228.113,224.669
89.06,221.774,226.53,224.152
89.07,222.055,225.273,223.664
89.08,220.84,225.893,223.3665
89.09,224.554,225.085,224.8195
89.1,225.16,228.295,226.7275
89.11,224.768,227.226,225.997
89.12,227.642,224.049,225.8455
89.13,224.639,224.873,224.756
89.14,225.003,224.851,224.927
89.15,225.519,224.561,225.04
89.16,221.177,223.914,222.5455
89.17,225.906,227.102,226.504
89.18,221.62,226.393,224.0065
89.19,226.214,224.746,225.48
89.2,224.001,223.031,223.516
89.21,225.256,226.34,225.798
89.22,224.707,222.011,223.359
89.23,224.196,226.335,225.2655
89.24,224.787,226.59,225.6885
89.25,226.925,227.615,227.27
89.26,226.723,225.4,226.0615
89.27,227.389,224.778,226.0835
89.28,227.712,226.02,226.866
89.29,229.179,225.71,227.4445
89.3,225.433,226.084,225.7585
89.31,223.203,227.296,225.2495
89.32,221.679,228.785,225.232
89.33,222.235,224.996,223.6155
89.34,225.312,228.749,227.0305
89.35,225.694,225.887,225.7905
89.36,222.906,226.61,224.758
89.37,225.804,226.336,226.07
89.38,226.439,223.216,224.8275
89.39,224.076,228.081,226.0785
89.4,228.283,228.149,228.216
89.41,226.63,226.131,226.3805
89.42,223.446,226.534,224.99
89.43,226.987,225.542,226.2645
89.44,224.059,226.875,225.467
89.45,223.383,222.372,222.8775
89.46,228.216,223.713,225.9645
89.47,225.028,228.248,226.638
89.48,222.284,227.918,225.101
89.49,226.691,229.221,227.956
89.5,223.814,227.975,225.8945
89.51,223.147,224.836,223.9915
89.52,227.289,231.984,229.6365
89.53,225.233,228.314,226.7735
89.54,224.97,228.522,226.746
89.55,227.612,228.573,228.0925
89.56,225.668,229.173,227.4205
89.57,227.384,231.312,229.348
89.58,222.453,229.852,226.1525
89.59,224.905,226.457,225.681
89.6,225.251,234.045,229.648
89.61,227.73,227.614,227.672
89.62,224.751,227.55,226.1505
89.63,225.649,228.143,226.896
89.64,224.788,225.218,225.003
89.65,228.391,227.419,227.905
89.66,226.667,228.112,227.3895
89.67,227.672,229.613,228.6425
89.68,225.553,226.081,225.817
89.69,226.335,226.74,226.5375
89.7,228.219,226.301,227.26
89.71,225.479,230.425,227.952
89.72,226.435,227.354,226.8945
89.73,223.591,229.938,226.7645
89.74,226.266,230.532,228.399
89.75,227.457,227.221,227.339
89.76,222.293,229.24,225.7665
89.77,227.221,224.267,225.744
89.78,226.359,226.313,226.336
89.79,226.355,228.644,227.4995
89.8,225.494,230.176,227.835
89.81,226.173,226.386,226.2795
89.82,227.282,226.183,226.7325
89.83,225.814,223.848,224.831
89.84,224.743,225.709,225.226
89.85,225.02,225.389,225.2045
89.86,226.819,223.488,225.1535
89.87,227.114,228.545,227.8295
89.88,224.088,227.061,225.5745
89.89,227.935,231.177,229.556
89.9,225.93,229.182,227.556
89.91,225.39,226.167,225.7785
89.92,224.948,225.68,225.314
89.93,225.864,231.681,228.7725
89.94,225.488,227.59,226.539
89.95,225.125,228.506,226.8155
89.96,222.455,225.237,223.846
89.97,227.101,229.912,228.5065
89.98,225.586,226.411,225.9985
89.99,226.138,226.305,226.2215
90,225.242,229.749,227.4955
90.01,224.064,231.405,227.7345
90.02,225.716,229.98,227.848
90.03,223.6,228.024,225.812
90.04,224.646,228.97,226.808
90.05,224.605,228.829,226.717
90.06,224.859,227.15,226.0045
90.07,224.44,228.68,226.56
90.08,223.877,230.691,227.284
90.09,223.538,228.709,226.1235
90.1,222.786,227.057,224.9215
90.11,225.708,226.687,226.1975
90.12,224.652,226.697,225.6745
90.13,224.474,226.488,225.481
90.14,224.541,227.039,225.79
90.15,219.738,231.524,225.631
90.16,222.135,226.168,224.1515
90.17,224.901,224.944,224.9225
90.18,224.722,225.972,225.347
90.19,225.047,230.011,227.529
90.2,220.109,227.11,223.6095
90.21,220.968,226.713,223.8405
90.22,223.556,225.949,224.7525
90.23,223.005,227.967,225.486
90.24,221.898,222.815,222.3565
90.25,222.085,227.501,224.793
90.26,224.48,228.669,226.5745
90.27,222.02,228.391,225.2055
90.28,226.401,227.821,227.111
90.29,220.788,226.062,223.425
90.3,224.129,228.353,226.241
90.31,221.09,228.609,224.8495
90.32,221.106,230.423,225.7645
90.33,222.304,228.938,225.621
90.34,221.274,226.28,223.777
90.35,224.998,228.04,226.519
90.36,224.994,229.995,227.4945
90.37,219.839,224.026,221.9325
90.38,225.883,229.904,227.8935
90.39,220.555,229.909,225.232
90.4,221.647,226.319,223.983
90.41,218.954,227.509,223.2315
90.42,221.81,227.797,224.8035
90.43,221.705,225.933,223.819
90.44,224.382,228.194,226.288
90.45,221.586,229.569,225.5775
90.46,224.74,231.337,228.0385
90.47,220.972,229.63,225.301
90.48,224.71,232.705,228.7075
90.49,224.602,228.673,226.6375
90.5,221.775,230.089,225.932
90.51,223.871,231.982,227.9265
90.52,224.819,230.253,227.536
90.53,225.008,230.864,227.936
90.54,228.466,229.209,228.8375
90.55,225.085,229.202,227.1435
90.56,226.246,230.931,228.5885
90.57,228.405,231.134,229.7695
90.58,224.311,232.371,228.341
90.59,227.287,225.723,226.505
90.6,226.363,229,227.6815
90.61,228.281,227.232,227.7565
90.62,224.871,228.338,226.6045
90.63,223.659,229.204,226.4315
90.64,224.126,229.941,227.0335
90.65,225.732,232.369,229.0505
90.66,226.216,229.736,227.976
90.67,223.165,230.276,226.7205
90.68,225.994,228.07,227.032
90.69,223.009,225.964,224.4865
90.7,224.135,227.791,225.963
90.71,223.633,227.617,225.625
90.72,224.061,229.52,226.7905
90.73,224.962,223.869,224.4155
90.74,225.26,225.413,225.3365
90.75,223.108,225.425,224.2665
90.76,227.337,227.862,227.5995
90.77,225.401,228.779,227.09
90.78,225.396,231.905,228.6505
90.79,225.693,231.426,228.5595
90.8,225.481,228.542,227.0115
90.81,228.466,225.151,226.8085
90.82,226.403,229.093,227.748
90.83,226.458,226.911,226.6845
90.84,231.562,221.536,226.549
90.85,223.787,224.764,224.2755
90.86,224.401,227.207,225.804
90.87,225.321,222.758,224.0395
90.88,225.938,227.17,226.554
90.89,224.202,223.315,223.7585
90.9,224.381,229.652,227.0165
90.91,226.401,224.205,225.303
90.92,225.041,225.484,225.2625
90.93,226.484,225.56,226.022
90.94,227.65,224.529,226.0895
90.95,227.836,226.782,227.309
90.96,222.788,222.711,222.7495
90.97,224.301,225.364,224.8325
90.98,223.464,223.936,223.7
90.99,227.021,223.956,225.4885
91,226.771,222.815,224.793
91.01,226.15,223.416,224.783
91.02,224.473,223.375,223.924
91.03,223.907,223.234,223.5705
91.04,224.663,224.302,224.4825
91.05,223.992,224.837,224.4145
91.06,223.28,223.998,223.639
91.07,225.778,222.051,223.9145
91.08,225.169,221.443,223.306
91.09,225.985,223.047,224.516
91.1,225.356,223.898,224.627
91.11,226.534,225.371,225.9525
91.12,227.611,226.822,227.2165
91.13,228.035,223.191,225.613
91.14,225.666,222.573,224.1195
91.15,227.868,222.378,225.123
91.16,227.161,222.318,224.7395
91.17,224.21,225.767,224.9885
91.18,228.126,223.715,225.9205
91.19,224.906,222.198,223.552
91.2,228.69,224.953,226.8215
91.21,228.612,223.412,226.012
91.22,226.243,224.927,225.585
91.23,222.727,225.376,224.0515
91.24,226.664,220.944,223.804
91.25,224.018,224.648,224.333
91.26,226.957,222.017,224.487
91.27,228.187,222.508,225.3475
91.28,226.172,225.94,226.056
91.29,224.312,225.503,224.9075
91.3,224.835,226.477,225.656
91.31,228.293,226.432,227.3625
91.32,224.57,227.702,226.136
91.33,225.323,227.578,226.4505
91.34,222.676,222.395,222.5355
91.35,223.992,224.824,224.408
91.36,226.922,229.686,228.304
91.37,224.781,225.074,224.9275
91.38,224.834,225.386,225.11
91.39,222.691,225.385,224.038
91.4,225.645,228.722,227.1835
91.41,224.077,222.56,223.3185
91.42,227.471,224.384,225.9275
91.43,225.065,222.813,223.939
91.44,226.598,224.643,225.6205
91.45,226.139,227.447,226.793
91.46,225.391,227.147,226.269
91.47,226.105,227.347,226.726
91.48,225.101,225.277,225.189
91.49,225.805,226.857,226.331
91.5,226.859,223.965,225.412
91.51,225.197,222.87,224.0335
91.52,225.946,223.854,224.9
91.53,228.477,223.092,225.7845
91.54,227.599,224.032,225.8155
91.55,228.849,222.874,225.8615
91.56,228.16,224.399,226.2795
91.57,229.16,224.838,226.999
91.58,229.443,225.812,227.6275
91.59,228.246,225.871,227.0585
91.6,230.297,223.195,226.746
91.61,226.836,222.469,224.6525
91.62,230.515,224.771,227.643
91.63,229.548,223.175,226.3615
91.64,230.589,221.937,226.263
91.65,227.866,225.012,226.439
91.66,229.78,225.437,227.6085
91.67,230.675,224.16,227.4175
91.68,227.209,225.59,226.3995
91.69,233.519,223.353,228.436
91.7,229.51,224.63,227.07
91.71,230.035,221.848,225.9415
91.72,226.351,224.705,225.528
91.73,229.413,224.657,227.035
91.74,227.599,227.041,227.32
91.75,225.92,225.053,225.4865
91.76,225.254,226.227,225.7405
91.77,224.314,225.023,224.6685
91.78,225.371,225.277,225.324
91.79,223.519,224.728,224.1235
91.8,224.771,220.915,222.843
91.81,226.032,221.982,224.007
91.82,225.709,221.706,223.7075
91.83,227.493,220.796,224.1445
91.84,225.24,225.352,225.296
91.85,226.083,224.38,225.2315
91.86,224.521,224.036,224.2785
91.87,226.018,225.176,225.597
91.88,226.428,226.682,226.555
91.89,226.166,225.174,225.67
91.9,225.703,225.671,225.687
91.91,227.841,224.348,226.0945
91.92,229.573,225.794,227.6835
91.93,225.956,223.113,224.5345
91.94,227.755,223.965,225.86
91.95,226.822,224.42,225.621
91.96,229.084,225.418,227.251
91.97,230.028,223.033,226.5305
91.98,230.076,224.884,227.48
91.99,228.548,223.357,225.9525
92,230.542,224.354,227.448
92.01,228.312,227.821,228.0665
92.02,228.401,223.045,225.723
92.03,230.058,223.054,226.556
92.04,228.659,223.411,226.035
92.05,227.448,226.042,226.745
92.06,231.182,225.893,228.5375
92.07,230.265,227.004,228.6345
92.08,228.8,223.273,226.0365
92.09,231.602,220.402,226.002
92.1,230.661,225.897,228.279
92.11,229.786,225.842,227.814
92.12,228.86,225.762,227.311
92.13,229.695,224.018,226.8565
92.14,229.124,223.696,226.41
92.15,229.469,226.566,228.0175
92.16,232.086,224.525,228.3055
92.17,230.939,226.297,228.618
92.18,230.167,224.713,227.44
92.19,228.504,229.453,228.9785
92.2,226.399,225.747,226.073
92.21,229.552,226.899,228.2255
92.22,227.332,227.591,227.4615
92.23,228.284,229.096,228.69
92.24,229.148,225.643,227.3955
92.25,228.49,226.886,227.688
92.26,226.498,224.908,225.703
92.27,223.998,225.373,224.6855
92.28,222.645,222.3,222.4725
92.29,225.254,221.048,223.151
92.3,223.335,223.803,223.569
92.31,226.639,226.343,226.491
92.32,225.752,222.34,224.046
92.33,224.465,224.023,224.244
92.34,226.731,223.87,225.3005
92.35,222.978,219.963,221.4705
92.36,224.599,223.788,224.1935
92.37,225.886,223.167,224.5265
92.38,222.582,226.572,224.577
92.39,224.373,223.316,223.8445
92.4,223.321,223.261,223.291
92.41,226.017,226.545,226.281
92.42,223.657,224.554,224.1055
92.43,226.492,227.059,226.7755
92.44,225.279,223.331,224.305
92.45,223.164,225.972,224.568
92.46,223.385,225.785,224.585
92.47,219.572,225.451,222.5115
92.48,225.856,224.788,225.322
92.49,226.3,223.826,225.063
92.5,225.713,224.251,224.982
92.51,227.122,228.527,227.8245
92.52,224.94,225.587,225.2635
92.53,225.532,224.572,225.052
92.54,228.665,226.505,227.585
92.55,221.905,223.8,222.8525
92.56,223.007,224.544,223.7755
92.57,225.831,225.674,225.7525
92.58,223.046,223.645,223.3455
92.59,224.137,225.6,224.8685
92.6,226.077,223.96,225.0185
92.61,230.135,226.511,228.323
92.62,227.656,226.71,227.183
92.63,226.903,227.697,227.3
92.64,222.165,228.467,225.316
92.65,226.583,228.455,227.519
92.66,227.914,231.356,229.635
92.67,227.537,228.377,227.957
92.68,227.908,230.805,229.3565
92.69,227.668,225.714,226.691
92.7,229.838,223.149,226.4935
92.71,227.426,225.129,226.2775
92.72,226.934,227.962,227.448
92.73,225.653,226.397,226.025
92.74,227.184,228.934,228.059
92.75,228.278,229.233,228.7555
92.76,227.074,228.068,227.571
92.77,229.188,227.944,228.566
92.78,232.544,230.005,231.2745
92.79,227.774,226.643,227.2085
92.8,225.217,227.102,226.1595
92.81,222.115,230.165,226.14
92.82,229.91,228.31,229.11
92.83,224.438,227.689,226.0635
92.84,224.654,230.149,227.4015
92.85,224.057,226.6,225.3285
92.86,229.085,227.952,228.5185
92.87,226.532,226.274,226.403
92.88,227.891,230.423,229.157
92.89,227.988,229.34,228.664
92.9,223.935,227.298,225.6165
92.91,227.954,229.757,228.8555
92.92,227.239,226.022,226.6305
92.93,223.028,226.325,224.6765
92.94,226.677,225.979,226.328
92.95,223.862,223.805,223.8335
92.96,228.681,222.991,225.836
92.97,229.61,225.616,227.613
92.98,229.922,221.913,225.9175
92.99,225.942,229.177,227.5595
93,225.412,227.03,226.221
93.01,225.443,227.598,226.5205
93.02,227.214,226.786,227
93.03,228.21,227.697,227.9535
93.04,223.75,227.43,225.59
93.05,223.779,228.301,226.04
93.06,225.244,228.257,226.7505
93.07,226.977,227.95,227.4635
93.08,227.765,227.808,227.7865
93.09,225.398,229.35,227.374
93.1,227.665,224.237,225.951
93.11,226.011,226.676,226.3435
93.12,224.575,223.894,224.2345
93.13,223.964,227.001,225.4825
93.14,225.728,228.353,227.0405
93.15,229.01,223.957,226.4835
93.16,228.08,225.867,226.9735
93.17,227.568,228.979,228.2735
93.18,226.936,224.905,225.9205
93.19,227.932,228.117,228.0245
93.2,226.208,228.305,227.2565
93.21,225.731,228.137,226.934
93.22,222.767,228.625,225.696
93.23,225.073,227.027,226.05
93.24,227.808,226.715,227.2615
93.25,228.788,230.448,229.618
93.26,228.11,227.505,227.8075
93.27,228.758,227.061,227.9095
93.28,227.161,223.352,225.2565
93.29,226.696,225.418,226.057
93.3,227.629,228.004,227.8165
93.31,226.316,224.774,225.545
93.32,224.704,226.487,225.5955
93.33,225.289,225.518,225.4035
93.34,225.332,225.586,225.459
93.35,225.396,222.65,224.023
93.36,226.798,221.377,224.0875
93.37,226.807,225.414,226.1105
93.38,228.05,226.307,227.1785
93.39,226.623,224.458,225.5405
93.4,221.871,222.756,222.3135
93.41,221.762,224.042,222.902
93.42,226.645,223.199,224.922
93.43,225.583,222.401,223.992
93.44,225.346,222.91,224.128
93.45,226.973,222.05,224.5115
93.46,226.626,222.011,224.3185
93.47,225.206,223.701,224.4535
93.48,223.627,224.077,223.852
93.49,224.387,224.423,224.405
93.5,225.307,225.217,225.262
93.51,226.642,225.884,226.263
93.52,228.446,222.146,225.296
93.53,227.386,226.393,226.8895
93.54,226.736,223.646,225.191
93.55,226.942,230.061,228.5015
93.56,227.104,222.707,224.9055
93.57,228.345,220.972,224.6585
93.58,225.296,224.398,224.847
93.59,225.165,223.03,224.0975
93.6,223.842,223.993,223.9175
93.61,225.978,223.148,224.563
93.62,227.886,223.287,225.5865
93.63,225.364,221.253,223.3085
93.64,222.872,225.919,224.3955
93.65,224.278,219.224,221.751
93.66,224.548,223.962,224.255
93.67,227.557,221.212,224.3845
93.68,223.792,220.975,222.3835
93.69,222.322,220.561,221.4415
93.7,224.381,225.803,225.092
93.71,226.985,220.995,223.99
93.72,223.081,222.231,222.656
93.73,226.3,221.132,223.716
93.74,227.276,224.657,225.9665
93.75,226.009,221.632,223.8205
93.76,225.719,221.658,223.6885
93.77,227.362,219.266,223.314
93.78,227.548,221.812,224.68
93.79,229.027,221.638,225.3325
93.8,226.94,221.919,224.4295
93.81,225.145,224.847,224.996
93.82,225.174,220.482,222.828
93.83,224.41,221.08,222.745
93.84,227.379,225.138,226.2585
93.85,225.223,224.753,224.988
93.86,226.901,223.944,225.4225
93.87,226.734,222.405,224.5695
93.88,226.231,224.643,225.437
93.89,229.336,224.631,226.9835
93.9,227.214,222.007,224.6105
93.91,225.815,224.272,225.0435
93.92,222.369,223.707,223.038
93.93,224.729,222.146,223.4375
93.94,226.591,225.332,225.9615
93.95,223.576,220.562,222.069
93.96,226.446,219.973,223.2095
93.97,225.523,222.124,223.8235
93.98,227.288,220.73,224.009
93.99,228.262,223.502,225.882
94,229.177,220.898,225.0375
94.01,228.106,223.991,226.0485
94.02,228.375,223.752,226.0635
94.03,226.695,225.559,226.127
94.04,228.107,226.115,227.111
94.05,227.326,224.152,225.739
94.06,227.875,222.994,225.4345
94.07,229.518,226.412,227.965
94.08,227.377,222.173,224.775
94.09,228.385,224.177,226.281
94.1,228.849,224.783,226.816
94.11,228.079,225,226.5395
94.12,226.616,225.675,226.1455
94.13,224.961,226.53,225.7455
94.14,222.308,227.038,224.673
94.15,223.855,225.755,224.805
94.16,225.291,226.404,225.8475
94.17,226.941,226.17,226.5555
94.18,227.277,224.607,225.942
94.19,228.968,222.868,225.918
94.2,225.058,223.684,224.371
94.21,224.372,222.018,223.195
94.22,224.177,223.623,223.9
94.23,228.958,226.577,227.7675
94.24,226.487,229.125,227.806
94.25,225.809,227.174,226.4915
94.26,226.154,224.556,225.355
94.27,224.709,224.657,224.683
94.28,225.513,222.324,223.9185
94.29,225.325,224.672,224.9985
94.3,227.806,222.911,225.3585
94.31,225.965,220.931,223.448
94.32,226.502,220.174,223.338
94.33,226.066,221.922,223.994
94.34,220.798,221.1,220.949
94.35,227.448,222.802,225.125
94.36,228.546,220.418,224.482
94.37,224.345,221.257,222.801
94.38,226.422,223.899,225.1605
94.39,226.462,225.075,225.7685
94.4,226.741,220.475,223.608
94.41,228.371,225.743,227.057
94.42,226.838,222.379,224.6085
94.43,225.54,223.291,224.4155
94.44,225.655,223.496,224.5755
94.45,225.03,219.509,222.2695
94.46,227.777,220.025,223.901
94.47,227.715,222.902,225.3085
94.48,226.18,221.308,223.744
94.49,224.438,220.983,222.7105
94.5,227.239,222.791,225.015
94.51,225.229,222.013,223.621
94.52,220.415,222.129,221.272
94.53,224.987,224.115,224.551
94.54,227.79,225.082,226.436
94.55,226.588,224.144,225.366
94.56,225.652,223.369,224.5105
94.57,230.92,223.635,227.2775
94.58,228.435,225.187,226.811
94.59,229.427,224.668,227.0475
94.6,225.481,226.637,226.059
94.61,225.573,224.077,224.825
94.62,228.68,221.334,225.007
94.63,225.048,226.615,225.8315
94.64,229.909,225.901,227.905
94.65,229.483,222.484,225.9835
94.66,225.614,224.955,225.2845
94.67,227.463,224.484,225.9735
94.68,229.168,223.266,226.217
94.69,224.79,225.136,224.963
94.7,227.428,227.563,227.4955
94.71,229.668,227.029,228.3485
94.72,226.897,228.28,227.5885
94.73,225.991,229.192,227.5915
94.74,225.92,228.685,227.3025
94.75,227.757,227.038,227.3975
94.76,225.385,226.341,225.863
94.77,227.445,225.412,226.4285
94.78,227.698,228.079,227.8885
94.79,228.653,227.699,228.176
94.8,225.932,226.221,226.0765
94.81,226.542,225.248,225.895
94.82,228.852,224.41,226.631
94.83,231.992,222.584,227.288
94.84,228.175,223.36,225.7675
94.85,228.097,222.138,225.1175
94.86,229.728,224.302,227.015
94.87,228.311,225.103,226.707
94.88,228.337,221.312,224.8245
94.89,228.261,220.251,224.256
94.9,227.002,222.473,224.7375
94.91,230.758,222.269,226.5135
94.92,227.553,224.57,226.0615
94.93,226.785,221.473,224.129
94.94,228.198,223.614,225.906
94.95,227.367,224.62,225.9935
94.96,226.865,222.75,224.8075
94.97,226.658,227.074,226.866
94.98,229.394,223.626,226.51
94.99,227.542,225.354,226.448
95,225.086,227.428,226.257
95.01,223.636,227.255,225.4455
95.02,227.784,228.607,228.1955
95.03,226.104,224.554,225.329
95.04,223.586,223.743,223.6645
95.05,227.186,225.758,226.472
95.06,231.605,224.768,228.1865
95.07,230.275,224.248,227.2615
95.08,231.093,223.917,227.505
95.09,228.702,224.607,226.6545
95.1,225.909,229.13,227.5195
95.11,227.423,232.476,229.9495
95.12,229.884,224.406,227.145
95.13,225.763,225.146,225.4545
95.14,226.052,228.598,227.325
95.15,226.787,227.378,227.0825
95.16,226.192,229.609,227.9005
95.17,229.652,225.826,227.739
95.18,226.18,228.239,227.2095
95.19,225.336,227.704,226.52
95.2,224.65,226.653,225.6515
95.21,226.759,225.361,226.06
95.22,220.546,228.693,224.6195
95.23,222.597,226.502,224.5495
95.24,223.777,226.331,225.054
95.25,223.279,225.245,224.262
95.26,226.482,225.777,226.1295
95.27,225.581,226.201,225.891
95.28,226.251,228.958,227.6045
95.29,224.166,231.079,227.6225
95.3,227.725,228.605,228.165
95.31,224.547,229.211,226.879
95.32,225.235,227.855,226.545
95.33,224.903,228.47,226.6865
95.34,225.754,231.733,228.7435
95.35,228.01,226.684,227.347
95.36,225.529,231.343,228.436
95.37,224.448,229.708,227.078
95.38,229.329,227.179,228.254
95.39,224.386,232.813,228.5995
95.4,225.577,227.734,226.6555
95.41,225.423,230.075,227.749
95.42,226.674,227.938,227.306
95.43,227.071,228.036,227.5535
95.44,227.521,227.596,227.5585
95.45,222.261,225.153,223.707
95.46,225.849,225.473,225.661
95.47,225.47,226.948,226.209
95.48,227.214,226.093,226.6535
95.49,225.165,227.89,226.5275
95.5,225.309,227.357,226.333
95.51,225.637,227.739,226.688
95.52,223.538,227.555,225.5465
95.53,224.151,228.769,226.46
95.54,220.116,226.721,223.4185
95.55,221.441,226.654,224.0475
95.56,224.01,224.415,224.2125
95.57,225.128,232.261,228.6945
95.58,221.864,229.246,225.555
95.59,223.486,231.498,227.492
95.6,226.038,228.791,227.4145
95.61,223.463,224.206,223.8345
95.62,223.584,225.986,224.785
95.63,225.813,227.506,226.6595
95.64,222.819,228.62,225.7195
95.65,224.622,228.496,226.559
95.66,220.161,229.865,225.013
95.67,223.116,228.942,226.029
95.68,220.075,228.545,224.31
95.69,220.817,226.839,223.828
95.7,220.851,228.157,224.504
95.71,223.696,229.355,226.5255
95.72,224.059,226.14,225.0995
95.73,223.918,228.494,226.206
95.74,221.549,228.369,224.959
95.75,225.932,225.433,225.6825
95.76,224.701,226.816,225.7585
95.77,223.161,224.996,224.0785
95.78,226.448,225.787,226.1175
95.79,224.436,225.324,224.88
95.8,227.243,223.32,225.2815
95.81,225.015,226.779,225.897
95.82,227.571,227.989,227.78
95.83,224.234,223.728,223.981
95.84,226.544,227.358,226.951
95.85,225.516,229.368,227.442
95.86,227.578,229.52,228.549
95.87,225.495,230.589,228.042
95.88,223.438,229.712,226.575
95.89,221.638,229.052,225.345
95.9,221.446,226.687,224.0665
95.91,223.675,223.752,223.7135
95.92,225.631,226.102,225.8665
95.93,224.561,226.365,225.463
95.94,225.064,227.031,226.0475
95.95,221.618,228.229,224.9235
95.96,224.008,226.195,225.1015
95.97,222.784,224.829,223.8065
95.98,225.306,224.348,224.827
95.99,226.184,220.489,223.3365
96,223.343,225.715,224.529
96.01,226.197,221.573,223.885
96.02,224.949,221.249,223.099
96.03,224.125,225.92,225.0225
96.04,224.867,226.274,225.5705
96.05,223.907,223.433,223.67
96.06,223.475,226.628,225.0515
96.07,221.076,226.248,223.662
96.08,222.395,224.741,223.568
96.09,222.099,224.569,223.334
96.1,223.481,224.396,223.9385
96.11,223.544,227.36,225.452
96.12,227.958,224.234,226.096
96.13,227.134,225.731,226.4325
96.14,226.377,223.266,224.8215
96.15,222.286,223.413,222.8495
96.16,223.821,224.2,224.0105
96.17,224.175,225.165,224.67
96.18,223.011,225.594,224.3025
96.19,222.674,224.903,223.7885
96.2,224.397,229.664,227.0305
96.21,226.823,224.667,225.745
96.22,223.637,227.578,225.6075
96.23,224.139,227.215,225.677
96.24,223.922,225.311,224.6165
96.25,225.021,225.907,225.464
96.26,220.821,225.548,223.1845
96.27,223.712,223.992,223.852
96.28,218.929,225.905,222.417
96.29,223.707,226.48,225.0935
96.3,219.363,228.869,224.116
96.31,222.497,223.983,223.24
96.32,220.262,228.604,224.433
96.33,220.126,221.377,220.7515
96.34,222.287,227.122,224.7045
96.35,222.478,226.696,224.587
96.36,223.089,224.866,223.9775
96.37,226.805,225.679,226.242
96.38,222.415,227.225,224.82
96.39,221.288,222.9,222.094
96.4,224.177,224.19,224.1835
96.41,219.117,225.7,222.4085
96.42,220.73,225.426,223.078
96.43,225.197,227.244,226.2205
96.44,220.934,228.601,224.7675
96.45,222.281,228.224,225.2525
96.46,226.039,227.609,226.824
96.47,224.45,225.881,225.1655
96.48,223.897,226.956,225.4265
96.49,222.948,228.657,225.8025
96.5,223.671,226.807,225.239
96.51,221.365,224.797,223.081
96.52,223.885,225.222,224.5535
96.53,221.531,227.369,224.45
96.54,224.809,225.578,225.1935
96.55,218.944,225.867,222.4055
96.56,223.776,225.584,224.68
96.57,222.418,229.148,225.783
96.58,222.653,228.577,225.615
96.59,222.689,225.945,224.317
96.6,223.815,225.87,224.8425
96.61,221.723,228.233,224.978
96.62,222.244,226.168,224.206
96.63,221.74,226.725,224.2325
96.64,219.96,229.923,224.9415
96.65,222.457,227.195,224.826
96.66,225.47,227.304,226.387
96.67,224.092,227.16,225.626
96.68,219.348,227.101,223.2245
96.69,225.054,225.846,225.45
96.7,223.672,225.798,224.735
96.71,224.32,223.776,224.048
96.72,224.366,228.683,226.5245
96.73,226.891,226.354,226.6225
96.74,222.408,226.018,224.213
96.75,219.108,226.736,222.922
96.76,221.252,225.747,223.4995
96.77,221.421,222.597,222.009
96.78,219.452,227.343,223.3975
96.79,226.067,224.698,225.3825
96.8,222.286,225.097,223.6915
96.81,220.575,228.164,224.3695
96.82,219.904,228.182,224.043
96.83,222.317,222.61,222.4635
96.84,219.831,222.447,221.139
96.85,220.147,223.164,221.6555
96.86,225.78,225.779,225.7795
96.87,225.956,226.579,226.2675
96.88,223.166,230.125,226.6455
96.89,222.978,227.354,225.166
96.9,223.406,226.158,224.782
96.91,223.978,229.33,226.654
96.92,221.801,223.283,222.542
96.93,222.404,225.094,223.749
96.94,219.739,227.243,223.491
96.95,220.708,229.02,224.864
96.96,224.526,226.896,225.711
96.97,227.036,227.034,227.035
96.98,220.932,224.384,222.658
96.99,222.889,226.229,224.559
97,225.289,226.188,225.7385
97.01,227.186,227.299,227.2425
97.02,226.159,229.261,227.71
97.03,223.693,227.61,225.6515
97.04,225.304,229.5,227.402
97.05,224.475,227.934,226.2045
97.06,225.921,228.601,227.261
97.07,220.211,227.632,223.9215
97.08,225.996,229.101,227.5485
97.09,221.04,228.366,224.703
97.1,222.699,225.928,224.3135
97.11,226.297,227.848,227.0725
97.12,221.953,231.301,226.627
97.13,225.209,228.367,226.788
97.14,224.7,226.794,225.747
97.15,223.514,228.397,225.9555
97.16,222.645,227.342,224.9935
97.17,224.714,229.036,226.875
97.18,224.865,229.204,227.0345
97.19,224.654,229.411,227.0325
97.2,226.058,227.525,226.7915
97.21,227.385,230.702,229.0435
97.22,223.486,229.147,226.3165
97.23,226.16,229.69,227.925
97.24,223.678,227.608,225.643
97.25,224.802,232.263,228.5325
97.26,221.291,225.691,223.491
97.27,221.045,227.543,224.294
97.28,225.695,228.807,227.251
97.29,225.854,229.441,227.6475
97.3,225.662,231.132,228.397
97.31,227.775,230.741,229.258
97.32,224.391,229.88,227.1355
97.33,227.317,232.03,229.6735
97.34,225.884,231.82,228.852
97.35,224.956,231.331,228.1435
97.36,229.856,227.734,228.795
97.37,228.466,228.334,228.4
97.38,224.579,229.835,227.207
97.39,227.168,230.301,228.7345
97.4,225.052,229.755,227.4035
97.41,225.777,229.139,227.458
97.42,224.076,231.518,227.797
97.43,225.577,231.956,228.7665
97.44,227.637,228.29,227.9635
97.45,224.747,230.059,227.403
97.46,223.94,229.457,226.6985
97.47,223.789,228.782,226.2855
97.48,227.218,228.683,227.9505
97.49,225.104,228.521,226.8125
97.5,226.074,229.444,227.759
97.51,222.935,229.068,226.0015
97.52,224.182,227.953,226.0675
97.53,221.015,228.761,224.888
97.54,223.324,229.818,226.571
97.55,222.154,229.863,226.0085
97.56,221.916,230.199,226.0575
97.57,222.166,232.809,227.4875
97.58,222.964,229.877,226.4205
97.59,220.11,232.546,226.328
97.6,221.046,230.178,225.612
97.61,221.207,230.001,225.604
97.62,223.257,233.198,228.2275
97.63,220.736,231.833,226.2845
97.64,223.256,224.669,223.9625
97.65,223.098,230.351,226.7245
97.66,226.022,228.826,227.424
97.67,223.307,229.277,226.292
97.68,225.31,229.178,227.244
97.69,218.876,227.941,223.4085
97.7,220.122,228.766,224.444
97.71,223.027,225.526,224.2765
97.72,223.262,231.966,227.614
97.73,222.139,228.045,225.092
97.74,223.591,226.566,225.0785
97.75,222.057,228.093,225.075
97.76,220.01,227.37,223.69
97.77,221.842,227.102,224.472
97.78,220.553,223.414,221.9835
97.79,223.788,226.966,225.377
97.8,223.704,225.718,224.711
97.81,221.846,224.615,223.2305
97.82,220.131,226.708,223.4195
97.83,225.457,226.509,225.983
97.84,222.766,228.992,225.879
97.85,228.105,232.409,230.257
97.86,223.052,230.635,226.8435
97.87,224.834,229.039,226.9365
97.88,225.704,228.389,227.0465
97.89,228.647,226.624,227.6355
97.9,224.671,228.838,226.7545
97.91,223.585,226.717,225.151
97.92,221.765,231.279,226.522
97.93,223.288,224.858,224.073
97.94,222.459,226.757,224.608
97.95,224.446,227.582,226.014
97.96,222.233,228.463,225.348
97.97,222.876,225.436,224.156
97.98,219.209,230.646,224.9275
97.99,218,228.639,223.3195
98,220.064,229.118,224.591
98.01,220.054,229.322,224.688
98.02,223.242,227.351,225.2965
98.03,222.479,227.163,224.821
98.04,218.313,230.96,224.6365
98.05,221.945,229.682,225.8135
98.06,220.369,225.254,222.8115
98.07,220.338,225.377,222.8575
98.08,220.387,225.777,223.082
98.09,221.149,228.527,224.838
98.1,220.663,227.667,224.165
98.11,223.115,230.966,227.0405
98.12,226.146,227.712,226.929
98.13,224.33,228.102,226.216
98.14,225.592,227.154,226.373
98.15,223.493,229.1,226.2965
98.16,224.62,225.469,225.0445
98.17,225.491,228.155,226.823
98.18,225.567,225.071,225.319
98.19,224.962,230.823,227.8925
98.2,225.123,229.046,227.0845
98.21,227.218,230.487,228.8525
98.22,224.428,230.601,227.5145
98.23,224.92,230.877,227.8985
98.24,225.403,228.184,226.7935
98.25,222.064,225.925,223.9945
98.26,221.483,227.224,224.3535
98.27,222.45,226.846,224.648
98.28,224.152,230.478,227.315
98.29,222.889,228.764,225.8265
98.3,225.221,226.718,225.9695
98.31,221.92,225.079,223.4995
98.32,223.132,226.067,224.5995
98.33,221.841,230.35,226.0955
98.34,220.967,230.4,225.6835
98.35,222.319,228.022,225.1705
98.36,223.63,229.991,226.8105
98.37,219.944,228.528,224.236
98.38,226.605,229.133,227.869
98.39,224.782,226.197,225.4895
98.4,226.737,232.302,229.5195
98.41,223.163,232.2,227.6815
98.42,226.255,228.154,227.2045
98.43,219.983,228.611,224.297
98.44,224.818,227.953,226.3855
98.45,223.698,229.773,226.7355
98.46,224.939,226.182,225.5605
98.47,222.524,227.109,224.8165
98.48,223.729,227.821,225.775
98.49,219.04,228.429,223.7345
98.5,219.918,229.421,224.6695
98.51,222.578,229.383,225.9805
98.52,224.991,231.729,228.36
98.53,223.371,231.167,227.269
98.54,223.655,231.418,227.5365
98.55,225.822,226.582,226.202
98.56,222.546,229.889,226.2175
98.57,226.737,226.024,226.3805
98.58,223.083,229.329,226.206
98.59,225.48,229.51,227.495
98.6,224.178,228.468,226.323
98.61,222.526,230.37,226.448
98.62,223.759,231.505,227.632
98.63,224.533,228.347,226.44
98.64,222.306,228.022,225.164
98.65,224.306,226.927,225.6165
98.66,224.245,230.825,227.535
98.67,223.407,229.953,226.68
98.68,225.864,225.733,225.7985
98.69,226.74,232.177,229.4585
98.7,221.082,226.002,223.542
98.71,222.774,228.255,225.5145
98.72,227.557,225.292,226.4245
98.73,223.417,231.647,227.532
98.74,225.967,229.224,227.5955
98.75,225.631,230.949,228.29
98.76,224.057,226.928,225.4925
98.77,222.812,228.47,225.641
98.78,227.635,231.142,229.3885
98.79,223.302,228.877,226.0895
98.8,224.614,227.899,226.2565
98.81,225.544,227.442,226.493
98.82,223.061,228.424,225.7425
98.83,222.087,229.808,225.9475
98.84,221.493,226.944,224.2185
98.85,226.891,228.223,227.557
98.86,223.538,227.09,225.314
98.87,224.92,227.734,226.327
98.88,222.619,226.854,224.7365
98.89,221.903,227.556,224.7295
98.9,224.383,225.822,225.1025
98.91,220.631,228.159,224.395
98.92,223.718,225.808,224.763
98.93,221.654,226.498,224.076
98.94,223.808,228.158,225.983
98.95,219.782,227.69,223.736
98.96,222.684,229.178,225.931
98.97,223.34,224.588,223.964
98.98,223.175,227.197,225.186
98.99,224.334,223.551,223.9425
99,223.029,228.792,225.9105
99.01,225.203,228.516,226.8595
99.02,221.014,226.862,223.938
99.03,221.459,226.361,223.91
99.04,224.104,226.844,225.474
99.05,224.869,228.704,226.7865
99.06,223.801,228.585,226.193
99.07,224.194,228.749,226.4715
99.08,223.605,228.23,225.9175
99.09,223.95,227.028,225.489
99.1,224.165,230.148,227.1565
99.11,221.561,225.847,223.704
99.12,219.885,227.33,223.6075
99.13,223.317,227.026,225.1715
99.14,222.819,230.341,226.58
99.15,224.046,227.49,225.768
99.16,221.171,227.315,224.243
99.17,220.213,232.217,226.215
99.18,221.895,233.431,227.663
99.19,222.309,229.56,225.9345
99.2,222.061,230.299,226.18
99.21,221.385,230.18,225.7825
99.22,222.715,228.902,225.8085
99.23,225.967,230.453,228.21
99.24,223.871,228.845,226.358
99.25,221.612,227.752,224.682
99.26,224.098,226.952,225.525
99.27,223.014,228.991,226.0025
99.28,223.541,230.984,227.2625
99.29,225.333,228.334,226.8335
99.3,223.836,230.25,227.043
99.31,227.791,228.773,228.282
99.32,223.756,229.686,226.721
99.33,226.183,228.179,227.181
99.34,224.688,228.426,226.557
99.35,225.473,226.737,226.105
99.36,227.619,229.409,228.514
99.37,225.09,228.559,226.8245
99.38,223.875,232.695,228.285
99.39,226.325,226.67,226.4975
99.4,229.444,226.809,228.1265
99.41,222.554,223.634,223.094
99.42,225.938,225.238,225.588
99.43,224.441,226.143,225.292
99.44,227.646,225.261,226.4535
99.45,223.691,224.543,224.117
99.46,224.308,225.113,224.7105
99.47,224.41,224.753,224.5815
99.48,223.891,227.68,225.7855
99.49,224.641,229.256,226.9485
99.5,223.697,226.08,224.8885
99.51,226.093,229.968,228.0305
99.52,226.321,228.966,227.6435
99.53,227.59,227.831,227.7105
99.54,228.128,229.07,228.599
99.55,224.578,225.108,224.843
99.56,225.305,224.754,225.0295
99.57,227.556,225.481,226.5185
99.58,225.148,224.874,225.011
99.59,223.883,226.649,225.266
99.6,222.916,229.174,226.045
99.61,224.581,226.529,225.555
99.62,222.995,227.394,225.1945
99.63,222.715,232.805,227.76
99.64,225.974,227.203,226.5885
99.65,222.77,227.001,224.8855
99.66,221.169,228.044,224.6065
99.67,225.432,230.808,228.12
99.68,224.273,226.314,225.2935
99.69,223.165,229.21,226.1875
99.7,223.514,227.169,225.3415
99.71,220.94,227.252,224.096
99.72,222.809,228.549,225.679
99.73,223.145,230.188,226.6665
99.74,222.416,228.547,225.4815
99.75,220.561,225.013,222.787
99.76,222.91,229.844,226.377
99.77,224.114,228.75,226.432
99.78,225.59,230.647,228.1185
99.79,221.861,231.944,226.9025
99.8,223.807,228.222,226.0145
99.81,226.014,231.431,228.7225
99.82,227.093,229.724,228.4085
99.83,224.632,229.847,227.2395
99.84,225.199,225.661,225.43
99.85,228.47,227.736,228.103
99.86,228.206,233.843,231.0245
99.87,227.058,230.566,228.812
99.88,226.666,229.409,228.0375
99.89,228.657,230.735,229.696
99.9,226.891,231.944,229.4175
99.91,228.985,229.685,229.335
99.92,223.535,229.921,226.728
99.93,228.651,230.581,229.616
99.94,227.198,230.574,228.886
99.95,229.815,231.83,230.8225
99.96,227.681,229.004,228.3425
99.97,225.985,229.988,227.9865
99.98,228.579,230.55,229.5645
99.99,228.715,227.889,228.302
100,228.019,230.458,229.2385
