Time/Residue,AFR2_R1.xvg,AFR2_R2.xvg
0.0,5.0,6.0
0.01,4.0,3.0
0.02,5.0,3.0
0.03,5.0,2.0
0.04,4.0,2.0
0.05,6.0,4.0
0.06,7.0,4.0
0.07,8.0,1.0
0.08,6.0,3.0
0.09,6.0,4.0
0.1,6.0,4.0
0.11,8.0,4.0
0.12,8.0,4.0
0.13,7.0,3.0
0.14,7.0,3.0
0.15,7.0,3.0
0.16,7.0,3.0
0.17,7.0,3.0
0.18,7.0,4.0
0.19,7.0,3.0
0.2,6.0,3.0
0.21,6.0,3.0
0.22,7.0,2.0
0.23,5.0,2.0
0.24,7.0,2.0
0.25,7.0,3.0
0.26,6.0,1.0
0.27,6.0,2.0
0.28,8.0,1.0
0.29,7.0,2.0
0.3,7.0,3.0
0.31,7.0,3.0
0.32,6.0,3.0
0.33,8.0,3.0
0.34,7.0,2.0
0.35,7.0,3.0
0.36,8.0,3.0
0.37,8.0,2.0
0.38,6.0,3.0
0.39,7.0,3.0
0.4,5.0,3.0
0.41,7.0,2.0
0.42,6.0,2.0
0.43,5.0,2.0
0.44,5.0,2.0
0.45,6.0,2.0
0.46,6.0,3.0
0.47,8.0,2.0
0.48,5.0,2.0
0.49,8.0,2.0
0.5,7.0,3.0
0.51,7.0,2.0
0.52,7.0,2.0
0.53,8.0,2.0
0.54,8.0,2.0
0.55,8.0,3.0
0.56,7.0,2.0
0.57,7.0,2.0
0.58,8.0,3.0
0.59,6.0,3.0
0.6,7.0,2.0
0.61,6.0,3.0
0.62,5.0,2.0
0.63,8.0,2.0
0.64,4.0,2.0
0.65,6.0,2.0
0.66,6.0,2.0
0.67,5.0,2.0
0.68,5.0,2.0
0.69,6.0,2.0
0.7,6.0,2.0
0.71,6.0,2.0
0.72,8.0,3.0
0.73,8.0,2.0
0.74,6.0,3.0
0.75,8.0,2.0
0.76,8.0,2.0
0.77,8.0,2.0
0.78,7.0,2.0
0.79,6.0,2.0
0.8,6.0,2.0
0.81,8.0,2.0
0.82,6.0,2.0
0.83,6.0,2.0
0.84,7.0,1.0
0.85,8.0,3.0
0.86,7.0,2.0
0.87,5.0,3.0
0.88,6.0,3.0
0.89,7.0,2.0
0.9,7.0,2.0
0.91,6.0,2.0
0.92,8.0,2.0
0.93,7.0,2.0
0.94,6.0,2.0
0.95,7.0,2.0
0.96,7.0,2.0
0.97,8.0,2.0
0.98,5.0,3.0
0.99,7.0,2.0
1.0,6.0,2.0
1.01,7.0,2.0
1.02,5.0,2.0
1.03,7.0,0.0
1.04,7.0,1.0
1.05,8.0,2.0
1.06,7.0,2.0
1.07,6.0,2.0
1.08,6.0,2.0
1.09,7.0,2.0
1.1,6.0,2.0
1.11,6.0,2.0
1.12,7.0,2.0
1.13,6.0,2.0
1.14,7.0,2.0
1.15,8.0,2.0
1.16,6.0,2.0
1.17,5.0,2.0
1.18,7.0,2.0
1.19,8.0,3.0
1.2,6.0,2.0
1.21,7.0,2.0
1.22,7.0,2.0
1.23,5.0,2.0
1.24,6.0,2.0
1.25,6.0,2.0
1.26,6.0,2.0
1.27,6.0,2.0
1.28,6.0,2.0
1.29,6.0,3.0
1.3,6.0,2.0
1.31,7.0,2.0
1.32,7.0,2.0
1.33,4.0,2.0
1.34,6.0,2.0
1.35,7.0,3.0
1.36,6.0,2.0
1.37,7.0,3.0
1.38,7.0,2.0
1.39,4.0,2.0
1.4,9.0,3.0
1.41,5.0,2.0
1.42,8.0,2.0
1.43,8.0,2.0
1.44,7.0,1.0
1.45,7.0,2.0
1.46,7.0,2.0
1.47,7.0,3.0
1.48,6.0,3.0
1.49,7.0,3.0
1.5,5.0,3.0
1.51,6.0,3.0
1.52,7.0,2.0
1.53,6.0,2.0
1.54,8.0,2.0
1.55,7.0,2.0
1.56,6.0,3.0
1.57,8.0,2.0
1.58,5.0,3.0
1.59,8.0,3.0
1.6,7.0,3.0
1.61,8.0,3.0
1.62,8.0,4.0
1.63,7.0,2.0
1.64,7.0,3.0
1.65,5.0,3.0
1.66,7.0,4.0
1.67,8.0,3.0
1.68,6.0,3.0
1.69,5.0,4.0
1.7,8.0,3.0
1.71,7.0,2.0
1.72,7.0,3.0
1.73,7.0,4.0
1.74,6.0,3.0
1.75,8.0,3.0
1.76,7.0,2.0
1.77,6.0,1.0
1.78,7.0,3.0
1.79,7.0,2.0
1.8,6.0,3.0
1.81,5.0,2.0
1.82,7.0,3.0
1.83,7.0,3.0
1.84,7.0,3.0
1.85,6.0,2.0
1.86,6.0,1.0
1.87,6.0,3.0
1.88,5.0,2.0
1.89,7.0,2.0
1.9,7.0,3.0
1.91,7.0,3.0
1.92,7.0,3.0
1.93,7.0,2.0
1.94,6.0,2.0
1.95,7.0,1.0
1.96,6.0,3.0
1.97,8.0,2.0
1.98,7.0,3.0
1.99,5.0,3.0
2.0,6.0,2.0
2.01,6.0,2.0
2.02,5.0,2.0
2.03,6.0,3.0
2.04,6.0,3.0
2.05,5.0,2.0
2.06,5.0,3.0
2.07,7.0,2.0
2.08,8.0,2.0
2.09,8.0,2.0
2.1,7.0,4.0
2.11,8.0,2.0
2.12,8.0,2.0
2.13,6.0,3.0
2.14,6.0,2.0
2.15,6.0,3.0
2.16,6.0,2.0
2.17,5.0,3.0
2.18,6.0,3.0
2.19,6.0,2.0
2.2,6.0,2.0
2.21,7.0,3.0
2.22,5.0,3.0
2.23,6.0,3.0
2.24,6.0,3.0
2.25,6.0,3.0
2.26,6.0,3.0
2.27,6.0,3.0
2.28,6.0,3.0
2.29,7.0,3.0
2.3,6.0,3.0
2.31,5.0,3.0
2.32,5.0,2.0
2.33,8.0,2.0
2.34,6.0,3.0
2.35,6.0,3.0
2.36,5.0,3.0
2.37,5.0,3.0
2.38,7.0,2.0
2.39,7.0,2.0
2.4,7.0,2.0
2.41,6.0,2.0
2.42,7.0,2.0
2.43,6.0,2.0
2.44,7.0,3.0
2.45,5.0,2.0
2.46,7.0,2.0
2.47,6.0,2.0
2.48,6.0,2.0
2.49,7.0,2.0
2.5,5.0,2.0
2.51,8.0,2.0
2.52,8.0,1.0
2.53,7.0,3.0
2.54,6.0,1.0
2.55,6.0,1.0
2.56,5.0,3.0
2.57,7.0,2.0
2.58,7.0,2.0
2.59,8.0,2.0
2.6,8.0,2.0
2.61,6.0,2.0
2.62,7.0,2.0
2.63,6.0,2.0
2.64,7.0,2.0
2.65,7.0,2.0
2.66,6.0,1.0
2.67,5.0,2.0
2.68,7.0,2.0
2.69,7.0,2.0
2.7,6.0,2.0
2.71,8.0,2.0
2.72,5.0,2.0
2.73,5.0,2.0
2.74,7.0,2.0
2.75,4.0,2.0
2.76,7.0,2.0
2.77,7.0,2.0
2.78,7.0,2.0
2.79,7.0,1.0
2.8,8.0,2.0
2.81,8.0,3.0
2.82,8.0,3.0
2.83,6.0,2.0
2.84,7.0,1.0
2.85,6.0,2.0
2.86,6.0,2.0
2.87,6.0,2.0
2.88,7.0,2.0
2.89,7.0,2.0
2.9,5.0,3.0
2.91,6.0,2.0
2.92,6.0,2.0
2.93,7.0,3.0
2.94,5.0,2.0
2.95,6.0,2.0
2.96,5.0,3.0
2.97,6.0,3.0
2.98,5.0,3.0
2.99,6.0,2.0
3.0,7.0,3.0
3.01,6.0,2.0
3.02,5.0,2.0
3.03,6.0,2.0
3.04,7.0,3.0
3.05,6.0,2.0
3.06,5.0,3.0
3.07,5.0,3.0
3.08,4.0,2.0
3.09,5.0,2.0
3.1,3.0,3.0
3.11,5.0,4.0
3.12,4.0,2.0
3.13,6.0,3.0
3.14,7.0,3.0
3.15,6.0,3.0
3.16,7.0,2.0
3.17,7.0,3.0
3.18,5.0,3.0
3.19,6.0,3.0
3.2,6.0,2.0
3.21,8.0,2.0
3.22,6.0,3.0
3.23,6.0,3.0
3.24,6.0,3.0
3.25,7.0,2.0
3.26,6.0,1.0
3.27,6.0,3.0
3.28,6.0,3.0
3.29,7.0,3.0
3.3,6.0,2.0
3.31,7.0,2.0
3.32,8.0,2.0
3.33,7.0,2.0
3.34,7.0,2.0
3.35,5.0,2.0
3.36,7.0,1.0
3.37,8.0,3.0
3.38,7.0,3.0
3.39,6.0,3.0
3.4,7.0,1.0
3.41,6.0,3.0
3.42,5.0,3.0
3.43,8.0,3.0
3.44,7.0,2.0
3.45,6.0,4.0
3.46,8.0,2.0
3.47,4.0,2.0
3.48,6.0,3.0
3.49,6.0,3.0
3.5,4.0,3.0
3.51,8.0,3.0
3.52,7.0,2.0
3.53,6.0,2.0
3.54,5.0,2.0
3.55,6.0,3.0
3.56,5.0,2.0
3.57,6.0,3.0
3.58,7.0,4.0
3.59,5.0,2.0
3.6,6.0,1.0
3.61,6.0,2.0
3.62,5.0,2.0
3.63,7.0,2.0
3.64,6.0,2.0
3.65,7.0,2.0
3.66,7.0,1.0
3.67,7.0,2.0
3.68,7.0,1.0
3.69,8.0,2.0
3.7,6.0,2.0
3.71,7.0,3.0
3.72,5.0,2.0
3.73,7.0,3.0
3.74,8.0,2.0
3.75,6.0,2.0
3.76,6.0,2.0
3.77,6.0,3.0
3.78,6.0,2.0
3.79,7.0,2.0
3.8,6.0,2.0
3.81,7.0,3.0
3.82,7.0,2.0
3.83,6.0,2.0
3.84,6.0,2.0
3.85,6.0,2.0
3.86,5.0,2.0
3.87,7.0,2.0
3.88,7.0,2.0
3.89,7.0,3.0
3.9,7.0,1.0
3.91,7.0,3.0
3.92,7.0,3.0
3.93,6.0,3.0
3.94,6.0,3.0
3.95,7.0,2.0
3.96,4.0,2.0
3.97,5.0,1.0
3.98,5.0,2.0
3.99,6.0,3.0
4.0,6.0,3.0
4.01,4.0,2.0
4.02,3.0,2.0
4.03,4.0,1.0
4.04,6.0,2.0
4.05,5.0,2.0
4.06,6.0,1.0
4.07,6.0,2.0
4.08,6.0,2.0
4.09,7.0,2.0
4.1,9.0,3.0
4.11,6.0,2.0
4.12,5.0,2.0
4.13,7.0,2.0
4.14,8.0,2.0
4.15,6.0,2.0
4.16,8.0,2.0
4.17,7.0,2.0
4.18,4.0,2.0
4.19,7.0,2.0
4.2,7.0,2.0
4.21,5.0,2.0
4.22,5.0,2.0
4.23,6.0,1.0
4.24,5.0,2.0
4.25,7.0,2.0
4.26,6.0,1.0
4.27,5.0,2.0
4.28,7.0,1.0
4.29,4.0,2.0
4.3,6.0,2.0
4.31,4.0,2.0
4.32,5.0,2.0
4.33,6.0,2.0
4.34,8.0,1.0
4.35,6.0,2.0
4.36,4.0,2.0
4.37,6.0,1.0
4.38,6.0,2.0
4.39,6.0,3.0
4.4,6.0,2.0
4.41,7.0,2.0
4.42,6.0,2.0
4.43,6.0,2.0
4.44,6.0,2.0
4.45,6.0,2.0
4.46,6.0,2.0
4.47,6.0,2.0
4.48,7.0,1.0
4.49,6.0,2.0
4.5,7.0,2.0
4.51,6.0,1.0
4.52,6.0,1.0
4.53,6.0,2.0
4.54,7.0,2.0
4.55,7.0,2.0
4.56,7.0,2.0
4.57,6.0,2.0
4.58,4.0,1.0
4.59,6.0,2.0
4.6,5.0,2.0
4.61,6.0,3.0
4.62,6.0,2.0
4.63,5.0,1.0
4.64,6.0,2.0
4.65,6.0,2.0
4.66,5.0,2.0
4.67,5.0,2.0
4.68,6.0,2.0
4.69,5.0,2.0
4.7,7.0,2.0
4.71,6.0,2.0
4.72,6.0,2.0
4.73,6.0,1.0
4.74,6.0,2.0
4.75,6.0,2.0
4.76,7.0,2.0
4.77,6.0,2.0
4.78,5.0,2.0
4.79,6.0,1.0
4.8,5.0,2.0
4.81,6.0,2.0
4.82,5.0,2.0
4.83,6.0,2.0
4.84,6.0,2.0
4.85,5.0,2.0
4.86,3.0,2.0
4.87,5.0,1.0
4.88,6.0,2.0
4.89,6.0,2.0
4.9,5.0,2.0
4.91,3.0,2.0
4.92,7.0,2.0
4.93,5.0,2.0
4.94,6.0,2.0
4.95,5.0,1.0
4.96,4.0,2.0
4.97,6.0,2.0
4.98,5.0,3.0
4.99,6.0,0.0
5.0,5.0,2.0
5.01,6.0,2.0
5.02,5.0,1.0
5.03,5.0,2.0
5.04,5.0,1.0
5.05,7.0,1.0
5.06,6.0,2.0
5.07,4.0,1.0
5.08,5.0,2.0
5.09,6.0,2.0
5.1,6.0,1.0
5.11,7.0,2.0
5.12,6.0,2.0
5.13,5.0,1.0
5.14,6.0,2.0
5.15,7.0,2.0
5.16,5.0,2.0
5.17,6.0,3.0
5.18,6.0,3.0
5.19,6.0,2.0
5.2,6.0,1.0
5.21,7.0,2.0
5.22,5.0,1.0
5.23,6.0,2.0
5.24,5.0,1.0
5.25,6.0,2.0
5.26,6.0,0.0
5.27,6.0,2.0
5.28,5.0,2.0
5.29,6.0,2.0
5.3,6.0,1.0
5.31,6.0,1.0
5.32,6.0,2.0
5.33,6.0,1.0
5.34,6.0,2.0
5.35,6.0,2.0
5.36,6.0,2.0
5.37,5.0,2.0
5.38,5.0,1.0
5.39,6.0,2.0
5.4,6.0,2.0
5.41,6.0,2.0
5.42,6.0,2.0
5.43,6.0,2.0
5.44,6.0,2.0
5.45,6.0,2.0
5.46,7.0,2.0
5.47,6.0,2.0
5.48,6.0,1.0
5.49,7.0,2.0
5.5,5.0,2.0
5.51,6.0,2.0
5.52,6.0,1.0
5.53,6.0,1.0
5.54,6.0,1.0
5.55,5.0,0.0
5.56,6.0,2.0
5.57,6.0,1.0
5.58,6.0,1.0
5.59,6.0,3.0
5.6,5.0,2.0
5.61,6.0,2.0
5.62,7.0,2.0
5.63,6.0,2.0
5.64,6.0,2.0
5.65,6.0,1.0
5.66,6.0,2.0
5.67,6.0,2.0
5.68,5.0,2.0
5.69,6.0,2.0
5.7,5.0,2.0
5.71,5.0,2.0
5.72,5.0,2.0
5.73,6.0,1.0
5.74,7.0,1.0
5.75,6.0,1.0
5.76,5.0,1.0
5.77,6.0,1.0
5.78,6.0,1.0
5.79,5.0,0.0
5.8,6.0,1.0
5.81,5.0,0.0
5.82,7.0,2.0
5.83,6.0,1.0
5.84,6.0,1.0
5.85,5.0,1.0
5.86,6.0,1.0
5.87,6.0,1.0
5.88,6.0,1.0
5.89,5.0,1.0
5.9,6.0,1.0
5.91,5.0,1.0
5.92,7.0,1.0
5.93,5.0,1.0
5.94,4.0,0.0
5.95,5.0,1.0
5.96,4.0,1.0
5.97,5.0,1.0
5.98,4.0,1.0
5.99,6.0,1.0
6.0,6.0,1.0
6.01,5.0,1.0
6.02,5.0,1.0
6.03,5.0,1.0
6.04,7.0,1.0
6.05,6.0,0.0
6.06,6.0,1.0
6.07,6.0,1.0
6.08,6.0,1.0
6.09,7.0,1.0
6.1,6.0,1.0
6.11,7.0,1.0
6.12,6.0,1.0
6.13,6.0,1.0
6.14,7.0,1.0
6.15,5.0,1.0
6.16,6.0,0.0
6.17,6.0,1.0
6.18,6.0,1.0
6.19,7.0,1.0
6.2,6.0,0.0
6.21,6.0,1.0
6.22,6.0,1.0
6.23,6.0,1.0
6.24,6.0,1.0
6.25,5.0,1.0
6.26,7.0,1.0
6.27,5.0,1.0
6.28,5.0,1.0
6.29,5.0,0.0
6.3,6.0,1.0
6.31,5.0,1.0
6.32,3.0,1.0
6.33,7.0,1.0
6.34,4.0,1.0
6.35,6.0,1.0
6.36,6.0,1.0
6.37,6.0,1.0
6.38,4.0,1.0
6.39,6.0,2.0
6.4,5.0,1.0
6.41,5.0,1.0
6.42,4.0,1.0
6.43,5.0,0.0
6.44,6.0,1.0
6.45,7.0,1.0
6.46,7.0,1.0
6.47,7.0,1.0
6.48,6.0,2.0
6.49,6.0,1.0
6.5,5.0,1.0
6.51,6.0,1.0
6.52,6.0,1.0
6.53,6.0,1.0
6.54,6.0,1.0
6.55,5.0,1.0
6.56,5.0,1.0
6.57,7.0,1.0
6.58,5.0,1.0
6.59,5.0,0.0
6.6,5.0,1.0
6.61,7.0,1.0
6.62,6.0,1.0
6.63,6.0,1.0
6.64,5.0,1.0
6.65,7.0,1.0
6.66,6.0,1.0
6.67,6.0,1.0
6.68,6.0,1.0
6.69,7.0,1.0
6.7,6.0,1.0
6.71,7.0,2.0
6.72,6.0,2.0
6.73,5.0,2.0
6.74,6.0,2.0
6.75,6.0,1.0
6.76,5.0,1.0
6.77,5.0,1.0
6.78,6.0,1.0
6.79,5.0,0.0
6.8,6.0,2.0
6.81,5.0,2.0
6.82,4.0,1.0
6.83,5.0,1.0
6.84,6.0,1.0
6.85,5.0,1.0
6.86,5.0,2.0
6.87,6.0,1.0
6.88,6.0,1.0
6.89,7.0,1.0
6.9,6.0,2.0
6.91,5.0,1.0
6.92,6.0,1.0
6.93,7.0,1.0
6.94,5.0,2.0
6.95,6.0,2.0
6.96,5.0,1.0
6.97,6.0,1.0
6.98,5.0,1.0
6.99,6.0,2.0
7.0,7.0,2.0
7.01,5.0,1.0
7.02,6.0,2.0
7.03,5.0,2.0
7.04,6.0,2.0
7.05,5.0,2.0
7.06,4.0,2.0
7.07,6.0,2.0
7.08,6.0,2.0
7.09,5.0,2.0
7.1,6.0,1.0
7.11,6.0,3.0
7.12,6.0,2.0
7.13,7.0,2.0
7.14,5.0,2.0
7.15,5.0,2.0
7.16,6.0,3.0
7.17,5.0,2.0
7.18,7.0,1.0
7.19,7.0,1.0
7.2,6.0,2.0
7.21,7.0,3.0
7.22,6.0,2.0
7.23,5.0,2.0
7.24,6.0,2.0
7.25,7.0,2.0
7.26,6.0,2.0
7.27,6.0,2.0
7.28,6.0,2.0
7.29,6.0,2.0
7.3,4.0,2.0
7.31,6.0,3.0
7.32,4.0,2.0
7.33,5.0,2.0
7.34,5.0,2.0
7.35,7.0,2.0
7.36,6.0,2.0
7.37,6.0,2.0
7.38,6.0,2.0
7.39,7.0,2.0
7.4,6.0,3.0
7.41,5.0,2.0
7.42,6.0,1.0
7.43,5.0,2.0
7.44,6.0,2.0
7.45,6.0,3.0
7.46,5.0,2.0
7.47,5.0,2.0
7.48,6.0,1.0
7.49,7.0,2.0
7.5,6.0,2.0
7.51,5.0,2.0
7.52,7.0,2.0
7.53,6.0,2.0
7.54,6.0,2.0
7.55,6.0,2.0
7.56,6.0,2.0
7.57,6.0,1.0
7.58,3.0,2.0
7.59,6.0,2.0
7.6,5.0,2.0
7.61,6.0,2.0
7.62,7.0,2.0
7.63,5.0,2.0
7.64,5.0,2.0
7.65,6.0,1.0
7.66,7.0,2.0
7.67,7.0,1.0
7.68,6.0,2.0
7.69,6.0,2.0
7.7,5.0,2.0
7.71,5.0,2.0
7.72,7.0,2.0
7.73,6.0,2.0
7.74,6.0,2.0
7.75,5.0,2.0
7.76,5.0,2.0
7.77,6.0,2.0
7.78,5.0,2.0
7.79,6.0,2.0
7.8,6.0,2.0
7.81,6.0,2.0
7.82,6.0,2.0
7.83,6.0,2.0
7.84,6.0,2.0
7.85,5.0,2.0
7.86,6.0,2.0
7.87,7.0,1.0
7.88,7.0,1.0
7.89,7.0,2.0
7.9,3.0,1.0
7.91,6.0,3.0
7.92,6.0,2.0
7.93,7.0,2.0
7.94,6.0,2.0
7.95,5.0,2.0
7.96,5.0,2.0
7.97,6.0,2.0
7.98,5.0,1.0
7.99,7.0,2.0
8.0,6.0,2.0
8.01,5.0,2.0
8.02,6.0,2.0
8.03,5.0,1.0
8.04,6.0,1.0
8.05,6.0,2.0
8.06,6.0,1.0
8.07,6.0,2.0
8.08,6.0,1.0
8.09,6.0,1.0
8.1,5.0,1.0
8.11,5.0,1.0
8.12,6.0,2.0
8.13,6.0,2.0
8.14,5.0,1.0
8.15,5.0,2.0
8.16,6.0,2.0
8.17,5.0,2.0
8.18,5.0,2.0
8.19,5.0,1.0
8.2,4.0,3.0
8.21,3.0,2.0
8.22,6.0,2.0
8.23,6.0,2.0
8.24,5.0,3.0
8.25,4.0,2.0
8.26,6.0,1.0
8.27,6.0,2.0
8.28,6.0,2.0
8.29,5.0,2.0
8.3,4.0,1.0
8.31,5.0,1.0
8.32,6.0,2.0
8.33,7.0,2.0
8.34,5.0,2.0
8.35,6.0,2.0
8.36,5.0,3.0
8.37,5.0,1.0
8.38,6.0,3.0
8.39,6.0,3.0
8.4,5.0,1.0
8.41,5.0,0.0
8.42,6.0,2.0
8.43,5.0,2.0
8.44,5.0,1.0
8.45,4.0,2.0
8.46,5.0,3.0
8.47,4.0,1.0
8.48,5.0,4.0
8.49,5.0,3.0
8.5,3.0,1.0
8.51,5.0,2.0
8.52,4.0,1.0
8.53,5.0,2.0
8.54,5.0,1.0
8.55,5.0,3.0
8.56,5.0,1.0
8.57,5.0,3.0
8.58,5.0,4.0
8.59,5.0,2.0
8.6,5.0,2.0
8.61,3.0,2.0
8.62,4.0,3.0
8.63,6.0,3.0
8.64,5.0,3.0
8.65,3.0,3.0
8.66,5.0,3.0
8.67,6.0,1.0
8.68,4.0,3.0
8.69,5.0,4.0
8.7,2.0,3.0
8.71,5.0,4.0
8.72,5.0,1.0
8.73,4.0,2.0
8.74,5.0,2.0
8.75,5.0,3.0
8.76,6.0,3.0
8.77,6.0,3.0
8.78,5.0,2.0
8.79,5.0,3.0
8.8,4.0,2.0
8.81,5.0,3.0
8.82,5.0,1.0
8.83,5.0,1.0
8.84,5.0,2.0
8.85,5.0,0.0
8.86,5.0,3.0
8.87,5.0,1.0
8.88,4.0,1.0
8.89,4.0,4.0
8.9,5.0,3.0
8.91,5.0,3.0
8.92,4.0,2.0
8.93,5.0,4.0
8.94,5.0,3.0
8.95,5.0,1.0
8.96,4.0,1.0
8.97,5.0,1.0
8.98,5.0,2.0
8.99,4.0,3.0
9.0,5.0,1.0
9.01,5.0,3.0
9.02,5.0,2.0
9.03,4.0,3.0
9.04,5.0,3.0
9.05,4.0,3.0
9.06,4.0,1.0
9.07,5.0,3.0
9.08,6.0,2.0
9.09,4.0,2.0
9.1,5.0,2.0
9.11,5.0,3.0
9.12,5.0,3.0
9.13,6.0,2.0
9.14,5.0,1.0
9.15,5.0,4.0
9.16,7.0,2.0
9.17,5.0,2.0
9.18,3.0,3.0
9.19,5.0,2.0
9.2,5.0,3.0
9.21,5.0,2.0
9.22,6.0,2.0
9.23,5.0,2.0
9.24,4.0,1.0
9.25,6.0,2.0
9.26,5.0,2.0
9.27,3.0,2.0
9.28,5.0,3.0
9.29,6.0,3.0
9.3,6.0,2.0
9.31,5.0,2.0
9.32,5.0,2.0
9.33,3.0,2.0
9.34,6.0,2.0
9.35,6.0,1.0
9.36,5.0,3.0
9.37,5.0,2.0
9.38,5.0,2.0
9.39,5.0,3.0
9.4,6.0,2.0
9.41,5.0,2.0
9.42,5.0,2.0
9.43,5.0,2.0
9.44,5.0,3.0
9.45,4.0,3.0
9.46,5.0,2.0
9.47,5.0,1.0
9.48,6.0,3.0
9.49,5.0,2.0
9.5,5.0,3.0
9.51,4.0,3.0
9.52,5.0,1.0
9.53,5.0,4.0
9.54,5.0,1.0
9.55,5.0,4.0
9.56,6.0,2.0
9.57,6.0,1.0
9.58,5.0,3.0
9.59,4.0,2.0
9.6,6.0,0.0
9.61,7.0,2.0
9.62,5.0,2.0
9.63,5.0,3.0
9.64,4.0,1.0
9.65,5.0,2.0
9.66,5.0,3.0
9.67,6.0,0.0
9.68,5.0,2.0
9.69,6.0,1.0
9.7,5.0,1.0
9.71,7.0,0.0
9.72,4.0,1.0
9.73,5.0,1.0
9.74,4.0,1.0
9.75,5.0,0.0
9.76,4.0,0.0
9.77,5.0,1.0
9.78,6.0,2.0
9.79,5.0,0.0
9.8,5.0,1.0
9.81,5.0,0.0
9.82,4.0,0.0
9.83,5.0,0.0
9.84,4.0,1.0
9.85,5.0,1.0
9.86,6.0,0.0
9.87,5.0,2.0
9.88,6.0,2.0
9.89,5.0,2.0
9.9,4.0,2.0
9.91,5.0,1.0
9.92,5.0,0.0
9.93,7.0,2.0
9.94,6.0,1.0
9.95,6.0,1.0
9.96,4.0,2.0
9.97,4.0,1.0
9.98,3.0,1.0
9.99,6.0,1.0
10.0,6.0,1.0
10.01,4.0,2.0
10.02,6.0,2.0
10.03,4.0,1.0
10.04,5.0,3.0
10.05,4.0,2.0
10.06,4.0,3.0
10.07,5.0,1.0
10.08,5.0,1.0
10.09,5.0,2.0
10.1,5.0,2.0
10.11,7.0,1.0
10.12,5.0,3.0
10.13,5.0,2.0
10.14,5.0,1.0
10.15,6.0,2.0
10.16,6.0,2.0
10.17,6.0,2.0
10.18,6.0,2.0
10.19,7.0,1.0
10.2,7.0,2.0
10.21,6.0,1.0
10.22,6.0,2.0
10.23,6.0,2.0
10.24,5.0,1.0
10.25,6.0,2.0
10.26,4.0,2.0
10.27,6.0,2.0
10.28,6.0,1.0
10.29,4.0,2.0
10.3,5.0,2.0
10.31,5.0,1.0
10.32,3.0,2.0
10.33,4.0,2.0
10.34,4.0,2.0
10.35,5.0,1.0
10.36,6.0,2.0
10.37,4.0,0.0
10.38,4.0,2.0
10.39,7.0,1.0
10.4,4.0,1.0
10.41,5.0,1.0
10.42,4.0,1.0
10.43,5.0,1.0
10.44,4.0,3.0
10.45,4.0,2.0
10.46,4.0,2.0
10.47,5.0,3.0
10.48,5.0,1.0
10.49,6.0,1.0
10.5,6.0,1.0
10.51,5.0,2.0
10.52,4.0,1.0
10.53,6.0,1.0
10.54,5.0,1.0
10.55,5.0,2.0
10.56,6.0,1.0
10.57,6.0,2.0
10.58,5.0,4.0
10.59,5.0,0.0
10.6,4.0,2.0
10.61,5.0,2.0
10.62,5.0,1.0
10.63,7.0,1.0
10.64,5.0,2.0
10.65,6.0,1.0
10.66,4.0,1.0
10.67,5.0,0.0
10.68,4.0,2.0
10.69,4.0,3.0
10.7,5.0,3.0
10.71,4.0,1.0
10.72,5.0,1.0
10.73,6.0,1.0
10.74,3.0,2.0
10.75,5.0,1.0
10.76,4.0,1.0
10.77,4.0,4.0
10.78,6.0,2.0
10.79,6.0,2.0
10.8,5.0,2.0
10.81,5.0,1.0
10.82,5.0,2.0
10.83,5.0,1.0
10.84,3.0,2.0
10.85,4.0,3.0
10.86,6.0,3.0
10.87,5.0,2.0
10.88,5.0,2.0
10.89,3.0,2.0
10.9,5.0,1.0
10.91,6.0,3.0
10.92,5.0,1.0
10.93,5.0,2.0
10.94,3.0,1.0
10.95,5.0,1.0
10.96,5.0,2.0
10.97,6.0,2.0
10.98,5.0,3.0
10.99,6.0,0.0
11.0,5.0,3.0
11.01,5.0,1.0
11.02,5.0,0.0
11.03,4.0,1.0
11.04,5.0,2.0
11.05,5.0,1.0
11.06,4.0,2.0
11.07,4.0,3.0
11.08,3.0,3.0
11.09,6.0,2.0
11.1,4.0,2.0
11.11,5.0,1.0
11.12,6.0,3.0
11.13,5.0,2.0
11.14,5.0,0.0
11.15,4.0,3.0
11.16,5.0,1.0
11.17,6.0,1.0
11.18,5.0,2.0
11.19,5.0,2.0
11.2,5.0,3.0
11.21,4.0,2.0
11.22,4.0,2.0
11.23,5.0,3.0
11.24,6.0,1.0
11.25,5.0,2.0
11.26,4.0,3.0
11.27,5.0,1.0
11.28,4.0,1.0
11.29,5.0,1.0
11.3,4.0,3.0
11.31,4.0,2.0
11.32,6.0,2.0
11.33,5.0,3.0
11.34,6.0,3.0
11.35,5.0,3.0
11.36,4.0,3.0
11.37,4.0,2.0
11.38,4.0,2.0
11.39,5.0,2.0
11.4,6.0,3.0
11.41,6.0,3.0
11.42,5.0,3.0
11.43,5.0,3.0
11.44,5.0,5.0
11.45,5.0,1.0
11.46,6.0,1.0
11.47,6.0,4.0
11.48,6.0,1.0
11.49,4.0,2.0
11.5,7.0,2.0
11.51,5.0,3.0
11.52,6.0,4.0
11.53,4.0,4.0
11.54,4.0,2.0
11.55,4.0,2.0
11.56,6.0,3.0
11.57,3.0,3.0
11.58,3.0,3.0
11.59,6.0,5.0
11.6,6.0,1.0
11.61,4.0,2.0
11.62,4.0,3.0
11.63,5.0,5.0
11.64,4.0,3.0
11.65,4.0,4.0
11.66,6.0,4.0
11.67,5.0,4.0
11.68,5.0,3.0
11.69,7.0,2.0
11.7,5.0,1.0
11.71,6.0,3.0
11.72,6.0,3.0
11.73,6.0,2.0
11.74,5.0,2.0
11.75,5.0,2.0
11.76,6.0,3.0
11.77,5.0,2.0
11.78,5.0,2.0
11.79,6.0,3.0
11.8,5.0,2.0
11.81,6.0,2.0
11.82,5.0,4.0
11.83,4.0,2.0
11.84,5.0,3.0
11.85,5.0,3.0
11.86,5.0,1.0
11.87,6.0,2.0
11.88,6.0,2.0
11.89,4.0,3.0
11.9,4.0,3.0
11.91,5.0,3.0
11.92,4.0,2.0
11.93,5.0,1.0
11.94,4.0,2.0
11.95,5.0,3.0
11.96,4.0,2.0
11.97,5.0,2.0
11.98,4.0,1.0
11.99,4.0,2.0
12.0,4.0,5.0
12.01,5.0,1.0
12.02,4.0,2.0
12.03,4.0,2.0
12.04,4.0,3.0
12.05,4.0,2.0
12.06,5.0,2.0
12.07,5.0,2.0
12.08,5.0,2.0
12.09,3.0,3.0
12.1,4.0,2.0
12.11,4.0,1.0
12.12,5.0,2.0
12.13,4.0,2.0
12.14,6.0,2.0
12.15,5.0,1.0
12.16,4.0,1.0
12.17,4.0,2.0
12.18,4.0,2.0
12.19,6.0,2.0
12.2,4.0,2.0
12.21,4.0,2.0
12.22,5.0,1.0
12.23,5.0,2.0
12.24,4.0,2.0
12.25,5.0,3.0
12.26,4.0,2.0
12.27,4.0,2.0
12.28,5.0,1.0
12.29,4.0,0.0
12.3,5.0,2.0
12.31,5.0,2.0
12.32,5.0,1.0
12.33,5.0,1.0
12.34,5.0,1.0
12.35,6.0,2.0
12.36,5.0,3.0
12.37,5.0,2.0
12.38,5.0,2.0
12.39,4.0,2.0
12.4,4.0,1.0
12.41,5.0,1.0
12.42,5.0,0.0
12.43,5.0,1.0
12.44,5.0,1.0
12.45,6.0,2.0
12.46,5.0,3.0
12.47,4.0,2.0
12.48,5.0,2.0
12.49,4.0,1.0
12.5,4.0,2.0
12.51,6.0,2.0
12.52,4.0,1.0
12.53,5.0,1.0
12.54,6.0,1.0
12.55,5.0,1.0
12.56,6.0,1.0
12.57,5.0,0.0
12.58,5.0,3.0
12.59,5.0,2.0
12.6,6.0,2.0
12.61,5.0,1.0
12.62,5.0,2.0
12.63,6.0,2.0
12.64,4.0,2.0
12.65,4.0,2.0
12.66,5.0,3.0
12.67,5.0,2.0
12.68,5.0,1.0
12.69,5.0,1.0
12.7,6.0,2.0
12.71,4.0,1.0
12.72,4.0,2.0
12.73,6.0,1.0
12.74,5.0,2.0
12.75,5.0,2.0
12.76,6.0,2.0
12.77,6.0,2.0
12.78,5.0,2.0
12.79,3.0,2.0
12.8,4.0,1.0
12.81,5.0,2.0
12.82,6.0,1.0
12.83,4.0,1.0
12.84,6.0,1.0
12.85,4.0,2.0
12.86,5.0,1.0
12.87,5.0,0.0
12.88,3.0,1.0
12.89,4.0,2.0
12.9,6.0,2.0
12.91,6.0,2.0
12.92,5.0,1.0
12.93,5.0,1.0
12.94,5.0,1.0
12.95,4.0,3.0
12.96,6.0,2.0
12.97,7.0,0.0
12.98,6.0,0.0
12.99,5.0,1.0
13.0,6.0,0.0
13.01,7.0,2.0
13.02,6.0,2.0
13.03,6.0,1.0
13.04,6.0,1.0
13.05,6.0,1.0
13.06,6.0,1.0
13.07,6.0,2.0
13.08,5.0,0.0
13.09,5.0,1.0
13.1,5.0,1.0
13.11,5.0,1.0
13.12,6.0,1.0
13.13,6.0,1.0
13.14,5.0,2.0
13.15,6.0,1.0
13.16,6.0,1.0
13.17,5.0,2.0
13.18,5.0,2.0
13.19,6.0,2.0
13.2,7.0,3.0
13.21,6.0,3.0
13.22,6.0,2.0
13.23,4.0,1.0
13.24,4.0,1.0
13.25,4.0,1.0
13.26,5.0,1.0
13.27,5.0,1.0
13.28,5.0,1.0
13.29,6.0,1.0
13.3,5.0,0.0
13.31,6.0,2.0
13.32,5.0,1.0
13.33,5.0,0.0
13.34,4.0,0.0
13.35,4.0,0.0
13.36,5.0,1.0
13.37,5.0,1.0
13.38,5.0,2.0
13.39,4.0,1.0
13.4,4.0,1.0
13.41,5.0,1.0
13.42,5.0,1.0
13.43,5.0,2.0
13.44,3.0,1.0
13.45,5.0,1.0
13.46,5.0,0.0
13.47,6.0,1.0
13.48,4.0,1.0
13.49,5.0,1.0
13.5,5.0,2.0
13.51,4.0,1.0
13.52,4.0,3.0
13.53,5.0,2.0
13.54,5.0,3.0
13.55,6.0,2.0
13.56,5.0,0.0
13.57,5.0,1.0
13.58,4.0,2.0
13.59,5.0,1.0
13.6,5.0,2.0
13.61,5.0,2.0
13.62,6.0,1.0
13.63,6.0,2.0
13.64,5.0,1.0
13.65,5.0,2.0
13.66,4.0,2.0
13.67,5.0,1.0
13.68,5.0,2.0
13.69,5.0,1.0
13.7,6.0,2.0
13.71,3.0,2.0
13.72,5.0,2.0
13.73,5.0,2.0
13.74,5.0,2.0
13.75,6.0,1.0
13.76,6.0,1.0
13.77,3.0,2.0
13.78,5.0,2.0
13.79,6.0,2.0
13.8,3.0,1.0
13.81,7.0,2.0
13.82,6.0,3.0
13.83,6.0,2.0
13.84,6.0,2.0
13.85,6.0,2.0
13.86,6.0,3.0
13.87,5.0,3.0
13.88,6.0,2.0
13.89,7.0,2.0
13.9,6.0,2.0
13.91,5.0,1.0
13.92,5.0,2.0
13.93,6.0,2.0
13.94,8.0,2.0
13.95,6.0,2.0
13.96,5.0,2.0
13.97,6.0,1.0
13.98,7.0,2.0
13.99,5.0,2.0
14.0,6.0,2.0
14.01,7.0,2.0
14.02,7.0,1.0
14.03,5.0,1.0
14.04,7.0,2.0
14.05,6.0,0.0
14.06,6.0,2.0
14.07,7.0,1.0
14.08,7.0,2.0
14.09,6.0,2.0
14.1,7.0,2.0
14.11,6.0,3.0
14.12,5.0,3.0
14.13,6.0,1.0
14.14,3.0,0.0
14.15,5.0,2.0
14.16,6.0,2.0
14.17,5.0,2.0
14.18,5.0,3.0
14.19,4.0,1.0
14.2,6.0,2.0
14.21,4.0,2.0
14.22,6.0,1.0
14.23,5.0,0.0
14.24,5.0,2.0
14.25,6.0,1.0
14.26,6.0,3.0
14.27,5.0,2.0
14.28,4.0,1.0
14.29,5.0,1.0
14.3,7.0,2.0
14.31,5.0,1.0
14.32,5.0,1.0
14.33,5.0,2.0
14.34,3.0,2.0
14.35,4.0,0.0
14.36,4.0,3.0
14.37,6.0,2.0
14.38,6.0,2.0
14.39,6.0,1.0
14.4,5.0,3.0
14.41,4.0,1.0
14.42,5.0,3.0
14.43,6.0,1.0
14.44,5.0,3.0
14.45,4.0,1.0
14.46,6.0,2.0
14.47,6.0,1.0
14.48,6.0,2.0
14.49,4.0,2.0
14.5,5.0,3.0
14.51,6.0,4.0
14.52,6.0,2.0
14.53,5.0,2.0
14.54,5.0,3.0
14.55,5.0,2.0
14.56,7.0,3.0
14.57,4.0,1.0
14.58,6.0,2.0
14.59,6.0,1.0
14.6,6.0,3.0
14.61,5.0,1.0
14.62,4.0,1.0
14.63,6.0,2.0
14.64,5.0,2.0
14.65,6.0,2.0
14.66,6.0,2.0
14.67,5.0,2.0
14.68,7.0,3.0
14.69,5.0,0.0
14.7,7.0,1.0
14.71,4.0,0.0
14.72,6.0,1.0
14.73,6.0,1.0
14.74,7.0,2.0
14.75,6.0,1.0
14.76,6.0,3.0
14.77,5.0,2.0
14.78,5.0,1.0
14.79,6.0,1.0
14.8,6.0,2.0
14.81,6.0,1.0
14.82,5.0,2.0
14.83,5.0,0.0
14.84,5.0,2.0
14.85,6.0,0.0
14.86,6.0,1.0
14.87,5.0,1.0
14.88,6.0,0.0
14.89,6.0,0.0
14.9,7.0,2.0
14.91,6.0,1.0
14.92,7.0,1.0
14.93,5.0,1.0
14.94,6.0,2.0
14.95,6.0,2.0
14.96,7.0,2.0
14.97,7.0,1.0
14.98,6.0,1.0
14.99,6.0,1.0
15.0,6.0,1.0
15.01,7.0,3.0
15.02,6.0,2.0
15.03,7.0,1.0
15.04,6.0,1.0
15.05,5.0,0.0
15.06,7.0,1.0
15.07,7.0,0.0
15.08,6.0,0.0
15.09,7.0,1.0
15.1,6.0,2.0
15.11,4.0,0.0
15.12,7.0,1.0
15.13,6.0,2.0
15.14,6.0,2.0
15.15,7.0,1.0
15.16,6.0,2.0
15.17,7.0,3.0
15.18,6.0,3.0
15.19,7.0,2.0
15.2,6.0,1.0
15.21,5.0,0.0
15.22,8.0,2.0
15.23,6.0,0.0
15.24,6.0,1.0
15.25,8.0,0.0
15.26,6.0,1.0
15.27,7.0,3.0
15.28,7.0,2.0
15.29,5.0,1.0
15.3,6.0,0.0
15.31,6.0,0.0
15.32,6.0,0.0
15.33,6.0,1.0
15.34,6.0,1.0
15.35,6.0,1.0
15.36,6.0,1.0
15.37,6.0,1.0
15.38,5.0,0.0
15.39,6.0,1.0
15.4,5.0,0.0
15.41,6.0,0.0
15.42,6.0,1.0
15.43,6.0,1.0
15.44,7.0,0.0
15.45,7.0,1.0
15.46,5.0,0.0
15.47,6.0,0.0
15.48,5.0,1.0
15.49,6.0,0.0
15.5,6.0,1.0
15.51,6.0,1.0
15.52,8.0,1.0
15.53,5.0,1.0
15.54,7.0,2.0
15.55,6.0,1.0
15.56,5.0,0.0
15.57,6.0,1.0
15.58,6.0,0.0
15.59,6.0,1.0
15.6,7.0,1.0
15.61,7.0,0.0
15.62,7.0,0.0
15.63,7.0,1.0
15.64,6.0,1.0
15.65,6.0,1.0
15.66,6.0,0.0
15.67,7.0,0.0
15.68,6.0,0.0
15.69,5.0,1.0
15.7,3.0,0.0
15.71,7.0,1.0
15.72,7.0,0.0
15.73,6.0,0.0
15.74,7.0,1.0
15.75,5.0,0.0
15.76,6.0,0.0
15.77,5.0,1.0
15.78,6.0,0.0
15.79,7.0,1.0
15.8,5.0,1.0
15.81,6.0,1.0
15.82,7.0,1.0
15.83,5.0,0.0
15.84,4.0,1.0
15.85,5.0,1.0
15.86,5.0,1.0
15.87,6.0,2.0
15.88,6.0,0.0
15.89,5.0,2.0
15.9,7.0,1.0
15.91,6.0,1.0
15.92,7.0,1.0
15.93,6.0,0.0
15.94,6.0,1.0
15.95,6.0,0.0
15.96,6.0,1.0
15.97,6.0,1.0
15.98,6.0,0.0
15.99,6.0,2.0
16.0,5.0,2.0
16.01,7.0,1.0
16.02,7.0,1.0
16.03,5.0,1.0
16.04,6.0,1.0
16.05,6.0,0.0
16.06,7.0,0.0
16.07,6.0,0.0
16.08,6.0,0.0
16.09,5.0,1.0
16.1,4.0,1.0
16.11,6.0,1.0
16.12,7.0,1.0
16.13,7.0,1.0
16.14,6.0,1.0
16.15,6.0,0.0
16.16,5.0,2.0
16.17,4.0,0.0
16.18,7.0,1.0
16.19,7.0,1.0
16.2,7.0,1.0
16.21,5.0,1.0
16.22,6.0,0.0
16.23,5.0,0.0
16.24,7.0,1.0
16.25,6.0,1.0
16.26,6.0,0.0
16.27,5.0,1.0
16.28,6.0,1.0
16.29,5.0,1.0
16.3,7.0,0.0
16.31,6.0,2.0
16.32,7.0,0.0
16.33,6.0,0.0
16.34,7.0,2.0
16.35,5.0,2.0
16.36,6.0,2.0
16.37,5.0,0.0
16.38,5.0,1.0
16.39,7.0,2.0
16.4,7.0,1.0
16.41,6.0,0.0
16.42,8.0,0.0
16.43,5.0,0.0
16.44,6.0,1.0
16.45,6.0,1.0
16.46,6.0,1.0
16.47,7.0,1.0
16.48,7.0,2.0
16.49,5.0,1.0
16.5,6.0,1.0
16.51,6.0,1.0
16.52,7.0,0.0
16.53,5.0,0.0
16.54,7.0,1.0
16.55,7.0,1.0
16.56,7.0,0.0
16.57,4.0,1.0
16.58,7.0,0.0
16.59,5.0,1.0
16.6,6.0,1.0
16.61,4.0,0.0
16.62,7.0,2.0
16.63,5.0,2.0
16.64,6.0,2.0
16.65,4.0,2.0
16.66,7.0,0.0
16.67,6.0,2.0
16.68,6.0,1.0
16.69,7.0,1.0
16.7,6.0,1.0
16.71,6.0,0.0
16.72,7.0,0.0
16.73,5.0,1.0
16.74,4.0,0.0
16.75,5.0,0.0
16.76,6.0,1.0
16.77,6.0,0.0
16.78,5.0,2.0
16.79,5.0,1.0
16.8,7.0,2.0
16.81,5.0,1.0
16.82,6.0,0.0
16.83,7.0,1.0
16.84,6.0,1.0
16.85,7.0,1.0
16.86,7.0,0.0
16.87,6.0,1.0
16.88,7.0,1.0
16.89,6.0,0.0
16.9,6.0,1.0
16.91,7.0,1.0
16.92,5.0,1.0
16.93,6.0,1.0
16.94,4.0,1.0
16.95,5.0,1.0
16.96,5.0,0.0
16.97,6.0,0.0
16.98,4.0,2.0
16.99,6.0,1.0
17.0,5.0,1.0
17.01,6.0,1.0
17.02,5.0,1.0
17.03,7.0,0.0
17.04,5.0,1.0
17.05,5.0,1.0
17.06,6.0,1.0
17.07,7.0,2.0
17.08,7.0,0.0
17.09,6.0,1.0
17.1,5.0,1.0
17.11,5.0,1.0
17.12,7.0,1.0
17.13,7.0,0.0
17.14,5.0,1.0
17.15,7.0,1.0
17.16,4.0,1.0
17.17,6.0,1.0
17.18,8.0,1.0
17.19,5.0,1.0
17.2,5.0,1.0
17.21,6.0,1.0
17.22,7.0,1.0
17.23,6.0,1.0
17.24,6.0,0.0
17.25,5.0,0.0
17.26,6.0,1.0
17.27,6.0,2.0
17.28,6.0,0.0
17.29,6.0,0.0
17.3,7.0,1.0
17.31,6.0,2.0
17.32,6.0,0.0
17.33,3.0,1.0
17.34,6.0,1.0
17.35,8.0,1.0
17.36,6.0,1.0
17.37,5.0,1.0
17.38,6.0,1.0
17.39,6.0,2.0
17.4,6.0,1.0
17.41,5.0,1.0
17.42,5.0,0.0
17.43,6.0,1.0
17.44,5.0,1.0
17.45,5.0,1.0
17.46,4.0,1.0
17.47,6.0,1.0
17.48,6.0,1.0
17.49,6.0,2.0
17.5,5.0,1.0
17.51,6.0,1.0
17.52,6.0,3.0
17.53,5.0,3.0
17.54,6.0,3.0
17.55,6.0,2.0
17.56,4.0,1.0
17.57,7.0,2.0
17.58,6.0,1.0
17.59,8.0,1.0
17.6,7.0,1.0
17.61,7.0,1.0
17.62,7.0,1.0
17.63,6.0,3.0
17.64,5.0,0.0
17.65,6.0,4.0
17.66,6.0,1.0
17.67,7.0,0.0
17.68,6.0,2.0
17.69,7.0,2.0
17.7,6.0,3.0
17.71,7.0,1.0
17.72,6.0,1.0
17.73,7.0,2.0
17.74,7.0,1.0
17.75,5.0,2.0
17.76,6.0,1.0
17.77,4.0,2.0
17.78,6.0,1.0
17.79,7.0,1.0
17.8,6.0,3.0
17.81,4.0,2.0
17.82,6.0,1.0
17.83,3.0,2.0
17.84,6.0,0.0
17.85,6.0,0.0
17.86,6.0,1.0
17.87,6.0,2.0
17.88,6.0,3.0
17.89,5.0,1.0
17.9,4.0,1.0
17.91,5.0,1.0
17.92,5.0,2.0
17.93,6.0,1.0
17.94,5.0,2.0
17.95,4.0,2.0
17.96,6.0,3.0
17.97,5.0,2.0
17.98,5.0,1.0
17.99,6.0,2.0
18.0,5.0,2.0
18.01,4.0,3.0
18.02,4.0,2.0
18.03,4.0,1.0
18.04,5.0,4.0
18.05,6.0,2.0
18.06,6.0,1.0
18.07,5.0,2.0
18.08,6.0,2.0
18.09,6.0,1.0
18.1,5.0,2.0
18.11,5.0,1.0
18.12,6.0,3.0
18.13,5.0,3.0
18.14,5.0,4.0
18.15,5.0,1.0
18.16,6.0,3.0
18.17,5.0,2.0
18.18,5.0,2.0
18.19,5.0,1.0
18.2,6.0,2.0
18.21,5.0,2.0
18.22,6.0,2.0
18.23,5.0,2.0
18.24,6.0,1.0
18.25,6.0,2.0
18.26,6.0,3.0
18.27,5.0,2.0
18.28,5.0,2.0
18.29,6.0,1.0
18.3,5.0,2.0
18.31,5.0,3.0
18.32,7.0,3.0
18.33,6.0,1.0
18.34,5.0,2.0
18.35,4.0,2.0
18.36,4.0,3.0
18.37,5.0,1.0
18.38,4.0,2.0
18.39,5.0,2.0
18.4,5.0,2.0
18.41,5.0,1.0
18.42,6.0,2.0
18.43,5.0,2.0
18.44,6.0,2.0
18.45,6.0,2.0
18.46,7.0,0.0
18.47,7.0,2.0
18.48,6.0,2.0
18.49,5.0,1.0
18.5,6.0,1.0
18.51,6.0,2.0
18.52,5.0,3.0
18.53,6.0,2.0
18.54,7.0,1.0
18.55,5.0,2.0
18.56,5.0,2.0
18.57,7.0,1.0
18.58,7.0,3.0
18.59,7.0,2.0
18.6,7.0,3.0
18.61,7.0,4.0
18.62,7.0,2.0
18.63,6.0,3.0
18.64,5.0,0.0
18.65,6.0,2.0
18.66,7.0,3.0
18.67,7.0,2.0
18.68,7.0,3.0
18.69,7.0,2.0
18.7,6.0,2.0
18.71,7.0,1.0
18.72,6.0,2.0
18.73,6.0,2.0
18.74,7.0,1.0
18.75,6.0,2.0
18.76,6.0,3.0
18.77,6.0,2.0
18.78,6.0,3.0
18.79,6.0,2.0
18.8,5.0,3.0
18.81,7.0,3.0
18.82,7.0,3.0
18.83,5.0,4.0
18.84,7.0,3.0
18.85,5.0,3.0
18.86,7.0,3.0
18.87,6.0,2.0
18.88,6.0,4.0
18.89,6.0,1.0
18.9,5.0,3.0
18.91,6.0,4.0
18.92,7.0,2.0
18.93,6.0,3.0
18.94,5.0,2.0
18.95,6.0,3.0
18.96,6.0,2.0
18.97,6.0,3.0
18.98,5.0,4.0
18.99,6.0,2.0
19.0,6.0,0.0
19.01,6.0,2.0
19.02,6.0,2.0
19.03,7.0,2.0
19.04,6.0,2.0
19.05,6.0,3.0
19.06,5.0,2.0
19.07,8.0,2.0
19.08,7.0,2.0
19.09,7.0,3.0
19.1,5.0,2.0
19.11,7.0,2.0
19.12,7.0,3.0
19.13,6.0,3.0
19.14,6.0,3.0
19.15,8.0,2.0
19.16,6.0,2.0
19.17,6.0,2.0
19.18,7.0,3.0
19.19,7.0,4.0
19.2,6.0,2.0
19.21,6.0,2.0
19.22,6.0,2.0
19.23,7.0,1.0
19.24,7.0,3.0
19.25,6.0,1.0
19.26,6.0,3.0
19.27,5.0,3.0
19.28,6.0,3.0
19.29,5.0,2.0
19.3,5.0,2.0
19.31,8.0,1.0
19.32,4.0,0.0
19.33,5.0,1.0
19.34,8.0,1.0
19.35,7.0,1.0
19.36,5.0,3.0
19.37,6.0,3.0
19.38,7.0,4.0
19.39,8.0,3.0
19.4,8.0,2.0
19.41,6.0,3.0
19.42,8.0,2.0
19.43,6.0,2.0
19.44,6.0,3.0
19.45,7.0,0.0
19.46,5.0,3.0
19.47,6.0,3.0
19.48,6.0,1.0
19.49,6.0,3.0
19.5,7.0,2.0
19.51,6.0,3.0
19.52,7.0,2.0
19.53,7.0,4.0
19.54,6.0,3.0
19.55,7.0,2.0
19.56,7.0,2.0
19.57,7.0,5.0
19.58,7.0,2.0
19.59,6.0,2.0
19.6,7.0,4.0
19.61,6.0,3.0
19.62,7.0,1.0
19.63,5.0,3.0
19.64,6.0,1.0
19.65,7.0,1.0
19.66,4.0,3.0
19.67,5.0,2.0
19.68,7.0,3.0
19.69,5.0,2.0
19.7,5.0,1.0
19.71,7.0,2.0
19.72,4.0,3.0
19.73,5.0,2.0
19.74,5.0,2.0
19.75,5.0,4.0
19.76,7.0,0.0
19.77,4.0,2.0
19.78,4.0,2.0
19.79,4.0,1.0
19.8,5.0,2.0
19.81,4.0,1.0
19.82,3.0,2.0
19.83,4.0,0.0
19.84,5.0,0.0
19.85,5.0,2.0
19.86,6.0,2.0
19.87,5.0,1.0
19.88,6.0,3.0
19.89,5.0,2.0
19.9,4.0,2.0
19.91,5.0,2.0
19.92,5.0,4.0
19.93,4.0,2.0
19.94,4.0,2.0
19.95,5.0,3.0
19.96,5.0,4.0
19.97,6.0,3.0
19.98,4.0,2.0
19.99,6.0,2.0
20.0,6.0,1.0
20.01,6.0,1.0
20.02,5.0,1.0
20.03,5.0,1.0
20.04,6.0,4.0
20.05,5.0,3.0
20.06,6.0,5.0
20.07,6.0,1.0
20.08,5.0,2.0
20.09,4.0,4.0
20.1,4.0,2.0
20.11,7.0,2.0
20.12,6.0,3.0
20.13,6.0,2.0
20.14,7.0,4.0
20.15,6.0,3.0
20.16,6.0,3.0
20.17,6.0,1.0
20.18,5.0,2.0
20.19,6.0,3.0
20.2,7.0,3.0
20.21,7.0,3.0
20.22,6.0,0.0
20.23,5.0,2.0
20.24,6.0,1.0
20.25,7.0,4.0
20.26,7.0,1.0
20.27,7.0,1.0
20.28,7.0,2.0
20.29,6.0,1.0
20.3,6.0,2.0
20.31,6.0,3.0
20.32,6.0,0.0
20.33,7.0,3.0
20.34,7.0,1.0
20.35,6.0,1.0
20.36,7.0,1.0
20.37,5.0,0.0
20.38,6.0,1.0
20.39,6.0,1.0
20.4,7.0,0.0
20.41,6.0,3.0
20.42,6.0,3.0
20.43,6.0,2.0
20.44,7.0,2.0
20.45,6.0,0.0
20.46,7.0,1.0
20.47,5.0,3.0
20.48,6.0,1.0
20.49,7.0,2.0
20.5,7.0,0.0
20.51,7.0,1.0
20.52,4.0,0.0
20.53,6.0,1.0
20.54,7.0,2.0
20.55,6.0,2.0
20.56,7.0,1.0
20.57,6.0,3.0
20.58,5.0,2.0
20.59,5.0,2.0
20.6,6.0,2.0
20.61,6.0,0.0
20.62,5.0,2.0
20.63,6.0,1.0
20.64,6.0,4.0
20.65,6.0,1.0
20.66,6.0,3.0
20.67,6.0,1.0
20.68,7.0,2.0
20.69,4.0,2.0
20.7,5.0,1.0
20.71,5.0,0.0
20.72,6.0,2.0
20.73,5.0,2.0
20.74,6.0,3.0
20.75,7.0,3.0
20.76,7.0,2.0
20.77,7.0,3.0
20.78,5.0,2.0
20.79,7.0,1.0
20.8,4.0,2.0
20.81,6.0,2.0
20.82,6.0,3.0
20.83,4.0,2.0
20.84,6.0,3.0
20.85,5.0,2.0
20.86,6.0,2.0
20.87,4.0,3.0
20.88,6.0,2.0
20.89,6.0,1.0
20.9,5.0,1.0
20.91,5.0,3.0
20.92,6.0,3.0
20.93,5.0,2.0
20.94,6.0,3.0
20.95,5.0,1.0
20.96,6.0,3.0
20.97,5.0,2.0
20.98,8.0,2.0
20.99,5.0,2.0
21.0,5.0,2.0
21.01,6.0,2.0
21.02,6.0,2.0
21.03,6.0,4.0
21.04,7.0,3.0
21.05,6.0,1.0
21.06,5.0,3.0
21.07,6.0,3.0
21.08,6.0,2.0
21.09,7.0,2.0
21.1,6.0,3.0
21.11,5.0,2.0
21.12,5.0,1.0
21.13,6.0,4.0
21.14,4.0,2.0
21.15,7.0,2.0
21.16,6.0,2.0
21.17,7.0,2.0
21.18,4.0,1.0
21.19,5.0,1.0
21.2,6.0,2.0
21.21,7.0,2.0
21.22,6.0,2.0
21.23,6.0,3.0
21.24,5.0,2.0
21.25,6.0,3.0
21.26,5.0,2.0
21.27,5.0,2.0
21.28,6.0,2.0
21.29,6.0,1.0
21.3,5.0,2.0
21.31,6.0,2.0
21.32,7.0,0.0
21.33,7.0,1.0
21.34,7.0,1.0
21.35,6.0,1.0
21.36,7.0,1.0
21.37,6.0,1.0
21.38,6.0,1.0
21.39,6.0,1.0
21.4,7.0,1.0
21.41,7.0,1.0
21.42,5.0,2.0
21.43,7.0,2.0
21.44,7.0,1.0
21.45,6.0,0.0
21.46,6.0,2.0
21.47,6.0,1.0
21.48,6.0,1.0
21.49,7.0,5.0
21.5,5.0,2.0
21.51,6.0,2.0
21.52,5.0,2.0
21.53,5.0,2.0
21.54,6.0,1.0
21.55,5.0,2.0
21.56,5.0,2.0
21.57,6.0,2.0
21.58,7.0,2.0
21.59,5.0,2.0
21.6,6.0,2.0
21.61,7.0,1.0
21.62,6.0,2.0
21.63,7.0,2.0
21.64,6.0,1.0
21.65,6.0,2.0
21.66,6.0,1.0
21.67,6.0,2.0
21.68,6.0,1.0
21.69,7.0,2.0
21.7,8.0,1.0
21.71,6.0,3.0
21.72,6.0,3.0
21.73,6.0,3.0
21.74,6.0,3.0
21.75,5.0,1.0
21.76,5.0,4.0
21.77,6.0,3.0
21.78,6.0,2.0
21.79,7.0,3.0
21.8,6.0,0.0
21.81,6.0,2.0
21.82,4.0,2.0
21.83,7.0,0.0
21.84,6.0,3.0
21.85,7.0,1.0
21.86,6.0,1.0
21.87,5.0,2.0
21.88,6.0,2.0
21.89,6.0,2.0
21.9,6.0,2.0
21.91,5.0,1.0
21.92,7.0,2.0
21.93,6.0,2.0
21.94,6.0,1.0
21.95,7.0,2.0
21.96,4.0,3.0
21.97,6.0,2.0
21.98,5.0,2.0
21.99,4.0,2.0
22.0,7.0,3.0
22.01,5.0,3.0
22.02,5.0,3.0
22.03,5.0,2.0
22.04,5.0,3.0
22.05,5.0,2.0
22.06,6.0,2.0
22.07,6.0,1.0
22.08,7.0,2.0
22.09,7.0,1.0
22.1,5.0,2.0
22.11,6.0,2.0
22.12,4.0,2.0
22.13,5.0,2.0
22.14,5.0,2.0
22.15,6.0,2.0
22.16,5.0,3.0
22.17,4.0,2.0
22.18,5.0,2.0
22.19,6.0,1.0
22.2,5.0,1.0
22.21,6.0,1.0
22.22,4.0,1.0
22.23,7.0,1.0
22.24,5.0,1.0
22.25,6.0,1.0
22.26,6.0,2.0
22.27,5.0,1.0
22.28,7.0,2.0
22.29,6.0,2.0
22.3,7.0,1.0
22.31,6.0,2.0
22.32,5.0,2.0
22.33,5.0,2.0
22.34,6.0,1.0
22.35,6.0,1.0
22.36,6.0,0.0
22.37,7.0,2.0
22.38,7.0,1.0
22.39,6.0,2.0
22.4,7.0,1.0
22.41,7.0,1.0
22.42,6.0,3.0
22.43,4.0,1.0
22.44,5.0,4.0
22.45,7.0,1.0
22.46,7.0,2.0
22.47,4.0,3.0
22.48,5.0,2.0
22.49,5.0,0.0
22.5,5.0,4.0
22.51,5.0,2.0
22.52,5.0,2.0
22.53,6.0,2.0
22.54,5.0,2.0
22.55,4.0,1.0
22.56,4.0,1.0
22.57,6.0,2.0
22.58,5.0,1.0
22.59,4.0,1.0
22.6,5.0,1.0
22.61,6.0,1.0
22.62,5.0,2.0
22.63,4.0,1.0
22.64,5.0,1.0
22.65,5.0,1.0
22.66,4.0,1.0
22.67,5.0,1.0
22.68,4.0,2.0
22.69,3.0,1.0
22.7,5.0,1.0
22.71,6.0,1.0
22.72,5.0,1.0
22.73,5.0,1.0
22.74,5.0,0.0
22.75,7.0,2.0
22.76,6.0,3.0
22.77,6.0,1.0
22.78,7.0,1.0
22.79,6.0,1.0
22.8,5.0,1.0
22.81,5.0,1.0
22.82,5.0,2.0
22.83,5.0,1.0
22.84,6.0,2.0
22.85,4.0,2.0
22.86,6.0,1.0
22.87,6.0,1.0
22.88,7.0,1.0
22.89,7.0,2.0
22.9,6.0,1.0
22.91,6.0,1.0
22.92,7.0,1.0
22.93,7.0,1.0
22.94,4.0,2.0
22.95,6.0,2.0
22.96,8.0,1.0
22.97,6.0,1.0
22.98,7.0,1.0
22.99,5.0,1.0
23.0,7.0,1.0
23.01,4.0,1.0
23.02,7.0,1.0
23.03,7.0,1.0
23.04,6.0,1.0
23.05,5.0,2.0
23.06,6.0,1.0
23.07,4.0,2.0
23.08,6.0,3.0
23.09,6.0,1.0
23.1,6.0,1.0
23.11,3.0,0.0
23.12,5.0,1.0
23.13,5.0,1.0
23.14,5.0,1.0
23.15,5.0,1.0
23.16,5.0,1.0
23.17,5.0,0.0
23.18,7.0,1.0
23.19,6.0,1.0
23.2,6.0,1.0
23.21,6.0,1.0
23.22,6.0,1.0
23.23,6.0,1.0
23.24,6.0,1.0
23.25,7.0,2.0
23.26,6.0,2.0
23.27,4.0,1.0
23.28,6.0,1.0
23.29,6.0,1.0
23.3,5.0,1.0
23.31,6.0,1.0
23.32,5.0,1.0
23.33,6.0,1.0
23.34,6.0,1.0
23.35,7.0,1.0
23.36,6.0,1.0
23.37,5.0,1.0
23.38,6.0,2.0
23.39,5.0,2.0
23.4,6.0,2.0
23.41,5.0,2.0
23.42,8.0,0.0
23.43,6.0,2.0
23.44,5.0,2.0
23.45,4.0,2.0
23.46,7.0,1.0
23.47,6.0,1.0
23.48,5.0,1.0
23.49,5.0,1.0
23.5,5.0,2.0
23.51,7.0,1.0
23.52,5.0,2.0
23.53,7.0,0.0
23.54,5.0,2.0
23.55,6.0,2.0
23.56,6.0,1.0
23.57,7.0,1.0
23.58,6.0,1.0
23.59,6.0,1.0
23.6,6.0,1.0
23.61,5.0,1.0
23.62,5.0,2.0
23.63,7.0,2.0
23.64,6.0,3.0
23.65,5.0,2.0
23.66,6.0,2.0
23.67,6.0,2.0
23.68,6.0,2.0
23.69,6.0,3.0
23.7,7.0,1.0
23.71,5.0,1.0
23.72,6.0,2.0
23.73,7.0,3.0
23.74,5.0,2.0
23.75,6.0,2.0
23.76,7.0,1.0
23.77,5.0,0.0
23.78,7.0,2.0
23.79,7.0,1.0
23.8,7.0,1.0
23.81,6.0,0.0
23.82,7.0,1.0
23.83,4.0,1.0
23.84,6.0,2.0
23.85,5.0,1.0
23.86,6.0,2.0
23.87,6.0,1.0
23.88,5.0,1.0
23.89,5.0,2.0
23.9,5.0,2.0
23.91,6.0,1.0
23.92,4.0,2.0
23.93,6.0,2.0
23.94,6.0,2.0
23.95,5.0,2.0
23.96,7.0,2.0
23.97,5.0,1.0
23.98,6.0,3.0
23.99,6.0,2.0
24.0,5.0,2.0
24.01,5.0,1.0
24.02,5.0,2.0
24.03,6.0,2.0
24.04,5.0,2.0
24.05,5.0,4.0
24.06,6.0,2.0
24.07,6.0,1.0
24.08,4.0,2.0
24.09,6.0,3.0
24.1,6.0,1.0
24.11,6.0,1.0
24.12,6.0,1.0
24.13,7.0,2.0
24.14,5.0,1.0
24.15,7.0,1.0
24.16,5.0,2.0
24.17,6.0,1.0
24.18,6.0,2.0
24.19,5.0,1.0
24.2,5.0,2.0
24.21,4.0,1.0
24.22,5.0,2.0
24.23,6.0,2.0
24.24,5.0,1.0
24.25,6.0,2.0
24.26,6.0,2.0
24.27,5.0,2.0
24.28,5.0,2.0
24.29,5.0,3.0
24.3,6.0,1.0
24.31,6.0,3.0
24.32,6.0,3.0
24.33,6.0,2.0
24.34,6.0,3.0
24.35,6.0,4.0
24.36,6.0,2.0
24.37,6.0,1.0
24.38,7.0,2.0
24.39,4.0,3.0
24.4,4.0,2.0
24.41,6.0,1.0
24.42,5.0,1.0
24.43,6.0,2.0
24.44,5.0,4.0
24.45,7.0,2.0
24.46,5.0,2.0
24.47,6.0,4.0
24.48,6.0,4.0
24.49,4.0,2.0
24.5,5.0,0.0
24.51,3.0,3.0
24.52,5.0,1.0
24.53,5.0,3.0
24.54,5.0,1.0
24.55,7.0,2.0
24.56,5.0,2.0
24.57,5.0,4.0
24.58,5.0,3.0
24.59,5.0,4.0
24.6,5.0,3.0
24.61,5.0,1.0
24.62,5.0,2.0
24.63,5.0,3.0
24.64,5.0,3.0
24.65,4.0,2.0
24.66,5.0,1.0
24.67,6.0,2.0
24.68,5.0,3.0
24.69,4.0,2.0
24.7,6.0,3.0
24.71,6.0,3.0
24.72,7.0,2.0
24.73,5.0,2.0
24.74,4.0,3.0
24.75,6.0,1.0
24.76,6.0,2.0
24.77,6.0,1.0
24.78,5.0,1.0
24.79,5.0,2.0
24.8,5.0,3.0
24.81,6.0,4.0
24.82,5.0,3.0
24.83,4.0,4.0
24.84,4.0,2.0
24.85,3.0,3.0
24.86,4.0,2.0
24.87,5.0,2.0
24.88,5.0,2.0
24.89,4.0,2.0
24.9,5.0,1.0
24.91,5.0,3.0
24.92,5.0,1.0
24.93,5.0,2.0
24.94,6.0,3.0
24.95,5.0,2.0
24.96,5.0,2.0
24.97,5.0,1.0
24.98,6.0,1.0
24.99,4.0,1.0
25.0,5.0,2.0
25.01,5.0,2.0
25.02,5.0,1.0
25.03,5.0,2.0
25.04,4.0,2.0
25.05,4.0,1.0
25.06,5.0,0.0
25.07,7.0,2.0
25.08,7.0,0.0
25.09,6.0,1.0
25.1,5.0,1.0
25.11,6.0,1.0
25.12,6.0,3.0
25.13,4.0,3.0
25.14,5.0,1.0
25.15,5.0,3.0
25.16,5.0,2.0
25.17,6.0,4.0
25.18,5.0,3.0
25.19,6.0,1.0
25.2,4.0,5.0
25.21,5.0,3.0
25.22,4.0,3.0
25.23,5.0,5.0
25.24,4.0,2.0
25.25,5.0,4.0
25.26,5.0,2.0
25.27,7.0,3.0
25.28,5.0,1.0
25.29,6.0,3.0
25.3,6.0,3.0
25.31,4.0,3.0
25.32,5.0,3.0
25.33,5.0,2.0
25.34,6.0,4.0
25.35,6.0,2.0
25.36,6.0,3.0
25.37,4.0,3.0
25.38,6.0,5.0
25.39,6.0,2.0
25.4,5.0,3.0
25.41,5.0,3.0
25.42,5.0,3.0
25.43,7.0,3.0
25.44,6.0,1.0
25.45,6.0,0.0
25.46,5.0,4.0
25.47,5.0,3.0
25.48,5.0,3.0
25.49,5.0,4.0
25.5,6.0,2.0
25.51,5.0,2.0
25.52,5.0,2.0
25.53,5.0,2.0
25.54,6.0,2.0
25.55,6.0,3.0
25.56,5.0,4.0
25.57,6.0,2.0
25.58,4.0,3.0
25.59,5.0,4.0
25.6,6.0,3.0
25.61,5.0,2.0
25.62,5.0,1.0
25.63,5.0,1.0
25.64,5.0,3.0
25.65,5.0,2.0
25.66,5.0,2.0
25.67,6.0,5.0
25.68,5.0,4.0
25.69,6.0,3.0
25.7,6.0,2.0
25.71,6.0,2.0
25.72,5.0,1.0
25.73,6.0,2.0
25.74,5.0,2.0
25.75,7.0,2.0
25.76,5.0,1.0
25.77,6.0,3.0
25.78,4.0,3.0
25.79,6.0,2.0
25.8,5.0,2.0
25.81,5.0,2.0
25.82,7.0,1.0
25.83,6.0,3.0
25.84,6.0,2.0
25.85,4.0,2.0
25.86,6.0,4.0
25.87,5.0,3.0
25.88,6.0,3.0
25.89,5.0,3.0
25.9,4.0,2.0
25.91,6.0,2.0
25.92,5.0,2.0
25.93,5.0,2.0
25.94,7.0,2.0
25.95,5.0,2.0
25.96,6.0,2.0
25.97,5.0,2.0
25.98,5.0,2.0
25.99,5.0,2.0
26.0,5.0,2.0
26.01,5.0,1.0
26.02,5.0,2.0
26.03,4.0,2.0
26.04,7.0,2.0
26.05,5.0,2.0
26.06,5.0,2.0
26.07,5.0,2.0
26.08,7.0,2.0
26.09,6.0,4.0
26.1,6.0,2.0
26.11,6.0,3.0
26.12,6.0,2.0
26.13,5.0,3.0
26.14,6.0,1.0
26.15,5.0,1.0
26.16,6.0,3.0
26.17,5.0,2.0
26.18,6.0,1.0
26.19,5.0,1.0
26.2,5.0,3.0
26.21,6.0,1.0
26.22,5.0,2.0
26.23,5.0,3.0
26.24,6.0,2.0
26.25,7.0,0.0
26.26,5.0,3.0
26.27,5.0,2.0
26.28,6.0,2.0
26.29,5.0,1.0
26.3,7.0,2.0
26.31,6.0,2.0
26.32,5.0,2.0
26.33,6.0,4.0
26.34,5.0,1.0
26.35,7.0,3.0
26.36,6.0,1.0
26.37,6.0,3.0
26.38,6.0,3.0
26.39,6.0,1.0
26.4,6.0,2.0
26.41,5.0,2.0
26.42,6.0,3.0
26.43,5.0,2.0
26.44,7.0,1.0
26.45,5.0,2.0
26.46,6.0,2.0
26.47,5.0,3.0
26.48,7.0,4.0
26.49,6.0,2.0
26.5,5.0,2.0
26.51,4.0,3.0
26.52,6.0,2.0
26.53,6.0,2.0
26.54,6.0,2.0
26.55,5.0,3.0
26.56,7.0,3.0
26.57,5.0,2.0
26.58,6.0,2.0
26.59,5.0,4.0
26.6,7.0,3.0
26.61,6.0,3.0
26.62,6.0,3.0
26.63,6.0,2.0
26.64,5.0,2.0
26.65,6.0,1.0
26.66,6.0,4.0
26.67,6.0,3.0
26.68,6.0,4.0
26.69,4.0,3.0
26.7,4.0,2.0
26.71,6.0,4.0
26.72,5.0,2.0
26.73,4.0,4.0
26.74,7.0,3.0
26.75,7.0,3.0
26.76,5.0,4.0
26.77,6.0,3.0
26.78,6.0,2.0
26.79,4.0,2.0
26.8,4.0,3.0
26.81,6.0,5.0
26.82,4.0,2.0
26.83,6.0,2.0
26.84,5.0,3.0
26.85,4.0,4.0
26.86,4.0,1.0
26.87,5.0,3.0
26.88,7.0,2.0
26.89,5.0,3.0
26.9,4.0,1.0
26.91,7.0,2.0
26.92,5.0,2.0
26.93,5.0,3.0
26.94,6.0,3.0
26.95,5.0,3.0
26.96,4.0,4.0
26.97,6.0,2.0
26.98,4.0,2.0
26.99,5.0,2.0
27.0,5.0,2.0
27.01,6.0,1.0
27.02,6.0,1.0
27.03,5.0,1.0
27.04,5.0,2.0
27.05,5.0,1.0
27.06,6.0,1.0
27.07,5.0,1.0
27.08,5.0,1.0
27.09,5.0,2.0
27.1,6.0,0.0
27.11,6.0,1.0
27.12,7.0,1.0
27.13,5.0,1.0
27.14,5.0,2.0
27.15,6.0,1.0
27.16,7.0,2.0
27.17,5.0,1.0
27.18,5.0,1.0
27.19,7.0,1.0
27.2,6.0,1.0
27.21,6.0,1.0
27.22,6.0,2.0
27.23,7.0,1.0
27.24,6.0,0.0
27.25,6.0,1.0
27.26,7.0,1.0
27.27,6.0,2.0
27.28,6.0,1.0
27.29,4.0,2.0
27.3,7.0,1.0
27.31,7.0,2.0
27.32,4.0,2.0
27.33,8.0,2.0
27.34,6.0,2.0
27.35,7.0,1.0
27.36,6.0,2.0
27.37,7.0,3.0
27.38,5.0,3.0
27.39,5.0,3.0
27.4,5.0,2.0
27.41,7.0,2.0
27.42,7.0,2.0
27.43,7.0,2.0
27.44,9.0,2.0
27.45,7.0,2.0
27.46,7.0,3.0
27.47,6.0,1.0
27.48,7.0,2.0
27.49,8.0,2.0
27.5,6.0,2.0
27.51,6.0,2.0
27.52,5.0,5.0
27.53,6.0,4.0
27.54,7.0,4.0
27.55,6.0,3.0
27.56,6.0,3.0
27.57,7.0,4.0
27.58,6.0,3.0
27.59,6.0,3.0
27.6,7.0,3.0
27.61,4.0,4.0
27.62,7.0,3.0
27.63,6.0,4.0
27.64,6.0,5.0
27.65,6.0,5.0
27.66,6.0,3.0
27.67,7.0,2.0
27.68,7.0,3.0
27.69,5.0,3.0
27.7,7.0,3.0
27.71,7.0,2.0
27.72,5.0,2.0
27.73,6.0,2.0
27.74,6.0,2.0
27.75,6.0,3.0
27.76,6.0,4.0
27.77,6.0,4.0
27.78,7.0,2.0
27.79,6.0,2.0
27.8,4.0,2.0
27.81,6.0,3.0
27.82,7.0,4.0
27.83,5.0,5.0
27.84,7.0,2.0
27.85,7.0,3.0
27.86,7.0,2.0
27.87,7.0,2.0
27.88,7.0,2.0
27.89,6.0,4.0
27.9,7.0,4.0
27.91,6.0,4.0
27.92,7.0,3.0
27.93,7.0,3.0
27.94,7.0,3.0
27.95,6.0,2.0
27.96,6.0,3.0
27.97,6.0,4.0
27.98,7.0,3.0
27.99,7.0,3.0
28.0,6.0,5.0
28.01,6.0,3.0
28.02,7.0,5.0
28.03,7.0,3.0
28.04,7.0,2.0
28.05,8.0,4.0
28.06,7.0,5.0
28.07,6.0,6.0
28.08,6.0,4.0
28.09,7.0,3.0
28.1,8.0,5.0
28.11,5.0,3.0
28.12,7.0,4.0
28.13,8.0,5.0
28.14,6.0,3.0
28.15,7.0,4.0
28.16,7.0,4.0
28.17,6.0,4.0
28.18,7.0,3.0
28.19,5.0,4.0
28.2,5.0,4.0
28.21,6.0,4.0
28.22,7.0,4.0
28.23,5.0,3.0
28.24,7.0,4.0
28.25,5.0,4.0
28.26,7.0,4.0
28.27,5.0,5.0
28.28,7.0,5.0
28.29,6.0,4.0
28.3,7.0,2.0
28.31,7.0,5.0
28.32,7.0,3.0
28.33,7.0,4.0
28.34,7.0,3.0
28.35,7.0,2.0
28.36,5.0,4.0
28.37,5.0,3.0
28.38,6.0,3.0
28.39,6.0,3.0
28.4,7.0,3.0
28.41,7.0,2.0
28.42,7.0,3.0
28.43,7.0,4.0
28.44,7.0,3.0
28.45,6.0,3.0
28.46,6.0,4.0
28.47,7.0,2.0
28.48,7.0,3.0
28.49,7.0,4.0
28.5,7.0,6.0
28.51,8.0,4.0
28.52,6.0,4.0
28.53,7.0,3.0
28.54,8.0,2.0
28.55,7.0,4.0
28.56,7.0,3.0
28.57,8.0,4.0
28.58,8.0,6.0
28.59,8.0,3.0
28.6,7.0,4.0
28.61,7.0,3.0
28.62,7.0,4.0
28.63,6.0,3.0
28.64,7.0,3.0
28.65,6.0,5.0
28.66,7.0,3.0
28.67,6.0,5.0
28.68,7.0,3.0
28.69,7.0,4.0
28.7,8.0,3.0
28.71,7.0,3.0
28.72,7.0,4.0
28.73,8.0,4.0
28.74,7.0,4.0
28.75,7.0,4.0
28.76,7.0,4.0
28.77,7.0,3.0
28.78,7.0,4.0
28.79,7.0,3.0
28.8,7.0,3.0
28.81,6.0,4.0
28.82,7.0,5.0
28.83,6.0,4.0
28.84,7.0,4.0
28.85,7.0,4.0
28.86,7.0,5.0
28.87,8.0,5.0
28.88,7.0,3.0
28.89,6.0,3.0
28.9,7.0,3.0
28.91,7.0,4.0
28.92,7.0,5.0
28.93,6.0,2.0
28.94,8.0,4.0
28.95,7.0,6.0
28.96,6.0,3.0
28.97,7.0,2.0
28.98,7.0,4.0
28.99,6.0,5.0
29.0,6.0,3.0
29.01,6.0,2.0
29.02,6.0,5.0
29.03,6.0,2.0
29.04,7.0,2.0
29.05,6.0,1.0
29.06,8.0,2.0
29.07,7.0,1.0
29.08,6.0,1.0
29.09,5.0,0.0
29.1,7.0,2.0
29.11,8.0,1.0
29.12,6.0,2.0
29.13,7.0,2.0
29.14,7.0,3.0
29.15,7.0,2.0
29.16,6.0,2.0
29.17,7.0,4.0
29.18,6.0,2.0
29.19,7.0,3.0
29.2,7.0,2.0
29.21,8.0,4.0
29.22,6.0,1.0
29.23,7.0,1.0
29.24,8.0,1.0
29.25,6.0,2.0
29.26,7.0,2.0
29.27,6.0,3.0
29.28,6.0,3.0
29.29,6.0,3.0
29.3,6.0,4.0
29.31,8.0,2.0
29.32,6.0,3.0
29.33,7.0,3.0
29.34,8.0,3.0
29.35,7.0,3.0
29.36,6.0,2.0
29.37,7.0,3.0
29.38,7.0,3.0
29.39,6.0,3.0
29.4,7.0,2.0
29.41,6.0,3.0
29.42,7.0,2.0
29.43,7.0,2.0
29.44,8.0,2.0
29.45,8.0,2.0
29.46,6.0,1.0
29.47,9.0,2.0
29.48,7.0,2.0
29.49,8.0,2.0
29.5,5.0,1.0
29.51,6.0,3.0
29.52,8.0,1.0
29.53,7.0,2.0
29.54,6.0,3.0
29.55,8.0,1.0
29.56,7.0,2.0
29.57,6.0,1.0
29.58,6.0,0.0
29.59,8.0,3.0
29.6,7.0,2.0
29.61,7.0,2.0
29.62,7.0,2.0
29.63,6.0,3.0
29.64,7.0,3.0
29.65,8.0,3.0
29.66,5.0,1.0
29.67,7.0,3.0
29.68,5.0,2.0
29.69,8.0,5.0
29.7,7.0,4.0
29.71,7.0,5.0
29.72,6.0,4.0
29.73,8.0,4.0
29.74,6.0,2.0
29.75,7.0,2.0
29.76,7.0,2.0
29.77,7.0,2.0
29.78,7.0,3.0
29.79,7.0,2.0
29.8,6.0,4.0
29.81,6.0,2.0
29.82,6.0,3.0
29.83,5.0,2.0
29.84,4.0,3.0
29.85,5.0,2.0
29.86,8.0,3.0
29.87,6.0,2.0
29.88,6.0,2.0
29.89,5.0,2.0
29.9,5.0,2.0
29.91,6.0,2.0
29.92,6.0,1.0
29.93,8.0,1.0
29.94,5.0,2.0
29.95,7.0,0.0
29.96,6.0,3.0
29.97,7.0,1.0
29.98,6.0,2.0
29.99,5.0,1.0
30.0,7.0,1.0
30.01,6.0,2.0
30.02,6.0,2.0
30.03,5.0,2.0
30.04,6.0,2.0
30.05,5.0,2.0
30.06,6.0,1.0
30.07,6.0,0.0
30.08,6.0,2.0
30.09,5.0,2.0
30.1,6.0,2.0
30.11,5.0,1.0
30.12,5.0,2.0
30.13,7.0,1.0
30.14,4.0,0.0
30.15,6.0,1.0
30.16,6.0,1.0
30.17,5.0,1.0
30.18,6.0,2.0
30.19,7.0,1.0
30.2,7.0,3.0
30.21,6.0,2.0
30.22,5.0,2.0
30.23,6.0,3.0
30.24,6.0,1.0
30.25,6.0,5.0
30.26,7.0,1.0
30.27,6.0,1.0
30.28,6.0,3.0
30.29,6.0,2.0
30.3,7.0,1.0
30.31,6.0,2.0
30.32,5.0,2.0
30.33,6.0,2.0
30.34,6.0,2.0
30.35,5.0,3.0
30.36,5.0,2.0
30.37,5.0,2.0
30.38,4.0,2.0
30.39,7.0,1.0
30.4,7.0,2.0
30.41,7.0,1.0
30.42,7.0,2.0
30.43,8.0,2.0
30.44,6.0,2.0
30.45,7.0,2.0
30.46,7.0,3.0
30.47,6.0,3.0
30.48,6.0,4.0
30.49,6.0,4.0
30.5,6.0,3.0
30.51,6.0,3.0
30.52,6.0,2.0
30.53,6.0,2.0
30.54,6.0,1.0
30.55,4.0,2.0
30.56,7.0,3.0
30.57,6.0,2.0
30.58,7.0,3.0
30.59,9.0,2.0
30.6,7.0,1.0
30.61,7.0,1.0
30.62,6.0,2.0
30.63,8.0,2.0
30.64,6.0,2.0
30.65,7.0,2.0
30.66,8.0,2.0
30.67,5.0,2.0
30.68,8.0,2.0
30.69,6.0,3.0
30.7,7.0,1.0
30.71,8.0,1.0
30.72,5.0,2.0
30.73,6.0,1.0
30.74,6.0,1.0
30.75,8.0,2.0
30.76,6.0,2.0
30.77,8.0,2.0
30.78,8.0,2.0
30.79,6.0,2.0
30.8,6.0,2.0
30.81,7.0,2.0
30.82,6.0,1.0
30.83,4.0,2.0
30.84,6.0,1.0
30.85,8.0,2.0
30.86,6.0,1.0
30.87,7.0,2.0
30.88,7.0,1.0
30.89,7.0,2.0
30.9,7.0,3.0
30.91,7.0,3.0
30.92,7.0,4.0
30.93,6.0,3.0
30.94,7.0,1.0
30.95,7.0,1.0
30.96,8.0,2.0
30.97,6.0,4.0
30.98,7.0,1.0
30.99,7.0,1.0
31.0,8.0,3.0
31.01,7.0,2.0
31.02,7.0,2.0
31.03,7.0,3.0
31.04,8.0,3.0
31.05,7.0,1.0
31.06,7.0,3.0
31.07,7.0,4.0
31.08,7.0,3.0
31.09,7.0,4.0
31.1,7.0,1.0
31.11,6.0,2.0
31.12,9.0,3.0
31.13,6.0,3.0
31.14,8.0,3.0
31.15,8.0,4.0
31.16,5.0,2.0
31.17,7.0,3.0
31.18,7.0,2.0
31.19,7.0,3.0
31.2,6.0,2.0
31.21,8.0,2.0
31.22,6.0,1.0
31.23,7.0,1.0
31.24,6.0,3.0
31.25,6.0,2.0
31.26,8.0,3.0
31.27,6.0,2.0
31.28,7.0,1.0
31.29,8.0,2.0
31.3,6.0,2.0
31.31,6.0,1.0
31.32,6.0,1.0
31.33,8.0,2.0
31.34,7.0,1.0
31.35,6.0,3.0
31.36,8.0,2.0
31.37,7.0,3.0
31.38,8.0,3.0
31.39,8.0,3.0
31.4,7.0,4.0
31.41,6.0,3.0
31.42,6.0,3.0
31.43,8.0,1.0
31.44,6.0,2.0
31.45,8.0,4.0
31.46,6.0,3.0
31.47,7.0,1.0
31.48,8.0,3.0
31.49,8.0,2.0
31.5,8.0,1.0
31.51,7.0,1.0
31.52,8.0,1.0
31.53,8.0,1.0
31.54,5.0,0.0
31.55,6.0,0.0
31.56,8.0,1.0
31.57,7.0,1.0
31.58,7.0,2.0
31.59,8.0,0.0
31.6,6.0,1.0
31.61,7.0,1.0
31.62,7.0,1.0
31.63,6.0,1.0
31.64,7.0,1.0
31.65,7.0,2.0
31.66,7.0,1.0
31.67,6.0,2.0
31.68,7.0,0.0
31.69,7.0,2.0
31.7,6.0,2.0
31.71,7.0,2.0
31.72,6.0,1.0
31.73,5.0,1.0
31.74,7.0,2.0
31.75,7.0,3.0
31.76,7.0,2.0
31.77,8.0,2.0
31.78,8.0,2.0
31.79,7.0,2.0
31.8,7.0,1.0
31.81,6.0,3.0
31.82,7.0,1.0
31.83,7.0,2.0
31.84,8.0,2.0
31.85,8.0,2.0
31.86,7.0,2.0
31.87,7.0,2.0
31.88,7.0,2.0
31.89,8.0,2.0
31.9,7.0,2.0
31.91,8.0,2.0
31.92,7.0,2.0
31.93,6.0,2.0
31.94,7.0,1.0
31.95,6.0,1.0
31.96,8.0,1.0
31.97,6.0,2.0
31.98,7.0,2.0
31.99,7.0,2.0
32.0,7.0,1.0
32.01,4.0,1.0
32.02,8.0,2.0
32.03,7.0,2.0
32.04,7.0,2.0
32.05,6.0,1.0
32.06,7.0,1.0
32.07,6.0,2.0
32.08,7.0,1.0
32.09,7.0,1.0
32.1,6.0,1.0
32.11,7.0,2.0
32.12,7.0,2.0
32.13,6.0,2.0
32.14,7.0,2.0
32.15,7.0,1.0
32.16,7.0,2.0
32.17,8.0,2.0
32.18,6.0,2.0
32.19,8.0,2.0
32.2,6.0,2.0
32.21,7.0,1.0
32.22,6.0,3.0
32.23,6.0,2.0
32.24,6.0,1.0
32.25,6.0,1.0
32.26,7.0,2.0
32.27,8.0,2.0
32.28,6.0,2.0
32.29,6.0,2.0
32.3,7.0,2.0
32.31,7.0,2.0
32.32,6.0,2.0
32.33,6.0,3.0
32.34,7.0,3.0
32.35,6.0,3.0
32.36,7.0,4.0
32.37,6.0,2.0
32.38,5.0,1.0
32.39,5.0,2.0
32.4,5.0,2.0
32.41,7.0,1.0
32.42,7.0,2.0
32.43,6.0,2.0
32.44,7.0,2.0
32.45,8.0,1.0
32.46,6.0,3.0
32.47,6.0,1.0
32.48,7.0,2.0
32.49,7.0,2.0
32.5,5.0,2.0
32.51,6.0,2.0
32.52,7.0,2.0
32.53,6.0,3.0
32.54,8.0,1.0
32.55,7.0,1.0
32.56,5.0,3.0
32.57,7.0,2.0
32.58,8.0,1.0
32.59,6.0,3.0
32.6,7.0,2.0
32.61,7.0,2.0
32.62,7.0,2.0
32.63,7.0,2.0
32.64,6.0,1.0
32.65,6.0,1.0
32.66,7.0,1.0
32.67,6.0,2.0
32.68,7.0,1.0
32.69,7.0,2.0
32.7,7.0,1.0
32.71,6.0,2.0
32.72,7.0,1.0
32.73,6.0,2.0
32.74,6.0,2.0
32.75,6.0,1.0
32.76,8.0,2.0
32.77,6.0,2.0
32.78,8.0,2.0
32.79,6.0,1.0
32.8,7.0,2.0
32.81,7.0,1.0
32.82,7.0,1.0
32.83,6.0,2.0
32.84,7.0,2.0
32.85,6.0,2.0
32.86,6.0,3.0
32.87,8.0,2.0
32.88,6.0,2.0
32.89,7.0,1.0
32.9,7.0,2.0
32.91,7.0,0.0
32.92,7.0,1.0
32.93,6.0,2.0
32.94,7.0,3.0
32.95,5.0,1.0
32.96,6.0,2.0
32.97,7.0,2.0
32.98,7.0,1.0
32.99,7.0,3.0
33.0,5.0,1.0
33.01,7.0,1.0
33.02,6.0,2.0
33.03,6.0,3.0
33.04,6.0,2.0
33.05,5.0,3.0
33.06,6.0,3.0
33.07,7.0,4.0
33.08,6.0,2.0
33.09,6.0,2.0
33.1,5.0,2.0
33.11,5.0,3.0
33.12,6.0,1.0
33.13,7.0,3.0
33.14,6.0,1.0
33.15,6.0,2.0
33.16,7.0,1.0
33.17,6.0,1.0
33.18,7.0,3.0
33.19,6.0,2.0
33.2,6.0,1.0
33.21,7.0,1.0
33.22,5.0,2.0
33.23,6.0,1.0
33.24,6.0,2.0
33.25,6.0,2.0
33.26,6.0,2.0
33.27,5.0,3.0
33.28,4.0,3.0
33.29,6.0,1.0
33.3,5.0,1.0
33.31,5.0,1.0
33.32,6.0,1.0
33.33,6.0,2.0
33.34,7.0,1.0
33.35,6.0,2.0
33.36,5.0,1.0
33.37,5.0,1.0
33.38,7.0,2.0
33.39,6.0,2.0
33.4,6.0,1.0
33.41,6.0,2.0
33.42,7.0,1.0
33.43,6.0,2.0
33.44,5.0,2.0
33.45,6.0,1.0
33.46,5.0,2.0
33.47,7.0,1.0
33.48,6.0,1.0
33.49,6.0,1.0
33.5,6.0,2.0
33.51,7.0,2.0
33.52,7.0,1.0
33.53,7.0,1.0
33.54,6.0,1.0
33.55,7.0,0.0
33.56,8.0,1.0
33.57,7.0,2.0
33.58,7.0,1.0
33.59,6.0,1.0
33.6,8.0,0.0
33.61,5.0,1.0
33.62,6.0,2.0
33.63,7.0,2.0
33.64,6.0,2.0
33.65,7.0,2.0
33.66,7.0,2.0
33.67,7.0,1.0
33.68,8.0,1.0
33.69,6.0,1.0
33.7,8.0,1.0
33.71,7.0,1.0
33.72,7.0,2.0
33.73,8.0,3.0
33.74,8.0,3.0
33.75,7.0,2.0
33.76,6.0,2.0
33.77,7.0,2.0
33.78,7.0,2.0
33.79,4.0,1.0
33.8,6.0,2.0
33.81,7.0,2.0
33.82,8.0,2.0
33.83,5.0,1.0
33.84,5.0,2.0
33.85,7.0,1.0
33.86,6.0,2.0
33.87,7.0,1.0
33.88,7.0,1.0
33.89,5.0,2.0
33.9,8.0,2.0
33.91,7.0,2.0
33.92,8.0,1.0
33.93,7.0,2.0
33.94,4.0,1.0
33.95,6.0,3.0
33.96,7.0,1.0
33.97,5.0,1.0
33.98,5.0,1.0
33.99,8.0,3.0
34.0,8.0,3.0
34.01,5.0,3.0
34.02,6.0,2.0
34.03,6.0,2.0
34.04,7.0,2.0
34.05,8.0,3.0
34.06,6.0,2.0
34.07,6.0,2.0
34.08,6.0,3.0
34.09,6.0,3.0
34.1,7.0,2.0
34.11,7.0,2.0
34.12,7.0,1.0
34.13,8.0,2.0
34.14,5.0,1.0
34.15,5.0,2.0
34.16,7.0,2.0
34.17,5.0,1.0
34.18,6.0,1.0
34.19,7.0,2.0
34.2,8.0,2.0
34.21,5.0,3.0
34.22,6.0,1.0
34.23,8.0,3.0
34.24,6.0,2.0
34.25,7.0,2.0
34.26,8.0,0.0
34.27,7.0,2.0
34.28,7.0,1.0
34.29,7.0,1.0
34.3,7.0,2.0
34.31,8.0,1.0
34.32,7.0,1.0
34.33,7.0,1.0
34.34,7.0,2.0
34.35,7.0,3.0
34.36,7.0,1.0
34.37,7.0,2.0
34.38,8.0,2.0
34.39,7.0,2.0
34.4,7.0,3.0
34.41,7.0,2.0
34.42,6.0,3.0
34.43,4.0,2.0
34.44,5.0,2.0
34.45,7.0,2.0
34.46,6.0,2.0
34.47,7.0,3.0
34.48,7.0,1.0
34.49,7.0,1.0
34.5,6.0,1.0
34.51,6.0,3.0
34.52,5.0,2.0
34.53,6.0,3.0
34.54,5.0,1.0
34.55,6.0,3.0
34.56,7.0,2.0
34.57,6.0,2.0
34.58,7.0,2.0
34.59,7.0,3.0
34.6,6.0,1.0
34.61,6.0,1.0
34.62,7.0,2.0
34.63,6.0,3.0
34.64,6.0,3.0
34.65,6.0,1.0
34.66,5.0,1.0
34.67,7.0,1.0
34.68,6.0,2.0
34.69,6.0,2.0
34.7,7.0,3.0
34.71,7.0,1.0
34.72,6.0,2.0
34.73,6.0,3.0
34.74,7.0,2.0
34.75,7.0,3.0
34.76,6.0,1.0
34.77,7.0,1.0
34.78,7.0,2.0
34.79,7.0,2.0
34.8,6.0,2.0
34.81,7.0,2.0
34.82,7.0,3.0
34.83,7.0,1.0
34.84,7.0,2.0
34.85,8.0,1.0
34.86,8.0,2.0
34.87,7.0,3.0
34.88,7.0,1.0
34.89,7.0,2.0
34.9,8.0,2.0
34.91,8.0,2.0
34.92,7.0,1.0
34.93,7.0,2.0
34.94,5.0,1.0
34.95,7.0,0.0
34.96,7.0,2.0
34.97,7.0,0.0
34.98,7.0,2.0
34.99,7.0,3.0
35.0,7.0,3.0
35.01,6.0,1.0
35.02,7.0,2.0
35.03,8.0,2.0
35.04,7.0,1.0
35.05,8.0,1.0
35.06,5.0,2.0
35.07,6.0,2.0
35.08,5.0,2.0
35.09,7.0,2.0
35.1,6.0,2.0
35.11,7.0,2.0
35.12,7.0,0.0
35.13,7.0,2.0
35.14,8.0,3.0
35.15,7.0,2.0
35.16,7.0,1.0
35.17,7.0,1.0
35.18,7.0,1.0
35.19,6.0,2.0
35.2,8.0,1.0
35.21,5.0,2.0
35.22,7.0,1.0
35.23,8.0,1.0
35.24,7.0,1.0
35.25,7.0,1.0
35.26,8.0,1.0
35.27,7.0,1.0
35.28,6.0,2.0
35.29,6.0,2.0
35.3,6.0,2.0
35.31,7.0,1.0
35.32,6.0,2.0
35.33,6.0,0.0
35.34,6.0,1.0
35.35,7.0,2.0
35.36,7.0,2.0
35.37,6.0,1.0
35.38,6.0,2.0
35.39,7.0,2.0
35.4,7.0,3.0
35.41,7.0,2.0
35.42,7.0,0.0
35.43,7.0,2.0
35.44,7.0,0.0
35.45,7.0,1.0
35.46,5.0,2.0
35.47,5.0,3.0
35.48,6.0,1.0
35.49,7.0,1.0
35.5,7.0,3.0
35.51,8.0,2.0
35.52,8.0,2.0
35.53,6.0,2.0
35.54,7.0,1.0
35.55,7.0,2.0
35.56,8.0,1.0
35.57,7.0,1.0
35.58,6.0,1.0
35.59,6.0,3.0
35.6,7.0,1.0
35.61,7.0,2.0
35.62,8.0,2.0
35.63,7.0,0.0
35.64,6.0,3.0
35.65,7.0,3.0
35.66,7.0,2.0
35.67,6.0,2.0
35.68,7.0,2.0
35.69,6.0,2.0
35.7,7.0,0.0
35.71,7.0,2.0
35.72,7.0,1.0
35.73,7.0,1.0
35.74,7.0,1.0
35.75,7.0,2.0
35.76,7.0,2.0
35.77,7.0,2.0
35.78,9.0,2.0
35.79,7.0,2.0
35.8,7.0,2.0
35.81,7.0,2.0
35.82,7.0,2.0
35.83,6.0,0.0
35.84,7.0,1.0
35.85,7.0,3.0
35.86,9.0,1.0
35.87,7.0,2.0
35.88,6.0,2.0
35.89,7.0,2.0
35.9,7.0,1.0
35.91,6.0,3.0
35.92,7.0,2.0
35.93,7.0,2.0
35.94,6.0,2.0
35.95,7.0,2.0
35.96,7.0,2.0
35.97,7.0,2.0
35.98,6.0,3.0
35.99,6.0,0.0
36.0,6.0,2.0
36.01,7.0,1.0
36.02,7.0,0.0
36.03,6.0,3.0
36.04,6.0,2.0
36.05,7.0,3.0
36.06,8.0,2.0
36.07,7.0,1.0
36.08,6.0,2.0
36.09,7.0,2.0
36.1,7.0,2.0
36.11,7.0,1.0
36.12,8.0,2.0
36.13,6.0,0.0
36.14,7.0,3.0
36.15,7.0,2.0
36.16,7.0,3.0
36.17,7.0,1.0
36.18,8.0,2.0
36.19,7.0,1.0
36.2,8.0,1.0
36.21,6.0,1.0
36.22,7.0,1.0
36.23,7.0,3.0
36.24,6.0,2.0
36.25,7.0,2.0
36.26,8.0,3.0
36.27,8.0,1.0
36.28,7.0,2.0
36.29,8.0,1.0
36.3,6.0,2.0
36.31,8.0,2.0
36.32,8.0,1.0
36.33,7.0,2.0
36.34,6.0,5.0
36.35,6.0,4.0
36.36,7.0,2.0
36.37,8.0,2.0
36.38,7.0,2.0
36.39,7.0,2.0
36.4,7.0,4.0
36.41,6.0,2.0
36.42,6.0,1.0
36.43,7.0,2.0
36.44,7.0,2.0
36.45,9.0,1.0
36.46,5.0,2.0
36.47,6.0,2.0
36.48,6.0,1.0
36.49,7.0,2.0
36.5,6.0,2.0
36.51,8.0,2.0
36.52,6.0,2.0
36.53,6.0,1.0
36.54,6.0,1.0
36.55,6.0,3.0
36.56,6.0,2.0
36.57,7.0,1.0
36.58,8.0,1.0
36.59,6.0,3.0
36.6,7.0,1.0
36.61,5.0,2.0
36.62,7.0,2.0
36.63,6.0,2.0
36.64,8.0,2.0
36.65,7.0,2.0
36.66,6.0,2.0
36.67,8.0,2.0
36.68,7.0,2.0
36.69,6.0,1.0
36.7,6.0,2.0
36.71,6.0,2.0
36.72,5.0,1.0
36.73,6.0,2.0
36.74,7.0,3.0
36.75,6.0,3.0
36.76,7.0,2.0
36.77,6.0,1.0
36.78,7.0,2.0
36.79,6.0,1.0
36.8,8.0,2.0
36.81,6.0,2.0
36.82,6.0,2.0
36.83,5.0,2.0
36.84,6.0,2.0
36.85,7.0,2.0
36.86,6.0,2.0
36.87,7.0,1.0
36.88,7.0,1.0
36.89,6.0,2.0
36.9,7.0,2.0
36.91,6.0,2.0
36.92,6.0,3.0
36.93,6.0,2.0
36.94,7.0,1.0
36.95,5.0,2.0
36.96,6.0,2.0
36.97,6.0,2.0
36.98,6.0,2.0
36.99,6.0,1.0
37.0,6.0,2.0
37.01,7.0,3.0
37.02,6.0,2.0
37.03,6.0,3.0
37.04,5.0,2.0
37.05,5.0,1.0
37.06,6.0,3.0
37.07,6.0,2.0
37.08,5.0,2.0
37.09,6.0,3.0
37.1,5.0,2.0
37.11,6.0,2.0
37.12,6.0,2.0
37.13,6.0,1.0
37.14,6.0,2.0
37.15,5.0,2.0
37.16,6.0,1.0
37.17,6.0,3.0
37.18,6.0,1.0
37.19,7.0,2.0
37.2,7.0,2.0
37.21,6.0,1.0
37.22,6.0,1.0
37.23,6.0,1.0
37.24,6.0,2.0
37.25,5.0,2.0
37.26,6.0,3.0
37.27,6.0,1.0
37.28,6.0,2.0
37.29,6.0,1.0
37.3,7.0,2.0
37.31,6.0,0.0
37.32,6.0,2.0
37.33,6.0,2.0
37.34,6.0,1.0
37.35,6.0,2.0
37.36,5.0,2.0
37.37,6.0,2.0
37.38,6.0,1.0
37.39,6.0,2.0
37.4,6.0,3.0
37.41,5.0,2.0
37.42,6.0,1.0
37.43,6.0,1.0
37.44,5.0,0.0
37.45,7.0,1.0
37.46,6.0,1.0
37.47,6.0,2.0
37.48,7.0,2.0
37.49,7.0,1.0
37.5,7.0,2.0
37.51,8.0,1.0
37.52,7.0,1.0
37.53,6.0,1.0
37.54,6.0,1.0
37.55,7.0,1.0
37.56,8.0,2.0
37.57,6.0,2.0
37.58,6.0,2.0
37.59,7.0,1.0
37.6,6.0,0.0
37.61,7.0,2.0
37.62,6.0,1.0
37.63,7.0,1.0
37.64,6.0,1.0
37.65,6.0,1.0
37.66,6.0,2.0
37.67,5.0,1.0
37.68,8.0,2.0
37.69,6.0,2.0
37.7,8.0,2.0
37.71,6.0,2.0
37.72,6.0,2.0
37.73,5.0,2.0
37.74,7.0,2.0
37.75,6.0,1.0
37.76,7.0,2.0
37.77,6.0,2.0
37.78,6.0,2.0
37.79,5.0,1.0
37.8,7.0,3.0
37.81,6.0,1.0
37.82,5.0,2.0
37.83,6.0,2.0
37.84,6.0,3.0
37.85,7.0,2.0
37.86,5.0,2.0
37.87,6.0,3.0
37.88,7.0,3.0
37.89,6.0,3.0
37.9,6.0,2.0
37.91,6.0,4.0
37.92,6.0,2.0
37.93,8.0,3.0
37.94,6.0,2.0
37.95,6.0,3.0
37.96,6.0,3.0
37.97,6.0,3.0
37.98,6.0,3.0
37.99,6.0,2.0
38.0,7.0,1.0
38.01,6.0,3.0
38.02,6.0,4.0
38.03,5.0,3.0
38.04,6.0,3.0
38.05,5.0,3.0
38.06,6.0,0.0
38.07,7.0,2.0
38.08,4.0,2.0
38.09,7.0,2.0
38.1,7.0,2.0
38.11,5.0,1.0
38.12,5.0,2.0
38.13,6.0,2.0
38.14,6.0,2.0
38.15,6.0,2.0
38.16,7.0,2.0
38.17,7.0,2.0
38.18,7.0,2.0
38.19,8.0,3.0
38.2,6.0,2.0
38.21,7.0,1.0
38.22,8.0,2.0
38.23,6.0,1.0
38.24,6.0,0.0
38.25,6.0,1.0
38.26,6.0,2.0
38.27,6.0,3.0
38.28,7.0,2.0
38.29,6.0,1.0
38.3,8.0,2.0
38.31,5.0,2.0
38.32,5.0,2.0
38.33,6.0,3.0
38.34,7.0,1.0
38.35,7.0,2.0
38.36,6.0,3.0
38.37,4.0,2.0
38.38,4.0,1.0
38.39,6.0,1.0
38.4,4.0,2.0
38.41,7.0,1.0
38.42,5.0,1.0
38.43,7.0,2.0
38.44,5.0,4.0
38.45,6.0,2.0
38.46,6.0,2.0
38.47,6.0,2.0
38.48,6.0,2.0
38.49,5.0,2.0
38.5,6.0,3.0
38.51,5.0,2.0
38.52,8.0,3.0
38.53,5.0,1.0
38.54,7.0,2.0
38.55,7.0,1.0
38.56,7.0,2.0
38.57,6.0,3.0
38.58,7.0,2.0
38.59,6.0,2.0
38.6,5.0,2.0
38.61,5.0,2.0
38.62,5.0,2.0
38.63,7.0,2.0
38.64,4.0,1.0
38.65,6.0,2.0
38.66,6.0,1.0
38.67,6.0,2.0
38.68,6.0,2.0
38.69,6.0,1.0
38.7,7.0,2.0
38.71,7.0,1.0
38.72,6.0,1.0
38.73,5.0,3.0
38.74,4.0,3.0
38.75,7.0,2.0
38.76,4.0,1.0
38.77,5.0,2.0
38.78,6.0,1.0
38.79,4.0,2.0
38.8,7.0,1.0
38.81,5.0,2.0
38.82,5.0,2.0
38.83,6.0,1.0
38.84,6.0,2.0
38.85,5.0,2.0
38.86,5.0,3.0
38.87,6.0,2.0
38.88,6.0,1.0
38.89,5.0,1.0
38.9,7.0,2.0
38.91,4.0,1.0
38.92,4.0,2.0
38.93,5.0,2.0
38.94,7.0,2.0
38.95,5.0,0.0
38.96,5.0,2.0
38.97,5.0,1.0
38.98,6.0,1.0
38.99,5.0,2.0
39.0,5.0,2.0
39.01,5.0,2.0
39.02,5.0,2.0
39.03,4.0,4.0
39.04,5.0,2.0
39.05,6.0,2.0
39.06,5.0,2.0
39.07,7.0,1.0
39.08,7.0,2.0
39.09,6.0,2.0
39.1,7.0,1.0
39.11,6.0,1.0
39.12,6.0,2.0
39.13,6.0,1.0
39.14,6.0,1.0
39.15,5.0,2.0
39.16,4.0,2.0
39.17,5.0,1.0
39.18,5.0,1.0
39.19,6.0,1.0
39.2,7.0,2.0
39.21,8.0,2.0
39.22,6.0,1.0
39.23,7.0,2.0
39.24,6.0,2.0
39.25,7.0,1.0
39.26,7.0,2.0
39.27,7.0,1.0
39.28,7.0,1.0
39.29,6.0,1.0
39.3,7.0,2.0
39.31,6.0,1.0
39.32,7.0,1.0
39.33,6.0,2.0
39.34,9.0,2.0
39.35,7.0,2.0
39.36,7.0,3.0
39.37,6.0,1.0
39.38,7.0,2.0
39.39,7.0,2.0
39.4,7.0,1.0
39.41,8.0,2.0
39.42,7.0,2.0
39.43,7.0,2.0
39.44,8.0,3.0
39.45,7.0,2.0
39.46,6.0,1.0
39.47,7.0,2.0
39.48,8.0,2.0
39.49,7.0,2.0
39.5,8.0,2.0
39.51,8.0,2.0
39.52,7.0,2.0
39.53,8.0,2.0
39.54,6.0,2.0
39.55,7.0,2.0
39.56,4.0,2.0
39.57,7.0,2.0
39.58,6.0,2.0
39.59,7.0,3.0
39.6,6.0,1.0
39.61,8.0,2.0
39.62,6.0,1.0
39.63,7.0,2.0
39.64,8.0,1.0
39.65,7.0,2.0
39.66,6.0,2.0
39.67,7.0,1.0
39.68,7.0,1.0
39.69,7.0,2.0
39.7,7.0,1.0
39.71,7.0,1.0
39.72,6.0,2.0
39.73,7.0,3.0
39.74,6.0,3.0
39.75,7.0,1.0
39.76,7.0,2.0
39.77,8.0,2.0
39.78,7.0,2.0
39.79,8.0,1.0
39.8,7.0,2.0
39.81,8.0,1.0
39.82,7.0,2.0
39.83,6.0,1.0
39.84,8.0,1.0
39.85,7.0,2.0
39.86,6.0,2.0
39.87,7.0,3.0
39.88,6.0,2.0
39.89,6.0,2.0
39.9,8.0,3.0
39.91,7.0,1.0
39.92,6.0,2.0
39.93,6.0,1.0
39.94,7.0,2.0
39.95,6.0,1.0
39.96,7.0,1.0
39.97,7.0,2.0
39.98,4.0,2.0
39.99,6.0,3.0
40.0,7.0,2.0
40.01,7.0,1.0
40.02,4.0,1.0
40.03,7.0,1.0
40.04,5.0,2.0
40.05,3.0,1.0
40.06,7.0,1.0
40.07,5.0,3.0
40.08,8.0,2.0
40.09,5.0,1.0
40.1,5.0,1.0
40.11,5.0,3.0
40.12,7.0,2.0
40.13,5.0,2.0
40.14,6.0,2.0
40.15,5.0,2.0
40.16,5.0,1.0
40.17,6.0,1.0
40.18,5.0,2.0
40.19,6.0,2.0
40.2,7.0,2.0
40.21,7.0,0.0
40.22,6.0,1.0
40.23,5.0,2.0
40.24,5.0,2.0
40.25,3.0,2.0
40.26,6.0,2.0
40.27,7.0,2.0
40.28,7.0,2.0
40.29,6.0,2.0
40.3,7.0,1.0
40.31,6.0,2.0
40.32,6.0,0.0
40.33,7.0,2.0
40.34,6.0,2.0
40.35,8.0,3.0
40.36,6.0,2.0
40.37,7.0,1.0
40.38,7.0,2.0
40.39,7.0,1.0
40.4,6.0,1.0
40.41,5.0,3.0
40.42,7.0,3.0
40.43,8.0,2.0
40.44,7.0,1.0
40.45,5.0,2.0
40.46,8.0,1.0
40.47,6.0,1.0
40.48,9.0,2.0
40.49,7.0,2.0
40.5,7.0,2.0
40.51,6.0,2.0
40.52,6.0,0.0
40.53,8.0,3.0
40.54,9.0,1.0
40.55,7.0,3.0
40.56,6.0,2.0
40.57,7.0,3.0
40.58,8.0,2.0
40.59,7.0,2.0
40.6,8.0,1.0
40.61,7.0,2.0
40.62,7.0,1.0
40.63,7.0,1.0
40.64,5.0,2.0
40.65,7.0,2.0
40.66,6.0,2.0
40.67,8.0,1.0
40.68,5.0,2.0
40.69,7.0,2.0
40.7,7.0,1.0
40.71,7.0,2.0
40.72,7.0,2.0
40.73,8.0,3.0
40.74,7.0,3.0
40.75,7.0,2.0
40.76,7.0,1.0
40.77,7.0,2.0
40.78,8.0,2.0
40.79,6.0,1.0
40.8,7.0,1.0
40.81,5.0,2.0
40.82,7.0,1.0
40.83,7.0,2.0
40.84,7.0,1.0
40.85,7.0,1.0
40.86,9.0,2.0
40.87,6.0,2.0
40.88,7.0,2.0
40.89,7.0,2.0
40.9,6.0,2.0
40.91,7.0,2.0
40.92,7.0,0.0
40.93,7.0,1.0
40.94,6.0,2.0
40.95,7.0,0.0
40.96,6.0,2.0
40.97,5.0,1.0
40.98,7.0,1.0
40.99,8.0,1.0
41.0,6.0,1.0
41.01,8.0,1.0
41.02,6.0,1.0
41.03,7.0,1.0
41.04,7.0,1.0
41.05,7.0,2.0
41.06,7.0,1.0
41.07,7.0,2.0
41.08,8.0,2.0
41.09,7.0,2.0
41.1,6.0,1.0
41.11,6.0,0.0
41.12,8.0,2.0
41.13,7.0,2.0
41.14,8.0,1.0
41.15,7.0,1.0
41.16,7.0,2.0
41.17,7.0,1.0
41.18,8.0,0.0
41.19,7.0,1.0
41.2,7.0,1.0
41.21,8.0,1.0
41.22,7.0,2.0
41.23,8.0,2.0
41.24,6.0,2.0
41.25,7.0,1.0
41.26,8.0,1.0
41.27,6.0,1.0
41.28,7.0,2.0
41.29,7.0,2.0
41.3,5.0,2.0
41.31,7.0,1.0
41.32,7.0,1.0
41.33,7.0,2.0
41.34,7.0,2.0
41.35,6.0,1.0
41.36,8.0,3.0
41.37,7.0,1.0
41.38,7.0,0.0
41.39,7.0,2.0
41.4,6.0,1.0
41.41,6.0,1.0
41.42,6.0,0.0
41.43,6.0,2.0
41.44,7.0,1.0
41.45,7.0,2.0
41.46,7.0,3.0
41.47,7.0,2.0
41.48,8.0,0.0
41.49,7.0,1.0
41.5,8.0,3.0
41.51,8.0,1.0
41.52,8.0,1.0
41.53,6.0,0.0
41.54,7.0,2.0
41.55,7.0,2.0
41.56,8.0,1.0
41.57,7.0,2.0
41.58,6.0,1.0
41.59,5.0,2.0
41.6,6.0,2.0
41.61,9.0,2.0
41.62,7.0,2.0
41.63,6.0,2.0
41.64,7.0,1.0
41.65,6.0,2.0
41.66,5.0,1.0
41.67,8.0,2.0
41.68,8.0,1.0
41.69,7.0,1.0
41.7,8.0,2.0
41.71,8.0,3.0
41.72,7.0,3.0
41.73,7.0,2.0
41.74,6.0,2.0
41.75,8.0,1.0
41.76,7.0,2.0
41.77,7.0,3.0
41.78,7.0,3.0
41.79,7.0,1.0
41.8,7.0,2.0
41.81,7.0,2.0
41.82,7.0,3.0
41.83,6.0,3.0
41.84,7.0,2.0
41.85,6.0,3.0
41.86,7.0,3.0
41.87,7.0,1.0
41.88,7.0,3.0
41.89,8.0,3.0
41.9,6.0,2.0
41.91,9.0,1.0
41.92,5.0,2.0
41.93,7.0,2.0
41.94,7.0,1.0
41.95,6.0,1.0
41.96,6.0,3.0
41.97,6.0,1.0
41.98,7.0,2.0
41.99,7.0,2.0
42.0,6.0,2.0
42.01,6.0,1.0
42.02,7.0,2.0
42.03,6.0,1.0
42.04,7.0,2.0
42.05,7.0,1.0
42.06,6.0,0.0
42.07,7.0,2.0
42.08,5.0,2.0
42.09,6.0,2.0
42.1,6.0,1.0
42.11,6.0,1.0
42.12,5.0,2.0
42.13,6.0,3.0
42.14,6.0,0.0
42.15,6.0,2.0
42.16,6.0,2.0
42.17,7.0,1.0
42.18,7.0,2.0
42.19,5.0,2.0
42.2,7.0,2.0
42.21,4.0,1.0
42.22,5.0,0.0
42.23,5.0,1.0
42.24,4.0,2.0
42.25,7.0,2.0
42.26,6.0,2.0
42.27,6.0,1.0
42.28,5.0,2.0
42.29,7.0,2.0
42.3,6.0,1.0
42.31,5.0,1.0
42.32,5.0,2.0
42.33,5.0,1.0
42.34,4.0,2.0
42.35,6.0,2.0
42.36,7.0,1.0
42.37,6.0,2.0
42.38,6.0,2.0
42.39,6.0,1.0
42.4,6.0,3.0
42.41,5.0,2.0
42.42,6.0,3.0
42.43,5.0,2.0
42.44,6.0,2.0
42.45,6.0,2.0
42.46,5.0,4.0
42.47,5.0,1.0
42.48,6.0,1.0
42.49,6.0,2.0
42.5,6.0,2.0
42.51,6.0,3.0
42.52,6.0,2.0
42.53,5.0,2.0
42.54,4.0,1.0
42.55,6.0,2.0
42.56,5.0,1.0
42.57,6.0,2.0
42.58,6.0,1.0
42.59,6.0,2.0
42.6,8.0,3.0
42.61,6.0,1.0
42.62,4.0,2.0
42.63,5.0,2.0
42.64,5.0,1.0
42.65,5.0,1.0
42.66,7.0,2.0
42.67,6.0,2.0
42.68,5.0,1.0
42.69,5.0,1.0
42.7,6.0,1.0
42.71,3.0,1.0
42.72,4.0,3.0
42.73,5.0,2.0
42.74,5.0,1.0
42.75,5.0,2.0
42.76,5.0,1.0
42.77,5.0,2.0
42.78,5.0,2.0
42.79,3.0,2.0
42.8,6.0,1.0
42.81,6.0,1.0
42.82,6.0,2.0
42.83,6.0,1.0
42.84,5.0,2.0
42.85,5.0,1.0
42.86,5.0,2.0
42.87,4.0,1.0
42.88,4.0,1.0
42.89,4.0,1.0
42.9,5.0,1.0
42.91,5.0,2.0
42.92,5.0,2.0
42.93,6.0,2.0
42.94,6.0,1.0
42.95,6.0,2.0
42.96,6.0,2.0
42.97,7.0,1.0
42.98,6.0,2.0
42.99,5.0,1.0
43.0,6.0,2.0
43.01,6.0,1.0
43.02,7.0,1.0
43.03,5.0,2.0
43.04,5.0,4.0
43.05,6.0,1.0
43.06,6.0,2.0
43.07,4.0,0.0
43.08,5.0,2.0
43.09,6.0,0.0
43.1,5.0,2.0
43.11,6.0,4.0
43.12,6.0,2.0
43.13,6.0,2.0
43.14,5.0,1.0
43.15,5.0,3.0
43.16,5.0,2.0
43.17,5.0,1.0
43.18,7.0,2.0
43.19,5.0,1.0
43.2,6.0,1.0
43.21,6.0,2.0
43.22,6.0,1.0
43.23,6.0,1.0
43.24,6.0,2.0
43.25,4.0,2.0
43.26,5.0,2.0
43.27,5.0,1.0
43.28,6.0,3.0
43.29,5.0,2.0
43.3,6.0,2.0
43.31,5.0,1.0
43.32,5.0,1.0
43.33,4.0,2.0
43.34,5.0,2.0
43.35,4.0,2.0
43.36,5.0,3.0
43.37,6.0,1.0
43.38,6.0,1.0
43.39,5.0,2.0
43.4,6.0,2.0
43.41,5.0,0.0
43.42,6.0,1.0
43.43,5.0,1.0
43.44,4.0,2.0
43.45,3.0,1.0
43.46,5.0,2.0
43.47,4.0,0.0
43.48,5.0,2.0
43.49,4.0,1.0
43.5,6.0,2.0
43.51,5.0,1.0
43.52,5.0,2.0
43.53,6.0,1.0
43.54,6.0,2.0
43.55,5.0,1.0
43.56,5.0,1.0
43.57,5.0,2.0
43.58,5.0,2.0
43.59,5.0,1.0
43.6,4.0,2.0
43.61,2.0,2.0
43.62,4.0,3.0
43.63,5.0,2.0
43.64,4.0,1.0
43.65,6.0,1.0
43.66,6.0,1.0
43.67,6.0,0.0
43.68,6.0,1.0
43.69,7.0,2.0
43.7,7.0,1.0
43.71,6.0,2.0
43.72,6.0,2.0
43.73,6.0,2.0
43.74,7.0,3.0
43.75,6.0,1.0
43.76,6.0,1.0
43.77,6.0,2.0
43.78,6.0,2.0
43.79,6.0,2.0
43.8,5.0,1.0
43.81,4.0,2.0
43.82,5.0,1.0
43.83,2.0,2.0
43.84,5.0,1.0
43.85,5.0,3.0
43.86,5.0,1.0
43.87,4.0,0.0
43.88,7.0,1.0
43.89,6.0,1.0
43.9,7.0,2.0
43.91,6.0,1.0
43.92,7.0,0.0
43.93,6.0,1.0
43.94,6.0,2.0
43.95,7.0,0.0
43.96,5.0,2.0
43.97,6.0,3.0
43.98,6.0,1.0
43.99,6.0,3.0
44.0,6.0,2.0
44.01,7.0,2.0
44.02,7.0,1.0
44.03,7.0,2.0
44.04,6.0,2.0
44.05,6.0,2.0
44.06,5.0,2.0
44.07,5.0,1.0
44.08,6.0,2.0
44.09,6.0,2.0
44.1,6.0,3.0
44.11,7.0,1.0
44.12,6.0,2.0
44.13,4.0,2.0
44.14,4.0,3.0
44.15,6.0,1.0
44.16,6.0,1.0
44.17,5.0,2.0
44.18,5.0,1.0
44.19,8.0,2.0
44.2,6.0,1.0
44.21,5.0,2.0
44.22,6.0,0.0
44.23,6.0,2.0
44.24,4.0,2.0
44.25,6.0,3.0
44.26,6.0,1.0
44.27,6.0,1.0
44.28,6.0,2.0
44.29,5.0,1.0
44.3,8.0,0.0
44.31,7.0,1.0
44.32,3.0,1.0
44.33,9.0,1.0
44.34,6.0,2.0
44.35,8.0,0.0
44.36,7.0,0.0
44.37,8.0,2.0
44.38,6.0,2.0
44.39,4.0,2.0
44.4,8.0,1.0
44.41,5.0,2.0
44.42,5.0,2.0
44.43,7.0,1.0
44.44,7.0,2.0
44.45,5.0,2.0
44.46,6.0,2.0
44.47,6.0,2.0
44.48,8.0,2.0
44.49,5.0,3.0
44.5,5.0,2.0
44.51,6.0,2.0
44.52,6.0,2.0
44.53,7.0,1.0
44.54,6.0,2.0
44.55,6.0,2.0
44.56,8.0,2.0
44.57,7.0,2.0
44.58,7.0,4.0
44.59,5.0,2.0
44.6,6.0,2.0
44.61,5.0,3.0
44.62,7.0,2.0
44.63,7.0,2.0
44.64,6.0,1.0
44.65,7.0,2.0
44.66,7.0,1.0
44.67,7.0,2.0
44.68,6.0,1.0
44.69,8.0,2.0
44.7,6.0,2.0
44.71,8.0,1.0
44.72,7.0,1.0
44.73,6.0,2.0
44.74,4.0,3.0
44.75,7.0,1.0
44.76,6.0,2.0
44.77,7.0,0.0
44.78,8.0,3.0
44.79,6.0,3.0
44.8,7.0,0.0
44.81,6.0,1.0
44.82,6.0,2.0
44.83,8.0,3.0
44.84,7.0,2.0
44.85,7.0,0.0
44.86,7.0,2.0
44.87,7.0,1.0
44.88,7.0,2.0
44.89,7.0,1.0
44.9,7.0,0.0
44.91,7.0,2.0
44.92,4.0,3.0
44.93,7.0,2.0
44.94,7.0,2.0
44.95,6.0,3.0
44.96,7.0,2.0
44.97,7.0,1.0
44.98,7.0,3.0
44.99,7.0,3.0
45.0,8.0,2.0
45.01,7.0,2.0
45.02,7.0,2.0
45.03,7.0,0.0
45.04,7.0,1.0
45.05,6.0,2.0
45.06,7.0,2.0
45.07,7.0,3.0
45.08,7.0,2.0
45.09,8.0,2.0
45.1,7.0,1.0
45.11,7.0,2.0
45.12,7.0,1.0
45.13,7.0,1.0
45.14,7.0,2.0
45.15,7.0,3.0
45.16,6.0,2.0
45.17,7.0,1.0
45.18,7.0,3.0
45.19,7.0,1.0
45.2,6.0,1.0
45.21,6.0,3.0
45.22,7.0,2.0
45.23,6.0,2.0
45.24,8.0,2.0
45.25,8.0,3.0
45.26,7.0,1.0
45.27,5.0,2.0
45.28,7.0,2.0
45.29,5.0,1.0
45.3,7.0,3.0
45.31,7.0,2.0
45.32,7.0,2.0
45.33,7.0,2.0
45.34,7.0,2.0
45.35,6.0,2.0
45.36,7.0,1.0
45.37,7.0,2.0
45.38,6.0,2.0
45.39,6.0,2.0
45.4,7.0,2.0
45.41,7.0,1.0
45.42,7.0,2.0
45.43,6.0,2.0
45.44,7.0,1.0
45.45,7.0,2.0
45.46,7.0,2.0
45.47,6.0,1.0
45.48,6.0,2.0
45.49,6.0,2.0
45.5,6.0,2.0
45.51,6.0,2.0
45.52,6.0,2.0
45.53,6.0,2.0
45.54,6.0,2.0
45.55,6.0,2.0
45.56,6.0,2.0
45.57,7.0,3.0
45.58,6.0,1.0
45.59,6.0,1.0
45.6,8.0,2.0
45.61,6.0,2.0
45.62,7.0,3.0
45.63,7.0,1.0
45.64,6.0,2.0
45.65,6.0,1.0
45.66,7.0,2.0
45.67,7.0,2.0
45.68,7.0,2.0
45.69,7.0,2.0
45.7,6.0,2.0
45.71,7.0,0.0
45.72,8.0,2.0
45.73,6.0,1.0
45.74,7.0,1.0
45.75,6.0,2.0
45.76,4.0,2.0
45.77,5.0,1.0
45.78,7.0,2.0
45.79,8.0,2.0
45.8,5.0,1.0
45.81,4.0,2.0
45.82,8.0,1.0
45.83,8.0,1.0
45.84,9.0,2.0
45.85,7.0,2.0
45.86,7.0,2.0
45.87,7.0,2.0
45.88,6.0,2.0
45.89,7.0,2.0
45.9,7.0,2.0
45.91,5.0,2.0
45.92,7.0,1.0
45.93,6.0,2.0
45.94,4.0,1.0
45.95,6.0,2.0
45.96,5.0,2.0
45.97,5.0,2.0
45.98,7.0,2.0
45.99,6.0,2.0
46.0,6.0,0.0
46.01,6.0,1.0
46.02,5.0,1.0
46.03,8.0,0.0
46.04,5.0,2.0
46.05,6.0,2.0
46.06,5.0,0.0
46.07,7.0,1.0
46.08,6.0,0.0
46.09,6.0,1.0
46.1,5.0,1.0
46.11,6.0,2.0
46.12,6.0,2.0
46.13,7.0,1.0
46.14,5.0,3.0
46.15,7.0,2.0
46.16,6.0,2.0
46.17,7.0,2.0
46.18,5.0,1.0
46.19,6.0,2.0
46.2,8.0,1.0
46.21,6.0,1.0
46.22,8.0,1.0
46.23,7.0,2.0
46.24,7.0,2.0
46.25,5.0,2.0
46.26,7.0,2.0
46.27,5.0,2.0
46.28,5.0,2.0
46.29,6.0,1.0
46.3,7.0,1.0
46.31,8.0,2.0
46.32,7.0,1.0
46.33,7.0,0.0
46.34,5.0,2.0
46.35,6.0,2.0
46.36,4.0,2.0
46.37,7.0,2.0
46.38,4.0,2.0
46.39,6.0,1.0
46.4,4.0,2.0
46.41,6.0,1.0
46.42,6.0,2.0
46.43,4.0,2.0
46.44,7.0,2.0
46.45,6.0,2.0
46.46,7.0,2.0
46.47,6.0,1.0
46.48,7.0,2.0
46.49,6.0,1.0
46.5,8.0,2.0
46.51,5.0,2.0
46.52,7.0,2.0
46.53,7.0,2.0
46.54,6.0,2.0
46.55,7.0,1.0
46.56,5.0,2.0
46.57,5.0,2.0
46.58,6.0,2.0
46.59,6.0,0.0
46.6,5.0,3.0
46.61,6.0,3.0
46.62,7.0,2.0
46.63,7.0,2.0
46.64,5.0,2.0
46.65,7.0,0.0
46.66,6.0,1.0
46.67,6.0,1.0
46.68,7.0,2.0
46.69,7.0,2.0
46.7,6.0,2.0
46.71,6.0,2.0
46.72,7.0,1.0
46.73,6.0,2.0
46.74,6.0,1.0
46.75,7.0,2.0
46.76,7.0,1.0
46.77,7.0,2.0
46.78,7.0,3.0
46.79,7.0,2.0
46.8,6.0,2.0
46.81,7.0,2.0
46.82,6.0,2.0
46.83,6.0,3.0
46.84,9.0,3.0
46.85,7.0,2.0
46.86,7.0,2.0
46.87,7.0,2.0
46.88,7.0,2.0
46.89,6.0,3.0
46.9,7.0,1.0
46.91,4.0,2.0
46.92,6.0,3.0
46.93,7.0,3.0
46.94,6.0,4.0
46.95,7.0,3.0
46.96,6.0,3.0
46.97,6.0,3.0
46.98,8.0,2.0
46.99,8.0,3.0
47.0,6.0,2.0
47.01,8.0,4.0
47.02,7.0,3.0
47.03,8.0,3.0
47.04,8.0,3.0
47.05,7.0,3.0
47.06,6.0,2.0
47.07,7.0,2.0
47.08,7.0,2.0
47.09,5.0,2.0
47.1,5.0,1.0
47.11,7.0,2.0
47.12,5.0,5.0
47.13,6.0,2.0
47.14,6.0,3.0
47.15,7.0,1.0
47.16,6.0,3.0
47.17,7.0,4.0
47.18,6.0,3.0
47.19,8.0,3.0
47.2,6.0,3.0
47.21,7.0,3.0
47.22,6.0,2.0
47.23,7.0,2.0
47.24,7.0,3.0
47.25,5.0,3.0
47.26,5.0,2.0
47.27,5.0,3.0
47.28,6.0,3.0
47.29,5.0,3.0
47.3,6.0,2.0
47.31,5.0,3.0
47.32,6.0,2.0
47.33,5.0,2.0
47.34,6.0,3.0
47.35,6.0,2.0
47.36,5.0,3.0
47.37,7.0,2.0
47.38,4.0,2.0
47.39,5.0,3.0
47.4,5.0,3.0
47.41,6.0,3.0
47.42,5.0,2.0
47.43,5.0,3.0
47.44,4.0,2.0
47.45,6.0,1.0
47.46,3.0,3.0
47.47,6.0,3.0
47.48,7.0,1.0
47.49,6.0,2.0
47.5,6.0,2.0
47.51,6.0,3.0
47.52,5.0,4.0
47.53,7.0,1.0
47.54,6.0,3.0
47.55,7.0,5.0
47.56,8.0,3.0
47.57,6.0,3.0
47.58,6.0,3.0
47.59,6.0,3.0
47.6,6.0,4.0
47.61,7.0,2.0
47.62,7.0,3.0
47.63,6.0,2.0
47.64,6.0,2.0
47.65,8.0,1.0
47.66,8.0,3.0
47.67,7.0,2.0
47.68,8.0,1.0
47.69,7.0,1.0
47.7,6.0,3.0
47.71,7.0,2.0
47.72,6.0,4.0
47.73,7.0,3.0
47.74,7.0,2.0
47.75,7.0,1.0
47.76,7.0,2.0
47.77,7.0,1.0
47.78,6.0,2.0
47.79,7.0,1.0
47.8,5.0,2.0
47.81,6.0,1.0
47.82,7.0,2.0
47.83,7.0,2.0
47.84,6.0,1.0
47.85,7.0,3.0
47.86,5.0,0.0
47.87,5.0,2.0
47.88,7.0,2.0
47.89,7.0,2.0
47.9,6.0,2.0
47.91,8.0,2.0
47.92,7.0,2.0
47.93,8.0,2.0
47.94,4.0,1.0
47.95,6.0,2.0
47.96,6.0,0.0
47.97,7.0,2.0
47.98,6.0,1.0
47.99,6.0,2.0
48.0,6.0,3.0
48.01,6.0,2.0
48.02,5.0,2.0
48.03,6.0,2.0
48.04,6.0,1.0
48.05,7.0,1.0
48.06,6.0,2.0
48.07,5.0,0.0
48.08,7.0,2.0
48.09,6.0,2.0
48.1,6.0,3.0
48.11,6.0,1.0
48.12,7.0,3.0
48.13,7.0,2.0
48.14,7.0,2.0
48.15,8.0,1.0
48.16,8.0,1.0
48.17,7.0,2.0
48.18,5.0,1.0
48.19,7.0,2.0
48.2,7.0,2.0
48.21,7.0,2.0
48.22,7.0,2.0
48.23,6.0,1.0
48.24,6.0,1.0
48.25,5.0,2.0
48.26,6.0,2.0
48.27,6.0,1.0
48.28,4.0,1.0
48.29,6.0,1.0
48.3,7.0,1.0
48.31,6.0,1.0
48.32,4.0,2.0
48.33,6.0,1.0
48.34,4.0,2.0
48.35,6.0,1.0
48.36,7.0,2.0
48.37,7.0,2.0
48.38,6.0,3.0
48.39,4.0,0.0
48.4,7.0,2.0
48.41,7.0,2.0
48.42,6.0,2.0
48.43,7.0,1.0
48.44,7.0,1.0
48.45,7.0,1.0
48.46,5.0,1.0
48.47,7.0,1.0
48.48,5.0,1.0
48.49,6.0,2.0
48.5,7.0,2.0
48.51,7.0,1.0
48.52,6.0,2.0
48.53,6.0,2.0
48.54,7.0,1.0
48.55,5.0,1.0
48.56,7.0,1.0
48.57,6.0,3.0
48.58,5.0,1.0
48.59,5.0,1.0
48.6,5.0,2.0
48.61,7.0,0.0
48.62,6.0,1.0
48.63,5.0,2.0
48.64,6.0,2.0
48.65,4.0,2.0
48.66,6.0,1.0
48.67,6.0,2.0
48.68,5.0,1.0
48.69,7.0,2.0
48.7,6.0,2.0
48.71,5.0,2.0
48.72,6.0,3.0
48.73,6.0,2.0
48.74,7.0,2.0
48.75,6.0,2.0
48.76,6.0,1.0
48.77,6.0,2.0
48.78,5.0,1.0
48.79,6.0,1.0
48.8,6.0,1.0
48.81,5.0,1.0
48.82,6.0,2.0
48.83,8.0,3.0
48.84,7.0,1.0
48.85,7.0,1.0
48.86,6.0,2.0
48.87,6.0,0.0
48.88,6.0,2.0
48.89,7.0,2.0
48.9,6.0,1.0
48.91,4.0,1.0
48.92,5.0,1.0
48.93,6.0,2.0
48.94,7.0,1.0
48.95,6.0,3.0
48.96,5.0,3.0
48.97,6.0,1.0
48.98,7.0,3.0
48.99,5.0,2.0
49.0,6.0,3.0
49.01,5.0,1.0
49.02,6.0,0.0
49.03,7.0,2.0
49.04,7.0,3.0
49.05,6.0,3.0
49.06,6.0,2.0
49.07,3.0,2.0
49.08,7.0,1.0
49.09,7.0,3.0
49.1,7.0,3.0
49.11,6.0,3.0
49.12,6.0,2.0
49.13,4.0,3.0
49.14,9.0,3.0
49.15,7.0,2.0
49.16,7.0,3.0
49.17,7.0,2.0
49.18,6.0,2.0
49.19,4.0,2.0
49.2,7.0,3.0
49.21,6.0,2.0
49.22,5.0,3.0
49.23,7.0,2.0
49.24,8.0,3.0
49.25,5.0,3.0
49.26,5.0,4.0
49.27,5.0,2.0
49.28,6.0,2.0
49.29,6.0,2.0
49.3,6.0,3.0
49.31,8.0,2.0
49.32,6.0,2.0
49.33,5.0,3.0
49.34,6.0,3.0
49.35,5.0,3.0
49.36,5.0,3.0
49.37,6.0,3.0
49.38,7.0,2.0
49.39,5.0,3.0
49.4,4.0,3.0
49.41,6.0,4.0
49.42,7.0,3.0
49.43,7.0,3.0
49.44,8.0,4.0
49.45,8.0,2.0
49.46,5.0,3.0
49.47,5.0,3.0
49.48,6.0,3.0
49.49,6.0,2.0
49.5,5.0,3.0
49.51,8.0,2.0
49.52,6.0,3.0
49.53,5.0,2.0
49.54,6.0,4.0
49.55,4.0,2.0
49.56,5.0,2.0
49.57,6.0,4.0
49.58,7.0,4.0
49.59,6.0,4.0
49.6,7.0,2.0
49.61,4.0,2.0
49.62,7.0,4.0
49.63,7.0,4.0
49.64,6.0,4.0
49.65,6.0,3.0
49.66,6.0,1.0
49.67,6.0,3.0
49.68,8.0,3.0
49.69,7.0,4.0
49.7,5.0,3.0
49.71,6.0,3.0
49.72,5.0,2.0
49.73,7.0,2.0
49.74,9.0,2.0
49.75,6.0,2.0
49.76,5.0,3.0
49.77,6.0,1.0
49.78,5.0,3.0
49.79,7.0,2.0
49.8,6.0,3.0
49.81,6.0,3.0
49.82,9.0,1.0
49.83,6.0,2.0
49.84,5.0,2.0
49.85,7.0,1.0
49.86,6.0,2.0
49.87,7.0,1.0
49.88,6.0,1.0
49.89,7.0,3.0
49.9,8.0,2.0
49.91,7.0,1.0
49.92,6.0,2.0
49.93,9.0,3.0
49.94,6.0,1.0
49.95,7.0,1.0
49.96,6.0,1.0
49.97,8.0,2.0
49.98,7.0,4.0
49.99,6.0,3.0
50.0,7.0,3.0
50.01,6.0,3.0
50.02,5.0,3.0
50.03,6.0,2.0
50.04,6.0,2.0
50.05,6.0,2.0
50.06,9.0,3.0
50.07,7.0,4.0
50.08,6.0,3.0
50.09,7.0,3.0
50.1,8.0,2.0
50.11,7.0,2.0
50.12,7.0,2.0
50.13,6.0,2.0
50.14,5.0,4.0
50.15,7.0,4.0
50.16,5.0,2.0
50.17,6.0,2.0
50.18,6.0,1.0
50.19,6.0,3.0
50.2,9.0,2.0
50.21,8.0,2.0
50.22,7.0,3.0
50.23,8.0,3.0
50.24,6.0,2.0
50.25,7.0,2.0
50.26,7.0,3.0
50.27,7.0,4.0
50.28,8.0,2.0
50.29,8.0,3.0
50.3,7.0,3.0
50.31,7.0,2.0
50.32,7.0,1.0
50.33,7.0,3.0
50.34,6.0,3.0
50.35,8.0,3.0
50.36,6.0,2.0
50.37,6.0,2.0
50.38,4.0,2.0
50.39,6.0,3.0
50.4,5.0,2.0
50.41,6.0,3.0
50.42,6.0,2.0
50.43,5.0,3.0
50.44,5.0,2.0
50.45,4.0,2.0
50.46,7.0,2.0
50.47,8.0,3.0
50.48,6.0,2.0
50.49,6.0,2.0
50.5,7.0,2.0
50.51,7.0,1.0
50.52,7.0,2.0
50.53,8.0,1.0
50.54,8.0,1.0
50.55,7.0,1.0
50.56,6.0,1.0
50.57,8.0,4.0
50.58,7.0,3.0
50.59,8.0,4.0
50.6,8.0,3.0
50.61,7.0,1.0
50.62,6.0,2.0
50.63,8.0,3.0
50.64,7.0,2.0
50.65,9.0,1.0
50.66,7.0,2.0
50.67,7.0,1.0
50.68,8.0,3.0
50.69,8.0,3.0
50.7,7.0,2.0
50.71,8.0,2.0
50.72,6.0,3.0
50.73,6.0,2.0
50.74,6.0,1.0
50.75,4.0,2.0
50.76,7.0,2.0
50.77,6.0,1.0
50.78,5.0,2.0
50.79,8.0,2.0
50.8,8.0,1.0
50.81,7.0,3.0
50.82,8.0,2.0
50.83,7.0,4.0
50.84,8.0,3.0
50.85,8.0,2.0
50.86,7.0,3.0
50.87,7.0,0.0
50.88,5.0,3.0
50.89,6.0,3.0
50.9,8.0,3.0
50.91,8.0,2.0
50.92,9.0,2.0
50.93,8.0,2.0
50.94,4.0,2.0
50.95,7.0,2.0
50.96,8.0,2.0
50.97,6.0,3.0
50.98,7.0,2.0
50.99,4.0,2.0
51.0,6.0,2.0
51.01,6.0,3.0
51.02,4.0,2.0
51.03,7.0,3.0
51.04,8.0,2.0
51.05,6.0,3.0
51.06,7.0,3.0
51.07,6.0,1.0
51.08,5.0,1.0
51.09,6.0,2.0
51.1,5.0,2.0
51.11,6.0,3.0
51.12,6.0,3.0
51.13,6.0,2.0
51.14,4.0,2.0
51.15,5.0,2.0
51.16,5.0,3.0
51.17,6.0,3.0
51.18,6.0,3.0
51.19,3.0,1.0
51.2,4.0,3.0
51.21,6.0,2.0
51.22,6.0,1.0
51.23,6.0,2.0
51.24,6.0,2.0
51.25,6.0,3.0
51.26,6.0,3.0
51.27,8.0,3.0
51.28,5.0,2.0
51.29,6.0,1.0
51.3,7.0,2.0
51.31,6.0,2.0
51.32,7.0,2.0
51.33,9.0,2.0
51.34,7.0,3.0
51.35,7.0,1.0
51.36,5.0,2.0
51.37,6.0,2.0
51.38,7.0,2.0
51.39,6.0,1.0
51.4,6.0,3.0
51.41,7.0,1.0
51.42,6.0,2.0
51.43,6.0,2.0
51.44,6.0,2.0
51.45,5.0,1.0
51.46,5.0,1.0
51.47,5.0,1.0
51.48,6.0,1.0
51.49,5.0,2.0
51.5,5.0,3.0
51.51,7.0,1.0
51.52,6.0,3.0
51.53,6.0,2.0
51.54,6.0,2.0
51.55,7.0,2.0
51.56,7.0,3.0
51.57,7.0,3.0
51.58,7.0,2.0
51.59,8.0,2.0
51.6,6.0,2.0
51.61,6.0,1.0
51.62,6.0,1.0
51.63,6.0,1.0
51.64,5.0,2.0
51.65,8.0,2.0
51.66,6.0,3.0
51.67,6.0,2.0
51.68,7.0,1.0
51.69,7.0,1.0
51.7,7.0,1.0
51.71,7.0,3.0
51.72,6.0,3.0
51.73,7.0,2.0
51.74,7.0,1.0
51.75,8.0,2.0
51.76,6.0,2.0
51.77,8.0,2.0
51.78,7.0,2.0
51.79,7.0,2.0
51.8,7.0,2.0
51.81,8.0,1.0
51.82,7.0,3.0
51.83,7.0,2.0
51.84,5.0,0.0
51.85,6.0,4.0
51.86,7.0,2.0
51.87,6.0,2.0
51.88,7.0,3.0
51.89,7.0,2.0
51.9,6.0,3.0
51.91,7.0,3.0
51.92,5.0,1.0
51.93,7.0,2.0
51.94,8.0,1.0
51.95,4.0,1.0
51.96,5.0,2.0
51.97,4.0,1.0
51.98,6.0,0.0
51.99,7.0,1.0
52.0,6.0,1.0
52.01,7.0,1.0
52.02,6.0,3.0
52.03,6.0,1.0
52.04,7.0,2.0
52.05,8.0,1.0
52.06,5.0,1.0
52.07,6.0,1.0
52.08,6.0,1.0
52.09,7.0,2.0
52.1,7.0,2.0
52.11,7.0,1.0
52.12,5.0,0.0
52.13,6.0,2.0
52.14,6.0,2.0
52.15,7.0,2.0
52.16,6.0,1.0
52.17,6.0,0.0
52.18,4.0,1.0
52.19,6.0,2.0
52.2,6.0,2.0
52.21,6.0,2.0
52.22,7.0,2.0
52.23,7.0,0.0
52.24,7.0,1.0
52.25,7.0,1.0
52.26,7.0,2.0
52.27,8.0,1.0
52.28,7.0,2.0
52.29,6.0,3.0
52.3,5.0,2.0
52.31,5.0,2.0
52.32,4.0,1.0
52.33,6.0,1.0
52.34,5.0,1.0
52.35,6.0,1.0
52.36,5.0,2.0
52.37,5.0,2.0
52.38,6.0,1.0
52.39,6.0,1.0
52.4,7.0,3.0
52.41,5.0,2.0
52.42,5.0,1.0
52.43,7.0,1.0
52.44,7.0,1.0
52.45,4.0,1.0
52.46,5.0,2.0
52.47,6.0,3.0
52.48,6.0,1.0
52.49,5.0,3.0
52.5,5.0,2.0
52.51,7.0,2.0
52.52,4.0,2.0
52.53,6.0,0.0
52.54,4.0,0.0
52.55,6.0,2.0
52.56,3.0,2.0
52.57,6.0,2.0
52.58,4.0,2.0
52.59,5.0,1.0
52.6,5.0,2.0
52.61,6.0,2.0
52.62,6.0,1.0
52.63,5.0,1.0
52.64,4.0,2.0
52.65,4.0,2.0
52.66,4.0,2.0
52.67,8.0,2.0
52.68,6.0,2.0
52.69,6.0,2.0
52.7,6.0,1.0
52.71,5.0,1.0
52.72,4.0,0.0
52.73,6.0,1.0
52.74,7.0,2.0
52.75,6.0,2.0
52.76,6.0,2.0
52.77,6.0,2.0
52.78,6.0,1.0
52.79,7.0,1.0
52.8,6.0,1.0
52.81,7.0,1.0
52.82,7.0,1.0
52.83,4.0,2.0
52.84,6.0,2.0
52.85,7.0,1.0
52.86,6.0,2.0
52.87,6.0,2.0
52.88,4.0,2.0
52.89,4.0,2.0
52.9,4.0,2.0
52.91,7.0,1.0
52.92,7.0,2.0
52.93,4.0,1.0
52.94,4.0,2.0
52.95,5.0,1.0
52.96,5.0,1.0
52.97,4.0,2.0
52.98,5.0,1.0
52.99,7.0,1.0
53.0,7.0,1.0
53.01,5.0,1.0
53.02,7.0,2.0
53.03,6.0,2.0
53.04,7.0,1.0
53.05,6.0,2.0
53.06,5.0,1.0
53.07,5.0,2.0
53.08,5.0,2.0
53.09,6.0,1.0
53.1,5.0,1.0
53.11,7.0,1.0
53.12,5.0,1.0
53.13,4.0,2.0
53.14,6.0,2.0
53.15,6.0,2.0
53.16,8.0,1.0
53.17,6.0,2.0
53.18,5.0,2.0
53.19,6.0,2.0
53.2,6.0,1.0
53.21,6.0,2.0
53.22,6.0,0.0
53.23,3.0,2.0
53.24,6.0,2.0
53.25,7.0,1.0
53.26,2.0,1.0
53.27,4.0,1.0
53.28,5.0,1.0
53.29,5.0,3.0
53.3,4.0,3.0
53.31,4.0,2.0
53.32,6.0,1.0
53.33,6.0,2.0
53.34,5.0,2.0
53.35,5.0,2.0
53.36,6.0,2.0
53.37,6.0,1.0
53.38,6.0,2.0
53.39,6.0,1.0
53.4,6.0,1.0
53.41,5.0,2.0
53.42,7.0,2.0
53.43,5.0,2.0
53.44,4.0,2.0
53.45,6.0,2.0
53.46,5.0,1.0
53.47,7.0,1.0
53.48,5.0,2.0
53.49,5.0,1.0
53.5,5.0,1.0
53.51,3.0,1.0
53.52,5.0,1.0
53.53,5.0,2.0
53.54,6.0,2.0
53.55,4.0,2.0
53.56,6.0,2.0
53.57,7.0,1.0
53.58,5.0,2.0
53.59,8.0,2.0
53.6,6.0,1.0
53.61,5.0,2.0
53.62,7.0,1.0
53.63,6.0,1.0
53.64,8.0,2.0
53.65,4.0,0.0
53.66,7.0,2.0
53.67,5.0,1.0
53.68,5.0,1.0
53.69,7.0,1.0
53.7,5.0,2.0
53.71,5.0,2.0
53.72,6.0,2.0
53.73,5.0,1.0
53.74,5.0,2.0
53.75,5.0,2.0
53.76,4.0,2.0
53.77,5.0,2.0
53.78,5.0,2.0
53.79,5.0,2.0
53.8,2.0,2.0
53.81,5.0,2.0
53.82,6.0,1.0
53.83,6.0,3.0
53.84,5.0,2.0
53.85,6.0,2.0
53.86,5.0,2.0
53.87,7.0,2.0
53.88,6.0,2.0
53.89,6.0,1.0
53.9,6.0,2.0
53.91,6.0,2.0
53.92,8.0,2.0
53.93,6.0,2.0
53.94,7.0,2.0
53.95,5.0,1.0
53.96,5.0,1.0
53.97,6.0,1.0
53.98,6.0,3.0
53.99,4.0,1.0
54.0,5.0,2.0
54.01,6.0,2.0
54.02,6.0,2.0
54.03,6.0,1.0
54.04,5.0,2.0
54.05,7.0,2.0
54.06,5.0,1.0
54.07,5.0,2.0
54.08,4.0,2.0
54.09,6.0,1.0
54.1,5.0,1.0
54.11,6.0,2.0
54.12,6.0,2.0
54.13,6.0,2.0
54.14,6.0,1.0
54.15,6.0,1.0
54.16,7.0,2.0
54.17,6.0,1.0
54.18,6.0,2.0
54.19,6.0,2.0
54.2,8.0,1.0
54.21,6.0,2.0
54.22,5.0,2.0
54.23,6.0,2.0
54.24,5.0,2.0
54.25,6.0,1.0
54.26,6.0,1.0
54.27,6.0,1.0
54.28,5.0,2.0
54.29,6.0,2.0
54.3,7.0,2.0
54.31,6.0,2.0
54.32,6.0,2.0
54.33,7.0,2.0
54.34,6.0,2.0
54.35,5.0,3.0
54.36,7.0,1.0
54.37,6.0,2.0
54.38,7.0,1.0
54.39,4.0,1.0
54.4,6.0,1.0
54.41,7.0,0.0
54.42,6.0,3.0
54.43,5.0,3.0
54.44,4.0,1.0
54.45,6.0,1.0
54.46,6.0,2.0
54.47,4.0,0.0
54.48,6.0,1.0
54.49,5.0,2.0
54.5,3.0,1.0
54.51,7.0,1.0
54.52,6.0,1.0
54.53,6.0,2.0
54.54,5.0,2.0
54.55,6.0,1.0
54.56,6.0,0.0
54.57,5.0,2.0
54.58,7.0,1.0
54.59,5.0,2.0
54.6,5.0,1.0
54.61,7.0,2.0
54.62,6.0,1.0
54.63,6.0,1.0
54.64,5.0,3.0
54.65,4.0,2.0
54.66,6.0,1.0
54.67,5.0,1.0
54.68,6.0,0.0
54.69,7.0,2.0
54.7,7.0,2.0
54.71,6.0,1.0
54.72,6.0,2.0
54.73,5.0,1.0
54.74,5.0,2.0
54.75,6.0,2.0
54.76,5.0,2.0
54.77,4.0,2.0
54.78,6.0,1.0
54.79,5.0,2.0
54.8,5.0,2.0
54.81,5.0,1.0
54.82,5.0,2.0
54.83,5.0,1.0
54.84,5.0,1.0
54.85,5.0,2.0
54.86,5.0,1.0
54.87,8.0,2.0
54.88,6.0,1.0
54.89,5.0,1.0
54.9,5.0,1.0
54.91,6.0,2.0
54.92,6.0,1.0
54.93,5.0,1.0
54.94,4.0,2.0
54.95,6.0,1.0
54.96,3.0,1.0
54.97,5.0,1.0
54.98,7.0,1.0
54.99,4.0,2.0
55.0,5.0,1.0
55.01,5.0,2.0
55.02,5.0,1.0
55.03,5.0,2.0
55.04,6.0,1.0
55.05,6.0,1.0
55.06,5.0,1.0
55.07,6.0,1.0
55.08,6.0,2.0
55.09,5.0,2.0
55.1,5.0,1.0
55.11,6.0,1.0
55.12,6.0,1.0
55.13,5.0,2.0
55.14,5.0,2.0
55.15,6.0,1.0
55.16,6.0,1.0
55.17,5.0,2.0
55.18,6.0,0.0
55.19,6.0,1.0
55.2,7.0,2.0
55.21,7.0,1.0
55.22,6.0,1.0
55.23,5.0,1.0
55.24,6.0,2.0
55.25,6.0,2.0
55.26,5.0,2.0
55.27,5.0,2.0
55.28,6.0,2.0
55.29,7.0,2.0
55.3,5.0,1.0
55.31,5.0,1.0
55.32,5.0,2.0
55.33,5.0,1.0
55.34,6.0,2.0
55.35,4.0,3.0
55.36,3.0,2.0
55.37,6.0,2.0
55.38,4.0,1.0
55.39,3.0,2.0
55.4,4.0,2.0
55.41,5.0,1.0
55.42,5.0,2.0
55.43,6.0,2.0
55.44,4.0,1.0
55.45,5.0,2.0
55.46,4.0,2.0
55.47,7.0,2.0
55.48,4.0,2.0
55.49,6.0,1.0
55.5,6.0,2.0
55.51,6.0,2.0
55.52,4.0,2.0
55.53,5.0,2.0
55.54,5.0,2.0
55.55,4.0,1.0
55.56,5.0,1.0
55.57,6.0,2.0
55.58,6.0,2.0
55.59,4.0,2.0
55.6,6.0,2.0
55.61,5.0,2.0
55.62,5.0,2.0
55.63,5.0,2.0
55.64,5.0,1.0
55.65,5.0,2.0
55.66,4.0,2.0
55.67,5.0,1.0
55.68,5.0,2.0
55.69,6.0,2.0
55.7,7.0,2.0
55.71,3.0,2.0
55.72,5.0,2.0
55.73,6.0,2.0
55.74,4.0,2.0
55.75,6.0,2.0
55.76,7.0,2.0
55.77,7.0,2.0
55.78,6.0,2.0
55.79,5.0,2.0
55.8,4.0,1.0
55.81,3.0,1.0
55.82,3.0,1.0
55.83,4.0,1.0
55.84,3.0,2.0
55.85,4.0,2.0
55.86,4.0,2.0
55.87,4.0,1.0
55.88,2.0,1.0
55.89,4.0,1.0
55.9,3.0,2.0
55.91,3.0,3.0
55.92,5.0,2.0
55.93,4.0,1.0
55.94,3.0,1.0
55.95,4.0,1.0
55.96,3.0,1.0
55.97,4.0,1.0
55.98,4.0,2.0
55.99,3.0,1.0
56.0,3.0,2.0
56.01,4.0,1.0
56.02,4.0,2.0
56.03,4.0,2.0
56.04,5.0,1.0
56.05,6.0,1.0
56.06,5.0,1.0
56.07,4.0,0.0
56.08,5.0,2.0
56.09,5.0,2.0
56.1,5.0,1.0
56.11,5.0,2.0
56.12,4.0,2.0
56.13,5.0,0.0
56.14,5.0,1.0
56.15,4.0,1.0
56.16,4.0,1.0
56.17,4.0,3.0
56.18,5.0,2.0
56.19,5.0,1.0
56.2,3.0,3.0
56.21,4.0,1.0
56.22,3.0,0.0
56.23,3.0,1.0
56.24,4.0,2.0
56.25,4.0,1.0
56.26,4.0,2.0
56.27,4.0,2.0
56.28,4.0,2.0
56.29,2.0,2.0
56.3,4.0,2.0
56.31,3.0,2.0
56.32,5.0,1.0
56.33,4.0,1.0
56.34,5.0,1.0
56.35,4.0,1.0
56.36,5.0,2.0
56.37,5.0,3.0
56.38,4.0,2.0
56.39,4.0,1.0
56.4,5.0,1.0
56.41,3.0,1.0
56.42,3.0,2.0
56.43,5.0,1.0
56.44,3.0,1.0
56.45,4.0,2.0
56.46,4.0,2.0
56.47,5.0,1.0
56.48,6.0,1.0
56.49,7.0,0.0
56.5,4.0,1.0
56.51,4.0,1.0
56.52,6.0,1.0
56.53,5.0,2.0
56.54,5.0,1.0
56.55,6.0,1.0
56.56,4.0,2.0
56.57,4.0,2.0
56.58,3.0,2.0
56.59,6.0,2.0
56.6,4.0,1.0
56.61,5.0,1.0
56.62,5.0,2.0
56.63,4.0,1.0
56.64,4.0,2.0
56.65,4.0,2.0
56.66,6.0,2.0
56.67,5.0,2.0
56.68,5.0,2.0
56.69,5.0,2.0
56.7,6.0,1.0
56.71,5.0,0.0
56.72,7.0,2.0
56.73,6.0,2.0
56.74,6.0,2.0
56.75,4.0,1.0
56.76,6.0,0.0
56.77,7.0,1.0
56.78,8.0,2.0
56.79,4.0,1.0
56.8,6.0,3.0
56.81,4.0,1.0
56.82,6.0,2.0
56.83,6.0,2.0
56.84,6.0,2.0
56.85,5.0,2.0
56.86,6.0,2.0
56.87,5.0,2.0
56.88,6.0,2.0
56.89,6.0,2.0
56.9,2.0,1.0
56.91,5.0,3.0
56.92,4.0,2.0
56.93,4.0,1.0
56.94,5.0,0.0
56.95,4.0,1.0
56.96,4.0,1.0
56.97,4.0,2.0
56.98,3.0,1.0
56.99,5.0,1.0
57.0,4.0,1.0
57.01,5.0,2.0
57.02,4.0,2.0
57.03,5.0,2.0
57.04,4.0,1.0
57.05,5.0,3.0
57.06,5.0,1.0
57.07,4.0,1.0
57.08,4.0,1.0
57.09,6.0,1.0
57.1,4.0,1.0
57.11,5.0,2.0
57.12,7.0,2.0
57.13,7.0,2.0
57.14,5.0,2.0
57.15,4.0,1.0
57.16,5.0,2.0
57.17,4.0,2.0
57.18,5.0,2.0
57.19,4.0,1.0
57.2,5.0,0.0
57.21,6.0,1.0
57.22,5.0,2.0
57.23,5.0,1.0
57.24,5.0,1.0
57.25,5.0,2.0
57.26,6.0,3.0
57.27,5.0,2.0
57.28,5.0,3.0
57.29,4.0,1.0
57.3,4.0,0.0
57.31,4.0,0.0
57.32,4.0,1.0
57.33,4.0,2.0
57.34,3.0,2.0
57.35,4.0,0.0
57.36,4.0,1.0
57.37,3.0,1.0
57.38,5.0,1.0
57.39,5.0,1.0
57.4,5.0,2.0
57.41,5.0,4.0
57.42,4.0,0.0
57.43,4.0,0.0
57.44,5.0,1.0
57.45,6.0,1.0
57.46,4.0,1.0
57.47,5.0,1.0
57.48,4.0,1.0
57.49,4.0,1.0
57.5,4.0,2.0
57.51,6.0,1.0
57.52,4.0,2.0
57.53,3.0,2.0
57.54,5.0,1.0
57.55,5.0,3.0
57.56,5.0,3.0
57.57,5.0,2.0
57.58,5.0,2.0
57.59,5.0,2.0
57.6,5.0,3.0
57.61,4.0,2.0
57.62,4.0,2.0
57.63,4.0,2.0
57.64,5.0,2.0
57.65,4.0,2.0
57.66,6.0,2.0
57.67,6.0,1.0
57.68,7.0,2.0
57.69,6.0,2.0
57.7,8.0,2.0
57.71,7.0,0.0
57.72,6.0,2.0
57.73,5.0,2.0
57.74,5.0,3.0
57.75,6.0,2.0
57.76,5.0,2.0
57.77,6.0,2.0
57.78,8.0,3.0
57.79,5.0,3.0
57.8,4.0,1.0
57.81,4.0,3.0
57.82,7.0,2.0
57.83,6.0,2.0
57.84,7.0,2.0
57.85,7.0,1.0
57.86,7.0,2.0
57.87,7.0,3.0
57.88,6.0,2.0
57.89,6.0,2.0
57.9,6.0,2.0
57.91,5.0,2.0
57.92,6.0,2.0
57.93,4.0,1.0
57.94,7.0,1.0
57.95,7.0,2.0
57.96,6.0,1.0
57.97,7.0,1.0
57.98,7.0,1.0
57.99,5.0,2.0
58.0,6.0,2.0
58.01,6.0,2.0
58.02,6.0,2.0
58.03,5.0,2.0
58.04,6.0,1.0
58.05,7.0,2.0
58.06,5.0,2.0
58.07,7.0,2.0
58.08,5.0,0.0
58.09,5.0,2.0
58.1,4.0,2.0
58.11,6.0,2.0
58.12,5.0,1.0
58.13,7.0,2.0
58.14,6.0,3.0
58.15,8.0,1.0
58.16,7.0,2.0
58.17,7.0,3.0
58.18,5.0,2.0
58.19,5.0,3.0
58.2,5.0,2.0
58.21,5.0,2.0
58.22,6.0,0.0
58.23,7.0,2.0
58.24,7.0,2.0
58.25,6.0,1.0
58.26,4.0,3.0
58.27,3.0,2.0
58.28,4.0,1.0
58.29,6.0,3.0
58.3,5.0,1.0
58.31,5.0,1.0
58.32,6.0,4.0
58.33,6.0,2.0
58.34,5.0,2.0
58.35,5.0,3.0
58.36,7.0,2.0
58.37,5.0,1.0
58.38,7.0,3.0
58.39,7.0,1.0
58.4,4.0,2.0
58.41,3.0,2.0
58.42,5.0,2.0
58.43,6.0,2.0
58.44,4.0,2.0
58.45,6.0,1.0
58.46,6.0,2.0
58.47,6.0,2.0
58.48,4.0,2.0
58.49,5.0,2.0
58.5,7.0,2.0
58.51,6.0,3.0
58.52,6.0,2.0
58.53,4.0,2.0
58.54,6.0,2.0
58.55,5.0,3.0
58.56,5.0,1.0
58.57,5.0,2.0
58.58,6.0,2.0
58.59,7.0,2.0
58.6,5.0,2.0
58.61,5.0,2.0
58.62,5.0,1.0
58.63,4.0,0.0
58.64,5.0,1.0
58.65,3.0,1.0
58.66,7.0,1.0
58.67,4.0,1.0
58.68,5.0,2.0
58.69,3.0,0.0
58.7,5.0,1.0
58.71,5.0,0.0
58.72,5.0,2.0
58.73,6.0,1.0
58.74,6.0,2.0
58.75,5.0,0.0
58.76,5.0,1.0
58.77,4.0,1.0
58.78,6.0,1.0
58.79,5.0,0.0
58.8,7.0,0.0
58.81,5.0,0.0
58.82,5.0,1.0
58.83,5.0,1.0
58.84,7.0,0.0
58.85,6.0,0.0
58.86,4.0,1.0
58.87,6.0,0.0
58.88,4.0,0.0
58.89,5.0,1.0
58.9,5.0,1.0
58.91,4.0,1.0
58.92,4.0,1.0
58.93,4.0,1.0
58.94,5.0,1.0
58.95,4.0,1.0
58.96,4.0,1.0
58.97,6.0,1.0
58.98,6.0,0.0
58.99,5.0,2.0
59.0,4.0,0.0
59.01,5.0,1.0
59.02,5.0,0.0
59.03,7.0,0.0
59.04,6.0,1.0
59.05,5.0,1.0
59.06,6.0,0.0
59.07,4.0,1.0
59.08,7.0,0.0
59.09,5.0,1.0
59.1,5.0,0.0
59.11,5.0,1.0
59.12,5.0,1.0
59.13,6.0,0.0
59.14,7.0,1.0
59.15,4.0,1.0
59.16,4.0,1.0
59.17,7.0,2.0
59.18,6.0,2.0
59.19,5.0,2.0
59.2,5.0,1.0
59.21,4.0,1.0
59.22,3.0,1.0
59.23,5.0,2.0
59.24,3.0,0.0
59.25,4.0,2.0
59.26,5.0,1.0
59.27,4.0,2.0
59.28,2.0,0.0
59.29,6.0,2.0
59.3,5.0,2.0
59.31,3.0,2.0
59.32,5.0,1.0
59.33,6.0,1.0
59.34,6.0,0.0
59.35,5.0,0.0
59.36,4.0,1.0
59.37,6.0,2.0
59.38,3.0,1.0
59.39,5.0,0.0
59.4,3.0,0.0
59.41,4.0,1.0
59.42,5.0,0.0
59.43,6.0,2.0
59.44,5.0,0.0
59.45,4.0,0.0
59.46,5.0,0.0
59.47,6.0,0.0
59.48,5.0,0.0
59.49,5.0,0.0
59.5,4.0,0.0
59.51,6.0,0.0
59.52,5.0,0.0
59.53,6.0,0.0
59.54,3.0,1.0
59.55,4.0,0.0
59.56,6.0,2.0
59.57,5.0,1.0
59.58,4.0,0.0
59.59,4.0,0.0
59.6,5.0,0.0
59.61,3.0,0.0
59.62,5.0,1.0
59.63,5.0,0.0
59.64,3.0,0.0
59.65,4.0,2.0
59.66,4.0,1.0
59.67,3.0,0.0
59.68,6.0,1.0
59.69,6.0,1.0
59.7,4.0,1.0
59.71,5.0,1.0
59.72,6.0,1.0
59.73,5.0,1.0
59.74,3.0,2.0
59.75,6.0,1.0
59.76,5.0,0.0
59.77,5.0,1.0
59.78,4.0,4.0
59.79,5.0,1.0
59.8,6.0,1.0
59.81,5.0,0.0
59.82,4.0,0.0
59.83,7.0,0.0
59.84,7.0,0.0
59.85,6.0,1.0
59.86,5.0,0.0
59.87,5.0,2.0
59.88,4.0,1.0
59.89,8.0,2.0
59.9,5.0,1.0
59.91,3.0,1.0
59.92,5.0,1.0
59.93,5.0,3.0
59.94,5.0,1.0
59.95,7.0,2.0
59.96,5.0,2.0
59.97,4.0,1.0
59.98,4.0,2.0
59.99,5.0,1.0
60.0,5.0,1.0
60.01,6.0,1.0
60.02,3.0,1.0
60.03,3.0,1.0
60.04,5.0,1.0
60.05,5.0,1.0
60.06,4.0,1.0
60.07,5.0,1.0
60.08,4.0,2.0
60.09,5.0,0.0
60.1,5.0,2.0
60.11,3.0,1.0
60.12,6.0,1.0
60.13,6.0,1.0
60.14,6.0,1.0
60.15,5.0,2.0
60.16,6.0,1.0
60.17,4.0,1.0
60.18,5.0,1.0
60.19,4.0,1.0
60.2,6.0,0.0
60.21,5.0,1.0
60.22,4.0,1.0
60.23,5.0,0.0
60.24,5.0,0.0
60.25,6.0,1.0
60.26,5.0,0.0
60.27,5.0,1.0
60.28,6.0,0.0
60.29,5.0,1.0
60.3,4.0,1.0
60.31,4.0,1.0
60.32,6.0,1.0
60.33,7.0,1.0
60.34,4.0,1.0
60.35,6.0,0.0
60.36,7.0,1.0
60.37,5.0,1.0
60.38,6.0,1.0
60.39,3.0,1.0
60.4,3.0,1.0
60.41,4.0,0.0
60.42,4.0,1.0
60.43,6.0,1.0
60.44,6.0,1.0
60.45,4.0,1.0
60.46,7.0,1.0
60.47,6.0,1.0
60.48,5.0,1.0
60.49,3.0,0.0
60.5,4.0,1.0
60.51,4.0,1.0
60.52,6.0,1.0
60.53,6.0,1.0
60.54,6.0,1.0
60.55,5.0,1.0
60.56,7.0,1.0
60.57,6.0,1.0
60.58,6.0,1.0
60.59,5.0,1.0
60.6,5.0,2.0
60.61,5.0,1.0
60.62,4.0,0.0
60.63,5.0,1.0
60.64,4.0,0.0
60.65,4.0,0.0
60.66,6.0,0.0
60.67,4.0,0.0
60.68,4.0,0.0
60.69,5.0,0.0
60.7,3.0,0.0
60.71,4.0,1.0
60.72,8.0,0.0
60.73,9.0,0.0
60.74,9.0,0.0
60.75,8.0,0.0
60.76,4.0,0.0
60.77,7.0,1.0
60.78,7.0,0.0
60.79,7.0,0.0
60.8,5.0,0.0
60.81,7.0,1.0
60.82,6.0,0.0
60.83,7.0,1.0
60.84,6.0,1.0
60.85,6.0,1.0
60.86,8.0,2.0
60.87,6.0,1.0
60.88,5.0,1.0
60.89,8.0,0.0
60.9,7.0,1.0
60.91,6.0,1.0
60.92,7.0,0.0
60.93,6.0,0.0
60.94,8.0,0.0
60.95,6.0,0.0
60.96,7.0,0.0
60.97,7.0,1.0
60.98,6.0,1.0
60.99,7.0,0.0
61.0,6.0,1.0
61.01,6.0,1.0
61.02,8.0,1.0
61.03,7.0,1.0
61.04,6.0,1.0
61.05,6.0,1.0
61.06,7.0,1.0
61.07,6.0,1.0
61.08,7.0,0.0
61.09,5.0,0.0
61.1,7.0,1.0
61.11,6.0,0.0
61.12,6.0,0.0
61.13,7.0,0.0
61.14,7.0,1.0
61.15,4.0,0.0
61.16,9.0,1.0
61.17,6.0,0.0
61.18,6.0,1.0
61.19,5.0,1.0
61.2,4.0,1.0
61.21,6.0,0.0
61.22,6.0,0.0
61.23,6.0,1.0
61.24,6.0,1.0
61.25,7.0,1.0
61.26,8.0,1.0
61.27,5.0,0.0
61.28,8.0,0.0
61.29,6.0,0.0
61.3,7.0,1.0
61.31,7.0,0.0
61.32,8.0,0.0
61.33,8.0,0.0
61.34,6.0,0.0
61.35,7.0,1.0
61.36,7.0,1.0
61.37,7.0,0.0
61.38,5.0,0.0
61.39,5.0,0.0
61.4,5.0,0.0
61.41,8.0,0.0
61.42,8.0,0.0
61.43,8.0,0.0
61.44,7.0,0.0
61.45,8.0,0.0
61.46,8.0,0.0
61.47,7.0,1.0
61.48,8.0,0.0
61.49,6.0,0.0
61.5,5.0,0.0
61.51,5.0,0.0
61.52,4.0,0.0
61.53,6.0,0.0
61.54,7.0,1.0
61.55,6.0,0.0
61.56,7.0,1.0
61.57,8.0,1.0
61.58,6.0,2.0
61.59,6.0,1.0
61.6,7.0,1.0
61.61,7.0,2.0
61.62,4.0,2.0
61.63,8.0,1.0
61.64,7.0,1.0
61.65,8.0,2.0
61.66,5.0,2.0
61.67,7.0,1.0
61.68,5.0,1.0
61.69,7.0,0.0
61.7,5.0,1.0
61.71,5.0,1.0
61.72,5.0,1.0
61.73,4.0,2.0
61.74,6.0,2.0
61.75,7.0,1.0
61.76,6.0,1.0
61.77,7.0,1.0
61.78,6.0,1.0
61.79,6.0,0.0
61.8,5.0,1.0
61.81,8.0,0.0
61.82,6.0,1.0
61.83,7.0,1.0
61.84,7.0,1.0
61.85,5.0,1.0
61.86,5.0,1.0
61.87,7.0,1.0
61.88,8.0,1.0
61.89,7.0,0.0
61.9,6.0,1.0
61.91,6.0,1.0
61.92,7.0,1.0
61.93,7.0,1.0
61.94,4.0,1.0
61.95,8.0,2.0
61.96,5.0,1.0
61.97,7.0,1.0
61.98,5.0,1.0
61.99,7.0,1.0
62.0,7.0,1.0
62.01,6.0,1.0
62.02,4.0,0.0
62.03,7.0,1.0
62.04,7.0,1.0
62.05,7.0,1.0
62.06,5.0,1.0
62.07,5.0,0.0
62.08,4.0,0.0
62.09,6.0,1.0
62.1,6.0,1.0
62.11,6.0,0.0
62.12,6.0,0.0
62.13,6.0,0.0
62.14,7.0,1.0
62.15,5.0,1.0
62.16,3.0,0.0
62.17,6.0,0.0
62.18,6.0,0.0
62.19,6.0,1.0
62.2,5.0,1.0
62.21,5.0,1.0
62.22,7.0,0.0
62.23,6.0,1.0
62.24,8.0,1.0
62.25,5.0,0.0
62.26,7.0,1.0
62.27,6.0,1.0
62.28,6.0,1.0
62.29,6.0,1.0
62.3,7.0,0.0
62.31,7.0,1.0
62.32,6.0,1.0
62.33,6.0,1.0
62.34,6.0,0.0
62.35,5.0,1.0
62.36,6.0,1.0
62.37,7.0,1.0
62.38,7.0,1.0
62.39,4.0,1.0
62.4,6.0,0.0
62.41,3.0,1.0
62.42,5.0,1.0
62.43,4.0,1.0
62.44,6.0,1.0
62.45,3.0,1.0
62.46,5.0,0.0
62.47,7.0,2.0
62.48,6.0,2.0
62.49,5.0,0.0
62.5,5.0,0.0
62.51,4.0,0.0
62.52,6.0,1.0
62.53,6.0,0.0
62.54,4.0,0.0
62.55,4.0,0.0
62.56,4.0,0.0
62.57,6.0,0.0
62.58,6.0,0.0
62.59,5.0,0.0
62.6,6.0,0.0
62.61,6.0,0.0
62.62,7.0,0.0
62.63,4.0,0.0
62.64,7.0,0.0
62.65,9.0,0.0
62.66,6.0,0.0
62.67,8.0,0.0
62.68,8.0,1.0
62.69,5.0,0.0
62.7,4.0,0.0
62.71,6.0,0.0
62.72,6.0,0.0
62.73,8.0,1.0
62.74,6.0,1.0
62.75,6.0,1.0
62.76,6.0,1.0
62.77,7.0,1.0
62.78,7.0,0.0
62.79,7.0,1.0
62.8,5.0,1.0
62.81,7.0,0.0
62.82,5.0,0.0
62.83,7.0,1.0
62.84,5.0,2.0
62.85,7.0,1.0
62.86,6.0,2.0
62.87,5.0,1.0
62.88,7.0,2.0
62.89,6.0,1.0
62.9,8.0,1.0
62.91,7.0,1.0
62.92,5.0,1.0
62.93,5.0,1.0
62.94,6.0,1.0
62.95,8.0,1.0
62.96,5.0,1.0
62.97,4.0,0.0
62.98,7.0,1.0
62.99,6.0,2.0
63.0,6.0,1.0
63.01,8.0,0.0
63.02,5.0,2.0
63.03,6.0,0.0
63.04,6.0,1.0
63.05,5.0,0.0
63.06,5.0,0.0
63.07,6.0,0.0
63.08,5.0,1.0
63.09,8.0,1.0
63.1,5.0,2.0
63.11,7.0,1.0
63.12,6.0,1.0
63.13,6.0,0.0
63.14,6.0,1.0
63.15,8.0,0.0
63.16,7.0,0.0
63.17,7.0,0.0
63.18,5.0,1.0
63.19,7.0,0.0
63.2,7.0,1.0
63.21,7.0,0.0
63.22,4.0,1.0
63.23,7.0,0.0
63.24,7.0,0.0
63.25,7.0,1.0
63.26,6.0,0.0
63.27,4.0,0.0
63.28,6.0,0.0
63.29,7.0,0.0
63.3,7.0,0.0
63.31,7.0,0.0
63.32,7.0,0.0
63.33,7.0,0.0
63.34,7.0,0.0
63.35,5.0,0.0
63.36,5.0,1.0
63.37,6.0,1.0
63.38,5.0,1.0
63.39,6.0,1.0
63.4,6.0,1.0
63.41,4.0,1.0
63.42,8.0,1.0
63.43,7.0,1.0
63.44,5.0,1.0
63.45,9.0,1.0
63.46,7.0,1.0
63.47,7.0,2.0
63.48,5.0,1.0
63.49,8.0,1.0
63.5,7.0,1.0
63.51,6.0,1.0
63.52,7.0,1.0
63.53,6.0,1.0
63.54,5.0,1.0
63.55,7.0,1.0
63.56,3.0,0.0
63.57,5.0,1.0
63.58,6.0,1.0
63.59,6.0,1.0
63.6,6.0,1.0
63.61,7.0,1.0
63.62,6.0,1.0
63.63,5.0,1.0
63.64,6.0,1.0
63.65,5.0,1.0
63.66,5.0,1.0
63.67,7.0,1.0
63.68,7.0,1.0
63.69,4.0,0.0
63.7,7.0,0.0
63.71,7.0,1.0
63.72,4.0,1.0
63.73,6.0,1.0
63.74,4.0,1.0
63.75,6.0,1.0
63.76,5.0,2.0
63.77,5.0,1.0
63.78,6.0,2.0
63.79,6.0,1.0
63.8,5.0,1.0
63.81,5.0,1.0
63.82,5.0,1.0
63.83,5.0,1.0
63.84,5.0,1.0
63.85,6.0,1.0
63.86,6.0,1.0
63.87,7.0,1.0
63.88,8.0,1.0
63.89,8.0,1.0
63.9,6.0,1.0
63.91,6.0,1.0
63.92,7.0,2.0
63.93,7.0,1.0
63.94,6.0,1.0
63.95,7.0,1.0
63.96,5.0,1.0
63.97,7.0,2.0
63.98,8.0,1.0
63.99,5.0,0.0
64.0,5.0,1.0
64.01,5.0,1.0
64.02,5.0,1.0
64.03,5.0,1.0
64.04,5.0,1.0
64.05,4.0,1.0
64.06,6.0,1.0
64.07,7.0,1.0
64.08,6.0,1.0
64.09,5.0,1.0
64.1,6.0,1.0
64.11,5.0,1.0
64.12,6.0,2.0
64.13,5.0,1.0
64.14,6.0,2.0
64.15,6.0,1.0
64.16,6.0,1.0
64.17,7.0,1.0
64.18,6.0,1.0
64.19,7.0,1.0
64.2,6.0,1.0
64.21,6.0,1.0
64.22,6.0,1.0
64.23,5.0,1.0
64.24,4.0,1.0
64.25,6.0,1.0
64.26,4.0,1.0
64.27,7.0,1.0
64.28,5.0,1.0
64.29,4.0,1.0
64.3,6.0,1.0
64.31,6.0,1.0
64.32,8.0,1.0
64.33,7.0,1.0
64.34,6.0,1.0
64.35,4.0,0.0
64.36,6.0,1.0
64.37,5.0,1.0
64.38,5.0,0.0
64.39,5.0,1.0
64.4,5.0,1.0
64.41,5.0,1.0
64.42,7.0,1.0
64.43,4.0,1.0
64.44,3.0,1.0
64.45,6.0,1.0
64.46,5.0,1.0
64.47,5.0,1.0
64.48,4.0,1.0
64.49,7.0,1.0
64.5,6.0,1.0
64.51,4.0,1.0
64.52,5.0,0.0
64.53,6.0,1.0
64.54,5.0,1.0
64.55,6.0,1.0
64.56,6.0,1.0
64.57,6.0,0.0
64.58,5.0,1.0
64.59,5.0,1.0
64.6,7.0,1.0
64.61,6.0,1.0
64.62,4.0,1.0
64.63,5.0,1.0
64.64,7.0,1.0
64.65,4.0,1.0
64.66,6.0,0.0
64.67,5.0,1.0
64.68,5.0,0.0
64.69,6.0,1.0
64.7,5.0,1.0
64.71,7.0,1.0
64.72,4.0,1.0
64.73,6.0,0.0
64.74,8.0,1.0
64.75,7.0,1.0
64.76,5.0,1.0
64.77,6.0,1.0
64.78,7.0,1.0
64.79,5.0,1.0
64.8,4.0,1.0
64.81,5.0,1.0
64.82,6.0,2.0
64.83,7.0,1.0
64.84,6.0,1.0
64.85,5.0,0.0
64.86,7.0,1.0
64.87,7.0,0.0
64.88,7.0,1.0
64.89,7.0,0.0
64.9,7.0,0.0
64.91,6.0,1.0
64.92,6.0,0.0
64.93,6.0,1.0
64.94,5.0,1.0
64.95,5.0,1.0
64.96,6.0,1.0
64.97,7.0,1.0
64.98,8.0,1.0
64.99,6.0,1.0
65.0,7.0,1.0
65.01,6.0,1.0
65.02,6.0,1.0
65.03,5.0,1.0
65.04,7.0,1.0
65.05,7.0,1.0
65.06,5.0,1.0
65.07,6.0,1.0
65.08,4.0,2.0
65.09,5.0,1.0
65.1,6.0,0.0
65.11,6.0,1.0
65.12,7.0,1.0
65.13,6.0,1.0
65.14,6.0,1.0
65.15,7.0,1.0
65.16,5.0,2.0
65.17,5.0,1.0
65.18,5.0,1.0
65.19,6.0,1.0
65.2,8.0,0.0
65.21,6.0,1.0
65.22,9.0,1.0
65.23,7.0,1.0
65.24,6.0,1.0
65.25,8.0,1.0
65.26,5.0,0.0
65.27,7.0,1.0
65.28,6.0,0.0
65.29,8.0,0.0
65.3,7.0,1.0
65.31,4.0,0.0
65.32,7.0,1.0
65.33,6.0,1.0
65.34,4.0,1.0
65.35,7.0,0.0
65.36,5.0,0.0
65.37,7.0,0.0
65.38,7.0,1.0
65.39,6.0,1.0
65.4,7.0,1.0
65.41,6.0,1.0
65.42,7.0,1.0
65.43,7.0,0.0
65.44,7.0,1.0
65.45,5.0,0.0
65.46,6.0,0.0
65.47,7.0,1.0
65.48,7.0,1.0
65.49,7.0,1.0
65.5,6.0,1.0
65.51,7.0,0.0
65.52,6.0,2.0
65.53,5.0,1.0
65.54,5.0,1.0
65.55,6.0,1.0
65.56,7.0,1.0
65.57,6.0,2.0
65.58,4.0,1.0
65.59,7.0,1.0
65.6,6.0,2.0
65.61,7.0,1.0
65.62,7.0,1.0
65.63,7.0,1.0
65.64,7.0,1.0
65.65,7.0,1.0
65.66,6.0,1.0
65.67,7.0,1.0
65.68,7.0,0.0
65.69,6.0,2.0
65.7,9.0,0.0
65.71,10.0,1.0
65.72,4.0,1.0
65.73,6.0,1.0
65.74,6.0,1.0
65.75,5.0,1.0
65.76,7.0,0.0
65.77,5.0,1.0
65.78,7.0,1.0
65.79,5.0,1.0
65.8,7.0,2.0
65.81,7.0,2.0
65.82,6.0,1.0
65.83,7.0,1.0
65.84,6.0,1.0
65.85,5.0,1.0
65.86,7.0,2.0
65.87,8.0,0.0
65.88,4.0,1.0
65.89,5.0,1.0
65.9,8.0,1.0
65.91,4.0,0.0
65.92,6.0,1.0
65.93,6.0,1.0
65.94,8.0,2.0
65.95,5.0,0.0
65.96,6.0,0.0
65.97,6.0,0.0
65.98,6.0,1.0
65.99,6.0,1.0
66.0,5.0,1.0
66.01,7.0,1.0
66.02,6.0,0.0
66.03,7.0,2.0
66.04,6.0,1.0
66.05,5.0,1.0
66.06,7.0,1.0
66.07,6.0,1.0
66.08,7.0,2.0
66.09,7.0,1.0
66.1,6.0,1.0
66.11,7.0,1.0
66.12,7.0,1.0
66.13,8.0,1.0
66.14,8.0,1.0
66.15,6.0,1.0
66.16,5.0,1.0
66.17,6.0,2.0
66.18,7.0,1.0
66.19,6.0,1.0
66.2,6.0,0.0
66.21,5.0,1.0
66.22,4.0,0.0
66.23,4.0,1.0
66.24,7.0,2.0
66.25,6.0,0.0
66.26,5.0,1.0
66.27,4.0,2.0
66.28,7.0,1.0
66.29,5.0,0.0
66.3,7.0,1.0
66.31,5.0,1.0
66.32,5.0,1.0
66.33,6.0,1.0
66.34,5.0,1.0
66.35,5.0,1.0
66.36,7.0,1.0
66.37,6.0,1.0
66.38,5.0,1.0
66.39,6.0,1.0
66.4,6.0,1.0
66.41,7.0,1.0
66.42,7.0,1.0
66.43,8.0,1.0
66.44,8.0,1.0
66.45,3.0,0.0
66.46,3.0,2.0
66.47,4.0,1.0
66.48,4.0,1.0
66.49,3.0,1.0
66.5,4.0,1.0
66.51,4.0,1.0
66.52,5.0,1.0
66.53,7.0,1.0
66.54,3.0,1.0
66.55,8.0,1.0
66.56,6.0,1.0
66.57,7.0,1.0
66.58,6.0,1.0
66.59,5.0,1.0
66.6,5.0,0.0
66.61,5.0,1.0
66.62,5.0,1.0
66.63,7.0,1.0
66.64,6.0,1.0
66.65,5.0,1.0
66.66,7.0,1.0
66.67,4.0,1.0
66.68,5.0,1.0
66.69,4.0,1.0
66.7,7.0,1.0
66.71,6.0,1.0
66.72,4.0,0.0
66.73,5.0,0.0
66.74,5.0,1.0
66.75,7.0,0.0
66.76,3.0,1.0
66.77,6.0,1.0
66.78,6.0,1.0
66.79,6.0,1.0
66.8,3.0,1.0
66.81,3.0,1.0
66.82,6.0,2.0
66.83,3.0,2.0
66.84,5.0,1.0
66.85,6.0,1.0
66.86,6.0,1.0
66.87,5.0,1.0
66.88,6.0,2.0
66.89,5.0,1.0
66.9,5.0,1.0
66.91,4.0,1.0
66.92,4.0,1.0
66.93,3.0,1.0
66.94,4.0,1.0
66.95,5.0,0.0
66.96,4.0,1.0
66.97,4.0,1.0
66.98,4.0,1.0
66.99,3.0,1.0
67.0,7.0,1.0
67.01,6.0,1.0
67.02,5.0,1.0
67.03,6.0,1.0
67.04,6.0,1.0
67.05,7.0,1.0
67.06,7.0,1.0
67.07,6.0,1.0
67.08,6.0,0.0
67.09,8.0,1.0
67.1,6.0,1.0
67.11,3.0,1.0
67.12,7.0,1.0
67.13,6.0,1.0
67.14,8.0,1.0
67.15,6.0,0.0
67.16,7.0,1.0
67.17,5.0,0.0
67.18,7.0,1.0
67.19,6.0,0.0
67.2,5.0,1.0
67.21,6.0,1.0
67.22,6.0,1.0
67.23,6.0,1.0
67.24,6.0,1.0
67.25,8.0,1.0
67.26,6.0,1.0
67.27,6.0,1.0
67.28,7.0,1.0
67.29,8.0,1.0
67.3,6.0,1.0
67.31,5.0,2.0
67.32,5.0,1.0
67.33,6.0,1.0
67.34,7.0,1.0
67.35,6.0,1.0
67.36,7.0,1.0
67.37,5.0,1.0
67.38,4.0,1.0
67.39,7.0,1.0
67.4,7.0,1.0
67.41,6.0,1.0
67.42,5.0,0.0
67.43,6.0,0.0
67.44,7.0,1.0
67.45,4.0,1.0
67.46,7.0,1.0
67.47,5.0,1.0
67.48,7.0,1.0
67.49,6.0,1.0
67.5,5.0,1.0
67.51,5.0,1.0
67.52,5.0,1.0
67.53,6.0,1.0
67.54,5.0,1.0
67.55,6.0,1.0
67.56,6.0,1.0
67.57,7.0,1.0
67.58,4.0,1.0
67.59,6.0,1.0
67.6,8.0,1.0
67.61,7.0,0.0
67.62,7.0,1.0
67.63,7.0,1.0
67.64,7.0,0.0
67.65,6.0,0.0
67.66,6.0,1.0
67.67,6.0,2.0
67.68,5.0,1.0
67.69,5.0,1.0
67.7,6.0,1.0
67.71,6.0,1.0
67.72,5.0,0.0
67.73,7.0,0.0
67.74,5.0,1.0
67.75,7.0,1.0
67.76,8.0,1.0
67.77,7.0,1.0
67.78,6.0,0.0
67.79,6.0,1.0
67.8,5.0,1.0
67.81,7.0,1.0
67.82,7.0,1.0
67.83,5.0,1.0
67.84,6.0,1.0
67.85,6.0,1.0
67.86,5.0,1.0
67.87,7.0,0.0
67.88,8.0,1.0
67.89,7.0,1.0
67.9,5.0,2.0
67.91,7.0,1.0
67.92,7.0,1.0
67.93,7.0,1.0
67.94,6.0,1.0
67.95,7.0,1.0
67.96,6.0,1.0
67.97,8.0,1.0
67.98,8.0,1.0
67.99,7.0,1.0
68.0,6.0,1.0
68.01,5.0,1.0
68.02,7.0,1.0
68.03,7.0,1.0
68.04,6.0,1.0
68.05,8.0,0.0
68.06,6.0,1.0
68.07,8.0,1.0
68.08,6.0,1.0
68.09,5.0,1.0
68.1,6.0,0.0
68.11,5.0,1.0
68.12,6.0,0.0
68.13,7.0,1.0
68.14,6.0,1.0
68.15,7.0,1.0
68.16,5.0,1.0
68.17,7.0,1.0
68.18,6.0,1.0
68.19,6.0,1.0
68.2,6.0,1.0
68.21,6.0,1.0
68.22,4.0,1.0
68.23,4.0,1.0
68.24,7.0,1.0
68.25,6.0,1.0
68.26,5.0,0.0
68.27,7.0,1.0
68.28,6.0,0.0
68.29,6.0,1.0
68.3,4.0,1.0
68.31,4.0,1.0
68.32,5.0,1.0
68.33,3.0,1.0
68.34,6.0,1.0
68.35,5.0,1.0
68.36,4.0,1.0
68.37,5.0,1.0
68.38,3.0,1.0
68.39,5.0,0.0
68.4,5.0,1.0
68.41,5.0,1.0
68.42,4.0,0.0
68.43,4.0,1.0
68.44,6.0,1.0
68.45,5.0,1.0
68.46,5.0,1.0
68.47,6.0,1.0
68.48,5.0,1.0
68.49,4.0,1.0
68.5,5.0,1.0
68.51,6.0,0.0
68.52,5.0,1.0
68.53,4.0,1.0
68.54,4.0,2.0
68.55,5.0,1.0
68.56,3.0,1.0
68.57,4.0,1.0
68.58,2.0,1.0
68.59,5.0,1.0
68.6,7.0,1.0
68.61,4.0,1.0
68.62,4.0,1.0
68.63,6.0,1.0
68.64,7.0,1.0
68.65,6.0,1.0
68.66,6.0,1.0
68.67,7.0,1.0
68.68,6.0,1.0
68.69,3.0,1.0
68.7,2.0,1.0
68.71,4.0,2.0
68.72,4.0,1.0
68.73,6.0,1.0
68.74,7.0,1.0
68.75,5.0,1.0
68.76,6.0,1.0
68.77,5.0,1.0
68.78,4.0,1.0
68.79,5.0,1.0
68.8,6.0,1.0
68.81,8.0,1.0
68.82,5.0,1.0
68.83,6.0,1.0
68.84,5.0,1.0
68.85,6.0,1.0
68.86,6.0,1.0
68.87,3.0,1.0
68.88,4.0,1.0
68.89,3.0,1.0
68.9,5.0,1.0
68.91,5.0,2.0
68.92,5.0,1.0
68.93,4.0,1.0
68.94,6.0,1.0
68.95,3.0,1.0
68.96,5.0,1.0
68.97,5.0,1.0
68.98,6.0,1.0
68.99,6.0,1.0
69.0,6.0,1.0
69.01,4.0,1.0
69.02,6.0,1.0
69.03,5.0,0.0
69.04,5.0,0.0
69.05,5.0,0.0
69.06,5.0,1.0
69.07,6.0,1.0
69.08,5.0,1.0
69.09,3.0,1.0
69.1,5.0,1.0
69.11,5.0,0.0
69.12,4.0,1.0
69.13,4.0,0.0
69.14,5.0,1.0
69.15,5.0,1.0
69.16,6.0,1.0
69.17,4.0,1.0
69.18,5.0,2.0
69.19,5.0,2.0
69.2,5.0,1.0
69.21,7.0,1.0
69.22,6.0,1.0
69.23,5.0,2.0
69.24,4.0,1.0
69.25,3.0,1.0
69.26,3.0,1.0
69.27,5.0,1.0
69.28,4.0,1.0
69.29,4.0,1.0
69.3,6.0,1.0
69.31,7.0,1.0
69.32,4.0,1.0
69.33,5.0,0.0
69.34,5.0,0.0
69.35,5.0,0.0
69.36,5.0,0.0
69.37,4.0,1.0
69.38,4.0,1.0
69.39,4.0,1.0
69.4,5.0,0.0
69.41,4.0,1.0
69.42,5.0,2.0
69.43,5.0,1.0
69.44,6.0,1.0
69.45,4.0,1.0
69.46,6.0,1.0
69.47,4.0,2.0
69.48,5.0,0.0
69.49,4.0,0.0
69.5,4.0,0.0
69.51,5.0,1.0
69.52,6.0,0.0
69.53,5.0,1.0
69.54,6.0,0.0
69.55,4.0,1.0
69.56,5.0,1.0
69.57,7.0,1.0
69.58,6.0,2.0
69.59,6.0,1.0
69.6,5.0,2.0
69.61,6.0,1.0
69.62,4.0,1.0
69.63,5.0,0.0
69.64,5.0,0.0
69.65,5.0,1.0
69.66,7.0,1.0
69.67,8.0,0.0
69.68,7.0,0.0
69.69,7.0,0.0
69.7,7.0,1.0
69.71,7.0,1.0
69.72,6.0,0.0
69.73,6.0,0.0
69.74,6.0,0.0
69.75,6.0,1.0
69.76,4.0,0.0
69.77,5.0,0.0
69.78,4.0,0.0
69.79,8.0,1.0
69.8,7.0,0.0
69.81,8.0,1.0
69.82,6.0,1.0
69.83,5.0,1.0
69.84,5.0,1.0
69.85,6.0,0.0
69.86,6.0,2.0
69.87,5.0,0.0
69.88,5.0,1.0
69.89,5.0,0.0
69.9,7.0,0.0
69.91,5.0,0.0
69.92,4.0,1.0
69.93,6.0,1.0
69.94,4.0,0.0
69.95,7.0,1.0
69.96,5.0,0.0
69.97,5.0,0.0
69.98,4.0,1.0
69.99,6.0,1.0
70.0,5.0,0.0
70.01,6.0,1.0
70.02,6.0,0.0
70.03,5.0,1.0
70.04,6.0,1.0
70.05,5.0,2.0
70.06,7.0,1.0
70.07,8.0,0.0
70.08,6.0,0.0
70.09,5.0,2.0
70.1,7.0,1.0
70.11,4.0,1.0
70.12,4.0,1.0
70.13,6.0,1.0
70.14,3.0,1.0
70.15,5.0,2.0
70.16,6.0,2.0
70.17,5.0,2.0
70.18,5.0,2.0
70.19,5.0,1.0
70.2,5.0,1.0
70.21,4.0,0.0
70.22,6.0,1.0
70.23,7.0,1.0
70.24,5.0,0.0
70.25,5.0,0.0
70.26,4.0,1.0
70.27,5.0,1.0
70.28,4.0,2.0
70.29,4.0,2.0
70.3,5.0,2.0
70.31,5.0,2.0
70.32,4.0,1.0
70.33,5.0,1.0
70.34,4.0,1.0
70.35,5.0,1.0
70.36,5.0,2.0
70.37,4.0,3.0
70.38,6.0,0.0
70.39,6.0,2.0
70.4,4.0,1.0
70.41,5.0,1.0
70.42,6.0,1.0
70.43,4.0,1.0
70.44,5.0,1.0
70.45,5.0,1.0
70.46,4.0,3.0
70.47,4.0,2.0
70.48,4.0,1.0
70.49,4.0,2.0
70.5,6.0,0.0
70.51,4.0,0.0
70.52,5.0,1.0
70.53,5.0,0.0
70.54,5.0,1.0
70.55,5.0,2.0
70.56,5.0,2.0
70.57,4.0,2.0
70.58,6.0,1.0
70.59,6.0,1.0
70.6,5.0,2.0
70.61,4.0,1.0
70.62,4.0,1.0
70.63,4.0,1.0
70.64,5.0,1.0
70.65,3.0,2.0
70.66,3.0,2.0
70.67,4.0,2.0
70.68,4.0,2.0
70.69,4.0,2.0
70.7,5.0,2.0
70.71,3.0,2.0
70.72,5.0,1.0
70.73,5.0,2.0
70.74,3.0,0.0
70.75,6.0,2.0
70.76,5.0,2.0
70.77,5.0,1.0
70.78,4.0,2.0
70.79,5.0,2.0
70.8,4.0,2.0
70.81,4.0,2.0
70.82,3.0,2.0
70.83,4.0,2.0
70.84,7.0,2.0
70.85,4.0,2.0
70.86,6.0,1.0
70.87,6.0,1.0
70.88,6.0,1.0
70.89,5.0,1.0
70.9,5.0,1.0
70.91,5.0,1.0
70.92,5.0,1.0
70.93,5.0,2.0
70.94,5.0,1.0
70.95,4.0,1.0
70.96,6.0,1.0
70.97,5.0,2.0
70.98,5.0,2.0
70.99,4.0,1.0
71.0,4.0,2.0
71.01,5.0,1.0
71.02,6.0,2.0
71.03,4.0,2.0
71.04,5.0,1.0
71.05,5.0,1.0
71.06,7.0,2.0
71.07,5.0,2.0
71.08,4.0,1.0
71.09,5.0,2.0
71.1,4.0,2.0
71.11,6.0,1.0
71.12,5.0,2.0
71.13,8.0,1.0
71.14,5.0,2.0
71.15,6.0,3.0
71.16,6.0,1.0
71.17,3.0,0.0
71.18,6.0,1.0
71.19,6.0,1.0
71.2,5.0,1.0
71.21,6.0,1.0
71.22,6.0,2.0
71.23,7.0,1.0
71.24,5.0,1.0
71.25,5.0,1.0
71.26,5.0,2.0
71.27,7.0,1.0
71.28,7.0,0.0
71.29,6.0,0.0
71.3,5.0,1.0
71.31,7.0,1.0
71.32,7.0,1.0
71.33,6.0,0.0
71.34,6.0,1.0
71.35,5.0,1.0
71.36,7.0,1.0
71.37,6.0,1.0
71.38,7.0,1.0
71.39,6.0,1.0
71.4,5.0,0.0
71.41,5.0,1.0
71.42,6.0,2.0
71.43,5.0,0.0
71.44,7.0,0.0
71.45,4.0,0.0
71.46,4.0,1.0
71.47,5.0,1.0
71.48,3.0,1.0
71.49,6.0,2.0
71.5,7.0,1.0
71.51,4.0,1.0
71.52,6.0,0.0
71.53,5.0,2.0
71.54,5.0,1.0
71.55,6.0,2.0
71.56,6.0,1.0
71.57,4.0,1.0
71.58,6.0,1.0
71.59,6.0,2.0
71.6,5.0,2.0
71.61,4.0,2.0
71.62,4.0,2.0
71.63,5.0,1.0
71.64,4.0,1.0
71.65,5.0,1.0
71.66,4.0,2.0
71.67,6.0,2.0
71.68,4.0,1.0
71.69,5.0,2.0
71.7,7.0,2.0
71.71,5.0,1.0
71.72,4.0,1.0
71.73,7.0,0.0
71.74,8.0,0.0
71.75,6.0,2.0
71.76,6.0,0.0
71.77,5.0,0.0
71.78,4.0,1.0
71.79,7.0,1.0
71.8,5.0,1.0
71.81,5.0,1.0
71.82,5.0,1.0
71.83,5.0,0.0
71.84,3.0,3.0
71.85,6.0,3.0
71.86,5.0,2.0
71.87,6.0,2.0
71.88,5.0,2.0
71.89,6.0,1.0
71.9,6.0,0.0
71.91,6.0,2.0
71.92,4.0,2.0
71.93,7.0,2.0
71.94,6.0,0.0
71.95,8.0,3.0
71.96,4.0,2.0
71.97,5.0,2.0
71.98,3.0,1.0
71.99,7.0,2.0
72.0,5.0,1.0
72.01,5.0,2.0
72.02,5.0,1.0
72.03,5.0,1.0
72.04,6.0,1.0
72.05,4.0,2.0
72.06,5.0,1.0
72.07,5.0,1.0
72.08,5.0,1.0
72.09,6.0,0.0
72.1,4.0,2.0
72.11,5.0,1.0
72.12,5.0,1.0
72.13,5.0,0.0
72.14,6.0,2.0
72.15,4.0,1.0
72.16,6.0,3.0
72.17,5.0,0.0
72.18,5.0,0.0
72.19,4.0,1.0
72.2,5.0,0.0
72.21,5.0,2.0
72.22,6.0,1.0
72.23,5.0,1.0
72.24,7.0,1.0
72.25,6.0,2.0
72.26,4.0,1.0
72.27,7.0,3.0
72.28,5.0,1.0
72.29,4.0,1.0
72.3,5.0,2.0
72.31,4.0,3.0
72.32,6.0,1.0
72.33,5.0,1.0
72.34,6.0,1.0
72.35,7.0,2.0
72.36,5.0,2.0
72.37,5.0,1.0
72.38,6.0,1.0
72.39,5.0,1.0
72.4,7.0,2.0
72.41,5.0,1.0
72.42,6.0,0.0
72.43,8.0,2.0
72.44,4.0,2.0
72.45,7.0,1.0
72.46,6.0,1.0
72.47,6.0,1.0
72.48,6.0,1.0
72.49,6.0,1.0
72.5,7.0,0.0
72.51,6.0,2.0
72.52,5.0,1.0
72.53,4.0,1.0
72.54,3.0,2.0
72.55,6.0,1.0
72.56,7.0,1.0
72.57,6.0,0.0
72.58,5.0,1.0
72.59,5.0,1.0
72.6,3.0,2.0
72.61,7.0,1.0
72.62,3.0,2.0
72.63,8.0,2.0
72.64,4.0,0.0
72.65,6.0,0.0
72.66,6.0,1.0
72.67,5.0,1.0
72.68,4.0,1.0
72.69,7.0,0.0
72.7,6.0,1.0
72.71,5.0,2.0
72.72,4.0,2.0
72.73,5.0,0.0
72.74,5.0,2.0
72.75,4.0,1.0
72.76,4.0,1.0
72.77,7.0,2.0
72.78,7.0,2.0
72.79,4.0,1.0
72.8,5.0,1.0
72.81,5.0,1.0
72.82,5.0,1.0
72.83,5.0,2.0
72.84,7.0,1.0
72.85,5.0,2.0
72.86,4.0,0.0
72.87,6.0,1.0
72.88,6.0,3.0
72.89,5.0,2.0
72.9,4.0,1.0
72.91,4.0,1.0
72.92,6.0,3.0
72.93,4.0,1.0
72.94,4.0,2.0
72.95,5.0,2.0
72.96,4.0,2.0
72.97,5.0,2.0
72.98,5.0,1.0
72.99,6.0,1.0
73.0,7.0,2.0
73.01,4.0,1.0
73.02,6.0,2.0
73.03,4.0,2.0
73.04,6.0,2.0
73.05,5.0,2.0
73.06,4.0,2.0
73.07,6.0,2.0
73.08,6.0,0.0
73.09,6.0,1.0
73.1,6.0,2.0
73.11,5.0,2.0
73.12,6.0,2.0
73.13,7.0,1.0
73.14,5.0,2.0
73.15,6.0,1.0
73.16,7.0,2.0
73.17,6.0,2.0
73.18,5.0,2.0
73.19,4.0,2.0
73.2,7.0,2.0
73.21,6.0,1.0
73.22,5.0,0.0
73.23,5.0,3.0
73.24,4.0,1.0
73.25,6.0,0.0
73.26,5.0,1.0
73.27,6.0,2.0
73.28,5.0,1.0
73.29,6.0,3.0
73.3,6.0,2.0
73.31,6.0,1.0
73.32,6.0,1.0
73.33,5.0,2.0
73.34,5.0,1.0
73.35,6.0,1.0
73.36,5.0,0.0
73.37,4.0,2.0
73.38,5.0,2.0
73.39,5.0,2.0
73.4,6.0,2.0
73.41,6.0,1.0
73.42,6.0,2.0
73.43,5.0,1.0
73.44,5.0,2.0
73.45,6.0,0.0
73.46,7.0,2.0
73.47,5.0,2.0
73.48,7.0,2.0
73.49,7.0,1.0
73.5,6.0,2.0
73.51,6.0,2.0
73.52,5.0,1.0
73.53,4.0,0.0
73.54,5.0,1.0
73.55,5.0,3.0
73.56,5.0,2.0
73.57,5.0,2.0
73.58,5.0,1.0
73.59,6.0,1.0
73.6,6.0,2.0
73.61,6.0,2.0
73.62,6.0,2.0
73.63,6.0,1.0
73.64,6.0,1.0
73.65,6.0,1.0
73.66,6.0,2.0
73.67,6.0,1.0
73.68,6.0,2.0
73.69,5.0,1.0
73.7,5.0,1.0
73.71,6.0,1.0
73.72,7.0,1.0
73.73,6.0,1.0
73.74,5.0,1.0
73.75,7.0,1.0
73.76,5.0,2.0
73.77,6.0,3.0
73.78,6.0,1.0
73.79,6.0,3.0
73.8,5.0,1.0
73.81,7.0,2.0
73.82,7.0,1.0
73.83,6.0,1.0
73.84,6.0,1.0
73.85,4.0,1.0
73.86,5.0,1.0
73.87,6.0,1.0
73.88,5.0,1.0
73.89,5.0,1.0
73.9,6.0,1.0
73.91,6.0,2.0
73.92,6.0,1.0
73.93,6.0,0.0
73.94,6.0,2.0
73.95,6.0,1.0
73.96,6.0,1.0
73.97,4.0,1.0
73.98,6.0,1.0
73.99,5.0,1.0
74.0,5.0,1.0
74.01,5.0,1.0
74.02,5.0,2.0
74.03,6.0,0.0
74.04,4.0,2.0
74.05,5.0,3.0
74.06,6.0,1.0
74.07,6.0,2.0
74.08,6.0,2.0
74.09,4.0,2.0
74.1,6.0,2.0
74.11,5.0,2.0
74.12,4.0,1.0
74.13,6.0,2.0
74.14,6.0,1.0
74.15,6.0,2.0
74.16,6.0,2.0
74.17,6.0,2.0
74.18,7.0,2.0
74.19,5.0,2.0
74.2,6.0,3.0
74.21,4.0,2.0
74.22,3.0,1.0
74.23,5.0,1.0
74.24,6.0,2.0
74.25,6.0,2.0
74.26,5.0,3.0
74.27,6.0,1.0
74.28,6.0,0.0
74.29,7.0,2.0
74.3,6.0,2.0
74.31,5.0,1.0
74.32,5.0,2.0
74.33,8.0,1.0
74.34,7.0,1.0
74.35,6.0,2.0
74.36,5.0,3.0
74.37,7.0,3.0
74.38,4.0,2.0
74.39,6.0,3.0
74.4,5.0,3.0
74.41,5.0,2.0
74.42,6.0,1.0
74.43,6.0,2.0
74.44,5.0,2.0
74.45,4.0,2.0
74.46,7.0,2.0
74.47,6.0,2.0
74.48,6.0,2.0
74.49,6.0,1.0
74.5,7.0,1.0
74.51,3.0,1.0
74.52,5.0,1.0
74.53,6.0,2.0
74.54,6.0,1.0
74.55,6.0,2.0
74.56,6.0,1.0
74.57,6.0,1.0
74.58,6.0,2.0
74.59,7.0,1.0
74.6,6.0,1.0
74.61,5.0,2.0
74.62,4.0,1.0
74.63,6.0,1.0
74.64,6.0,3.0
74.65,4.0,1.0
74.66,5.0,2.0
74.67,4.0,2.0
74.68,7.0,2.0
74.69,4.0,2.0
74.7,6.0,2.0
74.71,8.0,1.0
74.72,6.0,2.0
74.73,7.0,2.0
74.74,5.0,1.0
74.75,6.0,1.0
74.76,6.0,1.0
74.77,5.0,1.0
74.78,6.0,1.0
74.79,6.0,0.0
74.8,7.0,0.0
74.81,6.0,2.0
74.82,7.0,1.0
74.83,6.0,1.0
74.84,6.0,1.0
74.85,6.0,0.0
74.86,7.0,2.0
74.87,6.0,3.0
74.88,7.0,3.0
74.89,6.0,2.0
74.9,7.0,1.0
74.91,7.0,1.0
74.92,7.0,1.0
74.93,5.0,2.0
74.94,6.0,1.0
74.95,7.0,2.0
74.96,6.0,2.0
74.97,6.0,1.0
74.98,7.0,1.0
74.99,3.0,1.0
75.0,6.0,1.0
75.01,6.0,3.0
75.02,7.0,2.0
75.03,6.0,1.0
75.04,7.0,1.0
75.05,8.0,3.0
75.06,6.0,1.0
75.07,4.0,2.0
75.08,6.0,1.0
75.09,5.0,2.0
75.1,7.0,1.0
75.11,4.0,2.0
75.12,7.0,1.0
75.13,6.0,2.0
75.14,6.0,1.0
75.15,7.0,2.0
75.16,5.0,3.0
75.17,6.0,2.0
75.18,3.0,1.0
75.19,6.0,1.0
75.2,8.0,1.0
75.21,8.0,1.0
75.22,7.0,2.0
75.23,5.0,1.0
75.24,5.0,1.0
75.25,5.0,2.0
75.26,4.0,3.0
75.27,5.0,1.0
75.28,5.0,1.0
75.29,7.0,3.0
75.3,7.0,3.0
75.31,6.0,2.0
75.32,7.0,1.0
75.33,5.0,1.0
75.34,8.0,1.0
75.35,6.0,2.0
75.36,8.0,1.0
75.37,6.0,0.0
75.38,5.0,2.0
75.39,9.0,1.0
75.4,9.0,1.0
75.41,7.0,1.0
75.42,7.0,2.0
75.43,6.0,0.0
75.44,9.0,1.0
75.45,6.0,1.0
75.46,7.0,0.0
75.47,7.0,0.0
75.48,8.0,2.0
75.49,8.0,0.0
75.5,8.0,2.0
75.51,5.0,2.0
75.52,5.0,1.0
75.53,5.0,1.0
75.54,5.0,2.0
75.55,8.0,3.0
75.56,7.0,1.0
75.57,6.0,0.0
75.58,7.0,1.0
75.59,7.0,1.0
75.6,6.0,1.0
75.61,7.0,1.0
75.62,9.0,1.0
75.63,6.0,1.0
75.64,6.0,1.0
75.65,6.0,1.0
75.66,6.0,0.0
75.67,7.0,1.0
75.68,5.0,1.0
75.69,6.0,1.0
75.7,6.0,2.0
75.71,3.0,1.0
75.72,4.0,1.0
75.73,7.0,1.0
75.74,7.0,0.0
75.75,6.0,0.0
75.76,7.0,0.0
75.77,3.0,0.0
75.78,6.0,1.0
75.79,5.0,1.0
75.8,6.0,1.0
75.81,6.0,0.0
75.82,5.0,0.0
75.83,4.0,1.0
75.84,6.0,2.0
75.85,6.0,1.0
75.86,6.0,0.0
75.87,7.0,2.0
75.88,6.0,2.0
75.89,7.0,1.0
75.9,6.0,2.0
75.91,6.0,2.0
75.92,5.0,2.0
75.93,3.0,3.0
75.94,5.0,2.0
75.95,6.0,2.0
75.96,6.0,1.0
75.97,4.0,2.0
75.98,4.0,3.0
75.99,5.0,1.0
76.0,5.0,1.0
76.01,5.0,3.0
76.02,6.0,2.0
76.03,7.0,2.0
76.04,6.0,3.0
76.05,5.0,2.0
76.06,6.0,1.0
76.07,5.0,1.0
76.08,6.0,2.0
76.09,7.0,2.0
76.1,6.0,2.0
76.11,5.0,2.0
76.12,6.0,2.0
76.13,6.0,2.0
76.14,6.0,2.0
76.15,6.0,2.0
76.16,5.0,1.0
76.17,5.0,2.0
76.18,3.0,1.0
76.19,3.0,2.0
76.2,7.0,0.0
76.21,5.0,1.0
76.22,6.0,0.0
76.23,6.0,2.0
76.24,6.0,1.0
76.25,6.0,0.0
76.26,7.0,1.0
76.27,5.0,2.0
76.28,5.0,0.0
76.29,5.0,1.0
76.3,6.0,1.0
76.31,6.0,1.0
76.32,6.0,1.0
76.33,5.0,1.0
76.34,6.0,2.0
76.35,6.0,2.0
76.36,4.0,2.0
76.37,5.0,2.0
76.38,4.0,1.0
76.39,5.0,1.0
76.4,6.0,0.0
76.41,6.0,2.0
76.42,6.0,1.0
76.43,6.0,1.0
76.44,5.0,0.0
76.45,6.0,0.0
76.46,4.0,1.0
76.47,5.0,0.0
76.48,5.0,1.0
76.49,7.0,1.0
76.5,5.0,1.0
76.51,5.0,1.0
76.52,6.0,2.0
76.53,5.0,1.0
76.54,8.0,1.0
76.55,7.0,1.0
76.56,7.0,0.0
76.57,6.0,1.0
76.58,6.0,1.0
76.59,5.0,0.0
76.6,6.0,0.0
76.61,5.0,1.0
76.62,6.0,1.0
76.63,6.0,1.0
76.64,5.0,1.0
76.65,6.0,1.0
76.66,5.0,1.0
76.67,4.0,0.0
76.68,6.0,1.0
76.69,5.0,1.0
76.7,6.0,1.0
76.71,4.0,1.0
76.72,7.0,1.0
76.73,4.0,0.0
76.74,6.0,1.0
76.75,3.0,1.0
76.76,5.0,0.0
76.77,5.0,1.0
76.78,5.0,1.0
76.79,5.0,1.0
76.8,6.0,1.0
76.81,5.0,0.0
76.82,4.0,0.0
76.83,6.0,1.0
76.84,7.0,1.0
76.85,7.0,1.0
76.86,6.0,1.0
76.87,4.0,1.0
76.88,6.0,0.0
76.89,4.0,1.0
76.9,6.0,0.0
76.91,7.0,1.0
76.92,7.0,1.0
76.93,4.0,1.0
76.94,5.0,0.0
76.95,5.0,2.0
76.96,6.0,1.0
76.97,6.0,0.0
76.98,6.0,1.0
76.99,6.0,1.0
77.0,6.0,2.0
77.01,6.0,1.0
77.02,5.0,2.0
77.03,6.0,1.0
77.04,3.0,2.0
77.05,6.0,1.0
77.06,4.0,0.0
77.07,5.0,1.0
77.08,7.0,1.0
77.09,5.0,2.0
77.1,5.0,1.0
77.11,6.0,1.0
77.12,7.0,1.0
77.13,4.0,1.0
77.14,5.0,1.0
77.15,6.0,0.0
77.16,6.0,0.0
77.17,4.0,1.0
77.18,6.0,0.0
77.19,7.0,1.0
77.2,6.0,0.0
77.21,4.0,1.0
77.22,5.0,0.0
77.23,6.0,1.0
77.24,5.0,2.0
77.25,6.0,1.0
77.26,5.0,1.0
77.27,7.0,1.0
77.28,6.0,2.0
77.29,5.0,2.0
77.3,6.0,1.0
77.31,6.0,1.0
77.32,6.0,1.0
77.33,6.0,1.0
77.34,5.0,1.0
77.35,4.0,0.0
77.36,5.0,1.0
77.37,8.0,1.0
77.38,4.0,2.0
77.39,5.0,1.0
77.4,6.0,1.0
77.41,5.0,0.0
77.42,6.0,1.0
77.43,7.0,1.0
77.44,6.0,0.0
77.45,6.0,0.0
77.46,7.0,1.0
77.47,8.0,0.0
77.48,6.0,1.0
77.49,6.0,1.0
77.5,8.0,1.0
77.51,7.0,1.0
77.52,8.0,1.0
77.53,7.0,1.0
77.54,7.0,1.0
77.55,7.0,1.0
77.56,7.0,1.0
77.57,6.0,1.0
77.58,8.0,1.0
77.59,7.0,1.0
77.6,8.0,1.0
77.61,8.0,1.0
77.62,7.0,1.0
77.63,8.0,1.0
77.64,6.0,3.0
77.65,7.0,1.0
77.66,7.0,0.0
77.67,8.0,0.0
77.68,6.0,0.0
77.69,6.0,1.0
77.7,6.0,1.0
77.71,7.0,0.0
77.72,5.0,1.0
77.73,7.0,2.0
77.74,5.0,2.0
77.75,3.0,1.0
77.76,5.0,0.0
77.77,6.0,1.0
77.78,6.0,1.0
77.79,4.0,1.0
77.8,5.0,1.0
77.81,7.0,1.0
77.82,7.0,1.0
77.83,7.0,1.0
77.84,7.0,1.0
77.85,5.0,1.0
77.86,6.0,1.0
77.87,7.0,1.0
77.88,6.0,1.0
77.89,7.0,1.0
77.9,8.0,1.0
77.91,8.0,1.0
77.92,7.0,1.0
77.93,6.0,0.0
77.94,5.0,1.0
77.95,6.0,0.0
77.96,7.0,0.0
77.97,7.0,0.0
77.98,7.0,1.0
77.99,8.0,0.0
78.0,5.0,1.0
78.01,7.0,0.0
78.02,8.0,1.0
78.03,5.0,1.0
78.04,7.0,1.0
78.05,7.0,1.0
78.06,7.0,1.0
78.07,7.0,1.0
78.08,6.0,1.0
78.09,6.0,0.0
78.1,7.0,1.0
78.11,6.0,2.0
78.12,8.0,0.0
78.13,5.0,1.0
78.14,7.0,1.0
78.15,5.0,0.0
78.16,8.0,1.0
78.17,7.0,1.0
78.18,6.0,1.0
78.19,8.0,1.0
78.2,7.0,1.0
78.21,7.0,3.0
78.22,7.0,0.0
78.23,7.0,2.0
78.24,5.0,2.0
78.25,7.0,1.0
78.26,8.0,2.0
78.27,5.0,0.0
78.28,6.0,1.0
78.29,6.0,1.0
78.3,5.0,1.0
78.31,6.0,1.0
78.32,7.0,1.0
78.33,5.0,1.0
78.34,8.0,1.0
78.35,7.0,1.0
78.36,7.0,0.0
78.37,8.0,1.0
78.38,6.0,1.0
78.39,5.0,1.0
78.4,7.0,1.0
78.41,7.0,1.0
78.42,5.0,0.0
78.43,7.0,0.0
78.44,6.0,1.0
78.45,7.0,1.0
78.46,7.0,1.0
78.47,7.0,1.0
78.48,7.0,1.0
78.49,6.0,1.0
78.5,9.0,1.0
78.51,8.0,1.0
78.52,8.0,1.0
78.53,6.0,1.0
78.54,7.0,1.0
78.55,8.0,1.0
78.56,7.0,0.0
78.57,8.0,1.0
78.58,7.0,1.0
78.59,7.0,1.0
78.6,8.0,1.0
78.61,7.0,1.0
78.62,7.0,0.0
78.63,7.0,1.0
78.64,8.0,0.0
78.65,7.0,1.0
78.66,8.0,0.0
78.67,9.0,1.0
78.68,6.0,0.0
78.69,7.0,1.0
78.7,6.0,1.0
78.71,8.0,0.0
78.72,6.0,0.0
78.73,9.0,0.0
78.74,7.0,1.0
78.75,8.0,1.0
78.76,5.0,1.0
78.77,7.0,0.0
78.78,5.0,0.0
78.79,6.0,0.0
78.8,5.0,0.0
78.81,7.0,0.0
78.82,6.0,1.0
78.83,8.0,1.0
78.84,8.0,1.0
78.85,6.0,1.0
78.86,7.0,0.0
78.87,6.0,1.0
78.88,7.0,1.0
78.89,6.0,0.0
78.9,4.0,0.0
78.91,7.0,0.0
78.92,5.0,1.0
78.93,7.0,0.0
78.94,7.0,1.0
78.95,7.0,1.0
78.96,7.0,1.0
78.97,7.0,1.0
78.98,7.0,2.0
78.99,8.0,1.0
79.0,6.0,1.0
79.01,8.0,0.0
79.02,6.0,1.0
79.03,7.0,0.0
79.04,7.0,0.0
79.05,5.0,1.0
79.06,5.0,1.0
79.07,6.0,1.0
79.08,6.0,1.0
79.09,6.0,1.0
79.1,4.0,0.0
79.11,6.0,1.0
79.12,7.0,1.0
79.13,4.0,2.0
79.14,5.0,1.0
79.15,6.0,1.0
79.16,5.0,0.0
79.17,6.0,1.0
79.18,6.0,2.0
79.19,4.0,2.0
79.2,5.0,1.0
79.21,4.0,1.0
79.22,5.0,1.0
79.23,6.0,1.0
79.24,4.0,2.0
79.25,3.0,2.0
79.26,3.0,1.0
79.27,4.0,0.0
79.28,3.0,1.0
79.29,4.0,1.0
79.3,5.0,1.0
79.31,4.0,0.0
79.32,5.0,1.0
79.33,5.0,1.0
79.34,5.0,1.0
79.35,4.0,1.0
79.36,5.0,1.0
79.37,8.0,1.0
79.38,6.0,1.0
79.39,6.0,0.0
79.4,6.0,1.0
79.41,7.0,1.0
79.42,5.0,1.0
79.43,5.0,1.0
79.44,8.0,1.0
79.45,5.0,1.0
79.46,7.0,1.0
79.47,7.0,1.0
79.48,9.0,1.0
79.49,8.0,1.0
79.5,7.0,1.0
79.51,7.0,1.0
79.52,7.0,1.0
79.53,6.0,1.0
79.54,7.0,1.0
79.55,6.0,0.0
79.56,6.0,1.0
79.57,9.0,1.0
79.58,6.0,1.0
79.59,6.0,1.0
79.6,7.0,1.0
79.61,8.0,1.0
79.62,7.0,1.0
79.63,8.0,1.0
79.64,8.0,1.0
79.65,6.0,1.0
79.66,7.0,1.0
79.67,8.0,2.0
79.68,8.0,1.0
79.69,7.0,1.0
79.7,6.0,1.0
79.71,6.0,1.0
79.72,7.0,1.0
79.73,7.0,1.0
79.74,9.0,1.0
79.75,9.0,2.0
79.76,6.0,2.0
79.77,7.0,1.0
79.78,7.0,2.0
79.79,5.0,1.0
79.8,4.0,1.0
79.81,6.0,1.0
79.82,6.0,2.0
79.83,7.0,1.0
79.84,5.0,0.0
79.85,5.0,2.0
79.86,6.0,1.0
79.87,7.0,1.0
79.88,5.0,1.0
79.89,4.0,1.0
79.9,6.0,1.0
79.91,4.0,1.0
79.92,6.0,1.0
79.93,7.0,1.0
79.94,5.0,1.0
79.95,6.0,1.0
79.96,7.0,1.0
79.97,8.0,3.0
79.98,5.0,1.0
79.99,5.0,1.0
80.0,7.0,1.0
80.01,7.0,1.0
80.02,5.0,0.0
80.03,6.0,0.0
80.04,9.0,1.0
80.05,6.0,1.0
80.06,7.0,1.0
80.07,7.0,1.0
80.08,8.0,1.0
80.09,7.0,1.0
80.1,8.0,1.0
80.11,5.0,1.0
80.12,7.0,0.0
80.13,8.0,0.0
80.14,8.0,0.0
80.15,8.0,1.0
80.16,6.0,1.0
80.17,6.0,1.0
80.18,6.0,1.0
80.19,8.0,0.0
80.2,7.0,1.0
80.21,6.0,1.0
80.22,7.0,1.0
80.23,6.0,1.0
80.24,7.0,1.0
80.25,7.0,1.0
80.26,8.0,1.0
80.27,8.0,1.0
80.28,8.0,1.0
80.29,5.0,1.0
80.3,6.0,1.0
80.31,8.0,2.0
80.32,7.0,1.0
80.33,8.0,1.0
80.34,8.0,1.0
80.35,8.0,1.0
80.36,6.0,1.0
80.37,8.0,1.0
80.38,6.0,1.0
80.39,7.0,1.0
80.4,7.0,1.0
80.41,7.0,2.0
80.42,6.0,1.0
80.43,7.0,1.0
80.44,6.0,0.0
80.45,6.0,1.0
80.46,7.0,1.0
80.47,7.0,1.0
80.48,6.0,2.0
80.49,7.0,1.0
80.5,9.0,1.0
80.51,6.0,1.0
80.52,7.0,1.0
80.53,6.0,1.0
80.54,5.0,1.0
80.55,7.0,1.0
80.56,7.0,1.0
80.57,6.0,1.0
80.58,6.0,1.0
80.59,6.0,1.0
80.6,4.0,1.0
80.61,6.0,0.0
80.62,7.0,0.0
80.63,6.0,1.0
80.64,5.0,1.0
80.65,6.0,1.0
80.66,7.0,1.0
80.67,4.0,1.0
80.68,7.0,1.0
80.69,5.0,1.0
80.7,6.0,1.0
80.71,5.0,1.0
80.72,5.0,1.0
80.73,5.0,1.0
80.74,7.0,1.0
80.75,6.0,1.0
80.76,5.0,0.0
80.77,6.0,0.0
80.78,3.0,1.0
80.79,6.0,1.0
80.8,5.0,1.0
80.81,5.0,0.0
80.82,5.0,1.0
80.83,6.0,1.0
80.84,6.0,1.0
80.85,6.0,1.0
80.86,6.0,1.0
80.87,6.0,2.0
80.88,5.0,1.0
80.89,5.0,1.0
80.9,5.0,1.0
80.91,6.0,2.0
80.92,5.0,1.0
80.93,5.0,2.0
80.94,5.0,1.0
80.95,5.0,1.0
80.96,5.0,1.0
80.97,6.0,1.0
80.98,6.0,0.0
80.99,5.0,1.0
81.0,5.0,1.0
81.01,5.0,1.0
81.02,6.0,1.0
81.03,6.0,1.0
81.04,6.0,1.0
81.05,5.0,1.0
81.06,7.0,1.0
81.07,5.0,1.0
81.08,6.0,1.0
81.09,6.0,1.0
81.1,6.0,0.0
81.11,5.0,1.0
81.12,6.0,1.0
81.13,7.0,1.0
81.14,6.0,1.0
81.15,7.0,1.0
81.16,4.0,1.0
81.17,6.0,1.0
81.18,5.0,1.0
81.19,7.0,1.0
81.2,6.0,1.0
81.21,5.0,1.0
81.22,5.0,1.0
81.23,7.0,1.0
81.24,5.0,1.0
81.25,5.0,1.0
81.26,6.0,1.0
81.27,7.0,1.0
81.28,6.0,1.0
81.29,7.0,1.0
81.3,5.0,1.0
81.31,7.0,1.0
81.32,5.0,2.0
81.33,5.0,1.0
81.34,6.0,1.0
81.35,6.0,1.0
81.36,6.0,1.0
81.37,7.0,1.0
81.38,6.0,2.0
81.39,6.0,1.0
81.4,8.0,1.0
81.41,6.0,1.0
81.42,8.0,1.0
81.43,5.0,1.0
81.44,7.0,1.0
81.45,6.0,1.0
81.46,4.0,1.0
81.47,6.0,1.0
81.48,6.0,1.0
81.49,6.0,1.0
81.5,5.0,2.0
81.51,4.0,1.0
81.52,6.0,1.0
81.53,5.0,1.0
81.54,6.0,1.0
81.55,5.0,1.0
81.56,7.0,1.0
81.57,7.0,1.0
81.58,5.0,1.0
81.59,6.0,1.0
81.6,6.0,1.0
81.61,5.0,0.0
81.62,6.0,1.0
81.63,6.0,1.0
81.64,5.0,1.0
81.65,6.0,0.0
81.66,6.0,2.0
81.67,7.0,2.0
81.68,6.0,2.0
81.69,7.0,2.0
81.7,5.0,2.0
81.71,7.0,1.0
81.72,7.0,2.0
81.73,5.0,1.0
81.74,6.0,1.0
81.75,5.0,1.0
81.76,6.0,1.0
81.77,6.0,2.0
81.78,6.0,2.0
81.79,5.0,0.0
81.8,6.0,2.0
81.81,6.0,2.0
81.82,6.0,2.0
81.83,6.0,0.0
81.84,6.0,1.0
81.85,6.0,1.0
81.86,6.0,0.0
81.87,7.0,2.0
81.88,6.0,1.0
81.89,6.0,2.0
81.9,6.0,2.0
81.91,7.0,1.0
81.92,5.0,0.0
81.93,6.0,1.0
81.94,6.0,0.0
81.95,8.0,1.0
81.96,6.0,1.0
81.97,7.0,1.0
81.98,6.0,1.0
81.99,7.0,2.0
82.0,6.0,1.0
82.01,5.0,3.0
82.02,6.0,2.0
82.03,5.0,2.0
82.04,8.0,2.0
82.05,7.0,1.0
82.06,8.0,1.0
82.07,6.0,2.0
82.08,7.0,1.0
82.09,7.0,0.0
82.1,6.0,1.0
82.11,7.0,2.0
82.12,6.0,1.0
82.13,4.0,1.0
82.14,6.0,1.0
82.15,5.0,1.0
82.16,4.0,1.0
82.17,7.0,1.0
82.18,5.0,2.0
82.19,5.0,2.0
82.2,5.0,1.0
82.21,6.0,1.0
82.22,7.0,2.0
82.23,6.0,0.0
82.24,6.0,1.0
82.25,7.0,1.0
82.26,5.0,1.0
82.27,7.0,1.0
82.28,6.0,2.0
82.29,7.0,0.0
82.3,7.0,1.0
82.31,5.0,1.0
82.32,8.0,2.0
82.33,6.0,2.0
82.34,7.0,0.0
82.35,6.0,0.0
82.36,5.0,0.0
82.37,5.0,0.0
82.38,7.0,2.0
82.39,6.0,1.0
82.4,5.0,1.0
82.41,5.0,3.0
82.42,6.0,2.0
82.43,5.0,2.0
82.44,5.0,1.0
82.45,3.0,1.0
82.46,4.0,1.0
82.47,5.0,1.0
82.48,5.0,1.0
82.49,6.0,2.0
82.5,5.0,2.0
82.51,5.0,1.0
82.52,5.0,2.0
82.53,5.0,2.0
82.54,5.0,2.0
82.55,6.0,1.0
82.56,5.0,1.0
82.57,5.0,1.0
82.58,5.0,2.0
82.59,6.0,2.0
82.6,5.0,1.0
82.61,6.0,2.0
82.62,7.0,3.0
82.63,7.0,2.0
82.64,6.0,2.0
82.65,6.0,3.0
82.66,7.0,2.0
82.67,6.0,2.0
82.68,8.0,2.0
82.69,7.0,0.0
82.7,6.0,1.0
82.71,7.0,2.0
82.72,7.0,2.0
82.73,6.0,2.0
82.74,5.0,2.0
82.75,7.0,1.0
82.76,6.0,2.0
82.77,8.0,2.0
82.78,5.0,1.0
82.79,6.0,2.0
82.8,5.0,2.0
82.81,7.0,2.0
82.82,6.0,2.0
82.83,5.0,2.0
82.84,6.0,1.0
82.85,5.0,2.0
82.86,6.0,1.0
82.87,5.0,2.0
82.88,5.0,1.0
82.89,6.0,2.0
82.9,7.0,1.0
82.91,5.0,2.0
82.92,7.0,2.0
82.93,7.0,2.0
82.94,7.0,2.0
82.95,5.0,1.0
82.96,6.0,2.0
82.97,5.0,2.0
82.98,7.0,2.0
82.99,5.0,2.0
83.0,6.0,2.0
83.01,6.0,2.0
83.02,5.0,2.0
83.03,7.0,2.0
83.04,5.0,1.0
83.05,5.0,2.0
83.06,6.0,2.0
83.07,5.0,1.0
83.08,5.0,2.0
83.09,5.0,2.0
83.1,6.0,2.0
83.11,7.0,2.0
83.12,5.0,2.0
83.13,5.0,2.0
83.14,5.0,2.0
83.15,6.0,2.0
83.16,6.0,2.0
83.17,7.0,2.0
83.18,5.0,2.0
83.19,6.0,2.0
83.2,7.0,2.0
83.21,6.0,2.0
83.22,7.0,2.0
83.23,7.0,3.0
83.24,5.0,2.0
83.25,7.0,2.0
83.26,7.0,2.0
83.27,5.0,1.0
83.28,6.0,2.0
83.29,7.0,2.0
83.3,7.0,2.0
83.31,7.0,2.0
83.32,8.0,2.0
83.33,8.0,2.0
83.34,9.0,2.0
83.35,7.0,2.0
83.36,7.0,2.0
83.37,7.0,2.0
83.38,7.0,2.0
83.39,7.0,2.0
83.4,7.0,1.0
83.41,7.0,2.0
83.42,8.0,2.0
83.43,8.0,2.0
83.44,6.0,2.0
83.45,4.0,2.0
83.46,7.0,2.0
83.47,8.0,3.0
83.48,7.0,2.0
83.49,8.0,2.0
83.5,8.0,2.0
83.51,7.0,2.0
83.52,7.0,2.0
83.53,7.0,1.0
83.54,7.0,1.0
83.55,6.0,1.0
83.56,7.0,1.0
83.57,7.0,2.0
83.58,6.0,1.0
83.59,7.0,1.0
83.6,8.0,1.0
83.61,7.0,3.0
83.62,7.0,2.0
83.63,4.0,2.0
83.64,7.0,2.0
83.65,7.0,2.0
83.66,6.0,2.0
83.67,8.0,1.0
83.68,5.0,1.0
83.69,7.0,1.0
83.7,7.0,1.0
83.71,7.0,1.0
83.72,6.0,1.0
83.73,5.0,1.0
83.74,7.0,1.0
83.75,7.0,1.0
83.76,7.0,2.0
83.77,8.0,1.0
83.78,6.0,0.0
83.79,7.0,1.0
83.8,6.0,1.0
83.81,7.0,1.0
83.82,6.0,2.0
83.83,7.0,1.0
83.84,7.0,1.0
83.85,7.0,1.0
83.86,8.0,1.0
83.87,7.0,0.0
83.88,7.0,1.0
83.89,6.0,1.0
83.9,9.0,1.0
83.91,6.0,2.0
83.92,8.0,0.0
83.93,8.0,1.0
83.94,7.0,0.0
83.95,8.0,1.0
83.96,5.0,1.0
83.97,8.0,1.0
83.98,6.0,1.0
83.99,8.0,1.0
84.0,7.0,1.0
84.01,7.0,2.0
84.02,7.0,1.0
84.03,6.0,0.0
84.04,6.0,1.0
84.05,7.0,1.0
84.06,8.0,2.0
84.07,8.0,1.0
84.08,8.0,1.0
84.09,7.0,2.0
84.1,6.0,1.0
84.11,7.0,1.0
84.12,8.0,1.0
84.13,7.0,2.0
84.14,8.0,0.0
84.15,7.0,0.0
84.16,6.0,1.0
84.17,6.0,1.0
84.18,6.0,1.0
84.19,6.0,1.0
84.2,4.0,0.0
84.21,6.0,0.0
84.22,6.0,0.0
84.23,8.0,1.0
84.24,6.0,1.0
84.25,5.0,1.0
84.26,5.0,2.0
84.27,3.0,1.0
84.28,7.0,2.0
84.29,7.0,1.0
84.3,7.0,0.0
84.31,8.0,1.0
84.32,7.0,1.0
84.33,7.0,1.0
84.34,7.0,1.0
84.35,8.0,1.0
84.36,7.0,1.0
84.37,7.0,1.0
84.38,7.0,1.0
84.39,8.0,1.0
84.4,5.0,1.0
84.41,8.0,1.0
84.42,6.0,1.0
84.43,6.0,1.0
84.44,8.0,2.0
84.45,7.0,1.0
84.46,7.0,1.0
84.47,7.0,0.0
84.48,7.0,1.0
84.49,6.0,0.0
84.5,6.0,1.0
84.51,7.0,1.0
84.52,7.0,2.0
84.53,7.0,1.0
84.54,7.0,0.0
84.55,7.0,0.0
84.56,9.0,1.0
84.57,6.0,1.0
84.58,4.0,0.0
84.59,6.0,0.0
84.6,7.0,1.0
84.61,7.0,1.0
84.62,5.0,1.0
84.63,6.0,0.0
84.64,6.0,1.0
84.65,6.0,1.0
84.66,6.0,1.0
84.67,6.0,1.0
84.68,5.0,0.0
84.69,5.0,1.0
84.7,8.0,1.0
84.71,7.0,1.0
84.72,8.0,1.0
84.73,7.0,1.0
84.74,9.0,1.0
84.75,7.0,1.0
84.76,8.0,0.0
84.77,7.0,1.0
84.78,5.0,1.0
84.79,7.0,1.0
84.8,7.0,1.0
84.81,7.0,0.0
84.82,8.0,1.0
84.83,8.0,2.0
84.84,8.0,0.0
84.85,6.0,1.0
84.86,8.0,0.0
84.87,7.0,1.0
84.88,6.0,1.0
84.89,7.0,1.0
84.9,5.0,1.0
84.91,5.0,1.0
84.92,9.0,1.0
84.93,8.0,1.0
84.94,7.0,1.0
84.95,7.0,0.0
84.96,5.0,0.0
84.97,6.0,0.0
84.98,8.0,0.0
84.99,5.0,1.0
85.0,5.0,1.0
85.01,8.0,1.0
85.02,7.0,1.0
85.03,8.0,2.0
85.04,6.0,1.0
85.05,7.0,0.0
85.06,7.0,0.0
85.07,8.0,0.0
85.08,7.0,0.0
85.09,6.0,0.0
85.1,7.0,0.0
85.11,9.0,0.0
85.12,5.0,1.0
85.13,5.0,1.0
85.14,7.0,1.0
85.15,6.0,0.0
85.16,6.0,0.0
85.17,6.0,0.0
85.18,5.0,1.0
85.19,5.0,1.0
85.2,5.0,1.0
85.21,4.0,1.0
85.22,5.0,1.0
85.23,5.0,1.0
85.24,4.0,1.0
85.25,5.0,1.0
85.26,5.0,1.0
85.27,6.0,1.0
85.28,5.0,1.0
85.29,5.0,1.0
85.3,6.0,0.0
85.31,3.0,2.0
85.32,5.0,1.0
85.33,5.0,1.0
85.34,5.0,0.0
85.35,6.0,1.0
85.36,5.0,1.0
85.37,5.0,0.0
85.38,5.0,0.0
85.39,4.0,0.0
85.4,4.0,0.0
85.41,5.0,0.0
85.42,5.0,0.0
85.43,6.0,1.0
85.44,6.0,0.0
85.45,6.0,1.0
85.46,6.0,0.0
85.47,6.0,1.0
85.48,4.0,0.0
85.49,5.0,0.0
85.5,5.0,1.0
85.51,4.0,2.0
85.52,5.0,0.0
85.53,4.0,0.0
85.54,4.0,1.0
85.55,6.0,1.0
85.56,5.0,0.0
85.57,5.0,0.0
85.58,4.0,1.0
85.59,6.0,0.0
85.6,6.0,1.0
85.61,7.0,0.0
85.62,3.0,0.0
85.63,5.0,1.0
85.64,5.0,1.0
85.65,3.0,0.0
85.66,5.0,1.0
85.67,3.0,1.0
85.68,4.0,1.0
85.69,4.0,1.0
85.7,4.0,0.0
85.71,4.0,1.0
85.72,6.0,0.0
85.73,6.0,1.0
85.74,7.0,0.0
85.75,6.0,1.0
85.76,5.0,1.0
85.77,8.0,1.0
85.78,5.0,1.0
85.79,6.0,1.0
85.8,5.0,0.0
85.81,6.0,1.0
85.82,7.0,1.0
85.83,6.0,1.0
85.84,6.0,1.0
85.85,5.0,0.0
85.86,5.0,1.0
85.87,4.0,1.0
85.88,7.0,1.0
85.89,7.0,1.0
85.9,6.0,1.0
85.91,6.0,1.0
85.92,6.0,0.0
85.93,7.0,1.0
85.94,8.0,1.0
85.95,5.0,1.0
85.96,7.0,1.0
85.97,7.0,1.0
85.98,5.0,1.0
85.99,7.0,1.0
86.0,7.0,1.0
86.01,6.0,0.0
86.02,8.0,1.0
86.03,8.0,1.0
86.04,6.0,1.0
86.05,7.0,1.0
86.06,9.0,1.0
86.07,7.0,1.0
86.08,7.0,1.0
86.09,5.0,1.0
86.1,6.0,1.0
86.11,8.0,1.0
86.12,6.0,2.0
86.13,7.0,1.0
86.14,8.0,1.0
86.15,5.0,1.0
86.16,8.0,0.0
86.17,8.0,1.0
86.18,7.0,1.0
86.19,6.0,1.0
86.2,8.0,1.0
86.21,7.0,1.0
86.22,8.0,1.0
86.23,8.0,1.0
86.24,8.0,1.0
86.25,7.0,1.0
86.26,7.0,1.0
86.27,7.0,1.0
86.28,9.0,1.0
86.29,8.0,1.0
86.3,7.0,1.0
86.31,8.0,1.0
86.32,7.0,1.0
86.33,8.0,1.0
86.34,8.0,1.0
86.35,9.0,0.0
86.36,7.0,1.0
86.37,7.0,1.0
86.38,7.0,0.0
86.39,8.0,1.0
86.4,6.0,0.0
86.41,6.0,0.0
86.42,6.0,2.0
86.43,8.0,0.0
86.44,8.0,0.0
86.45,7.0,0.0
86.46,8.0,0.0
86.47,7.0,1.0
86.48,7.0,1.0
86.49,6.0,1.0
86.5,8.0,0.0
86.51,8.0,1.0
86.52,8.0,0.0
86.53,7.0,1.0
86.54,6.0,1.0
86.55,8.0,0.0
86.56,7.0,1.0
86.57,6.0,1.0
86.58,7.0,1.0
86.59,3.0,1.0
86.6,7.0,0.0
86.61,7.0,1.0
86.62,6.0,1.0
86.63,8.0,1.0
86.64,7.0,1.0
86.65,8.0,1.0
86.66,6.0,1.0
86.67,6.0,1.0
86.68,7.0,1.0
86.69,6.0,1.0
86.7,7.0,1.0
86.71,7.0,1.0
86.72,7.0,0.0
86.73,8.0,1.0
86.74,6.0,1.0
86.75,8.0,1.0
86.76,7.0,1.0
86.77,7.0,1.0
86.78,7.0,0.0
86.79,7.0,1.0
86.8,7.0,0.0
86.81,7.0,0.0
86.82,6.0,1.0
86.83,6.0,1.0
86.84,7.0,1.0
86.85,7.0,1.0
86.86,6.0,1.0
86.87,7.0,1.0
86.88,6.0,1.0
86.89,7.0,1.0
86.9,6.0,1.0
86.91,7.0,1.0
86.92,7.0,1.0
86.93,5.0,1.0
86.94,5.0,0.0
86.95,4.0,1.0
86.96,7.0,1.0
86.97,7.0,1.0
86.98,6.0,1.0
86.99,6.0,0.0
87.0,7.0,1.0
87.01,7.0,1.0
87.02,7.0,0.0
87.03,6.0,0.0
87.04,5.0,1.0
87.05,7.0,0.0
87.06,7.0,1.0
87.07,4.0,1.0
87.08,7.0,1.0
87.09,5.0,1.0
87.1,6.0,1.0
87.11,6.0,1.0
87.12,4.0,1.0
87.13,5.0,0.0
87.14,4.0,0.0
87.15,6.0,1.0
87.16,9.0,1.0
87.17,7.0,1.0
87.18,5.0,1.0
87.19,7.0,0.0
87.2,9.0,0.0
87.21,7.0,1.0
87.22,8.0,0.0
87.23,4.0,0.0
87.24,6.0,1.0
87.25,8.0,0.0
87.26,8.0,1.0
87.27,8.0,0.0
87.28,5.0,0.0
87.29,9.0,1.0
87.3,7.0,0.0
87.31,7.0,0.0
87.32,7.0,1.0
87.33,7.0,1.0
87.34,6.0,1.0
87.35,7.0,1.0
87.36,9.0,2.0
87.37,8.0,1.0
87.38,8.0,0.0
87.39,8.0,1.0
87.4,8.0,0.0
87.41,7.0,1.0
87.42,8.0,2.0
87.43,8.0,1.0
87.44,7.0,1.0
87.45,5.0,1.0
87.46,7.0,0.0
87.47,7.0,1.0
87.48,9.0,2.0
87.49,6.0,1.0
87.5,6.0,2.0
87.51,8.0,1.0
87.52,6.0,1.0
87.53,7.0,1.0
87.54,7.0,1.0
87.55,5.0,1.0
87.56,6.0,1.0
87.57,8.0,2.0
87.58,7.0,1.0
87.59,7.0,1.0
87.6,6.0,0.0
87.61,5.0,1.0
87.62,6.0,2.0
87.63,8.0,1.0
87.64,6.0,1.0
87.65,7.0,1.0
87.66,7.0,1.0
87.67,7.0,1.0
87.68,6.0,1.0
87.69,8.0,1.0
87.7,6.0,0.0
87.71,7.0,2.0
87.72,7.0,1.0
87.73,6.0,1.0
87.74,9.0,1.0
87.75,7.0,1.0
87.76,7.0,1.0
87.77,7.0,1.0
87.78,8.0,1.0
87.79,8.0,1.0
87.8,5.0,1.0
87.81,7.0,1.0
87.82,7.0,1.0
87.83,7.0,1.0
87.84,8.0,1.0
87.85,6.0,1.0
87.86,7.0,1.0
87.87,7.0,1.0
87.88,4.0,1.0
87.89,5.0,1.0
87.9,4.0,0.0
87.91,6.0,1.0
87.92,5.0,1.0
87.93,5.0,1.0
87.94,4.0,1.0
87.95,6.0,0.0
87.96,6.0,1.0
87.97,6.0,1.0
87.98,5.0,1.0
87.99,5.0,1.0
88.0,6.0,1.0
88.01,5.0,1.0
88.02,7.0,1.0
88.03,6.0,1.0
88.04,7.0,1.0
88.05,7.0,1.0
88.06,6.0,1.0
88.07,6.0,1.0
88.08,6.0,1.0
88.09,3.0,1.0
88.1,5.0,1.0
88.11,6.0,1.0
88.12,5.0,1.0
88.13,4.0,1.0
88.14,5.0,1.0
88.15,4.0,1.0
88.16,5.0,1.0
88.17,5.0,1.0
88.18,5.0,1.0
88.19,5.0,1.0
88.2,6.0,1.0
88.21,7.0,1.0
88.22,4.0,1.0
88.23,5.0,1.0
88.24,4.0,1.0
88.25,6.0,1.0
88.26,6.0,1.0
88.27,5.0,0.0
88.28,5.0,0.0
88.29,8.0,1.0
88.3,6.0,1.0
88.31,6.0,1.0
88.32,5.0,1.0
88.33,5.0,1.0
88.34,5.0,1.0
88.35,5.0,1.0
88.36,4.0,1.0
88.37,5.0,0.0
88.38,5.0,1.0
88.39,5.0,1.0
88.4,4.0,1.0
88.41,4.0,1.0
88.42,5.0,1.0
88.43,6.0,1.0
88.44,6.0,1.0
88.45,4.0,1.0
88.46,5.0,1.0
88.47,5.0,0.0
88.48,4.0,1.0
88.49,5.0,1.0
88.5,4.0,2.0
88.51,4.0,1.0
88.52,5.0,1.0
88.53,4.0,1.0
88.54,4.0,1.0
88.55,5.0,0.0
88.56,5.0,0.0
88.57,4.0,1.0
88.58,4.0,1.0
88.59,3.0,1.0
88.6,6.0,1.0
88.61,5.0,1.0
88.62,4.0,1.0
88.63,5.0,1.0
88.64,6.0,1.0
88.65,5.0,1.0
88.66,5.0,1.0
88.67,4.0,1.0
88.68,7.0,1.0
88.69,5.0,1.0
88.7,6.0,0.0
88.71,5.0,1.0
88.72,5.0,0.0
88.73,4.0,1.0
88.74,5.0,1.0
88.75,6.0,0.0
88.76,5.0,1.0
88.77,5.0,1.0
88.78,5.0,1.0
88.79,4.0,0.0
88.8,4.0,1.0
88.81,6.0,1.0
88.82,4.0,1.0
88.83,5.0,1.0
88.84,5.0,1.0
88.85,6.0,1.0
88.86,5.0,1.0
88.87,6.0,1.0
88.88,5.0,1.0
88.89,5.0,1.0
88.9,3.0,1.0
88.91,4.0,1.0
88.92,5.0,1.0
88.93,6.0,1.0
88.94,6.0,1.0
88.95,6.0,1.0
88.96,5.0,1.0
88.97,6.0,1.0
88.98,6.0,1.0
88.99,5.0,1.0
89.0,5.0,1.0
89.01,5.0,1.0
89.02,5.0,1.0
89.03,5.0,1.0
89.04,4.0,1.0
89.05,5.0,1.0
89.06,6.0,1.0
89.07,5.0,1.0
89.08,4.0,1.0
89.09,5.0,1.0
89.1,5.0,1.0
89.11,4.0,1.0
89.12,6.0,1.0
89.13,4.0,2.0
89.14,2.0,1.0
89.15,6.0,1.0
89.16,5.0,1.0
89.17,5.0,1.0
89.18,6.0,1.0
89.19,5.0,1.0
89.2,4.0,1.0
89.21,5.0,1.0
89.22,4.0,1.0
89.23,5.0,1.0
89.24,5.0,1.0
89.25,5.0,1.0
89.26,5.0,1.0
89.27,4.0,1.0
89.28,5.0,1.0
89.29,7.0,1.0
89.3,5.0,0.0
89.31,5.0,1.0
89.32,5.0,1.0
89.33,5.0,1.0
89.34,6.0,1.0
89.35,4.0,1.0
89.36,7.0,1.0
89.37,6.0,1.0
89.38,6.0,0.0
89.39,6.0,1.0
89.4,7.0,1.0
89.41,4.0,1.0
89.42,5.0,1.0
89.43,6.0,1.0
89.44,5.0,1.0
89.45,5.0,1.0
89.46,5.0,1.0
89.47,6.0,1.0
89.48,5.0,1.0
89.49,5.0,1.0
89.5,6.0,1.0
89.51,5.0,1.0
89.52,5.0,1.0
89.53,5.0,1.0
89.54,5.0,1.0
89.55,5.0,1.0
89.56,5.0,1.0
89.57,5.0,1.0
89.58,5.0,1.0
89.59,5.0,0.0
89.6,5.0,1.0
89.61,5.0,1.0
89.62,5.0,0.0
89.63,6.0,1.0
89.64,4.0,0.0
89.65,4.0,1.0
89.66,5.0,1.0
89.67,6.0,1.0
89.68,5.0,0.0
89.69,5.0,1.0
89.7,6.0,1.0
89.71,4.0,1.0
89.72,4.0,0.0
89.73,5.0,0.0
89.74,5.0,1.0
89.75,6.0,1.0
89.76,5.0,0.0
89.77,5.0,1.0
89.78,5.0,1.0
89.79,5.0,1.0
89.8,5.0,1.0
89.81,5.0,1.0
89.82,5.0,1.0
89.83,7.0,2.0
89.84,6.0,1.0
89.85,5.0,1.0
89.86,5.0,1.0
89.87,5.0,1.0
89.88,5.0,1.0
89.89,5.0,1.0
89.9,4.0,1.0
89.91,4.0,1.0
89.92,4.0,2.0
89.93,4.0,1.0
89.94,5.0,1.0
89.95,3.0,0.0
89.96,4.0,1.0
89.97,5.0,1.0
89.98,5.0,1.0
89.99,5.0,1.0
90.0,5.0,0.0
90.01,4.0,0.0
90.02,4.0,1.0
90.03,5.0,1.0
90.04,5.0,1.0
90.05,5.0,1.0
90.06,5.0,1.0
90.07,4.0,1.0
90.08,5.0,0.0
90.09,6.0,1.0
90.1,6.0,0.0
90.11,6.0,1.0
90.12,5.0,1.0
90.13,5.0,1.0
90.14,5.0,1.0
90.15,3.0,1.0
90.16,4.0,1.0
90.17,5.0,1.0
90.18,5.0,1.0
90.19,5.0,1.0
90.2,6.0,1.0
90.21,4.0,0.0
90.22,4.0,0.0
90.23,4.0,1.0
90.24,5.0,1.0
90.25,5.0,0.0
90.26,5.0,1.0
90.27,5.0,1.0
90.28,4.0,1.0
90.29,5.0,1.0
90.3,5.0,1.0
90.31,5.0,1.0
90.32,6.0,1.0
90.33,5.0,0.0
90.34,6.0,0.0
90.35,5.0,1.0
90.36,5.0,0.0
90.37,5.0,1.0
90.38,5.0,1.0
90.39,4.0,0.0
90.4,6.0,1.0
90.41,5.0,1.0
90.42,5.0,1.0
90.43,6.0,1.0
90.44,5.0,1.0
90.45,4.0,1.0
90.46,6.0,1.0
90.47,6.0,1.0
90.48,4.0,1.0
90.49,5.0,1.0
90.5,5.0,1.0
90.51,5.0,1.0
90.52,4.0,1.0
90.53,6.0,1.0
90.54,3.0,1.0
90.55,6.0,1.0
90.56,5.0,1.0
90.57,5.0,1.0
90.58,5.0,1.0
90.59,5.0,1.0
90.6,6.0,1.0
90.61,4.0,2.0
90.62,5.0,1.0
90.63,6.0,1.0
90.64,6.0,1.0
90.65,4.0,1.0
90.66,5.0,1.0
90.67,4.0,1.0
90.68,6.0,1.0
90.69,5.0,1.0
90.7,5.0,1.0
90.71,5.0,1.0
90.72,5.0,1.0
90.73,6.0,1.0
90.74,5.0,1.0
90.75,6.0,0.0
90.76,5.0,0.0
90.77,6.0,1.0
90.78,4.0,1.0
90.79,5.0,1.0
90.8,5.0,1.0
90.81,5.0,1.0
90.82,6.0,1.0
90.83,5.0,1.0
90.84,5.0,1.0
90.85,6.0,1.0
90.86,5.0,1.0
90.87,5.0,1.0
90.88,4.0,1.0
90.89,5.0,1.0
90.9,5.0,2.0
90.91,5.0,1.0
90.92,5.0,1.0
90.93,5.0,1.0
90.94,5.0,1.0
90.95,5.0,1.0
90.96,6.0,1.0
90.97,4.0,1.0
90.98,6.0,1.0
90.99,5.0,1.0
91.0,5.0,1.0
91.01,4.0,1.0
91.02,5.0,1.0
91.03,5.0,2.0
91.04,5.0,1.0
91.05,5.0,2.0
91.06,4.0,2.0
91.07,5.0,1.0
91.08,6.0,1.0
91.09,5.0,1.0
91.1,4.0,1.0
91.11,6.0,2.0
91.12,6.0,2.0
91.13,5.0,1.0
91.14,6.0,1.0
91.15,6.0,1.0
91.16,7.0,1.0
91.17,5.0,2.0
91.18,5.0,1.0
91.19,5.0,1.0
91.2,5.0,2.0
91.21,5.0,2.0
91.22,6.0,1.0
91.23,5.0,2.0
91.24,4.0,1.0
91.25,6.0,1.0
91.26,6.0,1.0
91.27,5.0,1.0
91.28,4.0,1.0
91.29,5.0,1.0
91.3,5.0,1.0
91.31,4.0,1.0
91.32,4.0,1.0
91.33,5.0,1.0
91.34,4.0,1.0
91.35,5.0,1.0
91.36,5.0,1.0
91.37,6.0,2.0
91.38,5.0,1.0
91.39,5.0,1.0
91.4,5.0,1.0
91.41,5.0,2.0
91.42,5.0,1.0
91.43,6.0,1.0
91.44,6.0,2.0
91.45,4.0,1.0
91.46,5.0,1.0
91.47,5.0,1.0
91.48,5.0,1.0
91.49,6.0,2.0
91.5,5.0,2.0
91.51,5.0,1.0
91.52,6.0,1.0
91.53,5.0,1.0
91.54,6.0,1.0
91.55,4.0,1.0
91.56,5.0,1.0
91.57,4.0,1.0
91.58,5.0,1.0
91.59,6.0,2.0
91.6,5.0,1.0
91.61,7.0,1.0
91.62,5.0,2.0
91.63,6.0,2.0
91.64,5.0,1.0
91.65,6.0,2.0
91.66,5.0,1.0
91.67,6.0,2.0
91.68,4.0,2.0
91.69,5.0,2.0
91.7,5.0,3.0
91.71,5.0,2.0
91.72,4.0,2.0
91.73,6.0,2.0
91.74,6.0,2.0
91.75,6.0,2.0
91.76,4.0,2.0
91.77,5.0,2.0
91.78,5.0,2.0
91.79,6.0,2.0
91.8,5.0,1.0
91.81,5.0,2.0
91.82,6.0,1.0
91.83,5.0,1.0
91.84,5.0,1.0
91.85,5.0,1.0
91.86,5.0,1.0
91.87,4.0,1.0
91.88,5.0,1.0
91.89,4.0,1.0
91.9,5.0,2.0
91.91,4.0,2.0
91.92,5.0,1.0
91.93,3.0,1.0
91.94,5.0,1.0
91.95,5.0,2.0
91.96,5.0,1.0
91.97,5.0,1.0
91.98,4.0,1.0
91.99,5.0,1.0
92.0,4.0,1.0
92.01,7.0,2.0
92.02,5.0,2.0
92.03,4.0,2.0
92.04,3.0,0.0
92.05,6.0,1.0
92.06,5.0,1.0
92.07,6.0,2.0
92.08,5.0,1.0
92.09,4.0,1.0
92.1,4.0,2.0
92.11,5.0,1.0
92.12,5.0,1.0
92.13,4.0,1.0
92.14,5.0,1.0
92.15,5.0,2.0
92.16,4.0,1.0
92.17,5.0,1.0
92.18,5.0,1.0
92.19,5.0,1.0
92.2,5.0,1.0
92.21,5.0,1.0
92.22,5.0,1.0
92.23,6.0,1.0
92.24,5.0,1.0
92.25,5.0,1.0
92.26,5.0,1.0
92.27,6.0,1.0
92.28,5.0,1.0
92.29,5.0,2.0
92.3,4.0,2.0
92.31,5.0,0.0
92.32,5.0,1.0
92.33,4.0,1.0
92.34,6.0,1.0
92.35,5.0,1.0
92.36,6.0,1.0
92.37,6.0,1.0
92.38,5.0,1.0
92.39,4.0,1.0
92.4,5.0,1.0
92.41,5.0,1.0
92.42,4.0,1.0
92.43,5.0,1.0
92.44,6.0,1.0
92.45,5.0,1.0
92.46,3.0,1.0
92.47,3.0,2.0
92.48,5.0,1.0
92.49,3.0,2.0
92.5,3.0,1.0
92.51,5.0,1.0
92.52,5.0,1.0
92.53,4.0,1.0
92.54,5.0,2.0
92.55,5.0,2.0
92.56,4.0,2.0
92.57,5.0,2.0
92.58,4.0,2.0
92.59,4.0,1.0
92.6,4.0,1.0
92.61,5.0,1.0
92.62,5.0,1.0
92.63,4.0,2.0
92.64,5.0,3.0
92.65,4.0,1.0
92.66,5.0,2.0
92.67,5.0,1.0
92.68,5.0,1.0
92.69,5.0,2.0
92.7,6.0,2.0
92.71,6.0,0.0
92.72,4.0,1.0
92.73,3.0,1.0
92.74,5.0,1.0
92.75,5.0,2.0
92.76,4.0,1.0
92.77,5.0,2.0
92.78,5.0,1.0
92.79,5.0,2.0
92.8,5.0,1.0
92.81,4.0,1.0
92.82,3.0,2.0
92.83,3.0,1.0
92.84,4.0,1.0
92.85,6.0,2.0
92.86,4.0,1.0
92.87,4.0,1.0
92.88,4.0,2.0
92.89,4.0,2.0
92.9,5.0,1.0
92.91,3.0,1.0
92.92,4.0,1.0
92.93,4.0,1.0
92.94,5.0,2.0
92.95,4.0,1.0
92.96,5.0,2.0
92.97,5.0,2.0
92.98,3.0,2.0
92.99,3.0,2.0
93.0,3.0,1.0
93.01,5.0,1.0
93.02,3.0,2.0
93.03,4.0,2.0
93.04,4.0,1.0
93.05,7.0,1.0
93.06,6.0,1.0
93.07,2.0,1.0
93.08,4.0,1.0
93.09,3.0,1.0
93.1,3.0,1.0
93.11,5.0,1.0
93.12,3.0,1.0
93.13,4.0,1.0
93.14,4.0,1.0
93.15,5.0,1.0
93.16,4.0,1.0
93.17,4.0,1.0
93.18,4.0,1.0
93.19,3.0,1.0
93.2,4.0,1.0
93.21,3.0,1.0
93.22,5.0,1.0
93.23,3.0,1.0
93.24,4.0,0.0
93.25,5.0,0.0
93.26,4.0,1.0
93.27,5.0,1.0
93.28,4.0,0.0
93.29,3.0,0.0
93.3,5.0,1.0
93.31,4.0,1.0
93.32,4.0,1.0
93.33,2.0,1.0
93.34,2.0,1.0
93.35,6.0,1.0
93.36,5.0,1.0
93.37,6.0,1.0
93.38,5.0,2.0
93.39,5.0,1.0
93.4,7.0,1.0
93.41,6.0,1.0
93.42,6.0,1.0
93.43,5.0,1.0
93.44,6.0,1.0
93.45,7.0,1.0
93.46,6.0,1.0
93.47,9.0,1.0
93.48,7.0,1.0
93.49,6.0,0.0
93.5,5.0,1.0
93.51,5.0,0.0
93.52,7.0,1.0
93.53,6.0,1.0
93.54,6.0,1.0
93.55,5.0,1.0
93.56,4.0,0.0
93.57,6.0,1.0
93.58,6.0,1.0
93.59,5.0,1.0
93.6,6.0,1.0
93.61,6.0,1.0
93.62,6.0,1.0
93.63,4.0,1.0
93.64,6.0,1.0
93.65,4.0,1.0
93.66,6.0,1.0
93.67,3.0,1.0
93.68,5.0,1.0
93.69,6.0,1.0
93.7,6.0,1.0
93.71,5.0,1.0
93.72,4.0,1.0
93.73,5.0,1.0
93.74,5.0,1.0
93.75,4.0,1.0
93.76,7.0,2.0
93.77,5.0,1.0
93.78,5.0,1.0
93.79,4.0,1.0
93.8,4.0,1.0
93.81,5.0,1.0
93.82,5.0,1.0
93.83,7.0,1.0
93.84,5.0,1.0
93.85,5.0,2.0
93.86,5.0,1.0
93.87,5.0,1.0
93.88,5.0,1.0
93.89,7.0,1.0
93.9,3.0,1.0
93.91,5.0,1.0
93.92,4.0,1.0
93.93,5.0,1.0
93.94,5.0,1.0
93.95,6.0,1.0
93.96,4.0,1.0
93.97,6.0,1.0
93.98,7.0,1.0
93.99,5.0,1.0
94.0,6.0,1.0
94.01,5.0,2.0
94.02,6.0,2.0
94.03,6.0,1.0
94.04,7.0,1.0
94.05,6.0,1.0
94.06,5.0,1.0
94.07,7.0,1.0
94.08,7.0,1.0
94.09,6.0,1.0
94.1,5.0,1.0
94.11,7.0,1.0
94.12,6.0,1.0
94.13,6.0,1.0
94.14,6.0,1.0
94.15,7.0,1.0
94.16,5.0,1.0
94.17,4.0,1.0
94.18,6.0,1.0
94.19,4.0,1.0
94.2,5.0,0.0
94.21,5.0,1.0
94.22,7.0,1.0
94.23,4.0,1.0
94.24,4.0,2.0
94.25,7.0,1.0
94.26,7.0,1.0
94.27,6.0,1.0
94.28,4.0,1.0
94.29,5.0,1.0
94.3,4.0,1.0
94.31,3.0,1.0
94.32,5.0,1.0
94.33,6.0,2.0
94.34,5.0,1.0
94.35,5.0,1.0
94.36,5.0,1.0
94.37,5.0,1.0
94.38,4.0,1.0
94.39,6.0,1.0
94.4,7.0,1.0
94.41,5.0,1.0
94.42,6.0,2.0
94.43,4.0,1.0
94.44,5.0,1.0
94.45,6.0,1.0
94.46,4.0,1.0
94.47,7.0,1.0
94.48,2.0,1.0
94.49,4.0,1.0
94.5,7.0,1.0
94.51,2.0,1.0
94.52,4.0,1.0
94.53,5.0,1.0
94.54,5.0,1.0
94.55,6.0,1.0
94.56,5.0,1.0
94.57,6.0,1.0
94.58,7.0,1.0
94.59,6.0,2.0
94.6,6.0,2.0
94.61,5.0,1.0
94.62,6.0,1.0
94.63,4.0,1.0
94.64,4.0,0.0
94.65,4.0,1.0
94.66,6.0,1.0
94.67,2.0,1.0
94.68,5.0,0.0
94.69,6.0,1.0
94.7,5.0,1.0
94.71,4.0,1.0
94.72,6.0,1.0
94.73,3.0,2.0
94.74,4.0,1.0
94.75,4.0,1.0
94.76,5.0,1.0
94.77,4.0,1.0
94.78,6.0,1.0
94.79,6.0,1.0
94.8,6.0,1.0
94.81,4.0,1.0
94.82,4.0,1.0
94.83,6.0,1.0
94.84,6.0,1.0
94.85,6.0,1.0
94.86,6.0,1.0
94.87,4.0,0.0
94.88,6.0,1.0
94.89,5.0,1.0
94.9,6.0,1.0
94.91,6.0,1.0
94.92,5.0,1.0
94.93,6.0,1.0
94.94,6.0,1.0
94.95,5.0,0.0
94.96,5.0,1.0
94.97,8.0,1.0
94.98,6.0,0.0
94.99,6.0,1.0
95.0,8.0,1.0
95.01,5.0,1.0
95.02,4.0,2.0
95.03,6.0,1.0
95.04,6.0,1.0
95.05,6.0,1.0
95.06,6.0,1.0
95.07,5.0,1.0
95.08,4.0,1.0
95.09,6.0,1.0
95.1,6.0,1.0
95.11,7.0,2.0
95.12,5.0,1.0
95.13,7.0,1.0
95.14,7.0,1.0
95.15,5.0,1.0
95.16,7.0,1.0
95.17,5.0,1.0
95.18,6.0,2.0
95.19,6.0,1.0
95.2,6.0,2.0
95.21,6.0,2.0
95.22,6.0,1.0
95.23,6.0,3.0
95.24,6.0,2.0
95.25,7.0,2.0
95.26,5.0,2.0
95.27,7.0,2.0
95.28,4.0,2.0
95.29,6.0,2.0
95.3,6.0,2.0
95.31,6.0,2.0
95.32,6.0,3.0
95.33,5.0,2.0
95.34,6.0,2.0
95.35,7.0,2.0
95.36,6.0,1.0
95.37,4.0,2.0
95.38,6.0,2.0
95.39,6.0,1.0
95.4,7.0,2.0
95.41,6.0,1.0
95.42,6.0,2.0
95.43,5.0,2.0
95.44,6.0,2.0
95.45,7.0,2.0
95.46,6.0,2.0
95.47,6.0,1.0
95.48,5.0,2.0
95.49,7.0,1.0
95.5,7.0,2.0
95.51,7.0,2.0
95.52,6.0,2.0
95.53,5.0,2.0
95.54,6.0,2.0
95.55,4.0,1.0
95.56,7.0,2.0
95.57,8.0,1.0
95.58,5.0,2.0
95.59,6.0,1.0
95.6,8.0,2.0
95.61,5.0,3.0
95.62,6.0,2.0
95.63,6.0,1.0
95.64,5.0,0.0
95.65,7.0,0.0
95.66,8.0,2.0
95.67,8.0,2.0
95.68,8.0,1.0
95.69,4.0,2.0
95.7,8.0,1.0
95.71,7.0,2.0
95.72,6.0,1.0
95.73,7.0,1.0
95.74,7.0,2.0
95.75,9.0,1.0
95.76,6.0,1.0
95.77,8.0,1.0
95.78,8.0,0.0
95.79,5.0,1.0
95.8,6.0,1.0
95.81,8.0,0.0
95.82,7.0,1.0
95.83,5.0,1.0
95.84,6.0,1.0
95.85,6.0,1.0
95.86,6.0,1.0
95.87,6.0,1.0
95.88,6.0,0.0
95.89,6.0,0.0
95.9,5.0,1.0
95.91,7.0,0.0
95.92,8.0,1.0
95.93,6.0,1.0
95.94,6.0,1.0
95.95,7.0,0.0
95.96,5.0,1.0
95.97,5.0,1.0
95.98,4.0,1.0
95.99,7.0,0.0
96.0,4.0,0.0
96.01,6.0,1.0
96.02,5.0,0.0
96.03,8.0,1.0
96.04,6.0,0.0
96.05,6.0,1.0
96.06,7.0,0.0
96.07,5.0,0.0
96.08,8.0,1.0
96.09,4.0,1.0
96.1,5.0,1.0
96.11,6.0,1.0
96.12,8.0,1.0
96.13,7.0,1.0
96.14,6.0,1.0
96.15,5.0,1.0
96.16,6.0,1.0
96.17,5.0,1.0
96.18,5.0,1.0
96.19,5.0,1.0
96.2,6.0,1.0
96.21,3.0,1.0
96.22,5.0,1.0
96.23,7.0,1.0
96.24,6.0,1.0
96.25,9.0,1.0
96.26,5.0,1.0
96.27,6.0,1.0
96.28,7.0,1.0
96.29,6.0,1.0
96.3,5.0,1.0
96.31,7.0,1.0
96.32,7.0,1.0
96.33,6.0,2.0
96.34,6.0,2.0
96.35,6.0,2.0
96.36,9.0,2.0
96.37,7.0,1.0
96.38,8.0,2.0
96.39,4.0,2.0
96.4,6.0,1.0
96.41,6.0,2.0
96.42,6.0,2.0
96.43,8.0,2.0
96.44,5.0,1.0
96.45,7.0,1.0
96.46,6.0,1.0
96.47,8.0,1.0
96.48,5.0,2.0
96.49,6.0,1.0
96.5,5.0,2.0
96.51,6.0,1.0
96.52,8.0,2.0
96.53,6.0,2.0
96.54,4.0,1.0
96.55,5.0,2.0
96.56,7.0,1.0
96.57,5.0,2.0
96.58,6.0,2.0
96.59,5.0,2.0
96.6,5.0,1.0
96.61,6.0,2.0
96.62,6.0,2.0
96.63,5.0,1.0
96.64,6.0,2.0
96.65,6.0,2.0
96.66,7.0,1.0
96.67,5.0,2.0
96.68,6.0,2.0
96.69,5.0,3.0
96.7,5.0,2.0
96.71,7.0,2.0
96.72,7.0,2.0
96.73,5.0,2.0
96.74,6.0,1.0
96.75,6.0,2.0
96.76,5.0,1.0
96.77,7.0,2.0
96.78,3.0,2.0
96.79,7.0,1.0
96.8,5.0,3.0
96.81,5.0,3.0
96.82,5.0,0.0
96.83,5.0,1.0
96.84,4.0,2.0
96.85,5.0,1.0
96.86,5.0,2.0
96.87,6.0,2.0
96.88,7.0,2.0
96.89,6.0,2.0
96.9,6.0,2.0
96.91,4.0,1.0
96.92,5.0,2.0
96.93,6.0,1.0
96.94,6.0,1.0
96.95,5.0,1.0
96.96,5.0,2.0
96.97,5.0,3.0
96.98,6.0,2.0
96.99,6.0,2.0
97.0,5.0,2.0
97.01,7.0,2.0
97.02,6.0,2.0
97.03,6.0,3.0
97.04,5.0,3.0
97.05,6.0,2.0
97.06,5.0,1.0
97.07,7.0,1.0
97.08,6.0,2.0
97.09,7.0,2.0
97.1,7.0,2.0
97.11,10.0,2.0
97.12,7.0,1.0
97.13,7.0,2.0
97.14,6.0,2.0
97.15,7.0,1.0
97.16,6.0,0.0
97.17,5.0,1.0
97.18,6.0,1.0
97.19,6.0,1.0
97.2,6.0,1.0
97.21,8.0,2.0
97.22,6.0,1.0
97.23,6.0,1.0
97.24,5.0,2.0
97.25,6.0,2.0
97.26,5.0,1.0
97.27,6.0,1.0
97.28,7.0,1.0
97.29,5.0,1.0
97.3,7.0,2.0
97.31,7.0,2.0
97.32,8.0,2.0
97.33,7.0,2.0
97.34,5.0,1.0
97.35,5.0,2.0
97.36,7.0,1.0
97.37,7.0,2.0
97.38,7.0,2.0
97.39,6.0,2.0
97.4,5.0,2.0
97.41,7.0,2.0
97.42,6.0,2.0
97.43,5.0,1.0
97.44,7.0,1.0
97.45,7.0,2.0
97.46,6.0,2.0
97.47,6.0,3.0
97.48,5.0,2.0
97.49,7.0,2.0
97.5,6.0,2.0
97.51,7.0,2.0
97.52,5.0,3.0
97.53,6.0,1.0
97.54,6.0,2.0
97.55,6.0,2.0
97.56,8.0,2.0
97.57,7.0,2.0
97.58,8.0,1.0
97.59,5.0,3.0
97.6,4.0,2.0
97.61,8.0,2.0
97.62,7.0,2.0
97.63,6.0,2.0
97.64,7.0,1.0
97.65,7.0,2.0
97.66,4.0,2.0
97.67,6.0,1.0
97.68,5.0,1.0
97.69,4.0,2.0
97.7,4.0,2.0
97.71,4.0,2.0
97.72,5.0,2.0
97.73,5.0,2.0
97.74,5.0,2.0
97.75,5.0,1.0
97.76,4.0,1.0
97.77,4.0,2.0
97.78,5.0,2.0
97.79,5.0,2.0
97.8,4.0,2.0
97.81,3.0,2.0
97.82,6.0,2.0
97.83,5.0,2.0
97.84,4.0,1.0
97.85,5.0,2.0
97.86,4.0,2.0
97.87,4.0,2.0
97.88,5.0,1.0
97.89,3.0,2.0
97.9,6.0,2.0
97.91,4.0,1.0
97.92,3.0,2.0
97.93,4.0,2.0
97.94,4.0,1.0
97.95,5.0,2.0
97.96,3.0,2.0
97.97,4.0,2.0
97.98,6.0,2.0
97.99,5.0,1.0
98.0,5.0,2.0
98.01,5.0,2.0
98.02,3.0,2.0
98.03,4.0,2.0
98.04,5.0,2.0
98.05,4.0,2.0
98.06,4.0,2.0
98.07,4.0,2.0
98.08,3.0,2.0
98.09,4.0,2.0
98.1,7.0,2.0
98.11,6.0,2.0
98.12,4.0,2.0
98.13,3.0,2.0
98.14,6.0,2.0
98.15,5.0,1.0
98.16,5.0,2.0
98.17,4.0,2.0
98.18,5.0,3.0
98.19,3.0,2.0
98.2,3.0,2.0
98.21,4.0,2.0
98.22,6.0,2.0
98.23,4.0,2.0
98.24,4.0,2.0
98.25,4.0,2.0
98.26,3.0,1.0
98.27,4.0,2.0
98.28,3.0,1.0
98.29,4.0,2.0
98.3,4.0,2.0
98.31,4.0,3.0
98.32,3.0,2.0
98.33,4.0,3.0
98.34,4.0,2.0
98.35,4.0,2.0
98.36,4.0,2.0
98.37,6.0,2.0
98.38,4.0,2.0
98.39,4.0,1.0
98.4,4.0,2.0
98.41,3.0,2.0
98.42,4.0,2.0
98.43,4.0,2.0
98.44,3.0,1.0
98.45,6.0,1.0
98.46,3.0,2.0
98.47,4.0,2.0
98.48,4.0,2.0
98.49,4.0,2.0
98.5,3.0,1.0
98.51,4.0,0.0
98.52,6.0,1.0
98.53,4.0,0.0
98.54,5.0,1.0
98.55,5.0,1.0
98.56,5.0,1.0
98.57,5.0,2.0
98.58,6.0,2.0
98.59,6.0,1.0
98.6,6.0,2.0
98.61,4.0,1.0
98.62,5.0,2.0
98.63,6.0,2.0
98.64,5.0,2.0
98.65,5.0,2.0
98.66,6.0,1.0
98.67,5.0,2.0
98.68,5.0,2.0
98.69,7.0,1.0
98.7,6.0,2.0
98.71,6.0,2.0
98.72,4.0,2.0
98.73,5.0,2.0
98.74,5.0,1.0
98.75,4.0,2.0
98.76,6.0,2.0
98.77,5.0,2.0
98.78,5.0,2.0
98.79,5.0,2.0
98.8,6.0,1.0
98.81,5.0,2.0
98.82,5.0,1.0
98.83,5.0,2.0
98.84,4.0,2.0
98.85,6.0,2.0
98.86,4.0,1.0
98.87,4.0,3.0
98.88,5.0,2.0
98.89,5.0,2.0
98.9,4.0,1.0
98.91,5.0,2.0
98.92,4.0,2.0
98.93,6.0,2.0
98.94,4.0,1.0
98.95,6.0,2.0
98.96,3.0,1.0
98.97,4.0,1.0
98.98,4.0,1.0
98.99,5.0,2.0
99.0,5.0,2.0
99.01,5.0,2.0
99.02,3.0,2.0
99.03,4.0,2.0
99.04,6.0,2.0
99.05,4.0,2.0
99.06,6.0,2.0
99.07,5.0,2.0
99.08,5.0,2.0
99.09,3.0,2.0
99.1,5.0,2.0
99.11,7.0,0.0
99.12,3.0,1.0
99.13,3.0,1.0
99.14,5.0,1.0
99.15,5.0,2.0
99.16,3.0,3.0
99.17,7.0,1.0
99.18,5.0,2.0
99.19,6.0,2.0
99.2,4.0,2.0
99.21,5.0,1.0
99.22,6.0,1.0
99.23,5.0,3.0
99.24,4.0,2.0
99.25,4.0,2.0
99.26,4.0,1.0
99.27,4.0,1.0
99.28,5.0,2.0
99.29,7.0,2.0
99.3,5.0,1.0
99.31,5.0,2.0
99.32,5.0,2.0
99.33,6.0,2.0
99.34,5.0,2.0
99.35,6.0,1.0
99.36,5.0,2.0
99.37,5.0,3.0
99.38,5.0,2.0
99.39,4.0,2.0
99.4,5.0,1.0
99.41,5.0,2.0
99.42,5.0,1.0
99.43,5.0,2.0
99.44,5.0,2.0
99.45,5.0,2.0
99.46,6.0,2.0
99.47,5.0,2.0
99.48,6.0,1.0
99.49,4.0,1.0
99.5,6.0,2.0
99.51,5.0,2.0
99.52,6.0,2.0
99.53,4.0,2.0
99.54,4.0,2.0
99.55,4.0,2.0
99.56,5.0,1.0
99.57,5.0,1.0
99.58,5.0,2.0
99.59,6.0,3.0
99.6,5.0,1.0
99.61,4.0,2.0
99.62,6.0,3.0
99.63,3.0,2.0
99.64,5.0,2.0
99.65,3.0,1.0
99.66,4.0,2.0
99.67,7.0,2.0
99.68,4.0,2.0
99.69,5.0,2.0
99.7,5.0,2.0
99.71,4.0,2.0
99.72,5.0,2.0
99.73,6.0,1.0
99.74,5.0,1.0
99.75,6.0,2.0
99.76,4.0,2.0
99.77,5.0,1.0
99.78,4.0,2.0
99.79,4.0,2.0
99.8,5.0,2.0
99.81,5.0,1.0
99.82,5.0,2.0
99.83,4.0,2.0
99.84,5.0,2.0
99.85,4.0,2.0
99.86,4.0,2.0
99.87,5.0,2.0
99.88,4.0,1.0
99.89,5.0,2.0
99.9,3.0,2.0
99.91,4.0,2.0
99.92,3.0,2.0
99.93,5.0,2.0
99.94,4.0,2.0
99.95,4.0,1.0
99.96,5.0,2.0
99.97,4.0,2.0
99.98,5.0,2.0
99.99,4.0,3.0
100.0,4.0,2.0
