Time/Residue,AFR2_R1.xvg,AFR2_R2.xvg
0.0,5.0,6.0
1e-08,4.0,3.0
2e-08,5.0,3.0
3e-08,5.0,2.0
4e-08,4.0,2.0
5.0000000000000004e-08,6.0,4.0
6e-08,7.0,4.0
7e-08,8.0,1.0
8e-08,6.0,3.0
9e-08,6.0,4.0
1.0000000000000001e-07,6.0,4.0
1.1e-07,8.0,4.0
1.2e-07,8.0,4.0
1.3000000000000003e-07,7.0,3.0
1.4e-07,7.0,3.0
1.5e-07,7.0,3.0
1.6e-07,7.0,3.0
1.7000000000000001e-07,7.0,3.0
1.8e-07,7.0,4.0
1.9e-07,7.0,3.0
2.0000000000000002e-07,6.0,3.0
2.0999999999999997e-07,6.0,3.0
2.2e-07,7.0,2.0
2.3e-07,5.0,2.0
2.4e-07,7.0,2.0
2.5e-07,7.0,3.0
2.6000000000000005e-07,6.0,1.0
2.7e-07,6.0,2.0
2.8e-07,8.0,1.0
2.9e-07,7.0,2.0
3e-07,7.0,3.0
3.1e-07,7.0,3.0
3.2e-07,6.0,3.0
3.3e-07,8.0,3.0
3.4000000000000003e-07,7.0,2.0
3.5e-07,7.0,3.0
3.6e-07,8.0,3.0
3.7e-07,8.0,2.0
3.8e-07,6.0,3.0
3.8999999999999997e-07,7.0,3.0
4.0000000000000003e-07,5.0,3.0
4.1e-07,7.0,2.0
4.1999999999999995e-07,6.0,2.0
4.3e-07,5.0,2.0
4.4e-07,5.0,2.0
4.5e-07,6.0,2.0
4.6e-07,6.0,3.0
4.7e-07,8.0,2.0
4.8e-07,5.0,2.0
4.9e-07,8.0,2.0
5e-07,7.0,3.0
5.1e-07,7.0,2.0
5.200000000000001e-07,7.0,2.0
5.3e-07,8.0,2.0
5.4e-07,8.0,2.0
5.5e-07,8.0,3.0
5.6e-07,7.0,2.0
5.699999999999999e-07,7.0,2.0
5.8e-07,8.0,3.0
5.9e-07,6.0,3.0
6e-07,7.0,2.0
6.1e-07,6.0,3.0
6.2e-07,5.0,2.0
6.3e-07,8.0,2.0
6.4e-07,4.0,2.0
6.499999999999999e-07,6.0,2.0
6.6e-07,6.0,2.0
6.7e-07,5.0,2.0
6.800000000000001e-07,5.0,2.0
6.9e-07,6.0,2.0
7e-07,6.0,2.0
7.099999999999999e-07,6.0,2.0
7.2e-07,8.0,3.0
7.3e-07,8.0,2.0
7.4e-07,6.0,3.0
7.5e-07,8.0,2.0
7.6e-07,8.0,2.0
7.7e-07,8.0,2.0
7.799999999999999e-07,7.0,2.0
7.900000000000001e-07,6.0,2.0
8.000000000000001e-07,6.0,2.0
8.100000000000001e-07,8.0,2.0
8.2e-07,6.0,2.0
8.3e-07,6.0,2.0
8.399999999999999e-07,7.0,1.0
8.499999999999999e-07,8.0,3.0
8.6e-07,7.0,2.0
8.7e-07,5.0,3.0
8.8e-07,6.0,3.0
8.900000000000001e-07,7.0,2.0
9e-07,7.0,2.0
9.1e-07,6.0,2.0
9.2e-07,8.0,2.0
9.300000000000001e-07,7.0,2.0
9.4e-07,6.0,2.0
9.5e-07,7.0,2.0
9.6e-07,7.0,2.0
9.7e-07,8.0,2.0
9.8e-07,5.0,3.0
9.9e-07,7.0,2.0
1e-06,6.0,2.0
1.01e-06,7.0,2.0
1.02e-06,5.0,2.0
1.03e-06,7.0,0.0
1.0400000000000002e-06,7.0,1.0
1.0500000000000001e-06,8.0,2.0
1.06e-06,7.0,2.0
1.07e-06,6.0,2.0
1.08e-06,6.0,2.0
1.09e-06,7.0,2.0
1.1e-06,6.0,2.0
1.1100000000000002e-06,6.0,2.0
1.12e-06,7.0,2.0
1.13e-06,6.0,2.0
1.1399999999999999e-06,7.0,2.0
1.15e-06,8.0,2.0
1.16e-06,6.0,2.0
1.17e-06,5.0,2.0
1.18e-06,7.0,2.0
1.1899999999999998e-06,8.0,3.0
1.2e-06,6.0,2.0
1.2099999999999998e-06,7.0,2.0
1.22e-06,7.0,2.0
1.2299999999999999e-06,5.0,2.0
1.24e-06,6.0,2.0
1.25e-06,6.0,2.0
1.26e-06,6.0,2.0
1.2700000000000001e-06,6.0,2.0
1.28e-06,6.0,2.0
1.2900000000000001e-06,6.0,3.0
1.2999999999999998e-06,6.0,2.0
1.31e-06,7.0,2.0
1.32e-06,7.0,2.0
1.33e-06,4.0,2.0
1.34e-06,6.0,2.0
1.35e-06,7.0,3.0
1.3600000000000001e-06,6.0,2.0
1.3700000000000002e-06,7.0,3.0
1.38e-06,7.0,2.0
1.39e-06,4.0,2.0
1.4e-06,9.0,3.0
1.41e-06,5.0,2.0
1.4199999999999997e-06,8.0,2.0
1.4299999999999999e-06,8.0,2.0
1.44e-06,7.0,1.0
1.4499999999999999e-06,7.0,2.0
1.46e-06,7.0,2.0
1.47e-06,7.0,3.0
1.48e-06,6.0,3.0
1.49e-06,7.0,3.0
1.5e-06,5.0,3.0
1.5100000000000002e-06,6.0,3.0
1.52e-06,7.0,2.0
1.5300000000000002e-06,6.0,2.0
1.54e-06,8.0,2.0
1.55e-06,7.0,2.0
1.5599999999999999e-06,6.0,3.0
1.57e-06,8.0,2.0
1.5800000000000001e-06,5.0,3.0
1.59e-06,8.0,3.0
1.6000000000000001e-06,7.0,3.0
1.61e-06,8.0,3.0
1.6200000000000002e-06,8.0,4.0
1.6299999999999999e-06,7.0,2.0
1.64e-06,7.0,3.0
1.65e-06,5.0,3.0
1.66e-06,7.0,4.0
1.6699999999999999e-06,8.0,3.0
1.6799999999999998e-06,6.0,3.0
1.69e-06,5.0,4.0
1.6999999999999998e-06,8.0,3.0
1.71e-06,7.0,2.0
1.72e-06,7.0,3.0
1.73e-06,7.0,4.0
1.74e-06,6.0,3.0
1.75e-06,8.0,3.0
1.76e-06,7.0,2.0
1.77e-06,6.0,1.0
1.7800000000000001e-06,7.0,3.0
1.7900000000000002e-06,7.0,2.0
1.8e-06,6.0,3.0
1.81e-06,5.0,2.0
1.82e-06,7.0,3.0
1.83e-06,7.0,3.0
1.84e-06,7.0,3.0
1.85e-06,6.0,2.0
1.8600000000000002e-06,6.0,1.0
1.87e-06,6.0,3.0
1.88e-06,5.0,2.0
1.89e-06,7.0,2.0
1.9e-06,7.0,3.0
1.91e-06,7.0,3.0
1.92e-06,7.0,3.0
1.9299999999999997e-06,7.0,2.0
1.94e-06,6.0,2.0
1.95e-06,7.0,1.0
1.96e-06,6.0,3.0
1.9699999999999998e-06,8.0,2.0
1.98e-06,7.0,3.0
1.99e-06,5.0,3.0
2e-06,6.0,2.0
2.01e-06,6.0,2.0
2.02e-06,5.0,2.0
2.0299999999999996e-06,6.0,3.0
2.04e-06,6.0,3.0
2.05e-06,5.0,2.0
2.06e-06,5.0,3.0
2.0699999999999997e-06,7.0,2.0
2.0800000000000004e-06,8.0,2.0
2.09e-06,8.0,2.0
2.1000000000000002e-06,7.0,4.0
2.1099999999999997e-06,8.0,2.0
2.12e-06,8.0,2.0
2.13e-06,6.0,3.0
2.14e-06,6.0,2.0
2.15e-06,6.0,3.0
2.16e-06,6.0,2.0
2.17e-06,5.0,3.0
2.18e-06,6.0,3.0
2.19e-06,6.0,2.0
2.2e-06,6.0,2.0
2.21e-06,7.0,3.0
2.2200000000000003e-06,5.0,3.0
2.23e-06,6.0,3.0
2.24e-06,6.0,3.0
2.2499999999999996e-06,6.0,3.0
2.26e-06,6.0,3.0
2.27e-06,6.0,3.0
2.2799999999999998e-06,6.0,3.0
2.29e-06,7.0,3.0
2.3e-06,6.0,3.0
2.31e-06,5.0,3.0
2.32e-06,5.0,2.0
2.33e-06,8.0,2.0
2.34e-06,6.0,3.0
2.35e-06,6.0,3.0
2.36e-06,5.0,3.0
2.37e-06,5.0,3.0
2.3799999999999997e-06,7.0,2.0
2.39e-06,7.0,2.0
2.4e-06,7.0,2.0
2.4100000000000002e-06,6.0,2.0
2.4199999999999997e-06,7.0,2.0
2.4300000000000005e-06,6.0,2.0
2.44e-06,7.0,3.0
2.4500000000000003e-06,5.0,2.0
2.4599999999999997e-06,7.0,2.0
2.4700000000000005e-06,6.0,2.0
2.48e-06,6.0,2.0
2.49e-06,7.0,2.0
2.5e-06,5.0,2.0
2.5099999999999997e-06,8.0,2.0
2.52e-06,8.0,1.0
2.5299999999999995e-06,7.0,3.0
2.5400000000000002e-06,6.0,1.0
2.5499999999999997e-06,6.0,1.0
2.56e-06,5.0,3.0
2.57e-06,7.0,2.0
2.5800000000000003e-06,7.0,2.0
2.5899999999999998e-06,8.0,2.0
2.5999999999999997e-06,8.0,2.0
2.61e-06,6.0,2.0
2.62e-06,7.0,2.0
2.63e-06,6.0,2.0
2.64e-06,7.0,2.0
2.65e-06,7.0,2.0
2.66e-06,6.0,1.0
2.6700000000000003e-06,5.0,2.0
2.68e-06,7.0,2.0
2.69e-06,7.0,2.0
2.7e-06,6.0,2.0
2.7100000000000003e-06,8.0,2.0
2.7200000000000002e-06,5.0,2.0
2.7299999999999997e-06,5.0,2.0
2.7400000000000004e-06,7.0,2.0
2.75e-06,4.0,2.0
2.76e-06,7.0,2.0
2.7699999999999997e-06,7.0,2.0
2.78e-06,7.0,2.0
2.79e-06,7.0,1.0
2.8e-06,8.0,2.0
2.81e-06,8.0,3.0
2.82e-06,8.0,3.0
2.83e-06,6.0,2.0
2.8399999999999995e-06,7.0,1.0
2.8500000000000002e-06,6.0,2.0
2.8599999999999997e-06,6.0,2.0
2.87e-06,6.0,2.0
2.88e-06,7.0,2.0
2.8900000000000003e-06,7.0,2.0
2.8999999999999998e-06,5.0,3.0
2.91e-06,6.0,2.0
2.92e-06,6.0,2.0
2.9300000000000003e-06,7.0,3.0
2.94e-06,5.0,2.0
2.9500000000000006e-06,6.0,2.0
2.96e-06,5.0,3.0
2.97e-06,6.0,3.0
2.98e-06,5.0,3.0
2.99e-06,6.0,2.0
3e-06,7.0,3.0
3.0099999999999996e-06,6.0,2.0
3.0200000000000003e-06,5.0,2.0
3.03e-06,6.0,2.0
3.04e-06,7.0,3.0
3.0499999999999996e-06,6.0,2.0
3.0600000000000003e-06,5.0,3.0
3.07e-06,5.0,3.0
3.08e-06,4.0,2.0
3.09e-06,5.0,2.0
3.1e-06,3.0,3.0
3.11e-06,5.0,4.0
3.1199999999999998e-06,4.0,2.0
3.13e-06,6.0,3.0
3.14e-06,7.0,3.0
3.15e-06,6.0,3.0
3.1600000000000002e-06,7.0,2.0
3.17e-06,7.0,3.0
3.18e-06,5.0,3.0
3.19e-06,6.0,3.0
3.2000000000000003e-06,6.0,2.0
3.21e-06,8.0,2.0
3.22e-06,6.0,3.0
3.23e-06,6.0,3.0
3.2400000000000003e-06,6.0,3.0
3.25e-06,7.0,2.0
3.2599999999999997e-06,6.0,1.0
3.27e-06,6.0,3.0
3.28e-06,6.0,3.0
3.29e-06,7.0,3.0
3.3e-06,6.0,2.0
3.31e-06,7.0,2.0
3.32e-06,8.0,2.0
3.33e-06,7.0,2.0
3.3399999999999998e-06,7.0,2.0
3.35e-06,5.0,2.0
3.3599999999999996e-06,7.0,1.0
3.3700000000000003e-06,8.0,3.0
3.38e-06,7.0,3.0
3.39e-06,6.0,3.0
3.3999999999999996e-06,7.0,1.0
3.4100000000000004e-06,6.0,3.0
3.42e-06,5.0,3.0
3.43e-06,8.0,3.0
3.44e-06,7.0,2.0
3.4500000000000004e-06,6.0,4.0
3.46e-06,8.0,2.0
3.47e-06,4.0,2.0
3.48e-06,6.0,3.0
3.49e-06,6.0,3.0
3.5e-06,4.0,3.0
3.51e-06,8.0,3.0
3.52e-06,7.0,2.0
3.5299999999999997e-06,6.0,2.0
3.54e-06,5.0,2.0
3.55e-06,6.0,3.0
3.5600000000000002e-06,5.0,2.0
3.5699999999999997e-06,6.0,3.0
3.5800000000000005e-06,7.0,4.0
3.59e-06,5.0,2.0
3.6e-06,6.0,1.0
3.6099999999999997e-06,6.0,2.0
3.62e-06,5.0,2.0
3.63e-06,7.0,2.0
3.64e-06,6.0,2.0
3.65e-06,7.0,2.0
3.66e-06,7.0,1.0
3.67e-06,7.0,2.0
3.68e-06,7.0,1.0
3.6900000000000002e-06,8.0,2.0
3.7e-06,6.0,2.0
3.7099999999999996e-06,7.0,3.0
3.7200000000000004e-06,5.0,2.0
3.73e-06,7.0,3.0
3.74e-06,8.0,2.0
3.7499999999999997e-06,6.0,2.0
3.76e-06,6.0,2.0
3.77e-06,6.0,3.0
3.78e-06,6.0,2.0
3.79e-06,7.0,2.0
3.8e-06,6.0,2.0
3.81e-06,7.0,3.0
3.82e-06,7.0,2.0
3.83e-06,6.0,2.0
3.84e-06,6.0,2.0
3.85e-06,6.0,2.0
3.8599999999999995e-06,5.0,2.0
3.87e-06,7.0,2.0
3.88e-06,7.0,2.0
3.89e-06,7.0,3.0
3.9e-06,7.0,1.0
3.910000000000001e-06,7.0,3.0
3.92e-06,7.0,3.0
3.9300000000000005e-06,6.0,3.0
3.9399999999999995e-06,6.0,3.0
3.95e-06,7.0,2.0
3.96e-06,4.0,2.0
3.97e-06,5.0,1.0
3.98e-06,5.0,2.0
3.990000000000001e-06,6.0,3.0
4e-06,6.0,3.0
4.01e-06,4.0,2.0
4.02e-06,3.0,2.0
4.03e-06,4.0,1.0
4.04e-06,6.0,2.0
4.05e-06,5.0,2.0
4.059999999999999e-06,6.0,1.0
4.070000000000001e-06,6.0,2.0
4.08e-06,6.0,2.0
4.09e-06,7.0,2.0
4.1e-06,9.0,3.0
4.11e-06,6.0,2.0
4.12e-06,5.0,2.0
4.13e-06,7.0,2.0
4.139999999999999e-06,8.0,2.0
4.15e-06,6.0,2.0
4.160000000000001e-06,8.0,2.0
4.17e-06,7.0,2.0
4.18e-06,4.0,2.0
4.1900000000000005e-06,7.0,2.0
4.2000000000000004e-06,7.0,2.0
4.21e-06,5.0,2.0
4.219999999999999e-06,5.0,2.0
4.23e-06,6.0,1.0
4.24e-06,5.0,2.0
4.25e-06,7.0,2.0
4.26e-06,6.0,1.0
4.27e-06,5.0,2.0
4.28e-06,7.0,1.0
4.2900000000000004e-06,4.0,2.0
4.3e-06,6.0,2.0
4.309999999999999e-06,4.0,2.0
4.32e-06,5.0,2.0
4.33e-06,6.0,2.0
4.34e-06,8.0,1.0
4.35e-06,6.0,2.0
4.36e-06,4.0,2.0
4.37e-06,6.0,1.0
4.38e-06,6.0,2.0
4.3899999999999995e-06,6.0,3.0
4.4e-06,6.0,2.0
4.41e-06,7.0,2.0
4.42e-06,6.0,2.0
4.43e-06,6.0,2.0
4.440000000000001e-06,6.0,2.0
4.45e-06,6.0,2.0
4.46e-06,6.0,2.0
4.47e-06,6.0,2.0
4.48e-06,7.0,1.0
4.49e-06,6.0,2.0
4.499999999999999e-06,7.0,2.0
4.51e-06,6.0,1.0
4.52e-06,6.0,1.0
4.53e-06,6.0,2.0
4.54e-06,7.0,2.0
4.5500000000000005e-06,7.0,2.0
4.5599999999999995e-06,7.0,2.0
4.57e-06,6.0,2.0
4.58e-06,4.0,1.0
4.589999999999999e-06,6.0,2.0
4.6e-06,5.0,2.0
4.610000000000001e-06,6.0,3.0
4.62e-06,6.0,2.0
4.63e-06,5.0,1.0
4.64e-06,6.0,2.0
4.65e-06,6.0,2.0
4.66e-06,5.0,2.0
4.669999999999999e-06,5.0,2.0
4.68e-06,6.0,2.0
4.690000000000001e-06,5.0,2.0
4.7e-06,7.0,2.0
4.71e-06,6.0,2.0
4.72e-06,6.0,2.0
4.7300000000000005e-06,6.0,1.0
4.74e-06,6.0,2.0
4.75e-06,6.0,2.0
4.759999999999999e-06,7.0,2.0
4.77e-06,6.0,2.0
4.78e-06,5.0,2.0
4.79e-06,6.0,1.0
4.8e-06,5.0,2.0
4.81e-06,6.0,2.0
4.8200000000000004e-06,5.0,2.0
4.83e-06,6.0,2.0
4.839999999999999e-06,6.0,2.0
4.849999999999999e-06,5.0,2.0
4.860000000000001e-06,3.0,2.0
4.87e-06,5.0,1.0
4.88e-06,6.0,2.0
4.89e-06,6.0,2.0
4.9000000000000005e-06,5.0,2.0
4.9100000000000004e-06,3.0,2.0
4.9199999999999995e-06,7.0,2.0
4.929999999999999e-06,5.0,2.0
4.940000000000001e-06,6.0,2.0
4.95e-06,5.0,1.0
4.96e-06,4.0,2.0
4.97e-06,6.0,2.0
4.98e-06,5.0,3.0
4.9900000000000005e-06,6.0,0.0
5e-06,5.0,2.0
5.0099999999999995e-06,6.0,2.0
5.019999999999999e-06,5.0,1.0
5.030000000000001e-06,5.0,2.0
5.04e-06,5.0,1.0
5.05e-06,7.0,1.0
5.059999999999999e-06,6.0,2.0
5.07e-06,4.0,1.0
5.0800000000000005e-06,5.0,2.0
5.0899999999999995e-06,6.0,2.0
5.0999999999999995e-06,6.0,1.0
5.11e-06,7.0,2.0
5.12e-06,6.0,2.0
5.13e-06,5.0,1.0
5.14e-06,6.0,2.0
5.15e-06,7.0,2.0
5.1600000000000006e-06,5.0,2.0
5.1700000000000005e-06,6.0,3.0
5.1799999999999995e-06,6.0,3.0
5.19e-06,6.0,2.0
5.199999999999999e-06,6.0,1.0
5.21e-06,7.0,2.0
5.22e-06,5.0,1.0
5.23e-06,6.0,2.0
5.24e-06,5.0,1.0
5.2500000000000006e-06,6.0,2.0
5.26e-06,6.0,0.0
5.2699999999999995e-06,6.0,2.0
5.28e-06,5.0,2.0
5.29e-06,6.0,2.0
5.3e-06,6.0,1.0
5.31e-06,6.0,1.0
5.32e-06,6.0,2.0
5.33e-06,6.0,1.0
5.3400000000000005e-06,6.0,2.0
5.35e-06,6.0,2.0
5.36e-06,6.0,2.0
5.369999999999999e-06,5.0,2.0
5.38e-06,5.0,1.0
5.39e-06,6.0,2.0
5.4e-06,6.0,2.0
5.41e-06,6.0,2.0
5.420000000000001e-06,6.0,2.0
5.43e-06,6.0,2.0
5.4400000000000004e-06,6.0,2.0
5.45e-06,6.0,2.0
5.459999999999999e-06,7.0,2.0
5.47e-06,6.0,2.0
5.480000000000001e-06,6.0,1.0
5.49e-06,7.0,2.0
5.5e-06,5.0,2.0
5.51e-06,6.0,2.0
5.52e-06,6.0,1.0
5.53e-06,6.0,1.0
5.5399999999999995e-06,6.0,1.0
5.55e-06,5.0,0.0
5.56e-06,6.0,2.0
5.57e-06,6.0,1.0
5.58e-06,6.0,1.0
5.59e-06,6.0,3.0
5.6e-06,5.0,2.0
5.6100000000000005e-06,6.0,2.0
5.62e-06,7.0,2.0
5.6299999999999995e-06,6.0,2.0
5.64e-06,6.0,2.0
5.65e-06,6.0,1.0
5.66e-06,6.0,2.0
5.67e-06,6.0,2.0
5.679999999999999e-06,5.0,2.0
5.690000000000001e-06,6.0,2.0
5.7000000000000005e-06,5.0,2.0
5.7099999999999995e-06,5.0,2.0
5.7199999999999994e-06,5.0,2.0
5.730000000000001e-06,6.0,1.0
5.74e-06,7.0,1.0
5.75e-06,6.0,1.0
5.76e-06,5.0,1.0
5.77e-06,6.0,1.0
5.7800000000000006e-06,6.0,1.0
5.79e-06,5.0,0.0
5.7999999999999995e-06,6.0,1.0
5.8099999999999994e-06,5.0,0.0
5.82e-06,7.0,2.0
5.83e-06,6.0,1.0
5.84e-06,6.0,1.0
5.849999999999999e-06,5.0,1.0
5.860000000000001e-06,6.0,1.0
5.8700000000000005e-06,6.0,1.0
5.88e-06,6.0,1.0
5.8899999999999995e-06,5.0,1.0
5.900000000000001e-06,6.0,1.0
5.91e-06,5.0,1.0
5.92e-06,7.0,1.0
5.929999999999999e-06,5.0,1.0
5.94e-06,4.0,0.0
5.950000000000001e-06,5.0,1.0
5.96e-06,4.0,1.0
5.97e-06,5.0,1.0
5.98e-06,4.0,1.0
5.99e-06,6.0,1.0
6e-06,6.0,1.0
6.01e-06,5.0,1.0
6.019999999999999e-06,5.0,1.0
6.030000000000001e-06,5.0,1.0
6.040000000000001e-06,7.0,1.0
6.05e-06,6.0,0.0
6.06e-06,6.0,1.0
6.0699999999999995e-06,6.0,1.0
6.08e-06,6.0,1.0
6.09e-06,7.0,1.0
6.099999999999999e-06,6.0,1.0
6.11e-06,7.0,1.0
6.120000000000001e-06,6.0,1.0
6.13e-06,6.0,1.0
6.14e-06,7.0,1.0
6.15e-06,5.0,1.0
6.16e-06,6.0,0.0
6.17e-06,6.0,1.0
6.18e-06,6.0,1.0
6.19e-06,7.0,1.0
6.2e-06,6.0,0.0
6.21e-06,6.0,1.0
6.22e-06,6.0,1.0
6.2300000000000005e-06,6.0,1.0
6.2399999999999995e-06,6.0,1.0
6.25e-06,5.0,1.0
6.26e-06,7.0,1.0
6.269999999999999e-06,5.0,1.0
6.28e-06,5.0,1.0
6.290000000000001e-06,5.0,0.0
6.3e-06,6.0,1.0
6.31e-06,5.0,1.0
6.3200000000000005e-06,3.0,1.0
6.3299999999999995e-06,7.0,1.0
6.34e-06,4.0,1.0
6.349999999999999e-06,6.0,1.0
6.36e-06,6.0,1.0
6.37e-06,6.0,1.0
6.38e-06,4.0,1.0
6.39e-06,6.0,2.0
6.4000000000000006e-06,5.0,1.0
6.41e-06,5.0,1.0
6.42e-06,4.0,1.0
6.43e-06,5.0,0.0
6.44e-06,6.0,1.0
6.45e-06,7.0,1.0
6.46e-06,7.0,1.0
6.47e-06,7.0,1.0
6.480000000000001e-06,6.0,2.0
6.49e-06,6.0,1.0
6.5e-06,5.0,1.0
6.51e-06,6.0,1.0
6.519999999999999e-06,6.0,1.0
6.53e-06,6.0,1.0
6.54e-06,6.0,1.0
6.549999999999999e-06,5.0,1.0
6.56e-06,5.0,1.0
6.570000000000001e-06,7.0,1.0
6.58e-06,5.0,1.0
6.59e-06,5.0,0.0
6.6e-06,5.0,1.0
6.61e-06,7.0,1.0
6.62e-06,6.0,1.0
6.629999999999999e-06,6.0,1.0
6.64e-06,5.0,1.0
6.650000000000001e-06,7.0,1.0
6.66e-06,6.0,1.0
6.67e-06,6.0,1.0
6.6799999999999996e-06,6.0,1.0
6.69e-06,7.0,1.0
6.7e-06,6.0,1.0
6.71e-06,7.0,2.0
6.719999999999999e-06,6.0,2.0
6.730000000000001e-06,5.0,2.0
6.740000000000001e-06,6.0,2.0
6.75e-06,6.0,1.0
6.76e-06,5.0,1.0
6.7699999999999996e-06,5.0,1.0
6.78e-06,6.0,1.0
6.79e-06,5.0,0.0
6.799999999999999e-06,6.0,2.0
6.809999999999999e-06,5.0,2.0
6.820000000000001e-06,4.0,1.0
6.83e-06,5.0,1.0
6.84e-06,6.0,1.0
6.85e-06,5.0,1.0
6.86e-06,5.0,2.0
6.87e-06,6.0,1.0
6.88e-06,6.0,1.0
6.889999999999999e-06,7.0,1.0
6.900000000000001e-06,6.0,2.0
6.910000000000001e-06,5.0,1.0
6.92e-06,6.0,1.0
6.93e-06,7.0,1.0
6.94e-06,5.0,2.0
6.95e-06,6.0,2.0
6.96e-06,5.0,1.0
6.969999999999999e-06,6.0,1.0
6.98e-06,5.0,1.0
6.990000000000001e-06,6.0,2.0
7e-06,7.0,2.0
7.01e-06,5.0,1.0
7.02e-06,6.0,2.0
7.0300000000000005e-06,5.0,2.0
7.04e-06,6.0,2.0
7.05e-06,5.0,2.0
7.059999999999999e-06,4.0,2.0
7.07e-06,6.0,2.0
7.08e-06,6.0,2.0
7.09e-06,5.0,2.0
7.1e-06,6.0,1.0
7.11e-06,6.0,3.0
7.1200000000000004e-06,6.0,2.0
7.13e-06,7.0,2.0
7.139999999999999e-06,5.0,2.0
7.15e-06,5.0,2.0
7.160000000000001e-06,6.0,3.0
7.17e-06,5.0,2.0
7.18e-06,7.0,1.0
7.190000000000001e-06,7.0,1.0
7.2e-06,6.0,2.0
7.2100000000000004e-06,7.0,3.0
7.2199999999999995e-06,6.0,2.0
7.23e-06,5.0,2.0
7.24e-06,6.0,2.0
7.25e-06,7.0,2.0
7.26e-06,6.0,2.0
7.27e-06,6.0,2.0
7.28e-06,6.0,2.0
7.29e-06,6.0,2.0
7.3e-06,4.0,2.0
7.3099999999999995e-06,6.0,3.0
7.32e-06,4.0,2.0
7.33e-06,5.0,2.0
7.34e-06,5.0,2.0
7.35e-06,7.0,2.0
7.36e-06,6.0,2.0
7.37e-06,6.0,2.0
7.3800000000000005e-06,6.0,2.0
7.3899999999999995e-06,7.0,2.0
7.4e-06,6.0,3.0
7.41e-06,5.0,2.0
7.419999999999999e-06,6.0,1.0
7.43e-06,5.0,2.0
7.440000000000001e-06,6.0,2.0
7.45e-06,6.0,3.0
7.46e-06,5.0,2.0
7.4700000000000005e-06,5.0,2.0
7.48e-06,6.0,1.0
7.49e-06,7.0,2.0
7.499999999999999e-06,6.0,2.0
7.51e-06,5.0,2.0
7.52e-06,7.0,2.0
7.53e-06,6.0,2.0
7.54e-06,6.0,2.0
7.55e-06,6.0,2.0
7.56e-06,6.0,2.0
7.57e-06,6.0,1.0
7.58e-06,3.0,2.0
7.589999999999999e-06,6.0,2.0
7.6e-06,5.0,2.0
7.610000000000001e-06,6.0,2.0
7.62e-06,7.0,2.0
7.63e-06,5.0,2.0
7.64e-06,5.0,2.0
7.650000000000001e-06,6.0,1.0
7.66e-06,7.0,2.0
7.67e-06,7.0,1.0
7.68e-06,6.0,2.0
7.690000000000001e-06,6.0,2.0
7.7e-06,5.0,2.0
7.709999999999999e-06,5.0,2.0
7.719999999999999e-06,7.0,2.0
7.73e-06,6.0,2.0
7.74e-06,6.0,2.0
7.75e-06,5.0,2.0
7.76e-06,5.0,2.0
7.77e-06,6.0,2.0
7.78e-06,5.0,2.0
7.79e-06,6.0,2.0
7.8e-06,6.0,2.0
7.81e-06,6.0,2.0
7.820000000000001e-06,6.0,2.0
7.83e-06,6.0,2.0
7.84e-06,6.0,2.0
7.85e-06,5.0,2.0
7.860000000000001e-06,6.0,2.0
7.870000000000001e-06,7.0,1.0
7.879999999999999e-06,7.0,1.0
7.889999999999999e-06,7.0,2.0
7.9e-06,3.0,1.0
7.91e-06,6.0,3.0
7.92e-06,6.0,2.0
7.93e-06,7.0,2.0
7.94e-06,6.0,2.0
7.95e-06,5.0,2.0
7.96e-06,5.0,2.0
7.97e-06,6.0,2.0
7.980000000000002e-06,5.0,1.0
7.99e-06,7.0,2.0
8e-06,6.0,2.0
8.01e-06,5.0,2.0
8.02e-06,6.0,2.0
8.03e-06,5.0,1.0
8.04e-06,6.0,1.0
8.05e-06,6.0,2.0
8.06e-06,6.0,1.0
8.07e-06,6.0,2.0
8.08e-06,6.0,1.0
8.09e-06,6.0,1.0
8.1e-06,5.0,1.0
8.109999999999999e-06,5.0,1.0
8.119999999999998e-06,6.0,2.0
8.13e-06,6.0,2.0
8.140000000000002e-06,5.0,1.0
8.150000000000002e-06,5.0,2.0
8.16e-06,6.0,2.0
8.17e-06,5.0,2.0
8.18e-06,5.0,2.0
8.19e-06,5.0,1.0
8.2e-06,4.0,3.0
8.210000000000001e-06,3.0,2.0
8.22e-06,6.0,2.0
8.23e-06,6.0,2.0
8.24e-06,5.0,3.0
8.25e-06,4.0,2.0
8.26e-06,6.0,1.0
8.269999999999999e-06,6.0,2.0
8.279999999999999e-06,6.0,2.0
8.289999999999999e-06,5.0,2.0
8.3e-06,4.0,1.0
8.31e-06,5.0,1.0
8.320000000000002e-06,6.0,2.0
8.33e-06,7.0,2.0
8.34e-06,5.0,2.0
8.35e-06,6.0,2.0
8.36e-06,5.0,3.0
8.37e-06,5.0,1.0
8.380000000000001e-06,6.0,3.0
8.39e-06,6.0,3.0
8.400000000000001e-06,5.0,1.0
8.41e-06,5.0,0.0
8.42e-06,6.0,2.0
8.43e-06,5.0,2.0
8.439999999999999e-06,5.0,1.0
8.449999999999999e-06,4.0,2.0
8.46e-06,5.0,3.0
8.47e-06,4.0,1.0
8.48e-06,5.0,4.0
8.490000000000002e-06,5.0,3.0
8.5e-06,3.0,1.0
8.51e-06,5.0,2.0
8.52e-06,4.0,1.0
8.53e-06,5.0,2.0
8.54e-06,5.0,1.0
8.550000000000001e-06,5.0,3.0
8.56e-06,5.0,1.0
8.57e-06,5.0,3.0
8.580000000000001e-06,5.0,4.0
8.59e-06,5.0,2.0
8.6e-06,5.0,2.0
8.609999999999999e-06,3.0,2.0
8.619999999999999e-06,4.0,3.0
8.63e-06,6.0,3.0
8.64e-06,5.0,3.0
8.65e-06,3.0,3.0
8.66e-06,5.0,3.0
8.67e-06,6.0,1.0
8.68e-06,4.0,3.0
8.69e-06,5.0,4.0
8.7e-06,2.0,3.0
8.710000000000001e-06,5.0,4.0
8.72e-06,5.0,1.0
8.73e-06,4.0,2.0
8.74e-06,5.0,2.0
8.750000000000001e-06,5.0,3.0
8.76e-06,6.0,3.0
8.77e-06,6.0,3.0
8.779999999999999e-06,5.0,2.0
8.789999999999999e-06,5.0,3.0
8.8e-06,4.0,2.0
8.81e-06,5.0,3.0
8.82e-06,5.0,1.0
8.829999999999998e-06,5.0,1.0
8.84e-06,5.0,2.0
8.85e-06,5.0,0.0
8.86e-06,5.0,3.0
8.87e-06,5.0,1.0
8.880000000000001e-06,4.0,1.0
8.89e-06,4.0,4.0
8.9e-06,5.0,3.0
8.91e-06,5.0,3.0
8.92e-06,4.0,2.0
8.930000000000001e-06,5.0,4.0
8.94e-06,5.0,3.0
8.949999999999999e-06,5.0,1.0
8.96e-06,4.0,1.0
8.97e-06,5.0,1.0
8.98e-06,5.0,2.0
8.99e-06,4.0,3.0
8.999999999999999e-06,5.0,1.0
9.01e-06,5.0,3.0
9.02e-06,5.0,2.0
9.03e-06,4.0,3.0
9.04e-06,5.0,3.0
9.050000000000001e-06,4.0,3.0
9.06e-06,4.0,1.0
9.07e-06,5.0,3.0
9.08e-06,6.0,2.0
9.09e-06,4.0,2.0
9.100000000000001e-06,5.0,2.0
9.110000000000001e-06,5.0,3.0
9.119999999999999e-06,5.0,3.0
9.13e-06,6.0,2.0
9.14e-06,5.0,1.0
9.15e-06,5.0,4.0
9.16e-06,7.0,2.0
9.169999999999999e-06,5.0,2.0
9.179999999999999e-06,3.0,3.0
9.19e-06,5.0,2.0
9.2e-06,5.0,3.0
9.210000000000002e-06,5.0,2.0
9.220000000000002e-06,6.0,2.0
9.23e-06,5.0,2.0
9.24e-06,4.0,1.0
9.25e-06,6.0,2.0
9.26e-06,5.0,2.0
9.27e-06,3.0,2.0
9.28e-06,5.0,3.0
9.289999999999999e-06,6.0,3.0
9.3e-06,6.0,2.0
9.31e-06,5.0,2.0
9.32e-06,5.0,2.0
9.33e-06,3.0,2.0
9.339999999999999e-06,6.0,2.0
9.349999999999999e-06,6.0,1.0
9.36e-06,5.0,3.0
9.37e-06,5.0,2.0
9.380000000000002e-06,5.0,2.0
9.390000000000002e-06,5.0,3.0
9.4e-06,6.0,2.0
9.41e-06,5.0,2.0
9.42e-06,5.0,2.0
9.43e-06,5.0,2.0
9.44e-06,5.0,3.0
9.45e-06,4.0,3.0
9.460000000000001e-06,5.0,2.0
9.47e-06,5.0,1.0
9.48e-06,6.0,3.0
9.49e-06,5.0,2.0
9.5e-06,5.0,3.0
9.509999999999999e-06,4.0,3.0
9.519999999999999e-06,5.0,1.0
9.529999999999999e-06,5.0,4.0
9.54e-06,5.0,1.0
9.550000000000002e-06,5.0,4.0
9.56e-06,6.0,2.0
9.57e-06,6.0,1.0
9.58e-06,5.0,3.0
9.59e-06,4.0,2.0
9.6e-06,6.0,0.0
9.61e-06,7.0,2.0
9.62e-06,5.0,2.0
9.630000000000001e-06,5.0,3.0
9.640000000000001e-06,4.0,1.0
9.65e-06,5.0,2.0
9.66e-06,5.0,3.0
9.67e-06,6.0,0.0
9.679999999999999e-06,5.0,2.0
9.689999999999999e-06,6.0,1.0
9.699999999999999e-06,5.0,1.0
9.710000000000002e-06,7.0,0.0
9.720000000000002e-06,4.0,1.0
9.73e-06,5.0,1.0
9.74e-06,4.0,1.0
9.75e-06,5.0,0.0
9.76e-06,4.0,0.0
9.77e-06,5.0,1.0
9.78e-06,6.0,2.0
9.789999999999998e-06,5.0,0.0
9.800000000000001e-06,5.0,1.0
9.810000000000001e-06,5.0,0.0
9.820000000000001e-06,4.0,0.0
9.83e-06,5.0,0.0
9.839999999999999e-06,4.0,1.0
9.849999999999999e-06,5.0,1.0
9.859999999999999e-06,6.0,0.0
9.869999999999999e-06,5.0,2.0
9.880000000000002e-06,6.0,2.0
9.890000000000002e-06,5.0,2.0
9.9e-06,4.0,2.0
9.91e-06,5.0,1.0
9.92e-06,5.0,0.0
9.93e-06,7.0,2.0
9.94e-06,6.0,1.0
9.95e-06,6.0,1.0
9.96e-06,4.0,2.0
9.970000000000001e-06,4.0,1.0
9.980000000000001e-06,3.0,1.0
9.990000000000001e-06,6.0,1.0
1e-05,6.0,1.0
1.0009999999999999e-05,4.0,2.0
1.0019999999999999e-05,6.0,2.0
1.0029999999999999e-05,4.0,1.0
1.0039999999999999e-05,5.0,3.0
1.005e-05,4.0,2.0
1.0060000000000002e-05,4.0,3.0
1.007e-05,5.0,1.0
1.008e-05,5.0,1.0
1.009e-05,5.0,2.0
1.01e-05,5.0,2.0
1.011e-05,7.0,1.0
1.0119999999999998e-05,5.0,3.0
1.013e-05,5.0,2.0
1.014e-05,5.0,1.0
1.0150000000000001e-05,6.0,2.0
1.0160000000000001e-05,6.0,2.0
1.0170000000000001e-05,6.0,2.0
1.0179999999999999e-05,6.0,2.0
1.0189999999999999e-05,7.0,1.0
1.0199999999999999e-05,7.0,2.0
1.021e-05,6.0,1.0
1.022e-05,6.0,2.0
1.0230000000000002e-05,6.0,2.0
1.024e-05,5.0,1.0
1.025e-05,6.0,2.0
1.026e-05,4.0,2.0
1.027e-05,6.0,2.0
1.028e-05,6.0,1.0
1.0289999999999998e-05,4.0,2.0
1.03e-05,5.0,2.0
1.031e-05,5.0,1.0
1.0320000000000001e-05,3.0,2.0
1.0330000000000001e-05,4.0,2.0
1.0340000000000001e-05,4.0,2.0
1.035e-05,5.0,1.0
1.0359999999999999e-05,6.0,2.0
1.0369999999999999e-05,4.0,0.0
1.038e-05,4.0,2.0
1.039e-05,7.0,1.0
1.0399999999999999e-05,4.0,1.0
1.041e-05,5.0,1.0
1.042e-05,4.0,1.0
1.043e-05,5.0,1.0
1.044e-05,4.0,3.0
1.045e-05,4.0,2.0
1.046e-05,4.0,2.0
1.047e-05,5.0,3.0
1.048e-05,5.0,1.0
1.0490000000000001e-05,6.0,1.0
1.0500000000000001e-05,6.0,1.0
1.0510000000000001e-05,5.0,2.0
1.052e-05,4.0,1.0
1.0529999999999999e-05,6.0,1.0
1.0539999999999999e-05,5.0,1.0
1.055e-05,5.0,2.0
1.056e-05,6.0,1.0
1.0569999999999999e-05,6.0,2.0
1.058e-05,5.0,4.0
1.059e-05,5.0,0.0
1.06e-05,4.0,2.0
1.061e-05,5.0,2.0
1.062e-05,5.0,1.0
1.063e-05,7.0,1.0
1.064e-05,5.0,2.0
1.065e-05,6.0,1.0
1.066e-05,4.0,1.0
1.0670000000000001e-05,5.0,0.0
1.0680000000000001e-05,4.0,2.0
1.069e-05,4.0,3.0
1.07e-05,5.0,3.0
1.071e-05,4.0,1.0
1.072e-05,5.0,1.0
1.073e-05,6.0,1.0
1.0739999999999999e-05,3.0,2.0
1.0749999999999999e-05,5.0,1.0
1.076e-05,4.0,1.0
1.077e-05,4.0,4.0
1.078e-05,6.0,2.0
1.079e-05,6.0,2.0
1.08e-05,5.0,2.0
1.081e-05,5.0,1.0
1.082e-05,5.0,2.0
1.083e-05,5.0,1.0
1.0840000000000001e-05,3.0,2.0
1.085e-05,4.0,3.0
1.086e-05,6.0,3.0
1.087e-05,5.0,2.0
1.0880000000000001e-05,5.0,2.0
1.089e-05,3.0,2.0
1.09e-05,5.0,1.0
1.0909999999999999e-05,6.0,3.0
1.0919999999999999e-05,5.0,1.0
1.093e-05,5.0,2.0
1.094e-05,3.0,1.0
1.095e-05,5.0,1.0
1.0960000000000002e-05,5.0,2.0
1.097e-05,6.0,2.0
1.098e-05,5.0,3.0
1.099e-05,6.0,0.0
1.1e-05,5.0,3.0
1.101e-05,5.0,1.0
1.102e-05,5.0,0.0
1.103e-05,4.0,1.0
1.104e-05,5.0,2.0
1.1050000000000001e-05,5.0,1.0
1.106e-05,4.0,2.0
1.107e-05,4.0,3.0
1.1079999999999999e-05,3.0,3.0
1.1089999999999999e-05,6.0,2.0
1.11e-05,4.0,2.0
1.111e-05,5.0,1.0
1.112e-05,6.0,3.0
1.113e-05,5.0,2.0
1.114e-05,5.0,0.0
1.115e-05,4.0,3.0
1.116e-05,5.0,1.0
1.117e-05,6.0,1.0
1.118e-05,5.0,2.0
1.119e-05,5.0,2.0
1.12e-05,5.0,3.0
1.1210000000000001e-05,4.0,2.0
1.1220000000000001e-05,4.0,2.0
1.1230000000000001e-05,5.0,3.0
1.124e-05,6.0,1.0
1.1249999999999999e-05,5.0,2.0
1.1259999999999999e-05,4.0,3.0
1.1269999999999999e-05,5.0,1.0
1.128e-05,4.0,1.0
1.129e-05,5.0,1.0
1.13e-05,4.0,3.0
1.131e-05,4.0,2.0
1.132e-05,6.0,2.0
1.133e-05,5.0,3.0
1.134e-05,6.0,3.0
1.135e-05,5.0,3.0
1.1359999999999998e-05,4.0,3.0
1.137e-05,4.0,2.0
1.1380000000000001e-05,4.0,2.0
1.1390000000000001e-05,5.0,2.0
1.1400000000000001e-05,6.0,3.0
1.141e-05,6.0,3.0
1.1419999999999999e-05,5.0,3.0
1.1429999999999999e-05,5.0,3.0
1.1439999999999999e-05,5.0,5.0
1.145e-05,5.0,1.0
1.1460000000000002e-05,6.0,1.0
1.147e-05,6.0,4.0
1.148e-05,6.0,1.0
1.149e-05,4.0,2.0
1.15e-05,7.0,2.0
1.151e-05,5.0,3.0
1.152e-05,6.0,4.0
1.1529999999999998e-05,4.0,4.0
1.154e-05,4.0,2.0
1.1550000000000001e-05,4.0,2.0
1.1560000000000001e-05,6.0,3.0
1.1570000000000001e-05,3.0,3.0
1.158e-05,3.0,3.0
1.1589999999999999e-05,6.0,5.0
1.1599999999999999e-05,6.0,1.0
1.1609999999999999e-05,4.0,2.0
1.1619999999999999e-05,4.0,3.0
1.1630000000000002e-05,5.0,5.0
1.164e-05,4.0,3.0
1.165e-05,4.0,4.0
1.166e-05,6.0,4.0
1.167e-05,5.0,4.0
1.168e-05,5.0,3.0
1.1689999999999998e-05,7.0,2.0
1.1699999999999998e-05,5.0,1.0
1.1710000000000001e-05,6.0,3.0
1.1720000000000001e-05,6.0,3.0
1.1730000000000001e-05,6.0,2.0
1.1740000000000001e-05,5.0,2.0
1.175e-05,5.0,2.0
1.176e-05,6.0,3.0
1.1769999999999999e-05,5.0,2.0
1.1779999999999999e-05,5.0,2.0
1.1789999999999999e-05,6.0,3.0
1.1800000000000002e-05,5.0,2.0
1.181e-05,6.0,2.0
1.182e-05,5.0,4.0
1.183e-05,4.0,2.0
1.184e-05,5.0,3.0
1.185e-05,5.0,3.0
1.1859999999999998e-05,5.0,1.0
1.1869999999999998e-05,6.0,2.0
1.188e-05,6.0,2.0
1.1890000000000001e-05,4.0,3.0
1.1900000000000001e-05,4.0,3.0
1.1910000000000001e-05,5.0,3.0
1.192e-05,4.0,2.0
1.193e-05,5.0,1.0
1.194e-05,4.0,2.0
1.1949999999999999e-05,5.0,3.0
1.196e-05,4.0,2.0
1.1970000000000002e-05,5.0,2.0
1.198e-05,4.0,1.0
1.199e-05,4.0,2.0
1.2e-05,4.0,5.0
1.201e-05,5.0,1.0
1.202e-05,4.0,2.0
1.2029999999999998e-05,4.0,2.0
1.2039999999999998e-05,4.0,3.0
1.205e-05,4.0,2.0
1.2060000000000001e-05,5.0,2.0
1.2070000000000001e-05,5.0,2.0
1.2080000000000001e-05,5.0,2.0
1.209e-05,3.0,3.0
1.21e-05,4.0,2.0
1.211e-05,4.0,1.0
1.212e-05,5.0,2.0
1.213e-05,4.0,2.0
1.2139999999999999e-05,6.0,2.0
1.215e-05,5.0,1.0
1.216e-05,4.0,1.0
1.217e-05,4.0,2.0
1.218e-05,4.0,2.0
1.219e-05,6.0,2.0
1.2199999999999998e-05,4.0,2.0
1.221e-05,4.0,2.0
1.222e-05,5.0,1.0
1.2230000000000001e-05,5.0,2.0
1.2240000000000001e-05,4.0,2.0
1.2250000000000001e-05,5.0,3.0
1.226e-05,4.0,2.0
1.227e-05,4.0,2.0
1.228e-05,5.0,1.0
1.229e-05,4.0,0.0
1.23e-05,5.0,2.0
1.2309999999999999e-05,5.0,2.0
1.232e-05,5.0,1.0
1.233e-05,5.0,1.0
1.234e-05,5.0,1.0
1.235e-05,6.0,2.0
1.236e-05,5.0,3.0
1.2369999999999998e-05,5.0,2.0
1.238e-05,5.0,2.0
1.239e-05,4.0,2.0
1.24e-05,4.0,1.0
1.2410000000000001e-05,5.0,1.0
1.242e-05,5.0,0.0
1.243e-05,5.0,1.0
1.244e-05,5.0,1.0
1.245e-05,6.0,2.0
1.2460000000000001e-05,5.0,3.0
1.2470000000000001e-05,4.0,2.0
1.2479999999999999e-05,5.0,2.0
1.2489999999999999e-05,4.0,1.0
1.25e-05,4.0,2.0
1.251e-05,6.0,2.0
1.252e-05,4.0,1.0
1.253e-05,5.0,1.0
1.2539999999999999e-05,6.0,1.0
1.255e-05,5.0,1.0
1.256e-05,6.0,1.0
1.257e-05,5.0,0.0
1.2580000000000002e-05,5.0,3.0
1.259e-05,5.0,2.0
1.26e-05,6.0,2.0
1.261e-05,5.0,1.0
1.262e-05,5.0,2.0
1.2630000000000001e-05,6.0,2.0
1.2640000000000001e-05,4.0,2.0
1.265e-05,4.0,2.0
1.2659999999999999e-05,5.0,3.0
1.267e-05,5.0,2.0
1.268e-05,5.0,1.0
1.269e-05,5.0,1.0
1.2699999999999999e-05,6.0,2.0
1.271e-05,4.0,1.0
1.272e-05,4.0,2.0
1.273e-05,6.0,1.0
1.274e-05,5.0,2.0
1.275e-05,5.0,2.0
1.276e-05,6.0,2.0
1.277e-05,6.0,2.0
1.278e-05,5.0,2.0
1.279e-05,3.0,2.0
1.2800000000000001e-05,4.0,1.0
1.2810000000000001e-05,5.0,2.0
1.282e-05,6.0,1.0
1.2829999999999999e-05,4.0,1.0
1.284e-05,6.0,1.0
1.285e-05,4.0,2.0
1.286e-05,5.0,1.0
1.2869999999999999e-05,5.0,0.0
1.288e-05,3.0,1.0
1.289e-05,4.0,2.0
1.29e-05,6.0,2.0
1.291e-05,6.0,2.0
1.292e-05,5.0,1.0
1.293e-05,5.0,1.0
1.294e-05,5.0,1.0
1.295e-05,4.0,3.0
1.2960000000000001e-05,6.0,2.0
1.2970000000000001e-05,7.0,0.0
1.298e-05,6.0,0.0
1.299e-05,5.0,1.0
1.3e-05,6.0,0.0
1.3009999999999999e-05,7.0,2.0
1.302e-05,6.0,2.0
1.303e-05,6.0,1.0
1.3039999999999999e-05,6.0,1.0
1.305e-05,6.0,1.0
1.306e-05,6.0,1.0
1.307e-05,6.0,2.0
1.308e-05,5.0,0.0
1.309e-05,5.0,1.0
1.3099999999999998e-05,5.0,1.0
1.311e-05,5.0,1.0
1.312e-05,6.0,1.0
1.3130000000000001e-05,6.0,1.0
1.3140000000000001e-05,5.0,2.0
1.315e-05,6.0,1.0
1.316e-05,6.0,1.0
1.317e-05,5.0,2.0
1.318e-05,5.0,2.0
1.319e-05,6.0,2.0
1.32e-05,7.0,3.0
1.321e-05,6.0,3.0
1.322e-05,6.0,2.0
1.323e-05,4.0,1.0
1.324e-05,4.0,1.0
1.325e-05,4.0,1.0
1.3259999999999998e-05,5.0,1.0
1.3269999999999998e-05,5.0,1.0
1.328e-05,5.0,1.0
1.329e-05,6.0,1.0
1.3300000000000001e-05,5.0,0.0
1.3310000000000001e-05,6.0,2.0
1.332e-05,5.0,1.0
1.333e-05,5.0,0.0
1.334e-05,4.0,0.0
1.335e-05,4.0,0.0
1.3359999999999999e-05,5.0,1.0
1.337e-05,5.0,1.0
1.338e-05,5.0,2.0
1.339e-05,4.0,1.0
1.34e-05,4.0,1.0
1.341e-05,5.0,1.0
1.342e-05,5.0,1.0
1.3429999999999998e-05,5.0,2.0
1.3439999999999998e-05,3.0,1.0
1.345e-05,5.0,1.0
1.3460000000000002e-05,5.0,0.0
1.3470000000000001e-05,6.0,1.0
1.3480000000000001e-05,4.0,1.0
1.349e-05,5.0,1.0
1.35e-05,5.0,2.0
1.351e-05,4.0,1.0
1.352e-05,4.0,3.0
1.353e-05,5.0,2.0
1.3539999999999999e-05,5.0,3.0
1.355e-05,6.0,2.0
1.356e-05,5.0,0.0
1.357e-05,5.0,1.0
1.358e-05,4.0,2.0
1.359e-05,5.0,1.0
1.3599999999999999e-05,5.0,2.0
1.3609999999999998e-05,5.0,2.0
1.3619999999999998e-05,6.0,1.0
1.3630000000000002e-05,6.0,2.0
1.3640000000000002e-05,5.0,1.0
1.3650000000000001e-05,5.0,2.0
1.366e-05,4.0,2.0
1.367e-05,5.0,1.0
1.368e-05,5.0,2.0
1.369e-05,5.0,1.0
1.37e-05,6.0,2.0
1.3710000000000001e-05,3.0,2.0
1.372e-05,5.0,2.0
1.373e-05,5.0,2.0
1.374e-05,5.0,2.0
1.375e-05,6.0,1.0
1.376e-05,6.0,1.0
1.3769999999999999e-05,3.0,2.0
1.3779999999999999e-05,5.0,2.0
1.3789999999999998e-05,6.0,2.0
1.3800000000000002e-05,3.0,1.0
1.3810000000000002e-05,7.0,2.0
1.3820000000000002e-05,6.0,3.0
1.383e-05,6.0,2.0
1.384e-05,6.0,2.0
1.385e-05,6.0,2.0
1.386e-05,6.0,3.0
1.387e-05,5.0,3.0
1.388e-05,6.0,2.0
1.389e-05,7.0,2.0
1.39e-05,6.0,2.0
1.391e-05,5.0,1.0
1.392e-05,5.0,2.0
1.393e-05,6.0,2.0
1.3939999999999999e-05,8.0,2.0
1.3949999999999999e-05,6.0,2.0
1.396e-05,5.0,2.0
1.397e-05,6.0,1.0
1.3980000000000002e-05,7.0,2.0
1.399e-05,5.0,2.0
1.4e-05,6.0,2.0
1.401e-05,7.0,2.0
1.402e-05,7.0,1.0
1.403e-05,5.0,1.0
1.404e-05,7.0,2.0
1.405e-05,6.0,0.0
1.4060000000000001e-05,6.0,2.0
1.407e-05,7.0,1.0
1.408e-05,7.0,2.0
1.409e-05,6.0,2.0
1.41e-05,7.0,2.0
1.4109999999999999e-05,6.0,3.0
1.4119999999999999e-05,5.0,3.0
1.413e-05,6.0,1.0
1.414e-05,3.0,0.0
1.4150000000000002e-05,5.0,2.0
1.416e-05,6.0,2.0
1.417e-05,5.0,2.0
1.418e-05,5.0,3.0
1.419e-05,4.0,1.0
1.42e-05,6.0,2.0
1.4210000000000001e-05,4.0,2.0
1.422e-05,6.0,1.0
1.423e-05,5.0,0.0
1.4240000000000001e-05,5.0,2.0
1.425e-05,6.0,1.0
1.426e-05,6.0,3.0
1.4269999999999999e-05,5.0,2.0
1.4279999999999999e-05,4.0,1.0
1.4289999999999999e-05,5.0,1.0
1.43e-05,7.0,2.0
1.431e-05,5.0,1.0
1.4320000000000002e-05,5.0,1.0
1.433e-05,5.0,2.0
1.434e-05,3.0,2.0
1.435e-05,4.0,0.0
1.436e-05,4.0,3.0
1.437e-05,6.0,2.0
1.4380000000000001e-05,6.0,2.0
1.439e-05,6.0,1.0
1.44e-05,5.0,3.0
1.4410000000000001e-05,4.0,1.0
1.4420000000000001e-05,5.0,3.0
1.443e-05,6.0,1.0
1.4439999999999999e-05,5.0,3.0
1.4449999999999999e-05,4.0,1.0
1.446e-05,6.0,2.0
1.447e-05,6.0,1.0
1.448e-05,6.0,2.0
1.449e-05,4.0,2.0
1.45e-05,5.0,3.0
1.451e-05,6.0,4.0
1.452e-05,6.0,2.0
1.453e-05,5.0,2.0
1.454e-05,5.0,3.0
1.455e-05,5.0,2.0
1.456e-05,7.0,3.0
1.457e-05,4.0,1.0
1.458e-05,6.0,2.0
1.4590000000000001e-05,6.0,1.0
1.46e-05,6.0,3.0
1.4609999999999999e-05,5.0,1.0
1.4619999999999999e-05,4.0,1.0
1.463e-05,6.0,2.0
1.464e-05,5.0,2.0
1.465e-05,6.0,2.0
1.466e-05,6.0,2.0
1.467e-05,5.0,2.0
1.468e-05,7.0,3.0
1.469e-05,5.0,0.0
1.47e-05,7.0,1.0
1.4710000000000001e-05,4.0,0.0
1.472e-05,6.0,1.0
1.473e-05,6.0,1.0
1.474e-05,7.0,2.0
1.475e-05,6.0,1.0
1.4760000000000001e-05,6.0,3.0
1.4770000000000001e-05,5.0,2.0
1.4779999999999999e-05,5.0,1.0
1.4789999999999999e-05,6.0,1.0
1.48e-05,6.0,2.0
1.481e-05,6.0,1.0
1.482e-05,5.0,2.0
1.4829999999999999e-05,5.0,0.0
1.4839999999999999e-05,5.0,2.0
1.485e-05,6.0,0.0
1.486e-05,6.0,1.0
1.487e-05,5.0,1.0
1.4880000000000002e-05,6.0,0.0
1.489e-05,6.0,0.0
1.49e-05,7.0,2.0
1.491e-05,6.0,1.0
1.492e-05,7.0,1.0
1.4930000000000001e-05,5.0,1.0
1.4940000000000001e-05,6.0,2.0
1.495e-05,6.0,2.0
1.496e-05,7.0,2.0
1.497e-05,7.0,1.0
1.498e-05,6.0,1.0
1.499e-05,6.0,1.0
1.4999999999999999e-05,6.0,1.0
1.5009999999999999e-05,7.0,3.0
1.502e-05,6.0,2.0
1.503e-05,7.0,1.0
1.504e-05,6.0,1.0
1.5050000000000002e-05,5.0,0.0
1.506e-05,7.0,1.0
1.507e-05,7.0,0.0
1.508e-05,6.0,0.0
1.509e-05,7.0,1.0
1.51e-05,6.0,2.0
1.511e-05,4.0,0.0
1.512e-05,7.0,1.0
1.513e-05,6.0,2.0
1.514e-05,6.0,2.0
1.515e-05,7.0,1.0
1.516e-05,6.0,2.0
1.5169999999999999e-05,7.0,3.0
1.5179999999999999e-05,6.0,3.0
1.5189999999999999e-05,7.0,2.0
1.52e-05,6.0,1.0
1.5210000000000002e-05,5.0,0.0
1.5220000000000002e-05,8.0,2.0
1.523e-05,6.0,0.0
1.524e-05,6.0,1.0
1.525e-05,8.0,0.0
1.526e-05,6.0,1.0
1.5269999999999998e-05,7.0,3.0
1.528e-05,7.0,2.0
1.529e-05,5.0,1.0
1.5300000000000003e-05,6.0,0.0
1.531e-05,6.0,0.0
1.532e-05,6.0,0.0
1.533e-05,6.0,1.0
1.534e-05,6.0,1.0
1.535e-05,6.0,1.0
1.536e-05,6.0,1.0
1.537e-05,6.0,1.0
1.5380000000000002e-05,5.0,0.0
1.539e-05,6.0,1.0
1.54e-05,5.0,0.0
1.541e-05,6.0,0.0
1.5419999999999998e-05,6.0,1.0
1.543e-05,6.0,1.0
1.5439999999999998e-05,7.0,0.0
1.545e-05,7.0,1.0
1.546e-05,5.0,0.0
1.5470000000000003e-05,6.0,0.0
1.548e-05,5.0,1.0
1.549e-05,6.0,0.0
1.55e-05,6.0,1.0
1.551e-05,6.0,1.0
1.552e-05,8.0,1.0
1.553e-05,5.0,1.0
1.554e-05,7.0,2.0
1.5550000000000002e-05,6.0,1.0
1.556e-05,5.0,0.0
1.5570000000000002e-05,6.0,1.0
1.558e-05,6.0,0.0
1.5589999999999998e-05,6.0,1.0
1.56e-05,7.0,1.0
1.5609999999999998e-05,7.0,0.0
1.562e-05,7.0,0.0
1.563e-05,7.0,1.0
1.5640000000000003e-05,6.0,1.0
1.565e-05,6.0,1.0
1.566e-05,6.0,0.0
1.567e-05,7.0,0.0
1.568e-05,6.0,0.0
1.569e-05,5.0,1.0
1.57e-05,3.0,0.0
1.571e-05,7.0,1.0
1.5720000000000002e-05,7.0,0.0
1.573e-05,6.0,0.0
1.5740000000000002e-05,7.0,1.0
1.575e-05,5.0,0.0
1.5759999999999998e-05,6.0,0.0
1.577e-05,5.0,1.0
1.5779999999999998e-05,6.0,0.0
1.579e-05,7.0,1.0
1.58e-05,5.0,1.0
1.5810000000000003e-05,6.0,1.0
1.582e-05,7.0,1.0
1.583e-05,5.0,0.0
1.584e-05,4.0,1.0
1.585e-05,5.0,1.0
1.586e-05,5.0,1.0
1.587e-05,6.0,2.0
1.588e-05,6.0,0.0
1.5890000000000002e-05,5.0,2.0
1.59e-05,7.0,1.0
1.5910000000000002e-05,6.0,1.0
1.592e-05,7.0,1.0
1.5929999999999998e-05,6.0,0.0
1.594e-05,6.0,1.0
1.5949999999999998e-05,6.0,0.0
1.5960000000000003e-05,6.0,1.0
1.597e-05,6.0,1.0
1.598e-05,6.0,0.0
1.599e-05,6.0,2.0
1.6e-05,5.0,2.0
1.601e-05,7.0,1.0
1.602e-05,7.0,1.0
1.6030000000000004e-05,5.0,1.0
1.604e-05,6.0,1.0
1.605e-05,6.0,0.0
1.606e-05,7.0,0.0
1.607e-05,6.0,0.0
1.608e-05,6.0,0.0
1.609e-05,5.0,1.0
1.61e-05,4.0,1.0
1.611e-05,6.0,1.0
1.612e-05,7.0,1.0
1.613e-05,7.0,1.0
1.614e-05,6.0,1.0
1.6149999999999996e-05,6.0,0.0
1.616e-05,5.0,2.0
1.617e-05,4.0,0.0
1.618e-05,7.0,1.0
1.6190000000000003e-05,7.0,1.0
1.62e-05,7.0,1.0
1.6210000000000002e-05,5.0,1.0
1.6219999999999997e-05,6.0,0.0
1.6230000000000002e-05,5.0,0.0
1.6239999999999997e-05,7.0,1.0
1.6250000000000002e-05,6.0,1.0
1.626e-05,6.0,0.0
1.627e-05,5.0,1.0
1.6280000000000003e-05,6.0,1.0
1.6289999999999998e-05,5.0,1.0
1.6300000000000003e-05,7.0,0.0
1.6309999999999998e-05,6.0,2.0
1.632e-05,7.0,0.0
1.6329999999999998e-05,6.0,0.0
1.634e-05,7.0,2.0
1.635e-05,5.0,2.0
1.636e-05,6.0,2.0
1.6370000000000004e-05,5.0,0.0
1.638e-05,5.0,1.0
1.639e-05,7.0,2.0
1.64e-05,7.0,1.0
1.641e-05,6.0,0.0
1.6420000000000002e-05,8.0,0.0
1.643e-05,5.0,0.0
1.644e-05,6.0,1.0
1.645e-05,6.0,1.0
1.646e-05,6.0,1.0
1.647e-05,7.0,1.0
1.648e-05,7.0,2.0
1.6489999999999996e-05,5.0,1.0
1.65e-05,6.0,1.0
1.651e-05,6.0,1.0
1.652e-05,7.0,0.0
1.653e-05,5.0,0.0
1.6539999999999997e-05,7.0,1.0
1.6550000000000002e-05,7.0,1.0
1.6559999999999997e-05,7.0,0.0
1.6570000000000002e-05,4.0,1.0
1.6579999999999997e-05,7.0,0.0
1.6590000000000002e-05,5.0,1.0
1.66e-05,6.0,1.0
1.661e-05,4.0,0.0
1.662e-05,7.0,2.0
1.663e-05,5.0,2.0
1.6640000000000003e-05,6.0,2.0
1.6649999999999998e-05,4.0,2.0
1.666e-05,7.0,0.0
1.667e-05,6.0,2.0
1.668e-05,6.0,1.0
1.669e-05,7.0,1.0
1.67e-05,6.0,1.0
1.6709999999999998e-05,6.0,0.0
1.672e-05,7.0,0.0
1.673e-05,5.0,1.0
1.674e-05,4.0,0.0
1.675e-05,5.0,0.0
1.6760000000000002e-05,6.0,1.0
1.677e-05,6.0,0.0
1.678e-05,5.0,2.0
1.679e-05,5.0,1.0
1.6800000000000002e-05,7.0,2.0
1.681e-05,5.0,1.0
1.682e-05,6.0,0.0
1.6829999999999996e-05,7.0,1.0
1.684e-05,6.0,1.0
1.685e-05,7.0,1.0
1.686e-05,7.0,0.0
1.687e-05,6.0,1.0
1.6879999999999998e-05,7.0,1.0
1.6890000000000003e-05,6.0,0.0
1.6899999999999997e-05,6.0,1.0
1.6910000000000002e-05,7.0,1.0
1.692e-05,5.0,1.0
1.6930000000000002e-05,6.0,1.0
1.694e-05,4.0,1.0
1.695e-05,5.0,1.0
1.696e-05,5.0,0.0
1.697e-05,6.0,0.0
1.6980000000000003e-05,4.0,2.0
1.6989999999999998e-05,6.0,1.0
1.7e-05,5.0,1.0
1.701e-05,6.0,1.0
1.702e-05,5.0,1.0
1.703e-05,7.0,0.0
1.704e-05,5.0,1.0
1.7049999999999998e-05,5.0,1.0
1.706e-05,6.0,1.0
1.707e-05,7.0,2.0
1.708e-05,7.0,0.0
1.709e-05,6.0,1.0
1.7100000000000002e-05,5.0,1.0
1.711e-05,5.0,1.0
1.712e-05,7.0,1.0
1.713e-05,7.0,0.0
1.714e-05,5.0,1.0
1.715e-05,7.0,1.0
1.7160000000000002e-05,4.0,1.0
1.717e-05,6.0,1.0
1.718e-05,8.0,1.0
1.719e-05,5.0,1.0
1.72e-05,5.0,1.0
1.721e-05,6.0,1.0
1.7219999999999998e-05,7.0,1.0
1.723e-05,6.0,1.0
1.7239999999999998e-05,6.0,0.0
1.7250000000000003e-05,5.0,0.0
1.726e-05,6.0,1.0
1.727e-05,6.0,2.0
1.728e-05,6.0,0.0
1.729e-05,6.0,0.0
1.73e-05,7.0,1.0
1.731e-05,6.0,2.0
1.732e-05,6.0,0.0
1.733e-05,3.0,1.0
1.734e-05,6.0,1.0
1.735e-05,8.0,1.0
1.736e-05,6.0,1.0
1.737e-05,5.0,1.0
1.738e-05,6.0,1.0
1.7389999999999998e-05,6.0,2.0
1.74e-05,6.0,1.0
1.741e-05,5.0,1.0
1.7420000000000003e-05,5.0,0.0
1.743e-05,6.0,1.0
1.744e-05,5.0,1.0
1.745e-05,5.0,1.0
1.746e-05,4.0,1.0
1.747e-05,6.0,1.0
1.748e-05,6.0,1.0
1.749e-05,6.0,2.0
1.7500000000000002e-05,5.0,1.0
1.751e-05,6.0,1.0
1.752e-05,6.0,3.0
1.753e-05,5.0,3.0
1.754e-05,6.0,3.0
1.755e-05,6.0,2.0
1.7559999999999998e-05,4.0,1.0
1.757e-05,7.0,2.0
1.7579999999999998e-05,6.0,1.0
1.7590000000000003e-05,8.0,1.0
1.76e-05,7.0,1.0
1.761e-05,7.0,1.0
1.762e-05,7.0,1.0
1.763e-05,6.0,3.0
1.764e-05,5.0,0.0
1.765e-05,6.0,4.0
1.7659999999999997e-05,6.0,1.0
1.7670000000000002e-05,7.0,0.0
1.768e-05,6.0,2.0
1.7690000000000002e-05,7.0,2.0
1.77e-05,6.0,3.0
1.771e-05,7.0,1.0
1.772e-05,6.0,1.0
1.7729999999999998e-05,7.0,2.0
1.774e-05,7.0,1.0
1.7749999999999998e-05,5.0,2.0
1.7760000000000003e-05,6.0,1.0
1.777e-05,4.0,2.0
1.778e-05,6.0,1.0
1.779e-05,7.0,1.0
1.78e-05,6.0,3.0
1.781e-05,4.0,2.0
1.782e-05,6.0,1.0
1.7829999999999997e-05,3.0,2.0
1.784e-05,6.0,0.0
1.785e-05,6.0,0.0
1.7860000000000002e-05,6.0,1.0
1.787e-05,6.0,2.0
1.788e-05,6.0,3.0
1.789e-05,5.0,1.0
1.7899999999999998e-05,4.0,1.0
1.791e-05,5.0,1.0
1.792e-05,5.0,2.0
1.793e-05,6.0,1.0
1.794e-05,5.0,2.0
1.795e-05,4.0,2.0
1.796e-05,6.0,3.0
1.797e-05,5.0,2.0
1.798e-05,5.0,1.0
1.799e-05,6.0,2.0
1.7999999999999997e-05,5.0,2.0
1.8010000000000002e-05,4.0,3.0
1.802e-05,4.0,2.0
1.8030000000000002e-05,4.0,1.0
1.804e-05,5.0,4.0
1.805e-05,6.0,2.0
1.806e-05,6.0,1.0
1.8069999999999998e-05,5.0,2.0
1.808e-05,6.0,2.0
1.8089999999999998e-05,6.0,1.0
1.8100000000000003e-05,5.0,2.0
1.811e-05,5.0,1.0
1.812e-05,6.0,3.0
1.813e-05,5.0,3.0
1.814e-05,5.0,4.0
1.815e-05,5.0,1.0
1.816e-05,6.0,3.0
1.817e-05,5.0,2.0
1.818e-05,5.0,2.0
1.819e-05,5.0,1.0
1.8200000000000002e-05,6.0,2.0
1.821e-05,5.0,2.0
1.8220000000000002e-05,6.0,2.0
1.823e-05,5.0,2.0
1.8239999999999998e-05,6.0,1.0
1.825e-05,6.0,2.0
1.826e-05,6.0,3.0
1.827e-05,5.0,2.0
1.828e-05,5.0,2.0
1.829e-05,6.0,1.0
1.83e-05,5.0,2.0
1.831e-05,5.0,3.0
1.832e-05,7.0,3.0
1.833e-05,6.0,1.0
1.8339999999999997e-05,5.0,2.0
1.8350000000000002e-05,4.0,2.0
1.8359999999999997e-05,4.0,3.0
1.8370000000000002e-05,5.0,1.0
1.838e-05,4.0,2.0
1.839e-05,5.0,2.0
1.84e-05,5.0,2.0
1.8409999999999998e-05,5.0,1.0
1.8420000000000003e-05,6.0,2.0
1.8429999999999998e-05,5.0,2.0
1.8440000000000003e-05,6.0,2.0
1.8449999999999998e-05,6.0,2.0
1.846e-05,7.0,0.0
1.847e-05,7.0,2.0
1.848e-05,6.0,2.0
1.849e-05,5.0,1.0
1.85e-05,6.0,1.0
1.851e-05,6.0,2.0
1.852e-05,5.0,3.0
1.853e-05,6.0,2.0
1.854e-05,7.0,1.0
1.855e-05,5.0,2.0
1.856e-05,5.0,2.0
1.857e-05,7.0,1.0
1.8579999999999998e-05,7.0,3.0
1.859e-05,7.0,2.0
1.86e-05,7.0,3.0
1.861e-05,7.0,4.0
1.862e-05,7.0,2.0
1.863e-05,6.0,3.0
1.864e-05,5.0,0.0
1.865e-05,6.0,2.0
1.866e-05,7.0,3.0
1.8670000000000003e-05,7.0,2.0
1.8679999999999997e-05,7.0,3.0
1.8690000000000002e-05,7.0,2.0
1.8699999999999997e-05,6.0,2.0
1.8710000000000002e-05,7.0,1.0
1.872e-05,6.0,2.0
1.873e-05,6.0,2.0
1.874e-05,7.0,1.0
1.875e-05,6.0,2.0
1.8760000000000003e-05,6.0,3.0
1.8769999999999998e-05,6.0,2.0
1.8780000000000003e-05,6.0,3.0
1.8789999999999998e-05,6.0,2.0
1.88e-05,5.0,3.0
1.881e-05,7.0,3.0
1.882e-05,7.0,3.0
1.883e-05,5.0,4.0
1.884e-05,7.0,3.0
1.885e-05,5.0,3.0
1.886e-05,7.0,3.0
1.887e-05,6.0,2.0
1.888e-05,6.0,4.0
1.889e-05,6.0,1.0
1.89e-05,5.0,3.0
1.891e-05,6.0,4.0
1.8920000000000002e-05,7.0,2.0
1.893e-05,6.0,3.0
1.894e-05,5.0,2.0
1.8949999999999996e-05,6.0,3.0
1.896e-05,6.0,2.0
1.8969999999999996e-05,6.0,3.0
1.898e-05,5.0,4.0
1.899e-05,6.0,2.0
1.9e-05,6.0,0.0
1.9010000000000003e-05,6.0,2.0
1.9019999999999997e-05,6.0,2.0
1.9030000000000002e-05,7.0,2.0
1.9039999999999997e-05,6.0,2.0
1.9050000000000002e-05,6.0,3.0
1.9059999999999997e-05,5.0,2.0
1.907e-05,8.0,2.0
1.908e-05,7.0,2.0
1.909e-05,7.0,3.0
1.9100000000000003e-05,5.0,2.0
1.9109999999999998e-05,7.0,2.0
1.912e-05,7.0,3.0
1.9129999999999998e-05,6.0,3.0
1.914e-05,6.0,3.0
1.9149999999999998e-05,8.0,2.0
1.916e-05,6.0,2.0
1.9170000000000005e-05,6.0,2.0
1.918e-05,7.0,3.0
1.919e-05,7.0,4.0
1.92e-05,6.0,2.0
1.921e-05,6.0,2.0
1.922e-05,6.0,2.0
1.923e-05,7.0,1.0
1.924e-05,7.0,3.0
1.925e-05,6.0,1.0
1.9260000000000002e-05,6.0,3.0
1.927e-05,5.0,3.0
1.9280000000000002e-05,6.0,3.0
1.9289999999999997e-05,5.0,2.0
1.93e-05,5.0,2.0
1.9309999999999996e-05,8.0,1.0
1.932e-05,4.0,0.0
1.933e-05,5.0,1.0
1.934e-05,8.0,1.0
1.9350000000000003e-05,7.0,1.0
1.9359999999999998e-05,5.0,3.0
1.9370000000000003e-05,6.0,3.0
1.9379999999999997e-05,7.0,4.0
1.9390000000000002e-05,8.0,3.0
1.9399999999999997e-05,8.0,2.0
1.941e-05,6.0,3.0
1.9420000000000004e-05,8.0,2.0
1.943e-05,6.0,2.0
1.9440000000000004e-05,6.0,3.0
1.945e-05,7.0,0.0
1.946e-05,5.0,3.0
1.9469999999999998e-05,6.0,3.0
1.948e-05,6.0,1.0
1.9489999999999998e-05,6.0,3.0
1.95e-05,7.0,2.0
1.9510000000000005e-05,6.0,3.0
1.952e-05,7.0,2.0
1.953e-05,7.0,4.0
1.954e-05,6.0,3.0
1.955e-05,7.0,2.0
1.956e-05,7.0,2.0
1.957e-05,7.0,5.0
1.9579999999999995e-05,7.0,2.0
1.959e-05,6.0,2.0
1.9600000000000002e-05,7.0,4.0
1.961e-05,6.0,3.0
1.9620000000000002e-05,7.0,1.0
1.9629999999999997e-05,5.0,3.0
1.9640000000000002e-05,6.0,1.0
1.9649999999999997e-05,7.0,1.0
1.966e-05,4.0,3.0
1.967e-05,5.0,2.0
1.9679999999999998e-05,7.0,3.0
1.9690000000000003e-05,5.0,2.0
1.9699999999999998e-05,5.0,1.0
1.9710000000000003e-05,7.0,2.0
1.9719999999999998e-05,4.0,3.0
1.9730000000000003e-05,5.0,2.0
1.9739999999999997e-05,5.0,2.0
1.975e-05,5.0,4.0
1.9760000000000004e-05,7.0,0.0
1.977e-05,4.0,2.0
1.9780000000000004e-05,4.0,2.0
1.979e-05,4.0,1.0
1.98e-05,5.0,2.0
1.981e-05,4.0,1.0
1.982e-05,3.0,2.0
1.9829999999999998e-05,4.0,0.0
1.984e-05,5.0,0.0
1.985e-05,5.0,2.0
1.986e-05,6.0,2.0
1.987e-05,5.0,1.0
1.988e-05,6.0,3.0
1.989e-05,5.0,2.0
1.99e-05,4.0,2.0
1.991e-05,5.0,2.0
1.992e-05,5.0,4.0
1.993e-05,4.0,2.0
1.9940000000000002e-05,4.0,2.0
1.995e-05,5.0,3.0
1.9960000000000002e-05,5.0,4.0
1.9969999999999997e-05,6.0,3.0
1.9980000000000002e-05,4.0,2.0
1.9989999999999997e-05,6.0,2.0
2e-05,6.0,1.0
2.001e-05,6.0,1.0
2.0019999999999998e-05,5.0,1.0
2.0030000000000003e-05,5.0,1.0
2.0039999999999998e-05,6.0,4.0
2.0050000000000003e-05,5.0,3.0
2.0059999999999998e-05,6.0,5.0
2.0070000000000003e-05,6.0,1.0
2.0079999999999997e-05,5.0,2.0
2.009e-05,4.0,4.0
2.01e-05,4.0,2.0
2.011e-05,7.0,2.0
2.0120000000000004e-05,6.0,3.0
2.013e-05,6.0,2.0
2.014e-05,7.0,4.0
2.015e-05,6.0,3.0
2.016e-05,6.0,3.0
2.0170000000000002e-05,6.0,1.0
2.018e-05,5.0,2.0
2.0189999999999998e-05,6.0,3.0
2.02e-05,7.0,3.0
2.021e-05,7.0,3.0
2.022e-05,6.0,0.0
2.023e-05,5.0,2.0
2.0239999999999996e-05,6.0,1.0
2.025e-05,7.0,4.0
2.026e-05,7.0,1.0
2.027e-05,7.0,1.0
2.028e-05,7.0,2.0
2.029e-05,6.0,1.0
2.0300000000000002e-05,6.0,2.0
2.0309999999999997e-05,6.0,3.0
2.0320000000000002e-05,6.0,0.0
2.0329999999999997e-05,7.0,3.0
2.0340000000000002e-05,7.0,1.0
2.035e-05,6.0,1.0
2.0359999999999998e-05,7.0,1.0
2.0370000000000003e-05,5.0,0.0
2.0379999999999998e-05,6.0,1.0
2.0390000000000003e-05,6.0,1.0
2.0399999999999998e-05,7.0,0.0
2.041e-05,6.0,3.0
2.042e-05,6.0,3.0
2.043e-05,6.0,2.0
2.044e-05,7.0,2.0
2.045e-05,6.0,0.0
2.0460000000000004e-05,7.0,1.0
2.047e-05,5.0,3.0
2.048e-05,6.0,1.0
2.049e-05,7.0,2.0
2.05e-05,7.0,0.0
2.0510000000000002e-05,7.0,1.0
2.052e-05,4.0,0.0
2.0529999999999998e-05,6.0,1.0
2.054e-05,7.0,2.0
2.055e-05,6.0,2.0
2.056e-05,7.0,1.0
2.057e-05,6.0,3.0
2.0579999999999996e-05,5.0,2.0
2.059e-05,5.0,2.0
2.06e-05,6.0,2.0
2.061e-05,6.0,0.0
2.062e-05,5.0,2.0
2.063e-05,6.0,1.0
2.0640000000000002e-05,6.0,4.0
2.0649999999999997e-05,6.0,1.0
2.0660000000000002e-05,6.0,3.0
2.067e-05,6.0,1.0
2.0680000000000002e-05,7.0,2.0
2.069e-05,4.0,2.0
2.07e-05,5.0,1.0
2.071e-05,5.0,0.0
2.0719999999999998e-05,6.0,2.0
2.0730000000000003e-05,5.0,2.0
2.0739999999999998e-05,6.0,3.0
2.075e-05,7.0,3.0
2.076e-05,7.0,2.0
2.077e-05,7.0,3.0
2.078e-05,5.0,2.0
2.079e-05,7.0,1.0
2.0799999999999997e-05,4.0,2.0
2.081e-05,6.0,2.0
2.082e-05,6.0,3.0
2.083e-05,4.0,2.0
2.084e-05,6.0,3.0
2.0850000000000002e-05,5.0,2.0
2.086e-05,6.0,2.0
2.087e-05,4.0,3.0
2.088e-05,6.0,2.0
2.0889999999999998e-05,6.0,1.0
2.09e-05,5.0,1.0
2.091e-05,5.0,3.0
2.092e-05,6.0,3.0
2.093e-05,5.0,2.0
2.094e-05,6.0,3.0
2.095e-05,5.0,1.0
2.096e-05,6.0,3.0
2.0969999999999997e-05,5.0,2.0
2.0980000000000002e-05,8.0,2.0
2.0989999999999997e-05,5.0,2.0
2.1000000000000002e-05,5.0,2.0
2.101e-05,6.0,2.0
2.1020000000000002e-05,6.0,2.0
2.103e-05,6.0,4.0
2.104e-05,7.0,3.0
2.105e-05,6.0,1.0
2.1059999999999998e-05,5.0,3.0
2.1070000000000003e-05,6.0,3.0
2.1079999999999998e-05,6.0,2.0
2.109e-05,7.0,2.0
2.11e-05,6.0,3.0
2.111e-05,5.0,2.0
2.112e-05,5.0,1.0
2.113e-05,6.0,4.0
2.1139999999999997e-05,4.0,2.0
2.115e-05,7.0,2.0
2.116e-05,6.0,2.0
2.1170000000000002e-05,7.0,2.0
2.118e-05,4.0,1.0
2.1190000000000002e-05,5.0,1.0
2.12e-05,6.0,2.0
2.121e-05,7.0,2.0
2.122e-05,6.0,2.0
2.123e-05,6.0,3.0
2.124e-05,5.0,2.0
2.125e-05,6.0,3.0
2.126e-05,5.0,2.0
2.127e-05,5.0,2.0
2.128e-05,6.0,2.0
2.129e-05,6.0,1.0
2.13e-05,5.0,2.0
2.1309999999999998e-05,6.0,2.0
2.132e-05,7.0,0.0
2.1329999999999997e-05,7.0,1.0
2.1340000000000002e-05,7.0,1.0
2.135e-05,6.0,1.0
2.1360000000000002e-05,7.0,1.0
2.137e-05,6.0,1.0
2.138e-05,6.0,1.0
2.139e-05,6.0,1.0
2.14e-05,7.0,1.0
2.141e-05,7.0,1.0
2.142e-05,5.0,2.0
2.143e-05,7.0,2.0
2.144e-05,7.0,1.0
2.145e-05,6.0,0.0
2.146e-05,6.0,2.0
2.147e-05,6.0,1.0
2.1479999999999998e-05,6.0,1.0
2.149e-05,7.0,5.0
2.1499999999999997e-05,5.0,2.0
2.1510000000000002e-05,6.0,2.0
2.152e-05,5.0,2.0
2.153e-05,5.0,2.0
2.154e-05,6.0,1.0
2.155e-05,5.0,2.0
2.156e-05,5.0,2.0
2.157e-05,6.0,2.0
2.158e-05,7.0,2.0
2.159e-05,5.0,2.0
2.16e-05,6.0,2.0
2.161e-05,7.0,1.0
2.162e-05,6.0,2.0
2.163e-05,7.0,2.0
2.164e-05,6.0,1.0
2.1649999999999998e-05,6.0,2.0
2.166e-05,6.0,1.0
2.167e-05,6.0,2.0
2.1680000000000002e-05,6.0,1.0
2.169e-05,7.0,2.0
2.17e-05,8.0,1.0
2.171e-05,6.0,3.0
2.172e-05,6.0,3.0
2.173e-05,6.0,3.0
2.174e-05,6.0,3.0
2.175e-05,5.0,1.0
2.1760000000000002e-05,5.0,4.0
2.177e-05,6.0,3.0
2.178e-05,6.0,2.0
2.179e-05,7.0,3.0
2.18e-05,6.0,0.0
2.181e-05,6.0,2.0
2.1819999999999998e-05,4.0,2.0
2.183e-05,7.0,0.0
2.1839999999999998e-05,6.0,3.0
2.1850000000000003e-05,7.0,1.0
2.186e-05,6.0,1.0
2.187e-05,5.0,2.0
2.188e-05,6.0,2.0
2.189e-05,6.0,2.0
2.19e-05,6.0,2.0
2.191e-05,5.0,1.0
2.1920000000000004e-05,7.0,2.0
2.193e-05,6.0,2.0
2.194e-05,6.0,1.0
2.195e-05,7.0,2.0
2.196e-05,4.0,3.0
2.197e-05,6.0,2.0
2.198e-05,5.0,2.0
2.1989999999999998e-05,4.0,2.0
2.2e-05,7.0,3.0
2.201e-05,5.0,3.0
2.202e-05,5.0,3.0
2.203e-05,5.0,2.0
2.204e-05,5.0,3.0
2.205e-05,5.0,2.0
2.206e-05,6.0,2.0
2.207e-05,6.0,1.0
2.208e-05,7.0,2.0
2.2089999999999997e-05,7.0,1.0
2.2100000000000002e-05,5.0,2.0
2.2109999999999997e-05,6.0,2.0
2.212e-05,4.0,2.0
2.213e-05,5.0,2.0
2.214e-05,5.0,2.0
2.215e-05,6.0,2.0
2.2159999999999998e-05,5.0,3.0
2.2170000000000003e-05,4.0,2.0
2.2179999999999998e-05,5.0,2.0
2.2190000000000003e-05,6.0,1.0
2.22e-05,5.0,1.0
2.221e-05,6.0,1.0
2.222e-05,4.0,1.0
2.223e-05,7.0,1.0
2.224e-05,5.0,1.0
2.225e-05,6.0,1.0
2.226e-05,6.0,2.0
2.227e-05,5.0,1.0
2.228e-05,7.0,2.0
2.2290000000000002e-05,6.0,2.0
2.23e-05,7.0,1.0
2.231e-05,6.0,2.0
2.232e-05,5.0,2.0
2.2329999999999998e-05,5.0,2.0
2.234e-05,6.0,1.0
2.235e-05,6.0,1.0
2.236e-05,6.0,0.0
2.237e-05,7.0,2.0
2.238e-05,7.0,1.0
2.239e-05,6.0,2.0
2.24e-05,7.0,1.0
2.241e-05,7.0,1.0
2.2420000000000002e-05,6.0,3.0
2.2429999999999997e-05,4.0,1.0
2.2440000000000002e-05,5.0,4.0
2.2449999999999997e-05,7.0,1.0
2.2460000000000002e-05,7.0,2.0
2.247e-05,4.0,3.0
2.248e-05,5.0,2.0
2.249e-05,5.0,0.0
2.2499999999999998e-05,5.0,4.0
2.2510000000000003e-05,5.0,2.0
2.2519999999999998e-05,5.0,2.0
2.2530000000000003e-05,6.0,2.0
2.2539999999999998e-05,5.0,2.0
2.255e-05,4.0,1.0
2.256e-05,4.0,1.0
2.257e-05,6.0,2.0
2.258e-05,5.0,1.0
2.259e-05,4.0,1.0
2.26e-05,5.0,1.0
2.261e-05,6.0,1.0
2.262e-05,5.0,2.0
2.263e-05,4.0,1.0
2.264e-05,5.0,1.0
2.265e-05,5.0,1.0
2.266e-05,4.0,1.0
2.267e-05,5.0,1.0
2.268e-05,4.0,2.0
2.269e-05,3.0,1.0
2.27e-05,5.0,1.0
2.271e-05,6.0,1.0
2.2719999999999996e-05,5.0,1.0
2.273e-05,5.0,1.0
2.274e-05,5.0,0.0
2.275e-05,7.0,2.0
2.2760000000000002e-05,6.0,3.0
2.2769999999999997e-05,6.0,1.0
2.2780000000000002e-05,7.0,1.0
2.2789999999999997e-05,6.0,1.0
2.2800000000000002e-05,5.0,1.0
2.281e-05,5.0,1.0
2.282e-05,5.0,2.0
2.283e-05,5.0,1.0
2.2839999999999998e-05,6.0,2.0
2.2850000000000003e-05,4.0,2.0
2.2859999999999998e-05,6.0,1.0
2.2870000000000003e-05,6.0,1.0
2.2879999999999998e-05,7.0,1.0
2.289e-05,7.0,2.0
2.29e-05,6.0,1.0
2.291e-05,6.0,1.0
2.2920000000000004e-05,7.0,1.0
2.293e-05,7.0,1.0
2.294e-05,4.0,2.0
2.295e-05,6.0,2.0
2.296e-05,8.0,1.0
2.297e-05,6.0,1.0
2.298e-05,7.0,1.0
2.299e-05,5.0,1.0
2.3e-05,7.0,1.0
2.301e-05,4.0,1.0
2.302e-05,7.0,1.0
2.303e-05,7.0,1.0
2.304e-05,6.0,1.0
2.305e-05,5.0,2.0
2.3059999999999996e-05,6.0,1.0
2.307e-05,4.0,2.0
2.308e-05,6.0,3.0
2.309e-05,6.0,1.0
2.3100000000000002e-05,6.0,1.0
2.3109999999999997e-05,3.0,0.0
2.3120000000000002e-05,5.0,1.0
2.3129999999999997e-05,5.0,1.0
2.3140000000000002e-05,5.0,1.0
2.3149999999999997e-05,5.0,1.0
2.316e-05,5.0,1.0
2.3170000000000003e-05,5.0,0.0
2.3179999999999998e-05,7.0,1.0
2.3190000000000003e-05,6.0,1.0
2.3199999999999998e-05,6.0,1.0
2.3210000000000003e-05,6.0,1.0
2.3219999999999998e-05,6.0,1.0
2.323e-05,6.0,1.0
2.3239999999999998e-05,6.0,1.0
2.325e-05,7.0,2.0
2.3260000000000004e-05,6.0,2.0
2.327e-05,4.0,1.0
2.328e-05,6.0,1.0
2.329e-05,6.0,1.0
2.33e-05,5.0,1.0
2.331e-05,6.0,1.0
2.332e-05,5.0,1.0
2.3329999999999995e-05,6.0,1.0
2.334e-05,6.0,1.0
2.3350000000000002e-05,7.0,1.0
2.336e-05,6.0,1.0
2.337e-05,5.0,1.0
2.3379999999999996e-05,6.0,2.0
2.339e-05,5.0,2.0
2.3399999999999996e-05,6.0,2.0
2.341e-05,5.0,2.0
2.3420000000000003e-05,8.0,0.0
2.343e-05,6.0,2.0
2.3440000000000003e-05,5.0,2.0
2.3449999999999997e-05,4.0,2.0
2.3460000000000002e-05,7.0,1.0
2.3469999999999997e-05,6.0,1.0
2.3480000000000002e-05,5.0,1.0
2.3489999999999997e-05,5.0,1.0
2.35e-05,5.0,2.0
2.3510000000000004e-05,7.0,1.0
2.352e-05,5.0,2.0
2.3530000000000003e-05,7.0,0.0
2.3539999999999998e-05,5.0,2.0
2.355e-05,6.0,2.0
2.3559999999999998e-05,6.0,1.0
2.357e-05,7.0,1.0
2.3579999999999998e-05,6.0,1.0
2.359e-05,6.0,1.0
2.3600000000000004e-05,6.0,1.0
2.361e-05,5.0,1.0
2.362e-05,5.0,2.0
2.363e-05,7.0,2.0
2.364e-05,6.0,3.0
2.365e-05,5.0,2.0
2.366e-05,6.0,2.0
2.367e-05,6.0,2.0
2.368e-05,6.0,2.0
2.3690000000000002e-05,6.0,3.0
2.37e-05,7.0,1.0
2.371e-05,5.0,1.0
2.3719999999999997e-05,6.0,2.0
2.373e-05,7.0,3.0
2.3739999999999996e-05,5.0,2.0
2.375e-05,6.0,2.0
2.376e-05,7.0,1.0
2.377e-05,5.0,0.0
2.3780000000000003e-05,7.0,2.0
2.3789999999999998e-05,7.0,1.0
2.3800000000000003e-05,7.0,1.0
2.3809999999999997e-05,6.0,0.0
2.3820000000000002e-05,7.0,1.0
2.3829999999999997e-05,4.0,1.0
2.384e-05,6.0,2.0
2.3850000000000004e-05,5.0,1.0
2.386e-05,6.0,2.0
2.3870000000000004e-05,6.0,1.0
2.388e-05,5.0,1.0
2.389e-05,5.0,2.0
2.3899999999999998e-05,5.0,2.0
2.391e-05,6.0,1.0
2.392e-05,4.0,2.0
2.393e-05,6.0,2.0
2.3940000000000005e-05,6.0,2.0
2.395e-05,5.0,2.0
2.396e-05,7.0,2.0
2.397e-05,5.0,1.0
2.398e-05,6.0,3.0
2.399e-05,6.0,2.0
2.4e-05,5.0,2.0
2.401e-05,5.0,1.0
2.402e-05,5.0,2.0
2.4030000000000002e-05,6.0,2.0
2.404e-05,5.0,2.0
2.4050000000000002e-05,5.0,4.0
2.4059999999999997e-05,6.0,2.0
2.407e-05,6.0,1.0
2.4079999999999996e-05,4.0,2.0
2.409e-05,6.0,3.0
2.41e-05,6.0,1.0
2.4109999999999998e-05,6.0,1.0
2.4120000000000003e-05,6.0,1.0
2.4129999999999998e-05,7.0,2.0
2.4140000000000003e-05,5.0,1.0
2.4149999999999997e-05,7.0,1.0
2.4160000000000002e-05,5.0,2.0
2.417e-05,6.0,1.0
2.418e-05,6.0,2.0
2.419e-05,5.0,1.0
2.42e-05,5.0,2.0
2.4210000000000004e-05,4.0,1.0
2.422e-05,5.0,2.0
2.423e-05,6.0,2.0
2.424e-05,5.0,1.0
2.425e-05,6.0,2.0
2.426e-05,6.0,2.0
2.427e-05,5.0,2.0
2.4279999999999998e-05,5.0,2.0
2.429e-05,5.0,3.0
2.43e-05,6.0,1.0
2.431e-05,6.0,3.0
2.432e-05,6.0,3.0
2.433e-05,6.0,2.0
2.434e-05,6.0,3.0
2.435e-05,6.0,4.0
2.436e-05,6.0,2.0
2.437e-05,6.0,1.0
2.438e-05,7.0,2.0
2.4390000000000002e-05,4.0,3.0
2.4399999999999997e-05,4.0,2.0
2.4410000000000002e-05,6.0,1.0
2.442e-05,5.0,1.0
2.443e-05,6.0,2.0
2.444e-05,5.0,4.0
2.4449999999999998e-05,7.0,2.0
2.4460000000000003e-05,5.0,2.0
2.4469999999999998e-05,6.0,4.0
2.4480000000000003e-05,6.0,4.0
2.4489999999999998e-05,4.0,2.0
2.4500000000000003e-05,5.0,0.0
2.451e-05,3.0,3.0
2.452e-05,5.0,1.0
2.453e-05,5.0,3.0
2.454e-05,5.0,1.0
2.4550000000000004e-05,7.0,2.0
2.456e-05,5.0,2.0
2.457e-05,5.0,4.0
2.458e-05,5.0,3.0
2.459e-05,5.0,4.0
2.46e-05,5.0,3.0
2.461e-05,5.0,1.0
2.4619999999999998e-05,5.0,2.0
2.463e-05,5.0,3.0
2.464e-05,5.0,3.0
2.465e-05,4.0,2.0
2.466e-05,5.0,1.0
2.467e-05,6.0,2.0
2.468e-05,5.0,3.0
2.469e-05,4.0,2.0
2.47e-05,6.0,3.0
2.471e-05,6.0,3.0
2.472e-05,7.0,2.0
2.4730000000000002e-05,5.0,2.0
2.4739999999999997e-05,4.0,3.0
2.4750000000000002e-05,6.0,1.0
2.476e-05,6.0,2.0
2.4770000000000002e-05,6.0,1.0
2.478e-05,5.0,1.0
2.4789999999999998e-05,5.0,2.0
2.48e-05,5.0,3.0
2.4809999999999998e-05,6.0,4.0
2.4820000000000003e-05,5.0,3.0
2.4829999999999998e-05,4.0,4.0
2.484e-05,4.0,2.0
2.485e-05,3.0,3.0
2.486e-05,4.0,2.0
2.487e-05,5.0,2.0
2.488e-05,5.0,2.0
2.489e-05,4.0,2.0
2.49e-05,5.0,1.0
2.491e-05,5.0,3.0
2.4920000000000002e-05,5.0,1.0
2.493e-05,5.0,2.0
2.4940000000000002e-05,6.0,3.0
2.495e-05,5.0,2.0
2.4959999999999998e-05,5.0,2.0
2.497e-05,5.0,1.0
2.4979999999999998e-05,6.0,1.0
2.499e-05,4.0,1.0
2.5e-05,5.0,2.0
2.501e-05,5.0,2.0
2.502e-05,5.0,1.0
2.503e-05,5.0,2.0
2.504e-05,4.0,2.0
2.505e-05,4.0,1.0
2.506e-05,5.0,0.0
2.5070000000000002e-05,7.0,2.0
2.5079999999999997e-05,7.0,0.0
2.5090000000000002e-05,6.0,1.0
2.51e-05,5.0,1.0
2.5110000000000002e-05,6.0,1.0
2.512e-05,6.0,3.0
2.5129999999999998e-05,4.0,3.0
2.514e-05,5.0,1.0
2.5149999999999998e-05,5.0,3.0
2.5160000000000003e-05,5.0,2.0
2.517e-05,6.0,4.0
2.518e-05,5.0,3.0
2.519e-05,6.0,1.0
2.52e-05,4.0,5.0
2.521e-05,5.0,3.0
2.522e-05,4.0,3.0
2.5229999999999997e-05,5.0,5.0
2.524e-05,4.0,2.0
2.525e-05,5.0,4.0
2.5260000000000002e-05,5.0,2.0
2.527e-05,7.0,3.0
2.5280000000000002e-05,5.0,1.0
2.529e-05,6.0,3.0
2.53e-05,6.0,3.0
2.531e-05,4.0,3.0
2.5319999999999998e-05,5.0,3.0
2.533e-05,5.0,2.0
2.534e-05,6.0,4.0
2.535e-05,6.0,2.0
2.536e-05,6.0,3.0
2.537e-05,4.0,3.0
2.538e-05,6.0,5.0
2.539e-05,6.0,2.0
2.5399999999999997e-05,5.0,3.0
2.541e-05,5.0,3.0
2.542e-05,5.0,3.0
2.5430000000000002e-05,7.0,3.0
2.544e-05,6.0,1.0
2.5450000000000002e-05,6.0,0.0
2.546e-05,5.0,4.0
2.547e-05,5.0,3.0
2.548e-05,5.0,3.0
2.5489999999999998e-05,5.0,4.0
2.55e-05,6.0,2.0
2.551e-05,5.0,2.0
2.552e-05,5.0,2.0
2.553e-05,5.0,2.0
2.554e-05,6.0,2.0
2.555e-05,6.0,3.0
2.556e-05,5.0,4.0
2.5569999999999997e-05,6.0,2.0
2.558e-05,4.0,3.0
2.5589999999999997e-05,5.0,4.0
2.5600000000000002e-05,6.0,3.0
2.561e-05,5.0,2.0
2.5620000000000002e-05,5.0,1.0
2.563e-05,5.0,1.0
2.564e-05,5.0,3.0
2.565e-05,5.0,2.0
2.5659999999999998e-05,5.0,2.0
2.5670000000000003e-05,6.0,5.0
2.568e-05,5.0,4.0
2.569e-05,6.0,3.0
2.57e-05,6.0,2.0
2.571e-05,6.0,2.0
2.572e-05,5.0,1.0
2.573e-05,6.0,2.0
2.5739999999999998e-05,5.0,2.0
2.575e-05,7.0,2.0
2.576e-05,5.0,1.0
2.5770000000000002e-05,6.0,3.0
2.578e-05,4.0,3.0
2.5790000000000002e-05,6.0,2.0
2.58e-05,5.0,2.0
2.581e-05,5.0,2.0
2.582e-05,7.0,1.0
2.583e-05,6.0,3.0
2.584e-05,6.0,2.0
2.585e-05,4.0,2.0
2.586e-05,6.0,4.0
2.587e-05,5.0,3.0
2.588e-05,6.0,3.0
2.589e-05,5.0,3.0
2.59e-05,4.0,2.0
2.5909999999999998e-05,6.0,2.0
2.5920000000000003e-05,5.0,2.0
2.5929999999999997e-05,5.0,2.0
2.5940000000000002e-05,7.0,2.0
2.595e-05,5.0,2.0
2.596e-05,6.0,2.0
2.597e-05,5.0,2.0
2.598e-05,5.0,2.0
2.599e-05,5.0,2.0
2.6e-05,5.0,2.0
2.6010000000000003e-05,5.0,1.0
2.6019999999999998e-05,5.0,2.0
2.603e-05,4.0,2.0
2.604e-05,7.0,2.0
2.605e-05,5.0,2.0
2.606e-05,5.0,2.0
2.607e-05,5.0,2.0
2.6079999999999998e-05,7.0,2.0
2.609e-05,6.0,4.0
2.61e-05,6.0,2.0
2.611e-05,6.0,3.0
2.612e-05,6.0,2.0
2.613e-05,5.0,3.0
2.614e-05,6.0,1.0
2.615e-05,5.0,1.0
2.616e-05,6.0,3.0
2.6170000000000002e-05,5.0,2.0
2.618e-05,6.0,1.0
2.619e-05,5.0,1.0
2.6199999999999996e-05,5.0,3.0
2.621e-05,6.0,1.0
2.622e-05,5.0,2.0
2.623e-05,5.0,3.0
2.624e-05,6.0,2.0
2.6249999999999998e-05,7.0,0.0
2.6260000000000003e-05,5.0,3.0
2.6269999999999998e-05,5.0,2.0
2.6280000000000002e-05,6.0,2.0
2.629e-05,5.0,1.0
2.63e-05,7.0,2.0
2.631e-05,6.0,2.0
2.632e-05,5.0,2.0
2.633e-05,6.0,4.0
2.634e-05,5.0,1.0
2.6350000000000004e-05,7.0,3.0
2.636e-05,6.0,1.0
2.637e-05,6.0,3.0
2.638e-05,6.0,3.0
2.639e-05,6.0,1.0
2.64e-05,6.0,2.0
2.641e-05,5.0,2.0
2.642e-05,6.0,3.0
2.643e-05,5.0,2.0
2.644e-05,7.0,1.0
2.645e-05,5.0,2.0
2.646e-05,6.0,2.0
2.647e-05,5.0,3.0
2.648e-05,7.0,4.0
2.649e-05,6.0,2.0
2.65e-05,5.0,2.0
2.6510000000000002e-05,4.0,3.0
2.6519999999999997e-05,6.0,2.0
2.6530000000000002e-05,6.0,2.0
2.6539999999999997e-05,6.0,2.0
2.655e-05,5.0,3.0
2.656e-05,7.0,3.0
2.657e-05,5.0,2.0
2.658e-05,6.0,2.0
2.6589999999999998e-05,5.0,4.0
2.6600000000000003e-05,7.0,3.0
2.6609999999999998e-05,6.0,3.0
2.6620000000000003e-05,6.0,3.0
2.6629999999999997e-05,6.0,2.0
2.664e-05,5.0,2.0
2.665e-05,6.0,1.0
2.666e-05,6.0,4.0
2.6670000000000004e-05,6.0,3.0
2.668e-05,6.0,4.0
2.669e-05,4.0,3.0
2.67e-05,4.0,2.0
2.671e-05,6.0,4.0
2.6719999999999998e-05,5.0,2.0
2.673e-05,4.0,4.0
2.674e-05,7.0,3.0
2.675e-05,7.0,3.0
2.676e-05,5.0,4.0
2.677e-05,6.0,3.0
2.678e-05,6.0,2.0
2.679e-05,4.0,2.0
2.68e-05,4.0,3.0
2.6809999999999996e-05,6.0,5.0
2.682e-05,4.0,2.0
2.683e-05,6.0,2.0
2.684e-05,5.0,3.0
2.6850000000000002e-05,4.0,4.0
2.6859999999999997e-05,4.0,1.0
2.6870000000000002e-05,5.0,3.0
2.6879999999999997e-05,7.0,2.0
2.6890000000000002e-05,5.0,3.0
2.69e-05,4.0,1.0
2.691e-05,7.0,2.0
2.6920000000000003e-05,5.0,2.0
2.6929999999999998e-05,5.0,3.0
2.6940000000000003e-05,6.0,3.0
2.6949999999999998e-05,5.0,3.0
2.6960000000000003e-05,4.0,4.0
2.6969999999999998e-05,6.0,2.0
2.698e-05,4.0,2.0
2.699e-05,5.0,2.0
2.7e-05,5.0,2.0
2.7010000000000004e-05,6.0,1.0
2.702e-05,6.0,1.0
2.703e-05,5.0,1.0
2.704e-05,5.0,2.0
2.705e-05,5.0,1.0
2.706e-05,6.0,1.0
2.707e-05,5.0,1.0
2.7079999999999998e-05,5.0,1.0
2.709e-05,5.0,2.0
2.71e-05,6.0,0.0
2.711e-05,6.0,1.0
2.712e-05,7.0,1.0
2.713e-05,5.0,1.0
2.714e-05,5.0,2.0
2.7149999999999996e-05,6.0,1.0
2.716e-05,7.0,2.0
2.7170000000000002e-05,5.0,1.0
2.718e-05,5.0,1.0
2.7190000000000002e-05,7.0,1.0
2.7199999999999997e-05,6.0,1.0
2.7210000000000002e-05,6.0,1.0
2.7219999999999997e-05,6.0,2.0
2.7230000000000002e-05,7.0,1.0
2.7239999999999997e-05,6.0,0.0
2.7249999999999998e-05,6.0,1.0
2.7260000000000003e-05,7.0,1.0
2.7269999999999998e-05,6.0,2.0
2.7280000000000003e-05,6.0,1.0
2.7289999999999998e-05,4.0,2.0
2.7300000000000003e-05,7.0,1.0
2.7309999999999998e-05,7.0,2.0
2.732e-05,4.0,2.0
2.7329999999999998e-05,8.0,2.0
2.734e-05,6.0,2.0
2.7350000000000004e-05,7.0,1.0
2.736e-05,6.0,2.0
2.737e-05,7.0,3.0
2.738e-05,5.0,3.0
2.739e-05,5.0,3.0
2.74e-05,5.0,2.0
2.741e-05,7.0,2.0
2.7420000000000002e-05,7.0,2.0
2.743e-05,7.0,2.0
2.744e-05,9.0,2.0
2.745e-05,7.0,2.0
2.746e-05,7.0,3.0
2.747e-05,6.0,1.0
2.748e-05,7.0,2.0
2.7489999999999996e-05,8.0,2.0
2.75e-05,6.0,2.0
2.7510000000000003e-05,6.0,2.0
2.752e-05,5.0,5.0
2.7530000000000002e-05,6.0,4.0
2.7539999999999997e-05,7.0,4.0
2.7550000000000002e-05,6.0,3.0
2.7559999999999997e-05,6.0,3.0
2.7570000000000002e-05,7.0,4.0
2.7579999999999997e-05,6.0,3.0
2.759e-05,6.0,3.0
2.7600000000000003e-05,7.0,3.0
2.7609999999999998e-05,4.0,4.0
2.7620000000000003e-05,7.0,3.0
2.7629999999999998e-05,6.0,4.0
2.7640000000000003e-05,6.0,5.0
2.7649999999999998e-05,6.0,5.0
2.766e-05,6.0,3.0
2.767e-05,7.0,2.0
2.768e-05,7.0,3.0
2.7690000000000004e-05,5.0,3.0
2.77e-05,7.0,3.0
2.771e-05,7.0,2.0
2.772e-05,5.0,2.0
2.773e-05,6.0,2.0
2.774e-05,6.0,2.0
2.775e-05,6.0,3.0
2.776e-05,6.0,4.0
2.777e-05,6.0,4.0
2.778e-05,7.0,2.0
2.779e-05,6.0,2.0
2.78e-05,4.0,2.0
2.7809999999999996e-05,6.0,3.0
2.782e-05,7.0,4.0
2.7829999999999996e-05,5.0,5.0
2.784e-05,7.0,2.0
2.785e-05,7.0,3.0
2.786e-05,7.0,2.0
2.7870000000000003e-05,7.0,2.0
2.7879999999999997e-05,7.0,2.0
2.7890000000000002e-05,6.0,4.0
2.7899999999999997e-05,7.0,4.0
2.7910000000000002e-05,6.0,4.0
2.792e-05,7.0,3.0
2.793e-05,7.0,3.0
2.794e-05,7.0,3.0
2.795e-05,6.0,2.0
2.7960000000000003e-05,6.0,3.0
2.7969999999999998e-05,6.0,4.0
2.798e-05,7.0,3.0
2.7989999999999998e-05,7.0,3.0
2.8e-05,6.0,5.0
2.801e-05,6.0,3.0
2.802e-05,7.0,5.0
2.8030000000000004e-05,7.0,3.0
2.804e-05,7.0,2.0
2.805e-05,8.0,4.0
2.806e-05,7.0,5.0
2.807e-05,6.0,6.0
2.808e-05,6.0,4.0
2.809e-05,7.0,3.0
2.81e-05,8.0,5.0
2.811e-05,5.0,3.0
2.8120000000000002e-05,7.0,4.0
2.813e-05,8.0,5.0
2.814e-05,6.0,3.0
2.8149999999999996e-05,7.0,4.0
2.816e-05,7.0,4.0
2.817e-05,6.0,4.0
2.818e-05,7.0,3.0
2.819e-05,5.0,4.0
2.82e-05,5.0,4.0
2.8210000000000003e-05,6.0,4.0
2.8219999999999997e-05,7.0,4.0
2.8230000000000002e-05,5.0,3.0
2.8239999999999997e-05,7.0,4.0
2.8250000000000002e-05,5.0,4.0
2.826e-05,7.0,4.0
2.827e-05,5.0,5.0
2.828e-05,7.0,5.0
2.829e-05,6.0,4.0
2.8300000000000003e-05,7.0,2.0
2.831e-05,7.0,5.0
2.832e-05,7.0,3.0
2.8329999999999998e-05,7.0,4.0
2.834e-05,7.0,3.0
2.835e-05,7.0,2.0
2.836e-05,5.0,4.0
2.8369999999999998e-05,5.0,3.0
2.838e-05,6.0,3.0
2.839e-05,6.0,3.0
2.84e-05,7.0,3.0
2.841e-05,7.0,2.0
2.8420000000000002e-05,7.0,3.0
2.843e-05,7.0,4.0
2.844e-05,7.0,3.0
2.845e-05,6.0,3.0
2.846e-05,6.0,4.0
2.847e-05,7.0,2.0
2.8480000000000002e-05,7.0,3.0
2.8489999999999997e-05,7.0,4.0
2.85e-05,7.0,6.0
2.851e-05,8.0,4.0
2.852e-05,6.0,4.0
2.853e-05,7.0,3.0
2.8539999999999998e-05,8.0,2.0
2.855e-05,7.0,4.0
2.8559999999999998e-05,7.0,3.0
2.8570000000000003e-05,8.0,4.0
2.8579999999999997e-05,8.0,6.0
2.8590000000000002e-05,8.0,3.0
2.86e-05,7.0,4.0
2.861e-05,7.0,3.0
2.862e-05,7.0,4.0
2.863e-05,6.0,3.0
2.8640000000000004e-05,7.0,3.0
2.865e-05,6.0,5.0
2.866e-05,7.0,3.0
2.867e-05,6.0,5.0
2.868e-05,7.0,3.0
2.869e-05,7.0,4.0
2.87e-05,8.0,3.0
2.8709999999999998e-05,7.0,3.0
2.872e-05,7.0,4.0
2.873e-05,8.0,4.0
2.874e-05,7.0,4.0
2.875e-05,7.0,4.0
2.8760000000000002e-05,7.0,4.0
2.877e-05,7.0,3.0
2.878e-05,7.0,4.0
2.879e-05,7.0,3.0
2.88e-05,7.0,3.0
2.881e-05,6.0,4.0
2.8820000000000002e-05,7.0,5.0
2.8829999999999997e-05,6.0,4.0
2.8840000000000002e-05,7.0,4.0
2.885e-05,7.0,4.0
2.886e-05,7.0,5.0
2.887e-05,8.0,5.0
2.8879999999999998e-05,7.0,3.0
2.889e-05,6.0,3.0
2.8899999999999998e-05,7.0,3.0
2.8910000000000003e-05,7.0,4.0
2.892e-05,7.0,5.0
2.8930000000000003e-05,6.0,2.0
2.894e-05,8.0,4.0
2.895e-05,7.0,6.0
2.896e-05,6.0,3.0
2.897e-05,7.0,2.0
2.898e-05,7.0,4.0
2.899e-05,6.0,5.0
2.9e-05,6.0,3.0
2.9010000000000002e-05,6.0,2.0
2.902e-05,6.0,5.0
2.903e-05,6.0,2.0
2.904e-05,7.0,2.0
2.9049999999999998e-05,6.0,1.0
2.906e-05,8.0,2.0
2.9069999999999998e-05,7.0,1.0
2.908e-05,6.0,1.0
2.909e-05,5.0,0.0
2.91e-05,7.0,2.0
2.911e-05,8.0,1.0
2.912e-05,6.0,2.0
2.913e-05,7.0,2.0
2.914e-05,7.0,3.0
2.915e-05,7.0,2.0
2.916e-05,6.0,2.0
2.917e-05,7.0,4.0
2.9180000000000002e-05,6.0,2.0
2.919e-05,7.0,3.0
2.92e-05,7.0,2.0
2.921e-05,8.0,4.0
2.9219999999999998e-05,6.0,1.0
2.923e-05,7.0,1.0
2.9239999999999998e-05,8.0,1.0
2.9250000000000003e-05,6.0,2.0
2.926e-05,7.0,2.0
2.927e-05,6.0,3.0
2.928e-05,6.0,3.0
2.929e-05,6.0,3.0
2.93e-05,6.0,4.0
2.931e-05,8.0,2.0
2.932e-05,6.0,3.0
2.933e-05,7.0,3.0
2.934e-05,8.0,3.0
2.9350000000000002e-05,7.0,3.0
2.936e-05,6.0,2.0
2.9370000000000002e-05,7.0,3.0
2.938e-05,7.0,3.0
2.9389999999999998e-05,6.0,3.0
2.94e-05,7.0,2.0
2.9409999999999998e-05,6.0,3.0
2.9420000000000003e-05,7.0,2.0
2.943e-05,7.0,2.0
2.944e-05,8.0,2.0
2.945e-05,8.0,2.0
2.946e-05,6.0,1.0
2.947e-05,9.0,2.0
2.948e-05,7.0,2.0
2.9489999999999997e-05,8.0,2.0
2.95e-05,5.0,1.0
2.951e-05,6.0,3.0
2.9520000000000002e-05,8.0,1.0
2.953e-05,7.0,2.0
2.9540000000000002e-05,6.0,3.0
2.955e-05,8.0,1.0
2.9559999999999998e-05,7.0,2.0
2.957e-05,6.0,1.0
2.9579999999999998e-05,6.0,0.0
2.959e-05,8.0,3.0
2.96e-05,7.0,2.0
2.961e-05,7.0,2.0
2.962e-05,7.0,2.0
2.963e-05,6.0,3.0
2.964e-05,7.0,3.0
2.965e-05,8.0,3.0
2.9659999999999997e-05,5.0,1.0
2.9670000000000002e-05,7.0,3.0
2.9679999999999997e-05,5.0,2.0
2.9690000000000002e-05,8.0,5.0
2.97e-05,7.0,4.0
2.9710000000000002e-05,7.0,5.0
2.972e-05,6.0,4.0
2.9729999999999998e-05,8.0,4.0
2.974e-05,6.0,2.0
2.9749999999999998e-05,7.0,2.0
2.9760000000000003e-05,7.0,2.0
2.9769999999999998e-05,7.0,2.0
2.978e-05,7.0,3.0
2.979e-05,7.0,2.0
2.98e-05,6.0,4.0
2.981e-05,6.0,2.0
2.982e-05,6.0,3.0
2.9829999999999997e-05,5.0,2.0
2.984e-05,4.0,3.0
2.985e-05,5.0,2.0
2.9860000000000002e-05,8.0,3.0
2.987e-05,6.0,2.0
2.9880000000000002e-05,6.0,2.0
2.989e-05,5.0,2.0
2.99e-05,5.0,2.0
2.991e-05,6.0,2.0
2.992e-05,6.0,1.0
2.993e-05,8.0,1.0
2.994e-05,5.0,2.0
2.995e-05,7.0,0.0
2.996e-05,6.0,3.0
2.997e-05,7.0,1.0
2.998e-05,6.0,2.0
2.999e-05,5.0,1.0
2.9999999999999997e-05,7.0,1.0
3.0010000000000002e-05,6.0,2.0
3.0019999999999997e-05,6.0,2.0
3.0030000000000002e-05,5.0,2.0
3.004e-05,6.0,2.0
3.0050000000000002e-05,5.0,2.0
3.006e-05,6.0,1.0
3.007e-05,6.0,0.0
3.008e-05,6.0,2.0
3.0089999999999998e-05,5.0,2.0
3.0100000000000003e-05,6.0,2.0
3.0109999999999998e-05,5.0,1.0
3.012e-05,5.0,2.0
3.013e-05,7.0,1.0
3.014e-05,4.0,0.0
3.015e-05,6.0,1.0
3.016e-05,6.0,1.0
3.017e-05,5.0,1.0
3.018e-05,6.0,2.0
3.019e-05,7.0,1.0
3.02e-05,7.0,3.0
3.021e-05,6.0,2.0
3.022e-05,5.0,2.0
3.023e-05,6.0,3.0
3.024e-05,6.0,1.0
3.025e-05,6.0,5.0
3.026e-05,7.0,1.0
3.027e-05,6.0,1.0
3.028e-05,6.0,3.0
3.0289999999999996e-05,6.0,2.0
3.03e-05,7.0,1.0
3.031e-05,6.0,2.0
3.032e-05,5.0,2.0
3.033e-05,6.0,2.0
3.0339999999999998e-05,6.0,2.0
3.0350000000000002e-05,5.0,3.0
3.0359999999999997e-05,5.0,2.0
3.0370000000000002e-05,5.0,2.0
3.0379999999999997e-05,4.0,2.0
3.039e-05,7.0,1.0
3.04e-05,7.0,2.0
3.041e-05,7.0,1.0
3.0420000000000004e-05,7.0,2.0
3.043e-05,8.0,2.0
3.0440000000000003e-05,6.0,2.0
3.0449999999999998e-05,7.0,2.0
3.046e-05,7.0,3.0
3.047e-05,6.0,3.0
3.048e-05,6.0,4.0
3.049e-05,6.0,4.0
3.05e-05,6.0,3.0
3.051e-05,6.0,3.0
3.052e-05,6.0,2.0
3.053e-05,6.0,2.0
3.0539999999999996e-05,6.0,1.0
3.0550000000000004e-05,4.0,2.0
3.056e-05,7.0,3.0
3.057e-05,6.0,2.0
3.058e-05,7.0,3.0
3.059e-05,9.0,2.0
3.0600000000000005e-05,7.0,1.0
3.061e-05,7.0,1.0
3.062e-05,6.0,2.0
3.0629999999999996e-05,8.0,2.0
3.064e-05,6.0,2.0
3.065e-05,7.0,2.0
3.066e-05,8.0,2.0
3.067e-05,5.0,2.0
3.068e-05,8.0,2.0
3.069e-05,6.0,3.0
3.07e-05,7.0,1.0
3.071e-05,8.0,1.0
3.072e-05,5.0,2.0
3.073e-05,6.0,1.0
3.074e-05,6.0,1.0
3.075e-05,8.0,2.0
3.0760000000000004e-05,6.0,2.0
3.077e-05,8.0,2.0
3.078e-05,8.0,2.0
3.0789999999999995e-05,6.0,2.0
3.08e-05,6.0,2.0
3.081e-05,7.0,2.0
3.082e-05,6.0,1.0
3.083e-05,4.0,2.0
3.0839999999999996e-05,6.0,1.0
3.0850000000000004e-05,8.0,2.0
3.086e-05,6.0,1.0
3.087e-05,7.0,2.0
3.0879999999999996e-05,7.0,1.0
3.0890000000000004e-05,7.0,2.0
3.09e-05,7.0,3.0
3.091e-05,7.0,3.0
3.092e-05,7.0,4.0
3.093e-05,6.0,3.0
3.0940000000000005e-05,7.0,1.0
3.095e-05,7.0,1.0
3.096e-05,8.0,2.0
3.0969999999999997e-05,6.0,4.0
3.098e-05,7.0,1.0
3.099e-05,7.0,1.0
3.1e-05,8.0,3.0
3.101e-05,7.0,2.0
3.102e-05,7.0,2.0
3.103e-05,7.0,3.0
3.104e-05,8.0,3.0
3.105e-05,7.0,1.0
3.106e-05,7.0,3.0
3.107e-05,7.0,4.0
3.108e-05,7.0,3.0
3.109e-05,7.0,4.0
3.1100000000000004e-05,7.0,1.0
3.111e-05,6.0,2.0
3.112e-05,9.0,3.0
3.1129999999999995e-05,6.0,3.0
3.1140000000000003e-05,8.0,3.0
3.115e-05,8.0,4.0
3.116e-05,5.0,2.0
3.117e-05,7.0,3.0
3.1179999999999996e-05,7.0,2.0
3.1190000000000005e-05,7.0,3.0
3.12e-05,6.0,2.0
3.121e-05,8.0,2.0
3.1219999999999996e-05,6.0,1.0
3.123e-05,7.0,1.0
3.124e-05,6.0,3.0
3.125e-05,6.0,2.0
3.126e-05,8.0,3.0
3.127e-05,6.0,2.0
3.1280000000000005e-05,7.0,1.0
3.129e-05,8.0,2.0
3.13e-05,6.0,2.0
3.131e-05,6.0,1.0
3.132e-05,6.0,1.0
3.133e-05,8.0,2.0
3.134e-05,7.0,1.0
3.135e-05,6.0,3.0
3.136e-05,8.0,2.0
3.137e-05,7.0,3.0
3.138e-05,8.0,3.0
3.139e-05,8.0,3.0
3.14e-05,7.0,4.0
3.141e-05,6.0,3.0
3.142e-05,6.0,3.0
3.143e-05,8.0,1.0
3.1440000000000004e-05,6.0,2.0
3.145e-05,8.0,4.0
3.146e-05,6.0,3.0
3.1469999999999995e-05,7.0,1.0
3.1480000000000004e-05,8.0,3.0
3.149e-05,8.0,2.0
3.15e-05,8.0,1.0
3.151e-05,7.0,1.0
3.1519999999999996e-05,8.0,1.0
3.1530000000000005e-05,8.0,1.0
3.154e-05,5.0,0.0
3.155e-05,6.0,0.0
3.1559999999999996e-05,8.0,1.0
3.157e-05,7.0,1.0
3.158e-05,7.0,2.0
3.159e-05,8.0,0.0
3.16e-05,6.0,1.0
3.161e-05,7.0,1.0
3.1620000000000006e-05,7.0,1.0
3.163e-05,6.0,1.0
3.164e-05,7.0,1.0
3.165e-05,7.0,2.0
3.166e-05,7.0,1.0
3.167000000000001e-05,6.0,2.0
3.168e-05,7.0,0.0
3.169e-05,7.0,2.0
3.17e-05,6.0,2.0
3.171e-05,7.0,2.0
3.172e-05,6.0,1.0
3.173e-05,5.0,1.0
3.174e-05,7.0,2.0
3.175e-05,7.0,3.0
3.176e-05,7.0,2.0
3.177e-05,8.0,2.0
3.1780000000000004e-05,8.0,2.0
3.179e-05,7.0,2.0
3.18e-05,7.0,1.0
3.1809999999999995e-05,6.0,3.0
3.1820000000000004e-05,7.0,1.0
3.183e-05,7.0,2.0
3.184e-05,8.0,2.0
3.185e-05,8.0,2.0
3.1859999999999997e-05,7.0,2.0
3.1870000000000005e-05,7.0,2.0
3.188e-05,7.0,2.0
3.189e-05,8.0,2.0
3.1899999999999996e-05,7.0,2.0
3.191e-05,8.0,2.0
3.1920000000000006e-05,7.0,2.0
3.193e-05,6.0,2.0
3.194e-05,7.0,1.0
3.195e-05,6.0,1.0
3.196e-05,8.0,1.0
3.197e-05,6.0,2.0
3.198e-05,7.0,2.0
3.199e-05,7.0,2.0
3.2e-05,7.0,1.0
3.201e-05,4.0,1.0
3.202e-05,8.0,2.0
3.203e-05,7.0,2.0
3.204e-05,7.0,2.0
3.204999999999999e-05,6.0,1.0
3.206000000000001e-05,7.0,1.0
3.207e-05,6.0,2.0
3.208e-05,7.0,1.0
3.209e-05,7.0,1.0
3.21e-05,6.0,1.0
3.211e-05,7.0,2.0
3.212e-05,7.0,2.0
3.2130000000000006e-05,6.0,2.0
3.214e-05,7.0,2.0
3.2149999999999995e-05,7.0,1.0
3.216e-05,7.0,2.0
3.2170000000000005e-05,8.0,2.0
3.218e-05,6.0,2.0
3.2189999999999995e-05,8.0,2.0
3.22e-05,6.0,2.0
3.2210000000000005e-05,7.0,1.0
3.222e-05,6.0,3.0
3.2229999999999995e-05,6.0,2.0
3.224e-05,6.0,1.0
3.225e-05,6.0,1.0
3.226e-05,7.0,2.0
3.227e-05,8.0,2.0
3.228e-05,6.0,2.0
3.229e-05,6.0,2.0
3.229999999999999e-05,7.0,2.0
3.231000000000001e-05,7.0,2.0
3.232e-05,6.0,2.0
3.233e-05,6.0,3.0
3.234e-05,7.0,3.0
3.235000000000001e-05,6.0,3.0
3.236e-05,7.0,4.0
3.237e-05,6.0,2.0
3.2380000000000005e-05,5.0,1.0
3.239e-05,5.0,2.0
3.24e-05,5.0,2.0
3.2409999999999996e-05,7.0,1.0
3.2420000000000005e-05,7.0,2.0
3.243e-05,6.0,2.0
3.2439999999999994e-05,7.0,2.0
3.245e-05,8.0,1.0
3.2460000000000004e-05,6.0,3.0
3.247e-05,6.0,1.0
3.2479999999999994e-05,7.0,2.0
3.249e-05,7.0,2.0
3.2500000000000004e-05,5.0,2.0
3.251e-05,6.0,2.0
3.252e-05,7.0,2.0
3.253e-05,6.0,3.0
3.254e-05,8.0,1.0
3.255e-05,7.0,1.0
3.256000000000001e-05,5.0,3.0
3.257e-05,7.0,2.0
3.2579999999999996e-05,8.0,1.0
3.259e-05,6.0,3.0
3.2600000000000006e-05,7.0,2.0
3.261e-05,7.0,2.0
3.2619999999999996e-05,7.0,2.0
3.263e-05,7.0,2.0
3.264e-05,6.0,1.0
3.265e-05,6.0,1.0
3.2659999999999996e-05,7.0,1.0
3.2670000000000004e-05,6.0,2.0
3.268e-05,7.0,1.0
3.2689999999999994e-05,7.0,2.0
3.27e-05,7.0,1.0
3.2710000000000004e-05,6.0,2.0
3.272e-05,7.0,1.0
3.272999999999999e-05,6.0,2.0
3.274000000000001e-05,6.0,2.0
3.275e-05,6.0,1.0
3.276e-05,8.0,2.0
3.277e-05,6.0,2.0
3.278e-05,8.0,2.0
3.279e-05,6.0,1.0
3.28e-05,7.0,2.0
3.281e-05,7.0,1.0
3.282e-05,7.0,1.0
3.2829999999999996e-05,6.0,2.0
3.2840000000000004e-05,7.0,2.0
3.2850000000000006e-05,6.0,2.0
3.286e-05,6.0,3.0
3.2869999999999995e-05,8.0,2.0
3.288e-05,6.0,2.0
3.2890000000000005e-05,7.0,1.0
3.29e-05,7.0,2.0
3.2909999999999995e-05,7.0,0.0
3.292e-05,7.0,1.0
3.293e-05,6.0,2.0
3.294e-05,7.0,3.0
3.295e-05,5.0,1.0
3.296e-05,6.0,2.0
3.297e-05,7.0,2.0
3.297999999999999e-05,7.0,1.0
3.299000000000001e-05,7.0,3.0
3.3e-05,5.0,1.0
3.301e-05,7.0,1.0
3.302e-05,6.0,2.0
3.303e-05,6.0,3.0
3.304e-05,6.0,2.0
3.305e-05,5.0,3.0
3.306e-05,6.0,3.0
3.307e-05,7.0,4.0
3.3079999999999995e-05,6.0,2.0
3.309e-05,6.0,2.0
3.3100000000000005e-05,5.0,2.0
3.311e-05,5.0,3.0
3.3119999999999995e-05,6.0,1.0
3.313e-05,7.0,3.0
3.3140000000000005e-05,6.0,1.0
3.315e-05,6.0,2.0
3.3159999999999994e-05,7.0,1.0
3.317e-05,6.0,1.0
3.3180000000000004e-05,7.0,3.0
3.319e-05,6.0,2.0
3.32e-05,6.0,1.0
3.321e-05,7.0,1.0
3.322e-05,5.0,2.0
3.323e-05,6.0,1.0
3.324e-05,6.0,2.0
3.325e-05,6.0,2.0
3.326e-05,6.0,2.0
3.327e-05,5.0,3.0
3.328000000000001e-05,4.0,3.0
3.329e-05,6.0,1.0
3.3299999999999996e-05,5.0,1.0
3.331e-05,5.0,1.0
3.332e-05,6.0,1.0
3.333e-05,6.0,2.0
3.334e-05,7.0,1.0
3.3350000000000004e-05,6.0,2.0
3.336e-05,5.0,1.0
3.3369999999999994e-05,5.0,1.0
3.338e-05,7.0,2.0
3.3390000000000004e-05,6.0,2.0
3.34e-05,6.0,1.0
3.3409999999999994e-05,6.0,2.0
3.3419999999999995e-05,7.0,1.0
3.3430000000000003e-05,6.0,2.0
3.344e-05,5.0,2.0
3.345e-05,6.0,1.0
3.346e-05,5.0,2.0
3.347e-05,7.0,1.0
3.348e-05,6.0,1.0
3.349e-05,6.0,1.0
3.35e-05,6.0,2.0
3.3509999999999996e-05,7.0,2.0
3.3520000000000004e-05,7.0,1.0
3.3530000000000006e-05,7.0,1.0
3.354e-05,6.0,1.0
3.3549999999999996e-05,7.0,0.0
3.356e-05,8.0,1.0
3.3570000000000006e-05,7.0,2.0
3.358e-05,7.0,1.0
3.359e-05,6.0,1.0
3.3600000000000004e-05,8.0,0.0
3.361e-05,5.0,1.0
3.362e-05,6.0,2.0
3.363e-05,7.0,2.0
3.364e-05,6.0,2.0
3.365e-05,7.0,2.0
3.365999999999999e-05,7.0,2.0
3.367e-05,7.0,1.0
3.368e-05,8.0,1.0
3.369e-05,6.0,1.0
3.37e-05,8.0,1.0
3.371e-05,7.0,1.0
3.372e-05,7.0,2.0
3.373e-05,8.0,3.0
3.374e-05,8.0,3.0
3.375e-05,7.0,2.0
3.3759999999999995e-05,6.0,2.0
3.3770000000000004e-05,7.0,2.0
3.3780000000000005e-05,7.0,2.0
3.379e-05,4.0,1.0
3.3799999999999995e-05,6.0,2.0
3.3809999999999996e-05,7.0,2.0
3.3820000000000005e-05,8.0,2.0
3.383e-05,5.0,1.0
3.384e-05,5.0,2.0
3.3849999999999996e-05,7.0,1.0
3.3860000000000004e-05,6.0,2.0
3.387e-05,7.0,1.0
3.388e-05,7.0,1.0
3.389e-05,5.0,2.0
3.39e-05,8.0,2.0
3.391e-05,7.0,2.0
3.392e-05,8.0,1.0
3.393e-05,7.0,2.0
3.394e-05,4.0,1.0
3.395e-05,6.0,3.0
3.396000000000001e-05,7.0,1.0
3.397e-05,5.0,1.0
3.3979999999999997e-05,5.0,1.0
3.399e-05,8.0,3.0
3.4e-05,8.0,3.0
3.401e-05,5.0,3.0
3.402e-05,6.0,2.0
3.403e-05,6.0,2.0
3.404e-05,7.0,2.0
3.4049999999999994e-05,8.0,3.0
3.406e-05,6.0,2.0
3.4070000000000004e-05,6.0,2.0
3.408e-05,6.0,3.0
3.409e-05,6.0,3.0
3.4099999999999995e-05,7.0,2.0
3.4110000000000004e-05,7.0,2.0
3.412e-05,7.0,1.0
3.413e-05,8.0,2.0
3.414e-05,5.0,1.0
3.4149999999999997e-05,5.0,2.0
3.416e-05,7.0,2.0
3.417e-05,5.0,1.0
3.418e-05,6.0,1.0
3.4189999999999996e-05,7.0,2.0
3.4200000000000005e-05,8.0,2.0
3.4210000000000006e-05,5.0,3.0
3.422e-05,6.0,1.0
3.4229999999999996e-05,8.0,3.0
3.424e-05,6.0,2.0
3.4250000000000006e-05,7.0,2.0
3.426e-05,8.0,0.0
3.427e-05,7.0,2.0
3.428e-05,7.0,1.0
3.429e-05,7.0,1.0
3.43e-05,7.0,2.0
3.431e-05,8.0,1.0
3.4320000000000003e-05,7.0,1.0
3.433e-05,7.0,1.0
3.434e-05,7.0,2.0
3.435e-05,7.0,3.0
3.436e-05,7.0,1.0
3.437e-05,7.0,2.0
3.438e-05,8.0,2.0
3.439e-05,7.0,2.0
3.44e-05,7.0,3.0
3.441e-05,7.0,2.0
3.442e-05,6.0,3.0
3.443e-05,4.0,2.0
3.4439999999999996e-05,5.0,2.0
3.4450000000000004e-05,7.0,2.0
3.446e-05,6.0,2.0
3.447e-05,7.0,3.0
3.4479999999999995e-05,7.0,1.0
3.449e-05,7.0,1.0
3.4500000000000005e-05,6.0,1.0
3.451e-05,6.0,3.0
3.452e-05,5.0,2.0
3.4529999999999996e-05,6.0,3.0
3.454e-05,5.0,1.0
3.455e-05,6.0,3.0
3.456e-05,7.0,2.0
3.457e-05,6.0,2.0
3.458e-05,7.0,2.0
3.4590000000000006e-05,7.0,3.0
3.46e-05,6.0,1.0
3.461e-05,6.0,1.0
3.462e-05,7.0,2.0
3.463e-05,6.0,3.0
3.464e-05,6.0,3.0
3.465e-05,6.0,1.0
3.466e-05,5.0,1.0
3.467e-05,7.0,1.0
3.468e-05,6.0,2.0
3.469e-05,6.0,2.0
3.47e-05,7.0,3.0
3.471e-05,7.0,1.0
3.472e-05,6.0,2.0
3.4729999999999994e-05,6.0,3.0
3.474e-05,7.0,2.0
3.4750000000000004e-05,7.0,3.0
3.476e-05,6.0,1.0
3.477e-05,7.0,1.0
3.4779999999999996e-05,7.0,2.0
3.4790000000000004e-05,7.0,2.0
3.48e-05,6.0,2.0
3.481e-05,7.0,2.0
3.482e-05,7.0,3.0
3.483e-05,7.0,1.0
3.4840000000000005e-05,7.0,2.0
3.485e-05,8.0,1.0
3.486e-05,8.0,2.0
3.4869999999999996e-05,7.0,3.0
3.488e-05,7.0,1.0
3.489e-05,7.0,2.0
3.49e-05,8.0,2.0
3.4909999999999996e-05,8.0,2.0
3.492e-05,7.0,1.0
3.4930000000000006e-05,7.0,2.0
3.494e-05,5.0,1.0
3.495e-05,7.0,0.0
3.496e-05,7.0,2.0
3.497e-05,7.0,0.0
3.498e-05,7.0,2.0
3.499e-05,7.0,3.0
3.5000000000000004e-05,7.0,3.0
3.501e-05,6.0,1.0
3.502e-05,7.0,2.0
3.503e-05,8.0,2.0
3.504e-05,7.0,1.0
3.505e-05,8.0,1.0
3.506e-05,5.0,2.0
3.5069999999999995e-05,6.0,2.0
3.508e-05,5.0,2.0
3.5090000000000005e-05,7.0,2.0
3.51e-05,6.0,2.0
3.511e-05,7.0,2.0
3.5119999999999996e-05,7.0,0.0
3.5130000000000004e-05,7.0,2.0
3.514e-05,8.0,3.0
3.515e-05,7.0,2.0
3.5159999999999995e-05,7.0,1.0
3.517e-05,7.0,1.0
3.5180000000000005e-05,7.0,1.0
3.519e-05,6.0,2.0
3.52e-05,8.0,1.0
3.521e-05,5.0,2.0
3.522e-05,7.0,1.0
3.523e-05,8.0,1.0
3.524e-05,7.0,1.0
3.5249999999999996e-05,7.0,1.0
3.526e-05,8.0,1.0
3.527e-05,7.0,1.0
3.528e-05,6.0,2.0
3.529e-05,6.0,2.0
3.53e-05,6.0,2.0
3.531e-05,7.0,1.0
3.5319999999999994e-05,6.0,2.0
3.533e-05,6.0,0.0
3.5340000000000004e-05,6.0,1.0
3.535e-05,7.0,2.0
3.536e-05,7.0,2.0
3.537e-05,6.0,1.0
3.5380000000000003e-05,6.0,2.0
3.539e-05,7.0,2.0
3.54e-05,7.0,3.0
3.5409999999999995e-05,7.0,2.0
3.542e-05,7.0,0.0
3.5430000000000005e-05,7.0,2.0
3.544e-05,7.0,0.0
3.545e-05,7.0,1.0
3.5459999999999996e-05,5.0,2.0
3.5470000000000004e-05,5.0,3.0
3.548e-05,6.0,1.0
3.549e-05,7.0,1.0
3.5499999999999996e-05,7.0,3.0
3.551e-05,8.0,2.0
3.5520000000000006e-05,8.0,2.0
3.553e-05,6.0,2.0
3.554e-05,7.0,1.0
3.555e-05,7.0,2.0
3.556e-05,8.0,1.0
3.557e-05,7.0,1.0
3.558e-05,6.0,1.0
3.559e-05,6.0,3.0
3.56e-05,7.0,1.0
3.561e-05,7.0,2.0
3.562e-05,8.0,2.0
3.563e-05,7.0,0.0
3.564e-05,6.0,3.0
3.565e-05,7.0,3.0
3.5659999999999994e-05,7.0,2.0
3.567e-05,6.0,2.0
3.568e-05,7.0,2.0
3.569e-05,6.0,2.0
3.57e-05,7.0,0.0
3.571e-05,7.0,2.0
3.5720000000000004e-05,7.0,1.0
3.573e-05,7.0,1.0
3.574e-05,7.0,1.0
3.5749999999999995e-05,7.0,2.0
3.576e-05,7.0,2.0
3.5770000000000005e-05,7.0,2.0
3.578e-05,9.0,2.0
3.579e-05,7.0,2.0
3.5799999999999996e-05,7.0,2.0
3.5810000000000004e-05,7.0,2.0
3.582e-05,7.0,2.0
3.583e-05,6.0,0.0
3.584e-05,7.0,1.0
3.585e-05,7.0,3.0
3.586e-05,9.0,1.0
3.587e-05,7.0,2.0
3.588e-05,6.0,2.0
3.589e-05,7.0,2.0
3.59e-05,7.0,1.0
3.591e-05,6.0,3.0
3.592e-05,7.0,2.0
3.5929999999999997e-05,7.0,2.0
3.594e-05,6.0,2.0
3.595e-05,7.0,2.0
3.596e-05,7.0,2.0
3.597e-05,7.0,2.0
3.598e-05,6.0,3.0
3.599e-05,6.0,0.0
3.5999999999999994e-05,6.0,2.0
3.601e-05,7.0,1.0
3.6020000000000004e-05,7.0,0.0
3.603e-05,6.0,3.0
3.604e-05,6.0,2.0
3.6049999999999995e-05,7.0,3.0
3.6060000000000004e-05,8.0,2.0
3.607e-05,7.0,1.0
3.608e-05,6.0,2.0
3.609e-05,7.0,2.0
3.61e-05,7.0,2.0
3.611e-05,7.0,1.0
3.612e-05,8.0,2.0
3.613e-05,6.0,0.0
3.6139999999999996e-05,7.0,3.0
3.6150000000000005e-05,7.0,2.0
3.616e-05,7.0,3.0
3.617e-05,7.0,1.0
3.6179999999999996e-05,8.0,2.0
3.619e-05,7.0,1.0
3.6200000000000006e-05,8.0,1.0
3.621e-05,6.0,1.0
3.622e-05,7.0,1.0
3.623e-05,7.0,3.0
3.624e-05,6.0,2.0
3.625e-05,7.0,2.0
3.626e-05,8.0,3.0
3.6270000000000003e-05,8.0,1.0
3.628e-05,7.0,2.0
3.628999999999999e-05,8.0,1.0
3.63e-05,6.0,2.0
3.631e-05,8.0,2.0
3.632e-05,8.0,1.0
3.633e-05,7.0,2.0
3.634e-05,6.0,5.0
3.635e-05,6.0,4.0
3.636e-05,7.0,2.0
3.637e-05,8.0,2.0
3.638e-05,7.0,2.0
3.6389999999999995e-05,7.0,2.0
3.6400000000000004e-05,7.0,4.0
3.641e-05,6.0,2.0
3.642e-05,6.0,1.0
3.6429999999999995e-05,7.0,2.0
3.6440000000000003e-05,7.0,2.0
3.6450000000000005e-05,9.0,1.0
3.646e-05,5.0,2.0
3.6469999999999995e-05,6.0,2.0
3.6479999999999996e-05,6.0,1.0
3.6490000000000005e-05,7.0,2.0
3.65e-05,6.0,2.0
3.651e-05,8.0,2.0
3.652e-05,6.0,2.0
3.653e-05,6.0,1.0
3.654e-05,6.0,1.0
3.655e-05,6.0,3.0
3.656e-05,6.0,2.0
3.657e-05,7.0,1.0
3.658e-05,8.0,1.0
3.659000000000001e-05,6.0,3.0
3.66e-05,7.0,1.0
3.661e-05,5.0,2.0
3.662e-05,7.0,2.0
3.663e-05,6.0,2.0
3.664e-05,8.0,2.0
3.665e-05,7.0,2.0
3.666e-05,6.0,2.0
3.667e-05,8.0,2.0
3.6679999999999994e-05,7.0,2.0
3.669e-05,6.0,1.0
3.6700000000000004e-05,6.0,2.0
3.671e-05,6.0,2.0
3.6719999999999994e-05,5.0,1.0
3.6729999999999996e-05,6.0,2.0
3.6740000000000004e-05,7.0,3.0
3.675e-05,6.0,3.0
3.676e-05,7.0,2.0
3.677e-05,6.0,1.0
3.678e-05,7.0,2.0
3.679e-05,6.0,1.0
3.68e-05,8.0,2.0
3.681e-05,6.0,2.0
3.6819999999999996e-05,6.0,2.0
3.6830000000000005e-05,5.0,2.0
3.6840000000000006e-05,6.0,2.0
3.685e-05,7.0,2.0
3.6859999999999996e-05,6.0,2.0
3.687e-05,7.0,1.0
3.6880000000000006e-05,7.0,1.0
3.689e-05,6.0,2.0
3.6899999999999996e-05,7.0,2.0
3.691e-05,6.0,2.0
3.692e-05,6.0,3.0
3.693e-05,6.0,2.0
3.694e-05,7.0,1.0
3.6950000000000004e-05,5.0,2.0
3.696e-05,6.0,2.0
3.696999999999999e-05,6.0,2.0
3.698e-05,6.0,2.0
3.699e-05,6.0,1.0
3.7e-05,6.0,2.0
3.701e-05,7.0,3.0
3.702e-05,6.0,2.0
3.703e-05,6.0,3.0
3.704e-05,5.0,2.0
3.705e-05,5.0,1.0
3.706e-05,6.0,3.0
3.7069999999999996e-05,6.0,2.0
3.708e-05,5.0,2.0
3.7090000000000006e-05,6.0,3.0
3.71e-05,5.0,2.0
3.7109999999999995e-05,6.0,2.0
3.712e-05,6.0,2.0
3.7130000000000005e-05,6.0,1.0
3.714e-05,6.0,2.0
3.7149999999999995e-05,5.0,2.0
3.7159999999999997e-05,6.0,1.0
3.7170000000000005e-05,6.0,3.0
3.718e-05,6.0,1.0
3.719e-05,7.0,2.0
3.72e-05,7.0,2.0
3.721e-05,6.0,1.0
3.722e-05,6.0,1.0
3.723e-05,6.0,1.0
3.724e-05,6.0,2.0
3.725e-05,5.0,2.0
3.726e-05,6.0,3.0
3.727000000000001e-05,6.0,1.0
3.728e-05,6.0,2.0
3.729e-05,6.0,1.0
3.73e-05,7.0,2.0
3.731e-05,6.0,0.0
3.732e-05,6.0,2.0
3.733e-05,6.0,2.0
3.7340000000000005e-05,6.0,1.0
3.735e-05,6.0,2.0
3.7359999999999995e-05,5.0,2.0
3.737e-05,6.0,2.0
3.7380000000000005e-05,6.0,1.0
3.739e-05,6.0,2.0
3.7399999999999994e-05,6.0,3.0
3.7409999999999996e-05,5.0,2.0
3.7420000000000004e-05,6.0,1.0
3.743e-05,6.0,1.0
3.744e-05,5.0,0.0
3.745e-05,7.0,1.0
3.746e-05,6.0,1.0
3.747e-05,6.0,2.0
3.748e-05,7.0,2.0
3.749e-05,7.0,1.0
3.75e-05,7.0,2.0
3.750999999999999e-05,8.0,1.0
3.752000000000001e-05,7.0,1.0
3.753e-05,6.0,1.0
3.7539999999999996e-05,6.0,1.0
3.755e-05,7.0,1.0
3.7560000000000006e-05,8.0,2.0
3.757e-05,6.0,2.0
3.7579999999999996e-05,6.0,2.0
3.7590000000000004e-05,7.0,1.0
3.76e-05,6.0,0.0
3.761e-05,7.0,2.0
3.762e-05,6.0,1.0
3.7630000000000004e-05,7.0,1.0
3.764e-05,6.0,1.0
3.7649999999999994e-05,6.0,1.0
3.766e-05,6.0,2.0
3.7670000000000004e-05,5.0,1.0
3.768e-05,8.0,2.0
3.768999999999999e-05,6.0,2.0
3.77e-05,8.0,2.0
3.771e-05,6.0,2.0
3.772e-05,6.0,2.0
3.773e-05,5.0,2.0
3.774e-05,7.0,2.0
3.7749999999999996e-05,6.0,1.0
3.776e-05,7.0,2.0
3.7770000000000006e-05,6.0,2.0
3.778e-05,6.0,2.0
3.7789999999999996e-05,5.0,1.0
3.78e-05,7.0,3.0
3.7810000000000006e-05,6.0,1.0
3.782e-05,5.0,2.0
3.7829999999999995e-05,6.0,2.0
3.7840000000000004e-05,6.0,3.0
3.785e-05,7.0,2.0
3.786e-05,5.0,2.0
3.787e-05,6.0,3.0
3.788e-05,7.0,3.0
3.789e-05,6.0,3.0
3.789999999999999e-05,6.0,2.0
3.791e-05,6.0,4.0
3.792e-05,6.0,2.0
3.793e-05,8.0,3.0
3.793999999999999e-05,6.0,2.0
3.795000000000001e-05,6.0,3.0
3.796e-05,6.0,3.0
3.797e-05,6.0,3.0
3.798e-05,6.0,3.0
3.799e-05,6.0,2.0
3.8e-05,7.0,1.0
3.801e-05,6.0,3.0
3.8020000000000005e-05,6.0,4.0
3.803e-05,5.0,3.0
3.8039999999999995e-05,6.0,3.0
3.805e-05,5.0,3.0
3.8060000000000005e-05,6.0,0.0
3.807e-05,7.0,2.0
3.8079999999999995e-05,4.0,2.0
3.809e-05,7.0,2.0
3.8100000000000005e-05,7.0,2.0
3.811e-05,5.0,1.0
3.8119999999999994e-05,5.0,2.0
3.813e-05,6.0,2.0
3.814e-05,6.0,2.0
3.815e-05,6.0,2.0
3.816e-05,7.0,2.0
3.817e-05,7.0,2.0
3.818e-05,7.0,2.0
3.818999999999999e-05,8.0,3.0
3.820000000000001e-05,6.0,2.0
3.821e-05,7.0,1.0
3.8219999999999997e-05,8.0,2.0
3.823e-05,6.0,1.0
3.824e-05,6.0,0.0
3.825e-05,6.0,1.0
3.8259999999999996e-05,6.0,2.0
3.8270000000000005e-05,6.0,3.0
3.828e-05,7.0,2.0
3.829e-05,6.0,1.0
3.8299999999999996e-05,8.0,2.0
3.8310000000000004e-05,5.0,2.0
3.832e-05,5.0,2.0
3.8329999999999994e-05,6.0,3.0
3.834000000000001e-05,7.0,1.0
3.8350000000000004e-05,7.0,2.0
3.836e-05,6.0,3.0
3.8369999999999993e-05,4.0,2.0
3.838e-05,4.0,1.0
3.8390000000000003e-05,6.0,1.0
3.84e-05,4.0,2.0
3.841e-05,7.0,1.0
3.842e-05,5.0,1.0
3.8429999999999996e-05,7.0,2.0
3.844e-05,5.0,4.0
3.8450000000000006e-05,6.0,2.0
3.846e-05,6.0,2.0
3.8469999999999996e-05,6.0,2.0
3.848e-05,6.0,2.0
3.8490000000000006e-05,5.0,2.0
3.85e-05,6.0,3.0
3.8509999999999996e-05,5.0,2.0
3.8520000000000004e-05,8.0,3.0
3.853e-05,5.0,1.0
3.854e-05,7.0,2.0
3.8549999999999995e-05,7.0,1.0
3.8560000000000004e-05,7.0,2.0
3.857e-05,6.0,3.0
3.857999999999999e-05,7.0,2.0
3.859000000000001e-05,6.0,2.0
3.86e-05,5.0,2.0
3.861e-05,5.0,2.0
3.861999999999999e-05,5.0,2.0
3.863000000000001e-05,7.0,2.0
3.864e-05,4.0,1.0
3.865e-05,6.0,2.0
3.866e-05,6.0,1.0
3.867e-05,6.0,2.0
3.868e-05,6.0,2.0
3.869e-05,6.0,1.0
3.8700000000000006e-05,7.0,2.0
3.871e-05,7.0,1.0
3.8719999999999995e-05,6.0,1.0
3.873e-05,5.0,3.0
3.8740000000000005e-05,4.0,3.0
3.875e-05,7.0,2.0
3.8759999999999995e-05,4.0,1.0
3.877e-05,5.0,2.0
3.8780000000000005e-05,6.0,1.0
3.879e-05,4.0,2.0
3.8799999999999994e-05,7.0,1.0
3.881e-05,5.0,2.0
3.882e-05,5.0,2.0
3.883e-05,6.0,1.0
3.884000000000001e-05,6.0,2.0
3.885e-05,5.0,2.0
3.886e-05,5.0,3.0
3.886999999999999e-05,6.0,2.0
3.888000000000001e-05,6.0,1.0
3.889e-05,5.0,1.0
3.89e-05,7.0,2.0
3.890999999999999e-05,4.0,1.0
3.892e-05,4.0,2.0
3.893e-05,5.0,2.0
3.8939999999999996e-05,7.0,2.0
3.8950000000000005e-05,5.0,0.0
3.896e-05,5.0,2.0
3.8969999999999994e-05,5.0,1.0
3.8979999999999996e-05,6.0,1.0
3.8990000000000004e-05,5.0,2.0
3.9e-05,5.0,2.0
3.9009999999999994e-05,5.0,2.0
3.902000000000001e-05,5.0,2.0
3.9030000000000004e-05,4.0,4.0
3.904e-05,5.0,2.0
3.9049999999999994e-05,6.0,2.0
3.906e-05,5.0,2.0
3.9070000000000004e-05,7.0,1.0
3.908e-05,7.0,2.0
3.909000000000001e-05,6.0,2.0
3.91e-05,7.0,1.0
3.9109999999999997e-05,6.0,1.0
3.912e-05,6.0,2.0
3.9130000000000007e-05,6.0,1.0
3.914e-05,6.0,1.0
3.9149999999999996e-05,5.0,2.0
3.915999999999999e-05,4.0,2.0
3.9170000000000006e-05,5.0,1.0
3.918e-05,5.0,1.0
3.9189999999999996e-05,6.0,1.0
3.9200000000000004e-05,7.0,2.0
3.921e-05,8.0,2.0
3.922e-05,6.0,1.0
3.9229999999999995e-05,7.0,2.0
3.9240000000000004e-05,6.0,2.0
3.925e-05,7.0,1.0
3.9259999999999993e-05,7.0,2.0
3.927000000000001e-05,7.0,1.0
3.9280000000000003e-05,7.0,1.0
3.929e-05,6.0,1.0
3.929999999999999e-05,7.0,2.0
3.931e-05,6.0,1.0
3.932e-05,7.0,1.0
3.933e-05,6.0,2.0
3.934e-05,9.0,2.0
3.935e-05,7.0,2.0
3.9359999999999996e-05,7.0,3.0
3.937e-05,6.0,1.0
3.9380000000000006e-05,7.0,2.0
3.939e-05,7.0,2.0
3.9399999999999995e-05,7.0,1.0
3.940999999999999e-05,8.0,2.0
3.9420000000000005e-05,7.0,2.0
3.943e-05,7.0,2.0
3.9439999999999995e-05,8.0,3.0
3.9450000000000003e-05,7.0,2.0
3.9460000000000005e-05,6.0,1.0
3.947e-05,7.0,2.0
3.9479999999999995e-05,8.0,2.0
3.949e-05,7.0,2.0
3.95e-05,8.0,2.0
3.951e-05,8.0,2.0
3.952000000000001e-05,7.0,2.0
3.953e-05,8.0,2.0
3.954e-05,6.0,2.0
3.954999999999999e-05,7.0,2.0
3.956000000000001e-05,4.0,2.0
3.957e-05,7.0,2.0
3.958e-05,6.0,2.0
3.959e-05,7.0,3.0
3.96e-05,6.0,1.0
3.961e-05,8.0,2.0
3.962e-05,6.0,1.0
3.9630000000000005e-05,7.0,2.0
3.964e-05,8.0,1.0
3.9649999999999995e-05,7.0,2.0
3.9659999999999996e-05,6.0,2.0
3.9670000000000005e-05,7.0,1.0
3.968e-05,7.0,1.0
3.9689999999999994e-05,7.0,2.0
3.97e-05,7.0,1.0
3.9710000000000004e-05,7.0,1.0
3.972e-05,6.0,2.0
3.9729999999999994e-05,7.0,3.0
3.974e-05,6.0,3.0
3.9750000000000004e-05,7.0,1.0
3.976e-05,7.0,2.0
3.977e-05,8.0,2.0
3.978e-05,7.0,2.0
3.979e-05,8.0,1.0
3.98e-05,7.0,2.0
3.981000000000001e-05,8.0,1.0
3.982e-05,7.0,2.0
3.9829999999999996e-05,6.0,1.0
3.984e-05,8.0,1.0
3.9850000000000006e-05,7.0,2.0
3.986e-05,6.0,2.0
3.9869999999999996e-05,7.0,3.0
3.9880000000000004e-05,6.0,2.0
3.989e-05,6.0,2.0
3.99e-05,8.0,3.0
3.9909999999999996e-05,7.0,1.0
3.9920000000000004e-05,6.0,2.0
3.993e-05,6.0,1.0
3.9939999999999994e-05,7.0,2.0
3.995e-05,6.0,1.0
3.9960000000000004e-05,7.0,1.0
3.997e-05,7.0,2.0
3.997999999999999e-05,4.0,2.0
3.999e-05,6.0,3.0
4e-05,7.0,2.0
4.001e-05,7.0,1.0
4.002e-05,4.0,1.0
4.003e-05,7.0,1.0
4.0039999999999996e-05,5.0,2.0
4.005e-05,3.0,1.0
4.0060000000000006e-05,7.0,1.0
4.007e-05,5.0,3.0
4.0079999999999996e-05,8.0,2.0
4.009e-05,5.0,1.0
4.0100000000000006e-05,5.0,1.0
4.011e-05,5.0,3.0
4.0119999999999995e-05,7.0,2.0
4.0130000000000004e-05,5.0,2.0
4.0140000000000005e-05,6.0,2.0
4.015e-05,5.0,2.0
4.0159999999999995e-05,5.0,1.0
4.017e-05,6.0,1.0
4.018e-05,5.0,2.0
4.019e-05,6.0,2.0
4.02e-05,7.0,2.0
4.021e-05,7.0,0.0
4.022e-05,6.0,1.0
4.022999999999999e-05,5.0,2.0
4.024000000000001e-05,5.0,2.0
4.025e-05,3.0,2.0
4.026e-05,6.0,2.0
4.027e-05,7.0,2.0
4.028e-05,7.0,2.0
4.029e-05,6.0,2.0
4.03e-05,7.0,1.0
4.0310000000000005e-05,6.0,2.0
4.032e-05,6.0,0.0
4.0329999999999995e-05,7.0,2.0
4.0340000000000003e-05,6.0,2.0
4.0350000000000005e-05,8.0,3.0
4.036e-05,6.0,2.0
4.0369999999999995e-05,7.0,1.0
4.0379999999999996e-05,7.0,2.0
4.0390000000000005e-05,7.0,1.0
4.04e-05,6.0,1.0
4.0409999999999994e-05,5.0,3.0
4.042e-05,7.0,3.0
4.043e-05,8.0,2.0
4.044e-05,7.0,1.0
4.045e-05,5.0,2.0
4.046e-05,8.0,1.0
4.047e-05,6.0,1.0
4.047999999999999e-05,9.0,2.0
4.049000000000001e-05,7.0,2.0
4.05e-05,7.0,2.0
4.051e-05,6.0,2.0
4.052e-05,6.0,0.0
4.053000000000001e-05,8.0,3.0
4.054e-05,9.0,1.0
4.0549999999999996e-05,7.0,3.0
4.056e-05,6.0,2.0
4.057e-05,7.0,3.0
4.058e-05,8.0,2.0
4.059e-05,7.0,2.0
4.0600000000000004e-05,8.0,1.0
4.061e-05,7.0,2.0
4.0619999999999994e-05,7.0,1.0
4.063e-05,7.0,1.0
4.0640000000000004e-05,5.0,2.0
4.065e-05,7.0,2.0
4.0659999999999994e-05,6.0,2.0
4.067e-05,8.0,1.0
4.0680000000000004e-05,5.0,2.0
4.069e-05,7.0,2.0
4.07e-05,7.0,1.0
4.071e-05,7.0,2.0
4.0719999999999996e-05,7.0,2.0
4.073e-05,8.0,3.0
4.0740000000000006e-05,7.0,3.0
4.075e-05,7.0,2.0
4.0759999999999996e-05,7.0,1.0
4.077e-05,7.0,2.0
4.0780000000000006e-05,8.0,2.0
4.079e-05,6.0,1.0
4.0799999999999996e-05,7.0,1.0
4.081e-05,5.0,2.0
4.082e-05,7.0,1.0
4.083e-05,7.0,2.0
4.084e-05,7.0,1.0
4.0850000000000004e-05,7.0,1.0
4.086e-05,9.0,2.0
4.086999999999999e-05,6.0,2.0
4.088e-05,7.0,2.0
4.089e-05,7.0,2.0
4.09e-05,6.0,2.0
4.090999999999999e-05,7.0,2.0
4.092000000000001e-05,7.0,0.0
4.093e-05,7.0,1.0
4.094e-05,6.0,2.0
4.095e-05,7.0,0.0
4.096e-05,6.0,2.0
4.097e-05,5.0,1.0
4.098e-05,7.0,1.0
4.099e-05,8.0,1.0
4.1e-05,6.0,1.0
4.1009999999999995e-05,8.0,1.0
4.1020000000000004e-05,6.0,1.0
4.1030000000000005e-05,7.0,1.0
4.104e-05,7.0,1.0
4.1049999999999995e-05,7.0,2.0
4.1059999999999997e-05,7.0,1.0
4.1070000000000005e-05,7.0,2.0
4.108e-05,8.0,2.0
4.109e-05,7.0,2.0
4.11e-05,6.0,1.0
4.111e-05,6.0,0.0
4.112e-05,8.0,2.0
4.113e-05,7.0,2.0
4.114e-05,8.0,1.0
4.115e-05,7.0,1.0
4.115999999999999e-05,7.0,2.0
4.117e-05,7.0,1.0
4.118e-05,8.0,0.0
4.119e-05,7.0,1.0
4.12e-05,7.0,1.0
4.121000000000001e-05,8.0,1.0
4.122e-05,7.0,2.0
4.1229999999999997e-05,8.0,2.0
4.124e-05,6.0,2.0
4.125e-05,7.0,1.0
4.126e-05,8.0,1.0
4.127e-05,6.0,1.0
4.1280000000000005e-05,7.0,2.0
4.129e-05,7.0,2.0
4.1299999999999994e-05,5.0,2.0
4.131e-05,7.0,1.0
4.1320000000000004e-05,7.0,1.0
4.133e-05,7.0,2.0
4.134e-05,7.0,2.0
4.135e-05,6.0,1.0
4.1360000000000004e-05,8.0,3.0
4.137e-05,7.0,1.0
4.138e-05,7.0,0.0
4.139e-05,7.0,2.0
4.14e-05,6.0,1.0
4.141e-05,6.0,1.0
4.142e-05,6.0,0.0
4.143e-05,6.0,2.0
4.1439999999999996e-05,7.0,1.0
4.145e-05,7.0,2.0
4.1460000000000006e-05,7.0,3.0
4.147e-05,7.0,2.0
4.1479999999999996e-05,8.0,0.0
4.149e-05,7.0,1.0
4.15e-05,8.0,3.0
4.151e-05,8.0,1.0
4.152e-05,8.0,1.0
4.1530000000000004e-05,6.0,0.0
4.154e-05,7.0,2.0
4.1549999999999994e-05,7.0,2.0
4.156e-05,8.0,1.0
4.1570000000000003e-05,7.0,2.0
4.158e-05,6.0,1.0
4.159e-05,5.0,2.0
4.1599999999999995e-05,6.0,2.0
4.161e-05,9.0,2.0
4.162e-05,7.0,2.0
4.163e-05,6.0,2.0
4.164e-05,7.0,1.0
4.165e-05,6.0,2.0
4.166e-05,5.0,1.0
4.167e-05,8.0,2.0
4.168e-05,8.0,1.0
4.1689999999999996e-05,7.0,1.0
4.1700000000000004e-05,8.0,2.0
4.1710000000000006e-05,8.0,3.0
4.172e-05,7.0,3.0
4.1729999999999995e-05,7.0,2.0
4.174e-05,6.0,2.0
4.1750000000000005e-05,8.0,1.0
4.176e-05,7.0,2.0
4.177e-05,7.0,3.0
4.1779999999999996e-05,7.0,3.0
4.179e-05,7.0,1.0
4.18e-05,7.0,2.0
4.181e-05,7.0,2.0
4.182e-05,7.0,3.0
4.183e-05,6.0,3.0
4.184e-05,7.0,2.0
4.185e-05,6.0,3.0
4.186e-05,7.0,3.0
4.187e-05,7.0,1.0
4.188e-05,7.0,3.0
4.189e-05,8.0,3.0
4.19e-05,6.0,2.0
4.191e-05,9.0,1.0
4.192e-05,5.0,2.0
4.193e-05,7.0,2.0
4.1939999999999995e-05,7.0,1.0
4.195e-05,6.0,1.0
4.1960000000000005e-05,6.0,3.0
4.197e-05,6.0,1.0
4.1979999999999994e-05,7.0,2.0
4.199e-05,7.0,2.0
4.2000000000000004e-05,6.0,2.0
4.201e-05,6.0,1.0
4.202e-05,7.0,2.0
4.2029999999999996e-05,6.0,1.0
4.2040000000000004e-05,7.0,2.0
4.205e-05,7.0,1.0
4.206e-05,6.0,0.0
4.207e-05,7.0,2.0
4.208e-05,5.0,2.0
4.2090000000000005e-05,6.0,2.0
4.21e-05,6.0,1.0
4.211e-05,6.0,1.0
4.2119999999999997e-05,5.0,2.0
4.213e-05,6.0,3.0
4.2140000000000006e-05,6.0,0.0
4.215e-05,6.0,2.0
4.2159999999999996e-05,6.0,2.0
4.217e-05,7.0,1.0
4.218e-05,7.0,2.0
4.219e-05,5.0,2.0
4.22e-05,7.0,2.0
4.221e-05,4.0,1.0
4.222e-05,5.0,0.0
4.2229999999999994e-05,5.0,1.0
4.224e-05,4.0,2.0
4.2250000000000004e-05,7.0,2.0
4.226e-05,6.0,2.0
4.227e-05,6.0,1.0
4.2279999999999995e-05,5.0,2.0
4.229e-05,7.0,2.0
4.23e-05,6.0,1.0
4.231e-05,5.0,1.0
4.232e-05,5.0,2.0
4.2329999999999996e-05,5.0,1.0
4.2340000000000005e-05,4.0,2.0
4.235e-05,6.0,2.0
4.236e-05,7.0,1.0
4.2369999999999996e-05,6.0,2.0
4.2380000000000004e-05,6.0,2.0
4.239e-05,6.0,1.0
4.24e-05,6.0,3.0
4.2409999999999995e-05,5.0,2.0
4.242e-05,6.0,3.0
4.2430000000000005e-05,5.0,2.0
4.244e-05,6.0,2.0
4.245e-05,6.0,2.0
4.246e-05,5.0,4.0
4.247e-05,5.0,1.0
4.248e-05,6.0,1.0
4.249e-05,6.0,2.0
4.25e-05,6.0,2.0
4.251e-05,6.0,3.0
4.252e-05,6.0,2.0
4.253e-05,5.0,2.0
4.254e-05,4.0,1.0
4.255e-05,6.0,2.0
4.256e-05,5.0,1.0
4.257e-05,6.0,2.0
4.258e-05,6.0,1.0
4.2590000000000004e-05,6.0,2.0
4.26e-05,8.0,3.0
4.261e-05,6.0,1.0
4.2619999999999995e-05,4.0,2.0
4.2630000000000004e-05,5.0,2.0
4.264e-05,5.0,1.0
4.265e-05,5.0,1.0
4.2659999999999995e-05,7.0,2.0
4.2669999999999996e-05,6.0,2.0
4.2680000000000005e-05,5.0,1.0
4.269e-05,5.0,1.0
4.27e-05,6.0,1.0
4.2709999999999996e-05,3.0,1.0
4.2720000000000004e-05,4.0,3.0
4.273e-05,5.0,2.0
4.274e-05,5.0,1.0
4.275e-05,5.0,2.0
4.276e-05,5.0,1.0
4.2770000000000006e-05,5.0,2.0
4.278e-05,5.0,2.0
4.279e-05,3.0,2.0
4.28e-05,6.0,1.0
4.281e-05,6.0,1.0
4.282e-05,6.0,2.0
4.283e-05,6.0,1.0
4.284e-05,5.0,2.0
4.285e-05,5.0,1.0
4.286e-05,5.0,2.0
4.287e-05,4.0,1.0
4.288e-05,4.0,1.0
4.289e-05,4.0,1.0
4.29e-05,5.0,1.0
4.2909999999999994e-05,5.0,2.0
4.292e-05,5.0,2.0
4.2930000000000004e-05,6.0,2.0
4.294e-05,6.0,1.0
4.295e-05,6.0,2.0
4.2959999999999995e-05,6.0,2.0
4.2970000000000004e-05,7.0,1.0
4.298e-05,6.0,2.0
4.299e-05,5.0,1.0
4.2999999999999995e-05,6.0,2.0
4.3009999999999996e-05,6.0,1.0
4.3020000000000005e-05,7.0,1.0
4.303e-05,5.0,2.0
4.304e-05,5.0,4.0
4.3049999999999996e-05,6.0,1.0
4.306e-05,6.0,2.0
4.307e-05,4.0,0.0
4.308e-05,5.0,2.0
4.309e-05,6.0,0.0
4.31e-05,5.0,2.0
4.3110000000000006e-05,6.0,4.0
4.312e-05,6.0,2.0
4.313e-05,6.0,2.0
4.314e-05,5.0,1.0
4.315e-05,5.0,3.0
4.316e-05,5.0,2.0
4.317e-05,5.0,1.0
4.318e-05,7.0,2.0
4.319e-05,5.0,1.0
4.32e-05,6.0,1.0
4.321e-05,6.0,2.0
4.322e-05,6.0,1.0
4.323e-05,6.0,1.0
4.324e-05,6.0,2.0
4.3249999999999994e-05,4.0,2.0
4.326e-05,5.0,2.0
4.3270000000000004e-05,5.0,1.0
4.328e-05,6.0,3.0
4.329e-05,5.0,2.0
4.3299999999999995e-05,6.0,2.0
4.3310000000000004e-05,5.0,1.0
4.332e-05,5.0,1.0
4.333e-05,4.0,2.0
4.334e-05,5.0,2.0
4.3349999999999997e-05,4.0,2.0
4.3360000000000005e-05,5.0,3.0
4.337e-05,6.0,1.0
4.338e-05,6.0,1.0
4.3389999999999996e-05,5.0,2.0
4.34e-05,6.0,2.0
4.341e-05,5.0,0.0
4.342e-05,6.0,1.0
4.3429999999999996e-05,5.0,1.0
4.344e-05,4.0,2.0
4.3450000000000006e-05,3.0,1.0
4.346e-05,5.0,2.0
4.347e-05,4.0,0.0
4.348e-05,5.0,2.0
4.349e-05,4.0,1.0
4.35e-05,6.0,2.0
4.351e-05,5.0,1.0
4.3520000000000003e-05,5.0,2.0
4.353e-05,6.0,1.0
4.354e-05,6.0,2.0
4.355e-05,5.0,1.0
4.356e-05,5.0,1.0
4.357e-05,5.0,2.0
4.358e-05,5.0,2.0
4.359e-05,5.0,1.0
4.36e-05,4.0,2.0
4.361e-05,2.0,2.0
4.362e-05,4.0,3.0
4.363e-05,5.0,2.0
4.3639999999999996e-05,4.0,1.0
4.3650000000000004e-05,6.0,1.0
4.366e-05,6.0,1.0
4.367e-05,6.0,0.0
4.3679999999999995e-05,6.0,1.0
4.369e-05,7.0,2.0
4.3700000000000005e-05,7.0,1.0
4.371e-05,6.0,2.0
4.372e-05,6.0,2.0
4.3729999999999996e-05,6.0,2.0
4.374e-05,7.0,3.0
4.375e-05,6.0,1.0
4.376e-05,6.0,1.0
4.377e-05,6.0,2.0
4.378e-05,6.0,2.0
4.379e-05,6.0,2.0
4.38e-05,5.0,1.0
4.381e-05,4.0,2.0
4.382e-05,5.0,1.0
4.383e-05,2.0,2.0
4.384000000000001e-05,5.0,1.0
4.385e-05,5.0,3.0
4.386e-05,5.0,1.0
4.387e-05,4.0,0.0
4.388e-05,7.0,1.0
4.389e-05,6.0,1.0
4.39e-05,7.0,2.0
4.391e-05,6.0,1.0
4.392e-05,7.0,0.0
4.3929999999999994e-05,6.0,1.0
4.394e-05,6.0,2.0
4.3950000000000004e-05,7.0,0.0
4.396e-05,5.0,2.0
4.397e-05,6.0,3.0
4.3979999999999996e-05,6.0,1.0
4.3990000000000004e-05,6.0,3.0
4.4e-05,6.0,2.0
4.401e-05,7.0,2.0
4.402e-05,7.0,1.0
4.403e-05,7.0,2.0
4.404e-05,6.0,2.0
4.405e-05,6.0,2.0
4.406e-05,5.0,2.0
4.4069999999999996e-05,5.0,1.0
4.408e-05,6.0,2.0
4.4090000000000006e-05,6.0,2.0
4.41e-05,6.0,3.0
4.4109999999999996e-05,7.0,1.0
4.412e-05,6.0,2.0
4.413e-05,4.0,2.0
4.414e-05,4.0,3.0
4.415e-05,6.0,1.0
4.416e-05,6.0,1.0
4.417e-05,5.0,2.0
4.4179999999999994e-05,5.0,1.0
4.419e-05,8.0,2.0
4.4200000000000004e-05,6.0,1.0
4.421e-05,5.0,2.0
4.421999999999999e-05,6.0,0.0
4.423e-05,6.0,2.0
4.424e-05,4.0,2.0
4.425e-05,6.0,3.0
4.426e-05,6.0,1.0
4.427e-05,6.0,1.0
4.428e-05,6.0,2.0
4.429e-05,5.0,1.0
4.43e-05,8.0,0.0
4.431e-05,7.0,1.0
4.4319999999999996e-05,3.0,1.0
4.4330000000000004e-05,9.0,1.0
4.4340000000000006e-05,6.0,2.0
4.435e-05,8.0,0.0
4.4359999999999995e-05,7.0,0.0
4.437e-05,8.0,2.0
4.4380000000000005e-05,6.0,2.0
4.439e-05,4.0,2.0
4.44e-05,8.0,1.0
4.441e-05,5.0,2.0
4.442e-05,5.0,2.0
4.443e-05,7.0,1.0
4.444e-05,7.0,2.0
4.445e-05,5.0,2.0
4.446e-05,6.0,2.0
4.446999999999999e-05,6.0,2.0
4.448e-05,8.0,2.0
4.449e-05,5.0,3.0
4.45e-05,5.0,2.0
4.451e-05,6.0,2.0
4.452e-05,6.0,2.0
4.453e-05,7.0,1.0
4.454e-05,6.0,2.0
4.455e-05,6.0,2.0
4.456e-05,8.0,2.0
4.457e-05,7.0,2.0
4.4580000000000003e-05,7.0,4.0
4.4590000000000005e-05,5.0,2.0
4.46e-05,6.0,2.0
4.4609999999999995e-05,5.0,3.0
4.462e-05,7.0,2.0
4.4630000000000005e-05,7.0,2.0
4.464e-05,6.0,1.0
4.4649999999999994e-05,7.0,2.0
4.4659999999999996e-05,7.0,1.0
4.4670000000000004e-05,7.0,2.0
4.468e-05,6.0,1.0
4.469e-05,8.0,2.0
4.47e-05,6.0,2.0
4.471e-05,8.0,1.0
4.472e-05,7.0,1.0
4.473e-05,6.0,2.0
4.474e-05,4.0,3.0
4.475e-05,7.0,1.0
4.476e-05,6.0,2.0
4.477000000000001e-05,7.0,0.0
4.478e-05,8.0,3.0
4.4789999999999996e-05,6.0,3.0
4.48e-05,7.0,0.0
4.481e-05,6.0,1.0
4.482e-05,6.0,2.0
4.4829999999999996e-05,8.0,3.0
4.4840000000000004e-05,7.0,2.0
4.485e-05,7.0,0.0
4.4859999999999994e-05,7.0,2.0
4.487e-05,7.0,1.0
4.4880000000000004e-05,7.0,2.0
4.489e-05,7.0,1.0
4.4899999999999994e-05,7.0,0.0
4.4909999999999995e-05,7.0,2.0
4.4920000000000004e-05,4.0,3.0
4.493e-05,7.0,2.0
4.494e-05,7.0,2.0
4.495e-05,6.0,3.0
4.496e-05,7.0,2.0
4.497e-05,7.0,1.0
4.498e-05,7.0,3.0
4.499e-05,7.0,3.0
4.4999999999999996e-05,8.0,2.0
4.5010000000000004e-05,7.0,2.0
4.5020000000000006e-05,7.0,2.0
4.503e-05,7.0,0.0
4.5039999999999996e-05,7.0,1.0
4.505e-05,6.0,2.0
4.5060000000000006e-05,7.0,2.0
4.507e-05,7.0,3.0
4.5079999999999995e-05,7.0,2.0
4.5090000000000004e-05,8.0,2.0
4.51e-05,7.0,1.0
4.511e-05,7.0,2.0
4.512e-05,7.0,1.0
4.513e-05,7.0,1.0
4.514e-05,7.0,2.0
4.514999999999999e-05,7.0,3.0
4.516e-05,6.0,2.0
4.517e-05,7.0,1.0
4.518e-05,7.0,3.0
4.519e-05,7.0,1.0
4.52e-05,6.0,1.0
4.521e-05,6.0,3.0
4.522e-05,7.0,2.0
4.523e-05,6.0,2.0
4.524e-05,8.0,2.0
4.5249999999999995e-05,8.0,3.0
4.526e-05,7.0,1.0
4.5270000000000005e-05,5.0,2.0
4.528e-05,7.0,2.0
4.5289999999999995e-05,5.0,1.0
4.53e-05,7.0,3.0
4.5310000000000005e-05,7.0,2.0
4.532e-05,7.0,2.0
4.5329999999999995e-05,7.0,2.0
4.534e-05,7.0,2.0
4.5350000000000005e-05,6.0,2.0
4.536e-05,7.0,1.0
4.537e-05,7.0,2.0
4.538e-05,6.0,2.0
4.539e-05,6.0,2.0
4.54e-05,7.0,2.0
4.541e-05,7.0,1.0
4.542e-05,7.0,2.0
4.543e-05,6.0,2.0
4.543999999999999e-05,7.0,1.0
4.545000000000001e-05,7.0,2.0
4.546e-05,7.0,2.0
4.547e-05,6.0,1.0
4.548e-05,6.0,2.0
4.549e-05,6.0,2.0
4.55e-05,6.0,2.0
4.5509999999999996e-05,6.0,2.0
4.5520000000000005e-05,6.0,2.0
4.553e-05,6.0,2.0
4.5539999999999994e-05,6.0,2.0
4.555e-05,6.0,2.0
4.5560000000000004e-05,6.0,2.0
4.557e-05,7.0,3.0
4.5579999999999994e-05,6.0,1.0
4.559e-05,6.0,1.0
4.5600000000000004e-05,8.0,2.0
4.561e-05,6.0,2.0
4.562e-05,7.0,3.0
4.563e-05,7.0,1.0
4.564e-05,6.0,2.0
4.565e-05,6.0,1.0
4.566e-05,7.0,2.0
4.567e-05,7.0,2.0
4.5679999999999996e-05,7.0,2.0
4.568999999999999e-05,7.0,2.0
4.5700000000000006e-05,6.0,2.0
4.571e-05,7.0,0.0
4.5719999999999996e-05,8.0,2.0
4.573e-05,6.0,1.0
4.5740000000000006e-05,7.0,1.0
4.575e-05,6.0,2.0
4.5759999999999996e-05,4.0,2.0
4.5770000000000004e-05,5.0,1.0
4.578e-05,7.0,2.0
4.579e-05,8.0,2.0
4.58e-05,5.0,1.0
4.5810000000000004e-05,4.0,2.0
4.582e-05,8.0,1.0
4.582999999999999e-05,8.0,1.0
4.584000000000001e-05,9.0,2.0
4.585e-05,7.0,2.0
4.586e-05,7.0,2.0
4.586999999999999e-05,7.0,2.0
4.588e-05,6.0,2.0
4.589e-05,7.0,2.0
4.59e-05,7.0,2.0
4.591e-05,5.0,2.0
4.592e-05,7.0,1.0
4.5929999999999996e-05,6.0,2.0
4.594e-05,4.0,1.0
4.5950000000000006e-05,6.0,2.0
4.596e-05,5.0,2.0
4.5969999999999995e-05,5.0,2.0
4.598e-05,7.0,2.0
4.5990000000000005e-05,6.0,2.0
4.6e-05,6.0,0.0
4.6009999999999995e-05,6.0,1.0
4.602e-05,5.0,1.0
4.6030000000000005e-05,8.0,0.0
4.604e-05,5.0,2.0
4.6049999999999994e-05,6.0,2.0
4.606e-05,5.0,0.0
4.607e-05,7.0,1.0
4.608e-05,6.0,0.0
4.609000000000001e-05,6.0,1.0
4.61e-05,5.0,1.0
4.611e-05,6.0,2.0
4.611999999999999e-05,6.0,2.0
4.613000000000001e-05,7.0,1.0
4.614e-05,5.0,3.0
4.615e-05,7.0,2.0
4.616e-05,6.0,2.0
4.617e-05,7.0,2.0
4.618e-05,5.0,1.0
4.6189999999999997e-05,6.0,2.0
4.6200000000000005e-05,8.0,1.0
4.621e-05,6.0,1.0
4.6219999999999995e-05,8.0,1.0
4.623e-05,7.0,2.0
4.6240000000000005e-05,7.0,2.0
4.625e-05,5.0,2.0
4.6259999999999994e-05,7.0,2.0
4.627e-05,5.0,2.0
4.6280000000000004e-05,5.0,2.0
4.629e-05,6.0,1.0
4.6299999999999994e-05,7.0,1.0
4.631e-05,8.0,2.0
4.632e-05,7.0,1.0
4.633e-05,7.0,0.0
4.634000000000001e-05,5.0,2.0
4.635e-05,6.0,2.0
4.6359999999999997e-05,4.0,2.0
4.636999999999999e-05,7.0,2.0
4.6380000000000007e-05,4.0,2.0
4.639e-05,6.0,1.0
4.6399999999999996e-05,4.0,2.0
4.641e-05,6.0,1.0
4.6420000000000006e-05,6.0,2.0
4.643e-05,4.0,2.0
4.6439999999999996e-05,7.0,2.0
4.6450000000000004e-05,6.0,2.0
4.646e-05,7.0,2.0
4.647e-05,6.0,1.0
4.6479999999999995e-05,7.0,2.0
4.6490000000000004e-05,6.0,1.0
4.65e-05,8.0,2.0
4.6509999999999993e-05,5.0,2.0
4.652000000000001e-05,7.0,2.0
4.6530000000000003e-05,7.0,2.0
4.654e-05,6.0,2.0
4.654999999999999e-05,7.0,1.0
4.656e-05,5.0,2.0
4.657e-05,5.0,2.0
4.658e-05,6.0,2.0
4.6590000000000006e-05,6.0,0.0
4.66e-05,5.0,3.0
4.6609999999999996e-05,6.0,3.0
4.662e-05,7.0,2.0
4.6630000000000006e-05,7.0,2.0
4.664e-05,5.0,2.0
4.6649999999999996e-05,7.0,0.0
4.665999999999999e-05,6.0,1.0
4.6670000000000005e-05,6.0,1.0
4.668e-05,7.0,2.0
4.6689999999999995e-05,7.0,2.0
4.6700000000000003e-05,6.0,2.0
4.671e-05,6.0,2.0
4.672e-05,7.0,1.0
4.6729999999999995e-05,6.0,2.0
4.674e-05,6.0,1.0
4.675e-05,7.0,2.0
4.675999999999999e-05,7.0,1.0
4.677000000000001e-05,7.0,2.0
4.678e-05,7.0,3.0
4.679e-05,7.0,2.0
4.679999999999999e-05,6.0,2.0
4.681000000000001e-05,7.0,2.0
4.682e-05,6.0,2.0
4.683e-05,6.0,3.0
4.6840000000000006e-05,9.0,3.0
4.685e-05,7.0,2.0
4.686e-05,7.0,2.0
4.687e-05,7.0,2.0
4.6880000000000005e-05,7.0,2.0
4.689e-05,6.0,3.0
4.6899999999999995e-05,7.0,1.0
4.6909999999999996e-05,4.0,2.0
4.6920000000000005e-05,6.0,3.0
4.693e-05,7.0,3.0
4.6939999999999994e-05,6.0,4.0
4.695e-05,7.0,3.0
4.6960000000000004e-05,6.0,3.0
4.697e-05,6.0,3.0
4.6979999999999994e-05,8.0,2.0
4.699e-05,8.0,3.0
4.7e-05,6.0,2.0
4.701e-05,8.0,4.0
4.702000000000001e-05,7.0,3.0
4.703e-05,8.0,3.0
4.704e-05,8.0,3.0
4.704999999999999e-05,7.0,3.0
4.706000000000001e-05,6.0,2.0
4.707e-05,7.0,2.0
4.7079999999999996e-05,7.0,2.0
4.7090000000000005e-05,5.0,2.0
4.71e-05,5.0,1.0
4.711e-05,7.0,2.0
4.7119999999999996e-05,5.0,5.0
4.7130000000000004e-05,6.0,2.0
4.714e-05,6.0,3.0
4.7149999999999994e-05,7.0,1.0
4.7159999999999996e-05,6.0,3.0
4.7170000000000004e-05,7.0,4.0
4.718e-05,6.0,3.0
4.7189999999999994e-05,8.0,3.0
4.720000000000001e-05,6.0,3.0
4.7210000000000004e-05,7.0,3.0
4.722e-05,6.0,2.0
4.722999999999999e-05,7.0,2.0
4.724e-05,7.0,3.0
4.725e-05,5.0,3.0
4.726e-05,5.0,2.0
4.7270000000000007e-05,5.0,3.0
4.728e-05,6.0,3.0
4.7289999999999996e-05,5.0,3.0
4.73e-05,6.0,2.0
4.7310000000000006e-05,5.0,3.0
4.732e-05,6.0,2.0
4.7329999999999996e-05,5.0,2.0
4.734e-05,6.0,3.0
4.7350000000000006e-05,6.0,2.0
4.736e-05,5.0,3.0
4.7369999999999995e-05,7.0,2.0
4.7380000000000004e-05,4.0,2.0
4.739e-05,5.0,3.0
4.74e-05,5.0,3.0
4.7409999999999995e-05,6.0,3.0
4.742e-05,5.0,2.0
4.743e-05,5.0,3.0
4.743999999999999e-05,4.0,2.0
4.745000000000001e-05,6.0,1.0
4.746e-05,3.0,3.0
4.747e-05,6.0,3.0
4.747999999999999e-05,7.0,1.0
4.749000000000001e-05,6.0,2.0
4.75e-05,6.0,2.0
4.751e-05,6.0,3.0
4.752e-05,5.0,4.0
4.753e-05,7.0,1.0
4.754e-05,6.0,3.0
4.755e-05,7.0,5.0
4.7560000000000005e-05,8.0,3.0
4.757e-05,6.0,3.0
4.7579999999999995e-05,6.0,3.0
4.7590000000000003e-05,6.0,3.0
4.7600000000000005e-05,6.0,4.0
4.761e-05,7.0,2.0
4.7619999999999995e-05,7.0,3.0
4.763e-05,6.0,2.0
4.7640000000000005e-05,6.0,2.0
4.765e-05,8.0,1.0
4.7659999999999994e-05,8.0,3.0
4.767e-05,7.0,2.0
4.768e-05,8.0,1.0
4.769e-05,7.0,1.0
4.770000000000001e-05,6.0,3.0
4.771e-05,7.0,2.0
4.772e-05,6.0,4.0
4.772999999999999e-05,7.0,3.0
4.774000000000001e-05,7.0,2.0
4.775e-05,7.0,1.0
4.776e-05,7.0,2.0
4.777e-05,7.0,1.0
4.778e-05,6.0,2.0
4.779e-05,7.0,1.0
4.7799999999999996e-05,5.0,2.0
4.7810000000000005e-05,6.0,1.0
4.782e-05,7.0,2.0
4.7829999999999994e-05,7.0,2.0
4.784e-05,6.0,1.0
4.7850000000000004e-05,7.0,3.0
4.786e-05,5.0,0.0
4.7869999999999994e-05,5.0,2.0
4.788000000000001e-05,7.0,2.0
4.7890000000000004e-05,7.0,2.0
4.79e-05,6.0,2.0
4.7909999999999994e-05,8.0,2.0
4.792e-05,7.0,2.0
4.7930000000000004e-05,8.0,2.0
4.794e-05,4.0,1.0
4.795e-05,6.0,2.0
4.796e-05,6.0,0.0
4.7969999999999996e-05,7.0,2.0
4.798e-05,6.0,1.0
4.7990000000000006e-05,6.0,2.0
4.8e-05,6.0,3.0
4.8009999999999996e-05,6.0,2.0
4.802e-05,5.0,2.0
4.8030000000000006e-05,6.0,2.0
4.804e-05,6.0,1.0
4.8049999999999996e-05,7.0,1.0
4.8060000000000004e-05,6.0,2.0
4.807e-05,5.0,0.0
4.808e-05,7.0,2.0
4.809e-05,6.0,2.0
4.8100000000000004e-05,6.0,3.0
4.811e-05,6.0,1.0
4.811999999999999e-05,7.0,3.0
4.813e-05,7.0,2.0
4.814e-05,7.0,2.0
4.815e-05,8.0,1.0
4.815999999999999e-05,8.0,1.0
4.817e-05,7.0,2.0
4.818e-05,5.0,1.0
4.819e-05,7.0,2.0
4.82e-05,7.0,2.0
4.821e-05,7.0,2.0
4.8219999999999996e-05,7.0,2.0
4.823e-05,6.0,1.0
4.8240000000000006e-05,6.0,1.0
4.825e-05,5.0,2.0
4.8259999999999995e-05,6.0,2.0
4.8270000000000004e-05,6.0,1.0
4.8280000000000005e-05,4.0,1.0
4.829e-05,6.0,1.0
4.8299999999999995e-05,7.0,1.0
4.831e-05,6.0,1.0
4.8320000000000005e-05,4.0,2.0
4.833e-05,6.0,1.0
4.834e-05,4.0,2.0
4.835e-05,6.0,1.0
4.836e-05,7.0,2.0
4.837e-05,7.0,2.0
4.838e-05,6.0,3.0
4.839e-05,4.0,0.0
4.84e-05,7.0,2.0
4.840999999999999e-05,7.0,2.0
4.842000000000001e-05,6.0,2.0
4.843e-05,7.0,1.0
4.844e-05,7.0,1.0
4.845e-05,7.0,1.0
4.846e-05,5.0,1.0
4.847e-05,7.0,1.0
4.848e-05,5.0,1.0
4.8490000000000005e-05,6.0,2.0
4.85e-05,7.0,2.0
4.8509999999999995e-05,7.0,1.0
4.852e-05,6.0,2.0
4.8530000000000005e-05,6.0,2.0
4.854e-05,7.0,1.0
4.8549999999999994e-05,5.0,1.0
4.8559999999999996e-05,7.0,1.0
4.8570000000000004e-05,6.0,3.0
4.858e-05,5.0,1.0
4.859e-05,5.0,1.0
4.86e-05,5.0,2.0
4.861e-05,7.0,0.0
4.862e-05,6.0,1.0
4.863e-05,5.0,2.0
4.864e-05,6.0,2.0
4.865e-05,4.0,2.0
4.866e-05,6.0,1.0
4.867000000000001e-05,6.0,2.0
4.868e-05,5.0,1.0
4.8689999999999996e-05,7.0,2.0
4.87e-05,6.0,2.0
4.8710000000000006e-05,5.0,2.0
4.872e-05,6.0,3.0
4.8729999999999996e-05,6.0,2.0
4.874e-05,7.0,2.0
4.875e-05,6.0,2.0
4.876e-05,6.0,1.0
4.877e-05,6.0,2.0
4.8780000000000004e-05,5.0,1.0
4.879e-05,6.0,1.0
4.8799999999999994e-05,6.0,1.0
4.881e-05,5.0,1.0
4.8820000000000004e-05,6.0,2.0
4.883e-05,8.0,3.0
4.884e-05,7.0,1.0
4.885e-05,7.0,1.0
4.886e-05,6.0,2.0
4.887e-05,6.0,0.0
4.888e-05,6.0,2.0
4.889e-05,7.0,2.0
4.8899999999999996e-05,6.0,1.0
4.891e-05,4.0,1.0
4.8920000000000006e-05,5.0,1.0
4.893e-05,6.0,2.0
4.8939999999999996e-05,7.0,1.0
4.895e-05,6.0,3.0
4.8960000000000006e-05,5.0,3.0
4.897e-05,6.0,1.0
4.8979999999999995e-05,7.0,3.0
4.899e-05,5.0,2.0
4.9000000000000005e-05,6.0,3.0
4.901e-05,5.0,1.0
4.902e-05,6.0,0.0
4.903e-05,7.0,2.0
4.904e-05,7.0,3.0
4.905e-05,6.0,3.0
4.906e-05,6.0,2.0
4.907e-05,3.0,2.0
4.908e-05,7.0,1.0
4.909e-05,7.0,3.0
4.910000000000001e-05,7.0,3.0
4.911e-05,6.0,3.0
4.912e-05,6.0,2.0
4.913e-05,4.0,3.0
4.914e-05,9.0,3.0
4.915e-05,7.0,2.0
4.916e-05,7.0,3.0
4.917e-05,7.0,2.0
4.918e-05,6.0,2.0
4.9189999999999995e-05,4.0,2.0
4.92e-05,7.0,3.0
4.9210000000000005e-05,6.0,2.0
4.922e-05,5.0,3.0
4.9229999999999995e-05,7.0,2.0
4.9239999999999996e-05,8.0,3.0
4.9250000000000004e-05,5.0,3.0
4.926e-05,5.0,4.0
4.927e-05,5.0,2.0
4.928e-05,6.0,2.0
4.929e-05,6.0,2.0
4.93e-05,6.0,3.0
4.931e-05,8.0,2.0
4.932e-05,6.0,2.0
4.933e-05,5.0,3.0
4.934e-05,6.0,3.0
4.935e-05,5.0,3.0
4.936e-05,5.0,3.0
4.9369999999999997e-05,6.0,3.0
4.938e-05,7.0,2.0
4.9390000000000007e-05,5.0,3.0
4.94e-05,4.0,3.0
4.9409999999999996e-05,6.0,4.0
4.942e-05,7.0,3.0
4.943e-05,7.0,3.0
4.944e-05,8.0,4.0
4.945e-05,8.0,2.0
4.9460000000000004e-05,5.0,3.0
4.947e-05,5.0,3.0
4.9479999999999994e-05,6.0,3.0
4.949e-05,6.0,2.0
4.9500000000000004e-05,5.0,3.0
4.951e-05,8.0,2.0
4.952e-05,6.0,3.0
4.953e-05,5.0,2.0
4.9540000000000003e-05,6.0,4.0
4.955e-05,4.0,2.0
4.956e-05,5.0,2.0
4.957e-05,6.0,4.0
4.9579999999999996e-05,7.0,4.0
4.9590000000000005e-05,6.0,4.0
4.96e-05,7.0,2.0
4.961e-05,4.0,2.0
4.9619999999999996e-05,7.0,4.0
4.963e-05,7.0,4.0
4.9640000000000006e-05,6.0,4.0
4.965e-05,6.0,3.0
4.9659999999999995e-05,6.0,1.0
4.967e-05,6.0,3.0
4.968e-05,8.0,3.0
4.969e-05,7.0,4.0
4.97e-05,5.0,3.0
4.9710000000000003e-05,6.0,3.0
4.972e-05,5.0,2.0
4.972999999999999e-05,7.0,2.0
4.974e-05,9.0,2.0
4.975e-05,6.0,2.0
4.976e-05,5.0,3.0
4.977e-05,6.0,1.0
4.978e-05,5.0,3.0
4.979e-05,7.0,2.0
4.98e-05,6.0,3.0
4.981e-05,6.0,3.0
4.982e-05,9.0,1.0
4.983e-05,6.0,2.0
4.9840000000000004e-05,5.0,2.0
4.985e-05,7.0,1.0
4.986e-05,6.0,2.0
4.9869999999999995e-05,7.0,1.0
4.9880000000000004e-05,6.0,1.0
4.9890000000000005e-05,7.0,3.0
4.99e-05,8.0,2.0
4.9909999999999995e-05,7.0,1.0
4.9919999999999996e-05,6.0,2.0
4.9930000000000005e-05,9.0,3.0
4.994e-05,6.0,1.0
4.995e-05,7.0,1.0
4.9959999999999996e-05,6.0,1.0
4.997e-05,8.0,2.0
4.998e-05,7.0,4.0
4.999e-05,6.0,3.0
5e-05,7.0,3.0
5.001e-05,6.0,3.0
5.002e-05,5.0,3.0
5.003e-05,6.0,2.0
5.004e-05,6.0,2.0
5.005e-05,6.0,2.0
5.006e-05,9.0,3.0
5.007e-05,7.0,4.0
5.008e-05,6.0,3.0
5.009e-05,7.0,3.0
5.01e-05,8.0,2.0
5.011e-05,7.0,2.0
5.012e-05,7.0,2.0
5.013e-05,6.0,2.0
5.0140000000000004e-05,5.0,4.0
5.015e-05,7.0,4.0
5.0159999999999994e-05,5.0,2.0
5.017e-05,6.0,2.0
5.0180000000000004e-05,6.0,1.0
5.019e-05,6.0,3.0
5.02e-05,9.0,2.0
5.0209999999999995e-05,8.0,2.0
5.0220000000000004e-05,7.0,3.0
5.023e-05,8.0,3.0
5.024e-05,6.0,2.0
5.025e-05,7.0,2.0
5.0259999999999997e-05,7.0,3.0
5.0270000000000005e-05,7.0,4.0
5.028e-05,8.0,2.0
5.029e-05,8.0,3.0
5.0299999999999996e-05,7.0,3.0
5.031e-05,7.0,2.0
5.0320000000000006e-05,7.0,1.0
5.033e-05,7.0,3.0
5.034e-05,6.0,3.0
5.035e-05,8.0,3.0
5.036e-05,6.0,2.0
5.037e-05,6.0,2.0
5.038e-05,4.0,2.0
5.039e-05,6.0,3.0
5.04e-05,5.0,2.0
5.0409999999999993e-05,6.0,3.0
5.042e-05,6.0,2.0
5.043e-05,5.0,3.0
5.044e-05,5.0,2.0
5.045e-05,4.0,2.0
5.0459999999999995e-05,7.0,2.0
5.047e-05,8.0,3.0
5.048e-05,6.0,2.0
5.049e-05,6.0,2.0
5.05e-05,7.0,2.0
5.051e-05,7.0,1.0
5.0520000000000004e-05,7.0,2.0
5.053e-05,8.0,1.0
5.054e-05,8.0,1.0
5.0549999999999995e-05,7.0,1.0
5.0560000000000004e-05,6.0,1.0
5.057e-05,8.0,4.0
5.058e-05,7.0,3.0
5.059e-05,8.0,4.0
5.06e-05,8.0,3.0
5.0610000000000005e-05,7.0,1.0
5.062e-05,6.0,2.0
5.063e-05,8.0,3.0
5.0639999999999996e-05,7.0,2.0
5.065e-05,9.0,1.0
5.066e-05,7.0,2.0
5.067e-05,7.0,1.0
5.068e-05,8.0,3.0
5.069e-05,8.0,3.0
5.07e-05,7.0,2.0
5.071e-05,8.0,2.0
5.072e-05,6.0,3.0
5.073e-05,6.0,2.0
5.074e-05,6.0,1.0
5.075e-05,4.0,2.0
5.076e-05,7.0,2.0
5.0770000000000003e-05,6.0,1.0
5.078e-05,5.0,2.0
5.079e-05,8.0,2.0
5.0799999999999995e-05,8.0,1.0
5.081e-05,7.0,3.0
5.082e-05,8.0,2.0
5.083e-05,7.0,4.0
5.084e-05,8.0,3.0
5.085e-05,8.0,2.0
5.0860000000000004e-05,7.0,3.0
5.087e-05,7.0,0.0
5.088e-05,5.0,3.0
5.0889999999999996e-05,6.0,3.0
5.0900000000000004e-05,8.0,3.0
5.091e-05,8.0,2.0
5.092e-05,9.0,2.0
5.093e-05,8.0,2.0
5.094e-05,4.0,2.0
5.0950000000000005e-05,7.0,2.0
5.096e-05,8.0,2.0
5.097e-05,6.0,3.0
5.0979999999999996e-05,7.0,2.0
5.099e-05,4.0,2.0
5.1e-05,6.0,2.0
5.101e-05,6.0,3.0
5.102e-05,4.0,2.0
5.103e-05,7.0,3.0
5.104e-05,8.0,2.0
5.105e-05,6.0,3.0
5.106e-05,7.0,3.0
5.107e-05,6.0,1.0
5.108e-05,5.0,1.0
5.109e-05,6.0,2.0
5.11e-05,5.0,2.0
5.1110000000000004e-05,6.0,3.0
5.112e-05,6.0,3.0
5.113e-05,6.0,2.0
5.1139999999999995e-05,4.0,2.0
5.115e-05,5.0,2.0
5.116e-05,5.0,3.0
5.117e-05,6.0,3.0
5.1179999999999994e-05,6.0,3.0
5.1189999999999996e-05,3.0,1.0
5.1200000000000004e-05,4.0,3.0
5.121e-05,6.0,2.0
5.122e-05,6.0,1.0
5.1229999999999996e-05,6.0,2.0
5.1240000000000004e-05,6.0,2.0
5.125e-05,6.0,3.0
5.126e-05,6.0,3.0
5.127e-05,8.0,3.0
5.128e-05,5.0,2.0
5.1290000000000005e-05,6.0,1.0
5.13e-05,7.0,2.0
5.131e-05,6.0,2.0
5.1319999999999997e-05,7.0,2.0
5.133e-05,9.0,2.0
5.1340000000000007e-05,7.0,3.0
5.135e-05,7.0,1.0
5.136e-05,5.0,2.0
5.137e-05,6.0,2.0
5.138e-05,7.0,2.0
5.139e-05,6.0,1.0
5.14e-05,6.0,3.0
5.141e-05,7.0,1.0
5.142e-05,6.0,2.0
5.1429999999999994e-05,6.0,2.0
5.144e-05,6.0,2.0
5.1450000000000004e-05,5.0,1.0
5.146e-05,5.0,1.0
5.147e-05,5.0,1.0
5.1479999999999995e-05,6.0,1.0
5.149e-05,5.0,2.0
5.15e-05,5.0,3.0
5.151e-05,7.0,1.0
5.152e-05,6.0,3.0
5.1529999999999996e-05,6.0,2.0
5.1540000000000005e-05,6.0,2.0
5.155e-05,7.0,2.0
5.156e-05,7.0,3.0
5.1569999999999996e-05,7.0,3.0
5.1580000000000004e-05,7.0,2.0
5.1590000000000006e-05,8.0,2.0
5.16e-05,6.0,2.0
5.1609999999999995e-05,6.0,1.0
5.162e-05,6.0,1.0
5.1630000000000005e-05,6.0,1.0
5.164e-05,5.0,2.0
5.165e-05,8.0,2.0
5.166e-05,6.0,3.0
5.167e-05,6.0,2.0
5.168e-05,7.0,1.0
5.169e-05,7.0,1.0
5.17e-05,7.0,1.0
5.171e-05,7.0,3.0
5.172e-05,6.0,3.0
5.173e-05,7.0,2.0
5.174e-05,7.0,1.0
5.175e-05,8.0,2.0
5.176e-05,6.0,2.0
5.177e-05,8.0,2.0
5.178e-05,7.0,2.0
5.179e-05,7.0,2.0
5.18e-05,7.0,2.0
5.181e-05,8.0,1.0
5.1819999999999995e-05,7.0,3.0
5.1830000000000004e-05,7.0,2.0
5.1840000000000005e-05,5.0,0.0
5.185e-05,6.0,4.0
5.1859999999999995e-05,7.0,2.0
5.1869999999999996e-05,6.0,2.0
5.1880000000000005e-05,7.0,3.0
5.189e-05,7.0,2.0
5.19e-05,6.0,3.0
5.1909999999999996e-05,7.0,3.0
5.192e-05,5.0,1.0
5.193e-05,7.0,2.0
5.194e-05,8.0,1.0
5.195e-05,4.0,1.0
5.196e-05,5.0,2.0
5.1970000000000006e-05,4.0,1.0
5.198e-05,6.0,0.0
5.199e-05,7.0,1.0
5.2e-05,6.0,1.0
5.201e-05,7.0,1.0
5.202000000000001e-05,6.0,3.0
5.203e-05,6.0,1.0
5.2039999999999996e-05,7.0,2.0
5.205e-05,8.0,1.0
5.206e-05,5.0,1.0
5.207e-05,6.0,1.0
5.208e-05,6.0,1.0
5.2090000000000004e-05,7.0,2.0
5.21e-05,7.0,2.0
5.2109999999999994e-05,7.0,1.0
5.212e-05,5.0,0.0
5.2130000000000004e-05,6.0,2.0
5.214e-05,6.0,2.0
5.215e-05,7.0,2.0
5.2159999999999995e-05,6.0,1.0
5.2170000000000004e-05,6.0,0.0
5.218e-05,4.0,1.0
5.219e-05,6.0,2.0
5.22e-05,6.0,2.0
5.2209999999999996e-05,6.0,2.0
5.222e-05,7.0,2.0
5.223e-05,7.0,0.0
5.224e-05,7.0,1.0
5.2249999999999996e-05,7.0,1.0
5.226e-05,7.0,2.0
5.2270000000000006e-05,8.0,1.0
5.228e-05,7.0,2.0
5.2289999999999996e-05,6.0,3.0
5.23e-05,5.0,2.0
5.2310000000000006e-05,5.0,2.0
5.232e-05,4.0,1.0
5.233e-05,6.0,1.0
5.2340000000000004e-05,5.0,1.0
5.235e-05,6.0,1.0
5.236e-05,5.0,2.0
5.237e-05,5.0,2.0
5.238e-05,6.0,1.0
5.239e-05,6.0,1.0
5.239999999999999e-05,7.0,3.0
5.241e-05,5.0,2.0
5.242e-05,5.0,1.0
5.243e-05,7.0,1.0
5.244e-05,7.0,1.0
5.245e-05,4.0,1.0
5.246e-05,5.0,2.0
5.247e-05,6.0,3.0
5.248e-05,6.0,1.0
5.249e-05,5.0,3.0
5.2499999999999995e-05,5.0,2.0
5.2510000000000004e-05,7.0,2.0
5.2520000000000005e-05,4.0,2.0
5.253e-05,6.0,0.0
5.2539999999999995e-05,4.0,0.0
5.255e-05,6.0,2.0
5.2560000000000005e-05,3.0,2.0
5.257e-05,6.0,2.0
5.258e-05,4.0,2.0
5.259e-05,5.0,1.0
5.26e-05,5.0,2.0
5.261e-05,6.0,2.0
5.262e-05,6.0,1.0
5.263e-05,5.0,1.0
5.264e-05,4.0,2.0
5.264999999999999e-05,4.0,2.0
5.266e-05,4.0,2.0
5.267e-05,8.0,2.0
5.268e-05,6.0,2.0
5.269e-05,6.0,2.0
5.270000000000001e-05,6.0,1.0
5.271e-05,5.0,1.0
5.272e-05,4.0,0.0
5.273e-05,6.0,1.0
5.274e-05,7.0,2.0
5.275e-05,6.0,2.0
5.276e-05,6.0,2.0
5.2770000000000005e-05,6.0,2.0
5.278e-05,6.0,1.0
5.2789999999999994e-05,7.0,1.0
5.28e-05,6.0,1.0
5.2810000000000004e-05,7.0,1.0
5.282e-05,7.0,1.0
5.2829999999999994e-05,4.0,2.0
5.284e-05,6.0,2.0
5.2850000000000004e-05,7.0,1.0
5.286e-05,6.0,2.0
5.287e-05,6.0,2.0
5.288e-05,4.0,2.0
5.289e-05,4.0,2.0
5.29e-05,4.0,2.0
5.291e-05,7.0,1.0
5.292e-05,7.0,2.0
5.2929999999999996e-05,4.0,1.0
5.294e-05,4.0,2.0
5.2950000000000006e-05,5.0,1.0
5.296e-05,5.0,1.0
5.2969999999999996e-05,4.0,2.0
5.298e-05,5.0,1.0
5.299e-05,7.0,1.0
5.3e-05,7.0,1.0
5.3009999999999996e-05,5.0,1.0
5.3020000000000004e-05,7.0,2.0
5.303e-05,6.0,2.0
5.3039999999999994e-05,7.0,1.0
5.305e-05,6.0,2.0
5.3060000000000004e-05,5.0,1.0
5.307e-05,5.0,2.0
5.307999999999999e-05,5.0,2.0
5.309000000000001e-05,6.0,1.0
5.31e-05,5.0,1.0
5.311e-05,7.0,1.0
5.312e-05,5.0,1.0
5.313e-05,4.0,2.0
5.314e-05,6.0,2.0
5.315e-05,6.0,2.0
5.316e-05,8.0,1.0
5.317e-05,6.0,2.0
5.3179999999999996e-05,5.0,2.0
5.3190000000000004e-05,6.0,2.0
5.3200000000000006e-05,6.0,1.0
5.321e-05,6.0,2.0
5.3219999999999995e-05,6.0,0.0
5.323e-05,3.0,2.0
5.3240000000000005e-05,6.0,2.0
5.325e-05,7.0,1.0
5.3259999999999995e-05,2.0,1.0
5.327e-05,4.0,1.0
5.328e-05,5.0,1.0
5.329e-05,5.0,3.0
5.33e-05,4.0,3.0
5.331e-05,4.0,2.0
5.332e-05,6.0,1.0
5.332999999999999e-05,6.0,2.0
5.334000000000001e-05,5.0,2.0
5.335e-05,5.0,2.0
5.336e-05,6.0,2.0
5.337e-05,6.0,1.0
5.338e-05,6.0,2.0
5.339e-05,6.0,1.0
5.34e-05,6.0,1.0
5.341e-05,5.0,2.0
5.342e-05,7.0,2.0
5.3429999999999995e-05,5.0,2.0
5.3439999999999997e-05,4.0,2.0
5.3450000000000005e-05,6.0,2.0
5.346e-05,5.0,1.0
5.3469999999999995e-05,7.0,1.0
5.348e-05,5.0,2.0
5.3490000000000005e-05,5.0,1.0
5.35e-05,5.0,1.0
5.3509999999999994e-05,3.0,1.0
5.352e-05,5.0,1.0
5.3530000000000004e-05,5.0,2.0
5.354e-05,6.0,2.0
5.355e-05,4.0,2.0
5.356e-05,6.0,2.0
5.357e-05,7.0,1.0
5.358e-05,5.0,2.0
5.359000000000001e-05,8.0,2.0
5.36e-05,6.0,1.0
5.361e-05,5.0,2.0
5.361999999999999e-05,7.0,1.0
5.3630000000000007e-05,6.0,1.0
5.364e-05,8.0,2.0
5.3649999999999996e-05,4.0,0.0
5.366e-05,7.0,2.0
5.367e-05,5.0,1.0
5.368e-05,5.0,1.0
5.3689999999999996e-05,7.0,1.0
5.3700000000000004e-05,5.0,2.0
5.371e-05,5.0,2.0
5.3719999999999994e-05,6.0,2.0
5.373e-05,5.0,1.0
5.3740000000000004e-05,5.0,2.0
5.375e-05,5.0,2.0
5.3759999999999994e-05,4.0,2.0
5.377000000000001e-05,5.0,2.0
5.3780000000000003e-05,5.0,2.0
5.379e-05,5.0,2.0
5.38e-05,2.0,2.0
5.381e-05,5.0,2.0
5.382e-05,6.0,1.0
5.383e-05,6.0,3.0
5.3840000000000006e-05,5.0,2.0
5.385e-05,6.0,2.0
5.3859999999999996e-05,5.0,2.0
5.387e-05,7.0,2.0
5.3880000000000006e-05,6.0,2.0
5.389e-05,6.0,1.0
5.3899999999999996e-05,6.0,2.0
5.391e-05,6.0,2.0
5.3920000000000006e-05,8.0,2.0
5.393e-05,6.0,2.0
5.3939999999999995e-05,7.0,2.0
5.3950000000000004e-05,5.0,1.0
5.396e-05,5.0,1.0
5.397e-05,6.0,1.0
5.398e-05,6.0,3.0
5.399e-05,4.0,1.0
5.4e-05,5.0,2.0
5.400999999999999e-05,6.0,2.0
5.402000000000001e-05,6.0,2.0
5.403e-05,6.0,1.0
5.404e-05,5.0,2.0
5.404999999999999e-05,7.0,2.0
5.406e-05,5.0,1.0
5.407e-05,5.0,2.0
5.408e-05,4.0,2.0
5.4090000000000006e-05,6.0,1.0
5.41e-05,5.0,1.0
5.4109999999999995e-05,6.0,2.0
5.412e-05,6.0,2.0
5.4130000000000005e-05,6.0,2.0
5.414e-05,6.0,1.0
5.4149999999999995e-05,6.0,1.0
5.4159999999999996e-05,7.0,2.0
5.4170000000000005e-05,6.0,1.0
5.418e-05,6.0,2.0
5.4189999999999994e-05,6.0,2.0
5.42e-05,8.0,1.0
5.4210000000000004e-05,6.0,2.0
5.422e-05,5.0,2.0
5.4229999999999994e-05,6.0,2.0
5.424e-05,5.0,2.0
5.425e-05,6.0,1.0
5.426e-05,6.0,1.0
5.427000000000001e-05,6.0,1.0
5.428e-05,5.0,2.0
5.429e-05,6.0,2.0
5.429999999999999e-05,7.0,2.0
5.431000000000001e-05,6.0,2.0
5.432e-05,6.0,2.0
5.4329999999999997e-05,7.0,2.0
5.4340000000000005e-05,6.0,2.0
5.435e-05,5.0,3.0
5.436e-05,7.0,1.0
5.4369999999999996e-05,6.0,2.0
5.4380000000000005e-05,7.0,1.0
5.439e-05,4.0,1.0
5.4399999999999994e-05,6.0,1.0
5.441e-05,7.0,0.0
5.4420000000000004e-05,6.0,3.0
5.443e-05,5.0,3.0
5.4439999999999994e-05,4.0,1.0
5.445e-05,6.0,1.0
5.4460000000000004e-05,6.0,2.0
5.447e-05,4.0,0.0
5.447999999999999e-05,6.0,1.0
5.449e-05,5.0,2.0
5.4499999999999997e-05,3.0,1.0
5.451e-05,7.0,1.0
5.4520000000000007e-05,6.0,1.0
5.453e-05,6.0,2.0
5.4539999999999996e-05,5.0,2.0
5.454999999999999e-05,6.0,1.0
5.4560000000000006e-05,6.0,0.0
5.457e-05,5.0,2.0
5.4579999999999996e-05,7.0,1.0
5.4590000000000004e-05,5.0,2.0
5.4600000000000006e-05,5.0,1.0
5.461e-05,7.0,2.0
5.4619999999999995e-05,6.0,1.0
5.4630000000000004e-05,6.0,1.0
5.464e-05,5.0,3.0
5.465e-05,4.0,2.0
5.4659999999999995e-05,6.0,1.0
5.4670000000000003e-05,5.0,1.0
5.468e-05,6.0,0.0
5.468999999999999e-05,7.0,2.0
5.470000000000001e-05,7.0,2.0
5.471e-05,6.0,1.0
5.472e-05,6.0,2.0
5.472999999999999e-05,5.0,1.0
5.474e-05,5.0,2.0
5.475e-05,6.0,2.0
5.476e-05,5.0,2.0
5.4770000000000006e-05,4.0,2.0
5.478e-05,6.0,1.0
5.4789999999999995e-05,5.0,2.0
5.48e-05,5.0,2.0
5.4810000000000005e-05,5.0,1.0
5.482e-05,5.0,2.0
5.4829999999999995e-05,5.0,1.0
5.4840000000000003e-05,5.0,1.0
5.4850000000000005e-05,5.0,2.0
5.486e-05,5.0,1.0
5.4869999999999995e-05,8.0,2.0
5.488e-05,6.0,1.0
5.489e-05,5.0,1.0
5.49e-05,5.0,1.0
5.4909999999999994e-05,6.0,2.0
5.492e-05,6.0,1.0
5.493e-05,5.0,1.0
5.494e-05,4.0,2.0
5.495000000000001e-05,6.0,1.0
5.496e-05,3.0,1.0
5.497e-05,5.0,1.0
5.497999999999999e-05,7.0,1.0
5.499000000000001e-05,4.0,2.0
5.5e-05,5.0,1.0
5.501e-05,5.0,2.0
5.5020000000000005e-05,5.0,1.0
5.503e-05,5.0,2.0
5.504e-05,6.0,1.0
5.5049999999999996e-05,6.0,1.0
5.5060000000000005e-05,5.0,1.0
5.507e-05,6.0,1.0
5.5079999999999994e-05,6.0,2.0
5.509e-05,5.0,2.0
5.5100000000000004e-05,5.0,1.0
5.511e-05,6.0,1.0
5.5119999999999994e-05,6.0,1.0
5.513e-05,5.0,2.0
5.5140000000000004e-05,5.0,2.0
5.515e-05,6.0,1.0
5.5159999999999994e-05,6.0,1.0
5.517e-05,5.0,2.0
5.518e-05,6.0,0.0
5.519e-05,6.0,1.0
5.520000000000001e-05,7.0,2.0
5.521e-05,7.0,1.0
5.5219999999999996e-05,6.0,1.0
5.522999999999999e-05,5.0,1.0
5.5240000000000006e-05,6.0,2.0
5.525e-05,6.0,2.0
5.5259999999999996e-05,5.0,2.0
5.527e-05,5.0,2.0
5.5280000000000006e-05,6.0,2.0
5.529e-05,7.0,2.0
5.5299999999999996e-05,5.0,1.0
5.5310000000000004e-05,5.0,1.0
5.532e-05,5.0,2.0
5.533e-05,5.0,1.0
5.534e-05,6.0,2.0
5.5350000000000004e-05,4.0,3.0
5.536e-05,3.0,2.0
5.536999999999999e-05,6.0,2.0
5.538000000000001e-05,4.0,1.0
5.539e-05,3.0,2.0
5.54e-05,4.0,2.0
5.540999999999999e-05,5.0,1.0
5.542e-05,5.0,2.0
5.543e-05,6.0,2.0
5.544e-05,4.0,1.0
5.5450000000000006e-05,5.0,2.0
5.546e-05,4.0,2.0
5.5469999999999996e-05,7.0,2.0
5.548e-05,4.0,2.0
5.5490000000000006e-05,6.0,1.0
5.55e-05,6.0,2.0
5.5509999999999995e-05,6.0,2.0
5.552e-05,4.0,2.0
5.5530000000000005e-05,5.0,2.0
5.554e-05,5.0,2.0
5.5549999999999995e-05,4.0,1.0
5.556e-05,5.0,1.0
5.557e-05,6.0,2.0
5.558e-05,6.0,2.0
5.559e-05,4.0,2.0
5.56e-05,6.0,2.0
5.561e-05,5.0,2.0
5.561999999999999e-05,5.0,2.0
5.563000000000001e-05,5.0,2.0
5.564e-05,5.0,1.0
5.565e-05,5.0,2.0
5.565999999999999e-05,4.0,2.0
5.567000000000001e-05,5.0,1.0
5.568e-05,5.0,2.0
5.569e-05,6.0,2.0
5.57e-05,7.0,2.0
5.571e-05,3.0,2.0
5.572e-05,5.0,2.0
5.573e-05,6.0,2.0
5.5740000000000005e-05,4.0,2.0
5.575e-05,6.0,2.0
5.5759999999999995e-05,7.0,2.0
5.577e-05,7.0,2.0
5.5780000000000005e-05,6.0,2.0
5.579e-05,5.0,2.0
5.5799999999999994e-05,4.0,1.0
5.581e-05,3.0,1.0
5.5820000000000004e-05,3.0,1.0
5.583e-05,4.0,1.0
5.584e-05,3.0,2.0
5.585e-05,4.0,2.0
5.586e-05,4.0,2.0
5.587e-05,4.0,1.0
5.588e-05,2.0,1.0
5.589e-05,4.0,1.0
5.59e-05,3.0,2.0
5.590999999999999e-05,3.0,3.0
5.592000000000001e-05,5.0,2.0
5.593e-05,4.0,1.0
5.5939999999999996e-05,3.0,1.0
5.595e-05,4.0,1.0
5.596e-05,3.0,1.0
5.597e-05,4.0,1.0
5.5979999999999996e-05,4.0,2.0
5.5990000000000004e-05,3.0,1.0
5.6e-05,3.0,2.0
5.6009999999999994e-05,4.0,1.0
5.602e-05,4.0,2.0
5.6030000000000004e-05,4.0,2.0
5.604e-05,5.0,1.0
5.6049999999999994e-05,6.0,1.0
5.606000000000001e-05,5.0,1.0
5.6070000000000004e-05,4.0,0.0
5.608e-05,5.0,2.0
5.609e-05,5.0,2.0
5.61e-05,5.0,1.0
5.611e-05,5.0,2.0
5.612e-05,4.0,2.0
5.613e-05,5.0,0.0
5.614e-05,5.0,1.0
5.6149999999999996e-05,4.0,1.0
5.616e-05,4.0,1.0
5.6170000000000006e-05,4.0,3.0
5.618e-05,5.0,2.0
5.6189999999999996e-05,5.0,1.0
5.62e-05,3.0,3.0
5.6210000000000006e-05,4.0,1.0
5.622e-05,3.0,0.0
5.6229999999999995e-05,3.0,1.0
5.6240000000000004e-05,4.0,2.0
5.625e-05,4.0,1.0
5.626e-05,4.0,2.0
5.627e-05,4.0,2.0
5.628e-05,4.0,2.0
5.629e-05,2.0,2.0
5.629999999999999e-05,4.0,2.0
5.631e-05,3.0,2.0
5.632e-05,5.0,1.0
5.633e-05,4.0,1.0
5.634e-05,5.0,1.0
5.635e-05,4.0,1.0
5.636e-05,5.0,2.0
5.637e-05,5.0,3.0
5.638e-05,4.0,2.0
5.639e-05,4.0,1.0
5.64e-05,5.0,1.0
5.641e-05,3.0,1.0
5.6420000000000005e-05,3.0,2.0
5.643e-05,5.0,1.0
5.6439999999999995e-05,3.0,1.0
5.645e-05,4.0,2.0
5.6460000000000005e-05,4.0,2.0
5.647e-05,5.0,1.0
5.6479999999999995e-05,6.0,1.0
5.6489999999999996e-05,7.0,0.0
5.6500000000000005e-05,4.0,1.0
5.651e-05,4.0,1.0
5.652e-05,6.0,1.0
5.653e-05,5.0,2.0
5.654e-05,5.0,1.0
5.655e-05,6.0,1.0
5.656e-05,4.0,2.0
5.657e-05,4.0,2.0
5.658e-05,3.0,2.0
5.659e-05,6.0,2.0
5.660000000000001e-05,4.0,1.0
5.661e-05,5.0,1.0
5.662e-05,5.0,2.0
5.663e-05,4.0,1.0
5.664e-05,4.0,2.0
5.665e-05,4.0,2.0
5.6659999999999996e-05,6.0,2.0
5.6670000000000005e-05,5.0,2.0
5.668e-05,5.0,2.0
5.6689999999999994e-05,5.0,2.0
5.67e-05,6.0,1.0
5.6710000000000004e-05,5.0,0.0
5.672e-05,7.0,2.0
5.6729999999999994e-05,6.0,2.0
5.6739999999999995e-05,6.0,2.0
5.6750000000000004e-05,4.0,1.0
5.676e-05,6.0,0.0
5.677e-05,7.0,1.0
5.678e-05,8.0,2.0
5.6790000000000003e-05,4.0,1.0
5.68e-05,6.0,3.0
5.681e-05,4.0,1.0
5.682e-05,6.0,2.0
5.6829999999999996e-05,6.0,2.0
5.6840000000000005e-05,6.0,2.0
5.6850000000000006e-05,5.0,2.0
5.686e-05,6.0,2.0
5.6869999999999996e-05,5.0,2.0
5.688e-05,6.0,2.0
5.6890000000000006e-05,6.0,2.0
5.69e-05,2.0,1.0
5.6909999999999996e-05,5.0,3.0
5.692e-05,4.0,2.0
5.693e-05,4.0,1.0
5.694e-05,5.0,0.0
5.695e-05,4.0,1.0
5.6960000000000004e-05,4.0,1.0
5.697e-05,4.0,2.0
5.697999999999999e-05,3.0,1.0
5.699e-05,5.0,1.0
5.7e-05,4.0,1.0
5.701e-05,5.0,2.0
5.702e-05,4.0,2.0
5.703e-05,5.0,2.0
5.704e-05,4.0,1.0
5.705e-05,5.0,3.0
5.706e-05,5.0,1.0
5.707e-05,4.0,1.0
5.7079999999999996e-05,4.0,1.0
5.7090000000000004e-05,6.0,1.0
5.71e-05,4.0,1.0
5.711e-05,5.0,2.0
5.7119999999999995e-05,7.0,2.0
5.7130000000000004e-05,7.0,2.0
5.7140000000000005e-05,5.0,2.0
5.715e-05,4.0,1.0
5.7159999999999995e-05,5.0,2.0
5.7169999999999996e-05,4.0,2.0
5.7180000000000005e-05,5.0,2.0
5.719e-05,4.0,1.0
5.72e-05,5.0,0.0
5.721e-05,6.0,1.0
5.722e-05,5.0,2.0
5.723e-05,5.0,1.0
5.724e-05,5.0,1.0
5.725e-05,5.0,2.0
5.726e-05,6.0,3.0
5.727e-05,5.0,2.0
5.728000000000001e-05,5.0,3.0
5.729e-05,4.0,1.0
5.73e-05,4.0,0.0
5.731e-05,4.0,0.0
5.732e-05,4.0,1.0
5.733e-05,4.0,2.0
5.734e-05,3.0,2.0
5.735e-05,4.0,0.0
5.736e-05,4.0,1.0
5.7369999999999995e-05,3.0,1.0
5.738e-05,5.0,1.0
5.7390000000000004e-05,5.0,1.0
5.74e-05,5.0,2.0
5.7409999999999994e-05,5.0,4.0
5.7419999999999996e-05,4.0,0.0
5.7430000000000004e-05,4.0,0.0
5.744e-05,5.0,1.0
5.745e-05,6.0,1.0
5.746e-05,4.0,1.0
5.747e-05,5.0,1.0
5.748e-05,4.0,1.0
5.749e-05,4.0,1.0
5.75e-05,4.0,2.0
5.7509999999999997e-05,6.0,1.0
5.7520000000000005e-05,4.0,2.0
5.753e-05,3.0,2.0
5.754e-05,5.0,1.0
5.7549999999999996e-05,5.0,3.0
5.756e-05,5.0,3.0
5.7570000000000006e-05,5.0,2.0
5.758e-05,5.0,2.0
5.759e-05,5.0,2.0
5.76e-05,5.0,3.0
5.761e-05,4.0,2.0
5.762e-05,4.0,2.0
5.763e-05,4.0,2.0
5.7640000000000004e-05,5.0,2.0
5.765e-05,4.0,2.0
5.7659999999999993e-05,6.0,2.0
5.767e-05,6.0,1.0
5.7680000000000003e-05,7.0,2.0
5.769e-05,6.0,2.0
5.77e-05,8.0,2.0
5.7709999999999995e-05,7.0,0.0
5.772e-05,6.0,2.0
5.773e-05,5.0,2.0
5.774e-05,5.0,3.0
5.775e-05,6.0,2.0
5.7759999999999996e-05,5.0,2.0
5.7770000000000004e-05,6.0,2.0
5.778e-05,8.0,3.0
5.779e-05,5.0,3.0
5.7799999999999995e-05,4.0,1.0
5.781e-05,4.0,3.0
5.7820000000000005e-05,7.0,2.0
5.783e-05,6.0,2.0
5.784e-05,7.0,2.0
5.785e-05,7.0,1.0
5.7860000000000005e-05,7.0,2.0
5.787e-05,7.0,3.0
5.788e-05,6.0,2.0
5.789e-05,6.0,2.0
5.79e-05,6.0,2.0
5.791e-05,5.0,2.0
5.792e-05,6.0,2.0
5.793e-05,4.0,1.0
5.794e-05,7.0,1.0
5.795e-05,7.0,2.0
5.796e-05,6.0,1.0
5.797e-05,7.0,1.0
5.798e-05,7.0,1.0
5.799e-05,5.0,2.0
5.8e-05,6.0,2.0
5.801e-05,6.0,2.0
5.8020000000000004e-05,6.0,2.0
5.803e-05,5.0,2.0
5.804e-05,6.0,1.0
5.8049999999999995e-05,7.0,2.0
5.806e-05,5.0,2.0
5.8070000000000005e-05,7.0,2.0
5.808e-05,5.0,0.0
5.809e-05,5.0,2.0
5.8099999999999996e-05,4.0,2.0
5.8110000000000004e-05,6.0,2.0
5.812e-05,5.0,1.0
5.813e-05,7.0,2.0
5.8139999999999996e-05,6.0,3.0
5.815e-05,8.0,1.0
5.816e-05,7.0,2.0
5.817e-05,7.0,3.0
5.818e-05,5.0,2.0
5.819e-05,5.0,3.0
5.82e-05,5.0,2.0
5.821e-05,5.0,2.0
5.822e-05,6.0,0.0
5.8229999999999996e-05,7.0,2.0
5.824e-05,7.0,2.0
5.8250000000000006e-05,6.0,1.0
5.826e-05,4.0,3.0
5.827e-05,3.0,2.0
5.828e-05,4.0,1.0
5.829e-05,6.0,3.0
5.83e-05,5.0,1.0
5.831e-05,5.0,1.0
5.832e-05,6.0,4.0
5.833e-05,6.0,2.0
5.834e-05,5.0,2.0
5.835e-05,5.0,3.0
5.8360000000000004e-05,7.0,2.0
5.837e-05,5.0,1.0
5.838e-05,7.0,3.0
5.8389999999999995e-05,7.0,1.0
5.84e-05,4.0,2.0
5.841e-05,3.0,2.0
5.842e-05,5.0,2.0
5.843e-05,6.0,2.0
5.8439999999999996e-05,4.0,2.0
5.8450000000000005e-05,6.0,1.0
5.846e-05,6.0,2.0
5.847e-05,6.0,2.0
5.8479999999999996e-05,4.0,2.0
5.849e-05,5.0,2.0
5.8500000000000006e-05,7.0,2.0
5.851e-05,6.0,3.0
5.852e-05,6.0,2.0
5.853e-05,4.0,2.0
5.854e-05,6.0,2.0
5.855e-05,5.0,3.0
5.856e-05,5.0,1.0
5.8569999999999997e-05,5.0,2.0
5.858e-05,6.0,2.0
5.8590000000000007e-05,7.0,2.0
5.86e-05,5.0,2.0
5.861e-05,5.0,2.0
5.862e-05,5.0,1.0
5.863e-05,4.0,0.0
5.864e-05,5.0,1.0
5.865e-05,3.0,1.0
5.866e-05,7.0,1.0
5.867e-05,4.0,1.0
5.868e-05,5.0,2.0
5.869e-05,3.0,0.0
5.8700000000000004e-05,5.0,1.0
5.871e-05,5.0,0.0
5.872e-05,5.0,2.0
5.8729999999999995e-05,6.0,1.0
5.8740000000000003e-05,6.0,2.0
5.875e-05,5.0,0.0
5.876e-05,5.0,1.0
5.877e-05,4.0,1.0
5.8779999999999996e-05,6.0,1.0
5.8790000000000005e-05,5.0,0.0
5.88e-05,7.0,0.0
5.881e-05,5.0,0.0
5.8819999999999996e-05,5.0,1.0
5.883e-05,5.0,1.0
5.8840000000000006e-05,7.0,0.0
5.885e-05,6.0,0.0
5.886e-05,4.0,1.0
5.887e-05,6.0,0.0
5.888e-05,4.0,0.0
5.889e-05,5.0,1.0
5.89e-05,5.0,1.0
5.891e-05,4.0,1.0
5.892e-05,4.0,1.0
5.892999999999999e-05,4.0,1.0
5.894e-05,5.0,1.0
5.895e-05,4.0,1.0
5.896e-05,4.0,1.0
5.897e-05,6.0,1.0
5.8979999999999994e-05,6.0,0.0
5.899e-05,5.0,2.0
5.9e-05,4.0,0.0
5.901e-05,5.0,1.0
5.902e-05,5.0,0.0
5.903e-05,7.0,0.0
5.9040000000000004e-05,6.0,1.0
5.905e-05,5.0,1.0
5.906e-05,6.0,0.0
5.9069999999999995e-05,4.0,1.0
5.9080000000000004e-05,7.0,0.0
5.9090000000000005e-05,5.0,1.0
5.91e-05,5.0,0.0
5.911e-05,5.0,1.0
5.9119999999999996e-05,5.0,1.0
5.9130000000000005e-05,6.0,0.0
5.914e-05,7.0,1.0
5.915e-05,4.0,1.0
5.9159999999999996e-05,4.0,1.0
5.917e-05,7.0,2.0
5.918e-05,6.0,2.0
5.919e-05,5.0,2.0
5.92e-05,5.0,1.0
5.921e-05,4.0,1.0
5.922e-05,3.0,1.0
5.923e-05,5.0,2.0
5.924e-05,3.0,0.0
5.925e-05,4.0,2.0
5.926e-05,5.0,1.0
5.927e-05,4.0,2.0
5.928e-05,2.0,0.0
5.929e-05,6.0,2.0
5.93e-05,5.0,2.0
5.931e-05,3.0,2.0
5.9319999999999994e-05,5.0,1.0
5.933e-05,6.0,1.0
5.9340000000000004e-05,6.0,0.0
5.935e-05,5.0,0.0
5.9359999999999994e-05,4.0,1.0
5.937e-05,6.0,2.0
5.9380000000000004e-05,3.0,1.0
5.939e-05,5.0,0.0
5.94e-05,3.0,0.0
5.9409999999999995e-05,4.0,1.0
5.9420000000000004e-05,5.0,0.0
5.943e-05,6.0,2.0
5.944e-05,5.0,0.0
5.945e-05,4.0,0.0
5.9459999999999997e-05,5.0,0.0
5.9470000000000005e-05,6.0,0.0
5.948e-05,5.0,0.0
5.949e-05,5.0,0.0
5.9499999999999996e-05,4.0,0.0
5.951e-05,6.0,0.0
5.9520000000000006e-05,5.0,0.0
5.953e-05,6.0,0.0
5.9539999999999996e-05,3.0,1.0
5.955e-05,4.0,0.0
5.956e-05,6.0,2.0
5.957e-05,5.0,1.0
5.958e-05,4.0,0.0
5.9590000000000004e-05,4.0,0.0
5.96e-05,5.0,0.0
5.9609999999999993e-05,3.0,0.0
5.962e-05,5.0,1.0
5.963e-05,5.0,0.0
5.964e-05,3.0,0.0
5.965e-05,4.0,2.0
5.9659999999999995e-05,4.0,1.0
5.967e-05,3.0,0.0
5.968e-05,6.0,1.0
5.969e-05,6.0,1.0
5.97e-05,4.0,1.0
5.9709999999999996e-05,5.0,1.0
5.9720000000000004e-05,6.0,1.0
5.973e-05,5.0,1.0
5.974e-05,3.0,2.0
5.9749999999999995e-05,6.0,1.0
5.9760000000000004e-05,5.0,0.0
5.9770000000000005e-05,5.0,1.0
5.978e-05,4.0,4.0
5.9789999999999995e-05,5.0,1.0
5.98e-05,6.0,1.0
5.9810000000000005e-05,5.0,0.0
5.982e-05,4.0,0.0
5.983e-05,7.0,0.0
5.984e-05,7.0,0.0
5.985e-05,6.0,1.0
5.986e-05,5.0,0.0
5.987e-05,5.0,2.0
5.988e-05,4.0,1.0
5.989e-05,8.0,2.0
5.99e-05,5.0,1.0
5.991e-05,3.0,1.0
5.992e-05,5.0,1.0
5.993e-05,5.0,3.0
5.994e-05,5.0,1.0
5.995e-05,7.0,2.0
5.996e-05,5.0,2.0
5.997e-05,4.0,1.0
5.998e-05,4.0,2.0
5.999e-05,5.0,1.0
5.9999999999999995e-05,5.0,1.0
6.001e-05,6.0,1.0
6.0020000000000005e-05,3.0,1.0
6.003e-05,3.0,1.0
6.0039999999999994e-05,5.0,1.0
6.0049999999999996e-05,5.0,1.0
6.0060000000000004e-05,4.0,1.0
6.007e-05,5.0,1.0
6.008e-05,4.0,2.0
6.009e-05,5.0,0.0
6.0100000000000004e-05,5.0,2.0
6.011e-05,3.0,1.0
6.012e-05,6.0,1.0
6.013e-05,6.0,1.0
6.014e-05,6.0,1.0
6.015e-05,5.0,2.0
6.016e-05,6.0,1.0
6.017e-05,4.0,1.0
6.0179999999999996e-05,5.0,1.0
6.019e-05,4.0,1.0
6.0200000000000006e-05,6.0,0.0
6.021e-05,5.0,1.0
6.0219999999999996e-05,4.0,1.0
6.023e-05,5.0,0.0
6.024e-05,5.0,0.0
6.025e-05,6.0,1.0
6.026e-05,5.0,0.0
6.0270000000000004e-05,5.0,1.0
6.028e-05,6.0,0.0
6.0289999999999994e-05,5.0,1.0
6.03e-05,4.0,1.0
6.0310000000000004e-05,4.0,1.0
6.032e-05,6.0,1.0
6.033e-05,7.0,1.0
6.034e-05,4.0,1.0
6.035e-05,6.0,0.0
6.036e-05,7.0,1.0
6.037e-05,5.0,1.0
6.038e-05,6.0,1.0
6.0389999999999996e-05,3.0,1.0
6.04e-05,3.0,1.0
6.041e-05,4.0,0.0
6.042e-05,4.0,1.0
6.0429999999999996e-05,6.0,1.0
6.044e-05,6.0,1.0
6.0450000000000006e-05,4.0,1.0
6.046e-05,7.0,1.0
6.0469999999999995e-05,6.0,1.0
6.048e-05,5.0,1.0
6.0490000000000005e-05,3.0,0.0
6.05e-05,4.0,1.0
6.051e-05,4.0,1.0
6.052e-05,6.0,1.0
6.053e-05,6.0,1.0
6.054e-05,6.0,1.0
6.055e-05,5.0,1.0
6.056e-05,7.0,1.0
6.057e-05,6.0,1.0
6.057999999999999e-05,6.0,1.0
6.059000000000001e-05,5.0,1.0
6.06e-05,5.0,2.0
6.061e-05,5.0,1.0
6.062e-05,4.0,0.0
6.063e-05,5.0,1.0
6.064e-05,4.0,0.0
6.065e-05,4.0,0.0
6.066e-05,6.0,0.0
6.067e-05,4.0,0.0
6.0679999999999995e-05,4.0,0.0
6.069e-05,5.0,0.0
6.0700000000000005e-05,3.0,0.0
6.071e-05,4.0,1.0
6.0719999999999995e-05,8.0,0.0
6.0729999999999996e-05,9.0,0.0
6.0740000000000005e-05,9.0,0.0
6.075e-05,8.0,0.0
6.0759999999999994e-05,4.0,0.0
6.077e-05,7.0,1.0
6.078e-05,7.0,0.0
6.079e-05,7.0,0.0
6.08e-05,5.0,0.0
6.081e-05,7.0,1.0
6.082e-05,6.0,0.0
6.082999999999999e-05,7.0,1.0
6.084000000000001e-05,6.0,1.0
6.085e-05,6.0,1.0
6.086e-05,8.0,2.0
6.087e-05,6.0,1.0
6.088000000000001e-05,5.0,1.0
6.089e-05,8.0,0.0
6.0899999999999996e-05,7.0,1.0
6.091e-05,6.0,1.0
6.092e-05,7.0,0.0
6.093e-05,6.0,0.0
6.094e-05,8.0,0.0
6.0950000000000004e-05,6.0,0.0
6.096e-05,7.0,0.0
6.0969999999999994e-05,7.0,1.0
6.098e-05,6.0,1.0
6.0990000000000004e-05,7.0,0.0
6.1e-05,6.0,1.0
6.1009999999999994e-05,6.0,1.0
6.102e-05,8.0,1.0
6.1030000000000004e-05,7.0,1.0
6.104e-05,6.0,1.0
6.105e-05,6.0,1.0
6.106e-05,7.0,1.0
6.107e-05,6.0,1.0
6.107999999999999e-05,7.0,0.0
6.109e-05,5.0,0.0
6.110000000000001e-05,7.0,1.0
6.111e-05,6.0,0.0
6.112e-05,6.0,0.0
6.113e-05,7.0,0.0
6.114e-05,7.0,1.0
6.115e-05,4.0,0.0
6.116e-05,9.0,1.0
6.117e-05,6.0,0.0
6.118e-05,6.0,1.0
6.118999999999999e-05,5.0,1.0
6.120000000000001e-05,4.0,1.0
6.121e-05,6.0,0.0
6.122e-05,6.0,0.0
6.123e-05,6.0,1.0
6.124e-05,6.0,1.0
6.125e-05,7.0,1.0
6.125999999999999e-05,8.0,1.0
6.127e-05,5.0,0.0
6.128e-05,8.0,0.0
6.128999999999999e-05,6.0,0.0
6.13e-05,7.0,1.0
6.131000000000001e-05,7.0,0.0
6.132e-05,8.0,0.0
6.133e-05,8.0,0.0
6.134e-05,6.0,0.0
6.135e-05,7.0,1.0
6.136e-05,7.0,1.0
6.136999999999999e-05,7.0,0.0
6.138e-05,5.0,0.0
6.139000000000001e-05,5.0,0.0
6.14e-05,5.0,0.0
6.141e-05,8.0,0.0
6.142e-05,8.0,0.0
6.143e-05,8.0,0.0
6.144e-05,7.0,0.0
6.145e-05,8.0,0.0
6.146e-05,8.0,0.0
6.146999999999999e-05,7.0,1.0
6.148e-05,8.0,0.0
6.149000000000001e-05,6.0,0.0
6.15e-05,5.0,0.0
6.151e-05,5.0,0.0
6.152000000000001e-05,4.0,0.0
6.153e-05,6.0,0.0
6.154e-05,7.0,1.0
6.155e-05,6.0,0.0
6.156e-05,7.0,1.0
6.157e-05,8.0,1.0
6.157999999999999e-05,6.0,2.0
6.159000000000001e-05,6.0,1.0
6.16e-05,7.0,1.0
6.161e-05,7.0,2.0
6.162e-05,4.0,2.0
6.163e-05,8.0,1.0
6.164e-05,7.0,1.0
6.165e-05,8.0,2.0
6.166e-05,5.0,2.0
6.167e-05,7.0,1.0
6.167999999999999e-05,5.0,1.0
6.169e-05,7.0,0.0
6.170000000000001e-05,5.0,1.0
6.171e-05,5.0,1.0
6.172e-05,5.0,1.0
6.173e-05,4.0,2.0
6.174e-05,6.0,2.0
6.175e-05,7.0,1.0
6.175999999999999e-05,6.0,1.0
6.177e-05,7.0,1.0
6.178000000000001e-05,6.0,1.0
6.179e-05,6.0,0.0
6.18e-05,5.0,1.0
6.181e-05,8.0,0.0
6.182e-05,6.0,1.0
6.183e-05,7.0,1.0
6.184e-05,7.0,1.0
6.185e-05,5.0,1.0
6.186e-05,5.0,1.0
6.186999999999999e-05,7.0,1.0
6.188000000000001e-05,8.0,1.0
6.189e-05,7.0,0.0
6.19e-05,6.0,1.0
6.191e-05,6.0,1.0
6.192e-05,7.0,1.0
6.193e-05,7.0,1.0
6.193999999999999e-05,4.0,1.0
6.195e-05,8.0,2.0
6.196e-05,5.0,1.0
6.196999999999999e-05,7.0,1.0
6.198e-05,5.0,1.0
6.199000000000001e-05,7.0,1.0
6.2e-05,7.0,1.0
6.201e-05,6.0,1.0
6.202e-05,4.0,0.0
6.203e-05,7.0,1.0
6.204e-05,7.0,1.0
6.204999999999999e-05,7.0,1.0
6.206e-05,5.0,1.0
6.207e-05,5.0,0.0
6.208e-05,4.0,0.0
6.209000000000001e-05,6.0,1.0
6.21e-05,6.0,1.0
6.211e-05,6.0,0.0
6.212e-05,6.0,0.0
6.213e-05,6.0,0.0
6.214e-05,7.0,1.0
6.214999999999999e-05,5.0,1.0
6.216e-05,3.0,0.0
6.217000000000001e-05,6.0,0.0
6.218e-05,6.0,0.0
6.219e-05,6.0,1.0
6.220000000000001e-05,5.0,1.0
6.221e-05,5.0,1.0
6.222e-05,7.0,0.0
6.222999999999999e-05,6.0,1.0
6.224e-05,8.0,1.0
6.225e-05,5.0,0.0
6.225999999999999e-05,7.0,1.0
6.227000000000001e-05,6.0,1.0
6.228000000000001e-05,6.0,1.0
6.229e-05,6.0,1.0
6.23e-05,7.0,0.0
6.231e-05,7.0,1.0
6.232e-05,6.0,1.0
6.233e-05,6.0,1.0
6.234e-05,6.0,0.0
6.235e-05,5.0,1.0
6.235999999999999e-05,6.0,1.0
6.237e-05,7.0,1.0
6.238000000000001e-05,7.0,1.0
6.239e-05,4.0,1.0
6.24e-05,6.0,0.0
6.241e-05,3.0,1.0
6.242e-05,5.0,1.0
6.243e-05,4.0,1.0
6.243999999999999e-05,6.0,1.0
6.245e-05,3.0,1.0
6.246e-05,5.0,0.0
6.247e-05,7.0,2.0
6.248e-05,6.0,2.0
6.249e-05,5.0,0.0
6.25e-05,5.0,0.0
6.251e-05,4.0,0.0
6.252e-05,6.0,1.0
6.253e-05,6.0,0.0
6.254e-05,4.0,0.0
6.254999999999999e-05,4.0,0.0
6.256000000000001e-05,4.0,0.0
6.257e-05,6.0,0.0
6.258e-05,6.0,0.0
6.259000000000001e-05,5.0,0.0
6.26e-05,6.0,0.0
6.261e-05,6.0,0.0
6.262e-05,7.0,0.0
6.263e-05,4.0,0.0
6.264e-05,7.0,0.0
6.264999999999999e-05,9.0,0.0
6.266e-05,6.0,0.0
6.267000000000001e-05,8.0,0.0
6.268e-05,8.0,1.0
6.269e-05,5.0,0.0
6.27e-05,4.0,0.0
6.271e-05,6.0,0.0
6.272e-05,6.0,0.0
6.272999999999999e-05,8.0,1.0
6.274e-05,6.0,1.0
6.275e-05,6.0,1.0
6.276e-05,6.0,1.0
6.277000000000001e-05,7.0,1.0
6.278e-05,7.0,0.0
6.279e-05,7.0,1.0
6.28e-05,5.0,1.0
6.281e-05,7.0,0.0
6.282e-05,5.0,0.0
6.282999999999999e-05,7.0,1.0
6.284e-05,5.0,2.0
6.285000000000001e-05,7.0,1.0
6.286e-05,6.0,2.0
6.287e-05,5.0,1.0
6.288000000000001e-05,7.0,2.0
6.289e-05,6.0,1.0
6.29e-05,8.0,1.0
6.290999999999999e-05,7.0,1.0
6.292e-05,5.0,1.0
6.293e-05,5.0,1.0
6.293999999999999e-05,6.0,1.0
6.295000000000001e-05,8.0,1.0
6.296000000000001e-05,5.0,1.0
6.297e-05,4.0,0.0
6.298e-05,7.0,1.0
6.299e-05,6.0,2.0
6.3e-05,6.0,1.0
6.301e-05,8.0,0.0
6.302e-05,5.0,2.0
6.303e-05,6.0,0.0
6.303999999999999e-05,6.0,1.0
6.305e-05,5.0,0.0
6.306000000000001e-05,5.0,0.0
6.307e-05,6.0,0.0
6.308e-05,5.0,1.0
6.309000000000001e-05,8.0,1.0
6.31e-05,5.0,2.0
6.311e-05,7.0,1.0
6.311999999999999e-05,6.0,1.0
6.313e-05,6.0,0.0
6.314e-05,6.0,1.0
6.315e-05,8.0,0.0
6.316e-05,7.0,0.0
6.317e-05,7.0,0.0
6.318e-05,5.0,1.0
6.319e-05,7.0,0.0
6.32e-05,7.0,1.0
6.321e-05,7.0,0.0
6.322e-05,4.0,1.0
6.322999999999999e-05,7.0,0.0
6.324000000000001e-05,7.0,0.0
6.325e-05,7.0,1.0
6.326e-05,6.0,0.0
6.327000000000001e-05,4.0,0.0
6.328e-05,6.0,0.0
6.329e-05,7.0,0.0
6.33e-05,7.0,0.0
6.331e-05,7.0,0.0
6.332e-05,7.0,0.0
6.332999999999999e-05,7.0,0.0
6.334000000000001e-05,7.0,0.0
6.335000000000001e-05,5.0,0.0
6.336e-05,5.0,1.0
6.337e-05,6.0,1.0
6.338e-05,5.0,1.0
6.339e-05,6.0,1.0
6.34e-05,6.0,1.0
6.340999999999999e-05,4.0,1.0
6.342e-05,8.0,1.0
6.343e-05,7.0,1.0
6.344e-05,5.0,1.0
6.345000000000001e-05,9.0,1.0
6.346e-05,7.0,1.0
6.347e-05,7.0,2.0
6.348e-05,5.0,1.0
6.349e-05,8.0,1.0
6.35e-05,7.0,1.0
6.351e-05,6.0,1.0
6.352e-05,7.0,1.0
6.353e-05,6.0,1.0
6.354e-05,5.0,1.0
6.355e-05,7.0,1.0
6.356000000000001e-05,3.0,0.0
6.357e-05,5.0,1.0
6.358e-05,6.0,1.0
6.359e-05,6.0,1.0
6.36e-05,6.0,1.0
6.361e-05,7.0,1.0
6.361999999999999e-05,6.0,1.0
6.363000000000001e-05,5.0,1.0
6.364000000000001e-05,6.0,1.0
6.365e-05,5.0,1.0
6.366e-05,5.0,1.0
6.367e-05,7.0,1.0
6.368e-05,7.0,1.0
6.369e-05,4.0,0.0
6.37e-05,7.0,0.0
6.371e-05,7.0,1.0
6.371999999999999e-05,4.0,1.0
6.373e-05,6.0,1.0
6.374000000000001e-05,4.0,1.0
6.375e-05,6.0,1.0
6.376e-05,5.0,2.0
6.377000000000001e-05,5.0,1.0
6.378e-05,6.0,2.0
6.379e-05,6.0,1.0
6.379999999999999e-05,5.0,1.0
6.381e-05,5.0,1.0
6.382e-05,5.0,1.0
6.383e-05,5.0,1.0
6.384000000000001e-05,5.0,1.0
6.385000000000001e-05,6.0,1.0
6.386e-05,6.0,1.0
6.387e-05,7.0,1.0
6.388e-05,8.0,1.0
6.389e-05,8.0,1.0
6.39e-05,6.0,1.0
6.390999999999999e-05,6.0,1.0
6.392e-05,7.0,2.0
6.393e-05,7.0,1.0
6.394e-05,6.0,1.0
6.395000000000001e-05,7.0,1.0
6.396e-05,5.0,1.0
6.397e-05,7.0,2.0
6.398e-05,8.0,1.0
6.399e-05,5.0,0.0
6.4e-05,5.0,1.0
6.401e-05,5.0,1.0
6.402e-05,5.0,1.0
6.403000000000001e-05,5.0,1.0
6.404e-05,5.0,1.0
6.405e-05,4.0,1.0
6.406e-05,6.0,1.0
6.406999999999999e-05,7.0,1.0
6.408e-05,6.0,1.0
6.409e-05,5.0,1.0
6.409999999999999e-05,6.0,1.0
6.411e-05,5.0,1.0
6.412000000000002e-05,6.0,2.0
6.413e-05,5.0,1.0
6.414e-05,6.0,2.0
6.415000000000001e-05,6.0,1.0
6.416e-05,6.0,1.0
6.417e-05,7.0,1.0
6.418e-05,6.0,1.0
6.419e-05,7.0,1.0
6.42e-05,6.0,1.0
6.420999999999998e-05,6.0,1.0
6.422e-05,6.0,1.0
6.423000000000001e-05,5.0,1.0
6.424e-05,4.0,1.0
6.425e-05,6.0,1.0
6.426000000000001e-05,4.0,1.0
6.426999999999999e-05,7.0,1.0
6.428e-05,5.0,1.0
6.429e-05,4.0,1.0
6.429999999999999e-05,6.0,1.0
6.431000000000001e-05,6.0,1.0
6.432e-05,8.0,1.0
6.433e-05,7.0,1.0
6.434000000000001e-05,6.0,1.0
6.434999999999999e-05,4.0,0.0
6.436e-05,6.0,1.0
6.437000000000001e-05,5.0,1.0
6.437999999999999e-05,5.0,0.0
6.439e-05,5.0,1.0
6.44e-05,5.0,1.0
6.441e-05,5.0,1.0
6.442000000000001e-05,7.0,1.0
6.443e-05,4.0,1.0
6.444e-05,3.0,1.0
6.445000000000001e-05,6.0,1.0
6.445999999999999e-05,5.0,1.0
6.447e-05,5.0,1.0
6.448e-05,4.0,1.0
6.448999999999999e-05,7.0,1.0
6.45e-05,6.0,1.0
6.451000000000002e-05,4.0,1.0
6.452e-05,5.0,0.0
6.453000000000001e-05,6.0,1.0
6.454e-05,5.0,1.0
6.455e-05,6.0,1.0
6.456e-05,6.0,1.0
6.456999999999999e-05,6.0,0.0
6.458e-05,5.0,1.0
6.459e-05,5.0,1.0
6.459999999999998e-05,7.0,1.0
6.461e-05,6.0,1.0
6.462000000000001e-05,4.0,1.0
6.463e-05,5.0,1.0
6.464e-05,7.0,1.0
6.465e-05,4.0,1.0
6.466e-05,6.0,0.0
6.467e-05,5.0,1.0
6.468e-05,5.0,0.0
6.468999999999999e-05,6.0,1.0
6.470000000000001e-05,5.0,1.0
6.471e-05,7.0,1.0
6.472e-05,4.0,1.0
6.473000000000001e-05,6.0,0.0
6.474e-05,8.0,1.0
6.475e-05,7.0,1.0
6.476000000000001e-05,5.0,1.0
6.476999999999999e-05,6.0,1.0
6.478e-05,7.0,1.0
6.479e-05,5.0,1.0
6.48e-05,4.0,1.0
6.481000000000001e-05,5.0,1.0
6.481999999999999e-05,6.0,2.0
6.483e-05,7.0,1.0
6.484000000000001e-05,6.0,1.0
6.484999999999999e-05,5.0,0.0
6.486e-05,7.0,1.0
6.487000000000001e-05,7.0,0.0
6.487999999999999e-05,7.0,1.0
6.489e-05,7.0,0.0
6.49e-05,7.0,0.0
6.491e-05,6.0,1.0
6.492000000000001e-05,6.0,0.0
6.493e-05,6.0,1.0
6.494e-05,5.0,1.0
6.495e-05,5.0,1.0
6.495999999999999e-05,6.0,1.0
6.497e-05,7.0,1.0
6.498e-05,8.0,1.0
6.498999999999999e-05,6.0,1.0
6.500000000000001e-05,7.0,1.0
6.501e-05,6.0,1.0
6.502e-05,6.0,1.0
6.503e-05,5.0,1.0
6.504e-05,7.0,1.0
6.505e-05,7.0,1.0
6.506e-05,5.0,1.0
6.506999999999999e-05,6.0,1.0
6.508e-05,4.0,2.0
6.509000000000002e-05,5.0,1.0
6.51e-05,6.0,0.0
6.511e-05,6.0,1.0
6.512000000000001e-05,7.0,1.0
6.513e-05,6.0,1.0
6.514e-05,6.0,1.0
6.515e-05,7.0,1.0
6.515999999999999e-05,5.0,2.0
6.517e-05,5.0,1.0
6.518e-05,5.0,1.0
6.519e-05,6.0,1.0
6.520000000000001e-05,8.0,0.0
6.521e-05,6.0,1.0
6.522e-05,9.0,1.0
6.523000000000001e-05,7.0,1.0
6.523999999999999e-05,6.0,1.0
6.525e-05,8.0,1.0
6.526e-05,5.0,0.0
6.526999999999999e-05,7.0,1.0
6.528e-05,6.0,0.0
6.529e-05,8.0,0.0
6.53e-05,7.0,1.0
6.531000000000001e-05,4.0,0.0
6.531999999999999e-05,7.0,1.0
6.533e-05,6.0,1.0
6.534000000000001e-05,4.0,1.0
6.534999999999999e-05,7.0,0.0
6.536e-05,5.0,0.0
6.537e-05,7.0,0.0
6.537999999999999e-05,7.0,1.0
6.539000000000001e-05,6.0,1.0
6.54e-05,7.0,1.0
6.541e-05,6.0,1.0
6.542000000000001e-05,7.0,1.0
6.543e-05,7.0,0.0
6.544e-05,7.0,1.0
6.545e-05,5.0,0.0
6.545999999999999e-05,6.0,0.0
6.547e-05,7.0,1.0
6.548000000000002e-05,7.0,1.0
6.549e-05,7.0,1.0
6.55e-05,6.0,1.0
6.551e-05,7.0,0.0
6.552e-05,6.0,2.0
6.553e-05,5.0,1.0
6.554e-05,5.0,1.0
6.555e-05,6.0,1.0
6.556e-05,7.0,1.0
6.556999999999998e-05,6.0,2.0
6.558e-05,4.0,1.0
6.559000000000001e-05,7.0,1.0
6.56e-05,6.0,2.0
6.561e-05,7.0,1.0
6.562e-05,7.0,1.0
6.563e-05,7.0,1.0
6.564e-05,7.0,1.0
6.565e-05,7.0,1.0
6.565999999999999e-05,6.0,1.0
6.567e-05,7.0,1.0
6.568000000000001e-05,7.0,0.0
6.569e-05,6.0,2.0
6.570000000000001e-05,9.0,0.0
6.570999999999999e-05,10.0,1.0
6.572e-05,4.0,1.0
6.573000000000001e-05,6.0,1.0
6.573999999999999e-05,6.0,1.0
6.575e-05,5.0,1.0
6.576e-05,7.0,0.0
6.576999999999999e-05,5.0,1.0
6.578000000000001e-05,7.0,1.0
6.579e-05,5.0,1.0
6.58e-05,7.0,2.0
6.581000000000001e-05,7.0,2.0
6.581999999999999e-05,6.0,1.0
6.583e-05,7.0,1.0
6.584e-05,6.0,1.0
6.584999999999999e-05,5.0,1.0
6.586e-05,7.0,2.0
6.587e-05,8.0,0.0
6.588e-05,4.0,1.0
6.589000000000001e-05,5.0,1.0
6.59e-05,8.0,1.0
6.591e-05,4.0,0.0
6.592e-05,6.0,1.0
6.593e-05,6.0,1.0
6.594e-05,8.0,2.0
6.595e-05,5.0,0.0
6.595999999999999e-05,6.0,0.0
6.597000000000001e-05,6.0,0.0
6.598000000000002e-05,6.0,1.0
6.599e-05,6.0,1.0
6.6e-05,5.0,1.0
6.601e-05,7.0,1.0
6.602e-05,6.0,0.0
6.603e-05,7.0,2.0
6.604e-05,6.0,1.0
6.604999999999999e-05,5.0,1.0
6.606e-05,7.0,1.0
6.607e-05,6.0,1.0
6.608e-05,7.0,2.0
6.609000000000001e-05,7.0,1.0
6.61e-05,6.0,1.0
6.611e-05,7.0,1.0
6.612e-05,7.0,1.0
6.612999999999999e-05,8.0,1.0
6.614e-05,8.0,1.0
6.615e-05,6.0,1.0
6.615999999999999e-05,5.0,1.0
6.617000000000001e-05,6.0,2.0
6.618e-05,7.0,1.0
6.619e-05,6.0,1.0
6.620000000000001e-05,6.0,0.0
6.620999999999999e-05,5.0,1.0
6.622e-05,4.0,0.0
6.623e-05,4.0,1.0
6.623999999999999e-05,7.0,2.0
6.625e-05,6.0,0.0
6.626e-05,5.0,1.0
6.627e-05,4.0,2.0
6.628000000000001e-05,7.0,1.0
6.629e-05,5.0,0.0
6.63e-05,7.0,1.0
6.631000000000001e-05,5.0,1.0
6.631999999999999e-05,5.0,1.0
6.633e-05,6.0,1.0
6.634e-05,5.0,1.0
6.634999999999999e-05,5.0,1.0
6.636000000000001e-05,7.0,1.0
6.637e-05,6.0,1.0
6.638e-05,5.0,1.0
6.639e-05,6.0,1.0
6.64e-05,6.0,1.0
6.641e-05,7.0,1.0
6.642e-05,7.0,1.0
6.643e-05,8.0,1.0
6.644e-05,8.0,1.0
6.645e-05,3.0,0.0
6.646e-05,3.0,2.0
6.647e-05,4.0,1.0
6.648e-05,4.0,1.0
6.649e-05,3.0,1.0
6.65e-05,4.0,1.0
6.651e-05,4.0,1.0
6.652e-05,5.0,1.0
6.653e-05,7.0,1.0
6.654e-05,3.0,1.0
6.654999999999999e-05,8.0,1.0
6.656000000000001e-05,6.0,1.0
6.657e-05,7.0,1.0
6.658e-05,6.0,1.0
6.659000000000001e-05,5.0,1.0
6.659999999999999e-05,5.0,0.0
6.661e-05,5.0,1.0
6.662e-05,5.0,1.0
6.662999999999999e-05,7.0,1.0
6.664e-05,6.0,1.0
6.665000000000001e-05,5.0,1.0
6.666e-05,7.0,1.0
6.667000000000001e-05,4.0,1.0
6.668e-05,5.0,1.0
6.669e-05,4.0,1.0
6.670000000000001e-05,7.0,1.0
6.670999999999999e-05,6.0,1.0
6.672e-05,4.0,0.0
6.672999999999999e-05,5.0,0.0
6.673999999999999e-05,5.0,1.0
6.675000000000001e-05,7.0,0.0
6.676e-05,3.0,1.0
6.677e-05,6.0,1.0
6.678000000000001e-05,6.0,1.0
6.679e-05,6.0,1.0
6.68e-05,3.0,1.0
6.681e-05,3.0,1.0
6.681999999999999e-05,6.0,2.0
6.683e-05,3.0,2.0
6.683999999999999e-05,5.0,1.0
6.685e-05,6.0,1.0
6.686000000000001e-05,6.0,1.0
6.687e-05,5.0,1.0
6.688e-05,6.0,2.0
6.689e-05,5.0,1.0
6.69e-05,5.0,1.0
6.691e-05,4.0,1.0
6.692e-05,4.0,1.0
6.693e-05,3.0,1.0
6.694e-05,4.0,1.0
6.695000000000001e-05,5.0,0.0
6.696e-05,4.0,1.0
6.697e-05,4.0,1.0
6.698e-05,4.0,1.0
6.699e-05,3.0,1.0
6.7e-05,7.0,1.0
6.701e-05,6.0,1.0
6.701999999999999e-05,5.0,1.0
6.703e-05,6.0,1.0
6.704000000000001e-05,6.0,1.0
6.705e-05,7.0,1.0
6.706000000000001e-05,7.0,1.0
6.706999999999999e-05,6.0,1.0
6.708e-05,6.0,0.0
6.709e-05,8.0,1.0
6.709999999999999e-05,6.0,1.0
6.711e-05,3.0,1.0
6.712e-05,7.0,1.0
6.712999999999999e-05,6.0,1.0
6.714000000000001e-05,8.0,1.0
6.715e-05,6.0,0.0
6.716e-05,7.0,1.0
6.717000000000001e-05,5.0,0.0
6.718e-05,7.0,1.0
6.719e-05,6.0,0.0
6.720000000000001e-05,5.0,1.0
6.720999999999999e-05,6.0,1.0
6.722e-05,6.0,1.0
6.722999999999999e-05,6.0,1.0
6.724e-05,6.0,1.0
6.725000000000001e-05,8.0,1.0
6.726e-05,6.0,1.0
6.727e-05,6.0,1.0
6.728e-05,7.0,1.0
6.729e-05,8.0,1.0
6.73e-05,6.0,1.0
6.731e-05,5.0,2.0
6.731999999999999e-05,5.0,1.0
6.733000000000001e-05,6.0,1.0
6.734e-05,7.0,1.0
6.735e-05,6.0,1.0
6.736e-05,7.0,1.0
6.737e-05,5.0,1.0
6.738e-05,4.0,1.0
6.739e-05,7.0,1.0
6.74e-05,7.0,1.0
6.741e-05,6.0,1.0
6.742e-05,5.0,0.0
6.743000000000001e-05,6.0,0.0
6.744e-05,7.0,1.0
6.745e-05,4.0,1.0
6.746e-05,7.0,1.0
6.747e-05,5.0,1.0
6.748e-05,7.0,1.0
6.748999999999999e-05,6.0,1.0
6.75e-05,5.0,1.0
6.751e-05,5.0,1.0
6.751999999999999e-05,5.0,1.0
6.753000000000001e-05,6.0,1.0
6.754000000000001e-05,5.0,1.0
6.755e-05,6.0,1.0
6.756000000000001e-05,6.0,1.0
6.756999999999999e-05,7.0,1.0
6.758e-05,4.0,1.0
6.759e-05,6.0,1.0
6.759999999999999e-05,8.0,1.0
6.761e-05,7.0,0.0
6.761999999999999e-05,7.0,1.0
6.763e-05,7.0,1.0
6.764000000000001e-05,7.0,0.0
6.765e-05,6.0,0.0
6.766e-05,6.0,1.0
6.767000000000001e-05,6.0,2.0
6.768e-05,5.0,1.0
6.769e-05,5.0,1.0
6.769999999999999e-05,6.0,1.0
6.770999999999999e-05,6.0,1.0
6.772000000000001e-05,5.0,0.0
6.773e-05,7.0,0.0
6.774e-05,5.0,1.0
6.775000000000001e-05,7.0,1.0
6.776e-05,8.0,1.0
6.777e-05,7.0,1.0
6.778e-05,6.0,0.0
6.779e-05,6.0,1.0
6.78e-05,5.0,1.0
6.781e-05,7.0,1.0
6.782e-05,7.0,1.0
6.783e-05,5.0,1.0
6.784e-05,6.0,1.0
6.785e-05,6.0,1.0
6.786e-05,5.0,1.0
6.787e-05,7.0,0.0
6.788e-05,8.0,1.0
6.789e-05,7.0,1.0
6.79e-05,5.0,2.0
6.790999999999999e-05,7.0,1.0
6.792000000000001e-05,7.0,1.0
6.793000000000001e-05,7.0,1.0
6.794e-05,6.0,1.0
6.795e-05,7.0,1.0
6.795999999999999e-05,6.0,1.0
6.797e-05,8.0,1.0
6.798e-05,8.0,1.0
6.798999999999999e-05,7.0,1.0
6.8e-05,6.0,1.0
6.801e-05,5.0,1.0
6.802e-05,7.0,1.0
6.803000000000001e-05,7.0,1.0
6.804e-05,6.0,1.0
6.805e-05,8.0,0.0
6.806e-05,6.0,1.0
6.806999999999999e-05,8.0,1.0
6.808e-05,6.0,1.0
6.809e-05,5.0,1.0
6.809999999999999e-05,6.0,0.0
6.811000000000001e-05,5.0,1.0
6.812e-05,6.0,0.0
6.813e-05,7.0,1.0
6.814000000000001e-05,6.0,1.0
6.815e-05,7.0,1.0
6.816e-05,5.0,1.0
6.817e-05,7.0,1.0
6.818e-05,6.0,1.0
6.819e-05,6.0,1.0
6.819999999999999e-05,6.0,1.0
6.821e-05,6.0,1.0
6.822000000000001e-05,4.0,1.0
6.823e-05,4.0,1.0
6.824e-05,7.0,1.0
6.825e-05,6.0,1.0
6.826e-05,5.0,0.0
6.827e-05,7.0,1.0
6.828e-05,6.0,0.0
6.829e-05,6.0,1.0
6.829999999999999e-05,4.0,1.0
6.831e-05,4.0,1.0
6.832e-05,5.0,1.0
6.833e-05,3.0,1.0
6.834e-05,6.0,1.0
6.835e-05,5.0,1.0
6.836e-05,4.0,1.0
6.837e-05,5.0,1.0
6.837999999999999e-05,3.0,1.0
6.839e-05,5.0,0.0
6.840000000000001e-05,5.0,1.0
6.841e-05,5.0,1.0
6.842000000000001e-05,4.0,0.0
6.843000000000001e-05,4.0,1.0
6.844e-05,6.0,1.0
6.845e-05,5.0,1.0
6.845999999999999e-05,5.0,1.0
6.847e-05,6.0,1.0
6.848e-05,5.0,1.0
6.848999999999999e-05,4.0,1.0
6.850000000000001e-05,5.0,1.0
6.851e-05,6.0,0.0
6.852e-05,5.0,1.0
6.853000000000001e-05,4.0,1.0
6.854e-05,4.0,2.0
6.855e-05,5.0,1.0
6.856e-05,3.0,1.0
6.856999999999999e-05,4.0,1.0
6.858e-05,2.0,1.0
6.858999999999999e-05,5.0,1.0
6.86e-05,7.0,1.0
6.861000000000001e-05,4.0,1.0
6.862e-05,4.0,1.0
6.863e-05,6.0,1.0
6.864000000000001e-05,7.0,1.0
6.865e-05,6.0,1.0
6.866e-05,6.0,1.0
6.866999999999999e-05,7.0,1.0
6.868e-05,6.0,1.0
6.869e-05,3.0,1.0
6.87e-05,2.0,1.0
6.871e-05,4.0,2.0
6.872e-05,4.0,1.0
6.873e-05,6.0,1.0
6.874e-05,7.0,1.0
6.875e-05,5.0,1.0
6.876e-05,6.0,1.0
6.877e-05,5.0,1.0
6.878e-05,4.0,1.0
6.879000000000001e-05,5.0,1.0
6.88e-05,6.0,1.0
6.881e-05,8.0,1.0
6.882e-05,5.0,1.0
6.883e-05,6.0,1.0
6.884e-05,5.0,1.0
6.884999999999999e-05,6.0,1.0
6.886e-05,6.0,1.0
6.887e-05,3.0,1.0
6.887999999999999e-05,4.0,1.0
6.889000000000001e-05,3.0,1.0
6.890000000000001e-05,5.0,1.0
6.891e-05,5.0,2.0
6.892e-05,5.0,1.0
6.893e-05,4.0,1.0
6.894e-05,6.0,1.0
6.895e-05,3.0,1.0
6.895999999999999e-05,5.0,1.0
6.897e-05,5.0,1.0
6.898e-05,6.0,1.0
6.899e-05,6.0,1.0
6.900000000000001e-05,6.0,1.0
6.901e-05,4.0,1.0
6.902e-05,6.0,1.0
6.903000000000001e-05,5.0,0.0
6.904e-05,5.0,0.0
6.905e-05,5.0,0.0
6.905999999999999e-05,5.0,1.0
6.906999999999999e-05,6.0,1.0
6.908e-05,5.0,1.0
6.909e-05,3.0,1.0
6.91e-05,5.0,1.0
6.911000000000001e-05,5.0,0.0
6.912e-05,4.0,1.0
6.913e-05,4.0,0.0
6.914e-05,5.0,1.0
6.915e-05,5.0,1.0
6.916e-05,6.0,1.0
6.916999999999999e-05,4.0,1.0
6.918000000000001e-05,5.0,2.0
6.919e-05,5.0,2.0
6.92e-05,5.0,1.0
6.921e-05,7.0,1.0
6.922e-05,6.0,1.0
6.923e-05,5.0,2.0
6.924e-05,4.0,1.0
6.925e-05,3.0,1.0
6.926e-05,3.0,1.0
6.926999999999999e-05,5.0,1.0
6.928e-05,4.0,1.0
6.929000000000001e-05,4.0,1.0
6.93e-05,6.0,1.0
6.931e-05,7.0,1.0
6.932e-05,4.0,1.0
6.933e-05,5.0,0.0
6.934e-05,5.0,0.0
6.934999999999999e-05,5.0,0.0
6.936e-05,5.0,0.0
6.937e-05,4.0,1.0
6.938e-05,4.0,1.0
6.939000000000001e-05,4.0,1.0
6.94e-05,5.0,0.0
6.941e-05,4.0,1.0
6.942e-05,5.0,2.0
6.943e-05,5.0,1.0
6.944e-05,6.0,1.0
6.945e-05,4.0,1.0
6.945999999999999e-05,6.0,1.0
6.947e-05,4.0,2.0
6.948e-05,5.0,0.0
6.949e-05,4.0,0.0
6.950000000000001e-05,4.0,0.0
6.951e-05,5.0,1.0
6.952e-05,6.0,0.0
6.953e-05,5.0,1.0
6.954e-05,6.0,0.0
6.955e-05,4.0,1.0
6.955999999999999e-05,5.0,1.0
6.957e-05,7.0,1.0
6.958000000000001e-05,6.0,2.0
6.959e-05,6.0,1.0
6.96e-05,5.0,2.0
6.961e-05,6.0,1.0
6.962e-05,4.0,1.0
6.963e-05,5.0,0.0
6.964e-05,5.0,0.0
6.965e-05,5.0,1.0
6.966e-05,7.0,1.0
6.967e-05,8.0,0.0
6.968000000000001e-05,7.0,0.0
6.969e-05,7.0,0.0
6.97e-05,7.0,1.0
6.971e-05,7.0,1.0
6.972e-05,6.0,0.0
6.973e-05,6.0,0.0
6.973999999999999e-05,6.0,0.0
6.975e-05,6.0,1.0
6.976e-05,4.0,0.0
6.977e-05,5.0,0.0
6.978e-05,4.0,0.0
6.979000000000001e-05,8.0,1.0
6.98e-05,7.0,0.0
6.981e-05,8.0,1.0
6.981999999999999e-05,6.0,1.0
6.983e-05,5.0,1.0
6.984e-05,5.0,1.0
6.984999999999999e-05,6.0,0.0
6.986000000000001e-05,6.0,2.0
6.987000000000001e-05,5.0,0.0
6.988e-05,5.0,1.0
6.989e-05,5.0,0.0
6.99e-05,7.0,0.0
6.991e-05,5.0,0.0
6.992e-05,4.0,1.0
6.993e-05,6.0,1.0
6.994e-05,4.0,0.0
6.994999999999999e-05,7.0,1.0
6.996e-05,5.0,0.0
6.997000000000001e-05,5.0,0.0
6.998e-05,4.0,1.0
6.999e-05,6.0,1.0
7.000000000000001e-05,5.0,0.0
7.001e-05,6.0,1.0
7.002e-05,6.0,0.0
7.002999999999999e-05,5.0,1.0
7.004e-05,6.0,1.0
7.005e-05,5.0,2.0
7.006e-05,7.0,1.0
7.007e-05,8.0,0.0
7.008e-05,6.0,0.0
7.009e-05,5.0,2.0
7.01e-05,7.0,1.0
7.011e-05,4.0,1.0
7.012e-05,4.0,1.0
7.013e-05,6.0,1.0
7.013999999999999e-05,3.0,1.0
7.015e-05,5.0,2.0
7.016e-05,6.0,2.0
7.017e-05,5.0,2.0
7.018000000000001e-05,5.0,2.0
7.019e-05,5.0,1.0
7.02e-05,5.0,1.0
7.021e-05,4.0,0.0
7.022e-05,6.0,1.0
7.023e-05,7.0,1.0
7.023999999999999e-05,5.0,0.0
7.025000000000001e-05,5.0,0.0
7.026000000000001e-05,4.0,1.0
7.027e-05,5.0,1.0
7.028e-05,4.0,2.0
7.029e-05,4.0,2.0
7.03e-05,5.0,2.0
7.031e-05,5.0,2.0
7.031999999999999e-05,4.0,1.0
7.033e-05,5.0,1.0
7.034e-05,4.0,1.0
7.035e-05,5.0,1.0
7.036000000000001e-05,5.0,2.0
7.037e-05,4.0,3.0
7.038e-05,6.0,0.0
7.039e-05,6.0,2.0
7.04e-05,4.0,1.0
7.041e-05,5.0,1.0
7.042e-05,6.0,1.0
7.043e-05,4.0,1.0
7.044e-05,5.0,1.0
7.045e-05,5.0,1.0
7.046e-05,4.0,3.0
7.047000000000001e-05,4.0,2.0
7.048e-05,4.0,1.0
7.049e-05,4.0,2.0
7.049999999999999e-05,6.0,0.0
7.051e-05,4.0,0.0
7.052e-05,5.0,1.0
7.052999999999999e-05,5.0,0.0
7.054e-05,5.0,1.0
7.055000000000001e-05,5.0,2.0
7.056e-05,5.0,2.0
7.057e-05,4.0,2.0
7.058e-05,6.0,1.0
7.059e-05,6.0,1.0
7.06e-05,5.0,2.0
7.061e-05,4.0,1.0
7.062e-05,4.0,1.0
7.062999999999999e-05,4.0,1.0
7.063999999999999e-05,5.0,1.0
7.065000000000001e-05,3.0,2.0
7.066e-05,3.0,2.0
7.067e-05,4.0,2.0
7.068000000000001e-05,4.0,2.0
7.069e-05,4.0,2.0
7.07e-05,5.0,2.0
7.070999999999999e-05,3.0,2.0
7.072e-05,5.0,1.0
7.073e-05,5.0,2.0
7.074e-05,3.0,0.0
7.075e-05,6.0,2.0
7.076000000000001e-05,5.0,2.0
7.077e-05,5.0,1.0
7.078e-05,4.0,2.0
7.079e-05,5.0,2.0
7.08e-05,4.0,2.0
7.081e-05,4.0,2.0
7.081999999999999e-05,3.0,2.0
7.083e-05,4.0,2.0
7.084e-05,7.0,2.0
7.085e-05,4.0,2.0
7.086000000000001e-05,6.0,1.0
7.087e-05,6.0,1.0
7.088e-05,6.0,1.0
7.089e-05,5.0,1.0
7.09e-05,5.0,1.0
7.091e-05,5.0,1.0
7.091999999999999e-05,5.0,1.0
7.093e-05,5.0,2.0
7.094000000000001e-05,5.0,1.0
7.095e-05,4.0,1.0
7.096e-05,6.0,1.0
7.097e-05,5.0,2.0
7.098e-05,5.0,2.0
7.099e-05,4.0,1.0
7.099999999999999e-05,4.0,2.0
7.101e-05,5.0,1.0
7.102e-05,6.0,2.0
7.103e-05,4.0,2.0
7.104000000000001e-05,5.0,1.0
7.105e-05,5.0,1.0
7.106e-05,7.0,2.0
7.107e-05,5.0,2.0
7.108e-05,4.0,1.0
7.109e-05,5.0,2.0
7.11e-05,4.0,2.0
7.110999999999999e-05,6.0,1.0
7.112e-05,5.0,2.0
7.113e-05,8.0,1.0
7.114e-05,5.0,2.0
7.115000000000001e-05,6.0,3.0
7.116e-05,6.0,1.0
7.117e-05,3.0,0.0
7.118e-05,6.0,1.0
7.119e-05,6.0,1.0
7.12e-05,5.0,1.0
7.120999999999999e-05,6.0,1.0
7.122e-05,6.0,2.0
7.123000000000001e-05,7.0,1.0
7.124e-05,5.0,1.0
7.125e-05,5.0,1.0
7.126e-05,5.0,2.0
7.127e-05,7.0,1.0
7.128e-05,7.0,0.0
7.129e-05,6.0,0.0
7.13e-05,5.0,1.0
7.130999999999999e-05,7.0,1.0
7.131999999999999e-05,7.0,1.0
7.133000000000001e-05,6.0,0.0
7.134e-05,6.0,1.0
7.135e-05,5.0,1.0
7.136e-05,7.0,1.0
7.137e-05,6.0,1.0
7.138e-05,7.0,1.0
7.138999999999999e-05,6.0,1.0
7.14e-05,5.0,0.0
7.141e-05,5.0,1.0
7.142e-05,6.0,2.0
7.143000000000001e-05,5.0,0.0
7.144000000000001e-05,7.0,0.0
7.145e-05,4.0,0.0
7.146e-05,4.0,1.0
7.147e-05,5.0,1.0
7.148e-05,3.0,1.0
7.149e-05,6.0,2.0
7.149999999999999e-05,7.0,1.0
7.151e-05,4.0,1.0
7.152e-05,6.0,0.0
7.153e-05,5.0,2.0
7.154000000000001e-05,5.0,1.0
7.155e-05,6.0,2.0
7.156e-05,6.0,1.0
7.157e-05,4.0,1.0
7.158e-05,6.0,1.0
7.159e-05,6.0,2.0
7.159999999999999e-05,5.0,2.0
7.160999999999999e-05,4.0,2.0
7.162000000000001e-05,4.0,2.0
7.163e-05,5.0,1.0
7.164e-05,4.0,1.0
7.165000000000001e-05,5.0,1.0
7.166e-05,4.0,2.0
7.167e-05,6.0,2.0
7.168e-05,4.0,1.0
7.169e-05,5.0,2.0
7.17e-05,7.0,2.0
7.170999999999999e-05,5.0,1.0
7.172e-05,4.0,1.0
7.173e-05,7.0,0.0
7.174e-05,8.0,0.0
7.175e-05,6.0,2.0
7.176e-05,6.0,0.0
7.177e-05,5.0,0.0
7.178e-05,4.0,1.0
7.179e-05,7.0,1.0
7.18e-05,5.0,1.0
7.181e-05,5.0,1.0
7.182e-05,5.0,1.0
7.183000000000001e-05,5.0,0.0
7.184e-05,3.0,3.0
7.185e-05,6.0,3.0
7.185999999999999e-05,5.0,2.0
7.187e-05,6.0,2.0
7.188e-05,5.0,2.0
7.188999999999999e-05,6.0,1.0
7.19e-05,6.0,0.0
7.191000000000001e-05,6.0,2.0
7.192e-05,4.0,2.0
7.193000000000001e-05,7.0,2.0
7.194e-05,6.0,0.0
7.195e-05,8.0,3.0
7.196e-05,4.0,2.0
7.196999999999999e-05,5.0,2.0
7.198e-05,3.0,1.0
7.199e-05,7.0,2.0
7.199999999999999e-05,5.0,1.0
7.201000000000001e-05,5.0,2.0
7.202e-05,5.0,1.0
7.203e-05,5.0,1.0
7.204000000000001e-05,6.0,1.0
7.205e-05,4.0,2.0
7.206e-05,5.0,1.0
7.206999999999999e-05,5.0,1.0
7.208e-05,5.0,1.0
7.209e-05,6.0,0.0
7.209999999999999e-05,4.0,2.0
7.211e-05,5.0,1.0
7.212000000000001e-05,5.0,1.0
7.213e-05,5.0,0.0
7.214e-05,6.0,2.0
7.215e-05,4.0,1.0
7.216e-05,6.0,3.0
7.217e-05,5.0,0.0
7.218e-05,5.0,0.0
7.219e-05,4.0,1.0
7.22e-05,5.0,0.0
7.221e-05,5.0,2.0
7.222e-05,6.0,1.0
7.223e-05,5.0,1.0
7.224e-05,7.0,1.0
7.225e-05,6.0,2.0
7.226e-05,4.0,1.0
7.227e-05,7.0,3.0
7.227999999999999e-05,5.0,1.0
7.229e-05,4.0,1.0
7.230000000000001e-05,5.0,2.0
7.231e-05,4.0,3.0
7.232e-05,6.0,1.0
7.233e-05,5.0,1.0
7.234e-05,6.0,1.0
7.235e-05,7.0,2.0
7.235999999999999e-05,5.0,2.0
7.237e-05,5.0,1.0
7.238e-05,6.0,1.0
7.238999999999999e-05,5.0,1.0
7.240000000000001e-05,7.0,2.0
7.241e-05,5.0,1.0
7.242e-05,6.0,0.0
7.243000000000001e-05,8.0,2.0
7.244e-05,4.0,2.0
7.245e-05,7.0,1.0
7.246e-05,6.0,1.0
7.246999999999999e-05,6.0,1.0
7.248e-05,6.0,1.0
7.249e-05,6.0,1.0
7.25e-05,7.0,0.0
7.251000000000001e-05,6.0,2.0
7.252e-05,5.0,1.0
7.253e-05,4.0,1.0
7.254000000000001e-05,3.0,2.0
7.255e-05,6.0,1.0
7.256e-05,7.0,1.0
7.256999999999999e-05,6.0,0.0
7.257999999999999e-05,5.0,1.0
7.259000000000001e-05,5.0,1.0
7.26e-05,3.0,2.0
7.261e-05,7.0,1.0
7.262e-05,3.0,2.0
7.263e-05,8.0,2.0
7.264e-05,4.0,0.0
7.265e-05,6.0,0.0
7.266e-05,6.0,1.0
7.267e-05,5.0,1.0
7.268e-05,4.0,1.0
7.269000000000001e-05,7.0,0.0
7.27e-05,6.0,1.0
7.271e-05,5.0,2.0
7.272e-05,4.0,2.0
7.273e-05,5.0,0.0
7.274e-05,5.0,2.0
7.274999999999999e-05,4.0,1.0
7.276e-05,4.0,1.0
7.277e-05,7.0,2.0
7.277999999999999e-05,7.0,2.0
7.279000000000001e-05,4.0,1.0
7.280000000000001e-05,5.0,1.0
7.281e-05,5.0,1.0
7.282e-05,5.0,1.0
7.282999999999999e-05,5.0,2.0
7.284e-05,7.0,1.0
7.285e-05,5.0,2.0
7.285999999999999e-05,4.0,0.0
7.287e-05,6.0,1.0
7.288000000000001e-05,6.0,3.0
7.289e-05,5.0,2.0
7.290000000000001e-05,4.0,1.0
7.291e-05,4.0,1.0
7.292e-05,6.0,3.0
7.293000000000001e-05,4.0,1.0
7.293999999999999e-05,4.0,2.0
7.295e-05,5.0,2.0
7.295999999999999e-05,4.0,2.0
7.296999999999999e-05,5.0,2.0
7.298000000000001e-05,5.0,1.0
7.299e-05,6.0,1.0
7.3e-05,7.0,2.0
7.301000000000001e-05,4.0,1.0
7.302e-05,6.0,2.0
7.303e-05,4.0,2.0
7.304e-05,6.0,2.0
7.305e-05,5.0,2.0
7.306e-05,4.0,2.0
7.306999999999999e-05,6.0,2.0
7.308e-05,6.0,0.0
7.309e-05,6.0,1.0
7.31e-05,6.0,2.0
7.311e-05,5.0,2.0
7.312e-05,6.0,2.0
7.313e-05,7.0,1.0
7.314e-05,5.0,2.0
7.315e-05,6.0,1.0
7.316e-05,7.0,2.0
7.316999999999999e-05,6.0,2.0
7.318000000000001e-05,5.0,2.0
7.319e-05,4.0,2.0
7.32e-05,7.0,2.0
7.321e-05,6.0,1.0
7.322e-05,5.0,0.0
7.323e-05,5.0,3.0
7.324e-05,4.0,1.0
7.324999999999999e-05,6.0,0.0
7.326e-05,5.0,1.0
7.327000000000001e-05,6.0,2.0
7.328e-05,5.0,1.0
7.329000000000001e-05,6.0,3.0
7.33e-05,6.0,2.0
7.331e-05,6.0,1.0
7.332e-05,6.0,1.0
7.332999999999999e-05,5.0,2.0
7.334e-05,5.0,1.0
7.335e-05,6.0,1.0
7.335999999999999e-05,5.0,0.0
7.337000000000001e-05,4.0,2.0
7.338e-05,5.0,2.0
7.339e-05,5.0,2.0
7.340000000000001e-05,6.0,2.0
7.341e-05,6.0,1.0
7.342e-05,6.0,2.0
7.343e-05,5.0,1.0
7.343999999999999e-05,5.0,2.0
7.345e-05,6.0,0.0
7.345999999999999e-05,7.0,2.0
7.347e-05,5.0,2.0
7.348000000000001e-05,7.0,2.0
7.349e-05,7.0,1.0
7.35e-05,6.0,2.0
7.351e-05,6.0,2.0
7.352e-05,5.0,1.0
7.353e-05,4.0,0.0
7.354e-05,5.0,1.0
7.354999999999999e-05,5.0,3.0
7.356e-05,5.0,2.0
7.357e-05,5.0,2.0
7.358e-05,5.0,1.0
7.359e-05,6.0,1.0
7.36e-05,6.0,2.0
7.361e-05,6.0,2.0
7.362e-05,6.0,2.0
7.363e-05,6.0,1.0
7.363999999999999e-05,6.0,1.0
7.365e-05,6.0,1.0
7.366000000000001e-05,6.0,2.0
7.367e-05,6.0,1.0
7.368000000000001e-05,6.0,2.0
7.369e-05,5.0,1.0
7.37e-05,5.0,1.0
7.371e-05,6.0,1.0
7.371999999999999e-05,7.0,1.0
7.373e-05,6.0,1.0
7.374e-05,5.0,1.0
7.374999999999999e-05,7.0,1.0
7.376000000000001e-05,5.0,2.0
7.377000000000001e-05,6.0,3.0
7.378e-05,6.0,1.0
7.379000000000001e-05,6.0,3.0
7.379999999999999e-05,5.0,1.0
7.381e-05,7.0,2.0
7.382e-05,7.0,1.0
7.382999999999999e-05,6.0,1.0
7.384e-05,6.0,1.0
7.384999999999999e-05,4.0,1.0
7.386e-05,5.0,1.0
7.387000000000001e-05,6.0,1.0
7.388e-05,5.0,1.0
7.389e-05,5.0,1.0
7.390000000000001e-05,6.0,1.0
7.391e-05,6.0,2.0
7.392e-05,6.0,1.0
7.393e-05,6.0,0.0
7.393999999999999e-05,6.0,2.0
7.395000000000001e-05,6.0,1.0
7.396e-05,6.0,1.0
7.397e-05,4.0,1.0
7.398e-05,6.0,1.0
7.399e-05,5.0,1.0
7.4e-05,5.0,1.0
7.401e-05,5.0,1.0
7.402e-05,5.0,2.0
7.403e-05,6.0,0.0
7.404e-05,4.0,2.0
7.405e-05,5.0,3.0
7.406e-05,6.0,1.0
7.407e-05,6.0,2.0
7.408e-05,6.0,2.0
7.409e-05,4.0,2.0
7.41e-05,6.0,2.0
7.411e-05,5.0,2.0
7.412e-05,4.0,1.0
7.413e-05,6.0,2.0
7.413999999999999e-05,6.0,1.0
7.415000000000001e-05,6.0,2.0
7.416e-05,6.0,2.0
7.417e-05,6.0,2.0
7.418000000000001e-05,7.0,2.0
7.418999999999999e-05,5.0,2.0
7.42e-05,6.0,3.0
7.421e-05,4.0,2.0
7.421999999999999e-05,3.0,1.0
7.423e-05,5.0,1.0
7.424e-05,6.0,2.0
7.425e-05,6.0,2.0
7.426000000000001e-05,5.0,3.0
7.427e-05,6.0,1.0
7.428e-05,6.0,0.0
7.429000000000001e-05,7.0,2.0
7.429999999999999e-05,6.0,2.0
7.431e-05,5.0,1.0
7.431999999999999e-05,5.0,2.0
7.432999999999999e-05,8.0,1.0
7.434000000000001e-05,7.0,1.0
7.435e-05,6.0,2.0
7.436e-05,5.0,3.0
7.437000000000001e-05,7.0,3.0
7.438e-05,4.0,2.0
7.439e-05,6.0,3.0
7.44e-05,5.0,3.0
7.440999999999999e-05,5.0,2.0
7.442e-05,6.0,1.0
7.443e-05,6.0,2.0
7.444e-05,5.0,2.0
7.445000000000001e-05,4.0,2.0
7.446e-05,7.0,2.0
7.447e-05,6.0,2.0
7.448e-05,6.0,2.0
7.449e-05,6.0,1.0
7.45e-05,7.0,1.0
7.451e-05,3.0,1.0
7.452e-05,5.0,1.0
7.452999999999999e-05,6.0,2.0
7.454000000000001e-05,6.0,1.0
7.455e-05,6.0,2.0
7.456e-05,6.0,1.0
7.457e-05,6.0,1.0
7.458e-05,6.0,2.0
7.459e-05,7.0,1.0
7.46e-05,6.0,1.0
7.460999999999999e-05,5.0,2.0
7.462e-05,4.0,1.0
7.463e-05,6.0,1.0
7.464e-05,6.0,3.0
7.465000000000001e-05,4.0,1.0
7.466e-05,5.0,2.0
7.467e-05,4.0,2.0
7.468000000000001e-05,7.0,2.0
7.468999999999999e-05,4.0,2.0
7.47e-05,6.0,2.0
7.471e-05,8.0,1.0
7.471999999999999e-05,6.0,2.0
7.473000000000001e-05,7.0,2.0
7.474e-05,5.0,1.0
7.475e-05,6.0,1.0
7.476000000000001e-05,6.0,1.0
7.476999999999999e-05,5.0,1.0
7.478e-05,6.0,1.0
7.479000000000001e-05,6.0,0.0
7.479999999999999e-05,7.0,0.0
7.481e-05,6.0,2.0
7.481999999999999e-05,7.0,1.0
7.483e-05,6.0,1.0
7.484000000000001e-05,6.0,1.0
7.485e-05,6.0,0.0
7.486e-05,7.0,2.0
7.487e-05,6.0,3.0
7.488e-05,7.0,3.0
7.489e-05,6.0,2.0
7.49e-05,7.0,1.0
7.490999999999999e-05,7.0,1.0
7.492e-05,7.0,1.0
7.493000000000002e-05,5.0,2.0
7.494e-05,6.0,1.0
7.495e-05,7.0,2.0
7.496e-05,6.0,2.0
7.497e-05,6.0,1.0
7.498e-05,7.0,1.0
7.499e-05,3.0,1.0
7.5e-05,6.0,1.0
7.501e-05,6.0,3.0
7.501999999999998e-05,7.0,2.0
7.503e-05,6.0,1.0
7.504000000000001e-05,7.0,1.0
7.505e-05,8.0,3.0
7.506e-05,6.0,1.0
7.507e-05,4.0,2.0
7.507999999999999e-05,6.0,1.0
7.509e-05,5.0,2.0
7.51e-05,7.0,1.0
7.510999999999999e-05,4.0,2.0
7.512000000000001e-05,7.0,1.0
7.513000000000001e-05,6.0,2.0
7.514e-05,6.0,1.0
7.515000000000001e-05,7.0,2.0
7.515999999999999e-05,5.0,3.0
7.517e-05,6.0,2.0
7.518000000000001e-05,3.0,1.0
7.518999999999999e-05,6.0,1.0
7.52e-05,8.0,1.0
7.520999999999999e-05,8.0,1.0
7.522e-05,7.0,2.0
7.523000000000001e-05,5.0,1.0
7.524e-05,5.0,1.0
7.525e-05,5.0,2.0
7.526000000000001e-05,4.0,3.0
7.526999999999999e-05,5.0,1.0
7.528e-05,5.0,1.0
7.529e-05,7.0,3.0
7.529999999999999e-05,7.0,3.0
7.531e-05,6.0,2.0
7.532e-05,7.0,1.0
7.533e-05,5.0,1.0
7.534000000000001e-05,8.0,1.0
7.535e-05,6.0,2.0
7.536e-05,8.0,1.0
7.537e-05,6.0,0.0
7.537999999999999e-05,5.0,2.0
7.539e-05,9.0,1.0
7.54e-05,9.0,1.0
7.540999999999998e-05,7.0,1.0
7.542e-05,7.0,2.0
7.543000000000001e-05,6.0,0.0
7.544e-05,9.0,1.0
7.545e-05,6.0,1.0
7.546e-05,7.0,0.0
7.547e-05,7.0,0.0
7.548e-05,8.0,2.0
7.549e-05,8.0,0.0
7.549999999999999e-05,8.0,2.0
7.551000000000001e-05,5.0,2.0
7.552e-05,5.0,1.0
7.553e-05,5.0,1.0
7.554000000000001e-05,5.0,2.0
7.555e-05,8.0,3.0
7.556e-05,7.0,1.0
7.557e-05,6.0,0.0
7.557999999999999e-05,7.0,1.0
7.559e-05,7.0,1.0
7.56e-05,6.0,1.0
7.561e-05,7.0,1.0
7.562000000000001e-05,9.0,1.0
7.562999999999999e-05,6.0,1.0
7.564e-05,6.0,1.0
7.565000000000001e-05,6.0,1.0
7.565999999999999e-05,6.0,0.0
7.567e-05,7.0,1.0
7.568000000000001e-05,5.0,1.0
7.568999999999999e-05,6.0,1.0
7.57e-05,6.0,2.0
7.571e-05,3.0,1.0
7.572e-05,4.0,1.0
7.573000000000001e-05,7.0,1.0
7.574e-05,7.0,0.0
7.575e-05,6.0,0.0
7.576e-05,7.0,0.0
7.576999999999999e-05,3.0,0.0
7.578e-05,6.0,1.0
7.579e-05,5.0,1.0
7.579999999999999e-05,6.0,1.0
7.581000000000001e-05,6.0,0.0
7.582e-05,5.0,0.0
7.583e-05,4.0,1.0
7.584e-05,6.0,2.0
7.585e-05,6.0,1.0
7.586e-05,6.0,0.0
7.587e-05,7.0,2.0
7.587999999999999e-05,6.0,2.0
7.589e-05,7.0,1.0
7.590000000000002e-05,6.0,2.0
7.591e-05,6.0,2.0
7.592e-05,5.0,2.0
7.593000000000001e-05,3.0,3.0
7.594e-05,5.0,2.0
7.595e-05,6.0,2.0
7.596e-05,6.0,1.0
7.596999999999999e-05,4.0,2.0
7.598e-05,4.0,3.0
7.598999999999998e-05,5.0,1.0
7.6e-05,5.0,1.0
7.601000000000001e-05,5.0,3.0
7.602e-05,6.0,2.0
7.603e-05,7.0,2.0
7.604000000000001e-05,6.0,3.0
7.604999999999999e-05,5.0,2.0
7.606e-05,6.0,1.0
7.607e-05,5.0,1.0
7.607999999999999e-05,6.0,2.0
7.609e-05,7.0,2.0
7.61e-05,6.0,2.0
7.611e-05,5.0,2.0
7.612000000000001e-05,6.0,2.0
7.612999999999999e-05,6.0,2.0
7.614e-05,6.0,2.0
7.615000000000001e-05,6.0,2.0
7.615999999999999e-05,5.0,1.0
7.617e-05,5.0,2.0
7.618e-05,3.0,1.0
7.618999999999999e-05,3.0,2.0
7.620000000000001e-05,7.0,0.0
7.621e-05,5.0,1.0
7.622e-05,6.0,0.0
7.623000000000001e-05,6.0,2.0
7.623999999999999e-05,6.0,1.0
7.625e-05,6.0,0.0
7.626e-05,7.0,1.0
7.626999999999999e-05,5.0,2.0
7.628e-05,5.0,0.0
7.629000000000002e-05,5.0,1.0
7.63e-05,6.0,1.0
7.631e-05,6.0,1.0
7.632e-05,6.0,1.0
7.633e-05,5.0,1.0
7.634e-05,6.0,2.0
7.635e-05,6.0,2.0
7.636e-05,4.0,2.0
7.637e-05,5.0,2.0
7.637999999999998e-05,4.0,1.0
7.639e-05,5.0,1.0
7.640000000000001e-05,6.0,0.0
7.641e-05,6.0,2.0
7.642e-05,6.0,1.0
7.643000000000001e-05,6.0,1.0
7.643999999999999e-05,5.0,0.0
7.645e-05,6.0,0.0
7.646e-05,4.0,1.0
7.646999999999999e-05,5.0,0.0
7.648e-05,5.0,1.0
7.649e-05,7.0,1.0
7.65e-05,5.0,1.0
7.651000000000001e-05,5.0,1.0
7.651999999999999e-05,6.0,2.0
7.653e-05,5.0,1.0
7.654000000000001e-05,8.0,1.0
7.654999999999999e-05,7.0,1.0
7.656e-05,7.0,0.0
7.657e-05,6.0,1.0
7.658e-05,6.0,1.0
7.659000000000001e-05,5.0,0.0
7.659999999999999e-05,6.0,0.0
7.661e-05,5.0,1.0
7.662000000000001e-05,6.0,1.0
7.662999999999999e-05,6.0,1.0
7.664e-05,5.0,1.0
7.665e-05,6.0,1.0
7.665999999999999e-05,5.0,1.0
7.667e-05,4.0,0.0
7.668000000000002e-05,6.0,1.0
7.669e-05,5.0,1.0
7.670000000000001e-05,6.0,1.0
7.671e-05,4.0,1.0
7.672e-05,7.0,1.0
7.673e-05,4.0,0.0
7.673999999999999e-05,6.0,1.0
7.675e-05,3.0,1.0
7.676e-05,5.0,0.0
7.676999999999998e-05,5.0,1.0
7.678000000000001e-05,5.0,1.0
7.679000000000002e-05,5.0,1.0
7.68e-05,6.0,1.0
7.681e-05,5.0,0.0
7.682e-05,4.0,0.0
7.683e-05,6.0,1.0
7.684e-05,7.0,1.0
7.684999999999998e-05,7.0,1.0
7.685999999999999e-05,6.0,1.0
7.687000000000001e-05,4.0,1.0
7.688e-05,6.0,0.0
7.689e-05,4.0,1.0
7.690000000000001e-05,6.0,0.0
7.691e-05,7.0,1.0
7.692e-05,7.0,1.0
7.693000000000001e-05,4.0,1.0
7.693999999999999e-05,5.0,0.0
7.695e-05,5.0,2.0
7.696e-05,6.0,1.0
7.697e-05,6.0,0.0
7.698000000000001e-05,6.0,1.0
7.698999999999999e-05,6.0,1.0
7.7e-05,6.0,2.0
7.701000000000001e-05,6.0,1.0
7.701999999999999e-05,5.0,2.0
7.703e-05,6.0,1.0
7.704000000000001e-05,3.0,2.0
7.704999999999999e-05,6.0,1.0
7.706e-05,4.0,0.0
7.707e-05,5.0,1.0
7.708e-05,7.0,1.0
7.709000000000001e-05,5.0,2.0
7.709999999999999e-05,5.0,1.0
7.711e-05,6.0,1.0
7.712000000000001e-05,7.0,1.0
7.712999999999999e-05,4.0,1.0
7.714e-05,5.0,1.0
7.715e-05,6.0,0.0
7.715999999999999e-05,6.0,0.0
7.717000000000001e-05,4.0,1.0
7.718000000000002e-05,6.0,0.0
7.719e-05,7.0,1.0
7.72e-05,6.0,0.0
7.720999999999999e-05,4.0,1.0
7.722e-05,5.0,0.0
7.723e-05,6.0,1.0
7.723999999999999e-05,5.0,2.0
7.725e-05,6.0,1.0
7.726000000000002e-05,5.0,1.0
7.727e-05,7.0,1.0
7.728e-05,6.0,2.0
7.729000000000001e-05,5.0,2.0
7.73e-05,6.0,1.0
7.731e-05,6.0,1.0
7.732e-05,6.0,1.0
7.732999999999999e-05,6.0,1.0
7.734e-05,5.0,1.0
7.734999999999998e-05,4.0,0.0
7.736e-05,5.0,1.0
7.737000000000001e-05,8.0,1.0
7.738e-05,4.0,2.0
7.739e-05,5.0,1.0
7.740000000000001e-05,6.0,1.0
7.740999999999999e-05,5.0,0.0
7.742e-05,6.0,1.0
7.743000000000001e-05,7.0,1.0
7.743999999999999e-05,6.0,0.0
7.745e-05,6.0,0.0
7.746e-05,7.0,1.0
7.747e-05,8.0,0.0
7.748000000000001e-05,6.0,1.0
7.748999999999999e-05,6.0,1.0
7.75e-05,8.0,1.0
7.751000000000001e-05,7.0,1.0
7.751999999999999e-05,8.0,1.0
7.753e-05,7.0,1.0
7.754e-05,7.0,1.0
7.754999999999999e-05,7.0,1.0
7.756000000000001e-05,7.0,1.0
7.757e-05,6.0,1.0
7.758e-05,8.0,1.0
7.759000000000001e-05,7.0,1.0
7.759999999999999e-05,8.0,1.0
7.761e-05,8.0,1.0
7.762e-05,7.0,1.0
7.762999999999999e-05,8.0,1.0
7.764e-05,6.0,3.0
7.765000000000002e-05,7.0,1.0
7.766e-05,7.0,0.0
7.767000000000001e-05,8.0,0.0
7.768000000000002e-05,6.0,0.0
7.769e-05,6.0,1.0
7.77e-05,6.0,1.0
7.770999999999999e-05,7.0,0.0
7.772e-05,5.0,1.0
7.773e-05,7.0,2.0
7.773999999999998e-05,5.0,2.0
7.775e-05,3.0,1.0
7.776000000000001e-05,5.0,0.0
7.777e-05,6.0,1.0
7.778e-05,6.0,1.0
7.779000000000001e-05,4.0,1.0
7.78e-05,5.0,1.0
7.781e-05,7.0,1.0
7.781999999999998e-05,7.0,1.0
7.782999999999999e-05,7.0,1.0
7.784e-05,7.0,1.0
7.785e-05,5.0,1.0
7.786e-05,6.0,1.0
7.787000000000001e-05,7.0,1.0
7.787999999999999e-05,6.0,1.0
7.789e-05,7.0,1.0
7.790000000000001e-05,8.0,1.0
7.790999999999999e-05,8.0,1.0
7.792e-05,7.0,1.0
7.793000000000001e-05,6.0,0.0
7.793999999999999e-05,5.0,1.0
7.795000000000001e-05,6.0,0.0
7.795999999999999e-05,7.0,0.0
7.797e-05,7.0,0.0
7.798000000000001e-05,7.0,1.0
7.798999999999999e-05,8.0,0.0
7.8e-05,5.0,1.0
7.801000000000001e-05,7.0,0.0
7.801999999999999e-05,8.0,1.0
7.803e-05,5.0,1.0
7.804000000000002e-05,7.0,1.0
7.805e-05,7.0,1.0
7.806000000000001e-05,7.0,1.0
7.806999999999999e-05,7.0,1.0
7.808e-05,6.0,1.0
7.809e-05,6.0,0.0
7.809999999999999e-05,7.0,1.0
7.811e-05,6.0,2.0
7.812e-05,8.0,0.0
7.812999999999999e-05,5.0,1.0
7.814000000000001e-05,7.0,1.0
7.815000000000002e-05,5.0,0.0
7.816e-05,8.0,1.0
7.817e-05,7.0,1.0
7.818000000000001e-05,6.0,1.0
7.819e-05,8.0,1.0
7.82e-05,7.0,1.0
7.820999999999998e-05,7.0,3.0
7.821999999999999e-05,7.0,0.0
7.823e-05,7.0,2.0
7.824e-05,5.0,2.0
7.825e-05,7.0,1.0
7.826000000000001e-05,8.0,2.0
7.827e-05,5.0,0.0
7.828e-05,6.0,1.0
7.829000000000001e-05,6.0,1.0
7.829999999999999e-05,5.0,1.0
7.831e-05,6.0,1.0
7.831999999999998e-05,7.0,1.0
7.832999999999999e-05,5.0,1.0
7.834000000000001e-05,8.0,1.0
7.835e-05,7.0,1.0
7.836e-05,7.0,0.0
7.837000000000001e-05,8.0,1.0
7.837999999999999e-05,6.0,1.0
7.839e-05,5.0,1.0
7.840000000000001e-05,7.0,1.0
7.840999999999999e-05,7.0,1.0
7.842e-05,5.0,0.0
7.843000000000002e-05,7.0,0.0
7.844e-05,6.0,1.0
7.845000000000001e-05,7.0,1.0
7.845999999999999e-05,7.0,1.0
7.847e-05,7.0,1.0
7.848000000000001e-05,7.0,1.0
7.848999999999999e-05,6.0,1.0
7.85e-05,9.0,1.0
7.851e-05,8.0,1.0
7.851999999999999e-05,8.0,1.0
7.853000000000001e-05,6.0,1.0
7.854000000000002e-05,7.0,1.0
7.855e-05,8.0,1.0
7.856000000000001e-05,7.0,0.0
7.856999999999999e-05,8.0,1.0
7.858e-05,7.0,1.0
7.859e-05,7.0,1.0
7.859999999999999e-05,8.0,1.0
7.861e-05,7.0,1.0
7.862e-05,7.0,0.0
7.863e-05,7.0,1.0
7.864e-05,8.0,0.0
7.865000000000001e-05,7.0,1.0
7.866e-05,8.0,0.0
7.867e-05,9.0,1.0
7.868e-05,6.0,0.0
7.869e-05,7.0,1.0
7.87e-05,6.0,1.0
7.870999999999998e-05,8.0,0.0
7.871999999999999e-05,6.0,0.0
7.873000000000001e-05,9.0,0.0
7.874e-05,7.0,1.0
7.875e-05,8.0,1.0
7.876000000000001e-05,5.0,1.0
7.876999999999999e-05,7.0,0.0
7.878e-05,5.0,0.0
7.879000000000001e-05,6.0,0.0
7.879999999999999e-05,5.0,0.0
7.881e-05,7.0,0.0
7.881999999999998e-05,6.0,1.0
7.883e-05,8.0,1.0
7.884000000000001e-05,8.0,1.0
7.884999999999999e-05,6.0,1.0
7.886e-05,7.0,0.0
7.887000000000001e-05,6.0,1.0
7.887999999999999e-05,7.0,1.0
7.889e-05,6.0,0.0
7.890000000000001e-05,4.0,0.0
7.890999999999999e-05,7.0,0.0
7.892000000000001e-05,5.0,1.0
7.893e-05,7.0,0.0
7.894e-05,7.0,1.0
7.895000000000001e-05,7.0,1.0
7.895999999999999e-05,7.0,1.0
7.897e-05,7.0,1.0
7.898e-05,7.0,2.0
7.898999999999999e-05,8.0,1.0
7.9e-05,6.0,1.0
7.901e-05,8.0,0.0
7.902e-05,6.0,1.0
7.903000000000001e-05,7.0,0.0
7.904000000000002e-05,7.0,0.0
7.905e-05,5.0,1.0
7.906e-05,5.0,1.0
7.906999999999999e-05,6.0,1.0
7.908e-05,6.0,1.0
7.909e-05,6.0,1.0
7.909999999999998e-05,4.0,0.0
7.910999999999999e-05,6.0,1.0
7.912000000000001e-05,7.0,1.0
7.913e-05,4.0,2.0
7.914e-05,5.0,1.0
7.915000000000001e-05,6.0,1.0
7.916e-05,5.0,0.0
7.917e-05,6.0,1.0
7.918e-05,6.0,2.0
7.918999999999999e-05,4.0,2.0
7.92e-05,5.0,1.0
7.921e-05,4.0,1.0
7.922e-05,5.0,1.0
7.923000000000001e-05,6.0,1.0
7.924e-05,4.0,2.0
7.925e-05,3.0,2.0
7.926000000000001e-05,3.0,1.0
7.926999999999999e-05,4.0,0.0
7.928e-05,3.0,1.0
7.929e-05,4.0,1.0
7.929999999999999e-05,5.0,1.0
7.931000000000001e-05,4.0,0.0
7.931999999999999e-05,5.0,1.0
7.933e-05,5.0,1.0
7.934000000000001e-05,5.0,1.0
7.934999999999999e-05,4.0,1.0
7.936e-05,5.0,1.0
7.937000000000001e-05,8.0,1.0
7.937999999999999e-05,6.0,1.0
7.939e-05,6.0,0.0
7.94e-05,6.0,1.0
7.941e-05,7.0,1.0
7.942000000000001e-05,5.0,1.0
7.943e-05,5.0,1.0
7.944e-05,8.0,1.0
7.945e-05,5.0,1.0
7.945999999999999e-05,7.0,1.0
7.947e-05,7.0,1.0
7.948e-05,9.0,1.0
7.948999999999999e-05,8.0,1.0
7.950000000000001e-05,7.0,1.0
7.951000000000002e-05,7.0,1.0
7.952e-05,7.0,1.0
7.953e-05,6.0,1.0
7.954e-05,7.0,1.0
7.955e-05,6.0,0.0
7.956e-05,6.0,1.0
7.956999999999999e-05,9.0,1.0
7.958e-05,6.0,1.0
7.959e-05,6.0,1.0
7.96e-05,7.0,1.0
7.961e-05,8.0,1.0
7.962000000000001e-05,7.0,1.0
7.963e-05,8.0,1.0
7.964e-05,8.0,1.0
7.965000000000001e-05,6.0,1.0
7.965999999999999e-05,7.0,1.0
7.967e-05,8.0,2.0
7.968e-05,8.0,1.0
7.968999999999999e-05,7.0,1.0
7.970000000000001e-05,6.0,1.0
7.971e-05,6.0,1.0
7.972e-05,7.0,1.0
7.973000000000001e-05,7.0,1.0
7.973999999999999e-05,9.0,1.0
7.975e-05,9.0,2.0
7.976000000000001e-05,6.0,2.0
7.976999999999999e-05,7.0,1.0
7.978e-05,7.0,2.0
7.979e-05,5.0,1.0
7.98e-05,4.0,1.0
7.981000000000001e-05,6.0,1.0
7.981999999999999e-05,6.0,2.0
7.983e-05,7.0,1.0
7.984000000000001e-05,5.0,0.0
7.984999999999999e-05,5.0,2.0
7.986e-05,6.0,1.0
7.987e-05,7.0,1.0
7.987999999999999e-05,5.0,1.0
7.989000000000001e-05,4.0,1.0
7.99e-05,6.0,1.0
7.991e-05,4.0,1.0
7.992000000000001e-05,6.0,1.0
7.993e-05,7.0,1.0
7.994e-05,5.0,1.0
7.995e-05,6.0,1.0
7.995999999999999e-05,7.0,1.0
7.997e-05,8.0,3.0
7.998e-05,5.0,1.0
7.999e-05,5.0,1.0
8e-05,7.0,1.0
8.001000000000001e-05,7.0,1.0
8.002e-05,5.0,0.0
8.003e-05,6.0,0.0
8.004e-05,9.0,1.0
8.005e-05,6.0,1.0
8.006e-05,7.0,1.0
8.006999999999998e-05,7.0,1.0
8.007999999999999e-05,8.0,1.0
8.009000000000001e-05,7.0,1.0
8.01e-05,8.0,1.0
8.011e-05,5.0,1.0
8.012000000000001e-05,7.0,0.0
8.013e-05,8.0,0.0
8.014e-05,8.0,0.0
8.015e-05,8.0,1.0
8.015999999999999e-05,6.0,1.0
8.017e-05,6.0,1.0
8.018e-05,6.0,1.0
8.019e-05,8.0,0.0
8.020000000000001e-05,7.0,1.0
8.020999999999999e-05,6.0,1.0
8.022e-05,7.0,1.0
8.023000000000001e-05,6.0,1.0
8.023999999999999e-05,7.0,1.0
8.025e-05,7.0,1.0
8.026000000000001e-05,8.0,1.0
8.026999999999999e-05,8.0,1.0
8.028000000000001e-05,8.0,1.0
8.029e-05,5.0,1.0
8.03e-05,6.0,1.0
8.031000000000001e-05,8.0,2.0
8.031999999999999e-05,7.0,1.0
8.033e-05,8.0,1.0
8.034e-05,8.0,1.0
8.034999999999999e-05,8.0,1.0
8.036e-05,6.0,1.0
8.037e-05,8.0,1.0
8.038e-05,6.0,1.0
8.039000000000001e-05,7.0,1.0
8.04e-05,7.0,1.0
8.041e-05,7.0,2.0
8.042e-05,6.0,1.0
8.043e-05,7.0,1.0
8.044e-05,6.0,0.0
8.045e-05,6.0,1.0
8.045999999999999e-05,7.0,1.0
8.047e-05,7.0,1.0
8.048000000000002e-05,6.0,2.0
8.049e-05,7.0,1.0
8.05e-05,9.0,1.0
8.051e-05,6.0,1.0
8.052e-05,7.0,1.0
8.053e-05,6.0,1.0
8.054e-05,5.0,1.0
8.054999999999999e-05,7.0,1.0
8.056e-05,7.0,1.0
8.056999999999998e-05,6.0,1.0
8.058e-05,6.0,1.0
8.059000000000001e-05,6.0,1.0
8.06e-05,4.0,1.0
8.061e-05,6.0,0.0
8.062000000000001e-05,7.0,0.0
8.062999999999999e-05,6.0,1.0
8.064e-05,5.0,1.0
8.065e-05,6.0,1.0
8.065999999999999e-05,7.0,1.0
8.067000000000001e-05,4.0,1.0
8.068000000000001e-05,7.0,1.0
8.069e-05,5.0,1.0
8.070000000000001e-05,6.0,1.0
8.070999999999999e-05,5.0,1.0
8.072e-05,5.0,1.0
8.073000000000001e-05,5.0,1.0
8.073999999999999e-05,7.0,1.0
8.075e-05,6.0,1.0
8.075999999999999e-05,5.0,0.0
8.077e-05,6.0,0.0
8.078000000000001e-05,3.0,1.0
8.079e-05,6.0,1.0
8.08e-05,5.0,1.0
8.081000000000001e-05,5.0,0.0
8.081999999999999e-05,5.0,1.0
8.083e-05,6.0,1.0
8.084e-05,6.0,1.0
8.084999999999999e-05,6.0,1.0
8.086e-05,6.0,1.0
8.087000000000002e-05,6.0,2.0
8.088e-05,5.0,1.0
8.089e-05,5.0,1.0
8.09e-05,5.0,1.0
8.091e-05,6.0,2.0
8.092e-05,5.0,1.0
8.093e-05,5.0,2.0
8.094e-05,5.0,1.0
8.095e-05,5.0,1.0
8.095999999999998e-05,5.0,1.0
8.097e-05,6.0,1.0
8.098000000000001e-05,6.0,0.0
8.099e-05,5.0,1.0
8.1e-05,5.0,1.0
8.101e-05,5.0,1.0
8.102e-05,6.0,1.0
8.103e-05,6.0,1.0
8.104e-05,6.0,1.0
8.104999999999999e-05,5.0,1.0
8.106000000000001e-05,7.0,1.0
8.107e-05,5.0,1.0
8.108e-05,6.0,1.0
8.109000000000001e-05,6.0,1.0
8.109999999999999e-05,6.0,0.0
8.111e-05,5.0,1.0
8.112e-05,6.0,1.0
8.112999999999999e-05,7.0,1.0
8.114e-05,6.0,1.0
8.115e-05,7.0,1.0
8.116e-05,4.0,1.0
8.117000000000001e-05,6.0,1.0
8.118e-05,5.0,1.0
8.119e-05,7.0,1.0
8.120000000000001e-05,6.0,1.0
8.120999999999999e-05,5.0,1.0
8.122e-05,5.0,1.0
8.123e-05,7.0,1.0
8.123999999999999e-05,5.0,1.0
8.125e-05,5.0,1.0
8.126e-05,6.0,1.0
8.127e-05,7.0,1.0
8.128000000000001e-05,6.0,1.0
8.129e-05,7.0,1.0
8.13e-05,5.0,1.0
8.131e-05,7.0,1.0
8.131999999999999e-05,5.0,2.0
8.133e-05,5.0,1.0
8.134e-05,6.0,1.0
8.134999999999999e-05,6.0,1.0
8.136000000000001e-05,6.0,1.0
8.137e-05,7.0,1.0
8.138e-05,6.0,2.0
8.139e-05,6.0,1.0
8.14e-05,8.0,1.0
8.141e-05,6.0,1.0
8.142e-05,8.0,1.0
8.143e-05,5.0,1.0
8.143999999999999e-05,7.0,1.0
8.145000000000001e-05,6.0,1.0
8.146e-05,4.0,1.0
8.147e-05,6.0,1.0
8.148000000000001e-05,6.0,1.0
8.149e-05,6.0,1.0
8.15e-05,5.0,2.0
8.151e-05,4.0,1.0
8.151999999999999e-05,6.0,1.0
8.153e-05,5.0,1.0
8.154e-05,6.0,1.0
8.155e-05,5.0,1.0
8.156000000000001e-05,7.0,1.0
8.156999999999999e-05,7.0,1.0
8.158e-05,5.0,1.0
8.159000000000001e-05,6.0,1.0
8.159999999999999e-05,6.0,1.0
8.161e-05,5.0,0.0
8.162e-05,6.0,1.0
8.162999999999999e-05,6.0,1.0
8.164e-05,5.0,1.0
8.165e-05,6.0,0.0
8.166e-05,6.0,2.0
8.167000000000001e-05,7.0,2.0
8.168e-05,6.0,2.0
8.169e-05,7.0,2.0
8.170000000000001e-05,5.0,2.0
8.170999999999999e-05,7.0,1.0
8.172e-05,7.0,2.0
8.172999999999999e-05,5.0,1.0
8.173999999999999e-05,6.0,1.0
8.175000000000001e-05,5.0,1.0
8.176e-05,6.0,1.0
8.177e-05,6.0,2.0
8.178e-05,6.0,2.0
8.179e-05,5.0,0.0
8.18e-05,6.0,2.0
8.181e-05,6.0,2.0
8.181999999999999e-05,6.0,2.0
8.183e-05,6.0,0.0
8.184000000000002e-05,6.0,1.0
8.185e-05,6.0,1.0
8.186e-05,6.0,0.0
8.187e-05,7.0,2.0
8.188e-05,6.0,1.0
8.189e-05,6.0,2.0
8.19e-05,6.0,2.0
8.191e-05,7.0,1.0
8.192e-05,5.0,0.0
8.193e-05,6.0,1.0
8.194e-05,6.0,0.0
8.195000000000001e-05,8.0,1.0
8.196e-05,6.0,1.0
8.197e-05,7.0,1.0
8.198e-05,6.0,1.0
8.198999999999999e-05,7.0,2.0
8.2e-05,6.0,1.0
8.201e-05,5.0,3.0
8.201999999999999e-05,6.0,2.0
8.203e-05,5.0,2.0
8.204000000000001e-05,8.0,2.0
8.205e-05,7.0,1.0
8.206000000000001e-05,8.0,1.0
8.206999999999999e-05,6.0,2.0
8.208e-05,7.0,1.0
8.209000000000001e-05,7.0,0.0
8.209999999999999e-05,6.0,1.0
8.211e-05,7.0,2.0
8.211999999999999e-05,6.0,1.0
8.213e-05,4.0,1.0
8.214000000000001e-05,6.0,1.0
8.215e-05,5.0,1.0
8.216e-05,4.0,1.0
8.217000000000001e-05,7.0,1.0
8.218e-05,5.0,2.0
8.219e-05,5.0,2.0
8.22e-05,5.0,1.0
8.220999999999999e-05,6.0,1.0
8.222e-05,7.0,2.0
8.223e-05,6.0,0.0
8.224e-05,6.0,1.0
8.225000000000001e-05,7.0,1.0
8.226e-05,5.0,1.0
8.227e-05,7.0,1.0
8.228e-05,6.0,2.0
8.229e-05,7.0,0.0
8.23e-05,7.0,1.0
8.231e-05,5.0,1.0
8.231999999999998e-05,8.0,2.0
8.233e-05,6.0,2.0
8.234e-05,7.0,0.0
8.235e-05,6.0,0.0
8.236e-05,5.0,0.0
8.237e-05,5.0,0.0
8.238e-05,7.0,2.0
8.239e-05,6.0,1.0
8.24e-05,5.0,1.0
8.240999999999999e-05,5.0,3.0
8.242000000000001e-05,6.0,2.0
8.243000000000001e-05,5.0,2.0
8.244e-05,5.0,1.0
8.245000000000001e-05,3.0,1.0
8.245999999999999e-05,4.0,1.0
8.247e-05,5.0,1.0
8.248e-05,5.0,1.0
8.248999999999999e-05,6.0,2.0
8.25e-05,5.0,2.0
8.251e-05,5.0,1.0
8.252e-05,5.0,2.0
8.253000000000001e-05,5.0,2.0
8.254e-05,5.0,2.0
8.255e-05,6.0,1.0
8.256000000000001e-05,5.0,1.0
8.256999999999999e-05,5.0,1.0
8.258e-05,5.0,2.0
8.259e-05,6.0,2.0
8.259999999999999e-05,5.0,1.0
8.261e-05,6.0,2.0
8.262e-05,7.0,3.0
8.263e-05,7.0,2.0
8.264000000000001e-05,6.0,2.0
8.265e-05,6.0,3.0
8.266e-05,7.0,2.0
8.267e-05,6.0,2.0
8.268e-05,8.0,2.0
8.269e-05,7.0,0.0
8.27e-05,6.0,1.0
8.270999999999999e-05,7.0,2.0
8.272000000000001e-05,7.0,2.0
8.273e-05,6.0,2.0
8.274e-05,5.0,2.0
8.275e-05,7.0,1.0
8.276e-05,6.0,2.0
8.277e-05,8.0,2.0
8.278e-05,5.0,1.0
8.279e-05,6.0,2.0
8.28e-05,5.0,2.0
8.281000000000002e-05,7.0,2.0
8.282e-05,6.0,2.0
8.283e-05,5.0,2.0
8.284e-05,6.0,1.0
8.285e-05,5.0,2.0
8.286e-05,6.0,1.0
8.287e-05,5.0,2.0
8.287999999999999e-05,5.0,1.0
8.289e-05,6.0,2.0
8.29e-05,7.0,1.0
8.291e-05,5.0,2.0
8.292000000000001e-05,7.0,2.0
8.293000000000001e-05,7.0,2.0
8.294e-05,7.0,2.0
8.295e-05,5.0,1.0
8.295999999999999e-05,6.0,2.0
8.297e-05,5.0,2.0
8.298e-05,7.0,2.0
8.298999999999999e-05,5.0,2.0
8.3e-05,6.0,2.0
8.301e-05,6.0,2.0
8.302e-05,5.0,2.0
8.303000000000001e-05,7.0,2.0
8.304e-05,5.0,1.0
8.305e-05,5.0,2.0
8.306000000000001e-05,6.0,2.0
8.306999999999999e-05,5.0,1.0
8.308e-05,5.0,2.0
8.308999999999999e-05,5.0,2.0
8.309999999999999e-05,6.0,2.0
8.311000000000001e-05,7.0,2.0
8.312e-05,5.0,2.0
8.313e-05,5.0,2.0
8.314000000000001e-05,5.0,2.0
8.315e-05,6.0,2.0
8.316e-05,6.0,2.0
8.317e-05,7.0,2.0
8.318e-05,5.0,2.0
8.319e-05,6.0,2.0
8.319999999999999e-05,7.0,2.0
8.321e-05,6.0,2.0
8.322e-05,7.0,2.0
8.323e-05,7.0,3.0
8.324e-05,5.0,2.0
8.325e-05,7.0,2.0
8.326e-05,7.0,2.0
8.327e-05,5.0,1.0
8.328e-05,6.0,2.0
8.329e-05,7.0,2.0
8.33e-05,7.0,2.0
8.331000000000001e-05,7.0,2.0
8.332e-05,8.0,2.0
8.333e-05,8.0,2.0
8.334e-05,9.0,2.0
8.334999999999999e-05,7.0,2.0
8.336e-05,7.0,2.0
8.337e-05,7.0,2.0
8.337999999999999e-05,7.0,2.0
8.339e-05,7.0,2.0
8.340000000000001e-05,7.0,1.0
8.341e-05,7.0,2.0
8.342000000000001e-05,8.0,2.0
8.343e-05,8.0,2.0
8.344e-05,6.0,2.0
8.345e-05,4.0,2.0
8.345999999999999e-05,7.0,2.0
8.347e-05,8.0,3.0
8.348e-05,7.0,2.0
8.348999999999999e-05,8.0,2.0
8.350000000000001e-05,8.0,2.0
8.351e-05,7.0,2.0
8.352e-05,7.0,2.0
8.353000000000001e-05,7.0,1.0
8.354e-05,7.0,1.0
8.355e-05,6.0,1.0
8.355999999999999e-05,7.0,1.0
8.356999999999999e-05,7.0,2.0
8.358e-05,6.0,1.0
8.359e-05,7.0,1.0
8.36e-05,8.0,1.0
8.361000000000001e-05,7.0,3.0
8.362e-05,7.0,2.0
8.363e-05,4.0,2.0
8.364e-05,7.0,2.0
8.365e-05,7.0,2.0
8.366e-05,6.0,2.0
8.367e-05,8.0,1.0
8.368e-05,5.0,1.0
8.369000000000001e-05,7.0,1.0
8.37e-05,7.0,1.0
8.371e-05,7.0,1.0
8.372e-05,6.0,1.0
8.373e-05,5.0,1.0
8.374e-05,7.0,1.0
8.375e-05,7.0,1.0
8.376e-05,7.0,2.0
8.376999999999999e-05,8.0,1.0
8.378e-05,6.0,0.0
8.379000000000001e-05,7.0,1.0
8.38e-05,6.0,1.0
8.381e-05,7.0,1.0
8.382e-05,6.0,2.0
8.383e-05,7.0,1.0
8.384e-05,7.0,1.0
8.384999999999999e-05,7.0,1.0
8.386e-05,8.0,1.0
8.387e-05,7.0,0.0
8.387999999999999e-05,7.0,1.0
8.389000000000001e-05,6.0,1.0
8.39e-05,9.0,1.0
8.391e-05,6.0,2.0
8.392000000000001e-05,8.0,0.0
8.393e-05,8.0,1.0
8.394e-05,7.0,0.0
8.395e-05,8.0,1.0
8.395999999999999e-05,5.0,1.0
8.397e-05,8.0,1.0
8.398e-05,6.0,1.0
8.399e-05,8.0,1.0
8.400000000000001e-05,7.0,1.0
8.401e-05,7.0,2.0
8.402e-05,7.0,1.0
8.403000000000001e-05,6.0,0.0
8.404e-05,6.0,1.0
8.405e-05,7.0,1.0
8.405999999999999e-05,8.0,2.0
8.406999999999999e-05,8.0,1.0
8.408000000000001e-05,8.0,1.0
8.409e-05,7.0,2.0
8.41e-05,6.0,1.0
8.411e-05,7.0,1.0
8.412e-05,8.0,1.0
8.413e-05,7.0,2.0
8.414e-05,8.0,0.0
8.415e-05,7.0,0.0
8.416e-05,6.0,1.0
8.416999999999999e-05,6.0,1.0
8.418000000000001e-05,6.0,1.0
8.419e-05,6.0,1.0
8.42e-05,4.0,0.0
8.421e-05,6.0,0.0
8.422e-05,6.0,0.0
8.423e-05,8.0,1.0
8.423999999999999e-05,6.0,1.0
8.425e-05,5.0,1.0
8.426e-05,5.0,2.0
8.426999999999999e-05,3.0,1.0
8.428000000000001e-05,7.0,2.0
8.429000000000001e-05,7.0,1.0
8.43e-05,7.0,0.0
8.431e-05,8.0,1.0
8.431999999999999e-05,7.0,1.0
8.433e-05,7.0,1.0
8.434e-05,7.0,1.0
8.434999999999999e-05,8.0,1.0
8.436e-05,7.0,1.0
8.437000000000001e-05,7.0,1.0
8.438e-05,7.0,1.0
8.439000000000001e-05,8.0,1.0
8.44e-05,5.0,1.0
8.441e-05,8.0,1.0
8.442e-05,6.0,1.0
8.443e-05,6.0,1.0
8.444e-05,8.0,2.0
8.444999999999999e-05,7.0,1.0
8.445999999999999e-05,7.0,1.0
8.447000000000001e-05,7.0,0.0
8.448e-05,7.0,1.0
8.449e-05,6.0,0.0
8.450000000000001e-05,6.0,1.0
8.451e-05,7.0,1.0
8.452e-05,7.0,2.0
8.453e-05,7.0,1.0
8.454e-05,7.0,0.0
8.455e-05,7.0,0.0
8.455999999999999e-05,9.0,1.0
8.457e-05,6.0,1.0
8.458e-05,4.0,0.0
8.459e-05,6.0,0.0
8.46e-05,7.0,1.0
8.461e-05,7.0,1.0
8.462e-05,5.0,1.0
8.463e-05,6.0,0.0
8.464e-05,6.0,1.0
8.465e-05,6.0,1.0
8.465999999999999e-05,6.0,1.0
8.467e-05,6.0,1.0
8.468000000000001e-05,5.0,0.0
8.469e-05,5.0,1.0
8.47e-05,8.0,1.0
8.471e-05,7.0,1.0
8.472e-05,8.0,1.0
8.473e-05,7.0,1.0
8.473999999999999e-05,9.0,1.0
8.475e-05,7.0,1.0
8.476000000000001e-05,8.0,0.0
8.477e-05,7.0,1.0
8.478e-05,5.0,1.0
8.479e-05,7.0,1.0
8.48e-05,7.0,1.0
8.481e-05,7.0,0.0
8.481999999999999e-05,8.0,1.0
8.483e-05,8.0,2.0
8.484e-05,8.0,0.0
8.484999999999999e-05,6.0,1.0
8.486000000000001e-05,8.0,0.0
8.487e-05,7.0,1.0
8.488e-05,6.0,1.0
8.489000000000001e-05,7.0,1.0
8.49e-05,5.0,1.0
8.491e-05,5.0,1.0
8.492e-05,9.0,1.0
8.493e-05,8.0,1.0
8.494e-05,7.0,1.0
8.494999999999999e-05,7.0,0.0
8.496e-05,5.0,0.0
8.497000000000001e-05,6.0,0.0
8.498e-05,8.0,0.0
8.499e-05,5.0,1.0
8.5e-05,5.0,1.0
8.501e-05,8.0,1.0
8.502e-05,7.0,1.0
8.502999999999999e-05,8.0,2.0
8.504e-05,6.0,1.0
8.505000000000001e-05,7.0,0.0
8.506e-05,7.0,0.0
8.507e-05,8.0,0.0
8.508e-05,7.0,0.0
8.509e-05,6.0,0.0
8.51e-05,7.0,0.0
8.511e-05,9.0,0.0
8.512e-05,5.0,1.0
8.512999999999999e-05,5.0,1.0
8.514e-05,7.0,1.0
8.515000000000001e-05,6.0,0.0
8.516e-05,6.0,0.0
8.517e-05,6.0,0.0
8.518000000000001e-05,5.0,1.0
8.519e-05,5.0,1.0
8.52e-05,5.0,1.0
8.520999999999999e-05,4.0,1.0
8.522e-05,5.0,1.0
8.523e-05,5.0,1.0
8.523999999999999e-05,4.0,1.0
8.525000000000001e-05,5.0,1.0
8.526000000000001e-05,5.0,1.0
8.527e-05,6.0,1.0
8.528e-05,5.0,1.0
8.529e-05,5.0,1.0
8.53e-05,6.0,0.0
8.531e-05,3.0,2.0
8.531999999999999e-05,5.0,1.0
8.533e-05,5.0,1.0
8.533999999999999e-05,5.0,0.0
8.535e-05,6.0,1.0
8.536000000000001e-05,5.0,1.0
8.537e-05,5.0,0.0
8.538e-05,5.0,0.0
8.539e-05,4.0,0.0
8.54e-05,4.0,0.0
8.541e-05,5.0,0.0
8.541999999999999e-05,5.0,0.0
8.543e-05,6.0,1.0
8.544000000000001e-05,6.0,0.0
8.545e-05,6.0,1.0
8.546e-05,6.0,0.0
8.547e-05,6.0,1.0
8.548e-05,4.0,0.0
8.549e-05,5.0,0.0
8.55e-05,5.0,1.0
8.551e-05,4.0,2.0
8.552e-05,5.0,0.0
8.552999999999999e-05,4.0,0.0
8.554000000000001e-05,4.0,1.0
8.555e-05,6.0,1.0
8.556e-05,5.0,0.0
8.557e-05,5.0,0.0
8.558e-05,4.0,1.0
8.559e-05,6.0,0.0
8.56e-05,6.0,1.0
8.561e-05,7.0,0.0
8.562e-05,3.0,0.0
8.562999999999999e-05,5.0,1.0
8.564e-05,5.0,1.0
8.565000000000001e-05,3.0,0.0
8.566e-05,5.0,1.0
8.567e-05,3.0,1.0
8.568e-05,4.0,1.0
8.569e-05,4.0,1.0
8.57e-05,4.0,0.0
8.570999999999999e-05,4.0,1.0
8.572e-05,6.0,0.0
8.573e-05,6.0,1.0
8.574e-05,7.0,0.0
8.575000000000001e-05,6.0,1.0
8.576e-05,5.0,1.0
8.577e-05,8.0,1.0
8.578e-05,5.0,1.0
8.579e-05,6.0,1.0
8.58e-05,5.0,0.0
8.581e-05,6.0,1.0
8.581999999999999e-05,7.0,1.0
8.583000000000001e-05,6.0,1.0
8.584e-05,6.0,1.0
8.585e-05,5.0,0.0
8.586000000000001e-05,5.0,1.0
8.587e-05,4.0,1.0
8.588e-05,7.0,1.0
8.588999999999999e-05,7.0,1.0
8.59e-05,6.0,1.0
8.591e-05,6.0,1.0
8.591999999999999e-05,6.0,0.0
8.593000000000001e-05,7.0,1.0
8.594000000000001e-05,8.0,1.0
8.595e-05,5.0,1.0
8.596e-05,7.0,1.0
8.597e-05,7.0,1.0
8.598e-05,5.0,1.0
8.599e-05,7.0,1.0
8.599999999999999e-05,7.0,1.0
8.601e-05,6.0,0.0
8.601999999999999e-05,8.0,1.0
8.603e-05,8.0,1.0
8.604000000000001e-05,6.0,1.0
8.605e-05,7.0,1.0
8.606e-05,9.0,1.0
8.607e-05,7.0,1.0
8.608e-05,7.0,1.0
8.609e-05,5.0,1.0
8.609999999999999e-05,6.0,1.0
8.611e-05,8.0,1.0
8.612e-05,6.0,2.0
8.613e-05,7.0,1.0
8.614e-05,8.0,1.0
8.615000000000001e-05,5.0,1.0
8.616e-05,8.0,0.0
8.617e-05,8.0,1.0
8.618e-05,7.0,1.0
8.619e-05,6.0,1.0
8.62e-05,8.0,1.0
8.620999999999999e-05,7.0,1.0
8.622000000000001e-05,8.0,1.0
8.623e-05,8.0,1.0
8.624e-05,8.0,1.0
8.625e-05,7.0,1.0
8.626e-05,7.0,1.0
8.627e-05,7.0,1.0
8.628e-05,9.0,1.0
8.629e-05,8.0,1.0
8.63e-05,7.0,1.0
8.630999999999999e-05,8.0,1.0
8.632e-05,7.0,1.0
8.633000000000001e-05,8.0,1.0
8.634e-05,8.0,1.0
8.635e-05,9.0,0.0
8.636e-05,7.0,1.0
8.637e-05,7.0,1.0
8.638e-05,7.0,0.0
8.638999999999999e-05,8.0,1.0
8.64e-05,6.0,0.0
8.641e-05,6.0,0.0
8.642e-05,6.0,2.0
8.643000000000001e-05,8.0,0.0
8.644e-05,8.0,0.0
8.645e-05,7.0,0.0
8.646e-05,8.0,0.0
8.647e-05,7.0,1.0
8.648e-05,7.0,1.0
8.649e-05,6.0,1.0
8.649999999999999e-05,8.0,0.0
8.651000000000001e-05,8.0,1.0
8.652e-05,8.0,0.0
8.653e-05,7.0,1.0
8.654000000000001e-05,6.0,1.0
8.655e-05,8.0,0.0
8.656e-05,7.0,1.0
8.656999999999999e-05,6.0,1.0
8.658e-05,7.0,1.0
8.659e-05,3.0,1.0
8.659999999999999e-05,7.0,0.0
8.661e-05,7.0,1.0
8.662000000000001e-05,6.0,1.0
8.663e-05,8.0,1.0
8.664e-05,7.0,1.0
8.665e-05,8.0,1.0
8.666e-05,6.0,1.0
8.667e-05,6.0,1.0
8.668e-05,7.0,1.0
8.669e-05,6.0,1.0
8.669999999999999e-05,7.0,1.0
8.671e-05,7.0,1.0
8.672000000000001e-05,7.0,0.0
8.673e-05,8.0,1.0
8.674e-05,6.0,1.0
8.675e-05,8.0,1.0
8.676e-05,7.0,1.0
8.677e-05,7.0,1.0
8.677999999999999e-05,7.0,0.0
8.679e-05,7.0,1.0
8.68e-05,7.0,0.0
8.681e-05,7.0,0.0
8.682e-05,6.0,1.0
8.683000000000001e-05,6.0,1.0
8.684e-05,7.0,1.0
8.685e-05,7.0,1.0
8.685999999999999e-05,6.0,1.0
8.687e-05,7.0,1.0
8.688e-05,6.0,1.0
8.688999999999999e-05,7.0,1.0
8.690000000000001e-05,6.0,1.0
8.691e-05,7.0,1.0
8.692e-05,7.0,1.0
8.693000000000001e-05,5.0,1.0
8.694e-05,5.0,0.0
8.695e-05,4.0,1.0
8.696e-05,7.0,1.0
8.697e-05,7.0,1.0
8.698e-05,6.0,1.0
8.698999999999999e-05,6.0,0.0
8.7e-05,7.0,1.0
8.701000000000001e-05,7.0,1.0
8.702e-05,7.0,0.0
8.703e-05,6.0,0.0
8.704000000000001e-05,5.0,1.0
8.705e-05,7.0,0.0
8.706e-05,7.0,1.0
8.706999999999999e-05,4.0,1.0
8.708e-05,7.0,1.0
8.709e-05,5.0,1.0
8.71e-05,6.0,1.0
8.711e-05,6.0,1.0
8.712e-05,4.0,1.0
8.713e-05,5.0,0.0
8.714e-05,4.0,0.0
8.715e-05,6.0,1.0
8.716e-05,9.0,1.0
8.717e-05,7.0,1.0
8.718e-05,5.0,1.0
8.719e-05,7.0,0.0
8.72e-05,9.0,0.0
8.721e-05,7.0,1.0
8.722e-05,8.0,0.0
8.723e-05,4.0,0.0
8.724e-05,6.0,1.0
8.724999999999999e-05,8.0,0.0
8.726e-05,8.0,1.0
8.727e-05,8.0,0.0
8.727999999999999e-05,5.0,0.0
8.729000000000001e-05,9.0,1.0
8.730000000000001e-05,7.0,0.0
8.731e-05,7.0,0.0
8.732e-05,7.0,1.0
8.733e-05,7.0,1.0
8.734e-05,6.0,1.0
8.735e-05,7.0,1.0
8.735999999999999e-05,9.0,2.0
8.737e-05,8.0,1.0
8.738e-05,8.0,0.0
8.739e-05,8.0,1.0
8.740000000000001e-05,8.0,0.0
8.741e-05,7.0,1.0
8.742e-05,8.0,2.0
8.743000000000001e-05,8.0,1.0
8.744e-05,7.0,1.0
8.745e-05,5.0,1.0
8.745999999999999e-05,7.0,0.0
8.746999999999999e-05,7.0,1.0
8.748e-05,9.0,2.0
8.749e-05,6.0,1.0
8.75e-05,6.0,2.0
8.751000000000001e-05,8.0,1.0
8.752e-05,6.0,1.0
8.753e-05,7.0,1.0
8.754e-05,7.0,1.0
8.755e-05,5.0,1.0
8.756e-05,6.0,1.0
8.756999999999999e-05,8.0,2.0
8.758e-05,7.0,1.0
8.759e-05,7.0,1.0
8.76e-05,6.0,0.0
8.761e-05,5.0,1.0
8.762e-05,6.0,2.0
8.763e-05,8.0,1.0
8.764e-05,6.0,1.0
8.765e-05,7.0,1.0
8.766e-05,7.0,1.0
8.766999999999999e-05,7.0,1.0
8.768000000000001e-05,6.0,1.0
8.769000000000001e-05,8.0,1.0
8.77e-05,6.0,0.0
8.771e-05,7.0,2.0
8.772e-05,7.0,1.0
8.773e-05,6.0,1.0
8.774e-05,9.0,1.0
8.774999999999999e-05,7.0,1.0
8.776e-05,7.0,1.0
8.777e-05,7.0,1.0
8.778e-05,8.0,1.0
8.779000000000001e-05,8.0,1.0
8.78e-05,5.0,1.0
8.781e-05,7.0,1.0
8.782e-05,7.0,1.0
8.782999999999999e-05,7.0,1.0
8.784e-05,8.0,1.0
8.785e-05,6.0,1.0
8.785999999999999e-05,7.0,1.0
8.787e-05,7.0,1.0
8.788e-05,4.0,1.0
8.789e-05,5.0,1.0
8.790000000000001e-05,4.0,0.0
8.791e-05,6.0,1.0
8.792e-05,5.0,1.0
8.793000000000001e-05,5.0,1.0
8.794e-05,4.0,1.0
8.795e-05,6.0,0.0
8.795999999999999e-05,6.0,1.0
8.796999999999999e-05,6.0,1.0
8.798000000000001e-05,5.0,1.0
8.799e-05,5.0,1.0
8.8e-05,6.0,1.0
8.801e-05,5.0,1.0
8.802e-05,7.0,1.0
8.803e-05,6.0,1.0
8.804e-05,7.0,1.0
8.805e-05,7.0,1.0
8.806e-05,6.0,1.0
8.807e-05,6.0,1.0
8.808e-05,6.0,1.0
8.809e-05,3.0,1.0
8.81e-05,5.0,1.0
8.811e-05,6.0,1.0
8.812e-05,5.0,1.0
8.813e-05,4.0,1.0
8.813999999999999e-05,5.0,1.0
8.815e-05,4.0,1.0
8.816e-05,5.0,1.0
8.817e-05,5.0,1.0
8.818000000000001e-05,5.0,1.0
8.819000000000001e-05,5.0,1.0
8.82e-05,6.0,1.0
8.821e-05,7.0,1.0
8.821999999999999e-05,4.0,1.0
8.823e-05,5.0,1.0
8.824e-05,4.0,1.0
8.824999999999999e-05,6.0,1.0
8.826e-05,6.0,1.0
8.827000000000001e-05,5.0,0.0
8.828e-05,5.0,0.0
8.829000000000001e-05,8.0,1.0
8.83e-05,6.0,1.0
8.831e-05,6.0,1.0
8.832e-05,5.0,1.0
8.832999999999999e-05,5.0,1.0
8.834e-05,5.0,1.0
8.834999999999999e-05,5.0,1.0
8.835999999999999e-05,4.0,1.0
8.837000000000001e-05,5.0,0.0
8.838e-05,5.0,1.0
8.839e-05,5.0,1.0
8.840000000000001e-05,4.0,1.0
8.841e-05,4.0,1.0
8.842e-05,5.0,1.0
8.843e-05,6.0,1.0
8.843999999999999e-05,6.0,1.0
8.845e-05,4.0,1.0
8.846e-05,5.0,1.0
8.847e-05,5.0,0.0
8.848e-05,4.0,1.0
8.849e-05,5.0,1.0
8.85e-05,4.0,2.0
8.851e-05,4.0,1.0
8.852e-05,5.0,1.0
8.853e-05,4.0,1.0
8.854e-05,4.0,1.0
8.855e-05,5.0,0.0
8.856e-05,5.0,0.0
8.857e-05,4.0,1.0
8.858e-05,4.0,1.0
8.859e-05,3.0,1.0
8.86e-05,6.0,1.0
8.861e-05,5.0,1.0
8.862e-05,4.0,1.0
8.863e-05,5.0,1.0
8.863999999999999e-05,6.0,1.0
8.865e-05,5.0,1.0
8.866000000000001e-05,5.0,1.0
8.867e-05,4.0,1.0
8.868000000000001e-05,7.0,1.0
8.868999999999999e-05,5.0,1.0
8.87e-05,6.0,0.0
8.871e-05,5.0,1.0
8.871999999999999e-05,5.0,0.0
8.873e-05,4.0,1.0
8.874e-05,5.0,1.0
8.874999999999999e-05,6.0,0.0
8.876000000000001e-05,5.0,1.0
8.877e-05,5.0,1.0
8.878e-05,5.0,1.0
8.879000000000001e-05,4.0,0.0
8.88e-05,4.0,1.0
8.881e-05,6.0,1.0
8.882e-05,4.0,1.0
8.882999999999999e-05,5.0,1.0
8.884e-05,5.0,1.0
8.885e-05,6.0,1.0
8.886e-05,5.0,1.0
8.887000000000001e-05,6.0,1.0
8.888e-05,5.0,1.0
8.889e-05,5.0,1.0
8.89e-05,3.0,1.0
8.891e-05,4.0,1.0
8.892e-05,5.0,1.0
8.893e-05,6.0,1.0
8.893999999999999e-05,6.0,1.0
8.895000000000001e-05,6.0,1.0
8.896e-05,5.0,1.0
8.897e-05,6.0,1.0
8.898e-05,6.0,1.0
8.899e-05,5.0,1.0
8.9e-05,5.0,1.0
8.901e-05,5.0,1.0
8.902e-05,5.0,1.0
8.902999999999999e-05,5.0,1.0
8.904e-05,4.0,1.0
8.905e-05,5.0,1.0
8.906e-05,6.0,1.0
8.907e-05,5.0,1.0
8.908e-05,4.0,1.0
8.909e-05,5.0,1.0
8.91e-05,5.0,1.0
8.910999999999999e-05,4.0,1.0
8.912e-05,6.0,1.0
8.913e-05,4.0,2.0
8.914e-05,2.0,1.0
8.915000000000001e-05,6.0,1.0
8.916000000000001e-05,5.0,1.0
8.917e-05,5.0,1.0
8.918000000000001e-05,6.0,1.0
8.918999999999999e-05,5.0,1.0
8.92e-05,4.0,1.0
8.921e-05,5.0,1.0
8.921999999999999e-05,4.0,1.0
8.923e-05,5.0,1.0
8.924e-05,5.0,1.0
8.925e-05,5.0,1.0
8.926000000000001e-05,5.0,1.0
8.927e-05,4.0,1.0
8.928e-05,5.0,1.0
8.929000000000001e-05,7.0,1.0
8.929999999999999e-05,5.0,0.0
8.931e-05,5.0,1.0
8.931999999999999e-05,5.0,1.0
8.932999999999999e-05,5.0,1.0
8.934000000000001e-05,6.0,1.0
8.935e-05,4.0,1.0
8.936e-05,7.0,1.0
8.937e-05,6.0,1.0
8.938e-05,6.0,0.0
8.939e-05,6.0,1.0
8.94e-05,7.0,1.0
8.941e-05,4.0,1.0
8.942e-05,5.0,1.0
8.943000000000002e-05,6.0,1.0
8.944e-05,5.0,1.0
8.945e-05,5.0,1.0
8.946e-05,5.0,1.0
8.947e-05,6.0,1.0
8.948e-05,5.0,1.0
8.949e-05,5.0,1.0
8.95e-05,6.0,1.0
8.951e-05,5.0,1.0
8.952e-05,5.0,1.0
8.953e-05,5.0,1.0
8.954000000000001e-05,5.0,1.0
8.955e-05,5.0,1.0
8.956e-05,5.0,1.0
8.957e-05,5.0,1.0
8.957999999999999e-05,5.0,1.0
8.959e-05,5.0,0.0
8.96e-05,5.0,1.0
8.960999999999999e-05,5.0,1.0
8.962e-05,5.0,0.0
8.963000000000001e-05,6.0,1.0
8.964e-05,4.0,0.0
8.965000000000001e-05,4.0,1.0
8.965999999999999e-05,5.0,1.0
8.967e-05,6.0,1.0
8.968000000000001e-05,5.0,0.0
8.968999999999999e-05,5.0,1.0
8.97e-05,6.0,1.0
8.970999999999999e-05,4.0,1.0
8.971999999999999e-05,4.0,0.0
8.973000000000001e-05,5.0,0.0
8.974e-05,5.0,1.0
8.975e-05,6.0,1.0
8.976000000000001e-05,5.0,0.0
8.977e-05,5.0,1.0
8.978e-05,5.0,1.0
8.979e-05,5.0,1.0
8.979999999999999e-05,5.0,1.0
8.981e-05,5.0,1.0
8.981999999999999e-05,5.0,1.0
8.983e-05,7.0,2.0
8.984000000000001e-05,6.0,1.0
8.985e-05,5.0,1.0
8.986e-05,5.0,1.0
8.987e-05,5.0,1.0
8.988e-05,5.0,1.0
8.989e-05,5.0,1.0
8.99e-05,4.0,1.0
8.990999999999998e-05,4.0,1.0
8.992e-05,4.0,2.0
8.993000000000001e-05,4.0,1.0
8.994e-05,5.0,1.0
8.995e-05,3.0,0.0
8.996e-05,4.0,1.0
8.997e-05,5.0,1.0
8.998e-05,5.0,1.0
8.999e-05,5.0,1.0
8.999999999999999e-05,5.0,0.0
9.001e-05,4.0,0.0
9.002000000000001e-05,4.0,1.0
9.003e-05,5.0,1.0
9.004000000000001e-05,5.0,1.0
9.005e-05,5.0,1.0
9.006e-05,5.0,1.0
9.007e-05,4.0,1.0
9.007999999999999e-05,5.0,0.0
9.009e-05,6.0,1.0
9.01e-05,6.0,0.0
9.010999999999999e-05,6.0,1.0
9.012000000000001e-05,5.0,1.0
9.013e-05,5.0,1.0
9.014e-05,5.0,1.0
9.015000000000001e-05,3.0,1.0
9.015999999999999e-05,4.0,1.0
9.017e-05,5.0,1.0
9.018000000000001e-05,5.0,1.0
9.018999999999999e-05,5.0,1.0
9.02e-05,6.0,1.0
9.020999999999999e-05,4.0,0.0
9.022e-05,4.0,0.0
9.023000000000001e-05,4.0,1.0
9.024e-05,5.0,1.0
9.025e-05,5.0,0.0
9.026e-05,5.0,1.0
9.026999999999999e-05,5.0,1.0
9.028e-05,4.0,1.0
9.029e-05,5.0,1.0
9.029999999999999e-05,5.0,1.0
9.031000000000001e-05,5.0,1.0
9.032e-05,6.0,1.0
9.033e-05,5.0,0.0
9.034e-05,6.0,0.0
9.035e-05,5.0,1.0
9.036e-05,5.0,0.0
9.037e-05,5.0,1.0
9.038e-05,5.0,1.0
9.039e-05,4.0,0.0
9.04e-05,6.0,1.0
9.041e-05,5.0,1.0
9.042e-05,5.0,1.0
9.043000000000001e-05,6.0,1.0
9.044e-05,5.0,1.0
9.045e-05,4.0,1.0
9.046e-05,6.0,1.0
9.046999999999999e-05,6.0,1.0
9.048e-05,4.0,1.0
9.049e-05,5.0,1.0
9.049999999999999e-05,5.0,1.0
9.051000000000001e-05,5.0,1.0
9.052e-05,4.0,1.0
9.053e-05,6.0,1.0
9.054000000000001e-05,3.0,1.0
9.054999999999999e-05,6.0,1.0
9.056e-05,5.0,1.0
9.057e-05,5.0,1.0
9.057999999999999e-05,5.0,1.0
9.059e-05,5.0,1.0
9.06e-05,6.0,1.0
9.061e-05,4.0,2.0
9.062000000000001e-05,5.0,1.0
9.063e-05,6.0,1.0
9.064e-05,6.0,1.0
9.065000000000001e-05,4.0,1.0
9.065999999999999e-05,5.0,1.0
9.067e-05,4.0,1.0
9.068e-05,6.0,1.0
9.068999999999999e-05,5.0,1.0
9.070000000000001e-05,5.0,1.0
9.071e-05,5.0,1.0
9.072e-05,5.0,1.0
9.073000000000001e-05,6.0,1.0
9.074e-05,5.0,1.0
9.075e-05,6.0,0.0
9.076e-05,5.0,0.0
9.076999999999999e-05,6.0,1.0
9.078e-05,4.0,1.0
9.079e-05,5.0,1.0
9.08e-05,5.0,1.0
9.081e-05,5.0,1.0
9.082e-05,6.0,1.0
9.083e-05,5.0,1.0
9.084e-05,5.0,1.0
9.085e-05,6.0,1.0
9.086e-05,5.0,1.0
9.087e-05,5.0,1.0
9.087999999999998e-05,4.0,1.0
9.088999999999999e-05,5.0,1.0
9.090000000000001e-05,5.0,2.0
9.091e-05,5.0,1.0
9.092e-05,5.0,1.0
9.093000000000001e-05,5.0,1.0
9.094e-05,5.0,1.0
9.095e-05,5.0,1.0
9.096e-05,6.0,1.0
9.096999999999999e-05,4.0,1.0
9.098e-05,6.0,1.0
9.099000000000001e-05,5.0,1.0
9.1e-05,5.0,1.0
9.101000000000001e-05,4.0,1.0
9.101999999999999e-05,5.0,1.0
9.103e-05,5.0,2.0
9.104000000000001e-05,5.0,1.0
9.104999999999999e-05,5.0,2.0
9.106e-05,4.0,2.0
9.107e-05,5.0,1.0
9.107999999999999e-05,6.0,1.0
9.109000000000001e-05,5.0,1.0
9.11e-05,4.0,1.0
9.111e-05,6.0,2.0
9.112000000000001e-05,6.0,2.0
9.112999999999999e-05,5.0,1.0
9.114e-05,6.0,1.0
9.115e-05,6.0,1.0
9.115999999999999e-05,7.0,1.0
9.117e-05,5.0,2.0
9.118e-05,5.0,1.0
9.119e-05,5.0,1.0
9.120000000000001e-05,5.0,2.0
9.121e-05,5.0,2.0
9.122e-05,6.0,1.0
9.123e-05,5.0,2.0
9.124e-05,4.0,1.0
9.125e-05,6.0,1.0
9.126e-05,6.0,1.0
9.126999999999999e-05,5.0,1.0
9.128e-05,4.0,1.0
9.129000000000002e-05,5.0,1.0
9.13e-05,5.0,1.0
9.131e-05,4.0,1.0
9.132e-05,4.0,1.0
9.133e-05,5.0,1.0
9.134e-05,4.0,1.0
9.135e-05,5.0,1.0
9.135999999999999e-05,5.0,1.0
9.137e-05,6.0,2.0
9.137999999999998e-05,5.0,1.0
9.139e-05,5.0,1.0
9.140000000000001e-05,5.0,1.0
9.141e-05,5.0,2.0
9.142e-05,5.0,1.0
9.143000000000001e-05,6.0,1.0
9.143999999999999e-05,6.0,2.0
9.145e-05,4.0,1.0
9.146e-05,5.0,1.0
9.146999999999999e-05,5.0,1.0
9.148000000000001e-05,5.0,1.0
9.148999999999999e-05,6.0,2.0
9.15e-05,5.0,2.0
9.151000000000001e-05,5.0,1.0
9.151999999999999e-05,6.0,1.0
9.153e-05,5.0,1.0
9.154000000000001e-05,6.0,1.0
9.154999999999999e-05,4.0,1.0
9.156e-05,5.0,1.0
9.156999999999999e-05,4.0,1.0
9.158e-05,5.0,1.0
9.159000000000001e-05,6.0,2.0
9.16e-05,5.0,1.0
9.161e-05,7.0,1.0
9.162000000000001e-05,5.0,2.0
9.162999999999999e-05,6.0,2.0
9.164e-05,5.0,1.0
9.165e-05,6.0,2.0
9.165999999999999e-05,5.0,1.0
9.167e-05,6.0,2.0
9.168000000000002e-05,4.0,2.0
9.169e-05,5.0,2.0
9.17e-05,5.0,3.0
9.171e-05,5.0,2.0
9.172e-05,4.0,2.0
9.173e-05,6.0,2.0
9.173999999999999e-05,6.0,2.0
9.175e-05,6.0,2.0
9.176e-05,4.0,2.0
9.177e-05,5.0,2.0
9.178e-05,5.0,2.0
9.179000000000001e-05,6.0,2.0
9.18e-05,5.0,1.0
9.181e-05,5.0,2.0
9.182e-05,6.0,1.0
9.183e-05,5.0,1.0
9.184e-05,5.0,1.0
9.185e-05,5.0,1.0
9.185999999999999e-05,5.0,1.0
9.187000000000001e-05,4.0,1.0
9.188e-05,5.0,1.0
9.189e-05,4.0,1.0
9.190000000000001e-05,5.0,2.0
9.190999999999999e-05,4.0,2.0
9.192e-05,5.0,1.0
9.193000000000001e-05,3.0,1.0
9.193999999999999e-05,5.0,1.0
9.195e-05,5.0,2.0
9.196e-05,5.0,1.0
9.197e-05,5.0,1.0
9.198000000000001e-05,4.0,1.0
9.198999999999999e-05,5.0,1.0
9.2e-05,4.0,1.0
9.201000000000001e-05,7.0,2.0
9.201999999999999e-05,5.0,2.0
9.203e-05,4.0,2.0
9.204e-05,3.0,0.0
9.204999999999999e-05,6.0,1.0
9.206000000000001e-05,5.0,1.0
9.207e-05,6.0,2.0
9.208e-05,5.0,1.0
9.209000000000001e-05,4.0,1.0
9.209999999999999e-05,4.0,2.0
9.211e-05,5.0,1.0
9.212e-05,5.0,1.0
9.212999999999999e-05,4.0,1.0
9.214e-05,5.0,1.0
9.215e-05,5.0,2.0
9.216e-05,4.0,1.0
9.217000000000001e-05,5.0,1.0
9.218000000000002e-05,5.0,1.0
9.219e-05,5.0,1.0
9.22e-05,5.0,1.0
9.221e-05,5.0,1.0
9.222e-05,5.0,1.0
9.223e-05,6.0,1.0
9.223999999999998e-05,5.0,1.0
9.224999999999999e-05,5.0,1.0
9.226000000000001e-05,5.0,1.0
9.227e-05,6.0,1.0
9.228e-05,5.0,1.0
9.229000000000001e-05,5.0,2.0
9.23e-05,4.0,2.0
9.231e-05,5.0,0.0
9.232e-05,5.0,1.0
9.232999999999999e-05,4.0,1.0
9.234e-05,6.0,1.0
9.234999999999998e-05,5.0,1.0
9.236e-05,6.0,1.0
9.237000000000001e-05,6.0,1.0
9.237999999999999e-05,5.0,1.0
9.239e-05,4.0,1.0
9.240000000000001e-05,5.0,1.0
9.240999999999999e-05,5.0,1.0
9.242e-05,4.0,1.0
9.243000000000001e-05,5.0,1.0
9.243999999999999e-05,6.0,1.0
9.245000000000001e-05,5.0,1.0
9.246e-05,3.0,1.0
9.247e-05,3.0,2.0
9.248000000000001e-05,5.0,1.0
9.248999999999999e-05,3.0,2.0
9.25e-05,3.0,1.0
9.251000000000001e-05,5.0,1.0
9.251999999999999e-05,5.0,1.0
9.253e-05,4.0,1.0
9.254e-05,5.0,2.0
9.255e-05,5.0,2.0
9.256000000000001e-05,4.0,2.0
9.257e-05,5.0,2.0
9.258e-05,4.0,2.0
9.259e-05,4.0,1.0
9.259999999999999e-05,4.0,1.0
9.261e-05,5.0,1.0
9.262e-05,5.0,1.0
9.262999999999999e-05,4.0,2.0
9.264e-05,5.0,3.0
9.265000000000002e-05,4.0,1.0
9.266e-05,5.0,2.0
9.267e-05,5.0,1.0
9.268000000000001e-05,5.0,1.0
9.269e-05,5.0,2.0
9.27e-05,6.0,2.0
9.270999999999998e-05,6.0,0.0
9.271999999999999e-05,4.0,1.0
9.273e-05,3.0,1.0
9.273999999999998e-05,5.0,1.0
9.275e-05,5.0,2.0
9.276000000000001e-05,4.0,1.0
9.277e-05,5.0,2.0
9.278e-05,5.0,1.0
9.279000000000001e-05,5.0,2.0
9.279999999999999e-05,5.0,1.0
9.281e-05,4.0,1.0
9.282e-05,3.0,2.0
9.282999999999999e-05,3.0,1.0
9.284000000000001e-05,4.0,1.0
9.285e-05,6.0,2.0
9.286e-05,4.0,1.0
9.287000000000001e-05,4.0,1.0
9.287999999999999e-05,4.0,2.0
9.289e-05,4.0,2.0
9.290000000000001e-05,5.0,1.0
9.290999999999999e-05,3.0,1.0
9.292e-05,4.0,1.0
9.293e-05,4.0,1.0
9.294e-05,5.0,2.0
9.295000000000001e-05,4.0,1.0
9.295999999999999e-05,5.0,2.0
9.297e-05,5.0,2.0
9.298000000000001e-05,3.0,2.0
9.298999999999999e-05,3.0,2.0
9.3e-05,3.0,1.0
9.301e-05,5.0,1.0
9.301999999999999e-05,3.0,2.0
9.303e-05,4.0,2.0
9.304000000000002e-05,4.0,1.0
9.305e-05,7.0,1.0
9.306000000000001e-05,6.0,1.0
9.307e-05,2.0,1.0
9.308e-05,4.0,1.0
9.309e-05,3.0,1.0
9.309999999999999e-05,3.0,1.0
9.311e-05,5.0,1.0
9.312e-05,3.0,1.0
9.312999999999998e-05,4.0,1.0
9.314e-05,4.0,1.0
9.315000000000001e-05,5.0,1.0
9.316e-05,4.0,1.0
9.317e-05,4.0,1.0
9.318000000000001e-05,4.0,1.0
9.319e-05,3.0,1.0
9.32e-05,4.0,1.0
9.320999999999998e-05,3.0,1.0
9.321999999999999e-05,5.0,1.0
9.323000000000001e-05,3.0,1.0
9.324e-05,4.0,0.0
9.325e-05,5.0,0.0
9.326000000000001e-05,4.0,1.0
9.326999999999999e-05,5.0,1.0
9.328e-05,4.0,0.0
9.329000000000001e-05,3.0,0.0
9.329999999999999e-05,5.0,1.0
9.331e-05,4.0,1.0
9.331999999999998e-05,4.0,1.0
9.333e-05,2.0,1.0
9.334000000000001e-05,2.0,1.0
9.334999999999999e-05,6.0,1.0
9.336e-05,5.0,1.0
9.337000000000001e-05,6.0,1.0
9.337999999999999e-05,5.0,2.0
9.339e-05,5.0,1.0
9.340000000000001e-05,7.0,1.0
9.340999999999999e-05,6.0,1.0
9.342e-05,6.0,1.0
9.343000000000002e-05,5.0,1.0
9.344e-05,6.0,1.0
9.345000000000001e-05,7.0,1.0
9.345999999999999e-05,6.0,1.0
9.347e-05,9.0,1.0
9.348e-05,7.0,1.0
9.348999999999999e-05,6.0,0.0
9.35e-05,5.0,1.0
9.351e-05,5.0,0.0
9.351999999999999e-05,7.0,1.0
9.353000000000001e-05,6.0,1.0
9.354000000000002e-05,6.0,1.0
9.355e-05,5.0,1.0
9.356e-05,4.0,0.0
9.356999999999999e-05,6.0,1.0
9.358e-05,6.0,1.0
9.359e-05,5.0,1.0
9.359999999999998e-05,6.0,1.0
9.360999999999999e-05,6.0,1.0
9.362000000000002e-05,6.0,1.0
9.363e-05,4.0,1.0
9.364e-05,6.0,1.0
9.365000000000001e-05,4.0,1.0
9.366e-05,6.0,1.0
9.367e-05,3.0,1.0
9.368000000000001e-05,5.0,1.0
9.368999999999999e-05,6.0,1.0
9.37e-05,6.0,1.0
9.370999999999998e-05,5.0,1.0
9.372e-05,4.0,1.0
9.373000000000001e-05,5.0,1.0
9.374e-05,5.0,1.0
9.375e-05,4.0,1.0
9.376000000000001e-05,7.0,2.0
9.376999999999999e-05,5.0,1.0
9.378e-05,5.0,1.0
9.379000000000001e-05,4.0,1.0
9.379999999999999e-05,4.0,1.0
9.381e-05,5.0,1.0
9.381999999999999e-05,5.0,1.0
9.383e-05,7.0,1.0
9.384000000000001e-05,5.0,1.0
9.384999999999999e-05,5.0,2.0
9.386e-05,5.0,1.0
9.387000000000001e-05,5.0,1.0
9.387999999999999e-05,5.0,1.0
9.389e-05,7.0,1.0
9.39e-05,3.0,1.0
9.390999999999999e-05,5.0,1.0
9.392000000000001e-05,4.0,1.0
9.393000000000002e-05,5.0,1.0
9.394e-05,5.0,1.0
9.395000000000001e-05,6.0,1.0
9.395999999999999e-05,4.0,1.0
9.397e-05,6.0,1.0
9.398e-05,7.0,1.0
9.398999999999999e-05,5.0,1.0
9.4e-05,6.0,1.0
9.401000000000002e-05,5.0,2.0
9.402e-05,6.0,2.0
9.403e-05,6.0,1.0
9.404000000000001e-05,7.0,1.0
9.405e-05,6.0,1.0
9.406e-05,5.0,1.0
9.406999999999999e-05,7.0,1.0
9.408e-05,7.0,1.0
9.409e-05,6.0,1.0
9.409999999999998e-05,5.0,1.0
9.411e-05,7.0,1.0
9.412000000000001e-05,6.0,1.0
9.413e-05,6.0,1.0
9.414e-05,6.0,1.0
9.415000000000001e-05,7.0,1.0
9.415999999999999e-05,5.0,1.0
9.417e-05,4.0,1.0
9.418000000000001e-05,6.0,1.0
9.418999999999999e-05,4.0,1.0
9.42e-05,5.0,0.0
9.421e-05,5.0,1.0
9.422e-05,7.0,1.0
9.423000000000001e-05,4.0,1.0
9.423999999999999e-05,4.0,2.0
9.425e-05,7.0,1.0
9.426000000000001e-05,7.0,1.0
9.426999999999999e-05,6.0,1.0
9.428e-05,4.0,1.0
9.429000000000001e-05,5.0,1.0
9.429999999999999e-05,4.0,1.0
9.431000000000001e-05,3.0,1.0
9.431999999999999e-05,5.0,1.0
9.433e-05,6.0,2.0
9.434000000000001e-05,5.0,1.0
9.434999999999999e-05,5.0,1.0
9.436e-05,5.0,1.0
9.437e-05,5.0,1.0
9.437999999999999e-05,4.0,1.0
9.439e-05,6.0,1.0
9.440000000000002e-05,7.0,1.0
9.441e-05,5.0,1.0
9.442000000000001e-05,6.0,2.0
9.443e-05,4.0,1.0
9.444e-05,5.0,1.0
9.445e-05,6.0,1.0
9.445999999999999e-05,4.0,1.0
9.447e-05,7.0,1.0
9.448e-05,2.0,1.0
9.448999999999998e-05,4.0,1.0
9.45e-05,7.0,1.0
9.451000000000002e-05,2.0,1.0
9.452e-05,4.0,1.0
9.453e-05,5.0,1.0
9.454000000000001e-05,5.0,1.0
9.455e-05,6.0,1.0
9.456e-05,5.0,1.0
9.456999999999998e-05,6.0,1.0
9.457999999999999e-05,7.0,1.0
9.459e-05,6.0,2.0
9.46e-05,6.0,2.0
9.461e-05,5.0,1.0
9.462000000000001e-05,6.0,1.0
9.463e-05,4.0,1.0
9.464e-05,4.0,0.0
9.465000000000001e-05,4.0,1.0
9.465999999999999e-05,6.0,1.0
9.467e-05,2.0,1.0
9.468e-05,5.0,0.0
9.469e-05,6.0,1.0
9.470000000000001e-05,5.0,1.0
9.470999999999999e-05,4.0,1.0
9.472e-05,6.0,1.0
9.473000000000001e-05,3.0,2.0
9.473999999999999e-05,4.0,1.0
9.475e-05,4.0,1.0
9.476000000000001e-05,5.0,1.0
9.476999999999999e-05,4.0,1.0
9.478e-05,6.0,1.0
9.479000000000002e-05,6.0,1.0
9.48e-05,6.0,1.0
9.481000000000001e-05,4.0,1.0
9.481999999999999e-05,4.0,1.0
9.483e-05,6.0,1.0
9.484e-05,6.0,1.0
9.484999999999999e-05,6.0,1.0
9.486e-05,6.0,1.0
9.487e-05,4.0,0.0
9.487999999999999e-05,6.0,1.0
9.489000000000001e-05,5.0,1.0
9.490000000000002e-05,6.0,1.0
9.491e-05,6.0,1.0
9.492e-05,5.0,1.0
9.493e-05,6.0,1.0
9.494e-05,6.0,1.0
9.495e-05,5.0,0.0
9.495999999999999e-05,5.0,1.0
9.497e-05,8.0,1.0
9.498000000000002e-05,6.0,0.0
9.499e-05,6.0,1.0
9.5e-05,8.0,1.0
9.501000000000001e-05,5.0,1.0
9.502e-05,4.0,2.0
9.503e-05,6.0,1.0
9.504e-05,6.0,1.0
9.504999999999999e-05,6.0,1.0
9.506e-05,6.0,1.0
9.506999999999998e-05,5.0,1.0
9.508e-05,4.0,1.0
9.509000000000001e-05,6.0,1.0
9.51e-05,6.0,1.0
9.511e-05,7.0,2.0
9.512000000000001e-05,5.0,1.0
9.512999999999999e-05,7.0,1.0
9.514e-05,7.0,1.0
9.515000000000001e-05,5.0,1.0
9.515999999999999e-05,7.0,1.0
9.517e-05,5.0,1.0
9.518000000000001e-05,6.0,2.0
9.519e-05,6.0,1.0
9.520000000000001e-05,6.0,2.0
9.520999999999999e-05,6.0,2.0
9.522e-05,6.0,1.0
9.523000000000001e-05,6.0,3.0
9.523999999999999e-05,6.0,2.0
9.525e-05,7.0,2.0
9.526e-05,5.0,2.0
9.526999999999999e-05,7.0,2.0
9.528000000000001e-05,4.0,2.0
9.529e-05,6.0,2.0
9.53e-05,6.0,2.0
9.531000000000001e-05,6.0,2.0
9.531999999999999e-05,6.0,3.0
9.533e-05,5.0,2.0
9.534e-05,6.0,2.0
9.534999999999999e-05,7.0,2.0
9.536e-05,6.0,1.0
9.537000000000002e-05,4.0,2.0
9.538e-05,6.0,2.0
9.539e-05,6.0,1.0
9.540000000000001e-05,7.0,2.0
9.541e-05,6.0,1.0
9.542e-05,6.0,2.0
9.543e-05,5.0,2.0
9.544e-05,6.0,2.0
9.545e-05,7.0,2.0
9.545999999999998e-05,6.0,2.0
9.547e-05,6.0,1.0
9.548000000000001e-05,5.0,2.0
9.549e-05,7.0,1.0
9.55e-05,7.0,2.0
9.551000000000001e-05,7.0,2.0
9.552e-05,6.0,2.0
9.553e-05,5.0,2.0
9.554e-05,6.0,2.0
9.554999999999999e-05,4.0,1.0
9.556e-05,7.0,2.0
9.557e-05,8.0,1.0
9.558e-05,5.0,2.0
9.559000000000001e-05,6.0,1.0
9.559999999999999e-05,8.0,2.0
9.561e-05,5.0,3.0
9.562000000000001e-05,6.0,2.0
9.562999999999999e-05,6.0,1.0
9.564e-05,5.0,0.0
9.565e-05,7.0,0.0
9.565999999999999e-05,8.0,2.0
9.567000000000001e-05,8.0,2.0
9.568e-05,8.0,1.0
9.569e-05,4.0,2.0
9.570000000000001e-05,8.0,1.0
9.570999999999999e-05,7.0,2.0
9.572e-05,6.0,1.0
9.573e-05,7.0,1.0
9.573999999999999e-05,7.0,2.0
9.575e-05,9.0,1.0
9.576000000000002e-05,6.0,1.0
9.577e-05,8.0,1.0
9.578000000000001e-05,8.0,0.0
9.579e-05,5.0,1.0
9.58e-05,6.0,1.0
9.581e-05,8.0,0.0
9.581999999999999e-05,7.0,1.0
9.583e-05,5.0,1.0
9.584e-05,6.0,1.0
9.584999999999999e-05,6.0,1.0
9.586000000000001e-05,6.0,1.0
9.587000000000002e-05,6.0,1.0
9.588e-05,6.0,0.0
9.589e-05,6.0,0.0
9.59e-05,5.0,1.0
9.591e-05,7.0,0.0
9.592e-05,8.0,1.0
9.593e-05,6.0,1.0
9.593999999999999e-05,6.0,1.0
9.595e-05,7.0,0.0
9.596e-05,5.0,1.0
9.597e-05,5.0,1.0
9.598000000000001e-05,4.0,1.0
9.599e-05,7.0,0.0
9.6e-05,4.0,0.0
9.601000000000001e-05,6.0,1.0
9.601999999999999e-05,5.0,0.0
9.603e-05,8.0,1.0
9.604e-05,6.0,0.0
9.604999999999999e-05,6.0,1.0
9.606000000000001e-05,7.0,0.0
9.607e-05,5.0,0.0
9.608e-05,8.0,1.0
9.609000000000001e-05,4.0,1.0
9.609999999999999e-05,5.0,1.0
9.611e-05,6.0,1.0
9.612000000000001e-05,8.0,1.0
9.612999999999999e-05,7.0,1.0
9.614e-05,6.0,1.0
9.615e-05,5.0,1.0
9.616e-05,6.0,1.0
9.617000000000001e-05,5.0,1.0
9.618e-05,5.0,1.0
9.619e-05,5.0,1.0
9.620000000000001e-05,6.0,1.0
9.620999999999999e-05,3.0,1.0
9.622e-05,5.0,1.0
9.623e-05,7.0,1.0
9.623999999999999e-05,6.0,1.0
9.625000000000001e-05,9.0,1.0
9.626e-05,5.0,1.0
9.627e-05,6.0,1.0
9.628e-05,7.0,1.0
9.629e-05,6.0,1.0
9.63e-05,5.0,1.0
9.631e-05,7.0,1.0
9.631999999999999e-05,7.0,1.0
9.633e-05,6.0,2.0
9.634e-05,6.0,2.0
9.635e-05,6.0,2.0
9.636e-05,9.0,2.0
9.637000000000001e-05,7.0,1.0
9.638e-05,8.0,2.0
9.639e-05,4.0,2.0
9.64e-05,6.0,1.0
9.641e-05,6.0,2.0
9.642e-05,6.0,2.0
9.643e-05,8.0,2.0
9.643999999999999e-05,5.0,1.0
9.645000000000001e-05,7.0,1.0
9.646e-05,6.0,1.0
9.647e-05,8.0,1.0
9.648000000000001e-05,5.0,2.0
9.648999999999999e-05,6.0,1.0
9.65e-05,5.0,2.0
9.651e-05,6.0,1.0
9.651999999999999e-05,8.0,2.0
9.653e-05,6.0,2.0
9.654000000000001e-05,4.0,1.0
9.655e-05,5.0,2.0
9.656000000000001e-05,7.0,1.0
9.656999999999999e-05,5.0,2.0
9.658e-05,6.0,2.0
9.659000000000001e-05,5.0,2.0
9.659999999999999e-05,5.0,1.0
9.661e-05,6.0,2.0
9.662e-05,6.0,2.0
9.662999999999999e-05,5.0,1.0
9.664000000000001e-05,6.0,2.0
9.665e-05,6.0,2.0
9.666e-05,7.0,1.0
9.667000000000001e-05,5.0,2.0
9.668e-05,6.0,2.0
9.669e-05,5.0,3.0
9.67e-05,5.0,2.0
9.670999999999999e-05,7.0,2.0
9.672e-05,7.0,2.0
9.673e-05,5.0,2.0
9.674e-05,6.0,1.0
9.675000000000001e-05,6.0,2.0
9.676e-05,5.0,1.0
9.677e-05,7.0,2.0
9.678e-05,3.0,2.0
9.679e-05,7.0,1.0
9.68e-05,5.0,3.0
9.681e-05,5.0,3.0
9.681999999999998e-05,5.0,0.0
9.682999999999999e-05,5.0,1.0
9.684000000000001e-05,4.0,2.0
9.685e-05,5.0,1.0
9.686e-05,5.0,2.0
9.687e-05,6.0,2.0
9.688e-05,7.0,2.0
9.689e-05,6.0,2.0
9.69e-05,6.0,2.0
9.690999999999999e-05,4.0,1.0
9.692e-05,5.0,2.0
9.693000000000001e-05,6.0,1.0
9.694e-05,6.0,1.0
9.695000000000001e-05,5.0,1.0
9.696e-05,5.0,2.0
9.697e-05,5.0,3.0
9.698000000000001e-05,6.0,2.0
9.698999999999999e-05,6.0,2.0
9.7e-05,5.0,2.0
9.701e-05,7.0,2.0
9.701999999999999e-05,6.0,2.0
9.703000000000001e-05,6.0,3.0
9.704e-05,5.0,3.0
9.705e-05,6.0,2.0
9.706000000000001e-05,5.0,1.0
9.706999999999999e-05,7.0,1.0
9.708e-05,6.0,2.0
9.709000000000001e-05,7.0,2.0
9.709999999999999e-05,7.0,2.0
9.711e-05,10.0,2.0
9.711999999999999e-05,7.0,1.0
9.713e-05,7.0,2.0
9.714000000000001e-05,6.0,2.0
9.715e-05,7.0,1.0
9.716e-05,6.0,0.0
9.717e-05,5.0,1.0
9.718e-05,6.0,1.0
9.719e-05,6.0,1.0
9.72e-05,6.0,1.0
9.720999999999999e-05,8.0,2.0
9.722e-05,6.0,1.0
9.723000000000002e-05,6.0,1.0
9.724e-05,5.0,2.0
9.725e-05,6.0,2.0
9.726e-05,5.0,1.0
9.727e-05,6.0,1.0
9.728e-05,7.0,1.0
9.729e-05,5.0,1.0
9.73e-05,7.0,2.0
9.731e-05,7.0,2.0
9.732e-05,8.0,2.0
9.733e-05,7.0,2.0
9.734000000000001e-05,5.0,1.0
9.735e-05,5.0,2.0
9.736e-05,7.0,1.0
9.737e-05,7.0,2.0
9.737999999999999e-05,7.0,2.0
9.739e-05,6.0,2.0
9.74e-05,5.0,2.0
9.740999999999999e-05,7.0,2.0
9.742000000000001e-05,6.0,2.0
9.743000000000001e-05,5.0,1.0
9.744e-05,7.0,1.0
9.745000000000001e-05,7.0,2.0
9.745999999999999e-05,6.0,2.0
9.747e-05,6.0,3.0
9.748e-05,5.0,2.0
9.748999999999999e-05,7.0,2.0
9.75e-05,6.0,2.0
9.750999999999999e-05,7.0,2.0
9.752e-05,5.0,3.0
9.753000000000001e-05,6.0,1.0
9.754e-05,6.0,2.0
9.755e-05,6.0,2.0
9.756000000000001e-05,8.0,2.0
9.756999999999999e-05,7.0,2.0
9.758e-05,8.0,1.0
9.759e-05,5.0,3.0
9.759999999999999e-05,4.0,2.0
9.761000000000001e-05,8.0,2.0
9.762e-05,7.0,2.0
9.763e-05,6.0,2.0
9.764000000000001e-05,7.0,1.0
9.765e-05,7.0,2.0
9.766e-05,4.0,2.0
9.767e-05,6.0,1.0
9.768e-05,5.0,1.0
9.769e-05,4.0,2.0
9.77e-05,4.0,2.0
9.771e-05,4.0,2.0
9.772e-05,5.0,2.0
9.773e-05,5.0,2.0
9.774e-05,5.0,2.0
9.775e-05,5.0,1.0
9.776e-05,4.0,1.0
9.777e-05,4.0,2.0
9.778e-05,5.0,2.0
9.779e-05,5.0,2.0
9.779999999999999e-05,4.0,2.0
9.781000000000001e-05,3.0,2.0
9.782e-05,6.0,2.0
9.783e-05,5.0,2.0
9.784000000000001e-05,4.0,1.0
9.784999999999999e-05,5.0,2.0
9.786e-05,4.0,2.0
9.787e-05,4.0,2.0
9.787999999999999e-05,5.0,1.0
9.789e-05,3.0,2.0
9.79e-05,6.0,2.0
9.791e-05,4.0,1.0
9.792000000000001e-05,3.0,2.0
9.793e-05,4.0,2.0
9.794e-05,4.0,1.0
9.795000000000001e-05,5.0,2.0
9.795999999999999e-05,3.0,2.0
9.797e-05,4.0,2.0
9.798e-05,6.0,2.0
9.798999999999999e-05,5.0,1.0
9.800000000000001e-05,5.0,2.0
9.801e-05,5.0,2.0
9.802e-05,3.0,2.0
9.803000000000001e-05,4.0,2.0
9.804e-05,5.0,2.0
9.805e-05,4.0,2.0
9.806e-05,4.0,2.0
9.806999999999999e-05,4.0,2.0
9.808e-05,3.0,2.0
9.808999999999999e-05,4.0,2.0
9.81e-05,7.0,2.0
9.811000000000001e-05,6.0,2.0
9.812e-05,4.0,2.0
9.813e-05,3.0,2.0
9.814e-05,6.0,2.0
9.815e-05,5.0,1.0
9.816e-05,5.0,2.0
9.817e-05,4.0,2.0
9.818e-05,5.0,3.0
9.819e-05,3.0,2.0
9.820000000000002e-05,3.0,2.0
9.821e-05,4.0,2.0
9.822e-05,6.0,2.0
9.823e-05,4.0,2.0
9.824e-05,4.0,2.0
9.825e-05,4.0,2.0
9.826e-05,3.0,1.0
9.826999999999999e-05,4.0,2.0
9.828e-05,3.0,1.0
9.829e-05,4.0,2.0
9.83e-05,4.0,2.0
9.831000000000001e-05,4.0,3.0
9.832e-05,3.0,2.0
9.833e-05,4.0,3.0
9.834e-05,4.0,2.0
9.834999999999999e-05,4.0,2.0
9.836e-05,4.0,2.0
9.837e-05,6.0,2.0
9.837999999999999e-05,4.0,2.0
9.839000000000001e-05,4.0,1.0
9.84e-05,4.0,2.0
9.841e-05,3.0,2.0
9.842000000000001e-05,4.0,2.0
9.843e-05,4.0,2.0
9.844e-05,3.0,1.0
9.845000000000001e-05,6.0,1.0
9.845999999999999e-05,3.0,2.0
9.847e-05,4.0,2.0
9.847999999999999e-05,4.0,2.0
9.849e-05,4.0,2.0
9.850000000000001e-05,3.0,1.0
9.851e-05,4.0,0.0
9.852e-05,6.0,1.0
9.853000000000001e-05,4.0,0.0
9.854e-05,5.0,1.0
9.855e-05,5.0,1.0
9.856e-05,5.0,1.0
9.856999999999999e-05,5.0,2.0
9.858e-05,6.0,2.0
9.859e-05,6.0,1.0
9.86e-05,6.0,2.0
9.861e-05,4.0,1.0
9.862e-05,5.0,2.0
9.863e-05,6.0,2.0
9.864e-05,5.0,2.0
9.865e-05,5.0,2.0
9.866e-05,6.0,1.0
9.867e-05,5.0,2.0
9.868e-05,5.0,2.0
9.869e-05,7.0,1.0
9.87e-05,6.0,2.0
9.871e-05,6.0,2.0
9.872e-05,4.0,2.0
9.873e-05,5.0,2.0
9.873999999999999e-05,5.0,1.0
9.875e-05,4.0,2.0
9.876e-05,6.0,2.0
9.876999999999999e-05,5.0,2.0
9.878000000000001e-05,5.0,2.0
9.879000000000001e-05,5.0,2.0
9.88e-05,6.0,1.0
9.881000000000001e-05,5.0,2.0
9.881999999999999e-05,5.0,1.0
9.883e-05,5.0,2.0
9.884e-05,4.0,2.0
9.884999999999999e-05,6.0,2.0
9.886e-05,4.0,1.0
9.887e-05,4.0,3.0
9.888e-05,5.0,2.0
9.889000000000001e-05,5.0,2.0
9.89e-05,4.0,1.0
9.891e-05,5.0,2.0
9.892000000000001e-05,4.0,2.0
9.893e-05,6.0,2.0
9.894e-05,4.0,1.0
9.894999999999999e-05,6.0,2.0
9.895999999999999e-05,3.0,1.0
9.897e-05,4.0,1.0
9.898e-05,4.0,1.0
9.899e-05,5.0,2.0
9.900000000000001e-05,5.0,2.0
9.901e-05,5.0,2.0
9.902e-05,3.0,2.0
9.903e-05,4.0,2.0
9.904e-05,6.0,2.0
9.905e-05,4.0,2.0
9.906e-05,6.0,2.0
9.906999999999998e-05,5.0,2.0
9.908000000000001e-05,5.0,2.0
9.909e-05,3.0,2.0
9.91e-05,5.0,2.0
9.911e-05,7.0,0.0
9.912e-05,3.0,1.0
9.913e-05,3.0,1.0
9.914e-05,5.0,1.0
9.915e-05,5.0,2.0
9.915999999999999e-05,3.0,3.0
9.917000000000001e-05,7.0,1.0
9.918000000000001e-05,5.0,2.0
9.919e-05,6.0,2.0
9.92e-05,4.0,2.0
9.921e-05,5.0,1.0
9.922e-05,6.0,1.0
9.923e-05,5.0,3.0
9.923999999999999e-05,4.0,2.0
9.925e-05,4.0,2.0
9.926e-05,4.0,1.0
9.927e-05,4.0,1.0
9.928000000000001e-05,5.0,2.0
9.929e-05,7.0,2.0
9.93e-05,5.0,1.0
9.931e-05,5.0,2.0
9.931999999999999e-05,5.0,2.0
9.933e-05,6.0,2.0
9.934e-05,5.0,2.0
9.934999999999999e-05,6.0,1.0
9.936e-05,5.0,2.0
9.937e-05,5.0,3.0
9.938e-05,5.0,2.0
9.939000000000001e-05,4.0,2.0
9.94e-05,5.0,1.0
9.941e-05,5.0,2.0
9.942000000000001e-05,5.0,1.0
9.943e-05,5.0,2.0
9.944e-05,5.0,2.0
9.944999999999999e-05,5.0,2.0
9.945999999999999e-05,6.0,2.0
9.947000000000001e-05,5.0,2.0
9.948e-05,6.0,1.0
9.949e-05,4.0,1.0
9.95e-05,6.0,2.0
9.951e-05,5.0,2.0
9.952e-05,6.0,2.0
9.953e-05,4.0,2.0
9.954e-05,4.0,2.0
9.955e-05,4.0,2.0
9.956e-05,5.0,1.0
9.957e-05,5.0,1.0
9.958e-05,5.0,2.0
9.959e-05,6.0,3.0
9.96e-05,5.0,1.0
9.961e-05,4.0,2.0
9.962e-05,6.0,3.0
9.962999999999999e-05,3.0,2.0
9.964e-05,5.0,2.0
9.965e-05,3.0,1.0
9.966e-05,4.0,2.0
9.967000000000001e-05,7.0,2.0
9.968000000000001e-05,4.0,2.0
9.969e-05,5.0,2.0
9.97e-05,5.0,2.0
9.970999999999999e-05,4.0,2.0
9.972e-05,5.0,2.0
9.973e-05,6.0,1.0
9.973999999999999e-05,5.0,1.0
9.975e-05,6.0,2.0
9.976000000000001e-05,4.0,2.0
9.977e-05,5.0,1.0
9.978000000000001e-05,4.0,2.0
9.979e-05,4.0,2.0
9.98e-05,5.0,2.0
9.981e-05,5.0,1.0
9.981999999999999e-05,5.0,2.0
9.983e-05,4.0,2.0
9.983999999999999e-05,5.0,2.0
9.984999999999999e-05,4.0,2.0
9.986000000000001e-05,4.0,2.0
9.987e-05,5.0,2.0
9.988e-05,4.0,1.0
9.989000000000001e-05,5.0,2.0
9.99e-05,3.0,2.0
9.991e-05,4.0,2.0
9.991999999999999e-05,3.0,2.0
9.993e-05,5.0,2.0
9.994e-05,4.0,2.0
9.995e-05,4.0,1.0
9.996e-05,5.0,2.0
9.997e-05,4.0,2.0
9.998e-05,5.0,2.0
9.999e-05,4.0,3.0
0.0001,4.0,2.0
